"source","target","ligand","receptor","prob","pval","interaction_name","interaction_name_2","pathway_name","annotation","evidence","dataset"
"CD14+PPBP+ Monocytes","abTentry","ADGRE5","CD55",0.0434598483537268,0,"ADGRE5_CD55","ADGRE5 - CD55","ADGRE5","Cell-Cell Contact","PMID: 11297558","PBMC_Early"
"CD56highCD16low NK","abTentry","ADGRE5","CD55",0.0318695892141784,0,"ADGRE5_CD55","ADGRE5 - CD55","ADGRE5","Cell-Cell Contact","PMID: 11297558","PBMC_Early"
"Classical Monocytes","abTentry","ADGRE5","CD55",0.0514673629146997,0,"ADGRE5_CD55","ADGRE5 - CD55","ADGRE5","Cell-Cell Contact","PMID: 11297558","PBMC_Early"
"CX3CR1+ NK","abTentry","ADGRE5","CD55",0.0514429425130396,0,"ADGRE5_CD55","ADGRE5 - CD55","ADGRE5","Cell-Cell Contact","PMID: 11297558","PBMC_Early"
"CXCR6+ NK","abTentry","ADGRE5","CD55",0.0475000365360646,0,"ADGRE5_CD55","ADGRE5 - CD55","ADGRE5","Cell-Cell Contact","PMID: 11297558","PBMC_Early"
"DC2","abTentry","ADGRE5","CD55",0.0337163682577549,0,"ADGRE5_CD55","ADGRE5 - CD55","ADGRE5","Cell-Cell Contact","PMID: 11297558","PBMC_Early"
"Gamma Delta V1 T","abTentry","ADGRE5","CD55",0.0143589630947762,0,"ADGRE5_CD55","ADGRE5 - CD55","ADGRE5","Cell-Cell Contact","PMID: 11297558","PBMC_Early"
"Gamma Delta V2 T","abTentry","ADGRE5","CD55",0.0158555528369232,0,"ADGRE5_CD55","ADGRE5 - CD55","ADGRE5","Cell-Cell Contact","PMID: 11297558","PBMC_Early"
"HSC_MPP","abTentry","ADGRE5","CD55",0.00607231256995364,0,"ADGRE5_CD55","ADGRE5 - CD55","ADGRE5","Cell-Cell Contact","PMID: 11297558","PBMC_Early"
"ILC2/3","abTentry","ADGRE5","CD55",0.0155073196187465,0,"ADGRE5_CD55","ADGRE5 - CD55","ADGRE5","Cell-Cell Contact","PMID: 11297558","PBMC_Early"
"Myeloid-CD177","abTentry","ADGRE5","CD55",0.0317997080907179,0,"ADGRE5_CD55","ADGRE5 - CD55","ADGRE5","Cell-Cell Contact","PMID: 11297558","PBMC_Early"
"Naïve CD4 T","abTentry","ADGRE5","CD55",0.0135609424199593,0,"ADGRE5_CD55","ADGRE5 - CD55","ADGRE5","Cell-Cell Contact","PMID: 11297558","PBMC_Early"
"Naïve CD8 T","abTentry","ADGRE5","CD55",0.0126091251837297,0,"ADGRE5_CD55","ADGRE5 - CD55","ADGRE5","Cell-Cell Contact","PMID: 11297558","PBMC_Early"
"NK T","abTentry","ADGRE5","CD55",0.0180422967429624,0,"ADGRE5_CD55","ADGRE5 - CD55","ADGRE5","Cell-Cell Contact","PMID: 11297558","PBMC_Early"
"pDC","abTentry","ADGRE5","CD55",0.0132339336552463,0,"ADGRE5_CD55","ADGRE5 - CD55","ADGRE5","Cell-Cell Contact","PMID: 11297558","PBMC_Early"
"Tem","abTentry","ADGRE5","CD55",0.0150962800843507,0,"ADGRE5_CD55","ADGRE5 - CD55","ADGRE5","Cell-Cell Contact","PMID: 11297558","PBMC_Early"
"Th17like_INNATE_T","abTentry","ADGRE5","CD55",0.0165242443372382,0,"ADGRE5_CD55","ADGRE5 - CD55","ADGRE5","Cell-Cell Contact","PMID: 11297558","PBMC_Early"
"Treg","abTentry","ADGRE5","CD55",0.013303886995655,0,"ADGRE5_CD55","ADGRE5 - CD55","ADGRE5","Cell-Cell Contact","PMID: 11297558","PBMC_Early"
"CD14+PPBP+ Monocytes","CD14+PPBP+ Monocytes","ADGRE5","CD55",0.0334982722164467,0,"ADGRE5_CD55","ADGRE5 - CD55","ADGRE5","Cell-Cell Contact","PMID: 11297558","PBMC_Early"
"CD56highCD16low NK","CD14+PPBP+ Monocytes","ADGRE5","CD55",0.0244966192991579,0,"ADGRE5_CD55","ADGRE5 - CD55","ADGRE5","Cell-Cell Contact","PMID: 11297558","PBMC_Early"
"Classical Monocytes","CD14+PPBP+ Monocytes","ADGRE5","CD55",0.0397466244220754,0,"ADGRE5_CD55","ADGRE5 - CD55","ADGRE5","Cell-Cell Contact","PMID: 11297558","PBMC_Early"
"CX3CR1+ NK","CD14+PPBP+ Monocytes","ADGRE5","CD55",0.0397275323900144,0,"ADGRE5_CD55","ADGRE5 - CD55","ADGRE5","Cell-Cell Contact","PMID: 11297558","PBMC_Early"
"CXCR6+ NK","CD14+PPBP+ Monocytes","ADGRE5","CD55",0.0366478757319488,0,"ADGRE5_CD55","ADGRE5 - CD55","ADGRE5","Cell-Cell Contact","PMID: 11297558","PBMC_Early"
"DC2","CD14+PPBP+ Monocytes","ADGRE5","CD55",0.0259275916542825,0,"ADGRE5_CD55","ADGRE5 - CD55","ADGRE5","Cell-Cell Contact","PMID: 11297558","PBMC_Early"
"Gamma Delta V1 T","CD14+PPBP+ Monocytes","ADGRE5","CD55",0.0109910527866575,0,"ADGRE5_CD55","ADGRE5 - CD55","ADGRE5","Cell-Cell Contact","PMID: 11297558","PBMC_Early"
"Gamma Delta V2 T","CD14+PPBP+ Monocytes","ADGRE5","CD55",0.0121409396687149,0,"ADGRE5_CD55","ADGRE5 - CD55","ADGRE5","Cell-Cell Contact","PMID: 11297558","PBMC_Early"
"HSC_MPP","CD14+PPBP+ Monocytes","ADGRE5","CD55",0.0046388973844918,0,"ADGRE5_CD55","ADGRE5 - CD55","ADGRE5","Cell-Cell Contact","PMID: 11297558","PBMC_Early"
"ILC2/3","CD14+PPBP+ Monocytes","ADGRE5","CD55",0.0118733056911735,0,"ADGRE5_CD55","ADGRE5 - CD55","ADGRE5","Cell-Cell Contact","PMID: 11297558","PBMC_Early"
"Myeloid-CD177","CD14+PPBP+ Monocytes","ADGRE5","CD55",0.0244424968763245,0,"ADGRE5_CD55","ADGRE5 - CD55","ADGRE5","Cell-Cell Contact","PMID: 11297558","PBMC_Early"
"Naïve CD4 T","CD14+PPBP+ Monocytes","ADGRE5","CD55",0.0103782378604013,0,"ADGRE5_CD55","ADGRE5 - CD55","ADGRE5","Cell-Cell Contact","PMID: 11297558","PBMC_Early"
"Naïve CD8 T","CD14+PPBP+ Monocytes","ADGRE5","CD55",0.00964762392437347,0,"ADGRE5_CD55","ADGRE5 - CD55","ADGRE5","Cell-Cell Contact","PMID: 11297558","PBMC_Early"
"NK T","CD14+PPBP+ Monocytes","ADGRE5","CD55",0.0138225722501798,0,"ADGRE5_CD55","ADGRE5 - CD55","ADGRE5","Cell-Cell Contact","PMID: 11297558","PBMC_Early"
"pDC","CD14+PPBP+ Monocytes","ADGRE5","CD55",0.0101271889558768,0,"ADGRE5_CD55","ADGRE5 - CD55","ADGRE5","Cell-Cell Contact","PMID: 11297558","PBMC_Early"
"Tem","CD14+PPBP+ Monocytes","ADGRE5","CD55",0.0115574591270792,0,"ADGRE5_CD55","ADGRE5 - CD55","ADGRE5","Cell-Cell Contact","PMID: 11297558","PBMC_Early"
"Th17like_INNATE_T","CD14+PPBP+ Monocytes","ADGRE5","CD55",0.0126549856804042,0,"ADGRE5_CD55","ADGRE5 - CD55","ADGRE5","Cell-Cell Contact","PMID: 11297558","PBMC_Early"
"Treg","CD14+PPBP+ Monocytes","ADGRE5","CD55",0.010180889765687,0,"ADGRE5_CD55","ADGRE5 - CD55","ADGRE5","Cell-Cell Contact","PMID: 11297558","PBMC_Early"
"CD14+PPBP+ Monocytes","Classical Monocytes","ADGRE5","CD55",0.0371960439145533,0,"ADGRE5_CD55","ADGRE5 - CD55","ADGRE5","Cell-Cell Contact","PMID: 11297558","PBMC_Early"
"CD56highCD16low NK","Classical Monocytes","ADGRE5","CD55",0.0272287200680332,0,"ADGRE5_CD55","ADGRE5 - CD55","ADGRE5","Cell-Cell Contact","PMID: 11297558","PBMC_Early"
"Classical Monocytes","Classical Monocytes","ADGRE5","CD55",0.0441026590668369,0,"ADGRE5_CD55","ADGRE5 - CD55","ADGRE5","Cell-Cell Contact","PMID: 11297558","PBMC_Early"
"CX3CR1+ NK","Classical Monocytes","ADGRE5","CD55",0.0440815706956944,0,"ADGRE5_CD55","ADGRE5 - CD55","ADGRE5","Cell-Cell Contact","PMID: 11297558","PBMC_Early"
"CXCR6+ NK","Classical Monocytes","ADGRE5","CD55",0.0406786893658104,0,"ADGRE5_CD55","ADGRE5 - CD55","ADGRE5","Cell-Cell Contact","PMID: 11297558","PBMC_Early"
"DC2","Classical Monocytes","ADGRE5","CD55",0.0288145741805029,0,"ADGRE5_CD55","ADGRE5 - CD55","ADGRE5","Cell-Cell Contact","PMID: 11297558","PBMC_Early"
"Gamma Delta V1 T","Classical Monocytes","ADGRE5","CD55",0.0122357749054599,0,"ADGRE5_CD55","ADGRE5 - CD55","ADGRE5","Cell-Cell Contact","PMID: 11297558","PBMC_Early"
"Gamma Delta V2 T","Classical Monocytes","ADGRE5","CD55",0.0135141055413843,0,"ADGRE5_CD55","ADGRE5 - CD55","ADGRE5","Cell-Cell Contact","PMID: 11297558","PBMC_Early"
"HSC_MPP","Classical Monocytes","ADGRE5","CD55",0.00516800538742656,0,"ADGRE5_CD55","ADGRE5 - CD55","ADGRE5","Cell-Cell Contact","PMID: 11297558","PBMC_Early"
"ILC2/3","Classical Monocytes","ADGRE5","CD55",0.0132166065798656,0,"ADGRE5_CD55","ADGRE5 - CD55","ADGRE5","Cell-Cell Contact","PMID: 11297558","PBMC_Early"
"Myeloid-CD177","Classical Monocytes","ADGRE5","CD55",0.0271687295029744,0,"ADGRE5_CD55","ADGRE5 - CD55","ADGRE5","Cell-Cell Contact","PMID: 11297558","PBMC_Early"
"Naïve CD4 T","Classical Monocytes","ADGRE5","CD55",0.0115543702935925,0,"ADGRE5_CD55","ADGRE5 - CD55","ADGRE5","Cell-Cell Contact","PMID: 11297558","PBMC_Early"
"Naïve CD8 T","Classical Monocytes","ADGRE5","CD55",0.0107418569548963,0,"ADGRE5_CD55","ADGRE5 - CD55","ADGRE5","Cell-Cell Contact","PMID: 11297558","PBMC_Early"
"NK T","Classical Monocytes","ADGRE5","CD55",0.0153829725720169,0,"ADGRE5_CD55","ADGRE5 - CD55","ADGRE5","Cell-Cell Contact","PMID: 11297558","PBMC_Early"
"pDC","Classical Monocytes","ADGRE5","CD55",0.0112751949711624,0,"ADGRE5_CD55","ADGRE5 - CD55","ADGRE5","Cell-Cell Contact","PMID: 11297558","PBMC_Early"
"Tem","Classical Monocytes","ADGRE5","CD55",0.0128654915859206,0,"ADGRE5_CD55","ADGRE5 - CD55","ADGRE5","Cell-Cell Contact","PMID: 11297558","PBMC_Early"
"Th17like_INNATE_T","Classical Monocytes","ADGRE5","CD55",0.014085462251651,0,"ADGRE5_CD55","ADGRE5 - CD55","ADGRE5","Cell-Cell Contact","PMID: 11297558","PBMC_Early"
"Treg","Classical Monocytes","ADGRE5","CD55",0.0113349135337188,0,"ADGRE5_CD55","ADGRE5 - CD55","ADGRE5","Cell-Cell Contact","PMID: 11297558","PBMC_Early"
"CD14+PPBP+ Monocytes","CX3CR1+ NK","ADGRE5","CD55",0.0100854531923121,0,"ADGRE5_CD55","ADGRE5 - CD55","ADGRE5","Cell-Cell Contact","PMID: 11297558","PBMC_Early"
"CD56highCD16low NK","CX3CR1+ NK","ADGRE5","CD55",0.00732759173067517,0,"ADGRE5_CD55","ADGRE5 - CD55","ADGRE5","Cell-Cell Contact","PMID: 11297558","PBMC_Early"
"Classical Monocytes","CX3CR1+ NK","ADGRE5","CD55",0.0120209853439536,0,"ADGRE5_CD55","ADGRE5 - CD55","ADGRE5","Cell-Cell Contact","PMID: 11297558","PBMC_Early"
"CX3CR1+ NK","CX3CR1+ NK","ADGRE5","CD55",0.0120150445043664,0,"ADGRE5_CD55","ADGRE5 - CD55","ADGRE5","Cell-Cell Contact","PMID: 11297558","PBMC_Early"
"CXCR6+ NK","CX3CR1+ NK","ADGRE5","CD55",0.0110589045657383,0,"ADGRE5_CD55","ADGRE5 - CD55","ADGRE5","Cell-Cell Contact","PMID: 11297558","PBMC_Early"
"DC2","CX3CR1+ NK","ADGRE5","CD55",0.00776361559663907,0,"ADGRE5_CD55","ADGRE5 - CD55","ADGRE5","Cell-Cell Contact","PMID: 11297558","PBMC_Early"
"Gamma Delta V2 T","CX3CR1+ NK","ADGRE5","CD55",0.00359972307760019,0,"ADGRE5_CD55","ADGRE5 - CD55","ADGRE5","Cell-Cell Contact","PMID: 11297558","PBMC_Early"
"HSC_MPP","CX3CR1+ NK","ADGRE5","CD55",0.00136809884173714,0,"ADGRE5_CD55","ADGRE5 - CD55","ADGRE5","Cell-Cell Contact","PMID: 11297558","PBMC_Early"
"Myeloid-CD177","CX3CR1+ NK","ADGRE5","CD55",0.00731111797482306,0,"ADGRE5_CD55","ADGRE5 - CD55","ADGRE5","Cell-Cell Contact","PMID: 11297558","PBMC_Early"
"Naïve CD4 T","CX3CR1+ NK","ADGRE5","CD55",0.00307323364245859,0,"ADGRE5_CD55","ADGRE5 - CD55","ADGRE5","Cell-Cell Contact","PMID: 11297558","PBMC_Early"
"Naïve CD8 T","CX3CR1+ NK","ADGRE5","CD55",0.00285539831894742,0,"ADGRE5_CD55","ADGRE5 - CD55","ADGRE5","Cell-Cell Contact","PMID: 11297558","PBMC_Early"
"NK T","CX3CR1+ NK","ADGRE5","CD55",0.00410323199846197,0,"ADGRE5_CD55","ADGRE5 - CD55","ADGRE5","Cell-Cell Contact","PMID: 11297558","PBMC_Early"
"pDC","CX3CR1+ NK","ADGRE5","CD55",0.002998356930056,0.02,"ADGRE5_CD55","ADGRE5 - CD55","ADGRE5","Cell-Cell Contact","PMID: 11297558","PBMC_Early"
"Th17like_INNATE_T","CX3CR1+ NK","ADGRE5","CD55",0.0037535090249976,0,"ADGRE5_CD55","ADGRE5 - CD55","ADGRE5","Cell-Cell Contact","PMID: 11297558","PBMC_Early"
"Treg","CX3CR1+ NK","ADGRE5","CD55",0.00301437124319262,0,"ADGRE5_CD55","ADGRE5 - CD55","ADGRE5","Cell-Cell Contact","PMID: 11297558","PBMC_Early"
"CD14+PPBP+ Monocytes","CXCR5- Naïve B","ADGRE5","CD55",0.0497243807181481,0,"ADGRE5_CD55","ADGRE5 - CD55","ADGRE5","Cell-Cell Contact","PMID: 11297558","PBMC_Early"
"CD56highCD16low NK","CXCR5- Naïve B","ADGRE5","CD55",0.0365272383595327,0,"ADGRE5_CD55","ADGRE5 - CD55","ADGRE5","Cell-Cell Contact","PMID: 11297558","PBMC_Early"
"Classical Monocytes","CXCR5- Naïve B","ADGRE5","CD55",0.0588151692158246,0,"ADGRE5_CD55","ADGRE5 - CD55","ADGRE5","Cell-Cell Contact","PMID: 11297558","PBMC_Early"
"CX3CR1+ NK","CXCR5- Naïve B","ADGRE5","CD55",0.058787478481438,0,"ADGRE5_CD55","ADGRE5 - CD55","ADGRE5","Cell-Cell Contact","PMID: 11297558","PBMC_Early"
"CXCR6+ NK","CXCR5- Naïve B","ADGRE5","CD55",0.0543138748609378,0,"ADGRE5_CD55","ADGRE5 - CD55","ADGRE5","Cell-Cell Contact","PMID: 11297558","PBMC_Early"
"DC2","CXCR5- Naïve B","ADGRE5","CD55",0.0386331484772763,0,"ADGRE5_CD55","ADGRE5 - CD55","ADGRE5","Cell-Cell Contact","PMID: 11297558","PBMC_Early"
"Gamma Delta V1 T","CXCR5- Naïve B","ADGRE5","CD55",0.016501102943938,0,"ADGRE5_CD55","ADGRE5 - CD55","ADGRE5","Cell-Cell Contact","PMID: 11297558","PBMC_Early"
"Gamma Delta V2 T","CXCR5- Naïve B","ADGRE5","CD55",0.0182168347139783,0,"ADGRE5_CD55","ADGRE5 - CD55","ADGRE5","Cell-Cell Contact","PMID: 11297558","PBMC_Early"
"HSC_MPP","CXCR5- Naïve B","ADGRE5","CD55",0.00698697307818427,0,"ADGRE5_CD55","ADGRE5 - CD55","ADGRE5","Cell-Cell Contact","PMID: 11297558","PBMC_Early"
"ILC2/3","CXCR5- Naïve B","ADGRE5","CD55",0.0178176799235645,0,"ADGRE5_CD55","ADGRE5 - CD55","ADGRE5","Cell-Cell Contact","PMID: 11297558","PBMC_Early"
"Myeloid-CD177","CXCR5- Naïve B","ADGRE5","CD55",0.0364475287995474,0,"ADGRE5_CD55","ADGRE5 - CD55","ADGRE5","Cell-Cell Contact","PMID: 11297558","PBMC_Early"
"Naïve CD4 T","CXCR5- Naïve B","ADGRE5","CD55",0.0155859122444455,0,"ADGRE5_CD55","ADGRE5 - CD55","ADGRE5","Cell-Cell Contact","PMID: 11297558","PBMC_Early"
"Naïve CD8 T","CXCR5- Naïve B","ADGRE5","CD55",0.0144940544991831,0,"ADGRE5_CD55","ADGRE5 - CD55","ADGRE5","Cell-Cell Contact","PMID: 11297558","PBMC_Early"
"NK T","CXCR5- Naïve B","ADGRE5","CD55",0.0207223814090668,0,"ADGRE5_CD55","ADGRE5 - CD55","ADGRE5","Cell-Cell Contact","PMID: 11297558","PBMC_Early"
"pDC","CXCR5- Naïve B","ADGRE5","CD55",0.0152108262854178,0,"ADGRE5_CD55","ADGRE5 - CD55","ADGRE5","Cell-Cell Contact","PMID: 11297558","PBMC_Early"
"Tem","CXCR5- Naïve B","ADGRE5","CD55",0.0173464806133625,0,"ADGRE5_CD55","ADGRE5 - CD55","ADGRE5","Cell-Cell Contact","PMID: 11297558","PBMC_Early"
"Th17like_INNATE_T","CXCR5- Naïve B","ADGRE5","CD55",0.0189831899386142,0,"ADGRE5_CD55","ADGRE5 - CD55","ADGRE5","Cell-Cell Contact","PMID: 11297558","PBMC_Early"
"Treg","CXCR5- Naïve B","ADGRE5","CD55",0.015291067366522,0,"ADGRE5_CD55","ADGRE5 - CD55","ADGRE5","Cell-Cell Contact","PMID: 11297558","PBMC_Early"
"CD14+PPBP+ Monocytes","CXCR5+ Naïve B","ADGRE5","CD55",0.0419973641174493,0,"ADGRE5_CD55","ADGRE5 - CD55","ADGRE5","Cell-Cell Contact","PMID: 11297558","PBMC_Early"
"CD56highCD16low NK","CXCR5+ Naïve B","ADGRE5","CD55",0.0307845809069613,0,"ADGRE5_CD55","ADGRE5 - CD55","ADGRE5","Cell-Cell Contact","PMID: 11297558","PBMC_Early"
"Classical Monocytes","CXCR5+ Naïve B","ADGRE5","CD55",0.0497494294545762,0,"ADGRE5_CD55","ADGRE5 - CD55","ADGRE5","Cell-Cell Contact","PMID: 11297558","PBMC_Early"
"CX3CR1+ NK","CXCR5+ Naïve B","ADGRE5","CD55",0.0497257814512398,0,"ADGRE5_CD55","ADGRE5 - CD55","ADGRE5","Cell-Cell Contact","PMID: 11297558","PBMC_Early"
"CXCR6+ NK","CXCR5+ Naïve B","ADGRE5","CD55",0.0459081195138124,0,"ADGRE5_CD55","ADGRE5 - CD55","ADGRE5","Cell-Cell Contact","PMID: 11297558","PBMC_Early"
"DC2","CXCR5+ Naïve B","ADGRE5","CD55",0.0325706011446547,0,"ADGRE5_CD55","ADGRE5 - CD55","ADGRE5","Cell-Cell Contact","PMID: 11297558","PBMC_Early"
"Gamma Delta V1 T","CXCR5+ Naïve B","ADGRE5","CD55",0.013861572871244,0,"ADGRE5_CD55","ADGRE5 - CD55","ADGRE5","Cell-Cell Contact","PMID: 11297558","PBMC_Early"
"Gamma Delta V2 T","CXCR5+ Naïve B","ADGRE5","CD55",0.0153071262922201,0,"ADGRE5_CD55","ADGRE5 - CD55","ADGRE5","Cell-Cell Contact","PMID: 11297558","PBMC_Early"
"HSC_MPP","CXCR5+ Naïve B","ADGRE5","CD55",0.00586026278558312,0,"ADGRE5_CD55","ADGRE5 - CD55","ADGRE5","Cell-Cell Contact","PMID: 11297558","PBMC_Early"
"ILC2/3","CXCR5+ Naïve B","ADGRE5","CD55",0.0149707548589576,0,"ADGRE5_CD55","ADGRE5 - CD55","ADGRE5","Cell-Cell Contact","PMID: 11297558","PBMC_Early"
"Myeloid-CD177","CXCR5+ Naïve B","ADGRE5","CD55",0.030717003419064,0,"ADGRE5_CD55","ADGRE5 - CD55","ADGRE5","Cell-Cell Contact","PMID: 11297558","PBMC_Early"
"Naïve CD4 T","CXCR5+ Naïve B","ADGRE5","CD55",0.013090828251767,0,"ADGRE5_CD55","ADGRE5 - CD55","ADGRE5","Cell-Cell Contact","PMID: 11297558","PBMC_Early"
"Naïve CD8 T","CXCR5+ Naïve B","ADGRE5","CD55",0.0121716003108683,0,"ADGRE5_CD55","ADGRE5 - CD55","ADGRE5","Cell-Cell Contact","PMID: 11297558","PBMC_Early"
"NK T","CXCR5+ Naïve B","ADGRE5","CD55",0.0174195718686008,0,"ADGRE5_CD55","ADGRE5 - CD55","ADGRE5","Cell-Cell Contact","PMID: 11297558","PBMC_Early"
"pDC","CXCR5+ Naïve B","ADGRE5","CD55",0.0127750090142467,0,"ADGRE5_CD55","ADGRE5 - CD55","ADGRE5","Cell-Cell Contact","PMID: 11297558","PBMC_Early"
"Tem","CXCR5+ Naïve B","ADGRE5","CD55",0.0145737270609228,0,"ADGRE5_CD55","ADGRE5 - CD55","ADGRE5","Cell-Cell Contact","PMID: 11297558","PBMC_Early"
"Th17like_INNATE_T","CXCR5+ Naïve B","ADGRE5","CD55",0.0159530633998906,0,"ADGRE5_CD55","ADGRE5 - CD55","ADGRE5","Cell-Cell Contact","PMID: 11297558","PBMC_Early"
"Treg","CXCR5+ Naïve B","ADGRE5","CD55",0.0128425680934997,0,"ADGRE5_CD55","ADGRE5 - CD55","ADGRE5","Cell-Cell Contact","PMID: 11297558","PBMC_Early"
"CD14+PPBP+ Monocytes","DC2","ADGRE5","CD55",0.0327629792599275,0,"ADGRE5_CD55","ADGRE5 - CD55","ADGRE5","Cell-Cell Contact","PMID: 11297558","PBMC_Early"
"CD56highCD16low NK","DC2","ADGRE5","CD55",0.0239540171383222,0,"ADGRE5_CD55","ADGRE5 - CD55","ADGRE5","Cell-Cell Contact","PMID: 11297558","PBMC_Early"
"Classical Monocytes","DC2","ADGRE5","CD55",0.0388796963011469,0,"ADGRE5_CD55","ADGRE5 - CD55","ADGRE5","Cell-Cell Contact","PMID: 11297558","PBMC_Early"
"CX3CR1+ NK","DC2","ADGRE5","CD55",0.0388610038399054,0,"ADGRE5_CD55","ADGRE5 - CD55","ADGRE5","Cell-Cell Contact","PMID: 11297558","PBMC_Early"
"CXCR6+ NK","DC2","ADGRE5","CD55",0.0358460125084162,0,"ADGRE5_CD55","ADGRE5 - CD55","ADGRE5","Cell-Cell Contact","PMID: 11297558","PBMC_Early"
"DC2","DC2","ADGRE5","CD55",0.0253541171450218,0,"ADGRE5_CD55","ADGRE5 - CD55","ADGRE5","Cell-Cell Contact","PMID: 11297558","PBMC_Early"
"Gamma Delta V1 T","DC2","ADGRE5","CD55",0.0107443051848372,0,"ADGRE5_CD55","ADGRE5 - CD55","ADGRE5","Cell-Cell Contact","PMID: 11297558","PBMC_Early"
"Gamma Delta V2 T","DC2","ADGRE5","CD55",0.0118686870595326,0,"ADGRE5_CD55","ADGRE5 - CD55","ADGRE5","Cell-Cell Contact","PMID: 11297558","PBMC_Early"
"HSC_MPP","DC2","ADGRE5","CD55",0.00453410101421114,0,"ADGRE5_CD55","ADGRE5 - CD55","ADGRE5","Cell-Cell Contact","PMID: 11297558","PBMC_Early"
"ILC2/3","DC2","ADGRE5","CD55",0.0116069840827727,0,"ADGRE5_CD55","ADGRE5 - CD55","ADGRE5","Cell-Cell Contact","PMID: 11297558","PBMC_Early"
"Myeloid-CD177","DC2","ADGRE5","CD55",0.0239010641591594,0,"ADGRE5_CD55","ADGRE5 - CD55","ADGRE5","Cell-Cell Contact","PMID: 11297558","PBMC_Early"
"Naïve CD4 T","DC2","ADGRE5","CD55",0.0101451067446745,0,"ADGRE5_CD55","ADGRE5 - CD55","ADGRE5","Cell-Cell Contact","PMID: 11297558","PBMC_Early"
"Naïve CD8 T","DC2","ADGRE5","CD55",0.009430748522784,0,"ADGRE5_CD55","ADGRE5 - CD55","ADGRE5","Cell-Cell Contact","PMID: 11297558","PBMC_Early"
"NK T","DC2","ADGRE5","CD55",0.0135131259693543,0,"ADGRE5_CD55","ADGRE5 - CD55","ADGRE5","Cell-Cell Contact","PMID: 11297558","PBMC_Early"
"pDC","DC2","ADGRE5","CD55",0.00989964085303007,0,"ADGRE5_CD55","ADGRE5 - CD55","ADGRE5","Cell-Cell Contact","PMID: 11297558","PBMC_Early"
"Tem","DC2","ADGRE5","CD55",0.0112981410427606,0,"ADGRE5_CD55","ADGRE5 - CD55","ADGRE5","Cell-Cell Contact","PMID: 11297558","PBMC_Early"
"Th17like_INNATE_T","DC2","ADGRE5","CD55",0.0123713502855559,0,"ADGRE5_CD55","ADGRE5 - CD55","ADGRE5","Cell-Cell Contact","PMID: 11297558","PBMC_Early"
"Treg","DC2","ADGRE5","CD55",0.00995214718895034,0,"ADGRE5_CD55","ADGRE5 - CD55","ADGRE5","Cell-Cell Contact","PMID: 11297558","PBMC_Early"
"CD14+PPBP+ Monocytes","Early_ERY","ADGRE5","CD55",0.00263738527592755,0.02,"ADGRE5_CD55","ADGRE5 - CD55","ADGRE5","Cell-Cell Contact","PMID: 11297558","PBMC_Early"
"CD56highCD16low NK","Early_ERY","ADGRE5","CD55",0.00191225944564484,0.04,"ADGRE5_CD55","ADGRE5 - CD55","ADGRE5","Cell-Cell Contact","PMID: 11297558","PBMC_Early"
"Classical Monocytes","Early_ERY","ADGRE5","CD55",0.00314808012637001,0,"ADGRE5_CD55","ADGRE5 - CD55","ADGRE5","Cell-Cell Contact","PMID: 11297558","PBMC_Early"
"CX3CR1+ NK","Early_ERY","ADGRE5","CD55",0.00314651036174491,0,"ADGRE5_CD55","ADGRE5 - CD55","ADGRE5","Cell-Cell Contact","PMID: 11297558","PBMC_Early"
"CXCR6+ NK","Early_ERY","ADGRE5","CD55",0.00289404829917196,0,"ADGRE5_CD55","ADGRE5 - CD55","ADGRE5","Cell-Cell Contact","PMID: 11297558","PBMC_Early"
"DC2","Early_ERY","ADGRE5","CD55",0.00202670517308622,0,"ADGRE5_CD55","ADGRE5 - CD55","ADGRE5","Cell-Cell Contact","PMID: 11297558","PBMC_Early"
"Gamma Delta V2 T","Early_ERY","ADGRE5","CD55",0.000936808864348611,0,"ADGRE5_CD55","ADGRE5 - CD55","ADGRE5","Cell-Cell Contact","PMID: 11297558","PBMC_Early"
"HSC_MPP","Early_ERY","ADGRE5","CD55",0.000355451557944886,0,"ADGRE5_CD55","ADGRE5 - CD55","ADGRE5","Cell-Cell Contact","PMID: 11297558","PBMC_Early"
"Myeloid-CD177","Early_ERY","ADGRE5","CD55",0.00190793693948962,0.02,"ADGRE5_CD55","ADGRE5 - CD55","ADGRE5","Cell-Cell Contact","PMID: 11297558","PBMC_Early"
"Naïve CD4 T","Early_ERY","ADGRE5","CD55",0.000799480276323537,0,"ADGRE5_CD55","ADGRE5 - CD55","ADGRE5","Cell-Cell Contact","PMID: 11297558","PBMC_Early"
"Naïve CD8 T","Early_ERY","ADGRE5","CD55",0.000742691871326369,0,"ADGRE5_CD55","ADGRE5 - CD55","ADGRE5","Cell-Cell Contact","PMID: 11297558","PBMC_Early"
"NK T","Early_ERY","ADGRE5","CD55",0.00106824372391432,0.04,"ADGRE5_CD55","ADGRE5 - CD55","ADGRE5","Cell-Cell Contact","PMID: 11297558","PBMC_Early"
"Th17like_INNATE_T","Early_ERY","ADGRE5","CD55",0.00097694238496813,0,"ADGRE5_CD55","ADGRE5 - CD55","ADGRE5","Cell-Cell Contact","PMID: 11297558","PBMC_Early"
"Treg","Early_ERY","ADGRE5","CD55",0.00078413338001297,0,"ADGRE5_CD55","ADGRE5 - CD55","ADGRE5","Cell-Cell Contact","PMID: 11297558","PBMC_Early"
"CD14+PPBP+ Monocytes","Gamma Delta V1 T","ADGRE5","CD55",0.0114208647960834,0,"ADGRE5_CD55","ADGRE5 - CD55","ADGRE5","Cell-Cell Contact","PMID: 11297558","PBMC_Early"
"CD56highCD16low NK","Gamma Delta V1 T","ADGRE5","CD55",0.00830089788915181,0,"ADGRE5_CD55","ADGRE5 - CD55","ADGRE5","Cell-Cell Contact","PMID: 11297558","PBMC_Early"
"Classical Monocytes","Gamma Delta V1 T","ADGRE5","CD55",0.0136091568030548,0,"ADGRE5_CD55","ADGRE5 - CD55","ADGRE5","Cell-Cell Contact","PMID: 11297558","PBMC_Early"
"CX3CR1+ NK","Gamma Delta V1 T","ADGRE5","CD55",0.0136024418862977,0,"ADGRE5_CD55","ADGRE5 - CD55","ADGRE5","Cell-Cell Contact","PMID: 11297558","PBMC_Early"
"CXCR6+ NK","Gamma Delta V1 T","ADGRE5","CD55",0.0125215801471341,0,"ADGRE5_CD55","ADGRE5 - CD55","ADGRE5","Cell-Cell Contact","PMID: 11297558","PBMC_Early"
"DC2","Gamma Delta V1 T","ADGRE5","CD55",0.00879432465128561,0,"ADGRE5_CD55","ADGRE5 - CD55","ADGRE5","Cell-Cell Contact","PMID: 11297558","PBMC_Early"
"Gamma Delta V2 T","Gamma Delta V1 T","ADGRE5","CD55",0.00407990065589749,0,"ADGRE5_CD55","ADGRE5 - CD55","ADGRE5","Cell-Cell Contact","PMID: 11297558","PBMC_Early"
"HSC_MPP","Gamma Delta V1 T","ADGRE5","CD55",0.00155105693445378,0,"ADGRE5_CD55","ADGRE5 - CD55","ADGRE5","Cell-Cell Contact","PMID: 11297558","PBMC_Early"
"Myeloid-CD177","Gamma Delta V1 T","ADGRE5","CD55",0.00828225422119115,0,"ADGRE5_CD55","ADGRE5 - CD55","ADGRE5","Cell-Cell Contact","PMID: 11297558","PBMC_Early"
"Naïve CD4 T","Gamma Delta V1 T","ADGRE5","CD55",0.00348342678156555,0,"ADGRE5_CD55","ADGRE5 - CD55","ADGRE5","Cell-Cell Contact","PMID: 11297558","PBMC_Early"
"Naïve CD8 T","Gamma Delta V1 T","ADGRE5","CD55",0.00323661075952334,0,"ADGRE5_CD55","ADGRE5 - CD55","ADGRE5","Cell-Cell Contact","PMID: 11297558","PBMC_Early"
"NK T","Gamma Delta V1 T","ADGRE5","CD55",0.00465026064184386,0.02,"ADGRE5_CD55","ADGRE5 - CD55","ADGRE5","Cell-Cell Contact","PMID: 11297558","PBMC_Early"
"pDC","Gamma Delta V1 T","ADGRE5","CD55",0.00339859013396828,0.02,"ADGRE5_CD55","ADGRE5 - CD55","ADGRE5","Cell-Cell Contact","PMID: 11297558","PBMC_Early"
"Th17like_INNATE_T","Gamma Delta V1 T","ADGRE5","CD55",0.00425411297615238,0,"ADGRE5_CD55","ADGRE5 - CD55","ADGRE5","Cell-Cell Contact","PMID: 11297558","PBMC_Early"
"Treg","Gamma Delta V1 T","ADGRE5","CD55",0.00341673477872318,0,"ADGRE5_CD55","ADGRE5 - CD55","ADGRE5","Cell-Cell Contact","PMID: 11297558","PBMC_Early"
"CD14+PPBP+ Monocytes","Gamma Delta V2 T","ADGRE5","CD55",0.0118269327785743,0,"ADGRE5_CD55","ADGRE5 - CD55","ADGRE5","Cell-Cell Contact","PMID: 11297558","PBMC_Early"
"CD56highCD16low NK","Gamma Delta V2 T","ADGRE5","CD55",0.00859700036904821,0,"ADGRE5_CD55","ADGRE5 - CD55","ADGRE5","Cell-Cell Contact","PMID: 11297558","PBMC_Early"
"Classical Monocytes","Gamma Delta V2 T","ADGRE5","CD55",0.0140919202597665,0,"ADGRE5_CD55","ADGRE5 - CD55","ADGRE5","Cell-Cell Contact","PMID: 11297558","PBMC_Early"
"CX3CR1+ NK","Gamma Delta V2 T","ADGRE5","CD55",0.0140849705432323,0,"ADGRE5_CD55","ADGRE5 - CD55","ADGRE5","Cell-Cell Contact","PMID: 11297558","PBMC_Early"
"CXCR6+ NK","Gamma Delta V2 T","ADGRE5","CD55",0.0129662706720705,0,"ADGRE5_CD55","ADGRE5 - CD55","ADGRE5","Cell-Cell Contact","PMID: 11297558","PBMC_Early"
"DC2","Gamma Delta V2 T","ADGRE5","CD55",0.00910786657538756,0,"ADGRE5_CD55","ADGRE5 - CD55","ADGRE5","Cell-Cell Contact","PMID: 11297558","PBMC_Early"
"Gamma Delta V2 T","Gamma Delta V2 T","ADGRE5","CD55",0.00422607699524204,0,"ADGRE5_CD55","ADGRE5 - CD55","ADGRE5","Cell-Cell Contact","PMID: 11297558","PBMC_Early"
"HSC_MPP","Gamma Delta V2 T","ADGRE5","CD55",0.00160677501020946,0,"ADGRE5_CD55","ADGRE5 - CD55","ADGRE5","Cell-Cell Contact","PMID: 11297558","PBMC_Early"
"ILC2/3","Gamma Delta V2 T","ADGRE5","CD55",0.00413218784326768,0.02,"ADGRE5_CD55","ADGRE5 - CD55","ADGRE5","Cell-Cell Contact","PMID: 11297558","PBMC_Early"
"Myeloid-CD177","Gamma Delta V2 T","ADGRE5","CD55",0.00857769741249025,0,"ADGRE5_CD55","ADGRE5 - CD55","ADGRE5","Cell-Cell Contact","PMID: 11297558","PBMC_Early"
"Naïve CD4 T","Gamma Delta V2 T","ADGRE5","CD55",0.00360830984048605,0,"ADGRE5_CD55","ADGRE5 - CD55","ADGRE5","Cell-Cell Contact","PMID: 11297558","PBMC_Early"
"Naïve CD8 T","Gamma Delta V2 T","ADGRE5","CD55",0.00335267507743354,0,"ADGRE5_CD55","ADGRE5 - CD55","ADGRE5","Cell-Cell Contact","PMID: 11297558","PBMC_Early"
"NK T","Gamma Delta V2 T","ADGRE5","CD55",0.00481677323621278,0.01,"ADGRE5_CD55","ADGRE5 - CD55","ADGRE5","Cell-Cell Contact","PMID: 11297558","PBMC_Early"
"pDC","Gamma Delta V2 T","ADGRE5","CD55",0.00352044248994814,0.01,"ADGRE5_CD55","ADGRE5 - CD55","ADGRE5","Cell-Cell Contact","PMID: 11297558","PBMC_Early"
"Tem","Gamma Delta V2 T","ADGRE5","CD55",0.00402142779668073,0.02,"ADGRE5_CD55","ADGRE5 - CD55","ADGRE5","Cell-Cell Contact","PMID: 11297558","PBMC_Early"
"Th17like_INNATE_T","Gamma Delta V2 T","ADGRE5","CD55",0.00440650344836476,0,"ADGRE5_CD55","ADGRE5 - CD55","ADGRE5","Cell-Cell Contact","PMID: 11297558","PBMC_Early"
"Treg","Gamma Delta V2 T","ADGRE5","CD55",0.00353923537877033,0,"ADGRE5_CD55","ADGRE5 - CD55","ADGRE5","Cell-Cell Contact","PMID: 11297558","PBMC_Early"
"CD14+PPBP+ Monocytes","HSC_MPP","ADGRE5","CD55",0.00704230350180008,0,"ADGRE5_CD55","ADGRE5 - CD55","ADGRE5","Cell-Cell Contact","PMID: 11297558","PBMC_Early"
"CD56highCD16low NK","HSC_MPP","ADGRE5","CD55",0.00511229207512538,0,"ADGRE5_CD55","ADGRE5 - CD55","ADGRE5","Cell-Cell Contact","PMID: 11297558","PBMC_Early"
"Classical Monocytes","HSC_MPP","ADGRE5","CD55",0.00839876992021168,0,"ADGRE5_CD55","ADGRE5 - CD55","ADGRE5","Cell-Cell Contact","PMID: 11297558","PBMC_Early"
"CX3CR1+ NK","HSC_MPP","ADGRE5","CD55",0.00839460398998076,0,"ADGRE5_CD55","ADGRE5 - CD55","ADGRE5","Cell-Cell Contact","PMID: 11297558","PBMC_Early"
"CXCR6+ NK","HSC_MPP","ADGRE5","CD55",0.00772432097977783,0,"ADGRE5_CD55","ADGRE5 - CD55","ADGRE5","Cell-Cell Contact","PMID: 11297558","PBMC_Early"
"DC2","HSC_MPP","ADGRE5","CD55",0.00541721525831986,0,"ADGRE5_CD55","ADGRE5 - CD55","ADGRE5","Cell-Cell Contact","PMID: 11297558","PBMC_Early"
"Gamma Delta V2 T","HSC_MPP","ADGRE5","CD55",0.00250859581975422,0,"ADGRE5_CD55","ADGRE5 - CD55","ADGRE5","Cell-Cell Contact","PMID: 11297558","PBMC_Early"
"HSC_MPP","HSC_MPP","ADGRE5","CD55",0.000952761814827305,0,"ADGRE5_CD55","ADGRE5 - CD55","ADGRE5","Cell-Cell Contact","PMID: 11297558","PBMC_Early"
"Myeloid-CD177","HSC_MPP","ADGRE5","CD55",0.00510077312348887,0,"ADGRE5_CD55","ADGRE5 - CD55","ADGRE5","Cell-Cell Contact","PMID: 11297558","PBMC_Early"
"Naïve CD4 T","HSC_MPP","ADGRE5","CD55",0.00214134985484096,0,"ADGRE5_CD55","ADGRE5 - CD55","ADGRE5","Cell-Cell Contact","PMID: 11297558","PBMC_Early"
"Naïve CD8 T","HSC_MPP","ADGRE5","CD55",0.00198943601176905,0,"ADGRE5_CD55","ADGRE5 - CD55","ADGRE5","Cell-Cell Contact","PMID: 11297558","PBMC_Early"
"NK T","HSC_MPP","ADGRE5","CD55",0.00285992208635955,0.01,"ADGRE5_CD55","ADGRE5 - CD55","ADGRE5","Cell-Cell Contact","PMID: 11297558","PBMC_Early"
"Th17like_INNATE_T","HSC_MPP","ADGRE5","CD55",0.00261588943890099,0,"ADGRE5_CD55","ADGRE5 - CD55","ADGRE5","Cell-Cell Contact","PMID: 11297558","PBMC_Early"
"Treg","HSC_MPP","ADGRE5","CD55",0.00210029845184137,0,"ADGRE5_CD55","ADGRE5 - CD55","ADGRE5","Cell-Cell Contact","PMID: 11297558","PBMC_Early"
"CD14+PPBP+ Monocytes","ILC2/3","ADGRE5","CD55",0.0117788024041145,0,"ADGRE5_CD55","ADGRE5 - CD55","ADGRE5","Cell-Cell Contact","PMID: 11297558","PBMC_Early"
"CD56highCD16low NK","ILC2/3","ADGRE5","CD55",0.00856190049998742,0,"ADGRE5_CD55","ADGRE5 - CD55","ADGRE5","Cell-Cell Contact","PMID: 11297558","PBMC_Early"
"Classical Monocytes","ILC2/3","ADGRE5","CD55",0.0140347033032593,0,"ADGRE5_CD55","ADGRE5 - CD55","ADGRE5","Cell-Cell Contact","PMID: 11297558","PBMC_Early"
"CX3CR1+ NK","ILC2/3","ADGRE5","CD55",0.0140277814029391,0,"ADGRE5_CD55","ADGRE5 - CD55","ADGRE5","Cell-Cell Contact","PMID: 11297558","PBMC_Early"
"CXCR6+ NK","ILC2/3","ADGRE5","CD55",0.0129135642890117,0,"ADGRE5_CD55","ADGRE5 - CD55","ADGRE5","Cell-Cell Contact","PMID: 11297558","PBMC_Early"
"DC2","ILC2/3","ADGRE5","CD55",0.00907070002306711,0,"ADGRE5_CD55","ADGRE5 - CD55","ADGRE5","Cell-Cell Contact","PMID: 11297558","PBMC_Early"
"Gamma Delta V2 T","ILC2/3","ADGRE5","CD55",0.00420874699139414,0,"ADGRE5_CD55","ADGRE5 - CD55","ADGRE5","Cell-Cell Contact","PMID: 11297558","PBMC_Early"
"HSC_MPP","ILC2/3","ADGRE5","CD55",0.00160016879809085,0,"ADGRE5_CD55","ADGRE5 - CD55","ADGRE5","Cell-Cell Contact","PMID: 11297558","PBMC_Early"
"Myeloid-CD177","ILC2/3","ADGRE5","CD55",0.00854267567453319,0,"ADGRE5_CD55","ADGRE5 - CD55","ADGRE5","Cell-Cell Contact","PMID: 11297558","PBMC_Early"
"Naïve CD4 T","ILC2/3","ADGRE5","CD55",0.00359350399135337,0,"ADGRE5_CD55","ADGRE5 - CD55","ADGRE5","Cell-Cell Contact","PMID: 11297558","PBMC_Early"
"Naïve CD8 T","ILC2/3","ADGRE5","CD55",0.00333891465031641,0,"ADGRE5_CD55","ADGRE5 - CD55","ADGRE5","Cell-Cell Contact","PMID: 11297558","PBMC_Early"
"NK T","ILC2/3","ADGRE5","CD55",0.00479703261523156,0.01,"ADGRE5_CD55","ADGRE5 - CD55","ADGRE5","Cell-Cell Contact","PMID: 11297558","PBMC_Early"
"pDC","ILC2/3","ADGRE5","CD55",0.00350599591514264,0,"ADGRE5_CD55","ADGRE5 - CD55","ADGRE5","Cell-Cell Contact","PMID: 11297558","PBMC_Early"
"Th17like_INNATE_T","ILC2/3","ADGRE5","CD55",0.00438843682491198,0,"ADGRE5_CD55","ADGRE5 - CD55","ADGRE5","Cell-Cell Contact","PMID: 11297558","PBMC_Early"
"Treg","ILC2/3","ADGRE5","CD55",0.00352471195778427,0,"ADGRE5_CD55","ADGRE5 - CD55","ADGRE5","Cell-Cell Contact","PMID: 11297558","PBMC_Early"
"CD14+PPBP+ Monocytes","MEMP","ADGRE5","CD55",0.0275761695277956,0,"ADGRE5_CD55","ADGRE5 - CD55","ADGRE5","Cell-Cell Contact","PMID: 11297558","PBMC_Early"
"CD56highCD16low NK","MEMP","ADGRE5","CD55",0.0201327540999818,0,"ADGRE5_CD55","ADGRE5 - CD55","ADGRE5","Cell-Cell Contact","PMID: 11297558","PBMC_Early"
"Classical Monocytes","MEMP","ADGRE5","CD55",0.032757325202762,0,"ADGRE5_CD55","ADGRE5 - CD55","ADGRE5","Cell-Cell Contact","PMID: 11297558","PBMC_Early"
"CX3CR1+ NK","MEMP","ADGRE5","CD55",0.0327414759633889,0,"ADGRE5_CD55","ADGRE5 - CD55","ADGRE5","Cell-Cell Contact","PMID: 11297558","PBMC_Early"
"CXCR6+ NK","MEMP","ADGRE5","CD55",0.0301863506967376,0,"ADGRE5_CD55","ADGRE5 - CD55","ADGRE5","Cell-Cell Contact","PMID: 11297558","PBMC_Early"
"DC2","MEMP","ADGRE5","CD55",0.021314380662556,0,"ADGRE5_CD55","ADGRE5 - CD55","ADGRE5","Cell-Cell Contact","PMID: 11297558","PBMC_Early"
"Gamma Delta V1 T","MEMP","ADGRE5","CD55",0.00901086617802231,0,"ADGRE5_CD55","ADGRE5 - CD55","ADGRE5","Cell-Cell Contact","PMID: 11297558","PBMC_Early"
"Gamma Delta V2 T","MEMP","ADGRE5","CD55",0.00995567082133829,0,"ADGRE5_CD55","ADGRE5 - CD55","ADGRE5","Cell-Cell Contact","PMID: 11297558","PBMC_Early"
"HSC_MPP","MEMP","ADGRE5","CD55",0.00379874167176981,0,"ADGRE5_CD55","ADGRE5 - CD55","ADGRE5","Cell-Cell Contact","PMID: 11297558","PBMC_Early"
"ILC2/3","MEMP","ADGRE5","CD55",0.00973573399610373,0,"ADGRE5_CD55","ADGRE5 - CD55","ADGRE5","Cell-Cell Contact","PMID: 11297558","PBMC_Early"
"Myeloid-CD177","MEMP","ADGRE5","CD55",0.0200880745864732,0,"ADGRE5_CD55","ADGRE5 - CD55","ADGRE5","Cell-Cell Contact","PMID: 11297558","PBMC_Early"
"Naïve CD4 T","MEMP","ADGRE5","CD55",0.00850750841163162,0,"ADGRE5_CD55","ADGRE5 - CD55","ADGRE5","Cell-Cell Contact","PMID: 11297558","PBMC_Early"
"Naïve CD8 T","MEMP","ADGRE5","CD55",0.00790753898452439,0,"ADGRE5_CD55","ADGRE5 - CD55","ADGRE5","Cell-Cell Contact","PMID: 11297558","PBMC_Early"
"NK T","MEMP","ADGRE5","CD55",0.0113380974222052,0,"ADGRE5_CD55","ADGRE5 - CD55","ADGRE5","Cell-Cell Contact","PMID: 11297558","PBMC_Early"
"pDC","MEMP","ADGRE5","CD55",0.00830133273350804,0,"ADGRE5_CD55","ADGRE5 - CD55","ADGRE5","Cell-Cell Contact","PMID: 11297558","PBMC_Early"
"Tem","MEMP","ADGRE5","CD55",0.00947620451908254,0,"ADGRE5_CD55","ADGRE5 - CD55","ADGRE5","Cell-Cell Contact","PMID: 11297558","PBMC_Early"
"Th17like_INNATE_T","MEMP","ADGRE5","CD55",0.0103781648283812,0,"ADGRE5_CD55","ADGRE5 - CD55","ADGRE5","Cell-Cell Contact","PMID: 11297558","PBMC_Early"
"Treg","MEMP","ADGRE5","CD55",0.0083454333159275,0,"ADGRE5_CD55","ADGRE5 - CD55","ADGRE5","Cell-Cell Contact","PMID: 11297558","PBMC_Early"
"CD14+PPBP+ Monocytes","MEP","ADGRE5","CD55",0.0234678699317449,0,"ADGRE5_CD55","ADGRE5 - CD55","ADGRE5","Cell-Cell Contact","PMID: 11297558","PBMC_Early"
"CD56highCD16low NK","MEP","ADGRE5","CD55",0.0171138589478251,0,"ADGRE5_CD55","ADGRE5 - CD55","ADGRE5","Cell-Cell Contact","PMID: 11297558","PBMC_Early"
"Classical Monocytes","MEP","ADGRE5","CD55",0.0278992825295062,0,"ADGRE5_CD55","ADGRE5 - CD55","ADGRE5","Cell-Cell Contact","PMID: 11297558","PBMC_Early"
"CX3CR1+ NK","MEP","ADGRE5","CD55",0.0278857160305348,0,"ADGRE5_CD55","ADGRE5 - CD55","ADGRE5","Cell-Cell Contact","PMID: 11297558","PBMC_Early"
"CXCR6+ NK","MEP","ADGRE5","CD55",0.0256994631558775,0,"ADGRE5_CD55","ADGRE5 - CD55","ADGRE5","Cell-Cell Contact","PMID: 11297558","PBMC_Early"
"DC2","MEP","ADGRE5","CD55",0.0181215781016522,0,"ADGRE5_CD55","ADGRE5 - CD55","ADGRE5","Cell-Cell Contact","PMID: 11297558","PBMC_Early"
"Gamma Delta V1 T","MEP","ADGRE5","CD55",0.00764667732177154,0,"ADGRE5_CD55","ADGRE5 - CD55","ADGRE5","Cell-Cell Contact","PMID: 11297558","PBMC_Early"
"Gamma Delta V2 T","MEP","ADGRE5","CD55",0.00844966405220407,0,"ADGRE5_CD55","ADGRE5 - CD55","ADGRE5","Cell-Cell Contact","PMID: 11297558","PBMC_Early"
"HSC_MPP","MEP","ADGRE5","CD55",0.00322107110626274,0,"ADGRE5_CD55","ADGRE5 - CD55","ADGRE5","Cell-Cell Contact","PMID: 11297558","PBMC_Early"
"ILC2/3","MEP","ADGRE5","CD55",0.00826271967941658,0,"ADGRE5_CD55","ADGRE5 - CD55","ADGRE5","Cell-Cell Contact","PMID: 11297558","PBMC_Early"
"Myeloid-CD177","MEP","ADGRE5","CD55",0.0170757623497476,0,"ADGRE5_CD55","ADGRE5 - CD55","ADGRE5","Cell-Cell Contact","PMID: 11297558","PBMC_Early"
"Naïve CD4 T","MEP","ADGRE5","CD55",0.00721896965182739,0,"ADGRE5_CD55","ADGRE5 - CD55","ADGRE5","Cell-Cell Contact","PMID: 11297558","PBMC_Early"
"Naïve CD8 T","MEP","ADGRE5","CD55",0.00670925609062602,0,"ADGRE5_CD55","ADGRE5 - CD55","ADGRE5","Cell-Cell Contact","PMID: 11297558","PBMC_Early"
"NK T","MEP","ADGRE5","CD55",0.00962500228737861,0,"ADGRE5_CD55","ADGRE5 - CD55","ADGRE5","Cell-Cell Contact","PMID: 11297558","PBMC_Early"
"pDC","MEP","ADGRE5","CD55",0.00704379929156651,0,"ADGRE5_CD55","ADGRE5 - CD55","ADGRE5","Cell-Cell Contact","PMID: 11297558","PBMC_Early"
"Tem","MEP","ADGRE5","CD55",0.0080421380593513,0,"ADGRE5_CD55","ADGRE5 - CD55","ADGRE5","Cell-Cell Contact","PMID: 11297558","PBMC_Early"
"Th17like_INNATE_T","MEP","ADGRE5","CD55",0.00880881550587265,0,"ADGRE5_CD55","ADGRE5 - CD55","ADGRE5","Cell-Cell Contact","PMID: 11297558","PBMC_Early"
"Treg","MEP","ADGRE5","CD55",0.00708126696827774,0,"ADGRE5_CD55","ADGRE5 - CD55","ADGRE5","Cell-Cell Contact","PMID: 11297558","PBMC_Early"
"CD14+PPBP+ Monocytes","Mid_ERY","ADGRE5","CD55",0.016218239503778,0,"ADGRE5_CD55","ADGRE5 - CD55","ADGRE5","Cell-Cell Contact","PMID: 11297558","PBMC_Early"
"CD56highCD16low NK","Mid_ERY","ADGRE5","CD55",0.0118033670969921,0,"ADGRE5_CD55","ADGRE5 - CD55","ADGRE5","Cell-Cell Contact","PMID: 11297558","PBMC_Early"
"Classical Monocytes","Mid_ERY","ADGRE5","CD55",0.0193077785765081,0,"ADGRE5_CD55","ADGRE5 - CD55","ADGRE5","Cell-Cell Contact","PMID: 11297558","PBMC_Early"
"CX3CR1+ NK","Mid_ERY","ADGRE5","CD55",0.0192983069042625,0,"ADGRE5_CD55","ADGRE5 - CD55","ADGRE5","Cell-Cell Contact","PMID: 11297558","PBMC_Early"
"CXCR6+ NK","Mid_ERY","ADGRE5","CD55",0.0177730017870417,0,"ADGRE5_CD55","ADGRE5 - CD55","ADGRE5","Cell-Cell Contact","PMID: 11297558","PBMC_Early"
"DC2","Mid_ERY","ADGRE5","CD55",0.0125023649273748,0,"ADGRE5_CD55","ADGRE5 - CD55","ADGRE5","Cell-Cell Contact","PMID: 11297558","PBMC_Early"
"Gamma Delta V1 T","Mid_ERY","ADGRE5","CD55",0.00525817001809899,0,"ADGRE5_CD55","ADGRE5 - CD55","ADGRE5","Cell-Cell Contact","PMID: 11297558","PBMC_Early"
"Gamma Delta V2 T","Mid_ERY","ADGRE5","CD55",0.00581180568982761,0,"ADGRE5_CD55","ADGRE5 - CD55","ADGRE5","Cell-Cell Contact","PMID: 11297558","PBMC_Early"
"HSC_MPP","Mid_ERY","ADGRE5","CD55",0.00221185986715599,0,"ADGRE5_CD55","ADGRE5 - CD55","ADGRE5","Cell-Cell Contact","PMID: 11297558","PBMC_Early"
"ILC2/3","Mid_ERY","ADGRE5","CD55",0.00568288805921289,0,"ADGRE5_CD55","ADGRE5 - CD55","ADGRE5","Cell-Cell Contact","PMID: 11297558","PBMC_Early"
"Myeloid-CD177","Mid_ERY","ADGRE5","CD55",0.0117769503645718,0,"ADGRE5_CD55","ADGRE5 - CD55","ADGRE5","Cell-Cell Contact","PMID: 11297558","PBMC_Early"
"Naïve CD4 T","Mid_ERY","ADGRE5","CD55",0.00496339241209914,0,"ADGRE5_CD55","ADGRE5 - CD55","ADGRE5","Cell-Cell Contact","PMID: 11297558","PBMC_Early"
"Naïve CD8 T","Mid_ERY","ADGRE5","CD55",0.00461219968787479,0,"ADGRE5_CD55","ADGRE5 - CD55","ADGRE5","Cell-Cell Contact","PMID: 11297558","PBMC_Early"
"NK T","Mid_ERY","ADGRE5","CD55",0.00662267167748838,0,"ADGRE5_CD55","ADGRE5 - CD55","ADGRE5","Cell-Cell Contact","PMID: 11297558","PBMC_Early"
"pDC","Mid_ERY","ADGRE5","CD55",0.00484268729936473,0,"ADGRE5_CD55","ADGRE5 - CD55","ADGRE5","Cell-Cell Contact","PMID: 11297558","PBMC_Early"
"Tem","Mid_ERY","ADGRE5","CD55",0.00553079355541365,0,"ADGRE5_CD55","ADGRE5 - CD55","ADGRE5","Cell-Cell Contact","PMID: 11297558","PBMC_Early"
"Th17like_INNATE_T","Mid_ERY","ADGRE5","CD55",0.00605952064073355,0,"ADGRE5_CD55","ADGRE5 - CD55","ADGRE5","Cell-Cell Contact","PMID: 11297558","PBMC_Early"
"Treg","Mid_ERY","ADGRE5","CD55",0.00486850413358307,0,"ADGRE5_CD55","ADGRE5 - CD55","ADGRE5","Cell-Cell Contact","PMID: 11297558","PBMC_Early"
"CD14+PPBP+ Monocytes","Myeloid-CD177","ADGRE5","CD55",0.0595234414383763,0,"ADGRE5_CD55","ADGRE5 - CD55","ADGRE5","Cell-Cell Contact","PMID: 11297558","PBMC_Early"
"CD56highCD16low NK","Myeloid-CD177","ADGRE5","CD55",0.04384556806834,0,"ADGRE5_CD55","ADGRE5 - CD55","ADGRE5","Cell-Cell Contact","PMID: 11297558","PBMC_Early"
"Classical Monocytes","Myeloid-CD177","ADGRE5","CD55",0.0702732470858686,0,"ADGRE5_CD55","ADGRE5 - CD55","ADGRE5","Cell-Cell Contact","PMID: 11297558","PBMC_Early"
"CX3CR1+ NK","Myeloid-CD177","ADGRE5","CD55",0.0702405643772157,0,"ADGRE5_CD55","ADGRE5 - CD55","ADGRE5","Cell-Cell Contact","PMID: 11297558","PBMC_Early"
"CXCR6+ NK","Myeloid-CD177","ADGRE5","CD55",0.0649555533370913,0,"ADGRE5_CD55","ADGRE5 - CD55","ADGRE5","Cell-Cell Contact","PMID: 11297558","PBMC_Early"
"DC2","Myeloid-CD177","ADGRE5","CD55",0.0463531039135685,0,"ADGRE5_CD55","ADGRE5 - CD55","ADGRE5","Cell-Cell Contact","PMID: 11297558","PBMC_Early"
"Gamma Delta V1 T","Myeloid-CD177","ADGRE5","CD55",0.0198899728454261,0,"ADGRE5_CD55","ADGRE5 - CD55","ADGRE5","Cell-Cell Contact","PMID: 11297558","PBMC_Early"
"Gamma Delta V2 T","Myeloid-CD177","ADGRE5","CD55",0.0219502042144066,0,"ADGRE5_CD55","ADGRE5 - CD55","ADGRE5","Cell-Cell Contact","PMID: 11297558","PBMC_Early"
"HSC_MPP","Myeloid-CD177","ADGRE5","CD55",0.00843866928516279,0,"ADGRE5_CD55","ADGRE5 - CD55","ADGRE5","Cell-Cell Contact","PMID: 11297558","PBMC_Early"
"ILC2/3","Myeloid-CD177","ADGRE5","CD55",0.0214710353770399,0,"ADGRE5_CD55","ADGRE5 - CD55","ADGRE5","Cell-Cell Contact","PMID: 11297558","PBMC_Early"
"Myeloid-CD177","Myeloid-CD177","ADGRE5","CD55",0.0437506136726449,0,"ADGRE5_CD55","ADGRE5 - CD55","ADGRE5","Cell-Cell Contact","PMID: 11297558","PBMC_Early"
"Naïve CD4 T","Myeloid-CD177","ADGRE5","CD55",0.0187904183084637,0,"ADGRE5_CD55","ADGRE5 - CD55","ADGRE5","Cell-Cell Contact","PMID: 11297558","PBMC_Early"
"Naïve CD8 T","Myeloid-CD177","ADGRE5","CD55",0.0174780573849994,0,"ADGRE5_CD55","ADGRE5 - CD55","ADGRE5","Cell-Cell Contact","PMID: 11297558","PBMC_Early"
"NK T","Myeloid-CD177","ADGRE5","CD55",0.024956186731307,0,"ADGRE5_CD55","ADGRE5 - CD55","ADGRE5","Cell-Cell Contact","PMID: 11297558","PBMC_Early"
"pDC","Myeloid-CD177","ADGRE5","CD55",0.0183396503758658,0,"ADGRE5_CD55","ADGRE5 - CD55","ADGRE5","Cell-Cell Contact","PMID: 11297558","PBMC_Early"
"Tem","Myeloid-CD177","ADGRE5","CD55",0.0209052772824789,0,"ADGRE5_CD55","ADGRE5 - CD55","ADGRE5","Cell-Cell Contact","PMID: 11297558","PBMC_Early"
"Th17like_INNATE_T","Myeloid-CD177","ADGRE5","CD55",0.022869958216746,0,"ADGRE5_CD55","ADGRE5 - CD55","ADGRE5","Cell-Cell Contact","PMID: 11297558","PBMC_Early"
"Treg","Myeloid-CD177","ADGRE5","CD55",0.0184360878267643,0,"ADGRE5_CD55","ADGRE5 - CD55","ADGRE5","Cell-Cell Contact","PMID: 11297558","PBMC_Early"
"CD14+PPBP+ Monocytes","Naïve CD4 T","ADGRE5","CD55",0.0353753450889556,0,"ADGRE5_CD55","ADGRE5 - CD55","ADGRE5","Cell-Cell Contact","PMID: 11297558","PBMC_Early"
"CD56highCD16low NK","Naïve CD4 T","ADGRE5","CD55",0.0258827932575232,0,"ADGRE5_CD55","ADGRE5 - CD55","ADGRE5","Cell-Cell Contact","PMID: 11297558","PBMC_Early"
"Classical Monocytes","Naïve CD4 T","ADGRE5","CD55",0.0419586232128737,0,"ADGRE5_CD55","ADGRE5 - CD55","ADGRE5","Cell-Cell Contact","PMID: 11297558","PBMC_Early"
"CX3CR1+ NK","Naïve CD4 T","ADGRE5","CD55",0.0419385150665229,0,"ADGRE5_CD55","ADGRE5 - CD55","ADGRE5","Cell-Cell Contact","PMID: 11297558","PBMC_Early"
"CXCR6+ NK","Naïve CD4 T","ADGRE5","CD55",0.038694370598777,0,"ADGRE5_CD55","ADGRE5 - CD55","ADGRE5","Cell-Cell Contact","PMID: 11297558","PBMC_Early"
"DC2","Naïve CD4 T","ADGRE5","CD55",0.0273924653339079,0,"ADGRE5_CD55","ADGRE5 - CD55","ADGRE5","Cell-Cell Contact","PMID: 11297558","PBMC_Early"
"Gamma Delta V1 T","Naïve CD4 T","ADGRE5","CD55",0.0116221012116909,0,"ADGRE5_CD55","ADGRE5 - CD55","ADGRE5","Cell-Cell Contact","PMID: 11297558","PBMC_Early"
"Gamma Delta V2 T","Naïve CD4 T","ADGRE5","CD55",0.0128371516155586,0,"ADGRE5_CD55","ADGRE5 - CD55","ADGRE5","Cell-Cell Contact","PMID: 11297558","PBMC_Early"
"HSC_MPP","Naïve CD4 T","ADGRE5","CD55",0.00490704799122738,0,"ADGRE5_CD55","ADGRE5 - CD55","ADGRE5","Cell-Cell Contact","PMID: 11297558","PBMC_Early"
"ILC2/3","Naïve CD4 T","ADGRE5","CD55",0.0125543654361942,0,"ADGRE5_CD55","ADGRE5 - CD55","ADGRE5","Cell-Cell Contact","PMID: 11297558","PBMC_Early"
"Myeloid-CD177","Naïve CD4 T","ADGRE5","CD55",0.0258256893246916,0,"ADGRE5_CD55","ADGRE5 - CD55","ADGRE5","Cell-Cell Contact","PMID: 11297558","PBMC_Early"
"Naïve CD4 T","Naïve CD4 T","ADGRE5","CD55",0.0109744921008905,0,"ADGRE5_CD55","ADGRE5 - CD55","ADGRE5","Cell-Cell Contact","PMID: 11297558","PBMC_Early"
"Naïve CD8 T","Naïve CD4 T","ADGRE5","CD55",0.0102023354103371,0,"ADGRE5_CD55","ADGRE5 - CD55","ADGRE5","Cell-Cell Contact","PMID: 11297558","PBMC_Early"
"NK T","Naïve CD4 T","ADGRE5","CD55",0.014613789445529,0,"ADGRE5_CD55","ADGRE5 - CD55","ADGRE5","Cell-Cell Contact","PMID: 11297558","PBMC_Early"
"pDC","Naïve CD4 T","ADGRE5","CD55",0.0107091759268093,0,"ADGRE5_CD55","ADGRE5 - CD55","ADGRE5","Cell-Cell Contact","PMID: 11297558","PBMC_Early"
"Tem","Naïve CD4 T","ADGRE5","CD55",0.0122206257920198,0,"ADGRE5_CD55","ADGRE5 - CD55","ADGRE5","Cell-Cell Contact","PMID: 11297558","PBMC_Early"
"Th17like_INNATE_T","Naïve CD4 T","ADGRE5","CD55",0.013380275897289,0,"ADGRE5_CD55","ADGRE5 - CD55","ADGRE5","Cell-Cell Contact","PMID: 11297558","PBMC_Early"
"Treg","Naïve CD4 T","ADGRE5","CD55",0.0107659292381564,0,"ADGRE5_CD55","ADGRE5 - CD55","ADGRE5","Cell-Cell Contact","PMID: 11297558","PBMC_Early"
"CD14+PPBP+ Monocytes","Naïve CD8 T","ADGRE5","CD55",0.0382359670259141,0,"ADGRE5_CD55","ADGRE5 - CD55","ADGRE5","Cell-Cell Contact","PMID: 11297558","PBMC_Early"
"CD56highCD16low NK","Naïve CD8 T","ADGRE5","CD55",0.0279980812953946,0,"ADGRE5_CD55","ADGRE5 - CD55","ADGRE5","Cell-Cell Contact","PMID: 11297558","PBMC_Early"
"Classical Monocytes","Naïve CD8 T","ADGRE5","CD55",0.0453265861638774,0,"ADGRE5_CD55","ADGRE5 - CD55","ADGRE5","Cell-Cell Contact","PMID: 11297558","PBMC_Early"
"CX3CR1+ NK","Naïve CD8 T","ADGRE5","CD55",0.0453049402905429,0,"ADGRE5_CD55","ADGRE5 - CD55","ADGRE5","Cell-Cell Contact","PMID: 11297558","PBMC_Early"
"CXCR6+ NK","Naïve CD8 T","ADGRE5","CD55",0.0418117515327946,0,"ADGRE5_CD55","ADGRE5 - CD55","ADGRE5","Cell-Cell Contact","PMID: 11297558","PBMC_Early"
"DC2","Naïve CD8 T","ADGRE5","CD55",0.0296273797796666,0,"ADGRE5_CD55","ADGRE5 - CD55","ADGRE5","Cell-Cell Contact","PMID: 11297558","PBMC_Early"
"Gamma Delta V1 T","Naïve CD8 T","ADGRE5","CD55",0.0125869844202448,0,"ADGRE5_CD55","ADGRE5 - CD55","ADGRE5","Cell-Cell Contact","PMID: 11297558","PBMC_Early"
"Gamma Delta V2 T","Naïve CD8 T","ADGRE5","CD55",0.0139014912145044,0,"ADGRE5_CD55","ADGRE5 - CD55","ADGRE5","Cell-Cell Contact","PMID: 11297558","PBMC_Early"
"HSC_MPP","Naïve CD8 T","ADGRE5","CD55",0.0053174373185423,0,"ADGRE5_CD55","ADGRE5 - CD55","ADGRE5","Cell-Cell Contact","PMID: 11297558","PBMC_Early"
"ILC2/3","Naïve CD8 T","ADGRE5","CD55",0.0135955818907385,0,"ADGRE5_CD55","ADGRE5 - CD55","ADGRE5","Cell-Cell Contact","PMID: 11297558","PBMC_Early"
"Myeloid-CD177","Naïve CD8 T","ADGRE5","CD55",0.0279364443461778,0,"ADGRE5_CD55","ADGRE5 - CD55","ADGRE5","Cell-Cell Contact","PMID: 11297558","PBMC_Early"
"Naïve CD4 T","Naïve CD8 T","ADGRE5","CD55",0.0118862564733613,0,"ADGRE5_CD55","ADGRE5 - CD55","ADGRE5","Cell-Cell Contact","PMID: 11297558","PBMC_Early"
"Naïve CD8 T","Naïve CD8 T","ADGRE5","CD55",0.0110506655317008,0,"ADGRE5_CD55","ADGRE5 - CD55","ADGRE5","Cell-Cell Contact","PMID: 11297558","PBMC_Early"
"NK T","Naïve CD8 T","ADGRE5","CD55",0.0158230705696272,0,"ADGRE5_CD55","ADGRE5 - CD55","ADGRE5","Cell-Cell Contact","PMID: 11297558","PBMC_Early"
"pDC","Naïve CD8 T","ADGRE5","CD55",0.0115991562573278,0,"ADGRE5_CD55","ADGRE5 - CD55","ADGRE5","Cell-Cell Contact","PMID: 11297558","PBMC_Early"
"Tem","Naïve CD8 T","ADGRE5","CD55",0.0132345339924884,0,"ADGRE5_CD55","ADGRE5 - CD55","ADGRE5","Cell-Cell Contact","PMID: 11297558","PBMC_Early"
"Th17like_INNATE_T","Naïve CD8 T","ADGRE5","CD55",0.0144889854741815,0,"ADGRE5_CD55","ADGRE5 - CD55","ADGRE5","Cell-Cell Contact","PMID: 11297558","PBMC_Early"
"Treg","Naïve CD8 T","ADGRE5","CD55",0.0116605704303405,0,"ADGRE5_CD55","ADGRE5 - CD55","ADGRE5","Cell-Cell Contact","PMID: 11297558","PBMC_Early"
"CD14+PPBP+ Monocytes","NK T","ADGRE5","CD55",0.0130569726132775,0,"ADGRE5_CD55","ADGRE5 - CD55","ADGRE5","Cell-Cell Contact","PMID: 11297558","PBMC_Early"
"CD56highCD16low NK","NK T","ADGRE5","CD55",0.00949434417585985,0,"ADGRE5_CD55","ADGRE5 - CD55","ADGRE5","Cell-Cell Contact","PMID: 11297558","PBMC_Early"
"Classical Monocytes","NK T","ADGRE5","CD55",0.0155538184232404,0,"ADGRE5_CD55","ADGRE5 - CD55","ADGRE5","Cell-Cell Contact","PMID: 11297558","PBMC_Early"
"CX3CR1+ NK","NK T","ADGRE5","CD55",0.0155461591103871,0,"ADGRE5_CD55","ADGRE5 - CD55","ADGRE5","Cell-Cell Contact","PMID: 11297558","PBMC_Early"
"CXCR6+ NK","NK T","ADGRE5","CD55",0.0143130890612747,0,"ADGRE5_CD55","ADGRE5 - CD55","ADGRE5","Cell-Cell Contact","PMID: 11297558","PBMC_Early"
"DC2","NK T","ADGRE5","CD55",0.0100579929589654,0,"ADGRE5_CD55","ADGRE5 - CD55","ADGRE5","Cell-Cell Contact","PMID: 11297558","PBMC_Early"
"Gamma Delta V1 T","NK T","ADGRE5","CD55",0.00422407220945186,0.03,"ADGRE5_CD55","ADGRE5 - CD55","ADGRE5","Cell-Cell Contact","PMID: 11297558","PBMC_Early"
"Gamma Delta V2 T","NK T","ADGRE5","CD55",0.00466933823102823,0,"ADGRE5_CD55","ADGRE5 - CD55","ADGRE5","Cell-Cell Contact","PMID: 11297558","PBMC_Early"
"HSC_MPP","NK T","ADGRE5","CD55",0.00177579502281981,0,"ADGRE5_CD55","ADGRE5 - CD55","ADGRE5","Cell-Cell Contact","PMID: 11297558","PBMC_Early"
"ILC2/3","NK T","ADGRE5","CD55",0.0045656464643032,0.03,"ADGRE5_CD55","ADGRE5 - CD55","ADGRE5","Cell-Cell Contact","PMID: 11297558","PBMC_Early"
"Myeloid-CD177","NK T","ADGRE5","CD55",0.00947304565356998,0,"ADGRE5_CD55","ADGRE5 - CD55","ADGRE5","Cell-Cell Contact","PMID: 11297558","PBMC_Early"
"Naïve CD4 T","NK T","ADGRE5","CD55",0.00398703467037485,0,"ADGRE5_CD55","ADGRE5 - CD55","ADGRE5","Cell-Cell Contact","PMID: 11297558","PBMC_Early"
"Naïve CD8 T","NK T","ADGRE5","CD55",0.00370466848202839,0,"ADGRE5_CD55","ADGRE5 - CD55","ADGRE5","Cell-Cell Contact","PMID: 11297558","PBMC_Early"
"NK T","NK T","ADGRE5","CD55",0.00532165981571516,0,"ADGRE5_CD55","ADGRE5 - CD55","ADGRE5","Cell-Cell Contact","PMID: 11297558","PBMC_Early"
"pDC","NK T","ADGRE5","CD55",0.00388998084998127,0.02,"ADGRE5_CD55","ADGRE5 - CD55","ADGRE5","Cell-Cell Contact","PMID: 11297558","PBMC_Early"
"Tem","NK T","ADGRE5","CD55",0.00444331973914322,0.02,"ADGRE5_CD55","ADGRE5 - CD55","ADGRE5","Cell-Cell Contact","PMID: 11297558","PBMC_Early"
"Th17like_INNATE_T","NK T","ADGRE5","CD55",0.00486859657695305,0,"ADGRE5_CD55","ADGRE5 - CD55","ADGRE5","Cell-Cell Contact","PMID: 11297558","PBMC_Early"
"Treg","NK T","ADGRE5","CD55",0.00391073867318476,0,"ADGRE5_CD55","ADGRE5 - CD55","ADGRE5","Cell-Cell Contact","PMID: 11297558","PBMC_Early"
"CD14+PPBP+ Monocytes","pDC","ADGRE5","CD55",0.0246682512618046,0,"ADGRE5_CD55","ADGRE5 - CD55","ADGRE5","Cell-Cell Contact","PMID: 11297558","PBMC_Early"
"CD56highCD16low NK","pDC","ADGRE5","CD55",0.0179952218109737,0,"ADGRE5_CD55","ADGRE5 - CD55","ADGRE5","Cell-Cell Contact","PMID: 11297558","PBMC_Early"
"Classical Monocytes","pDC","ADGRE5","CD55",0.02931952510269,0,"ADGRE5_CD55","ADGRE5 - CD55","ADGRE5","Cell-Cell Contact","PMID: 11297558","PBMC_Early"
"CX3CR1+ NK","pDC","ADGRE5","CD55",0.0293052888062796,0,"ADGRE5_CD55","ADGRE5 - CD55","ADGRE5","Cell-Cell Contact","PMID: 11297558","PBMC_Early"
"CXCR6+ NK","pDC","ADGRE5","CD55",0.0270108331864365,0,"ADGRE5_CD55","ADGRE5 - CD55","ADGRE5","Cell-Cell Contact","PMID: 11297558","PBMC_Early"
"DC2","pDC","ADGRE5","CD55",0.0190538323862257,0,"ADGRE5_CD55","ADGRE5 - CD55","ADGRE5","Cell-Cell Contact","PMID: 11297558","PBMC_Early"
"Gamma Delta V1 T","pDC","ADGRE5","CD55",0.00804447126326203,0,"ADGRE5_CD55","ADGRE5 - CD55","ADGRE5","Cell-Cell Contact","PMID: 11297558","PBMC_Early"
"Gamma Delta V2 T","pDC","ADGRE5","CD55",0.00888885663745082,0,"ADGRE5_CD55","ADGRE5 - CD55","ADGRE5","Cell-Cell Contact","PMID: 11297558","PBMC_Early"
"HSC_MPP","pDC","ADGRE5","CD55",0.00338942338611508,0,"ADGRE5_CD55","ADGRE5 - CD55","ADGRE5","Cell-Cell Contact","PMID: 11297558","PBMC_Early"
"ILC2/3","pDC","ADGRE5","CD55",0.00869228054154347,0,"ADGRE5_CD55","ADGRE5 - CD55","ADGRE5","Cell-Cell Contact","PMID: 11297558","PBMC_Early"
"Myeloid-CD177","pDC","ADGRE5","CD55",0.0179551990810287,0,"ADGRE5_CD55","ADGRE5 - CD55","ADGRE5","Cell-Cell Contact","PMID: 11297558","PBMC_Early"
"Naïve CD4 T","pDC","ADGRE5","CD55",0.00759468375392549,0,"ADGRE5_CD55","ADGRE5 - CD55","ADGRE5","Cell-Cell Contact","PMID: 11297558","PBMC_Early"
"Naïve CD8 T","pDC","ADGRE5","CD55",0.00705863056551682,0,"ADGRE5_CD55","ADGRE5 - CD55","ADGRE5","Cell-Cell Contact","PMID: 11297558","PBMC_Early"
"NK T","pDC","ADGRE5","CD55",0.010124662241347,0,"ADGRE5_CD55","ADGRE5 - CD55","ADGRE5","Cell-Cell Contact","PMID: 11297558","PBMC_Early"
"pDC","pDC","ADGRE5","CD55",0.00741046463473384,0,"ADGRE5_CD55","ADGRE5 - CD55","ADGRE5","Cell-Cell Contact","PMID: 11297558","PBMC_Early"
"Tem","pDC","ADGRE5","CD55",0.00846032918946954,0.01,"ADGRE5_CD55","ADGRE5 - CD55","ADGRE5","Cell-Cell Contact","PMID: 11297558","PBMC_Early"
"Th17like_INNATE_T","pDC","ADGRE5","CD55",0.00926650143377543,0,"ADGRE5_CD55","ADGRE5 - CD55","ADGRE5","Cell-Cell Contact","PMID: 11297558","PBMC_Early"
"Treg","pDC","ADGRE5","CD55",0.00744986806016921,0,"ADGRE5_CD55","ADGRE5 - CD55","ADGRE5","Cell-Cell Contact","PMID: 11297558","PBMC_Early"
"CD14+PPBP+ Monocytes","Tem","ADGRE5","CD55",0.0352830053300061,0,"ADGRE5_CD55","ADGRE5 - CD55","ADGRE5","Cell-Cell Contact","PMID: 11297558","PBMC_Early"
"CD56highCD16low NK","Tem","ADGRE5","CD55",0.025814568673553,0,"ADGRE5_CD55","ADGRE5 - CD55","ADGRE5","Cell-Cell Contact","PMID: 11297558","PBMC_Early"
"Classical Monocytes","Tem","ADGRE5","CD55",0.041849844747964,0,"ADGRE5_CD55","ADGRE5 - CD55","ADGRE5","Cell-Cell Contact","PMID: 11297558","PBMC_Early"
"CX3CR1+ NK","Tem","ADGRE5","CD55",0.0418297864562148,0,"ADGRE5_CD55","ADGRE5 - CD55","ADGRE5","Cell-Cell Contact","PMID: 11297558","PBMC_Early"
"CXCR6+ NK","Tem","ADGRE5","CD55",0.0385937138574423,0,"ADGRE5_CD55","ADGRE5 - CD55","ADGRE5","Cell-Cell Contact","PMID: 11297558","PBMC_Early"
"DC2","Tem","ADGRE5","CD55",0.0273203730038364,0,"ADGRE5_CD55","ADGRE5 - CD55","ADGRE5","Cell-Cell Contact","PMID: 11297558","PBMC_Early"
"Gamma Delta V1 T","Tem","ADGRE5","CD55",0.0115910191757595,0,"ADGRE5_CD55","ADGRE5 - CD55","ADGRE5","Cell-Cell Contact","PMID: 11297558","PBMC_Early"
"Gamma Delta V2 T","Tem","ADGRE5","CD55",0.0128028621528362,0,"ADGRE5_CD55","ADGRE5 - CD55","ADGRE5","Cell-Cell Contact","PMID: 11297558","PBMC_Early"
"HSC_MPP","Tem","ADGRE5","CD55",0.004893835708938,0,"ADGRE5_CD55","ADGRE5 - CD55","ADGRE5","Cell-Cell Contact","PMID: 11297558","PBMC_Early"
"ILC2/3","Tem","ADGRE5","CD55",0.0125208217462413,0,"ADGRE5_CD55","ADGRE5 - CD55","ADGRE5","Cell-Cell Contact","PMID: 11297558","PBMC_Early"
"Myeloid-CD177","Tem","ADGRE5","CD55",0.0257576112811983,0,"ADGRE5_CD55","ADGRE5 - CD55","ADGRE5","Cell-Cell Contact","PMID: 11297558","PBMC_Early"
"Naïve CD4 T","Tem","ADGRE5","CD55",0.0109451228451336,0,"ADGRE5_CD55","ADGRE5 - CD55","ADGRE5","Cell-Cell Contact","PMID: 11297558","PBMC_Early"
"Naïve CD8 T","Tem","ADGRE5","CD55",0.0101750112935432,0,"ADGRE5_CD55","ADGRE5 - CD55","ADGRE5","Cell-Cell Contact","PMID: 11297558","PBMC_Early"
"NK T","Tem","ADGRE5","CD55",0.0145748244508453,0,"ADGRE5_CD55","ADGRE5 - CD55","ADGRE5","Cell-Cell Contact","PMID: 11297558","PBMC_Early"
"pDC","Tem","ADGRE5","CD55",0.0106805090262065,0,"ADGRE5_CD55","ADGRE5 - CD55","ADGRE5","Cell-Cell Contact","PMID: 11297558","PBMC_Early"
"Tem","Tem","ADGRE5","CD55",0.0121879628062291,0,"ADGRE5_CD55","ADGRE5 - CD55","ADGRE5","Cell-Cell Contact","PMID: 11297558","PBMC_Early"
"Th17like_INNATE_T","Tem","ADGRE5","CD55",0.0133445553003833,0,"ADGRE5_CD55","ADGRE5 - CD55","ADGRE5","Cell-Cell Contact","PMID: 11297558","PBMC_Early"
"Treg","Tem","ADGRE5","CD55",0.0107371120660675,0,"ADGRE5_CD55","ADGRE5 - CD55","ADGRE5","Cell-Cell Contact","PMID: 11297558","PBMC_Early"
"CD14+PPBP+ Monocytes","Th17like_INNATE_T","ADGRE5","CD55",0.0328702785492507,0,"ADGRE5_CD55","ADGRE5 - CD55","ADGRE5","Cell-Cell Contact","PMID: 11297558","PBMC_Early"
"CD56highCD16low NK","Th17like_INNATE_T","ADGRE5","CD55",0.0240331837642937,0,"ADGRE5_CD55","ADGRE5 - CD55","ADGRE5","Cell-Cell Contact","PMID: 11297558","PBMC_Early"
"Classical Monocytes","Th17like_INNATE_T","ADGRE5","CD55",0.0390062200842868,0,"ADGRE5_CD55","ADGRE5 - CD55","ADGRE5","Cell-Cell Contact","PMID: 11297558","PBMC_Early"
"CX3CR1+ NK","Th17like_INNATE_T","ADGRE5","CD55",0.0389874692608622,0,"ADGRE5_CD55","ADGRE5 - CD55","ADGRE5","Cell-Cell Contact","PMID: 11297558","PBMC_Early"
"CXCR6+ NK","Th17like_INNATE_T","ADGRE5","CD55",0.0359630333637301,0,"ADGRE5_CD55","ADGRE5 - CD55","ADGRE5","Cell-Cell Contact","PMID: 11297558","PBMC_Early"
"DC2","Th17like_INNATE_T","ADGRE5","CD55",0.0254377904239132,0,"ADGRE5_CD55","ADGRE5 - CD55","ADGRE5","Cell-Cell Contact","PMID: 11297558","PBMC_Early"
"Gamma Delta V1 T","Th17like_INNATE_T","ADGRE5","CD55",0.0107802966745105,0,"ADGRE5_CD55","ADGRE5 - CD55","ADGRE5","Cell-Cell Contact","PMID: 11297558","PBMC_Early"
"Gamma Delta V2 T","Th17like_INNATE_T","ADGRE5","CD55",0.011908399686372,0,"ADGRE5_CD55","ADGRE5 - CD55","ADGRE5","Cell-Cell Contact","PMID: 11297558","PBMC_Early"
"HSC_MPP","Th17like_INNATE_T","ADGRE5","CD55",0.00454938510607047,0,"ADGRE5_CD55","ADGRE5 - CD55","ADGRE5","Cell-Cell Contact","PMID: 11297558","PBMC_Early"
"ILC2/3","Th17like_INNATE_T","ADGRE5","CD55",0.0116458313717084,0,"ADGRE5_CD55","ADGRE5 - CD55","ADGRE5","Cell-Cell Contact","PMID: 11297558","PBMC_Early"
"Myeloid-CD177","Th17like_INNATE_T","ADGRE5","CD55",0.0239800600782916,0,"ADGRE5_CD55","ADGRE5 - CD55","ADGRE5","Cell-Cell Contact","PMID: 11297558","PBMC_Early"
"Naïve CD4 T","Th17like_INNATE_T","ADGRE5","CD55",0.0101791116808491,0,"ADGRE5_CD55","ADGRE5 - CD55","ADGRE5","Cell-Cell Contact","PMID: 11297558","PBMC_Early"
"Naïve CD8 T","Th17like_INNATE_T","ADGRE5","CD55",0.00946238192230344,0,"ADGRE5_CD55","ADGRE5 - CD55","ADGRE5","Cell-Cell Contact","PMID: 11297558","PBMC_Early"
"NK T","Th17like_INNATE_T","ADGRE5","CD55",0.013558265391177,0,"ADGRE5_CD55","ADGRE5 - CD55","ADGRE5","Cell-Cell Contact","PMID: 11297558","PBMC_Early"
"pDC","Th17like_INNATE_T","ADGRE5","CD55",0.00993283127905937,0,"ADGRE5_CD55","ADGRE5 - CD55","ADGRE5","Cell-Cell Contact","PMID: 11297558","PBMC_Early"
"Tem","Th17like_INNATE_T","ADGRE5","CD55",0.0113359665234575,0,"ADGRE5_CD55","ADGRE5 - CD55","ADGRE5","Cell-Cell Contact","PMID: 11297558","PBMC_Early"
"Th17like_INNATE_T","Th17like_INNATE_T","ADGRE5","CD55",0.0124127236956887,0,"ADGRE5_CD55","ADGRE5 - CD55","ADGRE5","Cell-Cell Contact","PMID: 11297558","PBMC_Early"
"Treg","Th17like_INNATE_T","ADGRE5","CD55",0.00998551187704244,0,"ADGRE5_CD55","ADGRE5 - CD55","ADGRE5","Cell-Cell Contact","PMID: 11297558","PBMC_Early"
"CD14+PPBP+ Monocytes","Treg","ADGRE5","CD55",0.0294180382802568,0,"ADGRE5_CD55","ADGRE5 - CD55","ADGRE5","Cell-Cell Contact","PMID: 11297558","PBMC_Early"
"CD56highCD16low NK","Treg","ADGRE5","CD55",0.0214884480887744,0,"ADGRE5_CD55","ADGRE5 - CD55","ADGRE5","Cell-Cell Contact","PMID: 11297558","PBMC_Early"
"Classical Monocytes","Treg","ADGRE5","CD55",0.0349328222678601,0,"ADGRE5_CD55","ADGRE5 - CD55","ADGRE5","Cell-Cell Contact","PMID: 11297558","PBMC_Early"
"CX3CR1+ NK","Treg","ADGRE5","CD55",0.0349159584370931,0,"ADGRE5_CD55","ADGRE5 - CD55","ADGRE5","Cell-Cell Contact","PMID: 11297558","PBMC_Early"
"CXCR6+ NK","Treg","ADGRE5","CD55",0.0321967864413483,0,"ADGRE5_CD55","ADGRE5 - CD55","ADGRE5","Cell-Cell Contact","PMID: 11297558","PBMC_Early"
"DC2","Treg","ADGRE5","CD55",0.0227477955167491,0,"ADGRE5_CD55","ADGRE5 - CD55","ADGRE5","Cell-Cell Contact","PMID: 11297558","PBMC_Early"
"Gamma Delta V1 T","Treg","ADGRE5","CD55",0.00962499394751886,0,"ADGRE5_CD55","ADGRE5 - CD55","ADGRE5","Cell-Cell Contact","PMID: 11297558","PBMC_Early"
"Gamma Delta V2 T","Treg","ADGRE5","CD55",0.0106334999899546,0,"ADGRE5_CD55","ADGRE5 - CD55","ADGRE5","Cell-Cell Contact","PMID: 11297558","PBMC_Early"
"HSC_MPP","Treg","ADGRE5","CD55",0.00405909663088411,0,"ADGRE5_CD55","ADGRE5 - CD55","ADGRE5","Cell-Cell Contact","PMID: 11297558","PBMC_Early"
"ILC2/3","Treg","ADGRE5","CD55",0.0103987461053478,0,"ADGRE5_CD55","ADGRE5 - CD55","ADGRE5","Cell-Cell Contact","PMID: 11297558","PBMC_Early"
"Myeloid-CD177","Treg","ADGRE5","CD55",0.0214408257908109,0,"ADGRE5_CD55","ADGRE5 - CD55","ADGRE5","Cell-Cell Contact","PMID: 11297558","PBMC_Early"
"Naïve CD4 T","Treg","ADGRE5","CD55",0.00908764486382366,0,"ADGRE5_CD55","ADGRE5 - CD55","ADGRE5","Cell-Cell Contact","PMID: 11297558","PBMC_Early"
"Naïve CD8 T","Treg","ADGRE5","CD55",0.00844711141329389,0,"ADGRE5_CD55","ADGRE5 - CD55","ADGRE5","Cell-Cell Contact","PMID: 11297558","PBMC_Early"
"NK T","Treg","ADGRE5","CD55",0.0121088975577859,0,"ADGRE5_CD55","ADGRE5 - CD55","ADGRE5","Cell-Cell Contact","PMID: 11297558","PBMC_Early"
"pDC","Treg","ADGRE5","CD55",0.00886753557862591,0,"ADGRE5_CD55","ADGRE5 - CD55","ADGRE5","Cell-Cell Contact","PMID: 11297558","PBMC_Early"
"Tem","Treg","ADGRE5","CD55",0.0101217230930545,0,"ADGRE5_CD55","ADGRE5 - CD55","ADGRE5","Cell-Cell Contact","PMID: 11297558","PBMC_Early"
"Th17like_INNATE_T","Treg","ADGRE5","CD55",0.0110844373333267,0,"ADGRE5_CD55","ADGRE5 - CD55","ADGRE5","Cell-Cell Contact","PMID: 11297558","PBMC_Early"
"Treg","Treg","ADGRE5","CD55",0.00891461705770826,0,"ADGRE5_CD55","ADGRE5 - CD55","ADGRE5","Cell-Cell Contact","PMID: 11297558","PBMC_Early"
"DC2","abTentry","ALCAM","CD6",0.0221690495107484,0,"ALCAM_CD6","ALCAM - CD6","ALCAM","Cell-Cell Contact","KEGG: hsa04514","PBMC_Early"
"HSC_MPP","abTentry","ALCAM","CD6",0.00619887000259252,0,"ALCAM_CD6","ALCAM - CD6","ALCAM","Cell-Cell Contact","KEGG: hsa04514","PBMC_Early"
"pDC","abTentry","ALCAM","CD6",0.00844307484020282,0,"ALCAM_CD6","ALCAM - CD6","ALCAM","Cell-Cell Contact","KEGG: hsa04514","PBMC_Early"
"DC2","Gamma Delta V2 T","ALCAM","CD6",0.00609588123039787,0,"ALCAM_CD6","ALCAM - CD6","ALCAM","Cell-Cell Contact","KEGG: hsa04514","PBMC_Early"
"HSC_MPP","Gamma Delta V2 T","ALCAM","CD6",0.0016845718458521,0,"ALCAM_CD6","ALCAM - CD6","ALCAM","Cell-Cell Contact","KEGG: hsa04514","PBMC_Early"
"pDC","Gamma Delta V2 T","ALCAM","CD6",0.0022982244711458,0,"ALCAM_CD6","ALCAM - CD6","ALCAM","Cell-Cell Contact","KEGG: hsa04514","PBMC_Early"
"DC2","Naïve CD4 T","ALCAM","CD6",0.0199480571274747,0,"ALCAM_CD6","ALCAM - CD6","ALCAM","Cell-Cell Contact","KEGG: hsa04514","PBMC_Early"
"HSC_MPP","Naïve CD4 T","ALCAM","CD6",0.00556872832660747,0,"ALCAM_CD6","ALCAM - CD6","ALCAM","Cell-Cell Contact","KEGG: hsa04514","PBMC_Early"
"pDC","Naïve CD4 T","ALCAM","CD6",0.00758654167029593,0,"ALCAM_CD6","ALCAM - CD6","ALCAM","Cell-Cell Contact","KEGG: hsa04514","PBMC_Early"
"DC2","Naïve CD8 T","ALCAM","CD6",0.0184332802106873,0,"ALCAM_CD6","ALCAM - CD6","ALCAM","Cell-Cell Contact","KEGG: hsa04514","PBMC_Early"
"HSC_MPP","Naïve CD8 T","ALCAM","CD6",0.00514013422271961,0,"ALCAM_CD6","ALCAM - CD6","ALCAM","Cell-Cell Contact","KEGG: hsa04514","PBMC_Early"
"pDC","Naïve CD8 T","ALCAM","CD6",0.00700374144665585,0,"ALCAM_CD6","ALCAM - CD6","ALCAM","Cell-Cell Contact","KEGG: hsa04514","PBMC_Early"
"DC2","NK T","ALCAM","CD6",0.00843989901963853,0,"ALCAM_CD6","ALCAM - CD6","ALCAM","Cell-Cell Contact","KEGG: hsa04514","PBMC_Early"
"HSC_MPP","NK T","ALCAM","CD6",0.00233631888074633,0,"ALCAM_CD6","ALCAM - CD6","ALCAM","Cell-Cell Contact","KEGG: hsa04514","PBMC_Early"
"pDC","NK T","ALCAM","CD6",0.00318663083775564,0,"ALCAM_CD6","ALCAM - CD6","ALCAM","Cell-Cell Contact","KEGG: hsa04514","PBMC_Early"
"DC2","Tem","ALCAM","CD6",0.0239637977215127,0,"ALCAM_CD6","ALCAM - CD6","ALCAM","Cell-Cell Contact","KEGG: hsa04514","PBMC_Early"
"HSC_MPP","Tem","ALCAM","CD6",0.00670958581268293,0,"ALCAM_CD6","ALCAM - CD6","ALCAM","Cell-Cell Contact","KEGG: hsa04514","PBMC_Early"
"pDC","Tem","ALCAM","CD6",0.00913698745924262,0,"ALCAM_CD6","ALCAM - CD6","ALCAM","Cell-Cell Contact","KEGG: hsa04514","PBMC_Early"
"DC2","Th17like_INNATE_T","ALCAM","CD6",0.0218545890171449,0,"ALCAM_CD6","ALCAM - CD6","ALCAM","Cell-Cell Contact","KEGG: hsa04514","PBMC_Early"
"HSC_MPP","Th17like_INNATE_T","ALCAM","CD6",0.00610952574308078,0,"ALCAM_CD6","ALCAM - CD6","ALCAM","Cell-Cell Contact","KEGG: hsa04514","PBMC_Early"
"pDC","Th17like_INNATE_T","ALCAM","CD6",0.0083216557246331,0,"ALCAM_CD6","ALCAM - CD6","ALCAM","Cell-Cell Contact","KEGG: hsa04514","PBMC_Early"
"DC2","Treg","ALCAM","CD6",0.00833895047329421,0,"ALCAM_CD6","ALCAM - CD6","ALCAM","Cell-Cell Contact","KEGG: hsa04514","PBMC_Early"
"HSC_MPP","Treg","ALCAM","CD6",0.00230820452841225,0,"ALCAM_CD6","ALCAM - CD6","ALCAM","Cell-Cell Contact","KEGG: hsa04514","PBMC_Early"
"pDC","Treg","ALCAM","CD6",0.00314831645222417,0,"ALCAM_CD6","ALCAM - CD6","ALCAM","Cell-Cell Contact","KEGG: hsa04514","PBMC_Early"
"abTentry","abTentry","APP","CD74",0.00548829942044185,0,"APP_CD74","APP - CD74","APP","Cell-Cell Contact","PMID: 19849849","PBMC_Early"
"CD14+PPBP+ Monocytes","abTentry","APP","CD74",0.0052725669955585,0,"APP_CD74","APP - CD74","APP","Cell-Cell Contact","PMID: 19849849","PBMC_Early"
"CXCR5- Naïve B","abTentry","APP","CD74",0.00446363295881236,0,"APP_CD74","APP - CD74","APP","Cell-Cell Contact","PMID: 19849849","PBMC_Early"
"CXCR5+ Naïve B","abTentry","APP","CD74",0.00405013726192152,0,"APP_CD74","APP - CD74","APP","Cell-Cell Contact","PMID: 19849849","PBMC_Early"
"DC2","abTentry","APP","CD74",0.00323959025101804,0,"APP_CD74","APP - CD74","APP","Cell-Cell Contact","PMID: 19849849","PBMC_Early"
"HSC_MPP","abTentry","APP","CD74",0.012581006987247,0,"APP_CD74","APP - CD74","APP","Cell-Cell Contact","PMID: 19849849","PBMC_Early"
"ILC2/3","abTentry","APP","CD74",0.00471904956690554,0.03,"APP_CD74","APP - CD74","APP","Cell-Cell Contact","PMID: 19849849","PBMC_Early"
"Megakaryocytes","abTentry","APP","CD74",0.00738801344573397,0,"APP_CD74","APP - CD74","APP","Cell-Cell Contact","PMID: 19849849","PBMC_Early"
"MEMP","abTentry","APP","CD74",0.0022810155396223,0,"APP_CD74","APP - CD74","APP","Cell-Cell Contact","PMID: 19849849","PBMC_Early"
"Naïve CD4 T","abTentry","APP","CD74",0.00388705920242326,0,"APP_CD74","APP - CD74","APP","Cell-Cell Contact","PMID: 19849849","PBMC_Early"
"pDC","abTentry","APP","CD74",0.0415605869282604,0,"APP_CD74","APP - CD74","APP","Cell-Cell Contact","PMID: 19849849","PBMC_Early"
"Pro-B","abTentry","APP","CD74",0.0106873368967321,0,"APP_CD74","APP - CD74","APP","Cell-Cell Contact","PMID: 19849849","PBMC_Early"
"Treg","abTentry","APP","CD74",0.00305310639502742,0,"APP_CD74","APP - CD74","APP","Cell-Cell Contact","PMID: 19849849","PBMC_Early"
"abTentry","CD14+PPBP+ Monocytes","APP","CD74",0.0488756866021944,0,"APP_CD74","APP - CD74","APP","Cell-Cell Contact","PMID: 19849849","PBMC_Early"
"CD14+PPBP+ Monocytes","CD14+PPBP+ Monocytes","APP","CD74",0.0470351549769499,0,"APP_CD74","APP - CD74","APP","Cell-Cell Contact","PMID: 19849849","PBMC_Early"
"CXCR5- Naïve B","CD14+PPBP+ Monocytes","APP","CD74",0.0400770201340151,0,"APP_CD74","APP - CD74","APP","Cell-Cell Contact","PMID: 19849849","PBMC_Early"
"CXCR5+ Naïve B","CD14+PPBP+ Monocytes","APP","CD74",0.0364853305394415,0,"APP_CD74","APP - CD74","APP","Cell-Cell Contact","PMID: 19849849","PBMC_Early"
"DC2","CD14+PPBP+ Monocytes","APP","CD74",0.0293750386850705,0,"APP_CD74","APP - CD74","APP","Cell-Cell Contact","PMID: 19849849","PBMC_Early"
"HSC_MPP","CD14+PPBP+ Monocytes","APP","CD74",0.106059642564956,0,"APP_CD74","APP - CD74","APP","Cell-Cell Contact","PMID: 19849849","PBMC_Early"
"ILC2/3","CD14+PPBP+ Monocytes","APP","CD74",0.0422837402260984,0,"APP_CD74","APP - CD74","APP","Cell-Cell Contact","PMID: 19849849","PBMC_Early"
"Megakaryocytes","CD14+PPBP+ Monocytes","APP","CD74",0.0648147008759157,0,"APP_CD74","APP - CD74","APP","Cell-Cell Contact","PMID: 19849849","PBMC_Early"
"MEMP","CD14+PPBP+ Monocytes","APP","CD74",0.0208448704064486,0,"APP_CD74","APP - CD74","APP","Cell-Cell Contact","PMID: 19849849","PBMC_Early"
"Naïve CD4 T","CD14+PPBP+ Monocytes","APP","CD74",0.0350622325637497,0,"APP_CD74","APP - CD74","APP","Cell-Cell Contact","PMID: 19849849","PBMC_Early"
"pDC","CD14+PPBP+ Monocytes","APP","CD74",0.287637613042956,0,"APP_CD74","APP - CD74","APP","Cell-Cell Contact","PMID: 19849849","PBMC_Early"
"Pro-B","CD14+PPBP+ Monocytes","APP","CD74",0.0913981177587671,0,"APP_CD74","APP - CD74","APP","Cell-Cell Contact","PMID: 19849849","PBMC_Early"
"Treg","CD14+PPBP+ Monocytes","APP","CD74",0.0277259413933054,0,"APP_CD74","APP - CD74","APP","Cell-Cell Contact","PMID: 19849849","PBMC_Early"
"abTentry","CD56highCD16low NK","APP","CD74",0.00667413202614421,0,"APP_CD74","APP - CD74","APP","Cell-Cell Contact","PMID: 19849849","PBMC_Early"
"CD14+PPBP+ Monocytes","CD56highCD16low NK","APP","CD74",0.00641208778133156,0,"APP_CD74","APP - CD74","APP","Cell-Cell Contact","PMID: 19849849","PBMC_Early"
"CXCR5- Naïve B","CD56highCD16low NK","APP","CD74",0.00542927905915175,0,"APP_CD74","APP - CD74","APP","Cell-Cell Contact","PMID: 19849849","PBMC_Early"
"CXCR5+ Naïve B","CD56highCD16low NK","APP","CD74",0.00492677190515085,0,"APP_CD74","APP - CD74","APP","Cell-Cell Contact","PMID: 19849849","PBMC_Early"
"DC2","CD56highCD16low NK","APP","CD74",0.00394147981222885,0,"APP_CD74","APP - CD74","APP","Cell-Cell Contact","PMID: 19849849","PBMC_Early"
"HSC_MPP","CD56highCD16low NK","APP","CD74",0.015275790391867,0,"APP_CD74","APP - CD74","APP","Cell-Cell Contact","PMID: 19849849","PBMC_Early"
"ILC2/3","CD56highCD16low NK","APP","CD74",0.00573963299559754,0.02,"APP_CD74","APP - CD74","APP","Cell-Cell Contact","PMID: 19849849","PBMC_Early"
"Megakaryocytes","CD56highCD16low NK","APP","CD74",0.00898060232103931,0,"APP_CD74","APP - CD74","APP","Cell-Cell Contact","PMID: 19849849","PBMC_Early"
"MEMP","CD56highCD16low NK","APP","CD74",0.00277579868717795,0,"APP_CD74","APP - CD74","APP","Cell-Cell Contact","PMID: 19849849","PBMC_Early"
"Naïve CD4 T","CD56highCD16low NK","APP","CD74",0.00472856389242153,0,"APP_CD74","APP - CD74","APP","Cell-Cell Contact","PMID: 19849849","PBMC_Early"
"pDC","CD56highCD16low NK","APP","CD74",0.0501473946033571,0,"APP_CD74","APP - CD74","APP","Cell-Cell Contact","PMID: 19849849","PBMC_Early"
"Pro-B","CD56highCD16low NK","APP","CD74",0.0129818391517644,0,"APP_CD74","APP - CD74","APP","Cell-Cell Contact","PMID: 19849849","PBMC_Early"
"Treg","CD56highCD16low NK","APP","CD74",0.00371474294435416,0,"APP_CD74","APP - CD74","APP","Cell-Cell Contact","PMID: 19849849","PBMC_Early"
"abTentry","Classical Monocytes","APP","CD74",0.0534690583806221,0,"APP_CD74","APP - CD74","APP","Cell-Cell Contact","PMID: 19849849","PBMC_Early"
"CD14+PPBP+ Monocytes","Classical Monocytes","APP","CD74",0.0514649118559535,0,"APP_CD74","APP - CD74","APP","Cell-Cell Contact","PMID: 19849849","PBMC_Early"
"CXCR5- Naïve B","Classical Monocytes","APP","CD74",0.0438816375599099,0,"APP_CD74","APP - CD74","APP","Cell-Cell Contact","PMID: 19849849","PBMC_Early"
"CXCR5+ Naïve B","Classical Monocytes","APP","CD74",0.0399631744646674,0,"APP_CD74","APP - CD74","APP","Cell-Cell Contact","PMID: 19849849","PBMC_Early"
"DC2","Classical Monocytes","APP","CD74",0.0321977663410723,0,"APP_CD74","APP - CD74","APP","Cell-Cell Contact","PMID: 19849849","PBMC_Early"
"HSC_MPP","Classical Monocytes","APP","CD74",0.115375291968889,0,"APP_CD74","APP - CD74","APP","Cell-Cell Contact","PMID: 19849849","PBMC_Early"
"ILC2/3","Classical Monocytes","APP","CD74",0.046287745768286,0,"APP_CD74","APP - CD74","APP","Cell-Cell Contact","PMID: 19849849","PBMC_Early"
"Megakaryocytes","Classical Monocytes","APP","CD74",0.0707945356879041,0,"APP_CD74","APP - CD74","APP","Cell-Cell Contact","PMID: 19849849","PBMC_Early"
"MEMP","Classical Monocytes","APP","CD74",0.0228672221432811,0,"APP_CD74","APP - CD74","APP","Cell-Cell Contact","PMID: 19849849","PBMC_Early"
"Naïve CD4 T","Classical Monocytes","APP","CD74",0.0384098320393564,0,"APP_CD74","APP - CD74","APP","Cell-Cell Contact","PMID: 19849849","PBMC_Early"
"pDC","Classical Monocytes","APP","CD74",0.307417380246844,0,"APP_CD74","APP - CD74","APP","Cell-Cell Contact","PMID: 19849849","PBMC_Early"
"Pro-B","Classical Monocytes","APP","CD74",0.099569422318767,0,"APP_CD74","APP - CD74","APP","Cell-Cell Contact","PMID: 19849849","PBMC_Early"
"Treg","Classical Monocytes","APP","CD74",0.0303951651670061,0,"APP_CD74","APP - CD74","APP","Cell-Cell Contact","PMID: 19849849","PBMC_Early"
"abTentry","CX3CR1+ NK","APP","CD74",0.0218517316858361,0,"APP_CD74","APP - CD74","APP","Cell-Cell Contact","PMID: 19849849","PBMC_Early"
"CD14+PPBP+ Monocytes","CX3CR1+ NK","APP","CD74",0.0210063764333653,0,"APP_CD74","APP - CD74","APP","Cell-Cell Contact","PMID: 19849849","PBMC_Early"
"CXCR5- Naïve B","CX3CR1+ NK","APP","CD74",0.0178267718910485,0,"APP_CD74","APP - CD74","APP","Cell-Cell Contact","PMID: 19849849","PBMC_Early"
"CXCR5+ Naïve B","CX3CR1+ NK","APP","CD74",0.0161954992405185,0,"APP_CD74","APP - CD74","APP","Cell-Cell Contact","PMID: 19849849","PBMC_Early"
"DC2","CX3CR1+ NK","APP","CD74",0.0129860143669575,0,"APP_CD74","APP - CD74","APP","Cell-Cell Contact","PMID: 19849849","PBMC_Early"
"HSC_MPP","CX3CR1+ NK","APP","CD74",0.0490484821173527,0,"APP_CD74","APP - CD74","APP","Cell-Cell Contact","PMID: 19849849","PBMC_Early"
"ILC2/3","CX3CR1+ NK","APP","CD74",0.0188323848893782,0,"APP_CD74","APP - CD74","APP","Cell-Cell Contact","PMID: 19849849","PBMC_Early"
"Megakaryocytes","CX3CR1+ NK","APP","CD74",0.0292488859164119,0,"APP_CD74","APP - CD74","APP","Cell-Cell Contact","PMID: 19849849","PBMC_Early"
"MEMP","CX3CR1+ NK","APP","CD74",0.00917006462360757,0,"APP_CD74","APP - CD74","APP","Cell-Cell Contact","PMID: 19849849","PBMC_Early"
"Naïve CD4 T","CX3CR1+ NK","APP","CD74",0.0155510261899279,0,"APP_CD74","APP - CD74","APP","Cell-Cell Contact","PMID: 19849849","PBMC_Early"
"pDC","CX3CR1+ NK","APP","CD74",0.149325416226565,0,"APP_CD74","APP - CD74","APP","Cell-Cell Contact","PMID: 19849849","PBMC_Early"
"Pro-B","CX3CR1+ NK","APP","CD74",0.0418987075912765,0,"APP_CD74","APP - CD74","APP","Cell-Cell Contact","PMID: 19849849","PBMC_Early"
"Treg","CX3CR1+ NK","APP","CD74",0.0122453796225446,0,"APP_CD74","APP - CD74","APP","Cell-Cell Contact","PMID: 19849849","PBMC_Early"
"abTentry","CXCR5- Naïve B","APP","CD74",0.0750255012653412,0,"APP_CD74","APP - CD74","APP","Cell-Cell Contact","PMID: 19849849","PBMC_Early"
"CD14+PPBP+ Monocytes","CXCR5- Naïve B","APP","CD74",0.0722750644751204,0,"APP_CD74","APP - CD74","APP","Cell-Cell Contact","PMID: 19849849","PBMC_Early"
"CXCR5- Naïve B","CXCR5- Naïve B","APP","CD74",0.0618253103254404,0,"APP_CD74","APP - CD74","APP","Cell-Cell Contact","PMID: 19849849","PBMC_Early"
"CXCR5+ Naïve B","CXCR5- Naïve B","APP","CD74",0.0563990614141449,0,"APP_CD74","APP - CD74","APP","Cell-Cell Contact","PMID: 19849849","PBMC_Early"
"DC2","CXCR5- Naïve B","APP","CD74",0.0455915969154676,0,"APP_CD74","APP - CD74","APP","Cell-Cell Contact","PMID: 19849849","PBMC_Early"
"HSC_MPP","CXCR5- Naïve B","APP","CD74",0.157730673694257,0,"APP_CD74","APP - CD74","APP","Cell-Cell Contact","PMID: 19849849","PBMC_Early"
"ILC2/3","CXCR5- Naïve B","APP","CD74",0.0651482618857948,0,"APP_CD74","APP - CD74","APP","Cell-Cell Contact","PMID: 19849849","PBMC_Early"
"Megakaryocytes","CXCR5- Naïve B","APP","CD74",0.0986081959080198,0,"APP_CD74","APP - CD74","APP","Cell-Cell Contact","PMID: 19849849","PBMC_Early"
"MEMP","CXCR5- Naïve B","APP","CD74",0.0325100557489765,0,"APP_CD74","APP - CD74","APP","Cell-Cell Contact","PMID: 19849849","PBMC_Early"
"Naïve CD4 T","CXCR5- Naïve B","APP","CD74",0.0542429625587503,0,"APP_CD74","APP - CD74","APP","Cell-Cell Contact","PMID: 19849849","PBMC_Early"
"pDC","CXCR5- Naïve B","APP","CD74",0.389251701591788,0,"APP_CD74","APP - CD74","APP","Cell-Cell Contact","PMID: 19849849","PBMC_Early"
"Pro-B","CXCR5- Naïve B","APP","CD74",0.137021074365495,0,"APP_CD74","APP - CD74","APP","Cell-Cell Contact","PMID: 19849849","PBMC_Early"
"Treg","CXCR5- Naïve B","APP","CD74",0.0430725110707213,0,"APP_CD74","APP - CD74","APP","Cell-Cell Contact","PMID: 19849849","PBMC_Early"
"abTentry","CXCR5+ Naïve B","APP","CD74",0.0749961592157381,0,"APP_CD74","APP - CD74","APP","Cell-Cell Contact","PMID: 19849849","PBMC_Early"
"CD14+PPBP+ Monocytes","CXCR5+ Naïve B","APP","CD74",0.072246714087957,0,"APP_CD74","APP - CD74","APP","Cell-Cell Contact","PMID: 19849849","PBMC_Early"
"CXCR5- Naïve B","CXCR5+ Naïve B","APP","CD74",0.0618007858698764,0,"APP_CD74","APP - CD74","APP","Cell-Cell Contact","PMID: 19849849","PBMC_Early"
"CXCR5+ Naïve B","CXCR5+ Naïve B","APP","CD74",0.0563765600627393,0,"APP_CD74","APP - CD74","APP","Cell-Cell Contact","PMID: 19849849","PBMC_Early"
"DC2","CXCR5+ Naïve B","APP","CD74",0.0455731991348625,0,"APP_CD74","APP - CD74","APP","Cell-Cell Contact","PMID: 19849849","PBMC_Early"
"HSC_MPP","CXCR5+ Naïve B","APP","CD74",0.157674499854383,0,"APP_CD74","APP - CD74","APP","Cell-Cell Contact","PMID: 19849849","PBMC_Early"
"ILC2/3","CXCR5+ Naïve B","APP","CD74",0.0651225108002684,0,"APP_CD74","APP - CD74","APP","Cell-Cell Contact","PMID: 19849849","PBMC_Early"
"Megakaryocytes","CXCR5+ Naïve B","APP","CD74",0.0985706136620823,0,"APP_CD74","APP - CD74","APP","Cell-Cell Contact","PMID: 19849849","PBMC_Early"
"MEMP","CXCR5+ Naïve B","APP","CD74",0.0324967570808306,0,"APP_CD74","APP - CD74","APP","Cell-Cell Contact","PMID: 19849849","PBMC_Early"
"Naïve CD4 T","CXCR5+ Naïve B","APP","CD74",0.0542212719895838,0,"APP_CD74","APP - CD74","APP","Cell-Cell Contact","PMID: 19849849","PBMC_Early"
"pDC","CXCR5+ Naïve B","APP","CD74",0.389151170066632,0,"APP_CD74","APP - CD74","APP","Cell-Cell Contact","PMID: 19849849","PBMC_Early"
"Pro-B","CXCR5+ Naïve B","APP","CD74",0.136971076585123,0,"APP_CD74","APP - CD74","APP","Cell-Cell Contact","PMID: 19849849","PBMC_Early"
"Treg","CXCR5+ Naïve B","APP","CD74",0.0430550839702113,0,"APP_CD74","APP - CD74","APP","Cell-Cell Contact","PMID: 19849849","PBMC_Early"
"abTentry","CXCR6+ NK","APP","CD74",0.0345669096140205,0,"APP_CD74","APP - CD74","APP","Cell-Cell Contact","PMID: 19849849","PBMC_Early"
"CD14+PPBP+ Monocytes","CXCR6+ NK","APP","CD74",0.0332463746747846,0,"APP_CD74","APP - CD74","APP","Cell-Cell Contact","PMID: 19849849","PBMC_Early"
"CXCR5- Naïve B","CXCR6+ NK","APP","CD74",0.0282675725806092,0,"APP_CD74","APP - CD74","APP","Cell-Cell Contact","PMID: 19849849","PBMC_Early"
"CXCR5+ Naïve B","CXCR6+ NK","APP","CD74",0.0257058999325649,0,"APP_CD74","APP - CD74","APP","Cell-Cell Contact","PMID: 19849849","PBMC_Early"
"DC2","CXCR6+ NK","APP","CD74",0.0206512875623153,0,"APP_CD74","APP - CD74","APP","Cell-Cell Contact","PMID: 19849849","PBMC_Early"
"HSC_MPP","CXCR6+ NK","APP","CD74",0.0763537013923723,0,"APP_CD74","APP - CD74","APP","Cell-Cell Contact","PMID: 19849849","PBMC_Early"
"ILC2/3","CXCR6+ NK","APP","CD74",0.0298442575965178,0,"APP_CD74","APP - CD74","APP","Cell-Cell Contact","PMID: 19849849","PBMC_Early"
"Megakaryocytes","CXCR6+ NK","APP","CD74",0.0460656418826204,0,"APP_CD74","APP - CD74","APP","Cell-Cell Contact","PMID: 19849849","PBMC_Early"
"MEMP","CXCR6+ NK","APP","CD74",0.0146162471925591,0,"APP_CD74","APP - CD74","APP","Cell-Cell Contact","PMID: 19849849","PBMC_Early"
"Naïve CD4 T","CXCR6+ NK","APP","CD74",0.0246924749678348,0,"APP_CD74","APP - CD74","APP","Cell-Cell Contact","PMID: 19849849","PBMC_Early"
"pDC","CXCR6+ NK","APP","CD74",0.219565436943116,0,"APP_CD74","APP - CD74","APP","Cell-Cell Contact","PMID: 19849849","PBMC_Early"
"Pro-B","CXCR6+ NK","APP","CD74",0.0654978029930367,0,"APP_CD74","APP - CD74","APP","Cell-Cell Contact","PMID: 19849849","PBMC_Early"
"Treg","CXCR6+ NK","APP","CD74",0.0194821064509891,0,"APP_CD74","APP - CD74","APP","Cell-Cell Contact","PMID: 19849849","PBMC_Early"
"abTentry","DC2","APP","CD74",0.0731570615455344,0,"APP_CD74","APP - CD74","APP","Cell-Cell Contact","PMID: 19849849","PBMC_Early"
"CD14+PPBP+ Monocytes","DC2","APP","CD74",0.0704699033021172,0,"APP_CD74","APP - CD74","APP","Cell-Cell Contact","PMID: 19849849","PBMC_Early"
"CXCR5- Naïve B","DC2","APP","CD74",0.0602641909244855,0,"APP_CD74","APP - CD74","APP","Cell-Cell Contact","PMID: 19849849","PBMC_Early"
"CXCR5+ Naïve B","DC2","APP","CD74",0.0549669298298444,0,"APP_CD74","APP - CD74","APP","Cell-Cell Contact","PMID: 19849849","PBMC_Early"
"DC2","DC2","APP","CD74",0.044420978232526,0,"APP_CD74","APP - CD74","APP","Cell-Cell Contact","PMID: 19849849","PBMC_Early"
"HSC_MPP","DC2","APP","CD74",0.154145784668613,0,"APP_CD74","APP - CD74","APP","Cell-Cell Contact","PMID: 19849849","PBMC_Early"
"ILC2/3","DC2","APP","CD74",0.0635089162825455,0,"APP_CD74","APP - CD74","APP","Cell-Cell Contact","PMID: 19849849","PBMC_Early"
"Megakaryocytes","DC2","APP","CD74",0.0962135412933995,0,"APP_CD74","APP - CD74","APP","Cell-Cell Contact","PMID: 19849849","PBMC_Early"
"MEMP","DC2","APP","CD74",0.0316641777048421,0,"APP_CD74","APP - CD74","APP","Cell-Cell Contact","PMID: 19849849","PBMC_Early"
"Naïve CD4 T","DC2","APP","CD74",0.0528625132394646,0,"APP_CD74","APP - CD74","APP","Cell-Cell Contact","PMID: 19849849","PBMC_Early"
"pDC","DC2","APP","CD74",0.382796302770734,0,"APP_CD74","APP - CD74","APP","Cell-Cell Contact","PMID: 19849849","PBMC_Early"
"Pro-B","DC2","APP","CD74",0.133832081832978,0,"APP_CD74","APP - CD74","APP","Cell-Cell Contact","PMID: 19849849","PBMC_Early"
"Treg","DC2","APP","CD74",0.0419637290302086,0,"APP_CD74","APP - CD74","APP","Cell-Cell Contact","PMID: 19849849","PBMC_Early"
"abTentry","Gamma Delta V1 T","APP","CD74",0.00478294052271184,0,"APP_CD74","APP - CD74","APP","Cell-Cell Contact","PMID: 19849849","PBMC_Early"
"CD14+PPBP+ Monocytes","Gamma Delta V1 T","APP","CD74",0.00459480603468368,0,"APP_CD74","APP - CD74","APP","Cell-Cell Contact","PMID: 19849849","PBMC_Early"
"CXCR5- Naïve B","Gamma Delta V1 T","APP","CD74",0.00388944965992959,0,"APP_CD74","APP - CD74","APP","Cell-Cell Contact","PMID: 19849849","PBMC_Early"
"CXCR5+ Naïve B","Gamma Delta V1 T","APP","CD74",0.00352895579270944,0,"APP_CD74","APP - CD74","APP","Cell-Cell Contact","PMID: 19849849","PBMC_Early"
"DC2","Gamma Delta V1 T","APP","CD74",0.00282241634961929,0,"APP_CD74","APP - CD74","APP","Cell-Cell Contact","PMID: 19849849","PBMC_Early"
"HSC_MPP","Gamma Delta V1 T","APP","CD74",0.0109741486612211,0,"APP_CD74","APP - CD74","APP","Cell-Cell Contact","PMID: 19849849","PBMC_Early"
"ILC2/3","Gamma Delta V1 T","APP","CD74",0.00411214624437842,0.01,"APP_CD74","APP - CD74","APP","Cell-Cell Contact","PMID: 19849849","PBMC_Early"
"Megakaryocytes","Gamma Delta V1 T","APP","CD74",0.00644008341957721,0,"APP_CD74","APP - CD74","APP","Cell-Cell Contact","PMID: 19849849","PBMC_Early"
"MEMP","Gamma Delta V1 T","APP","CD74",0.00198703473940949,0,"APP_CD74","APP - CD74","APP","Cell-Cell Contact","PMID: 19849849","PBMC_Early"
"Naïve CD4 T","Gamma Delta V1 T","APP","CD74",0.00338679165096365,0,"APP_CD74","APP - CD74","APP","Cell-Cell Contact","PMID: 19849849","PBMC_Early"
"pDC","Gamma Delta V1 T","APP","CD74",0.0363888307984183,0,"APP_CD74","APP - CD74","APP","Cell-Cell Contact","PMID: 19849849","PBMC_Early"
"Pro-B","Gamma Delta V1 T","APP","CD74",0.00932005705527993,0,"APP_CD74","APP - CD74","APP","Cell-Cell Contact","PMID: 19849849","PBMC_Early"
"Treg","Gamma Delta V1 T","APP","CD74",0.00265988262017004,0,"APP_CD74","APP - CD74","APP","Cell-Cell Contact","PMID: 19849849","PBMC_Early"
"abTentry","Gamma Delta V2 T","APP","CD74",0.0190296518299931,0,"APP_CD74","APP - CD74","APP","Cell-Cell Contact","PMID: 19849849","PBMC_Early"
"CD14+PPBP+ Monocytes","Gamma Delta V2 T","APP","CD74",0.0182914298738897,0,"APP_CD74","APP - CD74","APP","Cell-Cell Contact","PMID: 19849849","PBMC_Early"
"CXCR5- Naïve B","Gamma Delta V2 T","APP","CD74",0.0155162567665014,0,"APP_CD74","APP - CD74","APP","Cell-Cell Contact","PMID: 19849849","PBMC_Early"
"CXCR5+ Naïve B","Gamma Delta V2 T","APP","CD74",0.014093378375611,0,"APP_CD74","APP - CD74","APP","Cell-Cell Contact","PMID: 19849849","PBMC_Early"
"DC2","Gamma Delta V2 T","APP","CD74",0.0112956907266484,0,"APP_CD74","APP - CD74","APP","Cell-Cell Contact","PMID: 19849849","PBMC_Early"
"HSC_MPP","Gamma Delta V2 T","APP","CD74",0.0428679625649967,0,"APP_CD74","APP - CD74","APP","Cell-Cell Contact","PMID: 19849849","PBMC_Early"
"ILC2/3","Gamma Delta V2 T","APP","CD74",0.0163937084701013,0,"APP_CD74","APP - CD74","APP","Cell-Cell Contact","PMID: 19849849","PBMC_Early"
"Megakaryocytes","Gamma Delta V2 T","APP","CD74",0.0254963890295003,0,"APP_CD74","APP - CD74","APP","Cell-Cell Contact","PMID: 19849849","PBMC_Early"
"MEMP","Gamma Delta V2 T","APP","CD74",0.00797243178167997,0,"APP_CD74","APP - CD74","APP","Cell-Cell Contact","PMID: 19849849","PBMC_Early"
"Naïve CD4 T","Gamma Delta V2 T","APP","CD74",0.0135314051996173,0,"APP_CD74","APP - CD74","APP","Cell-Cell Contact","PMID: 19849849","PBMC_Early"
"pDC","Gamma Delta V2 T","APP","CD74",0.132266651407465,0,"APP_CD74","APP - CD74","APP","Cell-Cell Contact","PMID: 19849849","PBMC_Early"
"Pro-B","Gamma Delta V2 T","APP","CD74",0.0365844593951135,0,"APP_CD74","APP - CD74","APP","Cell-Cell Contact","PMID: 19849849","PBMC_Early"
"Treg","Gamma Delta V2 T","APP","CD74",0.0106504203922123,0,"APP_CD74","APP - CD74","APP","Cell-Cell Contact","PMID: 19849849","PBMC_Early"
"abTentry","HSC_MPP","APP","CD74",0.043876409341073,0,"APP_CD74","APP - CD74","APP","Cell-Cell Contact","PMID: 19849849","PBMC_Early"
"CD14+PPBP+ Monocytes","HSC_MPP","APP","CD74",0.0422157815970286,0,"APP_CD74","APP - CD74","APP","Cell-Cell Contact","PMID: 19849849","PBMC_Early"
"CXCR5- Naïve B","HSC_MPP","APP","CD74",0.0359437086544543,0,"APP_CD74","APP - CD74","APP","Cell-Cell Contact","PMID: 19849849","PBMC_Early"
"CXCR5+ Naïve B","HSC_MPP","APP","CD74",0.0327098226592813,0,"APP_CD74","APP - CD74","APP","Cell-Cell Contact","PMID: 19849849","PBMC_Early"
"DC2","HSC_MPP","APP","CD74",0.0263152097189582,0,"APP_CD74","APP - CD74","APP","Cell-Cell Contact","PMID: 19849849","PBMC_Early"
"HSC_MPP","HSC_MPP","APP","CD74",0.0958004121890794,0,"APP_CD74","APP - CD74","APP","Cell-Cell Contact","PMID: 19849849","PBMC_Early"
"ILC2/3","HSC_MPP","APP","CD74",0.0379318336967817,0,"APP_CD74","APP - CD74","APP","Cell-Cell Contact","PMID: 19849849","PBMC_Early"
"Megakaryocytes","HSC_MPP","APP","CD74",0.0582849993838552,0,"APP_CD74","APP - CD74","APP","Cell-Cell Contact","PMID: 19849849","PBMC_Early"
"MEMP","HSC_MPP","APP","CD74",0.0186565013389069,0,"APP_CD74","APP - CD74","APP","Cell-Cell Contact","PMID: 19849849","PBMC_Early"
"Naïve CD4 T","HSC_MPP","APP","CD74",0.031429183493205,0,"APP_CD74","APP - CD74","APP","Cell-Cell Contact","PMID: 19849849","PBMC_Early"
"pDC","HSC_MPP","APP","CD74",0.265021356905913,0,"APP_CD74","APP - CD74","APP","Cell-Cell Contact","PMID: 19849849","PBMC_Early"
"Pro-B","HSC_MPP","APP","CD74",0.0824263399699529,0,"APP_CD74","APP - CD74","APP","Cell-Cell Contact","PMID: 19849849","PBMC_Early"
"Treg","HSC_MPP","APP","CD74",0.0248334944910339,0,"APP_CD74","APP - CD74","APP","Cell-Cell Contact","PMID: 19849849","PBMC_Early"
"abTentry","ILC2/3","APP","CD74",0.0160526380828087,0,"APP_CD74","APP - CD74","APP","Cell-Cell Contact","PMID: 19849849","PBMC_Early"
"CD14+PPBP+ Monocytes","ILC2/3","APP","CD74",0.0154280878285957,0,"APP_CD74","APP - CD74","APP","Cell-Cell Contact","PMID: 19849849","PBMC_Early"
"CXCR5- Naïve B","ILC2/3","APP","CD74",0.0130815517136544,0,"APP_CD74","APP - CD74","APP","Cell-Cell Contact","PMID: 19849849","PBMC_Early"
"CXCR5+ Naïve B","ILC2/3","APP","CD74",0.0118792476212741,0,"APP_CD74","APP - CD74","APP","Cell-Cell Contact","PMID: 19849849","PBMC_Early"
"DC2","ILC2/3","APP","CD74",0.00951684609078157,0,"APP_CD74","APP - CD74","APP","Cell-Cell Contact","PMID: 19849849","PBMC_Early"
"HSC_MPP","ILC2/3","APP","CD74",0.0362996624831684,0,"APP_CD74","APP - CD74","APP","Cell-Cell Contact","PMID: 19849849","PBMC_Early"
"ILC2/3","ILC2/3","APP","CD74",0.0138232529215162,0,"APP_CD74","APP - CD74","APP","Cell-Cell Contact","PMID: 19849849","PBMC_Early"
"Megakaryocytes","ILC2/3","APP","CD74",0.0215299173253269,0,"APP_CD74","APP - CD74","APP","Cell-Cell Contact","PMID: 19849849","PBMC_Early"
"MEMP","ILC2/3","APP","CD74",0.00671338018215626,0,"APP_CD74","APP - CD74","APP","Cell-Cell Contact","PMID: 19849849","PBMC_Early"
"Naïve CD4 T","ILC2/3","APP","CD74",0.011404541581802,0,"APP_CD74","APP - CD74","APP","Cell-Cell Contact","PMID: 19849849","PBMC_Early"
"pDC","ILC2/3","APP","CD74",0.113626683328066,0,"APP_CD74","APP - CD74","APP","Cell-Cell Contact","PMID: 19849849","PBMC_Early"
"Pro-B","ILC2/3","APP","CD74",0.0309477980005898,0,"APP_CD74","APP - CD74","APP","Cell-Cell Contact","PMID: 19849849","PBMC_Early"
"Treg","ILC2/3","APP","CD74",0.00897227073359918,0,"APP_CD74","APP - CD74","APP","Cell-Cell Contact","PMID: 19849849","PBMC_Early"
"abTentry","MEMP","APP","CD74",0.0227055027337578,0,"APP_CD74","APP - CD74","APP","Cell-Cell Contact","PMID: 19849849","PBMC_Early"
"CD14+PPBP+ Monocytes","MEMP","APP","CD74",0.0218278555845419,0,"APP_CD74","APP - CD74","APP","Cell-Cell Contact","PMID: 19849849","PBMC_Early"
"CXCR5- Naïve B","MEMP","APP","CD74",0.0185262618771469,0,"APP_CD74","APP - CD74","APP","Cell-Cell Contact","PMID: 19849849","PBMC_Early"
"CXCR5+ Naïve B","MEMP","APP","CD74",0.0168320780110629,0,"APP_CD74","APP - CD74","APP","Cell-Cell Contact","PMID: 19849849","PBMC_Early"
"DC2","MEMP","APP","CD74",0.0134981722762939,0,"APP_CD74","APP - CD74","APP","Cell-Cell Contact","PMID: 19849849","PBMC_Early"
"HSC_MPP","MEMP","APP","CD74",0.0509095545840556,0,"APP_CD74","APP - CD74","APP","Cell-Cell Contact","PMID: 19849849","PBMC_Early"
"ILC2/3","MEMP","APP","CD74",0.0195705470548428,0,"APP_CD74","APP - CD74","APP","Cell-Cell Contact","PMID: 19849849","PBMC_Early"
"Megakaryocytes","MEMP","APP","CD74",0.0303826946482433,0,"APP_CD74","APP - CD74","APP","Cell-Cell Contact","PMID: 19849849","PBMC_Early"
"MEMP","MEMP","APP","CD74",0.00953317816017261,0,"APP_CD74","APP - CD74","APP","Cell-Cell Contact","PMID: 19849849","PBMC_Early"
"Naïve CD4 T","MEMP","APP","CD74",0.0161626895301036,0,"APP_CD74","APP - CD74","APP","Cell-Cell Contact","PMID: 19849849","PBMC_Early"
"pDC","MEMP","APP","CD74",0.154373683440173,0,"APP_CD74","APP - CD74","APP","Cell-Cell Contact","PMID: 19849849","PBMC_Early"
"Pro-B","MEMP","APP","CD74",0.0435009023338918,0,"APP_CD74","APP - CD74","APP","Cell-Cell Contact","PMID: 19849849","PBMC_Early"
"Treg","MEMP","APP","CD74",0.0127287041939611,0,"APP_CD74","APP - CD74","APP","Cell-Cell Contact","PMID: 19849849","PBMC_Early"
"abTentry","MEP","APP","CD74",0.00870086995661496,0,"APP_CD74","APP - CD74","APP","Cell-Cell Contact","PMID: 19849849","PBMC_Early"
"CD14+PPBP+ Monocytes","MEP","APP","CD74",0.00835992028039146,0,"APP_CD74","APP - CD74","APP","Cell-Cell Contact","PMID: 19849849","PBMC_Early"
"CXCR5- Naïve B","MEP","APP","CD74",0.00708068635800496,0,"APP_CD74","APP - CD74","APP","Cell-Cell Contact","PMID: 19849849","PBMC_Early"
"CXCR5+ Naïve B","MEP","APP","CD74",0.00642632073113399,0,"APP_CD74","APP - CD74","APP","Cell-Cell Contact","PMID: 19849849","PBMC_Early"
"DC2","MEP","APP","CD74",0.00514268771216111,0,"APP_CD74","APP - CD74","APP","Cell-Cell Contact","PMID: 19849849","PBMC_Early"
"HSC_MPP","MEP","APP","CD74",0.0198623688933293,0,"APP_CD74","APP - CD74","APP","Cell-Cell Contact","PMID: 19849849","PBMC_Early"
"ILC2/3","MEP","APP","CD74",0.00748472929631976,0.02,"APP_CD74","APP - CD74","APP","Cell-Cell Contact","PMID: 19849849","PBMC_Early"
"Megakaryocytes","MEP","APP","CD74",0.0116994980854867,0,"APP_CD74","APP - CD74","APP","Cell-Cell Contact","PMID: 19849849","PBMC_Early"
"MEMP","MEP","APP","CD74",0.00362304505781581,0,"APP_CD74","APP - CD74","APP","Cell-Cell Contact","PMID: 19849849","PBMC_Early"
"Naïve CD4 T","MEP","APP","CD74",0.00616815861350016,0,"APP_CD74","APP - CD74","APP","Cell-Cell Contact","PMID: 19849849","PBMC_Early"
"pDC","MEP","APP","CD74",0.0645182223350949,0,"APP_CD74","APP - CD74","APP","Cell-Cell Contact","PMID: 19849849","PBMC_Early"
"Pro-B","MEP","APP","CD74",0.0168914701094074,0,"APP_CD74","APP - CD74","APP","Cell-Cell Contact","PMID: 19849849","PBMC_Early"
"Treg","MEP","APP","CD74",0.00484718664018869,0,"APP_CD74","APP - CD74","APP","Cell-Cell Contact","PMID: 19849849","PBMC_Early"
"abTentry","Myeloid-CD177","APP","CD74",0.0320467612349316,0,"APP_CD74","APP - CD74","APP","Cell-Cell Contact","PMID: 19849849","PBMC_Early"
"CD14+PPBP+ Monocytes","Myeloid-CD177","APP","CD74",0.0308194283315329,0,"APP_CD74","APP - CD74","APP","Cell-Cell Contact","PMID: 19849849","PBMC_Early"
"CXCR5- Naïve B","Myeloid-CD177","APP","CD74",0.0261942253464728,0,"APP_CD74","APP - CD74","APP","Cell-Cell Contact","PMID: 19849849","PBMC_Early"
"CXCR5+ Naïve B","Myeloid-CD177","APP","CD74",0.0238158392433602,0,"APP_CD74","APP - CD74","APP","Cell-Cell Contact","PMID: 19849849","PBMC_Early"
"DC2","Myeloid-CD177","APP","CD74",0.0191255785071197,0,"APP_CD74","APP - CD74","APP","Cell-Cell Contact","PMID: 19849849","PBMC_Early"
"HSC_MPP","Myeloid-CD177","APP","CD74",0.0710111120360528,0,"APP_CD74","APP - CD74","APP","Cell-Cell Contact","PMID: 19849849","PBMC_Early"
"ILC2/3","Myeloid-CD177","APP","CD74",0.0276585565668804,0,"APP_CD74","APP - CD74","APP","Cell-Cell Contact","PMID: 19849849","PBMC_Early"
"Megakaryocytes","Myeloid-CD177","APP","CD74",0.0427442793849856,0,"APP_CD74","APP - CD74","APP","Cell-Cell Contact","PMID: 19849849","PBMC_Early"
"MEMP","Myeloid-CD177","APP","CD74",0.0135302446700667,0,"APP_CD74","APP - CD74","APP","Cell-Cell Contact","PMID: 19849849","PBMC_Early"
"Naïve CD4 T","Myeloid-CD177","APP","CD74",0.0228751782253423,0,"APP_CD74","APP - CD74","APP","Cell-Cell Contact","PMID: 19849849","PBMC_Early"
"pDC","Myeloid-CD177","APP","CD74",0.206441808209719,0,"APP_CD74","APP - CD74","APP","Cell-Cell Contact","PMID: 19849849","PBMC_Early"
"Pro-B","Myeloid-CD177","APP","CD74",0.0608647630046594,0,"APP_CD74","APP - CD74","APP","Cell-Cell Contact","PMID: 19849849","PBMC_Early"
"Treg","Myeloid-CD177","APP","CD74",0.0180411848053113,0,"APP_CD74","APP - CD74","APP","Cell-Cell Contact","PMID: 19849849","PBMC_Early"
"abTentry","Naïve CD4 T","APP","CD74",0.0153748006011448,0,"APP_CD74","APP - CD74","APP","Cell-Cell Contact","PMID: 19849849","PBMC_Early"
"CD14+PPBP+ Monocytes","Naïve CD4 T","APP","CD74",0.0147762265194828,0,"APP_CD74","APP - CD74","APP","Cell-Cell Contact","PMID: 19849849","PBMC_Early"
"CXCR5- Naïve B","Naïve CD4 T","APP","CD74",0.0125275737890841,0,"APP_CD74","APP - CD74","APP","Cell-Cell Contact","PMID: 19849849","PBMC_Early"
"CXCR5+ Naïve B","Naïve CD4 T","APP","CD74",0.0113755980365682,0,"APP_CD74","APP - CD74","APP","Cell-Cell Contact","PMID: 19849849","PBMC_Early"
"DC2","Naïve CD4 T","APP","CD74",0.00911243259107245,0,"APP_CD74","APP - CD74","APP","Cell-Cell Contact","PMID: 19849849","PBMC_Early"
"HSC_MPP","Naïve CD4 T","APP","CD74",0.0347971108000949,0,"APP_CD74","APP - CD74","APP","Cell-Cell Contact","PMID: 19849849","PBMC_Early"
"ILC2/3","Naïve CD4 T","APP","CD74",0.0132382867336744,0,"APP_CD74","APP - CD74","APP","Cell-Cell Contact","PMID: 19849849","PBMC_Early"
"Megakaryocytes","Naïve CD4 T","APP","CD74",0.0206256448555686,0,"APP_CD74","APP - CD74","APP","Cell-Cell Contact","PMID: 19849849","PBMC_Early"
"MEMP","Naïve CD4 T","APP","CD74",0.00642732547396727,0,"APP_CD74","APP - CD74","APP","Cell-Cell Contact","PMID: 19849849","PBMC_Early"
"Naïve CD4 T","Naïve CD4 T","APP","CD74",0.010920795875994,0,"APP_CD74","APP - CD74","APP","Cell-Cell Contact","PMID: 19849849","PBMC_Early"
"pDC","Naïve CD4 T","APP","CD74",0.10928631411199,0,"APP_CD74","APP - CD74","APP","Cell-Cell Contact","PMID: 19849849","PBMC_Early"
"Pro-B","Naïve CD4 T","APP","CD74",0.0296599579533905,0,"APP_CD74","APP - CD74","APP","Cell-Cell Contact","PMID: 19849849","PBMC_Early"
"Treg","Naïve CD4 T","APP","CD74",0.0085907979710494,0,"APP_CD74","APP - CD74","APP","Cell-Cell Contact","PMID: 19849849","PBMC_Early"
"abTentry","Naïve CD8 T","APP","CD74",0.0178004257715595,0,"APP_CD74","APP - CD74","APP","Cell-Cell Contact","PMID: 19849849","PBMC_Early"
"CD14+PPBP+ Monocytes","Naïve CD8 T","APP","CD74",0.0171090578002701,0,"APP_CD74","APP - CD74","APP","Cell-Cell Contact","PMID: 19849849","PBMC_Early"
"CXCR5- Naïve B","Naïve CD8 T","APP","CD74",0.0145106224623131,0,"APP_CD74","APP - CD74","APP","Cell-Cell Contact","PMID: 19849849","PBMC_Early"
"CXCR5+ Naïve B","Naïve CD8 T","APP","CD74",0.0131787286918166,0,"APP_CD74","APP - CD74","APP","Cell-Cell Contact","PMID: 19849849","PBMC_Early"
"DC2","Naïve CD8 T","APP","CD74",0.0105606639855947,0,"APP_CD74","APP - CD74","APP","Cell-Cell Contact","PMID: 19849849","PBMC_Early"
"HSC_MPP","Naïve CD8 T","APP","CD74",0.0401619364372744,0,"APP_CD74","APP - CD74","APP","Cell-Cell Contact","PMID: 19849849","PBMC_Early"
"ILC2/3","Naïve CD8 T","APP","CD74",0.0153320907318502,0,"APP_CD74","APP - CD74","APP","Cell-Cell Contact","PMID: 19849849","PBMC_Early"
"Megakaryocytes","Naïve CD8 T","APP","CD74",0.023859602139041,0,"APP_CD74","APP - CD74","APP","Cell-Cell Contact","PMID: 19849849","PBMC_Early"
"MEMP","Naïve CD8 T","APP","CD74",0.00745202434498743,0,"APP_CD74","APP - CD74","APP","Cell-Cell Contact","PMID: 19849849","PBMC_Early"
"Naïve CD4 T","Naïve CD8 T","APP","CD74",0.012652759089917,0,"APP_CD74","APP - CD74","APP","Cell-Cell Contact","PMID: 19849849","PBMC_Early"
"pDC","Naïve CD8 T","APP","CD74",0.12465231393611,0,"APP_CD74","APP - CD74","APP","Cell-Cell Contact","PMID: 19849849","PBMC_Early"
"Pro-B","Naïve CD8 T","APP","CD74",0.0342608793364636,0,"APP_CD74","APP - CD74","APP","Cell-Cell Contact","PMID: 19849849","PBMC_Early"
"Treg","Naïve CD8 T","APP","CD74",0.00995695945827202,0,"APP_CD74","APP - CD74","APP","Cell-Cell Contact","PMID: 19849849","PBMC_Early"
"abTentry","NK T","APP","CD74",0.0251453312979379,0,"APP_CD74","APP - CD74","APP","Cell-Cell Contact","PMID: 19849849","PBMC_Early"
"CD14+PPBP+ Monocytes","NK T","APP","CD74",0.0241757091664494,0,"APP_CD74","APP - CD74","APP","Cell-Cell Contact","PMID: 19849849","PBMC_Early"
"CXCR5- Naïve B","NK T","APP","CD74",0.0205264407182814,0,"APP_CD74","APP - CD74","APP","Cell-Cell Contact","PMID: 19849849","PBMC_Early"
"CXCR5+ Naïve B","NK T","APP","CD74",0.0186528213374952,0,"APP_CD74","APP - CD74","APP","Cell-Cell Contact","PMID: 19849849","PBMC_Early"
"DC2","NK T","APP","CD74",0.0149637723672162,0,"APP_CD74","APP - CD74","APP","Cell-Cell Contact","PMID: 19849849","PBMC_Early"
"HSC_MPP","NK T","APP","CD74",0.0562057613588724,0,"APP_CD74","APP - CD74","APP","Cell-Cell Contact","PMID: 19849849","PBMC_Early"
"ILC2/3","NK T","APP","CD74",0.0216809810572192,0,"APP_CD74","APP - CD74","APP","Cell-Cell Contact","PMID: 19849849","PBMC_Early"
"Megakaryocytes","NK T","APP","CD74",0.0336191002177299,0,"APP_CD74","APP - CD74","APP","Cell-Cell Contact","PMID: 19849849","PBMC_Early"
"MEMP","NK T","APP","CD74",0.0105728824400457,0,"APP_CD74","APP - CD74","APP","Cell-Cell Contact","PMID: 19849849","PBMC_Early"
"Naïve CD4 T","NK T","APP","CD74",0.0179123436206779,0,"APP_CD74","APP - CD74","APP","Cell-Cell Contact","PMID: 19849849","PBMC_Early"
"pDC","NK T","APP","CD74",0.168522242633441,0,"APP_CD74","APP - CD74","APP","Cell-Cell Contact","PMID: 19849849","PBMC_Early"
"Pro-B","NK T","APP","CD74",0.0480654073421709,0,"APP_CD74","APP - CD74","APP","Cell-Cell Contact","PMID: 19849849","PBMC_Early"
"Treg","NK T","APP","CD74",0.0141119523778702,0,"APP_CD74","APP - CD74","APP","Cell-Cell Contact","PMID: 19849849","PBMC_Early"
"abTentry","pDC","APP","CD74",0.0697869672214552,0,"APP_CD74","APP - CD74","APP","Cell-Cell Contact","PMID: 19849849","PBMC_Early"
"CD14+PPBP+ Monocytes","pDC","APP","CD74",0.0672146200082401,0,"APP_CD74","APP - CD74","APP","Cell-Cell Contact","PMID: 19849849","PBMC_Early"
"CXCR5- Naïve B","pDC","APP","CD74",0.0574512115154427,0,"APP_CD74","APP - CD74","APP","Cell-Cell Contact","PMID: 19849849","PBMC_Early"
"CXCR5+ Naïve B","pDC","APP","CD74",0.0523874289703781,0,"APP_CD74","APP - CD74","APP","Cell-Cell Contact","PMID: 19849849","PBMC_Early"
"DC2","pDC","APP","CD74",0.0423142207738165,0,"APP_CD74","APP - CD74","APP","Cell-Cell Contact","PMID: 19849849","PBMC_Early"
"HSC_MPP","pDC","APP","CD74",0.147639118188741,0,"APP_CD74","APP - CD74","APP","Cell-Cell Contact","PMID: 19849849","PBMC_Early"
"ILC2/3","pDC","APP","CD74",0.0605542407515692,0,"APP_CD74","APP - CD74","APP","Cell-Cell Contact","PMID: 19849849","PBMC_Early"
"Megakaryocytes","pDC","APP","CD74",0.0918866133706543,0,"APP_CD74","APP - CD74","APP","Cell-Cell Contact","PMID: 19849849","PBMC_Early"
"MEMP","pDC","APP","CD74",0.030143353051366,0,"APP_CD74","APP - CD74","APP","Cell-Cell Contact","PMID: 19849849","PBMC_Early"
"Naïve CD4 T","pDC","APP","CD74",0.0503765045544514,0,"APP_CD74","APP - CD74","APP","Cell-Cell Contact","PMID: 19849849","PBMC_Early"
"pDC","pDC","APP","CD74",0.370869840941411,0,"APP_CD74","APP - CD74","APP","Cell-Cell Contact","PMID: 19849849","PBMC_Early"
"Pro-B","pDC","APP","CD74",0.128053068845297,0,"APP_CD74","APP - CD74","APP","Cell-Cell Contact","PMID: 19849849","PBMC_Early"
"Treg","pDC","APP","CD74",0.0399686372546829,0,"APP_CD74","APP - CD74","APP","Cell-Cell Contact","PMID: 19849849","PBMC_Early"
"abTentry","Pro-B","APP","CD74",0.0609646209488151,0,"APP_CD74","APP - CD74","APP","Cell-Cell Contact","PMID: 19849849","PBMC_Early"
"CD14+PPBP+ Monocytes","Pro-B","APP","CD74",0.0586969456008426,0,"APP_CD74","APP - CD74","APP","Cell-Cell Contact","PMID: 19849849","PBMC_Early"
"CXCR5- Naïve B","Pro-B","APP","CD74",0.0501043319995146,0,"APP_CD74","APP - CD74","APP","Cell-Cell Contact","PMID: 19849849","PBMC_Early"
"CXCR5+ Naïve B","Pro-B","APP","CD74",0.045656740109868,0,"APP_CD74","APP - CD74","APP","Cell-Cell Contact","PMID: 19849849","PBMC_Early"
"DC2","Pro-B","APP","CD74",0.036827431611922,0,"APP_CD74","APP - CD74","APP","Cell-Cell Contact","PMID: 19849849","PBMC_Early"
"HSC_MPP","Pro-B","APP","CD74",0.130354023869914,0,"APP_CD74","APP - CD74","APP","Cell-Cell Contact","PMID: 19849849","PBMC_Early"
"ILC2/3","Pro-B","APP","CD74",0.0528327876439611,0,"APP_CD74","APP - CD74","APP","Cell-Cell Contact","PMID: 19849849","PBMC_Early"
"Megakaryocytes","Pro-B","APP","CD74",0.080512278803665,0,"APP_CD74","APP - CD74","APP","Cell-Cell Contact","PMID: 19849849","PBMC_Early"
"MEMP","Pro-B","APP","CD74",0.0261915716901357,0,"APP_CD74","APP - CD74","APP","Cell-Cell Contact","PMID: 19849849","PBMC_Early"
"Naïve CD4 T","Pro-B","APP","CD74",0.0438922104329477,0,"APP_CD74","APP - CD74","APP","Cell-Cell Contact","PMID: 19849849","PBMC_Early"
"pDC","Pro-B","APP","CD74",0.337807500411228,0,"APP_CD74","APP - CD74","APP","Cell-Cell Contact","PMID: 19849849","PBMC_Early"
"Pro-B","Pro-B","APP","CD74",0.112757696601216,0,"APP_CD74","APP - CD74","APP","Cell-Cell Contact","PMID: 19849849","PBMC_Early"
"Treg","Pro-B","APP","CD74",0.0347749505970004,0,"APP_CD74","APP - CD74","APP","Cell-Cell Contact","PMID: 19849849","PBMC_Early"
"abTentry","Tem","APP","CD74",0.014695472783956,0,"APP_CD74","APP - CD74","APP","Cell-Cell Contact","PMID: 19849849","PBMC_Early"
"CD14+PPBP+ Monocytes","Tem","APP","CD74",0.0141229670440899,0,"APP_CD74","APP - CD74","APP","Cell-Cell Contact","PMID: 19849849","PBMC_Early"
"CXCR5- Naïve B","Tem","APP","CD74",0.011972519552764,0,"APP_CD74","APP - CD74","APP","Cell-Cell Contact","PMID: 19849849","PBMC_Early"
"CXCR5+ Naïve B","Tem","APP","CD74",0.0108710220347718,0,"APP_CD74","APP - CD74","APP","Cell-Cell Contact","PMID: 19849849","PBMC_Early"
"DC2","Tem","APP","CD74",0.00870735740543814,0,"APP_CD74","APP - CD74","APP","Cell-Cell Contact","PMID: 19849849","PBMC_Early"
"HSC_MPP","Tem","APP","CD74",0.0332886312038405,0,"APP_CD74","APP - CD74","APP","Cell-Cell Contact","PMID: 19849849","PBMC_Early"
"ILC2/3","Tem","APP","CD74",0.0126521466825234,0,"APP_CD74","APP - CD74","APP","Cell-Cell Contact","PMID: 19849849","PBMC_Early"
"Megakaryocytes","Tem","APP","CD74",0.0197189574822529,0,"APP_CD74","APP - CD74","APP","Cell-Cell Contact","PMID: 19849849","PBMC_Early"
"MEMP","Tem","APP","CD74",0.0061408716976755,0,"APP_CD74","APP - CD74","APP","Cell-Cell Contact","PMID: 19849849","PBMC_Early"
"Naïve CD4 T","Tem","APP","CD74",0.0104361801241817,0,"APP_CD74","APP - CD74","APP","Cell-Cell Contact","PMID: 19849849","PBMC_Early"
"pDC","Tem","APP","CD74",0.104899624092934,0,"APP_CD74","APP - CD74","APP","Cell-Cell Contact","PMID: 19849849","PBMC_Early"
"Pro-B","Tem","APP","CD74",0.0283676323961819,0,"APP_CD74","APP - CD74","APP","Cell-Cell Contact","PMID: 19849849","PBMC_Early"
"Treg","Tem","APP","CD74",0.00820871892557549,0,"APP_CD74","APP - CD74","APP","Cell-Cell Contact","PMID: 19849849","PBMC_Early"
"abTentry","Th17like_INNATE_T","APP","CD74",0.0167212383781279,0,"APP_CD74","APP - CD74","APP","Cell-Cell Contact","PMID: 19849849","PBMC_Early"
"CD14+PPBP+ Monocytes","Th17like_INNATE_T","APP","CD74",0.0160711001728223,0,"APP_CD74","APP - CD74","APP","Cell-Cell Contact","PMID: 19849849","PBMC_Early"
"CXCR5- Naïve B","Th17like_INNATE_T","APP","CD74",0.0136281187512031,0,"APP_CD74","APP - CD74","APP","Cell-Cell Contact","PMID: 19849849","PBMC_Early"
"CXCR5+ Naïve B","Th17like_INNATE_T","APP","CD74",0.0123762105217363,0,"APP_CD74","APP - CD74","APP","Cell-Cell Contact","PMID: 19849849","PBMC_Early"
"DC2","Th17like_INNATE_T","APP","CD74",0.00991597077868021,0,"APP_CD74","APP - CD74","APP","Cell-Cell Contact","PMID: 19849849","PBMC_Early"
"HSC_MPP","Th17like_INNATE_T","APP","CD74",0.0377791824364751,0,"APP_CD74","APP - CD74","APP","Cell-Cell Contact","PMID: 19849849","PBMC_Early"
"ILC2/3","Th17like_INNATE_T","APP","CD74",0.0144003571849958,0,"APP_CD74","APP - CD74","APP","Cell-Cell Contact","PMID: 19849849","PBMC_Early"
"Megakaryocytes","Th17like_INNATE_T","APP","CD74",0.0224214505172586,0,"APP_CD74","APP - CD74","APP","Cell-Cell Contact","PMID: 19849849","PBMC_Early"
"MEMP","Th17like_INNATE_T","APP","CD74",0.00699576141858847,0,"APP_CD74","APP - CD74","APP","Cell-Cell Contact","PMID: 19849849","PBMC_Early"
"Naïve CD4 T","Th17like_INNATE_T","APP","CD74",0.0118818841722612,0,"APP_CD74","APP - CD74","APP","Cell-Cell Contact","PMID: 19849849","PBMC_Early"
"pDC","Th17like_INNATE_T","APP","CD74",0.117872441082334,0,"APP_CD74","APP - CD74","APP","Cell-Cell Contact","PMID: 19849849","PBMC_Early"
"Pro-B","Th17like_INNATE_T","APP","CD74",0.0322164761752421,0,"APP_CD74","APP - CD74","APP","Cell-Cell Contact","PMID: 19849849","PBMC_Early"
"Treg","Th17like_INNATE_T","APP","CD74",0.00934877217473858,0,"APP_CD74","APP - CD74","APP","Cell-Cell Contact","PMID: 19849849","PBMC_Early"
"abTentry","Treg","APP","CD74",0.0252347412061382,0,"APP_CD74","APP - CD74","APP","Cell-Cell Contact","PMID: 19849849","PBMC_Early"
"CD14+PPBP+ Monocytes","Treg","APP","CD74",0.0242617571691454,0,"APP_CD74","APP - CD74","APP","Cell-Cell Contact","PMID: 19849849","PBMC_Early"
"CXCR5- Naïve B","Treg","APP","CD74",0.0205997741643697,0,"APP_CD74","APP - CD74","APP","Cell-Cell Contact","PMID: 19849849","PBMC_Early"
"CXCR5+ Naïve B","Treg","APP","CD74",0.0187195889588478,0,"APP_CD74","APP - CD74","APP","Cell-Cell Contact","PMID: 19849849","PBMC_Early"
"DC2","Treg","APP","CD74",0.0150175371426129,0,"APP_CD74","APP - CD74","APP","Cell-Cell Contact","PMID: 19849849","PBMC_Early"
"HSC_MPP","Treg","APP","CD74",0.056399224114372,0,"APP_CD74","APP - CD74","APP","Cell-Cell Contact","PMID: 19849849","PBMC_Early"
"ILC2/3","Treg","APP","CD74",0.0217583476240573,0,"APP_CD74","APP - CD74","APP","Cell-Cell Contact","PMID: 19849849","PBMC_Early"
"Megakaryocytes","Treg","APP","CD74",0.0337375977788072,0,"APP_CD74","APP - CD74","APP","Cell-Cell Contact","PMID: 19849849","PBMC_Early"
"MEMP","Treg","APP","CD74",0.0106110407127778,0,"APP_CD74","APP - CD74","APP","Cell-Cell Contact","PMID: 19849849","PBMC_Early"
"Naïve CD4 T","Treg","APP","CD74",0.0179765092611001,0,"APP_CD74","APP - CD74","APP","Cell-Cell Contact","PMID: 19849849","PBMC_Early"
"pDC","Treg","APP","CD74",0.16903306419246,0,"APP_CD74","APP - CD74","APP","Cell-Cell Contact","PMID: 19849849","PBMC_Early"
"Pro-B","Treg","APP","CD74",0.0482322825586188,0,"APP_CD74","APP - CD74","APP","Cell-Cell Contact","PMID: 19849849","PBMC_Early"
"Treg","Treg","APP","CD74",0.0141627005720245,0,"APP_CD74","APP - CD74","APP","Cell-Cell Contact","PMID: 19849849","PBMC_Early"
"CXCR5- Naïve B","abTentry","CD22","PTPRC",0.0538026472436731,0,"CD22_PTPRC","CD22 - PTPRC","CD22","Cell-Cell Contact","KEGG: hsa04514","PBMC_Early"
"CXCR5+ Naïve B","abTentry","CD22","PTPRC",0.110660517435691,0,"CD22_PTPRC","CD22 - PTPRC","CD22","Cell-Cell Contact","KEGG: hsa04514","PBMC_Early"
"Pro-B","abTentry","CD22","PTPRC",0.0188146092591407,0,"CD22_PTPRC","CD22 - PTPRC","CD22","Cell-Cell Contact","KEGG: hsa04514","PBMC_Early"
"CXCR5- Naïve B","CD14+PPBP+ Monocytes","CD22","PTPRC",0.0288086975914133,0,"CD22_PTPRC","CD22 - PTPRC","CD22","Cell-Cell Contact","KEGG: hsa04514","PBMC_Early"
"CXCR5+ Naïve B","CD14+PPBP+ Monocytes","CD22","PTPRC",0.0609548835552202,0,"CD22_PTPRC","CD22 - PTPRC","CD22","Cell-Cell Contact","KEGG: hsa04514","PBMC_Early"
"Pro-B","CD14+PPBP+ Monocytes","CD22","PTPRC",0.00990417450840691,0,"CD22_PTPRC","CD22 - PTPRC","CD22","Cell-Cell Contact","KEGG: hsa04514","PBMC_Early"
"CXCR5- Naïve B","CD56highCD16low NK","CD22","PTPRC",0.0482312885083085,0,"CD22_PTPRC","CD22 - PTPRC","CD22","Cell-Cell Contact","KEGG: hsa04514","PBMC_Early"
"CXCR5+ Naïve B","CD56highCD16low NK","CD22","PTPRC",0.0998225742728377,0,"CD22_PTPRC","CD22 - PTPRC","CD22","Cell-Cell Contact","KEGG: hsa04514","PBMC_Early"
"Pro-B","CD56highCD16low NK","CD22","PTPRC",0.0168019870984428,0,"CD22_PTPRC","CD22 - PTPRC","CD22","Cell-Cell Contact","KEGG: hsa04514","PBMC_Early"
"CXCR5- Naïve B","Classical Monocytes","CD22","PTPRC",0.0343465082291783,0,"CD22_PTPRC","CD22 - PTPRC","CD22","Cell-Cell Contact","KEGG: hsa04514","PBMC_Early"
"CXCR5+ Naïve B","Classical Monocytes","CD22","PTPRC",0.072212595691369,0,"CD22_PTPRC","CD22 - PTPRC","CD22","Cell-Cell Contact","KEGG: hsa04514","PBMC_Early"
"Pro-B","Classical Monocytes","CD22","PTPRC",0.0118523733330242,0,"CD22_PTPRC","CD22 - PTPRC","CD22","Cell-Cell Contact","KEGG: hsa04514","PBMC_Early"
"CXCR5- Naïve B","CX3CR1+ NK","CD22","PTPRC",0.0452391563121723,0,"CD22_PTPRC","CD22 - PTPRC","CD22","Cell-Cell Contact","KEGG: hsa04514","PBMC_Early"
"CXCR5+ Naïve B","CX3CR1+ NK","CD22","PTPRC",0.0939457830162487,0,"CD22_PTPRC","CD22 - PTPRC","CD22","Cell-Cell Contact","KEGG: hsa04514","PBMC_Early"
"Pro-B","CX3CR1+ NK","CD22","PTPRC",0.0157274204758423,0,"CD22_PTPRC","CD22 - PTPRC","CD22","Cell-Cell Contact","KEGG: hsa04514","PBMC_Early"
"CXCR5- Naïve B","CXCR5- Naïve B","CD22","PTPRC",0.0384770843533022,0,"CD22_PTPRC","CD22 - PTPRC","CD22","Cell-Cell Contact","KEGG: hsa04514","PBMC_Early"
"CXCR5+ Naïve B","CXCR5- Naïve B","CD22","PTPRC",0.0805173140984549,0,"CD22_PTPRC","CD22 - PTPRC","CD22","Cell-Cell Contact","KEGG: hsa04514","PBMC_Early"
"Pro-B","CXCR5- Naïve B","CD22","PTPRC",0.0133150630902936,0,"CD22_PTPRC","CD22 - PTPRC","CD22","Cell-Cell Contact","KEGG: hsa04514","PBMC_Early"
"CXCR5- Naïve B","CXCR5+ Naïve B","CD22","PTPRC",0.0377614727619346,0,"CD22_PTPRC","CD22 - PTPRC","CD22","Cell-Cell Contact","KEGG: hsa04514","PBMC_Early"
"CXCR5+ Naïve B","CXCR5+ Naïve B","CD22","PTPRC",0.0790841309091385,0,"CD22_PTPRC","CD22 - PTPRC","CD22","Cell-Cell Contact","KEGG: hsa04514","PBMC_Early"
"Pro-B","CXCR5+ Naïve B","CD22","PTPRC",0.0130610676155225,0,"CD22_PTPRC","CD22 - PTPRC","CD22","Cell-Cell Contact","KEGG: hsa04514","PBMC_Early"
"CXCR5- Naïve B","CXCR6+ NK","CD22","PTPRC",0.0453219866719502,0,"CD22_PTPRC","CD22 - PTPRC","CD22","Cell-Cell Contact","KEGG: hsa04514","PBMC_Early"
"CXCR5+ Naïve B","CXCR6+ NK","CD22","PTPRC",0.094109002261212,0,"CD22_PTPRC","CD22 - PTPRC","CD22","Cell-Cell Contact","KEGG: hsa04514","PBMC_Early"
"Pro-B","CXCR6+ NK","CD22","PTPRC",0.0157571082689633,0,"CD22_PTPRC","CD22 - PTPRC","CD22","Cell-Cell Contact","KEGG: hsa04514","PBMC_Early"
"CXCR5- Naïve B","DC2","CD22","PTPRC",0.0347444650448831,0,"CD22_PTPRC","CD22 - PTPRC","CD22","Cell-Cell Contact","KEGG: hsa04514","PBMC_Early"
"CXCR5+ Naïve B","DC2","CD22","PTPRC",0.0730161147736766,0,"CD22_PTPRC","CD22 - PTPRC","CD22","Cell-Cell Contact","KEGG: hsa04514","PBMC_Early"
"Pro-B","DC2","CD22","PTPRC",0.0119929380835179,0,"CD22_PTPRC","CD22 - PTPRC","CD22","Cell-Cell Contact","KEGG: hsa04514","PBMC_Early"
"CXCR5- Naïve B","Gamma Delta V1 T","CD22","PTPRC",0.0445974438061607,0,"CD22_PTPRC","CD22 - PTPRC","CD22","Cell-Cell Contact","KEGG: hsa04514","PBMC_Early"
"CXCR5+ Naïve B","Gamma Delta V1 T","CD22","PTPRC",0.0926802389627958,0,"CD22_PTPRC","CD22 - PTPRC","CD22","Cell-Cell Contact","KEGG: hsa04514","PBMC_Early"
"Pro-B","Gamma Delta V1 T","CD22","PTPRC",0.0154975337401105,0,"CD22_PTPRC","CD22 - PTPRC","CD22","Cell-Cell Contact","KEGG: hsa04514","PBMC_Early"
"CXCR5- Naïve B","Gamma Delta V2 T","CD22","PTPRC",0.0416220350682584,0,"CD22_PTPRC","CD22 - PTPRC","CD22","Cell-Cell Contact","KEGG: hsa04514","PBMC_Early"
"CXCR5+ Naïve B","Gamma Delta V2 T","CD22","PTPRC",0.086788296995602,0,"CD22_PTPRC","CD22 - PTPRC","CD22","Cell-Cell Contact","KEGG: hsa04514","PBMC_Early"
"Pro-B","Gamma Delta V2 T","CD22","PTPRC",0.0144342527748675,0,"CD22_PTPRC","CD22 - PTPRC","CD22","Cell-Cell Contact","KEGG: hsa04514","PBMC_Early"
"CXCR5- Naïve B","HSC_MPP","CD22","PTPRC",0.0181981857414252,0,"CD22_PTPRC","CD22 - PTPRC","CD22","Cell-Cell Contact","KEGG: hsa04514","PBMC_Early"
"CXCR5+ Naïve B","HSC_MPP","CD22","PTPRC",0.0389798327833893,0,"CD22_PTPRC","CD22 - PTPRC","CD22","Cell-Cell Contact","KEGG: hsa04514","PBMC_Early"
"Pro-B","HSC_MPP","CD22","PTPRC",0.00621184048987499,0,"CD22_PTPRC","CD22 - PTPRC","CD22","Cell-Cell Contact","KEGG: hsa04514","PBMC_Early"
"CXCR5- Naïve B","ILC2/3","CD22","PTPRC",0.0367327852811649,0,"CD22_PTPRC","CD22 - PTPRC","CD22","Cell-Cell Contact","KEGG: hsa04514","PBMC_Early"
"CXCR5+ Naïve B","ILC2/3","CD22","PTPRC",0.0770198468446366,0,"CD22_PTPRC","CD22 - PTPRC","CD22","Cell-Cell Contact","KEGG: hsa04514","PBMC_Early"
"Pro-B","ILC2/3","CD22","PTPRC",0.0126963832399987,0,"CD22_PTPRC","CD22 - PTPRC","CD22","Cell-Cell Contact","KEGG: hsa04514","PBMC_Early"
"CXCR5- Naïve B","MEMP","CD22","PTPRC",0.0142227767874577,0,"CD22_PTPRC","CD22 - PTPRC","CD22","Cell-Cell Contact","KEGG: hsa04514","PBMC_Early"
"CXCR5+ Naïve B","MEMP","CD22","PTPRC",0.030606175944754,0,"CD22_PTPRC","CD22 - PTPRC","CD22","Cell-Cell Contact","KEGG: hsa04514","PBMC_Early"
"Pro-B","MEMP","CD22","PTPRC",0.00484194543972603,0,"CD22_PTPRC","CD22 - PTPRC","CD22","Cell-Cell Contact","KEGG: hsa04514","PBMC_Early"
"CXCR5- Naïve B","MEP","CD22","PTPRC",0.00897480434733709,0,"CD22_PTPRC","CD22 - PTPRC","CD22","Cell-Cell Contact","KEGG: hsa04514","PBMC_Early"
"CXCR5+ Naïve B","MEP","CD22","PTPRC",0.0194321630036765,0,"CD22_PTPRC","CD22 - PTPRC","CD22","Cell-Cell Contact","KEGG: hsa04514","PBMC_Early"
"Pro-B","MEP","CD22","PTPRC",0.00304465587622821,0,"CD22_PTPRC","CD22 - PTPRC","CD22","Cell-Cell Contact","KEGG: hsa04514","PBMC_Early"
"CXCR5- Naïve B","Myeloid-CD177","CD22","PTPRC",0.0492026783985003,0,"CD22_PTPRC","CD22 - PTPRC","CD22","Cell-Cell Contact","KEGG: hsa04514","PBMC_Early"
"CXCR5+ Naïve B","Myeloid-CD177","CD22","PTPRC",0.101721973717858,0,"CD22_PTPRC","CD22 - PTPRC","CD22","Cell-Cell Contact","KEGG: hsa04514","PBMC_Early"
"Pro-B","Myeloid-CD177","CD22","PTPRC",0.0171517903668386,0,"CD22_PTPRC","CD22 - PTPRC","CD22","Cell-Cell Contact","KEGG: hsa04514","PBMC_Early"
"CXCR5- Naïve B","Naïve CD4 T","CD22","PTPRC",0.0431854306656422,0,"CD22_PTPRC","CD22 - PTPRC","CD22","Cell-Cell Contact","KEGG: hsa04514","PBMC_Early"
"CXCR5+ Naïve B","Naïve CD4 T","CD22","PTPRC",0.0898890935978164,0,"CD22_PTPRC","CD22 - PTPRC","CD22","Cell-Cell Contact","KEGG: hsa04514","PBMC_Early"
"Pro-B","Naïve CD4 T","CD22","PTPRC",0.0149924037404168,0,"CD22_PTPRC","CD22 - PTPRC","CD22","Cell-Cell Contact","KEGG: hsa04514","PBMC_Early"
"CXCR5- Naïve B","Naïve CD8 T","CD22","PTPRC",0.0422921006333919,0,"CD22_PTPRC","CD22 - PTPRC","CD22","Cell-Cell Contact","KEGG: hsa04514","PBMC_Early"
"CXCR5+ Naïve B","Naïve CD8 T","CD22","PTPRC",0.0881186301941374,0,"CD22_PTPRC","CD22 - PTPRC","CD22","Cell-Cell Contact","KEGG: hsa04514","PBMC_Early"
"Pro-B","Naïve CD8 T","CD22","PTPRC",0.0146733284907035,0,"CD22_PTPRC","CD22 - PTPRC","CD22","Cell-Cell Contact","KEGG: hsa04514","PBMC_Early"
"CXCR5- Naïve B","NK T","CD22","PTPRC",0.0428448798994179,0,"CD22_PTPRC","CD22 - PTPRC","CD22","Cell-Cell Contact","KEGG: hsa04514","PBMC_Early"
"CXCR5+ Naïve B","NK T","CD22","PTPRC",0.0892145883282369,0,"CD22_PTPRC","CD22 - PTPRC","CD22","Cell-Cell Contact","KEGG: hsa04514","PBMC_Early"
"Pro-B","NK T","CD22","PTPRC",0.0148707216181381,0,"CD22_PTPRC","CD22 - PTPRC","CD22","Cell-Cell Contact","KEGG: hsa04514","PBMC_Early"
"CXCR5- Naïve B","pDC","CD22","PTPRC",0.0248085702718704,0,"CD22_PTPRC","CD22 - PTPRC","CD22","Cell-Cell Contact","KEGG: hsa04514","PBMC_Early"
"CXCR5+ Naïve B","pDC","CD22","PTPRC",0.0527335746898372,0,"CD22_PTPRC","CD22 - PTPRC","CD22","Cell-Cell Contact","KEGG: hsa04514","PBMC_Early"
"Pro-B","pDC","CD22","PTPRC",0.00850597643751311,0,"CD22_PTPRC","CD22 - PTPRC","CD22","Cell-Cell Contact","KEGG: hsa04514","PBMC_Early"
"CXCR5- Naïve B","Pro-B","CD22","PTPRC",0.0120632362483115,0,"CD22_PTPRC","CD22 - PTPRC","CD22","Cell-Cell Contact","KEGG: hsa04514","PBMC_Early"
"CXCR5+ Naïve B","Pro-B","CD22","PTPRC",0.0260247061149752,0,"CD22_PTPRC","CD22 - PTPRC","CD22","Cell-Cell Contact","KEGG: hsa04514","PBMC_Early"
"Pro-B","Pro-B","CD22","PTPRC",0.00410083474652153,0,"CD22_PTPRC","CD22 - PTPRC","CD22","Cell-Cell Contact","KEGG: hsa04514","PBMC_Early"
"CXCR5- Naïve B","Tem","CD22","PTPRC",0.0377585909576969,0,"CD22_PTPRC","CD22 - PTPRC","CD22","Cell-Cell Contact","KEGG: hsa04514","PBMC_Early"
"CXCR5+ Naïve B","Tem","CD22","PTPRC",0.0790783546916627,0,"CD22_PTPRC","CD22 - PTPRC","CD22","Cell-Cell Contact","KEGG: hsa04514","PBMC_Early"
"Pro-B","Tem","CD22","PTPRC",0.0130600452624232,0,"CD22_PTPRC","CD22 - PTPRC","CD22","Cell-Cell Contact","KEGG: hsa04514","PBMC_Early"
"CXCR5- Naïve B","Th17like_INNATE_T","CD22","PTPRC",0.0389522821651491,0,"CD22_PTPRC","CD22 - PTPRC","CD22","Cell-Cell Contact","KEGG: hsa04514","PBMC_Early"
"CXCR5+ Naïve B","Th17like_INNATE_T","CD22","PTPRC",0.0814677241605702,0,"CD22_PTPRC","CD22 - PTPRC","CD22","Cell-Cell Contact","KEGG: hsa04514","PBMC_Early"
"Pro-B","Th17like_INNATE_T","CD22","PTPRC",0.0134838639860001,0,"CD22_PTPRC","CD22 - PTPRC","CD22","Cell-Cell Contact","KEGG: hsa04514","PBMC_Early"
"CXCR5- Naïve B","Treg","CD22","PTPRC",0.0483487785378865,0,"CD22_PTPRC","CD22 - PTPRC","CD22","Cell-Cell Contact","KEGG: hsa04514","PBMC_Early"
"CXCR5+ Naïve B","Treg","CD22","PTPRC",0.100052527901064,0,"CD22_PTPRC","CD22 - PTPRC","CD22","Cell-Cell Contact","KEGG: hsa04514","PBMC_Early"
"Pro-B","Treg","CD22","PTPRC",0.016844271218816,0,"CD22_PTPRC","CD22 - PTPRC","CD22","Cell-Cell Contact","KEGG: hsa04514","PBMC_Early"
"abTentry","HSC_MPP","CD226","NECTIN2",0.00190321787827999,0,"CD226_NECTIN2","CD226 - NECTIN2","CD226","Cell-Cell Contact","PMID: 24440149","PBMC_Early"
"CD14+PPBP+ Monocytes","HSC_MPP","CD226","NECTIN2",0.00106442930110122,0,"CD226_NECTIN2","CD226 - NECTIN2","CD226","Cell-Cell Contact","PMID: 24440149","PBMC_Early"
"Gamma Delta V2 T","HSC_MPP","CD226","NECTIN2",0.000957233083180572,0,"CD226_NECTIN2","CD226 - NECTIN2","CD226","Cell-Cell Contact","PMID: 24440149","PBMC_Early"
"Megakaryocytes","HSC_MPP","CD226","NECTIN2",0.00207615616308829,0,"CD226_NECTIN2","CD226 - NECTIN2","CD226","Cell-Cell Contact","PMID: 24440149","PBMC_Early"
"Naïve CD8 T","HSC_MPP","CD226","NECTIN2",0.000778267235297794,0,"CD226_NECTIN2","CD226 - NECTIN2","CD226","Cell-Cell Contact","PMID: 24440149","PBMC_Early"
"Th17like_INNATE_T","HSC_MPP","CD226","NECTIN2",0.00115158141324331,0,"CD226_NECTIN2","CD226 - NECTIN2","CD226","Cell-Cell Contact","PMID: 24440149","PBMC_Early"
"abTentry","MEP","CD226","NECTIN2",0.0127757925770668,0,"CD226_NECTIN2","CD226 - NECTIN2","CD226","Cell-Cell Contact","PMID: 24440149","PBMC_Early"
"CD14+PPBP+ Monocytes","MEP","CD226","NECTIN2",0.0071796983027203,0,"CD226_NECTIN2","CD226 - NECTIN2","CD226","Cell-Cell Contact","PMID: 24440149","PBMC_Early"
"Gamma Delta V2 T","MEP","CD226","NECTIN2",0.00646063050821165,0,"CD226_NECTIN2","CD226 - NECTIN2","CD226","Cell-Cell Contact","PMID: 24440149","PBMC_Early"
"Megakaryocytes","MEP","CD226","NECTIN2",0.013922899668464,0,"CD226_NECTIN2","CD226 - NECTIN2","CD226","Cell-Cell Contact","PMID: 24440149","PBMC_Early"
"Naïve CD8 T","MEP","CD226","NECTIN2",0.00525815598985573,0,"CD226_NECTIN2","CD226 - NECTIN2","CD226","Cell-Cell Contact","PMID: 24440149","PBMC_Early"
"Th17like_INNATE_T","MEP","CD226","NECTIN2",0.00776365794536196,0,"CD226_NECTIN2","CD226 - NECTIN2","CD226","Cell-Cell Contact","PMID: 24440149","PBMC_Early"
"CXCR5+ Naïve B","CD14+PPBP+ Monocytes","FCER2","ITGAM_ITGB2",0.0151304034622498,0,"FCER2A_ITGAM_ITGB2","FCER2A - (ITGAM+ITGB2)","CD23","Cell-Cell Contact","PMID: 7621072","PBMC_Early"
"CXCR5+ Naïve B","CD56highCD16low NK","FCER2","ITGAM_ITGB2",0.0108927298887705,0,"FCER2A_ITGAM_ITGB2","FCER2A - (ITGAM+ITGB2)","CD23","Cell-Cell Contact","PMID: 7621072","PBMC_Early"
"CXCR5+ Naïve B","Classical Monocytes","FCER2","ITGAM_ITGB2",0.012785419058275,0,"FCER2A_ITGAM_ITGB2","FCER2A - (ITGAM+ITGB2)","CD23","Cell-Cell Contact","PMID: 7621072","PBMC_Early"
"CXCR5+ Naïve B","CX3CR1+ NK","FCER2","ITGAM_ITGB2",0.013923473763772,0,"FCER2A_ITGAM_ITGB2","FCER2A - (ITGAM+ITGB2)","CD23","Cell-Cell Contact","PMID: 7621072","PBMC_Early"
"CXCR5+ Naïve B","DC2","FCER2","ITGAM_ITGB2",0.0144911145694085,0,"FCER2A_ITGAM_ITGB2","FCER2A - (ITGAM+ITGB2)","CD23","Cell-Cell Contact","PMID: 7621072","PBMC_Early"
"CXCR5+ Naïve B","Myeloid-CD177","FCER2","ITGAM_ITGB2",0.0106212871782914,0,"FCER2A_ITGAM_ITGB2","FCER2A - (ITGAM+ITGB2)","CD23","Cell-Cell Contact","PMID: 7621072","PBMC_Early"
"CXCR5+ Naïve B","CD14+PPBP+ Monocytes","FCER2","ITGAX_ITGB2",0.0102855236311528,0,"FCER2A_ITGAX_ITGB2","FCER2A - (ITGAX+ITGB2)","CD23","Cell-Cell Contact","PMID: 7621072","PBMC_Early"
"CXCR5+ Naïve B","Classical Monocytes","FCER2","ITGAX_ITGB2",0.0131011456641501,0,"FCER2A_ITGAX_ITGB2","FCER2A - (ITGAX+ITGB2)","CD23","Cell-Cell Contact","PMID: 7621072","PBMC_Early"
"CXCR5+ Naïve B","DC2","FCER2","ITGAX_ITGB2",0.0166801787294869,0,"FCER2A_ITGAX_ITGB2","FCER2A - (ITGAX+ITGB2)","CD23","Cell-Cell Contact","PMID: 7621072","PBMC_Early"
"CXCR5+ Naïve B","Myeloid-CD177","FCER2","ITGAX_ITGB2",0.0134923851820352,0,"FCER2A_ITGAX_ITGB2","FCER2A - (ITGAX+ITGB2)","CD23","Cell-Cell Contact","PMID: 7621072","PBMC_Early"
"CXCR5+ Naïve B","MEP","FCER2","ITGAV_ITGB3",0.00361999199563456,0,"FCER2A_ITGAV_ITGB3","FCER2A - (ITGAV+ITGB3)","CD23","Cell-Cell Contact","PMID: 10037797","PBMC_Early"
"HSC_MPP","CD14+PPBP+ Monocytes","CD34","SELP",0.0211296887254767,0,"CD34_SELP","CD34 - SELP","CD34","Cell-Cell Contact","PMID: 18606703","PBMC_Early"
"MEMP","CD14+PPBP+ Monocytes","CD34","SELP",0.00177770578162802,0,"CD34_SELP","CD34 - SELP","CD34","Cell-Cell Contact","PMID: 18606703","PBMC_Early"
"Pro-B","CD14+PPBP+ Monocytes","CD34","SELP",0.00930048524902821,0,"CD34_SELP","CD34 - SELP","CD34","Cell-Cell Contact","PMID: 18606703","PBMC_Early"
"HSC_MPP","Megakaryocytes","CD34","SELP",0.0376574137884668,0,"CD34_SELP","CD34 - SELP","CD34","Cell-Cell Contact","PMID: 18606703","PBMC_Early"
"MEMP","Megakaryocytes","CD34","SELP",0.00321799711898302,0,"CD34_SELP","CD34 - SELP","CD34","Cell-Cell Contact","PMID: 18606703","PBMC_Early"
"Pro-B","Megakaryocytes","CD34","SELP",0.0167335362194797,0,"CD34_SELP","CD34 - SELP","CD34","Cell-Cell Contact","PMID: 18606703","PBMC_Early"
"HSC_MPP","MEP","CD34","SELP",0.016766560531827,0,"CD34_SELP","CD34 - SELP","CD34","Cell-Cell Contact","PMID: 18606703","PBMC_Early"
"MEMP","MEP","CD34","SELP",0.00140488719578302,0,"CD34_SELP","CD34 - SELP","CD34","Cell-Cell Contact","PMID: 18606703","PBMC_Early"
"Pro-B","MEP","CD34","SELP",0.00736163217470131,0,"CD34_SELP","CD34 - SELP","CD34","Cell-Cell Contact","PMID: 18606703","PBMC_Early"
"CD14+PPBP+ Monocytes","MEMP","ENTPD1","ADORA2B",0.00124427527768399,0,"ENTPD1_ADORA2B","ENTPD1 - ADORA2B","CD39","Cell-Cell Contact","PMID: 21677139","PBMC_Early"
"Classical Monocytes","MEMP","ENTPD1","ADORA2B",0.00148422921523946,0,"ENTPD1_ADORA2B","ENTPD1 - ADORA2B","CD39","Cell-Cell Contact","PMID: 21677139","PBMC_Early"
"DC2","MEMP","ENTPD1","ADORA2B",0.00310957762630069,0,"ENTPD1_ADORA2B","ENTPD1 - ADORA2B","CD39","Cell-Cell Contact","PMID: 21677139","PBMC_Early"
"Myeloid-CD177","MEMP","ENTPD1","ADORA2B",0.00623425698067708,0,"ENTPD1_ADORA2B","ENTPD1 - ADORA2B","CD39","Cell-Cell Contact","PMID: 21677139","PBMC_Early"
"CD14+PPBP+ Monocytes","MEP","ENTPD1","ADORA2B",0.00197909104970289,0,"ENTPD1_ADORA2B","ENTPD1 - ADORA2B","CD39","Cell-Cell Contact","PMID: 21677139","PBMC_Early"
"Classical Monocytes","MEP","ENTPD1","ADORA2B",0.0023604166188355,0,"ENTPD1_ADORA2B","ENTPD1 - ADORA2B","CD39","Cell-Cell Contact","PMID: 21677139","PBMC_Early"
"DC2","MEP","ENTPD1","ADORA2B",0.00494051211318346,0,"ENTPD1_ADORA2B","ENTPD1 - ADORA2B","CD39","Cell-Cell Contact","PMID: 21677139","PBMC_Early"
"Myeloid-CD177","MEP","ENTPD1","ADORA2B",0.00988677124286373,0,"ENTPD1_ADORA2B","ENTPD1 - ADORA2B","CD39","Cell-Cell Contact","PMID: 21677139","PBMC_Early"
"Naïve CD4 T","CXCR5- Naïve B","CD40LG","CD40",0.00407205188819579,0,"CD40LG_CD40","CD40LG - CD40","CD40","Cell-Cell Contact","KEGG: hsa04514","PBMC_Early"
"Tem","CXCR5- Naïve B","CD40LG","CD40",0.0142231749263667,0,"CD40LG_CD40","CD40LG - CD40","CD40","Cell-Cell Contact","KEGG: hsa04514","PBMC_Early"
"Th17like_INNATE_T","CXCR5- Naïve B","CD40LG","CD40",0.0129421834938168,0,"CD40LG_CD40","CD40LG - CD40","CD40","Cell-Cell Contact","KEGG: hsa04514","PBMC_Early"
"Naïve CD4 T","CXCR5+ Naïve B","CD40LG","CD40",0.00421246780638008,0,"CD40LG_CD40","CD40LG - CD40","CD40","Cell-Cell Contact","KEGG: hsa04514","PBMC_Early"
"Tem","CXCR5+ Naïve B","CD40LG","CD40",0.0147084608131493,0,"CD40LG_CD40","CD40LG - CD40","CD40","Cell-Cell Contact","KEGG: hsa04514","PBMC_Early"
"Th17like_INNATE_T","CXCR5+ Naïve B","CD40LG","CD40",0.0133843561747535,0,"CD40LG_CD40","CD40LG - CD40","CD40","Cell-Cell Contact","KEGG: hsa04514","PBMC_Early"
"abTentry","CXCR5- Naïve B","PTPRC","CD22",0.0538026472436731,0,"PTPRC_CD22","PTPRC - CD22","CD45","Cell-Cell Contact","PMID: 12115612","PBMC_Early"
"CD14+PPBP+ Monocytes","CXCR5- Naïve B","PTPRC","CD22",0.0288086975914133,0,"PTPRC_CD22","PTPRC - CD22","CD45","Cell-Cell Contact","PMID: 12115612","PBMC_Early"
"CD56highCD16low NK","CXCR5- Naïve B","PTPRC","CD22",0.0482312885083085,0,"PTPRC_CD22","PTPRC - CD22","CD45","Cell-Cell Contact","PMID: 12115612","PBMC_Early"
"Classical Monocytes","CXCR5- Naïve B","PTPRC","CD22",0.0343465082291783,0,"PTPRC_CD22","PTPRC - CD22","CD45","Cell-Cell Contact","PMID: 12115612","PBMC_Early"
"CX3CR1+ NK","CXCR5- Naïve B","PTPRC","CD22",0.0452391563121723,0,"PTPRC_CD22","PTPRC - CD22","CD45","Cell-Cell Contact","PMID: 12115612","PBMC_Early"
"CXCR5- Naïve B","CXCR5- Naïve B","PTPRC","CD22",0.0384770843533022,0,"PTPRC_CD22","PTPRC - CD22","CD45","Cell-Cell Contact","PMID: 12115612","PBMC_Early"
"CXCR5+ Naïve B","CXCR5- Naïve B","PTPRC","CD22",0.0377614727619346,0,"PTPRC_CD22","PTPRC - CD22","CD45","Cell-Cell Contact","PMID: 12115612","PBMC_Early"
"CXCR6+ NK","CXCR5- Naïve B","PTPRC","CD22",0.0453219866719502,0,"PTPRC_CD22","PTPRC - CD22","CD45","Cell-Cell Contact","PMID: 12115612","PBMC_Early"
"DC2","CXCR5- Naïve B","PTPRC","CD22",0.0347444650448831,0,"PTPRC_CD22","PTPRC - CD22","CD45","Cell-Cell Contact","PMID: 12115612","PBMC_Early"
"Gamma Delta V1 T","CXCR5- Naïve B","PTPRC","CD22",0.0445974438061607,0,"PTPRC_CD22","PTPRC - CD22","CD45","Cell-Cell Contact","PMID: 12115612","PBMC_Early"
"Gamma Delta V2 T","CXCR5- Naïve B","PTPRC","CD22",0.0416220350682584,0,"PTPRC_CD22","PTPRC - CD22","CD45","Cell-Cell Contact","PMID: 12115612","PBMC_Early"
"HSC_MPP","CXCR5- Naïve B","PTPRC","CD22",0.0181981857414252,0,"PTPRC_CD22","PTPRC - CD22","CD45","Cell-Cell Contact","PMID: 12115612","PBMC_Early"
"ILC2/3","CXCR5- Naïve B","PTPRC","CD22",0.0367327852811649,0,"PTPRC_CD22","PTPRC - CD22","CD45","Cell-Cell Contact","PMID: 12115612","PBMC_Early"
"MEMP","CXCR5- Naïve B","PTPRC","CD22",0.0142227767874577,0,"PTPRC_CD22","PTPRC - CD22","CD45","Cell-Cell Contact","PMID: 12115612","PBMC_Early"
"MEP","CXCR5- Naïve B","PTPRC","CD22",0.00897480434733709,0,"PTPRC_CD22","PTPRC - CD22","CD45","Cell-Cell Contact","PMID: 12115612","PBMC_Early"
"Myeloid-CD177","CXCR5- Naïve B","PTPRC","CD22",0.0492026783985003,0,"PTPRC_CD22","PTPRC - CD22","CD45","Cell-Cell Contact","PMID: 12115612","PBMC_Early"
"Naïve CD4 T","CXCR5- Naïve B","PTPRC","CD22",0.0431854306656422,0,"PTPRC_CD22","PTPRC - CD22","CD45","Cell-Cell Contact","PMID: 12115612","PBMC_Early"
"Naïve CD8 T","CXCR5- Naïve B","PTPRC","CD22",0.0422921006333919,0,"PTPRC_CD22","PTPRC - CD22","CD45","Cell-Cell Contact","PMID: 12115612","PBMC_Early"
"NK T","CXCR5- Naïve B","PTPRC","CD22",0.0428448798994179,0,"PTPRC_CD22","PTPRC - CD22","CD45","Cell-Cell Contact","PMID: 12115612","PBMC_Early"
"pDC","CXCR5- Naïve B","PTPRC","CD22",0.0248085702718704,0,"PTPRC_CD22","PTPRC - CD22","CD45","Cell-Cell Contact","PMID: 12115612","PBMC_Early"
"Pro-B","CXCR5- Naïve B","PTPRC","CD22",0.0120632362483115,0,"PTPRC_CD22","PTPRC - CD22","CD45","Cell-Cell Contact","PMID: 12115612","PBMC_Early"
"Tem","CXCR5- Naïve B","PTPRC","CD22",0.0377585909576969,0,"PTPRC_CD22","PTPRC - CD22","CD45","Cell-Cell Contact","PMID: 12115612","PBMC_Early"
"Th17like_INNATE_T","CXCR5- Naïve B","PTPRC","CD22",0.0389522821651491,0,"PTPRC_CD22","PTPRC - CD22","CD45","Cell-Cell Contact","PMID: 12115612","PBMC_Early"
"Treg","CXCR5- Naïve B","PTPRC","CD22",0.0483487785378865,0,"PTPRC_CD22","PTPRC - CD22","CD45","Cell-Cell Contact","PMID: 12115612","PBMC_Early"
"abTentry","CXCR5+ Naïve B","PTPRC","CD22",0.110660517435691,0,"PTPRC_CD22","PTPRC - CD22","CD45","Cell-Cell Contact","PMID: 12115612","PBMC_Early"
"CD14+PPBP+ Monocytes","CXCR5+ Naïve B","PTPRC","CD22",0.0609548835552202,0,"PTPRC_CD22","PTPRC - CD22","CD45","Cell-Cell Contact","PMID: 12115612","PBMC_Early"
"CD56highCD16low NK","CXCR5+ Naïve B","PTPRC","CD22",0.0998225742728377,0,"PTPRC_CD22","PTPRC - CD22","CD45","Cell-Cell Contact","PMID: 12115612","PBMC_Early"
"Classical Monocytes","CXCR5+ Naïve B","PTPRC","CD22",0.072212595691369,0,"PTPRC_CD22","PTPRC - CD22","CD45","Cell-Cell Contact","PMID: 12115612","PBMC_Early"
"CX3CR1+ NK","CXCR5+ Naïve B","PTPRC","CD22",0.0939457830162487,0,"PTPRC_CD22","PTPRC - CD22","CD45","Cell-Cell Contact","PMID: 12115612","PBMC_Early"
"CXCR5- Naïve B","CXCR5+ Naïve B","PTPRC","CD22",0.0805173140984549,0,"PTPRC_CD22","PTPRC - CD22","CD45","Cell-Cell Contact","PMID: 12115612","PBMC_Early"
"CXCR5+ Naïve B","CXCR5+ Naïve B","PTPRC","CD22",0.0790841309091385,0,"PTPRC_CD22","PTPRC - CD22","CD45","Cell-Cell Contact","PMID: 12115612","PBMC_Early"
"CXCR6+ NK","CXCR5+ Naïve B","PTPRC","CD22",0.094109002261212,0,"PTPRC_CD22","PTPRC - CD22","CD45","Cell-Cell Contact","PMID: 12115612","PBMC_Early"
"DC2","CXCR5+ Naïve B","PTPRC","CD22",0.0730161147736766,0,"PTPRC_CD22","PTPRC - CD22","CD45","Cell-Cell Contact","PMID: 12115612","PBMC_Early"
"Gamma Delta V1 T","CXCR5+ Naïve B","PTPRC","CD22",0.0926802389627958,0,"PTPRC_CD22","PTPRC - CD22","CD45","Cell-Cell Contact","PMID: 12115612","PBMC_Early"
"Gamma Delta V2 T","CXCR5+ Naïve B","PTPRC","CD22",0.086788296995602,0,"PTPRC_CD22","PTPRC - CD22","CD45","Cell-Cell Contact","PMID: 12115612","PBMC_Early"
"HSC_MPP","CXCR5+ Naïve B","PTPRC","CD22",0.0389798327833893,0,"PTPRC_CD22","PTPRC - CD22","CD45","Cell-Cell Contact","PMID: 12115612","PBMC_Early"
"ILC2/3","CXCR5+ Naïve B","PTPRC","CD22",0.0770198468446366,0,"PTPRC_CD22","PTPRC - CD22","CD45","Cell-Cell Contact","PMID: 12115612","PBMC_Early"
"MEMP","CXCR5+ Naïve B","PTPRC","CD22",0.030606175944754,0,"PTPRC_CD22","PTPRC - CD22","CD45","Cell-Cell Contact","PMID: 12115612","PBMC_Early"
"MEP","CXCR5+ Naïve B","PTPRC","CD22",0.0194321630036765,0,"PTPRC_CD22","PTPRC - CD22","CD45","Cell-Cell Contact","PMID: 12115612","PBMC_Early"
"Myeloid-CD177","CXCR5+ Naïve B","PTPRC","CD22",0.101721973717858,0,"PTPRC_CD22","PTPRC - CD22","CD45","Cell-Cell Contact","PMID: 12115612","PBMC_Early"
"Naïve CD4 T","CXCR5+ Naïve B","PTPRC","CD22",0.0898890935978164,0,"PTPRC_CD22","PTPRC - CD22","CD45","Cell-Cell Contact","PMID: 12115612","PBMC_Early"
"Naïve CD8 T","CXCR5+ Naïve B","PTPRC","CD22",0.0881186301941374,0,"PTPRC_CD22","PTPRC - CD22","CD45","Cell-Cell Contact","PMID: 12115612","PBMC_Early"
"NK T","CXCR5+ Naïve B","PTPRC","CD22",0.0892145883282369,0,"PTPRC_CD22","PTPRC - CD22","CD45","Cell-Cell Contact","PMID: 12115612","PBMC_Early"
"pDC","CXCR5+ Naïve B","PTPRC","CD22",0.0527335746898372,0,"PTPRC_CD22","PTPRC - CD22","CD45","Cell-Cell Contact","PMID: 12115612","PBMC_Early"
"Pro-B","CXCR5+ Naïve B","PTPRC","CD22",0.0260247061149752,0,"PTPRC_CD22","PTPRC - CD22","CD45","Cell-Cell Contact","PMID: 12115612","PBMC_Early"
"Tem","CXCR5+ Naïve B","PTPRC","CD22",0.0790783546916627,0,"PTPRC_CD22","PTPRC - CD22","CD45","Cell-Cell Contact","PMID: 12115612","PBMC_Early"
"Th17like_INNATE_T","CXCR5+ Naïve B","PTPRC","CD22",0.0814677241605702,0,"PTPRC_CD22","PTPRC - CD22","CD45","Cell-Cell Contact","PMID: 12115612","PBMC_Early"
"Treg","CXCR5+ Naïve B","PTPRC","CD22",0.100052527901064,0,"PTPRC_CD22","PTPRC - CD22","CD45","Cell-Cell Contact","PMID: 12115612","PBMC_Early"
"abTentry","Pro-B","PTPRC","CD22",0.0188146092591407,0,"PTPRC_CD22","PTPRC - CD22","CD45","Cell-Cell Contact","PMID: 12115612","PBMC_Early"
"CD14+PPBP+ Monocytes","Pro-B","PTPRC","CD22",0.00990417450840691,0,"PTPRC_CD22","PTPRC - CD22","CD45","Cell-Cell Contact","PMID: 12115612","PBMC_Early"
"CD56highCD16low NK","Pro-B","PTPRC","CD22",0.0168019870984428,0,"PTPRC_CD22","PTPRC - CD22","CD45","Cell-Cell Contact","PMID: 12115612","PBMC_Early"
"Classical Monocytes","Pro-B","PTPRC","CD22",0.0118523733330242,0,"PTPRC_CD22","PTPRC - CD22","CD45","Cell-Cell Contact","PMID: 12115612","PBMC_Early"
"CX3CR1+ NK","Pro-B","PTPRC","CD22",0.0157274204758423,0,"PTPRC_CD22","PTPRC - CD22","CD45","Cell-Cell Contact","PMID: 12115612","PBMC_Early"
"CXCR5- Naïve B","Pro-B","PTPRC","CD22",0.0133150630902936,0,"PTPRC_CD22","PTPRC - CD22","CD45","Cell-Cell Contact","PMID: 12115612","PBMC_Early"
"CXCR5+ Naïve B","Pro-B","PTPRC","CD22",0.0130610676155225,0,"PTPRC_CD22","PTPRC - CD22","CD45","Cell-Cell Contact","PMID: 12115612","PBMC_Early"
"CXCR6+ NK","Pro-B","PTPRC","CD22",0.0157571082689633,0,"PTPRC_CD22","PTPRC - CD22","CD45","Cell-Cell Contact","PMID: 12115612","PBMC_Early"
"DC2","Pro-B","PTPRC","CD22",0.0119929380835179,0,"PTPRC_CD22","PTPRC - CD22","CD45","Cell-Cell Contact","PMID: 12115612","PBMC_Early"
"Gamma Delta V1 T","Pro-B","PTPRC","CD22",0.0154975337401105,0,"PTPRC_CD22","PTPRC - CD22","CD45","Cell-Cell Contact","PMID: 12115612","PBMC_Early"
"Gamma Delta V2 T","Pro-B","PTPRC","CD22",0.0144342527748675,0,"PTPRC_CD22","PTPRC - CD22","CD45","Cell-Cell Contact","PMID: 12115612","PBMC_Early"
"HSC_MPP","Pro-B","PTPRC","CD22",0.00621184048987499,0,"PTPRC_CD22","PTPRC - CD22","CD45","Cell-Cell Contact","PMID: 12115612","PBMC_Early"
"ILC2/3","Pro-B","PTPRC","CD22",0.0126963832399987,0,"PTPRC_CD22","PTPRC - CD22","CD45","Cell-Cell Contact","PMID: 12115612","PBMC_Early"
"MEMP","Pro-B","PTPRC","CD22",0.00484194543972603,0,"PTPRC_CD22","PTPRC - CD22","CD45","Cell-Cell Contact","PMID: 12115612","PBMC_Early"
"MEP","Pro-B","PTPRC","CD22",0.00304465587622821,0,"PTPRC_CD22","PTPRC - CD22","CD45","Cell-Cell Contact","PMID: 12115612","PBMC_Early"
"Myeloid-CD177","Pro-B","PTPRC","CD22",0.0171517903668386,0,"PTPRC_CD22","PTPRC - CD22","CD45","Cell-Cell Contact","PMID: 12115612","PBMC_Early"
"Naïve CD4 T","Pro-B","PTPRC","CD22",0.0149924037404168,0,"PTPRC_CD22","PTPRC - CD22","CD45","Cell-Cell Contact","PMID: 12115612","PBMC_Early"
"Naïve CD8 T","Pro-B","PTPRC","CD22",0.0146733284907035,0,"PTPRC_CD22","PTPRC - CD22","CD45","Cell-Cell Contact","PMID: 12115612","PBMC_Early"
"NK T","Pro-B","PTPRC","CD22",0.0148707216181381,0,"PTPRC_CD22","PTPRC - CD22","CD45","Cell-Cell Contact","PMID: 12115612","PBMC_Early"
"pDC","Pro-B","PTPRC","CD22",0.00850597643751311,0,"PTPRC_CD22","PTPRC - CD22","CD45","Cell-Cell Contact","PMID: 12115612","PBMC_Early"
"Pro-B","Pro-B","PTPRC","CD22",0.00410083474652153,0,"PTPRC_CD22","PTPRC - CD22","CD45","Cell-Cell Contact","PMID: 12115612","PBMC_Early"
"Tem","Pro-B","PTPRC","CD22",0.0130600452624232,0,"PTPRC_CD22","PTPRC - CD22","CD45","Cell-Cell Contact","PMID: 12115612","PBMC_Early"
"Th17like_INNATE_T","Pro-B","PTPRC","CD22",0.0134838639860001,0,"PTPRC_CD22","PTPRC - CD22","CD45","Cell-Cell Contact","PMID: 12115612","PBMC_Early"
"Treg","Pro-B","PTPRC","CD22",0.016844271218816,0,"PTPRC_CD22","PTPRC - CD22","CD45","Cell-Cell Contact","PMID: 12115612","PBMC_Early"
"abTentry","DC2","PTPRC","MRC1",0.0187645215129798,0,"PTPRC_MRC1","PTPRC - MRC1","CD45","Cell-Cell Contact","PMID: 27601670; PMID: 10575006","PBMC_Early"
"CD14+PPBP+ Monocytes","DC2","PTPRC","MRC1",0.00987756908179042,0,"PTPRC_MRC1","PTPRC - MRC1","CD45","Cell-Cell Contact","PMID: 27601670; PMID: 10575006","PBMC_Early"
"CD56highCD16low NK","DC2","PTPRC","MRC1",0.0167571657951303,0,"PTPRC_MRC1","PTPRC - MRC1","CD45","Cell-Cell Contact","PMID: 27601670; PMID: 10575006","PBMC_Early"
"Classical Monocytes","DC2","PTPRC","MRC1",0.0118205969717776,0,"PTPRC_MRC1","PTPRC - MRC1","CD45","Cell-Cell Contact","PMID: 27601670; PMID: 10575006","PBMC_Early"
"CX3CR1+ NK","DC2","PTPRC","MRC1",0.0156854199759066,0,"PTPRC_MRC1","PTPRC - MRC1","CD45","Cell-Cell Contact","PMID: 27601670; PMID: 10575006","PBMC_Early"
"CXCR5- Naïve B","DC2","PTPRC","MRC1",0.0132794179392164,0,"PTPRC_MRC1","PTPRC - MRC1","CD45","Cell-Cell Contact","PMID: 27601670; PMID: 10575006","PBMC_Early"
"CXCR5+ Naïve B","DC2","PTPRC","MRC1",0.0130260934474577,0,"PTPRC_MRC1","PTPRC - MRC1","CD45","Cell-Cell Contact","PMID: 27601670; PMID: 10575006","PBMC_Early"
"CXCR6+ NK","DC2","PTPRC","MRC1",0.0157150297528046,0,"PTPRC_MRC1","PTPRC - MRC1","CD45","Cell-Cell Contact","PMID: 27601670; PMID: 10575006","PBMC_Early"
"DC2","DC2","PTPRC","MRC1",0.0119607894279748,0,"PTPRC_MRC1","PTPRC - MRC1","CD45","Cell-Cell Contact","PMID: 27601670; PMID: 10575006","PBMC_Early"
"Gamma Delta V1 T","DC2","PTPRC","MRC1",0.0154561375184624,0,"PTPRC_MRC1","PTPRC - MRC1","CD45","Cell-Cell Contact","PMID: 27601670; PMID: 10575006","PBMC_Early"
"Gamma Delta V2 T","DC2","PTPRC","MRC1",0.0143956552052093,0,"PTPRC_MRC1","PTPRC - MRC1","CD45","Cell-Cell Contact","PMID: 27601670; PMID: 10575006","PBMC_Early"
"HSC_MPP","DC2","PTPRC","MRC1",0.00619509165979942,0,"PTPRC_MRC1","PTPRC - MRC1","CD45","Cell-Cell Contact","PMID: 27601670; PMID: 10575006","PBMC_Early"
"ILC2/3","DC2","PTPRC","MRC1",0.0126623730737327,0,"PTPRC_MRC1","PTPRC - MRC1","CD45","Cell-Cell Contact","PMID: 27601670; PMID: 10575006","PBMC_Early"
"MEMP","DC2","PTPRC","MRC1",0.00482887227591978,0,"PTPRC_MRC1","PTPRC - MRC1","CD45","Cell-Cell Contact","PMID: 27601670; PMID: 10575006","PBMC_Early"
"MEP","DC2","PTPRC","MRC1",0.00303642055487721,0,"PTPRC_MRC1","PTPRC - MRC1","CD45","Cell-Cell Contact","PMID: 27601670; PMID: 10575006","PBMC_Early"
"Myeloid-CD177","DC2","PTPRC","MRC1",0.0171060521567697,0,"PTPRC_MRC1","PTPRC - MRC1","CD45","Cell-Cell Contact","PMID: 27601670; PMID: 10575006","PBMC_Early"
"Naïve CD4 T","DC2","PTPRC","MRC1",0.0149523363038259,0,"PTPRC_MRC1","PTPRC - MRC1","CD45","Cell-Cell Contact","PMID: 27601670; PMID: 10575006","PBMC_Early"
"Naïve CD8 T","DC2","PTPRC","MRC1",0.0146341011188457,0,"PTPRC_MRC1","PTPRC - MRC1","CD45","Cell-Cell Contact","PMID: 27601670; PMID: 10575006","PBMC_Early"
"NK T","DC2","PTPRC","MRC1",0.0148309744825442,0,"PTPRC_MRC1","PTPRC - MRC1","CD45","Cell-Cell Contact","PMID: 27601670; PMID: 10575006","PBMC_Early"
"pDC","DC2","PTPRC","MRC1",0.00848309478729239,0,"PTPRC_MRC1","PTPRC - MRC1","CD45","Cell-Cell Contact","PMID: 27601670; PMID: 10575006","PBMC_Early"
"Pro-B","DC2","PTPRC","MRC1",0.00408975434462753,0,"PTPRC_MRC1","PTPRC - MRC1","CD45","Cell-Cell Contact","PMID: 27601670; PMID: 10575006","PBMC_Early"
"Tem","DC2","PTPRC","MRC1",0.0130250737958268,0,"PTPRC_MRC1","PTPRC - MRC1","CD45","Cell-Cell Contact","PMID: 27601670; PMID: 10575006","PBMC_Early"
"Th17like_INNATE_T","DC2","PTPRC","MRC1",0.0134477731046162,0,"PTPRC_MRC1","PTPRC - MRC1","CD45","Cell-Cell Contact","PMID: 27601670; PMID: 10575006","PBMC_Early"
"Treg","DC2","PTPRC","MRC1",0.0167993390448856,0,"PTPRC_MRC1","PTPRC - MRC1","CD45","Cell-Cell Contact","PMID: 27601670; PMID: 10575006","PBMC_Early"
"CD14+PPBP+ Monocytes","CX3CR1+ NK","CD48","CD244",0.0124677881340013,0,"CD48_CD244A","CD48 - CD244A","CD48","Cell-Cell Contact","PMID: 26697006","PBMC_Early"
"Classical Monocytes","CX3CR1+ NK","CD48","CD244",0.0157216539107935,0,"CD48_CD244A","CD48 - CD244A","CD48","Cell-Cell Contact","PMID: 26697006","PBMC_Early"
"CX3CR1+ NK","CX3CR1+ NK","CD48","CD244",0.0155971329901714,0,"CD48_CD244A","CD48 - CD244A","CD48","Cell-Cell Contact","PMID: 26697006","PBMC_Early"
"CXCR5- Naïve B","CX3CR1+ NK","CD48","CD244",0.00541152292301761,0,"CD48_CD244A","CD48 - CD244A","CD48","Cell-Cell Contact","PMID: 26697006","PBMC_Early"
"CXCR5+ Naïve B","CX3CR1+ NK","CD48","CD244",0.0136701493333638,0,"CD48_CD244A","CD48 - CD244A","CD48","Cell-Cell Contact","PMID: 26697006","PBMC_Early"
"CXCR6+ NK","CX3CR1+ NK","CD48","CD244",0.0152123986639195,0,"CD48_CD244A","CD48 - CD244A","CD48","Cell-Cell Contact","PMID: 26697006","PBMC_Early"
"DC2","CX3CR1+ NK","CD48","CD244",0.018920514354375,0,"CD48_CD244A","CD48 - CD244A","CD48","Cell-Cell Contact","PMID: 26697006","PBMC_Early"
"Gamma Delta V1 T","CX3CR1+ NK","CD48","CD244",0.0147300914177219,0,"CD48_CD244A","CD48 - CD244A","CD48","Cell-Cell Contact","PMID: 26697006","PBMC_Early"
"Gamma Delta V2 T","CX3CR1+ NK","CD48","CD244",0.0129589318793733,0,"CD48_CD244A","CD48 - CD244A","CD48","Cell-Cell Contact","PMID: 26697006","PBMC_Early"
"HSC_MPP","CX3CR1+ NK","CD48","CD244",0.00301563085496908,0,"CD48_CD244A","CD48 - CD244A","CD48","Cell-Cell Contact","PMID: 26697006","PBMC_Early"
"ILC2/3","CX3CR1+ NK","CD48","CD244",0.0167293592568647,0,"CD48_CD244A","CD48 - CD244A","CD48","Cell-Cell Contact","PMID: 26697006","PBMC_Early"
"Naïve CD4 T","CX3CR1+ NK","CD48","CD244",0.0129924745611915,0,"CD48_CD244A","CD48 - CD244A","CD48","Cell-Cell Contact","PMID: 26697006","PBMC_Early"
"Naïve CD8 T","CX3CR1+ NK","CD48","CD244",0.0128628697003816,0,"CD48_CD244A","CD48 - CD244A","CD48","Cell-Cell Contact","PMID: 26697006","PBMC_Early"
"NK T","CX3CR1+ NK","CD48","CD244",0.0138889745976554,0,"CD48_CD244A","CD48 - CD244A","CD48","Cell-Cell Contact","PMID: 26697006","PBMC_Early"
"pDC","CX3CR1+ NK","CD48","CD244",0.00894390437333419,0,"CD48_CD244A","CD48 - CD244A","CD48","Cell-Cell Contact","PMID: 26697006","PBMC_Early"
"Pro-B","CX3CR1+ NK","CD48","CD244",0.00193981214970587,0,"CD48_CD244A","CD48 - CD244A","CD48","Cell-Cell Contact","PMID: 26697006","PBMC_Early"
"Tem","CX3CR1+ NK","CD48","CD244",0.0154548062132227,0,"CD48_CD244A","CD48 - CD244A","CD48","Cell-Cell Contact","PMID: 26697006","PBMC_Early"
"Th17like_INNATE_T","CX3CR1+ NK","CD48","CD244",0.014470081201153,0,"CD48_CD244A","CD48 - CD244A","CD48","Cell-Cell Contact","PMID: 26697006","PBMC_Early"
"Treg","CX3CR1+ NK","CD48","CD244",0.01211538042696,0,"CD48_CD244A","CD48 - CD244A","CD48","Cell-Cell Contact","PMID: 26697006","PBMC_Early"
"CD14+PPBP+ Monocytes","CXCR6+ NK","CD48","CD244",0.01099802766368,0,"CD48_CD244A","CD48 - CD244A","CD48","Cell-Cell Contact","PMID: 26697006","PBMC_Early"
"Classical Monocytes","CXCR6+ NK","CD48","CD244",0.0138737015807414,0,"CD48_CD244A","CD48 - CD244A","CD48","Cell-Cell Contact","PMID: 26697006","PBMC_Early"
"CX3CR1+ NK","CXCR6+ NK","CD48","CD244",0.0137636124121206,0,"CD48_CD244A","CD48 - CD244A","CD48","Cell-Cell Contact","PMID: 26697006","PBMC_Early"
"CXCR5- Naïve B","CXCR6+ NK","CD48","CD244",0.00476957005980006,0,"CD48_CD244A","CD48 - CD244A","CD48","Cell-Cell Contact","PMID: 26697006","PBMC_Early"
"CXCR5+ Naïve B","CXCR6+ NK","CD48","CD244",0.0120603799885287,0,"CD48_CD244A","CD48 - CD244A","CD48","Cell-Cell Contact","PMID: 26697006","PBMC_Early"
"CXCR6+ NK","CXCR6+ NK","CD48","CD244",0.0134234887907949,0,"CD48_CD244A","CD48 - CD244A","CD48","Cell-Cell Contact","PMID: 26697006","PBMC_Early"
"DC2","CXCR6+ NK","CD48","CD244",0.0167029426609397,0,"CD48_CD244A","CD48 - CD244A","CD48","Cell-Cell Contact","PMID: 26697006","PBMC_Early"
"Gamma Delta V1 T","CXCR6+ NK","CD48","CD244",0.0129971501653757,0,"CD48_CD244A","CD48 - CD244A","CD48","Cell-Cell Contact","PMID: 26697006","PBMC_Early"
"Gamma Delta V2 T","CXCR6+ NK","CD48","CD244",0.0114319433616181,0,"CD48_CD244A","CD48 - CD244A","CD48","Cell-Cell Contact","PMID: 26697006","PBMC_Early"
"HSC_MPP","CXCR6+ NK","CD48","CD244",0.0026571362253969,0,"CD48_CD244A","CD48 - CD244A","CD48","Cell-Cell Contact","PMID: 26697006","PBMC_Early"
"ILC2/3","CXCR6+ NK","CD48","CD244",0.014764736154148,0,"CD48_CD244A","CD48 - CD244A","CD48","Cell-Cell Contact","PMID: 26697006","PBMC_Early"
"Naïve CD4 T","CXCR6+ NK","CD48","CD244",0.0114615795078495,0,"CD48_CD244A","CD48 - CD244A","CD48","Cell-Cell Contact","PMID: 26697006","PBMC_Early"
"Naïve CD8 T","CXCR6+ NK","CD48","CD244",0.0113470703406778,0,"CD48_CD244A","CD48 - CD244A","CD48","Cell-Cell Contact","PMID: 26697006","PBMC_Early"
"NK T","CXCR6+ NK","CD48","CD244",0.012253756965269,0,"CD48_CD244A","CD48 - CD244A","CD48","Cell-Cell Contact","PMID: 26697006","PBMC_Early"
"pDC","CXCR6+ NK","CD48","CD244",0.00788623820596055,0,"CD48_CD244A","CD48 - CD244A","CD48","Cell-Cell Contact","PMID: 26697006","PBMC_Early"
"Pro-B","CXCR6+ NK","CD48","CD244",0.00170899034809033,0,"CD48_CD244A","CD48 - CD244A","CD48","Cell-Cell Contact","PMID: 26697006","PBMC_Early"
"Tem","CXCR6+ NK","CD48","CD244",0.0136377850637881,0,"CD48_CD244A","CD48 - CD244A","CD48","Cell-Cell Contact","PMID: 26697006","PBMC_Early"
"Th17like_INNATE_T","CXCR6+ NK","CD48","CD244",0.0127673328156854,0,"CD48_CD244A","CD48 - CD244A","CD48","Cell-Cell Contact","PMID: 26697006","PBMC_Early"
"Treg","CXCR6+ NK","CD48","CD244",0.0106867138373107,0,"CD48_CD244A","CD48 - CD244A","CD48","Cell-Cell Contact","PMID: 26697006","PBMC_Early"
"CD14+PPBP+ Monocytes","HSC_MPP","CD48","CD244",0.00685756667708382,0,"CD48_CD244A","CD48 - CD244A","CD48","Cell-Cell Contact","PMID: 26697006","PBMC_Early"
"Classical Monocytes","HSC_MPP","CD48","CD244",0.00866010668166863,0,"CD48_CD244A","CD48 - CD244A","CD48","Cell-Cell Contact","PMID: 26697006","PBMC_Early"
"CX3CR1+ NK","HSC_MPP","CD48","CD244",0.00859102748023593,0,"CD48_CD244A","CD48 - CD244A","CD48","Cell-Cell Contact","PMID: 26697006","PBMC_Early"
"CXCR5- Naïve B","HSC_MPP","CD48","CD244",0.00296692114779002,0,"CD48_CD244A","CD48 - CD244A","CD48","Cell-Cell Contact","PMID: 26697006","PBMC_Early"
"CXCR5+ Naïve B","HSC_MPP","CD48","CD244",0.00752301425114005,0,"CD48_CD244A","CD48 - CD244A","CD48","Cell-Cell Contact","PMID: 26697006","PBMC_Early"
"CXCR6+ NK","HSC_MPP","CD48","CD244",0.00837764192994798,0,"CD48_CD244A","CD48 - CD244A","CD48","Cell-Cell Contact","PMID: 26697006","PBMC_Early"
"DC2","HSC_MPP","CD48","CD244",0.0104374011192944,0,"CD48_CD244A","CD48 - CD244A","CD48","Cell-Cell Contact","PMID: 26697006","PBMC_Early"
"Gamma Delta V1 T","HSC_MPP","CD48","CD244",0.0081102452146071,0,"CD48_CD244A","CD48 - CD244A","CD48","Cell-Cell Contact","PMID: 26697006","PBMC_Early"
"Gamma Delta V2 T","HSC_MPP","CD48","CD244",0.00712930238653305,0,"CD48_CD244A","CD48 - CD244A","CD48","Cell-Cell Contact","PMID: 26697006","PBMC_Early"
"HSC_MPP","HSC_MPP","CD48","CD244",0.00165155230943858,0,"CD48_CD244A","CD48 - CD244A","CD48","Cell-Cell Contact","PMID: 26697006","PBMC_Early"
"ILC2/3","HSC_MPP","CD48","CD244",0.00921943007290216,0,"CD48_CD244A","CD48 - CD244A","CD48","Cell-Cell Contact","PMID: 26697006","PBMC_Early"
"Naïve CD4 T","HSC_MPP","CD48","CD244",0.0071478650256387,0,"CD48_CD244A","CD48 - CD244A","CD48","Cell-Cell Contact","PMID: 26697006","PBMC_Early"
"Naïve CD8 T","HSC_MPP","CD48","CD244",0.00707614437593877,0,"CD48_CD244A","CD48 - CD244A","CD48","Cell-Cell Contact","PMID: 26697006","PBMC_Early"
"NK T","HSC_MPP","CD48","CD244",0.00764420171150978,0,"CD48_CD244A","CD48 - CD244A","CD48","Cell-Cell Contact","PMID: 26697006","PBMC_Early"
"pDC","HSC_MPP","CD48","CD244",0.00491146428995503,0,"CD48_CD244A","CD48 - CD244A","CD48","Cell-Cell Contact","PMID: 26697006","PBMC_Early"
"Pro-B","HSC_MPP","CD48","CD244",0.00106184689531316,0,"CD48_CD244A","CD48 - CD244A","CD48","Cell-Cell Contact","PMID: 26697006","PBMC_Early"
"Tem","HSC_MPP","CD48","CD244",0.008512079919046,0,"CD48_CD244A","CD48 - CD244A","CD48","Cell-Cell Contact","PMID: 26697006","PBMC_Early"
"Th17like_INNATE_T","HSC_MPP","CD48","CD244",0.00796614134661221,0,"CD48_CD244A","CD48 - CD244A","CD48","Cell-Cell Contact","PMID: 26697006","PBMC_Early"
"Treg","HSC_MPP","CD48","CD244",0.00666266455925589,0,"CD48_CD244A","CD48 - CD244A","CD48","Cell-Cell Contact","PMID: 26697006","PBMC_Early"
"abTentry","DC2","CD6","ALCAM",0.0221690495107484,0,"CD6_ALCAM","CD6 - ALCAM","CD6","Cell-Cell Contact","PMID: 23602662","PBMC_Early"
"Gamma Delta V2 T","DC2","CD6","ALCAM",0.00609588123039787,0,"CD6_ALCAM","CD6 - ALCAM","CD6","Cell-Cell Contact","PMID: 23602662","PBMC_Early"
"Naïve CD4 T","DC2","CD6","ALCAM",0.0199480571274747,0,"CD6_ALCAM","CD6 - ALCAM","CD6","Cell-Cell Contact","PMID: 23602662","PBMC_Early"
"Naïve CD8 T","DC2","CD6","ALCAM",0.0184332802106873,0,"CD6_ALCAM","CD6 - ALCAM","CD6","Cell-Cell Contact","PMID: 23602662","PBMC_Early"
"NK T","DC2","CD6","ALCAM",0.00843989901963853,0,"CD6_ALCAM","CD6 - ALCAM","CD6","Cell-Cell Contact","PMID: 23602662","PBMC_Early"
"Tem","DC2","CD6","ALCAM",0.0239637977215127,0,"CD6_ALCAM","CD6 - ALCAM","CD6","Cell-Cell Contact","PMID: 23602662","PBMC_Early"
"Th17like_INNATE_T","DC2","CD6","ALCAM",0.0218545890171449,0,"CD6_ALCAM","CD6 - ALCAM","CD6","Cell-Cell Contact","PMID: 23602662","PBMC_Early"
"Treg","DC2","CD6","ALCAM",0.00833895047329421,0,"CD6_ALCAM","CD6 - ALCAM","CD6","Cell-Cell Contact","PMID: 23602662","PBMC_Early"
"abTentry","HSC_MPP","CD6","ALCAM",0.00619887000259252,0,"CD6_ALCAM","CD6 - ALCAM","CD6","Cell-Cell Contact","PMID: 23602662","PBMC_Early"
"Gamma Delta V2 T","HSC_MPP","CD6","ALCAM",0.0016845718458521,0,"CD6_ALCAM","CD6 - ALCAM","CD6","Cell-Cell Contact","PMID: 23602662","PBMC_Early"
"Naïve CD4 T","HSC_MPP","CD6","ALCAM",0.00556872832660747,0,"CD6_ALCAM","CD6 - ALCAM","CD6","Cell-Cell Contact","PMID: 23602662","PBMC_Early"
"Naïve CD8 T","HSC_MPP","CD6","ALCAM",0.00514013422271961,0,"CD6_ALCAM","CD6 - ALCAM","CD6","Cell-Cell Contact","PMID: 23602662","PBMC_Early"
"NK T","HSC_MPP","CD6","ALCAM",0.00233631888074633,0,"CD6_ALCAM","CD6 - ALCAM","CD6","Cell-Cell Contact","PMID: 23602662","PBMC_Early"
"Tem","HSC_MPP","CD6","ALCAM",0.00670958581268293,0,"CD6_ALCAM","CD6 - ALCAM","CD6","Cell-Cell Contact","PMID: 23602662","PBMC_Early"
"Th17like_INNATE_T","HSC_MPP","CD6","ALCAM",0.00610952574308078,0,"CD6_ALCAM","CD6 - ALCAM","CD6","Cell-Cell Contact","PMID: 23602662","PBMC_Early"
"Treg","HSC_MPP","CD6","ALCAM",0.00230820452841225,0,"CD6_ALCAM","CD6 - ALCAM","CD6","Cell-Cell Contact","PMID: 23602662","PBMC_Early"
"abTentry","pDC","CD6","ALCAM",0.00844307484020282,0,"CD6_ALCAM","CD6 - ALCAM","CD6","Cell-Cell Contact","PMID: 23602662","PBMC_Early"
"Gamma Delta V2 T","pDC","CD6","ALCAM",0.0022982244711458,0,"CD6_ALCAM","CD6 - ALCAM","CD6","Cell-Cell Contact","PMID: 23602662","PBMC_Early"
"Naïve CD4 T","pDC","CD6","ALCAM",0.00758654167029593,0,"CD6_ALCAM","CD6 - ALCAM","CD6","Cell-Cell Contact","PMID: 23602662","PBMC_Early"
"Naïve CD8 T","pDC","CD6","ALCAM",0.00700374144665585,0,"CD6_ALCAM","CD6 - ALCAM","CD6","Cell-Cell Contact","PMID: 23602662","PBMC_Early"
"NK T","pDC","CD6","ALCAM",0.00318663083775564,0,"CD6_ALCAM","CD6 - ALCAM","CD6","Cell-Cell Contact","PMID: 23602662","PBMC_Early"
"Tem","pDC","CD6","ALCAM",0.00913698745924262,0,"CD6_ALCAM","CD6 - ALCAM","CD6","Cell-Cell Contact","PMID: 23602662","PBMC_Early"
"Th17like_INNATE_T","pDC","CD6","ALCAM",0.0083216557246331,0,"CD6_ALCAM","CD6 - ALCAM","CD6","Cell-Cell Contact","PMID: 23602662","PBMC_Early"
"Treg","pDC","CD6","ALCAM",0.00314831645222417,0,"CD6_ALCAM","CD6 - ALCAM","CD6","Cell-Cell Contact","PMID: 23602662","PBMC_Early"
"CD14+PPBP+ Monocytes","abTentry","CD86","CD28",0.00683480302781357,0,"CD86_CD28","CD86 - CD28","CD86","Cell-Cell Contact","PMID: 23954143","PBMC_Early"
"Classical Monocytes","abTentry","CD86","CD28",0.0155340541391078,0,"CD86_CD28","CD86 - CD28","CD86","Cell-Cell Contact","PMID: 23954143","PBMC_Early"
"DC2","abTentry","CD86","CD28",0.0298450285092451,0,"CD86_CD28","CD86 - CD28","CD86","Cell-Cell Contact","PMID: 23954143","PBMC_Early"
"Myeloid-CD177","abTentry","CD86","CD28",0.00900217190896951,0,"CD86_CD28","CD86 - CD28","CD86","Cell-Cell Contact","PMID: 23954143","PBMC_Early"
"pDC","abTentry","CD86","CD28",0.00326601377422245,0,"CD86_CD28","CD86 - CD28","CD86","Cell-Cell Contact","PMID: 23954143","PBMC_Early"
"CD14+PPBP+ Monocytes","Gamma Delta V1 T","CD86","CD28",0.00407758968110736,0,"CD86_CD28","CD86 - CD28","CD86","Cell-Cell Contact","PMID: 23954143","PBMC_Early"
"Classical Monocytes","Gamma Delta V1 T","CD86","CD28",0.00930035719695277,0,"CD86_CD28","CD86 - CD28","CD86","Cell-Cell Contact","PMID: 23954143","PBMC_Early"
"DC2","Gamma Delta V1 T","CD86","CD28",0.0179732944230614,0,"CD86_CD28","CD86 - CD28","CD86","Cell-Cell Contact","PMID: 23954143","PBMC_Early"
"Myeloid-CD177","Gamma Delta V1 T","CD86","CD28",0.00537535709287087,0,"CD86_CD28","CD86 - CD28","CD86","Cell-Cell Contact","PMID: 23954143","PBMC_Early"
"pDC","Gamma Delta V1 T","CD86","CD28",0.00194565770998687,0,"CD86_CD28","CD86 - CD28","CD86","Cell-Cell Contact","PMID: 23954143","PBMC_Early"
"CD14+PPBP+ Monocytes","Gamma Delta V2 T","CD86","CD28",0.00374987505371237,0,"CD86_CD28","CD86 - CD28","CD86","Cell-Cell Contact","PMID: 23954143","PBMC_Early"
"Classical Monocytes","Gamma Delta V2 T","CD86","CD28",0.0085564966656406,0,"CD86_CD28","CD86 - CD28","CD86","Cell-Cell Contact","PMID: 23954143","PBMC_Early"
"DC2","Gamma Delta V2 T","CD86","CD28",0.0165473419096347,0,"CD86_CD28","CD86 - CD28","CD86","Cell-Cell Contact","PMID: 23954143","PBMC_Early"
"Myeloid-CD177","Gamma Delta V2 T","CD86","CD28",0.00494385905959697,0,"CD86_CD28","CD86 - CD28","CD86","Cell-Cell Contact","PMID: 23954143","PBMC_Early"
"pDC","Gamma Delta V2 T","CD86","CD28",0.00178897801543432,0,"CD86_CD28","CD86 - CD28","CD86","Cell-Cell Contact","PMID: 23954143","PBMC_Early"
"CD14+PPBP+ Monocytes","Naïve CD4 T","CD86","CD28",0.0041078830739216,0,"CD86_CD28","CD86 - CD28","CD86","Cell-Cell Contact","PMID: 23954143","PBMC_Early"
"Classical Monocytes","Naïve CD4 T","CD86","CD28",0.00936908676353031,0,"CD86_CD28","CD86 - CD28","CD86","Cell-Cell Contact","PMID: 23954143","PBMC_Early"
"DC2","Naïve CD4 T","CD86","CD28",0.0181049456349677,0,"CD86_CD28","CD86 - CD28","CD86","Cell-Cell Contact","PMID: 23954143","PBMC_Early"
"Myeloid-CD177","Naïve CD4 T","CD86","CD28",0.00541523948700068,0,"CD86_CD28","CD86 - CD28","CD86","Cell-Cell Contact","PMID: 23954143","PBMC_Early"
"pDC","Naïve CD4 T","CD86","CD28",0.00196014364139766,0,"CD86_CD28","CD86 - CD28","CD86","Cell-Cell Contact","PMID: 23954143","PBMC_Early"
"CD14+PPBP+ Monocytes","Naïve CD8 T","CD86","CD28",0.00321386356880547,0,"CD86_CD28","CD86 - CD28","CD86","Cell-Cell Contact","PMID: 23954143","PBMC_Early"
"Classical Monocytes","Naïve CD8 T","CD86","CD28",0.00733848210380227,0,"CD86_CD28","CD86 - CD28","CD86","Cell-Cell Contact","PMID: 23954143","PBMC_Early"
"DC2","Naïve CD8 T","CD86","CD28",0.0142081342367265,0,"CD86_CD28","CD86 - CD28","CD86","Cell-Cell Contact","PMID: 23954143","PBMC_Early"
"Myeloid-CD177","Naïve CD8 T","CD86","CD28",0.00423790412071683,0,"CD86_CD28","CD86 - CD28","CD86","Cell-Cell Contact","PMID: 23954143","PBMC_Early"
"pDC","Naïve CD8 T","CD86","CD28",0.00153282816713149,0,"CD86_CD28","CD86 - CD28","CD86","Cell-Cell Contact","PMID: 23954143","PBMC_Early"
"CD14+PPBP+ Monocytes","NK T","CD86","CD28",0.00343701465950666,0,"CD86_CD28","CD86 - CD28","CD86","Cell-Cell Contact","PMID: 23954143","PBMC_Early"
"Classical Monocytes","NK T","CD86","CD28",0.00784576737591466,0,"CD86_CD28","CD86 - CD28","CD86","Cell-Cell Contact","PMID: 23954143","PBMC_Early"
"DC2","NK T","CD86","CD28",0.0151830327291681,0,"CD86_CD28","CD86 - CD28","CD86","Cell-Cell Contact","PMID: 23954143","PBMC_Early"
"Myeloid-CD177","NK T","CD86","CD28",0.00453183507697619,0,"CD86_CD28","CD86 - CD28","CD86","Cell-Cell Contact","PMID: 23954143","PBMC_Early"
"pDC","NK T","CD86","CD28",0.00163945038414393,0,"CD86_CD28","CD86 - CD28","CD86","Cell-Cell Contact","PMID: 23954143","PBMC_Early"
"CD14+PPBP+ Monocytes","Tem","CD86","CD28",0.00419280830499939,0,"CD86_CD28","CD86 - CD28","CD86","Cell-Cell Contact","PMID: 23954143","PBMC_Early"
"Classical Monocytes","Tem","CD86","CD28",0.00956173634787654,0,"CD86_CD28","CD86 - CD28","CD86","Cell-Cell Contact","PMID: 23954143","PBMC_Early"
"DC2","Tem","CD86","CD28",0.0184738743798226,0,"CD86_CD28","CD86 - CD28","CD86","Cell-Cell Contact","PMID: 23954143","PBMC_Early"
"Myeloid-CD177","Tem","CD86","CD28",0.00552704263994238,0,"CD86_CD28","CD86 - CD28","CD86","Cell-Cell Contact","PMID: 23954143","PBMC_Early"
"pDC","Tem","CD86","CD28",0.00200075630890951,0,"CD86_CD28","CD86 - CD28","CD86","Cell-Cell Contact","PMID: 23954143","PBMC_Early"
"CD14+PPBP+ Monocytes","Th17like_INNATE_T","CD86","CD28",0.00455926648542104,0,"CD86_CD28","CD86 - CD28","CD86","Cell-Cell Contact","PMID: 23954143","PBMC_Early"
"Classical Monocytes","Th17like_INNATE_T","CD86","CD28",0.0103925501949322,0,"CD86_CD28","CD86 - CD28","CD86","Cell-Cell Contact","PMID: 23954143","PBMC_Early"
"DC2","Th17like_INNATE_T","CD86","CD28",0.0200633723687629,0,"CD86_CD28","CD86 - CD28","CD86","Cell-Cell Contact","PMID: 23954143","PBMC_Early"
"Myeloid-CD177","Th17like_INNATE_T","CD86","CD28",0.00600941131085355,0,"CD86_CD28","CD86 - CD28","CD86","Cell-Cell Contact","PMID: 23954143","PBMC_Early"
"pDC","Th17like_INNATE_T","CD86","CD28",0.0021760442851811,0,"CD86_CD28","CD86 - CD28","CD86","Cell-Cell Contact","PMID: 23954143","PBMC_Early"
"CD14+PPBP+ Monocytes","Treg","CD86","CD28",0.00831494548332528,0,"CD86_CD28","CD86 - CD28","CD86","Cell-Cell Contact","PMID: 23954143","PBMC_Early"
"Classical Monocytes","Treg","CD86","CD28",0.0188623238457758,0,"CD86_CD28","CD86 - CD28","CD86","Cell-Cell Contact","PMID: 23954143","PBMC_Early"
"DC2","Treg","CD86","CD28",0.0361269942015984,0,"CD86_CD28","CD86 - CD28","CD86","Cell-Cell Contact","PMID: 23954143","PBMC_Early"
"Myeloid-CD177","Treg","CD86","CD28",0.0109465057196895,0,"CD86_CD28","CD86 - CD28","CD86","Cell-Cell Contact","PMID: 23954143","PBMC_Early"
"pDC","Treg","CD86","CD28",0.00397639485674745,0,"CD86_CD28","CD86 - CD28","CD86","Cell-Cell Contact","PMID: 23954143","PBMC_Early"
"CD14+PPBP+ Monocytes","Treg","CD86","CTLA4",0.00510197060539909,0,"CD86_CTLA4","CD86 - CTLA4","CD86","Cell-Cell Contact","PMID: 23954143","PBMC_Early"
"Classical Monocytes","Treg","CD86","CTLA4",0.0116215023917868,0,"CD86_CTLA4","CD86 - CTLA4","CD86","Cell-Cell Contact","PMID: 23954143","PBMC_Early"
"DC2","Treg","CD86","CTLA4",0.0224100327449892,0,"CD86_CTLA4","CD86 - CTLA4","CD86","Cell-Cell Contact","PMID: 23954143","PBMC_Early"
"Myeloid-CD177","Treg","CD86","CTLA4",0.00672356491629726,0,"CD86_CTLA4","CD86 - CTLA4","CD86","Cell-Cell Contact","PMID: 23954143","PBMC_Early"
"pDC","Treg","CD86","CTLA4",0.00243575996663868,0,"CD86_CTLA4","CD86 - CTLA4","CD86","Cell-Cell Contact","PMID: 23954143","PBMC_Early"
"CD14+PPBP+ Monocytes","CD14+PPBP+ Monocytes","CD99","PILRA",0.0630373374678284,0,"CD99_PILRA","CD99 - PILRA","CD99","Cell-Cell Contact","PMID: 18234675","PBMC_Early"
"CD56highCD16low NK","CD14+PPBP+ Monocytes","CD99","PILRA",0.00922153870977054,0,"CD99_PILRA","CD99 - PILRA","CD99","Cell-Cell Contact","PMID: 18234675","PBMC_Early"
"Classical Monocytes","CD14+PPBP+ Monocytes","CD99","PILRA",0.0142275208404247,0,"CD99_PILRA","CD99 - PILRA","CD99","Cell-Cell Contact","PMID: 18234675","PBMC_Early"
"CX3CR1+ NK","CD14+PPBP+ Monocytes","CD99","PILRA",0.0710772216195349,0,"CD99_PILRA","CD99 - PILRA","CD99","Cell-Cell Contact","PMID: 18234675","PBMC_Early"
"CXCR5+ Naïve B","CD14+PPBP+ Monocytes","CD99","PILRA",0.00966622801847038,0,"CD99_PILRA","CD99 - PILRA","CD99","Cell-Cell Contact","PMID: 18234675","PBMC_Early"
"CXCR6+ NK","CD14+PPBP+ Monocytes","CD99","PILRA",0.0709764261489011,0,"CD99_PILRA","CD99 - PILRA","CD99","Cell-Cell Contact","PMID: 18234675","PBMC_Early"
"DC2","CD14+PPBP+ Monocytes","CD99","PILRA",0.0491251596818995,0,"CD99_PILRA","CD99 - PILRA","CD99","Cell-Cell Contact","PMID: 18234675","PBMC_Early"
"Gamma Delta V1 T","CD14+PPBP+ Monocytes","CD99","PILRA",0.0466802245697163,0,"CD99_PILRA","CD99 - PILRA","CD99","Cell-Cell Contact","PMID: 18234675","PBMC_Early"
"Gamma Delta V2 T","CD14+PPBP+ Monocytes","CD99","PILRA",0.0617071573058865,0,"CD99_PILRA","CD99 - PILRA","CD99","Cell-Cell Contact","PMID: 18234675","PBMC_Early"
"HSC_MPP","CD14+PPBP+ Monocytes","CD99","PILRA",0.0750472833847909,0,"CD99_PILRA","CD99 - PILRA","CD99","Cell-Cell Contact","PMID: 18234675","PBMC_Early"
"ILC2/3","CD14+PPBP+ Monocytes","CD99","PILRA",0.0431647223298019,0,"CD99_PILRA","CD99 - PILRA","CD99","Cell-Cell Contact","PMID: 18234675","PBMC_Early"
"Megakaryocytes","CD14+PPBP+ Monocytes","CD99","PILRA",0.059174532091649,0,"CD99_PILRA","CD99 - PILRA","CD99","Cell-Cell Contact","PMID: 18234675","PBMC_Early"
"MEMP","CD14+PPBP+ Monocytes","CD99","PILRA",0.0318201247798826,0,"CD99_PILRA","CD99 - PILRA","CD99","Cell-Cell Contact","PMID: 18234675","PBMC_Early"
"MEP","CD14+PPBP+ Monocytes","CD99","PILRA",0.00727680873799301,0,"CD99_PILRA","CD99 - PILRA","CD99","Cell-Cell Contact","PMID: 18234675","PBMC_Early"
"Naïve CD4 T","CD14+PPBP+ Monocytes","CD99","PILRA",0.0306905376091665,0,"CD99_PILRA","CD99 - PILRA","CD99","Cell-Cell Contact","PMID: 18234675","PBMC_Early"
"Naïve CD8 T","CD14+PPBP+ Monocytes","CD99","PILRA",0.0280393885473135,0,"CD99_PILRA","CD99 - PILRA","CD99","Cell-Cell Contact","PMID: 18234675","PBMC_Early"
"NK T","CD14+PPBP+ Monocytes","CD99","PILRA",0.0602927732486348,0,"CD99_PILRA","CD99 - PILRA","CD99","Cell-Cell Contact","PMID: 18234675","PBMC_Early"
"pDC","CD14+PPBP+ Monocytes","CD99","PILRA",0.0713870490623772,0,"CD99_PILRA","CD99 - PILRA","CD99","Cell-Cell Contact","PMID: 18234675","PBMC_Early"
"Pro-B","CD14+PPBP+ Monocytes","CD99","PILRA",0.101334139831693,0,"CD99_PILRA","CD99 - PILRA","CD99","Cell-Cell Contact","PMID: 18234675","PBMC_Early"
"Tem","CD14+PPBP+ Monocytes","CD99","PILRA",0.0612068885570415,0,"CD99_PILRA","CD99 - PILRA","CD99","Cell-Cell Contact","PMID: 18234675","PBMC_Early"
"Th17like_INNATE_T","CD14+PPBP+ Monocytes","CD99","PILRA",0.0587824647175928,0,"CD99_PILRA","CD99 - PILRA","CD99","Cell-Cell Contact","PMID: 18234675","PBMC_Early"
"Treg","CD14+PPBP+ Monocytes","CD99","PILRA",0.0435347083636058,0,"CD99_PILRA","CD99 - PILRA","CD99","Cell-Cell Contact","PMID: 18234675","PBMC_Early"
"CD14+PPBP+ Monocytes","Classical Monocytes","CD99","PILRA",0.078302162978103,0,"CD99_PILRA","CD99 - PILRA","CD99","Cell-Cell Contact","PMID: 18234675","PBMC_Early"
"CD56highCD16low NK","Classical Monocytes","CD99","PILRA",0.0116161468259118,0,"CD99_PILRA","CD99 - PILRA","CD99","Cell-Cell Contact","PMID: 18234675","PBMC_Early"
"Classical Monocytes","Classical Monocytes","CD99","PILRA",0.0178985766375996,0,"CD99_PILRA","CD99 - PILRA","CD99","Cell-Cell Contact","PMID: 18234675","PBMC_Early"
"CX3CR1+ NK","Classical Monocytes","CD99","PILRA",0.0881058738412821,0,"CD99_PILRA","CD99 - PILRA","CD99","Cell-Cell Contact","PMID: 18234675","PBMC_Early"
"CXCR5+ Naïve B","Classical Monocytes","CD99","PILRA",0.0121748920943427,0,"CD99_PILRA","CD99 - PILRA","CD99","Cell-Cell Contact","PMID: 18234675","PBMC_Early"
"CXCR6+ NK","Classical Monocytes","CD99","PILRA",0.0879832170687696,0,"CD99_PILRA","CD99 - PILRA","CD99","Cell-Cell Contact","PMID: 18234675","PBMC_Early"
"DC2","Classical Monocytes","CD99","PILRA",0.0612412743917116,0,"CD99_PILRA","CD99 - PILRA","CD99","Cell-Cell Contact","PMID: 18234675","PBMC_Early"
"Gamma Delta V1 T","Classical Monocytes","CD99","PILRA",0.0582302538743385,0,"CD99_PILRA","CD99 - PILRA","CD99","Cell-Cell Contact","PMID: 18234675","PBMC_Early"
"Gamma Delta V2 T","Classical Monocytes","CD99","PILRA",0.0766762324866729,0,"CD99_PILRA","CD99 - PILRA","CD99","Cell-Cell Contact","PMID: 18234675","PBMC_Early"
"HSC_MPP","Classical Monocytes","CD99","PILRA",0.0929319262331665,0,"CD99_PILRA","CD99 - PILRA","CD99","Cell-Cell Contact","PMID: 18234675","PBMC_Early"
"ILC2/3","Classical Monocytes","CD99","PILRA",0.0538940898460521,0,"CD99_PILRA","CD99 - PILRA","CD99","Cell-Cell Contact","PMID: 18234675","PBMC_Early"
"Megakaryocytes","Classical Monocytes","CD99","PILRA",0.0735774134056962,0,"CD99_PILRA","CD99 - PILRA","CD99","Cell-Cell Contact","PMID: 18234675","PBMC_Early"
"MEMP","Classical Monocytes","CD99","PILRA",0.0398470224415753,0,"CD99_PILRA","CD99 - PILRA","CD99","Cell-Cell Contact","PMID: 18234675","PBMC_Early"
"MEP","Classical Monocytes","CD99","PILRA",0.00917109253033169,0,"CD99_PILRA","CD99 - PILRA","CD99","Cell-Cell Contact","PMID: 18234675","PBMC_Early"
"Naïve CD4 T","Classical Monocytes","CD99","PILRA",0.0384438017934767,0,"CD99_PILRA","CD99 - PILRA","CD99","Cell-Cell Contact","PMID: 18234675","PBMC_Early"
"Naïve CD8 T","Classical Monocytes","CD99","PILRA",0.0351471856381907,0,"CD99_PILRA","CD99 - PILRA","CD99","Cell-Cell Contact","PMID: 18234675","PBMC_Early"
"NK T","Classical Monocytes","CD99","PILRA",0.0749461491369922,0,"CD99_PILRA","CD99 - PILRA","CD99","Cell-Cell Contact","PMID: 18234675","PBMC_Early"
"pDC","Classical Monocytes","CD99","PILRA",0.0884828591327649,0,"CD99_PILRA","CD99 - PILRA","CD99","Cell-Cell Contact","PMID: 18234675","PBMC_Early"
"Pro-B","Classical Monocytes","CD99","PILRA",0.124639098897818,0,"CD99_PILRA","CD99 - PILRA","CD99","Cell-Cell Contact","PMID: 18234675","PBMC_Early"
"Tem","Classical Monocytes","CD99","PILRA",0.0760644452884368,0,"CD99_PILRA","CD99 - PILRA","CD99","Cell-Cell Contact","PMID: 18234675","PBMC_Early"
"Th17like_INNATE_T","Classical Monocytes","CD99","PILRA",0.0730973324149478,0,"CD99_PILRA","CD99 - PILRA","CD99","Cell-Cell Contact","PMID: 18234675","PBMC_Early"
"Treg","Classical Monocytes","CD99","PILRA",0.0543508186033506,0,"CD99_PILRA","CD99 - PILRA","CD99","Cell-Cell Contact","PMID: 18234675","PBMC_Early"
"CD14+PPBP+ Monocytes","DC2","CD99","PILRA",0.0457680398195105,0,"CD99_PILRA","CD99 - PILRA","CD99","Cell-Cell Contact","PMID: 18234675","PBMC_Early"
"CD56highCD16low NK","DC2","CD99","PILRA",0.00659154869729716,0,"CD99_PILRA","CD99 - PILRA","CD99","Cell-Cell Contact","PMID: 18234675","PBMC_Early"
"Classical Monocytes","DC2","CD99","PILRA",0.0101844966722289,0,"CD99_PILRA","CD99 - PILRA","CD99","Cell-Cell Contact","PMID: 18234675","PBMC_Early"
"CX3CR1+ NK","DC2","CD99","PILRA",0.0517269663411116,0,"CD99_PILRA","CD99 - PILRA","CD99","Cell-Cell Contact","PMID: 18234675","PBMC_Early"
"CXCR5+ Naïve B","DC2","CD99","PILRA",0.00691029682977487,0,"CD99_PILRA","CD99 - PILRA","CD99","Cell-Cell Contact","PMID: 18234675","PBMC_Early"
"CXCR6+ NK","DC2","CD99","PILRA",0.0516520858745349,0,"CD99_PILRA","CD99 - PILRA","CD99","Cell-Cell Contact","PMID: 18234675","PBMC_Early"
"DC2","DC2","CD99","PILRA",0.0355226557312576,0,"CD99_PILRA","CD99 - PILRA","CD99","Cell-Cell Contact","PMID: 18234675","PBMC_Early"
"Gamma Delta V1 T","DC2","CD99","PILRA",0.0337306954847185,0,"CD99_PILRA","CD99 - PILRA","CD99","Cell-Cell Contact","PMID: 18234675","PBMC_Early"
"Gamma Delta V2 T","DC2","CD99","PILRA",0.0447848492224004,0,"CD99_PILRA","CD99 - PILRA","CD99","Cell-Cell Contact","PMID: 18234675","PBMC_Early"
"HSC_MPP","DC2","CD99","PILRA",0.0546798288234862,0,"CD99_PILRA","CD99 - PILRA","CD99","Cell-Cell Contact","PMID: 18234675","PBMC_Early"
"ILC2/3","DC2","CD99","PILRA",0.0311585515390668,0,"CD99_PILRA","CD99 - PILRA","CD99","Cell-Cell Contact","PMID: 18234675","PBMC_Early"
"Megakaryocytes","DC2","CD99","PILRA",0.0429149941363339,0,"CD99_PILRA","CD99 - PILRA","CD99","Cell-Cell Contact","PMID: 18234675","PBMC_Early"
"MEMP","DC2","CD99","PILRA",0.0228939282291842,0,"CD99_PILRA","CD99 - PILRA","CD99","Cell-Cell Contact","PMID: 18234675","PBMC_Early"
"MEP","DC2","CD99","PILRA",0.00519854707564782,0,"CD99_PILRA","CD99 - PILRA","CD99","Cell-Cell Contact","PMID: 18234675","PBMC_Early"
"Naïve CD4 T","DC2","CD99","PILRA",0.0220739888678401,0,"CD99_PILRA","CD99 - PILRA","CD99","Cell-Cell Contact","PMID: 18234675","PBMC_Early"
"Naïve CD8 T","DC2","CD99","PILRA",0.0201516911438361,0,"CD99_PILRA","CD99 - PILRA","CD99","Cell-Cell Contact","PMID: 18234675","PBMC_Early"
"NK T","DC2","CD99","PILRA",0.0437402583312635,0,"CD99_PILRA","CD99 - PILRA","CD99","Cell-Cell Contact","PMID: 18234675","PBMC_Early"
"pDC","DC2","CD99","PILRA",0.0519571633483768,0,"CD99_PILRA","CD99 - PILRA","CD99","Cell-Cell Contact","PMID: 18234675","PBMC_Early"
"Pro-B","DC2","CD99","PILRA",0.0744064586900072,0,"CD99_PILRA","CD99 - PILRA","CD99","Cell-Cell Contact","PMID: 18234675","PBMC_Early"
"Tem","DC2","CD99","PILRA",0.0444152779087169,0,"CD99_PILRA","CD99 - PILRA","CD99","Cell-Cell Contact","PMID: 18234675","PBMC_Early"
"Th17like_INNATE_T","DC2","CD99","PILRA",0.0426257752495964,0,"CD99_PILRA","CD99 - PILRA","CD99","Cell-Cell Contact","PMID: 18234675","PBMC_Early"
"Treg","DC2","CD99","PILRA",0.0314290070798965,0,"CD99_PILRA","CD99 - PILRA","CD99","Cell-Cell Contact","PMID: 18234675","PBMC_Early"
"CD14+PPBP+ Monocytes","Myeloid-CD177","CD99","PILRA",0.0361651846454658,0,"CD99_PILRA","CD99 - PILRA","CD99","Cell-Cell Contact","PMID: 18234675","PBMC_Early"
"CD56highCD16low NK","Myeloid-CD177","CD99","PILRA",0.0051640543716066,0,"CD99_PILRA","CD99 - PILRA","CD99","Cell-Cell Contact","PMID: 18234675","PBMC_Early"
"Classical Monocytes","Myeloid-CD177","CD99","PILRA",0.00798515248544027,0,"CD99_PILRA","CD99 - PILRA","CD99","Cell-Cell Contact","PMID: 18234675","PBMC_Early"
"CX3CR1+ NK","Myeloid-CD177","CD99","PILRA",0.0409274595385059,0,"CD99_PILRA","CD99 - PILRA","CD99","Cell-Cell Contact","PMID: 18234675","PBMC_Early"
"CXCR5+ Naïve B","Myeloid-CD177","CD99","PILRA",0.00541414924414081,0,"CD99_PILRA","CD99 - PILRA","CD99","Cell-Cell Contact","PMID: 18234675","PBMC_Early"
"CXCR6+ NK","Myeloid-CD177","CD99","PILRA",0.0408675387917445,0,"CD99_PILRA","CD99 - PILRA","CD99","Cell-Cell Contact","PMID: 18234675","PBMC_Early"
"DC2","Myeloid-CD177","CD99","PILRA",0.0280063521921443,0,"CD99_PILRA","CD99 - PILRA","CD99","Cell-Cell Contact","PMID: 18234675","PBMC_Early"
"Gamma Delta V1 T","Myeloid-CD177","CD99","PILRA",0.0265831054905932,0,"CD99_PILRA","CD99 - PILRA","CD99","Cell-Cell Contact","PMID: 18234675","PBMC_Early"
"Gamma Delta V2 T","Myeloid-CD177","CD99","PILRA",0.0353806342150436,0,"CD99_PILRA","CD99 - PILRA","CD99","Cell-Cell Contact","PMID: 18234675","PBMC_Early"
"HSC_MPP","Myeloid-CD177","CD99","PILRA",0.0432919713864856,0,"CD99_PILRA","CD99 - PILRA","CD99","Cell-Cell Contact","PMID: 18234675","PBMC_Early"
"ILC2/3","Myeloid-CD177","CD99","PILRA",0.0245421596427935,0,"CD99_PILRA","CD99 - PILRA","CD99","Cell-Cell Contact","PMID: 18234675","PBMC_Early"
"Megakaryocytes","Myeloid-CD177","CD99","PILRA",0.0338894931175424,0,"CD99_PILRA","CD99 - PILRA","CD99","Cell-Cell Contact","PMID: 18234675","PBMC_Early"
"MEMP","Myeloid-CD177","CD99","PILRA",0.0179998905352559,0,"CD99_PILRA","CD99 - PILRA","CD99","Cell-Cell Contact","PMID: 18234675","PBMC_Early"
"MEP","Myeloid-CD177","CD99","PILRA",0.00407149079781433,0,"CD99_PILRA","CD99 - PILRA","CD99","Cell-Cell Contact","PMID: 18234675","PBMC_Early"
"Naïve CD4 T","Myeloid-CD177","CD99","PILRA",0.0173521169904289,0,"CD99_PILRA","CD99 - PILRA","CD99","Cell-Cell Contact","PMID: 18234675","PBMC_Early"
"Naïve CD8 T","Myeloid-CD177","CD99","PILRA",0.01583436206879,0,"CD99_PILRA","CD99 - PILRA","CD99","Cell-Cell Contact","PMID: 18234675","PBMC_Early"
"NK T","Myeloid-CD177","CD99","PILRA",0.0345474600621377,0,"CD99_PILRA","CD99 - PILRA","CD99","Cell-Cell Contact","PMID: 18234675","PBMC_Early"
"pDC","Myeloid-CD177","CD99","PILRA",0.0411116798531585,0,"CD99_PILRA","CD99 - PILRA","CD99","Cell-Cell Contact","PMID: 18234675","PBMC_Early"
"Pro-B","Myeloid-CD177","CD99","PILRA",0.0591673890271674,0,"CD99_PILRA","CD99 - PILRA","CD99","Cell-Cell Contact","PMID: 18234675","PBMC_Early"
"Tem","Myeloid-CD177","CD99","PILRA",0.0350858174047808,0,"CD99_PILRA","CD99 - PILRA","CD99","Cell-Cell Contact","PMID: 18234675","PBMC_Early"
"Th17like_INNATE_T","Myeloid-CD177","CD99","PILRA",0.0336589610429254,0,"CD99_PILRA","CD99 - PILRA","CD99","Cell-Cell Contact","PMID: 18234675","PBMC_Early"
"Treg","Myeloid-CD177","CD99","PILRA",0.024756652550939,0,"CD99_PILRA","CD99 - PILRA","CD99","Cell-Cell Contact","PMID: 18234675","PBMC_Early"
"CD14+PPBP+ Monocytes","CD14+PPBP+ Monocytes","CD99","CD99",0.12057041258817,0,"CD99_CD99","CD99 - CD99","CD99","Cell-Cell Contact","KEGG: hsa04514","PBMC_Early"
"CD56highCD16low NK","CD14+PPBP+ Monocytes","CD99","CD99",0.0186136249370824,0,"CD99_CD99","CD99 - CD99","CD99","Cell-Cell Contact","KEGG: hsa04514","PBMC_Early"
"Classical Monocytes","CD14+PPBP+ Monocytes","CD99","CD99",0.0285711445470334,0,"CD99_CD99","CD99 - CD99","CD99","Cell-Cell Contact","KEGG: hsa04514","PBMC_Early"
"CX3CR1+ NK","CD14+PPBP+ Monocytes","CD99","CD99",0.13489174808288,0,"CD99_CD99","CD99 - CD99","CD99","Cell-Cell Contact","KEGG: hsa04514","PBMC_Early"
"CXCR5+ Naïve B","CD14+PPBP+ Monocytes","CD99","CD99",0.0195023127763431,0,"CD99_CD99","CD99 - CD99","CD99","Cell-Cell Contact","KEGG: hsa04514","PBMC_Early"
"CXCR6+ NK","CD14+PPBP+ Monocytes","CD99","CD99",0.134713580326892,0,"CD99_CD99","CD99 - CD99","CD99","Cell-Cell Contact","KEGG: hsa04514","PBMC_Early"
"DC2","CD14+PPBP+ Monocytes","CD99","CD99",0.0952516517053607,0,"CD99_CD99","CD99 - CD99","CD99","Cell-Cell Contact","KEGG: hsa04514","PBMC_Early"
"Gamma Delta V1 T","CD14+PPBP+ Monocytes","CD99","CD99",0.090730072911197,0,"CD99_CD99","CD99 - CD99","CD99","Cell-Cell Contact","KEGG: hsa04514","PBMC_Early"
"Gamma Delta V2 T","CD14+PPBP+ Monocytes","CD99","CD99",0.118179326432184,0,"CD99_CD99","CD99 - CD99","CD99","Cell-Cell Contact","KEGG: hsa04514","PBMC_Early"
"HSC_MPP","CD14+PPBP+ Monocytes","CD99","CD99",0.141881790143894,0,"CD99_CD99","CD99 - CD99","CD99","Cell-Cell Contact","KEGG: hsa04514","PBMC_Early"
"ILC2/3","CD14+PPBP+ Monocytes","CD99","CD99",0.0841901317341058,0,"CD99_CD99","CD99 - CD99","CD99","Cell-Cell Contact","KEGG: hsa04514","PBMC_Early"
"Megakaryocytes","CD14+PPBP+ Monocytes","CD99","CD99",0.113609571721739,0,"CD99_CD99","CD99 - CD99","CD99","Cell-Cell Contact","KEGG: hsa04514","PBMC_Early"
"MEMP","CD14+PPBP+ Monocytes","CD99","CD99",0.0627705388413396,0,"CD99_CD99","CD99 - CD99","CD99","Cell-Cell Contact","KEGG: hsa04514","PBMC_Early"
"MEP","CD14+PPBP+ Monocytes","CD99","CD99",0.0147176206971962,0,"CD99_CD99","CD99 - CD99","CD99","Cell-Cell Contact","KEGG: hsa04514","PBMC_Early"
"Naïve CD4 T","CD14+PPBP+ Monocytes","CD99","CD99",0.0606110212910919,0,"CD99_CD99","CD99 - CD99","CD99","Cell-Cell Contact","KEGG: hsa04514","PBMC_Early"
"Naïve CD8 T","CD14+PPBP+ Monocytes","CD99","CD99",0.0555232938380139,0,"CD99_CD99","CD99 - CD99","CD99","Cell-Cell Contact","KEGG: hsa04514","PBMC_Early"
"NK T","CD14+PPBP+ Monocytes","CD99","CD99",0.115630062937895,0,"CD99_CD99","CD99 - CD99","CD99","Cell-Cell Contact","KEGG: hsa04514","PBMC_Early"
"pDC","CD14+PPBP+ Monocytes","CD99","CD99",0.135439186955879,0,"CD99_CD99","CD99 - CD99","CD99","Cell-Cell Contact","KEGG: hsa04514","PBMC_Early"
"Pro-B","CD14+PPBP+ Monocytes","CD99","CD99",0.186849721425907,0,"CD99_CD99","CD99 - CD99","CD99","Cell-Cell Contact","KEGG: hsa04514","PBMC_Early"
"Tem","CD14+PPBP+ Monocytes","CD99","CD99",0.117278454248967,0,"CD99_CD99","CD99 - CD99","CD99","Cell-Cell Contact","KEGG: hsa04514","PBMC_Early"
"Th17like_INNATE_T","CD14+PPBP+ Monocytes","CD99","CD99",0.112900119251439,0,"CD99_CD99","CD99 - CD99","CD99","Cell-Cell Contact","KEGG: hsa04514","PBMC_Early"
"Treg","CD14+PPBP+ Monocytes","CD99","CD99",0.0848805720281301,0,"CD99_CD99","CD99 - CD99","CD99","Cell-Cell Contact","KEGG: hsa04514","PBMC_Early"
"CD14+PPBP+ Monocytes","CD56highCD16low NK","CD99","CD99",0.0186136249370824,0,"CD99_CD99","CD99 - CD99","CD99","Cell-Cell Contact","KEGG: hsa04514","PBMC_Early"
"CX3CR1+ NK","CD56highCD16low NK","CD99","CD99",0.0211153225046779,0,"CD99_CD99","CD99 - CD99","CD99","Cell-Cell Contact","KEGG: hsa04514","PBMC_Early"
"CXCR6+ NK","CD56highCD16low NK","CD99","CD99",0.0210837704905734,0,"CD99_CD99","CD99 - CD99","CD99","Cell-Cell Contact","KEGG: hsa04514","PBMC_Early"
"DC2","CD56highCD16low NK","CD99","CD99",0.0143554334040225,0,"CD99_CD99","CD99 - CD99","CD99","Cell-Cell Contact","KEGG: hsa04514","PBMC_Early"
"Gamma Delta V1 T","CD56highCD16low NK","CD99","CD99",0.0136161907725738,0.01,"CD99_CD99","CD99 - CD99","CD99","Cell-Cell Contact","KEGG: hsa04514","PBMC_Early"
"Gamma Delta V2 T","CD56highCD16low NK","CD99","CD99",0.0182026389440984,0,"CD99_CD99","CD99 - CD99","CD99","Cell-Cell Contact","KEGG: hsa04514","PBMC_Early"
"HSC_MPP","CD56highCD16low NK","CD99","CD99",0.0223619110174137,0,"CD99_CD99","CD99 - CD99","CD99","Cell-Cell Contact","KEGG: hsa04514","PBMC_Early"
"ILC2/3","CD56highCD16low NK","CD99","CD99",0.012557949955648,0,"CD99_CD99","CD99 - CD99","CD99","Cell-Cell Contact","KEGG: hsa04514","PBMC_Early"
"Megakaryocytes","CD56highCD16low NK","CD99","CD99",0.0174224001588013,0,"CD99_CD99","CD99 - CD99","CD99","Cell-Cell Contact","KEGG: hsa04514","PBMC_Early"
"MEMP","CD56highCD16low NK","CD99","CD99",0.00918027789189194,0,"CD99_CD99","CD99 - CD99","CD99","Cell-Cell Contact","KEGG: hsa04514","PBMC_Early"
"Naïve CD4 T","CD56highCD16low NK","CD99","CD99",0.00884704187887876,0,"CD99_CD99","CD99 - CD99","CD99","Cell-Cell Contact","KEGG: hsa04514","PBMC_Early"
"Naïve CD8 T","CD56highCD16low NK","CD99","CD99",0.00806710157647882,0,"CD99_CD99","CD99 - CD99","CD99","Cell-Cell Contact","KEGG: hsa04514","PBMC_Early"
"NK T","CD56highCD16low NK","CD99","CD99",0.0177665366952314,0,"CD99_CD99","CD99 - CD99","CD99","Cell-Cell Contact","KEGG: hsa04514","PBMC_Early"
"pDC","CD56highCD16low NK","CD99","CD99",0.0212123379560326,0,"CD99_CD99","CD99 - CD99","CD99","Cell-Cell Contact","KEGG: hsa04514","PBMC_Early"
"Pro-B","CD56highCD16low NK","CD99","CD99",0.0308093211023092,0,"CD99_CD99","CD99 - CD99","CD99","Cell-Cell Contact","KEGG: hsa04514","PBMC_Early"
"Tem","CD56highCD16low NK","CD99","CD99",0.0180482833306236,0,"CD99_CD99","CD99 - CD99","CD99","Cell-Cell Contact","KEGG: hsa04514","PBMC_Early"
"Th17like_INNATE_T","CD56highCD16low NK","CD99","CD99",0.0173018788131963,0,"CD99_CD99","CD99 - CD99","CD99","Cell-Cell Contact","KEGG: hsa04514","PBMC_Early"
"Treg","CD56highCD16low NK","CD99","CD99",0.012669063923717,0,"CD99_CD99","CD99 - CD99","CD99","Cell-Cell Contact","KEGG: hsa04514","PBMC_Early"
"CD14+PPBP+ Monocytes","Classical Monocytes","CD99","CD99",0.0285711445470334,0,"CD99_CD99","CD99 - CD99","CD99","Cell-Cell Contact","KEGG: hsa04514","PBMC_Early"
"Classical Monocytes","Classical Monocytes","CD99","CD99",0.00626992056930752,0,"CD99_CD99","CD99 - CD99","CD99","Cell-Cell Contact","KEGG: hsa04514","PBMC_Early"
"CX3CR1+ NK","Classical Monocytes","CD99","CD99",0.0323670083619556,0,"CD99_CD99","CD99 - CD99","CD99","Cell-Cell Contact","KEGG: hsa04514","PBMC_Early"
"CXCR6+ NK","Classical Monocytes","CD99","CD99",0.0323191983860789,0,"CD99_CD99","CD99 - CD99","CD99","Cell-Cell Contact","KEGG: hsa04514","PBMC_Early"
"DC2","Classical Monocytes","CD99","CD99",0.022086262417759,0,"CD99_CD99","CD99 - CD99","CD99","Cell-Cell Contact","KEGG: hsa04514","PBMC_Early"
"Gamma Delta V1 T","Classical Monocytes","CD99","CD99",0.0209573803188165,0,"CD99_CD99","CD99 - CD99","CD99","Cell-Cell Contact","KEGG: hsa04514","PBMC_Early"
"Gamma Delta V2 T","Classical Monocytes","CD99","CD99",0.0279465589257893,0,"CD99_CD99","CD99 - CD99","CD99","Cell-Cell Contact","KEGG: hsa04514","PBMC_Early"
"HSC_MPP","Classical Monocytes","CD99","CD99",0.0342546193104737,0,"CD99_CD99","CD99 - CD99","CD99","Cell-Cell Contact","KEGG: hsa04514","PBMC_Early"
"ILC2/3","Classical Monocytes","CD99","CD99",0.0193397740572051,0,"CD99_CD99","CD99 - CD99","CD99","Cell-Cell Contact","KEGG: hsa04514","PBMC_Early"
"Megakaryocytes","Classical Monocytes","CD99","CD99",0.0267600402077255,0,"CD99_CD99","CD99 - CD99","CD99","Cell-Cell Contact","KEGG: hsa04514","PBMC_Early"
"MEMP","Classical Monocytes","CD99","CD99",0.0141641814878387,0,"CD99_CD99","CD99 - CD99","CD99","Cell-Cell Contact","KEGG: hsa04514","PBMC_Early"
"Naïve CD4 T","Classical Monocytes","CD99","CD99",0.0136525269389087,0,"CD99_CD99","CD99 - CD99","CD99","Cell-Cell Contact","KEGG: hsa04514","PBMC_Early"
"Naïve CD8 T","Classical Monocytes","CD99","CD99",0.0124542664358656,0,"CD99_CD99","CD99 - CD99","CD99","Cell-Cell Contact","KEGG: hsa04514","PBMC_Early"
"NK T","Classical Monocytes","CD99","CD99",0.0272834973366103,0,"CD99_CD99","CD99 - CD99","CD99","Cell-Cell Contact","KEGG: hsa04514","PBMC_Early"
"pDC","Classical Monocytes","CD99","CD99",0.032514003154999,0,"CD99_CD99","CD99 - CD99","CD99","Cell-Cell Contact","KEGG: hsa04514","PBMC_Early"
"Pro-B","Classical Monocytes","CD99","CD99",0.0469787223244829,0,"CD99_CD99","CD99 - CD99","CD99","Cell-Cell Contact","KEGG: hsa04514","PBMC_Early"
"Tem","Classical Monocytes","CD99","CD99",0.027711908553909,0,"CD99_CD99","CD99 - CD99","CD99","Cell-Cell Contact","KEGG: hsa04514","PBMC_Early"
"Th17like_INNATE_T","Classical Monocytes","CD99","CD99",0.0265766718593394,0,"CD99_CD99","CD99 - CD99","CD99","Cell-Cell Contact","KEGG: hsa04514","PBMC_Early"
"Treg","Classical Monocytes","CD99","CD99",0.019509708674561,0,"CD99_CD99","CD99 - CD99","CD99","Cell-Cell Contact","KEGG: hsa04514","PBMC_Early"
"CD14+PPBP+ Monocytes","CX3CR1+ NK","CD99","CD99",0.13489174808288,0,"CD99_CD99","CD99 - CD99","CD99","Cell-Cell Contact","KEGG: hsa04514","PBMC_Early"
"CD56highCD16low NK","CX3CR1+ NK","CD99","CD99",0.0211153225046779,0,"CD99_CD99","CD99 - CD99","CD99","Cell-Cell Contact","KEGG: hsa04514","PBMC_Early"
"Classical Monocytes","CX3CR1+ NK","CD99","CD99",0.0323670083619556,0,"CD99_CD99","CD99 - CD99","CD99","Cell-Cell Contact","KEGG: hsa04514","PBMC_Early"
"CX3CR1+ NK","CX3CR1+ NK","CD99","CD99",0.150622819007819,0,"CD99_CD99","CD99 - CD99","CD99","Cell-Cell Contact","KEGG: hsa04514","PBMC_Early"
"CXCR5+ Naïve B","CX3CR1+ NK","CD99","CD99",0.0221207590130922,0,"CD99_CD99","CD99 - CD99","CD99","Cell-Cell Contact","KEGG: hsa04514","PBMC_Early"
"CXCR6+ NK","CX3CR1+ NK","CD99","CD99",0.150427486257834,0,"CD99_CD99","CD99 - CD99","CD99","Cell-Cell Contact","KEGG: hsa04514","PBMC_Early"
"DC2","CX3CR1+ NK","CD99","CD99",0.106931298294586,0,"CD99_CD99","CD99 - CD99","CD99","Cell-Cell Contact","KEGG: hsa04514","PBMC_Early"
"Gamma Delta V1 T","CX3CR1+ NK","CD99","CD99",0.101917744074293,0,"CD99_CD99","CD99 - CD99","CD99","Cell-Cell Contact","KEGG: hsa04514","PBMC_Early"
"Gamma Delta V2 T","CX3CR1+ NK","CD99","CD99",0.132259362394362,0,"CD99_CD99","CD99 - CD99","CD99","Cell-Cell Contact","KEGG: hsa04514","PBMC_Early"
"HSC_MPP","CX3CR1+ NK","CD99","CD99",0.158278895712005,0,"CD99_CD99","CD99 - CD99","CD99","Cell-Cell Contact","KEGG: hsa04514","PBMC_Early"
"ILC2/3","CX3CR1+ NK","CD99","CD99",0.0946553298739529,0,"CD99_CD99","CD99 - CD99","CD99","Cell-Cell Contact","KEGG: hsa04514","PBMC_Early"
"Megakaryocytes","CX3CR1+ NK","CD99","CD99",0.127223710677981,0,"CD99_CD99","CD99 - CD99","CD99","Cell-Cell Contact","KEGG: hsa04514","PBMC_Early"
"MEMP","CX3CR1+ NK","CD99","CD99",0.070778965563001,0,"CD99_CD99","CD99 - CD99","CD99","Cell-Cell Contact","KEGG: hsa04514","PBMC_Early"
"MEP","CX3CR1+ NK","CD99","CD99",0.0167046026816025,0,"CD99_CD99","CD99 - CD99","CD99","Cell-Cell Contact","KEGG: hsa04514","PBMC_Early"
"Naïve CD4 T","CX3CR1+ NK","CD99","CD99",0.0683640281454974,0,"CD99_CD99","CD99 - CD99","CD99","Cell-Cell Contact","KEGG: hsa04514","PBMC_Early"
"Naïve CD8 T","CX3CR1+ NK","CD99","CD99",0.0626689243322185,0,"CD99_CD99","CD99 - CD99","CD99","Cell-Cell Contact","KEGG: hsa04514","PBMC_Early"
"NK T","CX3CR1+ NK","CD99","CD99",0.129450962746871,0,"CD99_CD99","CD99 - CD99","CD99","Cell-Cell Contact","KEGG: hsa04514","PBMC_Early"
"pDC","CX3CR1+ NK","CD99","CD99",0.151222940399629,0,"CD99_CD99","CD99 - CD99","CD99","Cell-Cell Contact","KEGG: hsa04514","PBMC_Early"
"Pro-B","CX3CR1+ NK","CD99","CD99",0.207188949516015,0,"CD99_CD99","CD99 - CD99","CD99","Cell-Cell Contact","KEGG: hsa04514","PBMC_Early"
"Tem","CX3CR1+ NK","CD99","CD99",0.131267136366263,0,"CD99_CD99","CD99 - CD99","CD99","Cell-Cell Contact","KEGG: hsa04514","PBMC_Early"
"Th17like_INNATE_T","CX3CR1+ NK","CD99","CD99",0.12644136988015,0,"CD99_CD99","CD99 - CD99","CD99","Cell-Cell Contact","KEGG: hsa04514","PBMC_Early"
"Treg","CX3CR1+ NK","CD99","CD99",0.0954226523959512,0,"CD99_CD99","CD99 - CD99","CD99","Cell-Cell Contact","KEGG: hsa04514","PBMC_Early"
"CD14+PPBP+ Monocytes","CXCR5+ Naïve B","CD99","CD99",0.0195023127763431,0,"CD99_CD99","CD99 - CD99","CD99","Cell-Cell Contact","KEGG: hsa04514","PBMC_Early"
"CX3CR1+ NK","CXCR5+ Naïve B","CD99","CD99",0.0221207590130922,0,"CD99_CD99","CD99 - CD99","CD99","Cell-Cell Contact","KEGG: hsa04514","PBMC_Early"
"CXCR6+ NK","CXCR5+ Naïve B","CD99","CD99",0.0220877385046849,0,"CD99_CD99","CD99 - CD99","CD99","Cell-Cell Contact","KEGG: hsa04514","PBMC_Early"
"DC2","CXCR5+ Naïve B","CD99","CD99",0.0150439348753754,0,"CD99_CD99","CD99 - CD99","CD99","Cell-Cell Contact","KEGG: hsa04514","PBMC_Early"
"Gamma Delta V1 T","CXCR5+ Naïve B","CD99","CD99",0.0142697507012168,0,"CD99_CD99","CD99 - CD99","CD99","Cell-Cell Contact","KEGG: hsa04514","PBMC_Early"
"Gamma Delta V2 T","CXCR5+ Naïve B","CD99","CD99",0.0190720860239237,0,"CD99_CD99","CD99 - CD99","CD99","Cell-Cell Contact","KEGG: hsa04514","PBMC_Early"
"HSC_MPP","CXCR5+ Naïve B","CD99","CD99",0.0234252851598162,0,"CD99_CD99","CD99 - CD99","CD99","Cell-Cell Contact","KEGG: hsa04514","PBMC_Early"
"ILC2/3","CXCR5+ Naïve B","CD99","CD99",0.0131613934151649,0,"CD99_CD99","CD99 - CD99","CD99","Cell-Cell Contact","KEGG: hsa04514","PBMC_Early"
"Megakaryocytes","CXCR5+ Naïve B","CD99","CD99",0.0182552721688747,0,"CD99_CD99","CD99 - CD99","CD99","Cell-Cell Contact","KEGG: hsa04514","PBMC_Early"
"MEMP","CXCR5+ Naïve B","CD99","CD99",0.0096229968096738,0,"CD99_CD99","CD99 - CD99","CD99","Cell-Cell Contact","KEGG: hsa04514","PBMC_Early"
"Naïve CD4 T","CXCR5+ Naïve B","CD99","CD99",0.00927384090365474,0,"CD99_CD99","CD99 - CD99","CD99","Cell-Cell Contact","KEGG: hsa04514","PBMC_Early"
"Naïve CD8 T","CXCR5+ Naïve B","CD99","CD99",0.00845659574552106,0,"CD99_CD99","CD99 - CD99","CD99","Cell-Cell Contact","KEGG: hsa04514","PBMC_Early"
"NK T","CXCR5+ Naïve B","CD99","CD99",0.0186155483564876,0,"CD99_CD99","CD99 - CD99","CD99","Cell-Cell Contact","KEGG: hsa04514","PBMC_Early"
"pDC","CXCR5+ Naïve B","CD99","CD99",0.0222222891240371,0,"CD99_CD99","CD99 - CD99","CD99","Cell-Cell Contact","KEGG: hsa04514","PBMC_Early"
"Pro-B","CXCR5+ Naïve B","CD99","CD99",0.0322611385620119,0,"CD99_CD99","CD99 - CD99","CD99","Cell-Cell Contact","KEGG: hsa04514","PBMC_Early"
"Tem","CXCR5+ Naïve B","CD99","CD99",0.0189104996391266,0,"CD99_CD99","CD99 - CD99","CD99","Cell-Cell Contact","KEGG: hsa04514","PBMC_Early"
"Th17like_INNATE_T","CXCR5+ Naïve B","CD99","CD99",0.0181290956431835,0,"CD99_CD99","CD99 - CD99","CD99","Cell-Cell Contact","KEGG: hsa04514","PBMC_Early"
"Treg","CXCR5+ Naïve B","CD99","CD99",0.0132777749139294,0,"CD99_CD99","CD99 - CD99","CD99","Cell-Cell Contact","KEGG: hsa04514","PBMC_Early"
"CD14+PPBP+ Monocytes","CXCR6+ NK","CD99","CD99",0.134713580326892,0,"CD99_CD99","CD99 - CD99","CD99","Cell-Cell Contact","KEGG: hsa04514","PBMC_Early"
"CD56highCD16low NK","CXCR6+ NK","CD99","CD99",0.0210837704905734,0,"CD99_CD99","CD99 - CD99","CD99","Cell-Cell Contact","KEGG: hsa04514","PBMC_Early"
"Classical Monocytes","CXCR6+ NK","CD99","CD99",0.0323191983860789,0,"CD99_CD99","CD99 - CD99","CD99","Cell-Cell Contact","KEGG: hsa04514","PBMC_Early"
"CX3CR1+ NK","CXCR6+ NK","CD99","CD99",0.150427486257834,0,"CD99_CD99","CD99 - CD99","CD99","Cell-Cell Contact","KEGG: hsa04514","PBMC_Early"
"CXCR5+ Naïve B","CXCR6+ NK","CD99","CD99",0.0220877385046849,0,"CD99_CD99","CD99 - CD99","CD99","Cell-Cell Contact","KEGG: hsa04514","PBMC_Early"
"CXCR6+ NK","CXCR6+ NK","CD99","CD99",0.15023236201738,0,"CD99_CD99","CD99 - CD99","CD99","Cell-Cell Contact","KEGG: hsa04514","PBMC_Early"
"DC2","CXCR6+ NK","CD99","CD99",0.106785502686127,0,"CD99_CD99","CD99 - CD99","CD99","Cell-Cell Contact","KEGG: hsa04514","PBMC_Early"
"Gamma Delta V1 T","CXCR6+ NK","CD99","CD99",0.101778005172059,0,"CD99_CD99","CD99 - CD99","CD99","Cell-Cell Contact","KEGG: hsa04514","PBMC_Early"
"Gamma Delta V2 T","CXCR6+ NK","CD99","CD99",0.132084140694753,0,"CD99_CD99","CD99 - CD99","CD99","Cell-Cell Contact","KEGG: hsa04514","PBMC_Early"
"HSC_MPP","CXCR6+ NK","CD99","CD99",0.15807548210163,0,"CD99_CD99","CD99 - CD99","CD99","Cell-Cell Contact","KEGG: hsa04514","PBMC_Early"
"ILC2/3","CXCR6+ NK","CD99","CD99",0.0945245003935323,0,"CD99_CD99","CD99 - CD99","CD99","Cell-Cell Contact","KEGG: hsa04514","PBMC_Early"
"Megakaryocytes","CXCR6+ NK","CD99","CD99",0.127054183557271,0,"CD99_CD99","CD99 - CD99","CD99","Cell-Cell Contact","KEGG: hsa04514","PBMC_Early"
"MEMP","CXCR6+ NK","CD99","CD99",0.0706785608712787,0,"CD99_CD99","CD99 - CD99","CD99","Cell-Cell Contact","KEGG: hsa04514","PBMC_Early"
"MEP","CXCR6+ NK","CD99","CD99",0.0166795291752925,0,"CD99_CD99","CD99 - CD99","CD99","Cell-Cell Contact","KEGG: hsa04514","PBMC_Early"
"Naïve CD4 T","CXCR6+ NK","CD99","CD99",0.0682667975253217,0,"CD99_CD99","CD99 - CD99","CD99","Cell-Cell Contact","KEGG: hsa04514","PBMC_Early"
"Naïve CD8 T","CXCR6+ NK","CD99","CD99",0.0625792494855493,0,"CD99_CD99","CD99 - CD99","CD99","Cell-Cell Contact","KEGG: hsa04514","PBMC_Early"
"NK T","CXCR6+ NK","CD99","CD99",0.129278907393701,0,"CD99_CD99","CD99 - CD99","CD99","Cell-Cell Contact","KEGG: hsa04514","PBMC_Early"
"pDC","CXCR6+ NK","CD99","CD99",0.151026967773261,0,"CD99_CD99","CD99 - CD99","CD99","Cell-Cell Contact","KEGG: hsa04514","PBMC_Early"
"Pro-B","CXCR6+ NK","CD99","CD99",0.206938132211291,0,"CD99_CD99","CD99 - CD99","CD99","Cell-Cell Contact","KEGG: hsa04514","PBMC_Early"
"Tem","CXCR6+ NK","CD99","CD99",0.131093030609429,0,"CD99_CD99","CD99 - CD99","CD99","Cell-Cell Contact","KEGG: hsa04514","PBMC_Early"
"Th17like_INNATE_T","CXCR6+ NK","CD99","CD99",0.126272734412794,0,"CD99_CD99","CD99 - CD99","CD99","Cell-Cell Contact","KEGG: hsa04514","PBMC_Early"
"Treg","CXCR6+ NK","CD99","CD99",0.0952908739763003,0,"CD99_CD99","CD99 - CD99","CD99","Cell-Cell Contact","KEGG: hsa04514","PBMC_Early"
"CD14+PPBP+ Monocytes","DC2","CD99","CD99",0.0952516517053607,0,"CD99_CD99","CD99 - CD99","CD99","Cell-Cell Contact","KEGG: hsa04514","PBMC_Early"
"CD56highCD16low NK","DC2","CD99","CD99",0.0143554334040225,0,"CD99_CD99","CD99 - CD99","CD99","Cell-Cell Contact","KEGG: hsa04514","PBMC_Early"
"Classical Monocytes","DC2","CD99","CD99",0.022086262417759,0,"CD99_CD99","CD99 - CD99","CD99","Cell-Cell Contact","KEGG: hsa04514","PBMC_Early"
"CX3CR1+ NK","DC2","CD99","CD99",0.106931298294586,0,"CD99_CD99","CD99 - CD99","CD99","Cell-Cell Contact","KEGG: hsa04514","PBMC_Early"
"CXCR5+ Naïve B","DC2","CD99","CD99",0.0150439348753754,0,"CD99_CD99","CD99 - CD99","CD99","Cell-Cell Contact","KEGG: hsa04514","PBMC_Early"
"CXCR6+ NK","DC2","CD99","CD99",0.106785502686127,0,"CD99_CD99","CD99 - CD99","CD99","Cell-Cell Contact","KEGG: hsa04514","PBMC_Early"
"DC2","DC2","CD99","CD99",0.0747974161316021,0,"CD99_CD99","CD99 - CD99","CD99","Cell-Cell Contact","KEGG: hsa04514","PBMC_Early"
"Gamma Delta V1 T","DC2","CD99","CD99",0.0711704174737898,0,"CD99_CD99","CD99 - CD99","CD99","Cell-Cell Contact","KEGG: hsa04514","PBMC_Early"
"Gamma Delta V2 T","DC2","CD99","CD99",0.0933093985716427,0,"CD99_CD99","CD99 - CD99","CD99","Cell-Cell Contact","KEGG: hsa04514","PBMC_Early"
"HSC_MPP","DC2","CD99","CD99",0.112661126958504,0,"CD99_CD99","CD99 - CD99","CD99","Cell-Cell Contact","KEGG: hsa04514","PBMC_Early"
"ILC2/3","DC2","CD99","CD99",0.0659381200247228,0,"CD99_CD99","CD99 - CD99","CD99","Cell-Cell Contact","KEGG: hsa04514","PBMC_Early"
"Megakaryocytes","DC2","CD99","CD99",0.0896035962862501,0,"CD99_CD99","CD99 - CD99","CD99","Cell-Cell Contact","KEGG: hsa04514","PBMC_Early"
"MEMP","DC2","CD99","CD99",0.0489141688993032,0,"CD99_CD99","CD99 - CD99","CD99","Cell-Cell Contact","KEGG: hsa04514","PBMC_Early"
"MEP","DC2","CD99","CD99",0.0113404089508381,0,"CD99_CD99","CD99 - CD99","CD99","Cell-Cell Contact","KEGG: hsa04514","PBMC_Early"
"Naïve CD4 T","DC2","CD99","CD99",0.0472073458480651,0,"CD99_CD99","CD99 - CD99","CD99","Cell-Cell Contact","KEGG: hsa04514","PBMC_Early"
"Naïve CD8 T","DC2","CD99","CD99",0.0431929988192445,0,"CD99_CD99","CD99 - CD99","CD99","Cell-Cell Contact","KEGG: hsa04514","PBMC_Early"
"NK T","DC2","CD99","CD99",0.0912410996137263,0,"CD99_CD99","CD99 - CD99","CD99","Cell-Cell Contact","KEGG: hsa04514","PBMC_Early"
"pDC","DC2","CD99","CD99",0.107379348286185,0,"CD99_CD99","CD99 - CD99","CD99","Cell-Cell Contact","KEGG: hsa04514","PBMC_Early"
"Pro-B","DC2","CD99","CD99",0.149986598111606,0,"CD99_CD99","CD99 - CD99","CD99","Cell-Cell Contact","KEGG: hsa04514","PBMC_Early"
"Tem","DC2","CD99","CD99",0.0925782047111263,0,"CD99_CD99","CD99 - CD99","CD99","Cell-Cell Contact","KEGG: hsa04514","PBMC_Early"
"Th17like_INNATE_T","DC2","CD99","CD99",0.0890289959761016,0,"CD99_CD99","CD99 - CD99","CD99","Cell-Cell Contact","KEGG: hsa04514","PBMC_Early"
"Treg","DC2","CD99","CD99",0.0664897436000865,0,"CD99_CD99","CD99 - CD99","CD99","Cell-Cell Contact","KEGG: hsa04514","PBMC_Early"
"CD14+PPBP+ Monocytes","Gamma Delta V1 T","CD99","CD99",0.090730072911197,0,"CD99_CD99","CD99 - CD99","CD99","Cell-Cell Contact","KEGG: hsa04514","PBMC_Early"
"CD56highCD16low NK","Gamma Delta V1 T","CD99","CD99",0.0136161907725738,0.01,"CD99_CD99","CD99 - CD99","CD99","Cell-Cell Contact","KEGG: hsa04514","PBMC_Early"
"Classical Monocytes","Gamma Delta V1 T","CD99","CD99",0.0209573803188165,0,"CD99_CD99","CD99 - CD99","CD99","Cell-Cell Contact","KEGG: hsa04514","PBMC_Early"
"CX3CR1+ NK","Gamma Delta V1 T","CD99","CD99",0.101917744074293,0,"CD99_CD99","CD99 - CD99","CD99","Cell-Cell Contact","KEGG: hsa04514","PBMC_Early"
"CXCR5+ Naïve B","Gamma Delta V1 T","CD99","CD99",0.0142697507012168,0,"CD99_CD99","CD99 - CD99","CD99","Cell-Cell Contact","KEGG: hsa04514","PBMC_Early"
"CXCR6+ NK","Gamma Delta V1 T","CD99","CD99",0.101778005172059,0,"CD99_CD99","CD99 - CD99","CD99","Cell-Cell Contact","KEGG: hsa04514","PBMC_Early"
"DC2","Gamma Delta V1 T","CD99","CD99",0.0711704174737898,0,"CD99_CD99","CD99 - CD99","CD99","Cell-Cell Contact","KEGG: hsa04514","PBMC_Early"
"Gamma Delta V1 T","Gamma Delta V1 T","CD99","CD99",0.0677064247973186,0,"CD99_CD99","CD99 - CD99","CD99","Cell-Cell Contact","KEGG: hsa04514","PBMC_Early"
"Gamma Delta V2 T","Gamma Delta V1 T","CD99","CD99",0.0888709617868017,0,"CD99_CD99","CD99 - CD99","CD99","Cell-Cell Contact","KEGG: hsa04514","PBMC_Early"
"HSC_MPP","Gamma Delta V1 T","CD99","CD99",0.107411236192193,0,"CD99_CD99","CD99 - CD99","CD99","Cell-Cell Contact","KEGG: hsa04514","PBMC_Early"
"ILC2/3","Gamma Delta V1 T","CD99","CD99",0.0627115985195485,0,"CD99_CD99","CD99 - CD99","CD99","Cell-Cell Contact","KEGG: hsa04514","PBMC_Early"
"Megakaryocytes","Gamma Delta V1 T","CD99","CD99",0.0853248445932357,0,"CD99_CD99","CD99 - CD99","CD99","Cell-Cell Contact","KEGG: hsa04514","PBMC_Early"
"MEMP","Gamma Delta V1 T","CD99","CD99",0.04647922140548,0,"CD99_CD99","CD99 - CD99","CD99","Cell-Cell Contact","KEGG: hsa04514","PBMC_Early"
"MEP","Gamma Delta V1 T","CD99","CD99",0.0107547329104284,0.02,"CD99_CD99","CD99 - CD99","CD99","Cell-Cell Contact","KEGG: hsa04514","PBMC_Early"
"Naïve CD4 T","Gamma Delta V1 T","CD99","CD99",0.0448533570177971,0,"CD99_CD99","CD99 - CD99","CD99","Cell-Cell Contact","KEGG: hsa04514","PBMC_Early"
"Naïve CD8 T","Gamma Delta V1 T","CD99","CD99",0.0410305647090177,0,"CD99_CD99","CD99 - CD99","CD99","Cell-Cell Contact","KEGG: hsa04514","PBMC_Early"
"NK T","Gamma Delta V1 T","CD99","CD99",0.0868916169808538,0,"CD99_CD99","CD99 - CD99","CD99","Cell-Cell Contact","KEGG: hsa04514","PBMC_Early"
"pDC","Gamma Delta V1 T","CD99","CD99",0.102347194361928,0,"CD99_CD99","CD99 - CD99","CD99","Cell-Cell Contact","KEGG: hsa04514","PBMC_Early"
"Pro-B","Gamma Delta V1 T","CD99","CD99",0.143278227939518,0,"CD99_CD99","CD99 - CD99","CD99","Cell-Cell Contact","KEGG: hsa04514","PBMC_Early"
"Tem","Gamma Delta V1 T","CD99","CD99",0.0881711662936662,0,"CD99_CD99","CD99 - CD99","CD99","Cell-Cell Contact","KEGG: hsa04514","PBMC_Early"
"Th17like_INNATE_T","Gamma Delta V1 T","CD99","CD99",0.0847751275754379,0,"CD99_CD99","CD99 - CD99","CD99","Cell-Cell Contact","KEGG: hsa04514","PBMC_Early"
"Treg","Gamma Delta V1 T","CD99","CD99",0.063238057179489,0,"CD99_CD99","CD99 - CD99","CD99","Cell-Cell Contact","KEGG: hsa04514","PBMC_Early"
"CD14+PPBP+ Monocytes","Gamma Delta V2 T","CD99","CD99",0.118179326432184,0,"CD99_CD99","CD99 - CD99","CD99","Cell-Cell Contact","KEGG: hsa04514","PBMC_Early"
"CD56highCD16low NK","Gamma Delta V2 T","CD99","CD99",0.0182026389440984,0,"CD99_CD99","CD99 - CD99","CD99","Cell-Cell Contact","KEGG: hsa04514","PBMC_Early"
"Classical Monocytes","Gamma Delta V2 T","CD99","CD99",0.0279465589257893,0,"CD99_CD99","CD99 - CD99","CD99","Cell-Cell Contact","KEGG: hsa04514","PBMC_Early"
"CX3CR1+ NK","Gamma Delta V2 T","CD99","CD99",0.132259362394362,0,"CD99_CD99","CD99 - CD99","CD99","Cell-Cell Contact","KEGG: hsa04514","PBMC_Early"
"CXCR5+ Naïve B","Gamma Delta V2 T","CD99","CD99",0.0190720860239237,0,"CD99_CD99","CD99 - CD99","CD99","Cell-Cell Contact","KEGG: hsa04514","PBMC_Early"
"CXCR6+ NK","Gamma Delta V2 T","CD99","CD99",0.132084140694753,0,"CD99_CD99","CD99 - CD99","CD99","Cell-Cell Contact","KEGG: hsa04514","PBMC_Early"
"DC2","Gamma Delta V2 T","CD99","CD99",0.0933093985716427,0,"CD99_CD99","CD99 - CD99","CD99","Cell-Cell Contact","KEGG: hsa04514","PBMC_Early"
"Gamma Delta V1 T","Gamma Delta V2 T","CD99","CD99",0.0888709617868017,0,"CD99_CD99","CD99 - CD99","CD99","Cell-Cell Contact","KEGG: hsa04514","PBMC_Early"
"Gamma Delta V2 T","Gamma Delta V2 T","CD99","CD99",0.115829413478736,0,"CD99_CD99","CD99 - CD99","CD99","Cell-Cell Contact","KEGG: hsa04514","PBMC_Early"
"HSC_MPP","Gamma Delta V2 T","CD99","CD99",0.139134933809855,0,"CD99_CD99","CD99 - CD99","CD99","Cell-Cell Contact","KEGG: hsa04514","PBMC_Early"
"ILC2/3","Gamma Delta V2 T","CD99","CD99",0.0824528759392636,0,"CD99_CD99","CD99 - CD99","CD99","Cell-Cell Contact","KEGG: hsa04514","PBMC_Early"
"Megakaryocytes","Gamma Delta V2 T","CD99","CD99",0.111339052307332,0,"CD99_CD99","CD99 - CD99","CD99","Cell-Cell Contact","KEGG: hsa04514","PBMC_Early"
"MEMP","Gamma Delta V2 T","CD99","CD99",0.0614456193185691,0,"CD99_CD99","CD99 - CD99","CD99","Cell-Cell Contact","KEGG: hsa04514","PBMC_Early"
"MEP","Gamma Delta V2 T","CD99","CD99",0.0143913964079491,0,"CD99_CD99","CD99 - CD99","CD99","Cell-Cell Contact","KEGG: hsa04514","PBMC_Early"
"Naïve CD4 T","Gamma Delta V2 T","CD99","CD99",0.0593287980274691,0,"CD99_CD99","CD99 - CD99","CD99","Cell-Cell Contact","KEGG: hsa04514","PBMC_Early"
"Naïve CD8 T","Gamma Delta V2 T","CD99","CD99",0.0543424749088015,0,"CD99_CD99","CD99 - CD99","CD99","Cell-Cell Contact","KEGG: hsa04514","PBMC_Early"
"NK T","Gamma Delta V2 T","CD99","CD99",0.11332432599807,0,"CD99_CD99","CD99 - CD99","CD99","Cell-Cell Contact","KEGG: hsa04514","PBMC_Early"
"pDC","Gamma Delta V2 T","CD99","CD99",0.132797758016589,0,"CD99_CD99","CD99 - CD99","CD99","Cell-Cell Contact","KEGG: hsa04514","PBMC_Early"
"Pro-B","Gamma Delta V2 T","CD99","CD99",0.183418361566519,0,"CD99_CD99","CD99 - CD99","CD99","Cell-Cell Contact","KEGG: hsa04514","PBMC_Early"
"Tem","Gamma Delta V2 T","CD99","CD99",0.114944119543967,0,"CD99_CD99","CD99 - CD99","CD99","Cell-Cell Contact","KEGG: hsa04514","PBMC_Early"
"Th17like_INNATE_T","Gamma Delta V2 T","CD99","CD99",0.110642008627299,0,"CD99_CD99","CD99 - CD99","CD99","Cell-Cell Contact","KEGG: hsa04514","PBMC_Early"
"Treg","Gamma Delta V2 T","CD99","CD99",0.0831303623116461,0,"CD99_CD99","CD99 - CD99","CD99","Cell-Cell Contact","KEGG: hsa04514","PBMC_Early"
"CD14+PPBP+ Monocytes","HSC_MPP","CD99","CD99",0.141881790143894,0,"CD99_CD99","CD99 - CD99","CD99","Cell-Cell Contact","KEGG: hsa04514","PBMC_Early"
"CD56highCD16low NK","HSC_MPP","CD99","CD99",0.0223619110174137,0,"CD99_CD99","CD99 - CD99","CD99","Cell-Cell Contact","KEGG: hsa04514","PBMC_Early"
"Classical Monocytes","HSC_MPP","CD99","CD99",0.0342546193104737,0,"CD99_CD99","CD99 - CD99","CD99","Cell-Cell Contact","KEGG: hsa04514","PBMC_Early"
"CX3CR1+ NK","HSC_MPP","CD99","CD99",0.158278895712005,0,"CD99_CD99","CD99 - CD99","CD99","Cell-Cell Contact","KEGG: hsa04514","PBMC_Early"
"CXCR5+ Naïve B","HSC_MPP","CD99","CD99",0.0234252851598162,0,"CD99_CD99","CD99 - CD99","CD99","Cell-Cell Contact","KEGG: hsa04514","PBMC_Early"
"CXCR6+ NK","HSC_MPP","CD99","CD99",0.15807548210163,0,"CD99_CD99","CD99 - CD99","CD99","Cell-Cell Contact","KEGG: hsa04514","PBMC_Early"
"DC2","HSC_MPP","CD99","CD99",0.112661126958504,0,"CD99_CD99","CD99 - CD99","CD99","Cell-Cell Contact","KEGG: hsa04514","PBMC_Early"
"Gamma Delta V1 T","HSC_MPP","CD99","CD99",0.107411236192193,0,"CD99_CD99","CD99 - CD99","CD99","Cell-Cell Contact","KEGG: hsa04514","PBMC_Early"
"Gamma Delta V2 T","HSC_MPP","CD99","CD99",0.139134933809855,0,"CD99_CD99","CD99 - CD99","CD99","Cell-Cell Contact","KEGG: hsa04514","PBMC_Early"
"HSC_MPP","HSC_MPP","CD99","CD99",0.166247957798868,0,"CD99_CD99","CD99 - CD99","CD99","Cell-Cell Contact","KEGG: hsa04514","PBMC_Early"
"ILC2/3","HSC_MPP","CD99","CD99",0.0998008697770852,0,"CD99_CD99","CD99 - CD99","CD99","Cell-Cell Contact","KEGG: hsa04514","PBMC_Early"
"Megakaryocytes","HSC_MPP","CD99","CD99",0.133877889563082,0,"CD99_CD99","CD99 - CD99","CD99","Cell-Cell Contact","KEGG: hsa04514","PBMC_Early"
"MEMP","HSC_MPP","CD99","CD99",0.0747337083256743,0,"CD99_CD99","CD99 - CD99","CD99","Cell-Cell Contact","KEGG: hsa04514","PBMC_Early"
"MEP","HSC_MPP","CD99","CD99",0.0176955020947562,0,"CD99_CD99","CD99 - CD99","CD99","Cell-Cell Contact","KEGG: hsa04514","PBMC_Early"
"Naïve CD4 T","HSC_MPP","CD99","CD99",0.0721943208120522,0,"CD99_CD99","CD99 - CD99","CD99","Cell-Cell Contact","KEGG: hsa04514","PBMC_Early"
"Naïve CD8 T","HSC_MPP","CD99","CD99",0.0662028067301312,0,"CD99_CD99","CD99 - CD99","CD99","Cell-Cell Contact","KEGG: hsa04514","PBMC_Early"
"NK T","HSC_MPP","CD99","CD99",0.136203454087469,0,"CD99_CD99","CD99 - CD99","CD99","Cell-Cell Contact","KEGG: hsa04514","PBMC_Early"
"pDC","HSC_MPP","CD99","CD99",0.158903814207299,0,"CD99_CD99","CD99 - CD99","CD99","Cell-Cell Contact","KEGG: hsa04514","PBMC_Early"
"Pro-B","HSC_MPP","CD99","CD99",0.216985733933679,0,"CD99_CD99","CD99 - CD99","CD99","Cell-Cell Contact","KEGG: hsa04514","PBMC_Early"
"Tem","HSC_MPP","CD99","CD99",0.138099335480955,0,"CD99_CD99","CD99 - CD99","CD99","Cell-Cell Contact","KEGG: hsa04514","PBMC_Early"
"Th17like_INNATE_T","HSC_MPP","CD99","CD99",0.133060868363049,0,"CD99_CD99","CD99 - CD99","CD99","Cell-Cell Contact","KEGG: hsa04514","PBMC_Early"
"Treg","HSC_MPP","CD99","CD99",0.100605269346194,0,"CD99_CD99","CD99 - CD99","CD99","Cell-Cell Contact","KEGG: hsa04514","PBMC_Early"
"CD14+PPBP+ Monocytes","ILC2/3","CD99","CD99",0.0841901317341058,0,"CD99_CD99","CD99 - CD99","CD99","Cell-Cell Contact","KEGG: hsa04514","PBMC_Early"
"CD56highCD16low NK","ILC2/3","CD99","CD99",0.012557949955648,0,"CD99_CD99","CD99 - CD99","CD99","Cell-Cell Contact","KEGG: hsa04514","PBMC_Early"
"Classical Monocytes","ILC2/3","CD99","CD99",0.0193397740572051,0,"CD99_CD99","CD99 - CD99","CD99","Cell-Cell Contact","KEGG: hsa04514","PBMC_Early"
"CX3CR1+ NK","ILC2/3","CD99","CD99",0.0946553298739529,0,"CD99_CD99","CD99 - CD99","CD99","Cell-Cell Contact","KEGG: hsa04514","PBMC_Early"
"CXCR5+ Naïve B","ILC2/3","CD99","CD99",0.0131613934151649,0,"CD99_CD99","CD99 - CD99","CD99","Cell-Cell Contact","KEGG: hsa04514","PBMC_Early"
"CXCR6+ NK","ILC2/3","CD99","CD99",0.0945245003935323,0,"CD99_CD99","CD99 - CD99","CD99","Cell-Cell Contact","KEGG: hsa04514","PBMC_Early"
"DC2","ILC2/3","CD99","CD99",0.0659381200247228,0,"CD99_CD99","CD99 - CD99","CD99","Cell-Cell Contact","KEGG: hsa04514","PBMC_Early"
"Gamma Delta V1 T","ILC2/3","CD99","CD99",0.0627115985195485,0,"CD99_CD99","CD99 - CD99","CD99","Cell-Cell Contact","KEGG: hsa04514","PBMC_Early"
"Gamma Delta V2 T","ILC2/3","CD99","CD99",0.0824528759392636,0,"CD99_CD99","CD99 - CD99","CD99","Cell-Cell Contact","KEGG: hsa04514","PBMC_Early"
"HSC_MPP","ILC2/3","CD99","CD99",0.0998008697770852,0,"CD99_CD99","CD99 - CD99","CD99","Cell-Cell Contact","KEGG: hsa04514","PBMC_Early"
"ILC2/3","ILC2/3","CD99","CD99",0.0580623012719426,0,"CD99_CD99","CD99 - CD99","CD99","Cell-Cell Contact","KEGG: hsa04514","PBMC_Early"
"Megakaryocytes","ILC2/3","CD99","CD99",0.0791406080728707,0,"CD99_CD99","CD99 - CD99","CD99","Cell-Cell Contact","KEGG: hsa04514","PBMC_Early"
"MEMP","ILC2/3","CD99","CD99",0.0429781743329255,0,"CD99_CD99","CD99 - CD99","CD99","Cell-Cell Contact","KEGG: hsa04514","PBMC_Early"
"MEP","ILC2/3","CD99","CD99",0.00991664678453256,0.01,"CD99_CD99","CD99 - CD99","CD99","Cell-Cell Contact","KEGG: hsa04514","PBMC_Early"
"Naïve CD4 T","ILC2/3","CD99","CD99",0.0414694519203202,0,"CD99_CD99","CD99 - CD99","CD99","Cell-Cell Contact","KEGG: hsa04514","PBMC_Early"
"Naïve CD8 T","ILC2/3","CD99","CD99",0.0379236143637346,0,"CD99_CD99","CD99 - CD99","CD99","Cell-Cell Contact","KEGG: hsa04514","PBMC_Early"
"NK T","ILC2/3","CD99","CD99",0.0806038298169446,0,"CD99_CD99","CD99 - CD99","CD99","Cell-Cell Contact","KEGG: hsa04514","PBMC_Early"
"pDC","ILC2/3","CD99","CD99",0.0950574175860632,0,"CD99_CD99","CD99 - CD99","CD99","Cell-Cell Contact","KEGG: hsa04514","PBMC_Early"
"Pro-B","ILC2/3","CD99","CD99",0.133506695547328,0,"CD99_CD99","CD99 - CD99","CD99","Cell-Cell Contact","KEGG: hsa04514","PBMC_Early"
"Tem","ILC2/3","CD99","CD99",0.0817990811257419,0,"CD99_CD99","CD99 - CD99","CD99","Cell-Cell Contact","KEGG: hsa04514","PBMC_Early"
"Th17like_INNATE_T","ILC2/3","CD99","CD99",0.078627308881082,0,"CD99_CD99","CD99 - CD99","CD99","Cell-Cell Contact","KEGG: hsa04514","PBMC_Early"
"Treg","ILC2/3","CD99","CD99",0.0585521676908741,0,"CD99_CD99","CD99 - CD99","CD99","Cell-Cell Contact","KEGG: hsa04514","PBMC_Early"
"CD14+PPBP+ Monocytes","Megakaryocytes","CD99","CD99",0.113609571721739,0,"CD99_CD99","CD99 - CD99","CD99","Cell-Cell Contact","KEGG: hsa04514","PBMC_Early"
"CD56highCD16low NK","Megakaryocytes","CD99","CD99",0.0174224001588013,0,"CD99_CD99","CD99 - CD99","CD99","Cell-Cell Contact","KEGG: hsa04514","PBMC_Early"
"Classical Monocytes","Megakaryocytes","CD99","CD99",0.0267600402077255,0,"CD99_CD99","CD99 - CD99","CD99","Cell-Cell Contact","KEGG: hsa04514","PBMC_Early"
"CX3CR1+ NK","Megakaryocytes","CD99","CD99",0.127223710677981,0,"CD99_CD99","CD99 - CD99","CD99","Cell-Cell Contact","KEGG: hsa04514","PBMC_Early"
"CXCR5+ Naïve B","Megakaryocytes","CD99","CD99",0.0182552721688747,0,"CD99_CD99","CD99 - CD99","CD99","Cell-Cell Contact","KEGG: hsa04514","PBMC_Early"
"CXCR6+ NK","Megakaryocytes","CD99","CD99",0.127054183557271,0,"CD99_CD99","CD99 - CD99","CD99","Cell-Cell Contact","KEGG: hsa04514","PBMC_Early"
"DC2","Megakaryocytes","CD99","CD99",0.0896035962862501,0,"CD99_CD99","CD99 - CD99","CD99","Cell-Cell Contact","KEGG: hsa04514","PBMC_Early"
"Gamma Delta V1 T","Megakaryocytes","CD99","CD99",0.0853248445932357,0,"CD99_CD99","CD99 - CD99","CD99","Cell-Cell Contact","KEGG: hsa04514","PBMC_Early"
"Gamma Delta V2 T","Megakaryocytes","CD99","CD99",0.111339052307332,0,"CD99_CD99","CD99 - CD99","CD99","Cell-Cell Contact","KEGG: hsa04514","PBMC_Early"
"HSC_MPP","Megakaryocytes","CD99","CD99",0.133877889563082,0,"CD99_CD99","CD99 - CD99","CD99","Cell-Cell Contact","KEGG: hsa04514","PBMC_Early"
"ILC2/3","Megakaryocytes","CD99","CD99",0.0791406080728707,0,"CD99_CD99","CD99 - CD99","CD99","Cell-Cell Contact","KEGG: hsa04514","PBMC_Early"
"Megakaryocytes","Megakaryocytes","CD99","CD99",0.107001702269112,0,"CD99_CD99","CD99 - CD99","CD99","Cell-Cell Contact","KEGG: hsa04514","PBMC_Early"
"MEMP","Megakaryocytes","CD99","CD99",0.0589230542275709,0,"CD99_CD99","CD99 - CD99","CD99","Cell-Cell Contact","KEGG: hsa04514","PBMC_Early"
"MEP","Megakaryocytes","CD99","CD99",0.0137722312868526,0,"CD99_CD99","CD99 - CD99","CD99","Cell-Cell Contact","KEGG: hsa04514","PBMC_Early"
"Naïve CD4 T","Megakaryocytes","CD99","CD99",0.0568878687180152,0,"CD99_CD99","CD99 - CD99","CD99","Cell-Cell Contact","KEGG: hsa04514","PBMC_Early"
"Naïve CD8 T","Megakaryocytes","CD99","CD99",0.0520953335349501,0,"CD99_CD99","CD99 - CD99","CD99","Cell-Cell Contact","KEGG: hsa04514","PBMC_Early"
"NK T","Megakaryocytes","CD99","CD99",0.108919116237597,0,"CD99_CD99","CD99 - CD99","CD99","Cell-Cell Contact","KEGG: hsa04514","PBMC_Early"
"pDC","Megakaryocytes","CD99","CD99",0.127744625141196,0,"CD99_CD99","CD99 - CD99","CD99","Cell-Cell Contact","KEGG: hsa04514","PBMC_Early"
"Pro-B","Megakaryocytes","CD99","CD99",0.17683181590129,0,"CD99_CD99","CD99 - CD99","CD99","Cell-Cell Contact","KEGG: hsa04514","PBMC_Early"
"Tem","Megakaryocytes","CD99","CD99",0.110483790011065,0,"CD99_CD99","CD99 - CD99","CD99","Cell-Cell Contact","KEGG: hsa04514","PBMC_Early"
"Th17like_INNATE_T","Megakaryocytes","CD99","CD99",0.106328563776799,0,"CD99_CD99","CD99 - CD99","CD99","Cell-Cell Contact","KEGG: hsa04514","PBMC_Early"
"Treg","Megakaryocytes","CD99","CD99",0.0797932454818939,0,"CD99_CD99","CD99 - CD99","CD99","Cell-Cell Contact","KEGG: hsa04514","PBMC_Early"
"CD14+PPBP+ Monocytes","MEMP","CD99","CD99",0.0627705388413396,0,"CD99_CD99","CD99 - CD99","CD99","Cell-Cell Contact","KEGG: hsa04514","PBMC_Early"
"CD56highCD16low NK","MEMP","CD99","CD99",0.00918027789189194,0,"CD99_CD99","CD99 - CD99","CD99","Cell-Cell Contact","KEGG: hsa04514","PBMC_Early"
"Classical Monocytes","MEMP","CD99","CD99",0.0141641814878387,0,"CD99_CD99","CD99 - CD99","CD99","Cell-Cell Contact","KEGG: hsa04514","PBMC_Early"
"CX3CR1+ NK","MEMP","CD99","CD99",0.070778965563001,0,"CD99_CD99","CD99 - CD99","CD99","Cell-Cell Contact","KEGG: hsa04514","PBMC_Early"
"CXCR5+ Naïve B","MEMP","CD99","CD99",0.0096229968096738,0,"CD99_CD99","CD99 - CD99","CD99","Cell-Cell Contact","KEGG: hsa04514","PBMC_Early"
"CXCR6+ NK","MEMP","CD99","CD99",0.0706785608712787,0,"CD99_CD99","CD99 - CD99","CD99","Cell-Cell Contact","KEGG: hsa04514","PBMC_Early"
"DC2","MEMP","CD99","CD99",0.0489141688993032,0,"CD99_CD99","CD99 - CD99","CD99","Cell-Cell Contact","KEGG: hsa04514","PBMC_Early"
"Gamma Delta V1 T","MEMP","CD99","CD99",0.04647922140548,0,"CD99_CD99","CD99 - CD99","CD99","Cell-Cell Contact","KEGG: hsa04514","PBMC_Early"
"Gamma Delta V2 T","MEMP","CD99","CD99",0.0614456193185691,0,"CD99_CD99","CD99 - CD99","CD99","Cell-Cell Contact","KEGG: hsa04514","PBMC_Early"
"HSC_MPP","MEMP","CD99","CD99",0.0747337083256743,0,"CD99_CD99","CD99 - CD99","CD99","Cell-Cell Contact","KEGG: hsa04514","PBMC_Early"
"ILC2/3","MEMP","CD99","CD99",0.0429781743329255,0,"CD99_CD99","CD99 - CD99","CD99","Cell-Cell Contact","KEGG: hsa04514","PBMC_Early"
"Megakaryocytes","MEMP","CD99","CD99",0.0589230542275709,0,"CD99_CD99","CD99 - CD99","CD99","Cell-Cell Contact","KEGG: hsa04514","PBMC_Early"
"MEMP","MEMP","CD99","CD99",0.0316809821729129,0,"CD99_CD99","CD99 - CD99","CD99","Cell-Cell Contact","KEGG: hsa04514","PBMC_Early"
"MEP","MEMP","CD99","CD99",0.00724418579061518,0,"CD99_CD99","CD99 - CD99","CD99","Cell-Cell Contact","KEGG: hsa04514","PBMC_Early"
"Naïve CD4 T","MEMP","CD99","CD99",0.030556178554563,0,"CD99_CD99","CD99 - CD99","CD99","Cell-Cell Contact","KEGG: hsa04514","PBMC_Early"
"Naïve CD8 T","MEMP","CD99","CD99",0.0279163016016283,0,"CD99_CD99","CD99 - CD99","CD99","Cell-Cell Contact","KEGG: hsa04514","PBMC_Early"
"NK T","MEMP","CD99","CD99",0.060036846378127,0,"CD99_CD99","CD99 - CD99","CD99","Cell-Cell Contact","KEGG: hsa04514","PBMC_Early"
"pDC","MEMP","CD99","CD99",0.0710875923930844,0,"CD99_CD99","CD99 - CD99","CD99","Cell-Cell Contact","KEGG: hsa04514","PBMC_Early"
"Pro-B","MEMP","CD99","CD99",0.100922713003204,0,"CD99_CD99","CD99 - CD99","CD99","Cell-Cell Contact","KEGG: hsa04514","PBMC_Early"
"Tem","MEMP","CD99","CD99",0.0609473331686439,0,"CD99_CD99","CD99 - CD99","CD99","Cell-Cell Contact","KEGG: hsa04514","PBMC_Early"
"Th17like_INNATE_T","MEMP","CD99","CD99",0.0585325493871068,0,"CD99_CD99","CD99 - CD99","CD99","Cell-Cell Contact","KEGG: hsa04514","PBMC_Early"
"Treg","MEMP","CD99","CD99",0.0433466338100181,0,"CD99_CD99","CD99 - CD99","CD99","Cell-Cell Contact","KEGG: hsa04514","PBMC_Early"
"CD14+PPBP+ Monocytes","MEP","CD99","CD99",0.0147176206971962,0,"CD99_CD99","CD99 - CD99","CD99","Cell-Cell Contact","KEGG: hsa04514","PBMC_Early"
"CX3CR1+ NK","MEP","CD99","CD99",0.0167046026816025,0,"CD99_CD99","CD99 - CD99","CD99","Cell-Cell Contact","KEGG: hsa04514","PBMC_Early"
"CXCR6+ NK","MEP","CD99","CD99",0.0166795291752925,0,"CD99_CD99","CD99 - CD99","CD99","Cell-Cell Contact","KEGG: hsa04514","PBMC_Early"
"DC2","MEP","CD99","CD99",0.0113404089508381,0,"CD99_CD99","CD99 - CD99","CD99","Cell-Cell Contact","KEGG: hsa04514","PBMC_Early"
"Gamma Delta V1 T","MEP","CD99","CD99",0.0107547329104284,0.02,"CD99_CD99","CD99 - CD99","CD99","Cell-Cell Contact","KEGG: hsa04514","PBMC_Early"
"Gamma Delta V2 T","MEP","CD99","CD99",0.0143913964079491,0,"CD99_CD99","CD99 - CD99","CD99","Cell-Cell Contact","KEGG: hsa04514","PBMC_Early"
"HSC_MPP","MEP","CD99","CD99",0.0176955020947562,0,"CD99_CD99","CD99 - CD99","CD99","Cell-Cell Contact","KEGG: hsa04514","PBMC_Early"
"ILC2/3","MEP","CD99","CD99",0.00991664678453256,0.01,"CD99_CD99","CD99 - CD99","CD99","Cell-Cell Contact","KEGG: hsa04514","PBMC_Early"
"Megakaryocytes","MEP","CD99","CD99",0.0137722312868526,0,"CD99_CD99","CD99 - CD99","CD99","Cell-Cell Contact","KEGG: hsa04514","PBMC_Early"
"MEMP","MEP","CD99","CD99",0.00724418579061518,0,"CD99_CD99","CD99 - CD99","CD99","Cell-Cell Contact","KEGG: hsa04514","PBMC_Early"
"Naïve CD4 T","MEP","CD99","CD99",0.00698073307743781,0,"CD99_CD99","CD99 - CD99","CD99","Cell-Cell Contact","KEGG: hsa04514","PBMC_Early"
"Naïve CD8 T","MEP","CD99","CD99",0.00636426695025838,0,"CD99_CD99","CD99 - CD99","CD99","Cell-Cell Contact","KEGG: hsa04514","PBMC_Early"
"NK T","MEP","CD99","CD99",0.0140452983647766,0,"CD99_CD99","CD99 - CD99","CD99","Cell-Cell Contact","KEGG: hsa04514","PBMC_Early"
"pDC","MEP","CD99","CD99",0.0167817002723337,0,"CD99_CD99","CD99 - CD99","CD99","Cell-Cell Contact","KEGG: hsa04514","PBMC_Early"
"Pro-B","MEP","CD99","CD99",0.0244241740303237,0,"CD99_CD99","CD99 - CD99","CD99","Cell-Cell Contact","KEGG: hsa04514","PBMC_Early"
"Tem","MEP","CD99","CD99",0.0142688898496743,0,"CD99_CD99","CD99 - CD99","CD99","Cell-Cell Contact","KEGG: hsa04514","PBMC_Early"
"Th17like_INNATE_T","MEP","CD99","CD99",0.0136766089171884,0,"CD99_CD99","CD99 - CD99","CD99","Cell-Cell Contact","KEGG: hsa04514","PBMC_Early"
"Treg","MEP","CD99","CD99",0.0100046270308764,0,"CD99_CD99","CD99 - CD99","CD99","Cell-Cell Contact","KEGG: hsa04514","PBMC_Early"
"CD14+PPBP+ Monocytes","Naïve CD4 T","CD99","CD99",0.0606110212910919,0,"CD99_CD99","CD99 - CD99","CD99","Cell-Cell Contact","KEGG: hsa04514","PBMC_Early"
"CD56highCD16low NK","Naïve CD4 T","CD99","CD99",0.00884704187887876,0,"CD99_CD99","CD99 - CD99","CD99","Cell-Cell Contact","KEGG: hsa04514","PBMC_Early"
"Classical Monocytes","Naïve CD4 T","CD99","CD99",0.0136525269389087,0,"CD99_CD99","CD99 - CD99","CD99","Cell-Cell Contact","KEGG: hsa04514","PBMC_Early"
"CX3CR1+ NK","Naïve CD4 T","CD99","CD99",0.0683640281454974,0,"CD99_CD99","CD99 - CD99","CD99","Cell-Cell Contact","KEGG: hsa04514","PBMC_Early"
"CXCR5+ Naïve B","Naïve CD4 T","CD99","CD99",0.00927384090365474,0,"CD99_CD99","CD99 - CD99","CD99","Cell-Cell Contact","KEGG: hsa04514","PBMC_Early"
"CXCR6+ NK","Naïve CD4 T","CD99","CD99",0.0682667975253217,0,"CD99_CD99","CD99 - CD99","CD99","Cell-Cell Contact","KEGG: hsa04514","PBMC_Early"
"DC2","Naïve CD4 T","CD99","CD99",0.0472073458480651,0,"CD99_CD99","CD99 - CD99","CD99","Cell-Cell Contact","KEGG: hsa04514","PBMC_Early"
"Gamma Delta V1 T","Naïve CD4 T","CD99","CD99",0.0448533570177971,0,"CD99_CD99","CD99 - CD99","CD99","Cell-Cell Contact","KEGG: hsa04514","PBMC_Early"
"Gamma Delta V2 T","Naïve CD4 T","CD99","CD99",0.0593287980274691,0,"CD99_CD99","CD99 - CD99","CD99","Cell-Cell Contact","KEGG: hsa04514","PBMC_Early"
"HSC_MPP","Naïve CD4 T","CD99","CD99",0.0721943208120522,0,"CD99_CD99","CD99 - CD99","CD99","Cell-Cell Contact","KEGG: hsa04514","PBMC_Early"
"ILC2/3","Naïve CD4 T","CD99","CD99",0.0414694519203202,0,"CD99_CD99","CD99 - CD99","CD99","Cell-Cell Contact","KEGG: hsa04514","PBMC_Early"
"Megakaryocytes","Naïve CD4 T","CD99","CD99",0.0568878687180152,0,"CD99_CD99","CD99 - CD99","CD99","Cell-Cell Contact","KEGG: hsa04514","PBMC_Early"
"MEMP","Naïve CD4 T","CD99","CD99",0.030556178554563,0,"CD99_CD99","CD99 - CD99","CD99","Cell-Cell Contact","KEGG: hsa04514","PBMC_Early"
"MEP","Naïve CD4 T","CD99","CD99",0.00698073307743781,0,"CD99_CD99","CD99 - CD99","CD99","Cell-Cell Contact","KEGG: hsa04514","PBMC_Early"
"Naïve CD4 T","Naïve CD4 T","CD99","CD99",0.0294700946397474,0,"CD99_CD99","CD99 - CD99","CD99","Cell-Cell Contact","KEGG: hsa04514","PBMC_Early"
"Naïve CD8 T","Naïve CD4 T","CD99","CD99",0.0269214433544218,0,"CD99_CD99","CD99 - CD99","CD99","Cell-Cell Contact","KEGG: hsa04514","PBMC_Early"
"NK T","Naïve CD4 T","CD99","CD99",0.0579655603654801,0,"CD99_CD99","CD99 - CD99","CD99","Cell-Cell Contact","KEGG: hsa04514","PBMC_Early"
"pDC","Naïve CD4 T","CD99","CD99",0.0686629029119091,0,"CD99_CD99","CD99 - CD99","CD99","Cell-Cell Contact","KEGG: hsa04514","PBMC_Early"
"Pro-B","Naïve CD4 T","CD99","CD99",0.0975873006291784,0,"CD99_CD99","CD99 - CD99","CD99","Cell-Cell Contact","KEGG: hsa04514","PBMC_Early"
"Tem","Naïve CD4 T","CD99","CD99",0.0588466016934946,0,"CD99_CD99","CD99 - CD99","CD99","Cell-Cell Contact","KEGG: hsa04514","PBMC_Early"
"Th17like_INNATE_T","Naïve CD4 T","CD99","CD99",0.0565100418769001,0,"CD99_CD99","CD99 - CD99","CD99","Cell-Cell Contact","KEGG: hsa04514","PBMC_Early"
"Treg","Naïve CD4 T","CD99","CD99",0.0418255421431852,0,"CD99_CD99","CD99 - CD99","CD99","Cell-Cell Contact","KEGG: hsa04514","PBMC_Early"
"CD14+PPBP+ Monocytes","Naïve CD8 T","CD99","CD99",0.0555232938380139,0,"CD99_CD99","CD99 - CD99","CD99","Cell-Cell Contact","KEGG: hsa04514","PBMC_Early"
"CD56highCD16low NK","Naïve CD8 T","CD99","CD99",0.00806710157647882,0,"CD99_CD99","CD99 - CD99","CD99","Cell-Cell Contact","KEGG: hsa04514","PBMC_Early"
"Classical Monocytes","Naïve CD8 T","CD99","CD99",0.0124542664358656,0,"CD99_CD99","CD99 - CD99","CD99","Cell-Cell Contact","KEGG: hsa04514","PBMC_Early"
"CX3CR1+ NK","Naïve CD8 T","CD99","CD99",0.0626689243322185,0,"CD99_CD99","CD99 - CD99","CD99","Cell-Cell Contact","KEGG: hsa04514","PBMC_Early"
"CXCR5+ Naïve B","Naïve CD8 T","CD99","CD99",0.00845659574552106,0,"CD99_CD99","CD99 - CD99","CD99","Cell-Cell Contact","KEGG: hsa04514","PBMC_Early"
"CXCR6+ NK","Naïve CD8 T","CD99","CD99",0.0625792494855493,0,"CD99_CD99","CD99 - CD99","CD99","Cell-Cell Contact","KEGG: hsa04514","PBMC_Early"
"DC2","Naïve CD8 T","CD99","CD99",0.0431929988192445,0,"CD99_CD99","CD99 - CD99","CD99","Cell-Cell Contact","KEGG: hsa04514","PBMC_Early"
"Gamma Delta V1 T","Naïve CD8 T","CD99","CD99",0.0410305647090177,0,"CD99_CD99","CD99 - CD99","CD99","Cell-Cell Contact","KEGG: hsa04514","PBMC_Early"
"Gamma Delta V2 T","Naïve CD8 T","CD99","CD99",0.0543424749088015,0,"CD99_CD99","CD99 - CD99","CD99","Cell-Cell Contact","KEGG: hsa04514","PBMC_Early"
"HSC_MPP","Naïve CD8 T","CD99","CD99",0.0662028067301312,0,"CD99_CD99","CD99 - CD99","CD99","Cell-Cell Contact","KEGG: hsa04514","PBMC_Early"
"ILC2/3","Naïve CD8 T","CD99","CD99",0.0379236143637346,0,"CD99_CD99","CD99 - CD99","CD99","Cell-Cell Contact","KEGG: hsa04514","PBMC_Early"
"Megakaryocytes","Naïve CD8 T","CD99","CD99",0.0520953335349501,0,"CD99_CD99","CD99 - CD99","CD99","Cell-Cell Contact","KEGG: hsa04514","PBMC_Early"
"MEMP","Naïve CD8 T","CD99","CD99",0.0279163016016283,0,"CD99_CD99","CD99 - CD99","CD99","Cell-Cell Contact","KEGG: hsa04514","PBMC_Early"
"MEP","Naïve CD8 T","CD99","CD99",0.00636426695025838,0,"CD99_CD99","CD99 - CD99","CD99","Cell-Cell Contact","KEGG: hsa04514","PBMC_Early"
"Naïve CD4 T","Naïve CD8 T","CD99","CD99",0.0269214433544218,0,"CD99_CD99","CD99 - CD99","CD99","Cell-Cell Contact","KEGG: hsa04514","PBMC_Early"
"Naïve CD8 T","Naïve CD8 T","CD99","CD99",0.024587622115398,0,"CD99_CD99","CD99 - CD99","CD99","Cell-Cell Contact","KEGG: hsa04514","PBMC_Early"
"NK T","Naïve CD8 T","CD99","CD99",0.05308734528587,0,"CD99_CD99","CD99 - CD99","CD99","Cell-Cell Contact","KEGG: hsa04514","PBMC_Early"
"pDC","Naïve CD8 T","CD99","CD99",0.062944583359355,0,"CD99_CD99","CD99 - CD99","CD99","Cell-Cell Contact","KEGG: hsa04514","PBMC_Early"
"Pro-B","Naïve CD8 T","CD99","CD99",0.0896921104272143,0,"CD99_CD99","CD99 - CD99","CD99","Cell-Cell Contact","KEGG: hsa04514","PBMC_Early"
"Tem","Naïve CD8 T","CD99","CD99",0.0538984829628601,0,"CD99_CD99","CD99 - CD99","CD99","Cell-Cell Contact","KEGG: hsa04514","PBMC_Early"
"Th17like_INNATE_T","Naïve CD8 T","CD99","CD99",0.0517475903402821,0,"CD99_CD99","CD99 - CD99","CD99","Cell-Cell Contact","KEGG: hsa04514","PBMC_Early"
"Treg","Naïve CD8 T","CD99","CD99",0.0382504721746045,0,"CD99_CD99","CD99 - CD99","CD99","Cell-Cell Contact","KEGG: hsa04514","PBMC_Early"
"CD14+PPBP+ Monocytes","NK T","CD99","CD99",0.115630062937895,0,"CD99_CD99","CD99 - CD99","CD99","Cell-Cell Contact","KEGG: hsa04514","PBMC_Early"
"CD56highCD16low NK","NK T","CD99","CD99",0.0177665366952314,0,"CD99_CD99","CD99 - CD99","CD99","Cell-Cell Contact","KEGG: hsa04514","PBMC_Early"
"Classical Monocytes","NK T","CD99","CD99",0.0272834973366103,0,"CD99_CD99","CD99 - CD99","CD99","Cell-Cell Contact","KEGG: hsa04514","PBMC_Early"
"CX3CR1+ NK","NK T","CD99","CD99",0.129450962746871,0,"CD99_CD99","CD99 - CD99","CD99","Cell-Cell Contact","KEGG: hsa04514","PBMC_Early"
"CXCR5+ Naïve B","NK T","CD99","CD99",0.0186155483564876,0,"CD99_CD99","CD99 - CD99","CD99","Cell-Cell Contact","KEGG: hsa04514","PBMC_Early"
"CXCR6+ NK","NK T","CD99","CD99",0.129278907393701,0,"CD99_CD99","CD99 - CD99","CD99","Cell-Cell Contact","KEGG: hsa04514","PBMC_Early"
"DC2","NK T","CD99","CD99",0.0912410996137263,0,"CD99_CD99","CD99 - CD99","CD99","Cell-Cell Contact","KEGG: hsa04514","PBMC_Early"
"Gamma Delta V1 T","NK T","CD99","CD99",0.0868916169808538,0,"CD99_CD99","CD99 - CD99","CD99","Cell-Cell Contact","KEGG: hsa04514","PBMC_Early"
"Gamma Delta V2 T","NK T","CD99","CD99",0.11332432599807,0,"CD99_CD99","CD99 - CD99","CD99","Cell-Cell Contact","KEGG: hsa04514","PBMC_Early"
"HSC_MPP","NK T","CD99","CD99",0.136203454087469,0,"CD99_CD99","CD99 - CD99","CD99","Cell-Cell Contact","KEGG: hsa04514","PBMC_Early"
"ILC2/3","NK T","CD99","CD99",0.0806038298169446,0,"CD99_CD99","CD99 - CD99","CD99","Cell-Cell Contact","KEGG: hsa04514","PBMC_Early"
"Megakaryocytes","NK T","CD99","CD99",0.108919116237597,0,"CD99_CD99","CD99 - CD99","CD99","Cell-Cell Contact","KEGG: hsa04514","PBMC_Early"
"MEMP","NK T","CD99","CD99",0.060036846378127,0,"CD99_CD99","CD99 - CD99","CD99","Cell-Cell Contact","KEGG: hsa04514","PBMC_Early"
"MEP","NK T","CD99","CD99",0.0140452983647766,0,"CD99_CD99","CD99 - CD99","CD99","Cell-Cell Contact","KEGG: hsa04514","PBMC_Early"
"Naïve CD4 T","NK T","CD99","CD99",0.0579655603654801,0,"CD99_CD99","CD99 - CD99","CD99","Cell-Cell Contact","KEGG: hsa04514","PBMC_Early"
"Naïve CD8 T","NK T","CD99","CD99",0.05308734528587,0,"CD99_CD99","CD99 - CD99","CD99","Cell-Cell Contact","KEGG: hsa04514","PBMC_Early"
"NK T","NK T","CD99","CD99",0.110866623541789,0,"CD99_CD99","CD99 - CD99","CD99","Cell-Cell Contact","KEGG: hsa04514","PBMC_Early"
"pDC","NK T","CD99","CD99",0.129979638514651,0,"CD99_CD99","CD99 - CD99","CD99","Cell-Cell Contact","KEGG: hsa04514","PBMC_Early"
"Pro-B","NK T","CD99","CD99",0.179748674798163,0,"CD99_CD99","CD99 - CD99","CD99","Cell-Cell Contact","KEGG: hsa04514","PBMC_Early"
"Tem","NK T","CD99","CD99",0.112455743443442,0,"CD99_CD99","CD99 - CD99","CD99","Cell-Cell Contact","KEGG: hsa04514","PBMC_Early"
"Th17like_INNATE_T","NK T","CD99","CD99",0.108235377462055,0,"CD99_CD99","CD99 - CD99","CD99","Cell-Cell Contact","KEGG: hsa04514","PBMC_Early"
"Treg","NK T","CD99","CD99",0.0812674688717369,0,"CD99_CD99","CD99 - CD99","CD99","Cell-Cell Contact","KEGG: hsa04514","PBMC_Early"
"CD14+PPBP+ Monocytes","pDC","CD99","CD99",0.135439186955879,0,"CD99_CD99","CD99 - CD99","CD99","Cell-Cell Contact","KEGG: hsa04514","PBMC_Early"
"CD56highCD16low NK","pDC","CD99","CD99",0.0212123379560326,0,"CD99_CD99","CD99 - CD99","CD99","Cell-Cell Contact","KEGG: hsa04514","PBMC_Early"
"Classical Monocytes","pDC","CD99","CD99",0.032514003154999,0,"CD99_CD99","CD99 - CD99","CD99","Cell-Cell Contact","KEGG: hsa04514","PBMC_Early"
"CX3CR1+ NK","pDC","CD99","CD99",0.151222940399629,0,"CD99_CD99","CD99 - CD99","CD99","Cell-Cell Contact","KEGG: hsa04514","PBMC_Early"
"CXCR5+ Naïve B","pDC","CD99","CD99",0.0222222891240371,0,"CD99_CD99","CD99 - CD99","CD99","Cell-Cell Contact","KEGG: hsa04514","PBMC_Early"
"CXCR6+ NK","pDC","CD99","CD99",0.151026967773261,0,"CD99_CD99","CD99 - CD99","CD99","Cell-Cell Contact","KEGG: hsa04514","PBMC_Early"
"DC2","pDC","CD99","CD99",0.107379348286185,0,"CD99_CD99","CD99 - CD99","CD99","Cell-Cell Contact","KEGG: hsa04514","PBMC_Early"
"Gamma Delta V1 T","pDC","CD99","CD99",0.102347194361928,0,"CD99_CD99","CD99 - CD99","CD99","Cell-Cell Contact","KEGG: hsa04514","PBMC_Early"
"Gamma Delta V2 T","pDC","CD99","CD99",0.132797758016589,0,"CD99_CD99","CD99 - CD99","CD99","Cell-Cell Contact","KEGG: hsa04514","PBMC_Early"
"HSC_MPP","pDC","CD99","CD99",0.158903814207299,0,"CD99_CD99","CD99 - CD99","CD99","Cell-Cell Contact","KEGG: hsa04514","PBMC_Early"
"ILC2/3","pDC","CD99","CD99",0.0950574175860632,0,"CD99_CD99","CD99 - CD99","CD99","Cell-Cell Contact","KEGG: hsa04514","PBMC_Early"
"Megakaryocytes","pDC","CD99","CD99",0.127744625141196,0,"CD99_CD99","CD99 - CD99","CD99","Cell-Cell Contact","KEGG: hsa04514","PBMC_Early"
"MEMP","pDC","CD99","CD99",0.0710875923930844,0,"CD99_CD99","CD99 - CD99","CD99","Cell-Cell Contact","KEGG: hsa04514","PBMC_Early"
"MEP","pDC","CD99","CD99",0.0167817002723337,0,"CD99_CD99","CD99 - CD99","CD99","Cell-Cell Contact","KEGG: hsa04514","PBMC_Early"
"Naïve CD4 T","pDC","CD99","CD99",0.0686629029119091,0,"CD99_CD99","CD99 - CD99","CD99","Cell-Cell Contact","KEGG: hsa04514","PBMC_Early"
"Naïve CD8 T","pDC","CD99","CD99",0.062944583359355,0,"CD99_CD99","CD99 - CD99","CD99","Cell-Cell Contact","KEGG: hsa04514","PBMC_Early"
"NK T","pDC","CD99","CD99",0.129979638514651,0,"CD99_CD99","CD99 - CD99","CD99","Cell-Cell Contact","KEGG: hsa04514","PBMC_Early"
"pDC","pDC","CD99","CD99",0.151825025438989,0,"CD99_CD99","CD99 - CD99","CD99","Cell-Cell Contact","KEGG: hsa04514","PBMC_Early"
"Pro-B","pDC","CD99","CD99",0.207959265322853,0,"CD99_CD99","CD99 - CD99","CD99","Cell-Cell Contact","KEGG: hsa04514","PBMC_Early"
"Tem","pDC","CD99","CD99",0.131802106383239,0,"CD99_CD99","CD99 - CD99","CD99","Cell-Cell Contact","KEGG: hsa04514","PBMC_Early"
"Th17like_INNATE_T","pDC","CD99","CD99",0.126959547036257,0,"CD99_CD99","CD99 - CD99","CD99","Cell-Cell Contact","KEGG: hsa04514","PBMC_Early"
"Treg","pDC","CD99","CD99",0.0958276546191095,0,"CD99_CD99","CD99 - CD99","CD99","Cell-Cell Contact","KEGG: hsa04514","PBMC_Early"
"CD14+PPBP+ Monocytes","Pro-B","CD99","CD99",0.186849721425907,0,"CD99_CD99","CD99 - CD99","CD99","Cell-Cell Contact","KEGG: hsa04514","PBMC_Early"
"CD56highCD16low NK","Pro-B","CD99","CD99",0.0308093211023092,0,"CD99_CD99","CD99 - CD99","CD99","Cell-Cell Contact","KEGG: hsa04514","PBMC_Early"
"Classical Monocytes","Pro-B","CD99","CD99",0.0469787223244829,0,"CD99_CD99","CD99 - CD99","CD99","Cell-Cell Contact","KEGG: hsa04514","PBMC_Early"
"CX3CR1+ NK","Pro-B","CD99","CD99",0.207188949516015,0,"CD99_CD99","CD99 - CD99","CD99","Cell-Cell Contact","KEGG: hsa04514","PBMC_Early"
"CXCR5+ Naïve B","Pro-B","CD99","CD99",0.0322611385620119,0,"CD99_CD99","CD99 - CD99","CD99","Cell-Cell Contact","KEGG: hsa04514","PBMC_Early"
"CXCR6+ NK","Pro-B","CD99","CD99",0.206938132211291,0,"CD99_CD99","CD99 - CD99","CD99","Cell-Cell Contact","KEGG: hsa04514","PBMC_Early"
"DC2","Pro-B","CD99","CD99",0.149986598111606,0,"CD99_CD99","CD99 - CD99","CD99","Cell-Cell Contact","KEGG: hsa04514","PBMC_Early"
"Gamma Delta V1 T","Pro-B","CD99","CD99",0.143278227939518,0,"CD99_CD99","CD99 - CD99","CD99","Cell-Cell Contact","KEGG: hsa04514","PBMC_Early"
"Gamma Delta V2 T","Pro-B","CD99","CD99",0.183418361566519,0,"CD99_CD99","CD99 - CD99","CD99","Cell-Cell Contact","KEGG: hsa04514","PBMC_Early"
"HSC_MPP","Pro-B","CD99","CD99",0.216985733933679,0,"CD99_CD99","CD99 - CD99","CD99","Cell-Cell Contact","KEGG: hsa04514","PBMC_Early"
"ILC2/3","Pro-B","CD99","CD99",0.133506695547328,0,"CD99_CD99","CD99 - CD99","CD99","Cell-Cell Contact","KEGG: hsa04514","PBMC_Early"
"Megakaryocytes","Pro-B","CD99","CD99",0.17683181590129,0,"CD99_CD99","CD99 - CD99","CD99","Cell-Cell Contact","KEGG: hsa04514","PBMC_Early"
"MEMP","Pro-B","CD99","CD99",0.100922713003204,0,"CD99_CD99","CD99 - CD99","CD99","Cell-Cell Contact","KEGG: hsa04514","PBMC_Early"
"MEP","Pro-B","CD99","CD99",0.0244241740303237,0,"CD99_CD99","CD99 - CD99","CD99","Cell-Cell Contact","KEGG: hsa04514","PBMC_Early"
"Naïve CD4 T","Pro-B","CD99","CD99",0.0975873006291784,0,"CD99_CD99","CD99 - CD99","CD99","Cell-Cell Contact","KEGG: hsa04514","PBMC_Early"
"Naïve CD8 T","Pro-B","CD99","CD99",0.0896921104272143,0,"CD99_CD99","CD99 - CD99","CD99","Cell-Cell Contact","KEGG: hsa04514","PBMC_Early"
"NK T","Pro-B","CD99","CD99",0.179748674798163,0,"CD99_CD99","CD99 - CD99","CD99","Cell-Cell Contact","KEGG: hsa04514","PBMC_Early"
"pDC","Pro-B","CD99","CD99",0.207959265322853,0,"CD99_CD99","CD99 - CD99","CD99","Cell-Cell Contact","KEGG: hsa04514","PBMC_Early"
"Pro-B","Pro-B","CD99","CD99",0.278044373143544,0,"CD99_CD99","CD99 - CD99","CD99","Cell-Cell Contact","KEGG: hsa04514","PBMC_Early"
"Tem","Pro-B","CD99","CD99",0.18212288725826,0,"CD99_CD99","CD99 - CD99","CD99","Cell-Cell Contact","KEGG: hsa04514","PBMC_Early"
"Th17like_INNATE_T","Pro-B","CD99","CD99",0.175805866866481,0,"CD99_CD99","CD99 - CD99","CD99","Cell-Cell Contact","KEGG: hsa04514","PBMC_Early"
"Treg","Pro-B","CD99","CD99",0.134542162222325,0,"CD99_CD99","CD99 - CD99","CD99","Cell-Cell Contact","KEGG: hsa04514","PBMC_Early"
"CD14+PPBP+ Monocytes","Tem","CD99","CD99",0.117278454248967,0,"CD99_CD99","CD99 - CD99","CD99","Cell-Cell Contact","KEGG: hsa04514","PBMC_Early"
"CD56highCD16low NK","Tem","CD99","CD99",0.0180482833306236,0,"CD99_CD99","CD99 - CD99","CD99","Cell-Cell Contact","KEGG: hsa04514","PBMC_Early"
"Classical Monocytes","Tem","CD99","CD99",0.027711908553909,0,"CD99_CD99","CD99 - CD99","CD99","Cell-Cell Contact","KEGG: hsa04514","PBMC_Early"
"CX3CR1+ NK","Tem","CD99","CD99",0.131267136366263,0,"CD99_CD99","CD99 - CD99","CD99","Cell-Cell Contact","KEGG: hsa04514","PBMC_Early"
"CXCR5+ Naïve B","Tem","CD99","CD99",0.0189104996391266,0,"CD99_CD99","CD99 - CD99","CD99","Cell-Cell Contact","KEGG: hsa04514","PBMC_Early"
"CXCR6+ NK","Tem","CD99","CD99",0.131093030609429,0,"CD99_CD99","CD99 - CD99","CD99","Cell-Cell Contact","KEGG: hsa04514","PBMC_Early"
"DC2","Tem","CD99","CD99",0.0925782047111263,0,"CD99_CD99","CD99 - CD99","CD99","Cell-Cell Contact","KEGG: hsa04514","PBMC_Early"
"Gamma Delta V1 T","Tem","CD99","CD99",0.0881711662936662,0,"CD99_CD99","CD99 - CD99","CD99","Cell-Cell Contact","KEGG: hsa04514","PBMC_Early"
"Gamma Delta V2 T","Tem","CD99","CD99",0.114944119543967,0,"CD99_CD99","CD99 - CD99","CD99","Cell-Cell Contact","KEGG: hsa04514","PBMC_Early"
"HSC_MPP","Tem","CD99","CD99",0.138099335480955,0,"CD99_CD99","CD99 - CD99","CD99","Cell-Cell Contact","KEGG: hsa04514","PBMC_Early"
"ILC2/3","Tem","CD99","CD99",0.0817990811257419,0,"CD99_CD99","CD99 - CD99","CD99","Cell-Cell Contact","KEGG: hsa04514","PBMC_Early"
"Megakaryocytes","Tem","CD99","CD99",0.110483790011065,0,"CD99_CD99","CD99 - CD99","CD99","Cell-Cell Contact","KEGG: hsa04514","PBMC_Early"
"MEMP","Tem","CD99","CD99",0.0609473331686439,0,"CD99_CD99","CD99 - CD99","CD99","Cell-Cell Contact","KEGG: hsa04514","PBMC_Early"
"MEP","Tem","CD99","CD99",0.0142688898496743,0,"CD99_CD99","CD99 - CD99","CD99","Cell-Cell Contact","KEGG: hsa04514","PBMC_Early"
"Naïve CD4 T","Tem","CD99","CD99",0.0588466016934946,0,"CD99_CD99","CD99 - CD99","CD99","Cell-Cell Contact","KEGG: hsa04514","PBMC_Early"
"Naïve CD8 T","Tem","CD99","CD99",0.0538984829628601,0,"CD99_CD99","CD99 - CD99","CD99","Cell-Cell Contact","KEGG: hsa04514","PBMC_Early"
"NK T","Tem","CD99","CD99",0.112455743443442,0,"CD99_CD99","CD99 - CD99","CD99","Cell-Cell Contact","KEGG: hsa04514","PBMC_Early"
"pDC","Tem","CD99","CD99",0.131802106383239,0,"CD99_CD99","CD99 - CD99","CD99","Cell-Cell Contact","KEGG: hsa04514","PBMC_Early"
"Pro-B","Tem","CD99","CD99",0.18212288725826,0,"CD99_CD99","CD99 - CD99","CD99","Cell-Cell Contact","KEGG: hsa04514","PBMC_Early"
"Tem","Tem","CD99","CD99",0.114064719071224,0,"CD99_CD99","CD99 - CD99","CD99","Cell-Cell Contact","KEGG: hsa04514","PBMC_Early"
"Th17like_INNATE_T","Tem","CD99","CD99",0.109791439221383,0,"CD99_CD99","CD99 - CD99","CD99","Cell-Cell Contact","KEGG: hsa04514","PBMC_Early"
"Treg","Tem","CD99","CD99",0.082471678345867,0,"CD99_CD99","CD99 - CD99","CD99","Cell-Cell Contact","KEGG: hsa04514","PBMC_Early"
"CD14+PPBP+ Monocytes","Th17like_INNATE_T","CD99","CD99",0.112900119251439,0,"CD99_CD99","CD99 - CD99","CD99","Cell-Cell Contact","KEGG: hsa04514","PBMC_Early"
"CD56highCD16low NK","Th17like_INNATE_T","CD99","CD99",0.0173018788131963,0,"CD99_CD99","CD99 - CD99","CD99","Cell-Cell Contact","KEGG: hsa04514","PBMC_Early"
"Classical Monocytes","Th17like_INNATE_T","CD99","CD99",0.0265766718593394,0,"CD99_CD99","CD99 - CD99","CD99","Cell-Cell Contact","KEGG: hsa04514","PBMC_Early"
"CX3CR1+ NK","Th17like_INNATE_T","CD99","CD99",0.12644136988015,0,"CD99_CD99","CD99 - CD99","CD99","Cell-Cell Contact","KEGG: hsa04514","PBMC_Early"
"CXCR5+ Naïve B","Th17like_INNATE_T","CD99","CD99",0.0181290956431835,0,"CD99_CD99","CD99 - CD99","CD99","Cell-Cell Contact","KEGG: hsa04514","PBMC_Early"
"CXCR6+ NK","Th17like_INNATE_T","CD99","CD99",0.126272734412794,0,"CD99_CD99","CD99 - CD99","CD99","Cell-Cell Contact","KEGG: hsa04514","PBMC_Early"
"DC2","Th17like_INNATE_T","CD99","CD99",0.0890289959761016,0,"CD99_CD99","CD99 - CD99","CD99","Cell-Cell Contact","KEGG: hsa04514","PBMC_Early"
"Gamma Delta V1 T","Th17like_INNATE_T","CD99","CD99",0.0847751275754379,0,"CD99_CD99","CD99 - CD99","CD99","Cell-Cell Contact","KEGG: hsa04514","PBMC_Early"
"Gamma Delta V2 T","Th17like_INNATE_T","CD99","CD99",0.110642008627299,0,"CD99_CD99","CD99 - CD99","CD99","Cell-Cell Contact","KEGG: hsa04514","PBMC_Early"
"HSC_MPP","Th17like_INNATE_T","CD99","CD99",0.133060868363049,0,"CD99_CD99","CD99 - CD99","CD99","Cell-Cell Contact","KEGG: hsa04514","PBMC_Early"
"ILC2/3","Th17like_INNATE_T","CD99","CD99",0.078627308881082,0,"CD99_CD99","CD99 - CD99","CD99","Cell-Cell Contact","KEGG: hsa04514","PBMC_Early"
"Megakaryocytes","Th17like_INNATE_T","CD99","CD99",0.106328563776799,0,"CD99_CD99","CD99 - CD99","CD99","Cell-Cell Contact","KEGG: hsa04514","PBMC_Early"
"MEMP","Th17like_INNATE_T","CD99","CD99",0.0585325493871068,0,"CD99_CD99","CD99 - CD99","CD99","Cell-Cell Contact","KEGG: hsa04514","PBMC_Early"
"MEP","Th17like_INNATE_T","CD99","CD99",0.0136766089171884,0,"CD99_CD99","CD99 - CD99","CD99","Cell-Cell Contact","KEGG: hsa04514","PBMC_Early"
"Naïve CD4 T","Th17like_INNATE_T","CD99","CD99",0.0565100418769001,0,"CD99_CD99","CD99 - CD99","CD99","Cell-Cell Contact","KEGG: hsa04514","PBMC_Early"
"Naïve CD8 T","Th17like_INNATE_T","CD99","CD99",0.0517475903402821,0,"CD99_CD99","CD99 - CD99","CD99","Cell-Cell Contact","KEGG: hsa04514","PBMC_Early"
"NK T","Th17like_INNATE_T","CD99","CD99",0.108235377462055,0,"CD99_CD99","CD99 - CD99","CD99","Cell-Cell Contact","KEGG: hsa04514","PBMC_Early"
"pDC","Th17like_INNATE_T","CD99","CD99",0.126959547036257,0,"CD99_CD99","CD99 - CD99","CD99","Cell-Cell Contact","KEGG: hsa04514","PBMC_Early"
"Pro-B","Th17like_INNATE_T","CD99","CD99",0.175805866866481,0,"CD99_CD99","CD99 - CD99","CD99","Cell-Cell Contact","KEGG: hsa04514","PBMC_Early"
"Tem","Th17like_INNATE_T","CD99","CD99",0.109791439221383,0,"CD99_CD99","CD99 - CD99","CD99","Cell-Cell Contact","KEGG: hsa04514","PBMC_Early"
"Th17like_INNATE_T","Th17like_INNATE_T","CD99","CD99",0.105659158898124,0,"CD99_CD99","CD99 - CD99","CD99","Cell-Cell Contact","KEGG: hsa04514","PBMC_Early"
"Treg","Th17like_INNATE_T","CD99","CD99",0.0792760777513158,0,"CD99_CD99","CD99 - CD99","CD99","Cell-Cell Contact","KEGG: hsa04514","PBMC_Early"
"CD14+PPBP+ Monocytes","Treg","CD99","CD99",0.0848805720281301,0,"CD99_CD99","CD99 - CD99","CD99","Cell-Cell Contact","KEGG: hsa04514","PBMC_Early"
"CD56highCD16low NK","Treg","CD99","CD99",0.012669063923717,0,"CD99_CD99","CD99 - CD99","CD99","Cell-Cell Contact","KEGG: hsa04514","PBMC_Early"
"Classical Monocytes","Treg","CD99","CD99",0.019509708674561,0,"CD99_CD99","CD99 - CD99","CD99","Cell-Cell Contact","KEGG: hsa04514","PBMC_Early"
"CX3CR1+ NK","Treg","CD99","CD99",0.0954226523959512,0,"CD99_CD99","CD99 - CD99","CD99","Cell-Cell Contact","KEGG: hsa04514","PBMC_Early"
"CXCR5+ Naïve B","Treg","CD99","CD99",0.0132777749139294,0,"CD99_CD99","CD99 - CD99","CD99","Cell-Cell Contact","KEGG: hsa04514","PBMC_Early"
"CXCR6+ NK","Treg","CD99","CD99",0.0952908739763003,0,"CD99_CD99","CD99 - CD99","CD99","Cell-Cell Contact","KEGG: hsa04514","PBMC_Early"
"DC2","Treg","CD99","CD99",0.0664897436000865,0,"CD99_CD99","CD99 - CD99","CD99","Cell-Cell Contact","KEGG: hsa04514","PBMC_Early"
"Gamma Delta V1 T","Treg","CD99","CD99",0.063238057179489,0,"CD99_CD99","CD99 - CD99","CD99","Cell-Cell Contact","KEGG: hsa04514","PBMC_Early"
"Gamma Delta V2 T","Treg","CD99","CD99",0.0831303623116461,0,"CD99_CD99","CD99 - CD99","CD99","Cell-Cell Contact","KEGG: hsa04514","PBMC_Early"
"HSC_MPP","Treg","CD99","CD99",0.100605269346194,0,"CD99_CD99","CD99 - CD99","CD99","Cell-Cell Contact","KEGG: hsa04514","PBMC_Early"
"ILC2/3","Treg","CD99","CD99",0.0585521676908741,0,"CD99_CD99","CD99 - CD99","CD99","Cell-Cell Contact","KEGG: hsa04514","PBMC_Early"
"Megakaryocytes","Treg","CD99","CD99",0.0797932454818939,0,"CD99_CD99","CD99 - CD99","CD99","Cell-Cell Contact","KEGG: hsa04514","PBMC_Early"
"MEMP","Treg","CD99","CD99",0.0433466338100181,0,"CD99_CD99","CD99 - CD99","CD99","Cell-Cell Contact","KEGG: hsa04514","PBMC_Early"
"MEP","Treg","CD99","CD99",0.0100046270308764,0,"CD99_CD99","CD99 - CD99","CD99","Cell-Cell Contact","KEGG: hsa04514","PBMC_Early"
"Naïve CD4 T","Treg","CD99","CD99",0.0418255421431852,0,"CD99_CD99","CD99 - CD99","CD99","Cell-Cell Contact","KEGG: hsa04514","PBMC_Early"
"Naïve CD8 T","Treg","CD99","CD99",0.0382504721746045,0,"CD99_CD99","CD99 - CD99","CD99","Cell-Cell Contact","KEGG: hsa04514","PBMC_Early"
"NK T","Treg","CD99","CD99",0.0812674688717369,0,"CD99_CD99","CD99 - CD99","CD99","Cell-Cell Contact","KEGG: hsa04514","PBMC_Early"
"pDC","Treg","CD99","CD99",0.0958276546191095,0,"CD99_CD99","CD99 - CD99","CD99","Cell-Cell Contact","KEGG: hsa04514","PBMC_Early"
"Pro-B","Treg","CD99","CD99",0.134542162222325,0,"CD99_CD99","CD99 - CD99","CD99","Cell-Cell Contact","KEGG: hsa04514","PBMC_Early"
"Tem","Treg","CD99","CD99",0.082471678345867,0,"CD99_CD99","CD99 - CD99","CD99","Cell-Cell Contact","KEGG: hsa04514","PBMC_Early"
"Th17like_INNATE_T","Treg","CD99","CD99",0.0792760777513158,0,"CD99_CD99","CD99 - CD99","CD99","Cell-Cell Contact","KEGG: hsa04514","PBMC_Early"
"Treg","Treg","CD99","CD99",0.059045907991851,0,"CD99_CD99","CD99 - CD99","CD99","Cell-Cell Contact","KEGG: hsa04514","PBMC_Early"
"abTentry","CD56highCD16low NK","CLEC2D","KLRB1",0.0428125340204264,0,"CLEC2D_KLRB1","CLEC2D - KLRB1","CLEC","Cell-Cell Contact","PMID: 24223577","PBMC_Early"
"CD56highCD16low NK","CD56highCD16low NK","CLEC2D","KLRB1",0.0173191101752939,0,"CLEC2D_KLRB1","CLEC2D - KLRB1","CLEC","Cell-Cell Contact","PMID: 24223577","PBMC_Early"
"CX3CR1+ NK","CD56highCD16low NK","CLEC2D","KLRB1",0.00791980386270521,0,"CLEC2D_KLRB1","CLEC2D - KLRB1","CLEC","Cell-Cell Contact","PMID: 24223577","PBMC_Early"
"CXCR5- Naïve B","CD56highCD16low NK","CLEC2D","KLRB1",0.0118228015028938,0,"CLEC2D_KLRB1","CLEC2D - KLRB1","CLEC","Cell-Cell Contact","PMID: 24223577","PBMC_Early"
"CXCR5+ Naïve B","CD56highCD16low NK","CLEC2D","KLRB1",0.0284352841475209,0,"CLEC2D_KLRB1","CLEC2D - KLRB1","CLEC","Cell-Cell Contact","PMID: 24223577","PBMC_Early"
"Gamma Delta V1 T","CD56highCD16low NK","CLEC2D","KLRB1",0.0298867945613613,0,"CLEC2D_KLRB1","CLEC2D - KLRB1","CLEC","Cell-Cell Contact","PMID: 24223577","PBMC_Early"
"Gamma Delta V2 T","CD56highCD16low NK","CLEC2D","KLRB1",0.0261596973000421,0,"CLEC2D_KLRB1","CLEC2D - KLRB1","CLEC","Cell-Cell Contact","PMID: 24223577","PBMC_Early"
"Naïve CD4 T","CD56highCD16low NK","CLEC2D","KLRB1",0.0289510823711759,0,"CLEC2D_KLRB1","CLEC2D - KLRB1","CLEC","Cell-Cell Contact","PMID: 24223577","PBMC_Early"
"Naïve CD8 T","CD56highCD16low NK","CLEC2D","KLRB1",0.0358934874441828,0,"CLEC2D_KLRB1","CLEC2D - KLRB1","CLEC","Cell-Cell Contact","PMID: 24223577","PBMC_Early"
"NK T","CD56highCD16low NK","CLEC2D","KLRB1",0.0299343269899757,0,"CLEC2D_KLRB1","CLEC2D - KLRB1","CLEC","Cell-Cell Contact","PMID: 24223577","PBMC_Early"
"Pro-B","CD56highCD16low NK","CLEC2D","KLRB1",0.00846291716343285,0,"CLEC2D_KLRB1","CLEC2D - KLRB1","CLEC","Cell-Cell Contact","PMID: 24223577","PBMC_Early"
"Tem","CD56highCD16low NK","CLEC2D","KLRB1",0.0252935442847645,0,"CLEC2D_KLRB1","CLEC2D - KLRB1","CLEC","Cell-Cell Contact","PMID: 24223577","PBMC_Early"
"Th17like_INNATE_T","CD56highCD16low NK","CLEC2D","KLRB1",0.0243021422109443,0,"CLEC2D_KLRB1","CLEC2D - KLRB1","CLEC","Cell-Cell Contact","PMID: 24223577","PBMC_Early"
"Treg","CD56highCD16low NK","CLEC2D","KLRB1",0.0302100470822231,0,"CLEC2D_KLRB1","CLEC2D - KLRB1","CLEC","Cell-Cell Contact","PMID: 24223577","PBMC_Early"
"abTentry","CX3CR1+ NK","CLEC2D","KLRB1",0.168554091755123,0,"CLEC2D_KLRB1","CLEC2D - KLRB1","CLEC","Cell-Cell Contact","PMID: 24223577","PBMC_Early"
"CD56highCD16low NK","CX3CR1+ NK","CLEC2D","KLRB1",0.0739721877831014,0,"CLEC2D_KLRB1","CLEC2D - KLRB1","CLEC","Cell-Cell Contact","PMID: 24223577","PBMC_Early"
"CX3CR1+ NK","CX3CR1+ NK","CLEC2D","KLRB1",0.03491907619171,0,"CLEC2D_KLRB1","CLEC2D - KLRB1","CLEC","Cell-Cell Contact","PMID: 24223577","PBMC_Early"
"CXCR5- Naïve B","CX3CR1+ NK","CLEC2D","KLRB1",0.0514378411873232,0,"CLEC2D_KLRB1","CLEC2D - KLRB1","CLEC","Cell-Cell Contact","PMID: 24223577","PBMC_Early"
"CXCR5+ Naïve B","CX3CR1+ NK","CLEC2D","KLRB1",0.117117100465773,0,"CLEC2D_KLRB1","CLEC2D - KLRB1","CLEC","Cell-Cell Contact","PMID: 24223577","PBMC_Early"
"Gamma Delta V1 T","CX3CR1+ NK","CLEC2D","KLRB1",0.122524586860106,0,"CLEC2D_KLRB1","CLEC2D - KLRB1","CLEC","Cell-Cell Contact","PMID: 24223577","PBMC_Early"
"Gamma Delta V2 T","CX3CR1+ NK","CLEC2D","KLRB1",0.108537411729599,0,"CLEC2D_KLRB1","CLEC2D - KLRB1","CLEC","Cell-Cell Contact","PMID: 24223577","PBMC_Early"
"Naïve CD4 T","CX3CR1+ NK","CLEC2D","KLRB1",0.119044427795941,0,"CLEC2D_KLRB1","CLEC2D - KLRB1","CLEC","Cell-Cell Contact","PMID: 24223577","PBMC_Early"
"Naïve CD8 T","CX3CR1+ NK","CLEC2D","KLRB1",0.14437883344956,0,"CLEC2D_KLRB1","CLEC2D - KLRB1","CLEC","Cell-Cell Contact","PMID: 24223577","PBMC_Early"
"NK T","CX3CR1+ NK","CLEC2D","KLRB1",0.122700817127908,0,"CLEC2D_KLRB1","CLEC2D - KLRB1","CLEC","Cell-Cell Contact","PMID: 24223577","PBMC_Early"
"Pro-B","CX3CR1+ NK","CLEC2D","KLRB1",0.037244199238379,0,"CLEC2D_KLRB1","CLEC2D - KLRB1","CLEC","Cell-Cell Contact","PMID: 24223577","PBMC_Early"
"Tem","CX3CR1+ NK","CLEC2D","KLRB1",0.105238468593195,0,"CLEC2D_KLRB1","CLEC2D - KLRB1","CLEC","Cell-Cell Contact","PMID: 24223577","PBMC_Early"
"Th17like_INNATE_T","CX3CR1+ NK","CLEC2D","KLRB1",0.101439667589138,0,"CLEC2D_KLRB1","CLEC2D - KLRB1","CLEC","Cell-Cell Contact","PMID: 24223577","PBMC_Early"
"Treg","CX3CR1+ NK","CLEC2D","KLRB1",0.123722016622702,0,"CLEC2D_KLRB1","CLEC2D - KLRB1","CLEC","Cell-Cell Contact","PMID: 24223577","PBMC_Early"
"abTentry","CXCR6+ NK","CLEC2D","KLRB1",0.202672239672481,0,"CLEC2D_KLRB1","CLEC2D - KLRB1","CLEC","Cell-Cell Contact","PMID: 24223577","PBMC_Early"
"CD56highCD16low NK","CXCR6+ NK","CLEC2D","KLRB1",0.0910417221949335,0,"CLEC2D_KLRB1","CLEC2D - KLRB1","CLEC","Cell-Cell Contact","PMID: 24223577","PBMC_Early"
"CX3CR1+ NK","CXCR6+ NK","CLEC2D","KLRB1",0.0433992107485589,0,"CLEC2D_KLRB1","CLEC2D - KLRB1","CLEC","Cell-Cell Contact","PMID: 24223577","PBMC_Early"
"CXCR5- Naïve B","CXCR6+ NK","CLEC2D","KLRB1",0.0636649360969759,0,"CLEC2D_KLRB1","CLEC2D - KLRB1","CLEC","Cell-Cell Contact","PMID: 24223577","PBMC_Early"
"CXCR5+ Naïve B","CXCR6+ NK","CLEC2D","KLRB1",0.142609358940989,0,"CLEC2D_KLRB1","CLEC2D - KLRB1","CLEC","Cell-Cell Contact","PMID: 24223577","PBMC_Early"
"Gamma Delta V1 T","CXCR6+ NK","CLEC2D","KLRB1",0.148995230643123,0,"CLEC2D_KLRB1","CLEC2D - KLRB1","CLEC","Cell-Cell Contact","PMID: 24223577","PBMC_Early"
"Gamma Delta V2 T","CXCR6+ NK","CLEC2D","KLRB1",0.132442320049328,0,"CLEC2D_KLRB1","CLEC2D - KLRB1","CLEC","Cell-Cell Contact","PMID: 24223577","PBMC_Early"
"Naïve CD4 T","CXCR6+ NK","CLEC2D","KLRB1",0.144887352641087,0,"CLEC2D_KLRB1","CLEC2D - KLRB1","CLEC","Cell-Cell Contact","PMID: 24223577","PBMC_Early"
"Naïve CD8 T","CXCR6+ NK","CLEC2D","KLRB1",0.174631299820001,0,"CLEC2D_KLRB1","CLEC2D - KLRB1","CLEC","Cell-Cell Contact","PMID: 24223577","PBMC_Early"
"NK T","CXCR6+ NK","CLEC2D","KLRB1",0.149203060441059,0,"CLEC2D_KLRB1","CLEC2D - KLRB1","CLEC","Cell-Cell Contact","PMID: 24223577","PBMC_Early"
"Pro-B","CXCR6+ NK","CLEC2D","KLRB1",0.0462619250238417,0,"CLEC2D_KLRB1","CLEC2D - KLRB1","CLEC","Cell-Cell Contact","PMID: 24223577","PBMC_Early"
"Tem","CXCR6+ NK","CLEC2D","KLRB1",0.128521548866809,0,"CLEC2D_KLRB1","CLEC2D - KLRB1","CLEC","Cell-Cell Contact","PMID: 24223577","PBMC_Early"
"Th17like_INNATE_T","CXCR6+ NK","CLEC2D","KLRB1",0.123998769010712,0,"CLEC2D_KLRB1","CLEC2D - KLRB1","CLEC","Cell-Cell Contact","PMID: 24223577","PBMC_Early"
"Treg","CXCR6+ NK","CLEC2D","KLRB1",0.150407014418458,0,"CLEC2D_KLRB1","CLEC2D - KLRB1","CLEC","Cell-Cell Contact","PMID: 24223577","PBMC_Early"
"abTentry","Gamma Delta V1 T","CLEC2D","KLRB1",0.0292884130316955,0,"CLEC2D_KLRB1","CLEC2D - KLRB1","CLEC","Cell-Cell Contact","PMID: 24223577","PBMC_Early"
"CD56highCD16low NK","Gamma Delta V1 T","CLEC2D","KLRB1",0.0117492972763668,0,"CLEC2D_KLRB1","CLEC2D - KLRB1","CLEC","Cell-Cell Contact","PMID: 24223577","PBMC_Early"
"CX3CR1+ NK","Gamma Delta V1 T","CLEC2D","KLRB1",0.00535632434607475,0,"CLEC2D_KLRB1","CLEC2D - KLRB1","CLEC","Cell-Cell Contact","PMID: 24223577","PBMC_Early"
"CXCR5- Naïve B","Gamma Delta V1 T","CLEC2D","KLRB1",0.00800619612941891,0,"CLEC2D_KLRB1","CLEC2D - KLRB1","CLEC","Cell-Cell Contact","PMID: 24223577","PBMC_Early"
"CXCR5+ Naïve B","Gamma Delta V1 T","CLEC2D","KLRB1",0.0193609523603559,0,"CLEC2D_KLRB1","CLEC2D - KLRB1","CLEC","Cell-Cell Contact","PMID: 24223577","PBMC_Early"
"Gamma Delta V1 T","Gamma Delta V1 T","CLEC2D","KLRB1",0.0203589599735629,0,"CLEC2D_KLRB1","CLEC2D - KLRB1","CLEC","Cell-Cell Contact","PMID: 24223577","PBMC_Early"
"Gamma Delta V2 T","Gamma Delta V1 T","CLEC2D","KLRB1",0.0177982527018227,0,"CLEC2D_KLRB1","CLEC2D - KLRB1","CLEC","Cell-Cell Contact","PMID: 24223577","PBMC_Early"
"Naïve CD4 T","Gamma Delta V1 T","CLEC2D","KLRB1",0.0197154880975261,0,"CLEC2D_KLRB1","CLEC2D - KLRB1","CLEC","Cell-Cell Contact","PMID: 24223577","PBMC_Early"
"Naïve CD8 T","Gamma Delta V1 T","CLEC2D","KLRB1",0.0244990934080999,0,"CLEC2D_KLRB1","CLEC2D - KLRB1","CLEC","Cell-Cell Contact","PMID: 24223577","PBMC_Early"
"NK T","Gamma Delta V1 T","CLEC2D","KLRB1",0.0203916577027822,0,"CLEC2D_KLRB1","CLEC2D - KLRB1","CLEC","Cell-Cell Contact","PMID: 24223577","PBMC_Early"
"Pro-B","Gamma Delta V1 T","CLEC2D","KLRB1",0.00572465731021272,0,"CLEC2D_KLRB1","CLEC2D - KLRB1","CLEC","Cell-Cell Contact","PMID: 24223577","PBMC_Early"
"Tem","Gamma Delta V1 T","CLEC2D","KLRB1",0.0172040579823346,0,"CLEC2D_KLRB1","CLEC2D - KLRB1","CLEC","Cell-Cell Contact","PMID: 24223577","PBMC_Early"
"Th17like_INNATE_T","Gamma Delta V1 T","CLEC2D","KLRB1",0.0165243548222442,0,"CLEC2D_KLRB1","CLEC2D - KLRB1","CLEC","Cell-Cell Contact","PMID: 24223577","PBMC_Early"
"Treg","Gamma Delta V1 T","CLEC2D","KLRB1",0.02058134669956,0,"CLEC2D_KLRB1","CLEC2D - KLRB1","CLEC","Cell-Cell Contact","PMID: 24223577","PBMC_Early"
"abTentry","Gamma Delta V2 T","CLEC2D","KLRB1",0.0926568436820952,0,"CLEC2D_KLRB1","CLEC2D - KLRB1","CLEC","Cell-Cell Contact","PMID: 24223577","PBMC_Early"
"CD56highCD16low NK","Gamma Delta V2 T","CLEC2D","KLRB1",0.0386822758355595,0,"CLEC2D_KLRB1","CLEC2D - KLRB1","CLEC","Cell-Cell Contact","PMID: 24223577","PBMC_Early"
"CX3CR1+ NK","Gamma Delta V2 T","CLEC2D","KLRB1",0.0179000942836121,0,"CLEC2D_KLRB1","CLEC2D - KLRB1","CLEC","Cell-Cell Contact","PMID: 24223577","PBMC_Early"
"CXCR5- Naïve B","Gamma Delta V2 T","CLEC2D","KLRB1",0.0265897043343114,0,"CLEC2D_KLRB1","CLEC2D - KLRB1","CLEC","Cell-Cell Contact","PMID: 24223577","PBMC_Early"
"CXCR5+ Naïve B","Gamma Delta V2 T","CLEC2D","KLRB1",0.0626362833892726,0,"CLEC2D_KLRB1","CLEC2D - KLRB1","CLEC","Cell-Cell Contact","PMID: 24223577","PBMC_Early"
"Gamma Delta V1 T","Gamma Delta V2 T","CLEC2D","KLRB1",0.0657155356919227,0,"CLEC2D_KLRB1","CLEC2D - KLRB1","CLEC","Cell-Cell Contact","PMID: 24223577","PBMC_Early"
"Gamma Delta V2 T","Gamma Delta V2 T","CLEC2D","KLRB1",0.0577864881053153,0,"CLEC2D_KLRB1","CLEC2D - KLRB1","CLEC","Cell-Cell Contact","PMID: 24223577","PBMC_Early"
"Naïve CD4 T","Gamma Delta V2 T","CLEC2D","KLRB1",0.0637317708933719,0,"CLEC2D_KLRB1","CLEC2D - KLRB1","CLEC","Cell-Cell Contact","PMID: 24223577","PBMC_Early"
"Naïve CD8 T","Gamma Delta V2 T","CLEC2D","KLRB1",0.078341631939838,0,"CLEC2D_KLRB1","CLEC2D - KLRB1","CLEC","Cell-Cell Contact","PMID: 24223577","PBMC_Early"
"NK T","Gamma Delta V2 T","CLEC2D","KLRB1",0.0658161847977292,0,"CLEC2D_KLRB1","CLEC2D - KLRB1","CLEC","Cell-Cell Contact","PMID: 24223577","PBMC_Early"
"Pro-B","Gamma Delta V2 T","CLEC2D","KLRB1",0.0191144354361668,0,"CLEC2D_KLRB1","CLEC2D - KLRB1","CLEC","Cell-Cell Contact","PMID: 24223577","PBMC_Early"
"Tem","Gamma Delta V2 T","CLEC2D","KLRB1",0.0559333105117948,0,"CLEC2D_KLRB1","CLEC2D - KLRB1","CLEC","Cell-Cell Contact","PMID: 24223577","PBMC_Early"
"Th17like_INNATE_T","Gamma Delta V2 T","CLEC2D","KLRB1",0.0538072534278227,0,"CLEC2D_KLRB1","CLEC2D - KLRB1","CLEC","Cell-Cell Contact","PMID: 24223577","PBMC_Early"
"Treg","Gamma Delta V2 T","CLEC2D","KLRB1",0.0663997842603738,0,"CLEC2D_KLRB1","CLEC2D - KLRB1","CLEC","Cell-Cell Contact","PMID: 24223577","PBMC_Early"
"abTentry","ILC2/3","CLEC2D","KLRB1",0.176112329510972,0,"CLEC2D_KLRB1","CLEC2D - KLRB1","CLEC","Cell-Cell Contact","PMID: 24223577","PBMC_Early"
"CD56highCD16low NK","ILC2/3","CLEC2D","KLRB1",0.0776854938615924,0,"CLEC2D_KLRB1","CLEC2D - KLRB1","CLEC","Cell-Cell Contact","PMID: 24223577","PBMC_Early"
"CX3CR1+ NK","ILC2/3","CLEC2D","KLRB1",0.0367497674759665,0,"CLEC2D_KLRB1","CLEC2D - KLRB1","CLEC","Cell-Cell Contact","PMID: 24223577","PBMC_Early"
"CXCR5- Naïve B","ILC2/3","CLEC2D","KLRB1",0.0540860219247561,0,"CLEC2D_KLRB1","CLEC2D - KLRB1","CLEC","Cell-Cell Contact","PMID: 24223577","PBMC_Early"
"CXCR5+ Naïve B","ILC2/3","CLEC2D","KLRB1",0.122709228656396,0,"CLEC2D_KLRB1","CLEC2D - KLRB1","CLEC","Cell-Cell Contact","PMID: 24223577","PBMC_Early"
"Gamma Delta V1 T","ILC2/3","CLEC2D","KLRB1",0.12833738062316,0,"CLEC2D_KLRB1","CLEC2D - KLRB1","CLEC","Cell-Cell Contact","PMID: 24223577","PBMC_Early"
"Gamma Delta V2 T","ILC2/3","CLEC2D","KLRB1",0.113772666812084,0,"CLEC2D_KLRB1","CLEC2D - KLRB1","CLEC","Cell-Cell Contact","PMID: 24223577","PBMC_Early"
"Naïve CD4 T","ILC2/3","CLEC2D","KLRB1",0.124715582758112,0,"CLEC2D_KLRB1","CLEC2D - KLRB1","CLEC","Cell-Cell Contact","PMID: 24223577","PBMC_Early"
"Naïve CD8 T","ILC2/3","CLEC2D","KLRB1",0.151049955856455,0,"CLEC2D_KLRB1","CLEC2D - KLRB1","CLEC","Cell-Cell Contact","PMID: 24223577","PBMC_Early"
"NK T","ILC2/3","CLEC2D","KLRB1",0.128520747020803,0,"CLEC2D_KLRB1","CLEC2D - KLRB1","CLEC","Cell-Cell Contact","PMID: 24223577","PBMC_Early"
"Pro-B","ILC2/3","CLEC2D","KLRB1",0.0391918387227885,0,"CLEC2D_KLRB1","CLEC2D - KLRB1","CLEC","Cell-Cell Contact","PMID: 24223577","PBMC_Early"
"Tem","ILC2/3","CLEC2D","KLRB1",0.110334294884311,0,"CLEC2D_KLRB1","CLEC2D - KLRB1","CLEC","Cell-Cell Contact","PMID: 24223577","PBMC_Early"
"Th17like_INNATE_T","ILC2/3","CLEC2D","KLRB1",0.106373417621433,0,"CLEC2D_KLRB1","CLEC2D - KLRB1","CLEC","Cell-Cell Contact","PMID: 24223577","PBMC_Early"
"Treg","ILC2/3","CLEC2D","KLRB1",0.129583229378911,0,"CLEC2D_KLRB1","CLEC2D - KLRB1","CLEC","Cell-Cell Contact","PMID: 24223577","PBMC_Early"
"abTentry","NK T","CLEC2D","KLRB1",0.0325339134753388,0,"CLEC2D_KLRB1","CLEC2D - KLRB1","CLEC","Cell-Cell Contact","PMID: 24223577","PBMC_Early"
"CD56highCD16low NK","NK T","CLEC2D","KLRB1",0.0130774409277359,0,"CLEC2D_KLRB1","CLEC2D - KLRB1","CLEC","Cell-Cell Contact","PMID: 24223577","PBMC_Early"
"CX3CR1+ NK","NK T","CLEC2D","KLRB1",0.00596616744779748,0,"CLEC2D_KLRB1","CLEC2D - KLRB1","CLEC","Cell-Cell Contact","PMID: 24223577","PBMC_Early"
"CXCR5- Naïve B","NK T","CLEC2D","KLRB1",0.00891503563052697,0,"CLEC2D_KLRB1","CLEC2D - KLRB1","CLEC","Cell-Cell Contact","PMID: 24223577","PBMC_Early"
"CXCR5+ Naïve B","NK T","CLEC2D","KLRB1",0.0215307736686474,0,"CLEC2D_KLRB1","CLEC2D - KLRB1","CLEC","Cell-Cell Contact","PMID: 24223577","PBMC_Early"
"Gamma Delta V1 T","NK T","CLEC2D","KLRB1",0.0226380479971355,0,"CLEC2D_KLRB1","CLEC2D - KLRB1","CLEC","Cell-Cell Contact","PMID: 24223577","PBMC_Early"
"Gamma Delta V2 T","NK T","CLEC2D","KLRB1",0.0197964745860001,0,"CLEC2D_KLRB1","CLEC2D - KLRB1","CLEC","Cell-Cell Contact","PMID: 24223577","PBMC_Early"
"Naïve CD4 T","NK T","CLEC2D","KLRB1",0.0219241546238743,0,"CLEC2D_KLRB1","CLEC2D - KLRB1","CLEC","Cell-Cell Contact","PMID: 24223577","PBMC_Early"
"Naïve CD8 T","NK T","CLEC2D","KLRB1",0.0272287676052512,0,"CLEC2D_KLRB1","CLEC2D - KLRB1","CLEC","Cell-Cell Contact","PMID: 24223577","PBMC_Early"
"NK T","NK T","CLEC2D","KLRB1",0.0226743213596024,0,"CLEC2D_KLRB1","CLEC2D - KLRB1","CLEC","Cell-Cell Contact","PMID: 24223577","PBMC_Early"
"Pro-B","NK T","CLEC2D","KLRB1",0.00637616804466725,0,"CLEC2D_KLRB1","CLEC2D - KLRB1","CLEC","Cell-Cell Contact","PMID: 24223577","PBMC_Early"
"Tem","NK T","CLEC2D","KLRB1",0.0191368689893713,0,"CLEC2D_KLRB1","CLEC2D - KLRB1","CLEC","Cell-Cell Contact","PMID: 24223577","PBMC_Early"
"Th17like_INNATE_T","NK T","CLEC2D","KLRB1",0.0183822320213707,0,"CLEC2D_KLRB1","CLEC2D - KLRB1","CLEC","Cell-Cell Contact","PMID: 24223577","PBMC_Early"
"Treg","NK T","CLEC2D","KLRB1",0.0228847482929127,0,"CLEC2D_KLRB1","CLEC2D - KLRB1","CLEC","Cell-Cell Contact","PMID: 24223577","PBMC_Early"
"abTentry","Tem","CLEC2D","KLRB1",0.0964043286238825,0,"CLEC2D_KLRB1","CLEC2D - KLRB1","CLEC","Cell-Cell Contact","PMID: 24223577","PBMC_Early"
"CD56highCD16low NK","Tem","CLEC2D","KLRB1",0.0403438354489211,0,"CLEC2D_KLRB1","CLEC2D - KLRB1","CLEC","Cell-Cell Contact","PMID: 24223577","PBMC_Early"
"CX3CR1+ NK","Tem","CLEC2D","KLRB1",0.0186863275600894,0,"CLEC2D_KLRB1","CLEC2D - KLRB1","CLEC","Cell-Cell Contact","PMID: 24223577","PBMC_Early"
"CXCR5- Naïve B","Tem","CLEC2D","KLRB1",0.027746831602124,0,"CLEC2D_KLRB1","CLEC2D - KLRB1","CLEC","Cell-Cell Contact","PMID: 24223577","PBMC_Early"
"CXCR5+ Naïve B","Tem","CLEC2D","KLRB1",0.0652569181211219,0,"CLEC2D_KLRB1","CLEC2D - KLRB1","CLEC","Cell-Cell Contact","PMID: 24223577","PBMC_Early"
"Gamma Delta V1 T","Tem","CLEC2D","KLRB1",0.0684555943939692,0,"CLEC2D_KLRB1","CLEC2D - KLRB1","CLEC","Cell-Cell Contact","PMID: 24223577","PBMC_Early"
"Gamma Delta V2 T","Tem","CLEC2D","KLRB1",0.0602172477879166,0,"CLEC2D_KLRB1","CLEC2D - KLRB1","CLEC","Cell-Cell Contact","PMID: 24223577","PBMC_Early"
"Naïve CD4 T","Tem","CLEC2D","KLRB1",0.0663949931462579,0,"CLEC2D_KLRB1","CLEC2D - KLRB1","CLEC","Cell-Cell Contact","PMID: 24223577","PBMC_Early"
"Naïve CD8 T","Tem","CLEC2D","KLRB1",0.0815621862167633,0,"CLEC2D_KLRB1","CLEC2D - KLRB1","CLEC","Cell-Cell Contact","PMID: 24223577","PBMC_Early"
"NK T","Tem","CLEC2D","KLRB1",0.0685601321800061,0,"CLEC2D_KLRB1","CLEC2D - KLRB1","CLEC","Cell-Cell Contact","PMID: 24223577","PBMC_Early"
"Pro-B","Tem","CLEC2D","KLRB1",0.0199529230768912,0,"CLEC2D_KLRB1","CLEC2D - KLRB1","CLEC","Cell-Cell Contact","PMID: 24223577","PBMC_Early"
"Tem","Tem","CLEC2D","KLRB1",0.0582909398431012,0,"CLEC2D_KLRB1","CLEC2D - KLRB1","CLEC","Cell-Cell Contact","PMID: 24223577","PBMC_Early"
"Th17like_INNATE_T","Tem","CLEC2D","KLRB1",0.0560805913304459,0,"CLEC2D_KLRB1","CLEC2D - KLRB1","CLEC","Cell-Cell Contact","PMID: 24223577","PBMC_Early"
"Treg","Tem","CLEC2D","KLRB1",0.0691662610901152,0,"CLEC2D_KLRB1","CLEC2D - KLRB1","CLEC","Cell-Cell Contact","PMID: 24223577","PBMC_Early"
"abTentry","Th17like_INNATE_T","CLEC2D","KLRB1",0.0960057968985687,0,"CLEC2D_KLRB1","CLEC2D - KLRB1","CLEC","Cell-Cell Contact","PMID: 24223577","PBMC_Early"
"CD56highCD16low NK","Th17like_INNATE_T","CLEC2D","KLRB1",0.0401667537451502,0,"CLEC2D_KLRB1","CLEC2D - KLRB1","CLEC","Cell-Cell Contact","PMID: 24223577","PBMC_Early"
"CX3CR1+ NK","Th17like_INNATE_T","CLEC2D","KLRB1",0.0186024647057746,0,"CLEC2D_KLRB1","CLEC2D - KLRB1","CLEC","Cell-Cell Contact","PMID: 24223577","PBMC_Early"
"CXCR5- Naïve B","Th17like_INNATE_T","CLEC2D","KLRB1",0.0276234505145127,0,"CLEC2D_KLRB1","CLEC2D - KLRB1","CLEC","Cell-Cell Contact","PMID: 24223577","PBMC_Early"
"CXCR5+ Naïve B","Th17like_INNATE_T","CLEC2D","KLRB1",0.0649778892386185,0,"CLEC2D_KLRB1","CLEC2D - KLRB1","CLEC","Cell-Cell Contact","PMID: 24223577","PBMC_Early"
"Gamma Delta V1 T","Th17like_INNATE_T","CLEC2D","KLRB1",0.0681638858140974,0,"CLEC2D_KLRB1","CLEC2D - KLRB1","CLEC","Cell-Cell Contact","PMID: 24223577","PBMC_Early"
"Gamma Delta V2 T","Th17like_INNATE_T","CLEC2D","KLRB1",0.0599583855500579,0,"CLEC2D_KLRB1","CLEC2D - KLRB1","CLEC","Cell-Cell Contact","PMID: 24223577","PBMC_Early"
"Naïve CD4 T","Th17like_INNATE_T","CLEC2D","KLRB1",0.0661114421979493,0,"CLEC2D_KLRB1","CLEC2D - KLRB1","CLEC","Cell-Cell Contact","PMID: 24223577","PBMC_Early"
"Naïve CD8 T","Th17like_INNATE_T","CLEC2D","KLRB1",0.0812194962822454,0,"CLEC2D_KLRB1","CLEC2D - KLRB1","CLEC","Cell-Cell Contact","PMID: 24223577","PBMC_Early"
"NK T","Th17like_INNATE_T","CLEC2D","KLRB1",0.0682680107809616,0,"CLEC2D_KLRB1","CLEC2D - KLRB1","CLEC","Cell-Cell Contact","PMID: 24223577","PBMC_Early"
"Pro-B","Th17like_INNATE_T","CLEC2D","KLRB1",0.0198634908975425,0,"CLEC2D_KLRB1","CLEC2D - KLRB1","CLEC","Cell-Cell Contact","PMID: 24223577","PBMC_Early"
"Tem","Th17like_INNATE_T","CLEC2D","KLRB1",0.0580398470148542,0,"CLEC2D_KLRB1","CLEC2D - KLRB1","CLEC","Cell-Cell Contact","PMID: 24223577","PBMC_Early"
"Th17like_INNATE_T","Th17like_INNATE_T","CLEC2D","KLRB1",0.0558384551923179,0,"CLEC2D_KLRB1","CLEC2D - KLRB1","CLEC","Cell-Cell Contact","PMID: 24223577","PBMC_Early"
"Treg","Th17like_INNATE_T","CLEC2D","KLRB1",0.0688717480538461,0,"CLEC2D_KLRB1","CLEC2D - KLRB1","CLEC","Cell-Cell Contact","PMID: 24223577","PBMC_Early"
"CX3CR1+ NK","CD56highCD16low NK","CLEC2B","KLRB1",0.0288834273558683,0,"CLEC2B_KLRB1","CLEC2B - KLRB1","CLEC","Cell-Cell Contact","PMID: 24223577","PBMC_Early"
"CXCR6+ NK","CD56highCD16low NK","CLEC2B","KLRB1",0.0403117120068041,0,"CLEC2B_KLRB1","CLEC2B - KLRB1","CLEC","Cell-Cell Contact","PMID: 24223577","PBMC_Early"
"DC2","CD56highCD16low NK","CLEC2B","KLRB1",0.00334659828637544,0,"CLEC2B_KLRB1","CLEC2B - KLRB1","CLEC","Cell-Cell Contact","PMID: 24223577","PBMC_Early"
"Gamma Delta V1 T","CD56highCD16low NK","CLEC2B","KLRB1",0.00730060400804116,0,"CLEC2B_KLRB1","CLEC2B - KLRB1","CLEC","Cell-Cell Contact","PMID: 24223577","PBMC_Early"
"Gamma Delta V2 T","CD56highCD16low NK","CLEC2B","KLRB1",0.00910410404948485,0,"CLEC2B_KLRB1","CLEC2B - KLRB1","CLEC","Cell-Cell Contact","PMID: 24223577","PBMC_Early"
"HSC_MPP","CD56highCD16low NK","CLEC2B","KLRB1",0.00424270763254244,0,"CLEC2B_KLRB1","CLEC2B - KLRB1","CLEC","Cell-Cell Contact","PMID: 24223577","PBMC_Early"
"ILC2/3","CD56highCD16low NK","CLEC2B","KLRB1",0.00784261616167475,0,"CLEC2B_KLRB1","CLEC2B - KLRB1","CLEC","Cell-Cell Contact","PMID: 24223577","PBMC_Early"
"Naïve CD4 T","CD56highCD16low NK","CLEC2B","KLRB1",0.00467497066994672,0,"CLEC2B_KLRB1","CLEC2B - KLRB1","CLEC","Cell-Cell Contact","PMID: 24223577","PBMC_Early"
"Naïve CD8 T","CD56highCD16low NK","CLEC2B","KLRB1",0.00709591572988718,0,"CLEC2B_KLRB1","CLEC2B - KLRB1","CLEC","Cell-Cell Contact","PMID: 24223577","PBMC_Early"
"NK T","CD56highCD16low NK","CLEC2B","KLRB1",0.00874664263082683,0,"CLEC2B_KLRB1","CLEC2B - KLRB1","CLEC","Cell-Cell Contact","PMID: 24223577","PBMC_Early"
"Pro-B","CD56highCD16low NK","CLEC2B","KLRB1",0.00362038606590401,0,"CLEC2B_KLRB1","CLEC2B - KLRB1","CLEC","Cell-Cell Contact","PMID: 24223577","PBMC_Early"
"Tem","CD56highCD16low NK","CLEC2B","KLRB1",0.00888376881634519,0,"CLEC2B_KLRB1","CLEC2B - KLRB1","CLEC","Cell-Cell Contact","PMID: 24223577","PBMC_Early"
"Th17like_INNATE_T","CD56highCD16low NK","CLEC2B","KLRB1",0.00770017784341936,0,"CLEC2B_KLRB1","CLEC2B - KLRB1","CLEC","Cell-Cell Contact","PMID: 24223577","PBMC_Early"
"CX3CR1+ NK","CX3CR1+ NK","CLEC2B","KLRB1",0.118791991770819,0,"CLEC2B_KLRB1","CLEC2B - KLRB1","CLEC","Cell-Cell Contact","PMID: 24223577","PBMC_Early"
"CXCR6+ NK","CX3CR1+ NK","CLEC2B","KLRB1",0.159935554587795,0,"CLEC2B_KLRB1","CLEC2B - KLRB1","CLEC","Cell-Cell Contact","PMID: 24223577","PBMC_Early"
"DC2","CX3CR1+ NK","CLEC2B","KLRB1",0.0149910133930225,0,"CLEC2B_KLRB1","CLEC2B - KLRB1","CLEC","Cell-Cell Contact","PMID: 24223577","PBMC_Early"
"Gamma Delta V1 T","CX3CR1+ NK","CLEC2B","KLRB1",0.0322576086566603,0,"CLEC2B_KLRB1","CLEC2B - KLRB1","CLEC","Cell-Cell Contact","PMID: 24223577","PBMC_Early"
"Gamma Delta V2 T","CX3CR1+ NK","CLEC2B","KLRB1",0.0399780594952438,0,"CLEC2B_KLRB1","CLEC2B - KLRB1","CLEC","Cell-Cell Contact","PMID: 24223577","PBMC_Early"
"HSC_MPP","CX3CR1+ NK","CLEC2B","KLRB1",0.0189458441311038,0,"CLEC2B_KLRB1","CLEC2B - KLRB1","CLEC","Cell-Cell Contact","PMID: 24223577","PBMC_Early"
"ILC2/3","CX3CR1+ NK","CLEC2B","KLRB1",0.0345879232755269,0,"CLEC2B_KLRB1","CLEC2B - KLRB1","CLEC","Cell-Cell Contact","PMID: 24223577","PBMC_Early"
"Naïve CD4 T","CX3CR1+ NK","CLEC2B","KLRB1",0.020844759383507,0,"CLEC2B_KLRB1","CLEC2B - KLRB1","CLEC","Cell-Cell Contact","PMID: 24223577","PBMC_Early"
"Naïve CD8 T","CX3CR1+ NK","CLEC2B","KLRB1",0.0313753120968929,0,"CLEC2B_KLRB1","CLEC2B - KLRB1","CLEC","Cell-Cell Contact","PMID: 24223577","PBMC_Early"
"NK T","CX3CR1+ NK","CLEC2B","KLRB1",0.0384554153144821,0,"CLEC2B_KLRB1","CLEC2B - KLRB1","CLEC","Cell-Cell Contact","PMID: 24223577","PBMC_Early"
"Pro-B","CX3CR1+ NK","CLEC2B","KLRB1",0.0162019532953844,0,"CLEC2B_KLRB1","CLEC2B - KLRB1","CLEC","Cell-Cell Contact","PMID: 24223577","PBMC_Early"
"Tem","CX3CR1+ NK","CLEC2B","KLRB1",0.039039959384567,0,"CLEC2B_KLRB1","CLEC2B - KLRB1","CLEC","Cell-Cell Contact","PMID: 24223577","PBMC_Early"
"Th17like_INNATE_T","CX3CR1+ NK","CLEC2B","KLRB1",0.0339763687261787,0,"CLEC2B_KLRB1","CLEC2B - KLRB1","CLEC","Cell-Cell Contact","PMID: 24223577","PBMC_Early"
"CX3CR1+ NK","CXCR6+ NK","CLEC2B","KLRB1",0.144589110452452,0,"CLEC2B_KLRB1","CLEC2B - KLRB1","CLEC","Cell-Cell Contact","PMID: 24223577","PBMC_Early"
"CXCR6+ NK","CXCR6+ NK","CLEC2B","KLRB1",0.192713517833352,0,"CLEC2B_KLRB1","CLEC2B - KLRB1","CLEC","Cell-Cell Contact","PMID: 24223577","PBMC_Early"
"DC2","CXCR6+ NK","CLEC2B","KLRB1",0.0187254988175122,0,"CLEC2B_KLRB1","CLEC2B - KLRB1","CLEC","Cell-Cell Contact","PMID: 24223577","PBMC_Early"
"Gamma Delta V1 T","CXCR6+ NK","CLEC2B","KLRB1",0.040118271276568,0,"CLEC2B_KLRB1","CLEC2B - KLRB1","CLEC","Cell-Cell Contact","PMID: 24223577","PBMC_Early"
"Gamma Delta V2 T","CXCR6+ NK","CLEC2B","KLRB1",0.0496236010338642,0,"CLEC2B_KLRB1","CLEC2B - KLRB1","CLEC","Cell-Cell Contact","PMID: 24223577","PBMC_Early"
"HSC_MPP","CXCR6+ NK","CLEC2B","KLRB1",0.0236418903303086,0,"CLEC2B_KLRB1","CLEC2B - KLRB1","CLEC","Cell-Cell Contact","PMID: 24223577","PBMC_Early"
"ILC2/3","CXCR6+ NK","CLEC2B","KLRB1",0.0429912194836383,0,"CLEC2B_KLRB1","CLEC2B - KLRB1","CLEC","Cell-Cell Contact","PMID: 24223577","PBMC_Early"
"Naïve CD4 T","CXCR6+ NK","CLEC2B","KLRB1",0.0259990101888123,0,"CLEC2B_KLRB1","CLEC2B - KLRB1","CLEC","Cell-Cell Contact","PMID: 24223577","PBMC_Early"
"Naïve CD8 T","CXCR6+ NK","CLEC2B","KLRB1",0.0390296443193429,0,"CLEC2B_KLRB1","CLEC2B - KLRB1","CLEC","Cell-Cell Contact","PMID: 24223577","PBMC_Early"
"NK T","CXCR6+ NK","CLEC2B","KLRB1",0.047751860263859,0,"CLEC2B_KLRB1","CLEC2B - KLRB1","CLEC","Cell-Cell Contact","PMID: 24223577","PBMC_Early"
"Pro-B","CXCR6+ NK","CLEC2B","KLRB1",0.0202319058349596,0,"CLEC2B_KLRB1","CLEC2B - KLRB1","CLEC","Cell-Cell Contact","PMID: 24223577","PBMC_Early"
"Tem","CXCR6+ NK","CLEC2B","KLRB1",0.0484705921860728,0,"CLEC2B_KLRB1","CLEC2B - KLRB1","CLEC","Cell-Cell Contact","PMID: 24223577","PBMC_Early"
"Th17like_INNATE_T","CXCR6+ NK","CLEC2B","KLRB1",0.0422375854228474,0,"CLEC2B_KLRB1","CLEC2B - KLRB1","CLEC","Cell-Cell Contact","PMID: 24223577","PBMC_Early"
"CX3CR1+ NK","Gamma Delta V1 T","CLEC2B","KLRB1",0.0196689783368173,0,"CLEC2B_KLRB1","CLEC2B - KLRB1","CLEC","Cell-Cell Contact","PMID: 24223577","PBMC_Early"
"CXCR6+ NK","Gamma Delta V1 T","CLEC2B","KLRB1",0.027554838111699,0,"CLEC2B_KLRB1","CLEC2B - KLRB1","CLEC","Cell-Cell Contact","PMID: 24223577","PBMC_Early"
"DC2","Gamma Delta V1 T","CLEC2B","KLRB1",0.00226000037062592,0,"CLEC2B_KLRB1","CLEC2B - KLRB1","CLEC","Cell-Cell Contact","PMID: 24223577","PBMC_Early"
"Gamma Delta V1 T","Gamma Delta V1 T","CLEC2B","KLRB1",0.00493654960375707,0,"CLEC2B_KLRB1","CLEC2B - KLRB1","CLEC","Cell-Cell Contact","PMID: 24223577","PBMC_Early"
"Gamma Delta V2 T","Gamma Delta V1 T","CLEC2B","KLRB1",0.0061596706970174,0,"CLEC2B_KLRB1","CLEC2B - KLRB1","CLEC","Cell-Cell Contact","PMID: 24223577","PBMC_Early"
"HSC_MPP","Gamma Delta V1 T","CLEC2B","KLRB1",0.00286599108035338,0,"CLEC2B_KLRB1","CLEC2B - KLRB1","CLEC","Cell-Cell Contact","PMID: 24223577","PBMC_Early"
"ILC2/3","Gamma Delta V1 T","CLEC2B","KLRB1",0.00530398716163215,0,"CLEC2B_KLRB1","CLEC2B - KLRB1","CLEC","Cell-Cell Contact","PMID: 24223577","PBMC_Early"
"Naïve CD4 T","Gamma Delta V1 T","CLEC2B","KLRB1",0.00315843395439629,0,"CLEC2B_KLRB1","CLEC2B - KLRB1","CLEC","Cell-Cell Contact","PMID: 24223577","PBMC_Early"
"Naïve CD8 T","Gamma Delta V1 T","CLEC2B","KLRB1",0.00479782237655007,0,"CLEC2B_KLRB1","CLEC2B - KLRB1","CLEC","Cell-Cell Contact","PMID: 24223577","PBMC_Early"
"NK T","Gamma Delta V1 T","CLEC2B","KLRB1",0.00591712846132635,0,"CLEC2B_KLRB1","CLEC2B - KLRB1","CLEC","Cell-Cell Contact","PMID: 24223577","PBMC_Early"
"Pro-B","Gamma Delta V1 T","CLEC2B","KLRB1",0.00244511082800138,0,"CLEC2B_KLRB1","CLEC2B - KLRB1","CLEC","Cell-Cell Contact","PMID: 24223577","PBMC_Early"
"Tem","Gamma Delta V1 T","CLEC2B","KLRB1",0.00601016367638768,0,"CLEC2B_KLRB1","CLEC2B - KLRB1","CLEC","Cell-Cell Contact","PMID: 24223577","PBMC_Early"
"Th17like_INNATE_T","Gamma Delta V1 T","CLEC2B","KLRB1",0.00520741366235027,0,"CLEC2B_KLRB1","CLEC2B - KLRB1","CLEC","Cell-Cell Contact","PMID: 24223577","PBMC_Early"
"CX3CR1+ NK","Gamma Delta V2 T","CLEC2B","KLRB1",0.0635881602233551,0,"CLEC2B_KLRB1","CLEC2B - KLRB1","CLEC","Cell-Cell Contact","PMID: 24223577","PBMC_Early"
"CXCR6+ NK","Gamma Delta V2 T","CLEC2B","KLRB1",0.0875106400608721,0,"CLEC2B_KLRB1","CLEC2B - KLRB1","CLEC","Cell-Cell Contact","PMID: 24223577","PBMC_Early"
"DC2","Gamma Delta V2 T","CLEC2B","KLRB1",0.00760807275399934,0,"CLEC2B_KLRB1","CLEC2B - KLRB1","CLEC","Cell-Cell Contact","PMID: 24223577","PBMC_Early"
"Gamma Delta V1 T","Gamma Delta V2 T","CLEC2B","KLRB1",0.016513586394231,0,"CLEC2B_KLRB1","CLEC2B - KLRB1","CLEC","Cell-Cell Contact","PMID: 24223577","PBMC_Early"
"Gamma Delta V2 T","Gamma Delta V2 T","CLEC2B","KLRB1",0.0205459048513543,0,"CLEC2B_KLRB1","CLEC2B - KLRB1","CLEC","Cell-Cell Contact","PMID: 24223577","PBMC_Early"
"HSC_MPP","Gamma Delta V2 T","CLEC2B","KLRB1",0.00963423492737965,0,"CLEC2B_KLRB1","CLEC2B - KLRB1","CLEC","Cell-Cell Contact","PMID: 24223577","PBMC_Early"
"ILC2/3","Gamma Delta V2 T","CLEC2B","KLRB1",0.0177273751422814,0,"CLEC2B_KLRB1","CLEC2B - KLRB1","CLEC","Cell-Cell Contact","PMID: 24223577","PBMC_Early"
"Naïve CD4 T","Gamma Delta V2 T","CLEC2B","KLRB1",0.0106099541004566,0,"CLEC2B_KLRB1","CLEC2B - KLRB1","CLEC","Cell-Cell Contact","PMID: 24223577","PBMC_Early"
"Naïve CD8 T","Gamma Delta V2 T","CLEC2B","KLRB1",0.0160547697007996,0,"CLEC2B_KLRB1","CLEC2B - KLRB1","CLEC","Cell-Cell Contact","PMID: 24223577","PBMC_Early"
"NK T","Gamma Delta V2 T","CLEC2B","KLRB1",0.01974814856606,0,"CLEC2B_KLRB1","CLEC2B - KLRB1","CLEC","Cell-Cell Contact","PMID: 24223577","PBMC_Early"
"Pro-B","Gamma Delta V2 T","CLEC2B","KLRB1",0.00822761697415596,0,"CLEC2B_KLRB1","CLEC2B - KLRB1","CLEC","Cell-Cell Contact","PMID: 24223577","PBMC_Early"
"Tem","Gamma Delta V2 T","CLEC2B","KLRB1",0.020054262316503,0,"CLEC2B_KLRB1","CLEC2B - KLRB1","CLEC","Cell-Cell Contact","PMID: 24223577","PBMC_Early"
"Th17like_INNATE_T","Gamma Delta V2 T","CLEC2B","KLRB1",0.0174085589460513,0,"CLEC2B_KLRB1","CLEC2B - KLRB1","CLEC","Cell-Cell Contact","PMID: 24223577","PBMC_Early"
"CX3CR1+ NK","ILC2/3","CLEC2B","KLRB1",0.124452819825627,0,"CLEC2B_KLRB1","CLEC2B - KLRB1","CLEC","Cell-Cell Contact","PMID: 24223577","PBMC_Early"
"CXCR6+ NK","ILC2/3","CLEC2B","KLRB1",0.167185033446498,0,"CLEC2B_KLRB1","CLEC2B - KLRB1","CLEC","Cell-Cell Contact","PMID: 24223577","PBMC_Early"
"DC2","ILC2/3","CLEC2B","KLRB1",0.0157940405420789,0,"CLEC2B_KLRB1","CLEC2B - KLRB1","CLEC","Cell-Cell Contact","PMID: 24223577","PBMC_Early"
"Gamma Delta V1 T","ILC2/3","CLEC2B","KLRB1",0.0339536770708485,0,"CLEC2B_KLRB1","CLEC2B - KLRB1","CLEC","Cell-Cell Contact","PMID: 24223577","PBMC_Early"
"Gamma Delta V2 T","ILC2/3","CLEC2B","KLRB1",0.042062416797831,0,"CLEC2B_KLRB1","CLEC2B - KLRB1","CLEC","Cell-Cell Contact","PMID: 24223577","PBMC_Early"
"HSC_MPP","ILC2/3","CLEC2B","KLRB1",0.0199564285314464,0,"CLEC2B_KLRB1","CLEC2B - KLRB1","CLEC","Cell-Cell Contact","PMID: 24223577","PBMC_Early"
"ILC2/3","ILC2/3","CLEC2B","KLRB1",0.0364019081606377,0,"CLEC2B_KLRB1","CLEC2B - KLRB1","CLEC","Cell-Cell Contact","PMID: 24223577","PBMC_Early"
"Naïve CD4 T","ILC2/3","CLEC2B","KLRB1",0.0219543665437716,0,"CLEC2B_KLRB1","CLEC2B - KLRB1","CLEC","Cell-Cell Contact","PMID: 24223577","PBMC_Early"
"Naïve CD8 T","ILC2/3","CLEC2B","KLRB1",0.0330265735376114,0,"CLEC2B_KLRB1","CLEC2B - KLRB1","CLEC","Cell-Cell Contact","PMID: 24223577","PBMC_Early"
"NK T","ILC2/3","CLEC2B","KLRB1",0.0404637317689166,0,"CLEC2B_KLRB1","CLEC2B - KLRB1","CLEC","Cell-Cell Contact","PMID: 24223577","PBMC_Early"
"Pro-B","ILC2/3","CLEC2B","KLRB1",0.0170687231053796,0,"CLEC2B_KLRB1","CLEC2B - KLRB1","CLEC","Cell-Cell Contact","PMID: 24223577","PBMC_Early"
"Tem","ILC2/3","CLEC2B","KLRB1",0.0410774992386057,0,"CLEC2B_KLRB1","CLEC2B - KLRB1","CLEC","Cell-Cell Contact","PMID: 24223577","PBMC_Early"
"Th17like_INNATE_T","ILC2/3","CLEC2B","KLRB1",0.0357594682743752,0,"CLEC2B_KLRB1","CLEC2B - KLRB1","CLEC","Cell-Cell Contact","PMID: 24223577","PBMC_Early"
"CX3CR1+ NK","NK T","CLEC2B","KLRB1",0.0218725507709199,0,"CLEC2B_KLRB1","CLEC2B - KLRB1","CLEC","Cell-Cell Contact","PMID: 24223577","PBMC_Early"
"CXCR6+ NK","NK T","CLEC2B","KLRB1",0.0306142965401825,0,"CLEC2B_KLRB1","CLEC2B - KLRB1","CLEC","Cell-Cell Contact","PMID: 24223577","PBMC_Early"
"DC2","NK T","CLEC2B","KLRB1",0.00251820473024944,0,"CLEC2B_KLRB1","CLEC2B - KLRB1","CLEC","Cell-Cell Contact","PMID: 24223577","PBMC_Early"
"Gamma Delta V1 T","NK T","CLEC2B","KLRB1",0.00549886357119314,0,"CLEC2B_KLRB1","CLEC2B - KLRB1","CLEC","Cell-Cell Contact","PMID: 24223577","PBMC_Early"
"Gamma Delta V2 T","NK T","CLEC2B","KLRB1",0.00686034775699881,0,"CLEC2B_KLRB1","CLEC2B - KLRB1","CLEC","Cell-Cell Contact","PMID: 24223577","PBMC_Early"
"HSC_MPP","NK T","CLEC2B","KLRB1",0.00319320811534251,0,"CLEC2B_KLRB1","CLEC2B - KLRB1","CLEC","Cell-Cell Contact","PMID: 24223577","PBMC_Early"
"ILC2/3","NK T","CLEC2B","KLRB1",0.00590790681885354,0,"CLEC2B_KLRB1","CLEC2B - KLRB1","CLEC","Cell-Cell Contact","PMID: 24223577","PBMC_Early"
"Naïve CD4 T","NK T","CLEC2B","KLRB1",0.00351892205894364,0,"CLEC2B_KLRB1","CLEC2B - KLRB1","CLEC","Cell-Cell Contact","PMID: 24223577","PBMC_Early"
"Naïve CD8 T","NK T","CLEC2B","KLRB1",0.00534441903399588,0,"CLEC2B_KLRB1","CLEC2B - KLRB1","CLEC","Cell-Cell Contact","PMID: 24223577","PBMC_Early"
"NK T","NK T","CLEC2B","KLRB1",0.00659039872473017,0,"CLEC2B_KLRB1","CLEC2B - KLRB1","CLEC","Cell-Cell Contact","PMID: 24223577","PBMC_Early"
"Pro-B","NK T","CLEC2B","KLRB1",0.00272440625298805,0,"CLEC2B_KLRB1","CLEC2B - KLRB1","CLEC","Cell-Cell Contact","PMID: 24223577","PBMC_Early"
"Tem","NK T","CLEC2B","KLRB1",0.00669394850844904,0,"CLEC2B_KLRB1","CLEC2B - KLRB1","CLEC","Cell-Cell Contact","PMID: 24223577","PBMC_Early"
"Th17like_INNATE_T","NK T","CLEC2B","KLRB1",0.00580040144243021,0,"CLEC2B_KLRB1","CLEC2B - KLRB1","CLEC","Cell-Cell Contact","PMID: 24223577","PBMC_Early"
"CX3CR1+ NK","Tem","CLEC2B","KLRB1",0.0662458058916736,0,"CLEC2B_KLRB1","CLEC2B - KLRB1","CLEC","Cell-Cell Contact","PMID: 24223577","PBMC_Early"
"CXCR6+ NK","Tem","CLEC2B","KLRB1",0.0910708788773366,0,"CLEC2B_KLRB1","CLEC2B - KLRB1","CLEC","Cell-Cell Contact","PMID: 24223577","PBMC_Early"
"DC2","Tem","CLEC2B","KLRB1",0.00794590279404974,0,"CLEC2B_KLRB1","CLEC2B - KLRB1","CLEC","Cell-Cell Contact","PMID: 24223577","PBMC_Early"
"Gamma Delta V1 T","Tem","CLEC2B","KLRB1",0.0172399885630295,0,"CLEC2B_KLRB1","CLEC2B - KLRB1","CLEC","Cell-Cell Contact","PMID: 24223577","PBMC_Early"
"Gamma Delta V2 T","Tem","CLEC2B","KLRB1",0.0214458134560813,0,"CLEC2B_KLRB1","CLEC2B - KLRB1","CLEC","Cell-Cell Contact","PMID: 24223577","PBMC_Early"
"HSC_MPP","Tem","CLEC2B","KLRB1",0.0100611228471296,0,"CLEC2B_KLRB1","CLEC2B - KLRB1","CLEC","Cell-Cell Contact","PMID: 24223577","PBMC_Early"
"ILC2/3","Tem","CLEC2B","KLRB1",0.0185061649585066,0,"CLEC2B_KLRB1","CLEC2B - KLRB1","CLEC","Cell-Cell Contact","PMID: 24223577","PBMC_Early"
"Naïve CD4 T","Tem","CLEC2B","KLRB1",0.0110795919568365,0,"CLEC2B_KLRB1","CLEC2B - KLRB1","CLEC","Cell-Cell Contact","PMID: 24223577","PBMC_Early"
"Naïve CD8 T","Tem","CLEC2B","KLRB1",0.0167613333362807,0,"CLEC2B_KLRB1","CLEC2B - KLRB1","CLEC","Cell-Cell Contact","PMID: 24223577","PBMC_Early"
"NK T","Tem","CLEC2B","KLRB1",0.0206138509153951,0,"CLEC2B_KLRB1","CLEC2B - KLRB1","CLEC","Cell-Cell Contact","PMID: 24223577","PBMC_Early"
"Pro-B","Tem","CLEC2B","KLRB1",0.0085927191507907,0,"CLEC2B_KLRB1","CLEC2B - KLRB1","CLEC","Cell-Cell Contact","PMID: 24223577","PBMC_Early"
"Tem","Tem","CLEC2B","KLRB1",0.0209330972536116,0,"CLEC2B_KLRB1","CLEC2B - KLRB1","CLEC","Cell-Cell Contact","PMID: 24223577","PBMC_Early"
"Th17like_INNATE_T","Tem","CLEC2B","KLRB1",0.0181736018295749,0,"CLEC2B_KLRB1","CLEC2B - KLRB1","CLEC","Cell-Cell Contact","PMID: 24223577","PBMC_Early"
"CX3CR1+ NK","Th17like_INNATE_T","CLEC2B","KLRB1",0.065962847056875,0,"CLEC2B_KLRB1","CLEC2B - KLRB1","CLEC","Cell-Cell Contact","PMID: 24223577","PBMC_Early"
"CXCR6+ NK","Th17like_INNATE_T","CLEC2B","KLRB1",0.0906921824814627,0,"CLEC2B_KLRB1","CLEC2B - KLRB1","CLEC","Cell-Cell Contact","PMID: 24223577","PBMC_Early"
"DC2","Th17like_INNATE_T","CLEC2B","KLRB1",0.00790985363788224,0,"CLEC2B_KLRB1","CLEC2B - KLRB1","CLEC","Cell-Cell Contact","PMID: 24223577","PBMC_Early"
"Gamma Delta V1 T","Th17like_INNATE_T","CLEC2B","KLRB1",0.0171625032467991,0,"CLEC2B_KLRB1","CLEC2B - KLRB1","CLEC","Cell-Cell Contact","PMID: 24223577","PBMC_Early"
"Gamma Delta V2 T","Th17like_INNATE_T","CLEC2B","KLRB1",0.0213498356724687,0,"CLEC2B_KLRB1","CLEC2B - KLRB1","CLEC","Cell-Cell Contact","PMID: 24223577","PBMC_Early"
"HSC_MPP","Th17like_INNATE_T","CLEC2B","KLRB1",0.0100155741946187,0,"CLEC2B_KLRB1","CLEC2B - KLRB1","CLEC","Cell-Cell Contact","PMID: 24223577","PBMC_Early"
"ILC2/3","Th17like_INNATE_T","CLEC2B","KLRB1",0.0184230954808401,0,"CLEC2B_KLRB1","CLEC2B - KLRB1","CLEC","Cell-Cell Contact","PMID: 24223577","PBMC_Early"
"Naïve CD4 T","Th17like_INNATE_T","CLEC2B","KLRB1",0.0110294838690117,0,"CLEC2B_KLRB1","CLEC2B - KLRB1","CLEC","Cell-Cell Contact","PMID: 24223577","PBMC_Early"
"Naïve CD8 T","Th17like_INNATE_T","CLEC2B","KLRB1",0.0166859628145942,0,"CLEC2B_KLRB1","CLEC2B - KLRB1","CLEC","Cell-Cell Contact","PMID: 24223577","PBMC_Early"
"NK T","Th17like_INNATE_T","CLEC2B","KLRB1",0.0205215183825014,0,"CLEC2B_KLRB1","CLEC2B - KLRB1","CLEC","Cell-Cell Contact","PMID: 24223577","PBMC_Early"
"Pro-B","Th17like_INNATE_T","CLEC2B","KLRB1",0.00855376080515275,0,"CLEC2B_KLRB1","CLEC2B - KLRB1","CLEC","Cell-Cell Contact","PMID: 24223577","PBMC_Early"
"Tem","Th17like_INNATE_T","CLEC2B","KLRB1",0.0208393651949475,0,"CLEC2B_KLRB1","CLEC2B - KLRB1","CLEC","Cell-Cell Contact","PMID: 24223577","PBMC_Early"
"Th17like_INNATE_T","Th17like_INNATE_T","CLEC2B","KLRB1",0.0180919976265796,0,"CLEC2B_KLRB1","CLEC2B - KLRB1","CLEC","Cell-Cell Contact","PMID: 24223577","PBMC_Early"
"abTentry","CD56highCD16low NK","CD69","KLRB1",0.0118009889170863,0,"CLEC2C_KLRB1","CLEC2C - KLRB1","CLEC","Cell-Cell Contact","PMID: 24223577","PBMC_Early"
"CD56highCD16low NK","CD56highCD16low NK","CD69","KLRB1",0.0188298718837117,0,"CLEC2C_KLRB1","CLEC2C - KLRB1","CLEC","Cell-Cell Contact","PMID: 24223577","PBMC_Early"
"CX3CR1+ NK","CD56highCD16low NK","CD69","KLRB1",0.0396205507895668,0,"CLEC2C_KLRB1","CLEC2C - KLRB1","CLEC","Cell-Cell Contact","PMID: 24223577","PBMC_Early"
"CXCR5- Naïve B","CD56highCD16low NK","CD69","KLRB1",0.0320461624002454,0,"CLEC2C_KLRB1","CLEC2C - KLRB1","CLEC","Cell-Cell Contact","PMID: 24223577","PBMC_Early"
"CXCR5+ Naïve B","CD56highCD16low NK","CD69","KLRB1",0.0392151997366553,0,"CLEC2C_KLRB1","CLEC2C - KLRB1","CLEC","Cell-Cell Contact","PMID: 24223577","PBMC_Early"
"CXCR6+ NK","CD56highCD16low NK","CD69","KLRB1",0.0818369116424528,0,"CLEC2C_KLRB1","CLEC2C - KLRB1","CLEC","Cell-Cell Contact","PMID: 24223577","PBMC_Early"
"Gamma Delta V1 T","CD56highCD16low NK","CD69","KLRB1",0.0419806018052814,0,"CLEC2C_KLRB1","CLEC2C - KLRB1","CLEC","Cell-Cell Contact","PMID: 24223577","PBMC_Early"
"Gamma Delta V2 T","CD56highCD16low NK","CD69","KLRB1",0.0507362722882519,0,"CLEC2C_KLRB1","CLEC2C - KLRB1","CLEC","Cell-Cell Contact","PMID: 24223577","PBMC_Early"
"HSC_MPP","CD56highCD16low NK","CD69","KLRB1",0.019407932938663,0,"CLEC2C_KLRB1","CLEC2C - KLRB1","CLEC","Cell-Cell Contact","PMID: 24223577","PBMC_Early"
"ILC2/3","CD56highCD16low NK","CD69","KLRB1",0.0610468673648682,0,"CLEC2C_KLRB1","CLEC2C - KLRB1","CLEC","Cell-Cell Contact","PMID: 24223577","PBMC_Early"
"MEMP","CD56highCD16low NK","CD69","KLRB1",0.00904857801258244,0,"CLEC2C_KLRB1","CLEC2C - KLRB1","CLEC","Cell-Cell Contact","PMID: 24223577","PBMC_Early"
"MEP","CD56highCD16low NK","CD69","KLRB1",0.029923730162733,0,"CLEC2C_KLRB1","CLEC2C - KLRB1","CLEC","Cell-Cell Contact","PMID: 24223577","PBMC_Early"
"Naïve CD4 T","CD56highCD16low NK","CD69","KLRB1",0.0284804152432901,0,"CLEC2C_KLRB1","CLEC2C - KLRB1","CLEC","Cell-Cell Contact","PMID: 24223577","PBMC_Early"
"Naïve CD8 T","CD56highCD16low NK","CD69","KLRB1",0.0395242298955553,0,"CLEC2C_KLRB1","CLEC2C - KLRB1","CLEC","Cell-Cell Contact","PMID: 24223577","PBMC_Early"
"NK T","CD56highCD16low NK","CD69","KLRB1",0.0530164385772429,0,"CLEC2C_KLRB1","CLEC2C - KLRB1","CLEC","Cell-Cell Contact","PMID: 24223577","PBMC_Early"
"Pro-B","CD56highCD16low NK","CD69","KLRB1",0.00846291716343285,0,"CLEC2C_KLRB1","CLEC2C - KLRB1","CLEC","Cell-Cell Contact","PMID: 24223577","PBMC_Early"
"Tem","CD56highCD16low NK","CD69","KLRB1",0.0687782483152625,0,"CLEC2C_KLRB1","CLEC2C - KLRB1","CLEC","Cell-Cell Contact","PMID: 24223577","PBMC_Early"
"Th17like_INNATE_T","CD56highCD16low NK","CD69","KLRB1",0.0502845184159165,0,"CLEC2C_KLRB1","CLEC2C - KLRB1","CLEC","Cell-Cell Contact","PMID: 24223577","PBMC_Early"
"Treg","CD56highCD16low NK","CD69","KLRB1",0.0335811659444373,0,"CLEC2C_KLRB1","CLEC2C - KLRB1","CLEC","Cell-Cell Contact","PMID: 24223577","PBMC_Early"
"abTentry","CX3CR1+ NK","CD69","KLRB1",0.0513467382085492,0,"CLEC2C_KLRB1","CLEC2C - KLRB1","CLEC","Cell-Cell Contact","PMID: 24223577","PBMC_Early"
"CD56highCD16low NK","CX3CR1+ NK","CD69","KLRB1",0.0800224163939718,0,"CLEC2C_KLRB1","CLEC2C - KLRB1","CLEC","Cell-Cell Contact","PMID: 24223577","PBMC_Early"
"CX3CR1+ NK","CX3CR1+ NK","CD69","KLRB1",0.157530058276324,0,"CLEC2C_KLRB1","CLEC2C - KLRB1","CLEC","Cell-Cell Contact","PMID: 24223577","PBMC_Early"
"CXCR5- Naïve B","CX3CR1+ NK","CD69","KLRB1",0.130476964276239,0,"CLEC2C_KLRB1","CLEC2C - KLRB1","CLEC","Cell-Cell Contact","PMID: 24223577","PBMC_Early"
"CXCR5+ Naïve B","CX3CR1+ NK","CD69","KLRB1",0.15611448733844,0,"CLEC2C_KLRB1","CLEC2C - KLRB1","CLEC","Cell-Cell Contact","PMID: 24223577","PBMC_Early"
"CXCR6+ NK","CX3CR1+ NK","CD69","KLRB1",0.287739569042204,0,"CLEC2C_KLRB1","CLEC2C - KLRB1","CLEC","Cell-Cell Contact","PMID: 24223577","PBMC_Early"
"Gamma Delta V1 T","CX3CR1+ NK","CD69","KLRB1",0.16570173828286,0,"CLEC2C_KLRB1","CLEC2C - KLRB1","CLEC","Cell-Cell Contact","PMID: 24223577","PBMC_Early"
"Gamma Delta V2 T","CX3CR1+ NK","CD69","KLRB1",0.195008785708219,0,"CLEC2C_KLRB1","CLEC2C - KLRB1","CLEC","Cell-Cell Contact","PMID: 24223577","PBMC_Early"
"HSC_MPP","CX3CR1+ NK","CD69","KLRB1",0.0823214230317952,0,"CLEC2C_KLRB1","CLEC2C - KLRB1","CLEC","Cell-Cell Contact","PMID: 24223577","PBMC_Early"
"ILC2/3","CX3CR1+ NK","CD69","KLRB1",0.227608437386528,0,"CLEC2C_KLRB1","CLEC2C - KLRB1","CLEC","Cell-Cell Contact","PMID: 24223577","PBMC_Early"
"MEMP","CX3CR1+ NK","CD69","KLRB1",0.0397417850017577,0,"CLEC2C_KLRB1","CLEC2C - KLRB1","CLEC","Cell-Cell Contact","PMID: 24223577","PBMC_Early"
"MEP","CX3CR1+ NK","CD69","KLRB1",0.122661533182289,0,"CLEC2C_KLRB1","CLEC2C - KLRB1","CLEC","Cell-Cell Contact","PMID: 24223577","PBMC_Early"
"Naïve CD4 T","CX3CR1+ NK","CD69","KLRB1",0.117285991687123,0,"CLEC2C_KLRB1","CLEC2C - KLRB1","CLEC","Cell-Cell Contact","PMID: 24223577","PBMC_Early"
"Naïve CD8 T","CX3CR1+ NK","CD69","KLRB1",0.157194007710285,0,"CLEC2C_KLRB1","CLEC2C - KLRB1","CLEC","Cell-Cell Contact","PMID: 24223577","PBMC_Early"
"NK T","CX3CR1+ NK","CD69","KLRB1",0.202390378561477,0,"CLEC2C_KLRB1","CLEC2C - KLRB1","CLEC","Cell-Cell Contact","PMID: 24223577","PBMC_Early"
"Pro-B","CX3CR1+ NK","CD69","KLRB1",0.037244199238379,0,"CLEC2C_KLRB1","CLEC2C - KLRB1","CLEC","Cell-Cell Contact","PMID: 24223577","PBMC_Early"
"Tem","CX3CR1+ NK","CD69","KLRB1",0.250799828674845,0,"CLEC2C_KLRB1","CLEC2C - KLRB1","CLEC","Cell-Cell Contact","PMID: 24223577","PBMC_Early"
"Th17like_INNATE_T","CX3CR1+ NK","CD69","KLRB1",0.193534336317408,0,"CLEC2C_KLRB1","CLEC2C - KLRB1","CLEC","Cell-Cell Contact","PMID: 24223577","PBMC_Early"
"Treg","CX3CR1+ NK","CD69","KLRB1",0.136064024732904,0,"CLEC2C_KLRB1","CLEC2C - KLRB1","CLEC","Cell-Cell Contact","PMID: 24223577","PBMC_Early"
"abTentry","CXCR6+ NK","CD69","KLRB1",0.0635536283073614,0,"CLEC2C_KLRB1","CLEC2C - KLRB1","CLEC","Cell-Cell Contact","PMID: 24223577","PBMC_Early"
"CD56highCD16low NK","CXCR6+ NK","CD69","KLRB1",0.0983398158620013,0,"CLEC2C_KLRB1","CLEC2C - KLRB1","CLEC","Cell-Cell Contact","PMID: 24223577","PBMC_Early"
"CX3CR1+ NK","CXCR6+ NK","CD69","KLRB1",0.189926486369033,0,"CLEC2C_KLRB1","CLEC2C - KLRB1","CLEC","Cell-Cell Contact","PMID: 24223577","PBMC_Early"
"CXCR5- Naïve B","CXCR6+ NK","CD69","KLRB1",0.158355614138412,0,"CLEC2C_KLRB1","CLEC2C - KLRB1","CLEC","Cell-Cell Contact","PMID: 24223577","PBMC_Early"
"CXCR5+ Naïve B","CXCR6+ NK","CD69","KLRB1",0.188284861765667,0,"CLEC2C_KLRB1","CLEC2C - KLRB1","CLEC","Cell-Cell Contact","PMID: 24223577","PBMC_Early"
"CXCR6+ NK","CXCR6+ NK","CD69","KLRB1",0.336226923041767,0,"CLEC2C_KLRB1","CLEC2C - KLRB1","CLEC","Cell-Cell Contact","PMID: 24223577","PBMC_Early"
"Gamma Delta V1 T","CXCR6+ NK","CD69","KLRB1",0.199380974469778,0,"CLEC2C_KLRB1","CLEC2C - KLRB1","CLEC","Cell-Cell Contact","PMID: 24223577","PBMC_Early"
"Gamma Delta V2 T","CXCR6+ NK","CD69","KLRB1",0.232981303242954,0,"CLEC2C_KLRB1","CLEC2C - KLRB1","CLEC","Cell-Cell Contact","PMID: 24223577","PBMC_Early"
"HSC_MPP","CXCR6+ NK","CD69","KLRB1",0.101107236945046,0,"CLEC2C_KLRB1","CLEC2C - KLRB1","CLEC","Cell-Cell Contact","PMID: 24223577","PBMC_Early"
"ILC2/3","CXCR6+ NK","CD69","KLRB1",0.269801270981852,0,"CLEC2C_KLRB1","CLEC2C - KLRB1","CLEC","Cell-Cell Contact","PMID: 24223577","PBMC_Early"
"MEMP","CXCR6+ NK","CD69","KLRB1",0.0493332497967821,0,"CLEC2C_KLRB1","CLEC2C - KLRB1","CLEC","Cell-Cell Contact","PMID: 24223577","PBMC_Early"
"MEP","CXCR6+ NK","CD69","KLRB1",0.149156734124314,0,"CLEC2C_KLRB1","CLEC2C - KLRB1","CLEC","Cell-Cell Contact","PMID: 24223577","PBMC_Early"
"Naïve CD4 T","CXCR6+ NK","CD69","KLRB1",0.14280906550649,0,"CLEC2C_KLRB1","CLEC2C - KLRB1","CLEC","Cell-Cell Contact","PMID: 24223577","PBMC_Early"
"Naïve CD8 T","CXCR6+ NK","CD69","KLRB1",0.189536874322139,0,"CLEC2C_KLRB1","CLEC2C - KLRB1","CLEC","Cell-Cell Contact","PMID: 24223577","PBMC_Early"
"NK T","CXCR6+ NK","CD69","KLRB1",0.241369276215692,0,"CLEC2C_KLRB1","CLEC2C - KLRB1","CLEC","Cell-Cell Contact","PMID: 24223577","PBMC_Early"
"Pro-B","CXCR6+ NK","CD69","KLRB1",0.0462619250238417,0,"CLEC2C_KLRB1","CLEC2C - KLRB1","CLEC","Cell-Cell Contact","PMID: 24223577","PBMC_Early"
"Tem","CXCR6+ NK","CD69","KLRB1",0.295646205032159,0,"CLEC2C_KLRB1","CLEC2C - KLRB1","CLEC","Cell-Cell Contact","PMID: 24223577","PBMC_Early"
"Th17like_INNATE_T","CXCR6+ NK","CD69","KLRB1",0.231302242161033,0,"CLEC2C_KLRB1","CLEC2C - KLRB1","CLEC","Cell-Cell Contact","PMID: 24223577","PBMC_Early"
"Treg","CXCR6+ NK","CD69","KLRB1",0.164910040599493,0,"CLEC2C_KLRB1","CLEC2C - KLRB1","CLEC","Cell-Cell Contact","PMID: 24223577","PBMC_Early"
"abTentry","Gamma Delta V1 T","CD69","KLRB1",0.00799136808030808,0,"CLEC2C_KLRB1","CLEC2C - KLRB1","CLEC","Cell-Cell Contact","PMID: 24223577","PBMC_Early"
"CD56highCD16low NK","Gamma Delta V1 T","CD69","KLRB1",0.0127805181271139,0,"CLEC2C_KLRB1","CLEC2C - KLRB1","CLEC","Cell-Cell Contact","PMID: 24223577","PBMC_Early"
"CX3CR1+ NK","Gamma Delta V1 T","CD69","KLRB1",0.0270762279240826,0,"CLEC2C_KLRB1","CLEC2C - KLRB1","CLEC","Cell-Cell Contact","PMID: 24223577","PBMC_Early"
"CXCR5- Naïve B","Gamma Delta V1 T","CD69","KLRB1",0.0218454285132672,0,"CLEC2C_KLRB1","CLEC2C - KLRB1","CLEC","Cell-Cell Contact","PMID: 24223577","PBMC_Early"
"CXCR5+ Naïve B","Gamma Delta V1 T","CD69","KLRB1",0.0267956348917664,0,"CLEC2C_KLRB1","CLEC2C - KLRB1","CLEC","Cell-Cell Contact","PMID: 24223577","PBMC_Early"
"CXCR6+ NK","Gamma Delta V1 T","CD69","KLRB1",0.0567157502073671,0,"CLEC2C_KLRB1","CLEC2C - KLRB1","CLEC","Cell-Cell Contact","PMID: 24223577","PBMC_Early"
"Gamma Delta V1 T","Gamma Delta V1 T","CD69","KLRB1",0.0287113983843393,0,"CLEC2C_KLRB1","CLEC2C - KLRB1","CLEC","Cell-Cell Contact","PMID: 24223577","PBMC_Early"
"Gamma Delta V2 T","Gamma Delta V1 T","CD69","KLRB1",0.0348001109268483,0,"CLEC2C_KLRB1","CLEC2C - KLRB1","CLEC","Cell-Cell Contact","PMID: 24223577","PBMC_Early"
"HSC_MPP","Gamma Delta V1 T","CD69","KLRB1",0.0131753629197021,0,"CLEC2C_KLRB1","CLEC2C - KLRB1","CLEC","Cell-Cell Contact","PMID: 24223577","PBMC_Early"
"ILC2/3","Gamma Delta V1 T","CD69","KLRB1",0.0420155101728758,0,"CLEC2C_KLRB1","CLEC2C - KLRB1","CLEC","Cell-Cell Contact","PMID: 24223577","PBMC_Early"
"MEMP","Gamma Delta V1 T","CD69","KLRB1",0.00612199184386925,0,"CLEC2C_KLRB1","CLEC2C - KLRB1","CLEC","Cell-Cell Contact","PMID: 24223577","PBMC_Early"
"MEP","Gamma Delta V1 T","CD69","KLRB1",0.0203843680185908,0,"CLEC2C_KLRB1","CLEC2C - KLRB1","CLEC","Cell-Cell Contact","PMID: 24223577","PBMC_Early"
"Naïve CD4 T","Gamma Delta V1 T","CD69","KLRB1",0.0193919685831837,0,"CLEC2C_KLRB1","CLEC2C - KLRB1","CLEC","Cell-Cell Contact","PMID: 24223577","PBMC_Early"
"Naïve CD8 T","Gamma Delta V1 T","CD69","KLRB1",0.0270095456620638,0,"CLEC2C_KLRB1","CLEC2C - KLRB1","CLEC","Cell-Cell Contact","PMID: 24223577","PBMC_Early"
"NK T","Gamma Delta V1 T","CD69","KLRB1",0.0363915380600244,0,"CLEC2C_KLRB1","CLEC2C - KLRB1","CLEC","Cell-Cell Contact","PMID: 24223577","PBMC_Early"
"Pro-B","Gamma Delta V1 T","CD69","KLRB1",0.00572465731021272,0,"CLEC2C_KLRB1","CLEC2C - KLRB1","CLEC","Cell-Cell Contact","PMID: 24223577","PBMC_Early"
"Tem","Gamma Delta V1 T","CD69","KLRB1",0.0474584576659281,0,"CLEC2C_KLRB1","CLEC2C - KLRB1","CLEC","Cell-Cell Contact","PMID: 24223577","PBMC_Early"
"Th17like_INNATE_T","Gamma Delta V1 T","CD69","KLRB1",0.0344850972421316,0,"CLEC2C_KLRB1","CLEC2C - KLRB1","CLEC","Cell-Cell Contact","PMID: 24223577","PBMC_Early"
"Treg","Gamma Delta V1 T","CD69","KLRB1",0.0229033807156407,0,"CLEC2C_KLRB1","CLEC2C - KLRB1","CLEC","Cell-Cell Contact","PMID: 24223577","PBMC_Early"
"abTentry","Gamma Delta V2 T","CD69","KLRB1",0.0265413791695483,0,"CLEC2C_KLRB1","CLEC2C - KLRB1","CLEC","Cell-Cell Contact","PMID: 24223577","PBMC_Early"
"CD56highCD16low NK","Gamma Delta V2 T","CD69","KLRB1",0.0419769619573753,0,"CLEC2C_KLRB1","CLEC2C - KLRB1","CLEC","Cell-Cell Contact","PMID: 24223577","PBMC_Early"
"CX3CR1+ NK","Gamma Delta V2 T","CD69","KLRB1",0.086082821705278,0,"CLEC2C_KLRB1","CLEC2C - KLRB1","CLEC","Cell-Cell Contact","PMID: 24223577","PBMC_Early"
"CXCR5- Naïve B","Gamma Delta V2 T","CD69","KLRB1",0.0702760593322175,0,"CLEC2C_KLRB1","CLEC2C - KLRB1","CLEC","Cell-Cell Contact","PMID: 24223577","PBMC_Early"
"CXCR5+ Naïve B","Gamma Delta V2 T","CD69","KLRB1",0.0852443154936288,0,"CLEC2C_KLRB1","CLEC2C - KLRB1","CLEC","Cell-Cell Contact","PMID: 24223577","PBMC_Early"
"CXCR6+ NK","Gamma Delta V2 T","CD69","KLRB1",0.169089180570141,0,"CLEC2C_KLRB1","CLEC2C - KLRB1","CLEC","Cell-Cell Contact","PMID: 24223577","PBMC_Early"
"Gamma Delta V1 T","Gamma Delta V2 T","CD69","KLRB1",0.0909483681716768,0,"CLEC2C_KLRB1","CLEC2C - KLRB1","CLEC","Cell-Cell Contact","PMID: 24223577","PBMC_Early"
"Gamma Delta V2 T","Gamma Delta V2 T","CD69","KLRB1",0.108757576907443,0,"CLEC2C_KLRB1","CLEC2C - KLRB1","CLEC","Cell-Cell Contact","PMID: 24223577","PBMC_Early"
"HSC_MPP","Gamma Delta V2 T","CD69","KLRB1",0.0432343072738519,0,"CLEC2C_KLRB1","CLEC2C - KLRB1","CLEC","Cell-Cell Contact","PMID: 24223577","PBMC_Early"
"ILC2/3","Gamma Delta V2 T","CD69","KLRB1",0.12925373231396,0,"CLEC2C_KLRB1","CLEC2C - KLRB1","CLEC","Cell-Cell Contact","PMID: 24223577","PBMC_Early"
"MEMP","Gamma Delta V2 T","CD69","KLRB1",0.0204220333560222,0,"CLEC2C_KLRB1","CLEC2C - KLRB1","CLEC","Cell-Cell Contact","PMID: 24223577","PBMC_Early"
"MEP","Gamma Delta V2 T","CD69","KLRB1",0.0657937472211412,0,"CLEC2C_KLRB1","CLEC2C - KLRB1","CLEC","Cell-Cell Contact","PMID: 24223577","PBMC_Early"
"Naïve CD4 T","Gamma Delta V2 T","CD69","KLRB1",0.0627321917409416,0,"CLEC2C_KLRB1","CLEC2C - KLRB1","CLEC","Cell-Cell Contact","PMID: 24223577","PBMC_Early"
"Naïve CD8 T","Gamma Delta V2 T","CD69","KLRB1",0.0858836482054155,0,"CLEC2C_KLRB1","CLEC2C - KLRB1","CLEC","Cell-Cell Contact","PMID: 24223577","PBMC_Early"
"NK T","Gamma Delta V2 T","CD69","KLRB1",0.113333988834942,0,"CLEC2C_KLRB1","CLEC2C - KLRB1","CLEC","Cell-Cell Contact","PMID: 24223577","PBMC_Early"
"Pro-B","Gamma Delta V2 T","CD69","KLRB1",0.0191144354361668,0,"CLEC2C_KLRB1","CLEC2C - KLRB1","CLEC","Cell-Cell Contact","PMID: 24223577","PBMC_Early"
"Tem","Gamma Delta V2 T","CD69","KLRB1",0.144295793050487,0,"CLEC2C_KLRB1","CLEC2C - KLRB1","CLEC","Cell-Cell Contact","PMID: 24223577","PBMC_Early"
"Th17like_INNATE_T","Gamma Delta V2 T","CD69","KLRB1",0.107847897765038,0,"CLEC2C_KLRB1","CLEC2C - KLRB1","CLEC","Cell-Cell Contact","PMID: 24223577","PBMC_Early"
"Treg","Gamma Delta V2 T","CD69","KLRB1",0.0735032103406169,0,"CLEC2C_KLRB1","CLEC2C - KLRB1","CLEC","Cell-Cell Contact","PMID: 24223577","PBMC_Early"
"abTentry","ILC2/3","CD69","KLRB1",0.0539904956417783,0,"CLEC2C_KLRB1","CLEC2C - KLRB1","CLEC","Cell-Cell Contact","PMID: 24223577","PBMC_Early"
"CD56highCD16low NK","ILC2/3","CD69","KLRB1",0.0840118822012633,0,"CLEC2C_KLRB1","CLEC2C - KLRB1","CLEC","Cell-Cell Contact","PMID: 24223577","PBMC_Early"
"CX3CR1+ NK","ILC2/3","CD69","KLRB1",0.164691877981121,0,"CLEC2C_KLRB1","CLEC2C - KLRB1","CLEC","Cell-Cell Contact","PMID: 24223577","PBMC_Early"
"CXCR5- Naïve B","ILC2/3","CD69","KLRB1",0.136608298066489,0,"CLEC2C_KLRB1","CLEC2C - KLRB1","CLEC","Cell-Cell Contact","PMID: 24223577","PBMC_Early"
"CXCR5+ Naïve B","ILC2/3","CD69","KLRB1",0.163224419398564,0,"CLEC2C_KLRB1","CLEC2C - KLRB1","CLEC","Cell-Cell Contact","PMID: 24223577","PBMC_Early"
"CXCR6+ NK","ILC2/3","CD69","KLRB1",0.298722113724908,0,"CLEC2C_KLRB1","CLEC2C - KLRB1","CLEC","Cell-Cell Contact","PMID: 24223577","PBMC_Early"
"Gamma Delta V1 T","ILC2/3","CD69","KLRB1",0.17315870949152,0,"CLEC2C_KLRB1","CLEC2C - KLRB1","CLEC","Cell-Cell Contact","PMID: 24223577","PBMC_Early"
"Gamma Delta V2 T","ILC2/3","CD69","KLRB1",0.203463002426976,0,"CLEC2C_KLRB1","CLEC2C - KLRB1","CLEC","Cell-Cell Contact","PMID: 24223577","PBMC_Early"
"HSC_MPP","ILC2/3","CD69","KLRB1",0.0864147383400779,0,"CLEC2C_KLRB1","CLEC2C - KLRB1","CLEC","Cell-Cell Contact","PMID: 24223577","PBMC_Early"
"ILC2/3","ILC2/3","CD69","KLRB1",0.237059750044728,0,"CLEC2C_KLRB1","CLEC2C - KLRB1","CLEC","Cell-Cell Contact","PMID: 24223577","PBMC_Early"
"MEMP","ILC2/3","CD69","KLRB1",0.041814360087422,0,"CLEC2C_KLRB1","CLEC2C - KLRB1","CLEC","Cell-Cell Contact","PMID: 24223577","PBMC_Early"
"MEP","ILC2/3","CD69","KLRB1",0.128479872644632,0,"CLEC2C_KLRB1","CLEC2C - KLRB1","CLEC","Cell-Cell Contact","PMID: 24223577","PBMC_Early"
"Naïve CD4 T","ILC2/3","CD69","KLRB1",0.122885061694329,0,"CLEC2C_KLRB1","CLEC2C - KLRB1","CLEC","Cell-Cell Contact","PMID: 24223577","PBMC_Early"
"Naïve CD8 T","ILC2/3","CD69","KLRB1",0.164343529801957,0,"CLEC2C_KLRB1","CLEC2C - KLRB1","CLEC","Cell-Cell Contact","PMID: 24223577","PBMC_Early"
"NK T","ILC2/3","CD69","KLRB1",0.211080697005818,0,"CLEC2C_KLRB1","CLEC2C - KLRB1","CLEC","Cell-Cell Contact","PMID: 24223577","PBMC_Early"
"Pro-B","ILC2/3","CD69","KLRB1",0.0391918387227885,0,"CLEC2C_KLRB1","CLEC2C - KLRB1","CLEC","Cell-Cell Contact","PMID: 24223577","PBMC_Early"
"Tem","ILC2/3","CD69","KLRB1",0.260888877391727,0,"CLEC2C_KLRB1","CLEC2C - KLRB1","CLEC","Cell-Cell Contact","PMID: 24223577","PBMC_Early"
"Th17like_INNATE_T","ILC2/3","CD69","KLRB1",0.20194066669619,0,"CLEC2C_KLRB1","CLEC2C - KLRB1","CLEC","Cell-Cell Contact","PMID: 24223577","PBMC_Early"
"Treg","ILC2/3","CD69","KLRB1",0.142414902940018,0,"CLEC2C_KLRB1","CLEC2C - KLRB1","CLEC","Cell-Cell Contact","PMID: 24223577","PBMC_Early"
"abTentry","NK T","CD69","KLRB1",0.00889853944474348,0,"CLEC2C_KLRB1","CLEC2C - KLRB1","CLEC","Cell-Cell Contact","PMID: 24223577","PBMC_Early"
"CD56highCD16low NK","NK T","CD69","KLRB1",0.014223553509918,0,"CLEC2C_KLRB1","CLEC2C - KLRB1","CLEC","Cell-Cell Contact","PMID: 24223577","PBMC_Early"
"CX3CR1+ NK","NK T","CD69","KLRB1",0.0300841894861559,0,"CLEC2C_KLRB1","CLEC2C - KLRB1","CLEC","Cell-Cell Contact","PMID: 24223577","PBMC_Early"
"CXCR5- Naïve B","NK T","CD69","KLRB1",0.0242867941830677,0,"CLEC2C_KLRB1","CLEC2C - KLRB1","CLEC","Cell-Cell Contact","PMID: 24223577","PBMC_Early"
"CXCR5+ Naïve B","NK T","CD69","KLRB1",0.029773378633226,0,"CLEC2C_KLRB1","CLEC2C - KLRB1","CLEC","Cell-Cell Contact","PMID: 24223577","PBMC_Early"
"CXCR6+ NK","NK T","CD69","KLRB1",0.0628038847720539,0,"CLEC2C_KLRB1","CLEC2C - KLRB1","CLEC","Cell-Cell Contact","PMID: 24223577","PBMC_Early"
"Gamma Delta V1 T","NK T","CD69","KLRB1",0.0318950597247533,0,"CLEC2C_KLRB1","CLEC2C - KLRB1","CLEC","Cell-Cell Contact","PMID: 24223577","PBMC_Early"
"Gamma Delta V2 T","NK T","CD69","KLRB1",0.0386320654210763,0,"CLEC2C_KLRB1","CLEC2C - KLRB1","CLEC","Cell-Cell Contact","PMID: 24223577","PBMC_Early"
"HSC_MPP","NK T","CD69","KLRB1",0.014662317698037,0,"CLEC2C_KLRB1","CLEC2C - KLRB1","CLEC","Cell-Cell Contact","PMID: 24223577","PBMC_Early"
"ILC2/3","NK T","CD69","KLRB1",0.0466036138691695,0,"CLEC2C_KLRB1","CLEC2C - KLRB1","CLEC","Cell-Cell Contact","PMID: 24223577","PBMC_Early"
"MEMP","NK T","CD69","KLRB1",0.00681841225073628,0,"CLEC2C_KLRB1","CLEC2C - KLRB1","CLEC","Cell-Cell Contact","PMID: 24223577","PBMC_Early"
"MEP","NK T","CD69","KLRB1",0.0226662345414798,0,"CLEC2C_KLRB1","CLEC2C - KLRB1","CLEC","Cell-Cell Contact","PMID: 24223577","PBMC_Early"
"Naïve CD4 T","NK T","CD69","KLRB1",0.0215651895009637,0,"CLEC2C_KLRB1","CLEC2C - KLRB1","CLEC","Cell-Cell Contact","PMID: 24223577","PBMC_Early"
"Naïve CD8 T","NK T","CD69","KLRB1",0.0300103278355925,0,"CLEC2C_KLRB1","CLEC2C - KLRB1","CLEC","Cell-Cell Contact","PMID: 24223577","PBMC_Early"
"NK T","NK T","CD69","KLRB1",0.0403913965451567,0,"CLEC2C_KLRB1","CLEC2C - KLRB1","CLEC","Cell-Cell Contact","PMID: 24223577","PBMC_Early"
"Pro-B","NK T","CD69","KLRB1",0.00637616804466725,0,"CLEC2C_KLRB1","CLEC2C - KLRB1","CLEC","Cell-Cell Contact","PMID: 24223577","PBMC_Early"
"Tem","NK T","CD69","KLRB1",0.0526082922736528,0,"CLEC2C_KLRB1","CLEC2C - KLRB1","CLEC","Cell-Cell Contact","PMID: 24223577","PBMC_Early"
"Th17like_INNATE_T","NK T","CD69","KLRB1",0.0382837403796857,0,"CLEC2C_KLRB1","CLEC2C - KLRB1","CLEC","Cell-Cell Contact","PMID: 24223577","PBMC_Early"
"Treg","NK T","CD69","KLRB1",0.0254599018518052,0,"CLEC2C_KLRB1","CLEC2C - KLRB1","CLEC","Cell-Cell Contact","PMID: 24223577","PBMC_Early"
"abTentry","Tem","CD69","KLRB1",0.0276964632661107,0,"CLEC2C_KLRB1","CLEC2C - KLRB1","CLEC","Cell-Cell Contact","PMID: 24223577","PBMC_Early"
"CD56highCD16low NK","Tem","CD69","KLRB1",0.043773597500784,0,"CLEC2C_KLRB1","CLEC2C - KLRB1","CLEC","Cell-Cell Contact","PMID: 24223577","PBMC_Early"
"CX3CR1+ NK","Tem","CD69","KLRB1",0.0895906751789064,0,"CLEC2C_KLRB1","CLEC2C - KLRB1","CLEC","Cell-Cell Contact","PMID: 24223577","PBMC_Early"
"CXCR5- Naïve B","Tem","CD69","KLRB1",0.0731913758933055,0,"CLEC2C_KLRB1","CLEC2C - KLRB1","CLEC","Cell-Cell Contact","PMID: 24223577","PBMC_Early"
"CXCR5+ Naïve B","Tem","CD69","KLRB1",0.0887213171013825,0,"CLEC2C_KLRB1","CLEC2C - KLRB1","CLEC","Cell-Cell Contact","PMID: 24223577","PBMC_Early"
"CXCR6+ NK","Tem","CD69","KLRB1",0.17533060832282,0,"CLEC2C_KLRB1","CLEC2C - KLRB1","CLEC","Cell-Cell Contact","PMID: 24223577","PBMC_Early"
"Gamma Delta V1 T","Tem","CD69","KLRB1",0.0946339610791078,0,"CLEC2C_KLRB1","CLEC2C - KLRB1","CLEC","Cell-Cell Contact","PMID: 24223577","PBMC_Early"
"Gamma Delta V2 T","Tem","CD69","KLRB1",0.113075099547099,0,"CLEC2C_KLRB1","CLEC2C - KLRB1","CLEC","Cell-Cell Contact","PMID: 24223577","PBMC_Early"
"HSC_MPP","Tem","CD69","KLRB1",0.0450822254392106,0,"CLEC2C_KLRB1","CLEC2C - KLRB1","CLEC","Cell-Cell Contact","PMID: 24223577","PBMC_Early"
"ILC2/3","Tem","CD69","KLRB1",0.134262347332621,0,"CLEC2C_KLRB1","CLEC2C - KLRB1","CLEC","Cell-Cell Contact","PMID: 24223577","PBMC_Early"
"MEMP","Tem","CD69","KLRB1",0.0213166344822186,0,"CLEC2C_KLRB1","CLEC2C - KLRB1","CLEC","Cell-Cell Contact","PMID: 24223577","PBMC_Early"
"MEP","Tem","CD69","KLRB1",0.068536827786245,0,"CLEC2C_KLRB1","CLEC2C - KLRB1","CLEC","Cell-Cell Contact","PMID: 24223577","PBMC_Early"
"Naïve CD4 T","Tem","CD69","KLRB1",0.0653565593942279,0,"CLEC2C_KLRB1","CLEC2C - KLRB1","CLEC","Cell-Cell Contact","PMID: 24223577","PBMC_Early"
"Naïve CD8 T","Tem","CD69","KLRB1",0.0893841792072805,0,"CLEC2C_KLRB1","CLEC2C - KLRB1","CLEC","Cell-Cell Contact","PMID: 24223577","PBMC_Early"
"NK T","Tem","CD69","KLRB1",0.117809173534656,0,"CLEC2C_KLRB1","CLEC2C - KLRB1","CLEC","Cell-Cell Contact","PMID: 24223577","PBMC_Early"
"Pro-B","Tem","CD69","KLRB1",0.0199529230768912,0,"CLEC2C_KLRB1","CLEC2C - KLRB1","CLEC","Cell-Cell Contact","PMID: 24223577","PBMC_Early"
"Tem","Tem","CD69","KLRB1",0.149787023262659,0,"CLEC2C_KLRB1","CLEC2C - KLRB1","CLEC","Cell-Cell Contact","PMID: 24223577","PBMC_Early"
"Th17like_INNATE_T","Tem","CD69","KLRB1",0.11213385106709,0,"CLEC2C_KLRB1","CLEC2C - KLRB1","CLEC","Cell-Cell Contact","PMID: 24223577","PBMC_Early"
"Treg","Tem","CD69","KLRB1",0.0765413798440301,0,"CLEC2C_KLRB1","CLEC2C - KLRB1","CLEC","Cell-Cell Contact","PMID: 24223577","PBMC_Early"
"abTentry","Th17like_INNATE_T","CD69","KLRB1",0.0275732997981421,0,"CLEC2C_KLRB1","CLEC2C - KLRB1","CLEC","Cell-Cell Contact","PMID: 24223577","PBMC_Early"
"CD56highCD16low NK","Th17like_INNATE_T","CD69","KLRB1",0.043582145180247,0,"CLEC2C_KLRB1","CLEC2C - KLRB1","CLEC","Cell-Cell Contact","PMID: 24223577","PBMC_Early"
"CX3CR1+ NK","Th17like_INNATE_T","CD69","KLRB1",0.0892175296930536,0,"CLEC2C_KLRB1","CLEC2C - KLRB1","CLEC","Cell-Cell Contact","PMID: 24223577","PBMC_Early"
"CXCR5- Naïve B","Th17like_INNATE_T","CD69","KLRB1",0.0728810656718054,0,"CLEC2C_KLRB1","CLEC2C - KLRB1","CLEC","Cell-Cell Contact","PMID: 24223577","PBMC_Early"
"CXCR5+ Naïve B","Th17like_INNATE_T","CD69","KLRB1",0.0883514411037544,0,"CLEC2C_KLRB1","CLEC2C - KLRB1","CLEC","Cell-Cell Contact","PMID: 24223577","PBMC_Early"
"CXCR6+ NK","Th17like_INNATE_T","CD69","KLRB1",0.174668869391907,0,"CLEC2C_KLRB1","CLEC2C - KLRB1","CLEC","Cell-Cell Contact","PMID: 24223577","PBMC_Early"
"Gamma Delta V1 T","Th17like_INNATE_T","CD69","KLRB1",0.0942419846755286,0,"CLEC2C_KLRB1","CLEC2C - KLRB1","CLEC","Cell-Cell Contact","PMID: 24223577","PBMC_Early"
"Gamma Delta V2 T","Th17like_INNATE_T","CD69","KLRB1",0.112616240631765,0,"CLEC2C_KLRB1","CLEC2C - KLRB1","CLEC","Cell-Cell Contact","PMID: 24223577","PBMC_Early"
"HSC_MPP","Th17like_INNATE_T","CD69","KLRB1",0.0448853182437031,0,"CLEC2C_KLRB1","CLEC2C - KLRB1","CLEC","Cell-Cell Contact","PMID: 24223577","PBMC_Early"
"ILC2/3","Th17like_INNATE_T","CD69","KLRB1",0.133730474274517,0,"CLEC2C_KLRB1","CLEC2C - KLRB1","CLEC","Cell-Cell Contact","PMID: 24223577","PBMC_Early"
"MEMP","Th17like_INNATE_T","CD69","KLRB1",0.0212212222839631,0,"CLEC2C_KLRB1","CLEC2C - KLRB1","CLEC","Cell-Cell Contact","PMID: 24223577","PBMC_Early"
"MEP","Th17like_INNATE_T","CD69","KLRB1",0.0682447984075045,0,"CLEC2C_KLRB1","CLEC2C - KLRB1","CLEC","Cell-Cell Contact","PMID: 24223577","PBMC_Early"
"Naïve CD4 T","Th17like_INNATE_T","CD69","KLRB1",0.0650771341222866,0,"CLEC2C_KLRB1","CLEC2C - KLRB1","CLEC","Cell-Cell Contact","PMID: 24223577","PBMC_Early"
"Naïve CD8 T","Th17like_INNATE_T","CD69","KLRB1",0.0890118096891451,0,"CLEC2C_KLRB1","CLEC2C - KLRB1","CLEC","Cell-Cell Contact","PMID: 24223577","PBMC_Early"
"NK T","Th17like_INNATE_T","CD69","KLRB1",0.117333645198411,0,"CLEC2C_KLRB1","CLEC2C - KLRB1","CLEC","Cell-Cell Contact","PMID: 24223577","PBMC_Early"
"Pro-B","Th17like_INNATE_T","CD69","KLRB1",0.0198634908975425,0,"CLEC2C_KLRB1","CLEC2C - KLRB1","CLEC","Cell-Cell Contact","PMID: 24223577","PBMC_Early"
"Tem","Th17like_INNATE_T","CD69","KLRB1",0.149204249190526,0,"CLEC2C_KLRB1","CLEC2C - KLRB1","CLEC","Cell-Cell Contact","PMID: 24223577","PBMC_Early"
"Th17like_INNATE_T","Th17like_INNATE_T","CD69","KLRB1",0.111678330790959,0,"CLEC2C_KLRB1","CLEC2C - KLRB1","CLEC","Cell-Cell Contact","PMID: 24223577","PBMC_Early"
"Treg","Th17like_INNATE_T","CD69","KLRB1",0.0762180345936878,0,"CLEC2C_KLRB1","CLEC2C - KLRB1","CLEC","Cell-Cell Contact","PMID: 24223577","PBMC_Early"
"CD14+PPBP+ Monocytes","CD56highCD16low NK","CLEC1B","KLRB1",0.033007838463214,0,"CLEC1B_KLRB1","CLEC1B - KLRB1","CLEC","Cell-Cell Contact","PMID: 24223577","PBMC_Early"
"Megakaryocytes","CD56highCD16low NK","CLEC1B","KLRB1",0.041598386336879,0,"CLEC1B_KLRB1","CLEC1B - KLRB1","CLEC","Cell-Cell Contact","PMID: 24223577","PBMC_Early"
"MEP","CD56highCD16low NK","CLEC1B","KLRB1",0.0371775451681827,0,"CLEC1B_KLRB1","CLEC1B - KLRB1","CLEC","Cell-Cell Contact","PMID: 24223577","PBMC_Early"
"CD14+PPBP+ Monocytes","CX3CR1+ NK","CLEC1B","KLRB1",0.133983593008076,0,"CLEC1B_KLRB1","CLEC1B - KLRB1","CLEC","Cell-Cell Contact","PMID: 24223577","PBMC_Early"
"Megakaryocytes","CX3CR1+ NK","CLEC1B","KLRB1",0.164386378260589,0,"CLEC1B_KLRB1","CLEC1B - KLRB1","CLEC","Cell-Cell Contact","PMID: 24223577","PBMC_Early"
"MEP","CX3CR1+ NK","CLEC1B","KLRB1",0.148944289842119,0,"CLEC1B_KLRB1","CLEC1B - KLRB1","CLEC","Cell-Cell Contact","PMID: 24223577","PBMC_Early"
"CD14+PPBP+ Monocytes","CXCR6+ NK","CLEC1B","KLRB1",0.162471495848886,0,"CLEC1B_KLRB1","CLEC1B - KLRB1","CLEC","Cell-Cell Contact","PMID: 24223577","PBMC_Early"
"Megakaryocytes","CXCR6+ NK","CLEC1B","KLRB1",0.197861669190122,0,"CLEC1B_KLRB1","CLEC1B - KLRB1","CLEC","Cell-Cell Contact","PMID: 24223577","PBMC_Early"
"MEP","CXCR6+ NK","CLEC1B","KLRB1",0.179952185675573,0,"CLEC1B_KLRB1","CLEC1B - KLRB1","CLEC","Cell-Cell Contact","PMID: 24223577","PBMC_Early"
"CD14+PPBP+ Monocytes","Gamma Delta V1 T","CLEC1B","KLRB1",0.0225081080425621,0,"CLEC1B_KLRB1","CLEC1B - KLRB1","CLEC","Cell-Cell Contact","PMID: 24223577","PBMC_Early"
"Megakaryocytes","Gamma Delta V1 T","CLEC1B","KLRB1",0.0284464061355566,0,"CLEC1B_KLRB1","CLEC1B - KLRB1","CLEC","Cell-Cell Contact","PMID: 24223577","PBMC_Early"
"MEP","Gamma Delta V1 T","CLEC1B","KLRB1",0.0253862600909515,0,"CLEC1B_KLRB1","CLEC1B - KLRB1","CLEC","Cell-Cell Contact","PMID: 24223577","PBMC_Early"
"CD14+PPBP+ Monocytes","Gamma Delta V2 T","CLEC1B","KLRB1",0.072299288669173,0,"CLEC1B_KLRB1","CLEC1B - KLRB1","CLEC","Cell-Cell Contact","PMID: 24223577","PBMC_Early"
"Megakaryocytes","Gamma Delta V2 T","CLEC1B","KLRB1",0.0901622806333643,0,"CLEC1B_KLRB1","CLEC1B - KLRB1","CLEC","Cell-Cell Contact","PMID: 24223577","PBMC_Early"
"MEP","Gamma Delta V2 T","CLEC1B","KLRB1",0.081016626779493,0,"CLEC1B_KLRB1","CLEC1B - KLRB1","CLEC","Cell-Cell Contact","PMID: 24223577","PBMC_Early"
"CD14+PPBP+ Monocytes","ILC2/3","CLEC1B","KLRB1",0.14025312999969,0,"CLEC1B_KLRB1","CLEC1B - KLRB1","CLEC","Cell-Cell Contact","PMID: 24223577","PBMC_Early"
"Megakaryocytes","ILC2/3","CLEC1B","KLRB1",0.171796344276168,0,"CLEC1B_KLRB1","CLEC1B - KLRB1","CLEC","Cell-Cell Contact","PMID: 24223577","PBMC_Early"
"MEP","ILC2/3","CLEC1B","KLRB1",0.155787953367869,0,"CLEC1B_KLRB1","CLEC1B - KLRB1","CLEC","Cell-Cell Contact","PMID: 24223577","PBMC_Early"
"CD14+PPBP+ Monocytes","NK T","CLEC1B","KLRB1",0.0250216379133223,0,"CLEC1B_KLRB1","CLEC1B - KLRB1","CLEC","Cell-Cell Contact","PMID: 24223577","PBMC_Early"
"Megakaryocytes","NK T","CLEC1B","KLRB1",0.0316016398496488,0,"CLEC1B_KLRB1","CLEC1B - KLRB1","CLEC","Cell-Cell Contact","PMID: 24223577","PBMC_Early"
"MEP","NK T","CLEC1B","KLRB1",0.0282119231481355,0,"CLEC1B_KLRB1","CLEC1B - KLRB1","CLEC","Cell-Cell Contact","PMID: 24223577","PBMC_Early"
"CD14+PPBP+ Monocytes","Tem","CLEC1B","KLRB1",0.0752917394384423,0,"CLEC1B_KLRB1","CLEC1B - KLRB1","CLEC","Cell-Cell Contact","PMID: 24223577","PBMC_Early"
"Megakaryocytes","Tem","CLEC1B","KLRB1",0.0938193057796998,0,"CLEC1B_KLRB1","CLEC1B - KLRB1","CLEC","Cell-Cell Contact","PMID: 24223577","PBMC_Early"
"MEP","Tem","CLEC1B","KLRB1",0.0843370851115997,0,"CLEC1B_KLRB1","CLEC1B - KLRB1","CLEC","Cell-Cell Contact","PMID: 24223577","PBMC_Early"
"CD14+PPBP+ Monocytes","Th17like_INNATE_T","CLEC1B","KLRB1",0.0749732446397461,0,"CLEC1B_KLRB1","CLEC1B - KLRB1","CLEC","Cell-Cell Contact","PMID: 24223577","PBMC_Early"
"Megakaryocytes","Th17like_INNATE_T","CLEC1B","KLRB1",0.0934303554827083,0,"CLEC1B_KLRB1","CLEC1B - KLRB1","CLEC","Cell-Cell Contact","PMID: 24223577","PBMC_Early"
"MEP","Th17like_INNATE_T","CLEC1B","KLRB1",0.0839838023397063,0,"CLEC1B_KLRB1","CLEC1B - KLRB1","CLEC","Cell-Cell Contact","PMID: 24223577","PBMC_Early"
"DC2","abTentry","EFNB1","EPHA4",0.00161841655774642,0,"EFNB1_EPHA4","EFNB1 - EPHA4","EPHB","Cell-Cell Contact","PMID: 15114347","PBMC_Early"
"DC2","CD56highCD16low NK","EFNB1","EPHA4",0.000239608780933179,0,"EFNB1_EPHA4","EFNB1 - EPHA4","EPHB","Cell-Cell Contact","PMID: 15114347","PBMC_Early"
"DC2","CXCR5- Naïve B","EFNB1","EPHA4",0.000825273152728055,0,"EFNB1_EPHA4","EFNB1 - EPHA4","EPHB","Cell-Cell Contact","PMID: 15114347","PBMC_Early"
"DC2","Gamma Delta V1 T","EFNB1","EPHA4",0.000853876144663379,0,"EFNB1_EPHA4","EFNB1 - EPHA4","EPHB","Cell-Cell Contact","PMID: 15114347","PBMC_Early"
"DC2","Gamma Delta V2 T","EFNB1","EPHA4",0.000933343514095418,0,"EFNB1_EPHA4","EFNB1 - EPHA4","EPHB","Cell-Cell Contact","PMID: 15114347","PBMC_Early"
"DC2","Naïve CD4 T","EFNB1","EPHA4",0.000671377163771367,0,"EFNB1_EPHA4","EFNB1 - EPHA4","EPHB","Cell-Cell Contact","PMID: 15114347","PBMC_Early"
"DC2","Naïve CD8 T","EFNB1","EPHA4",0.000623756440638139,0,"EFNB1_EPHA4","EFNB1 - EPHA4","EPHB","Cell-Cell Contact","PMID: 15114347","PBMC_Early"
"DC2","NK T","EFNB1","EPHA4",0.000907111478612079,0,"EFNB1_EPHA4","EFNB1 - EPHA4","EPHB","Cell-Cell Contact","PMID: 15114347","PBMC_Early"
"DC2","Tem","EFNB1","EPHA4",0.000928460003799515,0,"EFNB1_EPHA4","EFNB1 - EPHA4","EPHB","Cell-Cell Contact","PMID: 15114347","PBMC_Early"
"DC2","Th17like_INNATE_T","EFNB1","EPHA4",0.00096005939376257,0,"EFNB1_EPHA4","EFNB1 - EPHA4","EPHB","Cell-Cell Contact","PMID: 15114347","PBMC_Early"
"DC2","pDC","EFNB1","EPHB1",0.0027448050264002,0,"EFNB1_EPHB1","EFNB1 - EPHB1","EPHB","Cell-Cell Contact","PMID: 15114347","PBMC_Early"
"CD14+PPBP+ Monocytes","CD14+PPBP+ Monocytes","ESAM","ESAM",0.0279071167140156,0,"ESAM_ESAM","ESAM - ESAM","ESAM","Cell-Cell Contact","KEGG: hsa04514; PMID: 11279107","PBMC_Early"
"Megakaryocytes","CD14+PPBP+ Monocytes","ESAM","ESAM",0.0467877173460489,0,"ESAM_ESAM","ESAM - ESAM","ESAM","Cell-Cell Contact","KEGG: hsa04514; PMID: 11279107","PBMC_Early"
"MEP","CD14+PPBP+ Monocytes","ESAM","ESAM",0.00557640723922296,0,"ESAM_ESAM","ESAM - ESAM","ESAM","Cell-Cell Contact","KEGG: hsa04514; PMID: 11279107","PBMC_Early"
"CD14+PPBP+ Monocytes","Megakaryocytes","ESAM","ESAM",0.0467877173460489,0,"ESAM_ESAM","ESAM - ESAM","ESAM","Cell-Cell Contact","KEGG: hsa04514; PMID: 11279107","PBMC_Early"
"Megakaryocytes","Megakaryocytes","ESAM","ESAM",0.077424624724248,0,"ESAM_ESAM","ESAM - ESAM","ESAM","Cell-Cell Contact","KEGG: hsa04514; PMID: 11279107","PBMC_Early"
"MEP","Megakaryocytes","ESAM","ESAM",0.00949672801664895,0,"ESAM_ESAM","ESAM - ESAM","ESAM","Cell-Cell Contact","KEGG: hsa04514; PMID: 11279107","PBMC_Early"
"CD14+PPBP+ Monocytes","MEP","ESAM","ESAM",0.00557640723922296,0,"ESAM_ESAM","ESAM - ESAM","ESAM","Cell-Cell Contact","KEGG: hsa04514; PMID: 11279107","PBMC_Early"
"Megakaryocytes","MEP","ESAM","ESAM",0.00949672801664895,0,"ESAM_ESAM","ESAM - ESAM","ESAM","Cell-Cell Contact","KEGG: hsa04514; PMID: 11279107","PBMC_Early"
"MEP","MEP","ESAM","ESAM",0.00109416664154912,0,"ESAM_ESAM","ESAM - ESAM","ESAM","Cell-Cell Contact","KEGG: hsa04514; PMID: 11279107","PBMC_Early"
"CD14+PPBP+ Monocytes","CD14+PPBP+ Monocytes","GP1BA","ITGAM_ITGB2",0.0405006635495321,0,"GP1BA_ITGAM_ITGB2","GP1BA - (ITGAM+ITGB2)","GP1BA","Cell-Cell Contact","PMC2194217","PBMC_Early"
"Megakaryocytes","CD14+PPBP+ Monocytes","GP1BA","ITGAM_ITGB2",0.0710505092608352,0,"GP1BA_ITGAM_ITGB2","GP1BA - (ITGAM+ITGB2)","GP1BA","Cell-Cell Contact","PMC2194217","PBMC_Early"
"MEP","CD14+PPBP+ Monocytes","GP1BA","ITGAM_ITGB2",0.0219149801927796,0,"GP1BA_ITGAM_ITGB2","GP1BA - (ITGAM+ITGB2)","GP1BA","Cell-Cell Contact","PMC2194217","PBMC_Early"
"CD14+PPBP+ Monocytes","CD56highCD16low NK","GP1BA","ITGAM_ITGB2",0.0293692639018239,0,"GP1BA_ITGAM_ITGB2","GP1BA - (ITGAM+ITGB2)","GP1BA","Cell-Cell Contact","PMC2194217","PBMC_Early"
"Megakaryocytes","CD56highCD16low NK","GP1BA","ITGAM_ITGB2",0.0519774902528799,0,"GP1BA_ITGAM_ITGB2","GP1BA - (ITGAM+ITGB2)","GP1BA","Cell-Cell Contact","PMC2194217","PBMC_Early"
"MEP","CD56highCD16low NK","GP1BA","ITGAM_ITGB2",0.0158076038145803,0,"GP1BA_ITGAM_ITGB2","GP1BA - (ITGAM+ITGB2)","GP1BA","Cell-Cell Contact","PMC2194217","PBMC_Early"
"CD14+PPBP+ Monocytes","Classical Monocytes","GP1BA","ITGAM_ITGB2",0.0343608541356381,0,"GP1BA_ITGAM_ITGB2","GP1BA - (ITGAM+ITGB2)","GP1BA","Cell-Cell Contact","PMC2194217","PBMC_Early"
"Megakaryocytes","Classical Monocytes","GP1BA","ITGAM_ITGB2",0.0605717783870771,0,"GP1BA_ITGAM_ITGB2","GP1BA - (ITGAM+ITGB2)","GP1BA","Cell-Cell Contact","PMC2194217","PBMC_Early"
"MEP","Classical Monocytes","GP1BA","ITGAM_ITGB2",0.0185382812962685,0,"GP1BA_ITGAM_ITGB2","GP1BA - (ITGAM+ITGB2)","GP1BA","Cell-Cell Contact","PMC2194217","PBMC_Early"
"CD14+PPBP+ Monocytes","CX3CR1+ NK","GP1BA","ITGAM_ITGB2",0.0373467275615039,0,"GP1BA_ITGAM_ITGB2","GP1BA - (ITGAM+ITGB2)","GP1BA","Cell-Cell Contact","PMC2194217","PBMC_Early"
"Megakaryocytes","CX3CR1+ NK","GP1BA","ITGAM_ITGB2",0.0656803953089682,0,"GP1BA_ITGAM_ITGB2","GP1BA - (ITGAM+ITGB2)","GP1BA","Cell-Cell Contact","PMC2194217","PBMC_Early"
"MEP","CX3CR1+ NK","GP1BA","ITGAM_ITGB2",0.020177942914763,0,"GP1BA_ITGAM_ITGB2","GP1BA - (ITGAM+ITGB2)","GP1BA","Cell-Cell Contact","PMC2194217","PBMC_Early"
"CD14+PPBP+ Monocytes","DC2","GP1BA","ITGAM_ITGB2",0.038831696798279,0,"GP1BA_ITGAM_ITGB2","GP1BA - (ITGAM+ITGB2)","GP1BA","Cell-Cell Contact","PMC2194217","PBMC_Early"
"Megakaryocytes","DC2","GP1BA","ITGAM_ITGB2",0.0682121304688003,0,"GP1BA_ITGAM_ITGB2","GP1BA - (ITGAM+ITGB2)","GP1BA","Cell-Cell Contact","PMC2194217","PBMC_Early"
"MEP","DC2","GP1BA","ITGAM_ITGB2",0.0209951407342528,0,"GP1BA_ITGAM_ITGB2","GP1BA - (ITGAM+ITGB2)","GP1BA","Cell-Cell Contact","PMC2194217","PBMC_Early"
"CD14+PPBP+ Monocytes","Myeloid-CD177","GP1BA","ITGAM_ITGB2",0.028650729829591,0,"GP1BA_ITGAM_ITGB2","GP1BA - (ITGAM+ITGB2)","GP1BA","Cell-Cell Contact","PMC2194217","PBMC_Early"
"Megakaryocytes","Myeloid-CD177","GP1BA","ITGAM_ITGB2",0.0507347459604134,0,"GP1BA_ITGAM_ITGB2","GP1BA - (ITGAM+ITGB2)","GP1BA","Cell-Cell Contact","PMC2194217","PBMC_Early"
"MEP","Myeloid-CD177","GP1BA","ITGAM_ITGB2",0.0154155931491498,0,"GP1BA_ITGAM_ITGB2","GP1BA - (ITGAM+ITGB2)","GP1BA","Cell-Cell Contact","PMC2194217","PBMC_Early"
"DC2","CD14+PPBP+ Monocytes","ICAM1","ITGAX_ITGB2",0.00397199918695629,0,"ICAM1_ITGAX_ITGB2","ICAM1 - (ITGAX+ITGB2)","ICAM","Cell-Cell Contact","PMID: 16252253","PBMC_Early"
"DC2","Classical Monocytes","ICAM1","ITGAX_ITGB2",0.00506816885450827,0,"ICAM1_ITGAX_ITGB2","ICAM1 - (ITGAX+ITGB2)","ICAM","Cell-Cell Contact","PMID: 16252253","PBMC_Early"
"DC2","DC2","ICAM1","ITGAX_ITGB2",0.0064670955969827,0,"ICAM1_ITGAX_ITGB2","ICAM1 - (ITGAX+ITGB2)","ICAM","Cell-Cell Contact","PMID: 16252253","PBMC_Early"
"DC2","Myeloid-CD177","ICAM1","ITGAX_ITGB2",0.00522078861737942,0,"ICAM1_ITGAX_ITGB2","ICAM1 - (ITGAX+ITGB2)","ICAM","Cell-Cell Contact","PMID: 16252253","PBMC_Early"
"DC2","abTentry","ICAM1","ITGAL_ITGB2",0.00204018853621574,0,"ICAM1_ITGAL_ITGB2","ICAM1 - (ITGAL+ITGB2)","ICAM","Cell-Cell Contact","KEGG: hsa04514","PBMC_Early"
"DC2","CD14+PPBP+ Monocytes","ICAM1","ITGAL_ITGB2",0.00371329975880323,0,"ICAM1_ITGAL_ITGB2","ICAM1 - (ITGAL+ITGB2)","ICAM","Cell-Cell Contact","KEGG: hsa04514","PBMC_Early"
"DC2","CD56highCD16low NK","ICAM1","ITGAL_ITGB2",0.00561803661542814,0,"ICAM1_ITGAL_ITGB2","ICAM1 - (ITGAL+ITGB2)","ICAM","Cell-Cell Contact","KEGG: hsa04514","PBMC_Early"
"DC2","Classical Monocytes","ICAM1","ITGAL_ITGB2",0.00482106946440604,0,"ICAM1_ITGAL_ITGB2","ICAM1 - (ITGAL+ITGB2)","ICAM","Cell-Cell Contact","KEGG: hsa04514","PBMC_Early"
"DC2","CX3CR1+ NK","ICAM1","ITGAL_ITGB2",0.00580174488238601,0,"ICAM1_ITGAL_ITGB2","ICAM1 - (ITGAL+ITGB2)","ICAM","Cell-Cell Contact","KEGG: hsa04514","PBMC_Early"
"DC2","CXCR6+ NK","ICAM1","ITGAL_ITGB2",0.00516356107248179,0,"ICAM1_ITGAL_ITGB2","ICAM1 - (ITGAL+ITGB2)","ICAM","Cell-Cell Contact","KEGG: hsa04514","PBMC_Early"
"DC2","DC2","ICAM1","ITGAL_ITGB2",0.00603879719020672,0,"ICAM1_ITGAL_ITGB2","ICAM1 - (ITGAL+ITGB2)","ICAM","Cell-Cell Contact","KEGG: hsa04514","PBMC_Early"
"DC2","Gamma Delta V1 T","ICAM1","ITGAL_ITGB2",0.00424609595397568,0,"ICAM1_ITGAL_ITGB2","ICAM1 - (ITGAL+ITGB2)","ICAM","Cell-Cell Contact","KEGG: hsa04514","PBMC_Early"
"DC2","Gamma Delta V2 T","ICAM1","ITGAL_ITGB2",0.00397097982760643,0,"ICAM1_ITGAL_ITGB2","ICAM1 - (ITGAL+ITGB2)","ICAM","Cell-Cell Contact","KEGG: hsa04514","PBMC_Early"
"DC2","ILC2/3","ICAM1","ITGAL_ITGB2",0.00332619375692227,0,"ICAM1_ITGAL_ITGB2","ICAM1 - (ITGAL+ITGB2)","ICAM","Cell-Cell Contact","KEGG: hsa04514","PBMC_Early"
"DC2","Myeloid-CD177","ICAM1","ITGAL_ITGB2",0.00408364193928821,0,"ICAM1_ITGAL_ITGB2","ICAM1 - (ITGAL+ITGB2)","ICAM","Cell-Cell Contact","KEGG: hsa04514","PBMC_Early"
"DC2","Naïve CD8 T","ICAM1","ITGAL_ITGB2",0.00261679067014593,0,"ICAM1_ITGAL_ITGB2","ICAM1 - (ITGAL+ITGB2)","ICAM","Cell-Cell Contact","KEGG: hsa04514","PBMC_Early"
"DC2","NK T","ICAM1","ITGAL_ITGB2",0.00423491848295622,0,"ICAM1_ITGAL_ITGB2","ICAM1 - (ITGAL+ITGB2)","ICAM","Cell-Cell Contact","KEGG: hsa04514","PBMC_Early"
"DC2","pDC","ICAM1","ITGAL_ITGB2",0.0018112999478008,0,"ICAM1_ITGAL_ITGB2","ICAM1 - (ITGAL+ITGB2)","ICAM","Cell-Cell Contact","KEGG: hsa04514","PBMC_Early"
"DC2","Th17like_INNATE_T","ICAM1","ITGAL_ITGB2",0.00343438332304975,0,"ICAM1_ITGAL_ITGB2","ICAM1 - (ITGAL+ITGB2)","ICAM","Cell-Cell Contact","KEGG: hsa04514","PBMC_Early"
"DC2","Treg","ICAM1","ITGAL_ITGB2",0.00298168506474243,0,"ICAM1_ITGAL_ITGB2","ICAM1 - (ITGAL+ITGB2)","ICAM","Cell-Cell Contact","KEGG: hsa04514","PBMC_Early"
"CD14+PPBP+ Monocytes","abTentry","ICAM2","ITGAL_ITGB2",0.0123000272309781,0,"ICAM2_ITGAL_ITGB2","ICAM2 - (ITGAL+ITGB2)","ICAM","Cell-Cell Contact","KEGG: hsa04514","PBMC_Early"
"CX3CR1+ NK","abTentry","ICAM2","ITGAL_ITGB2",0.00534332343569449,0,"ICAM2_ITGAL_ITGB2","ICAM2 - (ITGAL+ITGB2)","ICAM","Cell-Cell Contact","KEGG: hsa04514","PBMC_Early"
"CXCR5- Naïve B","abTentry","ICAM2","ITGAL_ITGB2",0.00402385742828344,0,"ICAM2_ITGAL_ITGB2","ICAM2 - (ITGAL+ITGB2)","ICAM","Cell-Cell Contact","KEGG: hsa04514","PBMC_Early"
"CXCR5+ Naïve B","abTentry","ICAM2","ITGAL_ITGB2",0.00397836298193928,0,"ICAM2_ITGAL_ITGB2","ICAM2 - (ITGAL+ITGB2)","ICAM","Cell-Cell Contact","KEGG: hsa04514","PBMC_Early"
"CXCR6+ NK","abTentry","ICAM2","ITGAL_ITGB2",0.0049077562672744,0,"ICAM2_ITGAL_ITGB2","ICAM2 - (ITGAL+ITGB2)","ICAM","Cell-Cell Contact","KEGG: hsa04514","PBMC_Early"
"DC2","abTentry","ICAM2","ITGAL_ITGB2",0.00233695582123674,0,"ICAM2_ITGAL_ITGB2","ICAM2 - (ITGAL+ITGB2)","ICAM","Cell-Cell Contact","KEGG: hsa04514","PBMC_Early"
"Gamma Delta V1 T","abTentry","ICAM2","ITGAL_ITGB2",0.00487815824530204,0,"ICAM2_ITGAL_ITGB2","ICAM2 - (ITGAL+ITGB2)","ICAM","Cell-Cell Contact","KEGG: hsa04514","PBMC_Early"
"Gamma Delta V2 T","abTentry","ICAM2","ITGAL_ITGB2",0.00494910149874716,0,"ICAM2_ITGAL_ITGB2","ICAM2 - (ITGAL+ITGB2)","ICAM","Cell-Cell Contact","KEGG: hsa04514","PBMC_Early"
"HSC_MPP","abTentry","ICAM2","ITGAL_ITGB2",0.00661139444785111,0,"ICAM2_ITGAL_ITGB2","ICAM2 - (ITGAL+ITGB2)","ICAM","Cell-Cell Contact","KEGG: hsa04514","PBMC_Early"
"ILC2/3","abTentry","ICAM2","ITGAL_ITGB2",0.00596086917965237,0,"ICAM2_ITGAL_ITGB2","ICAM2 - (ITGAL+ITGB2)","ICAM","Cell-Cell Contact","KEGG: hsa04514","PBMC_Early"
"Megakaryocytes","abTentry","ICAM2","ITGAL_ITGB2",0.00928368220824472,0,"ICAM2_ITGAL_ITGB2","ICAM2 - (ITGAL+ITGB2)","ICAM","Cell-Cell Contact","KEGG: hsa04514","PBMC_Early"
"MEMP","abTentry","ICAM2","ITGAL_ITGB2",0.00719120404184174,0,"ICAM2_ITGAL_ITGB2","ICAM2 - (ITGAL+ITGB2)","ICAM","Cell-Cell Contact","KEGG: hsa04514","PBMC_Early"
"MEP","abTentry","ICAM2","ITGAL_ITGB2",0.0165596384298768,0,"ICAM2_ITGAL_ITGB2","ICAM2 - (ITGAL+ITGB2)","ICAM","Cell-Cell Contact","KEGG: hsa04514","PBMC_Early"
"Naïve CD4 T","abTentry","ICAM2","ITGAL_ITGB2",0.00457054344767586,0,"ICAM2_ITGAL_ITGB2","ICAM2 - (ITGAL+ITGB2)","ICAM","Cell-Cell Contact","KEGG: hsa04514","PBMC_Early"
"Naïve CD8 T","abTentry","ICAM2","ITGAL_ITGB2",0.00379056259932309,0,"ICAM2_ITGAL_ITGB2","ICAM2 - (ITGAL+ITGB2)","ICAM","Cell-Cell Contact","KEGG: hsa04514","PBMC_Early"
"NK T","abTentry","ICAM2","ITGAL_ITGB2",0.00529910211920737,0,"ICAM2_ITGAL_ITGB2","ICAM2 - (ITGAL+ITGB2)","ICAM","Cell-Cell Contact","KEGG: hsa04514","PBMC_Early"
"Tem","abTentry","ICAM2","ITGAL_ITGB2",0.0143720180682665,0,"ICAM2_ITGAL_ITGB2","ICAM2 - (ITGAL+ITGB2)","ICAM","Cell-Cell Contact","KEGG: hsa04514","PBMC_Early"
"Th17like_INNATE_T","abTentry","ICAM2","ITGAL_ITGB2",0.0131114557672109,0,"ICAM2_ITGAL_ITGB2","ICAM2 - (ITGAL+ITGB2)","ICAM","Cell-Cell Contact","KEGG: hsa04514","PBMC_Early"
"Treg","abTentry","ICAM2","ITGAL_ITGB2",0.00536410909798206,0,"ICAM2_ITGAL_ITGB2","ICAM2 - (ITGAL+ITGB2)","ICAM","Cell-Cell Contact","KEGG: hsa04514","PBMC_Early"
"CD14+PPBP+ Monocytes","CD14+PPBP+ Monocytes","ICAM2","ITGAL_ITGB2",0.0221998258373952,0,"ICAM2_ITGAL_ITGB2","ICAM2 - (ITGAL+ITGB2)","ICAM","Cell-Cell Contact","KEGG: hsa04514","PBMC_Early"
"CX3CR1+ NK","CD14+PPBP+ Monocytes","ICAM2","ITGAL_ITGB2",0.00969893243995192,0,"ICAM2_ITGAL_ITGB2","ICAM2 - (ITGAL+ITGB2)","ICAM","Cell-Cell Contact","KEGG: hsa04514","PBMC_Early"
"CXCR5- Naïve B","CD14+PPBP+ Monocytes","ICAM2","ITGAL_ITGB2",0.00731181054295206,0,"ICAM2_ITGAL_ITGB2","ICAM2 - (ITGAL+ITGB2)","ICAM","Cell-Cell Contact","KEGG: hsa04514","PBMC_Early"
"CXCR5+ Naïve B","CD14+PPBP+ Monocytes","ICAM2","ITGAL_ITGB2",0.0072294117482964,0,"ICAM2_ITGAL_ITGB2","ICAM2 - (ITGAL+ITGB2)","ICAM","Cell-Cell Contact","KEGG: hsa04514","PBMC_Early"
"CXCR6+ NK","CD14+PPBP+ Monocytes","ICAM2","ITGAL_ITGB2",0.00891149382881269,0,"ICAM2_ITGAL_ITGB2","ICAM2 - (ITGAL+ITGB2)","ICAM","Cell-Cell Contact","KEGG: hsa04514","PBMC_Early"
"DC2","CD14+PPBP+ Monocytes","ICAM2","ITGAL_ITGB2",0.00425240196889452,0,"ICAM2_ITGAL_ITGB2","ICAM2 - (ITGAL+ITGB2)","ICAM","Cell-Cell Contact","KEGG: hsa04514","PBMC_Early"
"Gamma Delta V1 T","CD14+PPBP+ Monocytes","ICAM2","ITGAL_ITGB2",0.00885796474017155,0,"ICAM2_ITGAL_ITGB2","ICAM2 - (ITGAL+ITGB2)","ICAM","Cell-Cell Contact","KEGG: hsa04514","PBMC_Early"
"Gamma Delta V2 T","CD14+PPBP+ Monocytes","ICAM2","ITGAL_ITGB2",0.00898626382009575,0,"ICAM2_ITGAL_ITGB2","ICAM2 - (ITGAL+ITGB2)","ICAM","Cell-Cell Contact","KEGG: hsa04514","PBMC_Early"
"HSC_MPP","CD14+PPBP+ Monocytes","ICAM2","ITGAL_ITGB2",0.0119882128787598,0,"ICAM2_ITGAL_ITGB2","ICAM2 - (ITGAL+ITGB2)","ICAM","Cell-Cell Contact","KEGG: hsa04514","PBMC_Early"
"ILC2/3","CD14+PPBP+ Monocytes","ICAM2","ITGAL_ITGB2",0.0108143973417143,0,"ICAM2_ITGAL_ITGB2","ICAM2 - (ITGAL+ITGB2)","ICAM","Cell-Cell Contact","KEGG: hsa04514","PBMC_Early"
"Megakaryocytes","CD14+PPBP+ Monocytes","ICAM2","ITGAL_ITGB2",0.0167970322523806,0,"ICAM2_ITGAL_ITGB2","ICAM2 - (ITGAL+ITGB2)","ICAM","Cell-Cell Contact","KEGG: hsa04514","PBMC_Early"
"MEMP","CD14+PPBP+ Monocytes","ICAM2","ITGAL_ITGB2",0.0130333749131131,0,"ICAM2_ITGAL_ITGB2","ICAM2 - (ITGAL+ITGB2)","ICAM","Cell-Cell Contact","KEGG: hsa04514","PBMC_Early"
"MEP","CD14+PPBP+ Monocytes","ICAM2","ITGAL_ITGB2",0.0297844429292284,0,"ICAM2_ITGAL_ITGB2","ICAM2 - (ITGAL+ITGB2)","ICAM","Cell-Cell Contact","KEGG: hsa04514","PBMC_Early"
"Naïve CD4 T","CD14+PPBP+ Monocytes","ICAM2","ITGAL_ITGB2",0.0083014784576044,0,"ICAM2_ITGAL_ITGB2","ICAM2 - (ITGAL+ITGB2)","ICAM","Cell-Cell Contact","KEGG: hsa04514","PBMC_Early"
"Naïve CD8 T","CD14+PPBP+ Monocytes","ICAM2","ITGAL_ITGB2",0.00688920566206578,0,"ICAM2_ITGAL_ITGB2","ICAM2 - (ITGAL+ITGB2)","ICAM","Cell-Cell Contact","KEGG: hsa04514","PBMC_Early"
"NK T","CD14+PPBP+ Monocytes","ICAM2","ITGAL_ITGB2",0.00961901272558906,0,"ICAM2_ITGAL_ITGB2","ICAM2 - (ITGAL+ITGB2)","ICAM","Cell-Cell Contact","KEGG: hsa04514","PBMC_Early"
"Tem","CD14+PPBP+ Monocytes","ICAM2","ITGAL_ITGB2",0.0258957558266194,0,"ICAM2_ITGAL_ITGB2","ICAM2 - (ITGAL+ITGB2)","ICAM","Cell-Cell Contact","KEGG: hsa04514","PBMC_Early"
"Th17like_INNATE_T","CD14+PPBP+ Monocytes","ICAM2","ITGAL_ITGB2",0.0236487036795261,0,"ICAM2_ITGAL_ITGB2","ICAM2 - (ITGAL+ITGB2)","ICAM","Cell-Cell Contact","KEGG: hsa04514","PBMC_Early"
"Treg","CD14+PPBP+ Monocytes","ICAM2","ITGAL_ITGB2",0.00973649567475787,0,"ICAM2_ITGAL_ITGB2","ICAM2 - (ITGAL+ITGB2)","ICAM","Cell-Cell Contact","KEGG: hsa04514","PBMC_Early"
"CD14+PPBP+ Monocytes","CD56highCD16low NK","ICAM2","ITGAL_ITGB2",0.0332705556468922,0,"ICAM2_ITGAL_ITGB2","ICAM2 - (ITGAL+ITGB2)","ICAM","Cell-Cell Contact","KEGG: hsa04514","PBMC_Early"
"CX3CR1+ NK","CD56highCD16low NK","ICAM2","ITGAL_ITGB2",0.0146289161648585,0,"ICAM2_ITGAL_ITGB2","ICAM2 - (ITGAL+ITGB2)","ICAM","Cell-Cell Contact","KEGG: hsa04514","PBMC_Early"
"CXCR5- Naïve B","CD56highCD16low NK","ICAM2","ITGAL_ITGB2",0.0110419454538389,0,"ICAM2_ITGAL_ITGB2","ICAM2 - (ITGAL+ITGB2)","ICAM","Cell-Cell Contact","KEGG: hsa04514","PBMC_Early"
"CXCR5+ Naïve B","CD56highCD16low NK","ICAM2","ITGAL_ITGB2",0.0109179730751279,0,"ICAM2_ITGAL_ITGB2","ICAM2 - (ITGAL+ITGB2)","ICAM","Cell-Cell Contact","KEGG: hsa04514","PBMC_Early"
"CXCR6+ NK","CD56highCD16low NK","ICAM2","ITGAL_ITGB2",0.0134466560007298,0,"ICAM2_ITGAL_ITGB2","ICAM2 - (ITGAL+ITGB2)","ICAM","Cell-Cell Contact","KEGG: hsa04514","PBMC_Early"
"DC2","CD56highCD16low NK","ICAM2","ITGAL_ITGB2",0.00643188601288653,0,"ICAM2_ITGAL_ITGB2","ICAM2 - (ITGAL+ITGB2)","ICAM","Cell-Cell Contact","KEGG: hsa04514","PBMC_Early"
"Gamma Delta V1 T","CD56highCD16low NK","ICAM2","ITGAL_ITGB2",0.013366252732151,0,"ICAM2_ITGAL_ITGB2","ICAM2 - (ITGAL+ITGB2)","ICAM","Cell-Cell Contact","KEGG: hsa04514","PBMC_Early"
"Gamma Delta V2 T","CD56highCD16low NK","ICAM2","ITGAL_ITGB2",0.0135589567292595,0,"ICAM2_ITGAL_ITGB2","ICAM2 - (ITGAL+ITGB2)","ICAM","Cell-Cell Contact","KEGG: hsa04514","PBMC_Early"
"HSC_MPP","CD56highCD16low NK","ICAM2","ITGAL_ITGB2",0.0180606197311679,0,"ICAM2_ITGAL_ITGB2","ICAM2 - (ITGAL+ITGB2)","ICAM","Cell-Cell Contact","KEGG: hsa04514","PBMC_Early"
"ILC2/3","CD56highCD16low NK","ICAM2","ITGAL_ITGB2",0.0163020400942152,0,"ICAM2_ITGAL_ITGB2","ICAM2 - (ITGAL+ITGB2)","ICAM","Cell-Cell Contact","KEGG: hsa04514","PBMC_Early"
"Megakaryocytes","CD56highCD16low NK","ICAM2","ITGAL_ITGB2",0.025243023868394,0,"ICAM2_ITGAL_ITGB2","ICAM2 - (ITGAL+ITGB2)","ICAM","Cell-Cell Contact","KEGG: hsa04514","PBMC_Early"
"MEMP","CD56highCD16low NK","ICAM2","ITGAL_ITGB2",0.0196246736958142,0,"ICAM2_ITGAL_ITGB2","ICAM2 - (ITGAL+ITGB2)","ICAM","Cell-Cell Contact","KEGG: hsa04514","PBMC_Early"
"MEP","CD56highCD16low NK","ICAM2","ITGAL_ITGB2",0.0444655088126308,0,"ICAM2_ITGAL_ITGB2","ICAM2 - (ITGAL+ITGB2)","ICAM","Cell-Cell Contact","KEGG: hsa04514","PBMC_Early"
"Naïve CD4 T","CD56highCD16low NK","ICAM2","ITGAL_ITGB2",0.0125301216350278,0,"ICAM2_ITGAL_ITGB2","ICAM2 - (ITGAL+ITGB2)","ICAM","Cell-Cell Contact","KEGG: hsa04514","PBMC_Early"
"Naïve CD8 T","CD56highCD16low NK","ICAM2","ITGAL_ITGB2",0.0104060078239829,0,"ICAM2_ITGAL_ITGB2","ICAM2 - (ITGAL+ITGB2)","ICAM","Cell-Cell Contact","KEGG: hsa04514","PBMC_Early"
"NK T","CD56highCD16low NK","ICAM2","ITGAL_ITGB2",0.0145089682999384,0,"ICAM2_ITGAL_ITGB2","ICAM2 - (ITGAL+ITGB2)","ICAM","Cell-Cell Contact","KEGG: hsa04514","PBMC_Early"
"Tem","CD56highCD16low NK","ICAM2","ITGAL_ITGB2",0.0387365755034322,0,"ICAM2_ITGAL_ITGB2","ICAM2 - (ITGAL+ITGB2)","ICAM","Cell-Cell Contact","KEGG: hsa04514","PBMC_Early"
"Th17like_INNATE_T","CD56highCD16low NK","ICAM2","ITGAL_ITGB2",0.0354157976668839,0,"ICAM2_ITGAL_ITGB2","ICAM2 - (ITGAL+ITGB2)","ICAM","Cell-Cell Contact","KEGG: hsa04514","PBMC_Early"
"Treg","CD56highCD16low NK","ICAM2","ITGAL_ITGB2",0.0146852897162249,0,"ICAM2_ITGAL_ITGB2","ICAM2 - (ITGAL+ITGB2)","ICAM","Cell-Cell Contact","KEGG: hsa04514","PBMC_Early"
"CD14+PPBP+ Monocytes","Classical Monocytes","ICAM2","ITGAL_ITGB2",0.0286639158010196,0,"ICAM2_ITGAL_ITGB2","ICAM2 - (ITGAL+ITGB2)","ICAM","Cell-Cell Contact","KEGG: hsa04514","PBMC_Early"
"CX3CR1+ NK","Classical Monocytes","ICAM2","ITGAL_ITGB2",0.0125698361472069,0,"ICAM2_ITGAL_ITGB2","ICAM2 - (ITGAL+ITGB2)","ICAM","Cell-Cell Contact","KEGG: hsa04514","PBMC_Early"
"CXCR5- Naïve B","Classical Monocytes","ICAM2","ITGAL_ITGB2",0.00948288748470233,0,"ICAM2_ITGAL_ITGB2","ICAM2 - (ITGAL+ITGB2)","ICAM","Cell-Cell Contact","KEGG: hsa04514","PBMC_Early"
"CXCR5+ Naïve B","Classical Monocytes","ICAM2","ITGAL_ITGB2",0.0093762533230883,0,"ICAM2_ITGAL_ITGB2","ICAM2 - (ITGAL+ITGB2)","ICAM","Cell-Cell Contact","KEGG: hsa04514","PBMC_Early"
"CXCR6+ NK","Classical Monocytes","ICAM2","ITGAL_ITGB2",0.0115520330658252,0,"ICAM2_ITGAL_ITGB2","ICAM2 - (ITGAL+ITGB2)","ICAM","Cell-Cell Contact","KEGG: hsa04514","PBMC_Early"
"DC2","Classical Monocytes","ICAM2","ITGAL_ITGB2",0.00552010818206091,0,"ICAM2_ITGAL_ITGB2","ICAM2 - (ITGAL+ITGB2)","ICAM","Cell-Cell Contact","KEGG: hsa04514","PBMC_Early"
"Gamma Delta V1 T","Classical Monocytes","ICAM2","ITGAL_ITGB2",0.0114828266934396,0,"ICAM2_ITGAL_ITGB2","ICAM2 - (ITGAL+ITGB2)","ICAM","Cell-Cell Contact","KEGG: hsa04514","PBMC_Early"
"Gamma Delta V2 T","Classical Monocytes","ICAM2","ITGAL_ITGB2",0.0116486975432388,0,"ICAM2_ITGAL_ITGB2","ICAM2 - (ITGAL+ITGB2)","ICAM","Cell-Cell Contact","KEGG: hsa04514","PBMC_Early"
"HSC_MPP","Classical Monocytes","ICAM2","ITGAL_ITGB2",0.0155261242118273,0,"ICAM2_ITGAL_ITGB2","ICAM2 - (ITGAL+ITGB2)","ICAM","Cell-Cell Contact","KEGG: hsa04514","PBMC_Early"
"ILC2/3","Classical Monocytes","ICAM2","ITGAL_ITGB2",0.0140108095312336,0,"ICAM2_ITGAL_ITGB2","ICAM2 - (ITGAL+ITGB2)","ICAM","Cell-Cell Contact","KEGG: hsa04514","PBMC_Early"
"Megakaryocytes","Classical Monocytes","ICAM2","ITGAL_ITGB2",0.021722899979542,0,"ICAM2_ITGAL_ITGB2","ICAM2 - (ITGAL+ITGB2)","ICAM","Cell-Cell Contact","KEGG: hsa04514","PBMC_Early"
"MEMP","Classical Monocytes","ICAM2","ITGAL_ITGB2",0.0168744621243229,0,"ICAM2_ITGAL_ITGB2","ICAM2 - (ITGAL+ITGB2)","ICAM","Cell-Cell Contact","KEGG: hsa04514","PBMC_Early"
"MEP","Classical Monocytes","ICAM2","ITGAL_ITGB2",0.0383703391389248,0,"ICAM2_ITGAL_ITGB2","ICAM2 - (ITGAL+ITGB2)","ICAM","Cell-Cell Contact","KEGG: hsa04514","PBMC_Early"
"Naïve CD4 T","Classical Monocytes","ICAM2","ITGAL_ITGB2",0.0107632287525908,0,"ICAM2_ITGAL_ITGB2","ICAM2 - (ITGAL+ITGB2)","ICAM","Cell-Cell Contact","KEGG: hsa04514","PBMC_Early"
"Naïve CD8 T","Classical Monocytes","ICAM2","ITGAL_ITGB2",0.00893592919865688,0,"ICAM2_ITGAL_ITGB2","ICAM2 - (ITGAL+ITGB2)","ICAM","Cell-Cell Contact","KEGG: hsa04514","PBMC_Early"
"NK T","Classical Monocytes","ICAM2","ITGAL_ITGB2",0.0124665578372374,0,"ICAM2_ITGAL_ITGB2","ICAM2 - (ITGAL+ITGB2)","ICAM","Cell-Cell Contact","KEGG: hsa04514","PBMC_Early"
"Tem","Classical Monocytes","ICAM2","ITGAL_ITGB2",0.0333992580861418,0,"ICAM2_ITGAL_ITGB2","ICAM2 - (ITGAL+ITGB2)","ICAM","Cell-Cell Contact","KEGG: hsa04514","PBMC_Early"
"Th17like_INNATE_T","Classical Monocytes","ICAM2","ITGAL_ITGB2",0.0305215055056966,0,"ICAM2_ITGAL_ITGB2","ICAM2 - (ITGAL+ITGB2)","ICAM","Cell-Cell Contact","KEGG: hsa04514","PBMC_Early"
"Treg","Classical Monocytes","ICAM2","ITGAL_ITGB2",0.0126183765006064,0,"ICAM2_ITGAL_ITGB2","ICAM2 - (ITGAL+ITGB2)","ICAM","Cell-Cell Contact","KEGG: hsa04514","PBMC_Early"
"CD14+PPBP+ Monocytes","CX3CR1+ NK","ICAM2","ITGAL_ITGB2",0.0343272786362353,0,"ICAM2_ITGAL_ITGB2","ICAM2 - (ITGAL+ITGB2)","ICAM","Cell-Cell Contact","KEGG: hsa04514","PBMC_Early"
"CX3CR1+ NK","CX3CR1+ NK","ICAM2","ITGAL_ITGB2",0.0151028025057778,0,"ICAM2_ITGAL_ITGB2","ICAM2 - (ITGAL+ITGB2)","ICAM","Cell-Cell Contact","KEGG: hsa04514","PBMC_Early"
"CXCR5- Naïve B","CX3CR1+ NK","ICAM2","ITGAL_ITGB2",0.0114009805562099,0,"ICAM2_ITGAL_ITGB2","ICAM2 - (ITGAL+ITGB2)","ICAM","Cell-Cell Contact","KEGG: hsa04514","PBMC_Early"
"CXCR5+ Naïve B","CX3CR1+ NK","ICAM2","ITGAL_ITGB2",0.0112730230947661,0,"ICAM2_ITGAL_ITGB2","ICAM2 - (ITGAL+ITGB2)","ICAM","Cell-Cell Contact","KEGG: hsa04514","PBMC_Early"
"CXCR6+ NK","CX3CR1+ NK","ICAM2","ITGAL_ITGB2",0.0138827840047373,0,"ICAM2_ITGAL_ITGB2","ICAM2 - (ITGAL+ITGB2)","ICAM","Cell-Cell Contact","KEGG: hsa04514","PBMC_Early"
"DC2","CX3CR1+ NK","ICAM2","ITGAL_ITGB2",0.00664202917275911,0,"ICAM2_ITGAL_ITGB2","ICAM2 - (ITGAL+ITGB2)","ICAM","Cell-Cell Contact","KEGG: hsa04514","PBMC_Early"
"Gamma Delta V1 T","CX3CR1+ NK","ICAM2","ITGAL_ITGB2",0.0137998094191185,0,"ICAM2_ITGAL_ITGB2","ICAM2 - (ITGAL+ITGB2)","ICAM","Cell-Cell Contact","KEGG: hsa04514","PBMC_Early"
"Gamma Delta V2 T","CX3CR1+ NK","ICAM2","ITGAL_ITGB2",0.0139986754050002,0,"ICAM2_ITGAL_ITGB2","ICAM2 - (ITGAL+ITGB2)","ICAM","Cell-Cell Contact","KEGG: hsa04514","PBMC_Early"
"HSC_MPP","CX3CR1+ NK","ICAM2","ITGAL_ITGB2",0.0186435687286543,0,"ICAM2_ITGAL_ITGB2","ICAM2 - (ITGAL+ITGB2)","ICAM","Cell-Cell Contact","KEGG: hsa04514","PBMC_Early"
"ILC2/3","CX3CR1+ NK","ICAM2","ITGAL_ITGB2",0.0168291996300653,0,"ICAM2_ITGAL_ITGB2","ICAM2 - (ITGAL+ITGB2)","ICAM","Cell-Cell Contact","KEGG: hsa04514","PBMC_Early"
"Megakaryocytes","CX3CR1+ NK","ICAM2","ITGAL_ITGB2",0.0260516512472716,0,"ICAM2_ITGAL_ITGB2","ICAM2 - (ITGAL+ITGB2)","ICAM","Cell-Cell Contact","KEGG: hsa04514","PBMC_Early"
"MEMP","CX3CR1+ NK","ICAM2","ITGAL_ITGB2",0.020257064757808,0,"ICAM2_ITGAL_ITGB2","ICAM2 - (ITGAL+ITGB2)","ICAM","Cell-Cell Contact","KEGG: hsa04514","PBMC_Early"
"MEP","CX3CR1+ NK","ICAM2","ITGAL_ITGB2",0.0458609324747788,0,"ICAM2_ITGAL_ITGB2","ICAM2 - (ITGAL+ITGB2)","ICAM","Cell-Cell Contact","KEGG: hsa04514","PBMC_Early"
"Naïve CD4 T","CX3CR1+ NK","ICAM2","ITGAL_ITGB2",0.0129369126354123,0,"ICAM2_ITGAL_ITGB2","ICAM2 - (ITGAL+ITGB2)","ICAM","Cell-Cell Contact","KEGG: hsa04514","PBMC_Early"
"Naïve CD8 T","CX3CR1+ NK","ICAM2","ITGAL_ITGB2",0.0107445897104836,0,"ICAM2_ITGAL_ITGB2","ICAM2 - (ITGAL+ITGB2)","ICAM","Cell-Cell Contact","KEGG: hsa04514","PBMC_Early"
"NK T","CX3CR1+ NK","ICAM2","ITGAL_ITGB2",0.0149790281385402,0,"ICAM2_ITGAL_ITGB2","ICAM2 - (ITGAL+ITGB2)","ICAM","Cell-Cell Contact","KEGG: hsa04514","PBMC_Early"
"Tem","CX3CR1+ NK","ICAM2","ITGAL_ITGB2",0.0399597313974769,0,"ICAM2_ITGAL_ITGB2","ICAM2 - (ITGAL+ITGB2)","ICAM","Cell-Cell Contact","KEGG: hsa04514","PBMC_Early"
"Th17like_INNATE_T","CX3CR1+ NK","ICAM2","ITGAL_ITGB2",0.0365380815330167,0,"ICAM2_ITGAL_ITGB2","ICAM2 - (ITGAL+ITGB2)","ICAM","Cell-Cell Contact","KEGG: hsa04514","PBMC_Early"
"Treg","CX3CR1+ NK","ICAM2","ITGAL_ITGB2",0.0151609741139864,0,"ICAM2_ITGAL_ITGB2","ICAM2 - (ITGAL+ITGB2)","ICAM","Cell-Cell Contact","KEGG: hsa04514","PBMC_Early"
"CD14+PPBP+ Monocytes","CXCR6+ NK","ICAM2","ITGAL_ITGB2",0.0306480537672295,0,"ICAM2_ITGAL_ITGB2","ICAM2 - (ITGAL+ITGB2)","ICAM","Cell-Cell Contact","KEGG: hsa04514","PBMC_Early"
"CX3CR1+ NK","CXCR6+ NK","ICAM2","ITGAL_ITGB2",0.0134553619458844,0,"ICAM2_ITGAL_ITGB2","ICAM2 - (ITGAL+ITGB2)","ICAM","Cell-Cell Contact","KEGG: hsa04514","PBMC_Early"
"CXCR5- Naïve B","CXCR6+ NK","ICAM2","ITGAL_ITGB2",0.0101531785828943,0,"ICAM2_ITGAL_ITGB2","ICAM2 - (ITGAL+ITGB2)","ICAM","Cell-Cell Contact","KEGG: hsa04514","PBMC_Early"
"CXCR5+ Naïve B","CXCR6+ NK","ICAM2","ITGAL_ITGB2",0.0100390834546737,0,"ICAM2_ITGAL_ITGB2","ICAM2 - (ITGAL+ITGB2)","ICAM","Cell-Cell Contact","KEGG: hsa04514","PBMC_Early"
"CXCR6+ NK","CXCR6+ NK","ICAM2","ITGAL_ITGB2",0.0123667542059679,0,"ICAM2_ITGAL_ITGB2","ICAM2 - (ITGAL+ITGB2)","ICAM","Cell-Cell Contact","KEGG: hsa04514","PBMC_Early"
"DC2","CXCR6+ NK","ICAM2","ITGAL_ITGB2",0.00591196490029774,0,"ICAM2_ITGAL_ITGB2","ICAM2 - (ITGAL+ITGB2)","ICAM","Cell-Cell Contact","KEGG: hsa04514","PBMC_Early"
"Gamma Delta V1 T","CXCR6+ NK","ICAM2","ITGAL_ITGB2",0.0122927276705852,0,"ICAM2_ITGAL_ITGB2","ICAM2 - (ITGAL+ITGB2)","ICAM","Cell-Cell Contact","KEGG: hsa04514","PBMC_Early"
"Gamma Delta V2 T","CXCR6+ NK","ICAM2","ITGAL_ITGB2",0.0124701500555636,0,"ICAM2_ITGAL_ITGB2","ICAM2 - (ITGAL+ITGB2)","ICAM","Cell-Cell Contact","KEGG: hsa04514","PBMC_Early"
"HSC_MPP","CXCR6+ NK","ICAM2","ITGAL_ITGB2",0.0166164113122671,0,"ICAM2_ITGAL_ITGB2","ICAM2 - (ITGAL+ITGB2)","ICAM","Cell-Cell Contact","KEGG: hsa04514","PBMC_Early"
"ILC2/3","CXCR6+ NK","ICAM2","ITGAL_ITGB2",0.014996307988548,0,"ICAM2_ITGAL_ITGB2","ICAM2 - (ITGAL+ITGB2)","ICAM","Cell-Cell Contact","KEGG: hsa04514","PBMC_Early"
"Megakaryocytes","CXCR6+ NK","ICAM2","ITGAL_ITGB2",0.0232380700679447,0,"ICAM2_ITGAL_ITGB2","ICAM2 - (ITGAL+ITGB2)","ICAM","Cell-Cell Contact","KEGG: hsa04514","PBMC_Early"
"MEMP","CXCR6+ NK","ICAM2","ITGAL_ITGB2",0.0180576964779205,0,"ICAM2_ITGAL_ITGB2","ICAM2 - (ITGAL+ITGB2)","ICAM","Cell-Cell Contact","KEGG: hsa04514","PBMC_Early"
"MEP","CXCR6+ NK","ICAM2","ITGAL_ITGB2",0.0409980042216417,0,"ICAM2_ITGAL_ITGB2","ICAM2 - (ITGAL+ITGB2)","ICAM","Cell-Cell Contact","KEGG: hsa04514","PBMC_Early"
"Naïve CD4 T","CXCR6+ NK","ICAM2","ITGAL_ITGB2",0.0115229670424374,0,"ICAM2_ITGAL_ITGB2","ICAM2 - (ITGAL+ITGB2)","ICAM","Cell-Cell Contact","KEGG: hsa04514","PBMC_Early"
"Naïve CD8 T","CXCR6+ NK","ICAM2","ITGAL_ITGB2",0.00956793239343626,0,"ICAM2_ITGAL_ITGB2","ICAM2 - (ITGAL+ITGB2)","ICAM","Cell-Cell Contact","KEGG: hsa04514","PBMC_Early"
"NK T","CXCR6+ NK","ICAM2","ITGAL_ITGB2",0.0133449061672505,0,"ICAM2_ITGAL_ITGB2","ICAM2 - (ITGAL+ITGB2)","ICAM","Cell-Cell Contact","KEGG: hsa04514","PBMC_Early"
"Tem","CXCR6+ NK","ICAM2","ITGAL_ITGB2",0.0356991331168826,0,"ICAM2_ITGAL_ITGB2","ICAM2 - (ITGAL+ITGB2)","ICAM","Cell-Cell Contact","KEGG: hsa04514","PBMC_Early"
"Th17like_INNATE_T","CXCR6+ NK","ICAM2","ITGAL_ITGB2",0.0326299077485512,0,"ICAM2_ITGAL_ITGB2","ICAM2 - (ITGAL+ITGB2)","ICAM","Cell-Cell Contact","KEGG: hsa04514","PBMC_Early"
"Treg","CXCR6+ NK","ICAM2","ITGAL_ITGB2",0.01350727511582,0,"ICAM2_ITGAL_ITGB2","ICAM2 - (ITGAL+ITGB2)","ICAM","Cell-Cell Contact","KEGG: hsa04514","PBMC_Early"
"CD14+PPBP+ Monocytes","DC2","ICAM2","ITGAL_ITGB2",0.0356880121082698,0,"ICAM2_ITGAL_ITGB2","ICAM2 - (ITGAL+ITGB2)","ICAM","Cell-Cell Contact","KEGG: hsa04514","PBMC_Early"
"CX3CR1+ NK","DC2","ICAM2","ITGAL_ITGB2",0.0157138782311194,0,"ICAM2_ITGAL_ITGB2","ICAM2 - (ITGAL+ITGB2)","ICAM","Cell-Cell Contact","KEGG: hsa04514","PBMC_Early"
"CXCR5- Naïve B","DC2","ICAM2","ITGAL_ITGB2",0.0118640808092969,0,"ICAM2_ITGAL_ITGB2","ICAM2 - (ITGAL+ITGB2)","ICAM","Cell-Cell Contact","KEGG: hsa04514","PBMC_Early"
"CXCR5+ Naïve B","DC2","ICAM2","ITGAL_ITGB2",0.0117309874763305,0,"ICAM2_ITGAL_ITGB2","ICAM2 - (ITGAL+ITGB2)","ICAM","Cell-Cell Contact","KEGG: hsa04514","PBMC_Early"
"CXCR6+ NK","DC2","ICAM2","ITGAL_ITGB2",0.0144452204595786,0,"ICAM2_ITGAL_ITGB2","ICAM2 - (ITGAL+ITGB2)","ICAM","Cell-Cell Contact","KEGG: hsa04514","PBMC_Early"
"DC2","DC2","ICAM2","ITGAL_ITGB2",0.00691317574940938,0,"ICAM2_ITGAL_ITGB2","ICAM2 - (ITGAL+ITGB2)","ICAM","Cell-Cell Contact","KEGG: hsa04514","PBMC_Early"
"Gamma Delta V1 T","DC2","ICAM2","ITGAL_ITGB2",0.0143589332533645,0,"ICAM2_ITGAL_ITGB2","ICAM2 - (ITGAL+ITGB2)","ICAM","Cell-Cell Contact","KEGG: hsa04514","PBMC_Early"
"Gamma Delta V2 T","DC2","ICAM2","ITGAL_ITGB2",0.0145657376441828,0,"ICAM2_ITGAL_ITGB2","ICAM2 - (ITGAL+ITGB2)","ICAM","Cell-Cell Contact","KEGG: hsa04514","PBMC_Early"
"HSC_MPP","DC2","ICAM2","ITGAL_ITGB2",0.0193950864742956,0,"ICAM2_ITGAL_ITGB2","ICAM2 - (ITGAL+ITGB2)","ICAM","Cell-Cell Contact","KEGG: hsa04514","PBMC_Early"
"ILC2/3","DC2","ICAM2","ITGAL_ITGB2",0.0175088854671781,0,"ICAM2_ITGAL_ITGB2","ICAM2 - (ITGAL+ITGB2)","ICAM","Cell-Cell Contact","KEGG: hsa04514","PBMC_Early"
"Megakaryocytes","DC2","ICAM2","ITGAL_ITGB2",0.0270935426837204,0,"ICAM2_ITGAL_ITGB2","ICAM2 - (ITGAL+ITGB2)","ICAM","Cell-Cell Contact","KEGG: hsa04514","PBMC_Early"
"MEMP","DC2","ICAM2","ITGAL_ITGB2",0.0210722255712437,0,"ICAM2_ITGAL_ITGB2","ICAM2 - (ITGAL+ITGB2)","ICAM","Cell-Cell Contact","KEGG: hsa04514","PBMC_Early"
"MEP","DC2","ICAM2","ITGAL_ITGB2",0.0476562973410936,0,"ICAM2_ITGAL_ITGB2","ICAM2 - (ITGAL+ITGB2)","ICAM","Cell-Cell Contact","KEGG: hsa04514","PBMC_Early"
"Naïve CD4 T","DC2","ICAM2","ITGAL_ITGB2",0.0134615518967027,0,"ICAM2_ITGAL_ITGB2","ICAM2 - (ITGAL+ITGB2)","ICAM","Cell-Cell Contact","KEGG: hsa04514","PBMC_Early"
"Naïve CD8 T","DC2","ICAM2","ITGAL_ITGB2",0.0111813293600858,0,"ICAM2_ITGAL_ITGB2","ICAM2 - (ITGAL+ITGB2)","ICAM","Cell-Cell Contact","KEGG: hsa04514","PBMC_Early"
"NK T","DC2","ICAM2","ITGAL_ITGB2",0.0155851750672262,0,"ICAM2_ITGAL_ITGB2","ICAM2 - (ITGAL+ITGB2)","ICAM","Cell-Cell Contact","KEGG: hsa04514","PBMC_Early"
"Tem","DC2","ICAM2","ITGAL_ITGB2",0.041534132332111,0,"ICAM2_ITGAL_ITGB2","ICAM2 - (ITGAL+ITGB2)","ICAM","Cell-Cell Contact","KEGG: hsa04514","PBMC_Early"
"Th17like_INNATE_T","DC2","ICAM2","ITGAL_ITGB2",0.0379830042271916,0,"ICAM2_ITGAL_ITGB2","ICAM2 - (ITGAL+ITGB2)","ICAM","Cell-Cell Contact","KEGG: hsa04514","PBMC_Early"
"Treg","DC2","ICAM2","ITGAL_ITGB2",0.0157743658282765,0,"ICAM2_ITGAL_ITGB2","ICAM2 - (ITGAL+ITGB2)","ICAM","Cell-Cell Contact","KEGG: hsa04514","PBMC_Early"
"CD14+PPBP+ Monocytes","Gamma Delta V1 T","ICAM2","ITGAL_ITGB2",0.0253177225514405,0,"ICAM2_ITGAL_ITGB2","ICAM2 - (ITGAL+ITGB2)","ICAM","Cell-Cell Contact","KEGG: hsa04514","PBMC_Early"
"CX3CR1+ NK","Gamma Delta V1 T","ICAM2","ITGAL_ITGB2",0.0110810142034993,0,"ICAM2_ITGAL_ITGB2","ICAM2 - (ITGAL+ITGB2)","ICAM","Cell-Cell Contact","KEGG: hsa04514","PBMC_Early"
"CXCR5- Naïve B","Gamma Delta V1 T","ICAM2","ITGAL_ITGB2",0.00835660183034003,0,"ICAM2_ITGAL_ITGB2","ICAM2 - (ITGAL+ITGB2)","ICAM","Cell-Cell Contact","KEGG: hsa04514","PBMC_Early"
"CXCR5+ Naïve B","Gamma Delta V1 T","ICAM2","ITGAL_ITGB2",0.00826252699652148,0,"ICAM2_ITGAL_ITGB2","ICAM2 - (ITGAL+ITGB2)","ICAM","Cell-Cell Contact","KEGG: hsa04514","PBMC_Early"
"CXCR6+ NK","Gamma Delta V1 T","ICAM2","ITGAL_ITGB2",0.0101825206557081,0,"ICAM2_ITGAL_ITGB2","ICAM2 - (ITGAL+ITGB2)","ICAM","Cell-Cell Contact","KEGG: hsa04514","PBMC_Early"
"DC2","Gamma Delta V1 T","ICAM2","ITGAL_ITGB2",0.00486217278233178,0,"ICAM2_ITGAL_ITGB2","ICAM2 - (ITGAL+ITGB2)","ICAM","Cell-Cell Contact","KEGG: hsa04514","PBMC_Early"
"Gamma Delta V1 T","Gamma Delta V1 T","ICAM2","ITGAL_ITGB2",0.0101214347998246,0,"ICAM2_ITGAL_ITGB2","ICAM2 - (ITGAL+ITGB2)","ICAM","Cell-Cell Contact","KEGG: hsa04514","PBMC_Early"
"Gamma Delta V2 T","Gamma Delta V1 T","ICAM2","ITGAL_ITGB2",0.0102678444431766,0,"ICAM2_ITGAL_ITGB2","ICAM2 - (ITGAL+ITGB2)","ICAM","Cell-Cell Contact","KEGG: hsa04514","PBMC_Early"
"HSC_MPP","Gamma Delta V1 T","ICAM2","ITGAL_ITGB2",0.0136920029702542,0,"ICAM2_ITGAL_ITGB2","ICAM2 - (ITGAL+ITGB2)","ICAM","Cell-Cell Contact","KEGG: hsa04514","PBMC_Early"
"ILC2/3","Gamma Delta V1 T","ICAM2","ITGAL_ITGB2",0.0123534481656733,0,"ICAM2_ITGAL_ITGB2","ICAM2 - (ITGAL+ITGB2)","ICAM","Cell-Cell Contact","KEGG: hsa04514","PBMC_Early"
"Megakaryocytes","Gamma Delta V1 T","ICAM2","ITGAL_ITGB2",0.0191710006945262,0,"ICAM2_ITGAL_ITGB2","ICAM2 - (ITGAL+ITGB2)","ICAM","Cell-Cell Contact","KEGG: hsa04514","PBMC_Early"
"MEMP","Gamma Delta V1 T","ICAM2","ITGAL_ITGB2",0.0148834680117866,0,"ICAM2_ITGAL_ITGB2","ICAM2 - (ITGAL+ITGB2)","ICAM","Cell-Cell Contact","KEGG: hsa04514","PBMC_Early"
"MEP","Gamma Delta V1 T","ICAM2","ITGAL_ITGB2",0.0339306108826637,0,"ICAM2_ITGAL_ITGB2","ICAM2 - (ITGAL+ITGB2)","ICAM","Cell-Cell Contact","KEGG: hsa04514","PBMC_Early"
"Naïve CD4 T","Gamma Delta V1 T","ICAM2","ITGAL_ITGB2",0.0094863329107154,0,"ICAM2_ITGAL_ITGB2","ICAM2 - (ITGAL+ITGB2)","ICAM","Cell-Cell Contact","KEGG: hsa04514","PBMC_Early"
"Naïve CD8 T","Gamma Delta V1 T","ICAM2","ITGAL_ITGB2",0.00787408954218557,0,"ICAM2_ITGAL_ITGB2","ICAM2 - (ITGAL+ITGB2)","ICAM","Cell-Cell Contact","KEGG: hsa04514","PBMC_Early"
"NK T","Gamma Delta V1 T","ICAM2","ITGAL_ITGB2",0.0109898324452566,0,"ICAM2_ITGAL_ITGB2","ICAM2 - (ITGAL+ITGB2)","ICAM","Cell-Cell Contact","KEGG: hsa04514","PBMC_Early"
"Tem","Gamma Delta V1 T","ICAM2","ITGAL_ITGB2",0.0295170648118095,0,"ICAM2_ITGAL_ITGB2","ICAM2 - (ITGAL+ITGB2)","ICAM","Cell-Cell Contact","KEGG: hsa04514","PBMC_Early"
"Th17like_INNATE_T","Gamma Delta V1 T","ICAM2","ITGAL_ITGB2",0.0269644792056418,0,"ICAM2_ITGAL_ITGB2","ICAM2 - (ITGAL+ITGB2)","ICAM","Cell-Cell Contact","KEGG: hsa04514","PBMC_Early"
"Treg","Gamma Delta V1 T","ICAM2","ITGAL_ITGB2",0.0111238700109956,0,"ICAM2_ITGAL_ITGB2","ICAM2 - (ITGAL+ITGB2)","ICAM","Cell-Cell Contact","KEGG: hsa04514","PBMC_Early"
"CD14+PPBP+ Monocytes","Gamma Delta V2 T","ICAM2","ITGAL_ITGB2",0.0237098271033436,0,"ICAM2_ITGAL_ITGB2","ICAM2 - (ITGAL+ITGB2)","ICAM","Cell-Cell Contact","KEGG: hsa04514","PBMC_Early"
"CX3CR1+ NK","Gamma Delta V2 T","ICAM2","ITGAL_ITGB2",0.0103676560261288,0,"ICAM2_ITGAL_ITGB2","ICAM2 - (ITGAL+ITGB2)","ICAM","Cell-Cell Contact","KEGG: hsa04514","PBMC_Early"
"CXCR5- Naïve B","Gamma Delta V2 T","ICAM2","ITGAL_ITGB2",0.0078172456800236,0,"ICAM2_ITGAL_ITGB2","ICAM2 - (ITGAL+ITGB2)","ICAM","Cell-Cell Contact","KEGG: hsa04514","PBMC_Early"
"CXCR5+ Naïve B","Gamma Delta V2 T","ICAM2","ITGAL_ITGB2",0.00772919534733614,0,"ICAM2_ITGAL_ITGB2","ICAM2 - (ITGAL+ITGB2)","ICAM","Cell-Cell Contact","KEGG: hsa04514","PBMC_Early"
"CXCR6+ NK","Gamma Delta V2 T","ICAM2","ITGAL_ITGB2",0.00952644724803648,0,"ICAM2_ITGAL_ITGB2","ICAM2 - (ITGAL+ITGB2)","ICAM","Cell-Cell Contact","KEGG: hsa04514","PBMC_Early"
"DC2","Gamma Delta V2 T","ICAM2","ITGAL_ITGB2",0.00454732165041385,0,"ICAM2_ITGAL_ITGB2","ICAM2 - (ITGAL+ITGB2)","ICAM","Cell-Cell Contact","KEGG: hsa04514","PBMC_Early"
"Gamma Delta V1 T","Gamma Delta V2 T","ICAM2","ITGAL_ITGB2",0.00946925958252265,0,"ICAM2_ITGAL_ITGB2","ICAM2 - (ITGAL+ITGB2)","ICAM","Cell-Cell Contact","KEGG: hsa04514","PBMC_Early"
"Gamma Delta V2 T","Gamma Delta V2 T","ICAM2","ITGAL_ITGB2",0.00960632686421201,0,"ICAM2_ITGAL_ITGB2","ICAM2 - (ITGAL+ITGB2)","ICAM","Cell-Cell Contact","KEGG: hsa04514","PBMC_Early"
"HSC_MPP","Gamma Delta V2 T","ICAM2","ITGAL_ITGB2",0.0128127359575851,0,"ICAM2_ITGAL_ITGB2","ICAM2 - (ITGAL+ITGB2)","ICAM","Cell-Cell Contact","KEGG: hsa04514","PBMC_Early"
"ILC2/3","Gamma Delta V2 T","ICAM2","ITGAL_ITGB2",0.0115591324739359,0,"ICAM2_ITGAL_ITGB2","ICAM2 - (ITGAL+ITGB2)","ICAM","Cell-Cell Contact","KEGG: hsa04514","PBMC_Early"
"Megakaryocytes","Gamma Delta V2 T","ICAM2","ITGAL_ITGB2",0.0179462878400612,0,"ICAM2_ITGAL_ITGB2","ICAM2 - (ITGAL+ITGB2)","ICAM","Cell-Cell Contact","KEGG: hsa04514","PBMC_Early"
"MEMP","Gamma Delta V2 T","ICAM2","ITGAL_ITGB2",0.0139287685482736,0,"ICAM2_ITGAL_ITGB2","ICAM2 - (ITGAL+ITGB2)","ICAM","Cell-Cell Contact","KEGG: hsa04514","PBMC_Early"
"MEP","Gamma Delta V2 T","ICAM2","ITGAL_ITGB2",0.0317935647608712,0,"ICAM2_ITGAL_ITGB2","ICAM2 - (ITGAL+ITGB2)","ICAM","Cell-Cell Contact","KEGG: hsa04514","PBMC_Early"
"Naïve CD4 T","Gamma Delta V2 T","ICAM2","ITGAL_ITGB2",0.00887471362732114,0,"ICAM2_ITGAL_ITGB2","ICAM2 - (ITGAL+ITGB2)","ICAM","Cell-Cell Contact","KEGG: hsa04514","PBMC_Early"
"Naïve CD8 T","Gamma Delta V2 T","ICAM2","ITGAL_ITGB2",0.00736564463336939,0,"ICAM2_ITGAL_ITGB2","ICAM2 - (ITGAL+ITGB2)","ICAM","Cell-Cell Contact","KEGG: hsa04514","PBMC_Early"
"NK T","Gamma Delta V2 T","ICAM2","ITGAL_ITGB2",0.0102822832077358,0,"ICAM2_ITGAL_ITGB2","ICAM2 - (ITGAL+ITGB2)","ICAM","Cell-Cell Contact","KEGG: hsa04514","PBMC_Early"
"Tem","Gamma Delta V2 T","ICAM2","ITGAL_ITGB2",0.0276500402943506,0,"ICAM2_ITGAL_ITGB2","ICAM2 - (ITGAL+ITGB2)","ICAM","Cell-Cell Contact","KEGG: hsa04514","PBMC_Early"
"Th17like_INNATE_T","Gamma Delta V2 T","ICAM2","ITGAL_ITGB2",0.025254710225297,0,"ICAM2_ITGAL_ITGB2","ICAM2 - (ITGAL+ITGB2)","ICAM","Cell-Cell Contact","KEGG: hsa04514","PBMC_Early"
"Treg","Gamma Delta V2 T","ICAM2","ITGAL_ITGB2",0.0104077819577352,0,"ICAM2_ITGAL_ITGB2","ICAM2 - (ITGAL+ITGB2)","ICAM","Cell-Cell Contact","KEGG: hsa04514","PBMC_Early"
"CD14+PPBP+ Monocytes","ILC2/3","ICAM2","ITGAL_ITGB2",0.0199240674990795,0,"ICAM2_ITGAL_ITGB2","ICAM2 - (ITGAL+ITGB2)","ICAM","Cell-Cell Contact","KEGG: hsa04514","PBMC_Early"
"CX3CR1+ NK","ILC2/3","ICAM2","ITGAL_ITGB2",0.00869327785906329,0,"ICAM2_ITGAL_ITGB2","ICAM2 - (ITGAL+ITGB2)","ICAM","Cell-Cell Contact","KEGG: hsa04514","PBMC_Early"
"CXCR5- Naïve B","ILC2/3","ICAM2","ITGAL_ITGB2",0.00655203220644126,0,"ICAM2_ITGAL_ITGB2","ICAM2 - (ITGAL+ITGB2)","ICAM","Cell-Cell Contact","KEGG: hsa04514","PBMC_Early"
"CXCR5+ Naïve B","ILC2/3","ICAM2","ITGAL_ITGB2",0.00647813968649896,0,"ICAM2_ITGAL_ITGB2","ICAM2 - (ITGAL+ITGB2)","ICAM","Cell-Cell Contact","KEGG: hsa04514","PBMC_Early"
"CXCR6+ NK","ILC2/3","ICAM2","ITGAL_ITGB2",0.00798682801741109,0,"ICAM2_ITGAL_ITGB2","ICAM2 - (ITGAL+ITGB2)","ICAM","Cell-Cell Contact","KEGG: hsa04514","PBMC_Early"
"DC2","ILC2/3","ICAM2","ITGAL_ITGB2",0.00380931024329081,0,"ICAM2_ITGAL_ITGB2","ICAM2 - (ITGAL+ITGB2)","ICAM","Cell-Cell Contact","KEGG: hsa04514","PBMC_Early"
"Gamma Delta V1 T","ILC2/3","ICAM2","ITGAL_ITGB2",0.00793880867186564,0,"ICAM2_ITGAL_ITGB2","ICAM2 - (ITGAL+ITGB2)","ICAM","Cell-Cell Contact","KEGG: hsa04514","PBMC_Early"
"Gamma Delta V2 T","ILC2/3","ICAM2","ITGAL_ITGB2",0.00805390284282344,0,"ICAM2_ITGAL_ITGB2","ICAM2 - (ITGAL+ITGB2)","ICAM","Cell-Cell Contact","KEGG: hsa04514","PBMC_Early"
"HSC_MPP","ILC2/3","ICAM2","ITGAL_ITGB2",0.0107477655248205,0,"ICAM2_ITGAL_ITGB2","ICAM2 - (ITGAL+ITGB2)","ICAM","Cell-Cell Contact","KEGG: hsa04514","PBMC_Early"
"ILC2/3","ILC2/3","ICAM2","ITGAL_ITGB2",0.00969421560170185,0,"ICAM2_ITGAL_ITGB2","ICAM2 - (ITGAL+ITGB2)","ICAM","Cell-Cell Contact","KEGG: hsa04514","PBMC_Early"
"Megakaryocytes","ILC2/3","ICAM2","ITGAL_ITGB2",0.0150665933303345,0,"ICAM2_ITGAL_ITGB2","ICAM2 - (ITGAL+ITGB2)","ICAM","Cell-Cell Contact","KEGG: hsa04514","PBMC_Early"
"MEMP","ILC2/3","ICAM2","ITGAL_ITGB2",0.0116860614190695,0,"ICAM2_ITGAL_ITGB2","ICAM2 - (ITGAL+ITGB2)","ICAM","Cell-Cell Contact","KEGG: hsa04514","PBMC_Early"
"MEP","ILC2/3","ICAM2","ITGAL_ITGB2",0.0267524397224003,0,"ICAM2_ITGAL_ITGB2","ICAM2 - (ITGAL+ITGB2)","ICAM","Cell-Cell Contact","KEGG: hsa04514","PBMC_Early"
"Naïve CD4 T","ILC2/3","ICAM2","ITGAL_ITGB2",0.00743963333981805,0,"ICAM2_ITGAL_ITGB2","ICAM2 - (ITGAL+ITGB2)","ICAM","Cell-Cell Contact","KEGG: hsa04514","PBMC_Early"
"Naïve CD8 T","ILC2/3","ICAM2","ITGAL_ITGB2",0.00617306759035075,0,"ICAM2_ITGAL_ITGB2","ICAM2 - (ITGAL+ITGB2)","ICAM","Cell-Cell Contact","KEGG: hsa04514","PBMC_Early"
"NK T","ILC2/3","ICAM2","ITGAL_ITGB2",0.00862157264779389,0,"ICAM2_ITGAL_ITGB2","ICAM2 - (ITGAL+ITGB2)","ICAM","Cell-Cell Contact","KEGG: hsa04514","PBMC_Early"
"Tem","ILC2/3","ICAM2","ITGAL_ITGB2",0.0232501276613599,0,"ICAM2_ITGAL_ITGB2","ICAM2 - (ITGAL+ITGB2)","ICAM","Cell-Cell Contact","KEGG: hsa04514","PBMC_Early"
"Th17like_INNATE_T","ILC2/3","ICAM2","ITGAL_ITGB2",0.0212276418189976,0,"ICAM2_ITGAL_ITGB2","ICAM2 - (ITGAL+ITGB2)","ICAM","Cell-Cell Contact","KEGG: hsa04514","PBMC_Early"
"Treg","ILC2/3","ICAM2","ITGAL_ITGB2",0.00872698059237778,0,"ICAM2_ITGAL_ITGB2","ICAM2 - (ITGAL+ITGB2)","ICAM","Cell-Cell Contact","KEGG: hsa04514","PBMC_Early"
"CD14+PPBP+ Monocytes","Myeloid-CD177","ICAM2","ITGAL_ITGB2",0.024368805845854,0,"ICAM2_ITGAL_ITGB2","ICAM2 - (ITGAL+ITGB2)","ICAM","Cell-Cell Contact","KEGG: hsa04514","PBMC_Early"
"CX3CR1+ NK","Myeloid-CD177","ICAM2","ITGAL_ITGB2",0.0106598582729707,0,"ICAM2_ITGAL_ITGB2","ICAM2 - (ITGAL+ITGB2)","ICAM","Cell-Cell Contact","KEGG: hsa04514","PBMC_Early"
"CXCR5- Naïve B","Myeloid-CD177","ICAM2","ITGAL_ITGB2",0.00803815094720593,0,"ICAM2_ITGAL_ITGB2","ICAM2 - (ITGAL+ITGB2)","ICAM","Cell-Cell Contact","KEGG: hsa04514","PBMC_Early"
"CXCR5+ Naïve B","Myeloid-CD177","ICAM2","ITGAL_ITGB2",0.00794763235684561,0,"ICAM2_ITGAL_ITGB2","ICAM2 - (ITGAL+ITGB2)","ICAM","Cell-Cell Contact","KEGG: hsa04514","PBMC_Early"
"CXCR6+ NK","Myeloid-CD177","ICAM2","ITGAL_ITGB2",0.00979517551132814,0,"ICAM2_ITGAL_ITGB2","ICAM2 - (ITGAL+ITGB2)","ICAM","Cell-Cell Contact","KEGG: hsa04514","PBMC_Early"
"DC2","Myeloid-CD177","ICAM2","ITGAL_ITGB2",0.00467625859620994,0,"ICAM2_ITGAL_ITGB2","ICAM2 - (ITGAL+ITGB2)","ICAM","Cell-Cell Contact","KEGG: hsa04514","PBMC_Early"
"Gamma Delta V1 T","Myeloid-CD177","ICAM2","ITGAL_ITGB2",0.00973639051637784,0,"ICAM2_ITGAL_ITGB2","ICAM2 - (ITGAL+ITGB2)","ICAM","Cell-Cell Contact","KEGG: hsa04514","PBMC_Early"
"Gamma Delta V2 T","Myeloid-CD177","ICAM2","ITGAL_ITGB2",0.0098772859535153,0,"ICAM2_ITGAL_ITGB2","ICAM2 - (ITGAL+ITGB2)","ICAM","Cell-Cell Contact","KEGG: hsa04514","PBMC_Early"
"HSC_MPP","Myeloid-CD177","ICAM2","ITGAL_ITGB2",0.0131729331055855,0,"ICAM2_ITGAL_ITGB2","ICAM2 - (ITGAL+ITGB2)","ICAM","Cell-Cell Contact","KEGG: hsa04514","PBMC_Early"
"ILC2/3","Myeloid-CD177","ICAM2","ITGAL_ITGB2",0.0118845120493532,0,"ICAM2_ITGAL_ITGB2","ICAM2 - (ITGAL+ITGB2)","ICAM","Cell-Cell Contact","KEGG: hsa04514","PBMC_Early"
"Megakaryocytes","Myeloid-CD177","ICAM2","ITGAL_ITGB2",0.0184481046850483,0,"ICAM2_ITGAL_ITGB2","ICAM2 - (ITGAL+ITGB2)","ICAM","Cell-Cell Contact","KEGG: hsa04514","PBMC_Early"
"MEMP","Myeloid-CD177","ICAM2","ITGAL_ITGB2",0.0143198849759934,0,"ICAM2_ITGAL_ITGB2","ICAM2 - (ITGAL+ITGB2)","ICAM","Cell-Cell Contact","KEGG: hsa04514","PBMC_Early"
"MEP","Myeloid-CD177","ICAM2","ITGAL_ITGB2",0.0326697004196687,0,"ICAM2_ITGAL_ITGB2","ICAM2 - (ITGAL+ITGB2)","ICAM","Cell-Cell Contact","KEGG: hsa04514","PBMC_Early"
"Naïve CD4 T","Myeloid-CD177","ICAM2","ITGAL_ITGB2",0.00912522673833939,0,"ICAM2_ITGAL_ITGB2","ICAM2 - (ITGAL+ITGB2)","ICAM","Cell-Cell Contact","KEGG: hsa04514","PBMC_Early"
"Naïve CD8 T","Myeloid-CD177","ICAM2","ITGAL_ITGB2",0.00757388565510556,0,"ICAM2_ITGAL_ITGB2","ICAM2 - (ITGAL+ITGB2)","ICAM","Cell-Cell Contact","KEGG: hsa04514","PBMC_Early"
"NK T","Myeloid-CD177","ICAM2","ITGAL_ITGB2",0.0105721050097352,0,"ICAM2_ITGAL_ITGB2","ICAM2 - (ITGAL+ITGB2)","ICAM","Cell-Cell Contact","KEGG: hsa04514","PBMC_Early"
"Tem","Myeloid-CD177","ICAM2","ITGAL_ITGB2",0.0284153438949254,0,"ICAM2_ITGAL_ITGB2","ICAM2 - (ITGAL+ITGB2)","ICAM","Cell-Cell Contact","KEGG: hsa04514","PBMC_Early"
"Th17like_INNATE_T","Myeloid-CD177","ICAM2","ITGAL_ITGB2",0.0259554851208197,0,"ICAM2_ITGAL_ITGB2","ICAM2 - (ITGAL+ITGB2)","ICAM","Cell-Cell Contact","KEGG: hsa04514","PBMC_Early"
"Treg","Myeloid-CD177","ICAM2","ITGAL_ITGB2",0.0107011028859518,0,"ICAM2_ITGAL_ITGB2","ICAM2 - (ITGAL+ITGB2)","ICAM","Cell-Cell Contact","KEGG: hsa04514","PBMC_Early"
"CD14+PPBP+ Monocytes","Naïve CD8 T","ICAM2","ITGAL_ITGB2",0.0157305788260153,0,"ICAM2_ITGAL_ITGB2","ICAM2 - (ITGAL+ITGB2)","ICAM","Cell-Cell Contact","KEGG: hsa04514","PBMC_Early"
"CX3CR1+ NK","Naïve CD8 T","ICAM2","ITGAL_ITGB2",0.00684705905066419,0,"ICAM2_ITGAL_ITGB2","ICAM2 - (ITGAL+ITGB2)","ICAM","Cell-Cell Contact","KEGG: hsa04514","PBMC_Early"
"CXCR5- Naïve B","Naïve CD8 T","ICAM2","ITGAL_ITGB2",0.00515819026202632,0,"ICAM2_ITGAL_ITGB2","ICAM2 - (ITGAL+ITGB2)","ICAM","Cell-Cell Contact","KEGG: hsa04514","PBMC_Early"
"CXCR5+ Naïve B","Naïve CD8 T","ICAM2","ITGAL_ITGB2",0.00509993651808702,0,"ICAM2_ITGAL_ITGB2","ICAM2 - (ITGAL+ITGB2)","ICAM","Cell-Cell Contact","KEGG: hsa04514","PBMC_Early"
"CXCR6+ NK","Naïve CD8 T","ICAM2","ITGAL_ITGB2",0.00628968826423891,0,"ICAM2_ITGAL_ITGB2","ICAM2 - (ITGAL+ITGB2)","ICAM","Cell-Cell Contact","KEGG: hsa04514","PBMC_Early"
"DC2","Naïve CD8 T","ICAM2","ITGAL_ITGB2",0.00299717901816081,0,"ICAM2_ITGAL_ITGB2","ICAM2 - (ITGAL+ITGB2)","ICAM","Cell-Cell Contact","KEGG: hsa04514","PBMC_Early"
"Gamma Delta V1 T","Naïve CD8 T","ICAM2","ITGAL_ITGB2",0.00625180835622278,0,"ICAM2_ITGAL_ITGB2","ICAM2 - (ITGAL+ITGB2)","ICAM","Cell-Cell Contact","KEGG: hsa04514","PBMC_Early"
"Gamma Delta V2 T","Naïve CD8 T","ICAM2","ITGAL_ITGB2",0.00634260133142593,0,"ICAM2_ITGAL_ITGB2","ICAM2 - (ITGAL+ITGB2)","ICAM","Cell-Cell Contact","KEGG: hsa04514","PBMC_Early"
"HSC_MPP","Naïve CD8 T","ICAM2","ITGAL_ITGB2",0.00846895626082979,0,"ICAM2_ITGAL_ITGB2","ICAM2 - (ITGAL+ITGB2)","ICAM","Cell-Cell Contact","KEGG: hsa04514","PBMC_Early"
"ILC2/3","Naïve CD8 T","ICAM2","ITGAL_ITGB2",0.00763706215585087,0,"ICAM2_ITGAL_ITGB2","ICAM2 - (ITGAL+ITGB2)","ICAM","Cell-Cell Contact","KEGG: hsa04514","PBMC_Early"
"Megakaryocytes","Naïve CD8 T","ICAM2","ITGAL_ITGB2",0.0118830784813535,0,"ICAM2_ITGAL_ITGB2","ICAM2 - (ITGAL+ITGB2)","ICAM","Cell-Cell Contact","KEGG: hsa04514","PBMC_Early"
"MEMP","Naïve CD8 T","ICAM2","ITGAL_ITGB2",0.00921016092969585,0,"ICAM2_ITGAL_ITGB2","ICAM2 - (ITGAL+ITGB2)","ICAM","Cell-Cell Contact","KEGG: hsa04514","PBMC_Early"
"MEP","Naïve CD8 T","ICAM2","ITGAL_ITGB2",0.0211527781041595,0,"ICAM2_ITGAL_ITGB2","ICAM2 - (ITGAL+ITGB2)","ICAM","Cell-Cell Contact","KEGG: hsa04514","PBMC_Early"
"Naïve CD4 T","Naïve CD8 T","ICAM2","ITGAL_ITGB2",0.0058580816321114,0,"ICAM2_ITGAL_ITGB2","ICAM2 - (ITGAL+ITGB2)","ICAM","Cell-Cell Contact","KEGG: hsa04514","PBMC_Early"
"Naïve CD8 T","Naïve CD8 T","ICAM2","ITGAL_ITGB2",0.00485945006925695,0,"ICAM2_ITGAL_ITGB2","ICAM2 - (ITGAL+ITGB2)","ICAM","Cell-Cell Contact","KEGG: hsa04514","PBMC_Early"
"NK T","Naïve CD8 T","ICAM2","ITGAL_ITGB2",0.00679047778702707,0,"ICAM2_ITGAL_ITGB2","ICAM2 - (ITGAL+ITGB2)","ICAM","Cell-Cell Contact","KEGG: hsa04514","PBMC_Early"
"Tem","Naïve CD8 T","ICAM2","ITGAL_ITGB2",0.0183697124880057,0,"ICAM2_ITGAL_ITGB2","ICAM2 - (ITGAL+ITGB2)","ICAM","Cell-Cell Contact","KEGG: hsa04514","PBMC_Early"
"Th17like_INNATE_T","Naïve CD8 T","ICAM2","ITGAL_ITGB2",0.0167644784075594,0,"ICAM2_ITGAL_ITGB2","ICAM2 - (ITGAL+ITGB2)","ICAM","Cell-Cell Contact","KEGG: hsa04514","PBMC_Early"
"Treg","Naïve CD8 T","ICAM2","ITGAL_ITGB2",0.00687365385832671,0,"ICAM2_ITGAL_ITGB2","ICAM2 - (ITGAL+ITGB2)","ICAM","Cell-Cell Contact","KEGG: hsa04514","PBMC_Early"
"CD14+PPBP+ Monocytes","NK T","ICAM2","ITGAL_ITGB2",0.0252524825999377,0,"ICAM2_ITGAL_ITGB2","ICAM2 - (ITGAL+ITGB2)","ICAM","Cell-Cell Contact","KEGG: hsa04514","PBMC_Early"
"CX3CR1+ NK","NK T","ICAM2","ITGAL_ITGB2",0.0110520441161818,0,"ICAM2_ITGAL_ITGB2","ICAM2 - (ITGAL+ITGB2)","ICAM","Cell-Cell Contact","KEGG: hsa04514","PBMC_Early"
"CXCR5- Naïve B","NK T","ICAM2","ITGAL_ITGB2",0.00833469438763817,0,"ICAM2_ITGAL_ITGB2","ICAM2 - (ITGAL+ITGB2)","ICAM","Cell-Cell Contact","KEGG: hsa04514","PBMC_Early"
"CXCR5+ Naïve B","NK T","ICAM2","ITGAL_ITGB2",0.00824086412835251,0,"ICAM2_ITGAL_ITGB2","ICAM2 - (ITGAL+ITGB2)","ICAM","Cell-Cell Contact","KEGG: hsa04514","PBMC_Early"
"CXCR6+ NK","NK T","ICAM2","ITGAL_ITGB2",0.0101558754569104,0,"ICAM2_ITGAL_ITGB2","ICAM2 - (ITGAL+ITGB2)","ICAM","Cell-Cell Contact","KEGG: hsa04514","PBMC_Early"
"DC2","NK T","ICAM2","ITGAL_ITGB2",0.0048493814418064,0,"ICAM2_ITGAL_ITGB2","ICAM2 - (ITGAL+ITGB2)","ICAM","Cell-Cell Contact","KEGG: hsa04514","PBMC_Early"
"Gamma Delta V1 T","NK T","ICAM2","ITGAL_ITGB2",0.0100949478177209,0,"ICAM2_ITGAL_ITGB2","ICAM2 - (ITGAL+ITGB2)","ICAM","Cell-Cell Contact","KEGG: hsa04514","PBMC_Early"
"Gamma Delta V2 T","NK T","ICAM2","ITGAL_ITGB2",0.010240978282665,0,"ICAM2_ITGAL_ITGB2","ICAM2 - (ITGAL+ITGB2)","ICAM","Cell-Cell Contact","KEGG: hsa04514","PBMC_Early"
"HSC_MPP","NK T","ICAM2","ITGAL_ITGB2",0.0136563010056787,0,"ICAM2_ITGAL_ITGB2","ICAM2 - (ITGAL+ITGB2)","ICAM","Cell-Cell Contact","KEGG: hsa04514","PBMC_Early"
"ILC2/3","NK T","ICAM2","ITGAL_ITGB2",0.0123211928877783,0,"ICAM2_ITGAL_ITGB2","ICAM2 - (ITGAL+ITGB2)","ICAM","Cell-Cell Contact","KEGG: hsa04514","PBMC_Early"
"Megakaryocytes","NK T","ICAM2","ITGAL_ITGB2",0.0191212891854519,0,"ICAM2_ITGAL_ITGB2","ICAM2 - (ITGAL+ITGB2)","ICAM","Cell-Cell Contact","KEGG: hsa04514","PBMC_Early"
"MEMP","NK T","ICAM2","ITGAL_ITGB2",0.0148447060553287,0,"ICAM2_ITGAL_ITGB2","ICAM2 - (ITGAL+ITGB2)","ICAM","Cell-Cell Contact","KEGG: hsa04514","PBMC_Early"
"MEP","NK T","ICAM2","ITGAL_ITGB2",0.0338439474647613,0,"ICAM2_ITGAL_ITGB2","ICAM2 - (ITGAL+ITGB2)","ICAM","Cell-Cell Contact","KEGG: hsa04514","PBMC_Early"
"Naïve CD4 T","NK T","ICAM2","ITGAL_ITGB2",0.00946149205336736,0,"ICAM2_ITGAL_ITGB2","ICAM2 - (ITGAL+ITGB2)","ICAM","Cell-Cell Contact","KEGG: hsa04514","PBMC_Early"
"Naïve CD8 T","NK T","ICAM2","ITGAL_ITGB2",0.00785343702287503,0,"ICAM2_ITGAL_ITGB2","ICAM2 - (ITGAL+ITGB2)","ICAM","Cell-Cell Contact","KEGG: hsa04514","PBMC_Early"
"NK T","NK T","ICAM2","ITGAL_ITGB2",0.0109610981003356,0,"ICAM2_ITGAL_ITGB2","ICAM2 - (ITGAL+ITGB2)","ICAM","Cell-Cell Contact","KEGG: hsa04514","PBMC_Early"
"Tem","NK T","ICAM2","ITGAL_ITGB2",0.0294413306509765,0,"ICAM2_ITGAL_ITGB2","ICAM2 - (ITGAL+ITGB2)","ICAM","Cell-Cell Contact","KEGG: hsa04514","PBMC_Early"
"Th17like_INNATE_T","NK T","ICAM2","ITGAL_ITGB2",0.0268951129030802,0,"ICAM2_ITGAL_ITGB2","ICAM2 - (ITGAL+ITGB2)","ICAM","Cell-Cell Contact","KEGG: hsa04514","PBMC_Early"
"Treg","NK T","ICAM2","ITGAL_ITGB2",0.0110947891389133,0,"ICAM2_ITGAL_ITGB2","ICAM2 - (ITGAL+ITGB2)","ICAM","Cell-Cell Contact","KEGG: hsa04514","PBMC_Early"
"CD14+PPBP+ Monocytes","pDC","ICAM2","ITGAL_ITGB2",0.0109326979750937,0,"ICAM2_ITGAL_ITGB2","ICAM2 - (ITGAL+ITGB2)","ICAM","Cell-Cell Contact","KEGG: hsa04514","PBMC_Early"
"CX3CR1+ NK","pDC","ICAM2","ITGAL_ITGB2",0.00474561862676501,0,"ICAM2_ITGAL_ITGB2","ICAM2 - (ITGAL+ITGB2)","ICAM","Cell-Cell Contact","KEGG: hsa04514","PBMC_Early"
"CXCR5- Naïve B","pDC","ICAM2","ITGAL_ITGB2",0.00357321802278821,0,"ICAM2_ITGAL_ITGB2","ICAM2 - (ITGAL+ITGB2)","ICAM","Cell-Cell Contact","KEGG: hsa04514","PBMC_Early"
"CXCR5+ Naïve B","pDC","ICAM2","ITGAL_ITGB2",0.00353280051318246,0,"ICAM2_ITGAL_ITGB2","ICAM2 - (ITGAL+ITGB2)","ICAM","Cell-Cell Contact","KEGG: hsa04514","PBMC_Early"
"CXCR6+ NK","pDC","ICAM2","ITGAL_ITGB2",0.00435856055354936,0,"ICAM2_ITGAL_ITGB2","ICAM2 - (ITGAL+ITGB2)","ICAM","Cell-Cell Contact","KEGG: hsa04514","PBMC_Early"
"DC2","pDC","ICAM2","ITGAL_ITGB2",0.00207484215653086,0,"ICAM2_ITGAL_ITGB2","ICAM2 - (ITGAL+ITGB2)","ICAM","Cell-Cell Contact","KEGG: hsa04514","PBMC_Early"
"Gamma Delta V1 T","pDC","ICAM2","ITGAL_ITGB2",0.00433226023774911,0,"ICAM2_ITGAL_ITGB2","ICAM2 - (ITGAL+ITGB2)","ICAM","Cell-Cell Contact","KEGG: hsa04514","PBMC_Early"
"Gamma Delta V2 T","pDC","ICAM2","ITGAL_ITGB2",0.00439529953971542,0,"ICAM2_ITGAL_ITGB2","ICAM2 - (ITGAL+ITGB2)","ICAM","Cell-Cell Contact","KEGG: hsa04514","PBMC_Early"
"HSC_MPP","pDC","ICAM2","ITGAL_ITGB2",0.00587268055602656,0,"ICAM2_ITGAL_ITGB2","ICAM2 - (ITGAL+ITGB2)","ICAM","Cell-Cell Contact","KEGG: hsa04514","PBMC_Early"
"ILC2/3","pDC","ICAM2","ITGAL_ITGB2",0.00529445332765848,0,"ICAM2_ITGAL_ITGB2","ICAM2 - (ITGAL+ITGB2)","ICAM","Cell-Cell Contact","KEGG: hsa04514","PBMC_Early"
"Megakaryocytes","pDC","ICAM2","ITGAL_ITGB2",0.00824886376349497,0,"ICAM2_ITGAL_ITGB2","ICAM2 - (ITGAL+ITGB2)","ICAM","Cell-Cell Contact","KEGG: hsa04514","PBMC_Early"
"MEMP","pDC","ICAM2","ITGAL_ITGB2",0.0063881226286773,0,"ICAM2_ITGAL_ITGB2","ICAM2 - (ITGAL+ITGB2)","ICAM","Cell-Cell Contact","KEGG: hsa04514","PBMC_Early"
"MEP","pDC","ICAM2","ITGAL_ITGB2",0.0147258504269332,0,"ICAM2_ITGAL_ITGB2","ICAM2 - (ITGAL+ITGB2)","ICAM","Cell-Cell Contact","KEGG: hsa04514","PBMC_Early"
"Naïve CD4 T","pDC","ICAM2","ITGAL_ITGB2",0.00405892915017835,0,"ICAM2_ITGAL_ITGB2","ICAM2 - (ITGAL+ITGB2)","ICAM","Cell-Cell Contact","KEGG: hsa04514","PBMC_Early"
"Naïve CD8 T","pDC","ICAM2","ITGAL_ITGB2",0.00336596202483259,0,"ICAM2_ITGAL_ITGB2","ICAM2 - (ITGAL+ITGB2)","ICAM","Cell-Cell Contact","KEGG: hsa04514","PBMC_Early"
"NK T","pDC","ICAM2","ITGAL_ITGB2",0.00470632050675863,0,"ICAM2_ITGAL_ITGB2","ICAM2 - (ITGAL+ITGB2)","ICAM","Cell-Cell Contact","KEGG: hsa04514","PBMC_Early"
"Tem","pDC","ICAM2","ITGAL_ITGB2",0.012777336185563,0,"ICAM2_ITGAL_ITGB2","ICAM2 - (ITGAL+ITGB2)","ICAM","Cell-Cell Contact","KEGG: hsa04514","PBMC_Early"
"Th17like_INNATE_T","pDC","ICAM2","ITGAL_ITGB2",0.0116549886720813,0,"ICAM2_ITGAL_ITGB2","ICAM2 - (ITGAL+ITGB2)","ICAM","Cell-Cell Contact","KEGG: hsa04514","PBMC_Early"
"Treg","pDC","ICAM2","ITGAL_ITGB2",0.00476409033877153,0,"ICAM2_ITGAL_ITGB2","ICAM2 - (ITGAL+ITGB2)","ICAM","Cell-Cell Contact","KEGG: hsa04514","PBMC_Early"
"CD14+PPBP+ Monocytes","Th17like_INNATE_T","ICAM2","ITGAL_ITGB2",0.0205609910934719,0,"ICAM2_ITGAL_ITGB2","ICAM2 - (ITGAL+ITGB2)","ICAM","Cell-Cell Contact","KEGG: hsa04514","PBMC_Early"
"CX3CR1+ NK","Th17like_INNATE_T","ICAM2","ITGAL_ITGB2",0.00897446816243346,0,"ICAM2_ITGAL_ITGB2","ICAM2 - (ITGAL+ITGB2)","ICAM","Cell-Cell Contact","KEGG: hsa04514","PBMC_Early"
"CXCR5- Naïve B","Th17like_INNATE_T","ICAM2","ITGAL_ITGB2",0.00676443499859467,0,"ICAM2_ITGAL_ITGB2","ICAM2 - (ITGAL+ITGB2)","ICAM","Cell-Cell Contact","KEGG: hsa04514","PBMC_Early"
"CXCR5+ Naïve B","Th17like_INNATE_T","ICAM2","ITGAL_ITGB2",0.0066881631688159,0,"ICAM2_ITGAL_ITGB2","ICAM2 - (ITGAL+ITGB2)","ICAM","Cell-Cell Contact","KEGG: hsa04514","PBMC_Early"
"CXCR6+ NK","Th17like_INNATE_T","ICAM2","ITGAL_ITGB2",0.0082453577581644,0,"ICAM2_ITGAL_ITGB2","ICAM2 - (ITGAL+ITGB2)","ICAM","Cell-Cell Contact","KEGG: hsa04514","PBMC_Early"
"DC2","Th17like_INNATE_T","ICAM2","ITGAL_ITGB2",0.00393315190371963,0,"ICAM2_ITGAL_ITGB2","ICAM2 - (ITGAL+ITGB2)","ICAM","Cell-Cell Contact","KEGG: hsa04514","PBMC_Early"
"Gamma Delta V1 T","Th17like_INNATE_T","ICAM2","ITGAL_ITGB2",0.0081957968915522,0,"ICAM2_ITGAL_ITGB2","ICAM2 - (ITGAL+ITGB2)","ICAM","Cell-Cell Contact","KEGG: hsa04514","PBMC_Early"
"Gamma Delta V2 T","Th17like_INNATE_T","ICAM2","ITGAL_ITGB2",0.00831458556527178,0,"ICAM2_ITGAL_ITGB2","ICAM2 - (ITGAL+ITGB2)","ICAM","Cell-Cell Contact","KEGG: hsa04514","PBMC_Early"
"HSC_MPP","Th17like_INNATE_T","ICAM2","ITGAL_ITGB2",0.0110946659551447,0,"ICAM2_ITGAL_ITGB2","ICAM2 - (ITGAL+ITGB2)","ICAM","Cell-Cell Contact","KEGG: hsa04514","PBMC_Early"
"ILC2/3","Th17like_INNATE_T","ICAM2","ITGAL_ITGB2",0.0100074551105998,0,"ICAM2_ITGAL_ITGB2","ICAM2 - (ITGAL+ITGB2)","ICAM","Cell-Cell Contact","KEGG: hsa04514","PBMC_Early"
"Megakaryocytes","Th17like_INNATE_T","ICAM2","ITGAL_ITGB2",0.0155506992095516,0,"ICAM2_ITGAL_ITGB2","ICAM2 - (ITGAL+ITGB2)","ICAM","Cell-Cell Contact","KEGG: hsa04514","PBMC_Early"
"MEMP","Th17like_INNATE_T","ICAM2","ITGAL_ITGB2",0.0120628774798396,0,"ICAM2_ITGAL_ITGB2","ICAM2 - (ITGAL+ITGB2)","ICAM","Cell-Cell Contact","KEGG: hsa04514","PBMC_Early"
"MEP","Th17like_INNATE_T","ICAM2","ITGAL_ITGB2",0.0276015021233059,0,"ICAM2_ITGAL_ITGB2","ICAM2 - (ITGAL+ITGB2)","ICAM","Cell-Cell Contact","KEGG: hsa04514","PBMC_Early"
"Naïve CD4 T","Th17like_INNATE_T","ICAM2","ITGAL_ITGB2",0.00768058779196503,0,"ICAM2_ITGAL_ITGB2","ICAM2 - (ITGAL+ITGB2)","ICAM","Cell-Cell Contact","KEGG: hsa04514","PBMC_Early"
"Naïve CD8 T","Th17like_INNATE_T","ICAM2","ITGAL_ITGB2",0.0063732639780434,0,"ICAM2_ITGAL_ITGB2","ICAM2 - (ITGAL+ITGB2)","ICAM","Cell-Cell Contact","KEGG: hsa04514","PBMC_Early"
"NK T","Th17like_INNATE_T","ICAM2","ITGAL_ITGB2",0.00890046441909165,0,"ICAM2_ITGAL_ITGB2","ICAM2 - (ITGAL+ITGB2)","ICAM","Cell-Cell Contact","KEGG: hsa04514","PBMC_Early"
"Tem","Th17like_INNATE_T","ICAM2","ITGAL_ITGB2",0.0239907745461543,0,"ICAM2_ITGAL_ITGB2","ICAM2 - (ITGAL+ITGB2)","ICAM","Cell-Cell Contact","KEGG: hsa04514","PBMC_Early"
"Th17like_INNATE_T","Th17like_INNATE_T","ICAM2","ITGAL_ITGB2",0.0219053060919273,0,"ICAM2_ITGAL_ITGB2","ICAM2 - (ITGAL+ITGB2)","ICAM","Cell-Cell Contact","KEGG: hsa04514","PBMC_Early"
"Treg","Th17like_INNATE_T","ICAM2","ITGAL_ITGB2",0.00900925112734893,0,"ICAM2_ITGAL_ITGB2","ICAM2 - (ITGAL+ITGB2)","ICAM","Cell-Cell Contact","KEGG: hsa04514","PBMC_Early"
"CD14+PPBP+ Monocytes","Treg","ICAM2","ITGAL_ITGB2",0.0178913030119294,0,"ICAM2_ITGAL_ITGB2","ICAM2 - (ITGAL+ITGB2)","ICAM","Cell-Cell Contact","KEGG: hsa04514","PBMC_Early"
"CX3CR1+ NK","Treg","ICAM2","ITGAL_ITGB2",0.00779722526425489,0,"ICAM2_ITGAL_ITGB2","ICAM2 - (ITGAL+ITGB2)","ICAM","Cell-Cell Contact","KEGG: hsa04514","PBMC_Early"
"CXCR5- Naïve B","Treg","ICAM2","ITGAL_ITGB2",0.00587537866810975,0,"ICAM2_ITGAL_ITGB2","ICAM2 - (ITGAL+ITGB2)","ICAM","Cell-Cell Contact","KEGG: hsa04514","PBMC_Early"
"CXCR5+ Naïve B","Treg","ICAM2","ITGAL_ITGB2",0.00580907269023495,0,"ICAM2_ITGAL_ITGB2","ICAM2 - (ITGAL+ITGB2)","ICAM","Cell-Cell Contact","KEGG: hsa04514","PBMC_Early"
"CXCR6+ NK","Treg","ICAM2","ITGAL_ITGB2",0.00716306600425125,0,"ICAM2_ITGAL_ITGB2","ICAM2 - (ITGAL+ITGB2)","ICAM","Cell-Cell Contact","KEGG: hsa04514","PBMC_Early"
"DC2","Treg","ICAM2","ITGAL_ITGB2",0.00341493447483733,0,"ICAM2_ITGAL_ITGB2","ICAM2 - (ITGAL+ITGB2)","ICAM","Cell-Cell Contact","KEGG: hsa04514","PBMC_Early"
"Gamma Delta V1 T","Treg","ICAM2","ITGAL_ITGB2",0.00711996383035433,0,"ICAM2_ITGAL_ITGB2","ICAM2 - (ITGAL+ITGB2)","ICAM","Cell-Cell Contact","KEGG: hsa04514","PBMC_Early"
"Gamma Delta V2 T","Treg","ICAM2","ITGAL_ITGB2",0.0072232731010395,0,"ICAM2_ITGAL_ITGB2","ICAM2 - (ITGAL+ITGB2)","ICAM","Cell-Cell Contact","KEGG: hsa04514","PBMC_Early"
"HSC_MPP","Treg","ICAM2","ITGAL_ITGB2",0.00964200801545998,0,"ICAM2_ITGAL_ITGB2","ICAM2 - (ITGAL+ITGB2)","ICAM","Cell-Cell Contact","KEGG: hsa04514","PBMC_Early"
"ILC2/3","Treg","ICAM2","ITGAL_ITGB2",0.00869589718819198,0,"ICAM2_ITGAL_ITGB2","ICAM2 - (ITGAL+ITGB2)","ICAM","Cell-Cell Contact","KEGG: hsa04514","PBMC_Early"
"Megakaryocytes","Treg","ICAM2","ITGAL_ITGB2",0.0135225776030351,0,"ICAM2_ITGAL_ITGB2","ICAM2 - (ITGAL+ITGB2)","ICAM","Cell-Cell Contact","KEGG: hsa04514","PBMC_Early"
"MEMP","Treg","ICAM2","ITGAL_ITGB2",0.0104847927750301,0,"ICAM2_ITGAL_ITGB2","ICAM2 - (ITGAL+ITGB2)","ICAM","Cell-Cell Contact","KEGG: hsa04514","PBMC_Early"
"MEP","Treg","ICAM2","ITGAL_ITGB2",0.0240400950689513,0,"ICAM2_ITGAL_ITGB2","ICAM2 - (ITGAL+ITGB2)","ICAM","Cell-Cell Contact","KEGG: hsa04514","PBMC_Early"
"Naïve CD4 T","Treg","ICAM2","ITGAL_ITGB2",0.00667192944487558,0,"ICAM2_ITGAL_ITGB2","ICAM2 - (ITGAL+ITGB2)","ICAM","Cell-Cell Contact","KEGG: hsa04514","PBMC_Early"
"Naïve CD8 T","Treg","ICAM2","ITGAL_ITGB2",0.00553533311803751,0,"ICAM2_ITGAL_ITGB2","ICAM2 - (ITGAL+ITGB2)","ICAM","Cell-Cell Contact","KEGG: hsa04514","PBMC_Early"
"NK T","Treg","ICAM2","ITGAL_ITGB2",0.00773285335533912,0,"ICAM2_ITGAL_ITGB2","ICAM2 - (ITGAL+ITGB2)","ICAM","Cell-Cell Contact","KEGG: hsa04514","PBMC_Early"
"Tem","Treg","ICAM2","ITGAL_ITGB2",0.0208852513122915,0,"ICAM2_ITGAL_ITGB2","ICAM2 - (ITGAL+ITGB2)","ICAM","Cell-Cell Contact","KEGG: hsa04514","PBMC_Early"
"Th17like_INNATE_T","Treg","ICAM2","ITGAL_ITGB2",0.0190644664889932,0,"ICAM2_ITGAL_ITGB2","ICAM2 - (ITGAL+ITGB2)","ICAM","Cell-Cell Contact","KEGG: hsa04514","PBMC_Early"
"Treg","Treg","ICAM2","ITGAL_ITGB2",0.00782748154575643,0,"ICAM2_ITGAL_ITGB2","ICAM2 - (ITGAL+ITGB2)","ICAM","Cell-Cell Contact","KEGG: hsa04514","PBMC_Early"
"DC2","CD14+PPBP+ Monocytes","ICAM1","ITGAM_ITGB2",0.00586057455381994,0,"ICAM1_ITGAM_ITGB2","ICAM1 - (ITGAM+ITGB2)","ICAM","Cell-Cell Contact","KEGG: hsa04514","PBMC_Early"
"DC2","CD56highCD16low NK","ICAM1","ITGAM_ITGB2",0.00420807103025099,0,"ICAM1_ITGAM_ITGB2","ICAM1 - (ITGAM+ITGB2)","ICAM","Cell-Cell Contact","KEGG: hsa04514","PBMC_Early"
"DC2","Classical Monocytes","ICAM1","ITGAM_ITGB2",0.00494506022968419,0,"ICAM1_ITGAM_ITGB2","ICAM1 - (ITGAM+ITGB2)","ICAM","Cell-Cell Contact","KEGG: hsa04514","PBMC_Early"
"DC2","CX3CR1+ NK","ICAM1","ITGAM_ITGB2",0.00538903917758151,0,"ICAM1_ITGAM_ITGB2","ICAM1 - (ITGAM+ITGB2)","ICAM","Cell-Cell Contact","KEGG: hsa04514","PBMC_Early"
"DC2","DC2","ICAM1","ITGAM_ITGB2",0.00561072260947703,0,"ICAM1_ITGAM_ITGB2","ICAM1 - (ITGAM+ITGB2)","ICAM","Cell-Cell Contact","KEGG: hsa04514","PBMC_Early"
"DC2","Myeloid-CD177","ICAM1","ITGAM_ITGB2",0.00410251657136055,0,"ICAM1_ITGAM_ITGB2","ICAM1 - (ITGAM+ITGB2)","ICAM","Cell-Cell Contact","KEGG: hsa04514","PBMC_Early"
"CD14+PPBP+ Monocytes","CD14+PPBP+ Monocytes","ICAM2","ITGAM_ITGB2",0.0346652717120032,0,"ICAM2_ITGAM_ITGB2","ICAM2 - (ITGAM+ITGB2)","ICAM","Cell-Cell Contact","KEGG: hsa04514","PBMC_Early"
"CX3CR1+ NK","CD14+PPBP+ Monocytes","ICAM2","ITGAM_ITGB2",0.0152544977784164,0,"ICAM2_ITGAM_ITGB2","ICAM2 - (ITGAM+ITGB2)","ICAM","Cell-Cell Contact","KEGG: hsa04514","PBMC_Early"
"CXCR5- Naïve B","CD14+PPBP+ Monocytes","ICAM2","ITGAM_ITGB2",0.0115159288099531,0,"ICAM2_ITGAM_ITGB2","ICAM2 - (ITGAM+ITGB2)","ICAM","Cell-Cell Contact","KEGG: hsa04514","PBMC_Early"
"CXCR5+ Naïve B","CD14+PPBP+ Monocytes","ICAM2","ITGAM_ITGB2",0.0113866961008113,0,"ICAM2_ITGAM_ITGB2","ICAM2 - (ITGAM+ITGB2)","ICAM","Cell-Cell Contact","KEGG: hsa04514","PBMC_Early"
"CXCR6+ NK","CD14+PPBP+ Monocytes","ICAM2","ITGAM_ITGB2",0.0140223996581072,0,"ICAM2_ITGAM_ITGB2","ICAM2 - (ITGAM+ITGB2)","ICAM","Cell-Cell Contact","KEGG: hsa04514","PBMC_Early"
"DC2","CD14+PPBP+ Monocytes","ICAM2","ITGAM_ITGB2",0.00670932182351717,0,"ICAM2_ITGAM_ITGB2","ICAM2 - (ITGAM+ITGB2)","ICAM","Cell-Cell Contact","KEGG: hsa04514","PBMC_Early"
"Gamma Delta V1 T","CD14+PPBP+ Monocytes","ICAM2","ITGAM_ITGB2",0.0139386024129063,0,"ICAM2_ITGAM_ITGB2","ICAM2 - (ITGAM+ITGB2)","ICAM","Cell-Cell Contact","KEGG: hsa04514","PBMC_Early"
"Gamma Delta V2 T","CD14+PPBP+ Monocytes","ICAM2","ITGAM_ITGB2",0.0141394398375362,0,"ICAM2_ITGAM_ITGB2","ICAM2 - (ITGAM+ITGB2)","ICAM","Cell-Cell Contact","KEGG: hsa04514","PBMC_Early"
"HSC_MPP","CD14+PPBP+ Monocytes","ICAM2","ITGAM_ITGB2",0.0188301481496604,0,"ICAM2_ITGAM_ITGB2","ICAM2 - (ITGAM+ITGB2)","ICAM","Cell-Cell Contact","KEGG: hsa04514","PBMC_Early"
"ILC2/3","CD14+PPBP+ Monocytes","ICAM2","ITGAM_ITGB2",0.0169979358786854,0,"ICAM2_ITGAM_ITGB2","ICAM2 - (ITGAM+ITGB2)","ICAM","Cell-Cell Contact","KEGG: hsa04514","PBMC_Early"
"Megakaryocytes","CD14+PPBP+ Monocytes","ICAM2","ITGAM_ITGB2",0.0263103809521545,0,"ICAM2_ITGAM_ITGB2","ICAM2 - (ITGAM+ITGB2)","ICAM","Cell-Cell Contact","KEGG: hsa04514","PBMC_Early"
"MEMP","CD14+PPBP+ Monocytes","ICAM2","ITGAM_ITGB2",0.0204594549352244,0,"ICAM2_ITGAM_ITGB2","ICAM2 - (ITGAM+ITGB2)","ICAM","Cell-Cell Contact","KEGG: hsa04514","PBMC_Early"
"MEP","CD14+PPBP+ Monocytes","ICAM2","ITGAM_ITGB2",0.0463070424703136,0,"ICAM2_ITGAM_ITGB2","ICAM2 - (ITGAM+ITGB2)","ICAM","Cell-Cell Contact","KEGG: hsa04514","PBMC_Early"
"Naïve CD4 T","CD14+PPBP+ Monocytes","ICAM2","ITGAM_ITGB2",0.0130671419489154,0,"ICAM2_ITGAM_ITGB2","ICAM2 - (ITGAM+ITGB2)","ICAM","Cell-Cell Contact","KEGG: hsa04514","PBMC_Early"
"Naïve CD8 T","CD14+PPBP+ Monocytes","ICAM2","ITGAM_ITGB2",0.0108529926790562,0,"ICAM2_ITGAM_ITGB2","ICAM2 - (ITGAM+ITGB2)","ICAM","Cell-Cell Contact","KEGG: hsa04514","PBMC_Early"
"NK T","CD14+PPBP+ Monocytes","ICAM2","ITGAM_ITGB2",0.0151294992967111,0,"ICAM2_ITGAM_ITGB2","ICAM2 - (ITGAM+ITGB2)","ICAM","Cell-Cell Contact","KEGG: hsa04514","PBMC_Early"
"Tem","CD14+PPBP+ Monocytes","ICAM2","ITGAM_ITGB2",0.0403508653655942,0,"ICAM2_ITGAM_ITGB2","ICAM2 - (ITGAM+ITGB2)","ICAM","Cell-Cell Contact","KEGG: hsa04514","PBMC_Early"
"Th17like_INNATE_T","CD14+PPBP+ Monocytes","ICAM2","ITGAM_ITGB2",0.0368970108801441,0,"ICAM2_ITGAM_ITGB2","ICAM2 - (ITGAM+ITGB2)","ICAM","Cell-Cell Contact","KEGG: hsa04514","PBMC_Early"
"Treg","CD14+PPBP+ Monocytes","ICAM2","ITGAM_ITGB2",0.0153132445882329,0,"ICAM2_ITGAM_ITGB2","ICAM2 - (ITGAM+ITGB2)","ICAM","Cell-Cell Contact","KEGG: hsa04514","PBMC_Early"
"CD14+PPBP+ Monocytes","CD56highCD16low NK","ICAM2","ITGAM_ITGB2",0.0250957513949673,0,"ICAM2_ITGAM_ITGB2","ICAM2 - (ITGAM+ITGB2)","ICAM","Cell-Cell Contact","KEGG: hsa04514","PBMC_Early"
"CX3CR1+ NK","CD56highCD16low NK","ICAM2","ITGAM_ITGB2",0.0109824558470602,0,"ICAM2_ITGAM_ITGB2","ICAM2 - (ITGAM+ITGB2)","ICAM","Cell-Cell Contact","KEGG: hsa04514","PBMC_Early"
"CXCR5- Naïve B","CD56highCD16low NK","ICAM2","ITGAM_ITGB2",0.00828207239698701,0,"ICAM2_ITGAM_ITGB2","ICAM2 - (ITGAM+ITGB2)","ICAM","Cell-Cell Contact","KEGG: hsa04514","PBMC_Early"
"CXCR5+ Naïve B","CD56highCD16low NK","ICAM2","ITGAM_ITGB2",0.0081888296532526,0,"ICAM2_ITGAM_ITGB2","ICAM2 - (ITGAM+ITGB2)","ICAM","Cell-Cell Contact","KEGG: hsa04514","PBMC_Early"
"CXCR6+ NK","CD56highCD16low NK","ICAM2","ITGAM_ITGB2",0.0100918722573105,0,"ICAM2_ITGAM_ITGB2","ICAM2 - (ITGAM+ITGB2)","ICAM","Cell-Cell Contact","KEGG: hsa04514","PBMC_Early"
"DC2","CD56highCD16low NK","ICAM2","ITGAM_ITGB2",0.00481865742454444,0,"ICAM2_ITGAM_ITGB2","ICAM2 - (ITGAM+ITGB2)","ICAM","Cell-Cell Contact","KEGG: hsa04514","PBMC_Early"
"Gamma Delta V1 T","CD56highCD16low NK","ICAM2","ITGAM_ITGB2",0.0100313246980783,0,"ICAM2_ITGAM_ITGB2","ICAM2 - (ITGAM+ITGB2)","ICAM","Cell-Cell Contact","KEGG: hsa04514","PBMC_Early"
"Gamma Delta V2 T","CD56highCD16low NK","ICAM2","ITGAM_ITGB2",0.0101764442716293,0,"ICAM2_ITGAM_ITGB2","ICAM2 - (ITGAM+ITGB2)","ICAM","Cell-Cell Contact","KEGG: hsa04514","PBMC_Early"
"HSC_MPP","CD56highCD16low NK","ICAM2","ITGAM_ITGB2",0.0135705402609536,0,"ICAM2_ITGAM_ITGB2","ICAM2 - (ITGAM+ITGB2)","ICAM","Cell-Cell Contact","KEGG: hsa04514","PBMC_Early"
"ILC2/3","CD56highCD16low NK","ICAM2","ITGAM_ITGB2",0.0122437124638449,0,"ICAM2_ITGAM_ITGB2","ICAM2 - (ITGAM+ITGB2)","ICAM","Cell-Cell Contact","KEGG: hsa04514","PBMC_Early"
"Megakaryocytes","CD56highCD16low NK","ICAM2","ITGAM_ITGB2",0.0190018698147557,0,"ICAM2_ITGAM_ITGB2","ICAM2 - (ITGAM+ITGB2)","ICAM","Cell-Cell Contact","KEGG: hsa04514","PBMC_Early"
"MEMP","CD56highCD16low NK","ICAM2","ITGAM_ITGB2",0.0147515938158079,0,"ICAM2_ITGAM_ITGB2","ICAM2 - (ITGAM+ITGB2)","ICAM","Cell-Cell Contact","KEGG: hsa04514","PBMC_Early"
"MEP","CD56highCD16low NK","ICAM2","ITGAM_ITGB2",0.0336357328047864,0,"ICAM2_ITGAM_ITGB2","ICAM2 - (ITGAM+ITGB2)","ICAM","Cell-Cell Contact","KEGG: hsa04514","PBMC_Early"
"Naïve CD4 T","CD56highCD16low NK","ICAM2","ITGAM_ITGB2",0.00940182335252015,0,"ICAM2_ITGAM_ITGB2","ICAM2 - (ITGAM+ITGB2)","ICAM","Cell-Cell Contact","KEGG: hsa04514","PBMC_Early"
"Naïve CD8 T","CD56highCD16low NK","ICAM2","ITGAM_ITGB2",0.00780382959143252,0,"ICAM2_ITGAM_ITGB2","ICAM2 - (ITGAM+ITGB2)","ICAM","Cell-Cell Contact","KEGG: hsa04514","PBMC_Early"
"NK T","CD56highCD16low NK","ICAM2","ITGAM_ITGB2",0.0108920761583008,0,"ICAM2_ITGAM_ITGB2","ICAM2 - (ITGAM+ITGB2)","ICAM","Cell-Cell Contact","KEGG: hsa04514","PBMC_Early"
"Tem","CD56highCD16low NK","ICAM2","ITGAM_ITGB2",0.0292593814864053,0,"ICAM2_ITGAM_ITGB2","ICAM2 - (ITGAM+ITGB2)","ICAM","Cell-Cell Contact","KEGG: hsa04514","PBMC_Early"
"Th17like_INNATE_T","CD56highCD16low NK","ICAM2","ITGAM_ITGB2",0.0267284661631617,0,"ICAM2_ITGAM_ITGB2","ICAM2 - (ITGAM+ITGB2)","ICAM","Cell-Cell Contact","KEGG: hsa04514","PBMC_Early"
"Treg","CD56highCD16low NK","ICAM2","ITGAM_ITGB2",0.0110249347297567,0,"ICAM2_ITGAM_ITGB2","ICAM2 - (ITGAM+ITGB2)","ICAM","Cell-Cell Contact","KEGG: hsa04514","PBMC_Early"
"CD14+PPBP+ Monocytes","Classical Monocytes","ICAM2","ITGAM_ITGB2",0.0293830042333753,0,"ICAM2_ITGAM_ITGB2","ICAM2 - (ITGAM+ITGB2)","ICAM","Cell-Cell Contact","KEGG: hsa04514","PBMC_Early"
"CX3CR1+ NK","Classical Monocytes","ICAM2","ITGAM_ITGB2",0.0128905323556235,0,"ICAM2_ITGAM_ITGB2","ICAM2 - (ITGAM+ITGB2)","ICAM","Cell-Cell Contact","KEGG: hsa04514","PBMC_Early"
"CXCR5- Naïve B","Classical Monocytes","ICAM2","ITGAM_ITGB2",0.00972560160363319,0,"ICAM2_ITGAM_ITGB2","ICAM2 - (ITGAM+ITGB2)","ICAM","Cell-Cell Contact","KEGG: hsa04514","PBMC_Early"
"CXCR5+ Naïve B","Classical Monocytes","ICAM2","ITGAM_ITGB2",0.00961626464190555,0,"ICAM2_ITGAM_ITGB2","ICAM2 - (ITGAM+ITGB2)","ICAM","Cell-Cell Contact","KEGG: hsa04514","PBMC_Early"
"CXCR6+ NK","Classical Monocytes","ICAM2","ITGAM_ITGB2",0.0118470734575194,0,"ICAM2_ITGAM_ITGB2","ICAM2 - (ITGAM+ITGB2)","ICAM","Cell-Cell Contact","KEGG: hsa04514","PBMC_Early"
"DC2","Classical Monocytes","ICAM2","ITGAM_ITGB2",0.00566197490221515,0,"ICAM2_ITGAM_ITGB2","ICAM2 - (ITGAM+ITGB2)","ICAM","Cell-Cell Contact","KEGG: hsa04514","PBMC_Early"
"Gamma Delta V1 T","Classical Monocytes","ICAM2","ITGAM_ITGB2",0.0117761206036152,0,"ICAM2_ITGAM_ITGB2","ICAM2 - (ITGAM+ITGB2)","ICAM","Cell-Cell Contact","KEGG: hsa04514","PBMC_Early"
"Gamma Delta V2 T","Classical Monocytes","ICAM2","ITGAM_ITGB2",0.0119461769202807,0,"ICAM2_ITGAM_ITGB2","ICAM2 - (ITGAM+ITGB2)","ICAM","Cell-Cell Contact","KEGG: hsa04514","PBMC_Early"
"HSC_MPP","Classical Monocytes","ICAM2","ITGAM_ITGB2",0.0159210285451017,0,"ICAM2_ITGAM_ITGB2","ICAM2 - (ITGAM+ITGB2)","ICAM","Cell-Cell Contact","KEGG: hsa04514","PBMC_Early"
"ILC2/3","Classical Monocytes","ICAM2","ITGAM_ITGB2",0.0143677345841342,0,"ICAM2_ITGAM_ITGB2","ICAM2 - (ITGAM+ITGB2)","ICAM","Cell-Cell Contact","KEGG: hsa04514","PBMC_Early"
"Megakaryocytes","Classical Monocytes","ICAM2","ITGAM_ITGB2",0.0222718525361969,0,"ICAM2_ITGAM_ITGB2","ICAM2 - (ITGAM+ITGB2)","ICAM","Cell-Cell Contact","KEGG: hsa04514","PBMC_Early"
"MEMP","Classical Monocytes","ICAM2","ITGAM_ITGB2",0.0173030584409199,0,"ICAM2_ITGAM_ITGB2","ICAM2 - (ITGAM+ITGB2)","ICAM","Cell-Cell Contact","KEGG: hsa04514","PBMC_Early"
"MEP","Classical Monocytes","ICAM2","ITGAM_ITGB2",0.0393230736325414,0,"ICAM2_ITGAM_ITGB2","ICAM2 - (ITGAM+ITGB2)","ICAM","Cell-Cell Contact","KEGG: hsa04514","PBMC_Early"
"Naïve CD4 T","Classical Monocytes","ICAM2","ITGAM_ITGB2",0.0110383479612596,0,"ICAM2_ITGAM_ITGB2","ICAM2 - (ITGAM+ITGB2)","ICAM","Cell-Cell Contact","KEGG: hsa04514","PBMC_Early"
"Naïve CD8 T","Classical Monocytes","ICAM2","ITGAM_ITGB2",0.00916477347194811,0,"ICAM2_ITGAM_ITGB2","ICAM2 - (ITGAM+ITGB2)","ICAM","Cell-Cell Contact","KEGG: hsa04514","PBMC_Early"
"NK T","Classical Monocytes","ICAM2","ITGAM_ITGB2",0.0127846532056995,0,"ICAM2_ITGAM_ITGB2","ICAM2 - (ITGAM+ITGB2)","ICAM","Cell-Cell Contact","KEGG: hsa04514","PBMC_Early"
"Tem","Classical Monocytes","ICAM2","ITGAM_ITGB2",0.0342329548065122,0,"ICAM2_ITGAM_ITGB2","ICAM2 - (ITGAM+ITGB2)","ICAM","Cell-Cell Contact","KEGG: hsa04514","PBMC_Early"
"Th17like_INNATE_T","Classical Monocytes","ICAM2","ITGAM_ITGB2",0.0312856941091838,0,"ICAM2_ITGAM_ITGB2","ICAM2 - (ITGAM+ITGB2)","ICAM","Cell-Cell Contact","KEGG: hsa04514","PBMC_Early"
"Treg","Classical Monocytes","ICAM2","ITGAM_ITGB2",0.0129402948972088,0,"ICAM2_ITGAM_ITGB2","ICAM2 - (ITGAM+ITGB2)","ICAM","Cell-Cell Contact","KEGG: hsa04514","PBMC_Early"
"CD14+PPBP+ Monocytes","CX3CR1+ NK","ICAM2","ITGAM_ITGB2",0.0319506272303086,0,"ICAM2_ITGAM_ITGB2","ICAM2 - (ITGAM+ITGB2)","ICAM","Cell-Cell Contact","KEGG: hsa04514","PBMC_Early"
"CX3CR1+ NK","CX3CR1+ NK","ICAM2","ITGAM_ITGB2",0.0140378103540997,0,"ICAM2_ITGAM_ITGB2","ICAM2 - (ITGAM+ITGB2)","ICAM","Cell-Cell Contact","KEGG: hsa04514","PBMC_Early"
"CXCR5- Naïve B","CX3CR1+ NK","ICAM2","ITGAM_ITGB2",0.0105942188942081,0,"ICAM2_ITGAM_ITGB2","ICAM2 - (ITGAM+ITGB2)","ICAM","Cell-Cell Contact","KEGG: hsa04514","PBMC_Early"
"CXCR5+ Naïve B","CX3CR1+ NK","ICAM2","ITGAM_ITGB2",0.0104752200774736,0,"ICAM2_ITGAM_ITGB2","ICAM2 - (ITGAM+ITGB2)","ICAM","Cell-Cell Contact","KEGG: hsa04514","PBMC_Early"
"CXCR6+ NK","CX3CR1+ NK","ICAM2","ITGAM_ITGB2",0.0129026958600842,0,"ICAM2_ITGAM_ITGB2","ICAM2 - (ITGAM+ITGB2)","ICAM","Cell-Cell Contact","KEGG: hsa04514","PBMC_Early"
"DC2","CX3CR1+ NK","ICAM2","ITGAM_ITGB2",0.00616992099966488,0,"ICAM2_ITGAM_ITGB2","ICAM2 - (ITGAM+ITGB2)","ICAM","Cell-Cell Contact","KEGG: hsa04514","PBMC_Early"
"Gamma Delta V1 T","CX3CR1+ NK","ICAM2","ITGAM_ITGB2",0.0128255028758551,0,"ICAM2_ITGAM_ITGB2","ICAM2 - (ITGAM+ITGB2)","ICAM","Cell-Cell Contact","KEGG: hsa04514","PBMC_Early"
"Gamma Delta V2 T","CX3CR1+ NK","ICAM2","ITGAM_ITGB2",0.0130105135771834,0,"ICAM2_ITGAM_ITGB2","ICAM2 - (ITGAM+ITGB2)","ICAM","Cell-Cell Contact","KEGG: hsa04514","PBMC_Early"
"HSC_MPP","CX3CR1+ NK","ICAM2","ITGAM_ITGB2",0.0173332893824524,0,"ICAM2_ITGAM_ITGB2","ICAM2 - (ITGAM+ITGB2)","ICAM","Cell-Cell Contact","KEGG: hsa04514","PBMC_Early"
"ILC2/3","CX3CR1+ NK","ICAM2","ITGAM_ITGB2",0.0156444022618628,0,"ICAM2_ITGAM_ITGB2","ICAM2 - (ITGAM+ITGB2)","ICAM","Cell-Cell Contact","KEGG: hsa04514","PBMC_Early"
"Megakaryocytes","CX3CR1+ NK","ICAM2","ITGAM_ITGB2",0.024233584912389,0,"ICAM2_ITGAM_ITGB2","ICAM2 - (ITGAM+ITGB2)","ICAM","Cell-Cell Contact","KEGG: hsa04514","PBMC_Early"
"MEMP","CX3CR1+ NK","ICAM2","ITGAM_ITGB2",0.018835564582387,0,"ICAM2_ITGAM_ITGB2","ICAM2 - (ITGAM+ITGB2)","ICAM","Cell-Cell Contact","KEGG: hsa04514","PBMC_Early"
"MEP","CX3CR1+ NK","ICAM2","ITGAM_ITGB2",0.0427210746584276,0,"ICAM2_ITGAM_ITGB2","ICAM2 - (ITGAM+ITGB2)","ICAM","Cell-Cell Contact","KEGG: hsa04514","PBMC_Early"
"Naïve CD4 T","CX3CR1+ NK","ICAM2","ITGAM_ITGB2",0.012022786392464,0,"ICAM2_ITGAM_ITGB2","ICAM2 - (ITGAM+ITGB2)","ICAM","Cell-Cell Contact","KEGG: hsa04514","PBMC_Early"
"Naïve CD8 T","CX3CR1+ NK","ICAM2","ITGAM_ITGB2",0.00998380681856068,0,"ICAM2_ITGAM_ITGB2","ICAM2 - (ITGAM+ITGB2)","ICAM","Cell-Cell Contact","KEGG: hsa04514","PBMC_Early"
"NK T","CX3CR1+ NK","ICAM2","ITGAM_ITGB2",0.0139226407025863,0,"ICAM2_ITGAM_ITGB2","ICAM2 - (ITGAM+ITGB2)","ICAM","Cell-Cell Contact","KEGG: hsa04514","PBMC_Early"
"Tem","CX3CR1+ NK","ICAM2","ITGAM_ITGB2",0.0372081423477593,0,"ICAM2_ITGAM_ITGB2","ICAM2 - (ITGAM+ITGB2)","ICAM","Cell-Cell Contact","KEGG: hsa04514","PBMC_Early"
"Th17like_INNATE_T","CX3CR1+ NK","ICAM2","ITGAM_ITGB2",0.0340137564326304,0,"ICAM2_ITGAM_ITGB2","ICAM2 - (ITGAM+ITGB2)","ICAM","Cell-Cell Contact","KEGG: hsa04514","PBMC_Early"
"Treg","CX3CR1+ NK","ICAM2","ITGAM_ITGB2",0.0140919386140148,0,"ICAM2_ITGAM_ITGB2","ICAM2 - (ITGAM+ITGB2)","ICAM","Cell-Cell Contact","KEGG: hsa04514","PBMC_Early"
"CD14+PPBP+ Monocytes","DC2","ICAM2","ITGAM_ITGB2",0.0332284443875257,0,"ICAM2_ITGAM_ITGB2","ICAM2 - (ITGAM+ITGB2)","ICAM","Cell-Cell Contact","KEGG: hsa04514","PBMC_Early"
"CX3CR1+ NK","DC2","ICAM2","ITGAM_ITGB2",0.0146100434406316,0,"ICAM2_ITGAM_ITGB2","ICAM2 - (ITGAM+ITGB2)","ICAM","Cell-Cell Contact","KEGG: hsa04514","PBMC_Early"
"CXCR5- Naïve B","DC2","ICAM2","ITGAM_ITGB2",0.0110276484820866,0,"ICAM2_ITGAM_ITGB2","ICAM2 - (ITGAM+ITGB2)","ICAM","Cell-Cell Contact","KEGG: hsa04514","PBMC_Early"
"CXCR5+ Naïve B","DC2","ICAM2","ITGAM_ITGB2",0.0109038348514461,0,"ICAM2_ITGAM_ITGB2","ICAM2 - (ITGAM+ITGB2)","ICAM","Cell-Cell Contact","KEGG: hsa04514","PBMC_Early"
"CXCR6+ NK","DC2","ICAM2","ITGAM_ITGB2",0.0134292877202171,0,"ICAM2_ITGAM_ITGB2","ICAM2 - (ITGAM+ITGB2)","ICAM","Cell-Cell Contact","KEGG: hsa04514","PBMC_Early"
"DC2","DC2","ICAM2","ITGAM_ITGB2",0.0064235193175847,0,"ICAM2_ITGAM_ITGB2","ICAM2 - (ITGAM+ITGB2)","ICAM","Cell-Cell Contact","KEGG: hsa04514","PBMC_Early"
"Gamma Delta V1 T","DC2","ICAM2","ITGAM_ITGB2",0.013348986898747,0,"ICAM2_ITGAM_ITGB2","ICAM2 - (ITGAM+ITGB2)","ICAM","Cell-Cell Contact","KEGG: hsa04514","PBMC_Early"
"Gamma Delta V2 T","DC2","ICAM2","ITGAM_ITGB2",0.0135414453872773,0,"ICAM2_ITGAM_ITGB2","ICAM2 - (ITGAM+ITGB2)","ICAM","Cell-Cell Contact","KEGG: hsa04514","PBMC_Early"
"HSC_MPP","DC2","ICAM2","ITGAM_ITGB2",0.018037400816966,0,"ICAM2_ITGAM_ITGB2","ICAM2 - (ITGAM+ITGB2)","ICAM","Cell-Cell Contact","KEGG: hsa04514","PBMC_Early"
"ILC2/3","DC2","ICAM2","ITGAM_ITGB2",0.0162810445416836,0,"ICAM2_ITGAM_ITGB2","ICAM2 - (ITGAM+ITGB2)","ICAM","Cell-Cell Contact","KEGG: hsa04514","PBMC_Early"
"Megakaryocytes","DC2","ICAM2","ITGAM_ITGB2",0.0252108082557683,0,"ICAM2_ITGAM_ITGB2","ICAM2 - (ITGAM+ITGB2)","ICAM","Cell-Cell Contact","KEGG: hsa04514","PBMC_Early"
"MEMP","DC2","ICAM2","ITGAM_ITGB2",0.0195994841529059,0,"ICAM2_ITGAM_ITGB2","ICAM2 - (ITGAM+ITGB2)","ICAM","Cell-Cell Contact","KEGG: hsa04514","PBMC_Early"
"MEP","DC2","ICAM2","ITGAM_ITGB2",0.0444098787909706,0,"ICAM2_ITGAM_ITGB2","ICAM2 - (ITGAM+ITGB2)","ICAM","Cell-Cell Contact","KEGG: hsa04514","PBMC_Early"
"Naïve CD4 T","DC2","ICAM2","ITGAM_ITGB2",0.012513922173467,0,"ICAM2_ITGAM_ITGB2","ICAM2 - (ITGAM+ITGB2)","ICAM","Cell-Cell Contact","KEGG: hsa04514","PBMC_Early"
"Naïve CD8 T","DC2","ICAM2","ITGAM_ITGB2",0.0103925256034645,0,"ICAM2_ITGAM_ITGB2","ICAM2 - (ITGAM+ITGB2)","ICAM","Cell-Cell Contact","KEGG: hsa04514","PBMC_Early"
"NK T","DC2","ICAM2","ITGAM_ITGB2",0.0144902480445458,0,"ICAM2_ITGAM_ITGB2","ICAM2 - (ITGAM+ITGB2)","ICAM","Cell-Cell Contact","KEGG: hsa04514","PBMC_Early"
"Tem","DC2","ICAM2","ITGAM_ITGB2",0.0386878226567224,0,"ICAM2_ITGAM_ITGB2","ICAM2 - (ITGAM+ITGB2)","ICAM","Cell-Cell Contact","KEGG: hsa04514","PBMC_Early"
"Th17like_INNATE_T","DC2","ICAM2","ITGAM_ITGB2",0.0353710704761355,0,"ICAM2_ITGAM_ITGB2","ICAM2 - (ITGAM+ITGB2)","ICAM","Cell-Cell Contact","KEGG: hsa04514","PBMC_Early"
"Treg","DC2","ICAM2","ITGAM_ITGB2",0.0146663453471157,0,"ICAM2_ITGAM_ITGB2","ICAM2 - (ITGAM+ITGB2)","ICAM","Cell-Cell Contact","KEGG: hsa04514","PBMC_Early"
"CD14+PPBP+ Monocytes","Myeloid-CD177","ICAM2","ITGAM_ITGB2",0.0244791341684142,0,"ICAM2_ITGAM_ITGB2","ICAM2 - (ITGAM+ITGB2)","ICAM","Cell-Cell Contact","KEGG: hsa04514","PBMC_Early"
"CX3CR1+ NK","Myeloid-CD177","ICAM2","ITGAM_ITGB2",0.0107088014075193,0,"ICAM2_ITGAM_ITGB2","ICAM2 - (ITGAM+ITGB2)","ICAM","Cell-Cell Contact","KEGG: hsa04514","PBMC_Early"
"CXCR5- Naïve B","Myeloid-CD177","ICAM2","ITGAM_ITGB2",0.0080751551566107,0,"ICAM2_ITGAM_ITGB2","ICAM2 - (ITGAM+ITGB2)","ICAM","Cell-Cell Contact","KEGG: hsa04514","PBMC_Early"
"CXCR5+ Naïve B","Myeloid-CD177","ICAM2","ITGAM_ITGB2",0.00798422321142822,0,"ICAM2_ITGAM_ITGB2","ICAM2 - (ITGAM+ITGB2)","ICAM","Cell-Cell Contact","KEGG: hsa04514","PBMC_Early"
"CXCR6+ NK","Myeloid-CD177","ICAM2","ITGAM_ITGB2",0.00984018807221496,0,"ICAM2_ITGAM_ITGB2","ICAM2 - (ITGAM+ITGB2)","ICAM","Cell-Cell Contact","KEGG: hsa04514","PBMC_Early"
"DC2","Myeloid-CD177","ICAM2","ITGAM_ITGB2",0.00469785938755944,0,"ICAM2_ITGAM_ITGB2","ICAM2 - (ITGAM+ITGB2)","ICAM","Cell-Cell Contact","KEGG: hsa04514","PBMC_Early"
"Gamma Delta V1 T","Myeloid-CD177","ICAM2","ITGAM_ITGB2",0.00978113560623904,0,"ICAM2_ITGAM_ITGB2","ICAM2 - (ITGAM+ITGB2)","ICAM","Cell-Cell Contact","KEGG: hsa04514","PBMC_Early"
"Gamma Delta V2 T","Myeloid-CD177","ICAM2","ITGAM_ITGB2",0.0099226720620003,0,"ICAM2_ITGAM_ITGB2","ICAM2 - (ITGAM+ITGB2)","ICAM","Cell-Cell Contact","KEGG: hsa04514","PBMC_Early"
"HSC_MPP","Myeloid-CD177","ICAM2","ITGAM_ITGB2",0.0132332603090023,0,"ICAM2_ITGAM_ITGB2","ICAM2 - (ITGAM+ITGB2)","ICAM","Cell-Cell Contact","KEGG: hsa04514","PBMC_Early"
"ILC2/3","Myeloid-CD177","ICAM2","ITGAM_ITGB2",0.0119390101432169,0,"ICAM2_ITGAM_ITGB2","ICAM2 - (ITGAM+ITGB2)","ICAM","Cell-Cell Contact","KEGG: hsa04514","PBMC_Early"
"Megakaryocytes","Myeloid-CD177","ICAM2","ITGAM_ITGB2",0.0185321365578217,0,"ICAM2_ITGAM_ITGB2","ICAM2 - (ITGAM+ITGB2)","ICAM","Cell-Cell Contact","KEGG: hsa04514","PBMC_Early"
"MEMP","Myeloid-CD177","ICAM2","ITGAM_ITGB2",0.0143853882288062,0,"ICAM2_ITGAM_ITGB2","ICAM2 - (ITGAM+ITGB2)","ICAM","Cell-Cell Contact","KEGG: hsa04514","PBMC_Early"
"MEP","Myeloid-CD177","ICAM2","ITGAM_ITGB2",0.0328163464476005,0,"ICAM2_ITGAM_ITGB2","ICAM2 - (ITGAM+ITGB2)","ICAM","Cell-Cell Contact","KEGG: hsa04514","PBMC_Early"
"Naïve CD4 T","Myeloid-CD177","ICAM2","ITGAM_ITGB2",0.00916718913146693,0,"ICAM2_ITGAM_ITGB2","ICAM2 - (ITGAM+ITGB2)","ICAM","Cell-Cell Contact","KEGG: hsa04514","PBMC_Early"
"Naïve CD8 T","Myeloid-CD177","ICAM2","ITGAM_ITGB2",0.00760876897948814,0,"ICAM2_ITGAM_ITGB2","ICAM2 - (ITGAM+ITGB2)","ICAM","Cell-Cell Contact","KEGG: hsa04514","PBMC_Early"
"NK T","Myeloid-CD177","ICAM2","ITGAM_ITGB2",0.0106206495636145,0,"ICAM2_ITGAM_ITGB2","ICAM2 - (ITGAM+ITGB2)","ICAM","Cell-Cell Contact","KEGG: hsa04514","PBMC_Early"
"Tem","Myeloid-CD177","ICAM2","ITGAM_ITGB2",0.0285434566876671,0,"ICAM2_ITGAM_ITGB2","ICAM2 - (ITGAM+ITGB2)","ICAM","Cell-Cell Contact","KEGG: hsa04514","PBMC_Early"
"Th17like_INNATE_T","Myeloid-CD177","ICAM2","ITGAM_ITGB2",0.0260728050649533,0,"ICAM2_ITGAM_ITGB2","ICAM2 - (ITGAM+ITGB2)","ICAM","Cell-Cell Contact","KEGG: hsa04514","PBMC_Early"
"Treg","Myeloid-CD177","ICAM2","ITGAM_ITGB2",0.0107502333312426,0,"ICAM2_ITGAM_ITGB2","ICAM2 - (ITGAM+ITGB2)","ICAM","Cell-Cell Contact","KEGG: hsa04514","PBMC_Early"
"DC2","abTentry","ICAM1","ITGAL",0.0015130343179102,0,"ICAM1_ITGAL","ICAM1 - ITGAL","ICAM","Cell-Cell Contact","PMID: 23602662","PBMC_Early"
"DC2","CD14+PPBP+ Monocytes","ICAM1","ITGAL",0.00137539714807434,0,"ICAM1_ITGAL","ICAM1 - ITGAL","ICAM","Cell-Cell Contact","PMID: 23602662","PBMC_Early"
"DC2","CD56highCD16low NK","ICAM1","ITGAL",0.00355411341281715,0,"ICAM1_ITGAL","ICAM1 - ITGAL","ICAM","Cell-Cell Contact","PMID: 23602662","PBMC_Early"
"DC2","Classical Monocytes","ICAM1","ITGAL",0.00178303370261172,0,"ICAM1_ITGAL","ICAM1 - ITGAL","ICAM","Cell-Cell Contact","PMID: 23602662","PBMC_Early"
"DC2","CX3CR1+ NK","ICAM1","ITGAL",0.00230015305527135,0,"ICAM1_ITGAL","ICAM1 - ITGAL","ICAM","Cell-Cell Contact","PMID: 23602662","PBMC_Early"
"DC2","CXCR6+ NK","ICAM1","ITGAL",0.00222743683913838,0,"ICAM1_ITGAL","ICAM1 - ITGAL","ICAM","Cell-Cell Contact","PMID: 23602662","PBMC_Early"
"DC2","DC2","ICAM1","ITGAL",0.00285688166246692,0,"ICAM1_ITGAL","ICAM1 - ITGAL","ICAM","Cell-Cell Contact","PMID: 23602662","PBMC_Early"
"DC2","Gamma Delta V1 T","ICAM1","ITGAL",0.00172756959314613,0,"ICAM1_ITGAL","ICAM1 - ITGAL","ICAM","Cell-Cell Contact","PMID: 23602662","PBMC_Early"
"DC2","Gamma Delta V2 T","ICAM1","ITGAL",0.00147081548441674,0,"ICAM1_ITGAL","ICAM1 - ITGAL","ICAM","Cell-Cell Contact","PMID: 23602662","PBMC_Early"
"DC2","ILC2/3","ICAM1","ITGAL",0.00143667551616903,0,"ICAM1_ITGAL","ICAM1 - ITGAL","ICAM","Cell-Cell Contact","PMID: 23602662","PBMC_Early"
"DC2","Myeloid-CD177","ICAM1","ITGAL",0.00200258960545933,0,"ICAM1_ITGAL","ICAM1 - ITGAL","ICAM","Cell-Cell Contact","PMID: 23602662","PBMC_Early"
"DC2","Naïve CD8 T","ICAM1","ITGAL",0.00117031810797343,0,"ICAM1_ITGAL","ICAM1 - ITGAL","ICAM","Cell-Cell Contact","PMID: 23602662","PBMC_Early"
"DC2","NK T","ICAM1","ITGAL",0.00166060145495999,0,"ICAM1_ITGAL","ICAM1 - ITGAL","ICAM","Cell-Cell Contact","PMID: 23602662","PBMC_Early"
"DC2","pDC","ICAM1","ITGAL",0.000790496092406909,0,"ICAM1_ITGAL","ICAM1 - ITGAL","ICAM","Cell-Cell Contact","PMID: 23602662","PBMC_Early"
"DC2","Th17like_INNATE_T","ICAM1","ITGAL",0.00115859299680997,0,"ICAM1_ITGAL","ICAM1 - ITGAL","ICAM","Cell-Cell Contact","PMID: 23602662","PBMC_Early"
"DC2","Treg","ICAM1","ITGAL",0.00120997029277945,0,"ICAM1_ITGAL","ICAM1 - ITGAL","ICAM","Cell-Cell Contact","PMID: 23602662","PBMC_Early"
"DC2","CD14+PPBP+ Monocytes","ICAM1","SPN",0.000902958836433281,0,"ICAM1_SPN","ICAM1 - SPN","ICAM","Cell-Cell Contact","PMID: 1683685","PBMC_Early"
"DC2","CD56highCD16low NK","ICAM1","SPN",0.00173835038117691,0,"ICAM1_SPN","ICAM1 - SPN","ICAM","Cell-Cell Contact","PMID: 1683685","PBMC_Early"
"DC2","Classical Monocytes","ICAM1","SPN",0.00106220350584414,0,"ICAM1_SPN","ICAM1 - SPN","ICAM","Cell-Cell Contact","PMID: 1683685","PBMC_Early"
"DC2","CX3CR1+ NK","ICAM1","SPN",0.00502680893494719,0,"ICAM1_SPN","ICAM1 - SPN","ICAM","Cell-Cell Contact","PMID: 1683685","PBMC_Early"
"DC2","CXCR6+ NK","ICAM1","SPN",0.00176157893920541,0,"ICAM1_SPN","ICAM1 - SPN","ICAM","Cell-Cell Contact","PMID: 1683685","PBMC_Early"
"DC2","DC2","ICAM1","SPN",0.00380173053625368,0,"ICAM1_SPN","ICAM1 - SPN","ICAM","Cell-Cell Contact","PMID: 1683685","PBMC_Early"
"DC2","Early_ERY","ICAM1","SPN",0.0010761127532987,0,"ICAM1_SPN","ICAM1 - SPN","ICAM","Cell-Cell Contact","PMID: 1683685","PBMC_Early"
"DC2","Gamma Delta V1 T","ICAM1","SPN",0.00151182786534438,0,"ICAM1_SPN","ICAM1 - SPN","ICAM","Cell-Cell Contact","PMID: 1683685","PBMC_Early"
"DC2","Gamma Delta V2 T","ICAM1","SPN",0.00177481119816796,0,"ICAM1_SPN","ICAM1 - SPN","ICAM","Cell-Cell Contact","PMID: 1683685","PBMC_Early"
"DC2","HSC_MPP","ICAM1","SPN",0.00686977658860827,0,"ICAM1_SPN","ICAM1 - SPN","ICAM","Cell-Cell Contact","PMID: 1683685","PBMC_Early"
"DC2","ILC2/3","ICAM1","SPN",0.00202045063035382,0,"ICAM1_SPN","ICAM1 - SPN","ICAM","Cell-Cell Contact","PMID: 1683685","PBMC_Early"
"DC2","MEMP","ICAM1","SPN",0.00688907057723933,0,"ICAM1_SPN","ICAM1 - SPN","ICAM","Cell-Cell Contact","PMID: 1683685","PBMC_Early"
"DC2","MEP","ICAM1","SPN",0.00975625797496985,0,"ICAM1_SPN","ICAM1 - SPN","ICAM","Cell-Cell Contact","PMID: 1683685","PBMC_Early"
"DC2","Naïve CD4 T","ICAM1","SPN",0.00109458645353169,0,"ICAM1_SPN","ICAM1 - SPN","ICAM","Cell-Cell Contact","PMID: 1683685","PBMC_Early"
"DC2","Naïve CD8 T","ICAM1","SPN",0.00131222707827981,0,"ICAM1_SPN","ICAM1 - SPN","ICAM","Cell-Cell Contact","PMID: 1683685","PBMC_Early"
"DC2","NK T","ICAM1","SPN",0.00195932092713417,0,"ICAM1_SPN","ICAM1 - SPN","ICAM","Cell-Cell Contact","PMID: 1683685","PBMC_Early"
"DC2","pDC","ICAM1","SPN",0.0016089738208198,0,"ICAM1_SPN","ICAM1 - SPN","ICAM","Cell-Cell Contact","PMID: 1683685","PBMC_Early"
"DC2","Pro-B","ICAM1","SPN",0.00142195728351334,0,"ICAM1_SPN","ICAM1 - SPN","ICAM","Cell-Cell Contact","PMID: 1683685","PBMC_Early"
"DC2","Tem","ICAM1","SPN",0.00167055961756363,0,"ICAM1_SPN","ICAM1 - SPN","ICAM","Cell-Cell Contact","PMID: 1683685","PBMC_Early"
"DC2","Th17like_INNATE_T","ICAM1","SPN",0.00184405615574753,0,"ICAM1_SPN","ICAM1 - SPN","ICAM","Cell-Cell Contact","PMID: 1683685","PBMC_Early"
"DC2","Treg","ICAM1","SPN",0.00139067190153747,0,"ICAM1_SPN","ICAM1 - SPN","ICAM","Cell-Cell Contact","PMID: 1683685","PBMC_Early"
"abTentry","abTentry","ITGB2","CD226",0.00937584351901765,0,"ITGB2_CD226","ITGB2 - CD226","ITGB2","Cell-Cell Contact","KEGG: hsa04514","PBMC_Early"
"CD14+PPBP+ Monocytes","abTentry","ITGB2","CD226",0.0334534999799049,0,"ITGB2_CD226","ITGB2 - CD226","ITGB2","Cell-Cell Contact","KEGG: hsa04514","PBMC_Early"
"CD56highCD16low NK","abTentry","ITGB2","CD226",0.029794901703445,0,"ITGB2_CD226","ITGB2 - CD226","ITGB2","Cell-Cell Contact","KEGG: hsa04514","PBMC_Early"
"Classical Monocytes","abTentry","ITGB2","CD226",0.0431410836045348,0,"ITGB2_CD226","ITGB2 - CD226","ITGB2","Cell-Cell Contact","KEGG: hsa04514","PBMC_Early"
"CX3CR1+ NK","abTentry","ITGB2","CD226",0.0482429491787837,0,"ITGB2_CD226","ITGB2 - CD226","ITGB2","Cell-Cell Contact","KEGG: hsa04514","PBMC_Early"
"CXCR5- Naïve B","abTentry","ITGB2","CD226",0.00541681929977494,0,"ITGB2_CD226","ITGB2 - CD226","ITGB2","Cell-Cell Contact","KEGG: hsa04514","PBMC_Early"
"CXCR5+ Naïve B","abTentry","ITGB2","CD226",0.00605564555183767,0,"ITGB2_CD226","ITGB2 - CD226","ITGB2","Cell-Cell Contact","KEGG: hsa04514","PBMC_Early"
"CXCR6+ NK","abTentry","ITGB2","CD226",0.0397642338269498,0,"ITGB2_CD226","ITGB2 - CD226","ITGB2","Cell-Cell Contact","KEGG: hsa04514","PBMC_Early"
"DC2","abTentry","ITGB2","CD226",0.0423382331877789,0,"ITGB2_CD226","ITGB2 - CD226","ITGB2","Cell-Cell Contact","KEGG: hsa04514","PBMC_Early"
"Gamma Delta V1 T","abTentry","ITGB2","CD226",0.0348015841074905,0,"ITGB2_CD226","ITGB2 - CD226","ITGB2","Cell-Cell Contact","KEGG: hsa04514","PBMC_Early"
"Gamma Delta V2 T","abTentry","ITGB2","CD226",0.0357072308011554,0,"ITGB2_CD226","ITGB2 - CD226","ITGB2","Cell-Cell Contact","KEGG: hsa04514","PBMC_Early"
"HSC_MPP","abTentry","ITGB2","CD226",0.0100261018538565,0,"ITGB2_CD226","ITGB2 - CD226","ITGB2","Cell-Cell Contact","KEGG: hsa04514","PBMC_Early"
"ILC2/3","abTentry","ITGB2","CD226",0.0258769480460418,0,"ITGB2_CD226","ITGB2 - CD226","ITGB2","Cell-Cell Contact","KEGG: hsa04514","PBMC_Early"
"MEMP","abTentry","ITGB2","CD226",0.00726981901619321,0,"ITGB2_CD226","ITGB2 - CD226","ITGB2","Cell-Cell Contact","KEGG: hsa04514","PBMC_Early"
"MEP","abTentry","ITGB2","CD226",0.00252150904750872,0,"ITGB2_CD226","ITGB2 - CD226","ITGB2","Cell-Cell Contact","KEGG: hsa04514","PBMC_Early"
"Myeloid-CD177","abTentry","ITGB2","CD226",0.0279491956422162,0,"ITGB2_CD226","ITGB2 - CD226","ITGB2","Cell-Cell Contact","KEGG: hsa04514","PBMC_Early"
"Naïve CD4 T","abTentry","ITGB2","CD226",0.0225219228635062,0,"ITGB2_CD226","ITGB2 - CD226","ITGB2","Cell-Cell Contact","KEGG: hsa04514","PBMC_Early"
"Naïve CD8 T","abTentry","ITGB2","CD226",0.019761791608636,0,"ITGB2_CD226","ITGB2 - CD226","ITGB2","Cell-Cell Contact","KEGG: hsa04514","PBMC_Early"
"NK T","abTentry","ITGB2","CD226",0.0359725987163328,0,"ITGB2_CD226","ITGB2 - CD226","ITGB2","Cell-Cell Contact","KEGG: hsa04514","PBMC_Early"
"pDC","abTentry","ITGB2","CD226",0.0140814261460653,0,"ITGB2_CD226","ITGB2 - CD226","ITGB2","Cell-Cell Contact","KEGG: hsa04514","PBMC_Early"
"Tem","abTentry","ITGB2","CD226",0.0297273469897653,0,"ITGB2_CD226","ITGB2 - CD226","ITGB2","Cell-Cell Contact","KEGG: hsa04514","PBMC_Early"
"Th17like_INNATE_T","abTentry","ITGB2","CD226",0.0339427897161476,0,"ITGB2_CD226","ITGB2 - CD226","ITGB2","Cell-Cell Contact","KEGG: hsa04514","PBMC_Early"
"Treg","abTentry","ITGB2","CD226",0.0247083962371552,0,"ITGB2_CD226","ITGB2 - CD226","ITGB2","Cell-Cell Contact","KEGG: hsa04514","PBMC_Early"
"abTentry","CD14+PPBP+ Monocytes","ITGB2","CD226",0.005261069526287,0,"ITGB2_CD226","ITGB2 - CD226","ITGB2","Cell-Cell Contact","KEGG: hsa04514","PBMC_Early"
"CD14+PPBP+ Monocytes","CD14+PPBP+ Monocytes","ITGB2","CD226",0.0189741680107148,0,"ITGB2_CD226","ITGB2 - CD226","ITGB2","Cell-Cell Contact","KEGG: hsa04514","PBMC_Early"
"CD56highCD16low NK","CD14+PPBP+ Monocytes","ITGB2","CD226",0.0168714421056976,0,"ITGB2_CD226","ITGB2 - CD226","ITGB2","Cell-Cell Contact","KEGG: hsa04514","PBMC_Early"
"Classical Monocytes","CD14+PPBP+ Monocytes","ITGB2","CD226",0.024575385643858,0,"ITGB2_CD226","ITGB2 - CD226","ITGB2","Cell-Cell Contact","KEGG: hsa04514","PBMC_Early"
"CX3CR1+ NK","CD14+PPBP+ Monocytes","ITGB2","CD226",0.0275448749824498,0,"ITGB2_CD226","ITGB2 - CD226","ITGB2","Cell-Cell Contact","KEGG: hsa04514","PBMC_Early"
"CXCR5- Naïve B","CD14+PPBP+ Monocytes","ITGB2","CD226",0.0030342193900068,0,"ITGB2_CD226","ITGB2 - CD226","ITGB2","Cell-Cell Contact","KEGG: hsa04514","PBMC_Early"
"CXCR5+ Naïve B","CD14+PPBP+ Monocytes","ITGB2","CD226",0.00339301509978303,0,"ITGB2_CD226","ITGB2 - CD226","ITGB2","Cell-Cell Contact","KEGG: hsa04514","PBMC_Early"
"CXCR6+ NK","CD14+PPBP+ Monocytes","ITGB2","CD226",0.0226174078827058,0,"ITGB2_CD226","ITGB2 - CD226","ITGB2","Cell-Cell Contact","KEGG: hsa04514","PBMC_Early"
"DC2","CD14+PPBP+ Monocytes","ITGB2","CD226",0.0241093351807947,0,"ITGB2_CD226","ITGB2 - CD226","ITGB2","Cell-Cell Contact","KEGG: hsa04514","PBMC_Early"
"Gamma Delta V1 T","CD14+PPBP+ Monocytes","ITGB2","CD226",0.0197506977934407,0,"ITGB2_CD226","ITGB2 - CD226","ITGB2","Cell-Cell Contact","KEGG: hsa04514","PBMC_Early"
"Gamma Delta V2 T","CD14+PPBP+ Monocytes","ITGB2","CD226",0.0202728996940751,0,"ITGB2_CD226","ITGB2 - CD226","ITGB2","Cell-Cell Contact","KEGG: hsa04514","PBMC_Early"
"HSC_MPP","CD14+PPBP+ Monocytes","ITGB2","CD226",0.00562757034455575,0,"ITGB2_CD226","ITGB2 - CD226","ITGB2","Cell-Cell Contact","KEGG: hsa04514","PBMC_Early"
"ILC2/3","CD14+PPBP+ Monocytes","ITGB2","CD226",0.0146272694709013,0,"ITGB2_CD226","ITGB2 - CD226","ITGB2","Cell-Cell Contact","KEGG: hsa04514","PBMC_Early"
"MEMP","CD14+PPBP+ Monocytes","ITGB2","CD226",0.00407551291818493,0,"ITGB2_CD226","ITGB2 - CD226","ITGB2","Cell-Cell Contact","KEGG: hsa04514","PBMC_Early"
"MEP","CD14+PPBP+ Monocytes","ITGB2","CD226",0.00141061152476628,0,"ITGB2_CD226","ITGB2 - CD226","ITGB2","Cell-Cell Contact","KEGG: hsa04514","PBMC_Early"
"Myeloid-CD177","CD14+PPBP+ Monocytes","ITGB2","CD226",0.01581325775651,0,"ITGB2_CD226","ITGB2 - CD226","ITGB2","Cell-Cell Contact","KEGG: hsa04514","PBMC_Early"
"Naïve CD4 T","CD14+PPBP+ Monocytes","ITGB2","CD226",0.0127117660666091,0,"ITGB2_CD226","ITGB2 - CD226","ITGB2","Cell-Cell Contact","KEGG: hsa04514","PBMC_Early"
"Naïve CD8 T","CD14+PPBP+ Monocytes","ITGB2","CD226",0.0111401977800274,0,"ITGB2_CD226","ITGB2 - CD226","ITGB2","Cell-Cell Contact","KEGG: hsa04514","PBMC_Early"
"NK T","CD14+PPBP+ Monocytes","ITGB2","CD226",0.020425992924651,0,"ITGB2_CD226","ITGB2 - CD226","ITGB2","Cell-Cell Contact","KEGG: hsa04514","PBMC_Early"
"pDC","CD14+PPBP+ Monocytes","ITGB2","CD226",0.00791802090404729,0,"ITGB2_CD226","ITGB2 - CD226","ITGB2","Cell-Cell Contact","KEGG: hsa04514","PBMC_Early"
"Tem","CD14+PPBP+ Monocytes","ITGB2","CD226",0.0168326806972185,0,"ITGB2_CD226","ITGB2 - CD226","ITGB2","Cell-Cell Contact","KEGG: hsa04514","PBMC_Early"
"Th17like_INNATE_T","CD14+PPBP+ Monocytes","ITGB2","CD226",0.0192559025826369,0,"ITGB2_CD226","ITGB2 - CD226","ITGB2","Cell-Cell Contact","KEGG: hsa04514","PBMC_Early"
"Treg","CD14+PPBP+ Monocytes","ITGB2","CD226",0.0139594509338802,0,"ITGB2_CD226","ITGB2 - CD226","ITGB2","Cell-Cell Contact","KEGG: hsa04514","PBMC_Early"
"abTentry","Gamma Delta V2 T","ITGB2","CD226",0.00473324191859121,0,"ITGB2_CD226","ITGB2 - CD226","ITGB2","Cell-Cell Contact","KEGG: hsa04514","PBMC_Early"
"CD14+PPBP+ Monocytes","Gamma Delta V2 T","ITGB2","CD226",0.0170941881070623,0,"ITGB2_CD226","ITGB2 - CD226","ITGB2","Cell-Cell Contact","KEGG: hsa04514","PBMC_Early"
"CD56highCD16low NK","Gamma Delta V2 T","ITGB2","CD226",0.0151965751345725,0,"ITGB2_CD226","ITGB2 - CD226","ITGB2","Cell-Cell Contact","KEGG: hsa04514","PBMC_Early"
"Classical Monocytes","Gamma Delta V2 T","ITGB2","CD226",0.0221529635017121,0,"ITGB2_CD226","ITGB2 - CD226","ITGB2","Cell-Cell Contact","KEGG: hsa04514","PBMC_Early"
"CX3CR1+ NK","Gamma Delta V2 T","ITGB2","CD226",0.0248372002442832,0,"ITGB2_CD226","ITGB2 - CD226","ITGB2","Cell-Cell Contact","KEGG: hsa04514","PBMC_Early"
"CXCR5- Naïve B","Gamma Delta V2 T","ITGB2","CD226",0.00272919213400626,0,"ITGB2_CD226","ITGB2 - CD226","ITGB2","Cell-Cell Contact","KEGG: hsa04514","PBMC_Early"
"CXCR5+ Naïve B","Gamma Delta V2 T","ITGB2","CD226",0.00305202886434351,0,"ITGB2_CD226","ITGB2 - CD226","ITGB2","Cell-Cell Contact","KEGG: hsa04514","PBMC_Early"
"CXCR6+ NK","Gamma Delta V2 T","ITGB2","CD226",0.0203839524900192,0,"ITGB2_CD226","ITGB2 - CD226","ITGB2","Cell-Cell Contact","KEGG: hsa04514","PBMC_Early"
"DC2","Gamma Delta V2 T","ITGB2","CD226",0.0217318286397825,0,"ITGB2_CD226","ITGB2 - CD226","ITGB2","Cell-Cell Contact","KEGG: hsa04514","PBMC_Early"
"Gamma Delta V1 T","Gamma Delta V2 T","ITGB2","CD226",0.017795174157805,0,"ITGB2_CD226","ITGB2 - CD226","ITGB2","Cell-Cell Contact","KEGG: hsa04514","PBMC_Early"
"Gamma Delta V2 T","Gamma Delta V2 T","ITGB2","CD226",0.0182666361383979,0,"ITGB2_CD226","ITGB2 - CD226","ITGB2","Cell-Cell Contact","KEGG: hsa04514","PBMC_Early"
"HSC_MPP","Gamma Delta V2 T","ITGB2","CD226",0.00506315994615853,0,"ITGB2_CD226","ITGB2 - CD226","ITGB2","Cell-Cell Contact","KEGG: hsa04514","PBMC_Early"
"ILC2/3","Gamma Delta V2 T","ITGB2","CD226",0.0131722017751002,0,"ITGB2_CD226","ITGB2 - CD226","ITGB2","Cell-Cell Contact","KEGG: hsa04514","PBMC_Early"
"MEMP","Gamma Delta V2 T","ITGB2","CD226",0.00366619033713301,0,"ITGB2_CD226","ITGB2 - CD226","ITGB2","Cell-Cell Contact","KEGG: hsa04514","PBMC_Early"
"MEP","Gamma Delta V2 T","ITGB2","CD226",0.00126859636865538,0,"ITGB2_CD226","ITGB2 - CD226","ITGB2","Cell-Cell Contact","KEGG: hsa04514","PBMC_Early"
"Myeloid-CD177","Gamma Delta V2 T","ITGB2","CD226",0.014241917421365,0,"ITGB2_CD226","ITGB2 - CD226","ITGB2","Cell-Cell Contact","KEGG: hsa04514","PBMC_Early"
"Naïve CD4 T","Gamma Delta V2 T","ITGB2","CD226",0.0114450325062243,0,"ITGB2_CD226","ITGB2 - CD226","ITGB2","Cell-Cell Contact","KEGG: hsa04514","PBMC_Early"
"Naïve CD8 T","Gamma Delta V2 T","ITGB2","CD226",0.0100284809930962,0,"ITGB2_CD226","ITGB2 - CD226","ITGB2","Cell-Cell Contact","KEGG: hsa04514","PBMC_Early"
"NK T","Gamma Delta V2 T","ITGB2","CD226",0.0184048634429523,0,"ITGB2_CD226","ITGB2 - CD226","ITGB2","Cell-Cell Contact","KEGG: hsa04514","PBMC_Early"
"pDC","Gamma Delta V2 T","ITGB2","CD226",0.00712553865000357,0,"ITGB2_CD226","ITGB2 - CD226","ITGB2","Cell-Cell Contact","KEGG: hsa04514","PBMC_Early"
"Tem","Gamma Delta V2 T","ITGB2","CD226",0.0151616023184775,0,"ITGB2_CD226","ITGB2 - CD226","ITGB2","Cell-Cell Contact","KEGG: hsa04514","PBMC_Early"
"Th17like_INNATE_T","Gamma Delta V2 T","ITGB2","CD226",0.0173485017725155,0,"ITGB2_CD226","ITGB2 - CD226","ITGB2","Cell-Cell Contact","KEGG: hsa04514","PBMC_Early"
"Treg","Gamma Delta V2 T","ITGB2","CD226",0.0125699679571325,0,"ITGB2_CD226","ITGB2 - CD226","ITGB2","Cell-Cell Contact","KEGG: hsa04514","PBMC_Early"
"abTentry","Megakaryocytes","ITGB2","CD226",0.0102208380456195,0,"ITGB2_CD226","ITGB2 - CD226","ITGB2","Cell-Cell Contact","KEGG: hsa04514","PBMC_Early"
"CD14+PPBP+ Monocytes","Megakaryocytes","ITGB2","CD226",0.0363887740043224,0,"ITGB2_CD226","ITGB2 - CD226","ITGB2","Cell-Cell Contact","KEGG: hsa04514","PBMC_Early"
"CD56highCD16low NK","Megakaryocytes","ITGB2","CD226",0.0324199307301884,0,"ITGB2_CD226","ITGB2 - CD226","ITGB2","Cell-Cell Contact","KEGG: hsa04514","PBMC_Early"
"Classical Monocytes","Megakaryocytes","ITGB2","CD226",0.0468851326788266,0,"ITGB2_CD226","ITGB2 - CD226","ITGB2","Cell-Cell Contact","KEGG: hsa04514","PBMC_Early"
"CX3CR1+ NK","Megakaryocytes","ITGB2","CD226",0.05240551976017,0,"ITGB2_CD226","ITGB2 - CD226","ITGB2","Cell-Cell Contact","KEGG: hsa04514","PBMC_Early"
"CXCR5- Naïve B","Megakaryocytes","ITGB2","CD226",0.00590713583970354,0,"ITGB2_CD226","ITGB2 - CD226","ITGB2","Cell-Cell Contact","KEGG: hsa04514","PBMC_Early"
"CXCR5+ Naïve B","Megakaryocytes","ITGB2","CD226",0.00660340307893632,0,"ITGB2_CD226","ITGB2 - CD226","ITGB2","Cell-Cell Contact","KEGG: hsa04514","PBMC_Early"
"CXCR6+ NK","Megakaryocytes","ITGB2","CD226",0.0432284589497369,0,"ITGB2_CD226","ITGB2 - CD226","ITGB2","Cell-Cell Contact","KEGG: hsa04514","PBMC_Early"
"DC2","Megakaryocytes","ITGB2","CD226",0.0460159567337696,0,"ITGB2_CD226","ITGB2 - CD226","ITGB2","Cell-Cell Contact","KEGG: hsa04514","PBMC_Early"
"Gamma Delta V1 T","Megakaryocytes","ITGB2","CD226",0.037850509561585,0,"ITGB2_CD226","ITGB2 - CD226","ITGB2","Cell-Cell Contact","KEGG: hsa04514","PBMC_Early"
"Gamma Delta V2 T","Megakaryocytes","ITGB2","CD226",0.0388323067373099,0,"ITGB2_CD226","ITGB2 - CD226","ITGB2","Cell-Cell Contact","KEGG: hsa04514","PBMC_Early"
"HSC_MPP","Megakaryocytes","ITGB2","CD226",0.0109290541276043,0,"ITGB2_CD226","ITGB2 - CD226","ITGB2","Cell-Cell Contact","KEGG: hsa04514","PBMC_Early"
"ILC2/3","Megakaryocytes","ITGB2","CD226",0.0281668137801393,0,"ITGB2_CD226","ITGB2 - CD226","ITGB2","Cell-Cell Contact","KEGG: hsa04514","PBMC_Early"
"MEMP","Megakaryocytes","ITGB2","CD226",0.00792652757316636,0,"ITGB2_CD226","ITGB2 - CD226","ITGB2","Cell-Cell Contact","KEGG: hsa04514","PBMC_Early"
"MEP","Megakaryocytes","ITGB2","CD226",0.00275047431531764,0,"ITGB2_CD226","ITGB2 - CD226","ITGB2","Cell-Cell Contact","KEGG: hsa04514","PBMC_Early"
"Myeloid-CD177","Megakaryocytes","ITGB2","CD226",0.0304167099241928,0,"ITGB2_CD226","ITGB2 - CD226","ITGB2","Cell-Cell Contact","KEGG: hsa04514","PBMC_Early"
"Naïve CD4 T","Megakaryocytes","ITGB2","CD226",0.0245223743256172,0,"ITGB2_CD226","ITGB2 - CD226","ITGB2","Cell-Cell Contact","KEGG: hsa04514","PBMC_Early"
"Naïve CD8 T","Megakaryocytes","ITGB2","CD226",0.0215224796195611,0,"ITGB2_CD226","ITGB2 - CD226","ITGB2","Cell-Cell Contact","KEGG: hsa04514","PBMC_Early"
"NK T","Megakaryocytes","ITGB2","CD226",0.0391199572988555,0,"ITGB2_CD226","ITGB2 - CD226","ITGB2","Cell-Cell Contact","KEGG: hsa04514","PBMC_Early"
"pDC","Megakaryocytes","ITGB2","CD226",0.0153439408317762,0,"ITGB2_CD226","ITGB2 - CD226","ITGB2","Cell-Cell Contact","KEGG: hsa04514","PBMC_Early"
"Tem","Megakaryocytes","ITGB2","CD226",0.0323466226562936,0,"ITGB2_CD226","ITGB2 - CD226","ITGB2","Cell-Cell Contact","KEGG: hsa04514","PBMC_Early"
"Th17like_INNATE_T","Megakaryocytes","ITGB2","CD226",0.0369193551055455,0,"ITGB2_CD226","ITGB2 - CD226","ITGB2","Cell-Cell Contact","KEGG: hsa04514","PBMC_Early"
"Treg","Megakaryocytes","ITGB2","CD226",0.0268977114274663,0,"ITGB2_CD226","ITGB2 - CD226","ITGB2","Cell-Cell Contact","KEGG: hsa04514","PBMC_Early"
"abTentry","Naïve CD8 T","ITGB2","CD226",0.00385102865269807,0,"ITGB2_CD226","ITGB2 - CD226","ITGB2","Cell-Cell Contact","KEGG: hsa04514","PBMC_Early"
"CD14+PPBP+ Monocytes","Naïve CD8 T","ITGB2","CD226",0.0139403291560192,0,"ITGB2_CD226","ITGB2 - CD226","ITGB2","Cell-Cell Contact","KEGG: hsa04514","PBMC_Early"
"CD56highCD16low NK","Naïve CD8 T","ITGB2","CD226",0.0123884109876152,0,"ITGB2_CD226","ITGB2 - CD226","ITGB2","Cell-Cell Contact","KEGG: hsa04514","PBMC_Early"
"Classical Monocytes","Naïve CD8 T","ITGB2","CD226",0.0180829370668328,0,"ITGB2_CD226","ITGB2 - CD226","ITGB2","Cell-Cell Contact","KEGG: hsa04514","PBMC_Early"
"CX3CR1+ NK","Naïve CD8 T","ITGB2","CD226",0.0202842456243955,0,"ITGB2_CD226","ITGB2 - CD226","ITGB2","Cell-Cell Contact","KEGG: hsa04514","PBMC_Early"
"CXCR5- Naïve B","Naïve CD8 T","ITGB2","CD226",0.00221967400821343,0,"ITGB2_CD226","ITGB2 - CD226","ITGB2","Cell-Cell Contact","KEGG: hsa04514","PBMC_Early"
"CXCR5+ Naïve B","Naïve CD8 T","ITGB2","CD226",0.00248238975436441,0,"ITGB2_CD226","ITGB2 - CD226","ITGB2","Cell-Cell Contact","KEGG: hsa04514","PBMC_Early"
"CXCR6+ NK","Naïve CD8 T","ITGB2","CD226",0.0166334069782784,0,"ITGB2_CD226","ITGB2 - CD226","ITGB2","Cell-Cell Contact","KEGG: hsa04514","PBMC_Early"
"DC2","Naïve CD8 T","ITGB2","CD226",0.0177377711907979,0,"ITGB2_CD226","ITGB2 - CD226","ITGB2","Cell-Cell Contact","KEGG: hsa04514","PBMC_Early"
"Gamma Delta V1 T","Naïve CD8 T","ITGB2","CD226",0.014513893793687,0,"ITGB2_CD226","ITGB2 - CD226","ITGB2","Cell-Cell Contact","KEGG: hsa04514","PBMC_Early"
"Gamma Delta V2 T","Naïve CD8 T","ITGB2","CD226",0.0148997409084541,0,"ITGB2_CD226","ITGB2 - CD226","ITGB2","Cell-Cell Contact","KEGG: hsa04514","PBMC_Early"
"HSC_MPP","Naïve CD8 T","ITGB2","CD226",0.00411970888837087,0,"ITGB2_CD226","ITGB2 - CD226","ITGB2","Cell-Cell Contact","KEGG: hsa04514","PBMC_Early"
"ILC2/3","Naïve CD8 T","ITGB2","CD226",0.0107340427399532,0,"ITGB2_CD226","ITGB2 - CD226","ITGB2","Cell-Cell Contact","KEGG: hsa04514","PBMC_Early"
"MEMP","Naïve CD8 T","ITGB2","CD226",0.00298226533096126,0,"ITGB2_CD226","ITGB2 - CD226","ITGB2","Cell-Cell Contact","KEGG: hsa04514","PBMC_Early"
"MEP","Naïve CD8 T","ITGB2","CD226",0.00103147763945734,0,"ITGB2_CD226","ITGB2 - CD226","ITGB2","Cell-Cell Contact","KEGG: hsa04514","PBMC_Early"
"Myeloid-CD177","Naïve CD8 T","ITGB2","CD226",0.0116080843962999,0,"ITGB2_CD226","ITGB2 - CD226","ITGB2","Cell-Cell Contact","KEGG: hsa04514","PBMC_Early"
"Naïve CD4 T","Naïve CD8 T","ITGB2","CD226",0.00932354997105558,0,"ITGB2_CD226","ITGB2 - CD226","ITGB2","Cell-Cell Contact","KEGG: hsa04514","PBMC_Early"
"Naïve CD8 T","Naïve CD8 T","ITGB2","CD226",0.00816740492944893,0,"ITGB2_CD226","ITGB2 - CD226","ITGB2","Cell-Cell Contact","KEGG: hsa04514","PBMC_Early"
"NK T","Naïve CD8 T","ITGB2","CD226",0.0150128798552442,0,"ITGB2_CD226","ITGB2 - CD226","ITGB2","Cell-Cell Contact","KEGG: hsa04514","PBMC_Early"
"pDC","Naïve CD8 T","ITGB2","CD226",0.00580003161759056,0,"ITGB2_CD226","ITGB2 - CD226","ITGB2","Cell-Cell Contact","KEGG: hsa04514","PBMC_Early"
"Tem","Naïve CD8 T","ITGB2","CD226",0.0123598196637856,0,"ITGB2_CD226","ITGB2 - CD226","ITGB2","Cell-Cell Contact","KEGG: hsa04514","PBMC_Early"
"Th17like_INNATE_T","Naïve CD8 T","ITGB2","CD226",0.0141483976257656,0,"ITGB2_CD226","ITGB2 - CD226","ITGB2","Cell-Cell Contact","KEGG: hsa04514","PBMC_Early"
"Treg","Naïve CD8 T","ITGB2","CD226",0.0102421247347171,0,"ITGB2_CD226","ITGB2 - CD226","ITGB2","Cell-Cell Contact","KEGG: hsa04514","PBMC_Early"
"abTentry","Th17like_INNATE_T","ITGB2","CD226",0.00568987212977625,0,"ITGB2_CD226","ITGB2 - CD226","ITGB2","Cell-Cell Contact","KEGG: hsa04514","PBMC_Early"
"CD14+PPBP+ Monocytes","Th17like_INNATE_T","ITGB2","CD226",0.0204976234129926,0,"ITGB2_CD226","ITGB2 - CD226","ITGB2","Cell-Cell Contact","KEGG: hsa04514","PBMC_Early"
"CD56highCD16low NK","Th17like_INNATE_T","ITGB2","CD226",0.0182292046513054,0,"ITGB2_CD226","ITGB2 - CD226","ITGB2","Cell-Cell Contact","KEGG: hsa04514","PBMC_Early"
"Classical Monocytes","Th17like_INNATE_T","ITGB2","CD226",0.0265364035815741,0,"ITGB2_CD226","ITGB2 - CD226","ITGB2","Cell-Cell Contact","KEGG: hsa04514","PBMC_Early"
"CX3CR1+ NK","Th17like_INNATE_T","ITGB2","CD226",0.0297356228700991,0,"ITGB2_CD226","ITGB2 - CD226","ITGB2","Cell-Cell Contact","KEGG: hsa04514","PBMC_Early"
"CXCR5- Naïve B","Th17like_INNATE_T","ITGB2","CD226",0.00328212179324459,0,"ITGB2_CD226","ITGB2 - CD226","ITGB2","Cell-Cell Contact","KEGG: hsa04514","PBMC_Early"
"CXCR5+ Naïve B","Th17like_INNATE_T","ITGB2","CD226",0.00367012398739091,0,"ITGB2_CD226","ITGB2 - CD226","ITGB2","Cell-Cell Contact","KEGG: hsa04514","PBMC_Early"
"CXCR6+ NK","Th17like_INNATE_T","ITGB2","CD226",0.0244260994452632,0,"ITGB2_CD226","ITGB2 - CD226","ITGB2","Cell-Cell Contact","KEGG: hsa04514","PBMC_Early"
"DC2","Th17like_INNATE_T","ITGB2","CD226",0.0260341567234077,0,"ITGB2_CD226","ITGB2 - CD226","ITGB2","Cell-Cell Contact","KEGG: hsa04514","PBMC_Early"
"Gamma Delta V1 T","Th17like_INNATE_T","ITGB2","CD226",0.0213351456286608,0,"ITGB2_CD226","ITGB2 - CD226","ITGB2","Cell-Cell Contact","KEGG: hsa04514","PBMC_Early"
"Gamma Delta V2 T","Th17like_INNATE_T","ITGB2","CD226",0.0218983039511401,0,"ITGB2_CD226","ITGB2 - CD226","ITGB2","Cell-Cell Contact","KEGG: hsa04514","PBMC_Early"
"HSC_MPP","Th17like_INNATE_T","ITGB2","CD226",0.00608606177489619,0,"ITGB2_CD226","ITGB2 - CD226","ITGB2","Cell-Cell Contact","KEGG: hsa04514","PBMC_Early"
"ILC2/3","Th17like_INNATE_T","ITGB2","CD226",0.0158073316650609,0,"ITGB2_CD226","ITGB2 - CD226","ITGB2","Cell-Cell Contact","KEGG: hsa04514","PBMC_Early"
"MEMP","Th17like_INNATE_T","ITGB2","CD226",0.00440811512876605,0,"ITGB2_CD226","ITGB2 - CD226","ITGB2","Cell-Cell Contact","KEGG: hsa04514","PBMC_Early"
"MEP","Th17like_INNATE_T","ITGB2","CD226",0.00152606464359321,0,"ITGB2_CD226","ITGB2 - CD226","ITGB2","Cell-Cell Contact","KEGG: hsa04514","PBMC_Early"
"Myeloid-CD177","Th17like_INNATE_T","ITGB2","CD226",0.0170873409523318,0,"ITGB2_CD226","ITGB2 - CD226","ITGB2","Cell-Cell Contact","KEGG: hsa04514","PBMC_Early"
"Naïve CD4 T","Th17like_INNATE_T","ITGB2","CD226",0.0137394488092408,0,"ITGB2_CD226","ITGB2 - CD226","ITGB2","Cell-Cell Contact","KEGG: hsa04514","PBMC_Early"
"Naïve CD8 T","Th17like_INNATE_T","ITGB2","CD226",0.0120423768078212,0,"ITGB2_CD226","ITGB2 - CD226","ITGB2","Cell-Cell Contact","KEGG: hsa04514","PBMC_Early"
"NK T","Th17like_INNATE_T","ITGB2","CD226",0.0220633951971393,0,"ITGB2_CD226","ITGB2 - CD226","ITGB2","Cell-Cell Contact","KEGG: hsa04514","PBMC_Early"
"pDC","Th17like_INNATE_T","ITGB2","CD226",0.00856151405191052,0,"ITGB2_CD226","ITGB2 - CD226","ITGB2","Cell-Cell Contact","KEGG: hsa04514","PBMC_Early"
"Tem","Th17like_INNATE_T","ITGB2","CD226",0.0181873815494436,0,"ITGB2_CD226","ITGB2 - CD226","ITGB2","Cell-Cell Contact","KEGG: hsa04514","PBMC_Early"
"Th17like_INNATE_T","Th17like_INNATE_T","ITGB2","CD226",0.0208014990959707,0,"ITGB2_CD226","ITGB2 - CD226","ITGB2","Cell-Cell Contact","KEGG: hsa04514","PBMC_Early"
"Treg","Th17like_INNATE_T","ITGB2","CD226",0.0150864614102333,0,"ITGB2_CD226","ITGB2 - CD226","ITGB2","Cell-Cell Contact","KEGG: hsa04514","PBMC_Early"
"abTentry","DC2","ITGB2","ICAM1",0.00275050189842129,0,"ITGB2_ICAM1","ITGB2 - ICAM1","ITGB2","Cell-Cell Contact","KEGG: hsa04514","PBMC_Early"
"CD14+PPBP+ Monocytes","DC2","ITGB2","ICAM1",0.00998543704964179,0,"ITGB2_ICAM1","ITGB2 - ICAM1","ITGB2","Cell-Cell Contact","KEGG: hsa04514","PBMC_Early"
"CD56highCD16low NK","DC2","ITGB2","ICAM1",0.0088698399366796,0,"ITGB2_ICAM1","ITGB2 - ICAM1","ITGB2","Cell-Cell Contact","KEGG: hsa04514","PBMC_Early"
"Classical Monocytes","DC2","ITGB2","ICAM1",0.0129682375101222,0,"ITGB2_ICAM1","ITGB2 - ICAM1","ITGB2","Cell-Cell Contact","KEGG: hsa04514","PBMC_Early"
"CX3CR1+ NK","DC2","ITGB2","ICAM1",0.0145561431881055,0,"ITGB2_ICAM1","ITGB2 - ICAM1","ITGB2","Cell-Cell Contact","KEGG: hsa04514","PBMC_Early"
"CXCR5- Naïve B","DC2","ITGB2","ICAM1",0.00158460562223091,0,"ITGB2_ICAM1","ITGB2 - ICAM1","ITGB2","Cell-Cell Contact","KEGG: hsa04514","PBMC_Early"
"CXCR5+ Naïve B","DC2","ITGB2","ICAM1",0.00177228957844348,0,"ITGB2_ICAM1","ITGB2 - ICAM1","ITGB2","Cell-Cell Contact","KEGG: hsa04514","PBMC_Early"
"CXCR6+ NK","DC2","ITGB2","ICAM1",0.0119237235676624,0,"ITGB2_ICAM1","ITGB2 - ICAM1","ITGB2","Cell-Cell Contact","KEGG: hsa04514","PBMC_Early"
"DC2","DC2","ITGB2","ICAM1",0.0127194360172778,0,"ITGB2_ICAM1","ITGB2 - ICAM1","ITGB2","Cell-Cell Contact","KEGG: hsa04514","PBMC_Early"
"Gamma Delta V1 T","DC2","ITGB2","ICAM1",0.0103979964408615,0,"ITGB2_ICAM1","ITGB2 - ICAM1","ITGB2","Cell-Cell Contact","KEGG: hsa04514","PBMC_Early"
"Gamma Delta V2 T","DC2","ITGB2","ICAM1",0.0106756090985581,0,"ITGB2_ICAM1","ITGB2 - ICAM1","ITGB2","Cell-Cell Contact","KEGG: hsa04514","PBMC_Early"
"HSC_MPP","DC2","ITGB2","ICAM1",0.00294262692097849,0,"ITGB2_ICAM1","ITGB2 - ICAM1","ITGB2","Cell-Cell Contact","KEGG: hsa04514","PBMC_Early"
"ILC2/3","DC2","ITGB2","ICAM1",0.00768169258723299,0,"ITGB2_ICAM1","ITGB2 - ICAM1","ITGB2","Cell-Cell Contact","KEGG: hsa04514","PBMC_Early"
"MEMP","DC2","ITGB2","ICAM1",0.00212947846781917,0,"ITGB2_ICAM1","ITGB2 - ICAM1","ITGB2","Cell-Cell Contact","KEGG: hsa04514","PBMC_Early"
"MEP","DC2","ITGB2","ICAM1",0.000736111953927935,0,"ITGB2_ICAM1","ITGB2 - ICAM1","ITGB2","Cell-Cell Contact","KEGG: hsa04514","PBMC_Early"
"Myeloid-CD177","DC2","ITGB2","ICAM1",0.00830927794141188,0,"ITGB2_ICAM1","ITGB2 - ICAM1","ITGB2","Cell-Cell Contact","KEGG: hsa04514","PBMC_Early"
"Naïve CD4 T","DC2","ITGB2","ICAM1",0.00666958574493713,0,"ITGB2_ICAM1","ITGB2 - ICAM1","ITGB2","Cell-Cell Contact","KEGG: hsa04514","PBMC_Early"
"Naïve CD8 T","DC2","ITGB2","ICAM1",0.00584059911662598,0,"ITGB2_ICAM1","ITGB2 - ICAM1","ITGB2","Cell-Cell Contact","KEGG: hsa04514","PBMC_Early"
"NK T","DC2","ITGB2","ICAM1",0.0107570229878522,0,"ITGB2_ICAM1","ITGB2 - ICAM1","ITGB2","Cell-Cell Contact","KEGG: hsa04514","PBMC_Early"
"pDC","DC2","ITGB2","ICAM1",0.00414484653048484,0,"ITGB2_ICAM1","ITGB2 - ICAM1","ITGB2","Cell-Cell Contact","KEGG: hsa04514","PBMC_Early"
"Tem","DC2","ITGB2","ICAM1",0.00884929639176305,0,"ITGB2_ICAM1","ITGB2 - ICAM1","ITGB2","Cell-Cell Contact","KEGG: hsa04514","PBMC_Early"
"Th17like_INNATE_T","DC2","ITGB2","ICAM1",0.0101350829103343,0,"ITGB2_ICAM1","ITGB2 - ICAM1","ITGB2","Cell-Cell Contact","KEGG: hsa04514","PBMC_Early"
"Treg","DC2","ITGB2","ICAM1",0.00732862092978328,0,"ITGB2_ICAM1","ITGB2 - ICAM1","ITGB2","Cell-Cell Contact","KEGG: hsa04514","PBMC_Early"
"abTentry","CD14+PPBP+ Monocytes","ITGB2","ICAM2",0.0165232697051947,0,"ITGB2_ICAM2","ITGB2 - ICAM2","ITGB2","Cell-Cell Contact","KEGG: hsa04514","PBMC_Early"
"CD14+PPBP+ Monocytes","CD14+PPBP+ Monocytes","ITGB2","ICAM2",0.0578833872591764,0,"ITGB2_ICAM2","ITGB2 - ICAM2","ITGB2","Cell-Cell Contact","KEGG: hsa04514","PBMC_Early"
"CD56highCD16low NK","CD14+PPBP+ Monocytes","ITGB2","ICAM2",0.0516959450335392,0,"ITGB2_ICAM2","ITGB2 - ICAM2","ITGB2","Cell-Cell Contact","KEGG: hsa04514","PBMC_Early"
"Classical Monocytes","CD14+PPBP+ Monocytes","ITGB2","ICAM2",0.0741030781287128,0,"ITGB2_ICAM2","ITGB2 - ICAM2","ITGB2","Cell-Cell Contact","KEGG: hsa04514","PBMC_Early"
"CX3CR1+ NK","CD14+PPBP+ Monocytes","ITGB2","ICAM2",0.0825506174166952,0,"ITGB2_ICAM2","ITGB2 - ICAM2","ITGB2","Cell-Cell Contact","KEGG: hsa04514","PBMC_Early"
"CXCR5- Naïve B","CD14+PPBP+ Monocytes","ITGB2","ICAM2",0.0095753606476261,0,"ITGB2_ICAM2","ITGB2 - ICAM2","ITGB2","Cell-Cell Contact","KEGG: hsa04514","PBMC_Early"
"CXCR5+ Naïve B","CD14+PPBP+ Monocytes","ITGB2","ICAM2",0.0106993437256785,0,"ITGB2_ICAM2","ITGB2 - ICAM2","ITGB2","Cell-Cell Contact","KEGG: hsa04514","PBMC_Early"
"CXCR6+ NK","CD14+PPBP+ Monocytes","ITGB2","ICAM2",0.068476128200047,0,"ITGB2_ICAM2","ITGB2 - ICAM2","ITGB2","Cell-Cell Contact","KEGG: hsa04514","PBMC_Early"
"DC2","CD14+PPBP+ Monocytes","ITGB2","ICAM2",0.0727678478586036,0,"ITGB2_ICAM2","ITGB2 - ICAM2","ITGB2","Cell-Cell Contact","KEGG: hsa04514","PBMC_Early"
"Gamma Delta V1 T","CD14+PPBP+ Monocytes","ITGB2","ICAM2",0.0601546593468543,0,"ITGB2_ICAM2","ITGB2 - ICAM2","ITGB2","Cell-Cell Contact","KEGG: hsa04514","PBMC_Early"
"Gamma Delta V2 T","CD14+PPBP+ Monocytes","ITGB2","ICAM2",0.061677912529533,0,"ITGB2_ICAM2","ITGB2 - ICAM2","ITGB2","Cell-Cell Contact","KEGG: hsa04514","PBMC_Early"
"HSC_MPP","CD14+PPBP+ Monocytes","ITGB2","ICAM2",0.0176603980296255,0,"ITGB2_ICAM2","ITGB2 - ICAM2","ITGB2","Cell-Cell Contact","KEGG: hsa04514","PBMC_Early"
"ILC2/3","CD14+PPBP+ Monocytes","ITGB2","ICAM2",0.0450317309919478,0,"ITGB2_ICAM2","ITGB2 - ICAM2","ITGB2","Cell-Cell Contact","KEGG: hsa04514","PBMC_Early"
"MEMP","CD14+PPBP+ Monocytes","ITGB2","ICAM2",0.0128325704817369,0,"ITGB2_ICAM2","ITGB2 - ICAM2","ITGB2","Cell-Cell Contact","KEGG: hsa04514","PBMC_Early"
"MEP","CD14+PPBP+ Monocytes","ITGB2","ICAM2",0.00446727818177286,0,"ITGB2_ICAM2","ITGB2 - ICAM2","ITGB2","Cell-Cell Contact","KEGG: hsa04514","PBMC_Early"
"Myeloid-CD177","CD14+PPBP+ Monocytes","ITGB2","ICAM2",0.0485614409170179,0,"ITGB2_ICAM2","ITGB2 - ICAM2","ITGB2","Cell-Cell Contact","KEGG: hsa04514","PBMC_Early"
"Naïve CD4 T","CD14+PPBP+ Monocytes","ITGB2","ICAM2",0.0392934063131039,0,"ITGB2_ICAM2","ITGB2 - ICAM2","ITGB2","Cell-Cell Contact","KEGG: hsa04514","PBMC_Early"
"Naïve CD8 T","CD14+PPBP+ Monocytes","ITGB2","ICAM2",0.0345505292320745,0,"ITGB2_ICAM2","ITGB2 - ICAM2","ITGB2","Cell-Cell Contact","KEGG: hsa04514","PBMC_Early"
"NK T","CD14+PPBP+ Monocytes","ITGB2","ICAM2",0.0621238541628687,0,"ITGB2_ICAM2","ITGB2 - ICAM2","ITGB2","Cell-Cell Contact","KEGG: hsa04514","PBMC_Early"
"pDC","CD14+PPBP+ Monocytes","ITGB2","ICAM2",0.0247264909436689,0,"ITGB2_ICAM2","ITGB2 - ICAM2","ITGB2","Cell-Cell Contact","KEGG: hsa04514","PBMC_Early"
"Tem","CD14+PPBP+ Monocytes","ITGB2","ICAM2",0.0515813735693645,0,"ITGB2_ICAM2","ITGB2 - ICAM2","ITGB2","Cell-Cell Contact","KEGG: hsa04514","PBMC_Early"
"Th17like_INNATE_T","CD14+PPBP+ Monocytes","ITGB2","ICAM2",0.0587082845400293,0,"ITGB2_ICAM2","ITGB2 - ICAM2","ITGB2","Cell-Cell Contact","KEGG: hsa04514","PBMC_Early"
"Treg","CD14+PPBP+ Monocytes","ITGB2","ICAM2",0.0430364020961878,0,"ITGB2_ICAM2","ITGB2 - ICAM2","ITGB2","Cell-Cell Contact","KEGG: hsa04514","PBMC_Early"
"abTentry","CX3CR1+ NK","ITGB2","ICAM2",0.00719536664027738,0,"ITGB2_ICAM2","ITGB2 - ICAM2","ITGB2","Cell-Cell Contact","KEGG: hsa04514","PBMC_Early"
"CD14+PPBP+ Monocytes","CX3CR1+ NK","ITGB2","ICAM2",0.0258193905253864,0,"ITGB2_ICAM2","ITGB2 - ICAM2","ITGB2","Cell-Cell Contact","KEGG: hsa04514","PBMC_Early"
"CD56highCD16low NK","CX3CR1+ NK","ITGB2","ICAM2",0.0229758403163763,0,"ITGB2_ICAM2","ITGB2 - ICAM2","ITGB2","Cell-Cell Contact","KEGG: hsa04514","PBMC_Early"
"Classical Monocytes","CX3CR1+ NK","ITGB2","ICAM2",0.0333725922959115,0,"ITGB2_ICAM2","ITGB2 - ICAM2","ITGB2","Cell-Cell Contact","KEGG: hsa04514","PBMC_Early"
"CX3CR1+ NK","CX3CR1+ NK","ITGB2","ICAM2",0.0373643460742931,0,"ITGB2_ICAM2","ITGB2 - ICAM2","ITGB2","Cell-Cell Contact","KEGG: hsa04514","PBMC_Early"
"CXCR5- Naïve B","CX3CR1+ NK","ITGB2","ICAM2",0.00415320591398384,0,"ITGB2_ICAM2","ITGB2 - ICAM2","ITGB2","Cell-Cell Contact","KEGG: hsa04514","PBMC_Early"
"CXCR5+ Naïve B","CX3CR1+ NK","ITGB2","ICAM2",0.00464370518525882,0,"ITGB2_ICAM2","ITGB2 - ICAM2","ITGB2","Cell-Cell Contact","KEGG: hsa04514","PBMC_Early"
"CXCR6+ NK","CX3CR1+ NK","ITGB2","ICAM2",0.0307358060427349,0,"ITGB2_ICAM2","ITGB2 - ICAM2","ITGB2","Cell-Cell Contact","KEGG: hsa04514","PBMC_Early"
"DC2","CX3CR1+ NK","ITGB2","ICAM2",0.0327453111632391,0,"ITGB2_ICAM2","ITGB2 - ICAM2","ITGB2","Cell-Cell Contact","KEGG: hsa04514","PBMC_Early"
"Gamma Delta V1 T","CX3CR1+ NK","ITGB2","ICAM2",0.0268683927243173,0,"ITGB2_ICAM2","ITGB2 - ICAM2","ITGB2","Cell-Cell Contact","KEGG: hsa04514","PBMC_Early"
"Gamma Delta V2 T","CX3CR1+ NK","ITGB2","ICAM2",0.027573490525418,0,"ITGB2_ICAM2","ITGB2 - ICAM2","ITGB2","Cell-Cell Contact","KEGG: hsa04514","PBMC_Early"
"HSC_MPP","CX3CR1+ NK","ITGB2","ICAM2",0.00769557355391583,0,"ITGB2_ICAM2","ITGB2 - ICAM2","ITGB2","Cell-Cell Contact","KEGG: hsa04514","PBMC_Early"
"ILC2/3","CX3CR1+ NK","ITGB2","ICAM2",0.0199361503394666,0,"ITGB2_ICAM2","ITGB2 - ICAM2","ITGB2","Cell-Cell Contact","KEGG: hsa04514","PBMC_Early"
"MEMP","CX3CR1+ NK","ITGB2","ICAM2",0.00557636902807017,0,"ITGB2_ICAM2","ITGB2 - ICAM2","ITGB2","Cell-Cell Contact","KEGG: hsa04514","PBMC_Early"
"Myeloid-CD177","CX3CR1+ NK","ITGB2","ICAM2",0.0215431751933701,0,"ITGB2_ICAM2","ITGB2 - ICAM2","ITGB2","Cell-Cell Contact","KEGG: hsa04514","PBMC_Early"
"Naïve CD4 T","CX3CR1+ NK","ITGB2","ICAM2",0.0173376587382429,0,"ITGB2_ICAM2","ITGB2 - ICAM2","ITGB2","Cell-Cell Contact","KEGG: hsa04514","PBMC_Early"
"Naïve CD8 T","CX3CR1+ NK","ITGB2","ICAM2",0.0152029933337943,0,"ITGB2_ICAM2","ITGB2 - ICAM2","ITGB2","Cell-Cell Contact","KEGG: hsa04514","PBMC_Early"
"NK T","CX3CR1+ NK","ITGB2","ICAM2",0.0277801517951606,0,"ITGB2_ICAM2","ITGB2 - ICAM2","ITGB2","Cell-Cell Contact","KEGG: hsa04514","PBMC_Early"
"pDC","CX3CR1+ NK","ITGB2","ICAM2",0.010818554851276,0,"ITGB2_ICAM2","ITGB2 - ICAM2","ITGB2","Cell-Cell Contact","KEGG: hsa04514","PBMC_Early"
"Tem","CX3CR1+ NK","ITGB2","ICAM2",0.0229233813251913,0,"ITGB2_ICAM2","ITGB2 - ICAM2","ITGB2","Cell-Cell Contact","KEGG: hsa04514","PBMC_Early"
"Th17like_INNATE_T","CX3CR1+ NK","ITGB2","ICAM2",0.0262000506909179,0,"ITGB2_ICAM2","ITGB2 - ICAM2","ITGB2","Cell-Cell Contact","KEGG: hsa04514","PBMC_Early"
"Treg","CX3CR1+ NK","ITGB2","ICAM2",0.0190306321493075,0,"ITGB2_ICAM2","ITGB2 - ICAM2","ITGB2","Cell-Cell Contact","KEGG: hsa04514","PBMC_Early"
"abTentry","CXCR5- Naïve B","ITGB2","ICAM2",0.00542105461028449,0,"ITGB2_ICAM2","ITGB2 - ICAM2","ITGB2","Cell-Cell Contact","KEGG: hsa04514","PBMC_Early"
"CD14+PPBP+ Monocytes","CXCR5- Naïve B","ITGB2","ICAM2",0.0195429652763902,0,"ITGB2_ICAM2","ITGB2 - ICAM2","ITGB2","Cell-Cell Contact","KEGG: hsa04514","PBMC_Early"
"CD56highCD16low NK","CXCR5- Naïve B","ITGB2","ICAM2",0.0173783216188812,0,"ITGB2_ICAM2","ITGB2 - ICAM2","ITGB2","Cell-Cell Contact","KEGG: hsa04514","PBMC_Early"
"Classical Monocytes","CXCR5- Naïve B","ITGB2","ICAM2",0.0253077615370243,0,"ITGB2_ICAM2","ITGB2 - ICAM2","ITGB2","Cell-Cell Contact","KEGG: hsa04514","PBMC_Early"
"CX3CR1+ NK","CXCR5- Naïve B","ITGB2","ICAM2",0.0283631719926196,0,"ITGB2_ICAM2","ITGB2 - ICAM2","ITGB2","Cell-Cell Contact","KEGG: hsa04514","PBMC_Early"
"CXCR5+ Naïve B","CXCR5- Naïve B","ITGB2","ICAM2",0.00349639375022029,0.01,"ITGB2_ICAM2","ITGB2 - ICAM2","ITGB2","Cell-Cell Contact","KEGG: hsa04514","PBMC_Early"
"CXCR6+ NK","CXCR5- Naïve B","ITGB2","ICAM2",0.0232928270773431,0,"ITGB2_ICAM2","ITGB2 - ICAM2","ITGB2","Cell-Cell Contact","KEGG: hsa04514","PBMC_Early"
"DC2","CXCR5- Naïve B","ITGB2","ICAM2",0.0248281757356543,0,"ITGB2_ICAM2","ITGB2 - ICAM2","ITGB2","Cell-Cell Contact","KEGG: hsa04514","PBMC_Early"
"Gamma Delta V1 T","CXCR5- Naïve B","ITGB2","ICAM2",0.0203422907512186,0,"ITGB2_ICAM2","ITGB2 - ICAM2","ITGB2","Cell-Cell Contact","KEGG: hsa04514","PBMC_Early"
"Gamma Delta V2 T","CXCR5- Naïve B","ITGB2","ICAM2",0.0208798010012501,0,"ITGB2_ICAM2","ITGB2 - ICAM2","ITGB2","Cell-Cell Contact","KEGG: hsa04514","PBMC_Early"
"HSC_MPP","CXCR5- Naïve B","ITGB2","ICAM2",0.00579863546933798,0,"ITGB2_ICAM2","ITGB2 - ICAM2","ITGB2","Cell-Cell Contact","KEGG: hsa04514","PBMC_Early"
"ILC2/3","CXCR5- Naïve B","ITGB2","ICAM2",0.0150677592212828,0,"ITGB2_ICAM2","ITGB2 - ICAM2","ITGB2","Cell-Cell Contact","KEGG: hsa04514","PBMC_Early"
"MEMP","CXCR5- Naïve B","ITGB2","ICAM2",0.00419959834030443,0,"ITGB2_ICAM2","ITGB2 - ICAM2","ITGB2","Cell-Cell Contact","KEGG: hsa04514","PBMC_Early"
"Myeloid-CD177","CXCR5- Naïve B","ITGB2","ICAM2",0.0162888722991964,0,"ITGB2_ICAM2","ITGB2 - ICAM2","ITGB2","Cell-Cell Contact","KEGG: hsa04514","PBMC_Early"
"Naïve CD4 T","CXCR5- Naïve B","ITGB2","ICAM2",0.0130953384080486,0,"ITGB2_ICAM2","ITGB2 - ICAM2","ITGB2","Cell-Cell Contact","KEGG: hsa04514","PBMC_Early"
"Naïve CD8 T","CXCR5- Naïve B","ITGB2","ICAM2",0.0114768999497324,0,"ITGB2_ICAM2","ITGB2 - ICAM2","ITGB2","Cell-Cell Contact","KEGG: hsa04514","PBMC_Early"
"NK T","CXCR5- Naïve B","ITGB2","ICAM2",0.0210373789085108,0,"ITGB2_ICAM2","ITGB2 - ICAM2","ITGB2","Cell-Cell Contact","KEGG: hsa04514","PBMC_Early"
"pDC","CXCR5- Naïve B","ITGB2","ICAM2",0.00815813920906524,0,"ITGB2_ICAM2","ITGB2 - ICAM2","ITGB2","Cell-Cell Contact","KEGG: hsa04514","PBMC_Early"
"Tem","CXCR5- Naïve B","ITGB2","ICAM2",0.0173384162143163,0,"ITGB2_ICAM2","ITGB2 - ICAM2","ITGB2","Cell-Cell Contact","KEGG: hsa04514","PBMC_Early"
"Th17like_INNATE_T","CXCR5- Naïve B","ITGB2","ICAM2",0.019832974790966,0,"ITGB2_ICAM2","ITGB2 - ICAM2","ITGB2","Cell-Cell Contact","KEGG: hsa04514","PBMC_Early"
"Treg","CXCR5- Naïve B","ITGB2","ICAM2",0.014380123296872,0,"ITGB2_ICAM2","ITGB2 - ICAM2","ITGB2","Cell-Cell Contact","KEGG: hsa04514","PBMC_Early"
"abTentry","CXCR5+ Naïve B","ITGB2","ICAM2",0.00535984821596741,0,"ITGB2_ICAM2","ITGB2 - ICAM2","ITGB2","Cell-Cell Contact","KEGG: hsa04514","PBMC_Early"
"CD14+PPBP+ Monocytes","CXCR5+ Naïve B","ITGB2","ICAM2",0.0193254136131128,0,"ITGB2_ICAM2","ITGB2 - ICAM2","ITGB2","Cell-Cell Contact","KEGG: hsa04514","PBMC_Early"
"CD56highCD16low NK","CXCR5+ Naïve B","ITGB2","ICAM2",0.0171844443564535,0,"ITGB2_ICAM2","ITGB2 - ICAM2","ITGB2","Cell-Cell Contact","KEGG: hsa04514","PBMC_Early"
"Classical Monocytes","CXCR5+ Naïve B","ITGB2","ICAM2",0.0250276744745137,0,"ITGB2_ICAM2","ITGB2 - ICAM2","ITGB2","Cell-Cell Contact","KEGG: hsa04514","PBMC_Early"
"CX3CR1+ NK","CXCR5+ Naïve B","ITGB2","ICAM2",0.0280502431162886,0,"ITGB2_ICAM2","ITGB2 - ICAM2","ITGB2","Cell-Cell Contact","KEGG: hsa04514","PBMC_Early"
"CXCR5+ Naïve B","CXCR5+ Naïve B","ITGB2","ICAM2",0.00345684220334344,0.01,"ITGB2_ICAM2","ITGB2 - ICAM2","ITGB2","Cell-Cell Contact","KEGG: hsa04514","PBMC_Early"
"CXCR6+ NK","CXCR5+ Naïve B","ITGB2","ICAM2",0.0230345127760308,0,"ITGB2_ICAM2","ITGB2 - ICAM2","ITGB2","Cell-Cell Contact","KEGG: hsa04514","PBMC_Early"
"DC2","CXCR5+ Naïve B","ITGB2","ICAM2",0.0245532626592479,0,"ITGB2_ICAM2","ITGB2 - ICAM2","ITGB2","Cell-Cell Contact","KEGG: hsa04514","PBMC_Early"
"Gamma Delta V1 T","CXCR5+ Naïve B","ITGB2","ICAM2",0.0201160235838565,0,"ITGB2_ICAM2","ITGB2 - ICAM2","ITGB2","Cell-Cell Contact","KEGG: hsa04514","PBMC_Early"
"Gamma Delta V2 T","CXCR5+ Naïve B","ITGB2","ICAM2",0.0206476811209825,0,"ITGB2_ICAM2","ITGB2 - ICAM2","ITGB2","Cell-Cell Contact","KEGG: hsa04514","PBMC_Early"
"HSC_MPP","CXCR5+ Naïve B","ITGB2","ICAM2",0.00573319057415733,0,"ITGB2_ICAM2","ITGB2 - ICAM2","ITGB2","Cell-Cell Contact","KEGG: hsa04514","PBMC_Early"
"ILC2/3","CXCR5+ Naïve B","ITGB2","ICAM2",0.0148992683640046,0,"ITGB2_ICAM2","ITGB2 - ICAM2","ITGB2","Cell-Cell Contact","KEGG: hsa04514","PBMC_Early"
"MEMP","CXCR5+ Naïve B","ITGB2","ICAM2",0.00415212521944339,0,"ITGB2_ICAM2","ITGB2 - ICAM2","ITGB2","Cell-Cell Contact","KEGG: hsa04514","PBMC_Early"
"Myeloid-CD177","CXCR5+ Naïve B","ITGB2","ICAM2",0.0161069499992,0,"ITGB2_ICAM2","ITGB2 - ICAM2","ITGB2","Cell-Cell Contact","KEGG: hsa04514","PBMC_Early"
"Naïve CD4 T","CXCR5+ Naïve B","ITGB2","ICAM2",0.0129486136116939,0,"ITGB2_ICAM2","ITGB2 - ICAM2","ITGB2","Cell-Cell Contact","KEGG: hsa04514","PBMC_Early"
"Naïve CD8 T","CXCR5+ Naïve B","ITGB2","ICAM2",0.0113481001974967,0,"ITGB2_ICAM2","ITGB2 - ICAM2","ITGB2","Cell-Cell Contact","KEGG: hsa04514","PBMC_Early"
"NK T","CXCR5+ Naïve B","ITGB2","ICAM2",0.0208035444617321,0,"ITGB2_ICAM2","ITGB2 - ICAM2","ITGB2","Cell-Cell Contact","KEGG: hsa04514","PBMC_Early"
"pDC","CXCR5+ Naïve B","ITGB2","ICAM2",0.00806628040386669,0,"ITGB2_ICAM2","ITGB2 - ICAM2","ITGB2","Cell-Cell Contact","KEGG: hsa04514","PBMC_Early"
"Tem","CXCR5+ Naïve B","ITGB2","ICAM2",0.0171449763795305,0,"ITGB2_ICAM2","ITGB2 - ICAM2","ITGB2","Cell-Cell Contact","KEGG: hsa04514","PBMC_Early"
"Th17like_INNATE_T","CXCR5+ Naïve B","ITGB2","ICAM2",0.0196122593288658,0,"ITGB2_ICAM2","ITGB2 - ICAM2","ITGB2","Cell-Cell Contact","KEGG: hsa04514","PBMC_Early"
"Treg","CXCR5+ Naïve B","ITGB2","ICAM2",0.0142192107210577,0,"ITGB2_ICAM2","ITGB2 - ICAM2","ITGB2","Cell-Cell Contact","KEGG: hsa04514","PBMC_Early"
"abTentry","CXCR6+ NK","ITGB2","ICAM2",0.00660983129187289,0,"ITGB2_ICAM2","ITGB2 - ICAM2","ITGB2","Cell-Cell Contact","KEGG: hsa04514","PBMC_Early"
"CD14+PPBP+ Monocytes","CXCR6+ NK","ITGB2","ICAM2",0.0237545555923013,0,"ITGB2_ICAM2","ITGB2 - ICAM2","ITGB2","Cell-Cell Contact","KEGG: hsa04514","PBMC_Early"
"CD56highCD16low NK","CXCR6+ NK","ITGB2","ICAM2",0.0211334772770187,0,"ITGB2_ICAM2","ITGB2 - ICAM2","ITGB2","Cell-Cell Contact","KEGG: hsa04514","PBMC_Early"
"Classical Monocytes","CXCR6+ NK","ITGB2","ICAM2",0.0307227606040913,0,"ITGB2_ICAM2","ITGB2 - ICAM2","ITGB2","Cell-Cell Contact","KEGG: hsa04514","PBMC_Early"
"CX3CR1+ NK","CXCR6+ NK","ITGB2","ICAM2",0.0344088458489944,0,"ITGB2_ICAM2","ITGB2 - ICAM2","ITGB2","Cell-Cell Contact","KEGG: hsa04514","PBMC_Early"
"CXCR5+ Naïve B","CXCR6+ NK","ITGB2","ICAM2",0.00426492366884873,0,"ITGB2_ICAM2","ITGB2 - ICAM2","ITGB2","Cell-Cell Contact","KEGG: hsa04514","PBMC_Early"
"CXCR6+ NK","CXCR6+ NK","ITGB2","ICAM2",0.0282892117194142,0,"ITGB2_ICAM2","ITGB2 - ICAM2","ITGB2","Cell-Cell Contact","KEGG: hsa04514","PBMC_Early"
"DC2","CXCR6+ NK","ITGB2","ICAM2",0.0301437332889909,0,"ITGB2_ICAM2","ITGB2 - ICAM2","ITGB2","Cell-Cell Contact","KEGG: hsa04514","PBMC_Early"
"Gamma Delta V1 T","CXCR6+ NK","ITGB2","ICAM2",0.0247217956228508,0,"ITGB2_ICAM2","ITGB2 - ICAM2","ITGB2","Cell-Cell Contact","KEGG: hsa04514","PBMC_Early"
"Gamma Delta V2 T","CXCR6+ NK","ITGB2","ICAM2",0.025372029759133,0,"ITGB2_ICAM2","ITGB2 - ICAM2","ITGB2","Cell-Cell Contact","KEGG: hsa04514","PBMC_Early"
"HSC_MPP","CXCR6+ NK","ITGB2","ICAM2",0.00706962286274679,0,"ITGB2_ICAM2","ITGB2 - ICAM2","ITGB2","Cell-Cell Contact","KEGG: hsa04514","PBMC_Early"
"ILC2/3","CXCR6+ NK","ITGB2","ICAM2",0.0183329572093393,0,"ITGB2_ICAM2","ITGB2 - ICAM2","ITGB2","Cell-Cell Contact","KEGG: hsa04514","PBMC_Early"
"MEMP","CXCR6+ NK","ITGB2","ICAM2",0.00512190270297152,0,"ITGB2_ICAM2","ITGB2 - ICAM2","ITGB2","Cell-Cell Contact","KEGG: hsa04514","PBMC_Early"
"Myeloid-CD177","CXCR6+ NK","ITGB2","ICAM2",0.0198133635230522,0,"ITGB2_ICAM2","ITGB2 - ICAM2","ITGB2","Cell-Cell Contact","KEGG: hsa04514","PBMC_Early"
"Naïve CD4 T","CXCR6+ NK","ITGB2","ICAM2",0.0159400283035942,0,"ITGB2_ICAM2","ITGB2 - ICAM2","ITGB2","Cell-Cell Contact","KEGG: hsa04514","PBMC_Early"
"Naïve CD8 T","CXCR6+ NK","ITGB2","ICAM2",0.0139749961652084,0,"ITGB2_ICAM2","ITGB2 - ICAM2","ITGB2","Cell-Cell Contact","KEGG: hsa04514","PBMC_Early"
"NK T","CXCR6+ NK","ITGB2","ICAM2",0.0255626249809283,0,"ITGB2_ICAM2","ITGB2 - ICAM2","ITGB2","Cell-Cell Contact","KEGG: hsa04514","PBMC_Early"
"pDC","CXCR6+ NK","ITGB2","ICAM2",0.00994112864123511,0,"ITGB2_ICAM2","ITGB2 - ICAM2","ITGB2","Cell-Cell Contact","KEGG: hsa04514","PBMC_Early"
"Tem","CXCR6+ NK","ITGB2","ICAM2",0.0210851340324671,0,"ITGB2_ICAM2","ITGB2 - ICAM2","ITGB2","Cell-Cell Contact","KEGG: hsa04514","PBMC_Early"
"Th17like_INNATE_T","CXCR6+ NK","ITGB2","ICAM2",0.0241055267809215,0,"ITGB2_ICAM2","ITGB2 - ICAM2","ITGB2","Cell-Cell Contact","KEGG: hsa04514","PBMC_Early"
"Treg","CXCR6+ NK","ITGB2","ICAM2",0.017498957349931,0,"ITGB2_ICAM2","ITGB2 - ICAM2","ITGB2","Cell-Cell Contact","KEGG: hsa04514","PBMC_Early"
"CD14+PPBP+ Monocytes","DC2","ITGB2","ICAM2",0.0114246951118861,0,"ITGB2_ICAM2","ITGB2 - ICAM2","ITGB2","Cell-Cell Contact","KEGG: hsa04514","PBMC_Early"
"CD56highCD16low NK","DC2","ITGB2","ICAM2",0.0101499491633053,0,"ITGB2_ICAM2","ITGB2 - ICAM2","ITGB2","Cell-Cell Contact","KEGG: hsa04514","PBMC_Early"
"Classical Monocytes","DC2","ITGB2","ICAM2",0.0148309830678431,0,"ITGB2_ICAM2","ITGB2 - ICAM2","ITGB2","Cell-Cell Contact","KEGG: hsa04514","PBMC_Early"
"CX3CR1+ NK","DC2","ITGB2","ICAM2",0.0166431281108344,0,"ITGB2_ICAM2","ITGB2 - ICAM2","ITGB2","Cell-Cell Contact","KEGG: hsa04514","PBMC_Early"
"CXCR6+ NK","DC2","ITGB2","ICAM2",0.0136385092267054,0,"ITGB2_ICAM2","ITGB2 - ICAM2","ITGB2","Cell-Cell Contact","KEGG: hsa04514","PBMC_Early"
"DC2","DC2","ITGB2","ICAM2",0.0145469706647542,0,"ITGB2_ICAM2","ITGB2 - ICAM2","ITGB2","Cell-Cell Contact","KEGG: hsa04514","PBMC_Early"
"Gamma Delta V1 T","DC2","ITGB2","ICAM2",0.0118960045187236,0,"ITGB2_ICAM2","ITGB2 - ICAM2","ITGB2","Cell-Cell Contact","KEGG: hsa04514","PBMC_Early"
"Gamma Delta V2 T","DC2","ITGB2","ICAM2",0.0122131184032954,0,"ITGB2_ICAM2","ITGB2 - ICAM2","ITGB2","Cell-Cell Contact","KEGG: hsa04514","PBMC_Early"
"ILC2/3","DC2","ITGB2","ICAM2",0.00879184759914843,0,"ITGB2_ICAM2","ITGB2 - ICAM2","ITGB2","Cell-Cell Contact","KEGG: hsa04514","PBMC_Early"
"Myeloid-CD177","DC2","ITGB2","ICAM2",0.009509262176044,0,"ITGB2_ICAM2","ITGB2 - ICAM2","ITGB2","Cell-Cell Contact","KEGG: hsa04514","PBMC_Early"
"Naïve CD4 T","DC2","ITGB2","ICAM2",0.00763459684915509,0,"ITGB2_ICAM2","ITGB2 - ICAM2","ITGB2","Cell-Cell Contact","KEGG: hsa04514","PBMC_Early"
"Naïve CD8 T","DC2","ITGB2","ICAM2",0.00668647293659243,0,"ITGB2_ICAM2","ITGB2 - ICAM2","ITGB2","Cell-Cell Contact","KEGG: hsa04514","PBMC_Early"
"NK T","DC2","ITGB2","ICAM2",0.0123061117327994,0,"ITGB2_ICAM2","ITGB2 - ICAM2","ITGB2","Cell-Cell Contact","KEGG: hsa04514","PBMC_Early"
"pDC","DC2","ITGB2","ICAM2",0.00474630284631425,0,"ITGB2_ICAM2","ITGB2 - ICAM2","ITGB2","Cell-Cell Contact","KEGG: hsa04514","PBMC_Early"
"Tem","DC2","ITGB2","ICAM2",0.0101264710341566,0,"ITGB2_ICAM2","ITGB2 - ICAM2","ITGB2","Cell-Cell Contact","KEGG: hsa04514","PBMC_Early"
"Th17like_INNATE_T","DC2","ITGB2","ICAM2",0.0115956576519958,0,"ITGB2_ICAM2","ITGB2 - ICAM2","ITGB2","Cell-Cell Contact","KEGG: hsa04514","PBMC_Early"
"Treg","DC2","ITGB2","ICAM2",0.00838818149961057,0,"ITGB2_ICAM2","ITGB2 - ICAM2","ITGB2","Cell-Cell Contact","KEGG: hsa04514","PBMC_Early"
"abTentry","Gamma Delta V1 T","ITGB2","ICAM2",0.00657003605691525,0,"ITGB2_ICAM2","ITGB2 - ICAM2","ITGB2","Cell-Cell Contact","KEGG: hsa04514","PBMC_Early"
"CD14+PPBP+ Monocytes","Gamma Delta V1 T","ITGB2","ICAM2",0.0236139923066221,0,"ITGB2_ICAM2","ITGB2 - ICAM2","ITGB2","Cell-Cell Contact","KEGG: hsa04514","PBMC_Early"
"CD56highCD16low NK","Gamma Delta V1 T","ITGB2","ICAM2",0.0210080899894799,0,"ITGB2_ICAM2","ITGB2 - ICAM2","ITGB2","Cell-Cell Contact","KEGG: hsa04514","PBMC_Early"
"Classical Monocytes","Gamma Delta V1 T","ITGB2","ICAM2",0.0305422542206086,0,"ITGB2_ICAM2","ITGB2 - ICAM2","ITGB2","Cell-Cell Contact","KEGG: hsa04514","PBMC_Early"
"CX3CR1+ NK","Gamma Delta V1 T","ITGB2","ICAM2",0.0342074468065391,0,"ITGB2_ICAM2","ITGB2 - ICAM2","ITGB2","Cell-Cell Contact","KEGG: hsa04514","PBMC_Early"
"CXCR6+ NK","Gamma Delta V1 T","ITGB2","ICAM2",0.0281225884016975,0,"ITGB2_ICAM2","ITGB2 - ICAM2","ITGB2","Cell-Cell Contact","KEGG: hsa04514","PBMC_Early"
"DC2","Gamma Delta V1 T","ITGB2","ICAM2",0.0299665237058154,0,"ITGB2_ICAM2","ITGB2 - ICAM2","ITGB2","Cell-Cell Contact","KEGG: hsa04514","PBMC_Early"
"Gamma Delta V1 T","Gamma Delta V1 T","ITGB2","ICAM2",0.0245756529497881,0,"ITGB2_ICAM2","ITGB2 - ICAM2","ITGB2","Cell-Cell Contact","KEGG: hsa04514","PBMC_Early"
"Gamma Delta V2 T","Gamma Delta V1 T","ITGB2","ICAM2",0.0252221426405599,0,"ITGB2_ICAM2","ITGB2 - ICAM2","ITGB2","Cell-Cell Contact","KEGG: hsa04514","PBMC_Early"
"HSC_MPP","Gamma Delta V1 T","ITGB2","ICAM2",0.00702707898275047,0,"ITGB2_ICAM2","ITGB2 - ICAM2","ITGB2","Cell-Cell Contact","KEGG: hsa04514","PBMC_Early"
"ILC2/3","Gamma Delta V1 T","ITGB2","ICAM2",0.0182238763792704,0,"ITGB2_ICAM2","ITGB2 - ICAM2","ITGB2","Cell-Cell Contact","KEGG: hsa04514","PBMC_Early"
"Myeloid-CD177","Gamma Delta V1 T","ITGB2","ICAM2",0.0196956510238676,0,"ITGB2_ICAM2","ITGB2 - ICAM2","ITGB2","Cell-Cell Contact","KEGG: hsa04514","PBMC_Early"
"Naïve CD4 T","Gamma Delta V1 T","ITGB2","ICAM2",0.0158449555539791,0,"ITGB2_ICAM2","ITGB2 - ICAM2","ITGB2","Cell-Cell Contact","KEGG: hsa04514","PBMC_Early"
"Naïve CD8 T","Gamma Delta V1 T","ITGB2","ICAM2",0.0138914782100413,0,"ITGB2_ICAM2","ITGB2 - ICAM2","ITGB2","Cell-Cell Contact","KEGG: hsa04514","PBMC_Early"
"NK T","Gamma Delta V1 T","ITGB2","ICAM2",0.0254116412643861,0,"ITGB2_ICAM2","ITGB2 - ICAM2","ITGB2","Cell-Cell Contact","KEGG: hsa04514","PBMC_Early"
"pDC","Gamma Delta V1 T","ITGB2","ICAM2",0.00988147646083177,0,"ITGB2_ICAM2","ITGB2 - ICAM2","ITGB2","Cell-Cell Contact","KEGG: hsa04514","PBMC_Early"
"Tem","Gamma Delta V1 T","ITGB2","ICAM2",0.0209600274291391,0,"ITGB2_ICAM2","ITGB2 - ICAM2","ITGB2","Cell-Cell Contact","KEGG: hsa04514","PBMC_Early"
"Th17like_INNATE_T","Gamma Delta V1 T","ITGB2","ICAM2",0.0239629376641,0,"ITGB2_ICAM2","ITGB2 - ICAM2","ITGB2","Cell-Cell Contact","KEGG: hsa04514","PBMC_Early"
"Treg","Gamma Delta V1 T","ITGB2","ICAM2",0.0173947508771951,0,"ITGB2_ICAM2","ITGB2 - ICAM2","ITGB2","Cell-Cell Contact","KEGG: hsa04514","PBMC_Early"
"abTentry","Gamma Delta V2 T","ITGB2","ICAM2",0.00666541955115512,0,"ITGB2_ICAM2","ITGB2 - ICAM2","ITGB2","Cell-Cell Contact","KEGG: hsa04514","PBMC_Early"
"CD14+PPBP+ Monocytes","Gamma Delta V2 T","ITGB2","ICAM2",0.023950853531875,0,"ITGB2_ICAM2","ITGB2 - ICAM2","ITGB2","Cell-Cell Contact","KEGG: hsa04514","PBMC_Early"
"CD56highCD16low NK","Gamma Delta V2 T","ITGB2","ICAM2",0.0213085884606581,0,"ITGB2_ICAM2","ITGB2 - ICAM2","ITGB2","Cell-Cell Contact","KEGG: hsa04514","PBMC_Early"
"Classical Monocytes","Gamma Delta V2 T","ITGB2","ICAM2",0.0309748139384248,0,"ITGB2_ICAM2","ITGB2 - ICAM2","ITGB2","Cell-Cell Contact","KEGG: hsa04514","PBMC_Early"
"CX3CR1+ NK","Gamma Delta V2 T","ITGB2","ICAM2",0.0346900579660697,0,"ITGB2_ICAM2","ITGB2 - ICAM2","ITGB2","Cell-Cell Contact","KEGG: hsa04514","PBMC_Early"
"CXCR5- Naïve B","Gamma Delta V2 T","ITGB2","ICAM2",0.00384644941035875,0.03,"ITGB2_ICAM2","ITGB2 - ICAM2","ITGB2","Cell-Cell Contact","KEGG: hsa04514","PBMC_Early"
"CXCR5+ Naïve B","Gamma Delta V2 T","ITGB2","ICAM2",0.00430087678457669,0,"ITGB2_ICAM2","ITGB2 - ICAM2","ITGB2","Cell-Cell Contact","KEGG: hsa04514","PBMC_Early"
"CXCR6+ NK","Gamma Delta V2 T","ITGB2","ICAM2",0.0285218874099748,0,"ITGB2_ICAM2","ITGB2 - ICAM2","ITGB2","Cell-Cell Contact","KEGG: hsa04514","PBMC_Early"
"DC2","Gamma Delta V2 T","ITGB2","ICAM2",0.0303911851581932,0,"ITGB2_ICAM2","ITGB2 - ICAM2","ITGB2","Cell-Cell Contact","KEGG: hsa04514","PBMC_Early"
"Gamma Delta V1 T","Gamma Delta V2 T","ITGB2","ICAM2",0.0249258823614927,0,"ITGB2_ICAM2","ITGB2 - ICAM2","ITGB2","Cell-Cell Contact","KEGG: hsa04514","PBMC_Early"
"Gamma Delta V2 T","Gamma Delta V2 T","ITGB2","ICAM2",0.0255813436003562,0,"ITGB2_ICAM2","ITGB2 - ICAM2","ITGB2","Cell-Cell Contact","KEGG: hsa04514","PBMC_Early"
"HSC_MPP","Gamma Delta V2 T","ITGB2","ICAM2",0.00712905018963138,0,"ITGB2_ICAM2","ITGB2 - ICAM2","ITGB2","Cell-Cell Contact","KEGG: hsa04514","PBMC_Early"
"ILC2/3","Gamma Delta V2 T","ITGB2","ICAM2",0.0184853016033276,0,"ITGB2_ICAM2","ITGB2 - ICAM2","ITGB2","Cell-Cell Contact","KEGG: hsa04514","PBMC_Early"
"MEMP","Gamma Delta V2 T","ITGB2","ICAM2",0.00516504264000496,0,"ITGB2_ICAM2","ITGB2 - ICAM2","ITGB2","Cell-Cell Contact","KEGG: hsa04514","PBMC_Early"
"Myeloid-CD177","Gamma Delta V2 T","ITGB2","ICAM2",0.0199777595375289,0,"ITGB2_ICAM2","ITGB2 - ICAM2","ITGB2","Cell-Cell Contact","KEGG: hsa04514","PBMC_Early"
"Naïve CD4 T","Gamma Delta V2 T","ITGB2","ICAM2",0.0160728133574279,0,"ITGB2_ICAM2","ITGB2 - ICAM2","ITGB2","Cell-Cell Contact","KEGG: hsa04514","PBMC_Early"
"Naïve CD8 T","Gamma Delta V2 T","ITGB2","ICAM2",0.0140916463386821,0,"ITGB2_ICAM2","ITGB2 - ICAM2","ITGB2","Cell-Cell Contact","KEGG: hsa04514","PBMC_Early"
"NK T","Gamma Delta V2 T","ITGB2","ICAM2",0.0257734696117248,0,"ITGB2_ICAM2","ITGB2 - ICAM2","ITGB2","Cell-Cell Contact","KEGG: hsa04514","PBMC_Early"
"pDC","Gamma Delta V2 T","ITGB2","ICAM2",0.0100244501849336,0,"ITGB2_ICAM2","ITGB2 - ICAM2","ITGB2","Cell-Cell Contact","KEGG: hsa04514","PBMC_Early"
"Tem","Gamma Delta V2 T","ITGB2","ICAM2",0.0212598533457579,0,"ITGB2_ICAM2","ITGB2 - ICAM2","ITGB2","Cell-Cell Contact","KEGG: hsa04514","PBMC_Early"
"Th17like_INNATE_T","Gamma Delta V2 T","ITGB2","ICAM2",0.0243046527973959,0,"ITGB2_ICAM2","ITGB2 - ICAM2","ITGB2","Cell-Cell Contact","KEGG: hsa04514","PBMC_Early"
"Treg","Gamma Delta V2 T","ITGB2","ICAM2",0.0176444958854913,0,"ITGB2_ICAM2","ITGB2 - ICAM2","ITGB2","Cell-Cell Contact","KEGG: hsa04514","PBMC_Early"
"abTentry","HSC_MPP","ITGB2","ICAM2",0.00889902993608802,0,"ITGB2_ICAM2","ITGB2 - ICAM2","ITGB2","Cell-Cell Contact","KEGG: hsa04514","PBMC_Early"
"CD14+PPBP+ Monocytes","HSC_MPP","ITGB2","ICAM2",0.0317915007470592,0,"ITGB2_ICAM2","ITGB2 - ICAM2","ITGB2","Cell-Cell Contact","KEGG: hsa04514","PBMC_Early"
"CD56highCD16low NK","HSC_MPP","ITGB2","ICAM2",0.0283093411748601,0,"ITGB2_ICAM2","ITGB2 - ICAM2","ITGB2","Cell-Cell Contact","KEGG: hsa04514","PBMC_Early"
"Classical Monocytes","HSC_MPP","ITGB2","ICAM2",0.0410182215630834,0,"ITGB2_ICAM2","ITGB2 - ICAM2","ITGB2","Cell-Cell Contact","KEGG: hsa04514","PBMC_Early"
"CX3CR1+ NK","HSC_MPP","ITGB2","ICAM2",0.0458810751743277,0,"ITGB2_ICAM2","ITGB2 - ICAM2","ITGB2","Cell-Cell Contact","KEGG: hsa04514","PBMC_Early"
"CXCR5- Naïve B","HSC_MPP","ITGB2","ICAM2",0.00514029929600657,0,"ITGB2_ICAM2","ITGB2 - ICAM2","ITGB2","Cell-Cell Contact","KEGG: hsa04514","PBMC_Early"
"CXCR5+ Naïve B","HSC_MPP","ITGB2","ICAM2",0.00574670291143302,0,"ITGB2_ICAM2","ITGB2 - ICAM2","ITGB2","Cell-Cell Contact","KEGG: hsa04514","PBMC_Early"
"CXCR6+ NK","HSC_MPP","ITGB2","ICAM2",0.0378009734615873,0,"ITGB2_ICAM2","ITGB2 - ICAM2","ITGB2","Cell-Cell Contact","KEGG: hsa04514","PBMC_Early"
"DC2","HSC_MPP","ITGB2","ICAM2",0.0402532154052581,0,"ITGB2_ICAM2","ITGB2 - ICAM2","ITGB2","Cell-Cell Contact","KEGG: hsa04514","PBMC_Early"
"Gamma Delta V1 T","HSC_MPP","ITGB2","ICAM2",0.0330749027005955,0,"ITGB2_ICAM2","ITGB2 - ICAM2","ITGB2","Cell-Cell Contact","KEGG: hsa04514","PBMC_Early"
"Gamma Delta V2 T","HSC_MPP","ITGB2","ICAM2",0.0339371956188341,0,"ITGB2_ICAM2","ITGB2 - ICAM2","ITGB2","Cell-Cell Contact","KEGG: hsa04514","PBMC_Early"
"HSC_MPP","HSC_MPP","ITGB2","ICAM2",0.00951653671549177,0,"ITGB2_ICAM2","ITGB2 - ICAM2","ITGB2","Cell-Cell Contact","KEGG: hsa04514","PBMC_Early"
"ILC2/3","HSC_MPP","ITGB2","ICAM2",0.024581785484731,0,"ITGB2_ICAM2","ITGB2 - ICAM2","ITGB2","Cell-Cell Contact","KEGG: hsa04514","PBMC_Early"
"MEMP","HSC_MPP","ITGB2","ICAM2",0.0068993625098235,0,"ITGB2_ICAM2","ITGB2 - ICAM2","ITGB2","Cell-Cell Contact","KEGG: hsa04514","PBMC_Early"
"Myeloid-CD177","HSC_MPP","ITGB2","ICAM2",0.0265531425719561,0,"ITGB2_ICAM2","ITGB2 - ICAM2","ITGB2","Cell-Cell Contact","KEGG: hsa04514","PBMC_Early"
"Naïve CD4 T","HSC_MPP","ITGB2","ICAM2",0.0213909946424194,0,"ITGB2_ICAM2","ITGB2 - ICAM2","ITGB2","Cell-Cell Contact","KEGG: hsa04514","PBMC_Early"
"Naïve CD8 T","HSC_MPP","ITGB2","ICAM2",0.0187668011507022,0,"ITGB2_ICAM2","ITGB2 - ICAM2","ITGB2","Cell-Cell Contact","KEGG: hsa04514","PBMC_Early"
"NK T","HSC_MPP","ITGB2","ICAM2",0.0341898754447316,0,"ITGB2_ICAM2","ITGB2 - ICAM2","ITGB2","Cell-Cell Contact","KEGG: hsa04514","PBMC_Early"
"pDC","HSC_MPP","ITGB2","ICAM2",0.0133685370544199,0,"ITGB2_ICAM2","ITGB2 - ICAM2","ITGB2","Cell-Cell Contact","KEGG: hsa04514","PBMC_Early"
"Tem","HSC_MPP","ITGB2","ICAM2",0.0282450566511346,0,"ITGB2_ICAM2","ITGB2 - ICAM2","ITGB2","Cell-Cell Contact","KEGG: hsa04514","PBMC_Early"
"Th17like_INNATE_T","HSC_MPP","ITGB2","ICAM2",0.0322572934007589,0,"ITGB2_ICAM2","ITGB2 - ICAM2","ITGB2","Cell-Cell Contact","KEGG: hsa04514","PBMC_Early"
"Treg","HSC_MPP","ITGB2","ICAM2",0.0234703114835311,0,"ITGB2_ICAM2","ITGB2 - ICAM2","ITGB2","Cell-Cell Contact","KEGG: hsa04514","PBMC_Early"
"abTentry","ILC2/3","ITGB2","ICAM2",0.00802523220253097,0,"ITGB2_ICAM2","ITGB2 - ICAM2","ITGB2","Cell-Cell Contact","KEGG: hsa04514","PBMC_Early"
"CD14+PPBP+ Monocytes","ILC2/3","ITGB2","ICAM2",0.0287350573049995,0,"ITGB2_ICAM2","ITGB2 - ICAM2","ITGB2","Cell-Cell Contact","KEGG: hsa04514","PBMC_Early"
"CD56highCD16low NK","ILC2/3","ITGB2","ICAM2",0.0255788291446816,0,"ITGB2_ICAM2","ITGB2 - ICAM2","ITGB2","Cell-Cell Contact","KEGG: hsa04514","PBMC_Early"
"Classical Monocytes","ILC2/3","ITGB2","ICAM2",0.0371087171980165,0,"ITGB2_ICAM2","ITGB2 - ICAM2","ITGB2","Cell-Cell Contact","KEGG: hsa04514","PBMC_Early"
"CX3CR1+ NK","ILC2/3","ITGB2","ICAM2",0.0415281563651115,0,"ITGB2_ICAM2","ITGB2 - ICAM2","ITGB2","Cell-Cell Contact","KEGG: hsa04514","PBMC_Early"
"CXCR5+ Naïve B","ILC2/3","ITGB2","ICAM2",0.00518081486692662,0.01,"ITGB2_ICAM2","ITGB2 - ICAM2","ITGB2","Cell-Cell Contact","KEGG: hsa04514","PBMC_Early"
"CXCR6+ NK","ILC2/3","ITGB2","ICAM2",0.0341871779716067,0,"ITGB2_ICAM2","ITGB2 - ICAM2","ITGB2","Cell-Cell Contact","KEGG: hsa04514","PBMC_Early"
"DC2","ILC2/3","ITGB2","ICAM2",0.036413856214947,0,"ITGB2_ICAM2","ITGB2 - ICAM2","ITGB2","Cell-Cell Contact","KEGG: hsa04514","PBMC_Early"
"Gamma Delta V1 T","ILC2/3","ITGB2","ICAM2",0.029898882904679,0,"ITGB2_ICAM2","ITGB2 - ICAM2","ITGB2","Cell-Cell Contact","KEGG: hsa04514","PBMC_Early"
"Gamma Delta V2 T","ILC2/3","ITGB2","ICAM2",0.0306810014256003,0,"ITGB2_ICAM2","ITGB2 - ICAM2","ITGB2","Cell-Cell Contact","KEGG: hsa04514","PBMC_Early"
"HSC_MPP","ILC2/3","ITGB2","ICAM2",0.00858263091791058,0,"ITGB2_ICAM2","ITGB2 - ICAM2","ITGB2","Cell-Cell Contact","KEGG: hsa04514","PBMC_Early"
"ILC2/3","ILC2/3","ITGB2","ICAM2",0.0222025910940217,0,"ITGB2_ICAM2","ITGB2 - ICAM2","ITGB2","Cell-Cell Contact","KEGG: hsa04514","PBMC_Early"
"MEMP","ILC2/3","ITGB2","ICAM2",0.00622068018286882,0,"ITGB2_ICAM2","ITGB2 - ICAM2","ITGB2","Cell-Cell Contact","KEGG: hsa04514","PBMC_Early"
"Myeloid-CD177","ILC2/3","ITGB2","ICAM2",0.0239878389338443,0,"ITGB2_ICAM2","ITGB2 - ICAM2","ITGB2","Cell-Cell Contact","KEGG: hsa04514","PBMC_Early"
"Naïve CD4 T","ILC2/3","ITGB2","ICAM2",0.0193145117925639,0,"ITGB2_ICAM2","ITGB2 - ICAM2","ITGB2","Cell-Cell Contact","KEGG: hsa04514","PBMC_Early"
"Naïve CD8 T","ILC2/3","ITGB2","ICAM2",0.0169406462508401,0,"ITGB2_ICAM2","ITGB2 - ICAM2","ITGB2","Cell-Cell Contact","KEGG: hsa04514","PBMC_Early"
"NK T","ILC2/3","ITGB2","ICAM2",0.0309102129296653,0,"ITGB2_ICAM2","ITGB2 - ICAM2","ITGB2","Cell-Cell Contact","KEGG: hsa04514","PBMC_Early"
"pDC","ILC2/3","ITGB2","ICAM2",0.0120612181568864,0,"ITGB2_ICAM2","ITGB2 - ICAM2","ITGB2","Cell-Cell Contact","KEGG: hsa04514","PBMC_Early"
"Tem","ILC2/3","ITGB2","ICAM2",0.0255205821876859,0,"ITGB2_ICAM2","ITGB2 - ICAM2","ITGB2","Cell-Cell Contact","KEGG: hsa04514","PBMC_Early"
"Th17like_INNATE_T","ILC2/3","ITGB2","ICAM2",0.0291574171119407,0,"ITGB2_ICAM2","ITGB2 - ICAM2","ITGB2","Cell-Cell Contact","KEGG: hsa04514","PBMC_Early"
"Treg","ILC2/3","ITGB2","ICAM2",0.0211963555108763,0,"ITGB2_ICAM2","ITGB2 - ICAM2","ITGB2","Cell-Cell Contact","KEGG: hsa04514","PBMC_Early"
"abTentry","Megakaryocytes","ITGB2","ICAM2",0.0124843463875125,0,"ITGB2_ICAM2","ITGB2 - ICAM2","ITGB2","Cell-Cell Contact","KEGG: hsa04514","PBMC_Early"
"CD14+PPBP+ Monocytes","Megakaryocytes","ITGB2","ICAM2",0.0441887125817734,0,"ITGB2_ICAM2","ITGB2 - ICAM2","ITGB2","Cell-Cell Contact","KEGG: hsa04514","PBMC_Early"
"CD56highCD16low NK","Megakaryocytes","ITGB2","ICAM2",0.0394039348994191,0,"ITGB2_ICAM2","ITGB2 - ICAM2","ITGB2","Cell-Cell Contact","KEGG: hsa04514","PBMC_Early"
"Classical Monocytes","Megakaryocytes","ITGB2","ICAM2",0.0568023417109765,0,"ITGB2_ICAM2","ITGB2 - ICAM2","ITGB2","Cell-Cell Contact","KEGG: hsa04514","PBMC_Early"
"CX3CR1+ NK","Megakaryocytes","ITGB2","ICAM2",0.0634127206236399,0,"ITGB2_ICAM2","ITGB2 - ICAM2","ITGB2","Cell-Cell Contact","KEGG: hsa04514","PBMC_Early"
"CXCR5- Naïve B","Megakaryocytes","ITGB2","ICAM2",0.00722230184498607,0,"ITGB2_ICAM2","ITGB2 - ICAM2","ITGB2","Cell-Cell Contact","KEGG: hsa04514","PBMC_Early"
"CXCR5+ Naïve B","Megakaryocytes","ITGB2","ICAM2",0.00807232738895504,0,"ITGB2_ICAM2","ITGB2 - ICAM2","ITGB2","Cell-Cell Contact","KEGG: hsa04514","PBMC_Early"
"CXCR6+ NK","Megakaryocytes","ITGB2","ICAM2",0.0524147384477883,0,"ITGB2_ICAM2","ITGB2 - ICAM2","ITGB2","Cell-Cell Contact","KEGG: hsa04514","PBMC_Early"
"DC2","Megakaryocytes","ITGB2","ICAM2",0.0557600721859408,0,"ITGB2_ICAM2","ITGB2 - ICAM2","ITGB2","Cell-Cell Contact","KEGG: hsa04514","PBMC_Early"
"Gamma Delta V1 T","Megakaryocytes","ITGB2","ICAM2",0.0459488308495196,0,"ITGB2_ICAM2","ITGB2 - ICAM2","ITGB2","Cell-Cell Contact","KEGG: hsa04514","PBMC_Early"
"Gamma Delta V2 T","Megakaryocytes","ITGB2","ICAM2",0.0471303991210602,0,"ITGB2_ICAM2","ITGB2 - ICAM2","ITGB2","Cell-Cell Contact","KEGG: hsa04514","PBMC_Early"
"HSC_MPP","Megakaryocytes","ITGB2","ICAM2",0.0133472890822189,0,"ITGB2_ICAM2","ITGB2 - ICAM2","ITGB2","Cell-Cell Contact","KEGG: hsa04514","PBMC_Early"
"ILC2/3","Megakaryocytes","ITGB2","ICAM2",0.0342670461402164,0,"ITGB2_ICAM2","ITGB2 - ICAM2","ITGB2","Cell-Cell Contact","KEGG: hsa04514","PBMC_Early"
"MEMP","Megakaryocytes","ITGB2","ICAM2",0.0096869102988168,0,"ITGB2_ICAM2","ITGB2 - ICAM2","ITGB2","Cell-Cell Contact","KEGG: hsa04514","PBMC_Early"
"Myeloid-CD177","Megakaryocytes","ITGB2","ICAM2",0.0369856695100954,0,"ITGB2_ICAM2","ITGB2 - ICAM2","ITGB2","Cell-Cell Contact","KEGG: hsa04514","PBMC_Early"
"Naïve CD4 T","Megakaryocytes","ITGB2","ICAM2",0.0298575610630675,0,"ITGB2_ICAM2","ITGB2 - ICAM2","ITGB2","Cell-Cell Contact","KEGG: hsa04514","PBMC_Early"
"Naïve CD8 T","Megakaryocytes","ITGB2","ICAM2",0.0262225420442099,0,"ITGB2_ICAM2","ITGB2 - ICAM2","ITGB2","Cell-Cell Contact","KEGG: hsa04514","PBMC_Early"
"NK T","Megakaryocytes","ITGB2","ICAM2",0.0474764816602036,0,"ITGB2_ICAM2","ITGB2 - ICAM2","ITGB2","Cell-Cell Contact","KEGG: hsa04514","PBMC_Early"
"pDC","Megakaryocytes","ITGB2","ICAM2",0.0187205533146682,0,"ITGB2_ICAM2","ITGB2 - ICAM2","ITGB2","Cell-Cell Contact","KEGG: hsa04514","PBMC_Early"
"Tem","Megakaryocytes","ITGB2","ICAM2",0.0393154762514972,0,"ITGB2_ICAM2","ITGB2 - ICAM2","ITGB2","Cell-Cell Contact","KEGG: hsa04514","PBMC_Early"
"Th17like_INNATE_T","Megakaryocytes","ITGB2","ICAM2",0.0448277330238065,0,"ITGB2_ICAM2","ITGB2 - ICAM2","ITGB2","Cell-Cell Contact","KEGG: hsa04514","PBMC_Early"
"Treg","Megakaryocytes","ITGB2","ICAM2",0.0327323451709352,0,"ITGB2_ICAM2","ITGB2 - ICAM2","ITGB2","Cell-Cell Contact","KEGG: hsa04514","PBMC_Early"
"abTentry","MEMP","ITGB2","ICAM2",0.00967750736121325,0,"ITGB2_ICAM2","ITGB2 - ICAM2","ITGB2","Cell-Cell Contact","KEGG: hsa04514","PBMC_Early"
"CD14+PPBP+ Monocytes","MEMP","ITGB2","ICAM2",0.0345028703879181,0,"ITGB2_ICAM2","ITGB2 - ICAM2","ITGB2","Cell-Cell Contact","KEGG: hsa04514","PBMC_Early"
"CD56highCD16low NK","MEMP","ITGB2","ICAM2",0.0307331581945717,0,"ITGB2_ICAM2","ITGB2 - ICAM2","ITGB2","Cell-Cell Contact","KEGG: hsa04514","PBMC_Early"
"Classical Monocytes","MEMP","ITGB2","ICAM2",0.0444803498921184,0,"ITGB2_ICAM2","ITGB2 - ICAM2","ITGB2","Cell-Cell Contact","KEGG: hsa04514","PBMC_Early"
"CX3CR1+ NK","MEMP","ITGB2","ICAM2",0.0497323653048684,0,"ITGB2_ICAM2","ITGB2 - ICAM2","ITGB2","Cell-Cell Contact","KEGG: hsa04514","PBMC_Early"
"CXCR5- Naïve B","MEMP","ITGB2","ICAM2",0.00559182222175813,0,"ITGB2_ICAM2","ITGB2 - ICAM2","ITGB2","Cell-Cell Contact","KEGG: hsa04514","PBMC_Early"
"CXCR5+ Naïve B","MEMP","ITGB2","ICAM2",0.00625115752001845,0,"ITGB2_ICAM2","ITGB2 - ICAM2","ITGB2","Cell-Cell Contact","KEGG: hsa04514","PBMC_Early"
"CXCR6+ NK","MEMP","ITGB2","ICAM2",0.0410031618006192,0,"ITGB2_ICAM2","ITGB2 - ICAM2","ITGB2","Cell-Cell Contact","KEGG: hsa04514","PBMC_Early"
"DC2","MEMP","ITGB2","ICAM2",0.0436537129507062,0,"ITGB2_ICAM2","ITGB2 - ICAM2","ITGB2","Cell-Cell Contact","KEGG: hsa04514","PBMC_Early"
"Gamma Delta V1 T","MEMP","ITGB2","ICAM2",0.0358916709865137,0,"ITGB2_ICAM2","ITGB2 - ICAM2","ITGB2","Cell-Cell Contact","KEGG: hsa04514","PBMC_Early"
"Gamma Delta V2 T","MEMP","ITGB2","ICAM2",0.0368246028830138,0,"ITGB2_ICAM2","ITGB2 - ICAM2","ITGB2","Cell-Cell Contact","KEGG: hsa04514","PBMC_Early"
"HSC_MPP","MEMP","ITGB2","ICAM2",0.0103484689282408,0,"ITGB2_ICAM2","ITGB2 - ICAM2","ITGB2","Cell-Cell Contact","KEGG: hsa04514","PBMC_Early"
"ILC2/3","MEMP","ITGB2","ICAM2",0.0266952209577253,0,"ITGB2_ICAM2","ITGB2 - ICAM2","ITGB2","Cell-Cell Contact","KEGG: hsa04514","PBMC_Early"
"MEMP","MEMP","ITGB2","ICAM2",0.00750423570430215,0,"ITGB2_ICAM2","ITGB2 - ICAM2","ITGB2","Cell-Cell Contact","KEGG: hsa04514","PBMC_Early"
"Myeloid-CD177","MEMP","ITGB2","ICAM2",0.0288310571042629,0,"ITGB2_ICAM2","ITGB2 - ICAM2","ITGB2","Cell-Cell Contact","KEGG: hsa04514","PBMC_Early"
"Naïve CD4 T","MEMP","ITGB2","ICAM2",0.0232366348962179,0,"ITGB2_ICAM2","ITGB2 - ICAM2","ITGB2","Cell-Cell Contact","KEGG: hsa04514","PBMC_Early"
"Naïve CD8 T","MEMP","ITGB2","ICAM2",0.0203907406528143,0,"ITGB2_ICAM2","ITGB2 - ICAM2","ITGB2","Cell-Cell Contact","KEGG: hsa04514","PBMC_Early"
"NK T","MEMP","ITGB2","ICAM2",0.0370979553793836,0,"ITGB2_ICAM2","ITGB2 - ICAM2","ITGB2","Cell-Cell Contact","KEGG: hsa04514","PBMC_Early"
"pDC","MEMP","ITGB2","ICAM2",0.014532269128768,0,"ITGB2_ICAM2","ITGB2 - ICAM2","ITGB2","Cell-Cell Contact","KEGG: hsa04514","PBMC_Early"
"Tem","MEMP","ITGB2","ICAM2",0.0306635433836575,0,"ITGB2_ICAM2","ITGB2 - ICAM2","ITGB2","Cell-Cell Contact","KEGG: hsa04514","PBMC_Early"
"Th17like_INNATE_T","MEMP","ITGB2","ICAM2",0.0350069522945961,0,"ITGB2_ICAM2","ITGB2 - ICAM2","ITGB2","Cell-Cell Contact","KEGG: hsa04514","PBMC_Early"
"Treg","MEMP","ITGB2","ICAM2",0.0254906845048351,0,"ITGB2_ICAM2","ITGB2 - ICAM2","ITGB2","Cell-Cell Contact","KEGG: hsa04514","PBMC_Early"
"abTentry","MEP","ITGB2","ICAM2",0.0222125366989087,0,"ITGB2_ICAM2","ITGB2 - ICAM2","ITGB2","Cell-Cell Contact","KEGG: hsa04514","PBMC_Early"
"CD14+PPBP+ Monocytes","MEP","ITGB2","ICAM2",0.076703022865083,0,"ITGB2_ICAM2","ITGB2 - ICAM2","ITGB2","Cell-Cell Contact","KEGG: hsa04514","PBMC_Early"
"CD56highCD16low NK","MEP","ITGB2","ICAM2",0.0686504474330219,0,"ITGB2_ICAM2","ITGB2 - ICAM2","ITGB2","Cell-Cell Contact","KEGG: hsa04514","PBMC_Early"
"Classical Monocytes","MEP","ITGB2","ICAM2",0.0976496294413622,0,"ITGB2_ICAM2","ITGB2 - ICAM2","ITGB2","Cell-Cell Contact","KEGG: hsa04514","PBMC_Early"
"CX3CR1+ NK","MEP","ITGB2","ICAM2",0.108466955085606,0,"ITGB2_ICAM2","ITGB2 - ICAM2","ITGB2","Cell-Cell Contact","KEGG: hsa04514","PBMC_Early"
"CXCR5- Naïve B","MEP","ITGB2","ICAM2",0.0129037223288489,0,"ITGB2_ICAM2","ITGB2 - ICAM2","ITGB2","Cell-Cell Contact","KEGG: hsa04514","PBMC_Early"
"CXCR5+ Naïve B","MEP","ITGB2","ICAM2",0.0144127125921905,0,"ITGB2_ICAM2","ITGB2 - ICAM2","ITGB2","Cell-Cell Contact","KEGG: hsa04514","PBMC_Early"
"CXCR6+ NK","MEP","ITGB2","ICAM2",0.0904092815660903,0,"ITGB2_ICAM2","ITGB2 - ICAM2","ITGB2","Cell-Cell Contact","KEGG: hsa04514","PBMC_Early"
"DC2","MEP","ITGB2","ICAM2",0.0959340843629385,0,"ITGB2_ICAM2","ITGB2 - ICAM2","ITGB2","Cell-Cell Contact","KEGG: hsa04514","PBMC_Early"
"Gamma Delta V1 T","MEP","ITGB2","ICAM2",0.0796503217390368,0,"ITGB2_ICAM2","ITGB2 - ICAM2","ITGB2","Cell-Cell Contact","KEGG: hsa04514","PBMC_Early"
"Gamma Delta V2 T","MEP","ITGB2","ICAM2",0.0816243745458807,0,"ITGB2_ICAM2","ITGB2 - ICAM2","ITGB2","Cell-Cell Contact","KEGG: hsa04514","PBMC_Early"
"HSC_MPP","MEP","ITGB2","ICAM2",0.0237317514069291,0,"ITGB2_ICAM2","ITGB2 - ICAM2","ITGB2","Cell-Cell Contact","KEGG: hsa04514","PBMC_Early"
"ILC2/3","MEP","ITGB2","ICAM2",0.0599387448010659,0,"ITGB2_ICAM2","ITGB2 - ICAM2","ITGB2","Cell-Cell Contact","KEGG: hsa04514","PBMC_Early"
"MEMP","MEP","ITGB2","ICAM2",0.0172733809403629,0,"ITGB2_ICAM2","ITGB2 - ICAM2","ITGB2","Cell-Cell Contact","KEGG: hsa04514","PBMC_Early"
"MEP","MEP","ITGB2","ICAM2",0.00603090006434489,0,"ITGB2_ICAM2","ITGB2 - ICAM2","ITGB2","Cell-Cell Contact","KEGG: hsa04514","PBMC_Early"
"Myeloid-CD177","MEP","ITGB2","ICAM2",0.0645579172297758,0,"ITGB2_ICAM2","ITGB2 - ICAM2","ITGB2","Cell-Cell Contact","KEGG: hsa04514","PBMC_Early"
"Naïve CD4 T","MEP","ITGB2","ICAM2",0.0524050838577186,0,"ITGB2_ICAM2","ITGB2 - ICAM2","ITGB2","Cell-Cell Contact","KEGG: hsa04514","PBMC_Early"
"Naïve CD8 T","MEP","ITGB2","ICAM2",0.0461556080324645,0,"ITGB2_ICAM2","ITGB2 - ICAM2","ITGB2","Cell-Cell Contact","KEGG: hsa04514","PBMC_Early"
"NK T","MEP","ITGB2","ICAM2",0.0822018983439916,0,"ITGB2_ICAM2","ITGB2 - ICAM2","ITGB2","Cell-Cell Contact","KEGG: hsa04514","PBMC_Early"
"pDC","MEP","ITGB2","ICAM2",0.0331450866865445,0,"ITGB2_ICAM2","ITGB2 - ICAM2","ITGB2","Cell-Cell Contact","KEGG: hsa04514","PBMC_Early"
"Tem","MEP","ITGB2","ICAM2",0.0685010147246337,0,"ITGB2_ICAM2","ITGB2 - ICAM2","ITGB2","Cell-Cell Contact","KEGG: hsa04514","PBMC_Early"
"Th17like_INNATE_T","MEP","ITGB2","ICAM2",0.0777739786718967,0,"ITGB2_ICAM2","ITGB2 - ICAM2","ITGB2","Cell-Cell Contact","KEGG: hsa04514","PBMC_Early"
"Treg","MEP","ITGB2","ICAM2",0.0573225432537649,0,"ITGB2_ICAM2","ITGB2 - ICAM2","ITGB2","Cell-Cell Contact","KEGG: hsa04514","PBMC_Early"
"abTentry","Naïve CD4 T","ITGB2","ICAM2",0.00615639213018814,0,"ITGB2_ICAM2","ITGB2 - ICAM2","ITGB2","Cell-Cell Contact","KEGG: hsa04514","PBMC_Early"
"CD14+PPBP+ Monocytes","Naïve CD4 T","ITGB2","ICAM2",0.0221512023362374,0,"ITGB2_ICAM2","ITGB2 - ICAM2","ITGB2","Cell-Cell Contact","KEGG: hsa04514","PBMC_Early"
"CD56highCD16low NK","Naïve CD4 T","ITGB2","ICAM2",0.0197034674241738,0,"ITGB2_ICAM2","ITGB2 - ICAM2","ITGB2","Cell-Cell Contact","KEGG: hsa04514","PBMC_Early"
"Classical Monocytes","Naïve CD4 T","ITGB2","ICAM2",0.0286628858161623,0,"ITGB2_ICAM2","ITGB2 - ICAM2","ITGB2","Cell-Cell Contact","KEGG: hsa04514","PBMC_Early"
"CX3CR1+ NK","Naïve CD4 T","ITGB2","ICAM2",0.0321100166588428,0,"ITGB2_ICAM2","ITGB2 - ICAM2","ITGB2","Cell-Cell Contact","KEGG: hsa04514","PBMC_Early"
"CXCR5- Naïve B","Naïve CD4 T","ITGB2","ICAM2",0.00355193243453123,0,"ITGB2_ICAM2","ITGB2 - ICAM2","ITGB2","Cell-Cell Contact","KEGG: hsa04514","PBMC_Early"
"CXCR5+ Naïve B","Naïve CD4 T","ITGB2","ICAM2",0.00397170370125062,0,"ITGB2_ICAM2","ITGB2 - ICAM2","ITGB2","Cell-Cell Contact","KEGG: hsa04514","PBMC_Early"
"CXCR6+ NK","Naïve CD4 T","ITGB2","ICAM2",0.0263880575320672,0,"ITGB2_ICAM2","ITGB2 - ICAM2","ITGB2","Cell-Cell Contact","KEGG: hsa04514","PBMC_Early"
"DC2","Naïve CD4 T","ITGB2","ICAM2",0.0281215543121337,0,"ITGB2_ICAM2","ITGB2 - ICAM2","ITGB2","Cell-Cell Contact","KEGG: hsa04514","PBMC_Early"
"Gamma Delta V1 T","Naïve CD4 T","ITGB2","ICAM2",0.0230546986522893,0,"ITGB2_ICAM2","ITGB2 - ICAM2","ITGB2","Cell-Cell Contact","KEGG: hsa04514","PBMC_Early"
"Gamma Delta V2 T","Naïve CD4 T","ITGB2","ICAM2",0.0236621485449687,0,"ITGB2_ICAM2","ITGB2 - ICAM2","ITGB2","Cell-Cell Contact","KEGG: hsa04514","PBMC_Early"
"HSC_MPP","Naïve CD4 T","ITGB2","ICAM2",0.00658485075148209,0,"ITGB2_ICAM2","ITGB2 - ICAM2","ITGB2","Cell-Cell Contact","KEGG: hsa04514","PBMC_Early"
"ILC2/3","Naïve CD4 T","ITGB2","ICAM2",0.0170891379955586,0,"ITGB2_ICAM2","ITGB2 - ICAM2","ITGB2","Cell-Cell Contact","KEGG: hsa04514","PBMC_Early"
"MEMP","Naïve CD4 T","ITGB2","ICAM2",0.00477004637590793,0,"ITGB2_ICAM2","ITGB2 - ICAM2","ITGB2","Cell-Cell Contact","KEGG: hsa04514","PBMC_Early"
"Myeloid-CD177","Naïve CD4 T","ITGB2","ICAM2",0.0184709944186753,0,"ITGB2_ICAM2","ITGB2 - ICAM2","ITGB2","Cell-Cell Contact","KEGG: hsa04514","PBMC_Early"
"Naïve CD4 T","Naïve CD4 T","ITGB2","ICAM2",0.0148561029831514,0,"ITGB2_ICAM2","ITGB2 - ICAM2","ITGB2","Cell-Cell Contact","KEGG: hsa04514","PBMC_Early"
"Naïve CD8 T","Naïve CD4 T","ITGB2","ICAM2",0.0130229251041702,0,"ITGB2_ICAM2","ITGB2 - ICAM2","ITGB2","Cell-Cell Contact","KEGG: hsa04514","PBMC_Early"
"NK T","Naïve CD4 T","ITGB2","ICAM2",0.0238402132942694,0,"ITGB2_ICAM2","ITGB2 - ICAM2","ITGB2","Cell-Cell Contact","KEGG: hsa04514","PBMC_Early"
"pDC","Naïve CD4 T","ITGB2","ICAM2",0.00926129065464801,0,"ITGB2_ICAM2","ITGB2 - ICAM2","ITGB2","Cell-Cell Contact","KEGG: hsa04514","PBMC_Early"
"Tem","Naïve CD4 T","ITGB2","ICAM2",0.0196583296610649,0,"ITGB2_ICAM2","ITGB2 - ICAM2","ITGB2","Cell-Cell Contact","KEGG: hsa04514","PBMC_Early"
"Th17like_INNATE_T","Naïve CD4 T","ITGB2","ICAM2",0.0224790296122969,0,"ITGB2_ICAM2","ITGB2 - ICAM2","ITGB2","Cell-Cell Contact","KEGG: hsa04514","PBMC_Early"
"Treg","Naïve CD4 T","ITGB2","ICAM2",0.0163107815953226,0,"ITGB2_ICAM2","ITGB2 - ICAM2","ITGB2","Cell-Cell Contact","KEGG: hsa04514","PBMC_Early"
"abTentry","Naïve CD8 T","ITGB2","ICAM2",0.0051071685996665,0,"ITGB2_ICAM2","ITGB2 - ICAM2","ITGB2","Cell-Cell Contact","KEGG: hsa04514","PBMC_Early"
"CD14+PPBP+ Monocytes","Naïve CD8 T","ITGB2","ICAM2",0.0184265516232881,0,"ITGB2_ICAM2","ITGB2 - ICAM2","ITGB2","Cell-Cell Contact","KEGG: hsa04514","PBMC_Early"
"CD56highCD16low NK","Naïve CD8 T","ITGB2","ICAM2",0.0163834993174361,0,"ITGB2_ICAM2","ITGB2 - ICAM2","ITGB2","Cell-Cell Contact","KEGG: hsa04514","PBMC_Early"
"Classical Monocytes","Naïve CD8 T","ITGB2","ICAM2",0.0238700450584705,0,"ITGB2_ICAM2","ITGB2 - ICAM2","ITGB2","Cell-Cell Contact","KEGG: hsa04514","PBMC_Early"
"CX3CR1+ NK","Naïve CD8 T","ITGB2","ICAM2",0.0267566446470952,0,"ITGB2_ICAM2","ITGB2 - ICAM2","ITGB2","Cell-Cell Contact","KEGG: hsa04514","PBMC_Early"
"CXCR5+ Naïve B","Naïve CD8 T","ITGB2","ICAM2",0.00329357903230863,0.04,"ITGB2_ICAM2","ITGB2 - ICAM2","ITGB2","Cell-Cell Contact","KEGG: hsa04514","PBMC_Early"
"CXCR6+ NK","Naïve CD8 T","ITGB2","ICAM2",0.021966997850017,0,"ITGB2_ICAM2","ITGB2 - ICAM2","ITGB2","Cell-Cell Contact","KEGG: hsa04514","PBMC_Early"
"DC2","Naïve CD8 T","ITGB2","ICAM2",0.0234170496341457,0,"ITGB2_ICAM2","ITGB2 - ICAM2","ITGB2","Cell-Cell Contact","KEGG: hsa04514","PBMC_Early"
"Gamma Delta V1 T","Naïve CD8 T","ITGB2","ICAM2",0.0191811080528899,0,"ITGB2_ICAM2","ITGB2 - ICAM2","ITGB2","Cell-Cell Contact","KEGG: hsa04514","PBMC_Early"
"Gamma Delta V2 T","Naïve CD8 T","ITGB2","ICAM2",0.0196885526687793,0,"ITGB2_ICAM2","ITGB2 - ICAM2","ITGB2","Cell-Cell Contact","KEGG: hsa04514","PBMC_Early"
"HSC_MPP","Naïve CD8 T","ITGB2","ICAM2",0.00546300712852251,0,"ITGB2_ICAM2","ITGB2 - ICAM2","ITGB2","Cell-Cell Contact","KEGG: hsa04514","PBMC_Early"
"ILC2/3","Naïve CD8 T","ITGB2","ICAM2",0.0142032932327235,0,"ITGB2_ICAM2","ITGB2 - ICAM2","ITGB2","Cell-Cell Contact","KEGG: hsa04514","PBMC_Early"
"MEMP","Naïve CD8 T","ITGB2","ICAM2",0.00395615489368729,0,"ITGB2_ICAM2","ITGB2 - ICAM2","ITGB2","Cell-Cell Contact","KEGG: hsa04514","PBMC_Early"
"Myeloid-CD177","Naïve CD8 T","ITGB2","ICAM2",0.0153554409545182,0,"ITGB2_ICAM2","ITGB2 - ICAM2","ITGB2","Cell-Cell Contact","KEGG: hsa04514","PBMC_Early"
"Naïve CD4 T","Naïve CD8 T","ITGB2","ICAM2",0.0123426158743343,0,"ITGB2_ICAM2","ITGB2 - ICAM2","ITGB2","Cell-Cell Contact","KEGG: hsa04514","PBMC_Early"
"Naïve CD8 T","Naïve CD8 T","ITGB2","ICAM2",0.0108161860040855,0,"ITGB2_ICAM2","ITGB2 - ICAM2","ITGB2","Cell-Cell Contact","KEGG: hsa04514","PBMC_Early"
"NK T","Naïve CD8 T","ITGB2","ICAM2",0.0198373224816267,0,"ITGB2_ICAM2","ITGB2 - ICAM2","ITGB2","Cell-Cell Contact","KEGG: hsa04514","PBMC_Early"
"pDC","Naïve CD8 T","ITGB2","ICAM2",0.0076869973727176,0,"ITGB2_ICAM2","ITGB2 - ICAM2","ITGB2","Cell-Cell Contact","KEGG: hsa04514","PBMC_Early"
"Tem","Naïve CD8 T","ITGB2","ICAM2",0.0163458402978119,0,"ITGB2_ICAM2","ITGB2 - ICAM2","ITGB2","Cell-Cell Contact","KEGG: hsa04514","PBMC_Early"
"Th17like_INNATE_T","Naïve CD8 T","ITGB2","ICAM2",0.0187003100069166,0,"ITGB2_ICAM2","ITGB2 - ICAM2","ITGB2","Cell-Cell Contact","KEGG: hsa04514","PBMC_Early"
"Treg","Naïve CD8 T","ITGB2","ICAM2",0.013554565366912,0,"ITGB2_ICAM2","ITGB2 - ICAM2","ITGB2","Cell-Cell Contact","KEGG: hsa04514","PBMC_Early"
"abTentry","NK T","ITGB2","ICAM2",0.00713592778752866,0,"ITGB2_ICAM2","ITGB2 - ICAM2","ITGB2","Cell-Cell Contact","KEGG: hsa04514","PBMC_Early"
"CD14+PPBP+ Monocytes","NK T","ITGB2","ICAM2",0.025610072578297,0,"ITGB2_ICAM2","ITGB2 - ICAM2","ITGB2","Cell-Cell Contact","KEGG: hsa04514","PBMC_Early"
"CD56highCD16low NK","NK T","ITGB2","ICAM2",0.022789035775168,0,"ITGB2_ICAM2","ITGB2 - ICAM2","ITGB2","Cell-Cell Contact","KEGG: hsa04514","PBMC_Early"
"Classical Monocytes","NK T","ITGB2","ICAM2",0.0331041213170043,0,"ITGB2_ICAM2","ITGB2 - ICAM2","ITGB2","Cell-Cell Contact","KEGG: hsa04514","PBMC_Early"
"CX3CR1+ NK","NK T","ITGB2","ICAM2",0.0370649941492035,0,"ITGB2_ICAM2","ITGB2 - ICAM2","ITGB2","Cell-Cell Contact","KEGG: hsa04514","PBMC_Early"
"CXCR5+ Naïve B","NK T","ITGB2","ICAM2",0.00460524709791774,0,"ITGB2_ICAM2","ITGB2 - ICAM2","ITGB2","Cell-Cell Contact","KEGG: hsa04514","PBMC_Early"
"CXCR6+ NK","NK T","ITGB2","ICAM2",0.0304878780611083,0,"ITGB2_ICAM2","ITGB2 - ICAM2","ITGB2","Cell-Cell Contact","KEGG: hsa04514","PBMC_Early"
"DC2","NK T","ITGB2","ICAM2",0.0324817168742087,0,"ITGB2_ICAM2","ITGB2 - ICAM2","ITGB2","Cell-Cell Contact","KEGG: hsa04514","PBMC_Early"
"Gamma Delta V1 T","NK T","ITGB2","ICAM2",0.0266508031628712,0,"ITGB2_ICAM2","ITGB2 - ICAM2","ITGB2","Cell-Cell Contact","KEGG: hsa04514","PBMC_Early"
"Gamma Delta V2 T","NK T","ITGB2","ICAM2",0.0273503513234374,0,"ITGB2_ICAM2","ITGB2 - ICAM2","ITGB2","Cell-Cell Contact","KEGG: hsa04514","PBMC_Early"
"HSC_MPP","NK T","ITGB2","ICAM2",0.00763203440045269,0,"ITGB2_ICAM2","ITGB2 - ICAM2","ITGB2","Cell-Cell Contact","KEGG: hsa04514","PBMC_Early"
"ILC2/3","NK T","ITGB2","ICAM2",0.0197735597493648,0,"ITGB2_ICAM2","ITGB2 - ICAM2","ITGB2","Cell-Cell Contact","KEGG: hsa04514","PBMC_Early"
"MEMP","NK T","ITGB2","ICAM2",0.00553022975085793,0,"ITGB2_ICAM2","ITGB2 - ICAM2","ITGB2","Cell-Cell Contact","KEGG: hsa04514","PBMC_Early"
"Myeloid-CD177","NK T","ITGB2","ICAM2",0.0213677641528147,0,"ITGB2_ICAM2","ITGB2 - ICAM2","ITGB2","Cell-Cell Contact","KEGG: hsa04514","PBMC_Early"
"Naïve CD4 T","NK T","ITGB2","ICAM2",0.0171958884868558,0,"ITGB2_ICAM2","ITGB2 - ICAM2","ITGB2","Cell-Cell Contact","KEGG: hsa04514","PBMC_Early"
"Naïve CD8 T","NK T","ITGB2","ICAM2",0.0150784104278257,0,"ITGB2_ICAM2","ITGB2 - ICAM2","ITGB2","Cell-Cell Contact","KEGG: hsa04514","PBMC_Early"
"NK T","NK T","ITGB2","ICAM2",0.0275553875720658,0,"ITGB2_ICAM2","ITGB2 - ICAM2","ITGB2","Cell-Cell Contact","KEGG: hsa04514","PBMC_Early"
"pDC","NK T","ITGB2","ICAM2",0.0107295093464727,0,"ITGB2_ICAM2","ITGB2 - ICAM2","ITGB2","Cell-Cell Contact","KEGG: hsa04514","PBMC_Early"
"Tem","NK T","ITGB2","ICAM2",0.0227369933748458,0,"ITGB2_ICAM2","ITGB2 - ICAM2","ITGB2","Cell-Cell Contact","KEGG: hsa04514","PBMC_Early"
"Th17like_INNATE_T","NK T","ITGB2","ICAM2",0.0259877290537395,0,"ITGB2_ICAM2","ITGB2 - ICAM2","ITGB2","Cell-Cell Contact","KEGG: hsa04514","PBMC_Early"
"Treg","NK T","ITGB2","ICAM2",0.018875284342839,0,"ITGB2_ICAM2","ITGB2 - ICAM2","ITGB2","Cell-Cell Contact","KEGG: hsa04514","PBMC_Early"
"abTentry","Tem","ITGB2","ICAM2",0.0192927870814171,0,"ITGB2_ICAM2","ITGB2 - ICAM2","ITGB2","Cell-Cell Contact","KEGG: hsa04514","PBMC_Early"
"CD14+PPBP+ Monocytes","Tem","ITGB2","ICAM2",0.0671123315170026,0,"ITGB2_ICAM2","ITGB2 - ICAM2","ITGB2","Cell-Cell Contact","KEGG: hsa04514","PBMC_Early"
"CD56highCD16low NK","Tem","ITGB2","ICAM2",0.0600011913093729,0,"ITGB2_ICAM2","ITGB2 - ICAM2","ITGB2","Cell-Cell Contact","KEGG: hsa04514","PBMC_Early"
"Classical Monocytes","Tem","ITGB2","ICAM2",0.0856828985443522,0,"ITGB2_ICAM2","ITGB2 - ICAM2","ITGB2","Cell-Cell Contact","KEGG: hsa04514","PBMC_Early"
"CX3CR1+ NK","Tem","ITGB2","ICAM2",0.0953146126810476,0,"ITGB2_ICAM2","ITGB2 - ICAM2","ITGB2","Cell-Cell Contact","KEGG: hsa04514","PBMC_Early"
"CXCR5- Naïve B","Tem","ITGB2","ICAM2",0.0111935716678634,0,"ITGB2_ICAM2","ITGB2 - ICAM2","ITGB2","Cell-Cell Contact","KEGG: hsa04514","PBMC_Early"
"CXCR5+ Naïve B","Tem","ITGB2","ICAM2",0.0125051066474559,0,"ITGB2_ICAM2","ITGB2 - ICAM2","ITGB2","Cell-Cell Contact","KEGG: hsa04514","PBMC_Early"
"CXCR6+ NK","Tem","ITGB2","ICAM2",0.0792519091974099,0,"ITGB2_ICAM2","ITGB2 - ICAM2","ITGB2","Cell-Cell Contact","KEGG: hsa04514","PBMC_Early"
"DC2","Tem","ITGB2","ICAM2",0.0841579817303091,0,"ITGB2_ICAM2","ITGB2 - ICAM2","ITGB2","Cell-Cell Contact","KEGG: hsa04514","PBMC_Early"
"Gamma Delta V1 T","Tem","ITGB2","ICAM2",0.0697189372166831,0,"ITGB2_ICAM2","ITGB2 - ICAM2","ITGB2","Cell-Cell Contact","KEGG: hsa04514","PBMC_Early"
"Gamma Delta V2 T","Tem","ITGB2","ICAM2",0.0714659636217227,0,"ITGB2_ICAM2","ITGB2 - ICAM2","ITGB2","Cell-Cell Contact","KEGG: hsa04514","PBMC_Early"
"HSC_MPP","Tem","ITGB2","ICAM2",0.0206165175941153,0,"ITGB2_ICAM2","ITGB2 - ICAM2","ITGB2","Cell-Cell Contact","KEGG: hsa04514","PBMC_Early"
"ILC2/3","Tem","ITGB2","ICAM2",0.0523254094017063,0,"ITGB2_ICAM2","ITGB2 - ICAM2","ITGB2","Cell-Cell Contact","KEGG: hsa04514","PBMC_Early"
"MEMP","Tem","ITGB2","ICAM2",0.0149929086981961,0,"ITGB2_ICAM2","ITGB2 - ICAM2","ITGB2","Cell-Cell Contact","KEGG: hsa04514","PBMC_Early"
"MEP","Tem","ITGB2","ICAM2",0.00522679222835365,0,"ITGB2_ICAM2","ITGB2 - ICAM2","ITGB2","Cell-Cell Contact","KEGG: hsa04514","PBMC_Early"
"Myeloid-CD177","Tem","ITGB2","ICAM2",0.0563930576411515,0,"ITGB2_ICAM2","ITGB2 - ICAM2","ITGB2","Cell-Cell Contact","KEGG: hsa04514","PBMC_Early"
"Naïve CD4 T","Tem","ITGB2","ICAM2",0.045702142009062,0,"ITGB2_ICAM2","ITGB2 - ICAM2","ITGB2","Cell-Cell Contact","KEGG: hsa04514","PBMC_Early"
"Naïve CD8 T","Tem","ITGB2","ICAM2",0.0402180875593819,0,"ITGB2_ICAM2","ITGB2 - ICAM2","ITGB2","Cell-Cell Contact","KEGG: hsa04514","PBMC_Early"
"NK T","Tem","ITGB2","ICAM2",0.0719772459028078,0,"ITGB2_ICAM2","ITGB2 - ICAM2","ITGB2","Cell-Cell Contact","KEGG: hsa04514","PBMC_Early"
"pDC","Tem","ITGB2","ICAM2",0.0288306688689783,0,"ITGB2_ICAM2","ITGB2 - ICAM2","ITGB2","Cell-Cell Contact","KEGG: hsa04514","PBMC_Early"
"Tem","Tem","ITGB2","ICAM2",0.0598693753536203,0,"ITGB2_ICAM2","ITGB2 - ICAM2","ITGB2","Cell-Cell Contact","KEGG: hsa04514","PBMC_Early"
"Th17like_INNATE_T","Tem","ITGB2","ICAM2",0.0680592494189367,0,"ITGB2_ICAM2","ITGB2 - ICAM2","ITGB2","Cell-Cell Contact","KEGG: hsa04514","PBMC_Early"
"Treg","Tem","ITGB2","ICAM2",0.0500238309730353,0,"ITGB2_ICAM2","ITGB2 - ICAM2","ITGB2","Cell-Cell Contact","KEGG: hsa04514","PBMC_Early"
"abTentry","Th17like_INNATE_T","ITGB2","ICAM2",0.0176083372063286,0,"ITGB2_ICAM2","ITGB2 - ICAM2","ITGB2","Cell-Cell Contact","KEGG: hsa04514","PBMC_Early"
"CD14+PPBP+ Monocytes","Th17like_INNATE_T","ITGB2","ICAM2",0.0615146488153926,0,"ITGB2_ICAM2","ITGB2 - ICAM2","ITGB2","Cell-Cell Contact","KEGG: hsa04514","PBMC_Early"
"CD56highCD16low NK","Th17like_INNATE_T","ITGB2","ICAM2",0.0549616879263861,0,"ITGB2_ICAM2","ITGB2 - ICAM2","ITGB2","Cell-Cell Contact","KEGG: hsa04514","PBMC_Early"
"Classical Monocytes","Th17like_INNATE_T","ITGB2","ICAM2",0.0786669034840453,0,"ITGB2_ICAM2","ITGB2 - ICAM2","ITGB2","Cell-Cell Contact","KEGG: hsa04514","PBMC_Early"
"CX3CR1+ NK","Th17like_INNATE_T","ITGB2","ICAM2",0.0875854913926699,0,"ITGB2_ICAM2","ITGB2 - ICAM2","ITGB2","Cell-Cell Contact","KEGG: hsa04514","PBMC_Early"
"CXCR5- Naïve B","Th17like_INNATE_T","ITGB2","ICAM2",0.0102089017269282,0,"ITGB2_ICAM2","ITGB2 - ICAM2","ITGB2","Cell-Cell Contact","KEGG: hsa04514","PBMC_Early"
"CXCR5+ Naïve B","Th17like_INNATE_T","ITGB2","ICAM2",0.011406395200881,0,"ITGB2_ICAM2","ITGB2 - ICAM2","ITGB2","Cell-Cell Contact","KEGG: hsa04514","PBMC_Early"
"CXCR6+ NK","Th17like_INNATE_T","ITGB2","ICAM2",0.0727206219077941,0,"ITGB2_ICAM2","ITGB2 - ICAM2","ITGB2","Cell-Cell Contact","KEGG: hsa04514","PBMC_Early"
"DC2","Th17like_INNATE_T","ITGB2","ICAM2",0.0772563012011145,0,"ITGB2_ICAM2","ITGB2 - ICAM2","ITGB2","Cell-Cell Contact","KEGG: hsa04514","PBMC_Early"
"Gamma Delta V1 T","Th17like_INNATE_T","ITGB2","ICAM2",0.063918739985893,0,"ITGB2_ICAM2","ITGB2 - ICAM2","ITGB2","Cell-Cell Contact","KEGG: hsa04514","PBMC_Early"
"Gamma Delta V2 T","Th17like_INNATE_T","ITGB2","ICAM2",0.0655306624355325,0,"ITGB2_ICAM2","ITGB2 - ICAM2","ITGB2","Cell-Cell Contact","KEGG: hsa04514","PBMC_Early"
"HSC_MPP","Th17like_INNATE_T","ITGB2","ICAM2",0.0188187107919642,0,"ITGB2_ICAM2","ITGB2 - ICAM2","ITGB2","Cell-Cell Contact","KEGG: hsa04514","PBMC_Early"
"ILC2/3","Th17like_INNATE_T","ITGB2","ICAM2",0.0478977451481782,0,"ITGB2_ICAM2","ITGB2 - ICAM2","ITGB2","Cell-Cell Contact","KEGG: hsa04514","PBMC_Early"
"MEMP","Th17like_INNATE_T","ITGB2","ICAM2",0.0136786441733985,0,"ITGB2_ICAM2","ITGB2 - ICAM2","ITGB2","Cell-Cell Contact","KEGG: hsa04514","PBMC_Early"
"MEP","Th17like_INNATE_T","ITGB2","ICAM2",0.00476447555254642,0,"ITGB2_ICAM2","ITGB2 - ICAM2","ITGB2","Cell-Cell Contact","KEGG: hsa04514","PBMC_Early"
"Myeloid-CD177","Th17like_INNATE_T","ITGB2","ICAM2",0.0516399533382214,0,"ITGB2_ICAM2","ITGB2 - ICAM2","ITGB2","Cell-Cell Contact","KEGG: hsa04514","PBMC_Early"
"Naïve CD4 T","Th17like_INNATE_T","ITGB2","ICAM2",0.041810198282399,0,"ITGB2_ICAM2","ITGB2 - ICAM2","ITGB2","Cell-Cell Contact","KEGG: hsa04514","PBMC_Early"
"Naïve CD8 T","Th17like_INNATE_T","ITGB2","ICAM2",0.0367751627324625,0,"ITGB2_ICAM2","ITGB2 - ICAM2","ITGB2","Cell-Cell Contact","KEGG: hsa04514","PBMC_Early"
"NK T","Th17like_INNATE_T","ITGB2","ICAM2",0.0660025006753044,0,"ITGB2_ICAM2","ITGB2 - ICAM2","ITGB2","Cell-Cell Contact","KEGG: hsa04514","PBMC_Early"
"pDC","Th17like_INNATE_T","ITGB2","ICAM2",0.0263358308199392,0,"ITGB2_ICAM2","ITGB2 - ICAM2","ITGB2","Cell-Cell Contact","KEGG: hsa04514","PBMC_Early"
"Tem","Th17like_INNATE_T","ITGB2","ICAM2",0.0548402972955055,0,"ITGB2_ICAM2","ITGB2 - ICAM2","ITGB2","Cell-Cell Contact","KEGG: hsa04514","PBMC_Early"
"Th17like_INNATE_T","Th17like_INNATE_T","ITGB2","ICAM2",0.0623878683950785,0,"ITGB2_ICAM2","ITGB2 - ICAM2","ITGB2","Cell-Cell Contact","KEGG: hsa04514","PBMC_Early"
"Treg","Th17like_INNATE_T","ITGB2","ICAM2",0.0457815129005338,0,"ITGB2_ICAM2","ITGB2 - ICAM2","ITGB2","Cell-Cell Contact","KEGG: hsa04514","PBMC_Early"
"abTentry","Treg","ITGB2","ICAM2",0.00722330447729942,0,"ITGB2_ICAM2","ITGB2 - ICAM2","ITGB2","Cell-Cell Contact","KEGG: hsa04514","PBMC_Early"
"CD14+PPBP+ Monocytes","Treg","ITGB2","ICAM2",0.0259177531009211,0,"ITGB2_ICAM2","ITGB2 - ICAM2","ITGB2","Cell-Cell Contact","KEGG: hsa04514","PBMC_Early"
"CD56highCD16low NK","Treg","ITGB2","ICAM2",0.0230636264579504,0,"ITGB2_ICAM2","ITGB2 - ICAM2","ITGB2","Cell-Cell Contact","KEGG: hsa04514","PBMC_Early"
"Classical Monocytes","Treg","ITGB2","ICAM2",0.0334987403757879,0,"ITGB2_ICAM2","ITGB2 - ICAM2","ITGB2","Cell-Cell Contact","KEGG: hsa04514","PBMC_Early"
"CX3CR1+ NK","Treg","ITGB2","ICAM2",0.0375049975024775,0,"ITGB2_ICAM2","ITGB2 - ICAM2","ITGB2","Cell-Cell Contact","KEGG: hsa04514","PBMC_Early"
"CXCR5- Naïve B","Treg","ITGB2","ICAM2",0.00416938139544652,0,"ITGB2_ICAM2","ITGB2 - ICAM2","ITGB2","Cell-Cell Contact","KEGG: hsa04514","PBMC_Early"
"CXCR5+ Naïve B","Treg","ITGB2","ICAM2",0.00466178207033871,0,"ITGB2_ICAM2","ITGB2 - ICAM2","ITGB2","Cell-Cell Contact","KEGG: hsa04514","PBMC_Early"
"CXCR6+ NK","Treg","ITGB2","ICAM2",0.0308523052180993,0,"ITGB2_ICAM2","ITGB2 - ICAM2","ITGB2","Cell-Cell Contact","KEGG: hsa04514","PBMC_Early"
"DC2","Treg","ITGB2","ICAM2",0.0328691687538093,0,"ITGB2_ICAM2","ITGB2 - ICAM2","ITGB2","Cell-Cell Contact","KEGG: hsa04514","PBMC_Early"
"Gamma Delta V1 T","Treg","ITGB2","ICAM2",0.0269706409803084,0,"ITGB2_ICAM2","ITGB2 - ICAM2","ITGB2","Cell-Cell Contact","KEGG: hsa04514","PBMC_Early"
"Gamma Delta V2 T","Treg","ITGB2","ICAM2",0.0276783457276028,0,"ITGB2_ICAM2","ITGB2 - ICAM2","ITGB2","Cell-Cell Contact","KEGG: hsa04514","PBMC_Early"
"HSC_MPP","Treg","ITGB2","ICAM2",0.00772543845828526,0,"ITGB2_ICAM2","ITGB2 - ICAM2","ITGB2","Cell-Cell Contact","KEGG: hsa04514","PBMC_Early"
"ILC2/3","Treg","ITGB2","ICAM2",0.0200125603195896,0,"ITGB2_ICAM2","ITGB2 - ICAM2","ITGB2","Cell-Cell Contact","KEGG: hsa04514","PBMC_Early"
"MEMP","Treg","ITGB2","ICAM2",0.00559805614136334,0,"ITGB2_ICAM2","ITGB2 - ICAM2","ITGB2","Cell-Cell Contact","KEGG: hsa04514","PBMC_Early"
"Myeloid-CD177","Treg","ITGB2","ICAM2",0.02162560856571,0,"ITGB2_ICAM2","ITGB2 - ICAM2","ITGB2","Cell-Cell Contact","KEGG: hsa04514","PBMC_Early"
"Naïve CD4 T","Treg","ITGB2","ICAM2",0.0174042862497445,0,"ITGB2_ICAM2","ITGB2 - ICAM2","ITGB2","Cell-Cell Contact","KEGG: hsa04514","PBMC_Early"
"Naïve CD8 T","Treg","ITGB2","ICAM2",0.0152615448681356,0,"ITGB2_ICAM2","ITGB2 - ICAM2","ITGB2","Cell-Cell Contact","KEGG: hsa04514","PBMC_Early"
"NK T","Treg","ITGB2","ICAM2",0.0278857703429919,0,"ITGB2_ICAM2","ITGB2 - ICAM2","ITGB2","Cell-Cell Contact","KEGG: hsa04514","PBMC_Early"
"pDC","Treg","ITGB2","ICAM2",0.0108604067450844,0,"ITGB2_ICAM2","ITGB2 - ICAM2","ITGB2","Cell-Cell Contact","KEGG: hsa04514","PBMC_Early"
"Tem","Treg","ITGB2","ICAM2",0.023010971752011,0,"ITGB2_ICAM2","ITGB2 - ICAM2","ITGB2","Cell-Cell Contact","KEGG: hsa04514","PBMC_Early"
"Th17like_INNATE_T","Treg","ITGB2","ICAM2",0.0262998242942719,0,"ITGB2_ICAM2","ITGB2 - ICAM2","ITGB2","Cell-Cell Contact","KEGG: hsa04514","PBMC_Early"
"Treg","Treg","ITGB2","ICAM2",0.0191036391682022,0,"ITGB2_ICAM2","ITGB2 - ICAM2","ITGB2","Cell-Cell Contact","KEGG: hsa04514","PBMC_Early"
"CD14+PPBP+ Monocytes","abTentry","F11R","ITGAL_ITGB2",0.00431240647127835,0,"JAM1_ITGAL_ITGB2","JAM1 - (ITGAL+ITGB2)","JAM","Cell-Cell Contact","PMID: 11812992","PBMC_Early"
"DC2","abTentry","F11R","ITGAL_ITGB2",0.00199150155066025,0,"JAM1_ITGAL_ITGB2","JAM1 - (ITGAL+ITGB2)","JAM","Cell-Cell Contact","PMID: 11812992","PBMC_Early"
"HSC_MPP","abTentry","F11R","ITGAL_ITGB2",0.00174137057158034,0,"JAM1_ITGAL_ITGB2","JAM1 - (ITGAL+ITGB2)","JAM","Cell-Cell Contact","PMID: 11812992","PBMC_Early"
"Megakaryocytes","abTentry","F11R","ITGAL_ITGB2",0.00569477072372367,0,"JAM1_ITGAL_ITGB2","JAM1 - (ITGAL+ITGB2)","JAM","Cell-Cell Contact","PMID: 11812992","PBMC_Early"
"MEMP","abTentry","F11R","ITGAL_ITGB2",0.00139784280671184,0,"JAM1_ITGAL_ITGB2","JAM1 - (ITGAL+ITGB2)","JAM","Cell-Cell Contact","PMID: 11812992","PBMC_Early"
"MEP","abTentry","F11R","ITGAL_ITGB2",0.00266029647508495,0,"JAM1_ITGAL_ITGB2","JAM1 - (ITGAL+ITGB2)","JAM","Cell-Cell Contact","PMID: 11812992","PBMC_Early"
"CD14+PPBP+ Monocytes","CD14+PPBP+ Monocytes","F11R","ITGAL_ITGB2",0.00783428264331022,0,"JAM1_ITGAL_ITGB2","JAM1 - (ITGAL+ITGB2)","JAM","Cell-Cell Contact","PMID: 11812992","PBMC_Early"
"DC2","CD14+PPBP+ Monocytes","F11R","ITGAL_ITGB2",0.00362483073218218,0,"JAM1_ITGAL_ITGB2","JAM1 - (ITGAL+ITGB2)","JAM","Cell-Cell Contact","PMID: 11812992","PBMC_Early"
"HSC_MPP","CD14+PPBP+ Monocytes","F11R","ITGAL_ITGB2",0.00317020658222429,0,"JAM1_ITGAL_ITGB2","JAM1 - (ITGAL+ITGB2)","JAM","Cell-Cell Contact","PMID: 11812992","PBMC_Early"
"Megakaryocytes","CD14+PPBP+ Monocytes","F11R","ITGAL_ITGB2",0.0103338855349836,0,"JAM1_ITGAL_ITGB2","JAM1 - (ITGAL+ITGB2)","JAM","Cell-Cell Contact","PMID: 11812992","PBMC_Early"
"MEMP","CD14+PPBP+ Monocytes","F11R","ITGAL_ITGB2",0.00254552487357498,0,"JAM1_ITGAL_ITGB2","JAM1 - (ITGAL+ITGB2)","JAM","Cell-Cell Contact","PMID: 11812992","PBMC_Early"
"MEP","CD14+PPBP+ Monocytes","F11R","ITGAL_ITGB2",0.00483947773203447,0,"JAM1_ITGAL_ITGB2","JAM1 - (ITGAL+ITGB2)","JAM","Cell-Cell Contact","PMID: 11812992","PBMC_Early"
"CD14+PPBP+ Monocytes","CD56highCD16low NK","F11R","ITGAL_ITGB2",0.0118277819508767,0,"JAM1_ITGAL_ITGB2","JAM1 - (ITGAL+ITGB2)","JAM","Cell-Cell Contact","PMID: 11812992","PBMC_Early"
"DC2","CD56highCD16low NK","F11R","ITGAL_ITGB2",0.00548443722005165,0,"JAM1_ITGAL_ITGB2","JAM1 - (ITGAL+ITGB2)","JAM","Cell-Cell Contact","PMID: 11812992","PBMC_Early"
"HSC_MPP","CD56highCD16low NK","F11R","ITGAL_ITGB2",0.00479770535552543,0,"JAM1_ITGAL_ITGB2","JAM1 - (ITGAL+ITGB2)","JAM","Cell-Cell Contact","PMID: 11812992","PBMC_Early"
"Megakaryocytes","CD56highCD16low NK","F11R","ITGAL_ITGB2",0.0155815388304926,0,"JAM1_ITGAL_ITGB2","JAM1 - (ITGAL+ITGB2)","JAM","Cell-Cell Contact","PMID: 11812992","PBMC_Early"
"MEMP","CD56highCD16low NK","F11R","ITGAL_ITGB2",0.00385356861267821,0,"JAM1_ITGAL_ITGB2","JAM1 - (ITGAL+ITGB2)","JAM","Cell-Cell Contact","PMID: 11812992","PBMC_Early"
"MEP","CD56highCD16low NK","F11R","ITGAL_ITGB2",0.00731764454236519,0,"JAM1_ITGAL_ITGB2","JAM1 - (ITGAL+ITGB2)","JAM","Cell-Cell Contact","PMID: 11812992","PBMC_Early"
"CD14+PPBP+ Monocytes","Classical Monocytes","F11R","ITGAL_ITGB2",0.0101589082471214,0,"JAM1_ITGAL_ITGB2","JAM1 - (ITGAL+ITGB2)","JAM","Cell-Cell Contact","PMID: 11812992","PBMC_Early"
"DC2","Classical Monocytes","F11R","ITGAL_ITGB2",0.00470633260091277,0,"JAM1_ITGAL_ITGB2","JAM1 - (ITGAL+ITGB2)","JAM","Cell-Cell Contact","PMID: 11812992","PBMC_Early"
"HSC_MPP","Classical Monocytes","F11R","ITGAL_ITGB2",0.00411662753549644,0,"JAM1_ITGAL_ITGB2","JAM1 - (ITGAL+ITGB2)","JAM","Cell-Cell Contact","PMID: 11812992","PBMC_Early"
"Megakaryocytes","Classical Monocytes","F11R","ITGAL_ITGB2",0.0133901953479989,0,"JAM1_ITGAL_ITGB2","JAM1 - (ITGAL+ITGB2)","JAM","Cell-Cell Contact","PMID: 11812992","PBMC_Early"
"MEMP","Classical Monocytes","F11R","ITGAL_ITGB2",0.00330607432718286,0,"JAM1_ITGAL_ITGB2","JAM1 - (ITGAL+ITGB2)","JAM","Cell-Cell Contact","PMID: 11812992","PBMC_Early"
"MEP","Classical Monocytes","F11R","ITGAL_ITGB2",0.00628109624090853,0,"JAM1_ITGAL_ITGB2","JAM1 - (ITGAL+ITGB2)","JAM","Cell-Cell Contact","PMID: 11812992","PBMC_Early"
"CD14+PPBP+ Monocytes","CX3CR1+ NK","F11R","ITGAL_ITGB2",0.0122120534460567,0,"JAM1_ITGAL_ITGB2","JAM1 - (ITGAL+ITGB2)","JAM","Cell-Cell Contact","PMID: 11812992","PBMC_Early"
"DC2","CX3CR1+ NK","F11R","ITGAL_ITGB2",0.00566380170621302,0,"JAM1_ITGAL_ITGB2","JAM1 - (ITGAL+ITGB2)","JAM","Cell-Cell Contact","PMID: 11812992","PBMC_Early"
"HSC_MPP","CX3CR1+ NK","F11R","ITGAL_ITGB2",0.0049547226731452,0,"JAM1_ITGAL_ITGB2","JAM1 - (ITGAL+ITGB2)","JAM","Cell-Cell Contact","PMID: 11812992","PBMC_Early"
"Megakaryocytes","CX3CR1+ NK","F11R","ITGAL_ITGB2",0.016085780487857,0,"JAM1_ITGAL_ITGB2","JAM1 - (ITGAL+ITGB2)","JAM","Cell-Cell Contact","PMID: 11812992","PBMC_Early"
"MEMP","CX3CR1+ NK","F11R","ITGAL_ITGB2",0.00397981017951242,0,"JAM1_ITGAL_ITGB2","JAM1 - (ITGAL+ITGB2)","JAM","Cell-Cell Contact","PMID: 11812992","PBMC_Early"
"MEP","CX3CR1+ NK","F11R","ITGAL_ITGB2",0.00755650718698743,0,"JAM1_ITGAL_ITGB2","JAM1 - (ITGAL+ITGB2)","JAM","Cell-Cell Contact","PMID: 11812992","PBMC_Early"
"CD14+PPBP+ Monocytes","CXCR6+ NK","F11R","ITGAL_ITGB2",0.0108764586910762,0,"JAM1_ITGAL_ITGB2","JAM1 - (ITGAL+ITGB2)","JAM","Cell-Cell Contact","PMID: 11812992","PBMC_Early"
"DC2","CXCR6+ NK","F11R","ITGAL_ITGB2",0.00504071452055119,0,"JAM1_ITGAL_ITGB2","JAM1 - (ITGAL+ITGB2)","JAM","Cell-Cell Contact","PMID: 11812992","PBMC_Early"
"HSC_MPP","CXCR6+ NK","F11R","ITGAL_ITGB2",0.004409296902625,0,"JAM1_ITGAL_ITGB2","JAM1 - (ITGAL+ITGB2)","JAM","Cell-Cell Contact","PMID: 11812992","PBMC_Early"
"Megakaryocytes","CXCR6+ NK","F11R","ITGAL_ITGB2",0.0143326753284466,0,"JAM1_ITGAL_ITGB2","JAM1 - (ITGAL+ITGB2)","JAM","Cell-Cell Contact","PMID: 11812992","PBMC_Early"
"MEMP","CXCR6+ NK","F11R","ITGAL_ITGB2",0.00354132277567037,0,"JAM1_ITGAL_ITGB2","JAM1 - (ITGAL+ITGB2)","JAM","Cell-Cell Contact","PMID: 11812992","PBMC_Early"
"MEP","CXCR6+ NK","F11R","ITGAL_ITGB2",0.00672660793774498,0,"JAM1_ITGAL_ITGB2","JAM1 - (ITGAL+ITGB2)","JAM","Cell-Cell Contact","PMID: 11812992","PBMC_Early"
"CD14+PPBP+ Monocytes","DC2","F11R","ITGAL_ITGB2",0.0127076754552982,0,"JAM1_ITGAL_ITGB2","JAM1 - (ITGAL+ITGB2)","JAM","Cell-Cell Contact","PMID: 11812992","PBMC_Early"
"DC2","DC2","F11R","ITGAL_ITGB2",0.00589525124267106,0,"JAM1_ITGAL_ITGB2","JAM1 - (ITGAL+ITGB2)","JAM","Cell-Cell Contact","PMID: 11812992","PBMC_Early"
"HSC_MPP","DC2","F11R","ITGAL_ITGB2",0.00515734620231699,0,"JAM1_ITGAL_ITGB2","JAM1 - (ITGAL+ITGB2)","JAM","Cell-Cell Contact","PMID: 11812992","PBMC_Early"
"Megakaryocytes","DC2","F11R","ITGAL_ITGB2",0.0167359527303771,0,"JAM1_ITGAL_ITGB2","JAM1 - (ITGAL+ITGB2)","JAM","Cell-Cell Contact","PMID: 11812992","PBMC_Early"
"MEMP","DC2","F11R","ITGAL_ITGB2",0.00414273062290593,0,"JAM1_ITGAL_ITGB2","JAM1 - (ITGAL+ITGB2)","JAM","Cell-Cell Contact","PMID: 11812992","PBMC_Early"
"MEP","DC2","F11R","ITGAL_ITGB2",0.00786468980003811,0,"JAM1_ITGAL_ITGB2","JAM1 - (ITGAL+ITGB2)","JAM","Cell-Cell Contact","PMID: 11812992","PBMC_Early"
"CD14+PPBP+ Monocytes","Gamma Delta V1 T","F11R","ITGAL_ITGB2",0.008953057119075,0,"JAM1_ITGAL_ITGB2","JAM1 - (ITGAL+ITGB2)","JAM","Cell-Cell Contact","PMID: 11812992","PBMC_Early"
"DC2","Gamma Delta V1 T","F11R","ITGAL_ITGB2",0.00414498591862145,0,"JAM1_ITGAL_ITGB2","JAM1 - (ITGAL+ITGB2)","JAM","Cell-Cell Contact","PMID: 11812992","PBMC_Early"
"HSC_MPP","Gamma Delta V1 T","F11R","ITGAL_ITGB2",0.0036253615796308,0,"JAM1_ITGAL_ITGB2","JAM1 - (ITGAL+ITGB2)","JAM","Cell-Cell Contact","PMID: 11812992","PBMC_Early"
"Megakaryocytes","Gamma Delta V1 T","F11R","ITGAL_ITGB2",0.0118053684516971,0,"JAM1_ITGAL_ITGB2","JAM1 - (ITGAL+ITGB2)","JAM","Cell-Cell Contact","PMID: 11812992","PBMC_Early"
"MEMP","Gamma Delta V1 T","F11R","ITGAL_ITGB2",0.00291125458800351,0,"JAM1_ITGAL_ITGB2","JAM1 - (ITGAL+ITGB2)","JAM","Cell-Cell Contact","PMID: 11812992","PBMC_Early"
"MEP","Gamma Delta V1 T","F11R","ITGAL_ITGB2",0.00553296417485265,0,"JAM1_ITGAL_ITGB2","JAM1 - (ITGAL+ITGB2)","JAM","Cell-Cell Contact","PMID: 11812992","PBMC_Early"
"CD14+PPBP+ Monocytes","Gamma Delta V2 T","F11R","ITGAL_ITGB2",0.00837552938828118,0,"JAM1_ITGAL_ITGB2","JAM1 - (ITGAL+ITGB2)","JAM","Cell-Cell Contact","PMID: 11812992","PBMC_Early"
"DC2","Gamma Delta V2 T","F11R","ITGAL_ITGB2",0.00387639548363044,0,"JAM1_ITGAL_ITGB2","JAM1 - (ITGAL+ITGB2)","JAM","Cell-Cell Contact","PMID: 11812992","PBMC_Early"
"HSC_MPP","Gamma Delta V2 T","F11R","ITGAL_ITGB2",0.00339032758743936,0,"JAM1_ITGAL_ITGB2","JAM1 - (ITGAL+ITGB2)","JAM","Cell-Cell Contact","PMID: 11812992","PBMC_Early"
"Megakaryocytes","Gamma Delta V2 T","F11R","ITGAL_ITGB2",0.0110458996584985,0,"JAM1_ITGAL_ITGB2","JAM1 - (ITGAL+ITGB2)","JAM","Cell-Cell Contact","PMID: 11812992","PBMC_Early"
"MEMP","Gamma Delta V2 T","F11R","ITGAL_ITGB2",0.0027223900127161,0,"JAM1_ITGAL_ITGB2","JAM1 - (ITGAL+ITGB2)","JAM","Cell-Cell Contact","PMID: 11812992","PBMC_Early"
"MEP","Gamma Delta V2 T","F11R","ITGAL_ITGB2",0.00517490167173643,0,"JAM1_ITGAL_ITGB2","JAM1 - (ITGAL+ITGB2)","JAM","Cell-Cell Contact","PMID: 11812992","PBMC_Early"
"CD14+PPBP+ Monocytes","ILC2/3","F11R","ITGAL_ITGB2",0.00702059761213188,0,"JAM1_ITGAL_ITGB2","JAM1 - (ITGAL+ITGB2)","JAM","Cell-Cell Contact","PMID: 11812992","PBMC_Early"
"DC2","ILC2/3","F11R","ITGAL_ITGB2",0.00324691743816983,0,"JAM1_ITGAL_ITGB2","JAM1 - (ITGAL+ITGB2)","JAM","Cell-Cell Contact","PMID: 11812992","PBMC_Early"
"HSC_MPP","ILC2/3","F11R","ITGAL_ITGB2",0.00283955587452258,0,"JAM1_ITGAL_ITGB2","JAM1 - (ITGAL+ITGB2)","JAM","Cell-Cell Contact","PMID: 11812992","PBMC_Early"
"Megakaryocytes","ILC2/3","F11R","ITGAL_ITGB2",0.00926301029932349,0,"JAM1_ITGAL_ITGB2","JAM1 - (ITGAL+ITGB2)","JAM","Cell-Cell Contact","PMID: 11812992","PBMC_Early"
"MEMP","ILC2/3","F11R","ITGAL_ITGB2",0.00227987909023428,0,"JAM1_ITGAL_ITGB2","JAM1 - (ITGAL+ITGB2)","JAM","Cell-Cell Contact","PMID: 11812992","PBMC_Early"
"MEP","ILC2/3","F11R","ITGAL_ITGB2",0.00433548023670588,0,"JAM1_ITGAL_ITGB2","JAM1 - (ITGAL+ITGB2)","JAM","Cell-Cell Contact","PMID: 11812992","PBMC_Early"
"CD14+PPBP+ Monocytes","Myeloid-CD177","F11R","ITGAL_ITGB2",0.00861207409425187,0,"JAM1_ITGAL_ITGB2","JAM1 - (ITGAL+ITGB2)","JAM","Cell-Cell Contact","PMID: 11812992","PBMC_Early"
"DC2","Myeloid-CD177","F11R","ITGAL_ITGB2",0.00398638484857843,0,"JAM1_ITGAL_ITGB2","JAM1 - (ITGAL+ITGB2)","JAM","Cell-Cell Contact","PMID: 11812992","PBMC_Early"
"HSC_MPP","Myeloid-CD177","F11R","ITGAL_ITGB2",0.00348657346985528,0,"JAM1_ITGAL_ITGB2","JAM1 - (ITGAL+ITGB2)","JAM","Cell-Cell Contact","PMID: 11812992","PBMC_Early"
"Megakaryocytes","Myeloid-CD177","F11R","ITGAL_ITGB2",0.0113569981683085,0,"JAM1_ITGAL_ITGB2","JAM1 - (ITGAL+ITGB2)","JAM","Cell-Cell Contact","PMID: 11812992","PBMC_Early"
"MEMP","Myeloid-CD177","F11R","ITGAL_ITGB2",0.00279972750253972,0,"JAM1_ITGAL_ITGB2","JAM1 - (ITGAL+ITGB2)","JAM","Cell-Cell Contact","PMID: 11812992","PBMC_Early"
"MEP","Myeloid-CD177","F11R","ITGAL_ITGB2",0.00532153819560285,0,"JAM1_ITGAL_ITGB2","JAM1 - (ITGAL+ITGB2)","JAM","Cell-Cell Contact","PMID: 11812992","PBMC_Early"
"CD14+PPBP+ Monocytes","Naïve CD8 T","F11R","ITGAL_ITGB2",0.00552763036478707,0,"JAM1_ITGAL_ITGB2","JAM1 - (ITGAL+ITGB2)","JAM","Cell-Cell Contact","PMID: 11812992","PBMC_Early"
"DC2","Naïve CD8 T","F11R","ITGAL_ITGB2",0.00255437889222908,0,"JAM1_ITGAL_ITGB2","JAM1 - (ITGAL+ITGB2)","JAM","Cell-Cell Contact","PMID: 11812992","PBMC_Early"
"HSC_MPP","Naïve CD8 T","F11R","ITGAL_ITGB2",0.00223370920722265,0,"JAM1_ITGAL_ITGB2","JAM1 - (ITGAL+ITGB2)","JAM","Cell-Cell Contact","PMID: 11812992","PBMC_Early"
"Megakaryocytes","Naïve CD8 T","F11R","ITGAL_ITGB2",0.00729668622881325,0,"JAM1_ITGAL_ITGB2","JAM1 - (ITGAL+ITGB2)","JAM","Cell-Cell Contact","PMID: 11812992","PBMC_Early"
"MEMP","Naïve CD8 T","F11R","ITGAL_ITGB2",0.00179323012586343,0,"JAM1_ITGAL_ITGB2","JAM1 - (ITGAL+ITGB2)","JAM","Cell-Cell Contact","PMID: 11812992","PBMC_Early"
"MEP","Naïve CD8 T","F11R","ITGAL_ITGB2",0.0034115556272545,0,"JAM1_ITGAL_ITGB2","JAM1 - (ITGAL+ITGB2)","JAM","Cell-Cell Contact","PMID: 11812992","PBMC_Early"
"CD14+PPBP+ Monocytes","NK T","F11R","ITGAL_ITGB2",0.00892960010566726,0,"JAM1_ITGAL_ITGB2","JAM1 - (ITGAL+ITGB2)","JAM","Cell-Cell Contact","PMID: 11812992","PBMC_Early"
"DC2","NK T","F11R","ITGAL_ITGB2",0.00413407350577247,0,"JAM1_ITGAL_ITGB2","JAM1 - (ITGAL+ITGB2)","JAM","Cell-Cell Contact","PMID: 11812992","PBMC_Early"
"HSC_MPP","NK T","F11R","ITGAL_ITGB2",0.00361581220326645,0,"JAM1_ITGAL_ITGB2","JAM1 - (ITGAL+ITGB2)","JAM","Cell-Cell Contact","PMID: 11812992","PBMC_Early"
"Megakaryocytes","NK T","F11R","ITGAL_ITGB2",0.0117745271680244,0,"JAM1_ITGAL_ITGB2","JAM1 - (ITGAL+ITGB2)","JAM","Cell-Cell Contact","PMID: 11812992","PBMC_Early"
"MEMP","NK T","F11R","ITGAL_ITGB2",0.00290358072223695,0,"JAM1_ITGAL_ITGB2","JAM1 - (ITGAL+ITGB2)","JAM","Cell-Cell Contact","PMID: 11812992","PBMC_Early"
"MEP","NK T","F11R","ITGAL_ITGB2",0.00551841791109445,0,"JAM1_ITGAL_ITGB2","JAM1 - (ITGAL+ITGB2)","JAM","Cell-Cell Contact","PMID: 11812992","PBMC_Early"
"CD14+PPBP+ Monocytes","pDC","F11R","ITGAL_ITGB2",0.00382957616591573,0,"JAM1_ITGAL_ITGB2","JAM1 - (ITGAL+ITGB2)","JAM","Cell-Cell Contact","PMID: 11812992","PBMC_Early"
"DC2","pDC","F11R","ITGAL_ITGB2",0.00176806547400268,0,"JAM1_ITGAL_ITGB2","JAM1 - (ITGAL+ITGB2)","JAM","Cell-Cell Contact","PMID: 11812992","PBMC_Early"
"HSC_MPP","pDC","F11R","ITGAL_ITGB2",0.00154595441358505,0,"JAM1_ITGAL_ITGB2","JAM1 - (ITGAL+ITGB2)","JAM","Cell-Cell Contact","PMID: 11812992","PBMC_Early"
"Megakaryocytes","pDC","F11R","ITGAL_ITGB2",0.00505795288961138,0,"JAM1_ITGAL_ITGB2","JAM1 - (ITGAL+ITGB2)","JAM","Cell-Cell Contact","PMID: 11812992","PBMC_Early"
"MEMP","pDC","F11R","ITGAL_ITGB2",0.00124092932418358,0,"JAM1_ITGAL_ITGB2","JAM1 - (ITGAL+ITGB2)","JAM","Cell-Cell Contact","PMID: 11812992","PBMC_Early"
"MEP","pDC","F11R","ITGAL_ITGB2",0.0023620026868262,0,"JAM1_ITGAL_ITGB2","JAM1 - (ITGAL+ITGB2)","JAM","Cell-Cell Contact","PMID: 11812992","PBMC_Early"
"CD14+PPBP+ Monocytes","Th17like_INNATE_T","F11R","ITGAL_ITGB2",0.00724807946336029,0,"JAM1_ITGAL_ITGB2","JAM1 - (ITGAL+ITGB2)","JAM","Cell-Cell Contact","PMID: 11812992","PBMC_Early"
"DC2","Th17like_INNATE_T","F11R","ITGAL_ITGB2",0.00335253709378799,0,"JAM1_ITGAL_ITGB2","JAM1 - (ITGAL+ITGB2)","JAM","Cell-Cell Contact","PMID: 11812992","PBMC_Early"
"HSC_MPP","Th17like_INNATE_T","F11R","ITGAL_ITGB2",0.00293196335918447,0,"JAM1_ITGAL_ITGB2","JAM1 - (ITGAL+ITGB2)","JAM","Cell-Cell Contact","PMID: 11812992","PBMC_Early"
"Megakaryocytes","Th17like_INNATE_T","F11R","ITGAL_ITGB2",0.0095624512407509,0,"JAM1_ITGAL_ITGB2","JAM1 - (ITGAL+ITGB2)","JAM","Cell-Cell Contact","PMID: 11812992","PBMC_Early"
"MEMP","Th17like_INNATE_T","F11R","ITGAL_ITGB2",0.00235411604806012,0,"JAM1_ITGAL_ITGB2","JAM1 - (ITGAL+ITGB2)","JAM","Cell-Cell Contact","PMID: 11812992","PBMC_Early"
"MEP","Th17like_INNATE_T","F11R","ITGAL_ITGB2",0.00447635095468124,0,"JAM1_ITGAL_ITGB2","JAM1 - (ITGAL+ITGB2)","JAM","Cell-Cell Contact","PMID: 11812992","PBMC_Early"
"CD14+PPBP+ Monocytes","Treg","F11R","ITGAL_ITGB2",0.00629586019360797,0,"JAM1_ITGAL_ITGB2","JAM1 - (ITGAL+ITGB2)","JAM","Cell-Cell Contact","PMID: 11812992","PBMC_Early"
"DC2","Treg","F11R","ITGAL_ITGB2",0.00291059576851638,0,"JAM1_ITGAL_ITGB2","JAM1 - (ITGAL+ITGB2)","JAM","Cell-Cell Contact","PMID: 11812992","PBMC_Early"
"HSC_MPP","Treg","F11R","ITGAL_ITGB2",0.00254532171319133,0,"JAM1_ITGAL_ITGB2","JAM1 - (ITGAL+ITGB2)","JAM","Cell-Cell Contact","PMID: 11812992","PBMC_Early"
"Megakaryocytes","Treg","F11R","ITGAL_ITGB2",0.00830872519971399,0,"JAM1_ITGAL_ITGB2","JAM1 - (ITGAL+ITGB2)","JAM","Cell-Cell Contact","PMID: 11812992","PBMC_Early"
"MEMP","Treg","F11R","ITGAL_ITGB2",0.00204351966689532,0,"JAM1_ITGAL_ITGB2","JAM1 - (ITGAL+ITGB2)","JAM","Cell-Cell Contact","PMID: 11812992","PBMC_Early"
"MEP","Treg","F11R","ITGAL_ITGB2",0.00388684292366233,0,"JAM1_ITGAL_ITGB2","JAM1 - (ITGAL+ITGB2)","JAM","Cell-Cell Contact","PMID: 11812992","PBMC_Early"
"CD14+PPBP+ Monocytes","CD14+PPBP+ Monocytes","F11R","F11R",0.00347304183610262,0,"F11R_F11R","F11R - F11R","JAM","Cell-Cell Contact","KEGG: hsa04514","PBMC_Early"
"DC2","CD14+PPBP+ Monocytes","F11R","F11R",0.00160314934361006,0,"F11R_F11R","F11R - F11R","JAM","Cell-Cell Contact","KEGG: hsa04514","PBMC_Early"
"HSC_MPP","CD14+PPBP+ Monocytes","F11R","F11R",0.00140172657860809,0,"F11R_F11R","F11R - F11R","JAM","Cell-Cell Contact","KEGG: hsa04514","PBMC_Early"
"Megakaryocytes","CD14+PPBP+ Monocytes","F11R","F11R",0.00458758309646789,0,"F11R_F11R","F11R - F11R","JAM","Cell-Cell Contact","KEGG: hsa04514","PBMC_Early"
"MEMP","CD14+PPBP+ Monocytes","F11R","F11R",0.00112512634664541,0,"F11R_F11R","F11R - F11R","JAM","Cell-Cell Contact","KEGG: hsa04514","PBMC_Early"
"MEP","CD14+PPBP+ Monocytes","F11R","F11R",0.00214180598726461,0,"F11R_F11R","F11R - F11R","JAM","Cell-Cell Contact","KEGG: hsa04514","PBMC_Early"
"CD14+PPBP+ Monocytes","DC2","F11R","F11R",0.00160314934361006,0,"F11R_F11R","F11R - F11R","JAM","Cell-Cell Contact","KEGG: hsa04514","PBMC_Early"
"DC2","DC2","F11R","F11R",0.000739263762528191,0,"F11R_F11R","F11R - F11R","JAM","Cell-Cell Contact","KEGG: hsa04514","PBMC_Early"
"HSC_MPP","DC2","F11R","F11R",0.000646310979044106,0,"F11R_F11R","F11R - F11R","JAM","Cell-Cell Contact","KEGG: hsa04514","PBMC_Early"
"Megakaryocytes","DC2","F11R","F11R",0.0021188953368424,0,"F11R_F11R","F11R - F11R","JAM","Cell-Cell Contact","KEGG: hsa04514","PBMC_Early"
"MEMP","DC2","F11R","F11R",0.000518698145988809,0,"F11R_F11R","F11R - F11R","JAM","Cell-Cell Contact","KEGG: hsa04514","PBMC_Early"
"MEP","DC2","F11R","F11R",0.000987942903974812,0,"F11R_F11R","F11R - F11R","JAM","Cell-Cell Contact","KEGG: hsa04514","PBMC_Early"
"CD14+PPBP+ Monocytes","HSC_MPP","F11R","F11R",0.00140172657860809,0,"F11R_F11R","F11R - F11R","JAM","Cell-Cell Contact","KEGG: hsa04514","PBMC_Early"
"DC2","HSC_MPP","F11R","F11R",0.000646310979044106,0,"F11R_F11R","F11R - F11R","JAM","Cell-Cell Contact","KEGG: hsa04514","PBMC_Early"
"HSC_MPP","HSC_MPP","F11R","F11R",0.000565039187812689,0,"F11R_F11R","F11R - F11R","JAM","Cell-Cell Contact","KEGG: hsa04514","PBMC_Early"
"Megakaryocytes","HSC_MPP","F11R","F11R",0.0018527935064551,0,"F11R_F11R","F11R - F11R","JAM","Cell-Cell Contact","KEGG: hsa04514","PBMC_Early"
"MEMP","HSC_MPP","F11R","F11R",0.000453466028812388,0,"F11R_F11R","F11R - F11R","JAM","Cell-Cell Contact","KEGG: hsa04514","PBMC_Early"
"MEP","HSC_MPP","F11R","F11R",0.000863748987254754,0,"F11R_F11R","F11R - F11R","JAM","Cell-Cell Contact","KEGG: hsa04514","PBMC_Early"
"CD14+PPBP+ Monocytes","Megakaryocytes","F11R","F11R",0.00458758309646789,0,"F11R_F11R","F11R - F11R","JAM","Cell-Cell Contact","KEGG: hsa04514","PBMC_Early"
"DC2","Megakaryocytes","F11R","F11R",0.0021188953368424,0,"F11R_F11R","F11R - F11R","JAM","Cell-Cell Contact","KEGG: hsa04514","PBMC_Early"
"HSC_MPP","Megakaryocytes","F11R","F11R",0.0018527935064551,0,"F11R_F11R","F11R - F11R","JAM","Cell-Cell Contact","KEGG: hsa04514","PBMC_Early"
"Megakaryocytes","Megakaryocytes","F11R","F11R",0.00605761999015053,0,"F11R_F11R","F11R - F11R","JAM","Cell-Cell Contact","KEGG: hsa04514","PBMC_Early"
"MEMP","Megakaryocytes","F11R","F11R",0.00148731760302135,0,"F11R_F11R","F11R - F11R","JAM","Cell-Cell Contact","KEGG: hsa04514","PBMC_Early"
"MEP","Megakaryocytes","F11R","F11R",0.00283035088062602,0,"F11R_F11R","F11R - F11R","JAM","Cell-Cell Contact","KEGG: hsa04514","PBMC_Early"
"CD14+PPBP+ Monocytes","MEMP","F11R","F11R",0.00112512634664541,0,"F11R_F11R","F11R - F11R","JAM","Cell-Cell Contact","KEGG: hsa04514","PBMC_Early"
"DC2","MEMP","F11R","F11R",0.000518698145988809,0,"F11R_F11R","F11R - F11R","JAM","Cell-Cell Contact","KEGG: hsa04514","PBMC_Early"
"HSC_MPP","MEMP","F11R","F11R",0.000453466028812388,0,"F11R_F11R","F11R - F11R","JAM","Cell-Cell Contact","KEGG: hsa04514","PBMC_Early"
"Megakaryocytes","MEMP","F11R","F11R",0.00148731760302135,0,"F11R_F11R","F11R - F11R","JAM","Cell-Cell Contact","KEGG: hsa04514","PBMC_Early"
"MEMP","MEMP","F11R","F11R",0.000363916186566836,0,"F11R_F11R","F11R - F11R","JAM","Cell-Cell Contact","KEGG: hsa04514","PBMC_Early"
"MEP","MEMP","F11R","F11R",0.000693233228289463,0,"F11R_F11R","F11R - F11R","JAM","Cell-Cell Contact","KEGG: hsa04514","PBMC_Early"
"CD14+PPBP+ Monocytes","MEP","F11R","F11R",0.00214180598726461,0,"F11R_F11R","F11R - F11R","JAM","Cell-Cell Contact","KEGG: hsa04514","PBMC_Early"
"DC2","MEP","F11R","F11R",0.000987942903974812,0,"F11R_F11R","F11R - F11R","JAM","Cell-Cell Contact","KEGG: hsa04514","PBMC_Early"
"HSC_MPP","MEP","F11R","F11R",0.000863748987254754,0,"F11R_F11R","F11R - F11R","JAM","Cell-Cell Contact","KEGG: hsa04514","PBMC_Early"
"Megakaryocytes","MEP","F11R","F11R",0.00283035088062602,0,"F11R_F11R","F11R - F11R","JAM","Cell-Cell Contact","KEGG: hsa04514","PBMC_Early"
"MEMP","MEP","F11R","F11R",0.000693233228289463,0,"F11R_F11R","F11R - F11R","JAM","Cell-Cell Contact","KEGG: hsa04514","PBMC_Early"
"MEP","MEP","F11R","F11R",0.0013201641009609,0,"F11R_F11R","F11R - F11R","JAM","Cell-Cell Contact","KEGG: hsa04514","PBMC_Early"
"abTentry","Naïve CD8 T","LCK","CD8 receptor",0.0365394065863839,0,"LCK_CD8A_CD8B1","LCK - (CD8A+CD8B1)","LCK","Cell-Cell Contact","PMID: 25427562","PBMC_Early"
"CX3CR1+ NK","Naïve CD8 T","LCK","CD8 receptor",0.101467551706584,0,"LCK_CD8A_CD8B1","LCK - (CD8A+CD8B1)","LCK","Cell-Cell Contact","PMID: 25427562","PBMC_Early"
"CXCR6+ NK","Naïve CD8 T","LCK","CD8 receptor",0.0983841282367805,0,"LCK_CD8A_CD8B1","LCK - (CD8A+CD8B1)","LCK","Cell-Cell Contact","PMID: 25427562","PBMC_Early"
"Gamma Delta V1 T","Naïve CD8 T","LCK","CD8 receptor",0.144697226020312,0,"LCK_CD8A_CD8B1","LCK - (CD8A+CD8B1)","LCK","Cell-Cell Contact","PMID: 25427562","PBMC_Early"
"Gamma Delta V2 T","Naïve CD8 T","LCK","CD8 receptor",0.128149640108723,0,"LCK_CD8A_CD8B1","LCK - (CD8A+CD8B1)","LCK","Cell-Cell Contact","PMID: 25427562","PBMC_Early"
"ILC2/3","Naïve CD8 T","LCK","CD8 receptor",0.0729953099832674,0,"LCK_CD8A_CD8B1","LCK - (CD8A+CD8B1)","LCK","Cell-Cell Contact","PMID: 25427562","PBMC_Early"
"Naïve CD4 T","Naïve CD8 T","LCK","CD8 receptor",0.126348228497764,0,"LCK_CD8A_CD8B1","LCK - (CD8A+CD8B1)","LCK","Cell-Cell Contact","PMID: 25427562","PBMC_Early"
"Naïve CD8 T","Naïve CD8 T","LCK","CD8 receptor",0.128820579355153,0,"LCK_CD8A_CD8B1","LCK - (CD8A+CD8B1)","LCK","Cell-Cell Contact","PMID: 25427562","PBMC_Early"
"NK T","Naïve CD8 T","LCK","CD8 receptor",0.131854698596834,0,"LCK_CD8A_CD8B1","LCK - (CD8A+CD8B1)","LCK","Cell-Cell Contact","PMID: 25427562","PBMC_Early"
"Tem","Naïve CD8 T","LCK","CD8 receptor",0.130631572718691,0,"LCK_CD8A_CD8B1","LCK - (CD8A+CD8B1)","LCK","Cell-Cell Contact","PMID: 25427562","PBMC_Early"
"Th17like_INNATE_T","Naïve CD8 T","LCK","CD8 receptor",0.12640956023166,0,"LCK_CD8A_CD8B1","LCK - (CD8A+CD8B1)","LCK","Cell-Cell Contact","PMID: 25427562","PBMC_Early"
"Treg","Naïve CD8 T","LCK","CD8 receptor",0.128480389516996,0,"LCK_CD8A_CD8B1","LCK - (CD8A+CD8B1)","LCK","Cell-Cell Contact","PMID: 25427562","PBMC_Early"
"abTentry","NK T","LCK","CD8 receptor",0.00784831023237928,0,"LCK_CD8A_CD8B1","LCK - (CD8A+CD8B1)","LCK","Cell-Cell Contact","PMID: 25427562","PBMC_Early"
"CX3CR1+ NK","NK T","LCK","CD8 receptor",0.0230119395364238,0,"LCK_CD8A_CD8B1","LCK - (CD8A+CD8B1)","LCK","Cell-Cell Contact","PMID: 25427562","PBMC_Early"
"CXCR6+ NK","NK T","LCK","CD8 receptor",0.0222535996591023,0,"LCK_CD8A_CD8B1","LCK - (CD8A+CD8B1)","LCK","Cell-Cell Contact","PMID: 25427562","PBMC_Early"
"Gamma Delta V1 T","NK T","LCK","CD8 receptor",0.0340839757298778,0,"LCK_CD8A_CD8B1","LCK - (CD8A+CD8B1)","LCK","Cell-Cell Contact","PMID: 25427562","PBMC_Early"
"Gamma Delta V2 T","NK T","LCK","CD8 receptor",0.029746190035296,0,"LCK_CD8A_CD8B1","LCK - (CD8A+CD8B1)","LCK","Cell-Cell Contact","PMID: 25427562","PBMC_Early"
"ILC2/3","NK T","LCK","CD8 receptor",0.0161587808625571,0,"LCK_CD8A_CD8B1","LCK - (CD8A+CD8B1)","LCK","Cell-Cell Contact","PMID: 25427562","PBMC_Early"
"Naïve CD4 T","NK T","LCK","CD8 receptor",0.0292815872377409,0,"LCK_CD8A_CD8B1","LCK - (CD8A+CD8B1)","LCK","Cell-Cell Contact","PMID: 25427562","PBMC_Early"
"Naïve CD8 T","NK T","LCK","CD8 receptor",0.0299196092725974,0,"LCK_CD8A_CD8B1","LCK - (CD8A+CD8B1)","LCK","Cell-Cell Contact","PMID: 25427562","PBMC_Early"
"NK T","NK T","LCK","CD8 receptor",0.0307064126849367,0,"LCK_CD8A_CD8B1","LCK - (CD8A+CD8B1)","LCK","Cell-Cell Contact","PMID: 25427562","PBMC_Early"
"Tem","NK T","LCK","CD8 receptor",0.0303887264341656,0,"LCK_CD8A_CD8B1","LCK - (CD8A+CD8B1)","LCK","Cell-Cell Contact","PMID: 25427562","PBMC_Early"
"Th17like_INNATE_T","NK T","LCK","CD8 receptor",0.02929738112482,0,"LCK_CD8A_CD8B1","LCK - (CD8A+CD8B1)","LCK","Cell-Cell Contact","PMID: 25427562","PBMC_Early"
"Treg","NK T","LCK","CD8 receptor",0.0298316539870039,0,"LCK_CD8A_CD8B1","LCK - (CD8A+CD8B1)","LCK","Cell-Cell Contact","PMID: 25427562","PBMC_Early"
"abTentry","CX3CR1+ NK","HLA-A","CD8A",0.0270230566041398,0,"HLA-A_CD8A","HLA-A - CD8A","MHC-I","Cell-Cell Contact","KEGG: hsa04514","PBMC_Early"
"CD14+PPBP+ Monocytes","CX3CR1+ NK","HLA-A","CD8A",0.0274326182507947,0,"HLA-A_CD8A","HLA-A - CD8A","MHC-I","Cell-Cell Contact","KEGG: hsa04514","PBMC_Early"
"CD56highCD16low NK","CX3CR1+ NK","HLA-A","CD8A",0.0218559829688952,0,"HLA-A_CD8A","HLA-A - CD8A","MHC-I","Cell-Cell Contact","KEGG: hsa04514","PBMC_Early"
"Classical Monocytes","CX3CR1+ NK","HLA-A","CD8A",0.0253931282726941,0,"HLA-A_CD8A","HLA-A - CD8A","MHC-I","Cell-Cell Contact","KEGG: hsa04514","PBMC_Early"
"CX3CR1+ NK","CX3CR1+ NK","HLA-A","CD8A",0.0377494610067786,0,"HLA-A_CD8A","HLA-A - CD8A","MHC-I","Cell-Cell Contact","KEGG: hsa04514","PBMC_Early"
"CXCR5- Naïve B","CX3CR1+ NK","HLA-A","CD8A",0.0268582945040089,0,"HLA-A_CD8A","HLA-A - CD8A","MHC-I","Cell-Cell Contact","KEGG: hsa04514","PBMC_Early"
"CXCR5+ Naïve B","CX3CR1+ NK","HLA-A","CD8A",0.0287632950258934,0,"HLA-A_CD8A","HLA-A - CD8A","MHC-I","Cell-Cell Contact","KEGG: hsa04514","PBMC_Early"
"CXCR6+ NK","CX3CR1+ NK","HLA-A","CD8A",0.0361179783018734,0,"HLA-A_CD8A","HLA-A - CD8A","MHC-I","Cell-Cell Contact","KEGG: hsa04514","PBMC_Early"
"DC2","CX3CR1+ NK","HLA-A","CD8A",0.0209424634104028,0,"HLA-A_CD8A","HLA-A - CD8A","MHC-I","Cell-Cell Contact","KEGG: hsa04514","PBMC_Early"
"Gamma Delta V1 T","CX3CR1+ NK","HLA-A","CD8A",0.0352013772957247,0,"HLA-A_CD8A","HLA-A - CD8A","MHC-I","Cell-Cell Contact","KEGG: hsa04514","PBMC_Early"
"Gamma Delta V2 T","CX3CR1+ NK","HLA-A","CD8A",0.0364042927076942,0,"HLA-A_CD8A","HLA-A - CD8A","MHC-I","Cell-Cell Contact","KEGG: hsa04514","PBMC_Early"
"HSC_MPP","CX3CR1+ NK","HLA-A","CD8A",0.0154134735322431,0,"HLA-A_CD8A","HLA-A - CD8A","MHC-I","Cell-Cell Contact","KEGG: hsa04514","PBMC_Early"
"ILC2/3","CX3CR1+ NK","HLA-A","CD8A",0.0295547265071159,0,"HLA-A_CD8A","HLA-A - CD8A","MHC-I","Cell-Cell Contact","KEGG: hsa04514","PBMC_Early"
"Late_ERY","CX3CR1+ NK","HLA-A","CD8A",0.00347744951496361,0,"HLA-A_CD8A","HLA-A - CD8A","MHC-I","Cell-Cell Contact","KEGG: hsa04514","PBMC_Early"
"Megakaryocytes","CX3CR1+ NK","HLA-A","CD8A",0.0259487308110885,0,"HLA-A_CD8A","HLA-A - CD8A","MHC-I","Cell-Cell Contact","KEGG: hsa04514","PBMC_Early"
"MEMP","CX3CR1+ NK","HLA-A","CD8A",0.00713041630383015,0,"HLA-A_CD8A","HLA-A - CD8A","MHC-I","Cell-Cell Contact","KEGG: hsa04514","PBMC_Early"
"MEP","CX3CR1+ NK","HLA-A","CD8A",0.00665866237295933,0,"HLA-A_CD8A","HLA-A - CD8A","MHC-I","Cell-Cell Contact","KEGG: hsa04514","PBMC_Early"
"Myeloid-CD177","CX3CR1+ NK","HLA-A","CD8A",0.00682910493103824,0,"HLA-A_CD8A","HLA-A - CD8A","MHC-I","Cell-Cell Contact","KEGG: hsa04514","PBMC_Early"
"Naïve CD4 T","CX3CR1+ NK","HLA-A","CD8A",0.034570802357846,0,"HLA-A_CD8A","HLA-A - CD8A","MHC-I","Cell-Cell Contact","KEGG: hsa04514","PBMC_Early"
"Naïve CD8 T","CX3CR1+ NK","HLA-A","CD8A",0.0362166073781281,0,"HLA-A_CD8A","HLA-A - CD8A","MHC-I","Cell-Cell Contact","KEGG: hsa04514","PBMC_Early"
"NK T","CX3CR1+ NK","HLA-A","CD8A",0.0385007379852733,0,"HLA-A_CD8A","HLA-A - CD8A","MHC-I","Cell-Cell Contact","KEGG: hsa04514","PBMC_Early"
"pDC","CX3CR1+ NK","HLA-A","CD8A",0.0152036711379119,0,"HLA-A_CD8A","HLA-A - CD8A","MHC-I","Cell-Cell Contact","KEGG: hsa04514","PBMC_Early"
"Pro-B","CX3CR1+ NK","HLA-A","CD8A",0.0217891258977599,0,"HLA-A_CD8A","HLA-A - CD8A","MHC-I","Cell-Cell Contact","KEGG: hsa04514","PBMC_Early"
"Tem","CX3CR1+ NK","HLA-A","CD8A",0.0359022473109893,0,"HLA-A_CD8A","HLA-A - CD8A","MHC-I","Cell-Cell Contact","KEGG: hsa04514","PBMC_Early"
"Th17like_INNATE_T","CX3CR1+ NK","HLA-A","CD8A",0.0381439522160153,0,"HLA-A_CD8A","HLA-A - CD8A","MHC-I","Cell-Cell Contact","KEGG: hsa04514","PBMC_Early"
"Treg","CX3CR1+ NK","HLA-A","CD8A",0.0393898220215255,0,"HLA-A_CD8A","HLA-A - CD8A","MHC-I","Cell-Cell Contact","KEGG: hsa04514","PBMC_Early"
"abTentry","CXCR6+ NK","HLA-A","CD8A",0.0335733267421985,0,"HLA-A_CD8A","HLA-A - CD8A","MHC-I","Cell-Cell Contact","KEGG: hsa04514","PBMC_Early"
"CD14+PPBP+ Monocytes","CXCR6+ NK","HLA-A","CD8A",0.0340786871745123,0,"HLA-A_CD8A","HLA-A - CD8A","MHC-I","Cell-Cell Contact","KEGG: hsa04514","PBMC_Early"
"CD56highCD16low NK","CXCR6+ NK","HLA-A","CD8A",0.0271887762400404,0,"HLA-A_CD8A","HLA-A - CD8A","MHC-I","Cell-Cell Contact","KEGG: hsa04514","PBMC_Early"
"Classical Monocytes","CXCR6+ NK","HLA-A","CD8A",0.0315611266732817,0,"HLA-A_CD8A","HLA-A - CD8A","MHC-I","Cell-Cell Contact","KEGG: hsa04514","PBMC_Early"
"CX3CR1+ NK","CXCR6+ NK","HLA-A","CD8A",0.046774770751367,0,"HLA-A_CD8A","HLA-A - CD8A","MHC-I","Cell-Cell Contact","KEGG: hsa04514","PBMC_Early"
"CXCR5- Naïve B","CXCR6+ NK","HLA-A","CD8A",0.0333699967654551,0,"HLA-A_CD8A","HLA-A - CD8A","MHC-I","Cell-Cell Contact","KEGG: hsa04514","PBMC_Early"
"CXCR5+ Naïve B","CXCR6+ NK","HLA-A","CD8A",0.0357199052371174,0,"HLA-A_CD8A","HLA-A - CD8A","MHC-I","Cell-Cell Contact","KEGG: hsa04514","PBMC_Early"
"CXCR6+ NK","CXCR6+ NK","HLA-A","CD8A",0.0447713745985716,0,"HLA-A_CD8A","HLA-A - CD8A","MHC-I","Cell-Cell Contact","KEGG: hsa04514","PBMC_Early"
"DC2","CXCR6+ NK","HLA-A","CD8A",0.0260582987645629,0,"HLA-A_CD8A","HLA-A - CD8A","MHC-I","Cell-Cell Contact","KEGG: hsa04514","PBMC_Early"
"Gamma Delta V1 T","CXCR6+ NK","HLA-A","CD8A",0.0436451118171288,0,"HLA-A_CD8A","HLA-A - CD8A","MHC-I","Cell-Cell Contact","KEGG: hsa04514","PBMC_Early"
"Gamma Delta V2 T","CXCR6+ NK","HLA-A","CD8A",0.0451230748977715,0,"HLA-A_CD8A","HLA-A - CD8A","MHC-I","Cell-Cell Contact","KEGG: hsa04514","PBMC_Early"
"HSC_MPP","CXCR6+ NK","HLA-A","CD8A",0.0192051783236277,0,"HLA-A_CD8A","HLA-A - CD8A","MHC-I","Cell-Cell Contact","KEGG: hsa04514","PBMC_Early"
"ILC2/3","CXCR6+ NK","HLA-A","CD8A",0.036695518095033,0,"HLA-A_CD8A","HLA-A - CD8A","MHC-I","Cell-Cell Contact","KEGG: hsa04514","PBMC_Early"
"Late_ERY","CXCR6+ NK","HLA-A","CD8A",0.00434586022243184,0,"HLA-A_CD8A","HLA-A - CD8A","MHC-I","Cell-Cell Contact","KEGG: hsa04514","PBMC_Early"
"Megakaryocytes","CXCR6+ NK","HLA-A","CD8A",0.0322472198876986,0,"HLA-A_CD8A","HLA-A - CD8A","MHC-I","Cell-Cell Contact","KEGG: hsa04514","PBMC_Early"
"MEMP","CXCR6+ NK","HLA-A","CD8A",0.00890291904587431,0,"HLA-A_CD8A","HLA-A - CD8A","MHC-I","Cell-Cell Contact","KEGG: hsa04514","PBMC_Early"
"MEP","CXCR6+ NK","HLA-A","CD8A",0.00831487703421076,0,"HLA-A_CD8A","HLA-A - CD8A","MHC-I","Cell-Cell Contact","KEGG: hsa04514","PBMC_Early"
"Myeloid-CD177","CXCR6+ NK","HLA-A","CD8A",0.00852734997779571,0,"HLA-A_CD8A","HLA-A - CD8A","MHC-I","Cell-Cell Contact","KEGG: hsa04514","PBMC_Early"
"Naïve CD4 T","CXCR6+ NK","HLA-A","CD8A",0.0428700021402245,0,"HLA-A_CD8A","HLA-A - CD8A","MHC-I","Cell-Cell Contact","KEGG: hsa04514","PBMC_Early"
"Naïve CD8 T","CXCR6+ NK","HLA-A","CD8A",0.0448925333427354,0,"HLA-A_CD8A","HLA-A - CD8A","MHC-I","Cell-Cell Contact","KEGG: hsa04514","PBMC_Early"
"NK T","CXCR6+ NK","HLA-A","CD8A",0.0476967630612972,0,"HLA-A_CD8A","HLA-A - CD8A","MHC-I","Cell-Cell Contact","KEGG: hsa04514","PBMC_Early"
"pDC","CXCR6+ NK","HLA-A","CD8A",0.0189447577417002,0,"HLA-A_CD8A","HLA-A - CD8A","MHC-I","Cell-Cell Contact","KEGG: hsa04514","PBMC_Early"
"Pro-B","CXCR6+ NK","HLA-A","CD8A",0.0271060583063999,0,"HLA-A_CD8A","HLA-A - CD8A","MHC-I","Cell-Cell Contact","KEGG: hsa04514","PBMC_Early"
"Tem","CXCR6+ NK","HLA-A","CD8A",0.0445063438449373,0,"HLA-A_CD8A","HLA-A - CD8A","MHC-I","Cell-Cell Contact","KEGG: hsa04514","PBMC_Early"
"Th17like_INNATE_T","CXCR6+ NK","HLA-A","CD8A",0.047258946510104,0,"HLA-A_CD8A","HLA-A - CD8A","MHC-I","Cell-Cell Contact","KEGG: hsa04514","PBMC_Early"
"Treg","CXCR6+ NK","HLA-A","CD8A",0.0487874322908112,0,"HLA-A_CD8A","HLA-A - CD8A","MHC-I","Cell-Cell Contact","KEGG: hsa04514","PBMC_Early"
"abTentry","Naïve CD8 T","HLA-A","CD8A",0.150054946338867,0,"HLA-A_CD8A","HLA-A - CD8A","MHC-I","Cell-Cell Contact","KEGG: hsa04514","PBMC_Early"
"CD14+PPBP+ Monocytes","Naïve CD8 T","HLA-A","CD8A",0.152037805715682,0,"HLA-A_CD8A","HLA-A - CD8A","MHC-I","Cell-Cell Contact","KEGG: hsa04514","PBMC_Early"
"CD56highCD16low NK","Naïve CD8 T","HLA-A","CD8A",0.124370020560046,0,"HLA-A_CD8A","HLA-A - CD8A","MHC-I","Cell-Cell Contact","KEGG: hsa04514","PBMC_Early"
"Classical Monocytes","Naïve CD8 T","HLA-A","CD8A",0.142087893806144,0,"HLA-A_CD8A","HLA-A - CD8A","MHC-I","Cell-Cell Contact","KEGG: hsa04514","PBMC_Early"
"CX3CR1+ NK","Naïve CD8 T","HLA-A","CD8A",0.199598778009335,0,"HLA-A_CD8A","HLA-A - CD8A","MHC-I","Cell-Cell Contact","KEGG: hsa04514","PBMC_Early"
"CXCR5- Naïve B","Naïve CD8 T","HLA-A","CD8A",0.149255118670796,0,"HLA-A_CD8A","HLA-A - CD8A","MHC-I","Cell-Cell Contact","KEGG: hsa04514","PBMC_Early"
"CXCR5+ Naïve B","Naïve CD8 T","HLA-A","CD8A",0.158428131989399,0,"HLA-A_CD8A","HLA-A - CD8A","MHC-I","Cell-Cell Contact","KEGG: hsa04514","PBMC_Early"
"CXCR6+ NK","Naïve CD8 T","HLA-A","CD8A",0.19237078476215,0,"HLA-A_CD8A","HLA-A - CD8A","MHC-I","Cell-Cell Contact","KEGG: hsa04514","PBMC_Early"
"DC2","Naïve CD8 T","HLA-A","CD8A",0.119696031869226,0,"HLA-A_CD8A","HLA-A - CD8A","MHC-I","Cell-Cell Contact","KEGG: hsa04514","PBMC_Early"
"Gamma Delta V1 T","Naïve CD8 T","HLA-A","CD8A",0.188263313694728,0,"HLA-A_CD8A","HLA-A - CD8A","MHC-I","Cell-Cell Contact","KEGG: hsa04514","PBMC_Early"
"Gamma Delta V2 T","Naïve CD8 T","HLA-A","CD8A",0.193646898218243,0,"HLA-A_CD8A","HLA-A - CD8A","MHC-I","Cell-Cell Contact","KEGG: hsa04514","PBMC_Early"
"HSC_MPP","Naïve CD8 T","HLA-A","CD8A",0.090505363676834,0,"HLA-A_CD8A","HLA-A - CD8A","MHC-I","Cell-Cell Contact","KEGG: hsa04514","PBMC_Early"
"ILC2/3","Naïve CD8 T","HLA-A","CD8A",0.16219153460306,0,"HLA-A_CD8A","HLA-A - CD8A","MHC-I","Cell-Cell Contact","KEGG: hsa04514","PBMC_Early"
"Late_ERY","Naïve CD8 T","HLA-A","CD8A",0.0217006631185721,0,"HLA-A_CD8A","HLA-A - CD8A","MHC-I","Cell-Cell Contact","KEGG: hsa04514","PBMC_Early"
"Megakaryocytes","Naïve CD8 T","HLA-A","CD8A",0.144817387762131,0,"HLA-A_CD8A","HLA-A - CD8A","MHC-I","Cell-Cell Contact","KEGG: hsa04514","PBMC_Early"
"MEMP","Naïve CD8 T","HLA-A","CD8A",0.043657963074689,0,"HLA-A_CD8A","HLA-A - CD8A","MHC-I","Cell-Cell Contact","KEGG: hsa04514","PBMC_Early"
"MEP","Naïve CD8 T","HLA-A","CD8A",0.0408689950726154,0,"HLA-A_CD8A","HLA-A - CD8A","MHC-I","Cell-Cell Contact","KEGG: hsa04514","PBMC_Early"
"Myeloid-CD177","Naïve CD8 T","HLA-A","CD8A",0.0418782055328469,0,"HLA-A_CD8A","HLA-A - CD8A","MHC-I","Cell-Cell Contact","KEGG: hsa04514","PBMC_Early"
"Naïve CD4 T","Naïve CD8 T","HLA-A","CD8A",0.18541782265184,0,"HLA-A_CD8A","HLA-A - CD8A","MHC-I","Cell-Cell Contact","KEGG: hsa04514","PBMC_Early"
"Naïve CD8 T","Naïve CD8 T","HLA-A","CD8A",0.192810748194371,0,"HLA-A_CD8A","HLA-A - CD8A","MHC-I","Cell-Cell Contact","KEGG: hsa04514","PBMC_Early"
"NK T","Naïve CD8 T","HLA-A","CD8A",0.20289195778428,0,"HLA-A_CD8A","HLA-A - CD8A","MHC-I","Cell-Cell Contact","KEGG: hsa04514","PBMC_Early"
"pDC","Naïve CD8 T","HLA-A","CD8A",0.0893662119407565,0,"HLA-A_CD8A","HLA-A - CD8A","MHC-I","Cell-Cell Contact","KEGG: hsa04514","PBMC_Early"
"Pro-B","Naïve CD8 T","HLA-A","CD8A",0.124029338092295,0,"HLA-A_CD8A","HLA-A - CD8A","MHC-I","Cell-Cell Contact","KEGG: hsa04514","PBMC_Early"
"Tem","Naïve CD8 T","HLA-A","CD8A",0.191407095371686,0,"HLA-A_CD8A","HLA-A - CD8A","MHC-I","Cell-Cell Contact","KEGG: hsa04514","PBMC_Early"
"Th17like_INNATE_T","Naïve CD8 T","HLA-A","CD8A",0.201330751879577,0,"HLA-A_CD8A","HLA-A - CD8A","MHC-I","Cell-Cell Contact","KEGG: hsa04514","PBMC_Early"
"Treg","Naïve CD8 T","HLA-A","CD8A",0.206760929051805,0,"HLA-A_CD8A","HLA-A - CD8A","MHC-I","Cell-Cell Contact","KEGG: hsa04514","PBMC_Early"
"abTentry","NK T","HLA-A","CD8A",0.0425310237373201,0,"HLA-A_CD8A","HLA-A - CD8A","MHC-I","Cell-Cell Contact","KEGG: hsa04514","PBMC_Early"
"CD14+PPBP+ Monocytes","NK T","HLA-A","CD8A",0.0431651969732879,0,"HLA-A_CD8A","HLA-A - CD8A","MHC-I","Cell-Cell Contact","KEGG: hsa04514","PBMC_Early"
"CD56highCD16low NK","NK T","HLA-A","CD8A",0.0345038295559655,0,"HLA-A_CD8A","HLA-A - CD8A","MHC-I","Cell-Cell Contact","KEGG: hsa04514","PBMC_Early"
"Classical Monocytes","NK T","HLA-A","CD8A",0.0400041720567807,0,"HLA-A_CD8A","HLA-A - CD8A","MHC-I","Cell-Cell Contact","KEGG: hsa04514","PBMC_Early"
"CX3CR1+ NK","NK T","HLA-A","CD8A",0.0590395662061698,0,"HLA-A_CD8A","HLA-A - CD8A","MHC-I","Cell-Cell Contact","KEGG: hsa04514","PBMC_Early"
"CXCR5- Naïve B","NK T","HLA-A","CD8A",0.0422758164606367,0,"HLA-A_CD8A","HLA-A - CD8A","MHC-I","Cell-Cell Contact","KEGG: hsa04514","PBMC_Early"
"CXCR5+ Naïve B","NK T","HLA-A","CD8A",0.0452235301049296,0,"HLA-A_CD8A","HLA-A - CD8A","MHC-I","Cell-Cell Contact","KEGG: hsa04514","PBMC_Early"
"CXCR6+ NK","NK T","HLA-A","CD8A",0.0565420198406553,0,"HLA-A_CD8A","HLA-A - CD8A","MHC-I","Cell-Cell Contact","KEGG: hsa04514","PBMC_Early"
"DC2","NK T","HLA-A","CD8A",0.0330795431147011,0,"HLA-A_CD8A","HLA-A - CD8A","MHC-I","Cell-Cell Contact","KEGG: hsa04514","PBMC_Early"
"Gamma Delta V1 T","NK T","HLA-A","CD8A",0.0551367474961671,0,"HLA-A_CD8A","HLA-A - CD8A","MHC-I","Cell-Cell Contact","KEGG: hsa04514","PBMC_Early"
"Gamma Delta V2 T","NK T","HLA-A","CD8A",0.0569806685187761,0,"HLA-A_CD8A","HLA-A - CD8A","MHC-I","Cell-Cell Contact","KEGG: hsa04514","PBMC_Early"
"HSC_MPP","NK T","HLA-A","CD8A",0.0244262030598454,0,"HLA-A_CD8A","HLA-A - CD8A","MHC-I","Cell-Cell Contact","KEGG: hsa04514","PBMC_Early"
"ILC2/3","NK T","HLA-A","CD8A",0.0464462114676675,0,"HLA-A_CD8A","HLA-A - CD8A","MHC-I","Cell-Cell Contact","KEGG: hsa04514","PBMC_Early"
"Late_ERY","NK T","HLA-A","CD8A",0.00555016362735323,0,"HLA-A_CD8A","HLA-A - CD8A","MHC-I","Cell-Cell Contact","KEGG: hsa04514","PBMC_Early"
"Megakaryocytes","NK T","HLA-A","CD8A",0.040866059877899,0,"HLA-A_CD8A","HLA-A - CD8A","MHC-I","Cell-Cell Contact","KEGG: hsa04514","PBMC_Early"
"MEMP","NK T","HLA-A","CD8A",0.01135564932878,0,"HLA-A_CD8A","HLA-A - CD8A","MHC-I","Cell-Cell Contact","KEGG: hsa04514","PBMC_Early"
"MEP","NK T","HLA-A","CD8A",0.0106073371899288,0,"HLA-A_CD8A","HLA-A - CD8A","MHC-I","Cell-Cell Contact","KEGG: hsa04514","PBMC_Early"
"Myeloid-CD177","NK T","HLA-A","CD8A",0.0108777476032475,0,"HLA-A_CD8A","HLA-A - CD8A","MHC-I","Cell-Cell Contact","KEGG: hsa04514","PBMC_Early"
"Naïve CD4 T","NK T","HLA-A","CD8A",0.0541691131922725,0,"HLA-A_CD8A","HLA-A - CD8A","MHC-I","Cell-Cell Contact","KEGG: hsa04514","PBMC_Early"
"Naïve CD8 T","NK T","HLA-A","CD8A",0.056693141392666,0,"HLA-A_CD8A","HLA-A - CD8A","MHC-I","Cell-Cell Contact","KEGG: hsa04514","PBMC_Early"
"NK T","NK T","HLA-A","CD8A",0.0601880489964454,0,"HLA-A_CD8A","HLA-A - CD8A","MHC-I","Cell-Cell Contact","KEGG: hsa04514","PBMC_Early"
"pDC","NK T","HLA-A","CD8A",0.0240967251996802,0,"HLA-A_CD8A","HLA-A - CD8A","MHC-I","Cell-Cell Contact","KEGG: hsa04514","PBMC_Early"
"Pro-B","NK T","HLA-A","CD8A",0.0343996435871615,0,"HLA-A_CD8A","HLA-A - CD8A","MHC-I","Cell-Cell Contact","KEGG: hsa04514","PBMC_Early"
"Tem","NK T","HLA-A","CD8A",0.0562114112946157,0,"HLA-A_CD8A","HLA-A - CD8A","MHC-I","Cell-Cell Contact","KEGG: hsa04514","PBMC_Early"
"Th17like_INNATE_T","NK T","HLA-A","CD8A",0.0596427539771712,0,"HLA-A_CD8A","HLA-A - CD8A","MHC-I","Cell-Cell Contact","KEGG: hsa04514","PBMC_Early"
"Treg","NK T","HLA-A","CD8A",0.061545893002618,0,"HLA-A_CD8A","HLA-A - CD8A","MHC-I","Cell-Cell Contact","KEGG: hsa04514","PBMC_Early"
"abTentry","CX3CR1+ NK","HLA-B","CD8A",0.0304216941099304,0,"HLA-B_CD8A","HLA-B - CD8A","MHC-I","Cell-Cell Contact","KEGG: hsa04514","PBMC_Early"
"CD14+PPBP+ Monocytes","CX3CR1+ NK","HLA-B","CD8A",0.0363347819630946,0,"HLA-B_CD8A","HLA-B - CD8A","MHC-I","Cell-Cell Contact","KEGG: hsa04514","PBMC_Early"
"CD56highCD16low NK","CX3CR1+ NK","HLA-B","CD8A",0.0259262646468851,0,"HLA-B_CD8A","HLA-B - CD8A","MHC-I","Cell-Cell Contact","KEGG: hsa04514","PBMC_Early"
"Classical Monocytes","CX3CR1+ NK","HLA-B","CD8A",0.0356854440610863,0,"HLA-B_CD8A","HLA-B - CD8A","MHC-I","Cell-Cell Contact","KEGG: hsa04514","PBMC_Early"
"CX3CR1+ NK","CX3CR1+ NK","HLA-B","CD8A",0.0464645288817546,0,"HLA-B_CD8A","HLA-B - CD8A","MHC-I","Cell-Cell Contact","KEGG: hsa04514","PBMC_Early"
"CXCR5- Naïve B","CX3CR1+ NK","HLA-B","CD8A",0.042352040980068,0,"HLA-B_CD8A","HLA-B - CD8A","MHC-I","Cell-Cell Contact","KEGG: hsa04514","PBMC_Early"
"CXCR5+ Naïve B","CX3CR1+ NK","HLA-B","CD8A",0.0399620542189018,0,"HLA-B_CD8A","HLA-B - CD8A","MHC-I","Cell-Cell Contact","KEGG: hsa04514","PBMC_Early"
"CXCR6+ NK","CX3CR1+ NK","HLA-B","CD8A",0.043033320115609,0,"HLA-B_CD8A","HLA-B - CD8A","MHC-I","Cell-Cell Contact","KEGG: hsa04514","PBMC_Early"
"DC2","CX3CR1+ NK","HLA-B","CD8A",0.0335597789170455,0,"HLA-B_CD8A","HLA-B - CD8A","MHC-I","Cell-Cell Contact","KEGG: hsa04514","PBMC_Early"
"Gamma Delta V1 T","CX3CR1+ NK","HLA-B","CD8A",0.0407898280297771,0,"HLA-B_CD8A","HLA-B - CD8A","MHC-I","Cell-Cell Contact","KEGG: hsa04514","PBMC_Early"
"Gamma Delta V2 T","CX3CR1+ NK","HLA-B","CD8A",0.0429161558022808,0,"HLA-B_CD8A","HLA-B - CD8A","MHC-I","Cell-Cell Contact","KEGG: hsa04514","PBMC_Early"
"HSC_MPP","CX3CR1+ NK","HLA-B","CD8A",0.0176647156804674,0,"HLA-B_CD8A","HLA-B - CD8A","MHC-I","Cell-Cell Contact","KEGG: hsa04514","PBMC_Early"
"ILC2/3","CX3CR1+ NK","HLA-B","CD8A",0.0368319544543102,0,"HLA-B_CD8A","HLA-B - CD8A","MHC-I","Cell-Cell Contact","KEGG: hsa04514","PBMC_Early"
"Megakaryocytes","CX3CR1+ NK","HLA-B","CD8A",0.0401443020394419,0,"HLA-B_CD8A","HLA-B - CD8A","MHC-I","Cell-Cell Contact","KEGG: hsa04514","PBMC_Early"
"MEMP","CX3CR1+ NK","HLA-B","CD8A",0.00759860579321085,0,"HLA-B_CD8A","HLA-B - CD8A","MHC-I","Cell-Cell Contact","KEGG: hsa04514","PBMC_Early"
"MEP","CX3CR1+ NK","HLA-B","CD8A",0.0131925719548957,0,"HLA-B_CD8A","HLA-B - CD8A","MHC-I","Cell-Cell Contact","KEGG: hsa04514","PBMC_Early"
"Myeloid-CD177","CX3CR1+ NK","HLA-B","CD8A",0.0218613037801582,0,"HLA-B_CD8A","HLA-B - CD8A","MHC-I","Cell-Cell Contact","KEGG: hsa04514","PBMC_Early"
"Naïve CD4 T","CX3CR1+ NK","HLA-B","CD8A",0.0394442595499714,0,"HLA-B_CD8A","HLA-B - CD8A","MHC-I","Cell-Cell Contact","KEGG: hsa04514","PBMC_Early"
"Naïve CD8 T","CX3CR1+ NK","HLA-B","CD8A",0.0399277147485323,0,"HLA-B_CD8A","HLA-B - CD8A","MHC-I","Cell-Cell Contact","KEGG: hsa04514","PBMC_Early"
"NK T","CX3CR1+ NK","HLA-B","CD8A",0.0453566877264345,0,"HLA-B_CD8A","HLA-B - CD8A","MHC-I","Cell-Cell Contact","KEGG: hsa04514","PBMC_Early"
"pDC","CX3CR1+ NK","HLA-B","CD8A",0.0312596751890414,0,"HLA-B_CD8A","HLA-B - CD8A","MHC-I","Cell-Cell Contact","KEGG: hsa04514","PBMC_Early"
"Pro-B","CX3CR1+ NK","HLA-B","CD8A",0.0332127648396378,0,"HLA-B_CD8A","HLA-B - CD8A","MHC-I","Cell-Cell Contact","KEGG: hsa04514","PBMC_Early"
"Tem","CX3CR1+ NK","HLA-B","CD8A",0.0442844957762294,0,"HLA-B_CD8A","HLA-B - CD8A","MHC-I","Cell-Cell Contact","KEGG: hsa04514","PBMC_Early"
"Th17like_INNATE_T","CX3CR1+ NK","HLA-B","CD8A",0.043652360444631,0,"HLA-B_CD8A","HLA-B - CD8A","MHC-I","Cell-Cell Contact","KEGG: hsa04514","PBMC_Early"
"Treg","CX3CR1+ NK","HLA-B","CD8A",0.0426873963366296,0,"HLA-B_CD8A","HLA-B - CD8A","MHC-I","Cell-Cell Contact","KEGG: hsa04514","PBMC_Early"
"abTentry","CXCR6+ NK","HLA-B","CD8A",0.0377638046126902,0,"HLA-B_CD8A","HLA-B - CD8A","MHC-I","Cell-Cell Contact","KEGG: hsa04514","PBMC_Early"
"CD14+PPBP+ Monocytes","CXCR6+ NK","HLA-B","CD8A",0.0450376945193899,0,"HLA-B_CD8A","HLA-B - CD8A","MHC-I","Cell-Cell Contact","KEGG: hsa04514","PBMC_Early"
"CD56highCD16low NK","CXCR6+ NK","HLA-B","CD8A",0.0322194809305639,0,"HLA-B_CD8A","HLA-B - CD8A","MHC-I","Cell-Cell Contact","KEGG: hsa04514","PBMC_Early"
"Classical Monocytes","CXCR6+ NK","HLA-B","CD8A",0.0442399671562193,0,"HLA-B_CD8A","HLA-B - CD8A","MHC-I","Cell-Cell Contact","KEGG: hsa04514","PBMC_Early"
"CX3CR1+ NK","CXCR6+ NK","HLA-B","CD8A",0.057449076940237,0,"HLA-B_CD8A","HLA-B - CD8A","MHC-I","Cell-Cell Contact","KEGG: hsa04514","PBMC_Early"
"CXCR5- Naïve B","CXCR6+ NK","HLA-B","CD8A",0.0524178124175565,0,"HLA-B_CD8A","HLA-B - CD8A","MHC-I","Cell-Cell Contact","KEGG: hsa04514","PBMC_Early"
"CXCR5+ Naïve B","CXCR6+ NK","HLA-B","CD8A",0.0494891539978483,0,"HLA-B_CD8A","HLA-B - CD8A","MHC-I","Cell-Cell Contact","KEGG: hsa04514","PBMC_Early"
"CXCR6+ NK","CXCR6+ NK","HLA-B","CD8A",0.0532520067089669,0,"HLA-B_CD8A","HLA-B - CD8A","MHC-I","Cell-Cell Contact","KEGG: hsa04514","PBMC_Early"
"DC2","CXCR6+ NK","HLA-B","CD8A",0.0416267335393757,0,"HLA-B_CD8A","HLA-B - CD8A","MHC-I","Cell-Cell Contact","KEGG: hsa04514","PBMC_Early"
"Gamma Delta V1 T","CXCR6+ NK","HLA-B","CD8A",0.0505038905886075,0,"HLA-B_CD8A","HLA-B - CD8A","MHC-I","Cell-Cell Contact","KEGG: hsa04514","PBMC_Early"
"Gamma Delta V2 T","CXCR6+ NK","HLA-B","CD8A",0.0531085645944769,0,"HLA-B_CD8A","HLA-B - CD8A","MHC-I","Cell-Cell Contact","KEGG: hsa04514","PBMC_Early"
"HSC_MPP","CXCR6+ NK","HLA-B","CD8A",0.0219978514082439,0,"HLA-B_CD8A","HLA-B - CD8A","MHC-I","Cell-Cell Contact","KEGG: hsa04514","PBMC_Early"
"ILC2/3","CXCR6+ NK","HLA-B","CD8A",0.0456483089516559,0,"HLA-B_CD8A","HLA-B - CD8A","MHC-I","Cell-Cell Contact","KEGG: hsa04514","PBMC_Early"
"Megakaryocytes","CXCR6+ NK","HLA-B","CD8A",0.0497126005160685,0,"HLA-B_CD8A","HLA-B - CD8A","MHC-I","Cell-Cell Contact","KEGG: hsa04514","PBMC_Early"
"MEMP","CXCR6+ NK","HLA-B","CD8A",0.00948638065207317,0,"HLA-B_CD8A","HLA-B - CD8A","MHC-I","Cell-Cell Contact","KEGG: hsa04514","PBMC_Early"
"MEP","CXCR6+ NK","HLA-B","CD8A",0.0164470627191928,0,"HLA-B_CD8A","HLA-B - CD8A","MHC-I","Cell-Cell Contact","KEGG: hsa04514","PBMC_Early"
"Myeloid-CD177","CXCR6+ NK","HLA-B","CD8A",0.0271953592174453,0,"HLA-B_CD8A","HLA-B - CD8A","MHC-I","Cell-Cell Contact","KEGG: hsa04514","PBMC_Early"
"Naïve CD4 T","CXCR6+ NK","HLA-B","CD8A",0.0488541969853674,0,"HLA-B_CD8A","HLA-B - CD8A","MHC-I","Cell-Cell Contact","KEGG: hsa04514","PBMC_Early"
"Naïve CD8 T","CXCR6+ NK","HLA-B","CD8A",0.0494470495284337,0,"HLA-B_CD8A","HLA-B - CD8A","MHC-I","Cell-Cell Contact","KEGG: hsa04514","PBMC_Early"
"NK T","CXCR6+ NK","HLA-B","CD8A",0.0560947413762,0,"HLA-B_CD8A","HLA-B - CD8A","MHC-I","Cell-Cell Contact","KEGG: hsa04514","PBMC_Early"
"pDC","CXCR6+ NK","HLA-B","CD8A",0.0387959355122892,0,"HLA-B_CD8A","HLA-B - CD8A","MHC-I","Cell-Cell Contact","KEGG: hsa04514","PBMC_Early"
"Pro-B","CXCR6+ NK","HLA-B","CD8A",0.0411998616900884,0,"HLA-B_CD8A","HLA-B - CD8A","MHC-I","Cell-Cell Contact","KEGG: hsa04514","PBMC_Early"
"Tem","CXCR6+ NK","HLA-B","CD8A",0.0547832781259133,0,"HLA-B_CD8A","HLA-B - CD8A","MHC-I","Cell-Cell Contact","KEGG: hsa04514","PBMC_Early"
"Th17like_INNATE_T","CXCR6+ NK","HLA-B","CD8A",0.0540097479728979,0,"HLA-B_CD8A","HLA-B - CD8A","MHC-I","Cell-Cell Contact","KEGG: hsa04514","PBMC_Early"
"Treg","CXCR6+ NK","HLA-B","CD8A",0.0528284745448641,0,"HLA-B_CD8A","HLA-B - CD8A","MHC-I","Cell-Cell Contact","KEGG: hsa04514","PBMC_Early"
"abTentry","Naïve CD8 T","HLA-B","CD8A",0.166282634317936,0,"HLA-B_CD8A","HLA-B - CD8A","MHC-I","Cell-Cell Contact","KEGG: hsa04514","PBMC_Early"
"CD14+PPBP+ Monocytes","Naïve CD8 T","HLA-B","CD8A",0.19333738754319,0,"HLA-B_CD8A","HLA-B - CD8A","MHC-I","Cell-Cell Contact","KEGG: hsa04514","PBMC_Early"
"CD56highCD16low NK","Naïve CD8 T","HLA-B","CD8A",0.14470729558718,0,"HLA-B_CD8A","HLA-B - CD8A","MHC-I","Cell-Cell Contact","KEGG: hsa04514","PBMC_Early"
"Classical Monocytes","Naïve CD8 T","HLA-B","CD8A",0.190436732303425,0,"HLA-B_CD8A","HLA-B - CD8A","MHC-I","Cell-Cell Contact","KEGG: hsa04514","PBMC_Early"
"CX3CR1+ NK","Naïve CD8 T","HLA-B","CD8A",0.23649589392641,0,"HLA-B_CD8A","HLA-B - CD8A","MHC-I","Cell-Cell Contact","KEGG: hsa04514","PBMC_Early"
"CXCR5- Naïve B","Naïve CD8 T","HLA-B","CD8A",0.21943467453171,0,"HLA-B_CD8A","HLA-B - CD8A","MHC-I","Cell-Cell Contact","KEGG: hsa04514","PBMC_Early"
"CXCR5+ Naïve B","Naïve CD8 T","HLA-B","CD8A",0.209235020654102,0,"HLA-B_CD8A","HLA-B - CD8A","MHC-I","Cell-Cell Contact","KEGG: hsa04514","PBMC_Early"
"CXCR6+ NK","Naïve CD8 T","HLA-B","CD8A",0.222303270971529,0,"HLA-B_CD8A","HLA-B - CD8A","MHC-I","Cell-Cell Contact","KEGG: hsa04514","PBMC_Early"
"DC2","Naïve CD8 T","HLA-B","CD8A",0.180821539546647,0,"HLA-B_CD8A","HLA-B - CD8A","MHC-I","Cell-Cell Contact","KEGG: hsa04514","PBMC_Early"
"Gamma Delta V1 T","Naïve CD8 T","HLA-B","CD8A",0.212791939938581,0,"HLA-B_CD8A","HLA-B - CD8A","MHC-I","Cell-Cell Contact","KEGG: hsa04514","PBMC_Early"
"Gamma Delta V2 T","Naïve CD8 T","HLA-B","CD8A",0.22181115057118,0,"HLA-B_CD8A","HLA-B - CD8A","MHC-I","Cell-Cell Contact","KEGG: hsa04514","PBMC_Early"
"HSC_MPP","Naïve CD8 T","HLA-B","CD8A",0.102581589869266,0,"HLA-B_CD8A","HLA-B - CD8A","MHC-I","Cell-Cell Contact","KEGG: hsa04514","PBMC_Early"
"ILC2/3","Naïve CD8 T","HLA-B","CD8A",0.195546913129702,0,"HLA-B_CD8A","HLA-B - CD8A","MHC-I","Cell-Cell Contact","KEGG: hsa04514","PBMC_Early"
"Megakaryocytes","Naïve CD8 T","HLA-B","CD8A",0.210020362727191,0,"HLA-B_CD8A","HLA-B - CD8A","MHC-I","Cell-Cell Contact","KEGG: hsa04514","PBMC_Early"
"MEMP","Naïve CD8 T","HLA-B","CD8A",0.046412467288841,0,"HLA-B_CD8A","HLA-B - CD8A","MHC-I","Cell-Cell Contact","KEGG: hsa04514","PBMC_Early"
"MEP","Naïve CD8 T","HLA-B","CD8A",0.0783253339077128,0,"HLA-B_CD8A","HLA-B - CD8A","MHC-I","Cell-Cell Contact","KEGG: hsa04514","PBMC_Early"
"Myeloid-CD177","Naïve CD8 T","HLA-B","CD8A",0.124397124345786,0,"HLA-B_CD8A","HLA-B - CD8A","MHC-I","Cell-Cell Contact","KEGG: hsa04514","PBMC_Early"
"Naïve CD4 T","Naïve CD8 T","HLA-B","CD8A",0.206996832997948,0,"HLA-B_CD8A","HLA-B - CD8A","MHC-I","Cell-Cell Contact","KEGG: hsa04514","PBMC_Early"
"Naïve CD8 T","Naïve CD8 T","HLA-B","CD8A",0.209086903623107,0,"HLA-B_CD8A","HLA-B - CD8A","MHC-I","Cell-Cell Contact","KEGG: hsa04514","PBMC_Early"
"NK T","Naïve CD8 T","HLA-B","CD8A",0.231959376131085,0,"HLA-B_CD8A","HLA-B - CD8A","MHC-I","Cell-Cell Contact","KEGG: hsa04514","PBMC_Early"
"pDC","Naïve CD8 T","HLA-B","CD8A",0.170206016516605,0,"HLA-B_CD8A","HLA-B - CD8A","MHC-I","Cell-Cell Contact","KEGG: hsa04514","PBMC_Early"
"Pro-B","Naïve CD8 T","HLA-B","CD8A",0.179234212185231,0,"HLA-B_CD8A","HLA-B - CD8A","MHC-I","Cell-Cell Contact","KEGG: hsa04514","PBMC_Early"
"Tem","Naïve CD8 T","HLA-B","CD8A",0.227527398131164,0,"HLA-B_CD8A","HLA-B - CD8A","MHC-I","Cell-Cell Contact","KEGG: hsa04514","PBMC_Early"
"Th17like_INNATE_T","Naïve CD8 T","HLA-B","CD8A",0.224895089795968,0,"HLA-B_CD8A","HLA-B - CD8A","MHC-I","Cell-Cell Contact","KEGG: hsa04514","PBMC_Early"
"Treg","Naïve CD8 T","HLA-B","CD8A",0.22084885259468,0,"HLA-B_CD8A","HLA-B - CD8A","MHC-I","Cell-Cell Contact","KEGG: hsa04514","PBMC_Early"
"abTentry","NK T","HLA-B","CD8A",0.0477842809815573,0,"HLA-B_CD8A","HLA-B - CD8A","MHC-I","Cell-Cell Contact","KEGG: hsa04514","PBMC_Early"
"CD14+PPBP+ Monocytes","NK T","HLA-B","CD8A",0.0568741879578569,0,"HLA-B_CD8A","HLA-B - CD8A","MHC-I","Cell-Cell Contact","KEGG: hsa04514","PBMC_Early"
"CD56highCD16low NK","NK T","HLA-B","CD8A",0.0408312198273645,0,"HLA-B_CD8A","HLA-B - CD8A","MHC-I","Cell-Cell Contact","KEGG: hsa04514","PBMC_Early"
"Classical Monocytes","NK T","HLA-B","CD8A",0.055879075175639,0,"HLA-B_CD8A","HLA-B - CD8A","MHC-I","Cell-Cell Contact","KEGG: hsa04514","PBMC_Early"
"CX3CR1+ NK","NK T","HLA-B","CD8A",0.0723004861240131,0,"HLA-B_CD8A","HLA-B - CD8A","MHC-I","Cell-Cell Contact","KEGG: hsa04514","PBMC_Early"
"CXCR5- Naïve B","NK T","HLA-B","CD8A",0.0660597254355157,0,"HLA-B_CD8A","HLA-B - CD8A","MHC-I","Cell-Cell Contact","KEGG: hsa04514","PBMC_Early"
"CXCR5+ Naïve B","NK T","HLA-B","CD8A",0.06241908090599,0,"HLA-B_CD8A","HLA-B - CD8A","MHC-I","Cell-Cell Contact","KEGG: hsa04514","PBMC_Early"
"CXCR6+ NK","NK T","HLA-B","CD8A",0.0670956492349755,0,"HLA-B_CD8A","HLA-B - CD8A","MHC-I","Cell-Cell Contact","KEGG: hsa04514","PBMC_Early"
"DC2","NK T","HLA-B","CD8A",0.0526161739610091,0,"HLA-B_CD8A","HLA-B - CD8A","MHC-I","Cell-Cell Contact","KEGG: hsa04514","PBMC_Early"
"Gamma Delta V1 T","NK T","HLA-B","CD8A",0.063681173525668,0,"HLA-B_CD8A","HLA-B - CD8A","MHC-I","Cell-Cell Contact","KEGG: hsa04514","PBMC_Early"
"Gamma Delta V2 T","NK T","HLA-B","CD8A",0.0669175529372702,0,"HLA-B_CD8A","HLA-B - CD8A","MHC-I","Cell-Cell Contact","KEGG: hsa04514","PBMC_Early"
"HSC_MPP","NK T","HLA-B","CD8A",0.0279564382332429,0,"HLA-B_CD8A","HLA-B - CD8A","MHC-I","Cell-Cell Contact","KEGG: hsa04514","PBMC_Early"
"ILC2/3","NK T","HLA-B","CD8A",0.0576355944042635,0,"HLA-B_CD8A","HLA-B - CD8A","MHC-I","Cell-Cell Contact","KEGG: hsa04514","PBMC_Early"
"Megakaryocytes","NK T","HLA-B","CD8A",0.0626970560360132,0,"HLA-B_CD8A","HLA-B - CD8A","MHC-I","Cell-Cell Contact","KEGG: hsa04514","PBMC_Early"
"MEMP","NK T","HLA-B","CD8A",0.012097890931289,0,"HLA-B_CD8A","HLA-B - CD8A","MHC-I","Cell-Cell Contact","KEGG: hsa04514","PBMC_Early"
"MEP","NK T","HLA-B","CD8A",0.0209342838435214,0,"HLA-B_CD8A","HLA-B - CD8A","MHC-I","Cell-Cell Contact","KEGG: hsa04514","PBMC_Early"
"Myeloid-CD177","NK T","HLA-B","CD8A",0.0345121208286005,0,"HLA-B_CD8A","HLA-B - CD8A","MHC-I","Cell-Cell Contact","KEGG: hsa04514","PBMC_Early"
"Naïve CD4 T","NK T","HLA-B","CD8A",0.0616289861999591,0,"HLA-B_CD8A","HLA-B - CD8A","MHC-I","Cell-Cell Contact","KEGG: hsa04514","PBMC_Early"
"Naïve CD8 T","NK T","HLA-B","CD8A",0.0623666976790576,0,"HLA-B_CD8A","HLA-B - CD8A","MHC-I","Cell-Cell Contact","KEGG: hsa04514","PBMC_Early"
"NK T","NK T","HLA-B","CD8A",0.0706222684059232,0,"HLA-B_CD8A","HLA-B - CD8A","MHC-I","Cell-Cell Contact","KEGG: hsa04514","PBMC_Early"
"pDC","NK T","HLA-B","CD8A",0.0490763156272652,0,"HLA-B_CD8A","HLA-B - CD8A","MHC-I","Cell-Cell Contact","KEGG: hsa04514","PBMC_Early"
"Pro-B","NK T","HLA-B","CD8A",0.0520827324678228,0,"HLA-B_CD8A","HLA-B - CD8A","MHC-I","Cell-Cell Contact","KEGG: hsa04514","PBMC_Early"
"Tem","NK T","HLA-B","CD8A",0.0689959866298606,0,"HLA-B_CD8A","HLA-B - CD8A","MHC-I","Cell-Cell Contact","KEGG: hsa04514","PBMC_Early"
"Th17like_INNATE_T","NK T","HLA-B","CD8A",0.0680362204689374,0,"HLA-B_CD8A","HLA-B - CD8A","MHC-I","Cell-Cell Contact","KEGG: hsa04514","PBMC_Early"
"Treg","NK T","HLA-B","CD8A",0.0665697554795471,0,"HLA-B_CD8A","HLA-B - CD8A","MHC-I","Cell-Cell Contact","KEGG: hsa04514","PBMC_Early"
"abTentry","CX3CR1+ NK","HLA-C","CD8A",0.0205366512157933,0,"HLA-C_CD8A","HLA-C - CD8A","MHC-I","Cell-Cell Contact","KEGG: hsa04514","PBMC_Early"
"CD14+PPBP+ Monocytes","CX3CR1+ NK","HLA-C","CD8A",0.0315206469287709,0,"HLA-C_CD8A","HLA-C - CD8A","MHC-I","Cell-Cell Contact","KEGG: hsa04514","PBMC_Early"
"CD56highCD16low NK","CX3CR1+ NK","HLA-C","CD8A",0.0226305053452742,0,"HLA-C_CD8A","HLA-C - CD8A","MHC-I","Cell-Cell Contact","KEGG: hsa04514","PBMC_Early"
"Classical Monocytes","CX3CR1+ NK","HLA-C","CD8A",0.0289021942634373,0,"HLA-C_CD8A","HLA-C - CD8A","MHC-I","Cell-Cell Contact","KEGG: hsa04514","PBMC_Early"
"CX3CR1+ NK","CX3CR1+ NK","HLA-C","CD8A",0.0385571989177498,0,"HLA-C_CD8A","HLA-C - CD8A","MHC-I","Cell-Cell Contact","KEGG: hsa04514","PBMC_Early"
"CXCR5- Naïve B","CX3CR1+ NK","HLA-C","CD8A",0.0310353379980592,0,"HLA-C_CD8A","HLA-C - CD8A","MHC-I","Cell-Cell Contact","KEGG: hsa04514","PBMC_Early"
"CXCR5+ Naïve B","CX3CR1+ NK","HLA-C","CD8A",0.028693597157179,0,"HLA-C_CD8A","HLA-C - CD8A","MHC-I","Cell-Cell Contact","KEGG: hsa04514","PBMC_Early"
"CXCR6+ NK","CX3CR1+ NK","HLA-C","CD8A",0.037066669579535,0,"HLA-C_CD8A","HLA-C - CD8A","MHC-I","Cell-Cell Contact","KEGG: hsa04514","PBMC_Early"
"DC2","CX3CR1+ NK","HLA-C","CD8A",0.025928978544582,0,"HLA-C_CD8A","HLA-C - CD8A","MHC-I","Cell-Cell Contact","KEGG: hsa04514","PBMC_Early"
"Early_ERY","CX3CR1+ NK","HLA-C","CD8A",0.00141214549896325,0,"HLA-C_CD8A","HLA-C - CD8A","MHC-I","Cell-Cell Contact","KEGG: hsa04514","PBMC_Early"
"Gamma Delta V1 T","CX3CR1+ NK","HLA-C","CD8A",0.0331929990506489,0,"HLA-C_CD8A","HLA-C - CD8A","MHC-I","Cell-Cell Contact","KEGG: hsa04514","PBMC_Early"
"Gamma Delta V2 T","CX3CR1+ NK","HLA-C","CD8A",0.034839313908474,0,"HLA-C_CD8A","HLA-C - CD8A","MHC-I","Cell-Cell Contact","KEGG: hsa04514","PBMC_Early"
"HSC_MPP","CX3CR1+ NK","HLA-C","CD8A",0.0162422506018326,0,"HLA-C_CD8A","HLA-C - CD8A","MHC-I","Cell-Cell Contact","KEGG: hsa04514","PBMC_Early"
"ILC2/3","CX3CR1+ NK","HLA-C","CD8A",0.0280212916268837,0,"HLA-C_CD8A","HLA-C - CD8A","MHC-I","Cell-Cell Contact","KEGG: hsa04514","PBMC_Early"
"Megakaryocytes","CX3CR1+ NK","HLA-C","CD8A",0.0313207257479745,0,"HLA-C_CD8A","HLA-C - CD8A","MHC-I","Cell-Cell Contact","KEGG: hsa04514","PBMC_Early"
"MEMP","CX3CR1+ NK","HLA-C","CD8A",0.0106346492504846,0,"HLA-C_CD8A","HLA-C - CD8A","MHC-I","Cell-Cell Contact","KEGG: hsa04514","PBMC_Early"
"MEP","CX3CR1+ NK","HLA-C","CD8A",0.0144412190015792,0,"HLA-C_CD8A","HLA-C - CD8A","MHC-I","Cell-Cell Contact","KEGG: hsa04514","PBMC_Early"
"Myeloid-CD177","CX3CR1+ NK","HLA-C","CD8A",0.00716524938641827,0,"HLA-C_CD8A","HLA-C - CD8A","MHC-I","Cell-Cell Contact","KEGG: hsa04514","PBMC_Early"
"Naïve CD4 T","CX3CR1+ NK","HLA-C","CD8A",0.0308029235906068,0,"HLA-C_CD8A","HLA-C - CD8A","MHC-I","Cell-Cell Contact","KEGG: hsa04514","PBMC_Early"
"Naïve CD8 T","CX3CR1+ NK","HLA-C","CD8A",0.0317814666239344,0,"HLA-C_CD8A","HLA-C - CD8A","MHC-I","Cell-Cell Contact","KEGG: hsa04514","PBMC_Early"
"NK T","CX3CR1+ NK","HLA-C","CD8A",0.0365198991508463,0,"HLA-C_CD8A","HLA-C - CD8A","MHC-I","Cell-Cell Contact","KEGG: hsa04514","PBMC_Early"
"pDC","CX3CR1+ NK","HLA-C","CD8A",0.0222394218474373,0,"HLA-C_CD8A","HLA-C - CD8A","MHC-I","Cell-Cell Contact","KEGG: hsa04514","PBMC_Early"
"Pro-B","CX3CR1+ NK","HLA-C","CD8A",0.0246269184493453,0,"HLA-C_CD8A","HLA-C - CD8A","MHC-I","Cell-Cell Contact","KEGG: hsa04514","PBMC_Early"
"Tem","CX3CR1+ NK","HLA-C","CD8A",0.0354733503222256,0,"HLA-C_CD8A","HLA-C - CD8A","MHC-I","Cell-Cell Contact","KEGG: hsa04514","PBMC_Early"
"Th17like_INNATE_T","CX3CR1+ NK","HLA-C","CD8A",0.034480964585108,0,"HLA-C_CD8A","HLA-C - CD8A","MHC-I","Cell-Cell Contact","KEGG: hsa04514","PBMC_Early"
"Treg","CX3CR1+ NK","HLA-C","CD8A",0.0336666094273631,0,"HLA-C_CD8A","HLA-C - CD8A","MHC-I","Cell-Cell Contact","KEGG: hsa04514","PBMC_Early"
"abTentry","CXCR6+ NK","HLA-C","CD8A",0.025555942168218,0,"HLA-C_CD8A","HLA-C - CD8A","MHC-I","Cell-Cell Contact","KEGG: hsa04514","PBMC_Early"
"CD14+PPBP+ Monocytes","CXCR6+ NK","HLA-C","CD8A",0.0391172832625774,0,"HLA-C_CD8A","HLA-C - CD8A","MHC-I","Cell-Cell Contact","KEGG: hsa04514","PBMC_Early"
"CD56highCD16low NK","CXCR6+ NK","HLA-C","CD8A",0.028146841641462,0,"HLA-C_CD8A","HLA-C - CD8A","MHC-I","Cell-Cell Contact","KEGG: hsa04514","PBMC_Early"
"Classical Monocytes","CXCR6+ NK","HLA-C","CD8A",0.0358911568291415,0,"HLA-C_CD8A","HLA-C - CD8A","MHC-I","Cell-Cell Contact","KEGG: hsa04514","PBMC_Early"
"CX3CR1+ NK","CXCR6+ NK","HLA-C","CD8A",0.0477660399082151,0,"HLA-C_CD8A","HLA-C - CD8A","MHC-I","Cell-Cell Contact","KEGG: hsa04514","PBMC_Early"
"CXCR5- Naïve B","CXCR6+ NK","HLA-C","CD8A",0.0385196643765901,0,"HLA-C_CD8A","HLA-C - CD8A","MHC-I","Cell-Cell Contact","KEGG: hsa04514","PBMC_Early"
"CXCR5+ Naïve B","CXCR6+ NK","HLA-C","CD8A",0.0356339689050935,0,"HLA-C_CD8A","HLA-C - CD8A","MHC-I","Cell-Cell Contact","KEGG: hsa04514","PBMC_Early"
"CXCR6+ NK","CXCR6+ NK","HLA-C","CD8A",0.0459365275851545,0,"HLA-C_CD8A","HLA-C - CD8A","MHC-I","Cell-Cell Contact","KEGG: hsa04514","PBMC_Early"
"DC2","CXCR6+ NK","HLA-C","CD8A",0.0322228317946343,0,"HLA-C_CD8A","HLA-C - CD8A","MHC-I","Cell-Cell Contact","KEGG: hsa04514","PBMC_Early"
"Early_ERY","CXCR6+ NK","HLA-C","CD8A",0.00176570927431799,0,"HLA-C_CD8A","HLA-C - CD8A","MHC-I","Cell-Cell Contact","KEGG: hsa04514","PBMC_Early"
"Gamma Delta V1 T","CXCR6+ NK","HLA-C","CD8A",0.0411755450146629,0,"HLA-C_CD8A","HLA-C - CD8A","MHC-I","Cell-Cell Contact","KEGG: hsa04514","PBMC_Early"
"Gamma Delta V2 T","CXCR6+ NK","HLA-C","CD8A",0.0432000892166879,0,"HLA-C_CD8A","HLA-C - CD8A","MHC-I","Cell-Cell Contact","KEGG: hsa04514","PBMC_Early"
"HSC_MPP","CXCR6+ NK","HLA-C","CD8A",0.0202336442439078,0,"HLA-C_CD8A","HLA-C - CD8A","MHC-I","Cell-Cell Contact","KEGG: hsa04514","PBMC_Early"
"ILC2/3","CXCR6+ NK","HLA-C","CD8A",0.034804873988827,0,"HLA-C_CD8A","HLA-C - CD8A","MHC-I","Cell-Cell Contact","KEGG: hsa04514","PBMC_Early"
"Megakaryocytes","CXCR6+ NK","HLA-C","CD8A",0.038871113904623,0,"HLA-C_CD8A","HLA-C - CD8A","MHC-I","Cell-Cell Contact","KEGG: hsa04514","PBMC_Early"
"MEMP","CXCR6+ NK","HLA-C","CD8A",0.0132666064882001,0,"HLA-C_CD8A","HLA-C - CD8A","MHC-I","Cell-Cell Contact","KEGG: hsa04514","PBMC_Early"
"MEP","CXCR6+ NK","HLA-C","CD8A",0.0179981218617846,0,"HLA-C_CD8A","HLA-C - CD8A","MHC-I","Cell-Cell Contact","KEGG: hsa04514","PBMC_Early"
"Myeloid-CD177","CXCR6+ NK","HLA-C","CD8A",0.00894633303072944,0,"HLA-C_CD8A","HLA-C - CD8A","MHC-I","Cell-Cell Contact","KEGG: hsa04514","PBMC_Early"
"Naïve CD4 T","CXCR6+ NK","HLA-C","CD8A",0.038233413614954,0,"HLA-C_CD8A","HLA-C - CD8A","MHC-I","Cell-Cell Contact","KEGG: hsa04514","PBMC_Early"
"Naïve CD8 T","CXCR6+ NK","HLA-C","CD8A",0.0394384020935648,0,"HLA-C_CD8A","HLA-C - CD8A","MHC-I","Cell-Cell Contact","KEGG: hsa04514","PBMC_Early"
"NK T","CXCR6+ NK","HLA-C","CD8A",0.0452650683087739,0,"HLA-C_CD8A","HLA-C - CD8A","MHC-I","Cell-Cell Contact","KEGG: hsa04514","PBMC_Early"
"pDC","CXCR6+ NK","HLA-C","CD8A",0.0276631271029144,0,"HLA-C_CD8A","HLA-C - CD8A","MHC-I","Cell-Cell Contact","KEGG: hsa04514","PBMC_Early"
"Pro-B","CXCR6+ NK","HLA-C","CD8A",0.0306146504822077,0,"HLA-C_CD8A","HLA-C - CD8A","MHC-I","Cell-Cell Contact","KEGG: hsa04514","PBMC_Early"
"Tem","CXCR6+ NK","HLA-C","CD8A",0.0439793490525041,0,"HLA-C_CD8A","HLA-C - CD8A","MHC-I","Cell-Cell Contact","KEGG: hsa04514","PBMC_Early"
"Th17like_INNATE_T","CXCR6+ NK","HLA-C","CD8A",0.0427595527753459,0,"HLA-C_CD8A","HLA-C - CD8A","MHC-I","Cell-Cell Contact","KEGG: hsa04514","PBMC_Early"
"Treg","CXCR6+ NK","HLA-C","CD8A",0.0417581339432152,0,"HLA-C_CD8A","HLA-C - CD8A","MHC-I","Cell-Cell Contact","KEGG: hsa04514","PBMC_Early"
"abTentry","Naïve CD8 T","HLA-C","CD8A",0.117606489425721,0,"HLA-C_CD8A","HLA-C - CD8A","MHC-I","Cell-Cell Contact","KEGG: hsa04514","PBMC_Early"
"CD14+PPBP+ Monocytes","Naïve CD8 T","HLA-C","CD8A",0.171421718447153,0,"HLA-C_CD8A","HLA-C - CD8A","MHC-I","Cell-Cell Contact","KEGG: hsa04514","PBMC_Early"
"CD56highCD16low NK","Naïve CD8 T","HLA-C","CD8A",0.128300876801132,0,"HLA-C_CD8A","HLA-C - CD8A","MHC-I","Cell-Cell Contact","KEGG: hsa04514","PBMC_Early"
"Classical Monocytes","Naïve CD8 T","HLA-C","CD8A",0.159090622634624,0,"HLA-C_CD8A","HLA-C - CD8A","MHC-I","Cell-Cell Contact","KEGG: hsa04514","PBMC_Early"
"CX3CR1+ NK","Naïve CD8 T","HLA-C","CD8A",0.203138563525465,0,"HLA-C_CD8A","HLA-C - CD8A","MHC-I","Cell-Cell Contact","KEGG: hsa04514","PBMC_Early"
"CXCR5- Naïve B","Naïve CD8 T","HLA-C","CD8A",0.169158642267036,0,"HLA-C_CD8A","HLA-C - CD8A","MHC-I","Cell-Cell Contact","KEGG: hsa04514","PBMC_Early"
"CXCR5+ Naïve B","Naïve CD8 T","HLA-C","CD8A",0.158095380655977,0,"HLA-C_CD8A","HLA-C - CD8A","MHC-I","Cell-Cell Contact","KEGG: hsa04514","PBMC_Early"
"CXCR6+ NK","Naïve CD8 T","HLA-C","CD8A",0.196586618095705,0,"HLA-C_CD8A","HLA-C - CD8A","MHC-I","Cell-Cell Contact","KEGG: hsa04514","PBMC_Early"
"DC2","Naïve CD8 T","HLA-C","CD8A",0.144720595884222,0,"HLA-C_CD8A","HLA-C - CD8A","MHC-I","Cell-Cell Contact","KEGG: hsa04514","PBMC_Early"
"Early_ERY","Naïve CD8 T","HLA-C","CD8A",0.00890910740959189,0,"HLA-C_CD8A","HLA-C - CD8A","MHC-I","Cell-Cell Contact","KEGG: hsa04514","PBMC_Early"
"Gamma Delta V1 T","Naïve CD8 T","HLA-C","CD8A",0.179143647806507,0,"HLA-C_CD8A","HLA-C - CD8A","MHC-I","Cell-Cell Contact","KEGG: hsa04514","PBMC_Early"
"Gamma Delta V2 T","Naïve CD8 T","HLA-C","CD8A",0.186631470615523,0,"HLA-C_CD8A","HLA-C - CD8A","MHC-I","Cell-Cell Contact","KEGG: hsa04514","PBMC_Early"
"HSC_MPP","Naïve CD8 T","HLA-C","CD8A",0.0949822950015641,0,"HLA-C_CD8A","HLA-C - CD8A","MHC-I","Cell-Cell Contact","KEGG: hsa04514","PBMC_Early"
"ILC2/3","Naïve CD8 T","HLA-C","CD8A",0.154874569319158,0,"HLA-C_CD8A","HLA-C - CD8A","MHC-I","Cell-Cell Contact","KEGG: hsa04514","PBMC_Early"
"Megakaryocytes","Naïve CD8 T","HLA-C","CD8A",0.170490673181486,0,"HLA-C_CD8A","HLA-C - CD8A","MHC-I","Cell-Cell Contact","KEGG: hsa04514","PBMC_Early"
"MEMP","Naïve CD8 T","HLA-C","CD8A",0.0639572388475494,0,"HLA-C_CD8A","HLA-C - CD8A","MHC-I","Cell-Cell Contact","KEGG: hsa04514","PBMC_Early"
"MEP","Naïve CD8 T","HLA-C","CD8A",0.0852063580799775,0,"HLA-C_CD8A","HLA-C - CD8A","MHC-I","Cell-Cell Contact","KEGG: hsa04514","PBMC_Early"
"Myeloid-CD177","Naïve CD8 T","HLA-C","CD8A",0.0438633550566802,0,"HLA-C_CD8A","HLA-C - CD8A","MHC-I","Cell-Cell Contact","KEGG: hsa04514","PBMC_Early"
"Naïve CD4 T","Naïve CD8 T","HLA-C","CD8A",0.168071278692883,0,"HLA-C_CD8A","HLA-C - CD8A","MHC-I","Cell-Cell Contact","KEGG: hsa04514","PBMC_Early"
"Naïve CD8 T","Naïve CD8 T","HLA-C","CD8A",0.172633810163267,0,"HLA-C_CD8A","HLA-C - CD8A","MHC-I","Cell-Cell Contact","KEGG: hsa04514","PBMC_Early"
"NK T","Naïve CD8 T","HLA-C","CD8A",0.194161232407624,0,"HLA-C_CD8A","HLA-C - CD8A","MHC-I","Cell-Cell Contact","KEGG: hsa04514","PBMC_Early"
"pDC","Naïve CD8 T","HLA-C","CD8A",0.12631969245889,0,"HLA-C_CD8A","HLA-C - CD8A","MHC-I","Cell-Cell Contact","KEGG: hsa04514","PBMC_Early"
"Pro-B","Naïve CD8 T","HLA-C","CD8A",0.138300209211216,0,"HLA-C_CD8A","HLA-C - CD8A","MHC-I","Cell-Cell Contact","KEGG: hsa04514","PBMC_Early"
"Tem","Naïve CD8 T","HLA-C","CD8A",0.189485615271348,0,"HLA-C_CD8A","HLA-C - CD8A","MHC-I","Cell-Cell Contact","KEGG: hsa04514","PBMC_Early"
"Th17like_INNATE_T","Naïve CD8 T","HLA-C","CD8A",0.185011106102664,0,"HLA-C_CD8A","HLA-C - CD8A","MHC-I","Cell-Cell Contact","KEGG: hsa04514","PBMC_Early"
"Treg","Naïve CD8 T","HLA-C","CD8A",0.181309201975136,0,"HLA-C_CD8A","HLA-C - CD8A","MHC-I","Cell-Cell Contact","KEGG: hsa04514","PBMC_Early"
"abTentry","NK T","HLA-C","CD8A",0.0324463390388724,0,"HLA-C_CD8A","HLA-C - CD8A","MHC-I","Cell-Cell Contact","KEGG: hsa04514","PBMC_Early"
"CD14+PPBP+ Monocytes","NK T","HLA-C","CD8A",0.0494784327621469,0,"HLA-C_CD8A","HLA-C - CD8A","MHC-I","Cell-Cell Contact","KEGG: hsa04514","PBMC_Early"
"CD56highCD16low NK","NK T","HLA-C","CD8A",0.03571019730922,0,"HLA-C_CD8A","HLA-C - CD8A","MHC-I","Cell-Cell Contact","KEGG: hsa04514","PBMC_Early"
"Classical Monocytes","NK T","HLA-C","CD8A",0.0454381978353152,0,"HLA-C_CD8A","HLA-C - CD8A","MHC-I","Cell-Cell Contact","KEGG: hsa04514","PBMC_Early"
"CX3CR1+ NK","NK T","HLA-C","CD8A",0.0602743204074152,0,"HLA-C_CD8A","HLA-C - CD8A","MHC-I","Cell-Cell Contact","KEGG: hsa04514","PBMC_Early"
"CXCR5- Naïve B","NK T","HLA-C","CD8A",0.0487305479605373,0,"HLA-C_CD8A","HLA-C - CD8A","MHC-I","Cell-Cell Contact","KEGG: hsa04514","PBMC_Early"
"CXCR5+ Naïve B","NK T","HLA-C","CD8A",0.045115799331408,0,"HLA-C_CD8A","HLA-C - CD8A","MHC-I","Cell-Cell Contact","KEGG: hsa04514","PBMC_Early"
"CXCR6+ NK","NK T","HLA-C","CD8A",0.0579949001175605,0,"HLA-C_CD8A","HLA-C - CD8A","MHC-I","Cell-Cell Contact","KEGG: hsa04514","PBMC_Early"
"DC2","NK T","HLA-C","CD8A",0.0408354285313657,0,"HLA-C_CD8A","HLA-C - CD8A","MHC-I","Cell-Cell Contact","KEGG: hsa04514","PBMC_Early"
"Early_ERY","NK T","HLA-C","CD8A",0.00225663447523579,0,"HLA-C_CD8A","HLA-C - CD8A","MHC-I","Cell-Cell Contact","KEGG: hsa04514","PBMC_Early"
"Gamma Delta V1 T","NK T","HLA-C","CD8A",0.0520523412952369,0,"HLA-C_CD8A","HLA-C - CD8A","MHC-I","Cell-Cell Contact","KEGG: hsa04514","PBMC_Early"
"Gamma Delta V2 T","NK T","HLA-C","CD8A",0.0545812390194938,0,"HLA-C_CD8A","HLA-C - CD8A","MHC-I","Cell-Cell Contact","KEGG: hsa04514","PBMC_Early"
"HSC_MPP","NK T","HLA-C","CD8A",0.0257269286999489,0,"HLA-C_CD8A","HLA-C - CD8A","MHC-I","Cell-Cell Contact","KEGG: hsa04514","PBMC_Early"
"ILC2/3","NK T","HLA-C","CD8A",0.0440761739399072,0,"HLA-C_CD8A","HLA-C - CD8A","MHC-I","Cell-Cell Contact","KEGG: hsa04514","PBMC_Early"
"Megakaryocytes","NK T","HLA-C","CD8A",0.0491703961715776,0,"HLA-C_CD8A","HLA-C - CD8A","MHC-I","Cell-Cell Contact","KEGG: hsa04514","PBMC_Early"
"MEMP","NK T","HLA-C","CD8A",0.0169010202854193,0,"HLA-C_CD8A","HLA-C - CD8A","MHC-I","Cell-Cell Contact","KEGG: hsa04514","PBMC_Early"
"MEP","NK T","HLA-C","CD8A",0.0228986634046268,0,"HLA-C_CD8A","HLA-C - CD8A","MHC-I","Cell-Cell Contact","KEGG: hsa04514","PBMC_Early"
"Myeloid-CD177","NK T","HLA-C","CD8A",0.0114108860446954,0,"HLA-C_CD8A","HLA-C - CD8A","MHC-I","Cell-Cell Contact","KEGG: hsa04514","PBMC_Early"
"Naïve CD4 T","NK T","HLA-C","CD8A",0.0483722347078711,0,"HLA-C_CD8A","HLA-C - CD8A","MHC-I","Cell-Cell Contact","KEGG: hsa04514","PBMC_Early"
"Naïve CD8 T","NK T","HLA-C","CD8A",0.049880192281785,0,"HLA-C_CD8A","HLA-C - CD8A","MHC-I","Cell-Cell Contact","KEGG: hsa04514","PBMC_Early"
"NK T","NK T","HLA-C","CD8A",0.0571577418966475,0,"HLA-C_CD8A","HLA-C - CD8A","MHC-I","Cell-Cell Contact","KEGG: hsa04514","PBMC_Early"
"pDC","NK T","HLA-C","CD8A",0.0351011980944769,0,"HLA-C_CD8A","HLA-C - CD8A","MHC-I","Cell-Cell Contact","KEGG: hsa04514","PBMC_Early"
"Pro-B","NK T","HLA-C","CD8A",0.0388146481533263,0,"HLA-C_CD8A","HLA-C - CD8A","MHC-I","Cell-Cell Contact","KEGG: hsa04514","PBMC_Early"
"Tem","NK T","HLA-C","CD8A",0.0555538763944652,0,"HLA-C_CD8A","HLA-C - CD8A","MHC-I","Cell-Cell Contact","KEGG: hsa04514","PBMC_Early"
"Th17like_INNATE_T","NK T","HLA-C","CD8A",0.0540311963780149,0,"HLA-C_CD8A","HLA-C - CD8A","MHC-I","Cell-Cell Contact","KEGG: hsa04514","PBMC_Early"
"Treg","NK T","HLA-C","CD8A",0.0527803535588195,0,"HLA-C_CD8A","HLA-C - CD8A","MHC-I","Cell-Cell Contact","KEGG: hsa04514","PBMC_Early"
"abTentry","CX3CR1+ NK","HLA-E","CD8A",0.0209591556020923,0,"HLA-E_CD8A","HLA-E - CD8A","MHC-I","Cell-Cell Contact","KEGG: hsa04514","PBMC_Early"
"CD14+PPBP+ Monocytes","CX3CR1+ NK","HLA-E","CD8A",0.0286208527370433,0,"HLA-E_CD8A","HLA-E - CD8A","MHC-I","Cell-Cell Contact","KEGG: hsa04514","PBMC_Early"
"CD56highCD16low NK","CX3CR1+ NK","HLA-E","CD8A",0.0196388842780543,0,"HLA-E_CD8A","HLA-E - CD8A","MHC-I","Cell-Cell Contact","KEGG: hsa04514","PBMC_Early"
"Classical Monocytes","CX3CR1+ NK","HLA-E","CD8A",0.0204543871676624,0,"HLA-E_CD8A","HLA-E - CD8A","MHC-I","Cell-Cell Contact","KEGG: hsa04514","PBMC_Early"
"CX3CR1+ NK","CX3CR1+ NK","HLA-E","CD8A",0.0297804588794868,0,"HLA-E_CD8A","HLA-E - CD8A","MHC-I","Cell-Cell Contact","KEGG: hsa04514","PBMC_Early"
"CXCR5- Naïve B","CX3CR1+ NK","HLA-E","CD8A",0.0247259545919386,0,"HLA-E_CD8A","HLA-E - CD8A","MHC-I","Cell-Cell Contact","KEGG: hsa04514","PBMC_Early"
"CXCR5+ Naïve B","CX3CR1+ NK","HLA-E","CD8A",0.0237087891576743,0,"HLA-E_CD8A","HLA-E - CD8A","MHC-I","Cell-Cell Contact","KEGG: hsa04514","PBMC_Early"
"CXCR6+ NK","CX3CR1+ NK","HLA-E","CD8A",0.0275778629063183,0,"HLA-E_CD8A","HLA-E - CD8A","MHC-I","Cell-Cell Contact","KEGG: hsa04514","PBMC_Early"
"DC2","CX3CR1+ NK","HLA-E","CD8A",0.0162754937579042,0,"HLA-E_CD8A","HLA-E - CD8A","MHC-I","Cell-Cell Contact","KEGG: hsa04514","PBMC_Early"
"Gamma Delta V1 T","CX3CR1+ NK","HLA-E","CD8A",0.0269420737773701,0,"HLA-E_CD8A","HLA-E - CD8A","MHC-I","Cell-Cell Contact","KEGG: hsa04514","PBMC_Early"
"Gamma Delta V2 T","CX3CR1+ NK","HLA-E","CD8A",0.0280352707106111,0,"HLA-E_CD8A","HLA-E - CD8A","MHC-I","Cell-Cell Contact","KEGG: hsa04514","PBMC_Early"
"HSC_MPP","CX3CR1+ NK","HLA-E","CD8A",0.0128621173113574,0,"HLA-E_CD8A","HLA-E - CD8A","MHC-I","Cell-Cell Contact","KEGG: hsa04514","PBMC_Early"
"ILC2/3","CX3CR1+ NK","HLA-E","CD8A",0.024371353940218,0,"HLA-E_CD8A","HLA-E - CD8A","MHC-I","Cell-Cell Contact","KEGG: hsa04514","PBMC_Early"
"Megakaryocytes","CX3CR1+ NK","HLA-E","CD8A",0.0344027889987171,0,"HLA-E_CD8A","HLA-E - CD8A","MHC-I","Cell-Cell Contact","KEGG: hsa04514","PBMC_Early"
"MEMP","CX3CR1+ NK","HLA-E","CD8A",0.00738179568140533,0,"HLA-E_CD8A","HLA-E - CD8A","MHC-I","Cell-Cell Contact","KEGG: hsa04514","PBMC_Early"
"MEP","CX3CR1+ NK","HLA-E","CD8A",0.0176975789427739,0,"HLA-E_CD8A","HLA-E - CD8A","MHC-I","Cell-Cell Contact","KEGG: hsa04514","PBMC_Early"
"Myeloid-CD177","CX3CR1+ NK","HLA-E","CD8A",0.0136837992535531,0,"HLA-E_CD8A","HLA-E - CD8A","MHC-I","Cell-Cell Contact","KEGG: hsa04514","PBMC_Early"
"Naïve CD4 T","CX3CR1+ NK","HLA-E","CD8A",0.0285410957185658,0,"HLA-E_CD8A","HLA-E - CD8A","MHC-I","Cell-Cell Contact","KEGG: hsa04514","PBMC_Early"
"Naïve CD8 T","CX3CR1+ NK","HLA-E","CD8A",0.0282651056235295,0,"HLA-E_CD8A","HLA-E - CD8A","MHC-I","Cell-Cell Contact","KEGG: hsa04514","PBMC_Early"
"NK T","CX3CR1+ NK","HLA-E","CD8A",0.0294552348458205,0,"HLA-E_CD8A","HLA-E - CD8A","MHC-I","Cell-Cell Contact","KEGG: hsa04514","PBMC_Early"
"pDC","CX3CR1+ NK","HLA-E","CD8A",0.014600375639235,0,"HLA-E_CD8A","HLA-E - CD8A","MHC-I","Cell-Cell Contact","KEGG: hsa04514","PBMC_Early"
"Pro-B","CX3CR1+ NK","HLA-E","CD8A",0.0123049769628559,0,"HLA-E_CD8A","HLA-E - CD8A","MHC-I","Cell-Cell Contact","KEGG: hsa04514","PBMC_Early"
"Tem","CX3CR1+ NK","HLA-E","CD8A",0.0285960433443652,0,"HLA-E_CD8A","HLA-E - CD8A","MHC-I","Cell-Cell Contact","KEGG: hsa04514","PBMC_Early"
"Th17like_INNATE_T","CX3CR1+ NK","HLA-E","CD8A",0.0300953718803813,0,"HLA-E_CD8A","HLA-E - CD8A","MHC-I","Cell-Cell Contact","KEGG: hsa04514","PBMC_Early"
"Treg","CX3CR1+ NK","HLA-E","CD8A",0.030721721934143,0,"HLA-E_CD8A","HLA-E - CD8A","MHC-I","Cell-Cell Contact","KEGG: hsa04514","PBMC_Early"
"abTentry","CXCR6+ NK","HLA-E","CD8A",0.0260789599195214,0,"HLA-E_CD8A","HLA-E - CD8A","MHC-I","Cell-Cell Contact","KEGG: hsa04514","PBMC_Early"
"CD14+PPBP+ Monocytes","CXCR6+ NK","HLA-E","CD8A",0.0355442730434039,0,"HLA-E_CD8A","HLA-E - CD8A","MHC-I","Cell-Cell Contact","KEGG: hsa04514","PBMC_Early"
"CD56highCD16low NK","CXCR6+ NK","HLA-E","CD8A",0.0244442311734016,0,"HLA-E_CD8A","HLA-E - CD8A","MHC-I","Cell-Cell Contact","KEGG: hsa04514","PBMC_Early"
"Classical Monocytes","CXCR6+ NK","HLA-E","CD8A",0.0254540947595901,0,"HLA-E_CD8A","HLA-E - CD8A","MHC-I","Cell-Cell Contact","KEGG: hsa04514","PBMC_Early"
"CX3CR1+ NK","CXCR6+ NK","HLA-E","CD8A",0.0369737122811461,0,"HLA-E_CD8A","HLA-E - CD8A","MHC-I","Cell-Cell Contact","KEGG: hsa04514","PBMC_Early"
"CXCR5- Naïve B","CXCR6+ NK","HLA-E","CD8A",0.0307370072270298,0,"HLA-E_CD8A","HLA-E - CD8A","MHC-I","Cell-Cell Contact","KEGG: hsa04514","PBMC_Early"
"CXCR5+ Naïve B","CXCR6+ NK","HLA-E","CD8A",0.0294800363980132,0,"HLA-E_CD8A","HLA-E - CD8A","MHC-I","Cell-Cell Contact","KEGG: hsa04514","PBMC_Early"
"CXCR6+ NK","CXCR6+ NK","HLA-E","CD8A",0.0342578806087761,0,"HLA-E_CD8A","HLA-E - CD8A","MHC-I","Cell-Cell Contact","KEGG: hsa04514","PBMC_Early"
"DC2","CXCR6+ NK","HLA-E","CD8A",0.0202748882555365,0,"HLA-E_CD8A","HLA-E - CD8A","MHC-I","Cell-Cell Contact","KEGG: hsa04514","PBMC_Early"
"Gamma Delta V1 T","CXCR6+ NK","HLA-E","CD8A",0.0334733893622758,0,"HLA-E_CD8A","HLA-E - CD8A","MHC-I","Cell-Cell Contact","KEGG: hsa04514","PBMC_Early"
"Gamma Delta V2 T","CXCR6+ NK","HLA-E","CD8A",0.0348221159823772,0,"HLA-E_CD8A","HLA-E - CD8A","MHC-I","Cell-Cell Contact","KEGG: hsa04514","PBMC_Early"
"HSC_MPP","CXCR6+ NK","HLA-E","CD8A",0.016036412608446,0,"HLA-E_CD8A","HLA-E - CD8A","MHC-I","Cell-Cell Contact","KEGG: hsa04514","PBMC_Early"
"ILC2/3","CXCR6+ NK","HLA-E","CD8A",0.0302988788370378,0,"HLA-E_CD8A","HLA-E - CD8A","MHC-I","Cell-Cell Contact","KEGG: hsa04514","PBMC_Early"
"Megakaryocytes","CXCR6+ NK","HLA-E","CD8A",0.0426634372512222,0,"HLA-E_CD8A","HLA-E - CD8A","MHC-I","Cell-Cell Contact","KEGG: hsa04514","PBMC_Early"
"MEMP","CXCR6+ NK","HLA-E","CD8A",0.00921620710519262,0,"HLA-E_CD8A","HLA-E - CD8A","MHC-I","Cell-Cell Contact","KEGG: hsa04514","PBMC_Early"
"MEP","CXCR6+ NK","HLA-E","CD8A",0.0220385951384113,0,"HLA-E_CD8A","HLA-E - CD8A","MHC-I","Cell-Cell Contact","KEGG: hsa04514","PBMC_Early"
"Myeloid-CD177","CXCR6+ NK","HLA-E","CD8A",0.0170573767743351,0,"HLA-E_CD8A","HLA-E - CD8A","MHC-I","Cell-Cell Contact","KEGG: hsa04514","PBMC_Early"
"Naïve CD4 T","CXCR6+ NK","HLA-E","CD8A",0.0354459267211085,0,"HLA-E_CD8A","HLA-E - CD8A","MHC-I","Cell-Cell Contact","KEGG: hsa04514","PBMC_Early"
"Naïve CD8 T","CXCR6+ NK","HLA-E","CD8A",0.03510558030188,0,"HLA-E_CD8A","HLA-E - CD8A","MHC-I","Cell-Cell Contact","KEGG: hsa04514","PBMC_Early"
"NK T","CXCR6+ NK","HLA-E","CD8A",0.0365728939333892,0,"HLA-E_CD8A","HLA-E - CD8A","MHC-I","Cell-Cell Contact","KEGG: hsa04514","PBMC_Early"
"pDC","CXCR6+ NK","HLA-E","CD8A",0.0181957553802789,0,"HLA-E_CD8A","HLA-E - CD8A","MHC-I","Cell-Cell Contact","KEGG: hsa04514","PBMC_Early"
"Pro-B","CXCR6+ NK","HLA-E","CD8A",0.0153439105434566,0,"HLA-E_CD8A","HLA-E - CD8A","MHC-I","Cell-Cell Contact","KEGG: hsa04514","PBMC_Early"
"Tem","CXCR6+ NK","HLA-E","CD8A",0.0355136816398132,0,"HLA-E_CD8A","HLA-E - CD8A","MHC-I","Cell-Cell Contact","KEGG: hsa04514","PBMC_Early"
"Th17like_INNATE_T","CXCR6+ NK","HLA-E","CD8A",0.0373617610768101,0,"HLA-E_CD8A","HLA-E - CD8A","MHC-I","Cell-Cell Contact","KEGG: hsa04514","PBMC_Early"
"Treg","CXCR6+ NK","HLA-E","CD8A",0.0381333946416921,0,"HLA-E_CD8A","HLA-E - CD8A","MHC-I","Cell-Cell Contact","KEGG: hsa04514","PBMC_Early"
"abTentry","Naïve CD8 T","HLA-E","CD8A",0.119781805714867,0,"HLA-E_CD8A","HLA-E - CD8A","MHC-I","Cell-Cell Contact","KEGG: hsa04514","PBMC_Early"
"CD14+PPBP+ Monocytes","Naïve CD8 T","HLA-E","CD8A",0.157747854721457,0,"HLA-E_CD8A","HLA-E - CD8A","MHC-I","Cell-Cell Contact","KEGG: hsa04514","PBMC_Early"
"CD56highCD16low NK","Naïve CD8 T","HLA-E","CD8A",0.112954646795158,0,"HLA-E_CD8A","HLA-E - CD8A","MHC-I","Cell-Cell Contact","KEGG: hsa04514","PBMC_Early"
"Classical Monocytes","Naïve CD8 T","HLA-E","CD8A",0.117181910635162,0,"HLA-E_CD8A","HLA-E - CD8A","MHC-I","Cell-Cell Contact","KEGG: hsa04514","PBMC_Early"
"CX3CR1+ NK","Naïve CD8 T","HLA-E","CD8A",0.163259889769416,0,"HLA-E_CD8A","HLA-E - CD8A","MHC-I","Cell-Cell Contact","KEGG: hsa04514","PBMC_Early"
"CXCR5- Naïve B","Naïve CD8 T","HLA-E","CD8A",0.138791329875758,0,"HLA-E_CD8A","HLA-E - CD8A","MHC-I","Cell-Cell Contact","KEGG: hsa04514","PBMC_Early"
"CXCR5+ Naïve B","Naïve CD8 T","HLA-E","CD8A",0.133725190081173,0,"HLA-E_CD8A","HLA-E - CD8A","MHC-I","Cell-Cell Contact","KEGG: hsa04514","PBMC_Early"
"CXCR6+ NK","Naïve CD8 T","HLA-E","CD8A",0.152739175065829,0,"HLA-E_CD8A","HLA-E - CD8A","MHC-I","Cell-Cell Contact","KEGG: hsa04514","PBMC_Early"
"DC2","Naïve CD8 T","HLA-E","CD8A",0.0951611069229534,0,"HLA-E_CD8A","HLA-E - CD8A","MHC-I","Cell-Cell Contact","KEGG: hsa04514","PBMC_Early"
"Gamma Delta V1 T","Naïve CD8 T","HLA-E","CD8A",0.149661974270389,0,"HLA-E_CD8A","HLA-E - CD8A","MHC-I","Cell-Cell Contact","KEGG: hsa04514","PBMC_Early"
"Gamma Delta V2 T","Naïve CD8 T","HLA-E","CD8A",0.154941744185537,0,"HLA-E_CD8A","HLA-E - CD8A","MHC-I","Cell-Cell Contact","KEGG: hsa04514","PBMC_Early"
"HSC_MPP","Naïve CD8 T","HLA-E","CD8A",0.0764898588284263,0,"HLA-E_CD8A","HLA-E - CD8A","MHC-I","Cell-Cell Contact","KEGG: hsa04514","PBMC_Early"
"ILC2/3","Naïve CD8 T","HLA-E","CD8A",0.13703073438775,0,"HLA-E_CD8A","HLA-E - CD8A","MHC-I","Cell-Cell Contact","KEGG: hsa04514","PBMC_Early"
"Megakaryocytes","Naïve CD8 T","HLA-E","CD8A",0.184656918032864,0,"HLA-E_CD8A","HLA-E - CD8A","MHC-I","Cell-Cell Contact","KEGG: hsa04514","PBMC_Early"
"MEMP","Naïve CD8 T","HLA-E","CD8A",0.0451385583183487,0,"HLA-E_CD8A","HLA-E - CD8A","MHC-I","Cell-Cell Contact","KEGG: hsa04514","PBMC_Early"
"MEP","Naïve CD8 T","HLA-E","CD8A",0.102755906507155,0,"HLA-E_CD8A","HLA-E - CD8A","MHC-I","Cell-Cell Contact","KEGG: hsa04514","PBMC_Early"
"Myeloid-CD177","Naïve CD8 T","HLA-E","CD8A",0.0810426144739713,0,"HLA-E_CD8A","HLA-E - CD8A","MHC-I","Cell-Cell Contact","KEGG: hsa04514","PBMC_Early"
"Naïve CD4 T","Naïve CD8 T","HLA-E","CD8A",0.157366557130344,0,"HLA-E_CD8A","HLA-E - CD8A","MHC-I","Cell-Cell Contact","KEGG: hsa04514","PBMC_Early"
"Naïve CD8 T","Naïve CD8 T","HLA-E","CD8A",0.156044936460401,0,"HLA-E_CD8A","HLA-E - CD8A","MHC-I","Cell-Cell Contact","KEGG: hsa04514","PBMC_Early"
"NK T","Naïve CD8 T","HLA-E","CD8A",0.161719947976131,0,"HLA-E_CD8A","HLA-E - CD8A","MHC-I","Cell-Cell Contact","KEGG: hsa04514","PBMC_Early"
"pDC","Naïve CD8 T","HLA-E","CD8A",0.086077301566964,0,"HLA-E_CD8A","HLA-E - CD8A","MHC-I","Cell-Cell Contact","KEGG: hsa04514","PBMC_Early"
"Pro-B","Naïve CD8 T","HLA-E","CD8A",0.0733814787578398,0,"HLA-E_CD8A","HLA-E - CD8A","MHC-I","Cell-Cell Contact","KEGG: hsa04514","PBMC_Early"
"Tem","Naïve CD8 T","HLA-E","CD8A",0.157629277731513,0,"HLA-E_CD8A","HLA-E - CD8A","MHC-I","Cell-Cell Contact","KEGG: hsa04514","PBMC_Early"
"Th17like_INNATE_T","Naïve CD8 T","HLA-E","CD8A",0.164746605448754,0,"HLA-E_CD8A","HLA-E - CD8A","MHC-I","Cell-Cell Contact","KEGG: hsa04514","PBMC_Early"
"Treg","Naïve CD8 T","HLA-E","CD8A",0.167690824252939,0,"HLA-E_CD8A","HLA-E - CD8A","MHC-I","Cell-Cell Contact","KEGG: hsa04514","PBMC_Early"
"abTentry","NK T","HLA-E","CD8A",0.0331055820572383,0,"HLA-E_CD8A","HLA-E - CD8A","MHC-I","Cell-Cell Contact","KEGG: hsa04514","PBMC_Early"
"CD14+PPBP+ Monocytes","NK T","HLA-E","CD8A",0.0450033501190429,0,"HLA-E_CD8A","HLA-E - CD8A","MHC-I","Cell-Cell Contact","KEGG: hsa04514","PBMC_Early"
"CD56highCD16low NK","NK T","HLA-E","CD8A",0.0310444376537728,0,"HLA-E_CD8A","HLA-E - CD8A","MHC-I","Cell-Cell Contact","KEGG: hsa04514","PBMC_Early"
"Classical Monocytes","NK T","HLA-E","CD8A",0.0323179422459006,0,"HLA-E_CD8A","HLA-E - CD8A","MHC-I","Cell-Cell Contact","KEGG: hsa04514","PBMC_Early"
"CX3CR1+ NK","NK T","HLA-E","CD8A",0.046794736206711,0,"HLA-E_CD8A","HLA-E - CD8A","MHC-I","Cell-Cell Contact","KEGG: hsa04514","PBMC_Early"
"CXCR5- Naïve B","NK T","HLA-E","CD8A",0.0389684601720608,0,"HLA-E_CD8A","HLA-E - CD8A","MHC-I","Cell-Cell Contact","KEGG: hsa04514","PBMC_Early"
"CXCR5+ Naïve B","NK T","HLA-E","CD8A",0.0373878537983558,0,"HLA-E_CD8A","HLA-E - CD8A","MHC-I","Cell-Cell Contact","KEGG: hsa04514","PBMC_Early"
"CXCR6+ NK","NK T","HLA-E","CD8A",0.043390023057817,0,"HLA-E_CD8A","HLA-E - CD8A","MHC-I","Cell-Cell Contact","KEGG: hsa04514","PBMC_Early"
"DC2","NK T","HLA-E","CD8A",0.025779075534068,0,"HLA-E_CD8A","HLA-E - CD8A","MHC-I","Cell-Cell Contact","KEGG: hsa04514","PBMC_Early"
"Gamma Delta V1 T","NK T","HLA-E","CD8A",0.0424055920673963,0,"HLA-E_CD8A","HLA-E - CD8A","MHC-I","Cell-Cell Contact","KEGG: hsa04514","PBMC_Early"
"Gamma Delta V2 T","NK T","HLA-E","CD8A",0.0440977990038575,0,"HLA-E_CD8A","HLA-E - CD8A","MHC-I","Cell-Cell Contact","KEGG: hsa04514","PBMC_Early"
"HSC_MPP","NK T","HLA-E","CD8A",0.0204139221947795,0,"HLA-E_CD8A","HLA-E - CD8A","MHC-I","Cell-Cell Contact","KEGG: hsa04514","PBMC_Early"
"ILC2/3","NK T","HLA-E","CD8A",0.0384176503870498,0,"HLA-E_CD8A","HLA-E - CD8A","MHC-I","Cell-Cell Contact","KEGG: hsa04514","PBMC_Early"
"Megakaryocytes","NK T","HLA-E","CD8A",0.0539111712337085,0,"HLA-E_CD8A","HLA-E - CD8A","MHC-I","Cell-Cell Contact","KEGG: hsa04514","PBMC_Early"
"MEMP","NK T","HLA-E","CD8A",0.0117542237864273,0,"HLA-E_CD8A","HLA-E - CD8A","MHC-I","Cell-Cell Contact","KEGG: hsa04514","PBMC_Early"
"MEP","NK T","HLA-E","CD8A",0.0280079022145848,0,"HLA-E_CD8A","HLA-E - CD8A","MHC-I","Cell-Cell Contact","KEGG: hsa04514","PBMC_Early"
"Myeloid-CD177","NK T","HLA-E","CD8A",0.0217074337668129,0,"HLA-E_CD8A","HLA-E - CD8A","MHC-I","Cell-Cell Contact","KEGG: hsa04514","PBMC_Early"
"Naïve CD4 T","NK T","HLA-E","CD8A",0.0448800496668653,0,"HLA-E_CD8A","HLA-E - CD8A","MHC-I","Cell-Cell Contact","KEGG: hsa04514","PBMC_Early"
"Naïve CD8 T","NK T","HLA-E","CD8A",0.044453293009549,0,"HLA-E_CD8A","HLA-E - CD8A","MHC-I","Cell-Cell Contact","KEGG: hsa04514","PBMC_Early"
"NK T","NK T","HLA-E","CD8A",0.0462925695822983,0,"HLA-E_CD8A","HLA-E - CD8A","MHC-I","Cell-Cell Contact","KEGG: hsa04514","PBMC_Early"
"pDC","NK T","HLA-E","CD8A",0.0231488402079351,0,"HLA-E_CD8A","HLA-E - CD8A","MHC-I","Cell-Cell Contact","KEGG: hsa04514","PBMC_Early"
"Pro-B","NK T","HLA-E","CD8A",0.0195361388713483,0,"HLA-E_CD8A","HLA-E - CD8A","MHC-I","Cell-Cell Contact","KEGG: hsa04514","PBMC_Early"
"Tem","NK T","HLA-E","CD8A",0.0449649972524734,0,"HLA-E_CD8A","HLA-E - CD8A","MHC-I","Cell-Cell Contact","KEGG: hsa04514","PBMC_Early"
"Th17like_INNATE_T","NK T","HLA-E","CD8A",0.0472807986828229,0,"HLA-E_CD8A","HLA-E - CD8A","MHC-I","Cell-Cell Contact","KEGG: hsa04514","PBMC_Early"
"Treg","NK T","HLA-E","CD8A",0.0482470230213169,0,"HLA-E_CD8A","HLA-E - CD8A","MHC-I","Cell-Cell Contact","KEGG: hsa04514","PBMC_Early"
"CX3CR1+ NK","CX3CR1+ NK","HLA-F","CD8A",0.00504667723926561,0,"HLA-F_CD8A","HLA-F - CD8A","MHC-I","Cell-Cell Contact","KEGG: hsa04514","PBMC_Early"
"CXCR5- Naïve B","CX3CR1+ NK","HLA-F","CD8A",0.00345886111409553,0,"HLA-F_CD8A","HLA-F - CD8A","MHC-I","Cell-Cell Contact","KEGG: hsa04514","PBMC_Early"
"CXCR5+ Naïve B","CX3CR1+ NK","HLA-F","CD8A",0.00324604080069573,0,"HLA-F_CD8A","HLA-F - CD8A","MHC-I","Cell-Cell Contact","KEGG: hsa04514","PBMC_Early"
"CXCR6+ NK","CX3CR1+ NK","HLA-F","CD8A",0.00951064136527446,0,"HLA-F_CD8A","HLA-F - CD8A","MHC-I","Cell-Cell Contact","KEGG: hsa04514","PBMC_Early"
"Gamma Delta V1 T","CX3CR1+ NK","HLA-F","CD8A",0.003819597296639,0,"HLA-F_CD8A","HLA-F - CD8A","MHC-I","Cell-Cell Contact","KEGG: hsa04514","PBMC_Early"
"Gamma Delta V2 T","CX3CR1+ NK","HLA-F","CD8A",0.00395488237915153,0,"HLA-F_CD8A","HLA-F - CD8A","MHC-I","Cell-Cell Contact","KEGG: hsa04514","PBMC_Early"
"Naïve CD4 T","CX3CR1+ NK","HLA-F","CD8A",0.00351699546943387,0,"HLA-F_CD8A","HLA-F - CD8A","MHC-I","Cell-Cell Contact","KEGG: hsa04514","PBMC_Early"
"Naïve CD8 T","CX3CR1+ NK","HLA-F","CD8A",0.00739792084957739,0,"HLA-F_CD8A","HLA-F - CD8A","MHC-I","Cell-Cell Contact","KEGG: hsa04514","PBMC_Early"
"NK T","CX3CR1+ NK","HLA-F","CD8A",0.00409804624260224,0,"HLA-F_CD8A","HLA-F - CD8A","MHC-I","Cell-Cell Contact","KEGG: hsa04514","PBMC_Early"
"Tem","CX3CR1+ NK","HLA-F","CD8A",0.00710895817083608,0,"HLA-F_CD8A","HLA-F - CD8A","MHC-I","Cell-Cell Contact","KEGG: hsa04514","PBMC_Early"
"Th17like_INNATE_T","CX3CR1+ NK","HLA-F","CD8A",0.00384662032080504,0,"HLA-F_CD8A","HLA-F - CD8A","MHC-I","Cell-Cell Contact","KEGG: hsa04514","PBMC_Early"
"Treg","CX3CR1+ NK","HLA-F","CD8A",0.0041244513614792,0,"HLA-F_CD8A","HLA-F - CD8A","MHC-I","Cell-Cell Contact","KEGG: hsa04514","PBMC_Early"
"CX3CR1+ NK","CXCR6+ NK","HLA-F","CD8A",0.00630448622081044,0,"HLA-F_CD8A","HLA-F - CD8A","MHC-I","Cell-Cell Contact","KEGG: hsa04514","PBMC_Early"
"CXCR5- Naïve B","CXCR6+ NK","HLA-F","CD8A",0.00432264994424106,0,"HLA-F_CD8A","HLA-F - CD8A","MHC-I","Cell-Cell Contact","KEGG: hsa04514","PBMC_Early"
"CXCR5+ Naïve B","CXCR6+ NK","HLA-F","CD8A",0.00405689792063636,0,"HLA-F_CD8A","HLA-F - CD8A","MHC-I","Cell-Cell Contact","KEGG: hsa04514","PBMC_Early"
"CXCR6+ NK","CXCR6+ NK","HLA-F","CD8A",0.011867756022803,0,"HLA-F_CD8A","HLA-F - CD8A","MHC-I","Cell-Cell Contact","KEGG: hsa04514","PBMC_Early"
"Gamma Delta V1 T","CXCR6+ NK","HLA-F","CD8A",0.00477304206652123,0,"HLA-F_CD8A","HLA-F - CD8A","MHC-I","Cell-Cell Contact","KEGG: hsa04514","PBMC_Early"
"Gamma Delta V2 T","CXCR6+ NK","HLA-F","CD8A",0.00494192937365533,0,"HLA-F_CD8A","HLA-F - CD8A","MHC-I","Cell-Cell Contact","KEGG: hsa04514","PBMC_Early"
"Naïve CD4 T","CXCR6+ NK","HLA-F","CD8A",0.00439523828563055,0,"HLA-F_CD8A","HLA-F - CD8A","MHC-I","Cell-Cell Contact","KEGG: hsa04514","PBMC_Early"
"Naïve CD8 T","CXCR6+ NK","HLA-F","CD8A",0.00923630216776188,0,"HLA-F_CD8A","HLA-F - CD8A","MHC-I","Cell-Cell Contact","KEGG: hsa04514","PBMC_Early"
"NK T","CXCR6+ NK","HLA-F","CD8A",0.00512063993096399,0,"HLA-F_CD8A","HLA-F - CD8A","MHC-I","Cell-Cell Contact","KEGG: hsa04514","PBMC_Early"
"Tem","CXCR6+ NK","HLA-F","CD8A",0.00887617446511974,0,"HLA-F_CD8A","HLA-F - CD8A","MHC-I","Cell-Cell Contact","KEGG: hsa04514","PBMC_Early"
"Th17like_INNATE_T","CXCR6+ NK","HLA-F","CD8A",0.00480677800772032,0,"HLA-F_CD8A","HLA-F - CD8A","MHC-I","Cell-Cell Contact","KEGG: hsa04514","PBMC_Early"
"Treg","CXCR6+ NK","HLA-F","CD8A",0.0051535998756533,0,"HLA-F_CD8A","HLA-F - CD8A","MHC-I","Cell-Cell Contact","KEGG: hsa04514","PBMC_Early"
"CX3CR1+ NK","Naïve CD8 T","HLA-F","CD8A",0.0312355083742582,0,"HLA-F_CD8A","HLA-F - CD8A","MHC-I","Cell-Cell Contact","KEGG: hsa04514","PBMC_Early"
"CXCR5- Naïve B","Naïve CD8 T","HLA-F","CD8A",0.0215867742485881,0,"HLA-F_CD8A","HLA-F - CD8A","MHC-I","Cell-Cell Contact","KEGG: hsa04514","PBMC_Early"
"CXCR5+ Naïve B","Naïve CD8 T","HLA-F","CD8A",0.0202812614025393,0,"HLA-F_CD8A","HLA-F - CD8A","MHC-I","Cell-Cell Contact","KEGG: hsa04514","PBMC_Early"
"CXCR6+ NK","Naïve CD8 T","HLA-F","CD8A",0.0575250931172641,0,"HLA-F_CD8A","HLA-F - CD8A","MHC-I","Cell-Cell Contact","KEGG: hsa04514","PBMC_Early"
"Gamma Delta V1 T","Naïve CD8 T","HLA-F","CD8A",0.0237929914097826,0,"HLA-F_CD8A","HLA-F - CD8A","MHC-I","Cell-Cell Contact","KEGG: hsa04514","PBMC_Early"
"Gamma Delta V2 T","Naïve CD8 T","HLA-F","CD8A",0.0246182252084153,0,"HLA-F_CD8A","HLA-F - CD8A","MHC-I","Cell-Cell Contact","KEGG: hsa04514","PBMC_Early"
"Naïve CD4 T","Naïve CD8 T","HLA-F","CD8A",0.0219428823129193,0,"HLA-F_CD8A","HLA-F - CD8A","MHC-I","Cell-Cell Contact","KEGG: hsa04514","PBMC_Early"
"Naïve CD8 T","Naïve CD8 T","HLA-F","CD8A",0.0452334027749181,0,"HLA-F_CD8A","HLA-F - CD8A","MHC-I","Cell-Cell Contact","KEGG: hsa04514","PBMC_Early"
"NK T","Naïve CD8 T","HLA-F","CD8A",0.0254902446848287,0,"HLA-F_CD8A","HLA-F - CD8A","MHC-I","Cell-Cell Contact","KEGG: hsa04514","PBMC_Early"
"Tem","Naïve CD8 T","HLA-F","CD8A",0.0435313992354564,0,"HLA-F_CD8A","HLA-F - CD8A","MHC-I","Cell-Cell Contact","KEGG: hsa04514","PBMC_Early"
"Th17like_INNATE_T","Naïve CD8 T","HLA-F","CD8A",0.0239579244814188,0,"HLA-F_CD8A","HLA-F - CD8A","MHC-I","Cell-Cell Contact","KEGG: hsa04514","PBMC_Early"
"Treg","Naïve CD8 T","HLA-F","CD8A",0.0256509368783686,0,"HLA-F_CD8A","HLA-F - CD8A","MHC-I","Cell-Cell Contact","KEGG: hsa04514","PBMC_Early"
"CX3CR1+ NK","NK T","HLA-F","CD8A",0.00804716764304161,0,"HLA-F_CD8A","HLA-F - CD8A","MHC-I","Cell-Cell Contact","KEGG: hsa04514","PBMC_Early"
"CXCR5- Naïve B","NK T","HLA-F","CD8A",0.00552055709381212,0,"HLA-F_CD8A","HLA-F - CD8A","MHC-I","Cell-Cell Contact","KEGG: hsa04514","PBMC_Early"
"CXCR5+ Naïve B","NK T","HLA-F","CD8A",0.00518154224130287,0,"HLA-F_CD8A","HLA-F - CD8A","MHC-I","Cell-Cell Contact","KEGG: hsa04514","PBMC_Early"
"CXCR6+ NK","NK T","HLA-F","CD8A",0.0151248259263178,0,"HLA-F_CD8A","HLA-F - CD8A","MHC-I","Cell-Cell Contact","KEGG: hsa04514","PBMC_Early"
"Gamma Delta V1 T","NK T","HLA-F","CD8A",0.0060949993361434,0,"HLA-F_CD8A","HLA-F - CD8A","MHC-I","Cell-Cell Contact","KEGG: hsa04514","PBMC_Early"
"Gamma Delta V2 T","NK T","HLA-F","CD8A",0.00631036563505953,0,"HLA-F_CD8A","HLA-F - CD8A","MHC-I","Cell-Cell Contact","KEGG: hsa04514","PBMC_Early"
"Naïve CD4 T","NK T","HLA-F","CD8A",0.00561314795427347,0,"HLA-F_CD8A","HLA-F - CD8A","MHC-I","Cell-Cell Contact","KEGG: hsa04514","PBMC_Early"
"Naïve CD8 T","NK T","HLA-F","CD8A",0.0117797869582648,0,"HLA-F_CD8A","HLA-F - CD8A","MHC-I","Cell-Cell Contact","KEGG: hsa04514","PBMC_Early"
"NK T","NK T","HLA-F","CD8A",0.00653823656991395,0,"HLA-F_CD8A","HLA-F - CD8A","MHC-I","Cell-Cell Contact","KEGG: hsa04514","PBMC_Early"
"Tem","NK T","HLA-F","CD8A",0.0113216208555884,0,"HLA-F_CD8A","HLA-F - CD8A","MHC-I","Cell-Cell Contact","KEGG: hsa04514","PBMC_Early"
"Th17like_INNATE_T","NK T","HLA-F","CD8A",0.00613802126707862,0,"HLA-F_CD8A","HLA-F - CD8A","MHC-I","Cell-Cell Contact","KEGG: hsa04514","PBMC_Early"
"Treg","NK T","HLA-F","CD8A",0.00658026078576338,0,"HLA-F_CD8A","HLA-F - CD8A","MHC-I","Cell-Cell Contact","KEGG: hsa04514","PBMC_Early"
"abTentry","Naïve CD8 T","HLA-A","CD8B",0.177945475149027,0,"HLA-A_CD8B","HLA-A - CD8B","MHC-I","Cell-Cell Contact","KEGG: hsa04514","PBMC_Early"
"CD14+PPBP+ Monocytes","Naïve CD8 T","HLA-A","CD8B",0.180218740041149,0,"HLA-A_CD8B","HLA-A - CD8B","MHC-I","Cell-Cell Contact","KEGG: hsa04514","PBMC_Early"
"CD56highCD16low NK","Naïve CD8 T","HLA-A","CD8B",0.148319614805187,0,"HLA-A_CD8B","HLA-A - CD8B","MHC-I","Cell-Cell Contact","KEGG: hsa04514","PBMC_Early"
"Classical Monocytes","Naïve CD8 T","HLA-A","CD8B",0.168791675520495,0,"HLA-A_CD8B","HLA-A - CD8B","MHC-I","Cell-Cell Contact","KEGG: hsa04514","PBMC_Early"
"CX3CR1+ NK","Naïve CD8 T","HLA-A","CD8B",0.234160962705486,0,"HLA-A_CD8B","HLA-A - CD8B","MHC-I","Cell-Cell Contact","KEGG: hsa04514","PBMC_Early"
"CXCR5- Naïve B","Naïve CD8 T","HLA-A","CD8B",0.177027948264011,0,"HLA-A_CD8B","HLA-A - CD8B","MHC-I","Cell-Cell Contact","KEGG: hsa04514","PBMC_Early"
"CXCR5+ Naïve B","Naïve CD8 T","HLA-A","CD8B",0.18753159000537,0,"HLA-A_CD8B","HLA-A - CD8B","MHC-I","Cell-Cell Contact","KEGG: hsa04514","PBMC_Early"
"CXCR6+ NK","Naïve CD8 T","HLA-A","CD8B",0.226034833009767,0,"HLA-A_CD8B","HLA-A - CD8B","MHC-I","Cell-Cell Contact","KEGG: hsa04514","PBMC_Early"
"DC2","Naïve CD8 T","HLA-A","CD8B",0.142892447593979,0,"HLA-A_CD8B","HLA-A - CD8B","MHC-I","Cell-Cell Contact","KEGG: hsa04514","PBMC_Early"
"Gamma Delta V1 T","Naïve CD8 T","HLA-A","CD8B",0.221405623294501,0,"HLA-A_CD8B","HLA-A - CD8B","MHC-I","Cell-Cell Contact","KEGG: hsa04514","PBMC_Early"
"Gamma Delta V2 T","Naïve CD8 T","HLA-A","CD8B",0.22747136356755,0,"HLA-A_CD8B","HLA-A - CD8B","MHC-I","Cell-Cell Contact","KEGG: hsa04514","PBMC_Early"
"HSC_MPP","Naïve CD8 T","HLA-A","CD8B",0.108743597906214,0,"HLA-A_CD8B","HLA-A - CD8B","MHC-I","Cell-Cell Contact","KEGG: hsa04514","PBMC_Early"
"ILC2/3","Naïve CD8 T","HLA-A","CD8B",0.191828749459457,0,"HLA-A_CD8B","HLA-A - CD8B","MHC-I","Cell-Cell Contact","KEGG: hsa04514","PBMC_Early"
"Late_ERY","Naïve CD8 T","HLA-A","CD8B",0.0264773292078159,0,"HLA-A_CD8B","HLA-A - CD8B","MHC-I","Cell-Cell Contact","KEGG: hsa04514","PBMC_Early"
"Megakaryocytes","Naïve CD8 T","HLA-A","CD8B",0.17193134238351,0,"HLA-A_CD8B","HLA-A - CD8B","MHC-I","Cell-Cell Contact","KEGG: hsa04514","PBMC_Early"
"MEMP","Naïve CD8 T","HLA-A","CD8B",0.0530059165763294,0,"HLA-A_CD8B","HLA-A - CD8B","MHC-I","Cell-Cell Contact","KEGG: hsa04514","PBMC_Early"
"MEP","Naïve CD8 T","HLA-A","CD8B",0.0496507838768342,0,"HLA-A_CD8B","HLA-A - CD8B","MHC-I","Cell-Cell Contact","KEGG: hsa04514","PBMC_Early"
"Myeloid-CD177","Naïve CD8 T","HLA-A","CD8B",0.0508653495513649,0,"HLA-A_CD8B","HLA-A - CD8B","MHC-I","Cell-Cell Contact","KEGG: hsa04514","PBMC_Early"
"Naïve CD4 T","Naïve CD8 T","HLA-A","CD8B",0.218193853955908,0,"HLA-A_CD8B","HLA-A - CD8B","MHC-I","Cell-Cell Contact","KEGG: hsa04514","PBMC_Early"
"Naïve CD8 T","Naïve CD8 T","HLA-A","CD8B",0.226530192891327,0,"HLA-A_CD8B","HLA-A - CD8B","MHC-I","Cell-Cell Contact","KEGG: hsa04514","PBMC_Early"
"NK T","Naïve CD8 T","HLA-A","CD8B",0.237854925464921,0,"HLA-A_CD8B","HLA-A - CD8B","MHC-I","Cell-Cell Contact","KEGG: hsa04514","PBMC_Early"
"pDC","Naïve CD8 T","HLA-A","CD8B",0.107401997729572,0,"HLA-A_CD8B","HLA-A - CD8B","MHC-I","Cell-Cell Contact","KEGG: hsa04514","PBMC_Early"
"Pro-B","Naïve CD8 T","HLA-A","CD8B",0.147924410897883,0,"HLA-A_CD8B","HLA-A - CD8B","MHC-I","Cell-Cell Contact","KEGG: hsa04514","PBMC_Early"
"Tem","Naïve CD8 T","HLA-A","CD8B",0.224949473985876,0,"HLA-A_CD8B","HLA-A - CD8B","MHC-I","Cell-Cell Contact","KEGG: hsa04514","PBMC_Early"
"Th17like_INNATE_T","Naïve CD8 T","HLA-A","CD8B",0.236104375297502,0,"HLA-A_CD8B","HLA-A - CD8B","MHC-I","Cell-Cell Contact","KEGG: hsa04514","PBMC_Early"
"Treg","Naïve CD8 T","HLA-A","CD8B",0.242188040099872,0,"HLA-A_CD8B","HLA-A - CD8B","MHC-I","Cell-Cell Contact","KEGG: hsa04514","PBMC_Early"
"abTentry","NK T","HLA-A","CD8B",0.0360784168729045,0,"HLA-A_CD8B","HLA-A - CD8B","MHC-I","Cell-Cell Contact","KEGG: hsa04514","PBMC_Early"
"CD14+PPBP+ Monocytes","NK T","HLA-A","CD8B",0.0366200561908847,0,"HLA-A_CD8B","HLA-A - CD8B","MHC-I","Cell-Cell Contact","KEGG: hsa04514","PBMC_Early"
"CD56highCD16low NK","NK T","HLA-A","CD8B",0.0292318894707358,0,"HLA-A_CD8B","HLA-A - CD8B","MHC-I","Cell-Cell Contact","KEGG: hsa04514","PBMC_Early"
"Classical Monocytes","NK T","HLA-A","CD8B",0.0339213454389351,0,"HLA-A_CD8B","HLA-A - CD8B","MHC-I","Cell-Cell Contact","KEGG: hsa04514","PBMC_Early"
"CX3CR1+ NK","NK T","HLA-A","CD8B",0.050213712638555,0,"HLA-A_CD8B","HLA-A - CD8B","MHC-I","Cell-Cell Contact","KEGG: hsa04514","PBMC_Early"
"CXCR5- Naïve B","NK T","HLA-A","CD8B",0.0358604782909185,0,"HLA-A_CD8B","HLA-A - CD8B","MHC-I","Cell-Cell Contact","KEGG: hsa04514","PBMC_Early"
"CXCR5+ Naïve B","NK T","HLA-A","CD8B",0.0383788027652864,0,"HLA-A_CD8B","HLA-A - CD8B","MHC-I","Cell-Cell Contact","KEGG: hsa04514","PBMC_Early"
"CXCR6+ NK","NK T","HLA-A","CD8B",0.0480704520414368,0,"HLA-A_CD8B","HLA-A - CD8B","MHC-I","Cell-Cell Contact","KEGG: hsa04514","PBMC_Early"
"DC2","NK T","HLA-A","CD8B",0.028018908477025,0,"HLA-A_CD8B","HLA-A - CD8B","MHC-I","Cell-Cell Contact","KEGG: hsa04514","PBMC_Early"
"Gamma Delta V1 T","NK T","HLA-A","CD8B",0.0468652698023766,0,"HLA-A_CD8B","HLA-A - CD8B","MHC-I","Cell-Cell Contact","KEGG: hsa04514","PBMC_Early"
"Gamma Delta V2 T","NK T","HLA-A","CD8B",0.0484467537688369,0,"HLA-A_CD8B","HLA-A - CD8B","MHC-I","Cell-Cell Contact","KEGG: hsa04514","PBMC_Early"
"HSC_MPP","NK T","HLA-A","CD8B",0.0206611020469728,0,"HLA-A_CD8B","HLA-A - CD8B","MHC-I","Cell-Cell Contact","KEGG: hsa04514","PBMC_Early"
"ILC2/3","NK T","HLA-A","CD8B",0.0394240686103523,0,"HLA-A_CD8B","HLA-A - CD8B","MHC-I","Cell-Cell Contact","KEGG: hsa04514","PBMC_Early"
"Late_ERY","NK T","HLA-A","CD8B",0.00468069106629106,0,"HLA-A_CD8B","HLA-A - CD8B","MHC-I","Cell-Cell Contact","KEGG: hsa04514","PBMC_Early"
"Megakaryocytes","NK T","HLA-A","CD8B",0.0346569102756123,0,"HLA-A_CD8B","HLA-A - CD8B","MHC-I","Cell-Cell Contact","KEGG: hsa04514","PBMC_Early"
"MEMP","NK T","HLA-A","CD8B",0.00958547254991291,0,"HLA-A_CD8B","HLA-A - CD8B","MHC-I","Cell-Cell Contact","KEGG: hsa04514","PBMC_Early"
"MEP","NK T","HLA-A","CD8B",0.00895275479917078,0,"HLA-A_CD8B","HLA-A - CD8B","MHC-I","Cell-Cell Contact","KEGG: hsa04514","PBMC_Early"
"Myeloid-CD177","NK T","HLA-A","CD8B",0.00918137674460939,0,"HLA-A_CD8B","HLA-A - CD8B","MHC-I","Cell-Cell Contact","KEGG: hsa04514","PBMC_Early"
"Naïve CD4 T","NK T","HLA-A","CD8B",0.0460357249871404,0,"HLA-A_CD8B","HLA-A - CD8B","MHC-I","Cell-Cell Contact","KEGG: hsa04514","PBMC_Early"
"Naïve CD8 T","NK T","HLA-A","CD8B",0.0482000881425022,0,"HLA-A_CD8B","HLA-A - CD8B","MHC-I","Cell-Cell Contact","KEGG: hsa04514","PBMC_Early"
"NK T","NK T","HLA-A","CD8B",0.0511998500795115,0,"HLA-A_CD8B","HLA-A - CD8B","MHC-I","Cell-Cell Contact","KEGG: hsa04514","PBMC_Early"
"pDC","NK T","HLA-A","CD8B",0.0203813495150594,0,"HLA-A_CD8B","HLA-A - CD8B","MHC-I","Cell-Cell Contact","KEGG: hsa04514","PBMC_Early"
"Pro-B","NK T","HLA-A","CD8B",0.0291431418726248,0,"HLA-A_CD8B","HLA-A - CD8B","MHC-I","Cell-Cell Contact","KEGG: hsa04514","PBMC_Early"
"Tem","NK T","HLA-A","CD8B",0.047786868901253,0,"HLA-A_CD8B","HLA-A - CD8B","MHC-I","Cell-Cell Contact","KEGG: hsa04514","PBMC_Early"
"Th17like_INNATE_T","NK T","HLA-A","CD8B",0.0507315911079464,0,"HLA-A_CD8B","HLA-A - CD8B","MHC-I","Cell-Cell Contact","KEGG: hsa04514","PBMC_Early"
"Treg","NK T","HLA-A","CD8B",0.0523662186216035,0,"HLA-A_CD8B","HLA-A - CD8B","MHC-I","Cell-Cell Contact","KEGG: hsa04514","PBMC_Early"
"abTentry","Naïve CD8 T","HLA-B","CD8B",0.196492087389483,0,"HLA-B_CD8B","HLA-B - CD8B","MHC-I","Cell-Cell Contact","KEGG: hsa04514","PBMC_Early"
"CD14+PPBP+ Monocytes","Naïve CD8 T","HLA-B","CD8B",0.227123018020576,0,"HLA-B_CD8B","HLA-B - CD8B","MHC-I","Cell-Cell Contact","KEGG: hsa04514","PBMC_Early"
"CD56highCD16low NK","Naïve CD8 T","HLA-B","CD8B",0.171804778804059,0,"HLA-B_CD8B","HLA-B - CD8B","MHC-I","Cell-Cell Contact","KEGG: hsa04514","PBMC_Early"
"Classical Monocytes","Naïve CD8 T","HLA-B","CD8B",0.223856140525756,0,"HLA-B_CD8B","HLA-B - CD8B","MHC-I","Cell-Cell Contact","KEGG: hsa04514","PBMC_Early"
"CX3CR1+ NK","Naïve CD8 T","HLA-B","CD8B",0.275249992703672,0,"HLA-B_CD8B","HLA-B - CD8B","MHC-I","Cell-Cell Contact","KEGG: hsa04514","PBMC_Early"
"CXCR5- Naïve B","Naïve CD8 T","HLA-B","CD8B",0.256331617182519,0,"HLA-B_CD8B","HLA-B - CD8B","MHC-I","Cell-Cell Contact","KEGG: hsa04514","PBMC_Early"
"CXCR5+ Naïve B","Naïve CD8 T","HLA-B","CD8B",0.244955143061393,0,"HLA-B_CD8B","HLA-B - CD8B","MHC-I","Cell-Cell Contact","KEGG: hsa04514","PBMC_Early"
"CXCR6+ NK","Naïve CD8 T","HLA-B","CD8B",0.259522186291691,0,"HLA-B_CD8B","HLA-B - CD8B","MHC-I","Cell-Cell Contact","KEGG: hsa04514","PBMC_Early"
"DC2","Naïve CD8 T","HLA-B","CD8B",0.212997540120402,0,"HLA-B_CD8B","HLA-B - CD8B","MHC-I","Cell-Cell Contact","KEGG: hsa04514","PBMC_Early"
"Gamma Delta V1 T","Naïve CD8 T","HLA-B","CD8B",0.248928139312613,0,"HLA-B_CD8B","HLA-B - CD8B","MHC-I","Cell-Cell Contact","KEGG: hsa04514","PBMC_Early"
"Gamma Delta V2 T","Naïve CD8 T","HLA-B","CD8B",0.258975110120469,0,"HLA-B_CD8B","HLA-B - CD8B","MHC-I","Cell-Cell Contact","KEGG: hsa04514","PBMC_Early"
"HSC_MPP","Naïve CD8 T","HLA-B","CD8B",0.122924460333829,0,"HLA-B_CD8B","HLA-B - CD8B","MHC-I","Cell-Cell Contact","KEGG: hsa04514","PBMC_Early"
"ILC2/3","Naïve CD8 T","HLA-B","CD8B",0.229608753759706,0,"HLA-B_CD8B","HLA-B - CD8B","MHC-I","Cell-Cell Contact","KEGG: hsa04514","PBMC_Early"
"Megakaryocytes","Naïve CD8 T","HLA-B","CD8B",0.245832876714213,0,"HLA-B_CD8B","HLA-B - CD8B","MHC-I","Cell-Cell Contact","KEGG: hsa04514","PBMC_Early"
"MEMP","Naïve CD8 T","HLA-B","CD8B",0.0563154790813952,0,"HLA-B_CD8B","HLA-B - CD8B","MHC-I","Cell-Cell Contact","KEGG: hsa04514","PBMC_Early"
"MEP","Naïve CD8 T","HLA-B","CD8B",0.0943637639687433,0,"HLA-B_CD8B","HLA-B - CD8B","MHC-I","Cell-Cell Contact","KEGG: hsa04514","PBMC_Early"
"Myeloid-CD177","Naïve CD8 T","HLA-B","CD8B",0.148351053627744,0,"HLA-B_CD8B","HLA-B - CD8B","MHC-I","Cell-Cell Contact","KEGG: hsa04514","PBMC_Early"
"Naïve CD4 T","Naïve CD8 T","HLA-B","CD8B",0.242452010148154,0,"HLA-B_CD8B","HLA-B - CD8B","MHC-I","Cell-Cell Contact","KEGG: hsa04514","PBMC_Early"
"Naïve CD8 T","Naïve CD8 T","HLA-B","CD8B",0.24478956743833,0,"HLA-B_CD8B","HLA-B - CD8B","MHC-I","Cell-Cell Contact","KEGG: hsa04514","PBMC_Early"
"NK T","Naïve CD8 T","HLA-B","CD8B",0.270233199023846,0,"HLA-B_CD8B","HLA-B - CD8B","MHC-I","Cell-Cell Contact","KEGG: hsa04514","PBMC_Early"
"pDC","Naïve CD8 T","HLA-B","CD8B",0.200956444824764,0,"HLA-B_CD8B","HLA-B - CD8B","MHC-I","Cell-Cell Contact","KEGG: hsa04514","PBMC_Early"
"Pro-B","Naïve CD8 T","HLA-B","CD8B",0.211200580721742,0,"HLA-B_CD8B","HLA-B - CD8B","MHC-I","Cell-Cell Contact","KEGG: hsa04514","PBMC_Early"
"Tem","Naïve CD8 T","HLA-B","CD8B",0.265322560286465,0,"HLA-B_CD8B","HLA-B - CD8B","MHC-I","Cell-Cell Contact","KEGG: hsa04514","PBMC_Early"
"Th17like_INNATE_T","Naïve CD8 T","HLA-B","CD8B",0.262401525293004,0,"HLA-B_CD8B","HLA-B - CD8B","MHC-I","Cell-Cell Contact","KEGG: hsa04514","PBMC_Early"
"Treg","Naïve CD8 T","HLA-B","CD8B",0.257905015930782,0,"HLA-B_CD8B","HLA-B - CD8B","MHC-I","Cell-Cell Contact","KEGG: hsa04514","PBMC_Early"
"abTentry","NK T","HLA-B","CD8B",0.0405684439085559,0,"HLA-B_CD8B","HLA-B - CD8B","MHC-I","Cell-Cell Contact","KEGG: hsa04514","PBMC_Early"
"CD14+PPBP+ Monocytes","NK T","HLA-B","CD8B",0.0483554029115904,0,"HLA-B_CD8B","HLA-B - CD8B","MHC-I","Cell-Cell Contact","KEGG: hsa04514","PBMC_Early"
"CD56highCD16low NK","NK T","HLA-B","CD8B",0.0346271726775529,0,"HLA-B_CD8B","HLA-B - CD8B","MHC-I","Cell-Cell Contact","KEGG: hsa04514","PBMC_Early"
"Classical Monocytes","NK T","HLA-B","CD8B",0.0475018339248314,0,"HLA-B_CD8B","HLA-B - CD8B","MHC-I","Cell-Cell Contact","KEGG: hsa04514","PBMC_Early"
"CX3CR1+ NK","NK T","HLA-B","CD8B",0.0616220743218435,0,"HLA-B_CD8B","HLA-B - CD8B","MHC-I","Cell-Cell Contact","KEGG: hsa04514","PBMC_Early"
"CXCR5- Naïve B","NK T","HLA-B","CD8B",0.0562471569253309,0,"HLA-B_CD8B","HLA-B - CD8B","MHC-I","Cell-Cell Contact","KEGG: hsa04514","PBMC_Early"
"CXCR5+ Naïve B","NK T","HLA-B","CD8B",0.0531165405128182,0,"HLA-B_CD8B","HLA-B - CD8B","MHC-I","Cell-Cell Contact","KEGG: hsa04514","PBMC_Early"
"CXCR6+ NK","NK T","HLA-B","CD8B",0.0571386179321391,0,"HLA-B_CD8B","HLA-B - CD8B","MHC-I","Cell-Cell Contact","KEGG: hsa04514","PBMC_Early"
"DC2","NK T","HLA-B","CD8B",0.0447049357172722,0,"HLA-B_CD8B","HLA-B - CD8B","MHC-I","Cell-Cell Contact","KEGG: hsa04514","PBMC_Early"
"Gamma Delta V1 T","NK T","HLA-B","CD8B",0.0542014126227028,0,"HLA-B_CD8B","HLA-B - CD8B","MHC-I","Cell-Cell Contact","KEGG: hsa04514","PBMC_Early"
"Gamma Delta V2 T","NK T","HLA-B","CD8B",0.0569853368035695,0,"HLA-B_CD8B","HLA-B - CD8B","MHC-I","Cell-Cell Contact","KEGG: hsa04514","PBMC_Early"
"HSC_MPP","NK T","HLA-B","CD8B",0.0236603774349999,0,"HLA-B_CD8B","HLA-B - CD8B","MHC-I","Cell-Cell Contact","KEGG: hsa04514","PBMC_Early"
"ILC2/3","NK T","HLA-B","CD8B",0.0490086899196649,0,"HLA-B_CD8B","HLA-B - CD8B","MHC-I","Cell-Cell Contact","KEGG: hsa04514","PBMC_Early"
"Megakaryocytes","NK T","HLA-B","CD8B",0.0533554455539897,0,"HLA-B_CD8B","HLA-B - CD8B","MHC-I","Cell-Cell Contact","KEGG: hsa04514","PBMC_Early"
"MEMP","NK T","HLA-B","CD8B",0.010213205016042,0,"HLA-B_CD8B","HLA-B - CD8B","MHC-I","Cell-Cell Contact","KEGG: hsa04514","PBMC_Early"
"MEP","NK T","HLA-B","CD8B",0.0176976695519862,0,"HLA-B_CD8B","HLA-B - CD8B","MHC-I","Cell-Cell Contact","KEGG: hsa04514","PBMC_Early"
"Myeloid-CD177","NK T","HLA-B","CD8B",0.0292389522608389,0,"HLA-B_CD8B","HLA-B - CD8B","MHC-I","Cell-Cell Contact","KEGG: hsa04514","PBMC_Early"
"Naïve CD4 T","NK T","HLA-B","CD8B",0.0524376108335341,0,"HLA-B_CD8B","HLA-B - CD8B","MHC-I","Cell-Cell Contact","KEGG: hsa04514","PBMC_Early"
"Naïve CD8 T","NK T","HLA-B","CD8B",0.0530715222415055,0,"HLA-B_CD8B","HLA-B - CD8B","MHC-I","Cell-Cell Contact","KEGG: hsa04514","PBMC_Early"
"NK T","NK T","HLA-B","CD8B",0.0601756429525124,0,"HLA-B_CD8B","HLA-B - CD8B","MHC-I","Cell-Cell Contact","KEGG: hsa04514","PBMC_Early"
"pDC","NK T","HLA-B","CD8B",0.0416739091742212,0,"HLA-B_CD8B","HLA-B - CD8B","MHC-I","Cell-Cell Contact","KEGG: hsa04514","PBMC_Early"
"Pro-B","NK T","HLA-B","CD8B",0.0442479550734997,0,"HLA-B_CD8B","HLA-B - CD8B","MHC-I","Cell-Cell Contact","KEGG: hsa04514","PBMC_Early"
"Tem","NK T","HLA-B","CD8B",0.0587747114364163,0,"HLA-B_CD8B","HLA-B - CD8B","MHC-I","Cell-Cell Contact","KEGG: hsa04514","PBMC_Early"
"Th17like_INNATE_T","NK T","HLA-B","CD8B",0.0579482781069939,0,"HLA-B_CD8B","HLA-B - CD8B","MHC-I","Cell-Cell Contact","KEGG: hsa04514","PBMC_Early"
"Treg","NK T","HLA-B","CD8B",0.0566860249810714,0,"HLA-B_CD8B","HLA-B - CD8B","MHC-I","Cell-Cell Contact","KEGG: hsa04514","PBMC_Early"
"abTentry","Naïve CD8 T","HLA-C","CD8B",0.140462576671322,0,"HLA-C_CD8B","HLA-C - CD8B","MHC-I","Cell-Cell Contact","KEGG: hsa04514","PBMC_Early"
"CD14+PPBP+ Monocytes","Naïve CD8 T","HLA-C","CD8B",0.202338226318849,0,"HLA-C_CD8B","HLA-C - CD8B","MHC-I","Cell-Cell Contact","KEGG: hsa04514","PBMC_Early"
"CD56highCD16low NK","Naïve CD8 T","HLA-C","CD8B",0.152875269467065,0,"HLA-C_CD8B","HLA-C - CD8B","MHC-I","Cell-Cell Contact","KEGG: hsa04514","PBMC_Early"
"Classical Monocytes","Naïve CD8 T","HLA-C","CD8B",0.188288552496216,0,"HLA-C_CD8B","HLA-C - CD8B","MHC-I","Cell-Cell Contact","KEGG: hsa04514","PBMC_Early"
"CX3CR1+ NK","Naïve CD8 T","HLA-C","CD8B",0.23813133167941,0,"HLA-C_CD8B","HLA-C - CD8B","MHC-I","Cell-Cell Contact","KEGG: hsa04514","PBMC_Early"
"CXCR5- Naïve B","Naïve CD8 T","HLA-C","CD8B",0.1997653999024,0,"HLA-C_CD8B","HLA-C - CD8B","MHC-I","Cell-Cell Contact","KEGG: hsa04514","PBMC_Early"
"CXCR5+ Naïve B","Naïve CD8 T","HLA-C","CD8B",0.187151305387467,0,"HLA-C_CD8B","HLA-C - CD8B","MHC-I","Cell-Cell Contact","KEGG: hsa04514","PBMC_Early"
"CXCR6+ NK","Naïve CD8 T","HLA-C","CD8B",0.230777608255827,0,"HLA-C_CD8B","HLA-C - CD8B","MHC-I","Cell-Cell Contact","KEGG: hsa04514","PBMC_Early"
"DC2","Naïve CD8 T","HLA-C","CD8B",0.171820069344686,0,"HLA-C_CD8B","HLA-C - CD8B","MHC-I","Cell-Cell Contact","KEGG: hsa04514","PBMC_Early"
"Early_ERY","Naïve CD8 T","HLA-C","CD8B",0.0109015211927128,0,"HLA-C_CD8B","HLA-C - CD8B","MHC-I","Cell-Cell Contact","KEGG: hsa04514","PBMC_Early"
"Gamma Delta V1 T","Naïve CD8 T","HLA-C","CD8B",0.211098018482909,0,"HLA-C_CD8B","HLA-C - CD8B","MHC-I","Cell-Cell Contact","KEGG: hsa04514","PBMC_Early"
"Gamma Delta V2 T","Naïve CD8 T","HLA-C","CD8B",0.21956421050718,0,"HLA-C_CD8B","HLA-C - CD8B","MHC-I","Cell-Cell Contact","KEGG: hsa04514","PBMC_Early"
"HSC_MPP","Naïve CD8 T","HLA-C","CD8B",0.114009608750067,0,"HLA-C_CD8B","HLA-C - CD8B","MHC-I","Cell-Cell Contact","KEGG: hsa04514","PBMC_Early"
"ILC2/3","Naïve CD8 T","HLA-C","CD8B",0.183467546073432,0,"HLA-C_CD8B","HLA-C - CD8B","MHC-I","Cell-Cell Contact","KEGG: hsa04514","PBMC_Early"
"Megakaryocytes","Naïve CD8 T","HLA-C","CD8B",0.201280054609172,0,"HLA-C_CD8B","HLA-C - CD8B","MHC-I","Cell-Cell Contact","KEGG: hsa04514","PBMC_Early"
"MEMP","Naïve CD8 T","HLA-C","CD8B",0.0773003126520321,0,"HLA-C_CD8B","HLA-C - CD8B","MHC-I","Cell-Cell Contact","KEGG: hsa04514","PBMC_Early"
"MEP","Naïve CD8 T","HLA-C","CD8B",0.102497101698339,0,"HLA-C_CD8B","HLA-C - CD8B","MHC-I","Cell-Cell Contact","KEGG: hsa04514","PBMC_Early"
"Myeloid-CD177","Naïve CD8 T","HLA-C","CD8B",0.0532528377962897,0,"HLA-C_CD8B","HLA-C - CD8B","MHC-I","Cell-Cell Contact","KEGG: hsa04514","PBMC_Early"
"Naïve CD4 T","Naïve CD8 T","HLA-C","CD8B",0.198528305249241,0,"HLA-C_CD8B","HLA-C - CD8B","MHC-I","Cell-Cell Contact","KEGG: hsa04514","PBMC_Early"
"Naïve CD8 T","Naïve CD8 T","HLA-C","CD8B",0.203715176559485,0,"HLA-C_CD8B","HLA-C - CD8B","MHC-I","Cell-Cell Contact","KEGG: hsa04514","PBMC_Early"
"NK T","Naïve CD8 T","HLA-C","CD8B",0.228050128917444,0,"HLA-C_CD8B","HLA-C - CD8B","MHC-I","Cell-Cell Contact","KEGG: hsa04514","PBMC_Early"
"pDC","Naïve CD8 T","HLA-C","CD8B",0.150580165577162,0,"HLA-C_CD8B","HLA-C - CD8B","MHC-I","Cell-Cell Contact","KEGG: hsa04514","PBMC_Early"
"Pro-B","Naïve CD8 T","HLA-C","CD8B",0.164428573702701,0,"HLA-C_CD8B","HLA-C - CD8B","MHC-I","Cell-Cell Contact","KEGG: hsa04514","PBMC_Early"
"Tem","Naïve CD8 T","HLA-C","CD8B",0.222784045625955,0,"HLA-C_CD8B","HLA-C - CD8B","MHC-I","Cell-Cell Contact","KEGG: hsa04514","PBMC_Early"
"Th17like_INNATE_T","Naïve CD8 T","HLA-C","CD8B",0.217734459881166,0,"HLA-C_CD8B","HLA-C - CD8B","MHC-I","Cell-Cell Contact","KEGG: hsa04514","PBMC_Early"
"Treg","Naïve CD8 T","HLA-C","CD8B",0.213549357386168,0,"HLA-C_CD8B","HLA-C - CD8B","MHC-I","Cell-Cell Contact","KEGG: hsa04514","PBMC_Early"
"abTentry","NK T","HLA-C","CD8B",0.0274798213362745,0,"HLA-C_CD8B","HLA-C - CD8B","MHC-I","Cell-Cell Contact","KEGG: hsa04514","PBMC_Early"
"CD14+PPBP+ Monocytes","NK T","HLA-C","CD8B",0.0420180531874691,0,"HLA-C_CD8B","HLA-C - CD8B","MHC-I","Cell-Cell Contact","KEGG: hsa04514","PBMC_Early"
"CD56highCD16low NK","NK T","HLA-C","CD8B",0.0302597097295541,0,"HLA-C_CD8B","HLA-C - CD8B","MHC-I","Cell-Cell Contact","KEGG: hsa04514","PBMC_Early"
"Classical Monocytes","NK T","HLA-C","CD8B",0.0385622921004569,0,"HLA-C_CD8B","HLA-C - CD8B","MHC-I","Cell-Cell Contact","KEGG: hsa04514","PBMC_Early"
"CX3CR1+ NK","NK T","HLA-C","CD8B",0.0512739410117494,0,"HLA-C_CD8B","HLA-C - CD8B","MHC-I","Cell-Cell Contact","KEGG: hsa04514","PBMC_Early"
"CXCR5- Naïve B","NK T","HLA-C","CD8B",0.0413780258436297,0,"HLA-C_CD8B","HLA-C - CD8B","MHC-I","Cell-Cell Contact","KEGG: hsa04514","PBMC_Early"
"CXCR5+ Naïve B","NK T","HLA-C","CD8B",0.0382867235425192,0,"HLA-C_CD8B","HLA-C - CD8B","MHC-I","Cell-Cell Contact","KEGG: hsa04514","PBMC_Early"
"CXCR6+ NK","NK T","HLA-C","CD8B",0.0493170292326314,0,"HLA-C_CD8B","HLA-C - CD8B","MHC-I","Cell-Cell Contact","KEGG: hsa04514","PBMC_Early"
"DC2","NK T","HLA-C","CD8B",0.0346307649840711,0,"HLA-C_CD8B","HLA-C - CD8B","MHC-I","Cell-Cell Contact","KEGG: hsa04514","PBMC_Early"
"Early_ERY","NK T","HLA-C","CD8B",0.00190212976309741,0,"HLA-C_CD8B","HLA-C - CD8B","MHC-I","Cell-Cell Contact","KEGG: hsa04514","PBMC_Early"
"Gamma Delta V1 T","NK T","HLA-C","CD8B",0.0442219223499104,0,"HLA-C_CD8B","HLA-C - CD8B","MHC-I","Cell-Cell Contact","KEGG: hsa04514","PBMC_Early"
"Gamma Delta V2 T","NK T","HLA-C","CD8B",0.0463890058612082,0,"HLA-C_CD8B","HLA-C - CD8B","MHC-I","Cell-Cell Contact","KEGG: hsa04514","PBMC_Early"
"HSC_MPP","NK T","HLA-C","CD8B",0.021765804610783,0,"HLA-C_CD8B","HLA-C - CD8B","MHC-I","Cell-Cell Contact","KEGG: hsa04514","PBMC_Early"
"ILC2/3","NK T","HLA-C","CD8B",0.0373983006069572,0,"HLA-C_CD8B","HLA-C - CD8B","MHC-I","Cell-Cell Contact","KEGG: hsa04514","PBMC_Early"
"Megakaryocytes","NK T","HLA-C","CD8B",0.0417544222170346,0,"HLA-C_CD8B","HLA-C - CD8B","MHC-I","Cell-Cell Contact","KEGG: hsa04514","PBMC_Early"
"MEMP","NK T","HLA-C","CD8B",0.0142788877085987,0,"HLA-C_CD8B","HLA-C - CD8B","MHC-I","Cell-Cell Contact","KEGG: hsa04514","PBMC_Early"
"MEP","NK T","HLA-C","CD8B",0.0193643465887503,0,"HLA-C_CD8B","HLA-C - CD8B","MHC-I","Cell-Cell Contact","KEGG: hsa04514","PBMC_Early"
"Myeloid-CD177","NK T","HLA-C","CD8B",0.00963218257497975,0,"HLA-C_CD8B","HLA-C - CD8B","MHC-I","Cell-Cell Contact","KEGG: hsa04514","PBMC_Early"
"Naïve CD4 T","NK T","HLA-C","CD8B",0.0410714411341372,0,"HLA-C_CD8B","HLA-C - CD8B","MHC-I","Cell-Cell Contact","KEGG: hsa04514","PBMC_Early"
"Naïve CD8 T","NK T","HLA-C","CD8B",0.0423619349911865,0,"HLA-C_CD8B","HLA-C - CD8B","MHC-I","Cell-Cell Contact","KEGG: hsa04514","PBMC_Early"
"NK T","NK T","HLA-C","CD8B",0.0485986738300977,0,"HLA-C_CD8B","HLA-C - CD8B","MHC-I","Cell-Cell Contact","KEGG: hsa04514","PBMC_Early"
"pDC","NK T","HLA-C","CD8B",0.0297407959007139,0,"HLA-C_CD8B","HLA-C - CD8B","MHC-I","Cell-Cell Contact","KEGG: hsa04514","PBMC_Early"
"Pro-B","NK T","HLA-C","CD8B",0.0329064944487089,0,"HLA-C_CD8B","HLA-C - CD8B","MHC-I","Cell-Cell Contact","KEGG: hsa04514","PBMC_Early"
"Tem","NK T","HLA-C","CD8B",0.0472229495543625,0,"HLA-C_CD8B","HLA-C - CD8B","MHC-I","Cell-Cell Contact","KEGG: hsa04514","PBMC_Early"
"Th17like_INNATE_T","NK T","HLA-C","CD8B",0.0459175108031499,0,"HLA-C_CD8B","HLA-C - CD8B","MHC-I","Cell-Cell Contact","KEGG: hsa04514","PBMC_Early"
"Treg","NK T","HLA-C","CD8B",0.0448455982010051,0,"HLA-C_CD8B","HLA-C - CD8B","MHC-I","Cell-Cell Contact","KEGG: hsa04514","PBMC_Early"
"abTentry","Naïve CD8 T","HLA-E","CD8B",0.142992143853869,0,"HLA-E_CD8B","HLA-E - CD8B","MHC-I","Cell-Cell Contact","KEGG: hsa04514","PBMC_Early"
"CD14+PPBP+ Monocytes","Naïve CD8 T","HLA-E","CD8B",0.186754076641681,0,"HLA-E_CD8B","HLA-E - CD8B","MHC-I","Cell-Cell Contact","KEGG: hsa04514","PBMC_Early"
"CD56highCD16low NK","Naïve CD8 T","HLA-E","CD8B",0.135045037898702,0,"HLA-E_CD8B","HLA-E - CD8B","MHC-I","Cell-Cell Contact","KEGG: hsa04514","PBMC_Early"
"Classical Monocytes","Naïve CD8 T","HLA-E","CD8B",0.139968572360917,0,"HLA-E_CD8B","HLA-E - CD8B","MHC-I","Cell-Cell Contact","KEGG: hsa04514","PBMC_Early"
"CX3CR1+ NK","Naïve CD8 T","HLA-E","CD8B",0.193047342337105,0,"HLA-E_CD8B","HLA-E - CD8B","MHC-I","Cell-Cell Contact","KEGG: hsa04514","PBMC_Early"
"CXCR5- Naïve B","Naïve CD8 T","HLA-E","CD8B",0.164994713248783,0,"HLA-E_CD8B","HLA-E - CD8B","MHC-I","Cell-Cell Contact","KEGG: hsa04514","PBMC_Early"
"CXCR5+ Naïve B","Naïve CD8 T","HLA-E","CD8B",0.159148854798429,0,"HLA-E_CD8B","HLA-E - CD8B","MHC-I","Cell-Cell Contact","KEGG: hsa04514","PBMC_Early"
"CXCR6+ NK","Naïve CD8 T","HLA-E","CD8B",0.181022358786094,0,"HLA-E_CD8B","HLA-E - CD8B","MHC-I","Cell-Cell Contact","KEGG: hsa04514","PBMC_Early"
"DC2","Naïve CD8 T","HLA-E","CD8B",0.114219720342179,0,"HLA-E_CD8B","HLA-E - CD8B","MHC-I","Cell-Cell Contact","KEGG: hsa04514","PBMC_Early"
"Gamma Delta V1 T","Naïve CD8 T","HLA-E","CD8B",0.177494715104862,0,"HLA-E_CD8B","HLA-E - CD8B","MHC-I","Cell-Cell Contact","KEGG: hsa04514","PBMC_Early"
"Gamma Delta V2 T","Naïve CD8 T","HLA-E","CD8B",0.183544429345712,0,"HLA-E_CD8B","HLA-E - CD8B","MHC-I","Cell-Cell Contact","KEGG: hsa04514","PBMC_Early"
"HSC_MPP","Naïve CD8 T","HLA-E","CD8B",0.0921900381273251,0,"HLA-E_CD8B","HLA-E - CD8B","MHC-I","Cell-Cell Contact","KEGG: hsa04514","PBMC_Early"
"ILC2/3","Naïve CD8 T","HLA-E","CD8B",0.162964621050623,0,"HLA-E_CD8B","HLA-E - CD8B","MHC-I","Cell-Cell Contact","KEGG: hsa04514","PBMC_Early"
"Megakaryocytes","Naïve CD8 T","HLA-E","CD8B",0.217334331653291,0,"HLA-E_CD8B","HLA-E - CD8B","MHC-I","Cell-Cell Contact","KEGG: hsa04514","PBMC_Early"
"MEMP","Naïve CD8 T","HLA-E","CD8B",0.0547853727930127,0,"HLA-E_CD8B","HLA-E - CD8B","MHC-I","Cell-Cell Contact","KEGG: hsa04514","PBMC_Early"
"MEP","Naïve CD8 T","HLA-E","CD8B",0.123128602642283,0,"HLA-E_CD8B","HLA-E - CD8B","MHC-I","Cell-Cell Contact","KEGG: hsa04514","PBMC_Early"
"Myeloid-CD177","Naïve CD8 T","HLA-E","CD8B",0.0975785459286027,0,"HLA-E_CD8B","HLA-E - CD8B","MHC-I","Cell-Cell Contact","KEGG: hsa04514","PBMC_Early"
"Naïve CD4 T","Naïve CD8 T","HLA-E","CD8B",0.186318176898361,0,"HLA-E_CD8B","HLA-E - CD8B","MHC-I","Cell-Cell Contact","KEGG: hsa04514","PBMC_Early"
"Naïve CD8 T","Naïve CD8 T","HLA-E","CD8B",0.184806737065342,0,"HLA-E_CD8B","HLA-E - CD8B","MHC-I","Cell-Cell Contact","KEGG: hsa04514","PBMC_Early"
"NK T","Naïve CD8 T","HLA-E","CD8B",0.191290665162437,0,"HLA-E_CD8B","HLA-E - CD8B","MHC-I","Cell-Cell Contact","KEGG: hsa04514","PBMC_Early"
"pDC","Naïve CD8 T","HLA-E","CD8B",0.103524782828597,0,"HLA-E_CD8B","HLA-E - CD8B","MHC-I","Cell-Cell Contact","KEGG: hsa04514","PBMC_Early"
"Pro-B","Naïve CD8 T","HLA-E","CD8B",0.0885047820682159,0,"HLA-E_CD8B","HLA-E - CD8B","MHC-I","Cell-Cell Contact","KEGG: hsa04514","PBMC_Early"
"Tem","Naïve CD8 T","HLA-E","CD8B",0.186618527097168,0,"HLA-E_CD8B","HLA-E - CD8B","MHC-I","Cell-Cell Contact","KEGG: hsa04514","PBMC_Early"
"Th17like_INNATE_T","Naïve CD8 T","HLA-E","CD8B",0.194742183291236,0,"HLA-E_CD8B","HLA-E - CD8B","MHC-I","Cell-Cell Contact","KEGG: hsa04514","PBMC_Early"
"Treg","Naïve CD8 T","HLA-E","CD8B",0.198095323439405,0,"HLA-E_CD8B","HLA-E - CD8B","MHC-I","Cell-Cell Contact","KEGG: hsa04514","PBMC_Early"
"abTentry","NK T","HLA-E","CD8B",0.0280410794070023,0,"HLA-E_CD8B","HLA-E - CD8B","MHC-I","Cell-Cell Contact","KEGG: hsa04514","PBMC_Early"
"CD14+PPBP+ Monocytes","NK T","HLA-E","CD8B",0.0381906147487977,0,"HLA-E_CD8B","HLA-E - CD8B","MHC-I","Cell-Cell Contact","KEGG: hsa04514","PBMC_Early"
"CD56highCD16low NK","NK T","HLA-E","CD8B",0.0262866771764271,0,"HLA-E_CD8B","HLA-E - CD8B","MHC-I","Cell-Cell Contact","KEGG: hsa04514","PBMC_Early"
"Classical Monocytes","NK T","HLA-E","CD8B",0.0273705221022841,0,"HLA-E_CD8B","HLA-E - CD8B","MHC-I","Cell-Cell Contact","KEGG: hsa04514","PBMC_Early"
"CX3CR1+ NK","NK T","HLA-E","CD8B",0.039722095370557,0,"HLA-E_CD8B","HLA-E - CD8B","MHC-I","Cell-Cell Contact","KEGG: hsa04514","PBMC_Early"
"CXCR5- Naïve B","NK T","HLA-E","CD8B",0.0330376987700807,0,"HLA-E_CD8B","HLA-E - CD8B","MHC-I","Cell-Cell Contact","KEGG: hsa04514","PBMC_Early"
"CXCR5+ Naïve B","NK T","HLA-E","CD8B",0.0316897186767708,0,"HLA-E_CD8B","HLA-E - CD8B","MHC-I","Cell-Cell Contact","KEGG: hsa04514","PBMC_Early"
"CXCR6+ NK","NK T","HLA-E","CD8B",0.0368121034383381,0,"HLA-E_CD8B","HLA-E - CD8B","MHC-I","Cell-Cell Contact","KEGG: hsa04514","PBMC_Early"
"DC2","NK T","HLA-E","CD8B",0.0218101022366336,0,"HLA-E_CD8B","HLA-E - CD8B","MHC-I","Cell-Cell Contact","KEGG: hsa04514","PBMC_Early"
"Gamma Delta V1 T","NK T","HLA-E","CD8B",0.0359713001685676,0,"HLA-E_CD8B","HLA-E - CD8B","MHC-I","Cell-Cell Contact","KEGG: hsa04514","PBMC_Early"
"Gamma Delta V2 T","NK T","HLA-E","CD8B",0.0374167775536782,0,"HLA-E_CD8B","HLA-E - CD8B","MHC-I","Cell-Cell Contact","KEGG: hsa04514","PBMC_Early"
"HSC_MPP","NK T","HLA-E","CD8B",0.017256342143428,0,"HLA-E_CD8B","HLA-E - CD8B","MHC-I","Cell-Cell Contact","KEGG: hsa04514","PBMC_Early"
"ILC2/3","NK T","HLA-E","CD8B",0.0325678780014167,0,"HLA-E_CD8B","HLA-E - CD8B","MHC-I","Cell-Cell Contact","KEGG: hsa04514","PBMC_Early"
"Megakaryocytes","NK T","HLA-E","CD8B",0.0458146365191059,0,"HLA-E_CD8B","HLA-E - CD8B","MHC-I","Cell-Cell Contact","KEGG: hsa04514","PBMC_Early"
"MEMP","NK T","HLA-E","CD8B",0.00992253876638163,0,"HLA-E_CD8B","HLA-E - CD8B","MHC-I","Cell-Cell Contact","KEGG: hsa04514","PBMC_Early"
"MEP","NK T","HLA-E","CD8B",0.0237041258103302,0,"HLA-E_CD8B","HLA-E - CD8B","MHC-I","Cell-Cell Contact","KEGG: hsa04514","PBMC_Early"
"Myeloid-CD177","NK T","HLA-E","CD8B",0.0183535248762692,0,"HLA-E_CD8B","HLA-E - CD8B","MHC-I","Cell-Cell Contact","KEGG: hsa04514","PBMC_Early"
"Naïve CD4 T","NK T","HLA-E","CD8B",0.038085235487916,0,"HLA-E_CD8B","HLA-E - CD8B","MHC-I","Cell-Cell Contact","KEGG: hsa04514","PBMC_Early"
"Naïve CD8 T","NK T","HLA-E","CD8B",0.0377205378774818,0,"HLA-E_CD8B","HLA-E - CD8B","MHC-I","Cell-Cell Contact","KEGG: hsa04514","PBMC_Early"
"NK T","NK T","HLA-E","CD8B",0.0392926984591469,0,"HLA-E_CD8B","HLA-E - CD8B","MHC-I","Cell-Cell Contact","KEGG: hsa04514","PBMC_Early"
"pDC","NK T","HLA-E","CD8B",0.0195766832515958,0,"HLA-E_CD8B","HLA-E - CD8B","MHC-I","Cell-Cell Contact","KEGG: hsa04514","PBMC_Early"
"Pro-B","NK T","HLA-E","CD8B",0.0165120437720168,0,"HLA-E_CD8B","HLA-E - CD8B","MHC-I","Cell-Cell Contact","KEGG: hsa04514","PBMC_Early"
"Tem","NK T","HLA-E","CD8B",0.0381578358653254,0,"HLA-E_CD8B","HLA-E - CD8B","MHC-I","Cell-Cell Contact","KEGG: hsa04514","PBMC_Early"
"Th17like_INNATE_T","NK T","HLA-E","CD8B",0.040137786941472,0,"HLA-E_CD8B","HLA-E - CD8B","MHC-I","Cell-Cell Contact","KEGG: hsa04514","PBMC_Early"
"Treg","NK T","HLA-E","CD8B",0.0409643140758057,0,"HLA-E_CD8B","HLA-E - CD8B","MHC-I","Cell-Cell Contact","KEGG: hsa04514","PBMC_Early"
"CX3CR1+ NK","Naïve CD8 T","HLA-F","CD8B",0.0380293622792096,0,"HLA-F_CD8B","HLA-F - CD8B","MHC-I","Cell-Cell Contact","KEGG: hsa04514","PBMC_Early"
"CXCR5- Naïve B","Naïve CD8 T","HLA-F","CD8B",0.0263390464941952,0,"HLA-F_CD8B","HLA-F - CD8B","MHC-I","Cell-Cell Contact","KEGG: hsa04514","PBMC_Early"
"CXCR5+ Naïve B","Naïve CD8 T","HLA-F","CD8B",0.0247533996076099,0,"HLA-F_CD8B","HLA-F - CD8B","MHC-I","Cell-Cell Contact","KEGG: hsa04514","PBMC_Early"
"CXCR6+ NK","Naïve CD8 T","HLA-F","CD8B",0.0696260766069236,0,"HLA-F_CD8B","HLA-F - CD8B","MHC-I","Cell-Cell Contact","KEGG: hsa04514","PBMC_Early"
"Gamma Delta V1 T","Naïve CD8 T","HLA-F","CD8B",0.0290165525561652,0,"HLA-F_CD8B","HLA-F - CD8B","MHC-I","Cell-Cell Contact","KEGG: hsa04514","PBMC_Early"
"Gamma Delta V2 T","Naïve CD8 T","HLA-F","CD8B",0.0300173889377993,0,"HLA-F_CD8B","HLA-F - CD8B","MHC-I","Cell-Cell Contact","KEGG: hsa04514","PBMC_Early"
"Naïve CD4 T","Naïve CD8 T","HLA-F","CD8B",0.0267714057396938,0,"HLA-F_CD8B","HLA-F - CD8B","MHC-I","Cell-Cell Contact","KEGG: hsa04514","PBMC_Early"
"Naïve CD8 T","Naïve CD8 T","HLA-F","CD8B",0.0548993215908963,0,"HLA-F_CD8B","HLA-F - CD8B","MHC-I","Cell-Cell Contact","KEGG: hsa04514","PBMC_Early"
"NK T","Naïve CD8 T","HLA-F","CD8B",0.0310745630594313,0,"HLA-F_CD8B","HLA-F - CD8B","MHC-I","Cell-Cell Contact","KEGG: hsa04514","PBMC_Early"
"Tem","Naïve CD8 T","HLA-F","CD8B",0.0528537508490087,0,"HLA-F_CD8B","HLA-F - CD8B","MHC-I","Cell-Cell Contact","KEGG: hsa04514","PBMC_Early"
"Th17like_INNATE_T","Naïve CD8 T","HLA-F","CD8B",0.0292166116552143,0,"HLA-F_CD8B","HLA-F - CD8B","MHC-I","Cell-Cell Contact","KEGG: hsa04514","PBMC_Early"
"Treg","Naïve CD8 T","HLA-F","CD8B",0.03126932957001,0,"HLA-F_CD8B","HLA-F - CD8B","MHC-I","Cell-Cell Contact","KEGG: hsa04514","PBMC_Early"
"CX3CR1+ NK","NK T","HLA-F","CD8B",0.00678919223764541,0,"HLA-F_CD8B","HLA-F - CD8B","MHC-I","Cell-Cell Contact","KEGG: hsa04514","PBMC_Early"
"CXCR5- Naïve B","NK T","HLA-F","CD8B",0.0046557008925559,0,"HLA-F_CD8B","HLA-F - CD8B","MHC-I","Cell-Cell Contact","KEGG: hsa04514","PBMC_Early"
"CXCR5+ Naïve B","NK T","HLA-F","CD8B",0.00436956310094068,0,"HLA-F_CD8B","HLA-F - CD8B","MHC-I","Cell-Cell Contact","KEGG: hsa04514","PBMC_Early"
"CXCR6+ NK","NK T","HLA-F","CD8B",0.0127746826815652,0,"HLA-F_CD8B","HLA-F - CD8B","MHC-I","Cell-Cell Contact","KEGG: hsa04514","PBMC_Early"
"Gamma Delta V1 T","NK T","HLA-F","CD8B",0.00514061560334061,0,"HLA-F_CD8B","HLA-F - CD8B","MHC-I","Cell-Cell Contact","KEGG: hsa04514","PBMC_Early"
"Gamma Delta V2 T","NK T","HLA-F","CD8B",0.00532243942145566,0,"HLA-F_CD8B","HLA-F - CD8B","MHC-I","Cell-Cell Contact","KEGG: hsa04514","PBMC_Early"
"Naïve CD4 T","NK T","HLA-F","CD8B",0.00473385542031895,0,"HLA-F_CD8B","HLA-F - CD8B","MHC-I","Cell-Cell Contact","KEGG: hsa04514","PBMC_Early"
"Naïve CD8 T","NK T","HLA-F","CD8B",0.00994415846057598,0,"HLA-F_CD8B","HLA-F - CD8B","MHC-I","Cell-Cell Contact","KEGG: hsa04514","PBMC_Early"
"NK T","NK T","HLA-F","CD8B",0.00551483376094342,0,"HLA-F_CD8B","HLA-F - CD8B","MHC-I","Cell-Cell Contact","KEGG: hsa04514","PBMC_Early"
"Tem","NK T","HLA-F","CD8B",0.00955669733332324,0,"HLA-F_CD8B","HLA-F - CD8B","MHC-I","Cell-Cell Contact","KEGG: hsa04514","PBMC_Early"
"Th17like_INNATE_T","NK T","HLA-F","CD8B",0.00517693604618262,0,"HLA-F_CD8B","HLA-F - CD8B","MHC-I","Cell-Cell Contact","KEGG: hsa04514","PBMC_Early"
"Treg","NK T","HLA-F","CD8B",0.00555031685171539,0,"HLA-F_CD8B","HLA-F - CD8B","MHC-I","Cell-Cell Contact","KEGG: hsa04514","PBMC_Early"
"abTentry","CD56highCD16low NK","HLA-E","KLRC1",0.0432715043926224,0,"HLA-E_KLRC1","HLA-E - KLRC1","MHC-I","Cell-Cell Contact","PMID: 24223577","PBMC_Early"
"CD14+PPBP+ Monocytes","CD56highCD16low NK","HLA-E","KLRC1",0.0586013571860079,0,"HLA-E_KLRC1","HLA-E - KLRC1","MHC-I","Cell-Cell Contact","PMID: 24223577","PBMC_Early"
"CD56highCD16low NK","CD56highCD16low NK","HLA-E","KLRC1",0.0406040117901491,0,"HLA-E_KLRC1","HLA-E - KLRC1","MHC-I","Cell-Cell Contact","PMID: 24223577","PBMC_Early"
"Classical Monocytes","CD56highCD16low NK","HLA-E","KLRC1",0.0422525687999314,0,"HLA-E_KLRC1","HLA-E - KLRC1","MHC-I","Cell-Cell Contact","PMID: 24223577","PBMC_Early"
"CX3CR1+ NK","CD56highCD16low NK","HLA-E","KLRC1",0.0608995034467389,0,"HLA-E_KLRC1","HLA-E - KLRC1","MHC-I","Cell-Cell Contact","PMID: 24223577","PBMC_Early"
"CXCR5- Naïve B","CD56highCD16low NK","HLA-E","KLRC1",0.0508400666585859,0,"HLA-E_KLRC1","HLA-E - KLRC1","MHC-I","Cell-Cell Contact","PMID: 24223577","PBMC_Early"
"CXCR5+ Naïve B","CD56highCD16low NK","HLA-E","KLRC1",0.0488023865322441,0,"HLA-E_KLRC1","HLA-E - KLRC1","MHC-I","Cell-Cell Contact","PMID: 24223577","PBMC_Early"
"CXCR6+ NK","CD56highCD16low NK","HLA-E","KLRC1",0.0565294098661503,0,"HLA-E_KLRC1","HLA-E - KLRC1","MHC-I","Cell-Cell Contact","PMID: 24223577","PBMC_Early"
"DC2","CD56highCD16low NK","HLA-E","KLRC1",0.033773790836939,0,"HLA-E_KLRC1","HLA-E - KLRC1","MHC-I","Cell-Cell Contact","PMID: 24223577","PBMC_Early"
"Gamma Delta V1 T","CD56highCD16low NK","HLA-E","KLRC1",0.0552640948331385,0,"HLA-E_KLRC1","HLA-E - KLRC1","MHC-I","Cell-Cell Contact","PMID: 24223577","PBMC_Early"
"Gamma Delta V2 T","CD56highCD16low NK","HLA-E","KLRC1",0.0574386456878433,0,"HLA-E_KLRC1","HLA-E - KLRC1","MHC-I","Cell-Cell Contact","PMID: 24223577","PBMC_Early"
"HSC_MPP","CD56highCD16low NK","HLA-E","KLRC1",0.0267905289084094,0,"HLA-E_KLRC1","HLA-E - KLRC1","MHC-I","Cell-Cell Contact","PMID: 24223577","PBMC_Early"
"ILC2/3","CD56highCD16low NK","HLA-E","KLRC1",0.0501302076364205,0,"HLA-E_KLRC1","HLA-E - KLRC1","MHC-I","Cell-Cell Contact","PMID: 24223577","PBMC_Early"
"Megakaryocytes","CD56highCD16low NK","HLA-E","KLRC1",0.0700034284173971,0,"HLA-E_KLRC1","HLA-E - KLRC1","MHC-I","Cell-Cell Contact","PMID: 24223577","PBMC_Early"
"MEMP","CD56highCD16low NK","HLA-E","KLRC1",0.0154685530297202,0,"HLA-E_KLRC1","HLA-E - KLRC1","MHC-I","Cell-Cell Contact","PMID: 24223577","PBMC_Early"
"MEP","CD56highCD16low NK","HLA-E","KLRC1",0.0366678146787579,0,"HLA-E_KLRC1","HLA-E - KLRC1","MHC-I","Cell-Cell Contact","PMID: 24223577","PBMC_Early"
"Myeloid-CD177","CD56highCD16low NK","HLA-E","KLRC1",0.0284763433796885,0,"HLA-E_KLRC1","HLA-E - KLRC1","MHC-I","Cell-Cell Contact","PMID: 24223577","PBMC_Early"
"Naïve CD4 T","CD56highCD16low NK","HLA-E","KLRC1",0.0584430807867651,0,"HLA-E_KLRC1","HLA-E - KLRC1","MHC-I","Cell-Cell Contact","PMID: 24223577","PBMC_Early"
"Naïve CD8 T","CD56highCD16low NK","HLA-E","KLRC1",0.0578951731092042,0,"HLA-E_KLRC1","HLA-E - KLRC1","MHC-I","Cell-Cell Contact","PMID: 24223577","PBMC_Early"
"NK T","CD56highCD16low NK","HLA-E","KLRC1",0.0602555429905198,0,"HLA-E_KLRC1","HLA-E - KLRC1","MHC-I","Cell-Cell Contact","PMID: 24223577","PBMC_Early"
"pDC","CD56highCD16low NK","HLA-E","KLRC1",0.0303532701805326,0,"HLA-E_KLRC1","HLA-E - KLRC1","MHC-I","Cell-Cell Contact","PMID: 24223577","PBMC_Early"
"Pro-B","CD56highCD16low NK","HLA-E","KLRC1",0.0256457346089102,0,"HLA-E_KLRC1","HLA-E - KLRC1","MHC-I","Cell-Cell Contact","PMID: 24223577","PBMC_Early"
"Tem","CD56highCD16low NK","HLA-E","KLRC1",0.0585521263003166,0,"HLA-E_KLRC1","HLA-E - KLRC1","MHC-I","Cell-Cell Contact","PMID: 24223577","PBMC_Early"
"Th17like_INNATE_T","CD56highCD16low NK","HLA-E","KLRC1",0.0615226177714455,0,"HLA-E_KLRC1","HLA-E - KLRC1","MHC-I","Cell-Cell Contact","PMID: 24223577","PBMC_Early"
"Treg","CD56highCD16low NK","HLA-E","KLRC1",0.0627607134730218,0,"HLA-E_KLRC1","HLA-E - KLRC1","MHC-I","Cell-Cell Contact","PMID: 24223577","PBMC_Early"
"abTentry","CX3CR1+ NK","HLA-E","KLRC1",0.114866610382468,0,"HLA-E_KLRC1","HLA-E - KLRC1","MHC-I","Cell-Cell Contact","PMID: 24223577","PBMC_Early"
"CD14+PPBP+ Monocytes","CX3CR1+ NK","HLA-E","KLRC1",0.151542958501607,0,"HLA-E_KLRC1","HLA-E - KLRC1","MHC-I","Cell-Cell Contact","PMID: 24223577","PBMC_Early"
"CD56highCD16low NK","CX3CR1+ NK","HLA-E","KLRC1",0.108285136799092,0,"HLA-E_KLRC1","HLA-E - KLRC1","MHC-I","Cell-Cell Contact","PMID: 24223577","PBMC_Early"
"Classical Monocytes","CX3CR1+ NK","HLA-E","KLRC1",0.112359782482384,0,"HLA-E_KLRC1","HLA-E - KLRC1","MHC-I","Cell-Cell Contact","PMID: 24223577","PBMC_Early"
"CX3CR1+ NK","CX3CR1+ NK","HLA-E","KLRC1",0.156878565243684,0,"HLA-E_KLRC1","HLA-E - KLRC1","MHC-I","Cell-Cell Contact","PMID: 24223577","PBMC_Early"
"CXCR5- Naïve B","CX3CR1+ NK","HLA-E","KLRC1",0.133214140946425,0,"HLA-E_KLRC1","HLA-E - KLRC1","MHC-I","Cell-Cell Contact","PMID: 24223577","PBMC_Early"
"CXCR5+ Naïve B","CX3CR1+ NK","HLA-E","KLRC1",0.128321245496075,0,"HLA-E_KLRC1","HLA-E - KLRC1","MHC-I","Cell-Cell Contact","PMID: 24223577","PBMC_Early"
"CXCR6+ NK","CX3CR1+ NK","HLA-E","KLRC1",0.146696977429598,0,"HLA-E_KLRC1","HLA-E - KLRC1","MHC-I","Cell-Cell Contact","PMID: 24223577","PBMC_Early"
"DC2","CX3CR1+ NK","HLA-E","KLRC1",0.0911515891834339,0,"HLA-E_KLRC1","HLA-E - KLRC1","MHC-I","Cell-Cell Contact","PMID: 24223577","PBMC_Early"
"Gamma Delta V1 T","CX3CR1+ NK","HLA-E","KLRC1",0.143720858202033,0,"HLA-E_KLRC1","HLA-E - KLRC1","MHC-I","Cell-Cell Contact","PMID: 24223577","PBMC_Early"
"Gamma Delta V2 T","CX3CR1+ NK","HLA-E","KLRC1",0.148827720542607,0,"HLA-E_KLRC1","HLA-E - KLRC1","MHC-I","Cell-Cell Contact","PMID: 24223577","PBMC_Early"
"HSC_MPP","CX3CR1+ NK","HLA-E","KLRC1",0.0732033901480564,0,"HLA-E_KLRC1","HLA-E - KLRC1","MHC-I","Cell-Cell Contact","PMID: 24223577","PBMC_Early"
"ILC2/3","CX3CR1+ NK","HLA-E","KLRC1",0.131513489454137,0,"HLA-E_KLRC1","HLA-E - KLRC1","MHC-I","Cell-Cell Contact","PMID: 24223577","PBMC_Early"
"Megakaryocytes","CX3CR1+ NK","HLA-E","KLRC1",0.177616782437991,0,"HLA-E_KLRC1","HLA-E - KLRC1","MHC-I","Cell-Cell Contact","PMID: 24223577","PBMC_Early"
"MEMP","CX3CR1+ NK","HLA-E","KLRC1",0.0431362128701909,0,"HLA-E_KLRC1","HLA-E - KLRC1","MHC-I","Cell-Cell Contact","PMID: 24223577","PBMC_Early"
"MEP","CX3CR1+ NK","HLA-E","KLRC1",0.0984612106409113,0,"HLA-E_KLRC1","HLA-E - KLRC1","MHC-I","Cell-Cell Contact","PMID: 24223577","PBMC_Early"
"Myeloid-CD177","CX3CR1+ NK","HLA-E","KLRC1",0.0775769637978594,0,"HLA-E_KLRC1","HLA-E - KLRC1","MHC-I","Cell-Cell Contact","PMID: 24223577","PBMC_Early"
"Naïve CD4 T","CX3CR1+ NK","HLA-E","KLRC1",0.151173967003011,0,"HLA-E_KLRC1","HLA-E - KLRC1","MHC-I","Cell-Cell Contact","PMID: 24223577","PBMC_Early"
"Naïve CD8 T","CX3CR1+ NK","HLA-E","KLRC1",0.149895102350772,0,"HLA-E_KLRC1","HLA-E - KLRC1","MHC-I","Cell-Cell Contact","PMID: 24223577","PBMC_Early"
"NK T","CX3CR1+ NK","HLA-E","KLRC1",0.155387637082533,0,"HLA-E_KLRC1","HLA-E - KLRC1","MHC-I","Cell-Cell Contact","PMID: 24223577","PBMC_Early"
"pDC","CX3CR1+ NK","HLA-E","KLRC1",0.0824156599210387,0,"HLA-E_KLRC1","HLA-E - KLRC1","MHC-I","Cell-Cell Contact","PMID: 24223577","PBMC_Early"
"Pro-B","CX3CR1+ NK","HLA-E","KLRC1",0.0702184102089625,0,"HLA-E_KLRC1","HLA-E - KLRC1","MHC-I","Cell-Cell Contact","PMID: 24223577","PBMC_Early"
"Tem","CX3CR1+ NK","HLA-E","KLRC1",0.151428207086782,0,"HLA-E_KLRC1","HLA-E - KLRC1","MHC-I","Cell-Cell Contact","PMID: 24223577","PBMC_Early"
"Th17like_INNATE_T","CX3CR1+ NK","HLA-E","KLRC1",0.158318164907728,0,"HLA-E_KLRC1","HLA-E - KLRC1","MHC-I","Cell-Cell Contact","PMID: 24223577","PBMC_Early"
"Treg","CX3CR1+ NK","HLA-E","KLRC1",0.161169667680881,0,"HLA-E_KLRC1","HLA-E - KLRC1","MHC-I","Cell-Cell Contact","PMID: 24223577","PBMC_Early"
"abTentry","CXCR6+ NK","HLA-E","KLRC1",0.154210420280014,0,"HLA-E_KLRC1","HLA-E - KLRC1","MHC-I","Cell-Cell Contact","PMID: 24223577","PBMC_Early"
"CD14+PPBP+ Monocytes","CXCR6+ NK","HLA-E","KLRC1",0.200602003957059,0,"HLA-E_KLRC1","HLA-E - KLRC1","MHC-I","Cell-Cell Contact","PMID: 24223577","PBMC_Early"
"CD56highCD16low NK","CXCR6+ NK","HLA-E","KLRC1",0.145745865075799,0,"HLA-E_KLRC1","HLA-E - KLRC1","MHC-I","Cell-Cell Contact","PMID: 24223577","PBMC_Early"
"Classical Monocytes","CXCR6+ NK","HLA-E","KLRC1",0.150991430949395,0,"HLA-E_KLRC1","HLA-E - KLRC1","MHC-I","Cell-Cell Contact","PMID: 24223577","PBMC_Early"
"CX3CR1+ NK","CXCR6+ NK","HLA-E","KLRC1",0.207243000785742,0,"HLA-E_KLRC1","HLA-E - KLRC1","MHC-I","Cell-Cell Contact","PMID: 24223577","PBMC_Early"
"CXCR5- Naïve B","CXCR6+ NK","HLA-E","KLRC1",0.177581490148828,0,"HLA-E_KLRC1","HLA-E - KLRC1","MHC-I","Cell-Cell Contact","PMID: 24223577","PBMC_Early"
"CXCR5+ Naïve B","CXCR6+ NK","HLA-E","KLRC1",0.171381205584723,0,"HLA-E_KLRC1","HLA-E - KLRC1","MHC-I","Cell-Cell Contact","PMID: 24223577","PBMC_Early"
"CXCR6+ NK","CXCR6+ NK","HLA-E","KLRC1",0.194546947920645,0,"HLA-E_KLRC1","HLA-E - KLRC1","MHC-I","Cell-Cell Contact","PMID: 24223577","PBMC_Early"
"DC2","CXCR6+ NK","HLA-E","KLRC1",0.123505998116477,0,"HLA-E_KLRC1","HLA-E - KLRC1","MHC-I","Cell-Cell Contact","PMID: 24223577","PBMC_Early"
"Gamma Delta V1 T","CXCR6+ NK","HLA-E","KLRC1",0.190817153589348,0,"HLA-E_KLRC1","HLA-E - KLRC1","MHC-I","Cell-Cell Contact","PMID: 24223577","PBMC_Early"
"Gamma Delta V2 T","CXCR6+ NK","HLA-E","KLRC1",0.197212073702355,0,"HLA-E_KLRC1","HLA-E - KLRC1","MHC-I","Cell-Cell Contact","PMID: 24223577","PBMC_Early"
"HSC_MPP","CXCR6+ NK","HLA-E","KLRC1",0.0998872341201883,0,"HLA-E_KLRC1","HLA-E - KLRC1","MHC-I","Cell-Cell Contact","PMID: 24223577","PBMC_Early"
"ILC2/3","CXCR6+ NK","HLA-E","KLRC1",0.175429067089841,0,"HLA-E_KLRC1","HLA-E - KLRC1","MHC-I","Cell-Cell Contact","PMID: 24223577","PBMC_Early"
"Megakaryocytes","CXCR6+ NK","HLA-E","KLRC1",0.232800693510315,0,"HLA-E_KLRC1","HLA-E - KLRC1","MHC-I","Cell-Cell Contact","PMID: 24223577","PBMC_Early"
"MEMP","CXCR6+ NK","HLA-E","KLRC1",0.0595644635945765,0,"HLA-E_KLRC1","HLA-E - KLRC1","MHC-I","Cell-Cell Contact","PMID: 24223577","PBMC_Early"
"MEP","CXCR6+ NK","HLA-E","KLRC1",0.133030409362864,0,"HLA-E_KLRC1","HLA-E - KLRC1","MHC-I","Cell-Cell Contact","PMID: 24223577","PBMC_Early"
"Myeloid-CD177","CXCR6+ NK","HLA-E","KLRC1",0.105673272465942,0,"HLA-E_KLRC1","HLA-E - KLRC1","MHC-I","Cell-Cell Contact","PMID: 24223577","PBMC_Early"
"Naïve CD4 T","CXCR6+ NK","HLA-E","KLRC1",0.200141736561681,0,"HLA-E_KLRC1","HLA-E - KLRC1","MHC-I","Cell-Cell Contact","PMID: 24223577","PBMC_Early"
"Naïve CD8 T","CXCR6+ NK","HLA-E","KLRC1",0.198545520855385,0,"HLA-E_KLRC1","HLA-E - KLRC1","MHC-I","Cell-Cell Contact","PMID: 24223577","PBMC_Early"
"NK T","CXCR6+ NK","HLA-E","KLRC1",0.205390025788496,0,"HLA-E_KLRC1","HLA-E - KLRC1","MHC-I","Cell-Cell Contact","PMID: 24223577","PBMC_Early"
"pDC","CXCR6+ NK","HLA-E","KLRC1",0.112051536513403,0,"HLA-E_KLRC1","HLA-E - KLRC1","MHC-I","Cell-Cell Contact","PMID: 24223577","PBMC_Early"
"Pro-B","CXCR6+ NK","HLA-E","KLRC1",0.0959267993640177,0,"HLA-E_KLRC1","HLA-E - KLRC1","MHC-I","Cell-Cell Contact","PMID: 24223577","PBMC_Early"
"Tem","CXCR6+ NK","HLA-E","KLRC1",0.20045888084635,0,"HLA-E_KLRC1","HLA-E - KLRC1","MHC-I","Cell-Cell Contact","PMID: 24223577","PBMC_Early"
"Th17like_INNATE_T","CXCR6+ NK","HLA-E","KLRC1",0.20903018761101,0,"HLA-E_KLRC1","HLA-E - KLRC1","MHC-I","Cell-Cell Contact","PMID: 24223577","PBMC_Early"
"Treg","CXCR6+ NK","HLA-E","KLRC1",0.212564402718353,0,"HLA-E_KLRC1","HLA-E - KLRC1","MHC-I","Cell-Cell Contact","PMID: 24223577","PBMC_Early"
"abTentry","CD56highCD16low NK","HLA-E","KLRC2",0.0423458896149733,0,"HLA-E_KLRC2","HLA-E - KLRC2","MHC-I","Cell-Cell Contact","PMID: 26697006","PBMC_Early"
"CD14+PPBP+ Monocytes","CD56highCD16low NK","HLA-E","KLRC2",0.0573674863535911,0,"HLA-E_KLRC2","HLA-E - KLRC2","MHC-I","Cell-Cell Contact","PMID: 26697006","PBMC_Early"
"CD56highCD16low NK","CD56highCD16low NK","HLA-E","KLRC2",0.0397330872690561,0,"HLA-E_KLRC2","HLA-E - KLRC2","MHC-I","Cell-Cell Contact","PMID: 26697006","PBMC_Early"
"Classical Monocytes","CD56highCD16low NK","HLA-E","KLRC2",0.0413478079591531,0,"HLA-E_KLRC2","HLA-E - KLRC2","MHC-I","Cell-Cell Contact","PMID: 26697006","PBMC_Early"
"CX3CR1+ NK","CD56highCD16low NK","HLA-E","KLRC2",0.0596203088946731,0,"HLA-E_KLRC2","HLA-E - KLRC2","MHC-I","Cell-Cell Contact","PMID: 26697006","PBMC_Early"
"CXCR5- Naïve B","CD56highCD16low NK","HLA-E","KLRC2",0.0497609743869786,0,"HLA-E_KLRC2","HLA-E - KLRC2","MHC-I","Cell-Cell Contact","PMID: 26697006","PBMC_Early"
"CXCR5+ Naïve B","CD56highCD16low NK","HLA-E","KLRC2",0.0477643680243651,0,"HLA-E_KLRC2","HLA-E - KLRC2","MHC-I","Cell-Cell Contact","PMID: 26697006","PBMC_Early"
"CXCR6+ NK","CD56highCD16low NK","HLA-E","KLRC2",0.055336600201607,0,"HLA-E_KLRC2","HLA-E - KLRC2","MHC-I","Cell-Cell Contact","PMID: 26697006","PBMC_Early"
"DC2","CD56highCD16low NK","HLA-E","KLRC2",0.0330443232738806,0,"HLA-E_KLRC2","HLA-E - KLRC2","MHC-I","Cell-Cell Contact","PMID: 26697006","PBMC_Early"
"Gamma Delta V1 T","CD56highCD16low NK","HLA-E","KLRC2",0.0540964533302318,0,"HLA-E_KLRC2","HLA-E - KLRC2","MHC-I","Cell-Cell Contact","PMID: 26697006","PBMC_Early"
"Gamma Delta V2 T","CD56highCD16low NK","HLA-E","KLRC2",0.0562277939123127,0,"HLA-E_KLRC2","HLA-E - KLRC2","MHC-I","Cell-Cell Contact","PMID: 26697006","PBMC_Early"
"HSC_MPP","CD56highCD16low NK","HLA-E","KLRC2",0.026207799162084,0,"HLA-E_KLRC2","HLA-E - KLRC2","MHC-I","Cell-Cell Contact","PMID: 26697006","PBMC_Early"
"ILC2/3","CD56highCD16low NK","HLA-E","KLRC2",0.0490654034260405,0,"HLA-E_KLRC2","HLA-E - KLRC2","MHC-I","Cell-Cell Contact","PMID: 26697006","PBMC_Early"
"Megakaryocytes","CD56highCD16low NK","HLA-E","KLRC2",0.0685469639932131,0,"HLA-E_KLRC2","HLA-E - KLRC2","MHC-I","Cell-Cell Contact","PMID: 26697006","PBMC_Early"
"MEMP","CD56highCD16low NK","HLA-E","KLRC2",0.015128263197006,0,"HLA-E_KLRC2","HLA-E - KLRC2","MHC-I","Cell-Cell Contact","PMID: 26697006","PBMC_Early"
"MEP","CD56highCD16low NK","HLA-E","KLRC2",0.0358781611937861,0,"HLA-E_KLRC2","HLA-E - KLRC2","MHC-I","Cell-Cell Contact","PMID: 26697006","PBMC_Early"
"Myeloid-CD177","CD56highCD16low NK","HLA-E","KLRC2",0.0278579945566509,0,"HLA-E_KLRC2","HLA-E - KLRC2","MHC-I","Cell-Cell Contact","PMID: 26697006","PBMC_Early"
"Naïve CD4 T","CD56highCD16low NK","HLA-E","KLRC2",0.0572123399836295,0,"HLA-E_KLRC2","HLA-E - KLRC2","MHC-I","Cell-Cell Contact","PMID: 26697006","PBMC_Early"
"Naïve CD8 T","CD56highCD16low NK","HLA-E","KLRC2",0.0566752760559152,0,"HLA-E_KLRC2","HLA-E - KLRC2","MHC-I","Cell-Cell Contact","PMID: 26697006","PBMC_Early"
"NK T","CD56highCD16low NK","HLA-E","KLRC2",0.0589890251807123,0,"HLA-E_KLRC2","HLA-E - KLRC2","MHC-I","Cell-Cell Contact","PMID: 26697006","PBMC_Early"
"pDC","CD56highCD16low NK","HLA-E","KLRC2",0.0296954106338529,0,"HLA-E_KLRC2","HLA-E - KLRC2","MHC-I","Cell-Cell Contact","PMID: 26697006","PBMC_Early"
"Pro-B","CD56highCD16low NK","HLA-E","KLRC2",0.0250872637763423,0,"HLA-E_KLRC2","HLA-E - KLRC2","MHC-I","Cell-Cell Contact","PMID: 26697006","PBMC_Early"
"Tem","CD56highCD16low NK","HLA-E","KLRC2",0.0573192289262683,0,"HLA-E_KLRC2","HLA-E - KLRC2","MHC-I","Cell-Cell Contact","PMID: 26697006","PBMC_Early"
"Th17like_INNATE_T","CD56highCD16low NK","HLA-E","KLRC2",0.0602311741577411,0,"HLA-E_KLRC2","HLA-E - KLRC2","MHC-I","Cell-Cell Contact","PMID: 26697006","PBMC_Early"
"Treg","CD56highCD16low NK","HLA-E","KLRC2",0.0614449821427633,0,"HLA-E_KLRC2","HLA-E - KLRC2","MHC-I","Cell-Cell Contact","PMID: 26697006","PBMC_Early"
"abTentry","CX3CR1+ NK","HLA-E","KLRC2",0.0879016575028534,0,"HLA-E_KLRC2","HLA-E - KLRC2","MHC-I","Cell-Cell Contact","PMID: 26697006","PBMC_Early"
"CD14+PPBP+ Monocytes","CX3CR1+ NK","HLA-E","KLRC2",0.11710734217613,0,"HLA-E_KLRC2","HLA-E - KLRC2","MHC-I","Cell-Cell Contact","PMID: 26697006","PBMC_Early"
"CD56highCD16low NK","CX3CR1+ NK","HLA-E","KLRC2",0.0827207964734602,0,"HLA-E_KLRC2","HLA-E - KLRC2","MHC-I","Cell-Cell Contact","PMID: 26697006","PBMC_Early"
"Classical Monocytes","CX3CR1+ NK","HLA-E","KLRC2",0.0859261800480502,0,"HLA-E_KLRC2","HLA-E - KLRC2","MHC-I","Cell-Cell Contact","PMID: 26697006","PBMC_Early"
"CX3CR1+ NK","CX3CR1+ NK","HLA-E","KLRC2",0.121404004902667,0,"HLA-E_KLRC2","HLA-E - KLRC2","MHC-I","Cell-Cell Contact","PMID: 26697006","PBMC_Early"
"CXCR5- Naïve B","CX3CR1+ NK","HLA-E","KLRC2",0.10244058161003,0,"HLA-E_KLRC2","HLA-E - KLRC2","MHC-I","Cell-Cell Contact","PMID: 26697006","PBMC_Early"
"CXCR5+ Naïve B","CX3CR1+ NK","HLA-E","KLRC2",0.0985494754672826,0,"HLA-E_KLRC2","HLA-E - KLRC2","MHC-I","Cell-Cell Contact","PMID: 26697006","PBMC_Early"
"CXCR6+ NK","CX3CR1+ NK","HLA-E","KLRC2",0.113215593015204,0,"HLA-E_KLRC2","HLA-E - KLRC2","MHC-I","Cell-Cell Contact","PMID: 26697006","PBMC_Early"
"DC2","CX3CR1+ NK","HLA-E","KLRC2",0.0693177622374724,0,"HLA-E_KLRC2","HLA-E - KLRC2","MHC-I","Cell-Cell Contact","PMID: 26697006","PBMC_Early"
"Gamma Delta V1 T","CX3CR1+ NK","HLA-E","KLRC2",0.110830503979695,0,"HLA-E_KLRC2","HLA-E - KLRC2","MHC-I","Cell-Cell Contact","PMID: 26697006","PBMC_Early"
"Gamma Delta V2 T","CX3CR1+ NK","HLA-E","KLRC2",0.114925523751486,0,"HLA-E_KLRC2","HLA-E - KLRC2","MHC-I","Cell-Cell Contact","PMID: 26697006","PBMC_Early"
"HSC_MPP","CX3CR1+ NK","HLA-E","KLRC2",0.0554066578361219,0,"HLA-E_KLRC2","HLA-E - KLRC2","MHC-I","Cell-Cell Contact","PMID: 26697006","PBMC_Early"
"ILC2/3","CX3CR1+ NK","HLA-E","KLRC2",0.101086977618911,0,"HLA-E_KLRC2","HLA-E - KLRC2","MHC-I","Cell-Cell Contact","PMID: 26697006","PBMC_Early"
"Megakaryocytes","CX3CR1+ NK","HLA-E","KLRC2",0.138221535305653,0,"HLA-E_KLRC2","HLA-E - KLRC2","MHC-I","Cell-Cell Contact","PMID: 26697006","PBMC_Early"
"MEMP","CX3CR1+ NK","HLA-E","KLRC2",0.0323937247132729,0,"HLA-E_KLRC2","HLA-E - KLRC2","MHC-I","Cell-Cell Contact","PMID: 26697006","PBMC_Early"
"MEP","CX3CR1+ NK","HLA-E","KLRC2",0.0750210150680256,0,"HLA-E_KLRC2","HLA-E - KLRC2","MHC-I","Cell-Cell Contact","PMID: 26697006","PBMC_Early"
"Myeloid-CD177","CX3CR1+ NK","HLA-E","KLRC2",0.0587843975614567,0,"HLA-E_KLRC2","HLA-E - KLRC2","MHC-I","Cell-Cell Contact","PMID: 26697006","PBMC_Early"
"Naïve CD4 T","CX3CR1+ NK","HLA-E","KLRC2",0.11681065426287,0,"HLA-E_KLRC2","HLA-E - KLRC2","MHC-I","Cell-Cell Contact","PMID: 26697006","PBMC_Early"
"Naïve CD8 T","CX3CR1+ NK","HLA-E","KLRC2",0.115782835708762,0,"HLA-E_KLRC2","HLA-E - KLRC2","MHC-I","Cell-Cell Contact","PMID: 26697006","PBMC_Early"
"NK T","CX3CR1+ NK","HLA-E","KLRC2",0.120202151259232,0,"HLA-E_KLRC2","HLA-E - KLRC2","MHC-I","Cell-Cell Contact","PMID: 26697006","PBMC_Early"
"pDC","CX3CR1+ NK","HLA-E","KLRC2",0.0625304067600611,0,"HLA-E_KLRC2","HLA-E - KLRC2","MHC-I","Cell-Cell Contact","PMID: 26697006","PBMC_Early"
"Pro-B","CX3CR1+ NK","HLA-E","KLRC2",0.0531057845739746,0,"HLA-E_KLRC2","HLA-E - KLRC2","MHC-I","Cell-Cell Contact","PMID: 26697006","PBMC_Early"
"Tem","CX3CR1+ NK","HLA-E","KLRC2",0.117015069925875,0,"HLA-E_KLRC2","HLA-E - KLRC2","MHC-I","Cell-Cell Contact","PMID: 26697006","PBMC_Early"
"Th17like_INNATE_T","CX3CR1+ NK","HLA-E","KLRC2",0.122565394537353,0,"HLA-E_KLRC2","HLA-E - KLRC2","MHC-I","Cell-Cell Contact","PMID: 26697006","PBMC_Early"
"Treg","CX3CR1+ NK","HLA-E","KLRC2",0.124868480341629,0,"HLA-E_KLRC2","HLA-E - KLRC2","MHC-I","Cell-Cell Contact","PMID: 26697006","PBMC_Early"
"abTentry","CXCR6+ NK","HLA-E","KLRC2",0.038680029761212,0,"HLA-E_KLRC2","HLA-E - KLRC2","MHC-I","Cell-Cell Contact","PMID: 26697006","PBMC_Early"
"CD14+PPBP+ Monocytes","CXCR6+ NK","HLA-E","KLRC2",0.0524724683753544,0,"HLA-E_KLRC2","HLA-E - KLRC2","MHC-I","Cell-Cell Contact","PMID: 26697006","PBMC_Early"
"CD56highCD16low NK","CXCR6+ NK","HLA-E","KLRC2",0.0362848461082965,0,"HLA-E_KLRC2","HLA-E - KLRC2","MHC-I","Cell-Cell Contact","PMID: 26697006","PBMC_Early"
"Classical Monocytes","CXCR6+ NK","HLA-E","KLRC2",0.0377649441694719,0,"HLA-E_KLRC2","HLA-E - KLRC2","MHC-I","Cell-Cell Contact","PMID: 26697006","PBMC_Early"
"CX3CR1+ NK","CXCR6+ NK","HLA-E","KLRC2",0.0545441864340233,0,"HLA-E_KLRC2","HLA-E - KLRC2","MHC-I","Cell-Cell Contact","PMID: 26697006","PBMC_Early"
"CXCR5- Naïve B","CXCR6+ NK","HLA-E","KLRC2",0.0454836827243964,0,"HLA-E_KLRC2","HLA-E - KLRC2","MHC-I","Cell-Cell Contact","PMID: 26697006","PBMC_Early"
"CXCR5+ Naïve B","CXCR6+ NK","HLA-E","KLRC2",0.0436508144234615,0,"HLA-E_KLRC2","HLA-E - KLRC2","MHC-I","Cell-Cell Contact","PMID: 26697006","PBMC_Early"
"CXCR6+ NK","CXCR6+ NK","HLA-E","KLRC2",0.050605569293153,0,"HLA-E_KLRC2","HLA-E - KLRC2","MHC-I","Cell-Cell Contact","PMID: 26697006","PBMC_Early"
"DC2","CXCR6+ NK","HLA-E","KLRC2",0.0301583365316763,0,"HLA-E_KLRC2","HLA-E - KLRC2","MHC-I","Cell-Cell Contact","PMID: 26697006","PBMC_Early"
"Gamma Delta V1 T","CXCR6+ NK","HLA-E","KLRC2",0.0494658974661426,0,"HLA-E_KLRC2","HLA-E - KLRC2","MHC-I","Cell-Cell Contact","PMID: 26697006","PBMC_Early"
"Gamma Delta V2 T","CXCR6+ NK","HLA-E","KLRC2",0.0514247176700479,0,"HLA-E_KLRC2","HLA-E - KLRC2","MHC-I","Cell-Cell Contact","PMID: 26697006","PBMC_Early"
"HSC_MPP","CXCR6+ NK","HLA-E","KLRC2",0.0239041323879264,0,"HLA-E_KLRC2","HLA-E - KLRC2","MHC-I","Cell-Cell Contact","PMID: 26697006","PBMC_Early"
"ILC2/3","CXCR6+ NK","HLA-E","KLRC2",0.0448450791315992,0,"HLA-E_KLRC2","HLA-E - KLRC2","MHC-I","Cell-Cell Contact","PMID: 26697006","PBMC_Early"
"Megakaryocytes","CXCR6+ NK","HLA-E","KLRC2",0.0627615431358819,0,"HLA-E_KLRC2","HLA-E - KLRC2","MHC-I","Cell-Cell Contact","PMID: 26697006","PBMC_Early"
"MEMP","CXCR6+ NK","HLA-E","KLRC2",0.0137847020422924,0,"HLA-E_KLRC2","HLA-E - KLRC2","MHC-I","Cell-Cell Contact","PMID: 26697006","PBMC_Early"
"MEP","CXCR6+ NK","HLA-E","KLRC2",0.0327530593589148,0,"HLA-E_KLRC2","HLA-E - KLRC2","MHC-I","Cell-Cell Contact","PMID: 26697006","PBMC_Early"
"Myeloid-CD177","CXCR6+ NK","HLA-E","KLRC2",0.0254130609595121,0,"HLA-E_KLRC2","HLA-E - KLRC2","MHC-I","Cell-Cell Contact","PMID: 26697006","PBMC_Early"
"Naïve CD4 T","CXCR6+ NK","HLA-E","KLRC2",0.0523298253257308,0,"HLA-E_KLRC2","HLA-E - KLRC2","MHC-I","Cell-Cell Contact","PMID: 26697006","PBMC_Early"
"Naïve CD8 T","CXCR6+ NK","HLA-E","KLRC2",0.0518360745754136,0,"HLA-E_KLRC2","HLA-E - KLRC2","MHC-I","Cell-Cell Contact","PMID: 26697006","PBMC_Early"
"NK T","CXCR6+ NK","HLA-E","KLRC2",0.0539635664150924,0,"HLA-E_KLRC2","HLA-E - KLRC2","MHC-I","Cell-Cell Contact","PMID: 26697006","PBMC_Early"
"pDC","CXCR6+ NK","HLA-E","KLRC2",0.0270937120664245,0,"HLA-E_KLRC2","HLA-E - KLRC2","MHC-I","Cell-Cell Contact","PMID: 26697006","PBMC_Early"
"Pro-B","CXCR6+ NK","HLA-E","KLRC2",0.0228797779187863,0,"HLA-E_KLRC2","HLA-E - KLRC2","MHC-I","Cell-Cell Contact","PMID: 26697006","PBMC_Early"
"Tem","CXCR6+ NK","HLA-E","KLRC2",0.0524280996079466,0,"HLA-E_KLRC2","HLA-E - KLRC2","MHC-I","Cell-Cell Contact","PMID: 26697006","PBMC_Early"
"Th17like_INNATE_T","CXCR6+ NK","HLA-E","KLRC2",0.0551060898750416,0,"HLA-E_KLRC2","HLA-E - KLRC2","MHC-I","Cell-Cell Contact","PMID: 26697006","PBMC_Early"
"Treg","CXCR6+ NK","HLA-E","KLRC2",0.056222793703819,0,"HLA-E_KLRC2","HLA-E - KLRC2","MHC-I","Cell-Cell Contact","PMID: 26697006","PBMC_Early"
"abTentry","NK T","HLA-E","KLRC2",0.0331457954697111,0,"HLA-E_KLRC2","HLA-E - KLRC2","MHC-I","Cell-Cell Contact","PMID: 26697006","PBMC_Early"
"CD14+PPBP+ Monocytes","NK T","HLA-E","KLRC2",0.0450573422972742,0,"HLA-E_KLRC2","HLA-E - KLRC2","MHC-I","Cell-Cell Contact","PMID: 26697006","PBMC_Early"
"CD56highCD16low NK","NK T","HLA-E","KLRC2",0.0310822278745885,0,"HLA-E_KLRC2","HLA-E - KLRC2","MHC-I","Cell-Cell Contact","PMID: 26697006","PBMC_Early"
"Classical Monocytes","NK T","HLA-E","KLRC2",0.0323572309284857,0,"HLA-E_KLRC2","HLA-E - KLRC2","MHC-I","Cell-Cell Contact","PMID: 26697006","PBMC_Early"
"CX3CR1+ NK","NK T","HLA-E","KLRC2",0.0468507721405852,0,"HLA-E_KLRC2","HLA-E - KLRC2","MHC-I","Cell-Cell Contact","PMID: 26697006","PBMC_Early"
"CXCR5- Naïve B","NK T","HLA-E","KLRC2",0.0390155078653042,0,"HLA-E_KLRC2","HLA-E - KLRC2","MHC-I","Cell-Cell Contact","PMID: 26697006","PBMC_Early"
"CXCR5+ Naïve B","NK T","HLA-E","KLRC2",0.0374330675124933,0,"HLA-E_KLRC2","HLA-E - KLRC2","MHC-I","Cell-Cell Contact","PMID: 26697006","PBMC_Early"
"CXCR6+ NK","NK T","HLA-E","KLRC2",0.0434421677158055,0,"HLA-E_KLRC2","HLA-E - KLRC2","MHC-I","Cell-Cell Contact","PMID: 26697006","PBMC_Early"
"DC2","NK T","HLA-E","KLRC2",0.0258106269923737,0,"HLA-E_KLRC2","HLA-E - KLRC2","MHC-I","Cell-Cell Contact","PMID: 26697006","PBMC_Early"
"Gamma Delta V1 T","NK T","HLA-E","KLRC2",0.0424566061764155,0,"HLA-E_KLRC2","HLA-E - KLRC2","MHC-I","Cell-Cell Contact","PMID: 26697006","PBMC_Early"
"Gamma Delta V2 T","NK T","HLA-E","KLRC2",0.044150754985803,0,"HLA-E_KLRC2","HLA-E - KLRC2","MHC-I","Cell-Cell Contact","PMID: 26697006","PBMC_Early"
"HSC_MPP","NK T","HLA-E","KLRC2",0.0204390449132447,0,"HLA-E_KLRC2","HLA-E - KLRC2","MHC-I","Cell-Cell Contact","PMID: 26697006","PBMC_Early"
"ILC2/3","NK T","HLA-E","KLRC2",0.038464059688585,0,"HLA-E_KLRC2","HLA-E - KLRC2","MHC-I","Cell-Cell Contact","PMID: 26697006","PBMC_Early"
"Megakaryocytes","NK T","HLA-E","KLRC2",0.0539752464347759,0,"HLA-E_KLRC2","HLA-E - KLRC2","MHC-I","Cell-Cell Contact","PMID: 26697006","PBMC_Early"
"MEMP","NK T","HLA-E","KLRC2",0.0117688173454439,0,"HLA-E_KLRC2","HLA-E - KLRC2","MHC-I","Cell-Cell Contact","PMID: 26697006","PBMC_Early"
"MEP","NK T","HLA-E","KLRC2",0.0280421030523546,0,"HLA-E_KLRC2","HLA-E - KLRC2","MHC-I","Cell-Cell Contact","PMID: 26697006","PBMC_Early"
"Myeloid-CD177","NK T","HLA-E","KLRC2",0.0217341130467801,0,"HLA-E_KLRC2","HLA-E - KLRC2","MHC-I","Cell-Cell Contact","PMID: 26697006","PBMC_Early"
"Naïve CD4 T","NK T","HLA-E","KLRC2",0.0449339008772182,0,"HLA-E_KLRC2","HLA-E - KLRC2","MHC-I","Cell-Cell Contact","PMID: 26697006","PBMC_Early"
"Naïve CD8 T","NK T","HLA-E","KLRC2",0.0445066560190706,0,"HLA-E_KLRC2","HLA-E - KLRC2","MHC-I","Cell-Cell Contact","PMID: 26697006","PBMC_Early"
"NK T","NK T","HLA-E","KLRC2",0.0463480334188128,0,"HLA-E_KLRC2","HLA-E - KLRC2","MHC-I","Cell-Cell Contact","PMID: 26697006","PBMC_Early"
"pDC","NK T","HLA-E","KLRC2",0.0231772490618491,0,"HLA-E_KLRC2","HLA-E - KLRC2","MHC-I","Cell-Cell Contact","PMID: 26697006","PBMC_Early"
"Pro-B","NK T","HLA-E","KLRC2",0.0195602029021895,0,"HLA-E_KLRC2","HLA-E - KLRC2","MHC-I","Cell-Cell Contact","PMID: 26697006","PBMC_Early"
"Tem","NK T","HLA-E","KLRC2",0.0450189455864454,0,"HLA-E_KLRC2","HLA-E - KLRC2","MHC-I","Cell-Cell Contact","PMID: 26697006","PBMC_Early"
"Th17like_INNATE_T","NK T","HLA-E","KLRC2",0.0473373877631512,0,"HLA-E_KLRC2","HLA-E - KLRC2","MHC-I","Cell-Cell Contact","PMID: 26697006","PBMC_Early"
"Treg","NK T","HLA-E","KLRC2",0.04830470991472,0,"HLA-E_KLRC2","HLA-E - KLRC2","MHC-I","Cell-Cell Contact","PMID: 26697006","PBMC_Early"
"CX3CR1+ NK","CD14+PPBP+ Monocytes","HLA-F","LILRB1",0.0030067437945095,0,"HLA-F_LILRB1","HLA-F - LILRB1","MHC-I","Cell-Cell Contact","PMID: 28484462","PBMC_Early"
"CXCR5- Naïve B","CD14+PPBP+ Monocytes","HLA-F","LILRB1",0.00205941540069433,0,"HLA-F_LILRB1","HLA-F - LILRB1","MHC-I","Cell-Cell Contact","PMID: 28484462","PBMC_Early"
"CXCR5+ Naïve B","CD14+PPBP+ Monocytes","HLA-F","LILRB1",0.00193253462059279,0,"HLA-F_LILRB1","HLA-F - LILRB1","MHC-I","Cell-Cell Contact","PMID: 28484462","PBMC_Early"
"CXCR6+ NK","CD14+PPBP+ Monocytes","HLA-F","LILRB1",0.0056766095848721,0,"HLA-F_LILRB1","HLA-F - LILRB1","MHC-I","Cell-Cell Contact","PMID: 28484462","PBMC_Early"
"Gamma Delta V1 T","CD14+PPBP+ Monocytes","HLA-F","LILRB1",0.00227453184056267,0,"HLA-F_LILRB1","HLA-F - LILRB1","MHC-I","Cell-Cell Contact","PMID: 28484462","PBMC_Early"
"Gamma Delta V2 T","CD14+PPBP+ Monocytes","HLA-F","LILRB1",0.00235522213067964,0,"HLA-F_LILRB1","HLA-F - LILRB1","MHC-I","Cell-Cell Contact","PMID: 28484462","PBMC_Early"
"Naïve CD4 T","CD14+PPBP+ Monocytes","HLA-F","LILRB1",0.00209407818119227,0,"HLA-F_LILRB1","HLA-F - LILRB1","MHC-I","Cell-Cell Contact","PMID: 28484462","PBMC_Early"
"Naïve CD8 T","CD14+PPBP+ Monocytes","HLA-F","LILRB1",0.00441179800999694,0,"HLA-F_LILRB1","HLA-F - LILRB1","MHC-I","Cell-Cell Contact","PMID: 28484462","PBMC_Early"
"NK T","CD14+PPBP+ Monocytes","HLA-F","LILRB1",0.00244062134657833,0,"HLA-F_LILRB1","HLA-F - LILRB1","MHC-I","Cell-Cell Contact","PMID: 28484462","PBMC_Early"
"Tem","CD14+PPBP+ Monocytes","HLA-F","LILRB1",0.00423897513491645,0,"HLA-F_LILRB1","HLA-F - LILRB1","MHC-I","Cell-Cell Contact","PMID: 28484462","PBMC_Early"
"Th17like_INNATE_T","CD14+PPBP+ Monocytes","HLA-F","LILRB1",0.00229064891542025,0,"HLA-F_LILRB1","HLA-F - LILRB1","MHC-I","Cell-Cell Contact","PMID: 28484462","PBMC_Early"
"Treg","CD14+PPBP+ Monocytes","HLA-F","LILRB1",0.0024563734482601,0,"HLA-F_LILRB1","HLA-F - LILRB1","MHC-I","Cell-Cell Contact","PMID: 28484462","PBMC_Early"
"CX3CR1+ NK","Classical Monocytes","HLA-F","LILRB1",0.00321529155566659,0,"HLA-F_LILRB1","HLA-F - LILRB1","MHC-I","Cell-Cell Contact","PMID: 28484462","PBMC_Early"
"CXCR5- Naïve B","Classical Monocytes","HLA-F","LILRB1",0.00220240160978099,0,"HLA-F_LILRB1","HLA-F - LILRB1","MHC-I","Cell-Cell Contact","PMID: 28484462","PBMC_Early"
"CXCR5+ Naïve B","Classical Monocytes","HLA-F","LILRB1",0.00206672967984996,0,"HLA-F_LILRB1","HLA-F - LILRB1","MHC-I","Cell-Cell Contact","PMID: 28484462","PBMC_Early"
"CXCR6+ NK","Classical Monocytes","HLA-F","LILRB1",0.00606921194981752,0,"HLA-F_LILRB1","HLA-F - LILRB1","MHC-I","Cell-Cell Contact","PMID: 28484462","PBMC_Early"
"Gamma Delta V1 T","Classical Monocytes","HLA-F","LILRB1",0.00243241728361847,0,"HLA-F_LILRB1","HLA-F - LILRB1","MHC-I","Cell-Cell Contact","PMID: 28484462","PBMC_Early"
"Gamma Delta V2 T","Classical Monocytes","HLA-F","LILRB1",0.00251869450864118,0,"HLA-F_LILRB1","HLA-F - LILRB1","MHC-I","Cell-Cell Contact","PMID: 28484462","PBMC_Early"
"Naïve CD4 T","Classical Monocytes","HLA-F","LILRB1",0.002239465643183,0,"HLA-F_LILRB1","HLA-F - LILRB1","MHC-I","Cell-Cell Contact","PMID: 28484462","PBMC_Early"
"Naïve CD8 T","Classical Monocytes","HLA-F","LILRB1",0.00471733922425333,0,"HLA-F_LILRB1","HLA-F - LILRB1","MHC-I","Cell-Cell Contact","PMID: 28484462","PBMC_Early"
"NK T","Classical Monocytes","HLA-F","LILRB1",0.00261000564679208,0,"HLA-F_LILRB1","HLA-F - LILRB1","MHC-I","Cell-Cell Contact","PMID: 28484462","PBMC_Early"
"Tem","Classical Monocytes","HLA-F","LILRB1",0.00453260190781593,0,"HLA-F_LILRB1","HLA-F - LILRB1","MHC-I","Cell-Cell Contact","PMID: 28484462","PBMC_Early"
"Th17like_INNATE_T","Classical Monocytes","HLA-F","LILRB1",0.0024496503700184,0,"HLA-F_LILRB1","HLA-F - LILRB1","MHC-I","Cell-Cell Contact","PMID: 28484462","PBMC_Early"
"Treg","Classical Monocytes","HLA-F","LILRB1",0.00262684809898174,0,"HLA-F_LILRB1","HLA-F - LILRB1","MHC-I","Cell-Cell Contact","PMID: 28484462","PBMC_Early"
"CX3CR1+ NK","DC2","HLA-F","LILRB1",0.00296181790244594,0,"HLA-F_LILRB1","HLA-F - LILRB1","MHC-I","Cell-Cell Contact","PMID: 28484462","PBMC_Early"
"CXCR5- Naïve B","DC2","HLA-F","LILRB1",0.00202861541316064,0,"HLA-F_LILRB1","HLA-F - LILRB1","MHC-I","Cell-Cell Contact","PMID: 28484462","PBMC_Early"
"CXCR5+ Naïve B","DC2","HLA-F","LILRB1",0.00190362860347974,0,"HLA-F_LILRB1","HLA-F - LILRB1","MHC-I","Cell-Cell Contact","PMID: 28484462","PBMC_Early"
"CXCR6+ NK","DC2","HLA-F","LILRB1",0.00559201508542684,0,"HLA-F_LILRB1","HLA-F - LILRB1","MHC-I","Cell-Cell Contact","PMID: 28484462","PBMC_Early"
"Gamma Delta V1 T","DC2","HLA-F","LILRB1",0.00224052186039499,0,"HLA-F_LILRB1","HLA-F - LILRB1","MHC-I","Cell-Cell Contact","PMID: 28484462","PBMC_Early"
"Gamma Delta V2 T","DC2","HLA-F","LILRB1",0.00232000843295484,0,"HLA-F_LILRB1","HLA-F - LILRB1","MHC-I","Cell-Cell Contact","PMID: 28484462","PBMC_Early"
"Naïve CD4 T","DC2","HLA-F","LILRB1",0.00206276085925802,0,"HLA-F_LILRB1","HLA-F - LILRB1","MHC-I","Cell-Cell Contact","PMID: 28484462","PBMC_Early"
"Naïve CD8 T","DC2","HLA-F","LILRB1",0.00434596972019727,0,"HLA-F_LILRB1","HLA-F - LILRB1","MHC-I","Cell-Cell Contact","PMID: 28484462","PBMC_Early"
"NK T","DC2","HLA-F","LILRB1",0.0024041338941181,0,"HLA-F_LILRB1","HLA-F - LILRB1","MHC-I","Cell-Cell Contact","PMID: 28484462","PBMC_Early"
"Tem","DC2","HLA-F","LILRB1",0.00417571471386011,0,"HLA-F_LILRB1","HLA-F - LILRB1","MHC-I","Cell-Cell Contact","PMID: 28484462","PBMC_Early"
"Th17like_INNATE_T","DC2","HLA-F","LILRB1",0.00225639848939839,0,"HLA-F_LILRB1","HLA-F - LILRB1","MHC-I","Cell-Cell Contact","PMID: 28484462","PBMC_Early"
"Treg","DC2","HLA-F","LILRB1",0.00241965107203536,0,"HLA-F_LILRB1","HLA-F - LILRB1","MHC-I","Cell-Cell Contact","PMID: 28484462","PBMC_Early"
"CX3CR1+ NK","pDC","HLA-F","LILRB1",0.00380422754892377,0,"HLA-F_LILRB1","HLA-F - LILRB1","MHC-I","Cell-Cell Contact","PMID: 28484462","PBMC_Early"
"CXCR5- Naïve B","pDC","HLA-F","LILRB1",0.00260629447550511,0,"HLA-F_LILRB1","HLA-F - LILRB1","MHC-I","Cell-Cell Contact","PMID: 28484462","PBMC_Early"
"CXCR5+ Naïve B","pDC","HLA-F","LILRB1",0.00244580300038758,0,"HLA-F_LILRB1","HLA-F - LILRB1","MHC-I","Cell-Cell Contact","PMID: 28484462","PBMC_Early"
"CXCR6+ NK","pDC","HLA-F","LILRB1",0.00717712868017322,0,"HLA-F_LILRB1","HLA-F - LILRB1","MHC-I","Cell-Cell Contact","PMID: 28484462","PBMC_Early"
"Gamma Delta V1 T","pDC","HLA-F","LILRB1",0.00287837045911669,0,"HLA-F_LILRB1","HLA-F - LILRB1","MHC-I","Cell-Cell Contact","PMID: 28484462","PBMC_Early"
"Gamma Delta V2 T","pDC","HLA-F","LILRB1",0.00298041827158264,0,"HLA-F_LILRB1","HLA-F - LILRB1","MHC-I","Cell-Cell Contact","PMID: 28484462","PBMC_Early"
"Naïve CD4 T","pDC","HLA-F","LILRB1",0.00265013753537632,0,"HLA-F_LILRB1","HLA-F - LILRB1","MHC-I","Cell-Cell Contact","PMID: 28484462","PBMC_Early"
"Naïve CD8 T","pDC","HLA-F","LILRB1",0.00557986098665366,0,"HLA-F_LILRB1","HLA-F - LILRB1","MHC-I","Cell-Cell Contact","PMID: 28484462","PBMC_Early"
"NK T","pDC","HLA-F","LILRB1",0.00308841661976161,0,"HLA-F_LILRB1","HLA-F - LILRB1","MHC-I","Cell-Cell Contact","PMID: 28484462","PBMC_Early"
"Tem","pDC","HLA-F","LILRB1",0.00536152812123909,0,"HLA-F_LILRB1","HLA-F - LILRB1","MHC-I","Cell-Cell Contact","PMID: 28484462","PBMC_Early"
"Th17like_INNATE_T","pDC","HLA-F","LILRB1",0.00289875383472828,0,"HLA-F_LILRB1","HLA-F - LILRB1","MHC-I","Cell-Cell Contact","PMID: 28484462","PBMC_Early"
"Treg","pDC","HLA-F","LILRB1",0.00310833665250429,0,"HLA-F_LILRB1","HLA-F - LILRB1","MHC-I","Cell-Cell Contact","PMID: 28484462","PBMC_Early"
"abTentry","CD56highCD16low NK","HLA-E","KLRK1",0.0430908272100173,0,"HLA-E_KLRK1","HLA-E - KLRK1","MHC-I","Cell-Cell Contact","PMID: 28484462","PBMC_Early"
"CD14+PPBP+ Monocytes","CD56highCD16low NK","HLA-E","KLRK1",0.0583605758027438,0,"HLA-E_KLRK1","HLA-E - KLRK1","MHC-I","Cell-Cell Contact","PMID: 28484462","PBMC_Early"
"CD56highCD16low NK","CD56highCD16low NK","HLA-E","KLRK1",0.0404340018190592,0,"HLA-E_KLRK1","HLA-E - KLRK1","MHC-I","Cell-Cell Contact","PMID: 28484462","PBMC_Early"
"Classical Monocytes","CD56highCD16low NK","HLA-E","KLRK1",0.0420759590041949,0,"HLA-E_KLRK1","HLA-E - KLRK1","MHC-I","Cell-Cell Contact","PMID: 28484462","PBMC_Early"
"CX3CR1+ NK","CD56highCD16low NK","HLA-E","KLRK1",0.0606498877792846,0,"HLA-E_KLRK1","HLA-E - KLRK1","MHC-I","Cell-Cell Contact","PMID: 28484462","PBMC_Early"
"CXCR5- Naïve B","CD56highCD16low NK","HLA-E","KLRK1",0.0506294598243033,0,"HLA-E_KLRK1","HLA-E - KLRK1","MHC-I","Cell-Cell Contact","PMID: 28484462","PBMC_Early"
"CXCR5+ Naïve B","CD56highCD16low NK","HLA-E","KLRK1",0.0485997886498408,0,"HLA-E_KLRK1","HLA-E - KLRK1","MHC-I","Cell-Cell Contact","PMID: 28484462","PBMC_Early"
"CXCR6+ NK","CD56highCD16low NK","HLA-E","KLRK1",0.0562966326048789,0,"HLA-E_KLRK1","HLA-E - KLRK1","MHC-I","Cell-Cell Contact","PMID: 28484462","PBMC_Early"
"DC2","CD56highCD16low NK","HLA-E","KLRK1",0.0336313766588503,0,"HLA-E_KLRK1","HLA-E - KLRK1","MHC-I","Cell-Cell Contact","PMID: 28484462","PBMC_Early"
"Gamma Delta V1 T","CD56highCD16low NK","HLA-E","KLRK1",0.0550362239583244,0,"HLA-E_KLRK1","HLA-E - KLRK1","MHC-I","Cell-Cell Contact","PMID: 28484462","PBMC_Early"
"Gamma Delta V2 T","CD56highCD16low NK","HLA-E","KLRK1",0.0572023513691503,0,"HLA-E_KLRK1","HLA-E - KLRK1","MHC-I","Cell-Cell Contact","PMID: 28484462","PBMC_Early"
"HSC_MPP","CD56highCD16low NK","HLA-E","KLRK1",0.0266767481081707,0,"HLA-E_KLRK1","HLA-E - KLRK1","MHC-I","Cell-Cell Contact","PMID: 28484462","PBMC_Early"
"ILC2/3","CD56highCD16low NK","HLA-E","KLRK1",0.0499223867532439,0,"HLA-E_KLRK1","HLA-E - KLRK1","MHC-I","Cell-Cell Contact","PMID: 28484462","PBMC_Early"
"Megakaryocytes","CD56highCD16low NK","HLA-E","KLRK1",0.069719267769755,0,"HLA-E_KLRK1","HLA-E - KLRK1","MHC-I","Cell-Cell Contact","PMID: 28484462","PBMC_Early"
"MEMP","CD56highCD16low NK","HLA-E","KLRK1",0.0154020962649744,0,"HLA-E_KLRK1","HLA-E - KLRK1","MHC-I","Cell-Cell Contact","PMID: 28484462","PBMC_Early"
"MEP","CD56highCD16low NK","HLA-E","KLRK1",0.0365136584107151,0,"HLA-E_KLRK1","HLA-E - KLRK1","MHC-I","Cell-Cell Contact","PMID: 28484462","PBMC_Early"
"Myeloid-CD177","CD56highCD16low NK","HLA-E","KLRK1",0.028355611443404,0,"HLA-E_KLRK1","HLA-E - KLRK1","MHC-I","Cell-Cell Contact","PMID: 28484462","PBMC_Early"
"Naïve CD4 T","CD56highCD16low NK","HLA-E","KLRK1",0.0582029095228341,0,"HLA-E_KLRK1","HLA-E - KLRK1","MHC-I","Cell-Cell Contact","PMID: 28484462","PBMC_Early"
"Naïve CD8 T","CD56highCD16low NK","HLA-E","KLRK1",0.0576571155863462,0,"HLA-E_KLRK1","HLA-E - KLRK1","MHC-I","Cell-Cell Contact","PMID: 28484462","PBMC_Early"
"NK T","CD56highCD16low NK","HLA-E","KLRK1",0.0600083981344577,0,"HLA-E_KLRK1","HLA-E - KLRK1","MHC-I","Cell-Cell Contact","PMID: 28484462","PBMC_Early"
"pDC","CD56highCD16low NK","HLA-E","KLRK1",0.0302248281547671,0,"HLA-E_KLRK1","HLA-E - KLRK1","MHC-I","Cell-Cell Contact","PMID: 28484462","PBMC_Early"
"Pro-B","CD56highCD16low NK","HLA-E","KLRK1",0.0255366882336107,0,"HLA-E_KLRK1","HLA-E - KLRK1","MHC-I","Cell-Cell Contact","PMID: 28484462","PBMC_Early"
"Tem","CD56highCD16low NK","HLA-E","KLRK1",0.058311534667521,0,"HLA-E_KLRK1","HLA-E - KLRK1","MHC-I","Cell-Cell Contact","PMID: 28484462","PBMC_Early"
"Th17like_INNATE_T","CD56highCD16low NK","HLA-E","KLRK1",0.0612706147098987,0,"HLA-E_KLRK1","HLA-E - KLRK1","MHC-I","Cell-Cell Contact","PMID: 28484462","PBMC_Early"
"Treg","CD56highCD16low NK","HLA-E","KLRK1",0.062503976802962,0,"HLA-E_KLRK1","HLA-E - KLRK1","MHC-I","Cell-Cell Contact","PMID: 28484462","PBMC_Early"
"abTentry","CX3CR1+ NK","HLA-E","KLRK1",0.103224894069411,0,"HLA-E_KLRK1","HLA-E - KLRK1","MHC-I","Cell-Cell Contact","PMID: 28484462","PBMC_Early"
"CD14+PPBP+ Monocytes","CX3CR1+ NK","HLA-E","KLRK1",0.136758419913796,0,"HLA-E_KLRK1","HLA-E - KLRK1","MHC-I","Cell-Cell Contact","PMID: 28484462","PBMC_Early"
"CD56highCD16low NK","CX3CR1+ NK","HLA-E","KLRK1",0.0972371746104007,0,"HLA-E_KLRK1","HLA-E - KLRK1","MHC-I","Cell-Cell Contact","PMID: 28484462","PBMC_Early"
"Classical Monocytes","CX3CR1+ NK","HLA-E","KLRK1",0.100943158361229,0,"HLA-E_KLRK1","HLA-E - KLRK1","MHC-I","Cell-Cell Contact","PMID: 28484462","PBMC_Early"
"CX3CR1+ NK","CX3CR1+ NK","HLA-E","KLRK1",0.14166039553024,0,"HLA-E_KLRK1","HLA-E - KLRK1","MHC-I","Cell-Cell Contact","PMID: 28484462","PBMC_Early"
"CXCR5- Naïve B","CX3CR1+ NK","HLA-E","KLRK1",0.119964931369123,0,"HLA-E_KLRK1","HLA-E - KLRK1","MHC-I","Cell-Cell Contact","PMID: 28484462","PBMC_Early"
"CXCR5+ Naïve B","CX3CR1+ NK","HLA-E","KLRK1",0.115493831999325,0,"HLA-E_KLRK1","HLA-E - KLRK1","MHC-I","Cell-Cell Contact","PMID: 28484462","PBMC_Early"
"CXCR6+ NK","CX3CR1+ NK","HLA-E","KLRK1",0.132311486870033,0,"HLA-E_KLRK1","HLA-E - KLRK1","MHC-I","Cell-Cell Contact","PMID: 28484462","PBMC_Early"
"DC2","CX3CR1+ NK","HLA-E","KLRK1",0.0816915598446295,0,"HLA-E_KLRK1","HLA-E - KLRK1","MHC-I","Cell-Cell Contact","PMID: 28484462","PBMC_Early"
"Gamma Delta V1 T","CX3CR1+ NK","HLA-E","KLRK1",0.129582893859282,0,"HLA-E_KLRK1","HLA-E - KLRK1","MHC-I","Cell-Cell Contact","PMID: 28484462","PBMC_Early"
"Gamma Delta V2 T","CX3CR1+ NK","HLA-E","KLRK1",0.134266161154319,0,"HLA-E_KLRK1","HLA-E - KLRK1","MHC-I","Cell-Cell Contact","PMID: 28484462","PBMC_Early"
"HSC_MPP","CX3CR1+ NK","HLA-E","KLRK1",0.0654718997372615,0,"HLA-E_KLRK1","HLA-E - KLRK1","MHC-I","Cell-Cell Contact","PMID: 28484462","PBMC_Early"
"ILC2/3","CX3CR1+ NK","HLA-E","KLRK1",0.118410316820134,0,"HLA-E_KLRK1","HLA-E - KLRK1","MHC-I","Cell-Cell Contact","PMID: 28484462","PBMC_Early"
"Megakaryocytes","CX3CR1+ NK","HLA-E","KLRK1",0.160770487138373,0,"HLA-E_KLRK1","HLA-E - KLRK1","MHC-I","Cell-Cell Contact","PMID: 28484462","PBMC_Early"
"MEMP","CX3CR1+ NK","HLA-E","KLRK1",0.0384485735035001,0,"HLA-E_KLRK1","HLA-E - KLRK1","MHC-I","Cell-Cell Contact","PMID: 28484462","PBMC_Early"
"MEP","CX3CR1+ NK","HLA-E","KLRK1",0.0883162811469507,0,"HLA-E_KLRK1","HLA-E - KLRK1","MHC-I","Cell-Cell Contact","PMID: 28484462","PBMC_Early"
"Myeloid-CD177","CX3CR1+ NK","HLA-E","KLRK1",0.0694181500576231,0,"HLA-E_KLRK1","HLA-E - KLRK1","MHC-I","Cell-Cell Contact","PMID: 28484462","PBMC_Early"
"Naïve CD4 T","CX3CR1+ NK","HLA-E","KLRK1",0.136419639152381,0,"HLA-E_KLRK1","HLA-E - KLRK1","MHC-I","Cell-Cell Contact","PMID: 28484462","PBMC_Early"
"Naïve CD8 T","CX3CR1+ NK","HLA-E","KLRK1",0.135245702448995,0,"HLA-E_KLRK1","HLA-E - KLRK1","MHC-I","Cell-Cell Contact","PMID: 28484462","PBMC_Early"
"NK T","CX3CR1+ NK","HLA-E","KLRK1",0.140290031066942,0,"HLA-E_KLRK1","HLA-E - KLRK1","MHC-I","Cell-Cell Contact","PMID: 28484462","PBMC_Early"
"pDC","CX3CR1+ NK","HLA-E","KLRK1",0.0737886659560687,0,"HLA-E_KLRK1","HLA-E - KLRK1","MHC-I","Cell-Cell Contact","PMID: 28484462","PBMC_Early"
"Pro-B","CX3CR1+ NK","HLA-E","KLRK1",0.0627808273079657,0,"HLA-E_KLRK1","HLA-E - KLRK1","MHC-I","Cell-Cell Contact","PMID: 28484462","PBMC_Early"
"Tem","CX3CR1+ NK","HLA-E","KLRK1",0.136653060553747,0,"HLA-E_KLRK1","HLA-E - KLRK1","MHC-I","Cell-Cell Contact","PMID: 28484462","PBMC_Early"
"Th17like_INNATE_T","CX3CR1+ NK","HLA-E","KLRK1",0.142984028386699,0,"HLA-E_KLRK1","HLA-E - KLRK1","MHC-I","Cell-Cell Contact","PMID: 28484462","PBMC_Early"
"Treg","CX3CR1+ NK","HLA-E","KLRK1",0.145607123703121,0,"HLA-E_KLRK1","HLA-E - KLRK1","MHC-I","Cell-Cell Contact","PMID: 28484462","PBMC_Early"
"abTentry","CXCR6+ NK","HLA-E","KLRK1",0.107903020541512,0,"HLA-E_KLRK1","HLA-E - KLRK1","MHC-I","Cell-Cell Contact","PMID: 28484462","PBMC_Early"
"CD14+PPBP+ Monocytes","CXCR6+ NK","HLA-E","KLRK1",0.142714424653216,0,"HLA-E_KLRK1","HLA-E - KLRK1","MHC-I","Cell-Cell Contact","PMID: 28484462","PBMC_Early"
"CD56highCD16low NK","CXCR6+ NK","HLA-E","KLRK1",0.101674705646193,0,"HLA-E_KLRK1","HLA-E - KLRK1","MHC-I","Cell-Cell Contact","PMID: 28484462","PBMC_Early"
"Classical Monocytes","CXCR6+ NK","HLA-E","KLRK1",0.105530045874757,0,"HLA-E_KLRK1","HLA-E - KLRK1","MHC-I","Cell-Cell Contact","PMID: 28484462","PBMC_Early"
"CX3CR1+ NK","CXCR6+ NK","HLA-E","KLRK1",0.147793336991803,0,"HLA-E_KLRK1","HLA-E - KLRK1","MHC-I","Cell-Cell Contact","PMID: 28484462","PBMC_Early"
"CXCR5- Naïve B","CXCR6+ NK","HLA-E","KLRK1",0.125295714419148,0,"HLA-E_KLRK1","HLA-E - KLRK1","MHC-I","Cell-Cell Contact","PMID: 28484462","PBMC_Early"
"CXCR5+ Naïve B","CXCR6+ NK","HLA-E","KLRK1",0.120653175396269,0,"HLA-E_KLRK1","HLA-E - KLRK1","MHC-I","Cell-Cell Contact","PMID: 28484462","PBMC_Early"
"CXCR6+ NK","CXCR6+ NK","HLA-E","KLRK1",0.138104806003254,0,"HLA-E_KLRK1","HLA-E - KLRK1","MHC-I","Cell-Cell Contact","PMID: 28484462","PBMC_Early"
"DC2","CXCR6+ NK","HLA-E","KLRK1",0.0854868291424117,0,"HLA-E_KLRK1","HLA-E - KLRK1","MHC-I","Cell-Cell Contact","PMID: 28484462","PBMC_Early"
"Gamma Delta V1 T","CXCR6+ NK","HLA-E","KLRK1",0.135275366465024,0,"HLA-E_KLRK1","HLA-E - KLRK1","MHC-I","Cell-Cell Contact","PMID: 28484462","PBMC_Early"
"Gamma Delta V2 T","CXCR6+ NK","HLA-E","KLRK1",0.140131244452894,0,"HLA-E_KLRK1","HLA-E - KLRK1","MHC-I","Cell-Cell Contact","PMID: 28484462","PBMC_Early"
"HSC_MPP","CXCR6+ NK","HLA-E","KLRK1",0.0685698943458004,0,"HLA-E_KLRK1","HLA-E - KLRK1","MHC-I","Cell-Cell Contact","PMID: 28484462","PBMC_Early"
"ILC2/3","CXCR6+ NK","HLA-E","KLRK1",0.123681727528634,0,"HLA-E_KLRK1","HLA-E - KLRK1","MHC-I","Cell-Cell Contact","PMID: 28484462","PBMC_Early"
"Megakaryocytes","CXCR6+ NK","HLA-E","KLRK1",0.16756924988943,0,"HLA-E_KLRK1","HLA-E - KLRK1","MHC-I","Cell-Cell Contact","PMID: 28484462","PBMC_Early"
"MEMP","CXCR6+ NK","HLA-E","KLRK1",0.040323053187457,0,"HLA-E_KLRK1","HLA-E - KLRK1","MHC-I","Cell-Cell Contact","PMID: 28484462","PBMC_Early"
"MEP","CXCR6+ NK","HLA-E","KLRK1",0.0923883608872648,0,"HLA-E_KLRK1","HLA-E - KLRK1","MHC-I","Cell-Cell Contact","PMID: 28484462","PBMC_Early"
"Myeloid-CD177","CXCR6+ NK","HLA-E","KLRK1",0.0726883491684419,0,"HLA-E_KLRK1","HLA-E - KLRK1","MHC-I","Cell-Cell Contact","PMID: 28484462","PBMC_Early"
"Naïve CD4 T","CXCR6+ NK","HLA-E","KLRK1",0.142363322797661,0,"HLA-E_KLRK1","HLA-E - KLRK1","MHC-I","Cell-Cell Contact","PMID: 28484462","PBMC_Early"
"Naïve CD8 T","CXCR6+ NK","HLA-E","KLRK1",0.141146598413444,0,"HLA-E_KLRK1","HLA-E - KLRK1","MHC-I","Cell-Cell Contact","PMID: 28484462","PBMC_Early"
"NK T","CXCR6+ NK","HLA-E","KLRK1",0.146373762177397,0,"HLA-E_KLRK1","HLA-E - KLRK1","MHC-I","Cell-Cell Contact","PMID: 28484462","PBMC_Early"
"pDC","CXCR6+ NK","HLA-E","KLRK1",0.0772476635199738,0,"HLA-E_KLRK1","HLA-E - KLRK1","MHC-I","Cell-Cell Contact","PMID: 28484462","PBMC_Early"
"Pro-B","CXCR6+ NK","HLA-E","KLRK1",0.0657604462656148,0,"HLA-E_KLRK1","HLA-E - KLRK1","MHC-I","Cell-Cell Contact","PMID: 28484462","PBMC_Early"
"Tem","CXCR6+ NK","HLA-E","KLRK1",0.142605234771746,0,"HLA-E_KLRK1","HLA-E - KLRK1","MHC-I","Cell-Cell Contact","PMID: 28484462","PBMC_Early"
"Th17like_INNATE_T","CXCR6+ NK","HLA-E","KLRK1",0.149164315745475,0,"HLA-E_KLRK1","HLA-E - KLRK1","MHC-I","Cell-Cell Contact","PMID: 28484462","PBMC_Early"
"Treg","CXCR6+ NK","HLA-E","KLRK1",0.151880697548524,0,"HLA-E_KLRK1","HLA-E - KLRK1","MHC-I","Cell-Cell Contact","PMID: 28484462","PBMC_Early"
"abTentry","Gamma Delta V1 T","HLA-E","KLRK1",0.0248724961142324,0,"HLA-E_KLRK1","HLA-E - KLRK1","MHC-I","Cell-Cell Contact","PMID: 28484462","PBMC_Early"
"CD14+PPBP+ Monocytes","Gamma Delta V1 T","HLA-E","KLRK1",0.0339151738762521,0,"HLA-E_KLRK1","HLA-E - KLRK1","MHC-I","Cell-Cell Contact","PMID: 28484462","PBMC_Early"
"CD56highCD16low NK","Gamma Delta V1 T","HLA-E","KLRK1",0.0233115829610042,0,"HLA-E_KLRK1","HLA-E - KLRK1","MHC-I","Cell-Cell Contact","PMID: 28484462","PBMC_Early"
"Classical Monocytes","Gamma Delta V1 T","HLA-E","KLRK1",0.0242758178975166,0,"HLA-E_KLRK1","HLA-E - KLRK1","MHC-I","Cell-Cell Contact","PMID: 28484462","PBMC_Early"
"CX3CR1+ NK","Gamma Delta V1 T","HLA-E","KLRK1",0.0352814943558144,0,"HLA-E_KLRK1","HLA-E - KLRK1","MHC-I","Cell-Cell Contact","PMID: 28484462","PBMC_Early"
"CXCR5- Naïve B","Gamma Delta V1 T","HLA-E","KLRK1",0.029321540725752,0,"HLA-E_KLRK1","HLA-E - KLRK1","MHC-I","Cell-Cell Contact","PMID: 28484462","PBMC_Early"
"CXCR5+ Naïve B","Gamma Delta V1 T","HLA-E","KLRK1",0.0281207751409895,0,"HLA-E_KLRK1","HLA-E - KLRK1","MHC-I","Cell-Cell Contact","PMID: 28484462","PBMC_Early"
"CXCR6+ NK","Gamma Delta V1 T","HLA-E","KLRK1",0.0326857424648878,0,"HLA-E_KLRK1","HLA-E - KLRK1","MHC-I","Cell-Cell Contact","PMID: 28484462","PBMC_Early"
"DC2","Gamma Delta V1 T","HLA-E","KLRK1",0.019331602505253,0,"HLA-E_KLRK1","HLA-E - KLRK1","MHC-I","Cell-Cell Contact","PMID: 28484462","PBMC_Early"
"Gamma Delta V1 T","Gamma Delta V1 T","HLA-E","KLRK1",0.0319360620043735,0,"HLA-E_KLRK1","HLA-E - KLRK1","MHC-I","Cell-Cell Contact","PMID: 28484462","PBMC_Early"
"Gamma Delta V2 T","Gamma Delta V1 T","HLA-E","KLRK1",0.0332249751807796,0,"HLA-E_KLRK1","HLA-E - KLRK1","MHC-I","Cell-Cell Contact","PMID: 28484462","PBMC_Early"
"HSC_MPP","Gamma Delta V1 T","HLA-E","KLRK1",0.0152872442783976,0,"HLA-E_KLRK1","HLA-E - KLRK1","MHC-I","Cell-Cell Contact","PMID: 28484462","PBMC_Early"
"ILC2/3","Gamma Delta V1 T","HLA-E","KLRK1",0.0289029868922494,0,"HLA-E_KLRK1","HLA-E - KLRK1","MHC-I","Cell-Cell Contact","PMID: 28484462","PBMC_Early"
"Megakaryocytes","Gamma Delta V1 T","HLA-E","KLRK1",0.0407218226407745,0,"HLA-E_KLRK1","HLA-E - KLRK1","MHC-I","Cell-Cell Contact","PMID: 28484462","PBMC_Early"
"MEMP","Gamma Delta V1 T","HLA-E","KLRK1",0.00878281232732957,0.01,"HLA-E_KLRK1","HLA-E - KLRK1","MHC-I","Cell-Cell Contact","PMID: 28484462","PBMC_Early"
"MEP","Gamma Delta V1 T","HLA-E","KLRK1",0.0210150133205798,0,"HLA-E_KLRK1","HLA-E - KLRK1","MHC-I","Cell-Cell Contact","PMID: 28484462","PBMC_Early"
"Myeloid-CD177","Gamma Delta V1 T","HLA-E","KLRK1",0.0162613006051053,0,"HLA-E_KLRK1","HLA-E - KLRK1","MHC-I","Cell-Cell Contact","PMID: 28484462","PBMC_Early"
"Naïve CD4 T","Gamma Delta V1 T","HLA-E","KLRK1",0.0338211769893545,0,"HLA-E_KLRK1","HLA-E - KLRK1","MHC-I","Cell-Cell Contact","PMID: 28484462","PBMC_Early"
"Naïve CD8 T","Gamma Delta V1 T","HLA-E","KLRK1",0.0334958894117875,0,"HLA-E_KLRK1","HLA-E - KLRK1","MHC-I","Cell-Cell Contact","PMID: 28484462","PBMC_Early"
"NK T","Gamma Delta V1 T","HLA-E","KLRK1",0.0348983559375166,0,"HLA-E_KLRK1","HLA-E - KLRK1","MHC-I","Cell-Cell Contact","PMID: 28484462","PBMC_Early"
"pDC","Gamma Delta V1 T","HLA-E","KLRK1",0.0173474881642796,0,"HLA-E_KLRK1","HLA-E - KLRK1","MHC-I","Cell-Cell Contact","PMID: 28484462","PBMC_Early"
"Pro-B","Gamma Delta V1 T","HLA-E","KLRK1",0.014626612723358,0,"HLA-E_KLRK1","HLA-E - KLRK1","MHC-I","Cell-Cell Contact","PMID: 28484462","PBMC_Early"
"Tem","Gamma Delta V1 T","HLA-E","KLRK1",0.0338859353048962,0,"HLA-E_KLRK1","HLA-E - KLRK1","MHC-I","Cell-Cell Contact","PMID: 28484462","PBMC_Early"
"Th17like_INNATE_T","Gamma Delta V1 T","HLA-E","KLRK1",0.0356524403885491,0,"HLA-E_KLRK1","HLA-E - KLRK1","MHC-I","Cell-Cell Contact","PMID: 28484462","PBMC_Early"
"Treg","Gamma Delta V1 T","HLA-E","KLRK1",0.0363901058298274,0,"HLA-E_KLRK1","HLA-E - KLRK1","MHC-I","Cell-Cell Contact","PMID: 28484462","PBMC_Early"
"abTentry","Gamma Delta V2 T","HLA-E","KLRK1",0.027973905285045,0,"HLA-E_KLRK1","HLA-E - KLRK1","MHC-I","Cell-Cell Contact","PMID: 28484462","PBMC_Early"
"CD14+PPBP+ Monocytes","Gamma Delta V2 T","HLA-E","KLRK1",0.0381000798782345,0,"HLA-E_KLRK1","HLA-E - KLRK1","MHC-I","Cell-Cell Contact","PMID: 28484462","PBMC_Early"
"CD56highCD16low NK","Gamma Delta V2 T","HLA-E","KLRK1",0.0262235924408333,0,"HLA-E_KLRK1","HLA-E - KLRK1","MHC-I","Cell-Cell Contact","PMID: 28484462","PBMC_Early"
"Classical Monocytes","Gamma Delta V2 T","HLA-E","KLRK1",0.0273049092144399,0,"HLA-E_KLRK1","HLA-E - KLRK1","MHC-I","Cell-Cell Contact","PMID: 28484462","PBMC_Early"
"CX3CR1+ NK","Gamma Delta V2 T","HLA-E","KLRK1",0.0396280795479095,0,"HLA-E_KLRK1","HLA-E - KLRK1","MHC-I","Cell-Cell Contact","PMID: 28484462","PBMC_Early"
"CXCR5- Naïve B","Gamma Delta V2 T","HLA-E","KLRK1",0.032958960831359,0,"HLA-E_KLRK1","HLA-E - KLRK1","MHC-I","Cell-Cell Contact","PMID: 28484462","PBMC_Early"
"CXCR5+ Naïve B","Gamma Delta V2 T","HLA-E","KLRK1",0.0316140883122622,0,"HLA-E_KLRK1","HLA-E - KLRK1","MHC-I","Cell-Cell Contact","PMID: 28484462","PBMC_Early"
"CXCR6+ NK","Gamma Delta V2 T","HLA-E","KLRK1",0.0367247116956108,0,"HLA-E_KLRK1","HLA-E - KLRK1","MHC-I","Cell-Cell Contact","PMID: 28484462","PBMC_Early"
"DC2","Gamma Delta V2 T","HLA-E","KLRK1",0.0217575206645767,0,"HLA-E_KLRK1","HLA-E - KLRK1","MHC-I","Cell-Cell Contact","PMID: 28484462","PBMC_Early"
"Gamma Delta V1 T","Gamma Delta V2 T","HLA-E","KLRK1",0.0358858301204377,0,"HLA-E_KLRK1","HLA-E - KLRK1","MHC-I","Cell-Cell Contact","PMID: 28484462","PBMC_Early"
"Gamma Delta V2 T","Gamma Delta V2 T","HLA-E","KLRK1",0.0373280059497672,0,"HLA-E_KLRK1","HLA-E - KLRK1","MHC-I","Cell-Cell Contact","PMID: 28484462","PBMC_Early"
"HSC_MPP","Gamma Delta V2 T","HLA-E","KLRK1",0.0172145459423262,0,"HLA-E_KLRK1","HLA-E - KLRK1","MHC-I","Cell-Cell Contact","PMID: 28484462","PBMC_Early"
"ILC2/3","Gamma Delta V2 T","HLA-E","KLRK1",0.0324902221523628,0,"HLA-E_KLRK1","HLA-E - KLRK1","MHC-I","Cell-Cell Contact","PMID: 28484462","PBMC_Early"
"Megakaryocytes","Gamma Delta V2 T","HLA-E","KLRK1",0.0457068869896943,0,"HLA-E_KLRK1","HLA-E - KLRK1","MHC-I","Cell-Cell Contact","PMID: 28484462","PBMC_Early"
"MEMP","Gamma Delta V2 T","HLA-E","KLRK1",0.00989832669498122,0,"HLA-E_KLRK1","HLA-E - KLRK1","MHC-I","Cell-Cell Contact","PMID: 28484462","PBMC_Early"
"MEP","Gamma Delta V2 T","HLA-E","KLRK1",0.0236470883583182,0,"HLA-E_KLRK1","HLA-E - KLRK1","MHC-I","Cell-Cell Contact","PMID: 28484462","PBMC_Early"
"Myeloid-CD177","Gamma Delta V2 T","HLA-E","KLRK1",0.0183091207235152,0,"HLA-E_KLRK1","HLA-E - KLRK1","MHC-I","Cell-Cell Contact","PMID: 28484462","PBMC_Early"
"Naïve CD4 T","Gamma Delta V2 T","HLA-E","KLRK1",0.0379949405614785,0,"HLA-E_KLRK1","HLA-E - KLRK1","MHC-I","Cell-Cell Contact","PMID: 28484462","PBMC_Early"
"Naïve CD8 T","Gamma Delta V2 T","HLA-E","KLRK1",0.0376310737736794,0,"HLA-E_KLRK1","HLA-E - KLRK1","MHC-I","Cell-Cell Contact","PMID: 28484462","PBMC_Early"
"NK T","Gamma Delta V2 T","HLA-E","KLRK1",0.0391996574629546,0,"HLA-E_KLRK1","HLA-E - KLRK1","MHC-I","Cell-Cell Contact","PMID: 28484462","PBMC_Early"
"pDC","Gamma Delta V2 T","HLA-E","KLRK1",0.0195293786873506,0,"HLA-E_KLRK1","HLA-E - KLRK1","MHC-I","Cell-Cell Contact","PMID: 28484462","PBMC_Early"
"Pro-B","Gamma Delta V2 T","HLA-E","KLRK1",0.0164720201030535,0,"HLA-E_KLRK1","HLA-E - KLRK1","MHC-I","Cell-Cell Contact","PMID: 28484462","PBMC_Early"
"Tem","Gamma Delta V2 T","HLA-E","KLRK1",0.0380673756250431,0,"HLA-E_KLRK1","HLA-E - KLRK1","MHC-I","Cell-Cell Contact","PMID: 28484462","PBMC_Early"
"Th17like_INNATE_T","Gamma Delta V2 T","HLA-E","KLRK1",0.0400428282704297,0,"HLA-E_KLRK1","HLA-E - KLRK1","MHC-I","Cell-Cell Contact","PMID: 28484462","PBMC_Early"
"Treg","Gamma Delta V2 T","HLA-E","KLRK1",0.0408674832469873,0,"HLA-E_KLRK1","HLA-E - KLRK1","MHC-I","Cell-Cell Contact","PMID: 28484462","PBMC_Early"
"abTentry","Naïve CD8 T","HLA-E","KLRK1",0.072100247535114,0,"HLA-E_KLRK1","HLA-E - KLRK1","MHC-I","Cell-Cell Contact","PMID: 28484462","PBMC_Early"
"CD14+PPBP+ Monocytes","Naïve CD8 T","HLA-E","KLRK1",0.0966119523747958,0,"HLA-E_KLRK1","HLA-E - KLRK1","MHC-I","Cell-Cell Contact","PMID: 28484462","PBMC_Early"
"CD56highCD16low NK","Naïve CD8 T","HLA-E","KLRK1",0.0677815001246694,0,"HLA-E_KLRK1","HLA-E - KLRK1","MHC-I","Cell-Cell Contact","PMID: 28484462","PBMC_Early"
"Classical Monocytes","Naïve CD8 T","HLA-E","KLRK1",0.0704524566126903,0,"HLA-E_KLRK1","HLA-E - KLRK1","MHC-I","Cell-Cell Contact","PMID: 28484462","PBMC_Early"
"CX3CR1+ NK","Naïve CD8 T","HLA-E","KLRK1",0.100242018090609,0,"HLA-E_KLRK1","HLA-E - KLRK1","MHC-I","Cell-Cell Contact","PMID: 28484462","PBMC_Early"
"CXCR5- Naïve B","Naïve CD8 T","HLA-E","KLRK1",0.0842670814266312,0,"HLA-E_KLRK1","HLA-E - KLRK1","MHC-I","Cell-Cell Contact","PMID: 28484462","PBMC_Early"
"CXCR5+ Naïve B","Naïve CD8 T","HLA-E","KLRK1",0.0810039788208536,0,"HLA-E_KLRK1","HLA-E - KLRK1","MHC-I","Cell-Cell Contact","PMID: 28484462","PBMC_Early"
"CXCR6+ NK","Naïve CD8 T","HLA-E","KLRK1",0.0933293135527457,0,"HLA-E_KLRK1","HLA-E - KLRK1","MHC-I","Cell-Cell Contact","PMID: 28484462","PBMC_Early"
"DC2","Naïve CD8 T","HLA-E","KLRK1",0.0566495505297971,0,"HLA-E_KLRK1","HLA-E - KLRK1","MHC-I","Cell-Cell Contact","PMID: 28484462","PBMC_Early"
"Gamma Delta V1 T","Naïve CD8 T","HLA-E","KLRK1",0.0913200226173043,0,"HLA-E_KLRK1","HLA-E - KLRK1","MHC-I","Cell-Cell Contact","PMID: 28484462","PBMC_Early"
"Gamma Delta V2 T","Naïve CD8 T","HLA-E","KLRK1",0.0947709939372986,0,"HLA-E_KLRK1","HLA-E - KLRK1","MHC-I","Cell-Cell Contact","PMID: 28484462","PBMC_Early"
"HSC_MPP","Naïve CD8 T","HLA-E","KLRK1",0.0451574229047201,0,"HLA-E_KLRK1","HLA-E - KLRK1","MHC-I","Cell-Cell Contact","PMID: 28484462","PBMC_Early"
"ILC2/3","Naïve CD8 T","HLA-E","KLRK1",0.0831313726451857,0,"HLA-E_KLRK1","HLA-E - KLRK1","MHC-I","Cell-Cell Contact","PMID: 28484462","PBMC_Early"
"Megakaryocytes","Naïve CD8 T","HLA-E","KLRK1",0.114510144949498,0,"HLA-E_KLRK1","HLA-E - KLRK1","MHC-I","Cell-Cell Contact","PMID: 28484462","PBMC_Early"
"MEMP","Naïve CD8 T","HLA-E","KLRK1",0.0262830192846915,0,"HLA-E_KLRK1","HLA-E - KLRK1","MHC-I","Cell-Cell Contact","PMID: 28484462","PBMC_Early"
"MEP","Naïve CD8 T","HLA-E","KLRK1",0.0613792423923013,0,"HLA-E_KLRK1","HLA-E - KLRK1","MHC-I","Cell-Cell Contact","PMID: 28484462","PBMC_Early"
"Myeloid-CD177","Naïve CD8 T","HLA-E","KLRK1",0.0479420538238721,0,"HLA-E_KLRK1","HLA-E - KLRK1","MHC-I","Cell-Cell Contact","PMID: 28484462","PBMC_Early"
"Naïve CD4 T","Naïve CD8 T","HLA-E","KLRK1",0.0963615217238964,0,"HLA-E_KLRK1","HLA-E - KLRK1","MHC-I","Cell-Cell Contact","PMID: 28484462","PBMC_Early"
"Naïve CD8 T","Naïve CD8 T","HLA-E","KLRK1",0.0954941803354208,0,"HLA-E_KLRK1","HLA-E - KLRK1","MHC-I","Cell-Cell Contact","PMID: 28484462","PBMC_Early"
"NK T","Naïve CD8 T","HLA-E","KLRK1",0.0992260002861434,0,"HLA-E_KLRK1","HLA-E - KLRK1","MHC-I","Cell-Cell Contact","PMID: 28484462","PBMC_Early"
"pDC","Naïve CD8 T","HLA-E","KLRK1",0.0510346028216847,0,"HLA-E_KLRK1","HLA-E - KLRK1","MHC-I","Cell-Cell Contact","PMID: 28484462","PBMC_Early"
"Pro-B","Naïve CD8 T","HLA-E","KLRK1",0.0432626762641835,0,"HLA-E_KLRK1","HLA-E - KLRK1","MHC-I","Cell-Cell Contact","PMID: 28484462","PBMC_Early"
"Tem","Naïve CD8 T","HLA-E","KLRK1",0.0965340633372289,0,"HLA-E_KLRK1","HLA-E - KLRK1","MHC-I","Cell-Cell Contact","PMID: 28484462","PBMC_Early"
"Th17like_INNATE_T","Naïve CD8 T","HLA-E","KLRK1",0.10122428904459,0,"HLA-E_KLRK1","HLA-E - KLRK1","MHC-I","Cell-Cell Contact","PMID: 28484462","PBMC_Early"
"Treg","Naïve CD8 T","HLA-E","KLRK1",0.103173514550046,0,"HLA-E_KLRK1","HLA-E - KLRK1","MHC-I","Cell-Cell Contact","PMID: 28484462","PBMC_Early"
"abTentry","NK T","HLA-E","KLRK1",0.0306332226255553,0,"HLA-E_KLRK1","HLA-E - KLRK1","MHC-I","Cell-Cell Contact","PMID: 28484462","PBMC_Early"
"CD14+PPBP+ Monocytes","NK T","HLA-E","KLRK1",0.041680755913418,0,"HLA-E_KLRK1","HLA-E - KLRK1","MHC-I","Cell-Cell Contact","PMID: 28484462","PBMC_Early"
"CD56highCD16low NK","NK T","HLA-E","KLRK1",0.0287214342206498,0,"HLA-E_KLRK1","HLA-E - KLRK1","MHC-I","Cell-Cell Contact","PMID: 28484462","PBMC_Early"
"Classical Monocytes","NK T","HLA-E","KLRK1",0.0299025854309406,0,"HLA-E_KLRK1","HLA-E - KLRK1","MHC-I","Cell-Cell Contact","PMID: 28484462","PBMC_Early"
"CX3CR1+ NK","NK T","HLA-E","KLRK1",0.043345887082121,0,"HLA-E_KLRK1","HLA-E - KLRK1","MHC-I","Cell-Cell Contact","PMID: 28484462","PBMC_Early"
"CXCR5- Naïve B","NK T","HLA-E","KLRK1",0.036074590802005,0,"HLA-E_KLRK1","HLA-E - KLRK1","MHC-I","Cell-Cell Contact","PMID: 28484462","PBMC_Early"
"CXCR5+ Naïve B","NK T","HLA-E","KLRK1",0.0346071363026778,0,"HLA-E_KLRK1","HLA-E - KLRK1","MHC-I","Cell-Cell Contact","PMID: 28484462","PBMC_Early"
"CXCR6+ NK","NK T","HLA-E","KLRK1",0.0401815290411516,0,"HLA-E_KLRK1","HLA-E - KLRK1","MHC-I","Cell-Cell Contact","PMID: 28484462","PBMC_Early"
"DC2","NK T","HLA-E","KLRK1",0.0238403763446761,0,"HLA-E_KLRK1","HLA-E - KLRK1","MHC-I","Cell-Cell Contact","PMID: 28484462","PBMC_Early"
"Gamma Delta V1 T","NK T","HLA-E","KLRK1",0.0392669041723619,0,"HLA-E_KLRK1","HLA-E - KLRK1","MHC-I","Cell-Cell Contact","PMID: 28484462","PBMC_Early"
"Gamma Delta V2 T","NK T","HLA-E","KLRK1",0.0408392025300486,0,"HLA-E_KLRK1","HLA-E - KLRK1","MHC-I","Cell-Cell Contact","PMID: 28484462","PBMC_Early"
"HSC_MPP","NK T","HLA-E","KLRK1",0.0188708904323956,0,"HLA-E_KLRK1","HLA-E - KLRK1","MHC-I","Cell-Cell Contact","PMID: 28484462","PBMC_Early"
"ILC2/3","NK T","HLA-E","KLRK1",0.0355631714961236,0,"HLA-E_KLRK1","HLA-E - KLRK1","MHC-I","Cell-Cell Contact","PMID: 28484462","PBMC_Early"
"Megakaryocytes","NK T","HLA-E","KLRK1",0.0499653221154718,0,"HLA-E_KLRK1","HLA-E - KLRK1","MHC-I","Cell-Cell Contact","PMID: 28484462","PBMC_Early"
"MEMP","NK T","HLA-E","KLRK1",0.0108584989256709,0,"HLA-E_KLRK1","HLA-E - KLRK1","MHC-I","Cell-Cell Contact","PMID: 28484462","PBMC_Early"
"MEP","NK T","HLA-E","KLRK1",0.0259060427232527,0,"HLA-E_KLRK1","HLA-E - KLRK1","MHC-I","Cell-Cell Contact","PMID: 28484462","PBMC_Early"
"Myeloid-CD177","NK T","HLA-E","KLRK1",0.020068632111861,0,"HLA-E_KLRK1","HLA-E - KLRK1","MHC-I","Cell-Cell Contact","PMID: 28484462","PBMC_Early"
"Naïve CD4 T","NK T","HLA-E","KLRK1",0.0415661625061179,0,"HLA-E_KLRK1","HLA-E - KLRK1","MHC-I","Cell-Cell Contact","PMID: 28484462","PBMC_Early"
"Naïve CD8 T","NK T","HLA-E","KLRK1",0.0411695587704318,0,"HLA-E_KLRK1","HLA-E - KLRK1","MHC-I","Cell-Cell Contact","PMID: 28484462","PBMC_Early"
"NK T","NK T","HLA-E","KLRK1",0.0428790660811619,0,"HLA-E_KLRK1","HLA-E - KLRK1","MHC-I","Cell-Cell Contact","PMID: 28484462","PBMC_Early"
"pDC","NK T","HLA-E","KLRK1",0.0214036004413684,0,"HLA-E_KLRK1","HLA-E - KLRK1","MHC-I","Cell-Cell Contact","PMID: 28484462","PBMC_Early"
"Pro-B","NK T","HLA-E","KLRK1",0.018058233197834,0,"HLA-E_KLRK1","HLA-E - KLRK1","MHC-I","Cell-Cell Contact","PMID: 28484462","PBMC_Early"
"Tem","NK T","HLA-E","KLRK1",0.0416451111574981,0,"HLA-E_KLRK1","HLA-E - KLRK1","MHC-I","Cell-Cell Contact","PMID: 28484462","PBMC_Early"
"Th17like_INNATE_T","NK T","HLA-E","KLRK1",0.0437977719723607,0,"HLA-E_KLRK1","HLA-E - KLRK1","MHC-I","Cell-Cell Contact","PMID: 28484462","PBMC_Early"
"Treg","NK T","HLA-E","KLRK1",0.044696156922141,0,"HLA-E_KLRK1","HLA-E - KLRK1","MHC-I","Cell-Cell Contact","PMID: 28484462","PBMC_Early"
"abTentry","CD56highCD16low NK","HLA-E","CD94:NKG2A",0.0442206630206641,0,"HLA-E_CD94:NKG2A","HLA-E - CD94:NKG2A","MHC-I","Cell-Cell Contact","PMID: 28484462","PBMC_Early"
"CD14+PPBP+ Monocytes","CD56highCD16low NK","HLA-E","CD94:NKG2A",0.0598657345859249,0,"HLA-E_CD94:NKG2A","HLA-E - CD94:NKG2A","MHC-I","Cell-Cell Contact","PMID: 28484462","PBMC_Early"
"CD56highCD16low NK","CD56highCD16low NK","HLA-E","CD94:NKG2A",0.0414971969543493,0,"HLA-E_CD94:NKG2A","HLA-E - CD94:NKG2A","MHC-I","Cell-Cell Contact","PMID: 28484462","PBMC_Early"
"Classical Monocytes","CD56highCD16low NK","HLA-E","CD94:NKG2A",0.0431803858635139,0,"HLA-E_CD94:NKG2A","HLA-E - CD94:NKG2A","MHC-I","Cell-Cell Contact","PMID: 28484462","PBMC_Early"
"CX3CR1+ NK","CD56highCD16low NK","HLA-E","CD94:NKG2A",0.0622101887505645,0,"HLA-E_CD94:NKG2A","HLA-E - CD94:NKG2A","MHC-I","Cell-Cell Contact","PMID: 28484462","PBMC_Early"
"CXCR5- Naïve B","CD56highCD16low NK","HLA-E","CD94:NKG2A",0.0519462274241446,0,"HLA-E_CD94:NKG2A","HLA-E - CD94:NKG2A","MHC-I","Cell-Cell Contact","PMID: 28484462","PBMC_Early"
"CXCR5+ Naïve B","CD56highCD16low NK","HLA-E","CD94:NKG2A",0.0498665414113676,0,"HLA-E_CD94:NKG2A","HLA-E - CD94:NKG2A","MHC-I","Cell-Cell Contact","PMID: 28484462","PBMC_Early"
"CXCR6+ NK","CD56highCD16low NK","HLA-E","CD94:NKG2A",0.0577518255820614,0,"HLA-E_CD94:NKG2A","HLA-E - CD94:NKG2A","MHC-I","Cell-Cell Contact","PMID: 28484462","PBMC_Early"
"DC2","CD56highCD16low NK","HLA-E","CD94:NKG2A",0.0345221348684387,0,"HLA-E_CD94:NKG2A","HLA-E - CD94:NKG2A","MHC-I","Cell-Cell Contact","PMID: 28484462","PBMC_Early"
"Gamma Delta V1 T","CD56highCD16low NK","HLA-E","CD94:NKG2A",0.0564607862710682,0,"HLA-E_CD94:NKG2A","HLA-E - CD94:NKG2A","MHC-I","Cell-Cell Contact","PMID: 28484462","PBMC_Early"
"Gamma Delta V2 T","CD56highCD16low NK","HLA-E","CD94:NKG2A",0.0586795002347704,0,"HLA-E_CD94:NKG2A","HLA-E - CD94:NKG2A","MHC-I","Cell-Cell Contact","PMID: 28484462","PBMC_Early"
"HSC_MPP","CD56highCD16low NK","HLA-E","CD94:NKG2A",0.0273885270636697,0,"HLA-E_CD94:NKG2A","HLA-E - CD94:NKG2A","MHC-I","Cell-Cell Contact","PMID: 28484462","PBMC_Early"
"ILC2/3","CD56highCD16low NK","HLA-E","CD94:NKG2A",0.0512217570203306,0,"HLA-E_CD94:NKG2A","HLA-E - CD94:NKG2A","MHC-I","Cell-Cell Contact","PMID: 28484462","PBMC_Early"
"Megakaryocytes","CD56highCD16low NK","HLA-E","CD94:NKG2A",0.0714951324482321,0,"HLA-E_CD94:NKG2A","HLA-E - CD94:NKG2A","MHC-I","Cell-Cell Contact","PMID: 28484462","PBMC_Early"
"MEMP","CD56highCD16low NK","HLA-E","CD94:NKG2A",0.0158179380686314,0,"HLA-E_CD94:NKG2A","HLA-E - CD94:NKG2A","MHC-I","Cell-Cell Contact","PMID: 28484462","PBMC_Early"
"MEP","CD56highCD16low NK","HLA-E","CD94:NKG2A",0.0374777959051218,0,"HLA-E_CD94:NKG2A","HLA-E - CD94:NKG2A","MHC-I","Cell-Cell Contact","PMID: 28484462","PBMC_Early"
"Myeloid-CD177","CD56highCD16low NK","HLA-E","CD94:NKG2A",0.0291108454439211,0,"HLA-E_CD94:NKG2A","HLA-E - CD94:NKG2A","MHC-I","Cell-Cell Contact","PMID: 28484462","PBMC_Early"
"Naïve CD4 T","CD56highCD16low NK","HLA-E","CD94:NKG2A",0.0597042598092086,0,"HLA-E_CD94:NKG2A","HLA-E - CD94:NKG2A","MHC-I","Cell-Cell Contact","PMID: 28484462","PBMC_Early"
"Naïve CD8 T","CD56highCD16low NK","HLA-E","CD94:NKG2A",0.0591452712153067,0,"HLA-E_CD94:NKG2A","HLA-E - CD94:NKG2A","MHC-I","Cell-Cell Contact","PMID: 28484462","PBMC_Early"
"NK T","CD56highCD16low NK","HLA-E","CD94:NKG2A",0.0615532773242101,0,"HLA-E_CD94:NKG2A","HLA-E - CD94:NKG2A","MHC-I","Cell-Cell Contact","PMID: 28484462","PBMC_Early"
"pDC","CD56highCD16low NK","HLA-E","CD94:NKG2A",0.0310282577393282,0,"HLA-E_CD94:NKG2A","HLA-E - CD94:NKG2A","MHC-I","Cell-Cell Contact","PMID: 28484462","PBMC_Early"
"Pro-B","CD56highCD16low NK","HLA-E","CD94:NKG2A",0.0262188679419993,0,"HLA-E_CD94:NKG2A","HLA-E - CD94:NKG2A","MHC-I","Cell-Cell Contact","PMID: 28484462","PBMC_Early"
"Tem","CD56highCD16low NK","HLA-E","CD94:NKG2A",0.0598155089904164,0,"HLA-E_CD94:NKG2A","HLA-E - CD94:NKG2A","MHC-I","Cell-Cell Contact","PMID: 28484462","PBMC_Early"
"Th17like_INNATE_T","CD56highCD16low NK","HLA-E","CD94:NKG2A",0.0628458163417733,0,"HLA-E_CD94:NKG2A","HLA-E - CD94:NKG2A","MHC-I","Cell-Cell Contact","PMID: 28484462","PBMC_Early"
"Treg","CD56highCD16low NK","HLA-E","CD94:NKG2A",0.0641087213830291,0,"HLA-E_CD94:NKG2A","HLA-E - CD94:NKG2A","MHC-I","Cell-Cell Contact","PMID: 28484462","PBMC_Early"
"abTentry","CX3CR1+ NK","HLA-E","CD94:NKG2A",0.129924411519798,0,"HLA-E_CD94:NKG2A","HLA-E - CD94:NKG2A","MHC-I","Cell-Cell Contact","PMID: 28484462","PBMC_Early"
"CD14+PPBP+ Monocytes","CX3CR1+ NK","HLA-E","CD94:NKG2A",0.170482611741615,0,"HLA-E_CD94:NKG2A","HLA-E - CD94:NKG2A","MHC-I","Cell-Cell Contact","PMID: 28484462","PBMC_Early"
"CD56highCD16low NK","CX3CR1+ NK","HLA-E","CD94:NKG2A",0.122599677151885,0,"HLA-E_CD94:NKG2A","HLA-E - CD94:NKG2A","MHC-I","Cell-Cell Contact","PMID: 28484462","PBMC_Early"
"Classical Monocytes","CX3CR1+ NK","HLA-E","CD94:NKG2A",0.127136166079728,0,"HLA-E_CD94:NKG2A","HLA-E - CD94:NKG2A","MHC-I","Cell-Cell Contact","PMID: 28484462","PBMC_Early"
"CX3CR1+ NK","CX3CR1+ NK","HLA-E","CD94:NKG2A",0.176346458077488,0,"HLA-E_CD94:NKG2A","HLA-E - CD94:NKG2A","MHC-I","Cell-Cell Contact","PMID: 28484462","PBMC_Early"
"CXCR5- Naïve B","CX3CR1+ NK","HLA-E","CD94:NKG2A",0.150268785345956,0,"HLA-E_CD94:NKG2A","HLA-E - CD94:NKG2A","MHC-I","Cell-Cell Contact","PMID: 28484462","PBMC_Early"
"CXCR5+ Naïve B","CX3CR1+ NK","HLA-E","CD94:NKG2A",0.144854163790388,0,"HLA-E_CD94:NKG2A","HLA-E - CD94:NKG2A","MHC-I","Cell-Cell Contact","PMID: 28484462","PBMC_Early"
"CXCR6+ NK","CX3CR1+ NK","HLA-E","CD94:NKG2A",0.165148872300437,0,"HLA-E_CD94:NKG2A","HLA-E - CD94:NKG2A","MHC-I","Cell-Cell Contact","PMID: 28484462","PBMC_Early"
"DC2","CX3CR1+ NK","HLA-E","CD94:NKG2A",0.103463990153826,0,"HLA-E_CD94:NKG2A","HLA-E - CD94:NKG2A","MHC-I","Cell-Cell Contact","PMID: 28484462","PBMC_Early"
"Gamma Delta V1 T","CX3CR1+ NK","HLA-E","CD94:NKG2A",0.161869421701719,0,"HLA-E_CD94:NKG2A","HLA-E - CD94:NKG2A","MHC-I","Cell-Cell Contact","PMID: 28484462","PBMC_Early"
"Gamma Delta V2 T","CX3CR1+ NK","HLA-E","CD94:NKG2A",0.167495017628666,0,"HLA-E_CD94:NKG2A","HLA-E - CD94:NKG2A","MHC-I","Cell-Cell Contact","PMID: 28484462","PBMC_Early"
"HSC_MPP","CX3CR1+ NK","HLA-E","CD94:NKG2A",0.0833136594098986,0,"HLA-E_CD94:NKG2A","HLA-E - CD94:NKG2A","MHC-I","Cell-Cell Contact","PMID: 28484462","PBMC_Early"
"ILC2/3","CX3CR1+ NK","HLA-E","CD94:NKG2A",0.148387682115971,0,"HLA-E_CD94:NKG2A","HLA-E - CD94:NKG2A","MHC-I","Cell-Cell Contact","PMID: 28484462","PBMC_Early"
"Megakaryocytes","CX3CR1+ NK","HLA-E","CD94:NKG2A",0.199050615228066,0,"HLA-E_CD94:NKG2A","HLA-E - CD94:NKG2A","MHC-I","Cell-Cell Contact","PMID: 28484462","PBMC_Early"
"MEMP","CX3CR1+ NK","HLA-E","CD94:NKG2A",0.0493148047920233,0,"HLA-E_CD94:NKG2A","HLA-E - CD94:NKG2A","MHC-I","Cell-Cell Contact","PMID: 28484462","PBMC_Early"
"MEP","CX3CR1+ NK","HLA-E","CD94:NKG2A",0.111639683584474,0,"HLA-E_CD94:NKG2A","HLA-E - CD94:NKG2A","MHC-I","Cell-Cell Contact","PMID: 28484462","PBMC_Early"
"Myeloid-CD177","CX3CR1+ NK","HLA-E","CD94:NKG2A",0.0882337695316853,0,"HLA-E_CD94:NKG2A","HLA-E - CD94:NKG2A","MHC-I","Cell-Cell Contact","PMID: 28484462","PBMC_Early"
"Naïve CD4 T","CX3CR1+ NK","HLA-E","CD94:NKG2A",0.170076748303127,0,"HLA-E_CD94:NKG2A","HLA-E - CD94:NKG2A","MHC-I","Cell-Cell Contact","PMID: 28484462","PBMC_Early"
"Naïve CD8 T","CX3CR1+ NK","HLA-E","CD94:NKG2A",0.168669749968524,0,"HLA-E_CD94:NKG2A","HLA-E - CD94:NKG2A","MHC-I","Cell-Cell Contact","PMID: 28484462","PBMC_Early"
"NK T","CX3CR1+ NK","HLA-E","CD94:NKG2A",0.174708851388412,0,"HLA-E_CD94:NKG2A","HLA-E - CD94:NKG2A","MHC-I","Cell-Cell Contact","PMID: 28484462","PBMC_Early"
"pDC","CX3CR1+ NK","HLA-E","CD94:NKG2A",0.0936696628898235,0,"HLA-E_CD94:NKG2A","HLA-E - CD94:NKG2A","MHC-I","Cell-Cell Contact","PMID: 28484462","PBMC_Early"
"Pro-B","CX3CR1+ NK","HLA-E","CD94:NKG2A",0.0799519823986727,0,"HLA-E_CD94:NKG2A","HLA-E - CD94:NKG2A","MHC-I","Cell-Cell Contact","PMID: 28484462","PBMC_Early"
"Tem","CX3CR1+ NK","HLA-E","CD94:NKG2A",0.170356398374176,0,"HLA-E_CD94:NKG2A","HLA-E - CD94:NKG2A","MHC-I","Cell-Cell Contact","PMID: 28484462","PBMC_Early"
"Th17like_INNATE_T","CX3CR1+ NK","HLA-E","CD94:NKG2A",0.177927004647981,0,"HLA-E_CD94:NKG2A","HLA-E - CD94:NKG2A","MHC-I","Cell-Cell Contact","PMID: 28484462","PBMC_Early"
"Treg","CX3CR1+ NK","HLA-E","CD94:NKG2A",0.18105571349104,0,"HLA-E_CD94:NKG2A","HLA-E - CD94:NKG2A","MHC-I","Cell-Cell Contact","PMID: 28484462","PBMC_Early"
"abTentry","CXCR6+ NK","HLA-E","CD94:NKG2A",0.149911453216208,0,"HLA-E_CD94:NKG2A","HLA-E - CD94:NKG2A","MHC-I","Cell-Cell Contact","PMID: 28484462","PBMC_Early"
"CD14+PPBP+ Monocytes","CXCR6+ NK","HLA-E","CD94:NKG2A",0.195308405879518,0,"HLA-E_CD94:NKG2A","HLA-E - CD94:NKG2A","MHC-I","Cell-Cell Contact","PMID: 28484462","PBMC_Early"
"CD56highCD16low NK","CXCR6+ NK","HLA-E","CD94:NKG2A",0.141643349384394,0,"HLA-E_CD94:NKG2A","HLA-E - CD94:NKG2A","MHC-I","Cell-Cell Contact","PMID: 28484462","PBMC_Early"
"Classical Monocytes","CXCR6+ NK","HLA-E","CD94:NKG2A",0.146766628892076,0,"HLA-E_CD94:NKG2A","HLA-E - CD94:NKG2A","MHC-I","Cell-Cell Contact","PMID: 28484462","PBMC_Early"
"CX3CR1+ NK","CXCR6+ NK","HLA-E","CD94:NKG2A",0.201818399577343,0,"HLA-E_CD94:NKG2A","HLA-E - CD94:NKG2A","MHC-I","Cell-Cell Contact","PMID: 28484462","PBMC_Early"
"CXCR5- Naïve B","CXCR6+ NK","HLA-E","CD94:NKG2A",0.172764083472371,0,"HLA-E_CD94:NKG2A","HLA-E - CD94:NKG2A","MHC-I","Cell-Cell Contact","PMID: 28484462","PBMC_Early"
"CXCR5+ Naïve B","CXCR6+ NK","HLA-E","CD94:NKG2A",0.166697906446332,0,"HLA-E_CD94:NKG2A","HLA-E - CD94:NKG2A","MHC-I","Cell-Cell Contact","PMID: 28484462","PBMC_Early"
"CXCR6+ NK","CXCR6+ NK","HLA-E","CD94:NKG2A",0.189375281595252,0,"HLA-E_CD94:NKG2A","HLA-E - CD94:NKG2A","MHC-I","Cell-Cell Contact","PMID: 28484462","PBMC_Early"
"DC2","CXCR6+ NK","HLA-E","CD94:NKG2A",0.119941603552596,0,"HLA-E_CD94:NKG2A","HLA-E - CD94:NKG2A","MHC-I","Cell-Cell Contact","PMID: 28484462","PBMC_Early"
"Gamma Delta V1 T","CXCR6+ NK","HLA-E","CD94:NKG2A",0.185721774897418,0,"HLA-E_CD94:NKG2A","HLA-E - CD94:NKG2A","MHC-I","Cell-Cell Contact","PMID: 28484462","PBMC_Early"
"Gamma Delta V2 T","CXCR6+ NK","HLA-E","CD94:NKG2A",0.191986447061511,0,"HLA-E_CD94:NKG2A","HLA-E - CD94:NKG2A","MHC-I","Cell-Cell Contact","PMID: 28484462","PBMC_Early"
"HSC_MPP","CXCR6+ NK","HLA-E","CD94:NKG2A",0.096929098585334,0,"HLA-E_CD94:NKG2A","HLA-E - CD94:NKG2A","MHC-I","Cell-Cell Contact","PMID: 28484462","PBMC_Early"
"ILC2/3","CXCR6+ NK","HLA-E","CD94:NKG2A",0.170657934564509,0,"HLA-E_CD94:NKG2A","HLA-E - CD94:NKG2A","MHC-I","Cell-Cell Contact","PMID: 28484462","PBMC_Early"
"Megakaryocytes","CXCR6+ NK","HLA-E","CD94:NKG2A",0.226898588009999,0,"HLA-E_CD94:NKG2A","HLA-E - CD94:NKG2A","MHC-I","Cell-Cell Contact","PMID: 28484462","PBMC_Early"
"MEMP","CXCR6+ NK","HLA-E","CD94:NKG2A",0.0577238965380056,0,"HLA-E_CD94:NKG2A","HLA-E - CD94:NKG2A","MHC-I","Cell-Cell Contact","PMID: 28484462","PBMC_Early"
"MEP","CXCR6+ NK","HLA-E","CD94:NKG2A",0.129231667471103,0,"HLA-E_CD94:NKG2A","HLA-E - CD94:NKG2A","MHC-I","Cell-Cell Contact","PMID: 28484462","PBMC_Early"
"Myeloid-CD177","CXCR6+ NK","HLA-E","CD94:NKG2A",0.102563309553611,0,"HLA-E_CD94:NKG2A","HLA-E - CD94:NKG2A","MHC-I","Cell-Cell Contact","PMID: 28484462","PBMC_Early"
"Naïve CD4 T","CXCR6+ NK","HLA-E","CD94:NKG2A",0.19485732367907,0,"HLA-E_CD94:NKG2A","HLA-E - CD94:NKG2A","MHC-I","Cell-Cell Contact","PMID: 28484462","PBMC_Early"
"Naïve CD8 T","CXCR6+ NK","HLA-E","CD94:NKG2A",0.193293068586435,0,"HLA-E_CD94:NKG2A","HLA-E - CD94:NKG2A","MHC-I","Cell-Cell Contact","PMID: 28484462","PBMC_Early"
"NK T","CXCR6+ NK","HLA-E","CD94:NKG2A",0.200001690013423,0,"HLA-E_CD94:NKG2A","HLA-E - CD94:NKG2A","MHC-I","Cell-Cell Contact","PMID: 28484462","PBMC_Early"
"pDC","CXCR6+ NK","HLA-E","CD94:NKG2A",0.1087766927618,0,"HLA-E_CD94:NKG2A","HLA-E - CD94:NKG2A","MHC-I","Cell-Cell Contact","PMID: 28484462","PBMC_Early"
"Pro-B","CXCR6+ NK","HLA-E","CD94:NKG2A",0.0930738233296046,0,"HLA-E_CD94:NKG2A","HLA-E - CD94:NKG2A","MHC-I","Cell-Cell Contact","PMID: 28484462","PBMC_Early"
"Tem","CXCR6+ NK","HLA-E","CD94:NKG2A",0.195168137495862,0,"HLA-E_CD94:NKG2A","HLA-E - CD94:NKG2A","MHC-I","Cell-Cell Contact","PMID: 28484462","PBMC_Early"
"Th17like_INNATE_T","CXCR6+ NK","HLA-E","CD94:NKG2A",0.203570819150648,0,"HLA-E_CD94:NKG2A","HLA-E - CD94:NKG2A","MHC-I","Cell-Cell Contact","PMID: 28484462","PBMC_Early"
"Treg","CXCR6+ NK","HLA-E","CD94:NKG2A",0.207036889974745,0,"HLA-E_CD94:NKG2A","HLA-E - CD94:NKG2A","MHC-I","Cell-Cell Contact","PMID: 28484462","PBMC_Early"
"abTentry","CD56highCD16low NK","HLA-E","CD94:NKG2C",0.0437457282126435,0,"HLA-E_CD94:NKG2C","HLA-E - CD94:NKG2C","MHC-I","Cell-Cell Contact","PMID: 28484462","PBMC_Early"
"CD14+PPBP+ Monocytes","CD56highCD16low NK","HLA-E","CD94:NKG2C",0.0592331834087695,0,"HLA-E_CD94:NKG2C","HLA-E - CD94:NKG2C","MHC-I","Cell-Cell Contact","PMID: 28484462","PBMC_Early"
"CD56highCD16low NK","CD56highCD16low NK","HLA-E","CD94:NKG2C",0.0410502561856195,0,"HLA-E_CD94:NKG2C","HLA-E - CD94:NKG2C","MHC-I","Cell-Cell Contact","PMID: 28484462","PBMC_Early"
"Classical Monocytes","CD56highCD16low NK","HLA-E","CD94:NKG2C",0.0427161244121191,0,"HLA-E_CD94:NKG2C","HLA-E - CD94:NKG2C","MHC-I","Cell-Cell Contact","PMID: 28484462","PBMC_Early"
"CX3CR1+ NK","CD56highCD16low NK","HLA-E","CD94:NKG2C",0.0615544876040835,0,"HLA-E_CD94:NKG2C","HLA-E - CD94:NKG2C","MHC-I","Cell-Cell Contact","PMID: 28484462","PBMC_Early"
"CXCR5- Naïve B","CD56highCD16low NK","HLA-E","CD94:NKG2C",0.0513927807268125,0,"HLA-E_CD94:NKG2C","HLA-E - CD94:NKG2C","MHC-I","Cell-Cell Contact","PMID: 28484462","PBMC_Early"
"CXCR5+ Naïve B","CD56highCD16low NK","HLA-E","CD94:NKG2C",0.0493340991409387,0,"HLA-E_CD94:NKG2C","HLA-E - CD94:NKG2C","MHC-I","Cell-Cell Contact","PMID: 28484462","PBMC_Early"
"CXCR6+ NK","CD56highCD16low NK","HLA-E","CD94:NKG2C",0.0571402527641313,0,"HLA-E_CD94:NKG2C","HLA-E - CD94:NKG2C","MHC-I","Cell-Cell Contact","PMID: 28484462","PBMC_Early"
"DC2","CD56highCD16low NK","HLA-E","CD94:NKG2C",0.0341476418277364,0,"HLA-E_CD94:NKG2C","HLA-E - CD94:NKG2C","MHC-I","Cell-Cell Contact","PMID: 28484462","PBMC_Early"
"Gamma Delta V1 T","CD56highCD16low NK","HLA-E","CD94:NKG2C",0.0558620745958046,0,"HLA-E_CD94:NKG2C","HLA-E - CD94:NKG2C","MHC-I","Cell-Cell Contact","PMID: 28484462","PBMC_Early"
"Gamma Delta V2 T","CD56highCD16low NK","HLA-E","CD94:NKG2C",0.0580587089610093,0,"HLA-E_CD94:NKG2C","HLA-E - CD94:NKG2C","MHC-I","Cell-Cell Contact","PMID: 28484462","PBMC_Early"
"HSC_MPP","CD56highCD16low NK","HLA-E","CD94:NKG2C",0.0270892475137081,0,"HLA-E_CD94:NKG2C","HLA-E - CD94:NKG2C","MHC-I","Cell-Cell Contact","PMID: 28484462","PBMC_Early"
"ILC2/3","CD56highCD16low NK","HLA-E","CD94:NKG2C",0.0506756164120091,0,"HLA-E_CD94:NKG2C","HLA-E - CD94:NKG2C","MHC-I","Cell-Cell Contact","PMID: 28484462","PBMC_Early"
"Megakaryocytes","CD56highCD16low NK","HLA-E","CD94:NKG2C",0.070748950226378,0,"HLA-E_CD94:NKG2C","HLA-E - CD94:NKG2C","MHC-I","Cell-Cell Contact","PMID: 28484462","PBMC_Early"
"MEMP","CD56highCD16low NK","HLA-E","CD94:NKG2C",0.0156430589962629,0,"HLA-E_CD94:NKG2C","HLA-E - CD94:NKG2C","MHC-I","Cell-Cell Contact","PMID: 28484462","PBMC_Early"
"MEP","CD56highCD16low NK","HLA-E","CD94:NKG2C",0.0370724712641578,0,"HLA-E_CD94:NKG2C","HLA-E - CD94:NKG2C","MHC-I","Cell-Cell Contact","PMID: 28484462","PBMC_Early"
"Myeloid-CD177","CD56highCD16low NK","HLA-E","CD94:NKG2C",0.0287933029516447,0,"HLA-E_CD94:NKG2C","HLA-E - CD94:NKG2C","MHC-I","Cell-Cell Contact","PMID: 28484462","PBMC_Early"
"Naïve CD4 T","CD56highCD16low NK","HLA-E","CD94:NKG2C",0.0590733075939701,0,"HLA-E_CD94:NKG2C","HLA-E - CD94:NKG2C","MHC-I","Cell-Cell Contact","PMID: 28484462","PBMC_Early"
"Naïve CD8 T","CD56highCD16low NK","HLA-E","CD94:NKG2C",0.0585198587204516,0,"HLA-E_CD94:NKG2C","HLA-E - CD94:NKG2C","MHC-I","Cell-Cell Contact","PMID: 28484462","PBMC_Early"
"NK T","CD56highCD16low NK","HLA-E","CD94:NKG2C",0.0609040504170337,0,"HLA-E_CD94:NKG2C","HLA-E - CD94:NKG2C","MHC-I","Cell-Cell Contact","PMID: 28484462","PBMC_Early"
"pDC","CD56highCD16low NK","HLA-E","CD94:NKG2C",0.030690461166537,0,"HLA-E_CD94:NKG2C","HLA-E - CD94:NKG2C","MHC-I","Cell-Cell Contact","PMID: 28484462","PBMC_Early"
"Pro-B","CD56highCD16low NK","HLA-E","CD94:NKG2C",0.0259320287030009,0,"HLA-E_CD94:NKG2C","HLA-E - CD94:NKG2C","MHC-I","Cell-Cell Contact","PMID: 28484462","PBMC_Early"
"Tem","CD56highCD16low NK","HLA-E","CD94:NKG2C",0.0591834550969616,0,"HLA-E_CD94:NKG2C","HLA-E - CD94:NKG2C","MHC-I","Cell-Cell Contact","PMID: 28484462","PBMC_Early"
"Th17like_INNATE_T","CD56highCD16low NK","HLA-E","CD94:NKG2C",0.0621838598633672,0,"HLA-E_CD94:NKG2C","HLA-E - CD94:NKG2C","MHC-I","Cell-Cell Contact","PMID: 28484462","PBMC_Early"
"Treg","CD56highCD16low NK","HLA-E","CD94:NKG2C",0.063434363099538,0,"HLA-E_CD94:NKG2C","HLA-E - CD94:NKG2C","MHC-I","Cell-Cell Contact","PMID: 28484462","PBMC_Early"
"abTentry","CX3CR1+ NK","HLA-E","CD94:NKG2C",0.114011118046219,0,"HLA-E_CD94:NKG2C","HLA-E - CD94:NKG2C","MHC-I","Cell-Cell Contact","PMID: 28484462","PBMC_Early"
"CD14+PPBP+ Monocytes","CX3CR1+ NK","HLA-E","CD94:NKG2C",0.150460744224899,0,"HLA-E_CD94:NKG2C","HLA-E - CD94:NKG2C","MHC-I","Cell-Cell Contact","PMID: 28484462","PBMC_Early"
"CD56highCD16low NK","CX3CR1+ NK","HLA-E","CD94:NKG2C",0.107472709703366,0,"HLA-E_CD94:NKG2C","HLA-E - CD94:NKG2C","MHC-I","Cell-Cell Contact","PMID: 28484462","PBMC_Early"
"Classical Monocytes","CX3CR1+ NK","HLA-E","CD94:NKG2C",0.111520607951554,0,"HLA-E_CD94:NKG2C","HLA-E - CD94:NKG2C","MHC-I","Cell-Cell Contact","PMID: 28484462","PBMC_Early"
"CX3CR1+ NK","CX3CR1+ NK","HLA-E","CD94:NKG2C",0.15576524300945,0,"HLA-E_CD94:NKG2C","HLA-E - CD94:NKG2C","MHC-I","Cell-Cell Contact","PMID: 28484462","PBMC_Early"
"CXCR5- Naïve B","CX3CR1+ NK","HLA-E","CD94:NKG2C",0.13224241725444,0,"HLA-E_CD94:NKG2C","HLA-E - CD94:NKG2C","MHC-I","Cell-Cell Contact","PMID: 28484462","PBMC_Early"
"CXCR5+ Naïve B","CX3CR1+ NK","HLA-E","CD94:NKG2C",0.127379967751164,0,"HLA-E_CD94:NKG2C","HLA-E - CD94:NKG2C","MHC-I","Cell-Cell Contact","PMID: 28484462","PBMC_Early"
"CXCR6+ NK","CX3CR1+ NK","HLA-E","CD94:NKG2C",0.145643429312652,0,"HLA-E_CD94:NKG2C","HLA-E - CD94:NKG2C","MHC-I","Cell-Cell Contact","PMID: 28484462","PBMC_Early"
"DC2","CX3CR1+ NK","HLA-E","CD94:NKG2C",0.0904546696471518,0,"HLA-E_CD94:NKG2C","HLA-E - CD94:NKG2C","MHC-I","Cell-Cell Contact","PMID: 28484462","PBMC_Early"
"Gamma Delta V1 T","CX3CR1+ NK","HLA-E","CD94:NKG2C",0.142685109937518,0,"HLA-E_CD94:NKG2C","HLA-E - CD94:NKG2C","MHC-I","Cell-Cell Contact","PMID: 28484462","PBMC_Early"
"Gamma Delta V2 T","CX3CR1+ NK","HLA-E","CD94:NKG2C",0.147761519714768,0,"HLA-E_CD94:NKG2C","HLA-E - CD94:NKG2C","MHC-I","Cell-Cell Contact","PMID: 28484462","PBMC_Early"
"HSC_MPP","CX3CR1+ NK","HLA-E","CD94:NKG2C",0.0726327307108796,0,"HLA-E_CD94:NKG2C","HLA-E - CD94:NKG2C","MHC-I","Cell-Cell Contact","PMID: 28484462","PBMC_Early"
"ILC2/3","CX3CR1+ NK","HLA-E","CD94:NKG2C",0.130552302631088,0,"HLA-E_CD94:NKG2C","HLA-E - CD94:NKG2C","MHC-I","Cell-Cell Contact","PMID: 28484462","PBMC_Early"
"Megakaryocytes","CX3CR1+ NK","HLA-E","CD94:NKG2C",0.176387076708083,0,"HLA-E_CD94:NKG2C","HLA-E - CD94:NKG2C","MHC-I","Cell-Cell Contact","PMID: 28484462","PBMC_Early"
"MEMP","CX3CR1+ NK","HLA-E","CD94:NKG2C",0.042789121604589,0,"HLA-E_CD94:NKG2C","HLA-E - CD94:NKG2C","MHC-I","Cell-Cell Contact","PMID: 28484462","PBMC_Early"
"MEP","CX3CR1+ NK","HLA-E","CD94:NKG2C",0.0977144124841002,0,"HLA-E_CD94:NKG2C","HLA-E - CD94:NKG2C","MHC-I","Cell-Cell Contact","PMID: 28484462","PBMC_Early"
"Myeloid-CD177","CX3CR1+ NK","HLA-E","CD94:NKG2C",0.0769750417266738,0,"HLA-E_CD94:NKG2C","HLA-E - CD94:NKG2C","MHC-I","Cell-Cell Contact","PMID: 28484462","PBMC_Early"
"Naïve CD4 T","CX3CR1+ NK","HLA-E","CD94:NKG2C",0.150093921655105,0,"HLA-E_CD94:NKG2C","HLA-E - CD94:NKG2C","MHC-I","Cell-Cell Contact","PMID: 28484462","PBMC_Early"
"Naïve CD8 T","CX3CR1+ NK","HLA-E","CD94:NKG2C",0.148822591791065,0,"HLA-E_CD94:NKG2C","HLA-E - CD94:NKG2C","MHC-I","Cell-Cell Contact","PMID: 28484462","PBMC_Early"
"NK T","CX3CR1+ NK","HLA-E","CD94:NKG2C",0.154282959375752,0,"HLA-E_CD94:NKG2C","HLA-E - CD94:NKG2C","MHC-I","Cell-Cell Contact","PMID: 28484462","PBMC_Early"
"pDC","CX3CR1+ NK","HLA-E","CD94:NKG2C",0.0817795227694702,0,"HLA-E_CD94:NKG2C","HLA-E - CD94:NKG2C","MHC-I","Cell-Cell Contact","PMID: 28484462","PBMC_Early"
"Pro-B","CX3CR1+ NK","HLA-E","CD94:NKG2C",0.0696692710626653,0,"HLA-E_CD94:NKG2C","HLA-E - CD94:NKG2C","MHC-I","Cell-Cell Contact","PMID: 28484462","PBMC_Early"
"Tem","CX3CR1+ NK","HLA-E","CD94:NKG2C",0.150346667073776,0,"HLA-E_CD94:NKG2C","HLA-E - CD94:NKG2C","MHC-I","Cell-Cell Contact","PMID: 28484462","PBMC_Early"
"Th17like_INNATE_T","CX3CR1+ NK","HLA-E","CD94:NKG2C",0.15719653105787,0,"HLA-E_CD94:NKG2C","HLA-E - CD94:NKG2C","MHC-I","Cell-Cell Contact","PMID: 28484462","PBMC_Early"
"Treg","CX3CR1+ NK","HLA-E","CD94:NKG2C",0.160031672910071,0,"HLA-E_CD94:NKG2C","HLA-E - CD94:NKG2C","MHC-I","Cell-Cell Contact","PMID: 28484462","PBMC_Early"
"abTentry","CXCR6+ NK","HLA-E","CD94:NKG2C",0.0765048536617404,0,"HLA-E_CD94:NKG2C","HLA-E - CD94:NKG2C","MHC-I","Cell-Cell Contact","PMID: 28484462","PBMC_Early"
"CD14+PPBP+ Monocytes","CXCR6+ NK","HLA-E","CD94:NKG2C",0.10234881135499,0,"HLA-E_CD94:NKG2C","HLA-E - CD94:NKG2C","MHC-I","Cell-Cell Contact","PMID: 28484462","PBMC_Early"
"CD56highCD16low NK","CXCR6+ NK","HLA-E","CD94:NKG2C",0.0719427295346518,0,"HLA-E_CD94:NKG2C","HLA-E - CD94:NKG2C","MHC-I","Cell-Cell Contact","PMID: 28484462","PBMC_Early"
"Classical Monocytes","CXCR6+ NK","HLA-E","CD94:NKG2C",0.0747645100052305,0,"HLA-E_CD94:NKG2C","HLA-E - CD94:NKG2C","MHC-I","Cell-Cell Contact","PMID: 28484462","PBMC_Early"
"CX3CR1+ NK","CXCR6+ NK","HLA-E","CD94:NKG2C",0.106169099216124,0,"HLA-E_CD94:NKG2C","HLA-E - CD94:NKG2C","MHC-I","Cell-Cell Contact","PMID: 28484462","PBMC_Early"
"CXCR5- Naïve B","CXCR6+ NK","HLA-E","CD94:NKG2C",0.0893433933550779,0,"HLA-E_CD94:NKG2C","HLA-E - CD94:NKG2C","MHC-I","Cell-Cell Contact","PMID: 28484462","PBMC_Early"
"CXCR5+ Naïve B","CXCR6+ NK","HLA-E","CD94:NKG2C",0.0859021588162108,0,"HLA-E_CD94:NKG2C","HLA-E - CD94:NKG2C","MHC-I","Cell-Cell Contact","PMID: 28484462","PBMC_Early"
"CXCR6+ NK","CXCR6+ NK","HLA-E","CD94:NKG2C",0.0988925861413734,0,"HLA-E_CD94:NKG2C","HLA-E - CD94:NKG2C","MHC-I","Cell-Cell Contact","PMID: 28484462","PBMC_Early"
"DC2","CXCR6+ NK","HLA-E","CD94:NKG2C",0.0601714811260114,0,"HLA-E_CD94:NKG2C","HLA-E - CD94:NKG2C","MHC-I","Cell-Cell Contact","PMID: 28484462","PBMC_Early"
"Gamma Delta V1 T","CXCR6+ NK","HLA-E","CD94:NKG2C",0.0967763074930826,0,"HLA-E_CD94:NKG2C","HLA-E - CD94:NKG2C","MHC-I","Cell-Cell Contact","PMID: 28484462","PBMC_Early"
"Gamma Delta V2 T","CXCR6+ NK","HLA-E","CD94:NKG2C",0.100410686484393,0,"HLA-E_CD94:NKG2C","HLA-E - CD94:NKG2C","MHC-I","Cell-Cell Contact","PMID: 28484462","PBMC_Early"
"HSC_MPP","CXCR6+ NK","HLA-E","CD94:NKG2C",0.0480012372371642,0,"HLA-E_CD94:NKG2C","HLA-E - CD94:NKG2C","MHC-I","Cell-Cell Contact","PMID: 28484462","PBMC_Early"
"ILC2/3","CXCR6+ NK","HLA-E","CD94:NKG2C",0.0881458541532206,0,"HLA-E_CD94:NKG2C","HLA-E - CD94:NKG2C","MHC-I","Cell-Cell Contact","PMID: 28484462","PBMC_Early"
"Megakaryocytes","CXCR6+ NK","HLA-E","CD94:NKG2C",0.12116725749081,0,"HLA-E_CD94:NKG2C","HLA-E - CD94:NKG2C","MHC-I","Cell-Cell Contact","PMID: 28484462","PBMC_Early"
"MEMP","CXCR6+ NK","HLA-E","CD94:NKG2C",0.0279730292857877,0,"HLA-E_CD94:NKG2C","HLA-E - CD94:NKG2C","MHC-I","Cell-Cell Contact","PMID: 28484462","PBMC_Early"
"MEP","CXCR6+ NK","HLA-E","CD94:NKG2C",0.0651749049128742,0,"HLA-E_CD94:NKG2C","HLA-E - CD94:NKG2C","MHC-I","Cell-Cell Contact","PMID: 28484462","PBMC_Early"
"Myeloid-CD177","CXCR6+ NK","HLA-E","CD94:NKG2C",0.0509518741901659,0,"HLA-E_CD94:NKG2C","HLA-E - CD94:NKG2C","MHC-I","Cell-Cell Contact","PMID: 28484462","PBMC_Early"
"Naïve CD4 T","CXCR6+ NK","HLA-E","CD94:NKG2C",0.102085190450379,0,"HLA-E_CD94:NKG2C","HLA-E - CD94:NKG2C","MHC-I","Cell-Cell Contact","PMID: 28484462","PBMC_Early"
"Naïve CD8 T","CXCR6+ NK","HLA-E","CD94:NKG2C",0.101172098857215,0,"HLA-E_CD94:NKG2C","HLA-E - CD94:NKG2C","MHC-I","Cell-Cell Contact","PMID: 28484462","PBMC_Early"
"NK T","CXCR6+ NK","HLA-E","CD94:NKG2C",0.105100023895181,0,"HLA-E_CD94:NKG2C","HLA-E - CD94:NKG2C","MHC-I","Cell-Cell Contact","PMID: 28484462","PBMC_Early"
"pDC","CXCR6+ NK","HLA-E","CD94:NKG2C",0.054227516073581,0,"HLA-E_CD94:NKG2C","HLA-E - CD94:NKG2C","MHC-I","Cell-Cell Contact","PMID: 28484462","PBMC_Early"
"Pro-B","CXCR6+ NK","HLA-E","CD94:NKG2C",0.0459929153969886,0,"HLA-E_CD94:NKG2C","HLA-E - CD94:NKG2C","MHC-I","Cell-Cell Contact","PMID: 28484462","PBMC_Early"
"Tem","CXCR6+ NK","HLA-E","CD94:NKG2C",0.102266820809524,0,"HLA-E_CD94:NKG2C","HLA-E - CD94:NKG2C","MHC-I","Cell-Cell Contact","PMID: 28484462","PBMC_Early"
"Th17like_INNATE_T","CXCR6+ NK","HLA-E","CD94:NKG2C",0.107202529673739,0,"HLA-E_CD94:NKG2C","HLA-E - CD94:NKG2C","MHC-I","Cell-Cell Contact","PMID: 28484462","PBMC_Early"
"Treg","CXCR6+ NK","HLA-E","CD94:NKG2C",0.109252881476767,0,"HLA-E_CD94:NKG2C","HLA-E - CD94:NKG2C","MHC-I","Cell-Cell Contact","PMID: 28484462","PBMC_Early"
"abTentry","NK T","HLA-E","CD94:NKG2C",0.0269065578866983,0,"HLA-E_CD94:NKG2C","HLA-E - CD94:NKG2C","MHC-I","Cell-Cell Contact","PMID: 28484462","PBMC_Early"
"CD14+PPBP+ Monocytes","NK T","HLA-E","CD94:NKG2C",0.036660939341689,0,"HLA-E_CD94:NKG2C","HLA-E - CD94:NKG2C","MHC-I","Cell-Cell Contact","PMID: 28484462","PBMC_Early"
"CD56highCD16low NK","NK T","HLA-E","CD94:NKG2C",0.0252212955818842,0,"HLA-E_CD94:NKG2C","HLA-E - CD94:NKG2C","MHC-I","Cell-Cell Contact","PMID: 28484462","PBMC_Early"
"Classical Monocytes","NK T","HLA-E","CD94:NKG2C",0.026262397777612,0,"HLA-E_CD94:NKG2C","HLA-E - CD94:NKG2C","MHC-I","Cell-Cell Contact","PMID: 28484462","PBMC_Early"
"CX3CR1+ NK","NK T","HLA-E","CD94:NKG2C",0.0381335105455732,0,"HLA-E_CD94:NKG2C","HLA-E - CD94:NKG2C","MHC-I","Cell-Cell Contact","PMID: 28484462","PBMC_Early"
"CXCR5- Naïve B","NK T","HLA-E","CD94:NKG2C",0.0317076126183457,0,"HLA-E_CD94:NKG2C","HLA-E - CD94:NKG2C","MHC-I","Cell-Cell Contact","PMID: 28484462","PBMC_Early"
"CXCR5+ Naïve B","NK T","HLA-E","CD94:NKG2C",0.0304121948947015,0,"HLA-E_CD94:NKG2C","HLA-E - CD94:NKG2C","MHC-I","Cell-Cell Contact","PMID: 28484462","PBMC_Early"
"CXCR6+ NK","NK T","HLA-E","CD94:NKG2C",0.0353356140016046,0,"HLA-E_CD94:NKG2C","HLA-E - CD94:NKG2C","MHC-I","Cell-Cell Contact","PMID: 28484462","PBMC_Early"
"DC2","NK T","HLA-E","CD94:NKG2C",0.0209222547990098,0,"HLA-E_CD94:NKG2C","HLA-E - CD94:NKG2C","MHC-I","Cell-Cell Contact","PMID: 28484462","PBMC_Early"
"Gamma Delta V1 T","NK T","HLA-E","CD94:NKG2C",0.0345273254573893,0,"HLA-E_CD94:NKG2C","HLA-E - CD94:NKG2C","MHC-I","Cell-Cell Contact","PMID: 28484462","PBMC_Early"
"Gamma Delta V2 T","NK T","HLA-E","CD94:NKG2C",0.0359169397382179,0,"HLA-E_CD94:NKG2C","HLA-E - CD94:NKG2C","MHC-I","Cell-Cell Contact","PMID: 28484462","PBMC_Early"
"HSC_MPP","NK T","HLA-E","CD94:NKG2C",0.0165507330497998,0,"HLA-E_CD94:NKG2C","HLA-E - CD94:NKG2C","MHC-I","Cell-Cell Contact","PMID: 28484462","PBMC_Early"
"ILC2/3","NK T","HLA-E","CD94:NKG2C",0.0312560952661274,0,"HLA-E_CD94:NKG2C","HLA-E - CD94:NKG2C","MHC-I","Cell-Cell Contact","PMID: 28484462","PBMC_Early"
"Megakaryocytes","NK T","HLA-E","CD94:NKG2C",0.0439935585975969,0,"HLA-E_CD94:NKG2C","HLA-E - CD94:NKG2C","MHC-I","Cell-Cell Contact","PMID: 28484462","PBMC_Early"
"MEMP","NK T","HLA-E","CD94:NKG2C",0.00951390462153905,0,"HLA-E_CD94:NKG2C","HLA-E - CD94:NKG2C","MHC-I","Cell-Cell Contact","PMID: 28484462","PBMC_Early"
"MEP","NK T","HLA-E","CD94:NKG2C",0.0227409687747784,0,"HLA-E_CD94:NKG2C","HLA-E - CD94:NKG2C","MHC-I","Cell-Cell Contact","PMID: 28484462","PBMC_Early"
"Myeloid-CD177","NK T","HLA-E","CD94:NKG2C",0.0176038557954294,0,"HLA-E_CD94:NKG2C","HLA-E - CD94:NKG2C","MHC-I","Cell-Cell Contact","PMID: 28484462","PBMC_Early"
"Naïve CD4 T","NK T","HLA-E","CD94:NKG2C",0.0365596204708703,0,"HLA-E_CD94:NKG2C","HLA-E - CD94:NKG2C","MHC-I","Cell-Cell Contact","PMID: 28484462","PBMC_Early"
"Naïve CD8 T","NK T","HLA-E","CD94:NKG2C",0.0362089819634541,0,"HLA-E_CD94:NKG2C","HLA-E - CD94:NKG2C","MHC-I","Cell-Cell Contact","PMID: 28484462","PBMC_Early"
"NK T","NK T","HLA-E","CD94:NKG2C",0.0377206117210441,0,"HLA-E_CD94:NKG2C","HLA-E - CD94:NKG2C","MHC-I","Cell-Cell Contact","PMID: 28484462","PBMC_Early"
"pDC","NK T","HLA-E","CD94:NKG2C",0.0187780086892885,0,"HLA-E_CD94:NKG2C","HLA-E - CD94:NKG2C","MHC-I","Cell-Cell Contact","PMID: 28484462","PBMC_Early"
"Pro-B","NK T","HLA-E","CD94:NKG2C",0.0158363784895299,0,"HLA-E_CD94:NKG2C","HLA-E - CD94:NKG2C","MHC-I","Cell-Cell Contact","PMID: 28484462","PBMC_Early"
"Tem","NK T","HLA-E","CD94:NKG2C",0.0366294233728607,0,"HLA-E_CD94:NKG2C","HLA-E - CD94:NKG2C","MHC-I","Cell-Cell Contact","PMID: 28484462","PBMC_Early"
"Th17like_INNATE_T","NK T","HLA-E","CD94:NKG2C",0.0385332446782497,0,"HLA-E_CD94:NKG2C","HLA-E - CD94:NKG2C","MHC-I","Cell-Cell Contact","PMID: 28484462","PBMC_Early"
"Treg","NK T","HLA-E","CD94:NKG2C",0.039328084467563,0,"HLA-E_CD94:NKG2C","HLA-E - CD94:NKG2C","MHC-I","Cell-Cell Contact","PMID: 28484462","PBMC_Early"
"abTentry","CX3CR1+ NK","HLA-E","CD94:NKG2E",0.0549059396251044,0,"HLA-E_CD94:NKG2E","HLA-E - CD94:NKG2E","MHC-I","Cell-Cell Contact","PMID: 28484462","PBMC_Early"
"CD14+PPBP+ Monocytes","CX3CR1+ NK","HLA-E","CD94:NKG2E",0.0740385685358701,0,"HLA-E_CD94:NKG2E","HLA-E - CD94:NKG2E","MHC-I","Cell-Cell Contact","PMID: 28484462","PBMC_Early"
"CD56highCD16low NK","CX3CR1+ NK","HLA-E","CD94:NKG2E",0.0515598884997112,0,"HLA-E_CD94:NKG2E","HLA-E - CD94:NKG2E","MHC-I","Cell-Cell Contact","PMID: 28484462","PBMC_Early"
"Classical Monocytes","CX3CR1+ NK","HLA-E","CD94:NKG2E",0.0536283988496751,0,"HLA-E_CD94:NKG2E","HLA-E - CD94:NKG2E","MHC-I","Cell-Cell Contact","PMID: 28484462","PBMC_Early"
"CX3CR1+ NK","CX3CR1+ NK","HLA-E","CD94:NKG2E",0.0768926616484804,0,"HLA-E_CD94:NKG2E","HLA-E - CD94:NKG2E","MHC-I","Cell-Cell Contact","PMID: 28484462","PBMC_Early"
"CXCR5- Naïve B","CX3CR1+ NK","HLA-E","CD94:NKG2E",0.0643725451867523,0,"HLA-E_CD94:NKG2E","HLA-E - CD94:NKG2E","MHC-I","Cell-Cell Contact","PMID: 28484462","PBMC_Early"
"CXCR5+ Naïve B","CX3CR1+ NK","HLA-E","CD94:NKG2E",0.061827811248998,0,"HLA-E_CD94:NKG2E","HLA-E - CD94:NKG2E","MHC-I","Cell-Cell Contact","PMID: 28484462","PBMC_Early"
"CXCR6+ NK","CX3CR1+ NK","HLA-E","CD94:NKG2E",0.0714622459064921,0,"HLA-E_CD94:NKG2E","HLA-E - CD94:NKG2E","MHC-I","Cell-Cell Contact","PMID: 28484462","PBMC_Early"
"DC2","CX3CR1+ NK","HLA-E","CD94:NKG2E",0.0429692617396307,0,"HLA-E_CD94:NKG2E","HLA-E - CD94:NKG2E","MHC-I","Cell-Cell Contact","PMID: 28484462","PBMC_Early"
"Gamma Delta V1 T","CX3CR1+ NK","HLA-E","CD94:NKG2E",0.0698874438866921,0,"HLA-E_CD94:NKG2E","HLA-E - CD94:NKG2E","MHC-I","Cell-Cell Contact","PMID: 28484462","PBMC_Early"
"Gamma Delta V2 T","CX3CR1+ NK","HLA-E","CD94:NKG2E",0.0725931854778205,0,"HLA-E_CD94:NKG2E","HLA-E - CD94:NKG2E","MHC-I","Cell-Cell Contact","PMID: 28484462","PBMC_Early"
"HSC_MPP","CX3CR1+ NK","HLA-E","CD94:NKG2E",0.034151894690444,0,"HLA-E_CD94:NKG2E","HLA-E - CD94:NKG2E","MHC-I","Cell-Cell Contact","PMID: 28484462","PBMC_Early"
"ILC2/3","CX3CR1+ NK","HLA-E","CD94:NKG2E",0.0634863758893778,0,"HLA-E_CD94:NKG2E","HLA-E - CD94:NKG2E","MHC-I","Cell-Cell Contact","PMID: 28484462","PBMC_Early"
"Megakaryocytes","CX3CR1+ NK","HLA-E","CD94:NKG2E",0.0881629672263045,0,"HLA-E_CD94:NKG2E","HLA-E - CD94:NKG2E","MHC-I","Cell-Cell Contact","PMID: 28484462","PBMC_Early"
"MEMP","CX3CR1+ NK","HLA-E","CD94:NKG2E",0.0197821599888543,0,"HLA-E_CD94:NKG2E","HLA-E - CD94:NKG2E","MHC-I","Cell-Cell Contact","PMID: 28484462","PBMC_Early"
"MEP","CX3CR1+ NK","HLA-E","CD94:NKG2E",0.0466132187347975,0,"HLA-E_CD94:NKG2E","HLA-E - CD94:NKG2E","MHC-I","Cell-Cell Contact","PMID: 28484462","PBMC_Early"
"Myeloid-CD177","CX3CR1+ NK","HLA-E","CD94:NKG2E",0.0362836587478204,0,"HLA-E_CD94:NKG2E","HLA-E - CD94:NKG2E","MHC-I","Cell-Cell Contact","PMID: 28484462","PBMC_Early"
"Naïve CD4 T","CX3CR1+ NK","HLA-E","CD94:NKG2E",0.0738418682161281,0,"HLA-E_CD94:NKG2E","HLA-E - CD94:NKG2E","MHC-I","Cell-Cell Contact","PMID: 28484462","PBMC_Early"
"Naïve CD8 T","CX3CR1+ NK","HLA-E","CD94:NKG2E",0.0731608133205899,0,"HLA-E_CD94:NKG2E","HLA-E - CD94:NKG2E","MHC-I","Cell-Cell Contact","PMID: 28484462","PBMC_Early"
"NK T","CX3CR1+ NK","HLA-E","CD94:NKG2E",0.0760932900927065,0,"HLA-E_CD94:NKG2E","HLA-E - CD94:NKG2E","MHC-I","Cell-Cell Contact","PMID: 28484462","PBMC_Early"
"pDC","CX3CR1+ NK","HLA-E","CD94:NKG2E",0.0386547051651694,0,"HLA-E_CD94:NKG2E","HLA-E - CD94:NKG2E","MHC-I","Cell-Cell Contact","PMID: 28484462","PBMC_Early"
"Pro-B","CX3CR1+ NK","HLA-E","CD94:NKG2E",0.0327031099137377,0,"HLA-E_CD94:NKG2E","HLA-E - CD94:NKG2E","MHC-I","Cell-Cell Contact","PMID: 28484462","PBMC_Early"
"Tem","CX3CR1+ NK","HLA-E","CD94:NKG2E",0.0739773879965599,0,"HLA-E_CD94:NKG2E","HLA-E - CD94:NKG2E","MHC-I","Cell-Cell Contact","PMID: 28484462","PBMC_Early"
"Th17like_INNATE_T","CX3CR1+ NK","HLA-E","CD94:NKG2E",0.0776658821160862,0,"HLA-E_CD94:NKG2E","HLA-E - CD94:NKG2E","MHC-I","Cell-Cell Contact","PMID: 28484462","PBMC_Early"
"Treg","CX3CR1+ NK","HLA-E","CD94:NKG2E",0.0792014316813335,0,"HLA-E_CD94:NKG2E","HLA-E - CD94:NKG2E","MHC-I","Cell-Cell Contact","PMID: 28484462","PBMC_Early"
"CD14+PPBP+ Monocytes","CD14+PPBP+ Monocytes","HLA-DPA1","CD4",0.0300930292241934,0,"HLA-DPA1_CD4","HLA-DPA1 - CD4","MHC-II","Cell-Cell Contact","KEGG: hsa04514","PBMC_Early"
"Classical Monocytes","CD14+PPBP+ Monocytes","HLA-DPA1","CD4",0.0326933316528079,0,"HLA-DPA1_CD4","HLA-DPA1 - CD4","MHC-II","Cell-Cell Contact","KEGG: hsa04514","PBMC_Early"
"CXCR5- Naïve B","CD14+PPBP+ Monocytes","HLA-DPA1","CD4",0.0668806299547739,0,"HLA-DPA1_CD4","HLA-DPA1 - CD4","MHC-II","Cell-Cell Contact","KEGG: hsa04514","PBMC_Early"
"CXCR5+ Naïve B","CD14+PPBP+ Monocytes","HLA-DPA1","CD4",0.0724961848768944,0,"HLA-DPA1_CD4","HLA-DPA1 - CD4","MHC-II","Cell-Cell Contact","KEGG: hsa04514","PBMC_Early"
"DC2","CD14+PPBP+ Monocytes","HLA-DPA1","CD4",0.0849382577093213,0,"HLA-DPA1_CD4","HLA-DPA1 - CD4","MHC-II","Cell-Cell Contact","KEGG: hsa04514","PBMC_Early"
"HSC_MPP","CD14+PPBP+ Monocytes","HLA-DPA1","CD4",0.0221355388921055,0,"HLA-DPA1_CD4","HLA-DPA1 - CD4","MHC-II","Cell-Cell Contact","KEGG: hsa04514","PBMC_Early"
"MEMP","CD14+PPBP+ Monocytes","HLA-DPA1","CD4",0.00523144162189478,0,"HLA-DPA1_CD4","HLA-DPA1 - CD4","MHC-II","Cell-Cell Contact","KEGG: hsa04514","PBMC_Early"
"pDC","CD14+PPBP+ Monocytes","HLA-DPA1","CD4",0.0624683223020432,0,"HLA-DPA1_CD4","HLA-DPA1 - CD4","MHC-II","Cell-Cell Contact","KEGG: hsa04514","PBMC_Early"
"Pro-B","CD14+PPBP+ Monocytes","HLA-DPA1","CD4",0.0342982365284524,0,"HLA-DPA1_CD4","HLA-DPA1 - CD4","MHC-II","Cell-Cell Contact","KEGG: hsa04514","PBMC_Early"
"CD14+PPBP+ Monocytes","Classical Monocytes","HLA-DPA1","CD4",0.0177075455845368,0,"HLA-DPA1_CD4","HLA-DPA1 - CD4","MHC-II","Cell-Cell Contact","KEGG: hsa04514","PBMC_Early"
"Classical Monocytes","Classical Monocytes","HLA-DPA1","CD4",0.0192588839190957,0,"HLA-DPA1_CD4","HLA-DPA1 - CD4","MHC-II","Cell-Cell Contact","KEGG: hsa04514","PBMC_Early"
"CXCR5- Naïve B","Classical Monocytes","HLA-DPA1","CD4",0.0399784424351782,0,"HLA-DPA1_CD4","HLA-DPA1 - CD4","MHC-II","Cell-Cell Contact","KEGG: hsa04514","PBMC_Early"
"CXCR5+ Naïve B","Classical Monocytes","HLA-DPA1","CD4",0.0434403426840101,0,"HLA-DPA1_CD4","HLA-DPA1 - CD4","MHC-II","Cell-Cell Contact","KEGG: hsa04514","PBMC_Early"
"DC2","Classical Monocytes","HLA-DPA1","CD4",0.0511708580203794,0,"HLA-DPA1_CD4","HLA-DPA1 - CD4","MHC-II","Cell-Cell Contact","KEGG: hsa04514","PBMC_Early"
"HSC_MPP","Classical Monocytes","HLA-DPA1","CD4",0.0129813107732983,0,"HLA-DPA1_CD4","HLA-DPA1 - CD4","MHC-II","Cell-Cell Contact","KEGG: hsa04514","PBMC_Early"
"MEMP","Classical Monocytes","HLA-DPA1","CD4",0.00304618382436904,0,"HLA-DPA1_CD4","HLA-DPA1 - CD4","MHC-II","Cell-Cell Contact","KEGG: hsa04514","PBMC_Early"
"pDC","Classical Monocytes","HLA-DPA1","CD4",0.0372700609998241,0,"HLA-DPA1_CD4","HLA-DPA1 - CD4","MHC-II","Cell-Cell Contact","KEGG: hsa04514","PBMC_Early"
"Pro-B","Classical Monocytes","HLA-DPA1","CD4",0.0202180805136707,0,"HLA-DPA1_CD4","HLA-DPA1 - CD4","MHC-II","Cell-Cell Contact","KEGG: hsa04514","PBMC_Early"
"CD14+PPBP+ Monocytes","DC2","HLA-DPA1","CD4",0.034263870062185,0,"HLA-DPA1_CD4","HLA-DPA1 - CD4","MHC-II","Cell-Cell Contact","KEGG: hsa04514","PBMC_Early"
"Classical Monocytes","DC2","HLA-DPA1","CD4",0.0372107430854603,0,"HLA-DPA1_CD4","HLA-DPA1 - CD4","MHC-II","Cell-Cell Contact","KEGG: hsa04514","PBMC_Early"
"CXCR5- Naïve B","DC2","HLA-DPA1","CD4",0.0757519476049699,0,"HLA-DPA1_CD4","HLA-DPA1 - CD4","MHC-II","Cell-Cell Contact","KEGG: hsa04514","PBMC_Early"
"CXCR5+ Naïve B","DC2","HLA-DPA1","CD4",0.082046877905088,0,"HLA-DPA1_CD4","HLA-DPA1 - CD4","MHC-II","Cell-Cell Contact","KEGG: hsa04514","PBMC_Early"
"DC2","DC2","HLA-DPA1","CD4",0.09595849507069,0,"HLA-DPA1_CD4","HLA-DPA1 - CD4","MHC-II","Cell-Cell Contact","KEGG: hsa04514","PBMC_Early"
"HSC_MPP","DC2","HLA-DPA1","CD4",0.0252321774333602,0,"HLA-DPA1_CD4","HLA-DPA1 - CD4","MHC-II","Cell-Cell Contact","KEGG: hsa04514","PBMC_Early"
"MEMP","DC2","HLA-DPA1","CD4",0.00597774725740599,0,"HLA-DPA1_CD4","HLA-DPA1 - CD4","MHC-II","Cell-Cell Contact","KEGG: hsa04514","PBMC_Early"
"pDC","DC2","HLA-DPA1","CD4",0.0707987796420426,0,"HLA-DPA1_CD4","HLA-DPA1 - CD4","MHC-II","Cell-Cell Contact","KEGG: hsa04514","PBMC_Early"
"Pro-B","DC2","HLA-DPA1","CD4",0.0390284587967964,0,"HLA-DPA1_CD4","HLA-DPA1 - CD4","MHC-II","Cell-Cell Contact","KEGG: hsa04514","PBMC_Early"
"CD14+PPBP+ Monocytes","Naïve CD4 T","HLA-DPA1","CD4",0.0162113099142847,0,"HLA-DPA1_CD4","HLA-DPA1 - CD4","MHC-II","Cell-Cell Contact","KEGG: hsa04514","PBMC_Early"
"Classical Monocytes","Naïve CD4 T","HLA-DPA1","CD4",0.017633917894761,0,"HLA-DPA1_CD4","HLA-DPA1 - CD4","MHC-II","Cell-Cell Contact","KEGG: hsa04514","PBMC_Early"
"CXCR5- Naïve B","Naïve CD4 T","HLA-DPA1","CD4",0.0366706330124609,0,"HLA-DPA1_CD4","HLA-DPA1 - CD4","MHC-II","Cell-Cell Contact","KEGG: hsa04514","PBMC_Early"
"CXCR5+ Naïve B","Naïve CD4 T","HLA-DPA1","CD4",0.0398579884694784,0,"HLA-DPA1_CD4","HLA-DPA1 - CD4","MHC-II","Cell-Cell Contact","KEGG: hsa04514","PBMC_Early"
"DC2","Naïve CD4 T","HLA-DPA1","CD4",0.0469823102654191,0,"HLA-DPA1_CD4","HLA-DPA1 - CD4","MHC-II","Cell-Cell Contact","KEGG: hsa04514","PBMC_Early"
"HSC_MPP","Naïve CD4 T","HLA-DPA1","CD4",0.0118795984090545,0,"HLA-DPA1_CD4","HLA-DPA1 - CD4","MHC-II","Cell-Cell Contact","KEGG: hsa04514","PBMC_Early"
"MEMP","Naïve CD4 T","HLA-DPA1","CD4",0.00278527750426605,0,"HLA-DPA1_CD4","HLA-DPA1 - CD4","MHC-II","Cell-Cell Contact","KEGG: hsa04514","PBMC_Early"
"pDC","Naïve CD4 T","HLA-DPA1","CD4",0.0341783645764833,0,"HLA-DPA1_CD4","HLA-DPA1 - CD4","MHC-II","Cell-Cell Contact","KEGG: hsa04514","PBMC_Early"
"Pro-B","Naïve CD4 T","HLA-DPA1","CD4",0.0185137101682125,0,"HLA-DPA1_CD4","HLA-DPA1 - CD4","MHC-II","Cell-Cell Contact","KEGG: hsa04514","PBMC_Early"
"CD14+PPBP+ Monocytes","pDC","HLA-DPA1","CD4",0.0460519284592486,0,"HLA-DPA1_CD4","HLA-DPA1 - CD4","MHC-II","Cell-Cell Contact","KEGG: hsa04514","PBMC_Early"
"Classical Monocytes","pDC","HLA-DPA1","CD4",0.049960188023692,0,"HLA-DPA1_CD4","HLA-DPA1 - CD4","MHC-II","Cell-Cell Contact","KEGG: hsa04514","PBMC_Early"
"CXCR5- Naïve B","pDC","HLA-DPA1","CD4",0.100330589790846,0,"HLA-DPA1_CD4","HLA-DPA1 - CD4","MHC-II","Cell-Cell Contact","KEGG: hsa04514","PBMC_Early"
"CXCR5+ Naïve B","pDC","HLA-DPA1","CD4",0.108428374441491,0,"HLA-DPA1_CD4","HLA-DPA1 - CD4","MHC-II","Cell-Cell Contact","KEGG: hsa04514","PBMC_Early"
"DC2","pDC","HLA-DPA1","CD4",0.126198196228075,0,"HLA-DPA1_CD4","HLA-DPA1 - CD4","MHC-II","Cell-Cell Contact","KEGG: hsa04514","PBMC_Early"
"HSC_MPP","pDC","HLA-DPA1","CD4",0.034022461056433,0,"HLA-DPA1_CD4","HLA-DPA1 - CD4","MHC-II","Cell-Cell Contact","KEGG: hsa04514","PBMC_Early"
"MEMP","pDC","HLA-DPA1","CD4",0.00811610084343832,0,"HLA-DPA1_CD4","HLA-DPA1 - CD4","MHC-II","Cell-Cell Contact","KEGG: hsa04514","PBMC_Early"
"pDC","pDC","HLA-DPA1","CD4",0.0939336413311658,0,"HLA-DPA1_CD4","HLA-DPA1 - CD4","MHC-II","Cell-Cell Contact","KEGG: hsa04514","PBMC_Early"
"Pro-B","pDC","HLA-DPA1","CD4",0.0523668295720187,0,"HLA-DPA1_CD4","HLA-DPA1 - CD4","MHC-II","Cell-Cell Contact","KEGG: hsa04514","PBMC_Early"
"CD14+PPBP+ Monocytes","Tem","HLA-DPA1","CD4",0.0142557196777493,0,"HLA-DPA1_CD4","HLA-DPA1 - CD4","MHC-II","Cell-Cell Contact","KEGG: hsa04514","PBMC_Early"
"Classical Monocytes","Tem","HLA-DPA1","CD4",0.0155094221548095,0,"HLA-DPA1_CD4","HLA-DPA1 - CD4","MHC-II","Cell-Cell Contact","KEGG: hsa04514","PBMC_Early"
"CXCR5- Naïve B","Tem","HLA-DPA1","CD4",0.0323281111065481,0,"HLA-DPA1_CD4","HLA-DPA1 - CD4","MHC-II","Cell-Cell Contact","KEGG: hsa04514","PBMC_Early"
"CXCR5+ Naïve B","Tem","HLA-DPA1","CD4",0.0351517941315728,0,"HLA-DPA1_CD4","HLA-DPA1 - CD4","MHC-II","Cell-Cell Contact","KEGG: hsa04514","PBMC_Early"
"DC2","Tem","HLA-DPA1","CD4",0.0414712520659215,0,"HLA-DPA1_CD4","HLA-DPA1 - CD4","MHC-II","Cell-Cell Contact","KEGG: hsa04514","PBMC_Early"
"HSC_MPP","Tem","HLA-DPA1","CD4",0.0104410021128403,0,"HLA-DPA1_CD4","HLA-DPA1 - CD4","MHC-II","Cell-Cell Contact","KEGG: hsa04514","PBMC_Early"
"MEMP","Tem","HLA-DPA1","CD4",0.00244526045504732,0,"HLA-DPA1_CD4","HLA-DPA1 - CD4","MHC-II","Cell-Cell Contact","KEGG: hsa04514","PBMC_Early"
"pDC","Tem","HLA-DPA1","CD4",0.030121747771872,0,"HLA-DPA1_CD4","HLA-DPA1 - CD4","MHC-II","Cell-Cell Contact","KEGG: hsa04514","PBMC_Early"
"Pro-B","Tem","HLA-DPA1","CD4",0.0162849761035108,0,"HLA-DPA1_CD4","HLA-DPA1 - CD4","MHC-II","Cell-Cell Contact","KEGG: hsa04514","PBMC_Early"
"CD14+PPBP+ Monocytes","Th17like_INNATE_T","HLA-DPA1","CD4",0.0147237022904017,0,"HLA-DPA1_CD4","HLA-DPA1 - CD4","MHC-II","Cell-Cell Contact","KEGG: hsa04514","PBMC_Early"
"Classical Monocytes","Th17like_INNATE_T","HLA-DPA1","CD4",0.0160178921781218,0,"HLA-DPA1_CD4","HLA-DPA1 - CD4","MHC-II","Cell-Cell Contact","KEGG: hsa04514","PBMC_Early"
"CXCR5- Naïve B","Th17like_INNATE_T","HLA-DPA1","CD4",0.0333692854463306,0,"HLA-DPA1_CD4","HLA-DPA1 - CD4","MHC-II","Cell-Cell Contact","KEGG: hsa04514","PBMC_Early"
"CXCR5+ Naïve B","Th17like_INNATE_T","HLA-DPA1","CD4",0.0362804997278634,0,"HLA-DPA1_CD4","HLA-DPA1 - CD4","MHC-II","Cell-Cell Contact","KEGG: hsa04514","PBMC_Early"
"DC2","Th17like_INNATE_T","HLA-DPA1","CD4",0.0427938722713803,0,"HLA-DPA1_CD4","HLA-DPA1 - CD4","MHC-II","Cell-Cell Contact","KEGG: hsa04514","PBMC_Early"
"HSC_MPP","Th17like_INNATE_T","HLA-DPA1","CD4",0.0107851264253734,0,"HLA-DPA1_CD4","HLA-DPA1 - CD4","MHC-II","Cell-Cell Contact","KEGG: hsa04514","PBMC_Early"
"MEMP","Th17like_INNATE_T","HLA-DPA1","CD4",0.00252652647958598,0,"HLA-DPA1_CD4","HLA-DPA1 - CD4","MHC-II","Cell-Cell Contact","KEGG: hsa04514","PBMC_Early"
"pDC","Th17like_INNATE_T","HLA-DPA1","CD4",0.0310941462776068,0,"HLA-DPA1_CD4","HLA-DPA1 - CD4","MHC-II","Cell-Cell Contact","KEGG: hsa04514","PBMC_Early"
"Pro-B","Th17like_INNATE_T","HLA-DPA1","CD4",0.0168184379778747,0,"HLA-DPA1_CD4","HLA-DPA1 - CD4","MHC-II","Cell-Cell Contact","KEGG: hsa04514","PBMC_Early"
"CD14+PPBP+ Monocytes","Treg","HLA-DPA1","CD4",0.016801922596664,0,"HLA-DPA1_CD4","HLA-DPA1 - CD4","MHC-II","Cell-Cell Contact","KEGG: hsa04514","PBMC_Early"
"Classical Monocytes","Treg","HLA-DPA1","CD4",0.0182753964302774,0,"HLA-DPA1_CD4","HLA-DPA1 - CD4","MHC-II","Cell-Cell Contact","KEGG: hsa04514","PBMC_Early"
"CXCR5- Naïve B","Treg","HLA-DPA1","CD4",0.0379778483013533,0,"HLA-DPA1_CD4","HLA-DPA1 - CD4","MHC-II","Cell-Cell Contact","KEGG: hsa04514","PBMC_Early"
"CXCR5+ Naïve B","Treg","HLA-DPA1","CD4",0.0412739568047969,0,"HLA-DPA1_CD4","HLA-DPA1 - CD4","MHC-II","Cell-Cell Contact","KEGG: hsa04514","PBMC_Early"
"DC2","Treg","HLA-DPA1","CD4",0.0486385513627634,0,"HLA-DPA1_CD4","HLA-DPA1 - CD4","MHC-II","Cell-Cell Contact","KEGG: hsa04514","PBMC_Early"
"HSC_MPP","Treg","HLA-DPA1","CD4",0.0123143729776926,0,"HLA-DPA1_CD4","HLA-DPA1 - CD4","MHC-II","Cell-Cell Contact","KEGG: hsa04514","PBMC_Early"
"MEMP","Treg","HLA-DPA1","CD4",0.00288818712375923,0,"HLA-DPA1_CD4","HLA-DPA1 - CD4","MHC-II","Cell-Cell Contact","KEGG: hsa04514","PBMC_Early"
"pDC","Treg","HLA-DPA1","CD4",0.0354000015667955,0,"HLA-DPA1_CD4","HLA-DPA1 - CD4","MHC-II","Cell-Cell Contact","KEGG: hsa04514","PBMC_Early"
"Pro-B","Treg","HLA-DPA1","CD4",0.0191865682988572,0,"HLA-DPA1_CD4","HLA-DPA1 - CD4","MHC-II","Cell-Cell Contact","KEGG: hsa04514","PBMC_Early"
"CD14+PPBP+ Monocytes","CD14+PPBP+ Monocytes","HLA-DPB1","CD4",0.0221579973256113,0,"HLA-DPB1_CD4","HLA-DPB1 - CD4","MHC-II","Cell-Cell Contact","KEGG: hsa04514","PBMC_Early"
"Classical Monocytes","CD14+PPBP+ Monocytes","HLA-DPB1","CD4",0.0129251755592838,0,"HLA-DPB1_CD4","HLA-DPB1 - CD4","MHC-II","Cell-Cell Contact","KEGG: hsa04514","PBMC_Early"
"CXCR5- Naïve B","CD14+PPBP+ Monocytes","HLA-DPB1","CD4",0.0709143931424948,0,"HLA-DPB1_CD4","HLA-DPB1 - CD4","MHC-II","Cell-Cell Contact","KEGG: hsa04514","PBMC_Early"
"CXCR5+ Naïve B","CD14+PPBP+ Monocytes","HLA-DPB1","CD4",0.0747861311220139,0,"HLA-DPB1_CD4","HLA-DPB1 - CD4","MHC-II","Cell-Cell Contact","KEGG: hsa04514","PBMC_Early"
"DC2","CD14+PPBP+ Monocytes","HLA-DPB1","CD4",0.0772484968711888,0,"HLA-DPB1_CD4","HLA-DPB1 - CD4","MHC-II","Cell-Cell Contact","KEGG: hsa04514","PBMC_Early"
"HSC_MPP","CD14+PPBP+ Monocytes","HLA-DPB1","CD4",0.0213577667918718,0,"HLA-DPB1_CD4","HLA-DPB1 - CD4","MHC-II","Cell-Cell Contact","KEGG: hsa04514","PBMC_Early"
"MEMP","CD14+PPBP+ Monocytes","HLA-DPB1","CD4",0.0051893911650141,0,"HLA-DPB1_CD4","HLA-DPB1 - CD4","MHC-II","Cell-Cell Contact","KEGG: hsa04514","PBMC_Early"
"MEP","CD14+PPBP+ Monocytes","HLA-DPB1","CD4",0.00365549657906074,0,"HLA-DPB1_CD4","HLA-DPB1 - CD4","MHC-II","Cell-Cell Contact","KEGG: hsa04514","PBMC_Early"
"pDC","CD14+PPBP+ Monocytes","HLA-DPB1","CD4",0.055561670139624,0,"HLA-DPB1_CD4","HLA-DPB1 - CD4","MHC-II","Cell-Cell Contact","KEGG: hsa04514","PBMC_Early"
"Pro-B","CD14+PPBP+ Monocytes","HLA-DPB1","CD4",0.0403412826138438,0,"HLA-DPB1_CD4","HLA-DPB1 - CD4","MHC-II","Cell-Cell Contact","KEGG: hsa04514","PBMC_Early"
"CD14+PPBP+ Monocytes","Classical Monocytes","HLA-DPB1","CD4",0.012994604867341,0,"HLA-DPB1_CD4","HLA-DPB1 - CD4","MHC-II","Cell-Cell Contact","KEGG: hsa04514","PBMC_Early"
"Classical Monocytes","Classical Monocytes","HLA-DPB1","CD4",0.00755051406338323,0,"HLA-DPB1_CD4","HLA-DPB1 - CD4","MHC-II","Cell-Cell Contact","KEGG: hsa04514","PBMC_Early"
"CXCR5- Naïve B","Classical Monocytes","HLA-DPB1","CD4",0.0424634946653133,0,"HLA-DPB1_CD4","HLA-DPB1 - CD4","MHC-II","Cell-Cell Contact","KEGG: hsa04514","PBMC_Early"
"CXCR5+ Naïve B","Classical Monocytes","HLA-DPB1","CD4",0.0448568854579453,0,"HLA-DPB1_CD4","HLA-DPB1 - CD4","MHC-II","Cell-Cell Contact","KEGG: hsa04514","PBMC_Early"
"DC2","Classical Monocytes","HLA-DPB1","CD4",0.046383220004528,0,"HLA-DPB1_CD4","HLA-DPB1 - CD4","MHC-II","Cell-Cell Contact","KEGG: hsa04514","PBMC_Early"
"HSC_MPP","Classical Monocytes","HLA-DPB1","CD4",0.0125210704226839,0,"HLA-DPB1_CD4","HLA-DPB1 - CD4","MHC-II","Cell-Cell Contact","KEGG: hsa04514","PBMC_Early"
"MEMP","Classical Monocytes","HLA-DPB1","CD4",0.00302164516881043,0,"HLA-DPB1_CD4","HLA-DPB1 - CD4","MHC-II","Cell-Cell Contact","KEGG: hsa04514","PBMC_Early"
"MEP","Classical Monocytes","HLA-DPB1","CD4",0.00212712887274483,0,"HLA-DPB1_CD4","HLA-DPB1 - CD4","MHC-II","Cell-Cell Contact","KEGG: hsa04514","PBMC_Early"
"pDC","Classical Monocytes","HLA-DPB1","CD4",0.0330511755785497,0,"HLA-DPB1_CD4","HLA-DPB1 - CD4","MHC-II","Cell-Cell Contact","KEGG: hsa04514","PBMC_Early"
"Pro-B","Classical Monocytes","HLA-DPB1","CD4",0.0238415743876908,0,"HLA-DPB1_CD4","HLA-DPB1 - CD4","MHC-II","Cell-Cell Contact","KEGG: hsa04514","PBMC_Early"
"CD14+PPBP+ Monocytes","DC2","HLA-DPB1","CD4",0.025257696525363,0,"HLA-DPB1_CD4","HLA-DPB1 - CD4","MHC-II","Cell-Cell Contact","KEGG: hsa04514","PBMC_Early"
"Classical Monocytes","DC2","HLA-DPB1","CD4",0.0147527745187259,0,"HLA-DPB1_CD4","HLA-DPB1 - CD4","MHC-II","Cell-Cell Contact","KEGG: hsa04514","PBMC_Early"
"CXCR5- Naïve B","DC2","HLA-DPB1","CD4",0.0802747355992322,0,"HLA-DPB1_CD4","HLA-DPB1 - CD4","MHC-II","Cell-Cell Contact","KEGG: hsa04514","PBMC_Early"
"CXCR5+ Naïve B","DC2","HLA-DPB1","CD4",0.0846109826266763,0,"HLA-DPB1_CD4","HLA-DPB1 - CD4","MHC-II","Cell-Cell Contact","KEGG: hsa04514","PBMC_Early"
"DC2","DC2","HLA-DPB1","CD4",0.0873662895211149,0,"HLA-DPB1_CD4","HLA-DPB1 - CD4","MHC-II","Cell-Cell Contact","KEGG: hsa04514","PBMC_Early"
"HSC_MPP","DC2","HLA-DPB1","CD4",0.0243483085619167,0,"HLA-DPB1_CD4","HLA-DPB1 - CD4","MHC-II","Cell-Cell Contact","KEGG: hsa04514","PBMC_Early"
"MEMP","DC2","HLA-DPB1","CD4",0.00592973373589884,0,"HLA-DPB1_CD4","HLA-DPB1 - CD4","MHC-II","Cell-Cell Contact","KEGG: hsa04514","PBMC_Early"
"MEP","DC2","HLA-DPB1","CD4",0.00417792568143246,0,"HLA-DPB1_CD4","HLA-DPB1 - CD4","MHC-II","Cell-Cell Contact","KEGG: hsa04514","PBMC_Early"
"pDC","DC2","HLA-DPB1","CD4",0.0630330154794234,0,"HLA-DPB1_CD4","HLA-DPB1 - CD4","MHC-II","Cell-Cell Contact","KEGG: hsa04514","PBMC_Early"
"Pro-B","DC2","HLA-DPB1","CD4",0.0458653453589951,0,"HLA-DPB1_CD4","HLA-DPB1 - CD4","MHC-II","Cell-Cell Contact","KEGG: hsa04514","PBMC_Early"
"CD14+PPBP+ Monocytes","Naïve CD4 T","HLA-DPB1","CD4",0.0118917778385479,0,"HLA-DPB1_CD4","HLA-DPB1 - CD4","MHC-II","Cell-Cell Contact","KEGG: hsa04514","PBMC_Early"
"Classical Monocytes","Naïve CD4 T","HLA-DPB1","CD4",0.00690648350056226,0,"HLA-DPB1_CD4","HLA-DPB1 - CD4","MHC-II","Cell-Cell Contact","KEGG: hsa04514","PBMC_Early"
"CXCR5- Naïve B","Naïve CD4 T","HLA-DPB1","CD4",0.0389584163761883,0,"HLA-DPB1_CD4","HLA-DPB1 - CD4","MHC-II","Cell-Cell Contact","KEGG: hsa04514","PBMC_Early"
"CXCR5+ Naïve B","Naïve CD4 T","HLA-DPB1","CD4",0.0411627413967853,0,"HLA-DPB1_CD4","HLA-DPB1 - CD4","MHC-II","Cell-Cell Contact","KEGG: hsa04514","PBMC_Early"
"DC2","Naïve CD4 T","HLA-DPB1","CD4",0.0425689783920993,0,"HLA-DPB1_CD4","HLA-DPB1 - CD4","MHC-II","Cell-Cell Contact","KEGG: hsa04514","PBMC_Early"
"HSC_MPP","Naïve CD4 T","HLA-DPB1","CD4",0.0114579648134455,0,"HLA-DPB1_CD4","HLA-DPB1 - CD4","MHC-II","Cell-Cell Contact","KEGG: hsa04514","PBMC_Early"
"MEMP","Naïve CD4 T","HLA-DPB1","CD4",0.0027628347654915,0,"HLA-DPB1_CD4","HLA-DPB1 - CD4","MHC-II","Cell-Cell Contact","KEGG: hsa04514","PBMC_Early"
"MEP","Naïve CD4 T","HLA-DPB1","CD4",0.00194478625705925,0,"HLA-DPB1_CD4","HLA-DPB1 - CD4","MHC-II","Cell-Cell Contact","KEGG: hsa04514","PBMC_Early"
"pDC","Naïve CD4 T","HLA-DPB1","CD4",0.0302984379682484,0,"HLA-DPB1_CD4","HLA-DPB1 - CD4","MHC-II","Cell-Cell Contact","KEGG: hsa04514","PBMC_Early"
"Pro-B","Naïve CD4 T","HLA-DPB1","CD4",0.0218385544047905,0,"HLA-DPB1_CD4","HLA-DPB1 - CD4","MHC-II","Cell-Cell Contact","KEGG: hsa04514","PBMC_Early"
"CD14+PPBP+ Monocytes","pDC","HLA-DPB1","CD4",0.0340565597779569,0,"HLA-DPB1_CD4","HLA-DPB1 - CD4","MHC-II","Cell-Cell Contact","KEGG: hsa04514","PBMC_Early"
"Classical Monocytes","pDC","HLA-DPB1","CD4",0.0199670683904825,0,"HLA-DPB1_CD4","HLA-DPB1 - CD4","MHC-II","Cell-Cell Contact","KEGG: hsa04514","PBMC_Early"
"CXCR5- Naïve B","pDC","HLA-DPB1","CD4",0.106152308253679,0,"HLA-DPB1_CD4","HLA-DPB1 - CD4","MHC-II","Cell-Cell Contact","KEGG: hsa04514","PBMC_Early"
"CXCR5+ Naïve B","pDC","HLA-DPB1","CD4",0.111716606740655,0,"HLA-DPB1_CD4","HLA-DPB1 - CD4","MHC-II","Cell-Cell Contact","KEGG: hsa04514","PBMC_Early"
"DC2","pDC","HLA-DPB1","CD4",0.115243466962551,0,"HLA-DPB1_CD4","HLA-DPB1 - CD4","MHC-II","Cell-Cell Contact","KEGG: hsa04514","PBMC_Early"
"HSC_MPP","pDC","HLA-DPB1","CD4",0.0328410476659581,0,"HLA-DPB1_CD4","HLA-DPB1 - CD4","MHC-II","Cell-Cell Contact","KEGG: hsa04514","PBMC_Early"
"MEMP","pDC","HLA-DPB1","CD4",0.00805105108568906,0,"HLA-DPB1_CD4","HLA-DPB1 - CD4","MHC-II","Cell-Cell Contact","KEGG: hsa04514","PBMC_Early"
"MEP","pDC","HLA-DPB1","CD4",0.00567612538730852,0,"HLA-DPB1_CD4","HLA-DPB1 - CD4","MHC-II","Cell-Cell Contact","KEGG: hsa04514","PBMC_Early"
"pDC","pDC","HLA-DPB1","CD4",0.08385928096378,0,"HLA-DPB1_CD4","HLA-DPB1 - CD4","MHC-II","Cell-Cell Contact","KEGG: hsa04514","PBMC_Early"
"Pro-B","pDC","HLA-DPB1","CD4",0.0613910207745418,0,"HLA-DPB1_CD4","HLA-DPB1 - CD4","MHC-II","Cell-Cell Contact","KEGG: hsa04514","PBMC_Early"
"CD14+PPBP+ Monocytes","Tem","HLA-DPB1","CD4",0.0104517222377048,0,"HLA-DPB1_CD4","HLA-DPB1 - CD4","MHC-II","Cell-Cell Contact","KEGG: hsa04514","PBMC_Early"
"Classical Monocytes","Tem","HLA-DPB1","CD4",0.00606642442831896,0,"HLA-DPB1_CD4","HLA-DPB1 - CD4","MHC-II","Cell-Cell Contact","KEGG: hsa04514","PBMC_Early"
"CXCR5- Naïve B","Tem","HLA-DPB1","CD4",0.0343546376667989,0,"HLA-DPB1_CD4","HLA-DPB1 - CD4","MHC-II","Cell-Cell Contact","KEGG: hsa04514","PBMC_Early"
"CXCR5+ Naïve B","Tem","HLA-DPB1","CD4",0.0363083153601661,0,"HLA-DPB1_CD4","HLA-DPB1 - CD4","MHC-II","Cell-Cell Contact","KEGG: hsa04514","PBMC_Early"
"DC2","Tem","HLA-DPB1","CD4",0.0375552068472006,0,"HLA-DPB1_CD4","HLA-DPB1 - CD4","MHC-II","Cell-Cell Contact","KEGG: hsa04514","PBMC_Early"
"HSC_MPP","Tem","HLA-DPB1","CD4",0.0100699071858849,0,"HLA-DPB1_CD4","HLA-DPB1 - CD4","MHC-II","Cell-Cell Contact","KEGG: hsa04514","PBMC_Early"
"MEMP","Tem","HLA-DPB1","CD4",0.00242555078431956,0,"HLA-DPB1_CD4","HLA-DPB1 - CD4","MHC-II","Cell-Cell Contact","KEGG: hsa04514","PBMC_Early"
"MEP","Tem","HLA-DPB1","CD4",0.00170719781875532,0,"HLA-DPB1_CD4","HLA-DPB1 - CD4","MHC-II","Cell-Cell Contact","KEGG: hsa04514","PBMC_Early"
"pDC","Tem","HLA-DPB1","CD4",0.0266896024528619,0,"HLA-DPB1_CD4","HLA-DPB1 - CD4","MHC-II","Cell-Cell Contact","KEGG: hsa04514","PBMC_Early"
"Pro-B","Tem","HLA-DPB1","CD4",0.0192174028992925,0,"HLA-DPB1_CD4","HLA-DPB1 - CD4","MHC-II","Cell-Cell Contact","KEGG: hsa04514","PBMC_Early"
"CD14+PPBP+ Monocytes","Th17like_INNATE_T","HLA-DPB1","CD4",0.010796196019337,0,"HLA-DPB1_CD4","HLA-DPB1 - CD4","MHC-II","Cell-Cell Contact","KEGG: hsa04514","PBMC_Early"
"Classical Monocytes","Th17like_INNATE_T","HLA-DPB1","CD4",0.00626728047794026,0,"HLA-DPB1_CD4","HLA-DPB1 - CD4","MHC-II","Cell-Cell Contact","KEGG: hsa04514","PBMC_Early"
"CXCR5- Naïve B","Th17like_INNATE_T","HLA-DPB1","CD4",0.0354586876656114,0,"HLA-DPB1_CD4","HLA-DPB1 - CD4","MHC-II","Cell-Cell Contact","KEGG: hsa04514","PBMC_Early"
"CXCR5+ Naïve B","Th17like_INNATE_T","HLA-DPB1","CD4",0.0374727139860416,0,"HLA-DPB1_CD4","HLA-DPB1 - CD4","MHC-II","Cell-Cell Contact","KEGG: hsa04514","PBMC_Early"
"DC2","Th17like_INNATE_T","HLA-DPB1","CD4",0.0387579847454543,0,"HLA-DPB1_CD4","HLA-DPB1 - CD4","MHC-II","Cell-Cell Contact","KEGG: hsa04514","PBMC_Early"
"HSC_MPP","Th17like_INNATE_T","HLA-DPB1","CD4",0.0104019291720113,0,"HLA-DPB1_CD4","HLA-DPB1 - CD4","MHC-II","Cell-Cell Contact","KEGG: hsa04514","PBMC_Early"
"MEMP","Th17like_INNATE_T","HLA-DPB1","CD4",0.00250616342138231,0,"HLA-DPB1_CD4","HLA-DPB1 - CD4","MHC-II","Cell-Cell Contact","KEGG: hsa04514","PBMC_Early"
"MEP","Th17like_INNATE_T","HLA-DPB1","CD4",0.00176397837204421,0,"HLA-DPB1_CD4","HLA-DPB1 - CD4","MHC-II","Cell-Cell Contact","KEGG: hsa04514","PBMC_Early"
"pDC","Th17like_INNATE_T","HLA-DPB1","CD4",0.0275543512723128,0,"HLA-DPB1_CD4","HLA-DPB1 - CD4","MHC-II","Cell-Cell Contact","KEGG: hsa04514","PBMC_Early"
"Pro-B","Th17like_INNATE_T","HLA-DPB1","CD4",0.0198449870920113,0,"HLA-DPB1_CD4","HLA-DPB1 - CD4","MHC-II","Cell-Cell Contact","KEGG: hsa04514","PBMC_Early"
"CD14+PPBP+ Monocytes","Treg","HLA-DPB1","CD4",0.0123269925943084,0,"HLA-DPB1_CD4","HLA-DPB1 - CD4","MHC-II","Cell-Cell Contact","KEGG: hsa04514","PBMC_Early"
"Classical Monocytes","Treg","HLA-DPB1","CD4",0.00716056885632615,0,"HLA-DPB1_CD4","HLA-DPB1 - CD4","MHC-II","Cell-Cell Contact","KEGG: hsa04514","PBMC_Early"
"CXCR5- Naïve B","Treg","HLA-DPB1","CD4",0.0403437699246183,0,"HLA-DPB1_CD4","HLA-DPB1 - CD4","MHC-II","Cell-Cell Contact","KEGG: hsa04514","PBMC_Early"
"CXCR5+ Naïve B","Treg","HLA-DPB1","CD4",0.0426230038483789,0,"HLA-DPB1_CD4","HLA-DPB1 - CD4","MHC-II","Cell-Cell Contact","KEGG: hsa04514","PBMC_Early"
"DC2","Treg","HLA-DPB1","CD4",0.044076834340255,0,"HLA-DPB1_CD4","HLA-DPB1 - CD4","MHC-II","Cell-Cell Contact","KEGG: hsa04514","PBMC_Early"
"HSC_MPP","Treg","HLA-DPB1","CD4",0.0118774937439588,0,"HLA-DPB1_CD4","HLA-DPB1 - CD4","MHC-II","Cell-Cell Contact","KEGG: hsa04514","PBMC_Early"
"MEMP","Treg","HLA-DPB1","CD4",0.00286491755947628,0,"HLA-DPB1_CD4","HLA-DPB1 - CD4","MHC-II","Cell-Cell Contact","KEGG: hsa04514","PBMC_Early"
"MEP","Treg","HLA-DPB1","CD4",0.00201670445362014,0,"HLA-DPB1_CD4","HLA-DPB1 - CD4","MHC-II","Cell-Cell Contact","KEGG: hsa04514","PBMC_Early"
"pDC","Treg","HLA-DPB1","CD4",0.031385901407129,0,"HLA-DPB1_CD4","HLA-DPB1 - CD4","MHC-II","Cell-Cell Contact","KEGG: hsa04514","PBMC_Early"
"Pro-B","Treg","HLA-DPB1","CD4",0.0226294638629301,0,"HLA-DPB1_CD4","HLA-DPB1 - CD4","MHC-II","Cell-Cell Contact","KEGG: hsa04514","PBMC_Early"
"CXCR5- Naïve B","CD14+PPBP+ Monocytes","HLA-DQA1","CD4",0.0459482890347974,0,"HLA-DQA1_CD4","HLA-DQA1 - CD4","MHC-II","Cell-Cell Contact","KEGG: hsa04514","PBMC_Early"
"CXCR5+ Naïve B","CD14+PPBP+ Monocytes","HLA-DQA1","CD4",0.0619326673049181,0,"HLA-DQA1_CD4","HLA-DQA1 - CD4","MHC-II","Cell-Cell Contact","KEGG: hsa04514","PBMC_Early"
"DC2","CD14+PPBP+ Monocytes","HLA-DQA1","CD4",0.0556914595934514,0,"HLA-DQA1_CD4","HLA-DQA1 - CD4","MHC-II","Cell-Cell Contact","KEGG: hsa04514","PBMC_Early"
"pDC","CD14+PPBP+ Monocytes","HLA-DQA1","CD4",0.0162159773034296,0,"HLA-DQA1_CD4","HLA-DQA1 - CD4","MHC-II","Cell-Cell Contact","KEGG: hsa04514","PBMC_Early"
"CXCR5- Naïve B","Classical Monocytes","HLA-DQA1","CD4",0.0272203460727409,0,"HLA-DQA1_CD4","HLA-DQA1 - CD4","MHC-II","Cell-Cell Contact","KEGG: hsa04514","PBMC_Early"
"CXCR5+ Naïve B","Classical Monocytes","HLA-DQA1","CD4",0.0369419627832781,0,"HLA-DQA1_CD4","HLA-DQA1 - CD4","MHC-II","Cell-Cell Contact","KEGG: hsa04514","PBMC_Early"
"DC2","Classical Monocytes","HLA-DQA1","CD4",0.0331302261639517,0,"HLA-DQA1_CD4","HLA-DQA1 - CD4","MHC-II","Cell-Cell Contact","KEGG: hsa04514","PBMC_Early"
"pDC","Classical Monocytes","HLA-DQA1","CD4",0.00948605614290483,0,"HLA-DQA1_CD4","HLA-DQA1 - CD4","MHC-II","Cell-Cell Contact","KEGG: hsa04514","PBMC_Early"
"CXCR5- Naïve B","DC2","HLA-DQA1","CD4",0.0521983754768009,0,"HLA-DQA1_CD4","HLA-DQA1 - CD4","MHC-II","Cell-Cell Contact","KEGG: hsa04514","PBMC_Early"
"CXCR5+ Naïve B","DC2","HLA-DQA1","CD4",0.0701970408609786,0,"HLA-DQA1_CD4","HLA-DQA1 - CD4","MHC-II","Cell-Cell Contact","KEGG: hsa04514","PBMC_Early"
"DC2","DC2","HLA-DQA1","CD4",0.063179090129735,0,"HLA-DQA1_CD4","HLA-DQA1 - CD4","MHC-II","Cell-Cell Contact","KEGG: hsa04514","PBMC_Early"
"pDC","DC2","HLA-DQA1","CD4",0.0185001692066458,0,"HLA-DQA1_CD4","HLA-DQA1 - CD4","MHC-II","Cell-Cell Contact","KEGG: hsa04514","PBMC_Early"
"CXCR5- Naïve B","Naïve CD4 T","HLA-DQA1","CD4",0.024940715490571,0,"HLA-DQA1_CD4","HLA-DQA1 - CD4","MHC-II","Cell-Cell Contact","KEGG: hsa04514","PBMC_Early"
"CXCR5+ Naïve B","Naïve CD4 T","HLA-DQA1","CD4",0.0338765256701249,0,"HLA-DQA1_CD4","HLA-DQA1 - CD4","MHC-II","Cell-Cell Contact","KEGG: hsa04514","PBMC_Early"
"DC2","Naïve CD4 T","HLA-DQA1","CD4",0.0303711114522152,0,"HLA-DQA1_CD4","HLA-DQA1 - CD4","MHC-II","Cell-Cell Contact","KEGG: hsa04514","PBMC_Early"
"pDC","Naïve CD4 T","HLA-DQA1","CD4",0.00867837474405007,0,"HLA-DQA1_CD4","HLA-DQA1 - CD4","MHC-II","Cell-Cell Contact","KEGG: hsa04514","PBMC_Early"
"CXCR5- Naïve B","pDC","HLA-DQA1","CD4",0.0697111886472241,0,"HLA-DQA1_CD4","HLA-DQA1 - CD4","MHC-II","Cell-Cell Contact","KEGG: hsa04514","PBMC_Early"
"CXCR5+ Naïve B","pDC","HLA-DQA1","CD4",0.0931549855113894,0,"HLA-DQA1_CD4","HLA-DQA1 - CD4","MHC-II","Cell-Cell Contact","KEGG: hsa04514","PBMC_Early"
"DC2","pDC","HLA-DQA1","CD4",0.0840492896406136,0,"HLA-DQA1_CD4","HLA-DQA1 - CD4","MHC-II","Cell-Cell Contact","KEGG: hsa04514","PBMC_Early"
"pDC","pDC","HLA-DQA1","CD4",0.0250053454166118,0,"HLA-DQA1_CD4","HLA-DQA1 - CD4","MHC-II","Cell-Cell Contact","KEGG: hsa04514","PBMC_Early"
"CXCR5- Naïve B","Tem","HLA-DQA1","CD4",0.0219555874033121,0,"HLA-DQA1_CD4","HLA-DQA1 - CD4","MHC-II","Cell-Cell Contact","KEGG: hsa04514","PBMC_Early"
"CXCR5+ Naïve B","Tem","HLA-DQA1","CD4",0.0298546266127598,0,"HLA-DQA1_CD4","HLA-DQA1 - CD4","MHC-II","Cell-Cell Contact","KEGG: hsa04514","PBMC_Early"
"DC2","Tem","HLA-DQA1","CD4",0.0267538586458295,0,"HLA-DQA1_CD4","HLA-DQA1 - CD4","MHC-II","Cell-Cell Contact","KEGG: hsa04514","PBMC_Early"
"pDC","Tem","HLA-DQA1","CD4",0.00762444917288576,0,"HLA-DQA1_CD4","HLA-DQA1 - CD4","MHC-II","Cell-Cell Contact","KEGG: hsa04514","PBMC_Early"
"CXCR5- Naïve B","Th17like_INNATE_T","HLA-DQA1","CD4",0.0226705257516302,0,"HLA-DQA1_CD4","HLA-DQA1 - CD4","MHC-II","Cell-Cell Contact","KEGG: hsa04514","PBMC_Early"
"CXCR5+ Naïve B","Th17like_INNATE_T","HLA-DQA1","CD4",0.0308186758518596,0,"HLA-DQA1_CD4","HLA-DQA1 - CD4","MHC-II","Cell-Cell Contact","KEGG: hsa04514","PBMC_Early"
"DC2","Th17like_INNATE_T","HLA-DQA1","CD4",0.0276206302990297,0,"HLA-DQA1_CD4","HLA-DQA1 - CD4","MHC-II","Cell-Cell Contact","KEGG: hsa04514","PBMC_Early"
"pDC","Th17like_INNATE_T","HLA-DQA1","CD4",0.00787648179266159,0,"HLA-DQA1_CD4","HLA-DQA1 - CD4","MHC-II","Cell-Cell Contact","KEGG: hsa04514","PBMC_Early"
"CXCR5- Naïve B","Treg","HLA-DQA1","CD4",0.0258410054205922,0,"HLA-DQA1_CD4","HLA-DQA1 - CD4","MHC-II","Cell-Cell Contact","KEGG: hsa04514","PBMC_Early"
"CXCR5+ Naïve B","Treg","HLA-DQA1","CD4",0.0350877659798064,0,"HLA-DQA1_CD4","HLA-DQA1 - CD4","MHC-II","Cell-Cell Contact","KEGG: hsa04514","PBMC_Early"
"DC2","Treg","HLA-DQA1","CD4",0.0314610986418976,0,"HLA-DQA1_CD4","HLA-DQA1 - CD4","MHC-II","Cell-Cell Contact","KEGG: hsa04514","PBMC_Early"
"pDC","Treg","HLA-DQA1","CD4",0.00899705634012118,0,"HLA-DQA1_CD4","HLA-DQA1 - CD4","MHC-II","Cell-Cell Contact","KEGG: hsa04514","PBMC_Early"
"CD14+PPBP+ Monocytes","CD14+PPBP+ Monocytes","HLA-DMA","CD4",0.0162501991492499,0,"HLA-DMA_CD4","HLA-DMA - CD4","MHC-II","Cell-Cell Contact","KEGG: hsa04514","PBMC_Early"
"Classical Monocytes","CD14+PPBP+ Monocytes","HLA-DMA","CD4",0.00988961771288277,0,"HLA-DMA_CD4","HLA-DMA - CD4","MHC-II","Cell-Cell Contact","KEGG: hsa04514","PBMC_Early"
"CXCR5- Naïve B","CD14+PPBP+ Monocytes","HLA-DMA","CD4",0.0331497334688286,0,"HLA-DMA_CD4","HLA-DMA - CD4","MHC-II","Cell-Cell Contact","KEGG: hsa04514","PBMC_Early"
"CXCR5+ Naïve B","CD14+PPBP+ Monocytes","HLA-DMA","CD4",0.0412733509497243,0,"HLA-DMA_CD4","HLA-DMA - CD4","MHC-II","Cell-Cell Contact","KEGG: hsa04514","PBMC_Early"
"DC2","CD14+PPBP+ Monocytes","HLA-DMA","CD4",0.0503745277164357,0,"HLA-DMA_CD4","HLA-DMA - CD4","MHC-II","Cell-Cell Contact","KEGG: hsa04514","PBMC_Early"
"HSC_MPP","CD14+PPBP+ Monocytes","HLA-DMA","CD4",0.0157300681791997,0,"HLA-DMA_CD4","HLA-DMA - CD4","MHC-II","Cell-Cell Contact","KEGG: hsa04514","PBMC_Early"
"MEMP","CD14+PPBP+ Monocytes","HLA-DMA","CD4",0.00378341406568678,0,"HLA-DMA_CD4","HLA-DMA - CD4","MHC-II","Cell-Cell Contact","KEGG: hsa04514","PBMC_Early"
"pDC","CD14+PPBP+ Monocytes","HLA-DMA","CD4",0.0466873069191176,0,"HLA-DMA_CD4","HLA-DMA - CD4","MHC-II","Cell-Cell Contact","KEGG: hsa04514","PBMC_Early"
"Pro-B","CD14+PPBP+ Monocytes","HLA-DMA","CD4",0.0202556545833003,0,"HLA-DMA_CD4","HLA-DMA - CD4","MHC-II","Cell-Cell Contact","KEGG: hsa04514","PBMC_Early"
"CD14+PPBP+ Monocytes","Classical Monocytes","HLA-DMA","CD4",0.0095062125486315,0,"HLA-DMA_CD4","HLA-DMA - CD4","MHC-II","Cell-Cell Contact","KEGG: hsa04514","PBMC_Early"
"Classical Monocytes","Classical Monocytes","HLA-DMA","CD4",0.00576985039514184,0,"HLA-DMA_CD4","HLA-DMA - CD4","MHC-II","Cell-Cell Contact","KEGG: hsa04514","PBMC_Early"
"CXCR5- Naïve B","Classical Monocytes","HLA-DMA","CD4",0.0195315265171602,0,"HLA-DMA_CD4","HLA-DMA - CD4","MHC-II","Cell-Cell Contact","KEGG: hsa04514","PBMC_Early"
"CXCR5+ Naïve B","Classical Monocytes","HLA-DMA","CD4",0.0244021175159037,0,"HLA-DMA_CD4","HLA-DMA - CD4","MHC-II","Cell-Cell Contact","KEGG: hsa04514","PBMC_Early"
"DC2","Classical Monocytes","HLA-DMA","CD4",0.0298990437716221,0,"HLA-DMA_CD4","HLA-DMA - CD4","MHC-II","Cell-Cell Contact","KEGG: hsa04514","PBMC_Early"
"HSC_MPP","Classical Monocytes","HLA-DMA","CD4",0.00919992216611401,0,"HLA-DMA_CD4","HLA-DMA - CD4","MHC-II","Cell-Cell Contact","KEGG: hsa04514","PBMC_Early"
"MEMP","Classical Monocytes","HLA-DMA","CD4",0.00220168208110888,0,"HLA-DMA_CD4","HLA-DMA - CD4","MHC-II","Cell-Cell Contact","KEGG: hsa04514","PBMC_Early"
"pDC","Classical Monocytes","HLA-DMA","CD4",0.0276668846127634,0,"HLA-DMA_CD4","HLA-DMA - CD4","MHC-II","Cell-Cell Contact","KEGG: hsa04514","PBMC_Early"
"Pro-B","Classical Monocytes","HLA-DMA","CD4",0.0118694225161595,0,"HLA-DMA_CD4","HLA-DMA - CD4","MHC-II","Cell-Cell Contact","KEGG: hsa04514","PBMC_Early"
"CD14+PPBP+ Monocytes","DC2","HLA-DMA","CD4",0.0185391207203062,0,"HLA-DMA_CD4","HLA-DMA - CD4","MHC-II","Cell-Cell Contact","KEGG: hsa04514","PBMC_Early"
"Classical Monocytes","DC2","HLA-DMA","CD4",0.0112929043380277,0,"HLA-DMA_CD4","HLA-DMA - CD4","MHC-II","Cell-Cell Contact","KEGG: hsa04514","PBMC_Early"
"CXCR5- Naïve B","DC2","HLA-DMA","CD4",0.0377277487096921,0,"HLA-DMA_CD4","HLA-DMA - CD4","MHC-II","Cell-Cell Contact","KEGG: hsa04514","PBMC_Early"
"CXCR5+ Naïve B","DC2","HLA-DMA","CD4",0.0469188048053721,0,"HLA-DMA_CD4","HLA-DMA - CD4","MHC-II","Cell-Cell Contact","KEGG: hsa04514","PBMC_Early"
"DC2","DC2","HLA-DMA","CD4",0.0571905989838079,0,"HLA-DMA_CD4","HLA-DMA - CD4","MHC-II","Cell-Cell Contact","KEGG: hsa04514","PBMC_Early"
"HSC_MPP","DC2","HLA-DMA","CD4",0.0179470632858849,0,"HLA-DMA_CD4","HLA-DMA - CD4","MHC-II","Cell-Cell Contact","KEGG: hsa04514","PBMC_Early"
"MEMP","DC2","HLA-DMA","CD4",0.00432404528904935,0,"HLA-DMA_CD4","HLA-DMA - CD4","MHC-II","Cell-Cell Contact","KEGG: hsa04514","PBMC_Early"
"pDC","DC2","HLA-DMA","CD4",0.0530323299987294,0,"HLA-DMA_CD4","HLA-DMA - CD4","MHC-II","Cell-Cell Contact","KEGG: hsa04514","PBMC_Early"
"Pro-B","DC2","HLA-DMA","CD4",0.0230955190581463,0,"HLA-DMA_CD4","HLA-DMA - CD4","MHC-II","Cell-Cell Contact","KEGG: hsa04514","PBMC_Early"
"CD14+PPBP+ Monocytes","Naïve CD4 T","HLA-DMA","CD4",0.0086968300198444,0,"HLA-DMA_CD4","HLA-DMA - CD4","MHC-II","Cell-Cell Contact","KEGG: hsa04514","PBMC_Early"
"Classical Monocytes","Naïve CD4 T","HLA-DMA","CD4",0.00527689619887259,0,"HLA-DMA_CD4","HLA-DMA - CD4","MHC-II","Cell-Cell Contact","KEGG: hsa04514","PBMC_Early"
"CXCR5- Naïve B","Naïve CD4 T","HLA-DMA","CD4",0.0178839757913951,0,"HLA-DMA_CD4","HLA-DMA - CD4","MHC-II","Cell-Cell Contact","KEGG: hsa04514","PBMC_Early"
"CXCR5+ Naïve B","Naïve CD4 T","HLA-DMA","CD4",0.0223530825964267,0,"HLA-DMA_CD4","HLA-DMA - CD4","MHC-II","Cell-Cell Contact","KEGG: hsa04514","PBMC_Early"
"DC2","Naïve CD4 T","HLA-DMA","CD4",0.027401398544942,0,"HLA-DMA_CD4","HLA-DMA - CD4","MHC-II","Cell-Cell Contact","KEGG: hsa04514","PBMC_Early"
"HSC_MPP","Naïve CD4 T","HLA-DMA","CD4",0.00841639636863564,0,"HLA-DMA_CD4","HLA-DMA - CD4","MHC-II","Cell-Cell Contact","KEGG: hsa04514","PBMC_Early"
"MEMP","Naïve CD4 T","HLA-DMA","CD4",0.00201296147666711,0,"HLA-DMA_CD4","HLA-DMA - CD4","MHC-II","Cell-Cell Contact","KEGG: hsa04514","PBMC_Early"
"pDC","Naïve CD4 T","HLA-DMA","CD4",0.0253508321896079,0,"HLA-DMA_CD4","HLA-DMA - CD4","MHC-II","Cell-Cell Contact","KEGG: hsa04514","PBMC_Early"
"Pro-B","Naïve CD4 T","HLA-DMA","CD4",0.0108610367439243,0,"HLA-DMA_CD4","HLA-DMA - CD4","MHC-II","Cell-Cell Contact","KEGG: hsa04514","PBMC_Early"
"CD14+PPBP+ Monocytes","pDC","HLA-DMA","CD4",0.0250576437009451,0,"HLA-DMA_CD4","HLA-DMA - CD4","MHC-II","Cell-Cell Contact","KEGG: hsa04514","PBMC_Early"
"Classical Monocytes","pDC","HLA-DMA","CD4",0.0153033187589985,0,"HLA-DMA_CD4","HLA-DMA - CD4","MHC-II","Cell-Cell Contact","KEGG: hsa04514","PBMC_Early"
"CXCR5- Naïve B","pDC","HLA-DMA","CD4",0.0506450162641391,0,"HLA-DMA_CD4","HLA-DMA - CD4","MHC-II","Cell-Cell Contact","KEGG: hsa04514","PBMC_Early"
"CXCR5+ Naïve B","pDC","HLA-DMA","CD4",0.0627776193782782,0,"HLA-DMA_CD4","HLA-DMA - CD4","MHC-II","Cell-Cell Contact","KEGG: hsa04514","PBMC_Early"
"DC2","pDC","HLA-DMA","CD4",0.0762435933220646,0,"HLA-DMA_CD4","HLA-DMA - CD4","MHC-II","Cell-Cell Contact","KEGG: hsa04514","PBMC_Early"
"HSC_MPP","pDC","HLA-DMA","CD4",0.0242625597133997,0,"HLA-DMA_CD4","HLA-DMA - CD4","MHC-II","Cell-Cell Contact","KEGG: hsa04514","PBMC_Early"
"MEMP","pDC","HLA-DMA","CD4",0.00587433423408804,0,"HLA-DMA_CD4","HLA-DMA - CD4","MHC-II","Cell-Cell Contact","KEGG: hsa04514","PBMC_Early"
"pDC","pDC","HLA-DMA","CD4",0.0708040373239322,0,"HLA-DMA_CD4","HLA-DMA - CD4","MHC-II","Cell-Cell Contact","KEGG: hsa04514","PBMC_Early"
"Pro-B","pDC","HLA-DMA","CD4",0.031165240966162,0,"HLA-DMA_CD4","HLA-DMA - CD4","MHC-II","Cell-Cell Contact","KEGG: hsa04514","PBMC_Early"
"CD14+PPBP+ Monocytes","Tem","HLA-DMA","CD4",0.00764068046415903,0,"HLA-DMA_CD4","HLA-DMA - CD4","MHC-II","Cell-Cell Contact","KEGG: hsa04514","PBMC_Early"
"Classical Monocytes","Tem","HLA-DMA","CD4",0.00463412444299975,0,"HLA-DMA_CD4","HLA-DMA - CD4","MHC-II","Cell-Cell Contact","KEGG: hsa04514","PBMC_Early"
"CXCR5- Naïve B","Tem","HLA-DMA","CD4",0.0157298360148543,0,"HLA-DMA_CD4","HLA-DMA - CD4","MHC-II","Cell-Cell Contact","KEGG: hsa04514","PBMC_Early"
"CXCR5+ Naïve B","Tem","HLA-DMA","CD4",0.0196714172846468,0,"HLA-DMA_CD4","HLA-DMA - CD4","MHC-II","Cell-Cell Contact","KEGG: hsa04514","PBMC_Early"
"DC2","Tem","HLA-DMA","CD4",0.0241290420580015,0,"HLA-DMA_CD4","HLA-DMA - CD4","MHC-II","Cell-Cell Contact","KEGG: hsa04514","PBMC_Early"
"HSC_MPP","Tem","HLA-DMA","CD4",0.00739404886428405,0,"HLA-DMA_CD4","HLA-DMA - CD4","MHC-II","Cell-Cell Contact","KEGG: hsa04514","PBMC_Early"
"MEMP","Tem","HLA-DMA","CD4",0.00176705903165246,0,"HLA-DMA_CD4","HLA-DMA - CD4","MHC-II","Cell-Cell Contact","KEGG: hsa04514","PBMC_Early"
"pDC","Tem","HLA-DMA","CD4",0.0223177411844401,0,"HLA-DMA_CD4","HLA-DMA - CD4","MHC-II","Cell-Cell Contact","KEGG: hsa04514","PBMC_Early"
"Pro-B","Tem","HLA-DMA","CD4",0.00954459484733807,0,"HLA-DMA_CD4","HLA-DMA - CD4","MHC-II","Cell-Cell Contact","KEGG: hsa04514","PBMC_Early"
"CD14+PPBP+ Monocytes","Th17like_INNATE_T","HLA-DMA","CD4",0.00789324535543159,0,"HLA-DMA_CD4","HLA-DMA - CD4","MHC-II","Cell-Cell Contact","KEGG: hsa04514","PBMC_Early"
"Classical Monocytes","Th17like_INNATE_T","HLA-DMA","CD4",0.0047877862460093,0,"HLA-DMA_CD4","HLA-DMA - CD4","MHC-II","Cell-Cell Contact","KEGG: hsa04514","PBMC_Early"
"CXCR5- Naïve B","Th17like_INNATE_T","HLA-DMA","CD4",0.0162454129742598,0,"HLA-DMA_CD4","HLA-DMA - CD4","MHC-II","Cell-Cell Contact","KEGG: hsa04514","PBMC_Early"
"CXCR5+ Naïve B","Th17like_INNATE_T","HLA-DMA","CD4",0.0203135211742428,0,"HLA-DMA_CD4","HLA-DMA - CD4","MHC-II","Cell-Cell Contact","KEGG: hsa04514","PBMC_Early"
"DC2","Th17like_INNATE_T","HLA-DMA","CD4",0.024912951695592,0,"HLA-DMA_CD4","HLA-DMA - CD4","MHC-II","Cell-Cell Contact","KEGG: hsa04514","PBMC_Early"
"HSC_MPP","Th17like_INNATE_T","HLA-DMA","CD4",0.00763852402943071,0,"HLA-DMA_CD4","HLA-DMA - CD4","MHC-II","Cell-Cell Contact","KEGG: hsa04514","PBMC_Early"
"MEMP","Th17like_INNATE_T","HLA-DMA","CD4",0.00182582689785806,0,"HLA-DMA_CD4","HLA-DMA - CD4","MHC-II","Cell-Cell Contact","KEGG: hsa04514","PBMC_Early"
"pDC","Th17like_INNATE_T","HLA-DMA","CD4",0.0230441944666813,0,"HLA-DMA_CD4","HLA-DMA - CD4","MHC-II","Cell-Cell Contact","KEGG: hsa04514","PBMC_Early"
"Pro-B","Th17like_INNATE_T","HLA-DMA","CD4",0.00985946889870025,0,"HLA-DMA_CD4","HLA-DMA - CD4","MHC-II","Cell-Cell Contact","KEGG: hsa04514","PBMC_Early"
"CD14+PPBP+ Monocytes","Treg","HLA-DMA","CD4",0.00901618315468954,0,"HLA-DMA_CD4","HLA-DMA - CD4","MHC-II","Cell-Cell Contact","KEGG: hsa04514","PBMC_Early"
"Classical Monocytes","Treg","HLA-DMA","CD4",0.00547136031987515,0,"HLA-DMA_CD4","HLA-DMA - CD4","MHC-II","Cell-Cell Contact","KEGG: hsa04514","PBMC_Early"
"CXCR5- Naïve B","Treg","HLA-DMA","CD4",0.0185343791935738,0,"HLA-DMA_CD4","HLA-DMA - CD4","MHC-II","Cell-Cell Contact","KEGG: hsa04514","PBMC_Early"
"CXCR5+ Naïve B","Treg","HLA-DMA","CD4",0.0231621850642906,0,"HLA-DMA_CD4","HLA-DMA - CD4","MHC-II","Cell-Cell Contact","KEGG: hsa04514","PBMC_Early"
"DC2","Treg","HLA-DMA","CD4",0.0283879262173039,0,"HLA-DMA_CD4","HLA-DMA - CD4","MHC-II","Cell-Cell Contact","KEGG: hsa04514","PBMC_Early"
"HSC_MPP","Treg","HLA-DMA","CD4",0.00872554244261049,0,"HLA-DMA_CD4","HLA-DMA - CD4","MHC-II","Cell-Cell Contact","KEGG: hsa04514","PBMC_Early"
"MEMP","Treg","HLA-DMA","CD4",0.00208739552004788,0,"HLA-DMA_CD4","HLA-DMA - CD4","MHC-II","Cell-Cell Contact","KEGG: hsa04514","PBMC_Early"
"pDC","Treg","HLA-DMA","CD4",0.0262655274006122,0,"HLA-DMA_CD4","HLA-DMA - CD4","MHC-II","Cell-Cell Contact","KEGG: hsa04514","PBMC_Early"
"Pro-B","Treg","HLA-DMA","CD4",0.0112589583163606,0,"HLA-DMA_CD4","HLA-DMA - CD4","MHC-II","Cell-Cell Contact","KEGG: hsa04514","PBMC_Early"
"CD14+PPBP+ Monocytes","CD14+PPBP+ Monocytes","HLA-DMB","CD4",0.00603607566957005,0,"HLA-DMB_CD4","HLA-DMB - CD4","MHC-II","Cell-Cell Contact","KEGG: hsa04514","PBMC_Early"
"Classical Monocytes","CD14+PPBP+ Monocytes","HLA-DMB","CD4",0.00712452878925145,0,"HLA-DMB_CD4","HLA-DMB - CD4","MHC-II","Cell-Cell Contact","KEGG: hsa04514","PBMC_Early"
"CXCR5- Naïve B","CD14+PPBP+ Monocytes","HLA-DMB","CD4",0.0269818257476931,0,"HLA-DMB_CD4","HLA-DMB - CD4","MHC-II","Cell-Cell Contact","KEGG: hsa04514","PBMC_Early"
"CXCR5+ Naïve B","CD14+PPBP+ Monocytes","HLA-DMB","CD4",0.0279908345695378,0,"HLA-DMB_CD4","HLA-DMB - CD4","MHC-II","Cell-Cell Contact","KEGG: hsa04514","PBMC_Early"
"DC2","CD14+PPBP+ Monocytes","HLA-DMB","CD4",0.0347030971048596,0,"HLA-DMB_CD4","HLA-DMB - CD4","MHC-II","Cell-Cell Contact","KEGG: hsa04514","PBMC_Early"
"pDC","CD14+PPBP+ Monocytes","HLA-DMB","CD4",0.0323328894398315,0,"HLA-DMB_CD4","HLA-DMB - CD4","MHC-II","Cell-Cell Contact","KEGG: hsa04514","PBMC_Early"
"Pro-B","CD14+PPBP+ Monocytes","HLA-DMB","CD4",0.00311916263014757,0,"HLA-DMB_CD4","HLA-DMB - CD4","MHC-II","Cell-Cell Contact","KEGG: hsa04514","PBMC_Early"
"CD14+PPBP+ Monocytes","Classical Monocytes","HLA-DMB","CD4",0.00351589715140415,0,"HLA-DMB_CD4","HLA-DMB - CD4","MHC-II","Cell-Cell Contact","KEGG: hsa04514","PBMC_Early"
"Classical Monocytes","Classical Monocytes","HLA-DMB","CD4",0.00415179825270615,0,"HLA-DMB_CD4","HLA-DMB - CD4","MHC-II","Cell-Cell Contact","KEGG: hsa04514","PBMC_Early"
"CXCR5- Naïve B","Classical Monocytes","HLA-DMB","CD4",0.0158558967785743,0,"HLA-DMB_CD4","HLA-DMB - CD4","MHC-II","Cell-Cell Contact","KEGG: hsa04514","PBMC_Early"
"CXCR5+ Naïve B","Classical Monocytes","HLA-DMB","CD4",0.0164558783719322,0,"HLA-DMB_CD4","HLA-DMB - CD4","MHC-II","Cell-Cell Contact","KEGG: hsa04514","PBMC_Early"
"DC2","Classical Monocytes","HLA-DMB","CD4",0.0204602585579257,0,"HLA-DMB_CD4","HLA-DMB - CD4","MHC-II","Cell-Cell Contact","KEGG: hsa04514","PBMC_Early"
"pDC","Classical Monocytes","HLA-DMB","CD4",0.0190436398023107,0,"HLA-DMB_CD4","HLA-DMB - CD4","MHC-II","Cell-Cell Contact","KEGG: hsa04514","PBMC_Early"
"Pro-B","Classical Monocytes","HLA-DMB","CD4",0.00181462841216522,0,"HLA-DMB_CD4","HLA-DMB - CD4","MHC-II","Cell-Cell Contact","KEGG: hsa04514","PBMC_Early"
"CD14+PPBP+ Monocytes","DC2","HLA-DMB","CD4",0.00689637280044888,0,"HLA-DMB_CD4","HLA-DMB - CD4","MHC-II","Cell-Cell Contact","KEGG: hsa04514","PBMC_Early"
"Classical Monocytes","DC2","HLA-DMB","CD4",0.00813868843855781,0,"HLA-DMB_CD4","HLA-DMB - CD4","MHC-II","Cell-Cell Contact","KEGG: hsa04514","PBMC_Early"
"CXCR5- Naïve B","DC2","HLA-DMB","CD4",0.0307351236785529,0,"HLA-DMB_CD4","HLA-DMB - CD4","MHC-II","Cell-Cell Contact","KEGG: hsa04514","PBMC_Early"
"CXCR5+ Naïve B","DC2","HLA-DMB","CD4",0.031879891664984,0,"HLA-DMB_CD4","HLA-DMB - CD4","MHC-II","Cell-Cell Contact","KEGG: hsa04514","PBMC_Early"
"DC2","DC2","HLA-DMB","CD4",0.0394868723949283,0,"HLA-DMB_CD4","HLA-DMB - CD4","MHC-II","Cell-Cell Contact","KEGG: hsa04514","PBMC_Early"
"pDC","DC2","HLA-DMB","CD4",0.0368023915194901,0,"HLA-DMB_CD4","HLA-DMB - CD4","MHC-II","Cell-Cell Contact","KEGG: hsa04514","PBMC_Early"
"Pro-B","DC2","HLA-DMB","CD4",0.00356521528635015,0,"HLA-DMB_CD4","HLA-DMB - CD4","MHC-II","Cell-Cell Contact","KEGG: hsa04514","PBMC_Early"
"CD14+PPBP+ Monocytes","Naïve CD4 T","HLA-DMB","CD4",0.00321488951424839,0,"HLA-DMB_CD4","HLA-DMB - CD4","MHC-II","Cell-Cell Contact","KEGG: hsa04514","PBMC_Early"
"Classical Monocytes","Naïve CD4 T","HLA-DMB","CD4",0.00379655642930095,0,"HLA-DMB_CD4","HLA-DMB - CD4","MHC-II","Cell-Cell Contact","KEGG: hsa04514","PBMC_Early"
"CXCR5- Naïve B","Naïve CD4 T","HLA-DMB","CD4",0.0145138082522227,0,"HLA-DMB_CD4","HLA-DMB - CD4","MHC-II","Cell-Cell Contact","KEGG: hsa04514","PBMC_Early"
"CXCR5+ Naïve B","Naïve CD4 T","HLA-DMB","CD4",0.0150637830115207,0,"HLA-DMB_CD4","HLA-DMB - CD4","MHC-II","Cell-Cell Contact","KEGG: hsa04514","PBMC_Early"
"DC2","Naïve CD4 T","HLA-DMB","CD4",0.0187358631631078,0,"HLA-DMB_CD4","HLA-DMB - CD4","MHC-II","Cell-Cell Contact","KEGG: hsa04514","PBMC_Early"
"pDC","Naïve CD4 T","HLA-DMB","CD4",0.0174365120881988,0,"HLA-DMB_CD4","HLA-DMB - CD4","MHC-II","Cell-Cell Contact","KEGG: hsa04514","PBMC_Early"
"Pro-B","Naïve CD4 T","HLA-DMB","CD4",0.00165902955212318,0,"HLA-DMB_CD4","HLA-DMB - CD4","MHC-II","Cell-Cell Contact","KEGG: hsa04514","PBMC_Early"
"CD14+PPBP+ Monocytes","pDC","HLA-DMB","CD4",0.00936024180431331,0,"HLA-DMB_CD4","HLA-DMB - CD4","MHC-II","Cell-Cell Contact","KEGG: hsa04514","PBMC_Early"
"Classical Monocytes","pDC","HLA-DMB","CD4",0.0110414651890366,0,"HLA-DMB_CD4","HLA-DMB - CD4","MHC-II","Cell-Cell Contact","KEGG: hsa04514","PBMC_Early"
"CXCR5- Naïve B","pDC","HLA-DMB","CD4",0.0413611556348646,0,"HLA-DMB_CD4","HLA-DMB - CD4","MHC-II","Cell-Cell Contact","KEGG: hsa04514","PBMC_Early"
"CXCR5+ Naïve B","pDC","HLA-DMB","CD4",0.0428841925278086,0,"HLA-DMB_CD4","HLA-DMB - CD4","MHC-II","Cell-Cell Contact","KEGG: hsa04514","PBMC_Early"
"DC2","pDC","HLA-DMB","CD4",0.0529732744073662,0,"HLA-DMB_CD4","HLA-DMB - CD4","MHC-II","Cell-Cell Contact","KEGG: hsa04514","PBMC_Early"
"pDC","pDC","HLA-DMB","CD4",0.0494191053436626,0,"HLA-DMB_CD4","HLA-DMB - CD4","MHC-II","Cell-Cell Contact","KEGG: hsa04514","PBMC_Early"
"Pro-B","pDC","HLA-DMB","CD4",0.00484476664120459,0,"HLA-DMB_CD4","HLA-DMB - CD4","MHC-II","Cell-Cell Contact","KEGG: hsa04514","PBMC_Early"
"CD14+PPBP+ Monocytes","Tem","HLA-DMB","CD4",0.0028225753609635,0,"HLA-DMB_CD4","HLA-DMB - CD4","MHC-II","Cell-Cell Contact","KEGG: hsa04514","PBMC_Early"
"Classical Monocytes","Tem","HLA-DMB","CD4",0.00333349862612047,0,"HLA-DMB_CD4","HLA-DMB - CD4","MHC-II","Cell-Cell Contact","KEGG: hsa04514","PBMC_Early"
"CXCR5- Naïve B","Tem","HLA-DMB","CD4",0.0127603337143678,0,"HLA-DMB_CD4","HLA-DMB - CD4","MHC-II","Cell-Cell Contact","KEGG: hsa04514","PBMC_Early"
"CXCR5+ Naïve B","Tem","HLA-DMB","CD4",0.0132447567035639,0,"HLA-DMB_CD4","HLA-DMB - CD4","MHC-II","Cell-Cell Contact","KEGG: hsa04514","PBMC_Early"
"DC2","Tem","HLA-DMB","CD4",0.0164808347451133,0,"HLA-DMB_CD4","HLA-DMB - CD4","MHC-II","Cell-Cell Contact","KEGG: hsa04514","PBMC_Early"
"pDC","Tem","HLA-DMB","CD4",0.0153354280970133,0,"HLA-DMB_CD4","HLA-DMB - CD4","MHC-II","Cell-Cell Contact","KEGG: hsa04514","PBMC_Early"
"Pro-B","Tem","HLA-DMB","CD4",0.00145630017584276,0,"HLA-DMB_CD4","HLA-DMB - CD4","MHC-II","Cell-Cell Contact","KEGG: hsa04514","PBMC_Early"
"CD14+PPBP+ Monocytes","Th17like_INNATE_T","HLA-DMB","CD4",0.00291634444611203,0,"HLA-DMB_CD4","HLA-DMB - CD4","MHC-II","Cell-Cell Contact","KEGG: hsa04514","PBMC_Early"
"Classical Monocytes","Th17like_INNATE_T","HLA-DMB","CD4",0.0034441825239173,0,"HLA-DMB_CD4","HLA-DMB - CD4","MHC-II","Cell-Cell Contact","KEGG: hsa04514","PBMC_Early"
"CXCR5- Naïve B","Th17like_INNATE_T","HLA-DMB","CD4",0.0131798825907943,0,"HLA-DMB_CD4","HLA-DMB - CD4","MHC-II","Cell-Cell Contact","KEGG: hsa04514","PBMC_Early"
"CXCR5+ Naïve B","Th17like_INNATE_T","HLA-DMB","CD4",0.0136800122907519,0,"HLA-DMB_CD4","HLA-DMB - CD4","MHC-II","Cell-Cell Contact","KEGG: hsa04514","PBMC_Early"
"DC2","Th17like_INNATE_T","HLA-DMB","CD4",0.0170206015297097,0,"HLA-DMB_CD4","HLA-DMB - CD4","MHC-II","Cell-Cell Contact","KEGG: hsa04514","PBMC_Early"
"pDC","Th17like_INNATE_T","HLA-DMB","CD4",0.015838285566744,0,"HLA-DMB_CD4","HLA-DMB - CD4","MHC-II","Cell-Cell Contact","KEGG: hsa04514","PBMC_Early"
"Pro-B","Th17like_INNATE_T","HLA-DMB","CD4",0.0015047485760803,0,"HLA-DMB_CD4","HLA-DMB - CD4","MHC-II","Cell-Cell Contact","KEGG: hsa04514","PBMC_Early"
"CD14+PPBP+ Monocytes","Treg","HLA-DMB","CD4",0.00333361924984268,0,"HLA-DMB_CD4","HLA-DMB - CD4","MHC-II","Cell-Cell Contact","KEGG: hsa04514","PBMC_Early"
"Classical Monocytes","Treg","HLA-DMB","CD4",0.00393668298428096,0,"HLA-DMB_CD4","HLA-DMB - CD4","MHC-II","Cell-Cell Contact","KEGG: hsa04514","PBMC_Early"
"CXCR5- Naïve B","Treg","HLA-DMB","CD4",0.0150435229960411,0,"HLA-DMB_CD4","HLA-DMB - CD4","MHC-II","Cell-Cell Contact","KEGG: hsa04514","PBMC_Early"
"CXCR5+ Naïve B","Treg","HLA-DMB","CD4",0.0156132523324404,0,"HLA-DMB_CD4","HLA-DMB - CD4","MHC-II","Cell-Cell Contact","KEGG: hsa04514","PBMC_Early"
"DC2","Treg","HLA-DMB","CD4",0.0194166354477271,0,"HLA-DMB_CD4","HLA-DMB - CD4","MHC-II","Cell-Cell Contact","KEGG: hsa04514","PBMC_Early"
"pDC","Treg","HLA-DMB","CD4",0.0180709415856368,0,"HLA-DMB_CD4","HLA-DMB - CD4","MHC-II","Cell-Cell Contact","KEGG: hsa04514","PBMC_Early"
"Pro-B","Treg","HLA-DMB","CD4",0.00172039868098652,0,"HLA-DMB_CD4","HLA-DMB - CD4","MHC-II","Cell-Cell Contact","KEGG: hsa04514","PBMC_Early"
"DC2","CD14+PPBP+ Monocytes","HLA-DQA2","CD4",0.00299257347070383,0,"HLA-DQA2_CD4","HLA-DQA2 - CD4","MHC-II","Cell-Cell Contact","KEGG: hsa04514","PBMC_Early"
"DC2","Classical Monocytes","HLA-DQA2","CD4",0.00174089045660955,0,"HLA-DQA2_CD4","HLA-DQA2 - CD4","MHC-II","Cell-Cell Contact","KEGG: hsa04514","PBMC_Early"
"DC2","DC2","HLA-DQA2","CD4",0.00342058548961998,0,"HLA-DQA2_CD4","HLA-DQA2 - CD4","MHC-II","Cell-Cell Contact","KEGG: hsa04514","PBMC_Early"
"DC2","Naïve CD4 T","HLA-DQA2","CD4",0.00159160431999506,0,"HLA-DQA2_CD4","HLA-DQA2 - CD4","MHC-II","Cell-Cell Contact","KEGG: hsa04514","PBMC_Early"
"DC2","pDC","HLA-DQA2","CD4",0.00464847154304332,0,"HLA-DQA2_CD4","HLA-DQA2 - CD4","MHC-II","Cell-Cell Contact","KEGG: hsa04514","PBMC_Early"
"DC2","Tem","HLA-DQA2","CD4",0.0013971026129574,0,"HLA-DQA2_CD4","HLA-DQA2 - CD4","MHC-II","Cell-Cell Contact","KEGG: hsa04514","PBMC_Early"
"DC2","Th17like_INNATE_T","HLA-DQA2","CD4",0.00144358446743089,0,"HLA-DQA2_CD4","HLA-DQA2 - CD4","MHC-II","Cell-Cell Contact","KEGG: hsa04514","PBMC_Early"
"DC2","Treg","HLA-DQA2","CD4",0.00165048344680353,0,"HLA-DQA2_CD4","HLA-DQA2 - CD4","MHC-II","Cell-Cell Contact","KEGG: hsa04514","PBMC_Early"
"DC2","CD14+PPBP+ Monocytes","HLA-DOA","CD4",0.00424083203640848,0,"HLA-DOA_CD4","HLA-DOA - CD4","MHC-II","Cell-Cell Contact","KEGG: hsa04514","PBMC_Early"
"DC2","Classical Monocytes","HLA-DOA","CD4",0.0024683411331091,0,"HLA-DOA_CD4","HLA-DOA - CD4","MHC-II","Cell-Cell Contact","KEGG: hsa04514","PBMC_Early"
"DC2","DC2","HLA-DOA","CD4",0.00484650804911985,0,"HLA-DOA_CD4","HLA-DOA - CD4","MHC-II","Cell-Cell Contact","KEGG: hsa04514","PBMC_Early"
"DC2","Naïve CD4 T","HLA-DOA","CD4",0.00225681513128122,0,"HLA-DOA_CD4","HLA-DOA - CD4","MHC-II","Cell-Cell Contact","KEGG: hsa04514","PBMC_Early"
"DC2","pDC","HLA-DOA","CD4",0.00658287579570319,0,"HLA-DOA_CD4","HLA-DOA - CD4","MHC-II","Cell-Cell Contact","KEGG: hsa04514","PBMC_Early"
"DC2","Tem","HLA-DOA","CD4",0.00198118277294874,0,"HLA-DOA_CD4","HLA-DOA - CD4","MHC-II","Cell-Cell Contact","KEGG: hsa04514","PBMC_Early"
"DC2","Th17like_INNATE_T","HLA-DOA","CD4",0.00204705724409287,0,"HLA-DOA_CD4","HLA-DOA - CD4","MHC-II","Cell-Cell Contact","KEGG: hsa04514","PBMC_Early"
"DC2","Treg","HLA-DOA","CD4",0.00234024509943099,0,"HLA-DOA_CD4","HLA-DOA - CD4","MHC-II","Cell-Cell Contact","KEGG: hsa04514","PBMC_Early"
"CXCR5- Naïve B","CD14+PPBP+ Monocytes","HLA-DOB","CD4",0.00591445159625436,0,"HLA-DOB_CD4","HLA-DOB - CD4","MHC-II","Cell-Cell Contact","KEGG: hsa04514","PBMC_Early"
"CXCR5+ Naïve B","CD14+PPBP+ Monocytes","HLA-DOB","CD4",0.00771647454686726,0,"HLA-DOB_CD4","HLA-DOB - CD4","MHC-II","Cell-Cell Contact","KEGG: hsa04514","PBMC_Early"
"CXCR5- Naïve B","Classical Monocytes","HLA-DOB","CD4",0.00344487749010746,0,"HLA-DOB_CD4","HLA-DOB - CD4","MHC-II","Cell-Cell Contact","KEGG: hsa04514","PBMC_Early"
"CXCR5+ Naïve B","Classical Monocytes","HLA-DOB","CD4",0.00449787181253337,0,"HLA-DOB_CD4","HLA-DOB - CD4","MHC-II","Cell-Cell Contact","KEGG: hsa04514","PBMC_Early"
"CXCR5- Naïve B","DC2","HLA-DOB","CD4",0.00675753199668592,0,"HLA-DOB_CD4","HLA-DOB - CD4","MHC-II","Cell-Cell Contact","KEGG: hsa04514","PBMC_Early"
"CXCR5+ Naïve B","DC2","HLA-DOB","CD4",0.00881414823266539,0,"HLA-DOB_CD4","HLA-DOB - CD4","MHC-II","Cell-Cell Contact","KEGG: hsa04514","PBMC_Early"
"CXCR5- Naïve B","Naïve CD4 T","HLA-DOB","CD4",0.00314993086225071,0,"HLA-DOB_CD4","HLA-DOB - CD4","MHC-II","Cell-Cell Contact","KEGG: hsa04514","PBMC_Early"
"CXCR5+ Naïve B","Naïve CD4 T","HLA-DOB","CD4",0.00411314107419663,0,"HLA-DOB_CD4","HLA-DOB - CD4","MHC-II","Cell-Cell Contact","KEGG: hsa04514","PBMC_Early"
"CXCR5- Naïve B","pDC","HLA-DOB","CD4",0.0091722554456901,0,"HLA-DOB_CD4","HLA-DOB - CD4","MHC-II","Cell-Cell Contact","KEGG: hsa04514","PBMC_Early"
"CXCR5+ Naïve B","pDC","HLA-DOB","CD4",0.0119549334187839,0,"HLA-DOB_CD4","HLA-DOB - CD4","MHC-II","Cell-Cell Contact","KEGG: hsa04514","PBMC_Early"
"CXCR5- Naïve B","Tem","HLA-DOB","CD4",0.00276552164443399,0,"HLA-DOB_CD4","HLA-DOB - CD4","MHC-II","Cell-Cell Contact","KEGG: hsa04514","PBMC_Early"
"CXCR5+ Naïve B","Tem","HLA-DOB","CD4",0.00361161011146163,0,"HLA-DOB_CD4","HLA-DOB - CD4","MHC-II","Cell-Cell Contact","KEGG: hsa04514","PBMC_Early"
"CXCR5- Naïve B","Th17like_INNATE_T","HLA-DOB","CD4",0.00285740077303057,0,"HLA-DOB_CD4","HLA-DOB - CD4","MHC-II","Cell-Cell Contact","KEGG: hsa04514","PBMC_Early"
"CXCR5+ Naïve B","Th17like_INNATE_T","HLA-DOB","CD4",0.00373149371740583,0,"HLA-DOB_CD4","HLA-DOB - CD4","MHC-II","Cell-Cell Contact","KEGG: hsa04514","PBMC_Early"
"CXCR5- Naïve B","Treg","HLA-DOB","CD4",0.00326626945777193,0,"HLA-DOB_CD4","HLA-DOB - CD4","MHC-II","Cell-Cell Contact","KEGG: hsa04514","PBMC_Early"
"CXCR5+ Naïve B","Treg","HLA-DOB","CD4",0.00426490238192919,0,"HLA-DOB_CD4","HLA-DOB - CD4","MHC-II","Cell-Cell Contact","KEGG: hsa04514","PBMC_Early"
"CD14+PPBP+ Monocytes","CD14+PPBP+ Monocytes","HLA-DQB1","CD4",0.00391037026372203,0,"HLA-DQB1_CD4","HLA-DQB1 - CD4","MHC-II","Cell-Cell Contact","KEGG: hsa04514","PBMC_Early"
"Classical Monocytes","CD14+PPBP+ Monocytes","HLA-DQB1","CD4",0.00717064749783293,0,"HLA-DQB1_CD4","HLA-DQB1 - CD4","MHC-II","Cell-Cell Contact","KEGG: hsa04514","PBMC_Early"
"CXCR5- Naïve B","CD14+PPBP+ Monocytes","HLA-DQB1","CD4",0.0346673674866329,0,"HLA-DQB1_CD4","HLA-DQB1 - CD4","MHC-II","Cell-Cell Contact","KEGG: hsa04514","PBMC_Early"
"CXCR5+ Naïve B","CD14+PPBP+ Monocytes","HLA-DQB1","CD4",0.0499992581562501,0,"HLA-DQB1_CD4","HLA-DQB1 - CD4","MHC-II","Cell-Cell Contact","KEGG: hsa04514","PBMC_Early"
"DC2","CD14+PPBP+ Monocytes","HLA-DQB1","CD4",0.0499815924425863,0,"HLA-DQB1_CD4","HLA-DQB1 - CD4","MHC-II","Cell-Cell Contact","KEGG: hsa04514","PBMC_Early"
"pDC","CD14+PPBP+ Monocytes","HLA-DQB1","CD4",0.0195159970850307,0,"HLA-DQB1_CD4","HLA-DQB1 - CD4","MHC-II","Cell-Cell Contact","KEGG: hsa04514","PBMC_Early"
"Pro-B","CD14+PPBP+ Monocytes","HLA-DQB1","CD4",0.00325589640893595,0,"HLA-DQB1_CD4","HLA-DQB1 - CD4","MHC-II","Cell-Cell Contact","KEGG: hsa04514","PBMC_Early"
"CD14+PPBP+ Monocytes","Classical Monocytes","HLA-DQB1","CD4",0.00227568294339686,0,"HLA-DQB1_CD4","HLA-DQB1 - CD4","MHC-II","Cell-Cell Contact","KEGG: hsa04514","PBMC_Early"
"Classical Monocytes","Classical Monocytes","HLA-DQB1","CD4",0.00417875478433225,0,"HLA-DQB1_CD4","HLA-DQB1 - CD4","MHC-II","Cell-Cell Contact","KEGG: hsa04514","PBMC_Early"
"CXCR5- Naïve B","Classical Monocytes","HLA-DQB1","CD4",0.020438882589054,0,"HLA-DQB1_CD4","HLA-DQB1 - CD4","MHC-II","Cell-Cell Contact","KEGG: hsa04514","PBMC_Early"
"CXCR5+ Naïve B","Classical Monocytes","HLA-DQB1","CD4",0.0296715421619015,0,"HLA-DQB1_CD4","HLA-DQB1 - CD4","MHC-II","Cell-Cell Contact","KEGG: hsa04514","PBMC_Early"
"DC2","Classical Monocytes","HLA-DQB1","CD4",0.0296608343856885,0,"HLA-DQB1_CD4","HLA-DQB1 - CD4","MHC-II","Cell-Cell Contact","KEGG: hsa04514","PBMC_Early"
"pDC","Classical Monocytes","HLA-DQB1","CD4",0.0114324241421076,0,"HLA-DQB1_CD4","HLA-DQB1 - CD4","MHC-II","Cell-Cell Contact","KEGG: hsa04514","PBMC_Early"
"Pro-B","Classical Monocytes","HLA-DQB1","CD4",0.00189428438957606,0,"HLA-DQB1_CD4","HLA-DQB1 - CD4","MHC-II","Cell-Cell Contact","KEGG: hsa04514","PBMC_Early"
"CD14+PPBP+ Monocytes","DC2","HLA-DQB1","CD4",0.00446906151907268,0,"HLA-DQB1_CD4","HLA-DQB1 - CD4","MHC-II","Cell-Cell Contact","KEGG: hsa04514","PBMC_Early"
"Classical Monocytes","DC2","HLA-DQB1","CD4",0.00819131787415118,0,"HLA-DQB1_CD4","HLA-DQB1 - CD4","MHC-II","Cell-Cell Contact","KEGG: hsa04514","PBMC_Early"
"CXCR5- Naïve B","DC2","HLA-DQB1","CD4",0.0394464187661749,0,"HLA-DQB1_CD4","HLA-DQB1 - CD4","MHC-II","Cell-Cell Contact","KEGG: hsa04514","PBMC_Early"
"CXCR5+ Naïve B","DC2","HLA-DQB1","CD4",0.0567675878800899,0,"HLA-DQB1_CD4","HLA-DQB1 - CD4","MHC-II","Cell-Cell Contact","KEGG: hsa04514","PBMC_Early"
"DC2","DC2","HLA-DQB1","CD4",0.0567476736311476,0,"HLA-DQB1_CD4","HLA-DQB1 - CD4","MHC-II","Cell-Cell Contact","KEGG: hsa04514","PBMC_Early"
"pDC","DC2","HLA-DQB1","CD4",0.0222545163093625,0,"HLA-DQB1_CD4","HLA-DQB1 - CD4","MHC-II","Cell-Cell Contact","KEGG: hsa04514","PBMC_Early"
"Pro-B","DC2","HLA-DQB1","CD4",0.00372142954452675,0,"HLA-DQB1_CD4","HLA-DQB1 - CD4","MHC-II","Cell-Cell Contact","KEGG: hsa04514","PBMC_Early"
"CD14+PPBP+ Monocytes","Naïve CD4 T","HLA-DQB1","CD4",0.00208063246670986,0,"HLA-DQB1_CD4","HLA-DQB1 - CD4","MHC-II","Cell-Cell Contact","KEGG: hsa04514","PBMC_Early"
"Classical Monocytes","Naïve CD4 T","HLA-DQB1","CD4",0.00382121531975625,0,"HLA-DQB1_CD4","HLA-DQB1 - CD4","MHC-II","Cell-Cell Contact","KEGG: hsa04514","PBMC_Early"
"CXCR5- Naïve B","Naïve CD4 T","HLA-DQB1","CD4",0.0187162543429345,0,"HLA-DQB1_CD4","HLA-DQB1 - CD4","MHC-II","Cell-Cell Contact","KEGG: hsa04514","PBMC_Early"
"CXCR5+ Naïve B","Naïve CD4 T","HLA-DQB1","CD4",0.0271923687932999,0,"HLA-DQB1_CD4","HLA-DQB1 - CD4","MHC-II","Cell-Cell Contact","KEGG: hsa04514","PBMC_Early"
"DC2","Naïve CD4 T","HLA-DQB1","CD4",0.0271825306304205,0,"HLA-DQB1_CD4","HLA-DQB1 - CD4","MHC-II","Cell-Cell Contact","KEGG: hsa04514","PBMC_Early"
"pDC","Naïve CD4 T","HLA-DQB1","CD4",0.0104607712350691,0,"HLA-DQB1_CD4","HLA-DQB1 - CD4","MHC-II","Cell-Cell Contact","KEGG: hsa04514","PBMC_Early"
"Pro-B","Naïve CD4 T","HLA-DQB1","CD4",0.00173186712265956,0,"HLA-DQB1_CD4","HLA-DQB1 - CD4","MHC-II","Cell-Cell Contact","KEGG: hsa04514","PBMC_Early"
"CD14+PPBP+ Monocytes","pDC","HLA-DQB1","CD4",0.00607102574634829,0,"HLA-DQB1_CD4","HLA-DQB1 - CD4","MHC-II","Cell-Cell Contact","KEGG: hsa04514","PBMC_Early"
"Classical Monocytes","pDC","HLA-DQB1","CD4",0.0111126553393841,0,"HLA-DQB1_CD4","HLA-DQB1 - CD4","MHC-II","Cell-Cell Contact","KEGG: hsa04514","PBMC_Early"
"CXCR5- Naïve B","pDC","HLA-DQB1","CD4",0.0529197654185002,0,"HLA-DQB1_CD4","HLA-DQB1 - CD4","MHC-II","Cell-Cell Contact","KEGG: hsa04514","PBMC_Early"
"CXCR5+ Naïve B","pDC","HLA-DQB1","CD4",0.0756909703193646,0,"HLA-DQB1_CD4","HLA-DQB1 - CD4","MHC-II","Cell-Cell Contact","KEGG: hsa04514","PBMC_Early"
"DC2","pDC","HLA-DQB1","CD4",0.0756649502110597,0,"HLA-DQB1_CD4","HLA-DQB1 - CD4","MHC-II","Cell-Cell Contact","KEGG: hsa04514","PBMC_Early"
"pDC","pDC","HLA-DQB1","CD4",0.0300394223074266,0,"HLA-DQB1_CD4","HLA-DQB1 - CD4","MHC-II","Cell-Cell Contact","KEGG: hsa04514","PBMC_Early"
"Pro-B","pDC","HLA-DQB1","CD4",0.00505676148110795,0,"HLA-DQB1_CD4","HLA-DQB1 - CD4","MHC-II","Cell-Cell Contact","KEGG: hsa04514","PBMC_Early"
"CD14+PPBP+ Monocytes","Tem","HLA-DQB1","CD4",0.00182647849410734,0,"HLA-DQB1_CD4","HLA-DQB1 - CD4","MHC-II","Cell-Cell Contact","KEGG: hsa04514","PBMC_Early"
"Classical Monocytes","Tem","HLA-DQB1","CD4",0.00335516005427426,0,"HLA-DQB1_CD4","HLA-DQB1 - CD4","MHC-II","Cell-Cell Contact","KEGG: hsa04514","PBMC_Early"
"CXCR5- Naïve B","Tem","HLA-DQB1","CD4",0.0164635464240763,0,"HLA-DQB1_CD4","HLA-DQB1 - CD4","MHC-II","Cell-Cell Contact","KEGG: hsa04514","PBMC_Early"
"CXCR5+ Naïve B","Tem","HLA-DQB1","CD4",0.0239443606989702,0,"HLA-DQB1_CD4","HLA-DQB1 - CD4","MHC-II","Cell-Cell Contact","KEGG: hsa04514","PBMC_Early"
"DC2","Tem","HLA-DQB1","CD4",0.0239356687474682,0,"HLA-DQB1_CD4","HLA-DQB1 - CD4","MHC-II","Cell-Cell Contact","KEGG: hsa04514","PBMC_Early"
"pDC","Tem","HLA-DQB1","CD4",0.00919239375430464,0,"HLA-DQB1_CD4","HLA-DQB1 - CD4","MHC-II","Cell-Cell Contact","KEGG: hsa04514","PBMC_Early"
"Pro-B","Tem","HLA-DQB1","CD4",0.00152025072600046,0,"HLA-DQB1_CD4","HLA-DQB1 - CD4","MHC-II","Cell-Cell Contact","KEGG: hsa04514","PBMC_Early"
"CD14+PPBP+ Monocytes","Th17like_INNATE_T","HLA-DQB1","CD4",0.00188721876372926,0,"HLA-DQB1_CD4","HLA-DQB1 - CD4","MHC-II","Cell-Cell Contact","KEGG: hsa04514","PBMC_Early"
"Classical Monocytes","Th17like_INNATE_T","HLA-DQB1","CD4",0.00346656068618231,0,"HLA-DQB1_CD4","HLA-DQB1 - CD4","MHC-II","Cell-Cell Contact","KEGG: hsa04514","PBMC_Early"
"CXCR5- Naïve B","Th17like_INNATE_T","HLA-DQB1","CD4",0.0170027567842624,0,"HLA-DQB1_CD4","HLA-DQB1 - CD4","MHC-II","Cell-Cell Contact","KEGG: hsa04514","PBMC_Early"
"CXCR5+ Naïve B","Th17like_INNATE_T","HLA-DQB1","CD4",0.0247224223692647,0,"HLA-DQB1_CD4","HLA-DQB1 - CD4","MHC-II","Cell-Cell Contact","KEGG: hsa04514","PBMC_Early"
"DC2","Th17like_INNATE_T","HLA-DQB1","CD4",0.0247134551278811,0,"HLA-DQB1_CD4","HLA-DQB1 - CD4","MHC-II","Cell-Cell Contact","KEGG: hsa04514","PBMC_Early"
"pDC","Th17like_INNATE_T","HLA-DQB1","CD4",0.00949576016509505,0,"HLA-DQB1_CD4","HLA-DQB1 - CD4","MHC-II","Cell-Cell Contact","KEGG: hsa04514","PBMC_Early"
"Pro-B","Th17like_INNATE_T","HLA-DQB1","CD4",0.0015708232953606,0,"HLA-DQB1_CD4","HLA-DQB1 - CD4","MHC-II","Cell-Cell Contact","KEGG: hsa04514","PBMC_Early"
"CD14+PPBP+ Monocytes","Treg","HLA-DQB1","CD4",0.00215756339631756,0,"HLA-DQB1_CD4","HLA-DQB1 - CD4","MHC-II","Cell-Cell Contact","KEGG: hsa04514","PBMC_Early"
"Classical Monocytes","Treg","HLA-DQB1","CD4",0.003962248386266,0,"HLA-DQB1_CD4","HLA-DQB1 - CD4","MHC-II","Cell-Cell Contact","KEGG: hsa04514","PBMC_Early"
"CXCR5- Naïve B","Treg","HLA-DQB1","CD4",0.0193963282197425,0,"HLA-DQB1_CD4","HLA-DQB1 - CD4","MHC-II","Cell-Cell Contact","KEGG: hsa04514","PBMC_Early"
"CXCR5+ Naïve B","Treg","HLA-DQB1","CD4",0.0281715887875962,0,"HLA-DQB1_CD4","HLA-DQB1 - CD4","MHC-II","Cell-Cell Contact","KEGG: hsa04514","PBMC_Early"
"DC2","Treg","HLA-DQB1","CD4",0.0281614066001444,0,"HLA-DQB1_CD4","HLA-DQB1 - CD4","MHC-II","Cell-Cell Contact","KEGG: hsa04514","PBMC_Early"
"pDC","Treg","HLA-DQB1","CD4",0.0108441888408175,0,"HLA-DQB1_CD4","HLA-DQB1 - CD4","MHC-II","Cell-Cell Contact","KEGG: hsa04514","PBMC_Early"
"Pro-B","Treg","HLA-DQB1","CD4",0.00179592573776937,0,"HLA-DQB1_CD4","HLA-DQB1 - CD4","MHC-II","Cell-Cell Contact","KEGG: hsa04514","PBMC_Early"
"CD14+PPBP+ Monocytes","CD14+PPBP+ Monocytes","HLA-DRA","CD4",0.0582977152376971,0,"HLA-DRA_CD4","HLA-DRA - CD4","MHC-II","Cell-Cell Contact","KEGG: hsa04514","PBMC_Early"
"Classical Monocytes","CD14+PPBP+ Monocytes","HLA-DRA","CD4",0.065027603522253,0,"HLA-DRA_CD4","HLA-DRA - CD4","MHC-II","Cell-Cell Contact","KEGG: hsa04514","PBMC_Early"
"CXCR5- Naïve B","CD14+PPBP+ Monocytes","HLA-DRA","CD4",0.0956172602869869,0,"HLA-DRA_CD4","HLA-DRA - CD4","MHC-II","Cell-Cell Contact","KEGG: hsa04514","PBMC_Early"
"CXCR5+ Naïve B","CD14+PPBP+ Monocytes","HLA-DRA","CD4",0.0957642870004193,0,"HLA-DRA_CD4","HLA-DRA - CD4","MHC-II","Cell-Cell Contact","KEGG: hsa04514","PBMC_Early"
"DC2","CD14+PPBP+ Monocytes","HLA-DRA","CD4",0.101103996493243,0,"HLA-DRA_CD4","HLA-DRA - CD4","MHC-II","Cell-Cell Contact","KEGG: hsa04514","PBMC_Early"
"HSC_MPP","CD14+PPBP+ Monocytes","HLA-DRA","CD4",0.0484366535204066,0,"HLA-DRA_CD4","HLA-DRA - CD4","MHC-II","Cell-Cell Contact","KEGG: hsa04514","PBMC_Early"
"MEMP","CD14+PPBP+ Monocytes","HLA-DRA","CD4",0.0177343195983728,0,"HLA-DRA_CD4","HLA-DRA - CD4","MHC-II","Cell-Cell Contact","KEGG: hsa04514","PBMC_Early"
"Myeloid-CD177","CD14+PPBP+ Monocytes","HLA-DRA","CD4",0.0151629227549043,0,"HLA-DRA_CD4","HLA-DRA - CD4","MHC-II","Cell-Cell Contact","KEGG: hsa04514","PBMC_Early"
"pDC","CD14+PPBP+ Monocytes","HLA-DRA","CD4",0.0837076559534731,0,"HLA-DRA_CD4","HLA-DRA - CD4","MHC-II","Cell-Cell Contact","KEGG: hsa04514","PBMC_Early"
"Pro-B","CD14+PPBP+ Monocytes","HLA-DRA","CD4",0.0797455554714759,0,"HLA-DRA_CD4","HLA-DRA - CD4","MHC-II","Cell-Cell Contact","KEGG: hsa04514","PBMC_Early"
"CD14+PPBP+ Monocytes","Classical Monocytes","HLA-DRA","CD4",0.0347194780367691,0,"HLA-DRA_CD4","HLA-DRA - CD4","MHC-II","Cell-Cell Contact","KEGG: hsa04514","PBMC_Early"
"Classical Monocytes","Classical Monocytes","HLA-DRA","CD4",0.0388397560212662,0,"HLA-DRA_CD4","HLA-DRA - CD4","MHC-II","Cell-Cell Contact","KEGG: hsa04514","PBMC_Early"
"CXCR5- Naïve B","Classical Monocytes","HLA-DRA","CD4",0.057872901985202,0,"HLA-DRA_CD4","HLA-DRA - CD4","MHC-II","Cell-Cell Contact","KEGG: hsa04514","PBMC_Early"
"CXCR5+ Naïve B","Classical Monocytes","HLA-DRA","CD4",0.0579656106476584,0,"HLA-DRA_CD4","HLA-DRA - CD4","MHC-II","Cell-Cell Contact","KEGG: hsa04514","PBMC_Early"
"DC2","Classical Monocytes","HLA-DRA","CD4",0.0613406824117287,0,"HLA-DRA_CD4","HLA-DRA - CD4","MHC-II","Cell-Cell Contact","KEGG: hsa04514","PBMC_Early"
"HSC_MPP","Classical Monocytes","HLA-DRA","CD4",0.0287250213606402,0,"HLA-DRA_CD4","HLA-DRA - CD4","MHC-II","Cell-Cell Contact","KEGG: hsa04514","PBMC_Early"
"MEMP","Classical Monocytes","HLA-DRA","CD4",0.0103809084196621,0,"HLA-DRA_CD4","HLA-DRA - CD4","MHC-II","Cell-Cell Contact","KEGG: hsa04514","PBMC_Early"
"Myeloid-CD177","Classical Monocytes","HLA-DRA","CD4",0.00886609942340701,0,"HLA-DRA_CD4","HLA-DRA - CD4","MHC-II","Cell-Cell Contact","KEGG: hsa04514","PBMC_Early"
"pDC","Classical Monocytes","HLA-DRA","CD4",0.0504025376127859,0,"HLA-DRA_CD4","HLA-DRA - CD4","MHC-II","Cell-Cell Contact","KEGG: hsa04514","PBMC_Early"
"Pro-B","Classical Monocytes","HLA-DRA","CD4",0.0479343869712305,0,"HLA-DRA_CD4","HLA-DRA - CD4","MHC-II","Cell-Cell Contact","KEGG: hsa04514","PBMC_Early"
"CD14+PPBP+ Monocytes","DC2","HLA-DRA","CD4",0.0661112207476702,0,"HLA-DRA_CD4","HLA-DRA - CD4","MHC-II","Cell-Cell Contact","KEGG: hsa04514","PBMC_Early"
"Classical Monocytes","DC2","HLA-DRA","CD4",0.0736725343199174,0,"HLA-DRA_CD4","HLA-DRA - CD4","MHC-II","Cell-Cell Contact","KEGG: hsa04514","PBMC_Early"
"CXCR5- Naïve B","DC2","HLA-DRA","CD4",0.107859719755475,0,"HLA-DRA_CD4","HLA-DRA - CD4","MHC-II","Cell-Cell Contact","KEGG: hsa04514","PBMC_Early"
"CXCR5+ Naïve B","DC2","HLA-DRA","CD4",0.10802332268819,0,"HLA-DRA_CD4","HLA-DRA - CD4","MHC-II","Cell-Cell Contact","KEGG: hsa04514","PBMC_Early"
"DC2","DC2","HLA-DRA","CD4",0.113960434770021,0,"HLA-DRA_CD4","HLA-DRA - CD4","MHC-II","Cell-Cell Contact","KEGG: hsa04514","PBMC_Early"
"HSC_MPP","DC2","HLA-DRA","CD4",0.0550057032332033,0,"HLA-DRA_CD4","HLA-DRA - CD4","MHC-II","Cell-Cell Contact","KEGG: hsa04514","PBMC_Early"
"MEMP","DC2","HLA-DRA","CD4",0.0202279885086734,0,"HLA-DRA_CD4","HLA-DRA - CD4","MHC-II","Cell-Cell Contact","KEGG: hsa04514","PBMC_Early"
"Myeloid-CD177","DC2","HLA-DRA","CD4",0.017301389472294,0,"HLA-DRA_CD4","HLA-DRA - CD4","MHC-II","Cell-Cell Contact","KEGG: hsa04514","PBMC_Early"
"pDC","DC2","HLA-DRA","CD4",0.0945847334932952,0,"HLA-DRA_CD4","HLA-DRA - CD4","MHC-II","Cell-Cell Contact","KEGG: hsa04514","PBMC_Early"
"Pro-B","DC2","HLA-DRA","CD4",0.0901584503526713,0,"HLA-DRA_CD4","HLA-DRA - CD4","MHC-II","Cell-Cell Contact","KEGG: hsa04514","PBMC_Early"
"CD14+PPBP+ Monocytes","Naïve CD4 T","HLA-DRA","CD4",0.0318323665314778,0,"HLA-DRA_CD4","HLA-DRA - CD4","MHC-II","Cell-Cell Contact","KEGG: hsa04514","PBMC_Early"
"Classical Monocytes","Naïve CD4 T","HLA-DRA","CD4",0.035622665374135,0,"HLA-DRA_CD4","HLA-DRA - CD4","MHC-II","Cell-Cell Contact","KEGG: hsa04514","PBMC_Early"
"CXCR5- Naïve B","Naïve CD4 T","HLA-DRA","CD4",0.0531665036251228,0,"HLA-DRA_CD4","HLA-DRA - CD4","MHC-II","Cell-Cell Contact","KEGG: hsa04514","PBMC_Early"
"CXCR5+ Naïve B","Naïve CD4 T","HLA-DRA","CD4",0.0532520990889694,0,"HLA-DRA_CD4","HLA-DRA - CD4","MHC-II","Cell-Cell Contact","KEGG: hsa04514","PBMC_Early"
"DC2","Naïve CD4 T","HLA-DRA","CD4",0.0563691469045696,0,"HLA-DRA_CD4","HLA-DRA - CD4","MHC-II","Cell-Cell Contact","KEGG: hsa04514","PBMC_Early"
"HSC_MPP","Naïve CD4 T","HLA-DRA","CD4",0.0263227880972327,0,"HLA-DRA_CD4","HLA-DRA - CD4","MHC-II","Cell-Cell Contact","KEGG: hsa04514","PBMC_Early"
"MEMP","Naïve CD4 T","HLA-DRA","CD4",0.00949776623674002,0,"HLA-DRA_CD4","HLA-DRA - CD4","MHC-II","Cell-Cell Contact","KEGG: hsa04514","PBMC_Early"
"Myeloid-CD177","Naïve CD4 T","HLA-DRA","CD4",0.00811077142854019,0,"HLA-DRA_CD4","HLA-DRA - CD4","MHC-II","Cell-Cell Contact","KEGG: hsa04514","PBMC_Early"
"pDC","Naïve CD4 T","HLA-DRA","CD4",0.0462738129642387,0,"HLA-DRA_CD4","HLA-DRA - CD4","MHC-II","Cell-Cell Contact","KEGG: hsa04514","PBMC_Early"
"Pro-B","Naïve CD4 T","HLA-DRA","CD4",0.0439984732149106,0,"HLA-DRA_CD4","HLA-DRA - CD4","MHC-II","Cell-Cell Contact","KEGG: hsa04514","PBMC_Early"
"CD14+PPBP+ Monocytes","pDC","HLA-DRA","CD4",0.0878591647083758,0,"HLA-DRA_CD4","HLA-DRA - CD4","MHC-II","Cell-Cell Contact","KEGG: hsa04514","PBMC_Early"
"Classical Monocytes","pDC","HLA-DRA","CD4",0.097647767337048,0,"HLA-DRA_CD4","HLA-DRA - CD4","MHC-II","Cell-Cell Contact","KEGG: hsa04514","PBMC_Early"
"CXCR5- Naïve B","pDC","HLA-DRA","CD4",0.141263849606932,0,"HLA-DRA_CD4","HLA-DRA - CD4","MHC-II","Cell-Cell Contact","KEGG: hsa04514","PBMC_Early"
"CXCR5+ Naïve B","pDC","HLA-DRA","CD4",0.141470085744835,0,"HLA-DRA_CD4","HLA-DRA - CD4","MHC-II","Cell-Cell Contact","KEGG: hsa04514","PBMC_Early"
"DC2","pDC","HLA-DRA","CD4",0.148938530050672,0,"HLA-DRA_CD4","HLA-DRA - CD4","MHC-II","Cell-Cell Contact","KEGG: hsa04514","PBMC_Early"
"HSC_MPP","pDC","HLA-DRA","CD4",0.0733874603905902,0,"HLA-DRA_CD4","HLA-DRA - CD4","MHC-II","Cell-Cell Contact","KEGG: hsa04514","PBMC_Early"
"MEMP","pDC","HLA-DRA","CD4",0.0273238007797559,0,"HLA-DRA_CD4","HLA-DRA - CD4","MHC-II","Cell-Cell Contact","KEGG: hsa04514","PBMC_Early"
"Myeloid-CD177","pDC","HLA-DRA","CD4",0.0233950887269941,0,"HLA-DRA_CD4","HLA-DRA - CD4","MHC-II","Cell-Cell Contact","KEGG: hsa04514","PBMC_Early"
"pDC","pDC","HLA-DRA","CD4",0.124451112687672,0,"HLA-DRA_CD4","HLA-DRA - CD4","MHC-II","Cell-Cell Contact","KEGG: hsa04514","PBMC_Early"
"Pro-B","pDC","HLA-DRA","CD4",0.118810575832892,0,"HLA-DRA_CD4","HLA-DRA - CD4","MHC-II","Cell-Cell Contact","KEGG: hsa04514","PBMC_Early"
"CD14+PPBP+ Monocytes","Tem","HLA-DRA","CD4",0.0280461096520947,0,"HLA-DRA_CD4","HLA-DRA - CD4","MHC-II","Cell-Cell Contact","KEGG: hsa04514","PBMC_Early"
"Classical Monocytes","Tem","HLA-DRA","CD4",0.0314001982846084,0,"HLA-DRA_CD4","HLA-DRA - CD4","MHC-II","Cell-Cell Contact","KEGG: hsa04514","PBMC_Early"
"CXCR5- Naïve B","Tem","HLA-DRA","CD4",0.0469657842073077,0,"HLA-DRA_CD4","HLA-DRA - CD4","MHC-II","Cell-Cell Contact","KEGG: hsa04514","PBMC_Early"
"CXCR5+ Naïve B","Tem","HLA-DRA","CD4",0.0470418927989262,0,"HLA-DRA_CD4","HLA-DRA - CD4","MHC-II","Cell-Cell Contact","KEGG: hsa04514","PBMC_Early"
"DC2","Tem","HLA-DRA","CD4",0.0498145600950867,0,"HLA-DRA_CD4","HLA-DRA - CD4","MHC-II","Cell-Cell Contact","KEGG: hsa04514","PBMC_Early"
"HSC_MPP","Tem","HLA-DRA","CD4",0.0231761730268334,0,"HLA-DRA_CD4","HLA-DRA - CD4","MHC-II","Cell-Cell Contact","KEGG: hsa04514","PBMC_Early"
"MEMP","Tem","HLA-DRA","CD4",0.00834516921145799,0,"HLA-DRA_CD4","HLA-DRA - CD4","MHC-II","Cell-Cell Contact","KEGG: hsa04514","PBMC_Early"
"Myeloid-CD177","Tem","HLA-DRA","CD4",0.00712528170218905,0,"HLA-DRA_CD4","HLA-DRA - CD4","MHC-II","Cell-Cell Contact","KEGG: hsa04514","PBMC_Early"
"pDC","Tem","HLA-DRA","CD4",0.040842300374967,0,"HLA-DRA_CD4","HLA-DRA - CD4","MHC-II","Cell-Cell Contact","KEGG: hsa04514","PBMC_Early"
"Pro-B","Tem","HLA-DRA","CD4",0.0388231629780652,0,"HLA-DRA_CD4","HLA-DRA - CD4","MHC-II","Cell-Cell Contact","KEGG: hsa04514","PBMC_Early"
"CD14+PPBP+ Monocytes","Th17like_INNATE_T","HLA-DRA","CD4",0.0289535021606814,0,"HLA-DRA_CD4","HLA-DRA - CD4","MHC-II","Cell-Cell Contact","KEGG: hsa04514","PBMC_Early"
"Classical Monocytes","Th17like_INNATE_T","HLA-DRA","CD4",0.0324124888290552,0,"HLA-DRA_CD4","HLA-DRA - CD4","MHC-II","Cell-Cell Contact","KEGG: hsa04514","PBMC_Early"
"CXCR5- Naïve B","Th17like_INNATE_T","HLA-DRA","CD4",0.0484547802572753,0,"HLA-DRA_CD4","HLA-DRA - CD4","MHC-II","Cell-Cell Contact","KEGG: hsa04514","PBMC_Early"
"CXCR5+ Naïve B","Th17like_INNATE_T","HLA-DRA","CD4",0.0485331789055602,0,"HLA-DRA_CD4","HLA-DRA - CD4","MHC-II","Cell-Cell Contact","KEGG: hsa04514","PBMC_Early"
"DC2","Th17like_INNATE_T","HLA-DRA","CD4",0.0513890032671864,0,"HLA-DRA_CD4","HLA-DRA - CD4","MHC-II","Cell-Cell Contact","KEGG: hsa04514","PBMC_Early"
"HSC_MPP","Th17like_INNATE_T","HLA-DRA","CD4",0.0239298847598897,0,"HLA-DRA_CD4","HLA-DRA - CD4","MHC-II","Cell-Cell Contact","KEGG: hsa04514","PBMC_Early"
"MEMP","Th17like_INNATE_T","HLA-DRA","CD4",0.00862081888159327,0,"HLA-DRA_CD4","HLA-DRA - CD4","MHC-II","Cell-Cell Contact","KEGG: hsa04514","PBMC_Early"
"Myeloid-CD177","Th17like_INNATE_T","HLA-DRA","CD4",0.0073609363103743,0,"HLA-DRA_CD4","HLA-DRA - CD4","MHC-II","Cell-Cell Contact","KEGG: hsa04514","PBMC_Early"
"pDC","Th17like_INNATE_T","HLA-DRA","CD4",0.0421457437345445,0,"HLA-DRA_CD4","HLA-DRA - CD4","MHC-II","Cell-Cell Contact","KEGG: hsa04514","PBMC_Early"
"Pro-B","Th17like_INNATE_T","HLA-DRA","CD4",0.0400648591464244,0,"HLA-DRA_CD4","HLA-DRA - CD4","MHC-II","Cell-Cell Contact","KEGG: hsa04514","PBMC_Early"
"CD14+PPBP+ Monocytes","Treg","HLA-DRA","CD4",0.0329730132629787,0,"HLA-DRA_CD4","HLA-DRA - CD4","MHC-II","Cell-Cell Contact","KEGG: hsa04514","PBMC_Early"
"Classical Monocytes","Treg","HLA-DRA","CD4",0.036893953995816,0,"HLA-DRA_CD4","HLA-DRA - CD4","MHC-II","Cell-Cell Contact","KEGG: hsa04514","PBMC_Early"
"CXCR5- Naïve B","Treg","HLA-DRA","CD4",0.0550281646431107,0,"HLA-DRA_CD4","HLA-DRA - CD4","MHC-II","Cell-Cell Contact","KEGG: hsa04514","PBMC_Early"
"CXCR5+ Naïve B","Treg","HLA-DRA","CD4",0.0551165828194436,0,"HLA-DRA_CD4","HLA-DRA - CD4","MHC-II","Cell-Cell Contact","KEGG: hsa04514","PBMC_Early"
"DC2","Treg","HLA-DRA","CD4",0.0583360413333621,0,"HLA-DRA_CD4","HLA-DRA - CD4","MHC-II","Cell-Cell Contact","KEGG: hsa04514","PBMC_Early"
"HSC_MPP","Treg","HLA-DRA","CD4",0.027271571623875,0,"HLA-DRA_CD4","HLA-DRA - CD4","MHC-II","Cell-Cell Contact","KEGG: hsa04514","PBMC_Early"
"MEMP","Treg","HLA-DRA","CD4",0.00984623813217097,0,"HLA-DRA_CD4","HLA-DRA - CD4","MHC-II","Cell-Cell Contact","KEGG: hsa04514","PBMC_Early"
"Myeloid-CD177","Treg","HLA-DRA","CD4",0.00840878666723994,0,"HLA-DRA_CD4","HLA-DRA - CD4","MHC-II","Cell-Cell Contact","KEGG: hsa04514","PBMC_Early"
"pDC","Treg","HLA-DRA","CD4",0.0479063333102621,0,"HLA-DRA_CD4","HLA-DRA - CD4","MHC-II","Cell-Cell Contact","KEGG: hsa04514","PBMC_Early"
"Pro-B","Treg","HLA-DRA","CD4",0.0455545547726087,0,"HLA-DRA_CD4","HLA-DRA - CD4","MHC-II","Cell-Cell Contact","KEGG: hsa04514","PBMC_Early"
"CD14+PPBP+ Monocytes","CD14+PPBP+ Monocytes","HLA-DRB1","CD4",0.0528203034052534,0,"HLA-DRB1_CD4","HLA-DRB1 - CD4","MHC-II","Cell-Cell Contact","KEGG: hsa04514","PBMC_Early"
"Classical Monocytes","CD14+PPBP+ Monocytes","HLA-DRB1","CD4",0.0555303562560025,0,"HLA-DRB1_CD4","HLA-DRB1 - CD4","MHC-II","Cell-Cell Contact","KEGG: hsa04514","PBMC_Early"
"CXCR5- Naïve B","CD14+PPBP+ Monocytes","HLA-DRB1","CD4",0.0729482146819589,0,"HLA-DRB1_CD4","HLA-DRB1 - CD4","MHC-II","Cell-Cell Contact","KEGG: hsa04514","PBMC_Early"
"CXCR5+ Naïve B","CD14+PPBP+ Monocytes","HLA-DRB1","CD4",0.0784155607243576,0,"HLA-DRB1_CD4","HLA-DRB1 - CD4","MHC-II","Cell-Cell Contact","KEGG: hsa04514","PBMC_Early"
"DC2","CD14+PPBP+ Monocytes","HLA-DRB1","CD4",0.0900183081307769,0,"HLA-DRB1_CD4","HLA-DRB1 - CD4","MHC-II","Cell-Cell Contact","KEGG: hsa04514","PBMC_Early"
"HSC_MPP","CD14+PPBP+ Monocytes","HLA-DRB1","CD4",0.0266841122616155,0,"HLA-DRB1_CD4","HLA-DRB1 - CD4","MHC-II","Cell-Cell Contact","KEGG: hsa04514","PBMC_Early"
"MEMP","CD14+PPBP+ Monocytes","HLA-DRB1","CD4",0.0123255998642518,0,"HLA-DRB1_CD4","HLA-DRB1 - CD4","MHC-II","Cell-Cell Contact","KEGG: hsa04514","PBMC_Early"
"Myeloid-CD177","CD14+PPBP+ Monocytes","HLA-DRB1","CD4",0.0169043137917675,0,"HLA-DRB1_CD4","HLA-DRB1 - CD4","MHC-II","Cell-Cell Contact","KEGG: hsa04514","PBMC_Early"
"pDC","CD14+PPBP+ Monocytes","HLA-DRB1","CD4",0.0643614189582028,0,"HLA-DRB1_CD4","HLA-DRB1 - CD4","MHC-II","Cell-Cell Contact","KEGG: hsa04514","PBMC_Early"
"Pro-B","CD14+PPBP+ Monocytes","HLA-DRB1","CD4",0.044271394845315,0,"HLA-DRB1_CD4","HLA-DRB1 - CD4","MHC-II","Cell-Cell Contact","KEGG: hsa04514","PBMC_Early"
"CD14+PPBP+ Monocytes","Classical Monocytes","HLA-DRB1","CD4",0.0313835512679807,0,"HLA-DRB1_CD4","HLA-DRB1 - CD4","MHC-II","Cell-Cell Contact","KEGG: hsa04514","PBMC_Early"
"Classical Monocytes","Classical Monocytes","HLA-DRB1","CD4",0.0330321046164082,0,"HLA-DRB1_CD4","HLA-DRB1 - CD4","MHC-II","Cell-Cell Contact","KEGG: hsa04514","PBMC_Early"
"CXCR5- Naïve B","Classical Monocytes","HLA-DRB1","CD4",0.04371974265506,0,"HLA-DRB1_CD4","HLA-DRB1 - CD4","MHC-II","Cell-Cell Contact","KEGG: hsa04514","PBMC_Early"
"CXCR5+ Naïve B","Classical Monocytes","HLA-DRB1","CD4",0.0471077796187703,0,"HLA-DRB1_CD4","HLA-DRB1 - CD4","MHC-II","Cell-Cell Contact","KEGG: hsa04514","PBMC_Early"
"DC2","Classical Monocytes","HLA-DRB1","CD4",0.0543512786267949,0,"HLA-DRB1_CD4","HLA-DRB1 - CD4","MHC-II","Cell-Cell Contact","KEGG: hsa04514","PBMC_Early"
"HSC_MPP","Classical Monocytes","HLA-DRB1","CD4",0.0156789669985826,0,"HLA-DRB1_CD4","HLA-DRB1 - CD4","MHC-II","Cell-Cell Contact","KEGG: hsa04514","PBMC_Early"
"MEMP","Classical Monocytes","HLA-DRB1","CD4",0.00719844104561724,0,"HLA-DRB1_CD4","HLA-DRB1 - CD4","MHC-II","Cell-Cell Contact","KEGG: hsa04514","PBMC_Early"
"Myeloid-CD177","Classical Monocytes","HLA-DRB1","CD4",0.00989159298258666,0,"HLA-DRB1_CD4","HLA-DRB1 - CD4","MHC-II","Cell-Cell Contact","KEGG: hsa04514","PBMC_Early"
"pDC","Classical Monocytes","HLA-DRB1","CD4",0.0384308290849303,0,"HLA-DRB1_CD4","HLA-DRB1 - CD4","MHC-II","Cell-Cell Contact","KEGG: hsa04514","PBMC_Early"
"Pro-B","Classical Monocytes","HLA-DRB1","CD4",0.0262081573240511,0,"HLA-DRB1_CD4","HLA-DRB1 - CD4","MHC-II","Cell-Cell Contact","KEGG: hsa04514","PBMC_Early"
"CD14+PPBP+ Monocytes","DC2","HLA-DRB1","CD4",0.0599464168443035,0,"HLA-DRB1_CD4","HLA-DRB1 - CD4","MHC-II","Cell-Cell Contact","KEGG: hsa04514","PBMC_Early"
"Classical Monocytes","DC2","HLA-DRB1","CD4",0.0629977717104776,0,"HLA-DRB1_CD4","HLA-DRB1 - CD4","MHC-II","Cell-Cell Contact","KEGG: hsa04514","PBMC_Early"
"CXCR5- Naïve B","DC2","HLA-DRB1","CD4",0.0825531580482212,0,"HLA-DRB1_CD4","HLA-DRB1 - CD4","MHC-II","Cell-Cell Contact","KEGG: hsa04514","PBMC_Early"
"CXCR5+ Naïve B","DC2","HLA-DRB1","CD4",0.0886715232259288,0,"HLA-DRB1_CD4","HLA-DRB1 - CD4","MHC-II","Cell-Cell Contact","KEGG: hsa04514","PBMC_Early"
"DC2","DC2","HLA-DRB1","CD4",0.101624453322329,0,"HLA-DRB1_CD4","HLA-DRB1 - CD4","MHC-II","Cell-Cell Contact","KEGG: hsa04514","PBMC_Early"
"HSC_MPP","DC2","HLA-DRB1","CD4",0.0303972906178802,0,"HLA-DRB1_CD4","HLA-DRB1 - CD4","MHC-II","Cell-Cell Contact","KEGG: hsa04514","PBMC_Early"
"MEMP","DC2","HLA-DRB1","CD4",0.0140696282169509,0,"HLA-DRB1_CD4","HLA-DRB1 - CD4","MHC-II","Cell-Cell Contact","KEGG: hsa04514","PBMC_Early"
"Myeloid-CD177","DC2","HLA-DRB1","CD4",0.0192835646257496,0,"HLA-DRB1_CD4","HLA-DRB1 - CD4","MHC-II","Cell-Cell Contact","KEGG: hsa04514","PBMC_Early"
"pDC","DC2","HLA-DRB1","CD4",0.0729246932396301,0,"HLA-DRB1_CD4","HLA-DRB1 - CD4","MHC-II","Cell-Cell Contact","KEGG: hsa04514","PBMC_Early"
"Pro-B","DC2","HLA-DRB1","CD4",0.0503054100507104,0,"HLA-DRB1_CD4","HLA-DRB1 - CD4","MHC-II","Cell-Cell Contact","KEGG: hsa04514","PBMC_Early"
"CD14+PPBP+ Monocytes","Naïve CD4 T","HLA-DRB1","CD4",0.0287655734424311,0,"HLA-DRB1_CD4","HLA-DRB1 - CD4","MHC-II","Cell-Cell Contact","KEGG: hsa04514","PBMC_Early"
"Classical Monocytes","Naïve CD4 T","HLA-DRB1","CD4",0.0302809056306842,0,"HLA-DRB1_CD4","HLA-DRB1 - CD4","MHC-II","Cell-Cell Contact","KEGG: hsa04514","PBMC_Early"
"CXCR5- Naïve B","Naïve CD4 T","HLA-DRB1","CD4",0.040115313696607,0,"HLA-DRB1_CD4","HLA-DRB1 - CD4","MHC-II","Cell-Cell Contact","KEGG: hsa04514","PBMC_Early"
"CXCR5+ Naïve B","Naïve CD4 T","HLA-DRB1","CD4",0.0432366566018515,0,"HLA-DRB1_CD4","HLA-DRB1 - CD4","MHC-II","Cell-Cell Contact","KEGG: hsa04514","PBMC_Early"
"DC2","Naïve CD4 T","HLA-DRB1","CD4",0.0499160957060211,0,"HLA-DRB1_CD4","HLA-DRB1 - CD4","MHC-II","Cell-Cell Contact","KEGG: hsa04514","PBMC_Early"
"HSC_MPP","Naïve CD4 T","HLA-DRB1","CD4",0.0143516359250353,0,"HLA-DRB1_CD4","HLA-DRB1 - CD4","MHC-II","Cell-Cell Contact","KEGG: hsa04514","PBMC_Early"
"MEMP","Naïve CD4 T","HLA-DRB1","CD4",0.0065842417597852,0,"HLA-DRB1_CD4","HLA-DRB1 - CD4","MHC-II","Cell-Cell Contact","KEGG: hsa04514","PBMC_Early"
"Myeloid-CD177","Naïve CD4 T","HLA-DRB1","CD4",0.0090496979980176,0,"HLA-DRB1_CD4","HLA-DRB1 - CD4","MHC-II","Cell-Cell Contact","KEGG: hsa04514","PBMC_Early"
"pDC","Naïve CD4 T","HLA-DRB1","CD4",0.0352463677047839,0,"HLA-DRB1_CD4","HLA-DRB1 - CD4","MHC-II","Cell-Cell Contact","KEGG: hsa04514","PBMC_Early"
"Pro-B","Naïve CD4 T","HLA-DRB1","CD4",0.0240112024825053,0,"HLA-DRB1_CD4","HLA-DRB1 - CD4","MHC-II","Cell-Cell Contact","KEGG: hsa04514","PBMC_Early"
"CD14+PPBP+ Monocytes","pDC","HLA-DRB1","CD4",0.0798397621723949,0,"HLA-DRB1_CD4","HLA-DRB1 - CD4","MHC-II","Cell-Cell Contact","KEGG: hsa04514","PBMC_Early"
"Classical Monocytes","pDC","HLA-DRB1","CD4",0.0838134341993649,0,"HLA-DRB1_CD4","HLA-DRB1 - CD4","MHC-II","Cell-Cell Contact","KEGG: hsa04514","PBMC_Early"
"CXCR5- Naïve B","pDC","HLA-DRB1","CD4",0.109078100829407,0,"HLA-DRB1_CD4","HLA-DRB1 - CD4","MHC-II","Cell-Cell Contact","KEGG: hsa04514","PBMC_Early"
"CXCR5+ Naïve B","pDC","HLA-DRB1","CD4",0.116911827200417,0,"HLA-DRB1_CD4","HLA-DRB1 - CD4","MHC-II","Cell-Cell Contact","KEGG: hsa04514","PBMC_Early"
"DC2","pDC","HLA-DRB1","CD4",0.133386240568622,0,"HLA-DRB1_CD4","HLA-DRB1 - CD4","MHC-II","Cell-Cell Contact","KEGG: hsa04514","PBMC_Early"
"HSC_MPP","pDC","HLA-DRB1","CD4",0.0409114537256442,0,"HLA-DRB1_CD4","HLA-DRB1 - CD4","MHC-II","Cell-Cell Contact","KEGG: hsa04514","PBMC_Early"
"MEMP","pDC","HLA-DRB1","CD4",0.0190471353511309,0,"HLA-DRB1_CD4","HLA-DRB1 - CD4","MHC-II","Cell-Cell Contact","KEGG: hsa04514","PBMC_Early"
"Myeloid-CD177","pDC","HLA-DRB1","CD4",0.0260568915254933,0,"HLA-DRB1_CD4","HLA-DRB1 - CD4","MHC-II","Cell-Cell Contact","KEGG: hsa04514","PBMC_Early"
"pDC","pDC","HLA-DRB1","CD4",0.0966819573377876,0,"HLA-DRB1_CD4","HLA-DRB1 - CD4","MHC-II","Cell-Cell Contact","KEGG: hsa04514","PBMC_Early"
"Pro-B","pDC","HLA-DRB1","CD4",0.067228171951838,0,"HLA-DRB1_CD4","HLA-DRB1 - CD4","MHC-II","Cell-Cell Contact","KEGG: hsa04514","PBMC_Early"
"CD14+PPBP+ Monocytes","Tem","HLA-DRB1","CD4",0.0253345467623517,0,"HLA-DRB1_CD4","HLA-DRB1 - CD4","MHC-II","Cell-Cell Contact","KEGG: hsa04514","PBMC_Early"
"Classical Monocytes","Tem","HLA-DRB1","CD4",0.0266741009422444,0,"HLA-DRB1_CD4","HLA-DRB1 - CD4","MHC-II","Cell-Cell Contact","KEGG: hsa04514","PBMC_Early"
"CXCR5- Naïve B","Tem","HLA-DRB1","CD4",0.0353798555114988,0,"HLA-DRB1_CD4","HLA-DRB1 - CD4","MHC-II","Cell-Cell Contact","KEGG: hsa04514","PBMC_Early"
"CXCR5+ Naïve B","Tem","HLA-DRB1","CD4",0.0381473792151334,0,"HLA-DRB1_CD4","HLA-DRB1 - CD4","MHC-II","Cell-Cell Contact","KEGG: hsa04514","PBMC_Early"
"DC2","Tem","HLA-DRB1","CD4",0.0440768185593596,0,"HLA-DRB1_CD4","HLA-DRB1 - CD4","MHC-II","Cell-Cell Contact","KEGG: hsa04514","PBMC_Early"
"HSC_MPP","Tem","HLA-DRB1","CD4",0.0126175032595918,0,"HLA-DRB1_CD4","HLA-DRB1 - CD4","MHC-II","Cell-Cell Contact","KEGG: hsa04514","PBMC_Early"
"MEMP","Tem","HLA-DRB1","CD4",0.0057831497971605,0,"HLA-DRB1_CD4","HLA-DRB1 - CD4","MHC-II","Cell-Cell Contact","KEGG: hsa04514","PBMC_Early"
"Myeloid-CD177","Tem","HLA-DRB1","CD4",0.0079510396021331,0,"HLA-DRB1_CD4","HLA-DRB1 - CD4","MHC-II","Cell-Cell Contact","KEGG: hsa04514","PBMC_Early"
"pDC","Tem","HLA-DRB1","CD4",0.0310670674733026,0,"HLA-DRB1_CD4","HLA-DRB1 - CD4","MHC-II","Cell-Cell Contact","KEGG: hsa04514","PBMC_Early"
"Pro-B","Tem","HLA-DRB1","CD4",0.0211349153783638,0,"HLA-DRB1_CD4","HLA-DRB1 - CD4","MHC-II","Cell-Cell Contact","KEGG: hsa04514","PBMC_Early"
"CD14+PPBP+ Monocytes","Th17like_INNATE_T","HLA-DRB1","CD4",0.0261565713588822,0,"HLA-DRB1_CD4","HLA-DRB1 - CD4","MHC-II","Cell-Cell Contact","KEGG: hsa04514","PBMC_Early"
"Classical Monocytes","Th17like_INNATE_T","HLA-DRB1","CD4",0.0275383617199169,0,"HLA-DRB1_CD4","HLA-DRB1 - CD4","MHC-II","Cell-Cell Contact","KEGG: hsa04514","PBMC_Early"
"CXCR5- Naïve B","Th17like_INNATE_T","HLA-DRB1","CD4",0.0365156068952383,0,"HLA-DRB1_CD4","HLA-DRB1 - CD4","MHC-II","Cell-Cell Contact","KEGG: hsa04514","PBMC_Early"
"CXCR5+ Naïve B","Th17like_INNATE_T","HLA-DRB1","CD4",0.0393683468018655,0,"HLA-DRB1_CD4","HLA-DRB1 - CD4","MHC-II","Cell-Cell Contact","KEGG: hsa04514","PBMC_Early"
"DC2","Th17like_INNATE_T","HLA-DRB1","CD4",0.0454785940025823,0,"HLA-DRB1_CD4","HLA-DRB1 - CD4","MHC-II","Cell-Cell Contact","KEGG: hsa04514","PBMC_Early"
"HSC_MPP","Th17like_INNATE_T","HLA-DRB1","CD4",0.0130324179857856,0,"HLA-DRB1_CD4","HLA-DRB1 - CD4","MHC-II","Cell-Cell Contact","KEGG: hsa04514","PBMC_Early"
"MEMP","Th17like_INNATE_T","HLA-DRB1","CD4",0.00597468315511526,0,"HLA-DRB1_CD4","HLA-DRB1 - CD4","MHC-II","Cell-Cell Contact","KEGG: hsa04514","PBMC_Early"
"Myeloid-CD177","Th17like_INNATE_T","HLA-DRB1","CD4",0.00821377858997139,0,"HLA-DRB1_CD4","HLA-DRB1 - CD4","MHC-II","Cell-Cell Contact","KEGG: hsa04514","PBMC_Early"
"pDC","Th17like_INNATE_T","HLA-DRB1","CD4",0.0320689740030566,0,"HLA-DRB1_CD4","HLA-DRB1 - CD4","MHC-II","Cell-Cell Contact","KEGG: hsa04514","PBMC_Early"
"Pro-B","Th17like_INNATE_T","HLA-DRB1","CD4",0.0218237265357162,0,"HLA-DRB1_CD4","HLA-DRB1 - CD4","MHC-II","Cell-Cell Contact","KEGG: hsa04514","PBMC_Early"
"CD14+PPBP+ Monocytes","Treg","HLA-DRB1","CD4",0.0297997104391631,0,"HLA-DRB1_CD4","HLA-DRB1 - CD4","MHC-II","Cell-Cell Contact","KEGG: hsa04514","PBMC_Early"
"Classical Monocytes","Treg","HLA-DRB1","CD4",0.0313677601589911,0,"HLA-DRB1_CD4","HLA-DRB1 - CD4","MHC-II","Cell-Cell Contact","KEGG: hsa04514","PBMC_Early"
"CXCR5- Naïve B","Treg","HLA-DRB1","CD4",0.041540028091576,0,"HLA-DRB1_CD4","HLA-DRB1 - CD4","MHC-II","Cell-Cell Contact","KEGG: hsa04514","PBMC_Early"
"CXCR5+ Naïve B","Treg","HLA-DRB1","CD4",0.0447670568750354,0,"HLA-DRB1_CD4","HLA-DRB1 - CD4","MHC-II","Cell-Cell Contact","KEGG: hsa04514","PBMC_Early"
"DC2","Treg","HLA-DRB1","CD4",0.0516701525674336,0,"HLA-DRB1_CD4","HLA-DRB1 - CD4","MHC-II","Cell-Cell Contact","KEGG: hsa04514","PBMC_Early"
"HSC_MPP","Treg","HLA-DRB1","CD4",0.0148755211602605,0,"HLA-DRB1_CD4","HLA-DRB1 - CD4","MHC-II","Cell-Cell Contact","KEGG: hsa04514","PBMC_Early"
"MEMP","Treg","HLA-DRB1","CD4",0.00682655352872829,0,"HLA-DRB1_CD4","HLA-DRB1 - CD4","MHC-II","Cell-Cell Contact","KEGG: hsa04514","PBMC_Early"
"Myeloid-CD177","Treg","HLA-DRB1","CD4",0.00938188603701279,0,"HLA-DRB1_CD4","HLA-DRB1 - CD4","MHC-II","Cell-Cell Contact","KEGG: hsa04514","PBMC_Early"
"pDC","Treg","HLA-DRB1","CD4",0.0365047354899286,0,"HLA-DRB1_CD4","HLA-DRB1 - CD4","MHC-II","Cell-Cell Contact","KEGG: hsa04514","PBMC_Early"
"Pro-B","Treg","HLA-DRB1","CD4",0.0248787957035027,0,"HLA-DRB1_CD4","HLA-DRB1 - CD4","MHC-II","Cell-Cell Contact","KEGG: hsa04514","PBMC_Early"
"CD14+PPBP+ Monocytes","CD14+PPBP+ Monocytes","HLA-DRB5","CD4",0.00540794052859495,0,"HLA-DRB5_CD4","HLA-DRB5 - CD4","MHC-II","Cell-Cell Contact","KEGG: hsa04514","PBMC_Early"
"Classical Monocytes","CD14+PPBP+ Monocytes","HLA-DRB5","CD4",0.0102617026965751,0,"HLA-DRB5_CD4","HLA-DRB5 - CD4","MHC-II","Cell-Cell Contact","KEGG: hsa04514","PBMC_Early"
"CXCR5- Naïve B","CD14+PPBP+ Monocytes","HLA-DRB5","CD4",0.0334251454522971,0,"HLA-DRB5_CD4","HLA-DRB5 - CD4","MHC-II","Cell-Cell Contact","KEGG: hsa04514","PBMC_Early"
"CXCR5+ Naïve B","CD14+PPBP+ Monocytes","HLA-DRB5","CD4",0.0322423789888552,0,"HLA-DRB5_CD4","HLA-DRB5 - CD4","MHC-II","Cell-Cell Contact","KEGG: hsa04514","PBMC_Early"
"DC2","CD14+PPBP+ Monocytes","HLA-DRB5","CD4",0.0603369639647735,0,"HLA-DRB5_CD4","HLA-DRB5 - CD4","MHC-II","Cell-Cell Contact","KEGG: hsa04514","PBMC_Early"
"HSC_MPP","CD14+PPBP+ Monocytes","HLA-DRB5","CD4",0.0133533955730478,0,"HLA-DRB5_CD4","HLA-DRB5 - CD4","MHC-II","Cell-Cell Contact","KEGG: hsa04514","PBMC_Early"
"MEMP","CD14+PPBP+ Monocytes","HLA-DRB5","CD4",0.00473138689174331,0,"HLA-DRB5_CD4","HLA-DRB5 - CD4","MHC-II","Cell-Cell Contact","KEGG: hsa04514","PBMC_Early"
"pDC","CD14+PPBP+ Monocytes","HLA-DRB5","CD4",0.0280491112742719,0,"HLA-DRB5_CD4","HLA-DRB5 - CD4","MHC-II","Cell-Cell Contact","KEGG: hsa04514","PBMC_Early"
"Pro-B","CD14+PPBP+ Monocytes","HLA-DRB5","CD4",0.0294617874770111,0,"HLA-DRB5_CD4","HLA-DRB5 - CD4","MHC-II","Cell-Cell Contact","KEGG: hsa04514","PBMC_Early"
"CD14+PPBP+ Monocytes","Classical Monocytes","HLA-DRB5","CD4",0.00314918968200325,0,"HLA-DRB5_CD4","HLA-DRB5 - CD4","MHC-II","Cell-Cell Contact","KEGG: hsa04514","PBMC_Early"
"Classical Monocytes","Classical Monocytes","HLA-DRB5","CD4",0.00598787148190945,0,"HLA-DRB5_CD4","HLA-DRB5 - CD4","MHC-II","Cell-Cell Contact","KEGG: hsa04514","PBMC_Early"
"CXCR5- Naïve B","Classical Monocytes","HLA-DRB5","CD4",0.0196961016508332,0,"HLA-DRB5_CD4","HLA-DRB5 - CD4","MHC-II","Cell-Cell Contact","KEGG: hsa04514","PBMC_Early"
"CXCR5+ Naïve B","Classical Monocytes","HLA-DRB5","CD4",0.0189896003198138,0,"HLA-DRB5_CD4","HLA-DRB5 - CD4","MHC-II","Cell-Cell Contact","KEGG: hsa04514","PBMC_Early"
"DC2","Classical Monocytes","HLA-DRB5","CD4",0.0359654615715813,0,"HLA-DRB5_CD4","HLA-DRB5 - CD4","MHC-II","Cell-Cell Contact","KEGG: hsa04514","PBMC_Early"
"HSC_MPP","Classical Monocytes","HLA-DRB5","CD4",0.00780207529940601,0,"HLA-DRB5_CD4","HLA-DRB5 - CD4","MHC-II","Cell-Cell Contact","KEGG: hsa04514","PBMC_Early"
"MEMP","Classical Monocytes","HLA-DRB5","CD4",0.00275443167064142,0,"HLA-DRB5_CD4","HLA-DRB5 - CD4","MHC-II","Cell-Cell Contact","KEGG: hsa04514","PBMC_Early"
"pDC","Classical Monocytes","HLA-DRB5","CD4",0.0164905468219358,0,"HLA-DRB5_CD4","HLA-DRB5 - CD4","MHC-II","Cell-Cell Contact","KEGG: hsa04514","PBMC_Early"
"Pro-B","Classical Monocytes","HLA-DRB5","CD4",0.0173314635511496,0,"HLA-DRB5_CD4","HLA-DRB5 - CD4","MHC-II","Cell-Cell Contact","KEGG: hsa04514","PBMC_Early"
"CD14+PPBP+ Monocytes","DC2","HLA-DRB5","CD4",0.00617926869350824,0,"HLA-DRB5_CD4","HLA-DRB5 - CD4","MHC-II","Cell-Cell Contact","KEGG: hsa04514","PBMC_Early"
"Classical Monocytes","DC2","HLA-DRB5","CD4",0.0117171614850979,0,"HLA-DRB5_CD4","HLA-DRB5 - CD4","MHC-II","Cell-Cell Contact","KEGG: hsa04514","PBMC_Early"
"CXCR5- Naïve B","DC2","HLA-DRB5","CD4",0.0380396989608184,0,"HLA-DRB5_CD4","HLA-DRB5 - CD4","MHC-II","Cell-Cell Contact","KEGG: hsa04514","PBMC_Early"
"CXCR5+ Naïve B","DC2","HLA-DRB5","CD4",0.0366998439707973,0,"HLA-DRB5_CD4","HLA-DRB5 - CD4","MHC-II","Cell-Cell Contact","KEGG: hsa04514","PBMC_Early"
"DC2","DC2","HLA-DRB5","CD4",0.0684039319110427,0,"HLA-DRB5_CD4","HLA-DRB5 - CD4","MHC-II","Cell-Cell Contact","KEGG: hsa04514","PBMC_Early"
"HSC_MPP","DC2","HLA-DRB5","CD4",0.015240609254392,0,"HLA-DRB5_CD4","HLA-DRB5 - CD4","MHC-II","Cell-Cell Contact","KEGG: hsa04514","PBMC_Early"
"MEMP","DC2","HLA-DRB5","CD4",0.00540674357737763,0,"HLA-DRB5_CD4","HLA-DRB5 - CD4","MHC-II","Cell-Cell Contact","KEGG: hsa04514","PBMC_Early"
"pDC","DC2","HLA-DRB5","CD4",0.0319459992418839,0,"HLA-DRB5_CD4","HLA-DRB5 - CD4","MHC-II","Cell-Cell Contact","KEGG: hsa04514","PBMC_Early"
"Pro-B","DC2","HLA-DRB5","CD4",0.0335481654824751,0,"HLA-DRB5_CD4","HLA-DRB5 - CD4","MHC-II","Cell-Cell Contact","KEGG: hsa04514","PBMC_Early"
"CD14+PPBP+ Monocytes","Naïve CD4 T","HLA-DRB5","CD4",0.002879486369168,0,"HLA-DRB5_CD4","HLA-DRB5 - CD4","MHC-II","Cell-Cell Contact","KEGG: hsa04514","PBMC_Early"
"Classical Monocytes","Naïve CD4 T","HLA-DRB5","CD4",0.00547639298873588,0,"HLA-DRB5_CD4","HLA-DRB5 - CD4","MHC-II","Cell-Cell Contact","KEGG: hsa04514","PBMC_Early"
"CXCR5- Naïve B","Naïve CD4 T","HLA-DRB5","CD4",0.0180349238093521,0,"HLA-DRB5_CD4","HLA-DRB5 - CD4","MHC-II","Cell-Cell Contact","KEGG: hsa04514","PBMC_Early"
"CXCR5+ Naïve B","Naïve CD4 T","HLA-DRB5","CD4",0.0173869522644257,0,"HLA-DRB5_CD4","HLA-DRB5 - CD4","MHC-II","Cell-Cell Contact","KEGG: hsa04514","PBMC_Early"
"DC2","Naïve CD4 T","HLA-DRB5","CD4",0.0329782796147963,0,"HLA-DRB5_CD4","HLA-DRB5 - CD4","MHC-II","Cell-Cell Contact","KEGG: hsa04514","PBMC_Early"
"HSC_MPP","Naïve CD4 T","HLA-DRB5","CD4",0.00713674180534599,0,"HLA-DRB5_CD4","HLA-DRB5 - CD4","MHC-II","Cell-Cell Contact","KEGG: hsa04514","PBMC_Early"
"MEMP","Naïve CD4 T","HLA-DRB5","CD4",0.00251845086226272,0,"HLA-DRB5_CD4","HLA-DRB5 - CD4","MHC-II","Cell-Cell Contact","KEGG: hsa04514","PBMC_Early"
"pDC","Naïve CD4 T","HLA-DRB5","CD4",0.0150955636752212,0,"HLA-DRB5_CD4","HLA-DRB5 - CD4","MHC-II","Cell-Cell Contact","KEGG: hsa04514","PBMC_Early"
"Pro-B","Naïve CD4 T","HLA-DRB5","CD4",0.0158664924179485,0,"HLA-DRB5_CD4","HLA-DRB5 - CD4","MHC-II","Cell-Cell Contact","KEGG: hsa04514","PBMC_Early"
"CD14+PPBP+ Monocytes","pDC","HLA-DRB5","CD4",0.00838910192917579,0,"HLA-DRB5_CD4","HLA-DRB5 - CD4","MHC-II","Cell-Cell Contact","KEGG: hsa04514","PBMC_Early"
"Classical Monocytes","pDC","HLA-DRB5","CD4",0.0158758217899469,0,"HLA-DRB5_CD4","HLA-DRB5 - CD4","MHC-II","Cell-Cell Contact","KEGG: hsa04514","PBMC_Early"
"CXCR5- Naïve B","pDC","HLA-DRB5","CD4",0.0510581052683239,0,"HLA-DRB5_CD4","HLA-DRB5 - CD4","MHC-II","Cell-Cell Contact","KEGG: hsa04514","PBMC_Early"
"CXCR5+ Naïve B","pDC","HLA-DRB5","CD4",0.0492832008995884,0,"HLA-DRB5_CD4","HLA-DRB5 - CD4","MHC-II","Cell-Cell Contact","KEGG: hsa04514","PBMC_Early"
"DC2","pDC","HLA-DRB5","CD4",0.0908327293591222,0,"HLA-DRB5_CD4","HLA-DRB5 - CD4","MHC-II","Cell-Cell Contact","KEGG: hsa04514","PBMC_Early"
"HSC_MPP","pDC","HLA-DRB5","CD4",0.0206237166132632,0,"HLA-DRB5_CD4","HLA-DRB5 - CD4","MHC-II","Cell-Cell Contact","KEGG: hsa04514","PBMC_Early"
"MEMP","pDC","HLA-DRB5","CD4",0.00734234707400768,0,"HLA-DRB5_CD4","HLA-DRB5 - CD4","MHC-II","Cell-Cell Contact","KEGG: hsa04514","PBMC_Early"
"pDC","pDC","HLA-DRB5","CD4",0.0429721062465261,0,"HLA-DRB5_CD4","HLA-DRB5 - CD4","MHC-II","Cell-Cell Contact","KEGG: hsa04514","PBMC_Early"
"Pro-B","pDC","HLA-DRB5","CD4",0.0451014939378829,0,"HLA-DRB5_CD4","HLA-DRB5 - CD4","MHC-II","Cell-Cell Contact","KEGG: hsa04514","PBMC_Early"
"CD14+PPBP+ Monocytes","Tem","HLA-DRB5","CD4",0.00252799778232509,0,"HLA-DRB5_CD4","HLA-DRB5 - CD4","MHC-II","Cell-Cell Contact","KEGG: hsa04514","PBMC_Early"
"Classical Monocytes","Tem","HLA-DRB5","CD4",0.0048094382838587,0,"HLA-DRB5_CD4","HLA-DRB5 - CD4","MHC-II","Cell-Cell Contact","KEGG: hsa04514","PBMC_Early"
"CXCR5- Naïve B","Tem","HLA-DRB5","CD4",0.0158628958865345,0,"HLA-DRB5_CD4","HLA-DRB5 - CD4","MHC-II","Cell-Cell Contact","KEGG: hsa04514","PBMC_Early"
"CXCR5+ Naïve B","Tem","HLA-DRB5","CD4",0.0152917472457588,0,"HLA-DRB5_CD4","HLA-DRB5 - CD4","MHC-II","Cell-Cell Contact","KEGG: hsa04514","PBMC_Early"
"DC2","Tem","HLA-DRB5","CD4",0.029059814739144,0,"HLA-DRB5_CD4","HLA-DRB5 - CD4","MHC-II","Cell-Cell Contact","KEGG: hsa04514","PBMC_Early"
"HSC_MPP","Tem","HLA-DRB5","CD4",0.00626885242594703,0,"HLA-DRB5_CD4","HLA-DRB5 - CD4","MHC-II","Cell-Cell Contact","KEGG: hsa04514","PBMC_Early"
"MEMP","Tem","HLA-DRB5","CD4",0.00221093486856337,0,"HLA-DRB5_CD4","HLA-DRB5 - CD4","MHC-II","Cell-Cell Contact","KEGG: hsa04514","PBMC_Early"
"pDC","Tem","HLA-DRB5","CD4",0.0132727514104293,0,"HLA-DRB5_CD4","HLA-DRB5 - CD4","MHC-II","Cell-Cell Contact","KEGG: hsa04514","PBMC_Early"
"Pro-B","Tem","HLA-DRB5","CD4",0.0139519080364316,0,"HLA-DRB5_CD4","HLA-DRB5 - CD4","MHC-II","Cell-Cell Contact","KEGG: hsa04514","PBMC_Early"
"CD14+PPBP+ Monocytes","Th17like_INNATE_T","HLA-DRB5","CD4",0.0026120063074306,0,"HLA-DRB5_CD4","HLA-DRB5 - CD4","MHC-II","Cell-Cell Contact","KEGG: hsa04514","PBMC_Early"
"Classical Monocytes","Th17like_INNATE_T","HLA-DRB5","CD4",0.00496888425624796,0,"HLA-DRB5_CD4","HLA-DRB5 - CD4","MHC-II","Cell-Cell Contact","KEGG: hsa04514","PBMC_Early"
"CXCR5- Naïve B","Th17like_INNATE_T","HLA-DRB5","CD4",0.0163827615583333,0,"HLA-DRB5_CD4","HLA-DRB5 - CD4","MHC-II","Cell-Cell Contact","KEGG: hsa04514","PBMC_Early"
"CXCR5+ Naïve B","Th17like_INNATE_T","HLA-DRB5","CD4",0.0157931953685771,0,"HLA-DRB5_CD4","HLA-DRB5 - CD4","MHC-II","Cell-Cell Contact","KEGG: hsa04514","PBMC_Early"
"DC2","Th17like_INNATE_T","HLA-DRB5","CD4",0.0299989919856003,0,"HLA-DRB5_CD4","HLA-DRB5 - CD4","MHC-II","Cell-Cell Contact","KEGG: hsa04514","PBMC_Early"
"HSC_MPP","Th17like_INNATE_T","HLA-DRB5","CD4",0.00647636708631308,0,"HLA-DRB5_CD4","HLA-DRB5 - CD4","MHC-II","Cell-Cell Contact","KEGG: hsa04514","PBMC_Early"
"MEMP","Th17like_INNATE_T","HLA-DRB5","CD4",0.00228443112754136,0,"HLA-DRB5_CD4","HLA-DRB5 - CD4","MHC-II","Cell-Cell Contact","KEGG: hsa04514","PBMC_Early"
"pDC","Th17like_INNATE_T","HLA-DRB5","CD4",0.0137089141920362,0,"HLA-DRB5_CD4","HLA-DRB5 - CD4","MHC-II","Cell-Cell Contact","KEGG: hsa04514","PBMC_Early"
"Pro-B","Th17like_INNATE_T","HLA-DRB5","CD4",0.0144100630053595,0,"HLA-DRB5_CD4","HLA-DRB5 - CD4","MHC-II","Cell-Cell Contact","KEGG: hsa04514","PBMC_Early"
"CD14+PPBP+ Monocytes","Treg","HLA-DRB5","CD4",0.00298586636804063,0,"HLA-DRB5_CD4","HLA-DRB5 - CD4","MHC-II","Cell-Cell Contact","KEGG: hsa04514","PBMC_Early"
"Classical Monocytes","Treg","HLA-DRB5","CD4",0.00567816699675149,0,"HLA-DRB5_CD4","HLA-DRB5 - CD4","MHC-II","Cell-Cell Contact","KEGG: hsa04514","PBMC_Early"
"CXCR5- Naïve B","Treg","HLA-DRB5","CD4",0.0186907124061234,0,"HLA-DRB5_CD4","HLA-DRB5 - CD4","MHC-II","Cell-Cell Contact","KEGG: hsa04514","PBMC_Early"
"CXCR5+ Naïve B","Treg","HLA-DRB5","CD4",0.0180196115922898,0,"HLA-DRB5_CD4","HLA-DRB5 - CD4","MHC-II","Cell-Cell Contact","KEGG: hsa04514","PBMC_Early"
"DC2","Treg","HLA-DRB5","CD4",0.0341585390473713,0,"HLA-DRB5_CD4","HLA-DRB5 - CD4","MHC-II","Cell-Cell Contact","KEGG: hsa04514","PBMC_Early"
"HSC_MPP","Treg","HLA-DRB5","CD4",0.00739923510974487,0,"HLA-DRB5_CD4","HLA-DRB5 - CD4","MHC-II","Cell-Cell Contact","KEGG: hsa04514","PBMC_Early"
"MEMP","Treg","HLA-DRB5","CD4",0.00261152766694471,0,"HLA-DRB5_CD4","HLA-DRB5 - CD4","MHC-II","Cell-Cell Contact","KEGG: hsa04514","PBMC_Early"
"pDC","Treg","HLA-DRB5","CD4",0.0156461738184489,0,"HLA-DRB5_CD4","HLA-DRB5 - CD4","MHC-II","Cell-Cell Contact","KEGG: hsa04514","PBMC_Early"
"Pro-B","Treg","HLA-DRB5","CD4",0.0164447526520812,0,"HLA-DRB5_CD4","HLA-DRB5 - CD4","MHC-II","Cell-Cell Contact","KEGG: hsa04514","PBMC_Early"
"DC2","DC2","MPZL1","MPZL1",0.000405398332733974,0,"MPZL1_MPZL1","MPZL1 - MPZL1","MPZ","Cell-Cell Contact","KEGG: hsa04514","PBMC_Early"
"pDC","DC2","MPZL1","MPZL1",0.000369251867817438,0,"MPZL1_MPZL1","MPZL1 - MPZL1","MPZ","Cell-Cell Contact","KEGG: hsa04514","PBMC_Early"
"Pro-B","DC2","MPZL1","MPZL1",0.000526709877372358,0,"MPZL1_MPZL1","MPZL1 - MPZL1","MPZ","Cell-Cell Contact","KEGG: hsa04514","PBMC_Early"
"DC2","pDC","MPZL1","MPZL1",0.000369251867817438,0,"MPZL1_MPZL1","MPZL1 - MPZL1","MPZ","Cell-Cell Contact","KEGG: hsa04514","PBMC_Early"
"pDC","pDC","MPZL1","MPZL1",0.000336327239815939,0,"MPZL1_MPZL1","MPZL1 - MPZL1","MPZ","Cell-Cell Contact","KEGG: hsa04514","PBMC_Early"
"Pro-B","pDC","MPZL1","MPZL1",0.000479752122472554,0,"MPZL1_MPZL1","MPZL1 - MPZL1","MPZ","Cell-Cell Contact","KEGG: hsa04514","PBMC_Early"
"DC2","Pro-B","MPZL1","MPZL1",0.000526709877372358,0,"MPZL1_MPZL1","MPZL1 - MPZL1","MPZ","Cell-Cell Contact","KEGG: hsa04514","PBMC_Early"
"pDC","Pro-B","MPZL1","MPZL1",0.000479752122472554,0,"MPZL1_MPZL1","MPZL1 - MPZL1","MPZ","Cell-Cell Contact","KEGG: hsa04514","PBMC_Early"
"Pro-B","Pro-B","MPZL1","MPZL1",0.000684297881796953,0,"MPZL1_MPZL1","MPZL1 - MPZL1","MPZ","Cell-Cell Contact","KEGG: hsa04514","PBMC_Early"
"CD56highCD16low NK","CD56highCD16low NK","NCAM1","NCAM1",0.0158758190814929,0,"NCAM1_NCAM1","NCAM1 - NCAM1","NCAM","Cell-Cell Contact","KEGG: hsa04514","PBMC_Early"
"CX3CR1+ NK","CD56highCD16low NK","NCAM1","NCAM1",0.00738521121167174,0,"NCAM1_NCAM1","NCAM1 - NCAM1","NCAM","Cell-Cell Contact","KEGG: hsa04514","PBMC_Early"
"CXCR6+ NK","CD56highCD16low NK","NCAM1","NCAM1",0.0105847266449767,0,"NCAM1_NCAM1","NCAM1 - NCAM1","NCAM","Cell-Cell Contact","KEGG: hsa04514","PBMC_Early"
"CD56highCD16low NK","CX3CR1+ NK","NCAM1","NCAM1",0.00738521121167174,0,"NCAM1_NCAM1","NCAM1 - NCAM1","NCAM","Cell-Cell Contact","KEGG: hsa04514","PBMC_Early"
"CX3CR1+ NK","CX3CR1+ NK","NCAM1","NCAM1",0.00341971890683585,0,"NCAM1_NCAM1","NCAM1 - NCAM1","NCAM","Cell-Cell Contact","KEGG: hsa04514","PBMC_Early"
"CXCR6+ NK","CX3CR1+ NK","NCAM1","NCAM1",0.00490975078193183,0,"NCAM1_NCAM1","NCAM1 - NCAM1","NCAM","Cell-Cell Contact","KEGG: hsa04514","PBMC_Early"
"CD56highCD16low NK","CXCR6+ NK","NCAM1","NCAM1",0.0105847266449767,0,"NCAM1_NCAM1","NCAM1 - NCAM1","NCAM","Cell-Cell Contact","KEGG: hsa04514","PBMC_Early"
"CX3CR1+ NK","CXCR6+ NK","NCAM1","NCAM1",0.00490975078193183,0,"NCAM1_NCAM1","NCAM1 - NCAM1","NCAM","Cell-Cell Contact","KEGG: hsa04514","PBMC_Early"
"CXCR6+ NK","CXCR6+ NK","NCAM1","NCAM1",0.00704442667021482,0,"NCAM1_NCAM1","NCAM1 - NCAM1","NCAM","Cell-Cell Contact","KEGG: hsa04514","PBMC_Early"
"HSC_MPP","abTentry","NECTIN2","CD226",0.00190321787827999,0,"NECTIN2_CD226","NECTIN2 - CD226","NECTIN","Cell-Cell Contact","KEGG: hsa04514","PBMC_Early"
"MEP","abTentry","NECTIN2","CD226",0.0127757925770668,0,"NECTIN2_CD226","NECTIN2 - CD226","NECTIN","Cell-Cell Contact","KEGG: hsa04514","PBMC_Early"
"HSC_MPP","CD14+PPBP+ Monocytes","NECTIN2","CD226",0.00106442930110122,0,"NECTIN2_CD226","NECTIN2 - CD226","NECTIN","Cell-Cell Contact","KEGG: hsa04514","PBMC_Early"
"MEP","CD14+PPBP+ Monocytes","NECTIN2","CD226",0.0071796983027203,0,"NECTIN2_CD226","NECTIN2 - CD226","NECTIN","Cell-Cell Contact","KEGG: hsa04514","PBMC_Early"
"HSC_MPP","Gamma Delta V2 T","NECTIN2","CD226",0.000957233083180572,0,"NECTIN2_CD226","NECTIN2 - CD226","NECTIN","Cell-Cell Contact","KEGG: hsa04514","PBMC_Early"
"MEP","Gamma Delta V2 T","NECTIN2","CD226",0.00646063050821165,0,"NECTIN2_CD226","NECTIN2 - CD226","NECTIN","Cell-Cell Contact","KEGG: hsa04514","PBMC_Early"
"HSC_MPP","Megakaryocytes","NECTIN2","CD226",0.00207615616308829,0,"NECTIN2_CD226","NECTIN2 - CD226","NECTIN","Cell-Cell Contact","KEGG: hsa04514","PBMC_Early"
"MEP","Megakaryocytes","NECTIN2","CD226",0.013922899668464,0,"NECTIN2_CD226","NECTIN2 - CD226","NECTIN","Cell-Cell Contact","KEGG: hsa04514","PBMC_Early"
"HSC_MPP","Naïve CD8 T","NECTIN2","CD226",0.000778267235297794,0,"NECTIN2_CD226","NECTIN2 - CD226","NECTIN","Cell-Cell Contact","KEGG: hsa04514","PBMC_Early"
"MEP","Naïve CD8 T","NECTIN2","CD226",0.00525815598985573,0,"NECTIN2_CD226","NECTIN2 - CD226","NECTIN","Cell-Cell Contact","KEGG: hsa04514","PBMC_Early"
"HSC_MPP","Th17like_INNATE_T","NECTIN2","CD226",0.00115158141324331,0,"NECTIN2_CD226","NECTIN2 - CD226","NECTIN","Cell-Cell Contact","KEGG: hsa04514","PBMC_Early"
"MEP","Th17like_INNATE_T","NECTIN2","CD226",0.00776365794536196,0,"NECTIN2_CD226","NECTIN2 - CD226","NECTIN","Cell-Cell Contact","KEGG: hsa04514","PBMC_Early"
"HSC_MPP","CX3CR1+ NK","NECTIN2","TIGIT",0.00119037583532402,0,"NECTIN2_TIGIT","NECTIN2 - TIGIT","NECTIN","Cell-Cell Contact","KEGG: hsa04514","PBMC_Early"
"MEP","CX3CR1+ NK","NECTIN2","TIGIT",0.0080234104460767,0,"NECTIN2_TIGIT","NECTIN2 - TIGIT","NECTIN","Cell-Cell Contact","KEGG: hsa04514","PBMC_Early"
"HSC_MPP","CXCR6+ NK","NECTIN2","TIGIT",0.00200274405723278,0,"NECTIN2_TIGIT","NECTIN2 - TIGIT","NECTIN","Cell-Cell Contact","KEGG: hsa04514","PBMC_Early"
"MEP","CXCR6+ NK","NECTIN2","TIGIT",0.0134362312395123,0,"NECTIN2_TIGIT","NECTIN2 - TIGIT","NECTIN","Cell-Cell Contact","KEGG: hsa04514","PBMC_Early"
"HSC_MPP","CD14+PPBP+ Monocytes","DLK1","NOTCH2",0.00545345698492789,0,"DLK1_NOTCH2","DLK1 - NOTCH2","NOTCH","Cell-Cell Contact","PMID: 22353464","PBMC_Early"
"HSC_MPP","Classical Monocytes","DLK1","NOTCH2",0.00624500586173342,0,"DLK1_NOTCH2","DLK1 - NOTCH2","NOTCH","Cell-Cell Contact","PMID: 22353464","PBMC_Early"
"HSC_MPP","CXCR5- Naïve B","DLK1","NOTCH2",0.00282936129802354,0,"DLK1_NOTCH2","DLK1 - NOTCH2","NOTCH","Cell-Cell Contact","PMID: 22353464","PBMC_Early"
"HSC_MPP","CXCR5+ Naïve B","DLK1","NOTCH2",0.00260381026506542,0,"DLK1_NOTCH2","DLK1 - NOTCH2","NOTCH","Cell-Cell Contact","PMID: 22353464","PBMC_Early"
"HSC_MPP","DC2","DLK1","NOTCH2",0.00458248508889649,0,"DLK1_NOTCH2","DLK1 - NOTCH2","NOTCH","Cell-Cell Contact","PMID: 22353464","PBMC_Early"
"HSC_MPP","HSC_MPP","DLK1","NOTCH2",0.00072540748201343,0,"DLK1_NOTCH2","DLK1 - NOTCH2","NOTCH","Cell-Cell Contact","PMID: 22353464","PBMC_Early"
"HSC_MPP","MEMP","DLK1","NOTCH2",0.00100624706384638,0,"DLK1_NOTCH2","DLK1 - NOTCH2","NOTCH","Cell-Cell Contact","PMID: 22353464","PBMC_Early"
"HSC_MPP","MEP","DLK1","NOTCH2",0.00129828320652587,0,"DLK1_NOTCH2","DLK1 - NOTCH2","NOTCH","Cell-Cell Contact","PMID: 22353464","PBMC_Early"
"HSC_MPP","Myeloid-CD177","DLK1","NOTCH2",0.0108354189024521,0,"DLK1_NOTCH2","DLK1 - NOTCH2","NOTCH","Cell-Cell Contact","PMID: 22353464","PBMC_Early"
"HSC_MPP","pDC","DLK1","NOTCH2",0.00216613785687954,0,"DLK1_NOTCH2","DLK1 - NOTCH2","NOTCH","Cell-Cell Contact","PMID: 22353464","PBMC_Early"
"CD14+PPBP+ Monocytes","CD14+PPBP+ Monocytes","PECAM1","PECAM1",0.0645942541849507,0,"PECAM1_PECAM1","PECAM1 - PECAM1","PECAM1","Cell-Cell Contact","KEGG: hsa04514","PBMC_Early"
"Classical Monocytes","CD14+PPBP+ Monocytes","PECAM1","PECAM1",0.0464960511441991,0,"PECAM1_PECAM1","PECAM1 - PECAM1","PECAM1","Cell-Cell Contact","KEGG: hsa04514","PBMC_Early"
"DC2","CD14+PPBP+ Monocytes","PECAM1","PECAM1",0.0225707005471115,0,"PECAM1_PECAM1","PECAM1 - PECAM1","PECAM1","Cell-Cell Contact","KEGG: hsa04514","PBMC_Early"
"HSC_MPP","CD14+PPBP+ Monocytes","PECAM1","PECAM1",0.031923323779456,0,"PECAM1_PECAM1","PECAM1 - PECAM1","PECAM1","Cell-Cell Contact","KEGG: hsa04514","PBMC_Early"
"Megakaryocytes","CD14+PPBP+ Monocytes","PECAM1","PECAM1",0.0296113306783412,0,"PECAM1_PECAM1","PECAM1 - PECAM1","PECAM1","Cell-Cell Contact","KEGG: hsa04514","PBMC_Early"
"MEMP","CD14+PPBP+ Monocytes","PECAM1","PECAM1",0.00884807201590702,0,"PECAM1_PECAM1","PECAM1 - PECAM1","PECAM1","Cell-Cell Contact","KEGG: hsa04514","PBMC_Early"
"MEP","CD14+PPBP+ Monocytes","PECAM1","PECAM1",0.0665830906901175,0,"PECAM1_PECAM1","PECAM1 - PECAM1","PECAM1","Cell-Cell Contact","KEGG: hsa04514","PBMC_Early"
"Myeloid-CD177","CD14+PPBP+ Monocytes","PECAM1","PECAM1",0.0298778383726841,0,"PECAM1_PECAM1","PECAM1 - PECAM1","PECAM1","Cell-Cell Contact","KEGG: hsa04514","PBMC_Early"
"Naïve CD8 T","CD14+PPBP+ Monocytes","PECAM1","PECAM1",0.0365900211491449,0,"PECAM1_PECAM1","PECAM1 - PECAM1","PECAM1","Cell-Cell Contact","KEGG: hsa04514","PBMC_Early"
"Pro-B","CD14+PPBP+ Monocytes","PECAM1","PECAM1",0.0382739380716393,0,"PECAM1_PECAM1","PECAM1 - PECAM1","PECAM1","Cell-Cell Contact","KEGG: hsa04514","PBMC_Early"
"CD14+PPBP+ Monocytes","Classical Monocytes","PECAM1","PECAM1",0.0464960511441991,0,"PECAM1_PECAM1","PECAM1 - PECAM1","PECAM1","Cell-Cell Contact","KEGG: hsa04514","PBMC_Early"
"Classical Monocytes","Classical Monocytes","PECAM1","PECAM1",0.0332882001093513,0,"PECAM1_PECAM1","PECAM1 - PECAM1","PECAM1","Cell-Cell Contact","KEGG: hsa04514","PBMC_Early"
"DC2","Classical Monocytes","PECAM1","PECAM1",0.0160448153512819,0,"PECAM1_PECAM1","PECAM1 - PECAM1","PECAM1","Cell-Cell Contact","KEGG: hsa04514","PBMC_Early"
"HSC_MPP","Classical Monocytes","PECAM1","PECAM1",0.0227562638580699,0,"PECAM1_PECAM1","PECAM1 - PECAM1","PECAM1","Cell-Cell Contact","KEGG: hsa04514","PBMC_Early"
"Megakaryocytes","Classical Monocytes","PECAM1","PECAM1",0.0210937135624221,0,"PECAM1_PECAM1","PECAM1 - PECAM1","PECAM1","Cell-Cell Contact","KEGG: hsa04514","PBMC_Early"
"MEMP","Classical Monocytes","PECAM1","PECAM1",0.00626439291451793,0,"PECAM1_PECAM1","PECAM1 - PECAM1","PECAM1","Cell-Cell Contact","KEGG: hsa04514","PBMC_Early"
"MEP","Classical Monocytes","PECAM1","PECAM1",0.0479562181196641,0,"PECAM1_PECAM1","PECAM1 - PECAM1","PECAM1","Cell-Cell Contact","KEGG: hsa04514","PBMC_Early"
"Myeloid-CD177","Classical Monocytes","PECAM1","PECAM1",0.0212852425809514,0,"PECAM1_PECAM1","PECAM1 - PECAM1","PECAM1","Cell-Cell Contact","KEGG: hsa04514","PBMC_Early"
"Naïve CD8 T","Classical Monocytes","PECAM1","PECAM1",0.0261190343945946,0,"PECAM1_PECAM1","PECAM1 - PECAM1","PECAM1","Cell-Cell Contact","KEGG: hsa04514","PBMC_Early"
"Pro-B","Classical Monocytes","PECAM1","PECAM1",0.0273347364174332,0,"PECAM1_PECAM1","PECAM1 - PECAM1","PECAM1","Cell-Cell Contact","KEGG: hsa04514","PBMC_Early"
"CD14+PPBP+ Monocytes","DC2","PECAM1","PECAM1",0.0225707005471115,0,"PECAM1_PECAM1","PECAM1 - PECAM1","PECAM1","Cell-Cell Contact","KEGG: hsa04514","PBMC_Early"
"Classical Monocytes","DC2","PECAM1","PECAM1",0.0160448153512819,0,"PECAM1_PECAM1","PECAM1 - PECAM1","PECAM1","Cell-Cell Contact","KEGG: hsa04514","PBMC_Early"
"DC2","DC2","PECAM1","PECAM1",0.00766275268776596,0,"PECAM1_PECAM1","PECAM1 - PECAM1","PECAM1","Cell-Cell Contact","KEGG: hsa04514","PBMC_Early"
"HSC_MPP","DC2","PECAM1","PECAM1",0.0109069004330952,0,"PECAM1_PECAM1","PECAM1 - PECAM1","PECAM1","Cell-Cell Contact","KEGG: hsa04514","PBMC_Early"
"Megakaryocytes","DC2","PECAM1","PECAM1",0.0101011048132046,0,"PECAM1_PECAM1","PECAM1 - PECAM1","PECAM1","Cell-Cell Contact","KEGG: hsa04514","PBMC_Early"
"MEMP","DC2","PECAM1","PECAM1",0.00297632068242935,0,"PECAM1_PECAM1","PECAM1 - PECAM1","PECAM1","Cell-Cell Contact","KEGG: hsa04514","PBMC_Early"
"MEP","DC2","PECAM1","PECAM1",0.0232978718030802,0,"PECAM1_PECAM1","PECAM1 - PECAM1","PECAM1","Cell-Cell Contact","KEGG: hsa04514","PBMC_Early"
"Myeloid-CD177","DC2","PECAM1","PECAM1",0.0101938613280648,0,"PECAM1_PECAM1","PECAM1 - PECAM1","PECAM1","Cell-Cell Contact","KEGG: hsa04514","PBMC_Early"
"Naïve CD8 T","DC2","PECAM1","PECAM1",0.0125411213423662,0,"PECAM1_PECAM1","PECAM1 - PECAM1","PECAM1","Cell-Cell Contact","KEGG: hsa04514","PBMC_Early"
"Pro-B","DC2","PECAM1","PECAM1",0.0131333664081253,0,"PECAM1_PECAM1","PECAM1 - PECAM1","PECAM1","Cell-Cell Contact","KEGG: hsa04514","PBMC_Early"
"CD14+PPBP+ Monocytes","HSC_MPP","PECAM1","PECAM1",0.031923323779456,0,"PECAM1_PECAM1","PECAM1 - PECAM1","PECAM1","Cell-Cell Contact","KEGG: hsa04514","PBMC_Early"
"Classical Monocytes","HSC_MPP","PECAM1","PECAM1",0.0227562638580699,0,"PECAM1_PECAM1","PECAM1 - PECAM1","PECAM1","Cell-Cell Contact","KEGG: hsa04514","PBMC_Early"
"DC2","HSC_MPP","PECAM1","PECAM1",0.0109069004330952,0,"PECAM1_PECAM1","PECAM1 - PECAM1","PECAM1","Cell-Cell Contact","KEGG: hsa04514","PBMC_Early"
"HSC_MPP","HSC_MPP","PECAM1","PECAM1",0.0155030522562139,0,"PECAM1_PECAM1","PECAM1 - PECAM1","PECAM1","Cell-Cell Contact","KEGG: hsa04514","PBMC_Early"
"Megakaryocytes","HSC_MPP","PECAM1","PECAM1",0.0143626263140621,0,"PECAM1_PECAM1","PECAM1 - PECAM1","PECAM1","Cell-Cell Contact","KEGG: hsa04514","PBMC_Early"
"MEMP","HSC_MPP","PECAM1","PECAM1",0.00424488039219043,0,"PECAM1_PECAM1","PECAM1 - PECAM1","PECAM1","Cell-Cell Contact","KEGG: hsa04514","PBMC_Early"
"MEP","HSC_MPP","PECAM1","PECAM1",0.0329416579313299,0,"PECAM1_PECAM1","PECAM1 - PECAM1","PECAM1","Cell-Cell Contact","KEGG: hsa04514","PBMC_Early"
"Myeloid-CD177","HSC_MPP","PECAM1","PECAM1",0.0144939425910199,0,"PECAM1_PECAM1","PECAM1 - PECAM1","PECAM1","Cell-Cell Contact","KEGG: hsa04514","PBMC_Early"
"Naïve CD8 T","HSC_MPP","PECAM1","PECAM1",0.0178135287470295,0,"PECAM1_PECAM1","PECAM1 - PECAM1","PECAM1","Cell-Cell Contact","KEGG: hsa04514","PBMC_Early"
"Pro-B","HSC_MPP","PECAM1","PECAM1",0.0186500567359369,0,"PECAM1_PECAM1","PECAM1 - PECAM1","PECAM1","Cell-Cell Contact","KEGG: hsa04514","PBMC_Early"
"CD14+PPBP+ Monocytes","Megakaryocytes","PECAM1","PECAM1",0.0296113306783412,0,"PECAM1_PECAM1","PECAM1 - PECAM1","PECAM1","Cell-Cell Contact","KEGG: hsa04514","PBMC_Early"
"Classical Monocytes","Megakaryocytes","PECAM1","PECAM1",0.0210937135624221,0,"PECAM1_PECAM1","PECAM1 - PECAM1","PECAM1","Cell-Cell Contact","KEGG: hsa04514","PBMC_Early"
"DC2","Megakaryocytes","PECAM1","PECAM1",0.0101011048132046,0,"PECAM1_PECAM1","PECAM1 - PECAM1","PECAM1","Cell-Cell Contact","KEGG: hsa04514","PBMC_Early"
"HSC_MPP","Megakaryocytes","PECAM1","PECAM1",0.0143626263140621,0,"PECAM1_PECAM1","PECAM1 - PECAM1","PECAM1","Cell-Cell Contact","KEGG: hsa04514","PBMC_Early"
"Megakaryocytes","Megakaryocytes","PECAM1","PECAM1",0.0133049579329075,0,"PECAM1_PECAM1","PECAM1 - PECAM1","PECAM1","Cell-Cell Contact","KEGG: hsa04514","PBMC_Early"
"MEMP","Megakaryocytes","PECAM1","PECAM1",0.00392931575432434,0,"PECAM1_PECAM1","PECAM1 - PECAM1","PECAM1","Cell-Cell Contact","KEGG: hsa04514","PBMC_Early"
"MEP","Megakaryocytes","PECAM1","PECAM1",0.0305582417132455,0,"PECAM1_PECAM1","PECAM1 - PECAM1","PECAM1","Cell-Cell Contact","KEGG: hsa04514","PBMC_Early"
"Myeloid-CD177","Megakaryocytes","PECAM1","PECAM1",0.0134267357682132,0,"PECAM1_PECAM1","PECAM1 - PECAM1","PECAM1","Cell-Cell Contact","KEGG: hsa04514","PBMC_Early"
"Naïve CD8 T","Megakaryocytes","PECAM1","PECAM1",0.0165059905277119,0,"PECAM1_PECAM1","PECAM1 - PECAM1","PECAM1","Cell-Cell Contact","KEGG: hsa04514","PBMC_Early"
"Pro-B","Megakaryocytes","PECAM1","PECAM1",0.0172821965916517,0,"PECAM1_PECAM1","PECAM1 - PECAM1","PECAM1","Cell-Cell Contact","KEGG: hsa04514","PBMC_Early"
"CD14+PPBP+ Monocytes","MEMP","PECAM1","PECAM1",0.00884807201590702,0,"PECAM1_PECAM1","PECAM1 - PECAM1","PECAM1","Cell-Cell Contact","KEGG: hsa04514","PBMC_Early"
"Classical Monocytes","MEMP","PECAM1","PECAM1",0.00626439291451793,0,"PECAM1_PECAM1","PECAM1 - PECAM1","PECAM1","Cell-Cell Contact","KEGG: hsa04514","PBMC_Early"
"DC2","MEMP","PECAM1","PECAM1",0.00297632068242935,0,"PECAM1_PECAM1","PECAM1 - PECAM1","PECAM1","Cell-Cell Contact","KEGG: hsa04514","PBMC_Early"
"HSC_MPP","MEMP","PECAM1","PECAM1",0.00424488039219043,0,"PECAM1_PECAM1","PECAM1 - PECAM1","PECAM1","Cell-Cell Contact","KEGG: hsa04514","PBMC_Early"
"Megakaryocytes","MEMP","PECAM1","PECAM1",0.00392931575432434,0,"PECAM1_PECAM1","PECAM1 - PECAM1","PECAM1","Cell-Cell Contact","KEGG: hsa04514","PBMC_Early"
"MEMP","MEMP","PECAM1","PECAM1",0.00115271534828305,0,"PECAM1_PECAM1","PECAM1 - PECAM1","PECAM1","Cell-Cell Contact","KEGG: hsa04514","PBMC_Early"
"MEP","MEMP","PECAM1","PECAM1",0.00913726761103351,0,"PECAM1_PECAM1","PECAM1 - PECAM1","PECAM1","Cell-Cell Contact","KEGG: hsa04514","PBMC_Early"
"Myeloid-CD177","MEMP","PECAM1","PECAM1",0.00396562495251509,0,"PECAM1_PECAM1","PECAM1 - PECAM1","PECAM1","Cell-Cell Contact","KEGG: hsa04514","PBMC_Early"
"Naïve CD8 T","MEMP","PECAM1","PECAM1",0.00488583719331773,0,"PECAM1_PECAM1","PECAM1 - PECAM1","PECAM1","Cell-Cell Contact","KEGG: hsa04514","PBMC_Early"
"Pro-B","MEMP","PECAM1","PECAM1",0.00511844109099405,0,"PECAM1_PECAM1","PECAM1 - PECAM1","PECAM1","Cell-Cell Contact","KEGG: hsa04514","PBMC_Early"
"CD14+PPBP+ Monocytes","MEP","PECAM1","PECAM1",0.0665830906901175,0,"PECAM1_PECAM1","PECAM1 - PECAM1","PECAM1","Cell-Cell Contact","KEGG: hsa04514","PBMC_Early"
"Classical Monocytes","MEP","PECAM1","PECAM1",0.0479562181196641,0,"PECAM1_PECAM1","PECAM1 - PECAM1","PECAM1","Cell-Cell Contact","KEGG: hsa04514","PBMC_Early"
"DC2","MEP","PECAM1","PECAM1",0.0232978718030802,0,"PECAM1_PECAM1","PECAM1 - PECAM1","PECAM1","Cell-Cell Contact","KEGG: hsa04514","PBMC_Early"
"HSC_MPP","MEP","PECAM1","PECAM1",0.0329416579313299,0,"PECAM1_PECAM1","PECAM1 - PECAM1","PECAM1","Cell-Cell Contact","KEGG: hsa04514","PBMC_Early"
"Megakaryocytes","MEP","PECAM1","PECAM1",0.0305582417132455,0,"PECAM1_PECAM1","PECAM1 - PECAM1","PECAM1","Cell-Cell Contact","KEGG: hsa04514","PBMC_Early"
"MEMP","MEP","PECAM1","PECAM1",0.00913726761103351,0,"PECAM1_PECAM1","PECAM1 - PECAM1","PECAM1","Cell-Cell Contact","KEGG: hsa04514","PBMC_Early"
"MEP","MEP","PECAM1","PECAM1",0.0686286701126803,0,"PECAM1_PECAM1","PECAM1 - PECAM1","PECAM1","Cell-Cell Contact","KEGG: hsa04514","PBMC_Early"
"Myeloid-CD177","MEP","PECAM1","PECAM1",0.0308330010007184,0,"PECAM1_PECAM1","PECAM1 - PECAM1","PECAM1","Cell-Cell Contact","KEGG: hsa04514","PBMC_Early"
"Naïve CD8 T","MEP","PECAM1","PECAM1",0.0377514148663885,0,"PECAM1_PECAM1","PECAM1 - PECAM1","PECAM1","Cell-Cell Contact","KEGG: hsa04514","PBMC_Early"
"Pro-B","MEP","PECAM1","PECAM1",0.0394865898641183,0,"PECAM1_PECAM1","PECAM1 - PECAM1","PECAM1","Cell-Cell Contact","KEGG: hsa04514","PBMC_Early"
"CD14+PPBP+ Monocytes","Myeloid-CD177","PECAM1","PECAM1",0.0298778383726841,0,"PECAM1_PECAM1","PECAM1 - PECAM1","PECAM1","Cell-Cell Contact","KEGG: hsa04514","PBMC_Early"
"Classical Monocytes","Myeloid-CD177","PECAM1","PECAM1",0.0212852425809514,0,"PECAM1_PECAM1","PECAM1 - PECAM1","PECAM1","Cell-Cell Contact","KEGG: hsa04514","PBMC_Early"
"DC2","Myeloid-CD177","PECAM1","PECAM1",0.0101938613280648,0,"PECAM1_PECAM1","PECAM1 - PECAM1","PECAM1","Cell-Cell Contact","KEGG: hsa04514","PBMC_Early"
"HSC_MPP","Myeloid-CD177","PECAM1","PECAM1",0.0144939425910199,0,"PECAM1_PECAM1","PECAM1 - PECAM1","PECAM1","Cell-Cell Contact","KEGG: hsa04514","PBMC_Early"
"Megakaryocytes","Myeloid-CD177","PECAM1","PECAM1",0.0134267357682132,0,"PECAM1_PECAM1","PECAM1 - PECAM1","PECAM1","Cell-Cell Contact","KEGG: hsa04514","PBMC_Early"
"MEMP","Myeloid-CD177","PECAM1","PECAM1",0.00396562495251509,0,"PECAM1_PECAM1","PECAM1 - PECAM1","PECAM1","Cell-Cell Contact","KEGG: hsa04514","PBMC_Early"
"MEP","Myeloid-CD177","PECAM1","PECAM1",0.0308330010007184,0,"PECAM1_PECAM1","PECAM1 - PECAM1","PECAM1","Cell-Cell Contact","KEGG: hsa04514","PBMC_Early"
"Myeloid-CD177","Myeloid-CD177","PECAM1","PECAM1",0.0135496129074857,0,"PECAM1_PECAM1","PECAM1 - PECAM1","PECAM1","Cell-Cell Contact","KEGG: hsa04514","PBMC_Early"
"Naïve CD8 T","Myeloid-CD177","PECAM1","PECAM1",0.0166565722336991,0,"PECAM1_PECAM1","PECAM1 - PECAM1","PECAM1","Cell-Cell Contact","KEGG: hsa04514","PBMC_Early"
"Pro-B","Myeloid-CD177","PECAM1","PECAM1",0.017439733943476,0,"PECAM1_PECAM1","PECAM1 - PECAM1","PECAM1","Cell-Cell Contact","KEGG: hsa04514","PBMC_Early"
"CD14+PPBP+ Monocytes","Naïve CD8 T","PECAM1","PECAM1",0.0365900211491449,0,"PECAM1_PECAM1","PECAM1 - PECAM1","PECAM1","Cell-Cell Contact","KEGG: hsa04514","PBMC_Early"
"Classical Monocytes","Naïve CD8 T","PECAM1","PECAM1",0.0261190343945946,0,"PECAM1_PECAM1","PECAM1 - PECAM1","PECAM1","Cell-Cell Contact","KEGG: hsa04514","PBMC_Early"
"DC2","Naïve CD8 T","PECAM1","PECAM1",0.0125411213423662,0,"PECAM1_PECAM1","PECAM1 - PECAM1","PECAM1","Cell-Cell Contact","KEGG: hsa04514","PBMC_Early"
"HSC_MPP","Naïve CD8 T","PECAM1","PECAM1",0.0178135287470295,0,"PECAM1_PECAM1","PECAM1 - PECAM1","PECAM1","Cell-Cell Contact","KEGG: hsa04514","PBMC_Early"
"Megakaryocytes","Naïve CD8 T","PECAM1","PECAM1",0.0165059905277119,0,"PECAM1_PECAM1","PECAM1 - PECAM1","PECAM1","Cell-Cell Contact","KEGG: hsa04514","PBMC_Early"
"MEMP","Naïve CD8 T","PECAM1","PECAM1",0.00488583719331773,0,"PECAM1_PECAM1","PECAM1 - PECAM1","PECAM1","Cell-Cell Contact","KEGG: hsa04514","PBMC_Early"
"MEP","Naïve CD8 T","PECAM1","PECAM1",0.0377514148663885,0,"PECAM1_PECAM1","PECAM1 - PECAM1","PECAM1","Cell-Cell Contact","KEGG: hsa04514","PBMC_Early"
"Myeloid-CD177","Naïve CD8 T","PECAM1","PECAM1",0.0166565722336991,0,"PECAM1_PECAM1","PECAM1 - PECAM1","PECAM1","Cell-Cell Contact","KEGG: hsa04514","PBMC_Early"
"Naïve CD8 T","Naïve CD8 T","PECAM1","PECAM1",0.0204611874588152,0,"PECAM1_PECAM1","PECAM1 - PECAM1","PECAM1","Cell-Cell Contact","KEGG: hsa04514","PBMC_Early"
"Pro-B","Naïve CD8 T","PECAM1","PECAM1",0.0214193387273445,0,"PECAM1_PECAM1","PECAM1 - PECAM1","PECAM1","Cell-Cell Contact","KEGG: hsa04514","PBMC_Early"
"CD14+PPBP+ Monocytes","Pro-B","PECAM1","PECAM1",0.0382739380716393,0,"PECAM1_PECAM1","PECAM1 - PECAM1","PECAM1","Cell-Cell Contact","KEGG: hsa04514","PBMC_Early"
"Classical Monocytes","Pro-B","PECAM1","PECAM1",0.0273347364174332,0,"PECAM1_PECAM1","PECAM1 - PECAM1","PECAM1","Cell-Cell Contact","KEGG: hsa04514","PBMC_Early"
"DC2","Pro-B","PECAM1","PECAM1",0.0131333664081253,0,"PECAM1_PECAM1","PECAM1 - PECAM1","PECAM1","Cell-Cell Contact","KEGG: hsa04514","PBMC_Early"
"HSC_MPP","Pro-B","PECAM1","PECAM1",0.0186500567359369,0,"PECAM1_PECAM1","PECAM1 - PECAM1","PECAM1","Cell-Cell Contact","KEGG: hsa04514","PBMC_Early"
"Megakaryocytes","Pro-B","PECAM1","PECAM1",0.0172821965916517,0,"PECAM1_PECAM1","PECAM1 - PECAM1","PECAM1","Cell-Cell Contact","KEGG: hsa04514","PBMC_Early"
"MEMP","Pro-B","PECAM1","PECAM1",0.00511844109099405,0,"PECAM1_PECAM1","PECAM1 - PECAM1","PECAM1","Cell-Cell Contact","KEGG: hsa04514","PBMC_Early"
"MEP","Pro-B","PECAM1","PECAM1",0.0394865898641183,0,"PECAM1_PECAM1","PECAM1 - PECAM1","PECAM1","Cell-Cell Contact","KEGG: hsa04514","PBMC_Early"
"Myeloid-CD177","Pro-B","PECAM1","PECAM1",0.017439733943476,0,"PECAM1_PECAM1","PECAM1 - PECAM1","PECAM1","Cell-Cell Contact","KEGG: hsa04514","PBMC_Early"
"Naïve CD8 T","Pro-B","PECAM1","PECAM1",0.0214193387273445,0,"PECAM1_PECAM1","PECAM1 - PECAM1","PECAM1","Cell-Cell Contact","KEGG: hsa04514","PBMC_Early"
"Pro-B","Pro-B","PECAM1","PECAM1",0.0224213310434793,0,"PECAM1_PECAM1","PECAM1 - PECAM1","PECAM1","Cell-Cell Contact","KEGG: hsa04514","PBMC_Early"
"abTentry","HSC_MPP","SELL","CD34",0.10757184916502,0,"SELL_CD34","SELL - CD34","SELL","Cell-Cell Contact","PMID: 7692600; PMID: 8977216","PBMC_Early"
"CD14+PPBP+ Monocytes","HSC_MPP","SELL","CD34",0.0558070102462041,0,"SELL_CD34","SELL - CD34","SELL","Cell-Cell Contact","PMID: 7692600; PMID: 8977216","PBMC_Early"
"Classical Monocytes","HSC_MPP","SELL","CD34",0.0725530917312056,0,"SELL_CD34","SELL - CD34","SELL","Cell-Cell Contact","PMID: 7692600; PMID: 8977216","PBMC_Early"
"CXCR5+ Naïve B","HSC_MPP","SELL","CD34",0.0248790547239289,0,"SELL_CD34","SELL - CD34","SELL","Cell-Cell Contact","PMID: 7692600; PMID: 8977216","PBMC_Early"
"DC2","HSC_MPP","SELL","CD34",0.0542152153900266,0,"SELL_CD34","SELL - CD34","SELL","Cell-Cell Contact","PMID: 7692600; PMID: 8977216","PBMC_Early"
"Gamma Delta V1 T","HSC_MPP","SELL","CD34",0.105875053617024,0,"SELL_CD34","SELL - CD34","SELL","Cell-Cell Contact","PMID: 7692600; PMID: 8977216","PBMC_Early"
"Gamma Delta V2 T","HSC_MPP","SELL","CD34",0.0682580125557886,0,"SELL_CD34","SELL - CD34","SELL","Cell-Cell Contact","PMID: 7692600; PMID: 8977216","PBMC_Early"
"HSC_MPP","HSC_MPP","SELL","CD34",0.105801146897715,0,"SELL_CD34","SELL - CD34","SELL","Cell-Cell Contact","PMID: 7692600; PMID: 8977216","PBMC_Early"
"ILC2/3","HSC_MPP","SELL","CD34",0.0785496421828613,0,"SELL_CD34","SELL - CD34","SELL","Cell-Cell Contact","PMID: 7692600; PMID: 8977216","PBMC_Early"
"MEMP","HSC_MPP","SELL","CD34",0.011931776378186,0,"SELL_CD34","SELL - CD34","SELL","Cell-Cell Contact","PMID: 7692600; PMID: 8977216","PBMC_Early"
"Myeloid-CD177","HSC_MPP","SELL","CD34",0.0282939462800963,0,"SELL_CD34","SELL - CD34","SELL","Cell-Cell Contact","PMID: 7692600; PMID: 8977216","PBMC_Early"
"Naïve CD4 T","HSC_MPP","SELL","CD34",0.138705776000505,0,"SELL_CD34","SELL - CD34","SELL","Cell-Cell Contact","PMID: 7692600; PMID: 8977216","PBMC_Early"
"Naïve CD8 T","HSC_MPP","SELL","CD34",0.138118971449863,0,"SELL_CD34","SELL - CD34","SELL","Cell-Cell Contact","PMID: 7692600; PMID: 8977216","PBMC_Early"
"NK T","HSC_MPP","SELL","CD34",0.0717306458724828,0,"SELL_CD34","SELL - CD34","SELL","Cell-Cell Contact","PMID: 7692600; PMID: 8977216","PBMC_Early"
"pDC","HSC_MPP","SELL","CD34",0.129899413742898,0,"SELL_CD34","SELL - CD34","SELL","Cell-Cell Contact","PMID: 7692600; PMID: 8977216","PBMC_Early"
"Pro-B","HSC_MPP","SELL","CD34",0.015600295910581,0,"SELL_CD34","SELL - CD34","SELL","Cell-Cell Contact","PMID: 7692600; PMID: 8977216","PBMC_Early"
"Tem","HSC_MPP","SELL","CD34",0.0227358015873976,0,"SELL_CD34","SELL - CD34","SELL","Cell-Cell Contact","PMID: 7692600; PMID: 8977216","PBMC_Early"
"Th17like_INNATE_T","HSC_MPP","SELL","CD34",0.0266419584088331,0,"SELL_CD34","SELL - CD34","SELL","Cell-Cell Contact","PMID: 7692600; PMID: 8977216","PBMC_Early"
"Treg","HSC_MPP","SELL","CD34",0.137218064713587,0,"SELL_CD34","SELL - CD34","SELL","Cell-Cell Contact","PMID: 7692600; PMID: 8977216","PBMC_Early"
"abTentry","MEMP","SELL","CD34",0.00984674002783317,0,"SELL_CD34","SELL - CD34","SELL","Cell-Cell Contact","PMID: 7692600; PMID: 8977216","PBMC_Early"
"CD14+PPBP+ Monocytes","MEMP","SELL","CD34",0.00485266205748094,0,"SELL_CD34","SELL - CD34","SELL","Cell-Cell Contact","PMID: 7692600; PMID: 8977216","PBMC_Early"
"Classical Monocytes","MEMP","SELL","CD34",0.00641265088035003,0,"SELL_CD34","SELL - CD34","SELL","Cell-Cell Contact","PMID: 7692600; PMID: 8977216","PBMC_Early"
"CXCR5+ Naïve B","MEMP","SELL","CD34",0.00210052020697018,0,"SELL_CD34","SELL - CD34","SELL","Cell-Cell Contact","PMID: 7692600; PMID: 8977216","PBMC_Early"
"DC2","MEMP","SELL","CD34",0.00470700316166434,0,"SELL_CD34","SELL - CD34","SELL","Cell-Cell Contact","PMID: 7692600; PMID: 8977216","PBMC_Early"
"Gamma Delta V1 T","MEMP","SELL","CD34",0.00967471049448903,0,"SELL_CD34","SELL - CD34","SELL","Cell-Cell Contact","PMID: 7692600; PMID: 8977216","PBMC_Early"
"Gamma Delta V2 T","MEMP","SELL","CD34",0.00600766468899345,0,"SELL_CD34","SELL - CD34","SELL","Cell-Cell Contact","PMID: 7692600; PMID: 8977216","PBMC_Early"
"HSC_MPP","MEMP","SELL","CD34",0.00966723094740427,0,"SELL_CD34","SELL - CD34","SELL","Cell-Cell Contact","PMID: 7692600; PMID: 8977216","PBMC_Early"
"ILC2/3","MEMP","SELL","CD34",0.00698382371613932,0,"SELL_CD34","SELL - CD34","SELL","Cell-Cell Contact","PMID: 7692600; PMID: 8977216","PBMC_Early"
"MEMP","MEMP","SELL","CD34",0.000995291706158896,0,"SELL_CD34","SELL - CD34","SELL","Cell-Cell Contact","PMID: 7692600; PMID: 8977216","PBMC_Early"
"Myeloid-CD177","MEMP","SELL","CD34",0.00239652105257479,0,"SELL_CD34","SELL - CD34","SELL","Cell-Cell Contact","PMID: 7692600; PMID: 8977216","PBMC_Early"
"Naïve CD4 T","MEMP","SELL","CD34",0.0131121971449512,0,"SELL_CD34","SELL - CD34","SELL","Cell-Cell Contact","PMID: 7692600; PMID: 8977216","PBMC_Early"
"Naïve CD8 T","MEMP","SELL","CD34",0.0130486753429042,0,"SELL_CD34","SELL - CD34","SELL","Cell-Cell Contact","PMID: 7692600; PMID: 8977216","PBMC_Early"
"NK T","MEMP","SELL","CD34",0.00633483736390206,0,"SELL_CD34","SELL - CD34","SELL","Cell-Cell Contact","PMID: 7692600; PMID: 8977216","PBMC_Early"
"pDC","MEMP","SELL","CD34",0.0121670672289782,0,"SELL_CD34","SELL - CD34","SELL","Cell-Cell Contact","PMID: 7692600; PMID: 8977216","PBMC_Early"
"Pro-B","MEMP","SELL","CD34",0.00130574565789169,0,"SELL_CD34","SELL - CD34","SELL","Cell-Cell Contact","PMID: 7692600; PMID: 8977216","PBMC_Early"
"Tem","MEMP","SELL","CD34",0.00191571181574241,0,"SELL_CD34","SELL - CD34","SELL","Cell-Cell Contact","PMID: 7692600; PMID: 8977216","PBMC_Early"
"Th17like_INNATE_T","MEMP","SELL","CD34",0.00225309027647277,0,"SELL_CD34","SELL - CD34","SELL","Cell-Cell Contact","PMID: 7692600; PMID: 8977216","PBMC_Early"
"Treg","MEMP","SELL","CD34",0.0129513041568339,0,"SELL_CD34","SELL - CD34","SELL","Cell-Cell Contact","PMID: 7692600; PMID: 8977216","PBMC_Early"
"abTentry","Pro-B","SELL","CD34",0.0498116349557563,0,"SELL_CD34","SELL - CD34","SELL","Cell-Cell Contact","PMID: 7692600; PMID: 8977216","PBMC_Early"
"CD14+PPBP+ Monocytes","Pro-B","SELL","CD34",0.0250611545780339,0,"SELL_CD34","SELL - CD34","SELL","Cell-Cell Contact","PMID: 7692600; PMID: 8977216","PBMC_Early"
"Classical Monocytes","Pro-B","SELL","CD34",0.0329027890034526,0,"SELL_CD34","SELL - CD34","SELL","Cell-Cell Contact","PMID: 7692600; PMID: 8977216","PBMC_Early"
"CXCR5+ Naïve B","Pro-B","SELL","CD34",0.0109743463513925,0,"SELL_CD34","SELL - CD34","SELL","Cell-Cell Contact","PMID: 7692600; PMID: 8977216","PBMC_Early"
"DC2","Pro-B","SELL","CD34",0.0243237381112152,0,"SELL_CD34","SELL - CD34","SELL","Cell-Cell Contact","PMID: 7692600; PMID: 8977216","PBMC_Early"
"Gamma Delta V1 T","Pro-B","SELL","CD34",0.0489759261522472,0,"SELL_CD34","SELL - CD34","SELL","Cell-Cell Contact","PMID: 7692600; PMID: 8977216","PBMC_Early"
"Gamma Delta V2 T","Pro-B","SELL","CD34",0.0308768271023182,0,"SELL_CD34","SELL - CD34","SELL","Cell-Cell Contact","PMID: 7692600; PMID: 8977216","PBMC_Early"
"HSC_MPP","Pro-B","SELL","CD34",0.0489395642206486,0,"SELL_CD34","SELL - CD34","SELL","Cell-Cell Contact","PMID: 7692600; PMID: 8977216","PBMC_Early"
"ILC2/3","Pro-B","SELL","CD34",0.0357485383404159,0,"SELL_CD34","SELL - CD34","SELL","Cell-Cell Contact","PMID: 7692600; PMID: 8977216","PBMC_Early"
"MEMP","Pro-B","SELL","CD34",0.0052244310156074,0,"SELL_CD34","SELL - CD34","SELL","Cell-Cell Contact","PMID: 7692600; PMID: 8977216","PBMC_Early"
"Myeloid-CD177","Pro-B","SELL","CD34",0.0125051575528451,0,"SELL_CD34","SELL - CD34","SELL","Cell-Cell Contact","PMID: 7692600; PMID: 8977216","PBMC_Early"
"Naïve CD4 T","Pro-B","SELL","CD34",0.0654544532483981,0,"SELL_CD34","SELL - CD34","SELL","Cell-Cell Contact","PMID: 7692600; PMID: 8977216","PBMC_Early"
"Naïve CD8 T","Pro-B","SELL","CD34",0.0651541010381999,0,"SELL_CD34","SELL - CD34","SELL","Cell-Cell Contact","PMID: 7692600; PMID: 8977216","PBMC_Early"
"NK T","Pro-B","SELL","CD34",0.0325140530055082,0,"SELL_CD34","SELL - CD34","SELL","Cell-Cell Contact","PMID: 7692600; PMID: 8977216","PBMC_Early"
"pDC","Pro-B","SELL","CD34",0.0609695672743658,0,"SELL_CD34","SELL - CD34","SELL","Cell-Cell Contact","PMID: 7692600; PMID: 8977216","PBMC_Early"
"Pro-B","Pro-B","SELL","CD34",0.00684501030277293,0,"SELL_CD34","SELL - CD34","SELL","Cell-Cell Contact","PMID: 7692600; PMID: 8977216","PBMC_Early"
"Tem","Pro-B","SELL","CD34",0.0100166360413536,0,"SELL_CD34","SELL - CD34","SELL","Cell-Cell Contact","PMID: 7692600; PMID: 8977216","PBMC_Early"
"Th17like_INNATE_T","Pro-B","SELL","CD34",0.0117638633445914,0,"SELL_CD34","SELL - CD34","SELL","Cell-Cell Contact","PMID: 7692600; PMID: 8977216","PBMC_Early"
"Treg","Pro-B","SELL","CD34",0.0646933978557842,0,"SELL_CD34","SELL - CD34","SELL","Cell-Cell Contact","PMID: 7692600; PMID: 8977216","PBMC_Early"
"abTentry","abTentry","SELPLG","SELL",0.0299167881140779,0,"SELPLG_SELL","SELPLG - SELL","SELPLG","Cell-Cell Contact","PMC2431087; PMID:  8892633,PMID:  8896607","PBMC_Early"
"CD14+PPBP+ Monocytes","abTentry","SELPLG","SELL",0.0172553512386676,0,"SELPLG_SELL","SELPLG - SELL","SELPLG","Cell-Cell Contact","PMC2431087; PMID:  8892633,PMID:  8896607","PBMC_Early"
"Classical Monocytes","abTentry","SELPLG","SELL",0.0217769719730464,0,"SELPLG_SELL","SELPLG - SELL","SELPLG","Cell-Cell Contact","PMC2431087; PMID:  8892633,PMID:  8896607","PBMC_Early"
"CX3CR1+ NK","abTentry","SELPLG","SELL",0.0818142266958542,0,"SELPLG_SELL","SELPLG - SELL","SELPLG","Cell-Cell Contact","PMC2431087; PMID:  8892633,PMID:  8896607","PBMC_Early"
"DC2","abTentry","SELPLG","SELL",0.0447696842192289,0,"SELPLG_SELL","SELPLG - SELL","SELPLG","Cell-Cell Contact","PMC2431087; PMID:  8892633,PMID:  8896607","PBMC_Early"
"Gamma Delta V1 T","abTentry","SELPLG","SELL",0.065722363869536,0,"SELPLG_SELL","SELPLG - SELL","SELPLG","Cell-Cell Contact","PMC2431087; PMID:  8892633,PMID:  8896607","PBMC_Early"
"Gamma Delta V2 T","abTentry","SELPLG","SELL",0.0655682131981582,0,"SELPLG_SELL","SELPLG - SELL","SELPLG","Cell-Cell Contact","PMC2431087; PMID:  8892633,PMID:  8896607","PBMC_Early"
"HSC_MPP","abTentry","SELPLG","SELL",0.0124141703222516,0,"SELPLG_SELL","SELPLG - SELL","SELPLG","Cell-Cell Contact","PMC2431087; PMID:  8892633,PMID:  8896607","PBMC_Early"
"ILC2/3","abTentry","SELPLG","SELL",0.0601253523634256,0,"SELPLG_SELL","SELPLG - SELL","SELPLG","Cell-Cell Contact","PMC2431087; PMID:  8892633,PMID:  8896607","PBMC_Early"
"MEMP","abTentry","SELPLG","SELL",0.0313815823093968,0,"SELPLG_SELL","SELPLG - SELL","SELPLG","Cell-Cell Contact","PMC2431087; PMID:  8892633,PMID:  8896607","PBMC_Early"
"MEP","abTentry","SELPLG","SELL",0.0124485077661175,0,"SELPLG_SELL","SELPLG - SELL","SELPLG","Cell-Cell Contact","PMC2431087; PMID:  8892633,PMID:  8896607","PBMC_Early"
"Naïve CD4 T","abTentry","SELPLG","SELL",0.0674990644293948,0,"SELPLG_SELL","SELPLG - SELL","SELPLG","Cell-Cell Contact","PMC2431087; PMID:  8892633,PMID:  8896607","PBMC_Early"
"Naïve CD8 T","abTentry","SELPLG","SELL",0.0671148763139184,0,"SELPLG_SELL","SELPLG - SELL","SELPLG","Cell-Cell Contact","PMC2431087; PMID:  8892633,PMID:  8896607","PBMC_Early"
"NK T","abTentry","SELPLG","SELL",0.0751391536493761,0,"SELPLG_SELL","SELPLG - SELL","SELPLG","Cell-Cell Contact","PMC2431087; PMID:  8892633,PMID:  8896607","PBMC_Early"
"pDC","abTentry","SELPLG","SELL",0.10321153081203,0,"SELPLG_SELL","SELPLG - SELL","SELPLG","Cell-Cell Contact","PMC2431087; PMID:  8892633,PMID:  8896607","PBMC_Early"
"Tem","abTentry","SELPLG","SELL",0.0769235402361982,0,"SELPLG_SELL","SELPLG - SELL","SELPLG","Cell-Cell Contact","PMC2431087; PMID:  8892633,PMID:  8896607","PBMC_Early"
"Th17like_INNATE_T","abTentry","SELPLG","SELL",0.0775436637779096,0,"SELPLG_SELL","SELPLG - SELL","SELPLG","Cell-Cell Contact","PMC2431087; PMID:  8892633,PMID:  8896607","PBMC_Early"
"Treg","abTentry","SELPLG","SELL",0.0872391664379037,0,"SELPLG_SELL","SELPLG - SELL","SELPLG","Cell-Cell Contact","PMC2431087; PMID:  8892633,PMID:  8896607","PBMC_Early"
"abTentry","CD14+PPBP+ Monocytes","SELPLG","SELL",0.0148967098308625,0,"SELPLG_SELL","SELPLG - SELL","SELPLG","Cell-Cell Contact","PMC2431087; PMID:  8892633,PMID:  8896607","PBMC_Early"
"CD14+PPBP+ Monocytes","CD14+PPBP+ Monocytes","SELPLG","SELL",0.00853616118848045,0,"SELPLG_SELL","SELPLG - SELL","SELPLG","Cell-Cell Contact","PMC2431087; PMID:  8892633,PMID:  8896607","PBMC_Early"
"Classical Monocytes","CD14+PPBP+ Monocytes","SELPLG","SELL",0.0107980955424943,0,"SELPLG_SELL","SELPLG - SELL","SELPLG","Cell-Cell Contact","PMC2431087; PMID:  8892633,PMID:  8896607","PBMC_Early"
"CX3CR1+ NK","CD14+PPBP+ Monocytes","SELPLG","SELL",0.0418628287926577,0,"SELPLG_SELL","SELPLG - SELL","SELPLG","Cell-Cell Contact","PMC2431087; PMID:  8892633,PMID:  8896607","PBMC_Early"
"DC2","CD14+PPBP+ Monocytes","SELPLG","SELL",0.0224652244684915,0,"SELPLG_SELL","SELPLG - SELL","SELPLG","Cell-Cell Contact","PMC2431087; PMID:  8892633,PMID:  8896607","PBMC_Early"
"Gamma Delta V1 T","CD14+PPBP+ Monocytes","SELPLG","SELL",0.0333435612277003,0,"SELPLG_SELL","SELPLG - SELL","SELPLG","Cell-Cell Contact","PMC2431087; PMID:  8892633,PMID:  8896607","PBMC_Early"
"Gamma Delta V2 T","CD14+PPBP+ Monocytes","SELPLG","SELL",0.0332626506836328,0,"SELPLG_SELL","SELPLG - SELL","SELPLG","Cell-Cell Contact","PMC2431087; PMID:  8892633,PMID:  8896607","PBMC_Early"
"HSC_MPP","CD14+PPBP+ Monocytes","SELPLG","SELL",0.00612599717921959,0.02,"SELPLG_SELL","SELPLG - SELL","SELPLG","Cell-Cell Contact","PMC2431087; PMID:  8892633,PMID:  8896607","PBMC_Early"
"ILC2/3","CD14+PPBP+ Monocytes","SELPLG","SELL",0.0304142108996764,0,"SELPLG_SELL","SELPLG - SELL","SELPLG","Cell-Cell Contact","PMC2431087; PMID:  8892633,PMID:  8896607","PBMC_Early"
"MEMP","CD14+PPBP+ Monocytes","SELPLG","SELL",0.0156379418068796,0,"SELPLG_SELL","SELPLG - SELL","SELPLG","Cell-Cell Contact","PMC2431087; PMID:  8892633,PMID:  8896607","PBMC_Early"
"MEP","CD14+PPBP+ Monocytes","SELPLG","SELL",0.00614304980199029,0.02,"SELPLG_SELL","SELPLG - SELL","SELPLG","Cell-Cell Contact","PMC2431087; PMID:  8892633,PMID:  8896607","PBMC_Early"
"Naïve CD4 T","CD14+PPBP+ Monocytes","SELPLG","SELL",0.0342770655114466,0,"SELPLG_SELL","SELPLG - SELL","SELPLG","Cell-Cell Contact","PMC2431087; PMID:  8892633,PMID:  8896607","PBMC_Early"
"Naïve CD8 T","CD14+PPBP+ Monocytes","SELPLG","SELL",0.0340750591622795,0,"SELPLG_SELL","SELPLG - SELL","SELPLG","Cell-Cell Contact","PMC2431087; PMID:  8892633,PMID:  8896607","PBMC_Early"
"NK T","CD14+PPBP+ Monocytes","SELPLG","SELL",0.0383113119561578,0,"SELPLG_SELL","SELPLG - SELL","SELPLG","Cell-Cell Contact","PMC2431087; PMID:  8892633,PMID:  8896607","PBMC_Early"
"pDC","CD14+PPBP+ Monocytes","SELPLG","SELL",0.0534193312626908,0,"SELPLG_SELL","SELPLG - SELL","SELPLG","Cell-Cell Contact","PMC2431087; PMID:  8892633,PMID:  8896607","PBMC_Early"
"Tem","CD14+PPBP+ Monocytes","SELPLG","SELL",0.0392582436800787,0,"SELPLG_SELL","SELPLG - SELL","SELPLG","Cell-Cell Contact","PMC2431087; PMID:  8892633,PMID:  8896607","PBMC_Early"
"Th17like_INNATE_T","CD14+PPBP+ Monocytes","SELPLG","SELL",0.0395877484416992,0,"SELPLG_SELL","SELPLG - SELL","SELPLG","Cell-Cell Contact","PMC2431087; PMID:  8892633,PMID:  8896607","PBMC_Early"
"Treg","CD14+PPBP+ Monocytes","SELPLG","SELL",0.0447678319129174,0,"SELPLG_SELL","SELPLG - SELL","SELPLG","Cell-Cell Contact","PMC2431087; PMID:  8892633,PMID:  8896607","PBMC_Early"
"abTentry","Classical Monocytes","SELPLG","SELL",0.0196219005799788,0,"SELPLG_SELL","SELPLG - SELL","SELPLG","Cell-Cell Contact","PMC2431087; PMID:  8892633,PMID:  8896607","PBMC_Early"
"CD14+PPBP+ Monocytes","Classical Monocytes","SELPLG","SELL",0.0112668805829928,0,"SELPLG_SELL","SELPLG - SELL","SELPLG","Cell-Cell Contact","PMC2431087; PMID:  8892633,PMID:  8896607","PBMC_Early"
"Classical Monocytes","Classical Monocytes","SELPLG","SELL",0.0142420139655638,0,"SELPLG_SELL","SELPLG - SELL","SELPLG","Cell-Cell Contact","PMC2431087; PMID:  8892633,PMID:  8896607","PBMC_Early"
"CX3CR1+ NK","Classical Monocytes","SELPLG","SELL",0.0546669215569568,0,"SELPLG_SELL","SELPLG - SELL","SELPLG","Cell-Cell Contact","PMC2431087; PMID:  8892633,PMID:  8896607","PBMC_Early"
"DC2","Classical Monocytes","SELPLG","SELL",0.0295191862431535,0,"SELPLG_SELL","SELPLG - SELL","SELPLG","Cell-Cell Contact","PMC2431087; PMID:  8892633,PMID:  8896607","PBMC_Early"
"Gamma Delta V1 T","Classical Monocytes","SELPLG","SELL",0.0436607023281914,0,"SELPLG_SELL","SELPLG - SELL","SELPLG","Cell-Cell Contact","PMC2431087; PMID:  8892633,PMID:  8896607","PBMC_Early"
"Gamma Delta V2 T","Classical Monocytes","SELPLG","SELL",0.0435558845478921,0,"SELPLG_SELL","SELPLG - SELL","SELPLG","Cell-Cell Contact","PMC2431087; PMID:  8892633,PMID:  8896607","PBMC_Early"
"HSC_MPP","Classical Monocytes","SELPLG","SELL",0.00809199744526799,0,"SELPLG_SELL","SELPLG - SELL","SELPLG","Cell-Cell Contact","PMC2431087; PMID:  8892633,PMID:  8896607","PBMC_Early"
"ILC2/3","Classical Monocytes","SELPLG","SELL",0.0398623319105381,0,"SELPLG_SELL","SELPLG - SELL","SELPLG","Cell-Cell Contact","PMC2431087; PMID:  8892633,PMID:  8896607","PBMC_Early"
"MEMP","Classical Monocytes","SELPLG","SELL",0.0205933340183786,0,"SELPLG_SELL","SELPLG - SELL","SELPLG","Cell-Cell Contact","PMC2431087; PMID:  8892633,PMID:  8896607","PBMC_Early"
"MEP","Classical Monocytes","SELPLG","SELL",0.00811447804025557,0,"SELPLG_SELL","SELPLG - SELL","SELPLG","Cell-Cell Contact","PMC2431087; PMID:  8892633,PMID:  8896607","PBMC_Early"
"Naïve CD4 T","Classical Monocytes","SELPLG","SELL",0.0448696434584193,0,"SELPLG_SELL","SELPLG - SELL","SELPLG","Cell-Cell Contact","PMC2431087; PMID:  8892633,PMID:  8896607","PBMC_Early"
"Naïve CD8 T","Classical Monocytes","SELPLG","SELL",0.0446080949901147,0,"SELPLG_SELL","SELPLG - SELL","SELPLG","Cell-Cell Contact","PMC2431087; PMID:  8892633,PMID:  8896607","PBMC_Early"
"NK T","Classical Monocytes","SELPLG","SELL",0.050085927392173,0,"SELPLG_SELL","SELPLG - SELL","SELPLG","Cell-Cell Contact","PMC2431087; PMID:  8892633,PMID:  8896607","PBMC_Early"
"pDC","Classical Monocytes","SELPLG","SELL",0.0695016782034421,0,"SELPLG_SELL","SELPLG - SELL","SELPLG","Cell-Cell Contact","PMC2431087; PMID:  8892633,PMID:  8896607","PBMC_Early"
"Tem","Classical Monocytes","SELPLG","SELL",0.0513083623681605,0,"SELPLG_SELL","SELPLG - SELL","SELPLG","Cell-Cell Contact","PMC2431087; PMID:  8892633,PMID:  8896607","PBMC_Early"
"Th17like_INNATE_T","Classical Monocytes","SELPLG","SELL",0.0517335608161679,0,"SELPLG_SELL","SELPLG - SELL","SELPLG","Cell-Cell Contact","PMC2431087; PMID:  8892633,PMID:  8896607","PBMC_Early"
"Treg","Classical Monocytes","SELPLG","SELL",0.0584062814306201,0,"SELPLG_SELL","SELPLG - SELL","SELPLG","Cell-Cell Contact","PMC2431087; PMID:  8892633,PMID:  8896607","PBMC_Early"
"abTentry","CXCR5+ Naïve B","SELPLG","SELL",0.00648530327453093,0,"SELPLG_SELL","SELPLG - SELL","SELPLG","Cell-Cell Contact","PMC2431087; PMID:  8892633,PMID:  8896607","PBMC_Early"
"CX3CR1+ NK","CXCR5+ Naïve B","SELPLG","SELL",0.0185111607948643,0,"SELPLG_SELL","SELPLG - SELL","SELPLG","Cell-Cell Contact","PMC2431087; PMID:  8892633,PMID:  8896607","PBMC_Early"
"DC2","CXCR5+ Naïve B","SELPLG","SELL",0.00982287999414324,0,"SELPLG_SELL","SELPLG - SELL","SELPLG","Cell-Cell Contact","PMC2431087; PMID:  8892633,PMID:  8896607","PBMC_Early"
"Gamma Delta V1 T","CXCR5+ Naïve B","SELPLG","SELL",0.0146712925038052,0,"SELPLG_SELL","SELPLG - SELL","SELPLG","Cell-Cell Contact","PMC2431087; PMID:  8892633,PMID:  8896607","PBMC_Early"
"Gamma Delta V2 T","CXCR5+ Naïve B","SELPLG","SELL",0.0146350055804869,0,"SELPLG_SELL","SELPLG - SELL","SELPLG","Cell-Cell Contact","PMC2431087; PMID:  8892633,PMID:  8896607","PBMC_Early"
"ILC2/3","CXCR5+ Naïve B","SELPLG","SELL",0.0133596957976806,0,"SELPLG_SELL","SELPLG - SELL","SELPLG","Cell-Cell Contact","PMC2431087; PMID:  8892633,PMID:  8896607","PBMC_Early"
"MEMP","CXCR5+ Naïve B","SELPLG","SELL",0.00681089335089632,0,"SELPLG_SELL","SELPLG - SELL","SELPLG","Cell-Cell Contact","PMC2431087; PMID:  8892633,PMID:  8896607","PBMC_Early"
"Naïve CD4 T","CXCR5+ Naïve B","SELPLG","SELL",0.0150901985441481,0,"SELPLG_SELL","SELPLG - SELL","SELPLG","Cell-Cell Contact","PMC2431087; PMID:  8892633,PMID:  8896607","PBMC_Early"
"Naïve CD8 T","CXCR5+ Naïve B","SELPLG","SELL",0.0149995106316047,0,"SELPLG_SELL","SELPLG - SELL","SELPLG","Cell-Cell Contact","PMC2431087; PMID:  8892633,PMID:  8896607","PBMC_Early"
"NK T","CXCR5+ Naïve B","SELPLG","SELL",0.0169057743296721,0,"SELPLG_SELL","SELPLG - SELL","SELPLG","Cell-Cell Contact","PMC2431087; PMID:  8892633,PMID:  8896607","PBMC_Early"
"pDC","CXCR5+ Naïve B","SELPLG","SELL",0.0237812867592403,0,"SELPLG_SELL","SELPLG - SELL","SELPLG","Cell-Cell Contact","PMC2431087; PMID:  8892633,PMID:  8896607","PBMC_Early"
"Tem","CXCR5+ Naïve B","SELPLG","SELL",0.0173331662827167,0,"SELPLG_SELL","SELPLG - SELL","SELPLG","Cell-Cell Contact","PMC2431087; PMID:  8892633,PMID:  8896607","PBMC_Early"
"Th17like_INNATE_T","CXCR5+ Naïve B","SELPLG","SELL",0.0174819966513095,0,"SELPLG_SELL","SELPLG - SELL","SELPLG","Cell-Cell Contact","PMC2431087; PMID:  8892633,PMID:  8896607","PBMC_Early"
"Treg","CXCR5+ Naïve B","SELPLG","SELL",0.0198292490323851,0,"SELPLG_SELL","SELPLG - SELL","SELPLG","Cell-Cell Contact","PMC2431087; PMID:  8892633,PMID:  8896607","PBMC_Early"
"abTentry","DC2","SELPLG","SELL",0.0144539448140744,0,"SELPLG_SELL","SELPLG - SELL","SELPLG","Cell-Cell Contact","PMC2431087; PMID:  8892633,PMID:  8896607","PBMC_Early"
"CD14+PPBP+ Monocytes","DC2","SELPLG","SELL",0.00828085736385011,0,"SELPLG_SELL","SELPLG - SELL","SELPLG","Cell-Cell Contact","PMC2431087; PMID:  8892633,PMID:  8896607","PBMC_Early"
"Classical Monocytes","DC2","SELPLG","SELL",0.0104758554461736,0,"SELPLG_SELL","SELPLG - SELL","SELPLG","Cell-Cell Contact","PMC2431087; PMID:  8892633,PMID:  8896607","PBMC_Early"
"CX3CR1+ NK","DC2","SELPLG","SELL",0.0406516425612975,0,"SELPLG_SELL","SELPLG - SELL","SELPLG","Cell-Cell Contact","PMC2431087; PMID:  8892633,PMID:  8896607","PBMC_Early"
"DC2","DC2","SELPLG","SELL",0.021802484236867,0,"SELPLG_SELL","SELPLG - SELL","SELPLG","Cell-Cell Contact","PMC2431087; PMID:  8892633,PMID:  8896607","PBMC_Early"
"Gamma Delta V1 T","DC2","SELPLG","SELL",0.0323705293091799,0,"SELPLG_SELL","SELPLG - SELL","SELPLG","Cell-Cell Contact","PMC2431087; PMID:  8892633,PMID:  8896607","PBMC_Early"
"Gamma Delta V2 T","DC2","SELPLG","SELL",0.0322919010214668,0,"SELPLG_SELL","SELPLG - SELL","SELPLG","Cell-Cell Contact","PMC2431087; PMID:  8892633,PMID:  8896607","PBMC_Early"
"HSC_MPP","DC2","SELPLG","SELL",0.0059423457199377,0.02,"SELPLG_SELL","SELPLG - SELL","SELPLG","Cell-Cell Contact","PMC2431087; PMID:  8892633,PMID:  8896607","PBMC_Early"
"ILC2/3","DC2","SELPLG","SELL",0.0295240523925208,0,"SELPLG_SELL","SELPLG - SELL","SELPLG","Cell-Cell Contact","PMC2431087; PMID:  8892633,PMID:  8896607","PBMC_Early"
"MEMP","DC2","SELPLG","SELL",0.0151734849885287,0,"SELPLG_SELL","SELPLG - SELL","SELPLG","Cell-Cell Contact","PMC2431087; PMID:  8892633,PMID:  8896607","PBMC_Early"
"MEP","DC2","SELPLG","SELL",0.00595889018668904,0.04,"SELPLG_SELL","SELPLG - SELL","SELPLG","Cell-Cell Contact","PMC2431087; PMID:  8892633,PMID:  8896607","PBMC_Early"
"Naïve CD4 T","DC2","SELPLG","SELL",0.033277729873611,0,"SELPLG_SELL","SELPLG - SELL","SELPLG","Cell-Cell Contact","PMC2431087; PMID:  8892633,PMID:  8896607","PBMC_Early"
"Naïve CD8 T","DC2","SELPLG","SELL",0.0330814112019335,0,"SELPLG_SELL","SELPLG - SELL","SELPLG","Cell-Cell Contact","PMC2431087; PMID:  8892633,PMID:  8896607","PBMC_Early"
"NK T","DC2","SELPLG","SELL",0.0371988898152255,0,"SELPLG_SELL","SELPLG - SELL","SELPLG","Cell-Cell Contact","PMC2431087; PMID:  8892633,PMID:  8896607","PBMC_Early"
"pDC","DC2","SELPLG","SELL",0.0518918977246399,0,"SELPLG_SELL","SELPLG - SELL","SELPLG","Cell-Cell Contact","PMC2431087; PMID:  8892633,PMID:  8896607","PBMC_Early"
"Tem","DC2","SELPLG","SELL",0.0381194159273814,0,"SELPLG_SELL","SELPLG - SELL","SELPLG","Cell-Cell Contact","PMC2431087; PMID:  8892633,PMID:  8896607","PBMC_Early"
"Th17like_INNATE_T","DC2","SELPLG","SELL",0.038439744647696,0,"SELPLG_SELL","SELPLG - SELL","SELPLG","Cell-Cell Contact","PMC2431087; PMID:  8892633,PMID:  8896607","PBMC_Early"
"Treg","DC2","SELPLG","SELL",0.0434764111510752,0,"SELPLG_SELL","SELPLG - SELL","SELPLG","Cell-Cell Contact","PMC2431087; PMID:  8892633,PMID:  8896607","PBMC_Early"
"abTentry","Gamma Delta V1 T","SELPLG","SELL",0.0294045334824794,0,"SELPLG_SELL","SELPLG - SELL","SELPLG","Cell-Cell Contact","PMC2431087; PMID:  8892633,PMID:  8896607","PBMC_Early"
"CD14+PPBP+ Monocytes","Gamma Delta V1 T","SELPLG","SELL",0.0169561045286643,0,"SELPLG_SELL","SELPLG - SELL","SELPLG","Cell-Cell Contact","PMC2431087; PMID:  8892633,PMID:  8896607","PBMC_Early"
"Classical Monocytes","Gamma Delta V1 T","SELPLG","SELL",0.0214010177897003,0,"SELPLG_SELL","SELPLG - SELL","SELPLG","Cell-Cell Contact","PMC2431087; PMID:  8892633,PMID:  8896607","PBMC_Early"
"CX3CR1+ NK","Gamma Delta V1 T","SELPLG","SELL",0.0804870787597092,0,"SELPLG_SELL","SELPLG - SELL","SELPLG","Cell-Cell Contact","PMC2431087; PMID:  8892633,PMID:  8896607","PBMC_Early"
"DC2","Gamma Delta V1 T","SELPLG","SELL",0.044014647732974,0,"SELPLG_SELL","SELPLG - SELL","SELPLG","Cell-Cell Contact","PMC2431087; PMID:  8892633,PMID:  8896607","PBMC_Early"
"Gamma Delta V1 T","Gamma Delta V1 T","SELPLG","SELL",0.0646378736835464,0,"SELPLG_SELL","SELPLG - SELL","SELPLG","Cell-Cell Contact","PMC2431087; PMID:  8892633,PMID:  8896607","PBMC_Early"
"Gamma Delta V2 T","Gamma Delta V1 T","SELPLG","SELL",0.0644860910961483,0,"SELPLG_SELL","SELPLG - SELL","SELPLG","Cell-Cell Contact","PMC2431087; PMID:  8892633,PMID:  8896607","PBMC_Early"
"HSC_MPP","Gamma Delta V1 T","SELPLG","SELL",0.0121978385333845,0.04,"SELPLG_SELL","SELPLG - SELL","SELPLG","Cell-Cell Contact","PMC2431087; PMID:  8892633,PMID:  8896607","PBMC_Early"
"ILC2/3","Gamma Delta V1 T","SELPLG","SELL",0.0591273739726946,0,"SELPLG_SELL","SELPLG - SELL","SELPLG","Cell-Cell Contact","PMC2431087; PMID:  8892633,PMID:  8896607","PBMC_Early"
"MEMP","Gamma Delta V1 T","SELPLG","SELL",0.0308450440100364,0,"SELPLG_SELL","SELPLG - SELL","SELPLG","Cell-Cell Contact","PMC2431087; PMID:  8892633,PMID:  8896607","PBMC_Early"
"MEP","Gamma Delta V1 T","SELPLG","SELL",0.0122315850171868,0.03,"SELPLG_SELL","SELPLG - SELL","SELPLG","Cell-Cell Contact","PMC2431087; PMID:  8892633,PMID:  8896607","PBMC_Early"
"Naïve CD4 T","Gamma Delta V1 T","SELPLG","SELL",0.0663873399840339,0,"SELPLG_SELL","SELPLG - SELL","SELPLG","Cell-Cell Contact","PMC2431087; PMID:  8892633,PMID:  8896607","PBMC_Early"
"Naïve CD8 T","Gamma Delta V1 T","SELPLG","SELL",0.0660090316145023,0,"SELPLG_SELL","SELPLG - SELL","SELPLG","Cell-Cell Contact","PMC2431087; PMID:  8892633,PMID:  8896607","PBMC_Early"
"NK T","Gamma Delta V1 T","SELPLG","SELL",0.0739115690606545,0,"SELPLG_SELL","SELPLG - SELL","SELPLG","Cell-Cell Contact","PMC2431087; PMID:  8892633,PMID:  8896607","PBMC_Early"
"pDC","Gamma Delta V1 T","SELPLG","SELL",0.101575684924766,0,"SELPLG_SELL","SELPLG - SELL","SELPLG","Cell-Cell Contact","PMC2431087; PMID:  8892633,PMID:  8896607","PBMC_Early"
"Tem","Gamma Delta V1 T","SELPLG","SELL",0.0756691884191374,0,"SELPLG_SELL","SELPLG - SELL","SELPLG","Cell-Cell Contact","PMC2431087; PMID:  8892633,PMID:  8896607","PBMC_Early"
"Th17like_INNATE_T","Gamma Delta V1 T","SELPLG","SELL",0.0762800355567688,0,"SELPLG_SELL","SELPLG - SELL","SELPLG","Cell-Cell Contact","PMC2431087; PMID:  8892633,PMID:  8896607","PBMC_Early"
"Treg","Gamma Delta V1 T","SELPLG","SELL",0.08583224425896,0,"SELPLG_SELL","SELPLG - SELL","SELPLG","Cell-Cell Contact","PMC2431087; PMID:  8892633,PMID:  8896607","PBMC_Early"
"abTentry","Gamma Delta V2 T","SELPLG","SELL",0.0183981412203901,0,"SELPLG_SELL","SELPLG - SELL","SELPLG","Cell-Cell Contact","PMC2431087; PMID:  8892633,PMID:  8896607","PBMC_Early"
"CD14+PPBP+ Monocytes","Gamma Delta V2 T","SELPLG","SELL",0.0105585869163437,0,"SELPLG_SELL","SELPLG - SELL","SELPLG","Cell-Cell Contact","PMC2431087; PMID:  8892633,PMID:  8896607","PBMC_Early"
"Classical Monocytes","Gamma Delta V2 T","SELPLG","SELL",0.0133492133990825,0,"SELPLG_SELL","SELPLG - SELL","SELPLG","Cell-Cell Contact","PMC2431087; PMID:  8892633,PMID:  8896607","PBMC_Early"
"CX3CR1+ NK","Gamma Delta V2 T","SELPLG","SELL",0.0513720375998421,0,"SELPLG_SELL","SELPLG - SELL","SELPLG","Cell-Cell Contact","PMC2431087; PMID:  8892633,PMID:  8896607","PBMC_Early"
"DC2","Gamma Delta V2 T","SELPLG","SELL",0.027695600385841,0,"SELPLG_SELL","SELPLG - SELL","SELPLG","Cell-Cell Contact","PMC2431087; PMID:  8892633,PMID:  8896607","PBMC_Early"
"Gamma Delta V1 T","Gamma Delta V2 T","SELPLG","SELL",0.0410004139289246,0,"SELPLG_SELL","SELPLG - SELL","SELPLG","Cell-Cell Contact","PMC2431087; PMID:  8892633,PMID:  8896607","PBMC_Early"
"Gamma Delta V2 T","Gamma Delta V2 T","SELPLG","SELL",0.0409017096455802,0,"SELPLG_SELL","SELPLG - SELL","SELPLG","Cell-Cell Contact","PMC2431087; PMID:  8892633,PMID:  8896607","PBMC_Early"
"HSC_MPP","Gamma Delta V2 T","SELPLG","SELL",0.00758176266749809,0,"SELPLG_SELL","SELPLG - SELL","SELPLG","Cell-Cell Contact","PMC2431087; PMID:  8892633,PMID:  8896607","PBMC_Early"
"ILC2/3","Gamma Delta V2 T","SELPLG","SELL",0.0374244249812357,0,"SELPLG_SELL","SELPLG - SELL","SELPLG","Cell-Cell Contact","PMC2431087; PMID:  8892633,PMID:  8896607","PBMC_Early"
"MEMP","Gamma Delta V2 T","SELPLG","SELL",0.0193101825859889,0,"SELPLG_SELL","SELPLG - SELL","SELPLG","Cell-Cell Contact","PMC2431087; PMID:  8892633,PMID:  8896607","PBMC_Early"
"MEP","Gamma Delta V2 T","SELPLG","SELL",0.00760283663049035,0,"SELPLG_SELL","SELPLG - SELL","SELPLG","Cell-Cell Contact","PMC2431087; PMID:  8892633,PMID:  8896607","PBMC_Early"
"Naïve CD4 T","Gamma Delta V2 T","SELPLG","SELL",0.0421389388661266,0,"SELPLG_SELL","SELPLG - SELL","SELPLG","Cell-Cell Contact","PMC2431087; PMID:  8892633,PMID:  8896607","PBMC_Early"
"Naïve CD8 T","Gamma Delta V2 T","SELPLG","SELL",0.0418926097262376,0,"SELPLG_SELL","SELPLG - SELL","SELPLG","Cell-Cell Contact","PMC2431087; PMID:  8892633,PMID:  8896607","PBMC_Early"
"NK T","Gamma Delta V2 T","SELPLG","SELL",0.0470534060563126,0,"SELPLG_SELL","SELPLG - SELL","SELPLG","Cell-Cell Contact","PMC2431087; PMID:  8892633,PMID:  8896607","PBMC_Early"
"pDC","Gamma Delta V2 T","SELPLG","SELL",0.0653745068782482,0,"SELPLG_SELL","SELPLG - SELL","SELPLG","Cell-Cell Contact","PMC2431087; PMID:  8892633,PMID:  8896607","PBMC_Early"
"Tem","Gamma Delta V2 T","SELPLG","SELL",0.0482055830376378,0,"SELPLG_SELL","SELPLG - SELL","SELPLG","Cell-Cell Contact","PMC2431087; PMID:  8892633,PMID:  8896607","PBMC_Early"
"Th17like_INNATE_T","Gamma Delta V2 T","SELPLG","SELL",0.0486063858027101,0,"SELPLG_SELL","SELPLG - SELL","SELPLG","Cell-Cell Contact","PMC2431087; PMID:  8892633,PMID:  8896607","PBMC_Early"
"Treg","Gamma Delta V2 T","SELPLG","SELL",0.0548991074258152,0,"SELPLG_SELL","SELPLG - SELL","SELPLG","Cell-Cell Contact","PMC2431087; PMID:  8892633,PMID:  8896607","PBMC_Early"
"abTentry","HSC_MPP","SELPLG","SELL",0.0293822533025431,0,"SELPLG_SELL","SELPLG - SELL","SELPLG","Cell-Cell Contact","PMC2431087; PMID:  8892633,PMID:  8896607","PBMC_Early"
"CD14+PPBP+ Monocytes","HSC_MPP","SELPLG","SELL",0.0169430920234279,0,"SELPLG_SELL","SELPLG - SELL","SELPLG","Cell-Cell Contact","PMC2431087; PMID:  8892633,PMID:  8896607","PBMC_Early"
"Classical Monocytes","HSC_MPP","SELPLG","SELL",0.0213846683596999,0,"SELPLG_SELL","SELPLG - SELL","SELPLG","Cell-Cell Contact","PMC2431087; PMID:  8892633,PMID:  8896607","PBMC_Early"
"CX3CR1+ NK","HSC_MPP","SELPLG","SELL",0.0804293001000533,0,"SELPLG_SELL","SELPLG - SELL","SELPLG","Cell-Cell Contact","PMC2431087; PMID:  8892633,PMID:  8896607","PBMC_Early"
"DC2","HSC_MPP","SELPLG","SELL",0.0439817989288295,0,"SELPLG_SELL","SELPLG - SELL","SELPLG","Cell-Cell Contact","PMC2431087; PMID:  8892633,PMID:  8896607","PBMC_Early"
"Gamma Delta V1 T","HSC_MPP","SELPLG","SELL",0.0645906733649508,0,"SELPLG_SELL","SELPLG - SELL","SELPLG","Cell-Cell Contact","PMC2431087; PMID:  8892633,PMID:  8896607","PBMC_Early"
"Gamma Delta V2 T","HSC_MPP","SELPLG","SELL",0.0644389939775925,0,"SELPLG_SELL","SELPLG - SELL","SELPLG","Cell-Cell Contact","PMC2431087; PMID:  8892633,PMID:  8896607","PBMC_Early"
"HSC_MPP","HSC_MPP","SELPLG","SELL",0.0121884323560869,0,"SELPLG_SELL","SELPLG - SELL","SELPLG","Cell-Cell Contact","PMC2431087; PMID:  8892633,PMID:  8896607","PBMC_Early"
"ILC2/3","HSC_MPP","SELPLG","SELL",0.0590839433912582,0,"SELPLG_SELL","SELPLG - SELL","SELPLG","Cell-Cell Contact","PMC2431087; PMID:  8892633,PMID:  8896607","PBMC_Early"
"MEMP","HSC_MPP","SELPLG","SELL",0.0308217069982509,0,"SELPLG_SELL","SELPLG - SELL","SELPLG","Cell-Cell Contact","PMC2431087; PMID:  8892633,PMID:  8896607","PBMC_Early"
"MEP","HSC_MPP","SELPLG","SELL",0.0122221531387881,0,"SELPLG_SELL","SELPLG - SELL","SELPLG","Cell-Cell Contact","PMC2431087; PMID:  8892633,PMID:  8896607","PBMC_Early"
"Naïve CD4 T","HSC_MPP","SELPLG","SELL",0.066338952762988,0,"SELPLG_SELL","SELPLG - SELL","SELPLG","Cell-Cell Contact","PMC2431087; PMID:  8892633,PMID:  8896607","PBMC_Early"
"Naïve CD8 T","HSC_MPP","SELPLG","SELL",0.0659609006471194,0,"SELPLG_SELL","SELPLG - SELL","SELPLG","Cell-Cell Contact","PMC2431087; PMID:  8892633,PMID:  8896607","PBMC_Early"
"NK T","HSC_MPP","SELPLG","SELL",0.0738581315630406,0,"SELPLG_SELL","SELPLG - SELL","SELPLG","Cell-Cell Contact","PMC2431087; PMID:  8892633,PMID:  8896607","PBMC_Early"
"pDC","HSC_MPP","SELPLG","SELL",0.101504438698109,0,"SELPLG_SELL","SELPLG - SELL","SELPLG","Cell-Cell Contact","PMC2431087; PMID:  8892633,PMID:  8896607","PBMC_Early"
"Tem","HSC_MPP","SELPLG","SELL",0.0756145839318253,0,"SELPLG_SELL","SELPLG - SELL","SELPLG","Cell-Cell Contact","PMC2431087; PMID:  8892633,PMID:  8896607","PBMC_Early"
"Th17like_INNATE_T","HSC_MPP","SELPLG","SELL",0.0762250266198696,0,"SELPLG_SELL","SELPLG - SELL","SELPLG","Cell-Cell Contact","PMC2431087; PMID:  8892633,PMID:  8896607","PBMC_Early"
"Treg","HSC_MPP","SELPLG","SELL",0.0857709864243869,0,"SELPLG_SELL","SELPLG - SELL","SELPLG","Cell-Cell Contact","PMC2431087; PMID:  8892633,PMID:  8896607","PBMC_Early"
"abTentry","ILC2/3","SELPLG","SELL",0.0213443425805995,0,"SELPLG_SELL","SELPLG - SELL","SELPLG","Cell-Cell Contact","PMC2431087; PMID:  8892633,PMID:  8896607","PBMC_Early"
"CD14+PPBP+ Monocytes","ILC2/3","SELPLG","SELL",0.0122650809467488,0.01,"SELPLG_SELL","SELPLG - SELL","SELPLG","Cell-Cell Contact","PMC2431087; PMID:  8892633,PMID:  8896607","PBMC_Early"
"Classical Monocytes","ILC2/3","SELPLG","SELL",0.0154996671639049,0,"SELPLG_SELL","SELPLG - SELL","SELPLG","Cell-Cell Contact","PMC2431087; PMID:  8892633,PMID:  8896607","PBMC_Early"
"CX3CR1+ NK","ILC2/3","SELPLG","SELL",0.0592796594523243,0,"SELPLG_SELL","SELPLG - SELL","SELPLG","Cell-Cell Contact","PMC2431087; PMID:  8892633,PMID:  8896607","PBMC_Early"
"DC2","ILC2/3","SELPLG","SELL",0.0320819972096064,0,"SELPLG_SELL","SELPLG - SELL","SELPLG","Cell-Cell Contact","PMC2431087; PMID:  8892633,PMID:  8896607","PBMC_Early"
"Gamma Delta V1 T","ILC2/3","SELPLG","SELL",0.0473913040317216,0,"SELPLG_SELL","SELPLG - SELL","SELPLG","Cell-Cell Contact","PMC2431087; PMID:  8892633,PMID:  8896607","PBMC_Early"
"Gamma Delta V2 T","ILC2/3","SELPLG","SELL",0.0472779728266137,0,"SELPLG_SELL","SELPLG - SELL","SELPLG","Cell-Cell Contact","PMC2431087; PMID:  8892633,PMID:  8896607","PBMC_Early"
"HSC_MPP","ILC2/3","SELPLG","SELL",0.00881142265238682,0.03,"SELPLG_SELL","SELPLG - SELL","SELPLG","Cell-Cell Contact","PMC2431087; PMID:  8892633,PMID:  8896607","PBMC_Early"
"ILC2/3","ILC2/3","SELPLG","SELL",0.0432830696997817,0,"SELPLG_SELL","SELPLG - SELL","SELPLG","Cell-Cell Contact","PMC2431087; PMID:  8892633,PMID:  8896607","PBMC_Early"
"MEMP","ILC2/3","SELPLG","SELL",0.0223991017191351,0,"SELPLG_SELL","SELPLG - SELL","SELPLG","Cell-Cell Contact","PMC2431087; PMID:  8892633,PMID:  8896607","PBMC_Early"
"MEP","ILC2/3","SELPLG","SELL",0.00883588409787602,0.03,"SELPLG_SELL","SELPLG - SELL","SELPLG","Cell-Cell Contact","PMC2431087; PMID:  8892633,PMID:  8896607","PBMC_Early"
"Naïve CD4 T","ILC2/3","SELPLG","SELL",0.0486982833848467,0,"SELPLG_SELL","SELPLG - SELL","SELPLG","Cell-Cell Contact","PMC2431087; PMID:  8892633,PMID:  8896607","PBMC_Early"
"Naïve CD8 T","ILC2/3","SELPLG","SELL",0.0484155487614824,0,"SELPLG_SELL","SELPLG - SELL","SELPLG","Cell-Cell Contact","PMC2431087; PMID:  8892633,PMID:  8896607","PBMC_Early"
"NK T","ILC2/3","SELPLG","SELL",0.0543343426718928,0,"SELPLG_SELL","SELPLG - SELL","SELPLG","Cell-Cell Contact","PMC2431087; PMID:  8892633,PMID:  8896607","PBMC_Early"
"pDC","ILC2/3","SELPLG","SELL",0.075266494992644,0,"SELPLG_SELL","SELPLG - SELL","SELPLG","Cell-Cell Contact","PMC2431087; PMID:  8892633,PMID:  8896607","PBMC_Early"
"Tem","ILC2/3","SELPLG","SELL",0.0556543925983303,0,"SELPLG_SELL","SELPLG - SELL","SELPLG","Cell-Cell Contact","PMC2431087; PMID:  8892633,PMID:  8896607","PBMC_Early"
"Th17like_INNATE_T","ILC2/3","SELPLG","SELL",0.0561134768230127,0,"SELPLG_SELL","SELPLG - SELL","SELPLG","Cell-Cell Contact","PMC2431087; PMID:  8892633,PMID:  8896607","PBMC_Early"
"Treg","ILC2/3","SELPLG","SELL",0.0633134105354071,0,"SELPLG_SELL","SELPLG - SELL","SELPLG","Cell-Cell Contact","PMC2431087; PMID:  8892633,PMID:  8896607","PBMC_Early"
"CX3CR1+ NK","MEMP","SELPLG","SELL",0.00884772170299495,0,"SELPLG_SELL","SELPLG - SELL","SELPLG","Cell-Cell Contact","PMC2431087; PMID:  8892633,PMID:  8896607","PBMC_Early"
"Gamma Delta V2 T","MEMP","SELPLG","SELL",0.00698065626880486,0,"SELPLG_SELL","SELPLG - SELL","SELPLG","Cell-Cell Contact","PMC2431087; PMID:  8892633,PMID:  8896607","PBMC_Early"
"Naïve CD4 T","MEMP","SELPLG","SELL",0.00719951527485711,0,"SELPLG_SELL","SELPLG - SELL","SELPLG","Cell-Cell Contact","PMC2431087; PMID:  8892633,PMID:  8896607","PBMC_Early"
"Naïve CD8 T","MEMP","SELPLG","SELL",0.00715590364469786,0,"SELPLG_SELL","SELPLG - SELL","SELPLG","Cell-Cell Contact","PMC2431087; PMID:  8892633,PMID:  8896607","PBMC_Early"
"NK T","MEMP","SELPLG","SELL",0.00807350641542548,0,"SELPLG_SELL","SELPLG - SELL","SELPLG","Cell-Cell Contact","PMC2431087; PMID:  8892633,PMID:  8896607","PBMC_Early"
"pDC","MEMP","SELPLG","SELL",0.0113986184550682,0,"SELPLG_SELL","SELPLG - SELL","SELPLG","Cell-Cell Contact","PMC2431087; PMID:  8892633,PMID:  8896607","PBMC_Early"
"Tem","MEMP","SELPLG","SELL",0.00827949182732394,0,"SELPLG_SELL","SELPLG - SELL","SELPLG","Cell-Cell Contact","PMC2431087; PMID:  8892633,PMID:  8896607","PBMC_Early"
"Th17like_INNATE_T","MEMP","SELPLG","SELL",0.00835124393953517,0,"SELPLG_SELL","SELPLG - SELL","SELPLG","Cell-Cell Contact","PMC2431087; PMID:  8892633,PMID:  8896607","PBMC_Early"
"Treg","MEMP","SELPLG","SELL",0.00948437336592723,0,"SELPLG_SELL","SELPLG - SELL","SELPLG","Cell-Cell Contact","PMC2431087; PMID:  8892633,PMID:  8896607","PBMC_Early"
"abTentry","Myeloid-CD177","SELPLG","SELL",0.00739461972461408,0,"SELPLG_SELL","SELPLG - SELL","SELPLG","Cell-Cell Contact","PMC2431087; PMID:  8892633,PMID:  8896607","PBMC_Early"
"CX3CR1+ NK","Myeloid-CD177","SELPLG","SELL",0.0210708841555528,0,"SELPLG_SELL","SELPLG - SELL","SELPLG","Cell-Cell Contact","PMC2431087; PMID:  8892633,PMID:  8896607","PBMC_Early"
"DC2","Myeloid-CD177","SELPLG","SELL",0.0111948912453824,0,"SELPLG_SELL","SELPLG - SELL","SELPLG","Cell-Cell Contact","PMC2431087; PMID:  8892633,PMID:  8896607","PBMC_Early"
"Gamma Delta V1 T","Myeloid-CD177","SELPLG","SELL",0.0167090783349353,0,"SELPLG_SELL","SELPLG - SELL","SELPLG","Cell-Cell Contact","PMC2431087; PMID:  8892633,PMID:  8896607","PBMC_Early"
"Gamma Delta V2 T","Myeloid-CD177","SELPLG","SELL",0.0166678365568411,0,"SELPLG_SELL","SELPLG - SELL","SELPLG","Cell-Cell Contact","PMC2431087; PMID:  8892633,PMID:  8896607","PBMC_Early"
"ILC2/3","Myeloid-CD177","SELPLG","SELL",0.0152181195667362,0,"SELPLG_SELL","SELPLG - SELL","SELPLG","Cell-Cell Contact","PMC2431087; PMID:  8892633,PMID:  8896607","PBMC_Early"
"MEMP","Myeloid-CD177","SELPLG","SELL",0.00776550457021667,0,"SELPLG_SELL","SELPLG - SELL","SELPLG","Cell-Cell Contact","PMC2431087; PMID:  8892633,PMID:  8896607","PBMC_Early"
"Naïve CD4 T","Myeloid-CD177","SELPLG","SELL",0.017185154008634,0,"SELPLG_SELL","SELPLG - SELL","SELPLG","Cell-Cell Contact","PMC2431087; PMID:  8892633,PMID:  8896607","PBMC_Early"
"Naïve CD8 T","Myeloid-CD177","SELPLG","SELL",0.0170820943545631,0,"SELPLG_SELL","SELPLG - SELL","SELPLG","Cell-Cell Contact","PMC2431087; PMID:  8892633,PMID:  8896607","PBMC_Early"
"NK T","Myeloid-CD177","SELPLG","SELL",0.0192478583206537,0,"SELPLG_SELL","SELPLG - SELL","SELPLG","Cell-Cell Contact","PMC2431087; PMID:  8892633,PMID:  8896607","PBMC_Early"
"pDC","Myeloid-CD177","SELPLG","SELL",0.0270496788318554,0,"SELPLG_SELL","SELPLG - SELL","SELPLG","Cell-Cell Contact","PMC2431087; PMID:  8892633,PMID:  8896607","PBMC_Early"
"Tem","Myeloid-CD177","SELPLG","SELL",0.0197332715975682,0,"SELPLG_SELL","SELPLG - SELL","SELPLG","Cell-Cell Contact","PMC2431087; PMID:  8892633,PMID:  8896607","PBMC_Early"
"Th17like_INNATE_T","Myeloid-CD177","SELPLG","SELL",0.0199022929620736,0,"SELPLG_SELL","SELPLG - SELL","SELPLG","Cell-Cell Contact","PMC2431087; PMID:  8892633,PMID:  8896607","PBMC_Early"
"Treg","Myeloid-CD177","SELPLG","SELL",0.0225670468735992,0,"SELPLG_SELL","SELPLG - SELL","SELPLG","Cell-Cell Contact","PMC2431087; PMID:  8892633,PMID:  8896607","PBMC_Early"
"abTentry","Naïve CD4 T","SELPLG","SELL",0.0395720374398032,0,"SELPLG_SELL","SELPLG - SELL","SELPLG","Cell-Cell Contact","PMC2431087; PMID:  8892633,PMID:  8896607","PBMC_Early"
"CD14+PPBP+ Monocytes","Naïve CD4 T","SELPLG","SELL",0.0229208387474182,0,"SELPLG_SELL","SELPLG - SELL","SELPLG","Cell-Cell Contact","PMC2431087; PMID:  8892633,PMID:  8896607","PBMC_Early"
"Classical Monocytes","Naïve CD4 T","SELPLG","SELL",0.0288834201374693,0,"SELPLG_SELL","SELPLG - SELL","SELPLG","Cell-Cell Contact","PMC2431087; PMID:  8892633,PMID:  8896607","PBMC_Early"
"CX3CR1+ NK","Naïve CD4 T","SELPLG","SELL",0.106381926961139,0,"SELPLG_SELL","SELPLG - SELL","SELPLG","Cell-Cell Contact","PMC2431087; PMID:  8892633,PMID:  8896607","PBMC_Early"
"DC2","Naïve CD4 T","SELPLG","SELL",0.0589273261938921,0,"SELPLG_SELL","SELPLG - SELL","SELPLG","Cell-Cell Contact","PMC2431087; PMID:  8892633,PMID:  8896607","PBMC_Early"
"Gamma Delta V1 T","Naïve CD4 T","SELPLG","SELL",0.0859100180388025,0,"SELPLG_SELL","SELPLG - SELL","SELPLG","Cell-Cell Contact","PMC2431087; PMID:  8892633,PMID:  8896607","PBMC_Early"
"Gamma Delta V2 T","Naïve CD4 T","SELPLG","SELL",0.0857128615558689,0,"SELPLG_SELL","SELPLG - SELL","SELPLG","Cell-Cell Contact","PMC2431087; PMID:  8892633,PMID:  8896607","PBMC_Early"
"HSC_MPP","Naïve CD4 T","SELPLG","SELL",0.0165168570038577,0,"SELPLG_SELL","SELPLG - SELL","SELPLG","Cell-Cell Contact","PMC2431087; PMID:  8892633,PMID:  8896607","PBMC_Early"
"ILC2/3","Naïve CD4 T","SELPLG","SELL",0.0787386876195641,0,"SELPLG_SELL","SELPLG - SELL","SELPLG","Cell-Cell Contact","PMC2431087; PMID:  8892633,PMID:  8896607","PBMC_Early"
"MEMP","Naïve CD4 T","SELPLG","SELL",0.0414893559866225,0,"SELPLG_SELL","SELPLG - SELL","SELPLG","Cell-Cell Contact","PMC2431087; PMID:  8892633,PMID:  8896607","PBMC_Early"
"MEP","Naïve CD4 T","SELPLG","SELL",0.016562352117274,0,"SELPLG_SELL","SELPLG - SELL","SELPLG","Cell-Cell Contact","PMC2431087; PMID:  8892633,PMID:  8896607","PBMC_Early"
"Naïve CD4 T","Naïve CD4 T","SELPLG","SELL",0.0881809507115971,0,"SELPLG_SELL","SELPLG - SELL","SELPLG","Cell-Cell Contact","PMC2431087; PMID:  8892633,PMID:  8896607","PBMC_Early"
"Naïve CD8 T","Naïve CD4 T","SELPLG","SELL",0.087690116120011,0,"SELPLG_SELL","SELPLG - SELL","SELPLG","Cell-Cell Contact","PMC2431087; PMID:  8892633,PMID:  8896607","PBMC_Early"
"NK T","Naïve CD4 T","SELPLG","SELL",0.0979161748589693,0,"SELPLG_SELL","SELPLG - SELL","SELPLG","Cell-Cell Contact","PMC2431087; PMID:  8892633,PMID:  8896607","PBMC_Early"
"pDC","Naïve CD4 T","SELPLG","SELL",0.133271934640452,0,"SELPLG_SELL","SELPLG - SELL","SELPLG","Cell-Cell Contact","PMC2431087; PMID:  8892633,PMID:  8896607","PBMC_Early"
"Tem","Naïve CD4 T","SELPLG","SELL",0.100182872902467,0,"SELPLG_SELL","SELPLG - SELL","SELPLG","Cell-Cell Contact","PMC2431087; PMID:  8892633,PMID:  8896607","PBMC_Early"
"Th17like_INNATE_T","Naïve CD4 T","SELPLG","SELL",0.100969992646281,0,"SELPLG_SELL","SELPLG - SELL","SELPLG","Cell-Cell Contact","PMC2431087; PMID:  8892633,PMID:  8896607","PBMC_Early"
"Treg","Naïve CD4 T","SELPLG","SELL",0.113235002007133,0,"SELPLG_SELL","SELPLG - SELL","SELPLG","Cell-Cell Contact","PMC2431087; PMID:  8892633,PMID:  8896607","PBMC_Early"
"abTentry","Naïve CD8 T","SELPLG","SELL",0.0393854470901625,0,"SELPLG_SELL","SELPLG - SELL","SELPLG","Cell-Cell Contact","PMC2431087; PMID:  8892633,PMID:  8896607","PBMC_Early"
"CD14+PPBP+ Monocytes","Naïve CD8 T","SELPLG","SELL",0.0228108974832513,0,"SELPLG_SELL","SELPLG - SELL","SELPLG","Cell-Cell Contact","PMC2431087; PMID:  8892633,PMID:  8896607","PBMC_Early"
"Classical Monocytes","Naïve CD8 T","SELPLG","SELL",0.0287457203821885,0,"SELPLG_SELL","SELPLG - SELL","SELPLG","Cell-Cell Contact","PMC2431087; PMID:  8892633,PMID:  8896607","PBMC_Early"
"CX3CR1+ NK","Naïve CD8 T","SELPLG","SELL",0.10591505451824,0,"SELPLG_SELL","SELPLG - SELL","SELPLG","Cell-Cell Contact","PMC2431087; PMID:  8892633,PMID:  8896607","PBMC_Early"
"DC2","Naïve CD8 T","SELPLG","SELL",0.058655045317176,0,"SELPLG_SELL","SELPLG - SELL","SELPLG","Cell-Cell Contact","PMC2431087; PMID:  8892633,PMID:  8896607","PBMC_Early"
"Gamma Delta V1 T","Naïve CD8 T","SELPLG","SELL",0.0855243909426005,0,"SELPLG_SELL","SELPLG - SELL","SELPLG","Cell-Cell Contact","PMC2431087; PMID:  8892633,PMID:  8896607","PBMC_Early"
"Gamma Delta V2 T","Naïve CD8 T","SELPLG","SELL",0.085328036831447,0,"SELPLG_SELL","SELPLG - SELL","SELPLG","Cell-Cell Contact","PMC2431087; PMID:  8892633,PMID:  8896607","PBMC_Early"
"HSC_MPP","Naïve CD8 T","SELPLG","SELL",0.0164371161014785,0,"SELPLG_SELL","SELPLG - SELL","SELPLG","Cell-Cell Contact","PMC2431087; PMID:  8892633,PMID:  8896607","PBMC_Early"
"ILC2/3","Naïve CD8 T","SELPLG","SELL",0.0783824904250316,0,"SELPLG_SELL","SELPLG - SELL","SELPLG","Cell-Cell Contact","PMC2431087; PMID:  8892633,PMID:  8896607","PBMC_Early"
"MEMP","Naïve CD8 T","SELPLG","SELL",0.0412941137865157,0,"SELPLG_SELL","SELPLG - SELL","SELPLG","Cell-Cell Contact","PMC2431087; PMID:  8892633,PMID:  8896607","PBMC_Early"
"MEP","Naïve CD8 T","SELPLG","SELL",0.0164823952523786,0,"SELPLG_SELL","SELPLG - SELL","SELPLG","Cell-Cell Contact","PMC2431087; PMID:  8892633,PMID:  8896607","PBMC_Early"
"Naïve CD4 T","Naïve CD8 T","SELPLG","SELL",0.0877861089657,0,"SELPLG_SELL","SELPLG - SELL","SELPLG","Cell-Cell Contact","PMC2431087; PMID:  8892633,PMID:  8896607","PBMC_Early"
"Naïve CD8 T","Naïve CD8 T","SELPLG","SELL",0.0872972617358505,0,"SELPLG_SELL","SELPLG - SELL","SELPLG","Cell-Cell Contact","PMC2431087; PMID:  8892633,PMID:  8896607","PBMC_Early"
"NK T","Naïve CD8 T","SELPLG","SELL",0.0974824026508306,0,"SELPLG_SELL","SELPLG - SELL","SELPLG","Cell-Cell Contact","PMC2431087; PMID:  8892633,PMID:  8896607","PBMC_Early"
"pDC","Naïve CD8 T","SELPLG","SELL",0.132704576406012,0,"SELPLG_SELL","SELPLG - SELL","SELPLG","Cell-Cell Contact","PMC2431087; PMID:  8892633,PMID:  8896607","PBMC_Early"
"Tem","Naïve CD8 T","SELPLG","SELL",0.0997401693983689,0,"SELPLG_SELL","SELPLG - SELL","SELPLG","Cell-Cell Contact","PMC2431087; PMID:  8892633,PMID:  8896607","PBMC_Early"
"Th17like_INNATE_T","Naïve CD8 T","SELPLG","SELL",0.100524199472872,0,"SELPLG_SELL","SELPLG - SELL","SELPLG","Cell-Cell Contact","PMC2431087; PMID:  8892633,PMID:  8896607","PBMC_Early"
"Treg","Naïve CD8 T","SELPLG","SELL",0.112741848307307,0,"SELPLG_SELL","SELPLG - SELL","SELPLG","Cell-Cell Contact","PMC2431087; PMID:  8892633,PMID:  8896607","PBMC_Early"
"abTentry","NK T","SELPLG","SELL",0.019386928570894,0,"SELPLG_SELL","SELPLG - SELL","SELPLG","Cell-Cell Contact","PMC2431087; PMID:  8892633,PMID:  8896607","PBMC_Early"
"CD14+PPBP+ Monocytes","NK T","SELPLG","SELL",0.0111308238894906,0,"SELPLG_SELL","SELPLG - SELL","SELPLG","Cell-Cell Contact","PMC2431087; PMID:  8892633,PMID:  8896607","PBMC_Early"
"Classical Monocytes","NK T","SELPLG","SELL",0.014070541405559,0,"SELPLG_SELL","SELPLG - SELL","SELPLG","Cell-Cell Contact","PMC2431087; PMID:  8892633,PMID:  8896607","PBMC_Early"
"CX3CR1+ NK","NK T","SELPLG","SELL",0.0540354164361738,0,"SELPLG_SELL","SELPLG - SELL","SELPLG","Cell-Cell Contact","PMC2431087; PMID:  8892633,PMID:  8896607","PBMC_Early"
"DC2","NK T","SELPLG","SELL",0.0291692206899716,0,"SELPLG_SELL","SELPLG - SELL","SELPLG","Cell-Cell Contact","PMC2431087; PMID:  8892633,PMID:  8896607","PBMC_Early"
"Gamma Delta V1 T","NK T","SELPLG","SELL",0.0431505360873488,0,"SELPLG_SELL","SELPLG - SELL","SELPLG","Cell-Cell Contact","PMC2431087; PMID:  8892633,PMID:  8896607","PBMC_Early"
"Gamma Delta V2 T","NK T","SELPLG","SELL",0.0430468879513366,0,"SELPLG_SELL","SELPLG - SELL","SELPLG","Cell-Cell Contact","PMC2431087; PMID:  8892633,PMID:  8896607","PBMC_Early"
"HSC_MPP","NK T","SELPLG","SELL",0.00799397005735959,0,"SELPLG_SELL","SELPLG - SELL","SELPLG","Cell-Cell Contact","PMC2431087; PMID:  8892633,PMID:  8896607","PBMC_Early"
"ILC2/3","NK T","SELPLG","SELL",0.0393947205524661,0,"SELPLG_SELL","SELPLG - SELL","SELPLG","Cell-Cell Contact","PMC2431087; PMID:  8892633,PMID:  8896607","PBMC_Early"
"MEMP","NK T","SELPLG","SELL",0.0203469705379473,0,"SELPLG_SELL","SELPLG - SELL","SELPLG","Cell-Cell Contact","PMC2431087; PMID:  8892633,PMID:  8896607","PBMC_Early"
"MEP","NK T","SELPLG","SELL",0.00801618052070953,0,"SELPLG_SELL","SELPLG - SELL","SELPLG","Cell-Cell Contact","PMC2431087; PMID:  8892633,PMID:  8896607","PBMC_Early"
"Naïve CD4 T","NK T","SELPLG","SELL",0.0443460060327675,0,"SELPLG_SELL","SELPLG - SELL","SELPLG","Cell-Cell Contact","PMC2431087; PMID:  8892633,PMID:  8896607","PBMC_Early"
"Naïve CD8 T","NK T","SELPLG","SELL",0.0440873689952011,0,"SELPLG_SELL","SELPLG - SELL","SELPLG","Cell-Cell Contact","PMC2431087; PMID:  8892633,PMID:  8896607","PBMC_Early"
"NK T","NK T","SELPLG","SELL",0.0495045700871039,0,"SELPLG_SELL","SELPLG - SELL","SELPLG","Cell-Cell Contact","PMC2431087; PMID:  8892633,PMID:  8896607","PBMC_Early"
"pDC","NK T","SELPLG","SELL",0.0687112598340863,0,"SELPLG_SELL","SELPLG - SELL","SELPLG","Cell-Cell Contact","PMC2431087; PMID:  8892633,PMID:  8896607","PBMC_Early"
"Tem","NK T","SELPLG","SELL",0.0507135735357844,0,"SELPLG_SELL","SELPLG - SELL","SELPLG","Cell-Cell Contact","PMC2431087; PMID:  8892633,PMID:  8896607","PBMC_Early"
"Th17like_INNATE_T","NK T","SELPLG","SELL",0.0511341085743796,0,"SELPLG_SELL","SELPLG - SELL","SELPLG","Cell-Cell Contact","PMC2431087; PMID:  8892633,PMID:  8896607","PBMC_Early"
"Treg","NK T","SELPLG","SELL",0.0577342178548343,0,"SELPLG_SELL","SELPLG - SELL","SELPLG","Cell-Cell Contact","PMC2431087; PMID:  8892633,PMID:  8896607","PBMC_Early"
"abTentry","pDC","SELPLG","SELL",0.0367907774872116,0,"SELPLG_SELL","SELPLG - SELL","SELPLG","Cell-Cell Contact","PMC2431087; PMID:  8892633,PMID:  8896607","PBMC_Early"
"CD14+PPBP+ Monocytes","pDC","SELPLG","SELL",0.0212839477652565,0,"SELPLG_SELL","SELPLG - SELL","SELPLG","Cell-Cell Contact","PMC2431087; PMID:  8892633,PMID:  8896607","PBMC_Early"
"Classical Monocytes","pDC","SELPLG","SELL",0.0268324053316361,0,"SELPLG_SELL","SELPLG - SELL","SELPLG","Cell-Cell Contact","PMC2431087; PMID:  8892633,PMID:  8896607","PBMC_Early"
"CX3CR1+ NK","pDC","SELPLG","SELL",0.0993909690220535,0,"SELPLG_SELL","SELPLG - SELL","SELPLG","Cell-Cell Contact","PMC2431087; PMID:  8892633,PMID:  8896607","PBMC_Early"
"DC2","pDC","SELPLG","SELL",0.0548634183836455,0,"SELPLG_SELL","SELPLG - SELL","SELPLG","Cell-Cell Contact","PMC2431087; PMID:  8892633,PMID:  8896607","PBMC_Early"
"Gamma Delta V1 T","pDC","SELPLG","SELL",0.0801437301394855,0,"SELPLG_SELL","SELPLG - SELL","SELPLG","Cell-Cell Contact","PMC2431087; PMID:  8892633,PMID:  8896607","PBMC_Early"
"Gamma Delta V2 T","pDC","SELPLG","SELL",0.0799586492660339,0,"SELPLG_SELL","SELPLG - SELL","SELPLG","Cell-Cell Contact","PMC2431087; PMID:  8892633,PMID:  8896607","PBMC_Early"
"HSC_MPP","pDC","SELPLG","SELL",0.0153301306235435,0,"SELPLG_SELL","SELPLG - SELL","SELPLG","Cell-Cell Contact","PMC2431087; PMID:  8892633,PMID:  8896607","PBMC_Early"
"ILC2/3","pDC","SELPLG","SELL",0.0734150812243815,0,"SELPLG_SELL","SELPLG - SELL","SELPLG","Cell-Cell Contact","PMC2431087; PMID:  8892633,PMID:  8896607","PBMC_Early"
"MEMP","pDC","SELPLG","SELL",0.0385787531512798,0,"SELPLG_SELL","SELPLG - SELL","SELPLG","Cell-Cell Contact","PMC2431087; PMID:  8892633,PMID:  8896607","PBMC_Early"
"MEP","pDC","SELPLG","SELL",0.0153724080332206,0,"SELPLG_SELL","SELPLG - SELL","SELPLG","Cell-Cell Contact","PMC2431087; PMID:  8892633,PMID:  8896607","PBMC_Early"
"Naïve CD4 T","pDC","SELPLG","SELL",0.0822759571916997,0,"SELPLG_SELL","SELPLG - SELL","SELPLG","Cell-Cell Contact","PMC2431087; PMID:  8892633,PMID:  8896607","PBMC_Early"
"Naïve CD8 T","pDC","SELPLG","SELL",0.0818150418939379,0,"SELPLG_SELL","SELPLG - SELL","SELPLG","Cell-Cell Contact","PMC2431087; PMID:  8892633,PMID:  8896607","PBMC_Early"
"NK T","pDC","SELPLG","SELL",0.0914246318790966,0,"SELPLG_SELL","SELPLG - SELL","SELPLG","Cell-Cell Contact","PMC2431087; PMID:  8892633,PMID:  8896607","PBMC_Early"
"pDC","pDC","SELPLG","SELL",0.124760591394358,0,"SELPLG_SELL","SELPLG - SELL","SELPLG","Cell-Cell Contact","PMC2431087; PMID:  8892633,PMID:  8896607","PBMC_Early"
"Tem","pDC","SELPLG","SELL",0.0935566400635527,0,"SELPLG_SELL","SELPLG - SELL","SELPLG","Cell-Cell Contact","PMC2431087; PMID:  8892633,PMID:  8896607","PBMC_Early"
"Th17like_INNATE_T","pDC","SELPLG","SELL",0.0942971544250542,0,"SELPLG_SELL","SELPLG - SELL","SELPLG","Cell-Cell Contact","PMC2431087; PMID:  8892633,PMID:  8896607","PBMC_Early"
"Treg","pDC","SELPLG","SELL",0.105847033203529,0,"SELPLG_SELL","SELPLG - SELL","SELPLG","Cell-Cell Contact","PMC2431087; PMID:  8892633,PMID:  8896607","PBMC_Early"
"CX3CR1+ NK","Pro-B","SELPLG","SELL",0.0115791362229523,0.01,"SELPLG_SELL","SELPLG - SELL","SELPLG","Cell-Cell Contact","PMC2431087; PMID:  8892633,PMID:  8896607","PBMC_Early"
"Gamma Delta V1 T","Pro-B","SELPLG","SELL",0.00916378900307037,0.01,"SELPLG_SELL","SELPLG - SELL","SELPLG","Cell-Cell Contact","PMC2431087; PMID:  8892633,PMID:  8896607","PBMC_Early"
"Gamma Delta V2 T","Pro-B","SELPLG","SELL",0.00914099757269989,0.01,"SELPLG_SELL","SELPLG - SELL","SELPLG","Cell-Cell Contact","PMC2431087; PMID:  8892633,PMID:  8896607","PBMC_Early"
"ILC2/3","Pro-B","SELPLG","SELL",0.00834038913054956,0.01,"SELPLG_SELL","SELPLG - SELL","SELPLG","Cell-Cell Contact","PMC2431087; PMID:  8892633,PMID:  8896607","PBMC_Early"
"Naïve CD4 T","Pro-B","SELPLG","SELL",0.00942694506507264,0.01,"SELPLG_SELL","SELPLG - SELL","SELPLG","Cell-Cell Contact","PMC2431087; PMID:  8892633,PMID:  8896607","PBMC_Early"
"Naïve CD8 T","Pro-B","SELPLG","SELL",0.00936996794794085,0.01,"SELPLG_SELL","SELPLG - SELL","SELPLG","Cell-Cell Contact","PMC2431087; PMID:  8892633,PMID:  8896607","PBMC_Early"
"NK T","Pro-B","SELPLG","SELL",0.01056845845447,0.01,"SELPLG_SELL","SELPLG - SELL","SELPLG","Cell-Cell Contact","PMC2431087; PMID:  8892633,PMID:  8896607","PBMC_Early"
"pDC","Pro-B","SELPLG","SELL",0.0149056872448318,0,"SELPLG_SELL","SELPLG - SELL","SELPLG","Cell-Cell Contact","PMC2431087; PMID:  8892633,PMID:  8896607","PBMC_Early"
"Tem","Pro-B","SELPLG","SELL",0.0108374039689671,0.01,"SELPLG_SELL","SELPLG - SELL","SELPLG","Cell-Cell Contact","PMC2431087; PMID:  8892633,PMID:  8896607","PBMC_Early"
"Th17like_INNATE_T","Pro-B","SELPLG","SELL",0.010931079239179,0.01,"SELPLG_SELL","SELPLG - SELL","SELPLG","Cell-Cell Contact","PMC2431087; PMID:  8892633,PMID:  8896607","PBMC_Early"
"Treg","Pro-B","SELPLG","SELL",0.012409870244077,0,"SELPLG_SELL","SELPLG - SELL","SELPLG","Cell-Cell Contact","PMC2431087; PMID:  8892633,PMID:  8896607","PBMC_Early"
"CX3CR1+ NK","Tem","SELPLG","SELL",0.0169069705400461,0,"SELPLG_SELL","SELPLG - SELL","SELPLG","Cell-Cell Contact","PMC2431087; PMID:  8892633,PMID:  8896607","PBMC_Early"
"DC2","Tem","SELPLG","SELL",0.0089647451309982,0.01,"SELPLG_SELL","SELPLG - SELL","SELPLG","Cell-Cell Contact","PMC2431087; PMID:  8892633,PMID:  8896607","PBMC_Early"
"Gamma Delta V1 T","Tem","SELPLG","SELL",0.0133953263693484,0,"SELPLG_SELL","SELPLG - SELL","SELPLG","Cell-Cell Contact","PMC2431087; PMID:  8892633,PMID:  8896607","PBMC_Early"
"Gamma Delta V2 T","Tem","SELPLG","SELL",0.0133621525319287,0,"SELPLG_SELL","SELPLG - SELL","SELPLG","Cell-Cell Contact","PMC2431087; PMID:  8892633,PMID:  8896607","PBMC_Early"
"ILC2/3","Tem","SELPLG","SELL",0.0121963876147148,0,"SELPLG_SELL","SELPLG - SELL","SELPLG","Cell-Cell Contact","PMC2431087; PMID:  8892633,PMID:  8896607","PBMC_Early"
"MEMP","Tem","SELPLG","SELL",0.00621423674342933,0.03,"SELPLG_SELL","SELPLG - SELL","SELPLG","Cell-Cell Contact","PMC2431087; PMID:  8892633,PMID:  8896607","PBMC_Early"
"Naïve CD4 T","Tem","SELPLG","SELL",0.0137783094928734,0,"SELPLG_SELL","SELPLG - SELL","SELPLG","Cell-Cell Contact","PMC2431087; PMID:  8892633,PMID:  8896607","PBMC_Early"
"Naïve CD8 T","Tem","SELPLG","SELL",0.0136953960400012,0,"SELPLG_SELL","SELPLG - SELL","SELPLG","Cell-Cell Contact","PMC2431087; PMID:  8892633,PMID:  8896607","PBMC_Early"
"NK T","Tem","SELPLG","SELL",0.0154385196217675,0,"SELPLG_SELL","SELPLG - SELL","SELPLG","Cell-Cell Contact","PMC2431087; PMID:  8892633,PMID:  8896607","PBMC_Early"
"pDC","Tem","SELPLG","SELL",0.0217304954469682,0,"SELPLG_SELL","SELPLG - SELL","SELPLG","Cell-Cell Contact","PMC2431087; PMID:  8892633,PMID:  8896607","PBMC_Early"
"Tem","Tem","SELPLG","SELL",0.0158294154268898,0,"SELPLG_SELL","SELPLG - SELL","SELPLG","Cell-Cell Contact","PMC2431087; PMID:  8892633,PMID:  8896607","PBMC_Early"
"Th17like_INNATE_T","Tem","SELPLG","SELL",0.0159655436950781,0,"SELPLG_SELL","SELPLG - SELL","SELPLG","Cell-Cell Contact","PMC2431087; PMID:  8892633,PMID:  8896607","PBMC_Early"
"Treg","Tem","SELPLG","SELL",0.0181129403194322,0,"SELPLG_SELL","SELPLG - SELL","SELPLG","Cell-Cell Contact","PMC2431087; PMID:  8892633,PMID:  8896607","PBMC_Early"
"abTentry","Th17like_INNATE_T","SELPLG","SELL",0.00695414006481245,0,"SELPLG_SELL","SELPLG - SELL","SELPLG","Cell-Cell Contact","PMC2431087; PMID:  8892633,PMID:  8896607","PBMC_Early"
"CX3CR1+ NK","Th17like_INNATE_T","SELPLG","SELL",0.0198320191677295,0,"SELPLG_SELL","SELPLG - SELL","SELPLG","Cell-Cell Contact","PMC2431087; PMID:  8892633,PMID:  8896607","PBMC_Early"
"DC2","Th17like_INNATE_T","SELPLG","SELL",0.0105304401441219,0,"SELPLG_SELL","SELPLG - SELL","SELPLG","Cell-Cell Contact","PMC2431087; PMID:  8892633,PMID:  8896607","PBMC_Early"
"Gamma Delta V1 T","Th17like_INNATE_T","SELPLG","SELL",0.0157225473269126,0,"SELPLG_SELL","SELPLG - SELL","SELPLG","Cell-Cell Contact","PMC2431087; PMID:  8892633,PMID:  8896607","PBMC_Early"
"Gamma Delta V2 T","Th17like_INNATE_T","SELPLG","SELL",0.0156837016916212,0,"SELPLG_SELL","SELPLG - SELL","SELPLG","Cell-Cell Contact","PMC2431087; PMID:  8892633,PMID:  8896607","PBMC_Early"
"ILC2/3","Th17like_INNATE_T","SELPLG","SELL",0.014318335334025,0,"SELPLG_SELL","SELPLG - SELL","SELPLG","Cell-Cell Contact","PMC2431087; PMID:  8892633,PMID:  8896607","PBMC_Early"
"MEMP","Th17like_INNATE_T","SELPLG","SELL",0.00730309474197521,0,"SELPLG_SELL","SELPLG - SELL","SELPLG","Cell-Cell Contact","PMC2431087; PMID:  8892633,PMID:  8896607","PBMC_Early"
"Naïve CD4 T","Th17like_INNATE_T","SELPLG","SELL",0.016170976985181,0,"SELPLG_SELL","SELPLG - SELL","SELPLG","Cell-Cell Contact","PMC2431087; PMID:  8892633,PMID:  8896607","PBMC_Early"
"Naïve CD8 T","Th17like_INNATE_T","SELPLG","SELL",0.0160738998960896,0,"SELPLG_SELL","SELPLG - SELL","SELPLG","Cell-Cell Contact","PMC2431087; PMID:  8892633,PMID:  8896607","PBMC_Early"
"NK T","Th17like_INNATE_T","SELPLG","SELL",0.0181141949791463,0,"SELPLG_SELL","SELPLG - SELL","SELPLG","Cell-Cell Contact","PMC2431087; PMID:  8892633,PMID:  8896607","PBMC_Early"
"pDC","Th17like_INNATE_T","SELPLG","SELL",0.0254684354099656,0,"SELPLG_SELL","SELPLG - SELL","SELPLG","Cell-Cell Contact","PMC2431087; PMID:  8892633,PMID:  8896607","PBMC_Early"
"Tem","Th17like_INNATE_T","SELPLG","SELL",0.0185715596899778,0,"SELPLG_SELL","SELPLG - SELL","SELPLG","Cell-Cell Contact","PMC2431087; PMID:  8892633,PMID:  8896607","PBMC_Early"
"Th17like_INNATE_T","Th17like_INNATE_T","SELPLG","SELL",0.0187308207763007,0,"SELPLG_SELL","SELPLG - SELL","SELPLG","Cell-Cell Contact","PMC2431087; PMID:  8892633,PMID:  8896607","PBMC_Early"
"Treg","Th17like_INNATE_T","SELPLG","SELL",0.0212421236593573,0,"SELPLG_SELL","SELPLG - SELL","SELPLG","Cell-Cell Contact","PMC2431087; PMID:  8892633,PMID:  8896607","PBMC_Early"
"abTentry","Treg","SELPLG","SELL",0.0390993326810052,0,"SELPLG_SELL","SELPLG - SELL","SELPLG","Cell-Cell Contact","PMC2431087; PMID:  8892633,PMID:  8896607","PBMC_Early"
"CD14+PPBP+ Monocytes","Treg","SELPLG","SELL",0.022642350359973,0,"SELPLG_SELL","SELPLG - SELL","SELPLG","Cell-Cell Contact","PMC2431087; PMID:  8892633,PMID:  8896607","PBMC_Early"
"Classical Monocytes","Treg","SELPLG","SELL",0.0285346020295569,0,"SELPLG_SELL","SELPLG - SELL","SELPLG","Cell-Cell Contact","PMC2431087; PMID:  8892633,PMID:  8896607","PBMC_Early"
"CX3CR1+ NK","Treg","SELPLG","SELL",0.105198565033084,0,"SELPLG_SELL","SELPLG - SELL","SELPLG","Cell-Cell Contact","PMC2431087; PMID:  8892633,PMID:  8896607","PBMC_Early"
"DC2","Treg","SELPLG","SELL",0.0582374340055217,0,"SELPLG_SELL","SELPLG - SELL","SELPLG","Cell-Cell Contact","PMC2431087; PMID:  8892633,PMID:  8896607","PBMC_Early"
"Gamma Delta V1 T","Treg","SELPLG","SELL",0.0849327360443588,0,"SELPLG_SELL","SELPLG - SELL","SELPLG","Cell-Cell Contact","PMC2431087; PMID:  8892633,PMID:  8896607","PBMC_Early"
"Gamma Delta V2 T","Treg","SELPLG","SELL",0.084737614434329,0,"SELPLG_SELL","SELPLG - SELL","SELPLG","Cell-Cell Contact","PMC2431087; PMID:  8892633,PMID:  8896607","PBMC_Early"
"HSC_MPP","Treg","SELPLG","SELL",0.0163148778353846,0,"SELPLG_SELL","SELPLG - SELL","SELPLG","Cell-Cell Contact","PMC2431087; PMID:  8892633,PMID:  8896607","PBMC_Early"
"ILC2/3","Treg","SELPLG","SELL",0.0778360376199778,0,"SELPLG_SELL","SELPLG - SELL","SELPLG","Cell-Cell Contact","PMC2431087; PMID:  8892633,PMID:  8896607","PBMC_Early"
"MEMP","Treg","SELPLG","SELL",0.0409947256402967,0,"SELPLG_SELL","SELPLG - SELL","SELPLG","Cell-Cell Contact","PMC2431087; PMID:  8892633,PMID:  8896607","PBMC_Early"
"MEP","Treg","SELPLG","SELL",0.0163598258586998,0,"SELPLG_SELL","SELPLG - SELL","SELPLG","Cell-Cell Contact","PMC2431087; PMID:  8892633,PMID:  8896607","PBMC_Early"
"Naïve CD4 T","Treg","SELPLG","SELL",0.0871802992142836,0,"SELPLG_SELL","SELPLG - SELL","SELPLG","Cell-Cell Contact","PMC2431087; PMID:  8892633,PMID:  8896607","PBMC_Early"
"Naïve CD8 T","Treg","SELPLG","SELL",0.0866945048959254,0,"SELPLG_SELL","SELPLG - SELL","SELPLG","Cell-Cell Contact","PMC2431087; PMID:  8892633,PMID:  8896607","PBMC_Early"
"NK T","Treg","SELPLG","SELL",0.0968167808466657,0,"SELPLG_SELL","SELPLG - SELL","SELPLG","Cell-Cell Contact","PMC2431087; PMID:  8892633,PMID:  8896607","PBMC_Early"
"pDC","Treg","SELPLG","SELL",0.131833584063223,0,"SELPLG_SELL","SELPLG - SELL","SELPLG","Cell-Cell Contact","PMC2431087; PMID:  8892633,PMID:  8896607","PBMC_Early"
"Tem","Treg","SELPLG","SELL",0.0990608233882799,0,"SELPLG_SELL","SELPLG - SELL","SELPLG","Cell-Cell Contact","PMC2431087; PMID:  8892633,PMID:  8896607","PBMC_Early"
"Th17like_INNATE_T","Treg","SELPLG","SELL",0.099840105540957,0,"SELPLG_SELL","SELPLG - SELL","SELPLG","Cell-Cell Contact","PMC2431087; PMID:  8892633,PMID:  8896607","PBMC_Early"
"Treg","Treg","SELPLG","SELL",0.111984961515915,0,"SELPLG_SELL","SELPLG - SELL","SELPLG","Cell-Cell Contact","PMC2431087; PMID:  8892633,PMID:  8896607","PBMC_Early"
"abTentry","CD14+PPBP+ Monocytes","SELPLG","SELP",0.0054923307516489,0,"SELPLG_SELP","SELPLG - SELP","SELPLG","Cell-Cell Contact","PMID: 19118202; PMID: 9829984","PBMC_Early"
"CD14+PPBP+ Monocytes","CD14+PPBP+ Monocytes","SELPLG","SELP",0.00313445667005757,0,"SELPLG_SELP","SELPLG - SELP","SELPLG","Cell-Cell Contact","PMID: 19118202; PMID: 9829984","PBMC_Early"
"Classical Monocytes","CD14+PPBP+ Monocytes","SELPLG","SELP",0.0039707657301388,0,"SELPLG_SELP","SELPLG - SELP","SELPLG","Cell-Cell Contact","PMID: 19118202; PMID: 9829984","PBMC_Early"
"CX3CR1+ NK","CD14+PPBP+ Monocytes","SELPLG","SELP",0.0157060030120022,0,"SELPLG_SELP","SELPLG - SELP","SELPLG","Cell-Cell Contact","PMID: 19118202; PMID: 9829984","PBMC_Early"
"DC2","CD14+PPBP+ Monocytes","SELPLG","SELP",0.00832316818960184,0,"SELPLG_SELP","SELPLG - SELP","SELPLG","Cell-Cell Contact","PMID: 19118202; PMID: 9829984","PBMC_Early"
"Gamma Delta V1 T","CD14+PPBP+ Monocytes","SELPLG","SELP",0.0124406478778877,0,"SELPLG_SELP","SELPLG - SELP","SELPLG","Cell-Cell Contact","PMID: 19118202; PMID: 9829984","PBMC_Early"
"Gamma Delta V2 T","CD14+PPBP+ Monocytes","SELPLG","SELP",0.0124098085852996,0,"SELPLG_SELP","SELPLG - SELP","SELPLG","Cell-Cell Contact","PMID: 19118202; PMID: 9829984","PBMC_Early"
"HSC_MPP","CD14+PPBP+ Monocytes","SELPLG","SELP",0.00224599558767345,0,"SELPLG_SELP","SELPLG - SELP","SELPLG","Cell-Cell Contact","PMID: 19118202; PMID: 9829984","PBMC_Early"
"ILC2/3","CD14+PPBP+ Monocytes","SELPLG","SELP",0.0113261759771002,0,"SELPLG_SELP","SELPLG - SELP","SELPLG","Cell-Cell Contact","PMID: 19118202; PMID: 9829984","PBMC_Early"
"MEMP","CD14+PPBP+ Monocytes","SELPLG","SELP",0.0057683587812624,0,"SELPLG_SELP","SELPLG - SELP","SELPLG","Cell-Cell Contact","PMID: 19118202; PMID: 9829984","PBMC_Early"
"MEP","CD14+PPBP+ Monocytes","SELPLG","SELP",0.00225227212562952,0,"SELPLG_SELP","SELPLG - SELP","SELPLG","Cell-Cell Contact","PMID: 19118202; PMID: 9829984","PBMC_Early"
"Naïve CD4 T","CD14+PPBP+ Monocytes","SELPLG","SELP",0.0127966900060014,0,"SELPLG_SELP","SELPLG - SELP","SELPLG","Cell-Cell Contact","PMID: 19118202; PMID: 9829984","PBMC_Early"
"Naïve CD8 T","CD14+PPBP+ Monocytes","SELPLG","SELP",0.012719607439418,0,"SELPLG_SELP","SELPLG - SELP","SELPLG","Cell-Cell Contact","PMID: 19118202; PMID: 9829984","PBMC_Early"
"NK T","CD14+PPBP+ Monocytes","SELPLG","SELP",0.0143403402813516,0,"SELPLG_SELP","SELPLG - SELP","SELPLG","Cell-Cell Contact","PMID: 19118202; PMID: 9829984","PBMC_Early"
"pDC","CD14+PPBP+ Monocytes","SELPLG","SELP",0.0201939323969321,0,"SELPLG_SELP","SELPLG - SELP","SELPLG","Cell-Cell Contact","PMID: 19118202; PMID: 9829984","PBMC_Early"
"Tem","CD14+PPBP+ Monocytes","SELPLG","SELP",0.0147038459766774,0,"SELPLG_SELP","SELPLG - SELP","SELPLG","Cell-Cell Contact","PMID: 19118202; PMID: 9829984","PBMC_Early"
"Th17like_INNATE_T","CD14+PPBP+ Monocytes","SELPLG","SELP",0.0148304405431872,0,"SELPLG_SELP","SELPLG - SELP","SELPLG","Cell-Cell Contact","PMID: 19118202; PMID: 9829984","PBMC_Early"
"Treg","CD14+PPBP+ Monocytes","SELPLG","SELP",0.0168277744297985,0,"SELPLG_SELP","SELPLG - SELP","SELPLG","Cell-Cell Contact","PMID: 19118202; PMID: 9829984","PBMC_Early"
"abTentry","Megakaryocytes","SELPLG","SELP",0.00991231394133874,0,"SELPLG_SELP","SELPLG - SELP","SELPLG","Cell-Cell Contact","PMID: 19118202; PMID: 9829984","PBMC_Early"
"CD14+PPBP+ Monocytes","Megakaryocytes","SELPLG","SELP",0.00566774180854682,0,"SELPLG_SELP","SELPLG - SELP","SELPLG","Cell-Cell Contact","PMID: 19118202; PMID: 9829984","PBMC_Early"
"Classical Monocytes","Megakaryocytes","SELPLG","SELP",0.00717509549070059,0,"SELPLG_SELP","SELPLG - SELP","SELPLG","Cell-Cell Contact","PMID: 19118202; PMID: 9829984","PBMC_Early"
"CX3CR1+ NK","Megakaryocytes","SELPLG","SELP",0.0281131424030631,0,"SELPLG_SELP","SELPLG - SELP","SELPLG","Cell-Cell Contact","PMID: 19118202; PMID: 9829984","PBMC_Early"
"DC2","Megakaryocytes","SELPLG","SELP",0.0149869524682309,0,"SELPLG_SELP","SELPLG - SELP","SELPLG","Cell-Cell Contact","PMID: 19118202; PMID: 9829984","PBMC_Early"
"Gamma Delta V1 T","Megakaryocytes","SELPLG","SELP",0.0223267931308298,0,"SELPLG_SELP","SELPLG - SELP","SELPLG","Cell-Cell Contact","PMID: 19118202; PMID: 9829984","PBMC_Early"
"Gamma Delta V2 T","Megakaryocytes","SELPLG","SELP",0.0222719996307894,0,"SELPLG_SELP","SELPLG - SELP","SELPLG","Cell-Cell Contact","PMID: 19118202; PMID: 9829984","PBMC_Early"
"HSC_MPP","Megakaryocytes","SELPLG","SELP",0.0040641490630944,0,"SELPLG_SELP","SELPLG - SELP","SELPLG","Cell-Cell Contact","PMID: 19118202; PMID: 9829984","PBMC_Early"
"ILC2/3","Megakaryocytes","SELPLG","SELP",0.0203449347117144,0,"SELPLG_SELP","SELPLG - SELP","SELPLG","Cell-Cell Contact","PMID: 19118202; PMID: 9829984","PBMC_Early"
"MEMP","Megakaryocytes","SELPLG","SELP",0.0104081522522986,0,"SELPLG_SELP","SELPLG - SELP","SELPLG","Cell-Cell Contact","PMID: 19118202; PMID: 9829984","PBMC_Early"
"MEP","Megakaryocytes","SELPLG","SELP",0.00407548576074517,0,"SELPLG_SELP","SELPLG - SELP","SELPLG","Cell-Cell Contact","PMID: 19118202; PMID: 9829984","PBMC_Early"
"Naïve CD4 T","Megakaryocytes","SELPLG","SELP",0.0229591916426986,0,"SELPLG_SELP","SELPLG - SELP","SELPLG","Cell-Cell Contact","PMID: 19118202; PMID: 9829984","PBMC_Early"
"Naïve CD8 T","Megakaryocytes","SELPLG","SELP",0.0228223090754542,0,"SELPLG_SELP","SELPLG - SELP","SELPLG","Cell-Cell Contact","PMID: 19118202; PMID: 9829984","PBMC_Early"
"NK T","Megakaryocytes","SELPLG","SELP",0.0256968231755091,0,"SELPLG_SELP","SELPLG - SELP","SELPLG","Cell-Cell Contact","PMID: 19118202; PMID: 9829984","PBMC_Early"
"pDC","Megakaryocytes","SELPLG","SELP",0.0360166367172287,0,"SELPLG_SELP","SELPLG - SELP","SELPLG","Cell-Cell Contact","PMID: 19118202; PMID: 9829984","PBMC_Early"
"Tem","Megakaryocytes","SELPLG","SELP",0.0263405053977293,0,"SELPLG_SELP","SELPLG - SELP","SELPLG","Cell-Cell Contact","PMID: 19118202; PMID: 9829984","PBMC_Early"
"Th17like_INNATE_T","Megakaryocytes","SELPLG","SELP",0.0265645860616176,0,"SELPLG_SELP","SELPLG - SELP","SELPLG","Cell-Cell Contact","PMID: 19118202; PMID: 9829984","PBMC_Early"
"Treg","Megakaryocytes","SELPLG","SELP",0.0300939766744267,0,"SELPLG_SELP","SELPLG - SELP","SELPLG","Cell-Cell Contact","PMID: 19118202; PMID: 9829984","PBMC_Early"
"abTentry","MEP","SELPLG","SELP",0.00434387494936337,0,"SELPLG_SELP","SELPLG - SELP","SELPLG","Cell-Cell Contact","PMID: 19118202; PMID: 9829984","PBMC_Early"
"CD14+PPBP+ Monocytes","MEP","SELPLG","SELP",0.00247780799765021,0,"SELPLG_SELP","SELPLG - SELP","SELPLG","Cell-Cell Contact","PMID: 19118202; PMID: 9829984","PBMC_Early"
"Classical Monocytes","MEP","SELPLG","SELP",0.00313946741448451,0,"SELPLG_SELP","SELPLG - SELP","SELPLG","Cell-Cell Contact","PMID: 19118202; PMID: 9829984","PBMC_Early"
"CX3CR1+ NK","MEP","SELPLG","SELP",0.0124485840053962,0,"SELPLG_SELP","SELPLG - SELP","SELPLG","Cell-Cell Contact","PMID: 19118202; PMID: 9829984","PBMC_Early"
"DC2","MEP","SELPLG","SELP",0.00658669982947083,0,"SELPLG_SELP","SELPLG - SELP","SELPLG","Cell-Cell Contact","PMID: 19118202; PMID: 9829984","PBMC_Early"
"Gamma Delta V1 T","MEP","SELPLG","SELP",0.00985368254954981,0,"SELPLG_SELP","SELPLG - SELP","SELPLG","Cell-Cell Contact","PMID: 19118202; PMID: 9829984","PBMC_Early"
"Gamma Delta V2 T","MEP","SELPLG","SELP",0.00982919229345698,0,"SELPLG_SELP","SELPLG - SELP","SELPLG","Cell-Cell Contact","PMID: 19118202; PMID: 9829984","PBMC_Early"
"HSC_MPP","MEP","SELPLG","SELP",0.00177514240235018,0,"SELPLG_SELP","SELPLG - SELP","SELPLG","Cell-Cell Contact","PMID: 19118202; PMID: 9829984","PBMC_Early"
"ILC2/3","MEP","SELPLG","SELP",0.00896885434138081,0,"SELPLG_SELP","SELPLG - SELP","SELPLG","Cell-Cell Contact","PMID: 19118202; PMID: 9829984","PBMC_Early"
"MEMP","MEP","SELPLG","SELP",0.00456244983294913,0,"SELPLG_SELP","SELPLG - SELP","SELPLG","Cell-Cell Contact","PMID: 19118202; PMID: 9829984","PBMC_Early"
"MEP","MEP","SELPLG","SELP",0.00178010546699938,0,"SELPLG_SELP","SELPLG - SELP","SELPLG","Cell-Cell Contact","PMID: 19118202; PMID: 9829984","PBMC_Early"
"Naïve CD4 T","MEP","SELPLG","SELP",0.0101364475724668,0,"SELPLG_SELP","SELPLG - SELP","SELPLG","Cell-Cell Contact","PMID: 19118202; PMID: 9829984","PBMC_Early"
"Naïve CD8 T","MEP","SELPLG","SELP",0.0100752257890092,0,"SELPLG_SELP","SELPLG - SELP","SELPLG","Cell-Cell Contact","PMID: 19118202; PMID: 9829984","PBMC_Early"
"NK T","MEP","SELPLG","SELP",0.01136288944575,0,"SELPLG_SELP","SELPLG - SELP","SELPLG","Cell-Cell Contact","PMID: 19118202; PMID: 9829984","PBMC_Early"
"pDC","MEP","SELPLG","SELP",0.0160208686446644,0,"SELPLG_SELP","SELPLG - SELP","SELPLG","Cell-Cell Contact","PMID: 19118202; PMID: 9829984","PBMC_Early"
"Tem","MEP","SELPLG","SELP",0.0116518135172435,0,"SELPLG_SELP","SELPLG - SELP","SELPLG","Cell-Cell Contact","PMID: 19118202; PMID: 9829984","PBMC_Early"
"Th17like_INNATE_T","MEP","SELPLG","SELP",0.0117524446614905,0,"SELPLG_SELP","SELPLG - SELP","SELPLG","Cell-Cell Contact","PMID: 19118202; PMID: 9829984","PBMC_Early"
"Treg","MEP","SELPLG","SELP",0.013340853803212,0,"SELPLG_SELP","SELPLG - SELP","SELPLG","Cell-Cell Contact","PMID: 19118202; PMID: 9829984","PBMC_Early"
"CD14+PPBP+ Monocytes","pDC","SEMA4A","NRP1_PLXNA4",0.00299137412105431,0,"SEMA4A_NRP1_PLXNA4","SEMA4A - (NRP1+PLXNA4)","SEMA4","Cell-Cell Contact","PMID: 27533782","PBMC_Early"
"DC2","pDC","SEMA4A","NRP1_PLXNA4",0.00813223932534497,0,"SEMA4A_NRP1_PLXNA4","SEMA4A - (NRP1+PLXNA4)","SEMA4","Cell-Cell Contact","PMID: 27533782","PBMC_Early"
"CD14+PPBP+ Monocytes","CD14+PPBP+ Monocytes","SEMA4A","PLXNB2",0.00167275279462085,0,"SEMA4A_PLXNB2","SEMA4A - PLXNB2","SEMA4","Cell-Cell Contact","PMID: 27533782","PBMC_Early"
"DC2","CD14+PPBP+ Monocytes","SEMA4A","PLXNB2",0.00455784370902224,0,"SEMA4A_PLXNB2","SEMA4A - PLXNB2","SEMA4","Cell-Cell Contact","PMID: 27533782","PBMC_Early"
"CD14+PPBP+ Monocytes","Classical Monocytes","SEMA4A","PLXNB2",0.00183098696736422,0,"SEMA4A_PLXNB2","SEMA4A - PLXNB2","SEMA4","Cell-Cell Contact","PMID: 27533782","PBMC_Early"
"DC2","Classical Monocytes","SEMA4A","PLXNB2",0.00498762978579409,0,"SEMA4A_PLXNB2","SEMA4A - PLXNB2","SEMA4","Cell-Cell Contact","PMID: 27533782","PBMC_Early"
"CD14+PPBP+ Monocytes","DC2","SEMA4A","PLXNB2",0.00296010939259867,0,"SEMA4A_PLXNB2","SEMA4A - PLXNB2","SEMA4","Cell-Cell Contact","PMID: 27533782","PBMC_Early"
"DC2","DC2","SEMA4A","PLXNB2",0.0080476778903984,0,"SEMA4A_PLXNB2","SEMA4A - PLXNB2","SEMA4","Cell-Cell Contact","PMID: 27533782","PBMC_Early"
"CD14+PPBP+ Monocytes","pDC","SEMA4A","PLXNB2",0.00394910493429391,0,"SEMA4A_PLXNB2","SEMA4A - PLXNB2","SEMA4","Cell-Cell Contact","PMID: 27533782","PBMC_Early"
"DC2","pDC","SEMA4A","PLXNB2",0.0107181967473611,0,"SEMA4A_PLXNB2","SEMA4A - PLXNB2","SEMA4","Cell-Cell Contact","PMID: 27533782","PBMC_Early"
"CD14+PPBP+ Monocytes","Pro-B","SEMA4A","PLXNB2",0.000750847913433822,0,"SEMA4A_PLXNB2","SEMA4A - PLXNB2","SEMA4","Cell-Cell Contact","PMID: 27533782","PBMC_Early"
"DC2","Pro-B","SEMA4A","PLXNB2",0.00204914129913739,0,"SEMA4A_PLXNB2","SEMA4A - PLXNB2","SEMA4","Cell-Cell Contact","PMID: 27533782","PBMC_Early"
"abTentry","CD14+PPBP+ Monocytes","SEMA4D","PLXNB2",0.0134833263194084,0,"SEMA4D_PLXNB2","SEMA4D - PLXNB2","SEMA4","Cell-Cell Contact","PMID: 27533782","PBMC_Early"
"CD14+PPBP+ Monocytes","CD14+PPBP+ Monocytes","SEMA4D","PLXNB2",0.00275312938075896,0,"SEMA4D_PLXNB2","SEMA4D - PLXNB2","SEMA4","Cell-Cell Contact","PMID: 27533782","PBMC_Early"
"CD56highCD16low NK","CD14+PPBP+ Monocytes","SEMA4D","PLXNB2",0.0055291193950475,0,"SEMA4D_PLXNB2","SEMA4D - PLXNB2","SEMA4","Cell-Cell Contact","PMID: 27533782","PBMC_Early"
"Classical Monocytes","CD14+PPBP+ Monocytes","SEMA4D","PLXNB2",0.00198004278418055,0,"SEMA4D_PLXNB2","SEMA4D - PLXNB2","SEMA4","Cell-Cell Contact","PMID: 27533782","PBMC_Early"
"CX3CR1+ NK","CD14+PPBP+ Monocytes","SEMA4D","PLXNB2",0.00355791773970339,0,"SEMA4D_PLXNB2","SEMA4D - PLXNB2","SEMA4","Cell-Cell Contact","PMID: 27533782","PBMC_Early"
"CXCR6+ NK","CD14+PPBP+ Monocytes","SEMA4D","PLXNB2",0.00196943108493928,0,"SEMA4D_PLXNB2","SEMA4D - PLXNB2","SEMA4","Cell-Cell Contact","PMID: 27533782","PBMC_Early"
"DC2","CD14+PPBP+ Monocytes","SEMA4D","PLXNB2",0.00139298963289173,0,"SEMA4D_PLXNB2","SEMA4D - PLXNB2","SEMA4","Cell-Cell Contact","PMID: 27533782","PBMC_Early"
"Gamma Delta V1 T","CD14+PPBP+ Monocytes","SEMA4D","PLXNB2",0.00419138275877178,0,"SEMA4D_PLXNB2","SEMA4D - PLXNB2","SEMA4","Cell-Cell Contact","PMID: 27533782","PBMC_Early"
"Gamma Delta V2 T","CD14+PPBP+ Monocytes","SEMA4D","PLXNB2",0.00372244965845501,0,"SEMA4D_PLXNB2","SEMA4D - PLXNB2","SEMA4","Cell-Cell Contact","PMID: 27533782","PBMC_Early"
"HSC_MPP","CD14+PPBP+ Monocytes","SEMA4D","PLXNB2",0.00183728100363301,0,"SEMA4D_PLXNB2","SEMA4D - PLXNB2","SEMA4","Cell-Cell Contact","PMID: 27533782","PBMC_Early"
"ILC2/3","CD14+PPBP+ Monocytes","SEMA4D","PLXNB2",0.00256858683405099,0,"SEMA4D_PLXNB2","SEMA4D - PLXNB2","SEMA4","Cell-Cell Contact","PMID: 27533782","PBMC_Early"
"MEMP","CD14+PPBP+ Monocytes","SEMA4D","PLXNB2",0.00173331574789631,0,"SEMA4D_PLXNB2","SEMA4D - PLXNB2","SEMA4","Cell-Cell Contact","PMID: 27533782","PBMC_Early"
"MEP","CD14+PPBP+ Monocytes","SEMA4D","PLXNB2",0.00202525815631217,0,"SEMA4D_PLXNB2","SEMA4D - PLXNB2","SEMA4","Cell-Cell Contact","PMID: 27533782","PBMC_Early"
"Myeloid-CD177","CD14+PPBP+ Monocytes","SEMA4D","PLXNB2",0.00577485614854382,0,"SEMA4D_PLXNB2","SEMA4D - PLXNB2","SEMA4","Cell-Cell Contact","PMID: 27533782","PBMC_Early"
"Naïve CD4 T","CD14+PPBP+ Monocytes","SEMA4D","PLXNB2",0.00312869039334582,0,"SEMA4D_PLXNB2","SEMA4D - PLXNB2","SEMA4","Cell-Cell Contact","PMID: 27533782","PBMC_Early"
"Naïve CD8 T","CD14+PPBP+ Monocytes","SEMA4D","PLXNB2",0.00309171661644483,0,"SEMA4D_PLXNB2","SEMA4D - PLXNB2","SEMA4","Cell-Cell Contact","PMID: 27533782","PBMC_Early"
"NK T","CD14+PPBP+ Monocytes","SEMA4D","PLXNB2",0.00379654284013878,0,"SEMA4D_PLXNB2","SEMA4D - PLXNB2","SEMA4","Cell-Cell Contact","PMID: 27533782","PBMC_Early"
"pDC","CD14+PPBP+ Monocytes","SEMA4D","PLXNB2",0.00206225735981551,0,"SEMA4D_PLXNB2","SEMA4D - PLXNB2","SEMA4","Cell-Cell Contact","PMID: 27533782","PBMC_Early"
"Pro-B","CD14+PPBP+ Monocytes","SEMA4D","PLXNB2",0.00129375019585989,0,"SEMA4D_PLXNB2","SEMA4D - PLXNB2","SEMA4","Cell-Cell Contact","PMID: 27533782","PBMC_Early"
"Tem","CD14+PPBP+ Monocytes","SEMA4D","PLXNB2",0.00335871013956134,0,"SEMA4D_PLXNB2","SEMA4D - PLXNB2","SEMA4","Cell-Cell Contact","PMID: 27533782","PBMC_Early"
"Th17like_INNATE_T","CD14+PPBP+ Monocytes","SEMA4D","PLXNB2",0.00368210460809965,0,"SEMA4D_PLXNB2","SEMA4D - PLXNB2","SEMA4","Cell-Cell Contact","PMID: 27533782","PBMC_Early"
"Treg","CD14+PPBP+ Monocytes","SEMA4D","PLXNB2",0.00335822937723918,0,"SEMA4D_PLXNB2","SEMA4D - PLXNB2","SEMA4","Cell-Cell Contact","PMID: 27533782","PBMC_Early"
"abTentry","Classical Monocytes","SEMA4D","PLXNB2",0.0147422845544075,0,"SEMA4D_PLXNB2","SEMA4D - PLXNB2","SEMA4","Cell-Cell Contact","PMID: 27533782","PBMC_Early"
"CD14+PPBP+ Monocytes","Classical Monocytes","SEMA4D","PLXNB2",0.00301325339018544,0,"SEMA4D_PLXNB2","SEMA4D - PLXNB2","SEMA4","Cell-Cell Contact","PMID: 27533782","PBMC_Early"
"CD56highCD16low NK","Classical Monocytes","SEMA4D","PLXNB2",0.00604993617395862,0,"SEMA4D_PLXNB2","SEMA4D - PLXNB2","SEMA4","Cell-Cell Contact","PMID: 27533782","PBMC_Early"
"Classical Monocytes","Classical Monocytes","SEMA4D","PLXNB2",0.00216728197155486,0,"SEMA4D_PLXNB2","SEMA4D - PLXNB2","SEMA4","Cell-Cell Contact","PMID: 27533782","PBMC_Early"
"CX3CR1+ NK","Classical Monocytes","SEMA4D","PLXNB2",0.00389378369662593,0,"SEMA4D_PLXNB2","SEMA4D - PLXNB2","SEMA4","Cell-Cell Contact","PMID: 27533782","PBMC_Early"
"CXCR6+ NK","Classical Monocytes","SEMA4D","PLXNB2",0.00215566896350038,0,"SEMA4D_PLXNB2","SEMA4D - PLXNB2","SEMA4","Cell-Cell Contact","PMID: 27533782","PBMC_Early"
"DC2","Classical Monocytes","SEMA4D","PLXNB2",0.00152480000917537,0,"SEMA4D_PLXNB2","SEMA4D - PLXNB2","SEMA4","Cell-Cell Contact","PMID: 27533782","PBMC_Early"
"Gamma Delta V1 T","Classical Monocytes","SEMA4D","PLXNB2",0.0045867722873972,0,"SEMA4D_PLXNB2","SEMA4D - PLXNB2","SEMA4","Cell-Cell Contact","PMID: 27533782","PBMC_Early"
"Gamma Delta V2 T","Classical Monocytes","SEMA4D","PLXNB2",0.00407378386127774,0,"SEMA4D_PLXNB2","SEMA4D - PLXNB2","SEMA4","Cell-Cell Contact","PMID: 27533782","PBMC_Early"
"HSC_MPP","Classical Monocytes","SEMA4D","PLXNB2",0.00201104738282515,0,"SEMA4D_PLXNB2","SEMA4D - PLXNB2","SEMA4","Cell-Cell Contact","PMID: 27533782","PBMC_Early"
"ILC2/3","Classical Monocytes","SEMA4D","PLXNB2",0.00281132385822399,0,"SEMA4D_PLXNB2","SEMA4D - PLXNB2","SEMA4","Cell-Cell Contact","PMID: 27533782","PBMC_Early"
"MEMP","Classical Monocytes","SEMA4D","PLXNB2",0.00189726799004785,0,"SEMA4D_PLXNB2","SEMA4D - PLXNB2","SEMA4","Cell-Cell Contact","PMID: 27533782","PBMC_Early"
"MEP","Classical Monocytes","SEMA4D","PLXNB2",0.00221676355704797,0,"SEMA4D_PLXNB2","SEMA4D - PLXNB2","SEMA4","Cell-Cell Contact","PMID: 27533782","PBMC_Early"
"Myeloid-CD177","Classical Monocytes","SEMA4D","PLXNB2",0.0063186730891788,0,"SEMA4D_PLXNB2","SEMA4D - PLXNB2","SEMA4","Cell-Cell Contact","PMID: 27533782","PBMC_Early"
"Naïve CD4 T","Classical Monocytes","SEMA4D","PLXNB2",0.00342417670626044,0,"SEMA4D_PLXNB2","SEMA4D - PLXNB2","SEMA4","Cell-Cell Contact","PMID: 27533782","PBMC_Early"
"Naïve CD8 T","Classical Monocytes","SEMA4D","PLXNB2",0.00338372282758627,0,"SEMA4D_PLXNB2","SEMA4D - PLXNB2","SEMA4","Cell-Cell Contact","PMID: 27533782","PBMC_Early"
"NK T","Classical Monocytes","SEMA4D","PLXNB2",0.00415484098084497,0,"SEMA4D_PLXNB2","SEMA4D - PLXNB2","SEMA4","Cell-Cell Contact","PMID: 27533782","PBMC_Early"
"pDC","Classical Monocytes","SEMA4D","PLXNB2",0.00225725343700574,0,"SEMA4D_PLXNB2","SEMA4D - PLXNB2","SEMA4","Cell-Cell Contact","PMID: 27533782","PBMC_Early"
"Pro-B","Classical Monocytes","SEMA4D","PLXNB2",0.00141618344786832,0,"SEMA4D_PLXNB2","SEMA4D - PLXNB2","SEMA4","Cell-Cell Contact","PMID: 27533782","PBMC_Early"
"Tem","Classical Monocytes","SEMA4D","PLXNB2",0.00367584035318443,0,"SEMA4D_PLXNB2","SEMA4D - PLXNB2","SEMA4","Cell-Cell Contact","PMID: 27533782","PBMC_Early"
"Th17like_INNATE_T","Classical Monocytes","SEMA4D","PLXNB2",0.00402964634483827,0,"SEMA4D_PLXNB2","SEMA4D - PLXNB2","SEMA4","Cell-Cell Contact","PMID: 27533782","PBMC_Early"
"Treg","Classical Monocytes","SEMA4D","PLXNB2",0.00367531436456732,0,"SEMA4D_PLXNB2","SEMA4D - PLXNB2","SEMA4","Cell-Cell Contact","PMID: 27533782","PBMC_Early"
"abTentry","DC2","SEMA4D","PLXNB2",0.0236448638441011,0,"SEMA4D_PLXNB2","SEMA4D - PLXNB2","SEMA4","Cell-Cell Contact","PMID: 27533782","PBMC_Early"
"CD14+PPBP+ Monocytes","DC2","SEMA4D","PLXNB2",0.00486789345628938,0,"SEMA4D_PLXNB2","SEMA4D - PLXNB2","SEMA4","Cell-Cell Contact","PMID: 27533782","PBMC_Early"
"CD56highCD16low NK","DC2","SEMA4D","PLXNB2",0.00975534851619133,0,"SEMA4D_PLXNB2","SEMA4D - PLXNB2","SEMA4","Cell-Cell Contact","PMID: 27533782","PBMC_Early"
"Classical Monocytes","DC2","SEMA4D","PLXNB2",0.0035030610368029,0,"SEMA4D_PLXNB2","SEMA4D - PLXNB2","SEMA4","Cell-Cell Contact","PMID: 27533782","PBMC_Early"
"CX3CR1+ NK","DC2","SEMA4D","PLXNB2",0.00628696749175886,0,"SEMA4D_PLXNB2","SEMA4D - PLXNB2","SEMA4","Cell-Cell Contact","PMID: 27533782","PBMC_Early"
"CXCR6+ NK","DC2","SEMA4D","PLXNB2",0.00348431547944961,0,"SEMA4D_PLXNB2","SEMA4D - PLXNB2","SEMA4","Cell-Cell Contact","PMID: 27533782","PBMC_Early"
"DC2","DC2","SEMA4D","PLXNB2",0.00246557123380122,0,"SEMA4D_PLXNB2","SEMA4D - PLXNB2","SEMA4","Cell-Cell Contact","PMID: 27533782","PBMC_Early"
"Gamma Delta V1 T","DC2","SEMA4D","PLXNB2",0.00740271301524125,0,"SEMA4D_PLXNB2","SEMA4D - PLXNB2","SEMA4","Cell-Cell Contact","PMID: 27533782","PBMC_Early"
"Gamma Delta V2 T","DC2","SEMA4D","PLXNB2",0.00657686828144016,0,"SEMA4D_PLXNB2","SEMA4D - PLXNB2","SEMA4","Cell-Cell Contact","PMID: 27533782","PBMC_Early"
"HSC_MPP","DC2","SEMA4D","PLXNB2",0.003250846789244,0,"SEMA4D_PLXNB2","SEMA4D - PLXNB2","SEMA4","Cell-Cell Contact","PMID: 27533782","PBMC_Early"
"ILC2/3","DC2","SEMA4D","PLXNB2",0.00454224370878574,0,"SEMA4D_PLXNB2","SEMA4D - PLXNB2","SEMA4","Cell-Cell Contact","PMID: 27533782","PBMC_Early"
"MEMP","DC2","SEMA4D","PLXNB2",0.00306713861642645,0,"SEMA4D_PLXNB2","SEMA4D - PLXNB2","SEMA4","Cell-Cell Contact","PMID: 27533782","PBMC_Early"
"MEP","DC2","SEMA4D","PLXNB2",0.00358293051527343,0,"SEMA4D_PLXNB2","SEMA4D - PLXNB2","SEMA4","Cell-Cell Contact","PMID: 27533782","PBMC_Early"
"Myeloid-CD177","DC2","SEMA4D","PLXNB2",0.010186992162303,0,"SEMA4D_PLXNB2","SEMA4D - PLXNB2","SEMA4","Cell-Cell Contact","PMID: 27533782","PBMC_Early"
"Naïve CD4 T","DC2","SEMA4D","PLXNB2",0.00553033473625568,0,"SEMA4D_PLXNB2","SEMA4D - PLXNB2","SEMA4","Cell-Cell Contact","PMID: 27533782","PBMC_Early"
"Naïve CD8 T","DC2","SEMA4D","PLXNB2",0.00546513475744582,0,"SEMA4D_PLXNB2","SEMA4D - PLXNB2","SEMA4","Cell-Cell Contact","PMID: 27533782","PBMC_Early"
"NK T","DC2","SEMA4D","PLXNB2",0.00670739448705645,0,"SEMA4D_PLXNB2","SEMA4D - PLXNB2","SEMA4","Cell-Cell Contact","PMID: 27533782","PBMC_Early"
"pDC","DC2","SEMA4D","PLXNB2",0.00364828262261765,0,"SEMA4D_PLXNB2","SEMA4D - PLXNB2","SEMA4","Cell-Cell Contact","PMID: 27533782","PBMC_Early"
"Pro-B","DC2","SEMA4D","PLXNB2",0.00229009412162601,0,"SEMA4D_PLXNB2","SEMA4D - PLXNB2","SEMA4","Cell-Cell Contact","PMID: 27533782","PBMC_Early"
"Tem","DC2","SEMA4D","PLXNB2",0.00593587079585693,0,"SEMA4D_PLXNB2","SEMA4D - PLXNB2","SEMA4","Cell-Cell Contact","PMID: 27533782","PBMC_Early"
"Th17like_INNATE_T","DC2","SEMA4D","PLXNB2",0.00650578818915138,0,"SEMA4D_PLXNB2","SEMA4D - PLXNB2","SEMA4","Cell-Cell Contact","PMID: 27533782","PBMC_Early"
"Treg","DC2","SEMA4D","PLXNB2",0.0059350233381652,0,"SEMA4D_PLXNB2","SEMA4D - PLXNB2","SEMA4","Cell-Cell Contact","PMID: 27533782","PBMC_Early"
"abTentry","pDC","SEMA4D","PLXNB2",0.0313276503251323,0,"SEMA4D_PLXNB2","SEMA4D - PLXNB2","SEMA4","Cell-Cell Contact","PMID: 27533782","PBMC_Early"
"CD14+PPBP+ Monocytes","pDC","SEMA4D","PLXNB2",0.00649014533693882,0,"SEMA4D_PLXNB2","SEMA4D - PLXNB2","SEMA4","Cell-Cell Contact","PMID: 27533782","PBMC_Early"
"CD56highCD16low NK","pDC","SEMA4D","PLXNB2",0.0129851180471231,0,"SEMA4D_PLXNB2","SEMA4D - PLXNB2","SEMA4","Cell-Cell Contact","PMID: 27533782","PBMC_Early"
"Classical Monocytes","pDC","SEMA4D","PLXNB2",0.00467261079187148,0,"SEMA4D_PLXNB2","SEMA4D - PLXNB2","SEMA4","Cell-Cell Contact","PMID: 27533782","PBMC_Early"
"CX3CR1+ NK","pDC","SEMA4D","PLXNB2",0.00837815195882954,0,"SEMA4D_PLXNB2","SEMA4D - PLXNB2","SEMA4","Cell-Cell Contact","PMID: 27533782","PBMC_Early"
"CXCR6+ NK","pDC","SEMA4D","PLXNB2",0.00464763593692479,0,"SEMA4D_PLXNB2","SEMA4D - PLXNB2","SEMA4","Cell-Cell Contact","PMID: 27533782","PBMC_Early"
"DC2","pDC","SEMA4D","PLXNB2",0.00328988293319939,0,"SEMA4D_PLXNB2","SEMA4D - PLXNB2","SEMA4","Cell-Cell Contact","PMID: 27533782","PBMC_Early"
"Gamma Delta V1 T","pDC","SEMA4D","PLXNB2",0.00986133621613378,0,"SEMA4D_PLXNB2","SEMA4D - PLXNB2","SEMA4","Cell-Cell Contact","PMID: 27533782","PBMC_Early"
"Gamma Delta V2 T","pDC","SEMA4D","PLXNB2",0.00876362976368675,0,"SEMA4D_PLXNB2","SEMA4D - PLXNB2","SEMA4","Cell-Cell Contact","PMID: 27533782","PBMC_Early"
"HSC_MPP","pDC","SEMA4D","PLXNB2",0.00433655746004824,0,"SEMA4D_PLXNB2","SEMA4D - PLXNB2","SEMA4","Cell-Cell Contact","PMID: 27533782","PBMC_Early"
"ILC2/3","pDC","SEMA4D","PLXNB2",0.00605663155435978,0,"SEMA4D_PLXNB2","SEMA4D - PLXNB2","SEMA4","Cell-Cell Contact","PMID: 27533782","PBMC_Early"
"MEMP","pDC","SEMA4D","PLXNB2",0.00409174670080671,0,"SEMA4D_PLXNB2","SEMA4D - PLXNB2","SEMA4","Cell-Cell Contact","PMID: 27533782","PBMC_Early"
"MEP","pDC","SEMA4D","PLXNB2",0.00477901801669226,0,"SEMA4D_PLXNB2","SEMA4D - PLXNB2","SEMA4","Cell-Cell Contact","PMID: 27533782","PBMC_Early"
"Myeloid-CD177","pDC","SEMA4D","PLXNB2",0.013557712306839,0,"SEMA4D_PLXNB2","SEMA4D - PLXNB2","SEMA4","Cell-Cell Contact","PMID: 27533782","PBMC_Early"
"Naïve CD4 T","pDC","SEMA4D","PLXNB2",0.00737171340818642,0,"SEMA4D_PLXNB2","SEMA4D - PLXNB2","SEMA4","Cell-Cell Contact","PMID: 27533782","PBMC_Early"
"Naïve CD8 T","pDC","SEMA4D","PLXNB2",0.00728496349158909,0,"SEMA4D_PLXNB2","SEMA4D - PLXNB2","SEMA4","Cell-Cell Contact","PMID: 27533782","PBMC_Early"
"NK T","pDC","SEMA4D","PLXNB2",0.00893716456344457,0,"SEMA4D_PLXNB2","SEMA4D - PLXNB2","SEMA4","Cell-Cell Contact","PMID: 27533782","PBMC_Early"
"pDC","pDC","SEMA4D","PLXNB2",0.00486608003569533,0,"SEMA4D_PLXNB2","SEMA4D - PLXNB2","SEMA4","Cell-Cell Contact","PMID: 27533782","PBMC_Early"
"Pro-B","pDC","SEMA4D","PLXNB2",0.003055918477396,0,"SEMA4D_PLXNB2","SEMA4D - PLXNB2","SEMA4","Cell-Cell Contact","PMID: 27533782","PBMC_Early"
"Tem","pDC","SEMA4D","PLXNB2",0.00791120247040464,0,"SEMA4D_PLXNB2","SEMA4D - PLXNB2","SEMA4","Cell-Cell Contact","PMID: 27533782","PBMC_Early"
"Th17like_INNATE_T","pDC","SEMA4D","PLXNB2",0.00866912229021331,0,"SEMA4D_PLXNB2","SEMA4D - PLXNB2","SEMA4","Cell-Cell Contact","PMID: 27533782","PBMC_Early"
"Treg","pDC","SEMA4D","PLXNB2",0.00791007524088772,0,"SEMA4D_PLXNB2","SEMA4D - PLXNB2","SEMA4","Cell-Cell Contact","PMID: 27533782","PBMC_Early"
"abTentry","Pro-B","SEMA4D","PLXNB2",0.00609197570092165,0,"SEMA4D_PLXNB2","SEMA4D - PLXNB2","SEMA4","Cell-Cell Contact","PMID: 27533782","PBMC_Early"
"CD14+PPBP+ Monocytes","Pro-B","SEMA4D","PLXNB2",0.00123653364335692,0,"SEMA4D_PLXNB2","SEMA4D - PLXNB2","SEMA4","Cell-Cell Contact","PMID: 27533782","PBMC_Early"
"CD56highCD16low NK","Pro-B","SEMA4D","PLXNB2",0.00248714867431746,0,"SEMA4D_PLXNB2","SEMA4D - PLXNB2","SEMA4","Cell-Cell Contact","PMID: 27533782","PBMC_Early"
"Classical Monocytes","Pro-B","SEMA4D","PLXNB2",0.000888931853620255,0,"SEMA4D_PLXNB2","SEMA4D - PLXNB2","SEMA4","Cell-Cell Contact","PMID: 27533782","PBMC_Early"
"CX3CR1+ NK","Pro-B","SEMA4D","PLXNB2",0.00159870498069988,0,"SEMA4D_PLXNB2","SEMA4D - PLXNB2","SEMA4","Cell-Cell Contact","PMID: 27533782","PBMC_Early"
"CXCR6+ NK","Pro-B","SEMA4D","PLXNB2",0.000884162595513575,0,"SEMA4D_PLXNB2","SEMA4D - PLXNB2","SEMA4","Cell-Cell Contact","PMID: 27533782","PBMC_Early"
"DC2","Pro-B","SEMA4D","PLXNB2",0.000625174174374458,0,"SEMA4D_PLXNB2","SEMA4D - PLXNB2","SEMA4","Cell-Cell Contact","PMID: 27533782","PBMC_Early"
"Gamma Delta V1 T","Pro-B","SEMA4D","PLXNB2",0.00188400394708799,0,"SEMA4D_PLXNB2","SEMA4D - PLXNB2","SEMA4","Cell-Cell Contact","PMID: 27533782","PBMC_Early"
"Gamma Delta V2 T","Pro-B","SEMA4D","PLXNB2",0.00167278739933614,0,"SEMA4D_PLXNB2","SEMA4D - PLXNB2","SEMA4","Cell-Cell Contact","PMID: 27533782","PBMC_Early"
"HSC_MPP","Pro-B","SEMA4D","PLXNB2",0.000824774541279434,0,"SEMA4D_PLXNB2","SEMA4D - PLXNB2","SEMA4","Cell-Cell Contact","PMID: 27533782","PBMC_Early"
"ILC2/3","Pro-B","SEMA4D","PLXNB2",0.00115353107664351,0,"SEMA4D_PLXNB2","SEMA4D - PLXNB2","SEMA4","Cell-Cell Contact","PMID: 27533782","PBMC_Early"
"MEMP","Pro-B","SEMA4D","PLXNB2",0.000778058796960564,0,"SEMA4D_PLXNB2","SEMA4D - PLXNB2","SEMA4","Cell-Cell Contact","PMID: 27533782","PBMC_Early"
"MEP","Pro-B","SEMA4D","PLXNB2",0.00090925380418819,0,"SEMA4D_PLXNB2","SEMA4D - PLXNB2","SEMA4","Cell-Cell Contact","PMID: 27533782","PBMC_Early"
"Myeloid-CD177","Pro-B","SEMA4D","PLXNB2",0.0025980409688542,0,"SEMA4D_PLXNB2","SEMA4D - PLXNB2","SEMA4","Cell-Cell Contact","PMID: 27533782","PBMC_Early"
"Naïve CD4 T","Pro-B","SEMA4D","PLXNB2",0.00140550375396591,0,"SEMA4D_PLXNB2","SEMA4D - PLXNB2","SEMA4","Cell-Cell Contact","PMID: 27533782","PBMC_Early"
"Naïve CD8 T","Pro-B","SEMA4D","PLXNB2",0.00138886562688578,0,"SEMA4D_PLXNB2","SEMA4D - PLXNB2","SEMA4","Cell-Cell Contact","PMID: 27533782","PBMC_Early"
"NK T","Pro-B","SEMA4D","PLXNB2",0.0017061531199919,0,"SEMA4D_PLXNB2","SEMA4D - PLXNB2","SEMA4","Cell-Cell Contact","PMID: 27533782","PBMC_Early"
"pDC","Pro-B","SEMA4D","PLXNB2",0.000925883770563448,0,"SEMA4D_PLXNB2","SEMA4D - PLXNB2","SEMA4","Cell-Cell Contact","PMID: 27533782","PBMC_Early"
"Pro-B","Pro-B","SEMA4D","PLXNB2",0.000580603680847252,0,"SEMA4D_PLXNB2","SEMA4D - PLXNB2","SEMA4","Cell-Cell Contact","PMID: 27533782","PBMC_Early"
"Tem","Pro-B","SEMA4D","PLXNB2",0.00150902745938924,0,"SEMA4D_PLXNB2","SEMA4D - PLXNB2","SEMA4","Cell-Cell Contact","PMID: 27533782","PBMC_Early"
"Th17like_INNATE_T","Pro-B","SEMA4D","PLXNB2",0.00165462032227135,0,"SEMA4D_PLXNB2","SEMA4D - PLXNB2","SEMA4","Cell-Cell Contact","PMID: 27533782","PBMC_Early"
"Treg","Pro-B","SEMA4D","PLXNB2",0.0015088110579259,0,"SEMA4D_PLXNB2","SEMA4D - PLXNB2","SEMA4","Cell-Cell Contact","PMID: 27533782","PBMC_Early"
"abTentry","CXCR5- Naïve B","SEMA4D","CD72",0.0557878181971987,0,"SEMA4D_CD72","SEMA4D - CD72","SEMA4","Cell-Cell Contact","PMID: 22325954","PBMC_Early"
"CD14+PPBP+ Monocytes","CXCR5- Naïve B","SEMA4D","CD72",0.0117936635916666,0,"SEMA4D_CD72","SEMA4D - CD72","SEMA4","Cell-Cell Contact","PMID: 22325954","PBMC_Early"
"CD56highCD16low NK","CXCR5- Naïve B","SEMA4D","CD72",0.0234707156025256,0,"SEMA4D_CD72","SEMA4D - CD72","SEMA4","Cell-Cell Contact","PMID: 22325954","PBMC_Early"
"Classical Monocytes","CXCR5- Naïve B","SEMA4D","CD72",0.00850361610064655,0,"SEMA4D_CD72","SEMA4D - CD72","SEMA4","Cell-Cell Contact","PMID: 22325954","PBMC_Early"
"CX3CR1+ NK","CXCR5- Naïve B","SEMA4D","CD72",0.0152008774431018,0,"SEMA4D_CD72","SEMA4D - CD72","SEMA4","Cell-Cell Contact","PMID: 22325954","PBMC_Early"
"CXCR6+ NK","CXCR5- Naïve B","SEMA4D","CD72",0.00845833873749284,0,"SEMA4D_CD72","SEMA4D - CD72","SEMA4","Cell-Cell Contact","PMID: 22325954","PBMC_Early"
"DC2","CXCR5- Naïve B","SEMA4D","CD72",0.00599403708711308,0,"SEMA4D_CD72","SEMA4D - CD72","SEMA4","Cell-Cell Contact","PMID: 22325954","PBMC_Early"
"Gamma Delta V1 T","CXCR5- Naïve B","SEMA4D","CD72",0.0178701224256563,0,"SEMA4D_CD72","SEMA4D - CD72","SEMA4","Cell-Cell Contact","PMID: 22325954","PBMC_Early"
"Gamma Delta V2 T","CXCR5- Naïve B","SEMA4D","CD72",0.0158952361840904,0,"SEMA4D_CD72","SEMA4D - CD72","SEMA4","Cell-Cell Contact","PMID: 22325954","PBMC_Early"
"HSC_MPP","CXCR5- Naïve B","SEMA4D","CD72",0.00789422282106677,0,"SEMA4D_CD72","SEMA4D - CD72","SEMA4","Cell-Cell Contact","PMID: 22325954","PBMC_Early"
"ILC2/3","CXCR5- Naïve B","SEMA4D","CD72",0.0110098233424664,0,"SEMA4D_CD72","SEMA4D - CD72","SEMA4","Cell-Cell Contact","PMID: 22325954","PBMC_Early"
"MEMP","CXCR5- Naïve B","SEMA4D","CD72",0.00745007472408405,0,"SEMA4D_CD72","SEMA4D - CD72","SEMA4","Cell-Cell Contact","PMID: 22325954","PBMC_Early"
"MEP","CXCR5- Naïve B","SEMA4D","CD72",0.00869650279452002,0,"SEMA4D_CD72","SEMA4D - CD72","SEMA4","Cell-Cell Contact","PMID: 22325954","PBMC_Early"
"Myeloid-CD177","CXCR5- Naïve B","SEMA4D","CD72",0.0244942102797851,0,"SEMA4D_CD72","SEMA4D - CD72","SEMA4","Cell-Cell Contact","PMID: 22325954","PBMC_Early"
"Naïve CD4 T","CXCR5- Naïve B","SEMA4D","CD72",0.0133859120288719,0,"SEMA4D_CD72","SEMA4D - CD72","SEMA4","Cell-Cell Contact","PMID: 22325954","PBMC_Early"
"Naïve CD8 T","CXCR5- Naïve B","SEMA4D","CD72",0.0132293306108646,0,"SEMA4D_CD72","SEMA4D - CD72","SEMA4","Cell-Cell Contact","PMID: 22325954","PBMC_Early"
"NK T","CXCR5- Naïve B","SEMA4D","CD72",0.0162076798898479,0,"SEMA4D_CD72","SEMA4D - CD72","SEMA4","Cell-Cell Contact","PMID: 22325954","PBMC_Early"
"pDC","CXCR5- Naïve B","SEMA4D","CD72",0.00885429686527906,0,"SEMA4D_CD72","SEMA4D - CD72","SEMA4","Cell-Cell Contact","PMID: 22325954","PBMC_Early"
"Pro-B","CXCR5- Naïve B","SEMA4D","CD72",0.00556883754216239,0,"SEMA4D_CD72","SEMA4D - CD72","SEMA4","Cell-Cell Contact","PMID: 22325954","PBMC_Early"
"Tem","CXCR5- Naïve B","SEMA4D","CD72",0.0143591752357329,0,"SEMA4D_CD72","SEMA4D - CD72","SEMA4","Cell-Cell Contact","PMID: 22325954","PBMC_Early"
"Th17like_INNATE_T","CXCR5- Naïve B","SEMA4D","CD72",0.015725041136214,0,"SEMA4D_CD72","SEMA4D - CD72","SEMA4","Cell-Cell Contact","PMID: 22325954","PBMC_Early"
"Treg","CXCR5- Naïve B","SEMA4D","CD72",0.0143571425610014,0,"SEMA4D_CD72","SEMA4D - CD72","SEMA4","Cell-Cell Contact","PMID: 22325954","PBMC_Early"
"abTentry","CXCR5+ Naïve B","SEMA4D","CD72",0.0417219612277042,0,"SEMA4D_CD72","SEMA4D - CD72","SEMA4","Cell-Cell Contact","PMID: 22325954","PBMC_Early"
"CD14+PPBP+ Monocytes","CXCR5+ Naïve B","SEMA4D","CD72",0.00871769871297287,0,"SEMA4D_CD72","SEMA4D - CD72","SEMA4","Cell-Cell Contact","PMID: 22325954","PBMC_Early"
"CD56highCD16low NK","CXCR5+ Naïve B","SEMA4D","CD72",0.0174028336524312,0,"SEMA4D_CD72","SEMA4D - CD72","SEMA4","Cell-Cell Contact","PMID: 22325954","PBMC_Early"
"Classical Monocytes","CXCR5+ Naïve B","SEMA4D","CD72",0.00628029170494993,0,"SEMA4D_CD72","SEMA4D - CD72","SEMA4","Cell-Cell Contact","PMID: 22325954","PBMC_Early"
"CX3CR1+ NK","CXCR5+ Naïve B","SEMA4D","CD72",0.0112463733298539,0,"SEMA4D_CD72","SEMA4D - CD72","SEMA4","Cell-Cell Contact","PMID: 22325954","PBMC_Early"
"CXCR6+ NK","CXCR5+ Naïve B","SEMA4D","CD72",0.00624677781180906,0,"SEMA4D_CD72","SEMA4D - CD72","SEMA4","Cell-Cell Contact","PMID: 22325954","PBMC_Early"
"DC2","CXCR5+ Naïve B","SEMA4D","CD72",0.00442393041404027,0,"SEMA4D_CD72","SEMA4D - CD72","SEMA4","Cell-Cell Contact","PMID: 22325954","PBMC_Early"
"Gamma Delta V1 T","CXCR5+ Naïve B","SEMA4D","CD72",0.0132305441049388,0,"SEMA4D_CD72","SEMA4D - CD72","SEMA4","Cell-Cell Contact","PMID: 22325954","PBMC_Early"
"Gamma Delta V2 T","CXCR5+ Naïve B","SEMA4D","CD72",0.0117622523307052,0,"SEMA4D_CD72","SEMA4D - CD72","SEMA4","Cell-Cell Contact","PMID: 22325954","PBMC_Early"
"HSC_MPP","CXCR5+ Naïve B","SEMA4D","CD72",0.00582929142047629,0,"SEMA4D_CD72","SEMA4D - CD72","SEMA4","Cell-Cell Contact","PMID: 22325954","PBMC_Early"
"ILC2/3","CXCR5+ Naïve B","SEMA4D","CD72",0.00813661251284458,0,"SEMA4D_CD72","SEMA4D - CD72","SEMA4","Cell-Cell Contact","PMID: 22325954","PBMC_Early"
"MEMP","CXCR5+ Naïve B","SEMA4D","CD72",0.00550067722276652,0,"SEMA4D_CD72","SEMA4D - CD72","SEMA4","Cell-Cell Contact","PMID: 22325954","PBMC_Early"
"MEP","CXCR5+ Naïve B","SEMA4D","CD72",0.00642307365167722,0,"SEMA4D_CD72","SEMA4D - CD72","SEMA4","Cell-Cell Contact","PMID: 22325954","PBMC_Early"
"Myeloid-CD177","CXCR5+ Naïve B","SEMA4D","CD72",0.0181666468465246,0,"SEMA4D_CD72","SEMA4D - CD72","SEMA4","Cell-Cell Contact","PMID: 22325954","PBMC_Early"
"Naïve CD4 T","CXCR5+ Naïve B","SEMA4D","CD72",0.00989882467250029,0,"SEMA4D_CD72","SEMA4D - CD72","SEMA4","Cell-Cell Contact","PMID: 22325954","PBMC_Early"
"Naïve CD8 T","CXCR5+ Naïve B","SEMA4D","CD72",0.00978262893521873,0,"SEMA4D_CD72","SEMA4D - CD72","SEMA4","Cell-Cell Contact","PMID: 22325954","PBMC_Early"
"NK T","CXCR5+ Naïve B","SEMA4D","CD72",0.0119944464650431,0,"SEMA4D_CD72","SEMA4D - CD72","SEMA4","Cell-Cell Contact","PMID: 22325954","PBMC_Early"
"pDC","CXCR5+ Naïve B","SEMA4D","CD72",0.00653988952839474,0,"SEMA4D_CD72","SEMA4D - CD72","SEMA4","Cell-Cell Contact","PMID: 22325954","PBMC_Early"
"Pro-B","CXCR5+ Naïve B","SEMA4D","CD72",0.00410964917862091,0,"SEMA4D_CD72","SEMA4D - CD72","SEMA4","Cell-Cell Contact","PMID: 22325954","PBMC_Early"
"Tem","CXCR5+ Naïve B","SEMA4D","CD72",0.0106212780965787,0,"SEMA4D_CD72","SEMA4D - CD72","SEMA4","Cell-Cell Contact","PMID: 22325954","PBMC_Early"
"Th17like_INNATE_T","CXCR5+ Naïve B","SEMA4D","CD72",0.0116357871405139,0,"SEMA4D_CD72","SEMA4D - CD72","SEMA4","Cell-Cell Contact","PMID: 22325954","PBMC_Early"
"Treg","CXCR5+ Naïve B","SEMA4D","CD72",0.0106197688547878,0,"SEMA4D_CD72","SEMA4D - CD72","SEMA4","Cell-Cell Contact","PMID: 22325954","PBMC_Early"
"abTentry","Pro-B","SEMA4D","CD72",0.00673642131256252,0,"SEMA4D_CD72","SEMA4D - CD72","SEMA4","Cell-Cell Contact","PMID: 22325954","PBMC_Early"
"CD14+PPBP+ Monocytes","Pro-B","SEMA4D","CD72",0.00136804855324903,0,"SEMA4D_CD72","SEMA4D - CD72","SEMA4","Cell-Cell Contact","PMID: 22325954","PBMC_Early"
"CD56highCD16low NK","Pro-B","SEMA4D","CD72",0.00275130974663287,0,"SEMA4D_CD72","SEMA4D - CD72","SEMA4","Cell-Cell Contact","PMID: 22325954","PBMC_Early"
"Classical Monocytes","Pro-B","SEMA4D","CD72",0.000983513032257408,0,"SEMA4D_CD72","SEMA4D - CD72","SEMA4","Cell-Cell Contact","PMID: 22325954","PBMC_Early"
"CX3CR1+ NK","Pro-B","SEMA4D","CD72",0.00176867139839186,0,"SEMA4D_CD72","SEMA4D - CD72","SEMA4","Cell-Cell Contact","PMID: 22325954","PBMC_Early"
"CXCR6+ NK","Pro-B","SEMA4D","CD72",0.00097823682820944,0,"SEMA4D_CD72","SEMA4D - CD72","SEMA4","Cell-Cell Contact","PMID: 22325954","PBMC_Early"
"DC2","Pro-B","SEMA4D","CD72",0.000691711312359227,0,"SEMA4D_CD72","SEMA4D - CD72","SEMA4","Cell-Cell Contact","PMID: 22325954","PBMC_Early"
"Gamma Delta V1 T","Pro-B","SEMA4D","CD72",0.00208423862234765,0,"SEMA4D_CD72","SEMA4D - CD72","SEMA4","Cell-Cell Contact","PMID: 22325954","PBMC_Early"
"Gamma Delta V2 T","Pro-B","SEMA4D","CD72",0.00185061529496363,0,"SEMA4D_CD72","SEMA4D - CD72","SEMA4","Cell-Cell Contact","PMID: 22325954","PBMC_Early"
"HSC_MPP","Pro-B","SEMA4D","CD72",0.000912535701111273,0,"SEMA4D_CD72","SEMA4D - CD72","SEMA4","Cell-Cell Contact","PMID: 22325954","PBMC_Early"
"ILC2/3","Pro-B","SEMA4D","CD72",0.00127622930251103,0,"SEMA4D_CD72","SEMA4D - CD72","SEMA4","Cell-Cell Contact","PMID: 22325954","PBMC_Early"
"MEMP","Pro-B","SEMA4D","CD72",0.000860853392677323,0,"SEMA4D_CD72","SEMA4D - CD72","SEMA4","Cell-Cell Contact","PMID: 22325954","PBMC_Early"
"MEP","Pro-B","SEMA4D","CD72",0.00100599503447812,0,"SEMA4D_CD72","SEMA4D - CD72","SEMA4","Cell-Cell Contact","PMID: 22325954","PBMC_Early"
"Myeloid-CD177","Pro-B","SEMA4D","CD72",0.00287394602338474,0,"SEMA4D_CD72","SEMA4D - CD72","SEMA4","Cell-Cell Contact","PMID: 22325954","PBMC_Early"
"Naïve CD4 T","Pro-B","SEMA4D","CD72",0.00155496196180773,0,"SEMA4D_CD72","SEMA4D - CD72","SEMA4","Cell-Cell Contact","PMID: 22325954","PBMC_Early"
"Naïve CD8 T","Pro-B","SEMA4D","CD72",0.0015365572949328,0,"SEMA4D_CD72","SEMA4D - CD72","SEMA4","Cell-Cell Contact","PMID: 22325954","PBMC_Early"
"NK T","Pro-B","SEMA4D","CD72",0.00188752129682401,0,"SEMA4D_CD72","SEMA4D - CD72","SEMA4","Cell-Cell Contact","PMID: 22325954","PBMC_Early"
"pDC","Pro-B","SEMA4D","CD72",0.00102439255338198,0,"SEMA4D_CD72","SEMA4D - CD72","SEMA4","Cell-Cell Contact","PMID: 22325954","PBMC_Early"
"Pro-B","Pro-B","SEMA4D","CD72",0.00064240024107005,0,"SEMA4D_CD72","SEMA4D - CD72","SEMA4","Cell-Cell Contact","PMID: 22325954","PBMC_Early"
"Tem","Pro-B","SEMA4D","CD72",0.00166947574831221,0,"SEMA4D_CD72","SEMA4D - CD72","SEMA4","Cell-Cell Contact","PMID: 22325954","PBMC_Early"
"Th17like_INNATE_T","Pro-B","SEMA4D","CD72",0.00183052048370318,0,"SEMA4D_CD72","SEMA4D - CD72","SEMA4","Cell-Cell Contact","PMID: 22325954","PBMC_Early"
"Treg","Pro-B","SEMA4D","CD72",0.00166923637629341,0,"SEMA4D_CD72","SEMA4D - CD72","SEMA4","Cell-Cell Contact","PMID: 22325954","PBMC_Early"
"Pro-B","pDC","SEMA6A","PLXNA4",0.00124476143728647,0,"SEMA6A_PLXNA4","SEMA6A - PLXNA4","SEMA6","Cell-Cell Contact","PMID: 27533782","PBMC_Early"
"CX3CR1+ NK","HSC_MPP","TIGIT","NECTIN2",0.00119037583532402,0,"TIGIT_NECTIN2","TIGIT - NECTIN2","TIGIT","Cell-Cell Contact","PMID: 1313846; PMID:24987108","PBMC_Early"
"CXCR6+ NK","HSC_MPP","TIGIT","NECTIN2",0.00200274405723278,0,"TIGIT_NECTIN2","TIGIT - NECTIN2","TIGIT","Cell-Cell Contact","PMID: 1313846; PMID:24987108","PBMC_Early"
"CX3CR1+ NK","MEP","TIGIT","NECTIN2",0.0080234104460767,0,"TIGIT_NECTIN2","TIGIT - NECTIN2","TIGIT","Cell-Cell Contact","PMID: 1313846; PMID:24987108","PBMC_Early"
"CXCR6+ NK","MEP","TIGIT","NECTIN2",0.0134362312395123,0,"TIGIT_NECTIN2","TIGIT - NECTIN2","TIGIT","Cell-Cell Contact","PMID: 1313846; PMID:24987108","PBMC_Early"
