"source","target","ligand","receptor","prob","pval","interaction_name","interaction_name_2","pathway_name","annotation","evidence","dataset"
"CD14+PPBP+ Monocytes","abTentry","ADGRE5","CD55",0.0601794667190311,0,"ADGRE5_CD55","ADGRE5 - CD55","ADGRE5","Cell-Cell Contact","PMID: 11297558","PBMC_Late"
"CD56highCD16low NK","abTentry","ADGRE5","CD55",0.0370583521034679,0,"ADGRE5_CD55","ADGRE5 - CD55","ADGRE5","Cell-Cell Contact","PMID: 11297558","PBMC_Late"
"Classical Monocytes","abTentry","ADGRE5","CD55",0.0499100363225576,0,"ADGRE5_CD55","ADGRE5 - CD55","ADGRE5","Cell-Cell Contact","PMID: 11297558","PBMC_Late"
"CX3CR1+ NK","abTentry","ADGRE5","CD55",0.0588411570736453,0,"ADGRE5_CD55","ADGRE5 - CD55","ADGRE5","Cell-Cell Contact","PMID: 11297558","PBMC_Late"
"CXCR6+ NK","abTentry","ADGRE5","CD55",0.0545770780234238,0,"ADGRE5_CD55","ADGRE5 - CD55","ADGRE5","Cell-Cell Contact","PMID: 11297558","PBMC_Late"
"DC2","abTentry","ADGRE5","CD55",0.0314792468206758,0,"ADGRE5_CD55","ADGRE5 - CD55","ADGRE5","Cell-Cell Contact","PMID: 11297558","PBMC_Late"
"Gamma Delta V2 T","abTentry","ADGRE5","CD55",0.0141000682527561,0.03,"ADGRE5_CD55","ADGRE5 - CD55","ADGRE5","Cell-Cell Contact","PMID: 11297558","PBMC_Late"
"ILC2/3","abTentry","ADGRE5","CD55",0.0189701174593011,0,"ADGRE5_CD55","ADGRE5 - CD55","ADGRE5","Cell-Cell Contact","PMID: 11297558","PBMC_Late"
"Myeloid-CD177","abTentry","ADGRE5","CD55",0.0368084896153581,0,"ADGRE5_CD55","ADGRE5 - CD55","ADGRE5","Cell-Cell Contact","PMID: 11297558","PBMC_Late"
"Naïve CD8 T","abTentry","ADGRE5","CD55",0.0126614383518763,0.02,"ADGRE5_CD55","ADGRE5 - CD55","ADGRE5","Cell-Cell Contact","PMID: 11297558","PBMC_Late"
"NK T","abTentry","ADGRE5","CD55",0.0177596298714301,0,"ADGRE5_CD55","ADGRE5 - CD55","ADGRE5","Cell-Cell Contact","PMID: 11297558","PBMC_Late"
"Tem","abTentry","ADGRE5","CD55",0.0153195838860556,0,"ADGRE5_CD55","ADGRE5 - CD55","ADGRE5","Cell-Cell Contact","PMID: 11297558","PBMC_Late"
"Th17like_INNATE_T","abTentry","ADGRE5","CD55",0.017111737262513,0,"ADGRE5_CD55","ADGRE5 - CD55","ADGRE5","Cell-Cell Contact","PMID: 11297558","PBMC_Late"
"CD14+PPBP+ Monocytes","CD14+PPBP+ Monocytes","ADGRE5","CD55",0.029465092943658,0,"ADGRE5_CD55","ADGRE5 - CD55","ADGRE5","Cell-Cell Contact","PMID: 11297558","PBMC_Late"
"CD56highCD16low NK","CD14+PPBP+ Monocytes","ADGRE5","CD55",0.017919523606179,0,"ADGRE5_CD55","ADGRE5 - CD55","ADGRE5","Cell-Cell Contact","PMID: 11297558","PBMC_Late"
"Classical Monocytes","CD14+PPBP+ Monocytes","ADGRE5","CD55",0.0243014432903258,0,"ADGRE5_CD55","ADGRE5 - CD55","ADGRE5","Cell-Cell Contact","PMID: 11297558","PBMC_Late"
"CX3CR1+ NK","CD14+PPBP+ Monocytes","ADGRE5","CD55",0.0287889059764281,0,"ADGRE5_CD55","ADGRE5 - CD55","ADGRE5","Cell-Cell Contact","PMID: 11297558","PBMC_Late"
"CXCR6+ NK","CD14+PPBP+ Monocytes","ADGRE5","CD55",0.0266409957413146,0,"ADGRE5_CD55","ADGRE5 - CD55","ADGRE5","Cell-Cell Contact","PMID: 11297558","PBMC_Late"
"DC2","CD14+PPBP+ Monocytes","ADGRE5","CD55",0.0151763426643702,0,"ADGRE5_CD55","ADGRE5 - CD55","ADGRE5","Cell-Cell Contact","PMID: 11297558","PBMC_Late"
"Myeloid-CD177","CD14+PPBP+ Monocytes","ADGRE5","CD55",0.017796318040112,0,"ADGRE5_CD55","ADGRE5 - CD55","ADGRE5","Cell-Cell Contact","PMID: 11297558","PBMC_Late"
"CD14+PPBP+ Monocytes","CD56highCD16low NK","ADGRE5","CD55",0.0212441977114324,0,"ADGRE5_CD55","ADGRE5 - CD55","ADGRE5","Cell-Cell Contact","PMID: 11297558","PBMC_Late"
"Classical Monocytes","CD56highCD16low NK","ADGRE5","CD55",0.0174952595274501,0,"ADGRE5_CD55","ADGRE5 - CD55","ADGRE5","Cell-Cell Contact","PMID: 11297558","PBMC_Late"
"CX3CR1+ NK","CD56highCD16low NK","ADGRE5","CD55",0.0207526359500854,0,"ADGRE5_CD55","ADGRE5 - CD55","ADGRE5","Cell-Cell Contact","PMID: 11297558","PBMC_Late"
"CXCR6+ NK","CD56highCD16low NK","ADGRE5","CD55",0.0191924549632041,0,"ADGRE5_CD55","ADGRE5 - CD55","ADGRE5","Cell-Cell Contact","PMID: 11297558","PBMC_Late"
"CD14+PPBP+ Monocytes","Classical Monocytes","ADGRE5","CD55",0.0373867556991937,0,"ADGRE5_CD55","ADGRE5 - CD55","ADGRE5","Cell-Cell Contact","PMID: 11297558","PBMC_Late"
"CD56highCD16low NK","Classical Monocytes","ADGRE5","CD55",0.0228101233445953,0,"ADGRE5_CD55","ADGRE5 - CD55","ADGRE5","Cell-Cell Contact","PMID: 11297558","PBMC_Late"
"Classical Monocytes","Classical Monocytes","ADGRE5","CD55",0.0308790326794482,0,"ADGRE5_CD55","ADGRE5 - CD55","ADGRE5","Cell-Cell Contact","PMID: 11297558","PBMC_Late"
"CX3CR1+ NK","Classical Monocytes","ADGRE5","CD55",0.0365356200340183,0,"ADGRE5_CD55","ADGRE5 - CD55","ADGRE5","Cell-Cell Contact","PMID: 11297558","PBMC_Late"
"CXCR6+ NK","Classical Monocytes","ADGRE5","CD55",0.0338298679282557,0,"ADGRE5_CD55","ADGRE5 - CD55","ADGRE5","Cell-Cell Contact","PMID: 11297558","PBMC_Late"
"DC2","Classical Monocytes","ADGRE5","CD55",0.0193330110816871,0,"ADGRE5_CD55","ADGRE5 - CD55","ADGRE5","Cell-Cell Contact","PMID: 11297558","PBMC_Late"
"Myeloid-CD177","Classical Monocytes","ADGRE5","CD55",0.022654068141145,0,"ADGRE5_CD55","ADGRE5 - CD55","ADGRE5","Cell-Cell Contact","PMID: 11297558","PBMC_Late"
"CD14+PPBP+ Monocytes","CX3CR1+ NK","ADGRE5","CD55",0.0179649716185585,0,"ADGRE5_CD55","ADGRE5 - CD55","ADGRE5","Cell-Cell Contact","PMID: 11297558","PBMC_Late"
"Classical Monocytes","CX3CR1+ NK","ADGRE5","CD55",0.0147859724631476,0,"ADGRE5_CD55","ADGRE5 - CD55","ADGRE5","Cell-Cell Contact","PMID: 11297558","PBMC_Late"
"CX3CR1+ NK","CX3CR1+ NK","ADGRE5","CD55",0.0175479262956205,0,"ADGRE5_CD55","ADGRE5 - CD55","ADGRE5","Cell-Cell Contact","PMID: 11297558","PBMC_Late"
"CXCR6+ NK","CX3CR1+ NK","ADGRE5","CD55",0.0162246831932974,0,"ADGRE5_CD55","ADGRE5 - CD55","ADGRE5","Cell-Cell Contact","PMID: 11297558","PBMC_Late"
"CD14+PPBP+ Monocytes","CXCR5- Naïve B","ADGRE5","CD55",0.0742182594612545,0,"ADGRE5_CD55","ADGRE5 - CD55","ADGRE5","Cell-Cell Contact","PMID: 11297558","PBMC_Late"
"CD56highCD16low NK","CXCR5- Naïve B","ADGRE5","CD55",0.045967213863728,0,"ADGRE5_CD55","ADGRE5 - CD55","ADGRE5","Cell-Cell Contact","PMID: 11297558","PBMC_Late"
"Classical Monocytes","CXCR5- Naïve B","ADGRE5","CD55",0.0617104593894208,0,"ADGRE5_CD55","ADGRE5 - CD55","ADGRE5","Cell-Cell Contact","PMID: 11297558","PBMC_Late"
"CX3CR1+ NK","CXCR5- Naïve B","ADGRE5","CD55",0.0725918607771499,0,"ADGRE5_CD55","ADGRE5 - CD55","ADGRE5","Cell-Cell Contact","PMID: 11297558","PBMC_Late"
"CXCR6+ NK","CXCR5- Naïve B","ADGRE5","CD55",0.0674026654988911,0,"ADGRE5_CD55","ADGRE5 - CD55","ADGRE5","Cell-Cell Contact","PMID: 11297558","PBMC_Late"
"DC2","CXCR5- Naïve B","ADGRE5","CD55",0.0391013484211238,0,"ADGRE5_CD55","ADGRE5 - CD55","ADGRE5","Cell-Cell Contact","PMID: 11297558","PBMC_Late"
"Gamma Delta V2 T","CXCR5- Naïve B","ADGRE5","CD55",0.0175905595444668,0,"ADGRE5_CD55","ADGRE5 - CD55","ADGRE5","Cell-Cell Contact","PMID: 11297558","PBMC_Late"
"ILC2/3","CXCR5- Naïve B","ADGRE5","CD55",0.0236372917569286,0,"ADGRE5_CD55","ADGRE5 - CD55","ADGRE5","Cell-Cell Contact","PMID: 11297558","PBMC_Late"
"Myeloid-CD177","CXCR5- Naïve B","ADGRE5","CD55",0.0456601324303286,0,"ADGRE5_CD55","ADGRE5 - CD55","ADGRE5","Cell-Cell Contact","PMID: 11297558","PBMC_Late"
"Naïve CD8 T","CXCR5- Naïve B","ADGRE5","CD55",0.0158015027803331,0,"ADGRE5_CD55","ADGRE5 - CD55","ADGRE5","Cell-Cell Contact","PMID: 11297558","PBMC_Late"
"NK T","CXCR5- Naïve B","ADGRE5","CD55",0.0221357104843541,0,"ADGRE5_CD55","ADGRE5 - CD55","ADGRE5","Cell-Cell Contact","PMID: 11297558","PBMC_Late"
"pDC","CXCR5- Naïve B","ADGRE5","CD55",0.0146288384855496,0,"ADGRE5_CD55","ADGRE5 - CD55","ADGRE5","Cell-Cell Contact","PMID: 11297558","PBMC_Late"
"Tem","CXCR5- Naïve B","ADGRE5","CD55",0.0191061174592317,0,"ADGRE5_CD55","ADGRE5 - CD55","ADGRE5","Cell-Cell Contact","PMID: 11297558","PBMC_Late"
"Th17like_INNATE_T","CXCR5- Naïve B","ADGRE5","CD55",0.0213316402598161,0,"ADGRE5_CD55","ADGRE5 - CD55","ADGRE5","Cell-Cell Contact","PMID: 11297558","PBMC_Late"
"CD14+PPBP+ Monocytes","CXCR5+ Naïve B","ADGRE5","CD55",0.0621737442534752,0,"ADGRE5_CD55","ADGRE5 - CD55","ADGRE5","Cell-Cell Contact","PMID: 11297558","PBMC_Late"
"CD56highCD16low NK","CXCR5+ Naïve B","ADGRE5","CD55",0.0383176620051521,0,"ADGRE5_CD55","ADGRE5 - CD55","ADGRE5","Cell-Cell Contact","PMID: 11297558","PBMC_Late"
"Classical Monocytes","CXCR5+ Naïve B","ADGRE5","CD55",0.0515826754015611,0,"ADGRE5_CD55","ADGRE5 - CD55","ADGRE5","Cell-Cell Contact","PMID: 11297558","PBMC_Late"
"CX3CR1+ NK","CXCR5+ Naïve B","ADGRE5","CD55",0.0607939534427975,0,"ADGRE5_CD55","ADGRE5 - CD55","ADGRE5","Cell-Cell Contact","PMID: 11297558","PBMC_Late"
"CXCR6+ NK","CXCR5+ Naïve B","ADGRE5","CD55",0.0563968398140474,0,"ADGRE5_CD55","ADGRE5 - CD55","ADGRE5","Cell-Cell Contact","PMID: 11297558","PBMC_Late"
"DC2","CXCR5+ Naïve B","ADGRE5","CD55",0.0325553782665058,0,"ADGRE5_CD55","ADGRE5 - CD55","ADGRE5","Cell-Cell Contact","PMID: 11297558","PBMC_Late"
"Gamma Delta V2 T","CXCR5+ Naïve B","ADGRE5","CD55",0.0145910355875869,0,"ADGRE5_CD55","ADGRE5 - CD55","ADGRE5","Cell-Cell Contact","PMID: 11297558","PBMC_Late"
"ILC2/3","CXCR5+ Naïve B","ADGRE5","CD55",0.019627285009431,0,"ADGRE5_CD55","ADGRE5 - CD55","ADGRE5","Cell-Cell Contact","PMID: 11297558","PBMC_Late"
"Myeloid-CD177","CXCR5+ Naïve B","ADGRE5","CD55",0.0380596443298642,0,"ADGRE5_CD55","ADGRE5 - CD55","ADGRE5","Cell-Cell Contact","PMID: 11297558","PBMC_Late"
"Naïve CD8 T","CXCR5+ Naïve B","ADGRE5","CD55",0.0131029780516414,0,"ADGRE5_CD55","ADGRE5 - CD55","ADGRE5","Cell-Cell Contact","PMID: 11297558","PBMC_Late"
"NK T","CXCR5+ Naïve B","ADGRE5","CD55",0.0183756488730835,0,"ADGRE5_CD55","ADGRE5 - CD55","ADGRE5","Cell-Cell Contact","PMID: 11297558","PBMC_Late"
"Tem","CXCR5+ Naïve B","ADGRE5","CD55",0.0158523322337816,0,"ADGRE5_CD55","ADGRE5 - CD55","ADGRE5","Cell-Cell Contact","PMID: 11297558","PBMC_Late"
"Th17like_INNATE_T","CXCR5+ Naïve B","ADGRE5","CD55",0.0177056882480574,0,"ADGRE5_CD55","ADGRE5 - CD55","ADGRE5","Cell-Cell Contact","PMID: 11297558","PBMC_Late"
"CD14+PPBP+ Monocytes","CXCR6+ NK","ADGRE5","CD55",0.0237656515869681,0,"ADGRE5_CD55","ADGRE5 - CD55","ADGRE5","Cell-Cell Contact","PMID: 11297558","PBMC_Late"
"Classical Monocytes","CXCR6+ NK","ADGRE5","CD55",0.0195806571287404,0,"ADGRE5_CD55","ADGRE5 - CD55","ADGRE5","Cell-Cell Contact","PMID: 11297558","PBMC_Late"
"CX3CR1+ NK","CXCR6+ NK","ADGRE5","CD55",0.0232171307800341,0,"ADGRE5_CD55","ADGRE5 - CD55","ADGRE5","Cell-Cell Contact","PMID: 11297558","PBMC_Late"
"CXCR6+ NK","CXCR6+ NK","ADGRE5","CD55",0.0214757326902674,0,"ADGRE5_CD55","ADGRE5 - CD55","ADGRE5","Cell-Cell Contact","PMID: 11297558","PBMC_Late"
"Myeloid-CD177","CXCR6+ NK","ADGRE5","CD55",0.0143206667355576,0.01,"ADGRE5_CD55","ADGRE5 - CD55","ADGRE5","Cell-Cell Contact","PMID: 11297558","PBMC_Late"
"CD14+PPBP+ Monocytes","DC2","ADGRE5","CD55",0.0317810735361032,0,"ADGRE5_CD55","ADGRE5 - CD55","ADGRE5","Cell-Cell Contact","PMID: 11297558","PBMC_Late"
"CD56highCD16low NK","DC2","ADGRE5","CD55",0.0193461023576143,0,"ADGRE5_CD55","ADGRE5 - CD55","ADGRE5","Cell-Cell Contact","PMID: 11297558","PBMC_Late"
"Classical Monocytes","DC2","ADGRE5","CD55",0.0262225227369726,0,"ADGRE5_CD55","ADGRE5 - CD55","ADGRE5","Cell-Cell Contact","PMID: 11297558","PBMC_Late"
"CX3CR1+ NK","DC2","ADGRE5","CD55",0.0310534382777293,0,"ADGRE5_CD55","ADGRE5 - CD55","ADGRE5","Cell-Cell Contact","PMID: 11297558","PBMC_Late"
"CXCR6+ NK","DC2","ADGRE5","CD55",0.0287415736089717,0,"ADGRE5_CD55","ADGRE5 - CD55","ADGRE5","Cell-Cell Contact","PMID: 11297558","PBMC_Late"
"DC2","DC2","ADGRE5","CD55",0.0163881801861625,0,"ADGRE5_CD55","ADGRE5 - CD55","ADGRE5","Cell-Cell Contact","PMID: 11297558","PBMC_Late"
"Myeloid-CD177","DC2","ADGRE5","CD55",0.0192132802495333,0,"ADGRE5_CD55","ADGRE5 - CD55","ADGRE5","Cell-Cell Contact","PMID: 11297558","PBMC_Late"
"CD14+PPBP+ Monocytes","Gamma Delta V1 T","ADGRE5","CD55",0.0134250440452361,0.03,"ADGRE5_CD55","ADGRE5 - CD55","ADGRE5","Cell-Cell Contact","PMID: 11297558","PBMC_Late"
"CX3CR1+ NK","Gamma Delta V1 T","ADGRE5","CD55",0.0131119830649239,0,"ADGRE5_CD55","ADGRE5 - CD55","ADGRE5","Cell-Cell Contact","PMID: 11297558","PBMC_Late"
"CD14+PPBP+ Monocytes","Gamma Delta V2 T","ADGRE5","CD55",0.022454714846167,0,"ADGRE5_CD55","ADGRE5 - CD55","ADGRE5","Cell-Cell Contact","PMID: 11297558","PBMC_Late"
"CD56highCD16low NK","Gamma Delta V2 T","ADGRE5","CD55",0.01361754208273,0.04,"ADGRE5_CD55","ADGRE5 - CD55","ADGRE5","Cell-Cell Contact","PMID: 11297558","PBMC_Late"
"Classical Monocytes","Gamma Delta V2 T","ADGRE5","CD55",0.0184961950401075,0,"ADGRE5_CD55","ADGRE5 - CD55","ADGRE5","Cell-Cell Contact","PMID: 11297558","PBMC_Late"
"CX3CR1+ NK","Gamma Delta V2 T","ADGRE5","CD55",0.0219357711200453,0,"ADGRE5_CD55","ADGRE5 - CD55","ADGRE5","Cell-Cell Contact","PMID: 11297558","PBMC_Late"
"CXCR6+ NK","Gamma Delta V2 T","ADGRE5","CD55",0.0202884850195865,0,"ADGRE5_CD55","ADGRE5 - CD55","ADGRE5","Cell-Cell Contact","PMID: 11297558","PBMC_Late"
"Myeloid-CD177","Gamma Delta V2 T","ADGRE5","CD55",0.0135235074619316,0.02,"ADGRE5_CD55","ADGRE5 - CD55","ADGRE5","Cell-Cell Contact","PMID: 11297558","PBMC_Late"
"CD14+PPBP+ Monocytes","HSC_MPP","ADGRE5","CD55",0.0174820401055969,0,"ADGRE5_CD55","ADGRE5 - CD55","ADGRE5","Cell-Cell Contact","PMID: 11297558","PBMC_Late"
"Classical Monocytes","HSC_MPP","ADGRE5","CD55",0.0143872463125615,0,"ADGRE5_CD55","ADGRE5 - CD55","ADGRE5","Cell-Cell Contact","PMID: 11297558","PBMC_Late"
"CX3CR1+ NK","HSC_MPP","ADGRE5","CD55",0.01707601078844,0,"ADGRE5_CD55","ADGRE5 - CD55","ADGRE5","Cell-Cell Contact","PMID: 11297558","PBMC_Late"
"CXCR6+ NK","HSC_MPP","ADGRE5","CD55",0.0157877817394037,0,"ADGRE5_CD55","ADGRE5 - CD55","ADGRE5","Cell-Cell Contact","PMID: 11297558","PBMC_Late"
"CD14+PPBP+ Monocytes","ILC2/3","ADGRE5","CD55",0.0140248999240561,0.04,"ADGRE5_CD55","ADGRE5 - CD55","ADGRE5","Cell-Cell Contact","PMID: 11297558","PBMC_Late"
"CX3CR1+ NK","ILC2/3","ADGRE5","CD55",0.0136980450158694,0,"ADGRE5_CD55","ADGRE5 - CD55","ADGRE5","Cell-Cell Contact","PMID: 11297558","PBMC_Late"
"CD14+PPBP+ Monocytes","MEMP","ADGRE5","CD55",0.0212277076345508,0,"ADGRE5_CD55","ADGRE5 - CD55","ADGRE5","Cell-Cell Contact","PMID: 11297558","PBMC_Late"
"Classical Monocytes","MEMP","ADGRE5","CD55",0.0174816274592952,0,"ADGRE5_CD55","ADGRE5 - CD55","ADGRE5","Cell-Cell Contact","PMID: 11297558","PBMC_Late"
"CX3CR1+ NK","MEMP","ADGRE5","CD55",0.0207365193471741,0,"ADGRE5_CD55","ADGRE5 - CD55","ADGRE5","Cell-Cell Contact","PMID: 11297558","PBMC_Late"
"CXCR6+ NK","MEMP","ADGRE5","CD55",0.0191775262760246,0,"ADGRE5_CD55","ADGRE5 - CD55","ADGRE5","Cell-Cell Contact","PMID: 11297558","PBMC_Late"
"Myeloid-CD177","MEMP","ADGRE5","CD55",0.012778154457589,0.04,"ADGRE5_CD55","ADGRE5 - CD55","ADGRE5","Cell-Cell Contact","PMID: 11297558","PBMC_Late"
"CD14+PPBP+ Monocytes","MEP","ADGRE5","CD55",0.0397238198061451,0,"ADGRE5_CD55","ADGRE5 - CD55","ADGRE5","Cell-Cell Contact","PMID: 11297558","PBMC_Late"
"CD56highCD16low NK","MEP","ADGRE5","CD55",0.0242589582335704,0,"ADGRE5_CD55","ADGRE5 - CD55","ADGRE5","Cell-Cell Contact","PMID: 11297558","PBMC_Late"
"Classical Monocytes","MEP","ADGRE5","CD55",0.0328231669747365,0,"ADGRE5_CD55","ADGRE5 - CD55","ADGRE5","Cell-Cell Contact","PMID: 11297558","PBMC_Late"
"CX3CR1+ NK","MEP","ADGRE5","CD55",0.0388216249628548,0,"ADGRE5_CD55","ADGRE5 - CD55","ADGRE5","Cell-Cell Contact","PMID: 11297558","PBMC_Late"
"CXCR6+ NK","MEP","ADGRE5","CD55",0.035952893605525,0,"ADGRE5_CD55","ADGRE5 - CD55","ADGRE5","Cell-Cell Contact","PMID: 11297558","PBMC_Late"
"DC2","MEP","ADGRE5","CD55",0.0205656376536691,0,"ADGRE5_CD55","ADGRE5 - CD55","ADGRE5","Cell-Cell Contact","PMID: 11297558","PBMC_Late"
"Myeloid-CD177","MEP","ADGRE5","CD55",0.0240932352337144,0,"ADGRE5_CD55","ADGRE5 - CD55","ADGRE5","Cell-Cell Contact","PMID: 11297558","PBMC_Late"
"CD14+PPBP+ Monocytes","Mid_ERY","ADGRE5","CD55",0.0466107157587195,0,"ADGRE5_CD55","ADGRE5 - CD55","ADGRE5","Cell-Cell Contact","PMID: 11297558","PBMC_Late"
"CD56highCD16low NK","Mid_ERY","ADGRE5","CD55",0.0285444172625062,0,"ADGRE5_CD55","ADGRE5 - CD55","ADGRE5","Cell-Cell Contact","PMID: 11297558","PBMC_Late"
"Classical Monocytes","Mid_ERY","ADGRE5","CD55",0.0385617429212603,0,"ADGRE5_CD55","ADGRE5 - CD55","ADGRE5","Cell-Cell Contact","PMID: 11297558","PBMC_Late"
"CX3CR1+ NK","Mid_ERY","ADGRE5","CD55",0.0455595287995571,0,"ADGRE5_CD55","ADGRE5 - CD55","ADGRE5","Cell-Cell Contact","PMID: 11297558","PBMC_Late"
"CXCR6+ NK","Mid_ERY","ADGRE5","CD55",0.0422147663701476,0,"ADGRE5_CD55","ADGRE5 - CD55","ADGRE5","Cell-Cell Contact","PMID: 11297558","PBMC_Late"
"DC2","Mid_ERY","ADGRE5","CD55",0.0242148458216687,0,"ADGRE5_CD55","ADGRE5 - CD55","ADGRE5","Cell-Cell Contact","PMID: 11297558","PBMC_Late"
"ILC2/3","Mid_ERY","ADGRE5","CD55",0.0145490585783128,0.02,"ADGRE5_CD55","ADGRE5 - CD55","ADGRE5","Cell-Cell Contact","PMID: 11297558","PBMC_Late"
"Myeloid-CD177","Mid_ERY","ADGRE5","CD55",0.0283502691257822,0,"ADGRE5_CD55","ADGRE5 - CD55","ADGRE5","Cell-Cell Contact","PMID: 11297558","PBMC_Late"
"NK T","Mid_ERY","ADGRE5","CD55",0.0136167640914421,0,"ADGRE5_CD55","ADGRE5 - CD55","ADGRE5","Cell-Cell Contact","PMID: 11297558","PBMC_Late"
"CD14+PPBP+ Monocytes","Myeloid-CD177","ADGRE5","CD55",0.0787040705295949,0,"ADGRE5_CD55","ADGRE5 - CD55","ADGRE5","Cell-Cell Contact","PMID: 11297558","PBMC_Late"
"CD56highCD16low NK","Myeloid-CD177","ADGRE5","CD55",0.0488355816575948,0,"ADGRE5_CD55","ADGRE5 - CD55","ADGRE5","Cell-Cell Contact","PMID: 11297558","PBMC_Late"
"Classical Monocytes","Myeloid-CD177","ADGRE5","CD55",0.0654937703699236,0,"ADGRE5_CD55","ADGRE5 - CD55","ADGRE5","Cell-Cell Contact","PMID: 11297558","PBMC_Late"
"CX3CR1+ NK","Myeloid-CD177","ADGRE5","CD55",0.076987545654455,0,"ADGRE5_CD55","ADGRE5 - CD55","ADGRE5","Cell-Cell Contact","PMID: 11297558","PBMC_Late"
"CXCR6+ NK","Myeloid-CD177","ADGRE5","CD55",0.0715083552829795,0,"ADGRE5_CD55","ADGRE5 - CD55","ADGRE5","Cell-Cell Contact","PMID: 11297558","PBMC_Late"
"DC2","Myeloid-CD177","ADGRE5","CD55",0.0415599476961729,0,"ADGRE5_CD55","ADGRE5 - CD55","ADGRE5","Cell-Cell Contact","PMID: 11297558","PBMC_Late"
"Gamma Delta V2 T","Myeloid-CD177","ADGRE5","CD55",0.0187229660340943,0,"ADGRE5_CD55","ADGRE5 - CD55","ADGRE5","Cell-Cell Contact","PMID: 11297558","PBMC_Late"
"ILC2/3","Myeloid-CD177","ADGRE5","CD55",0.0251489966520967,0,"ADGRE5_CD55","ADGRE5 - CD55","ADGRE5","Cell-Cell Contact","PMID: 11297558","PBMC_Late"
"Myeloid-CD177","Myeloid-CD177","ADGRE5","CD55",0.0485103125925956,0,"ADGRE5_CD55","ADGRE5 - CD55","ADGRE5","Cell-Cell Contact","PMID: 11297558","PBMC_Late"
"Naïve CD8 T","Myeloid-CD177","ADGRE5","CD55",0.0168207092568545,0,"ADGRE5_CD55","ADGRE5 - CD55","ADGRE5","Cell-Cell Contact","PMID: 11297558","PBMC_Late"
"NK T","Myeloid-CD177","ADGRE5","CD55",0.0235536995792428,0,"ADGRE5_CD55","ADGRE5 - CD55","ADGRE5","Cell-Cell Contact","PMID: 11297558","PBMC_Late"
"pDC","Myeloid-CD177","ADGRE5","CD55",0.0155736042681086,0,"ADGRE5_CD55","ADGRE5 - CD55","ADGRE5","Cell-Cell Contact","PMID: 11297558","PBMC_Late"
"Tem","Myeloid-CD177","ADGRE5","CD55",0.0203340697930089,0,"ADGRE5_CD55","ADGRE5 - CD55","ADGRE5","Cell-Cell Contact","PMID: 11297558","PBMC_Late"
"Th17like_INNATE_T","Myeloid-CD177","ADGRE5","CD55",0.022699317166509,0,"ADGRE5_CD55","ADGRE5 - CD55","ADGRE5","Cell-Cell Contact","PMID: 11297558","PBMC_Late"
"CD14+PPBP+ Monocytes","Naïve CD4 T","ADGRE5","CD55",0.0393205640607142,0,"ADGRE5_CD55","ADGRE5 - CD55","ADGRE5","Cell-Cell Contact","PMID: 11297558","PBMC_Late"
"CD56highCD16low NK","Naïve CD4 T","ADGRE5","CD55",0.0240087687050202,0,"ADGRE5_CD55","ADGRE5 - CD55","ADGRE5","Cell-Cell Contact","PMID: 11297558","PBMC_Late"
"Classical Monocytes","Naïve CD4 T","ADGRE5","CD55",0.0324875931397548,0,"ADGRE5_CD55","ADGRE5 - CD55","ADGRE5","Cell-Cell Contact","PMID: 11297558","PBMC_Late"
"CX3CR1+ NK","Naïve CD4 T","ADGRE5","CD55",0.0384271613361203,0,"ADGRE5_CD55","ADGRE5 - CD55","ADGRE5","Cell-Cell Contact","PMID: 11297558","PBMC_Late"
"CXCR6+ NK","Naïve CD4 T","ADGRE5","CD55",0.0355864997373217,0,"ADGRE5_CD55","ADGRE5 - CD55","ADGRE5","Cell-Cell Contact","PMID: 11297558","PBMC_Late"
"DC2","Naïve CD4 T","ADGRE5","CD55",0.0203527438740647,0,"ADGRE5_CD55","ADGRE5 - CD55","ADGRE5","Cell-Cell Contact","PMID: 11297558","PBMC_Late"
"Myeloid-CD177","Naïve CD4 T","ADGRE5","CD55",0.0238447130861598,0,"ADGRE5_CD55","ADGRE5 - CD55","ADGRE5","Cell-Cell Contact","PMID: 11297558","PBMC_Late"
"CD14+PPBP+ Monocytes","Naïve CD8 T","ADGRE5","CD55",0.0438509550952066,0,"ADGRE5_CD55","ADGRE5 - CD55","ADGRE5","Cell-Cell Contact","PMID: 11297558","PBMC_Late"
"CD56highCD16low NK","Naïve CD8 T","ADGRE5","CD55",0.0268242427224905,0,"ADGRE5_CD55","ADGRE5 - CD55","ADGRE5","Cell-Cell Contact","PMID: 11297558","PBMC_Late"
"Classical Monocytes","Naïve CD8 T","ADGRE5","CD55",0.0362604261621188,0,"ADGRE5_CD55","ADGRE5 - CD55","ADGRE5","Cell-Cell Contact","PMID: 11297558","PBMC_Late"
"CX3CR1+ NK","Naïve CD8 T","ADGRE5","CD55",0.0428592096197534,0,"ADGRE5_CD55","ADGRE5 - CD55","ADGRE5","Cell-Cell Contact","PMID: 11297558","PBMC_Late"
"CXCR6+ NK","Naïve CD8 T","ADGRE5","CD55",0.0397044447798534,0,"ADGRE5_CD55","ADGRE5 - CD55","ADGRE5","Cell-Cell Contact","PMID: 11297558","PBMC_Late"
"DC2","Naïve CD8 T","ADGRE5","CD55",0.0227494745490495,0,"ADGRE5_CD55","ADGRE5 - CD55","ADGRE5","Cell-Cell Contact","PMID: 11297558","PBMC_Late"
"Myeloid-CD177","Naïve CD8 T","ADGRE5","CD55",0.0266414736875662,0,"ADGRE5_CD55","ADGRE5 - CD55","ADGRE5","Cell-Cell Contact","PMID: 11297558","PBMC_Late"
"NK T","Naïve CD8 T","ADGRE5","CD55",0.0127843373890797,0.02,"ADGRE5_CD55","ADGRE5 - CD55","ADGRE5","Cell-Cell Contact","PMID: 11297558","PBMC_Late"
"CD14+PPBP+ Monocytes","NK T","ADGRE5","CD55",0.0160355893206594,0,"ADGRE5_CD55","ADGRE5 - CD55","ADGRE5","Cell-Cell Contact","PMID: 11297558","PBMC_Late"
"Classical Monocytes","NK T","ADGRE5","CD55",0.0131934179976956,0,"ADGRE5_CD55","ADGRE5 - CD55","ADGRE5","Cell-Cell Contact","PMID: 11297558","PBMC_Late"
"CX3CR1+ NK","NK T","ADGRE5","CD55",0.0156626190211888,0,"ADGRE5_CD55","ADGRE5 - CD55","ADGRE5","Cell-Cell Contact","PMID: 11297558","PBMC_Late"
"CXCR6+ NK","NK T","ADGRE5","CD55",0.0144794467426922,0.01,"ADGRE5_CD55","ADGRE5 - CD55","ADGRE5","Cell-Cell Contact","PMID: 11297558","PBMC_Late"
"CD14+PPBP+ Monocytes","pDC","ADGRE5","CD55",0.0314989487217101,0,"ADGRE5_CD55","ADGRE5 - CD55","ADGRE5","Cell-Cell Contact","PMID: 11297558","PBMC_Late"
"CD56highCD16low NK","pDC","ADGRE5","CD55",0.0191721786102563,0,"ADGRE5_CD55","ADGRE5 - CD55","ADGRE5","Cell-Cell Contact","PMID: 11297558","PBMC_Late"
"Classical Monocytes","pDC","ADGRE5","CD55",0.0259884174516626,0,"ADGRE5_CD55","ADGRE5 - CD55","ADGRE5","Cell-Cell Contact","PMID: 11297558","PBMC_Late"
"CX3CR1+ NK","pDC","ADGRE5","CD55",0.0307775674507187,0,"ADGRE5_CD55","ADGRE5 - CD55","ADGRE5","Cell-Cell Contact","PMID: 11297558","PBMC_Late"
"CXCR6+ NK","pDC","ADGRE5","CD55",0.0284856370099783,0,"ADGRE5_CD55","ADGRE5 - CD55","ADGRE5","Cell-Cell Contact","PMID: 11297558","PBMC_Late"
"DC2","pDC","ADGRE5","CD55",0.0162404081230026,0,"ADGRE5_CD55","ADGRE5 - CD55","ADGRE5","Cell-Cell Contact","PMID: 11297558","PBMC_Late"
"Myeloid-CD177","pDC","ADGRE5","CD55",0.0190405274040628,0,"ADGRE5_CD55","ADGRE5 - CD55","ADGRE5","Cell-Cell Contact","PMID: 11297558","PBMC_Late"
"CD14+PPBP+ Monocytes","Tem","ADGRE5","CD55",0.0485381669414274,0,"ADGRE5_CD55","ADGRE5 - CD55","ADGRE5","Cell-Cell Contact","PMID: 11297558","PBMC_Late"
"CD56highCD16low NK","Tem","ADGRE5","CD55",0.0297480997080769,0,"ADGRE5_CD55","ADGRE5 - CD55","ADGRE5","Cell-Cell Contact","PMID: 11297558","PBMC_Late"
"Classical Monocytes","Tem","ADGRE5","CD55",0.0401703761974792,0,"ADGRE5_CD55","ADGRE5 - CD55","ADGRE5","Cell-Cell Contact","PMID: 11297558","PBMC_Late"
"CX3CR1+ NK","Tem","ADGRE5","CD55",0.0474456744255994,0,"ADGRE5_CD55","ADGRE5 - CD55","ADGRE5","Cell-Cell Contact","PMID: 11297558","PBMC_Late"
"CXCR6+ NK","Tem","ADGRE5","CD55",0.0439688192846633,0,"ADGRE5_CD55","ADGRE5 - CD55","ADGRE5","Cell-Cell Contact","PMID: 11297558","PBMC_Late"
"DC2","Tem","ADGRE5","CD55",0.0252406993098042,0,"ADGRE5_CD55","ADGRE5 - CD55","ADGRE5","Cell-Cell Contact","PMID: 11297558","PBMC_Late"
"ILC2/3","Tem","ADGRE5","CD55",0.0151717911986927,0.01,"ADGRE5_CD55","ADGRE5 - CD55","ADGRE5","Cell-Cell Contact","PMID: 11297558","PBMC_Late"
"Myeloid-CD177","Tem","ADGRE5","CD55",0.0295460135870982,0,"ADGRE5_CD55","ADGRE5 - CD55","ADGRE5","Cell-Cell Contact","PMID: 11297558","PBMC_Late"
"NK T","Tem","ADGRE5","CD55",0.0142001674125615,0,"ADGRE5_CD55","ADGRE5 - CD55","ADGRE5","Cell-Cell Contact","PMID: 11297558","PBMC_Late"
"Th17like_INNATE_T","Tem","ADGRE5","CD55",0.0136803197092685,0.02,"ADGRE5_CD55","ADGRE5 - CD55","ADGRE5","Cell-Cell Contact","PMID: 11297558","PBMC_Late"
"CD14+PPBP+ Monocytes","Th17like_INNATE_T","ADGRE5","CD55",0.0412135635794212,0,"ADGRE5_CD55","ADGRE5 - CD55","ADGRE5","Cell-Cell Contact","PMID: 11297558","PBMC_Late"
"CD56highCD16low NK","Th17like_INNATE_T","ADGRE5","CD55",0.0251839407330697,0,"ADGRE5_CD55","ADGRE5 - CD55","ADGRE5","Cell-Cell Contact","PMID: 11297558","PBMC_Late"
"Classical Monocytes","Th17like_INNATE_T","ADGRE5","CD55",0.0340632987739442,0,"ADGRE5_CD55","ADGRE5 - CD55","ADGRE5","Cell-Cell Contact","PMID: 11297558","PBMC_Late"
"CX3CR1+ NK","Th17like_INNATE_T","ADGRE5","CD55",0.0402789533441138,0,"ADGRE5_CD55","ADGRE5 - CD55","ADGRE5","Cell-Cell Contact","PMID: 11297558","PBMC_Late"
"CXCR6+ NK","Th17like_INNATE_T","ADGRE5","CD55",0.037306712239361,0,"ADGRE5_CD55","ADGRE5 - CD55","ADGRE5","Cell-Cell Contact","PMID: 11297558","PBMC_Late"
"DC2","Th17like_INNATE_T","ADGRE5","CD55",0.0213528773720447,0,"ADGRE5_CD55","ADGRE5 - CD55","ADGRE5","Cell-Cell Contact","PMID: 11297558","PBMC_Late"
"Myeloid-CD177","Th17like_INNATE_T","ADGRE5","CD55",0.0250120607734514,0,"ADGRE5_CD55","ADGRE5 - CD55","ADGRE5","Cell-Cell Contact","PMID: 11297558","PBMC_Late"
"CD14+PPBP+ Monocytes","Treg","ADGRE5","CD55",0.0176804397877162,0,"ADGRE5_CD55","ADGRE5 - CD55","ADGRE5","Cell-Cell Contact","PMID: 11297558","PBMC_Late"
"Classical Monocytes","Treg","ADGRE5","CD55",0.0145510440431904,0,"ADGRE5_CD55","ADGRE5 - CD55","ADGRE5","Cell-Cell Contact","PMID: 11297558","PBMC_Late"
"CX3CR1+ NK","Treg","ADGRE5","CD55",0.0172698835309647,0,"ADGRE5_CD55","ADGRE5 - CD55","ADGRE5","Cell-Cell Contact","PMID: 11297558","PBMC_Late"
"CXCR6+ NK","Treg","ADGRE5","CD55",0.0159672661474796,0,"ADGRE5_CD55","ADGRE5 - CD55","ADGRE5","Cell-Cell Contact","PMID: 11297558","PBMC_Late"
"DC2","abTentry","ALCAM","CD6",0.011069298999731,0,"ALCAM_CD6","ALCAM - CD6","ALCAM","Cell-Cell Contact","KEGG: hsa04514","PBMC_Late"
"HSC_MPP","abTentry","ALCAM","CD6",0.00352179856062248,0,"ALCAM_CD6","ALCAM - CD6","ALCAM","Cell-Cell Contact","KEGG: hsa04514","PBMC_Late"
"MEMP","abTentry","ALCAM","CD6",0.00135219749384494,0,"ALCAM_CD6","ALCAM - CD6","ALCAM","Cell-Cell Contact","KEGG: hsa04514","PBMC_Late"
"MEP","abTentry","ALCAM","CD6",0.00150431418778029,0,"ALCAM_CD6","ALCAM - CD6","ALCAM","Cell-Cell Contact","KEGG: hsa04514","PBMC_Late"
"pDC","abTentry","ALCAM","CD6",0.00527754560157131,0,"ALCAM_CD6","ALCAM - CD6","ALCAM","Cell-Cell Contact","KEGG: hsa04514","PBMC_Late"
"DC2","Gamma Delta V2 T","ALCAM","CD6",0.00623432678677188,0,"ALCAM_CD6","ALCAM - CD6","ALCAM","Cell-Cell Contact","KEGG: hsa04514","PBMC_Late"
"HSC_MPP","Gamma Delta V2 T","ALCAM","CD6",0.00197691778086827,0,"ALCAM_CD6","ALCAM - CD6","ALCAM","Cell-Cell Contact","KEGG: hsa04514","PBMC_Late"
"MEMP","Gamma Delta V2 T","ALCAM","CD6",0.000758314974209175,0,"ALCAM_CD6","ALCAM - CD6","ALCAM","Cell-Cell Contact","KEGG: hsa04514","PBMC_Late"
"MEP","Gamma Delta V2 T","ALCAM","CD6",0.000843678752825166,0,"ALCAM_CD6","ALCAM - CD6","ALCAM","Cell-Cell Contact","KEGG: hsa04514","PBMC_Late"
"pDC","Gamma Delta V2 T","ALCAM","CD6",0.00296477600807602,0,"ALCAM_CD6","ALCAM - CD6","ALCAM","Cell-Cell Contact","KEGG: hsa04514","PBMC_Late"
"DC2","Naïve CD4 T","ALCAM","CD6",0.00711069413114466,0,"ALCAM_CD6","ALCAM - CD6","ALCAM","Cell-Cell Contact","KEGG: hsa04514","PBMC_Late"
"HSC_MPP","Naïve CD4 T","ALCAM","CD6",0.0022561743812021,0,"ALCAM_CD6","ALCAM - CD6","ALCAM","Cell-Cell Contact","KEGG: hsa04514","PBMC_Late"
"MEMP","Naïve CD4 T","ALCAM","CD6",0.000865582766280602,0,"ALCAM_CD6","ALCAM - CD6","ALCAM","Cell-Cell Contact","KEGG: hsa04514","PBMC_Late"
"MEP","Naïve CD4 T","ALCAM","CD6",0.000963010079969539,0,"ALCAM_CD6","ALCAM - CD6","ALCAM","Cell-Cell Contact","KEGG: hsa04514","PBMC_Late"
"pDC","Naïve CD4 T","ALCAM","CD6",0.00338310303473659,0,"ALCAM_CD6","ALCAM - CD6","ALCAM","Cell-Cell Contact","KEGG: hsa04514","PBMC_Late"
"DC2","Naïve CD8 T","ALCAM","CD6",0.006499123252382,0,"ALCAM_CD6","ALCAM - CD6","ALCAM","Cell-Cell Contact","KEGG: hsa04514","PBMC_Late"
"HSC_MPP","Naïve CD8 T","ALCAM","CD6",0.00206126035585326,0,"ALCAM_CD6","ALCAM - CD6","ALCAM","Cell-Cell Contact","KEGG: hsa04514","PBMC_Late"
"MEMP","Naïve CD8 T","ALCAM","CD6",0.000790708667204203,0,"ALCAM_CD6","ALCAM - CD6","ALCAM","Cell-Cell Contact","KEGG: hsa04514","PBMC_Late"
"MEP","Naïve CD8 T","ALCAM","CD6",0.000879715804652399,0,"ALCAM_CD6","ALCAM - CD6","ALCAM","Cell-Cell Contact","KEGG: hsa04514","PBMC_Late"
"pDC","Naïve CD8 T","ALCAM","CD6",0.00309113370812151,0,"ALCAM_CD6","ALCAM - CD6","ALCAM","Cell-Cell Contact","KEGG: hsa04514","PBMC_Late"
"DC2","NK T","ALCAM","CD6",0.00697261045180662,0,"ALCAM_CD6","ALCAM - CD6","ALCAM","Cell-Cell Contact","KEGG: hsa04514","PBMC_Late"
"HSC_MPP","NK T","ALCAM","CD6",0.00221215134420095,0,"ALCAM_CD6","ALCAM - CD6","ALCAM","Cell-Cell Contact","KEGG: hsa04514","PBMC_Late"
"MEMP","NK T","ALCAM","CD6",0.000848670220026496,0,"ALCAM_CD6","ALCAM - CD6","ALCAM","Cell-Cell Contact","KEGG: hsa04514","PBMC_Late"
"MEP","NK T","ALCAM","CD6",0.000944195708872444,0,"ALCAM_CD6","ALCAM - CD6","ALCAM","Cell-Cell Contact","KEGG: hsa04514","PBMC_Late"
"pDC","NK T","ALCAM","CD6",0.00331716419067255,0,"ALCAM_CD6","ALCAM - CD6","ALCAM","Cell-Cell Contact","KEGG: hsa04514","PBMC_Late"
"DC2","Tem","ALCAM","CD6",0.00827670814001278,0,"ALCAM_CD6","ALCAM - CD6","ALCAM","Cell-Cell Contact","KEGG: hsa04514","PBMC_Late"
"HSC_MPP","Tem","ALCAM","CD6",0.00262824980379898,0,"ALCAM_CD6","ALCAM - CD6","ALCAM","Cell-Cell Contact","KEGG: hsa04514","PBMC_Late"
"MEMP","Tem","ALCAM","CD6",0.00100856155861702,0,"ALCAM_CD6","ALCAM - CD6","ALCAM","Cell-Cell Contact","KEGG: hsa04514","PBMC_Late"
"MEP","Tem","ALCAM","CD6",0.0011220640487721,0,"ALCAM_CD6","ALCAM - CD6","ALCAM","Cell-Cell Contact","KEGG: hsa04514","PBMC_Late"
"pDC","Tem","ALCAM","CD6",0.00394029116347028,0,"ALCAM_CD6","ALCAM - CD6","ALCAM","Cell-Cell Contact","KEGG: hsa04514","PBMC_Late"
"DC2","Th17like_INNATE_T","ALCAM","CD6",0.00641783795868606,0,"ALCAM_CD6","ALCAM - CD6","ALCAM","Cell-Cell Contact","KEGG: hsa04514","PBMC_Late"
"HSC_MPP","Th17like_INNATE_T","ALCAM","CD6",0.00203536622003828,0,"ALCAM_CD6","ALCAM - CD6","ALCAM","Cell-Cell Contact","KEGG: hsa04514","PBMC_Late"
"MEMP","Th17like_INNATE_T","ALCAM","CD6",0.000780763073676439,0,"ALCAM_CD6","ALCAM - CD6","ALCAM","Cell-Cell Contact","KEGG: hsa04514","PBMC_Late"
"MEP","Th17like_INNATE_T","ALCAM","CD6",0.000868651645864318,0,"ALCAM_CD6","ALCAM - CD6","ALCAM","Cell-Cell Contact","KEGG: hsa04514","PBMC_Late"
"pDC","Th17like_INNATE_T","ALCAM","CD6",0.00305234158327785,0,"ALCAM_CD6","ALCAM - CD6","ALCAM","Cell-Cell Contact","KEGG: hsa04514","PBMC_Late"
"DC2","Treg","ALCAM","CD6",0.00688527579750354,0,"ALCAM_CD6","ALCAM - CD6","ALCAM","Cell-Cell Contact","KEGG: hsa04514","PBMC_Late"
"HSC_MPP","Treg","ALCAM","CD6",0.00218431213172605,0,"ALCAM_CD6","ALCAM - CD6","ALCAM","Cell-Cell Contact","KEGG: hsa04514","PBMC_Late"
"MEMP","Treg","ALCAM","CD6",0.000837975567855855,0,"ALCAM_CD6","ALCAM - CD6","ALCAM","Cell-Cell Contact","KEGG: hsa04514","PBMC_Late"
"MEP","Treg","ALCAM","CD6",0.000932298400361996,0,"ALCAM_CD6","ALCAM - CD6","ALCAM","Cell-Cell Contact","KEGG: hsa04514","PBMC_Late"
"pDC","Treg","ALCAM","CD6",0.00327546439762833,0,"ALCAM_CD6","ALCAM - CD6","ALCAM","Cell-Cell Contact","KEGG: hsa04514","PBMC_Late"
"CD14+PPBP+ Monocytes","CD14+PPBP+ Monocytes","APP","CD74",0.0899109577578093,0,"APP_CD74","APP - CD74","APP","Cell-Cell Contact","PMID: 19849849","PBMC_Late"
"Classical Monocytes","CD14+PPBP+ Monocytes","APP","CD74",0.0220011384406102,0,"APP_CD74","APP - CD74","APP","Cell-Cell Contact","PMID: 19849849","PBMC_Late"
"CXCR5- Naïve B","CD14+PPBP+ Monocytes","APP","CD74",0.031370575861104,0,"APP_CD74","APP - CD74","APP","Cell-Cell Contact","PMID: 19849849","PBMC_Late"
"CXCR5+ Naïve B","CD14+PPBP+ Monocytes","APP","CD74",0.0229068580019434,0,"APP_CD74","APP - CD74","APP","Cell-Cell Contact","PMID: 19849849","PBMC_Late"
"DC2","CD14+PPBP+ Monocytes","APP","CD74",0.0250440590991935,0,"APP_CD74","APP - CD74","APP","Cell-Cell Contact","PMID: 19849849","PBMC_Late"
"HSC_MPP","CD14+PPBP+ Monocytes","APP","CD74",0.082508750364828,0,"APP_CD74","APP - CD74","APP","Cell-Cell Contact","PMID: 19849849","PBMC_Late"
"Megakaryocytes","CD14+PPBP+ Monocytes","APP","CD74",0.0680387436387732,0,"APP_CD74","APP - CD74","APP","Cell-Cell Contact","PMID: 19849849","PBMC_Late"
"MEMP","CD14+PPBP+ Monocytes","APP","CD74",0.0180047636702526,0,"APP_CD74","APP - CD74","APP","Cell-Cell Contact","PMID: 19849849","PBMC_Late"
"MEP","CD14+PPBP+ Monocytes","APP","CD74",0.0425555705561595,0,"APP_CD74","APP - CD74","APP","Cell-Cell Contact","PMID: 19849849","PBMC_Late"
"pDC","CD14+PPBP+ Monocytes","APP","CD74",0.229824318259573,0,"APP_CD74","APP - CD74","APP","Cell-Cell Contact","PMID: 19849849","PBMC_Late"
"Pro-B","CD14+PPBP+ Monocytes","APP","CD74",0.0715882445503055,0,"APP_CD74","APP - CD74","APP","Cell-Cell Contact","PMID: 19849849","PBMC_Late"
"CD14+PPBP+ Monocytes","Classical Monocytes","APP","CD74",0.0935372869935567,0,"APP_CD74","APP - CD74","APP","Cell-Cell Contact","PMID: 19849849","PBMC_Late"
"Classical Monocytes","Classical Monocytes","APP","CD74",0.0229575905559666,0,"APP_CD74","APP - CD74","APP","Cell-Cell Contact","PMID: 19849849","PBMC_Late"
"CXCR5- Naïve B","Classical Monocytes","APP","CD74",0.0327207165961135,0,"APP_CD74","APP - CD74","APP","Cell-Cell Contact","PMID: 19849849","PBMC_Late"
"CXCR5+ Naïve B","Classical Monocytes","APP","CD74",0.0239017220421292,0,"APP_CD74","APP - CD74","APP","Cell-Cell Contact","PMID: 19849849","PBMC_Late"
"DC2","Classical Monocytes","APP","CD74",0.026129261385579,0,"APP_CD74","APP - CD74","APP","Cell-Cell Contact","PMID: 19849849","PBMC_Late"
"HSC_MPP","Classical Monocytes","APP","CD74",0.0858646978293798,0,"APP_CD74","APP - CD74","APP","Cell-Cell Contact","PMID: 19849849","PBMC_Late"
"Megakaryocytes","Classical Monocytes","APP","CD74",0.0708515901633063,0,"APP_CD74","APP - CD74","APP","Cell-Cell Contact","PMID: 19849849","PBMC_Late"
"MEMP","Classical Monocytes","APP","CD74",0.0187908200394925,0,"APP_CD74","APP - CD74","APP","Cell-Cell Contact","PMID: 19849849","PBMC_Late"
"MEP","Classical Monocytes","APP","CD74",0.0443650477193483,0,"APP_CD74","APP - CD74","APP","Cell-Cell Contact","PMID: 19849849","PBMC_Late"
"pDC","Classical Monocytes","APP","CD74",0.237620320508259,0,"APP_CD74","APP - CD74","APP","Cell-Cell Contact","PMID: 19849849","PBMC_Late"
"Pro-B","Classical Monocytes","APP","CD74",0.0745360978014328,0,"APP_CD74","APP - CD74","APP","Cell-Cell Contact","PMID: 19849849","PBMC_Late"
"CD14+PPBP+ Monocytes","CX3CR1+ NK","APP","CD74",0.0554521238422642,0,"APP_CD74","APP - CD74","APP","Cell-Cell Contact","PMID: 19849849","PBMC_Late"
"Classical Monocytes","CX3CR1+ NK","APP","CD74",0.0131918289531413,0,"APP_CD74","APP - CD74","APP","Cell-Cell Contact","PMID: 19849849","PBMC_Late"
"CXCR5- Naïve B","CX3CR1+ NK","APP","CD74",0.0188821515934523,0,"APP_CD74","APP - CD74","APP","Cell-Cell Contact","PMID: 19849849","PBMC_Late"
"CXCR5+ Naïve B","CX3CR1+ NK","APP","CD74",0.013739991127294,0,"APP_CD74","APP - CD74","APP","Cell-Cell Contact","PMID: 19849849","PBMC_Late"
"DC2","CX3CR1+ NK","APP","CD74",0.0150350874997962,0,"APP_CD74","APP - CD74","APP","Cell-Cell Contact","PMID: 19849849","PBMC_Late"
"HSC_MPP","CX3CR1+ NK","APP","CD74",0.0507287184530715,0,"APP_CD74","APP - CD74","APP","Cell-Cell Contact","PMID: 19849849","PBMC_Late"
"Megakaryocytes","CX3CR1+ NK","APP","CD74",0.0415795669269799,0,"APP_CD74","APP - CD74","APP","Cell-Cell Contact","PMID: 19849849","PBMC_Late"
"MEP","CX3CR1+ NK","APP","CD74",0.0257327623672283,0.01,"APP_CD74","APP - CD74","APP","Cell-Cell Contact","PMID: 19849849","PBMC_Late"
"pDC","CX3CR1+ NK","APP","CD74",0.150617359505504,0,"APP_CD74","APP - CD74","APP","Cell-Cell Contact","PMID: 19849849","PBMC_Late"
"Pro-B","CX3CR1+ NK","APP","CD74",0.0438136169430676,0,"APP_CD74","APP - CD74","APP","Cell-Cell Contact","PMID: 19849849","PBMC_Late"
"CD14+PPBP+ Monocytes","CXCR5- Naïve B","APP","CD74",0.131784103099646,0,"APP_CD74","APP - CD74","APP","Cell-Cell Contact","PMID: 19849849","PBMC_Late"
"Classical Monocytes","CXCR5- Naïve B","APP","CD74",0.0334084518673778,0,"APP_CD74","APP - CD74","APP","Cell-Cell Contact","PMID: 19849849","PBMC_Late"
"CXCR5- Naïve B","CXCR5- Naïve B","APP","CD74",0.0474003765950759,0,"APP_CD74","APP - CD74","APP","Cell-Cell Contact","PMID: 19849849","PBMC_Late"
"CXCR5+ Naïve B","CXCR5- Naïve B","APP","CD74",0.0347670815684109,0,"APP_CD74","APP - CD74","APP","Cell-Cell Contact","PMID: 19849849","PBMC_Late"
"DC2","CXCR5- Naïve B","APP","CD74",0.0379678385567274,0,"APP_CD74","APP - CD74","APP","Cell-Cell Contact","PMID: 19849849","PBMC_Late"
"HSC_MPP","CXCR5- Naïve B","APP","CD74",0.121394386708195,0,"APP_CD74","APP - CD74","APP","Cell-Cell Contact","PMID: 19849849","PBMC_Late"
"Megakaryocytes","CXCR5- Naïve B","APP","CD74",0.100854432148068,0,"APP_CD74","APP - CD74","APP","Cell-Cell Contact","PMID: 19849849","PBMC_Late"
"MEMP","CXCR5- Naïve B","APP","CD74",0.0273980548737716,0,"APP_CD74","APP - CD74","APP","Cell-Cell Contact","PMID: 19849849","PBMC_Late"
"MEP","CXCR5- Naïve B","APP","CD74",0.0639235262807911,0,"APP_CD74","APP - CD74","APP","Cell-Cell Contact","PMID: 19849849","PBMC_Late"
"pDC","CXCR5- Naïve B","APP","CD74",0.314350867349992,0,"APP_CD74","APP - CD74","APP","Cell-Cell Contact","PMID: 19849849","PBMC_Late"
"Pro-B","CXCR5- Naïve B","APP","CD74",0.105921317808331,0,"APP_CD74","APP - CD74","APP","Cell-Cell Contact","PMID: 19849849","PBMC_Late"
"CD14+PPBP+ Monocytes","CXCR5+ Naïve B","APP","CD74",0.133436658041353,0,"APP_CD74","APP - CD74","APP","Cell-Cell Contact","PMID: 19849849","PBMC_Late"
"Classical Monocytes","CXCR5+ Naïve B","APP","CD74",0.0338755219020113,0,"APP_CD74","APP - CD74","APP","Cell-Cell Contact","PMID: 19849849","PBMC_Late"
"CXCR5- Naïve B","CXCR5+ Naïve B","APP","CD74",0.0480533371952862,0,"APP_CD74","APP - CD74","APP","Cell-Cell Contact","PMID: 19849849","PBMC_Late"
"CXCR5+ Naïve B","CXCR5+ Naïve B","APP","CD74",0.0352524533100889,0,"APP_CD74","APP - CD74","APP","Cell-Cell Contact","PMID: 19849849","PBMC_Late"
"DC2","CXCR5+ Naïve B","APP","CD74",0.0384961128617039,0,"APP_CD74","APP - CD74","APP","Cell-Cell Contact","PMID: 19849849","PBMC_Late"
"HSC_MPP","CXCR5+ Naïve B","APP","CD74",0.122935103809987,0,"APP_CD74","APP - CD74","APP","Cell-Cell Contact","PMID: 19849849","PBMC_Late"
"Megakaryocytes","CXCR5+ Naïve B","APP","CD74",0.102164772751001,0,"APP_CD74","APP - CD74","APP","Cell-Cell Contact","PMID: 19849849","PBMC_Late"
"MEMP","CXCR5+ Naïve B","APP","CD74",0.0277835112927359,0,"APP_CD74","APP - CD74","APP","Cell-Cell Contact","PMID: 19849849","PBMC_Late"
"MEP","CXCR5+ Naïve B","APP","CD74",0.06478861983498,0,"APP_CD74","APP - CD74","APP","Cell-Cell Contact","PMID: 19849849","PBMC_Late"
"pDC","CXCR5+ Naïve B","APP","CD74",0.317455699140189,0,"APP_CD74","APP - CD74","APP","Cell-Cell Contact","PMID: 19849849","PBMC_Late"
"Pro-B","CXCR5+ Naïve B","APP","CD74",0.107289634175427,0,"APP_CD74","APP - CD74","APP","Cell-Cell Contact","PMID: 19849849","PBMC_Late"
"CD14+PPBP+ Monocytes","CXCR6+ NK","APP","CD74",0.0587910123460367,0,"APP_CD74","APP - CD74","APP","Cell-Cell Contact","PMID: 19849849","PBMC_Late"
"Classical Monocytes","CXCR6+ NK","APP","CD74",0.0140239165697563,0,"APP_CD74","APP - CD74","APP","Cell-Cell Contact","PMID: 19849849","PBMC_Late"
"CXCR5- Naïve B","CXCR6+ NK","APP","CD74",0.0200658635474887,0,"APP_CD74","APP - CD74","APP","Cell-Cell Contact","PMID: 19849849","PBMC_Late"
"CXCR5+ Naïve B","CXCR6+ NK","APP","CD74",0.0146061428421701,0,"APP_CD74","APP - CD74","APP","Cell-Cell Contact","PMID: 19849849","PBMC_Late"
"DC2","CXCR6+ NK","APP","CD74",0.0159815575256371,0,"APP_CD74","APP - CD74","APP","Cell-Cell Contact","PMID: 19849849","PBMC_Late"
"HSC_MPP","CXCR6+ NK","APP","CD74",0.0537993999834618,0,"APP_CD74","APP - CD74","APP","Cell-Cell Contact","PMID: 19849849","PBMC_Late"
"Megakaryocytes","CXCR6+ NK","APP","CD74",0.0441221784651247,0,"APP_CD74","APP - CD74","APP","Cell-Cell Contact","PMID: 19849849","PBMC_Late"
"MEP","CXCR6+ NK","APP","CD74",0.027333970637021,0,"APP_CD74","APP - CD74","APP","Cell-Cell Contact","PMID: 19849849","PBMC_Late"
"pDC","CXCR6+ NK","APP","CD74",0.158723450591255,0,"APP_CD74","APP - CD74","APP","Cell-Cell Contact","PMID: 19849849","PBMC_Late"
"Pro-B","CXCR6+ NK","APP","CD74",0.0464862156220359,0,"APP_CD74","APP - CD74","APP","Cell-Cell Contact","PMID: 19849849","PBMC_Late"
"CD14+PPBP+ Monocytes","DC2","APP","CD74",0.137763272922353,0,"APP_CD74","APP - CD74","APP","Cell-Cell Contact","PMID: 19849849","PBMC_Late"
"Classical Monocytes","DC2","APP","CD74",0.0351046941718085,0,"APP_CD74","APP - CD74","APP","Cell-Cell Contact","PMID: 19849849","PBMC_Late"
"CXCR5- Naïve B","DC2","APP","CD74",0.0497704493069578,0,"APP_CD74","APP - CD74","APP","Cell-Cell Contact","PMID: 19849849","PBMC_Late"
"CXCR5+ Naïve B","DC2","APP","CD74",0.0365296984061916,0,"APP_CD74","APP - CD74","APP","Cell-Cell Contact","PMID: 19849849","PBMC_Late"
"DC2","DC2","APP","CD74",0.0398860214459361,0,"APP_CD74","APP - CD74","APP","Cell-Cell Contact","PMID: 19849849","PBMC_Late"
"HSC_MPP","DC2","APP","CD74",0.126971103243974,0,"APP_CD74","APP - CD74","APP","Cell-Cell Contact","PMID: 19849849","PBMC_Late"
"Megakaryocytes","DC2","APP","CD74",0.105600977665745,0,"APP_CD74","APP - CD74","APP","Cell-Cell Contact","PMID: 19849849","PBMC_Late"
"MEMP","DC2","APP","CD74",0.0287982241529979,0,"APP_CD74","APP - CD74","APP","Cell-Cell Contact","PMID: 19849849","PBMC_Late"
"MEP","DC2","APP","CD74",0.0670616136644202,0,"APP_CD74","APP - CD74","APP","Cell-Cell Contact","PMID: 19849849","PBMC_Late"
"pDC","DC2","APP","CD74",0.325507752716084,0,"APP_CD74","APP - CD74","APP","Cell-Cell Contact","PMID: 19849849","PBMC_Late"
"Pro-B","DC2","APP","CD74",0.110876921912744,0,"APP_CD74","APP - CD74","APP","Cell-Cell Contact","PMID: 19849849","PBMC_Late"
"CD14+PPBP+ Monocytes","Gamma Delta V1 T","APP","CD74",0.031459174640622,0,"APP_CD74","APP - CD74","APP","Cell-Cell Contact","PMID: 19849849","PBMC_Late"
"Classical Monocytes","Gamma Delta V1 T","APP","CD74",0.00734187792575067,0,"APP_CD74","APP - CD74","APP","Cell-Cell Contact","PMID: 19849849","PBMC_Late"
"CXCR5- Naïve B","Gamma Delta V1 T","APP","CD74",0.0105357533209463,0,"APP_CD74","APP - CD74","APP","Cell-Cell Contact","PMID: 19849849","PBMC_Late"
"CXCR5+ Naïve B","Gamma Delta V1 T","APP","CD74",0.00764884031700285,0,"APP_CD74","APP - CD74","APP","Cell-Cell Contact","PMID: 19849849","PBMC_Late"
"DC2","Gamma Delta V1 T","APP","CD74",0.00837467560503338,0.01,"APP_CD74","APP - CD74","APP","Cell-Cell Contact","PMID: 19849849","PBMC_Late"
"HSC_MPP","Gamma Delta V1 T","APP","CD74",0.028717350163038,0,"APP_CD74","APP - CD74","APP","Cell-Cell Contact","PMID: 19849849","PBMC_Late"
"Megakaryocytes","Gamma Delta V1 T","APP","CD74",0.0234400213916283,0,"APP_CD74","APP - CD74","APP","Cell-Cell Contact","PMID: 19849849","PBMC_Late"
"pDC","Gamma Delta V1 T","APP","CD74",0.089343212067143,0,"APP_CD74","APP - CD74","APP","Cell-Cell Contact","PMID: 19849849","PBMC_Late"
"Pro-B","Gamma Delta V1 T","APP","CD74",0.0247245851227397,0.02,"APP_CD74","APP - CD74","APP","Cell-Cell Contact","PMID: 19849849","PBMC_Late"
"CD14+PPBP+ Monocytes","Gamma Delta V2 T","APP","CD74",0.0326759870967966,0,"APP_CD74","APP - CD74","APP","Cell-Cell Contact","PMID: 19849849","PBMC_Late"
"Classical Monocytes","Gamma Delta V2 T","APP","CD74",0.0076332069378301,0,"APP_CD74","APP - CD74","APP","Cell-Cell Contact","PMID: 19849849","PBMC_Late"
"CXCR5- Naïve B","Gamma Delta V2 T","APP","CD74",0.0109524184279953,0,"APP_CD74","APP - CD74","APP","Cell-Cell Contact","PMID: 19849849","PBMC_Late"
"CXCR5+ Naïve B","Gamma Delta V2 T","APP","CD74",0.0079522521565096,0,"APP_CD74","APP - CD74","APP","Cell-Cell Contact","PMID: 19849849","PBMC_Late"
"DC2","Gamma Delta V2 T","APP","CD74",0.00870662703971435,0.01,"APP_CD74","APP - CD74","APP","Cell-Cell Contact","PMID: 19849849","PBMC_Late"
"HSC_MPP","Gamma Delta V2 T","APP","CD74",0.0298313777401981,0,"APP_CD74","APP - CD74","APP","Cell-Cell Contact","PMID: 19849849","PBMC_Late"
"Megakaryocytes","Gamma Delta V2 T","APP","CD74",0.0243544597199025,0,"APP_CD74","APP - CD74","APP","Cell-Cell Contact","PMID: 19849849","PBMC_Late"
"pDC","Gamma Delta V2 T","APP","CD74",0.0925849053059691,0,"APP_CD74","APP - CD74","APP","Cell-Cell Contact","PMID: 19849849","PBMC_Late"
"Pro-B","Gamma Delta V2 T","APP","CD74",0.0256878184466292,0,"APP_CD74","APP - CD74","APP","Cell-Cell Contact","PMID: 19849849","PBMC_Late"
"CD14+PPBP+ Monocytes","HSC_MPP","APP","CD74",0.0888521271319588,0,"APP_CD74","APP - CD74","APP","Cell-Cell Contact","PMID: 19849849","PBMC_Late"
"Classical Monocytes","HSC_MPP","APP","CD74",0.0217229545210486,0,"APP_CD74","APP - CD74","APP","Cell-Cell Contact","PMID: 19849849","PBMC_Late"
"CXCR5- Naïve B","HSC_MPP","APP","CD74",0.0309776765404043,0,"APP_CD74","APP - CD74","APP","Cell-Cell Contact","PMID: 19849849","PBMC_Late"
"CXCR5+ Naïve B","HSC_MPP","APP","CD74",0.022617486943315,0,"APP_CD74","APP - CD74","APP","Cell-Cell Contact","PMID: 19849849","PBMC_Late"
"DC2","HSC_MPP","APP","CD74",0.0247283731048216,0,"APP_CD74","APP - CD74","APP","Cell-Cell Contact","PMID: 19849849","PBMC_Late"
"HSC_MPP","HSC_MPP","APP","CD74",0.0815292821898973,0,"APP_CD74","APP - CD74","APP","Cell-Cell Contact","PMID: 19849849","PBMC_Late"
"Megakaryocytes","HSC_MPP","APP","CD74",0.0672184653236116,0,"APP_CD74","APP - CD74","APP","Cell-Cell Contact","PMID: 19849849","PBMC_Late"
"MEMP","HSC_MPP","APP","CD74",0.0177761917446828,0.01,"APP_CD74","APP - CD74","APP","Cell-Cell Contact","PMID: 19849849","PBMC_Late"
"MEP","HSC_MPP","APP","CD74",0.0420286635938271,0,"APP_CD74","APP - CD74","APP","Cell-Cell Contact","PMID: 19849849","PBMC_Late"
"pDC","HSC_MPP","APP","CD74",0.227529740640699,0,"APP_CD74","APP - CD74","APP","Cell-Cell Contact","PMID: 19849849","PBMC_Late"
"Pro-B","HSC_MPP","APP","CD74",0.0707284209275094,0,"APP_CD74","APP - CD74","APP","Cell-Cell Contact","PMID: 19849849","PBMC_Late"
"CD14+PPBP+ Monocytes","ILC2/3","APP","CD74",0.0348686338192635,0,"APP_CD74","APP - CD74","APP","Cell-Cell Contact","PMID: 19849849","PBMC_Late"
"Classical Monocytes","ILC2/3","APP","CD74",0.00815959054120399,0,"APP_CD74","APP - CD74","APP","Cell-Cell Contact","PMID: 19849849","PBMC_Late"
"CXCR5- Naïve B","ILC2/3","APP","CD74",0.0117049940499191,0,"APP_CD74","APP - CD74","APP","Cell-Cell Contact","PMID: 19849849","PBMC_Late"
"CXCR5+ Naïve B","ILC2/3","APP","CD74",0.00850044856093562,0,"APP_CD74","APP - CD74","APP","Cell-Cell Contact","PMID: 19849849","PBMC_Late"
"DC2","ILC2/3","APP","CD74",0.00930633918390301,0.01,"APP_CD74","APP - CD74","APP","Cell-Cell Contact","PMID: 19849849","PBMC_Late"
"HSC_MPP","ILC2/3","APP","CD74",0.0318394263528166,0,"APP_CD74","APP - CD74","APP","Cell-Cell Contact","PMID: 19849849","PBMC_Late"
"Megakaryocytes","ILC2/3","APP","CD74",0.0260037204400605,0,"APP_CD74","APP - CD74","APP","Cell-Cell Contact","PMID: 19849849","PBMC_Late"
"pDC","ILC2/3","APP","CD74",0.0983887134086003,0,"APP_CD74","APP - CD74","APP","Cell-Cell Contact","PMID: 19849849","PBMC_Late"
"Pro-B","ILC2/3","APP","CD74",0.0274248348384195,0.01,"APP_CD74","APP - CD74","APP","Cell-Cell Contact","PMID: 19849849","PBMC_Late"
"CD14+PPBP+ Monocytes","MEMP","APP","CD74",0.0558667917770819,0,"APP_CD74","APP - CD74","APP","Cell-Cell Contact","PMID: 19849849","PBMC_Late"
"Classical Monocytes","MEMP","APP","CD74",0.0132949248472536,0,"APP_CD74","APP - CD74","APP","Cell-Cell Contact","PMID: 19849849","PBMC_Late"
"CXCR5- Naïve B","MEMP","APP","CD74",0.0190288605763814,0,"APP_CD74","APP - CD74","APP","Cell-Cell Contact","PMID: 19849849","PBMC_Late"
"CXCR5+ Naïve B","MEMP","APP","CD74",0.0138473108672044,0,"APP_CD74","APP - CD74","APP","Cell-Cell Contact","PMID: 19849849","PBMC_Late"
"DC2","MEMP","APP","CD74",0.0151523675116037,0,"APP_CD74","APP - CD74","APP","Cell-Cell Contact","PMID: 19849849","PBMC_Late"
"HSC_MPP","MEMP","APP","CD74",0.0511099762794157,0,"APP_CD74","APP - CD74","APP","Cell-Cell Contact","PMID: 19849849","PBMC_Late"
"Megakaryocytes","MEMP","APP","CD74",0.0418950979167098,0,"APP_CD74","APP - CD74","APP","Cell-Cell Contact","PMID: 19849849","PBMC_Late"
"MEP","MEMP","APP","CD74",0.0259312918436637,0.01,"APP_CD74","APP - CD74","APP","Cell-Cell Contact","PMID: 19849849","PBMC_Late"
"pDC","MEMP","APP","CD74",0.151629427337596,0,"APP_CD74","APP - CD74","APP","Cell-Cell Contact","PMID: 19849849","PBMC_Late"
"Pro-B","MEMP","APP","CD74",0.0441453203815637,0,"APP_CD74","APP - CD74","APP","Cell-Cell Contact","PMID: 19849849","PBMC_Late"
"CD14+PPBP+ Monocytes","MEP","APP","CD74",0.0325650509025077,0,"APP_CD74","APP - CD74","APP","Cell-Cell Contact","PMID: 19849849","PBMC_Late"
"Classical Monocytes","MEP","APP","CD74",0.00760662334550027,0,"APP_CD74","APP - CD74","APP","Cell-Cell Contact","PMID: 19849849","PBMC_Late"
"CXCR5- Naïve B","MEP","APP","CD74",0.0109144024051361,0,"APP_CD74","APP - CD74","APP","Cell-Cell Contact","PMID: 19849849","PBMC_Late"
"CXCR5+ Naïve B","MEP","APP","CD74",0.00792456632236316,0,"APP_CD74","APP - CD74","APP","Cell-Cell Contact","PMID: 19849849","PBMC_Late"
"DC2","MEP","APP","CD74",0.00867633781280797,0.01,"APP_CD74","APP - CD74","APP","Cell-Cell Contact","PMID: 19849849","PBMC_Late"
"HSC_MPP","MEP","APP","CD74",0.0297298022847672,0,"APP_CD74","APP - CD74","APP","Cell-Cell Contact","PMID: 19849849","PBMC_Late"
"Megakaryocytes","MEP","APP","CD74",0.024271066554714,0,"APP_CD74","APP - CD74","APP","Cell-Cell Contact","PMID: 19849849","PBMC_Late"
"pDC","MEP","APP","CD74",0.0922899813230072,0,"APP_CD74","APP - CD74","APP","Cell-Cell Contact","PMID: 19849849","PBMC_Late"
"Pro-B","MEP","APP","CD74",0.0255999794669692,0.03,"APP_CD74","APP - CD74","APP","Cell-Cell Contact","PMID: 19849849","PBMC_Late"
"CD14+PPBP+ Monocytes","Naïve CD4 T","APP","CD74",0.0283077412515192,0,"APP_CD74","APP - CD74","APP","Cell-Cell Contact","PMID: 19849849","PBMC_Late"
"Classical Monocytes","Naïve CD4 T","APP","CD74",0.006589964625521,0,"APP_CD74","APP - CD74","APP","Cell-Cell Contact","PMID: 19849849","PBMC_Late"
"CXCR5- Naïve B","Naïve CD4 T","APP","CD74",0.00945985869450781,0,"APP_CD74","APP - CD74","APP","Cell-Cell Contact","PMID: 19849849","PBMC_Late"
"CXCR5+ Naïve B","Naïve CD4 T","APP","CD74",0.00686570711380396,0,"APP_CD74","APP - CD74","APP","Cell-Cell Contact","PMID: 19849849","PBMC_Late"
"DC2","Naïve CD4 T","APP","CD74",0.00751779011419985,0.01,"APP_CD74","APP - CD74","APP","Cell-Cell Contact","PMID: 19849849","PBMC_Late"
"HSC_MPP","Naïve CD4 T","APP","CD74",0.0258332540511256,0,"APP_CD74","APP - CD74","APP","Cell-Cell Contact","PMID: 19849849","PBMC_Late"
"Megakaryocytes","Naïve CD4 T","APP","CD74",0.0210744299451296,0,"APP_CD74","APP - CD74","APP","Cell-Cell Contact","PMID: 19849849","PBMC_Late"
"pDC","Naïve CD4 T","APP","CD74",0.0808774305218104,0,"APP_CD74","APP - CD74","APP","Cell-Cell Contact","PMID: 19849849","PBMC_Late"
"CD14+PPBP+ Monocytes","Naïve CD8 T","APP","CD74",0.0287053990762004,0,"APP_CD74","APP - CD74","APP","Cell-Cell Contact","PMID: 19849849","PBMC_Late"
"Classical Monocytes","Naïve CD8 T","APP","CD74",0.00668463706682193,0,"APP_CD74","APP - CD74","APP","Cell-Cell Contact","PMID: 19849849","PBMC_Late"
"CXCR5- Naïve B","Naïve CD8 T","APP","CD74",0.00959536223884713,0,"APP_CD74","APP - CD74","APP","Cell-Cell Contact","PMID: 19849849","PBMC_Late"
"CXCR5+ Naïve B","Naïve CD8 T","APP","CD74",0.0069643131427772,0,"APP_CD74","APP - CD74","APP","Cell-Cell Contact","PMID: 19849849","PBMC_Late"
"DC2","Naïve CD8 T","APP","CD74",0.00762568951934636,0.01,"APP_CD74","APP - CD74","APP","Cell-Cell Contact","PMID: 19849849","PBMC_Late"
"HSC_MPP","Naïve CD8 T","APP","CD74",0.0261970882548358,0,"APP_CD74","APP - CD74","APP","Cell-Cell Contact","PMID: 19849849","PBMC_Late"
"Megakaryocytes","Naïve CD8 T","APP","CD74",0.0213727115685683,0,"APP_CD74","APP - CD74","APP","Cell-Cell Contact","PMID: 19849849","PBMC_Late"
"pDC","Naïve CD8 T","APP","CD74",0.0819512874210348,0,"APP_CD74","APP - CD74","APP","Cell-Cell Contact","PMID: 19849849","PBMC_Late"
"CD14+PPBP+ Monocytes","NK T","APP","CD74",0.0495178796077858,0,"APP_CD74","APP - CD74","APP","Cell-Cell Contact","PMID: 19849849","PBMC_Late"
"Classical Monocytes","NK T","APP","CD74",0.0117239624595001,0,"APP_CD74","APP - CD74","APP","Cell-Cell Contact","PMID: 19849849","PBMC_Late"
"CXCR5- Naïve B","NK T","APP","CD74",0.0167918920663051,0,"APP_CD74","APP - CD74","APP","Cell-Cell Contact","PMID: 19849849","PBMC_Late"
"CXCR5+ Naïve B","NK T","APP","CD74",0.0122118849580388,0,"APP_CD74","APP - CD74","APP","Cell-Cell Contact","PMID: 19849849","PBMC_Late"
"DC2","NK T","APP","CD74",0.0133648977931058,0,"APP_CD74","APP - CD74","APP","Cell-Cell Contact","PMID: 19849849","PBMC_Late"
"HSC_MPP","NK T","APP","CD74",0.0452757229772007,0,"APP_CD74","APP - CD74","APP","Cell-Cell Contact","PMID: 19849849","PBMC_Late"
"Megakaryocytes","NK T","APP","CD74",0.0370716363288934,0,"APP_CD74","APP - CD74","APP","Cell-Cell Contact","PMID: 19849849","PBMC_Late"
"MEP","NK T","APP","CD74",0.0229018404875596,0.02,"APP_CD74","APP - CD74","APP","Cell-Cell Contact","PMID: 19849849","PBMC_Late"
"pDC","NK T","APP","CD74",0.135964928640992,0,"APP_CD74","APP - CD74","APP","Cell-Cell Contact","PMID: 19849849","PBMC_Late"
"Pro-B","NK T","APP","CD74",0.0390733519066036,0,"APP_CD74","APP - CD74","APP","Cell-Cell Contact","PMID: 19849849","PBMC_Late"
"CD14+PPBP+ Monocytes","pDC","APP","CD74",0.125296654191485,0,"APP_CD74","APP - CD74","APP","Cell-Cell Contact","PMID: 19849849","PBMC_Late"
"Classical Monocytes","pDC","APP","CD74",0.0315876327027733,0,"APP_CD74","APP - CD74","APP","Cell-Cell Contact","PMID: 19849849","PBMC_Late"
"CXCR5- Naïve B","pDC","APP","CD74",0.0448523589142644,0,"APP_CD74","APP - CD74","APP","Cell-Cell Contact","PMID: 19849849","PBMC_Late"
"CXCR5+ Naïve B","pDC","APP","CD74",0.0328747331399084,0,"APP_CD74","APP - CD74","APP","Cell-Cell Contact","PMID: 19849849","PBMC_Late"
"DC2","pDC","APP","CD74",0.0359077561137836,0,"APP_CD74","APP - CD74","APP","Cell-Cell Contact","PMID: 19849849","PBMC_Late"
"HSC_MPP","pDC","APP","CD74",0.115350448652208,0,"APP_CD74","APP - CD74","APP","Cell-Cell Contact","PMID: 19849849","PBMC_Late"
"Megakaryocytes","pDC","APP","CD74",0.0957217162344927,0,"APP_CD74","APP - CD74","APP","Cell-Cell Contact","PMID: 19849849","PBMC_Late"
"MEMP","pDC","APP","CD74",0.0258960367287795,0,"APP_CD74","APP - CD74","APP","Cell-Cell Contact","PMID: 19849849","PBMC_Late"
"MEP","pDC","APP","CD74",0.0605437541523605,0,"APP_CD74","APP - CD74","APP","Cell-Cell Contact","PMID: 19849849","PBMC_Late"
"pDC","pDC","APP","CD74",0.302002235813958,0,"APP_CD74","APP - CD74","APP","Cell-Cell Contact","PMID: 19849849","PBMC_Late"
"Pro-B","pDC","APP","CD74",0.100559575770726,0,"APP_CD74","APP - CD74","APP","Cell-Cell Contact","PMID: 19849849","PBMC_Late"
"CD14+PPBP+ Monocytes","Pro-B","APP","CD74",0.114251030646482,0,"APP_CD74","APP - CD74","APP","Cell-Cell Contact","PMID: 19849849","PBMC_Late"
"Classical Monocytes","Pro-B","APP","CD74",0.0285335203671393,0,"APP_CD74","APP - CD74","APP","Cell-Cell Contact","PMID: 19849849","PBMC_Late"
"CXCR5- Naïve B","Pro-B","APP","CD74",0.0405694489956665,0,"APP_CD74","APP - CD74","APP","Cell-Cell Contact","PMID: 19849849","PBMC_Late"
"CXCR5+ Naïve B","Pro-B","APP","CD74",0.0296999915669624,0,"APP_CD74","APP - CD74","APP","Cell-Cell Contact","PMID: 19849849","PBMC_Late"
"DC2","Pro-B","APP","CD74",0.0324499405997409,0,"APP_CD74","APP - CD74","APP","Cell-Cell Contact","PMID: 19849849","PBMC_Late"
"HSC_MPP","Pro-B","APP","CD74",0.105076310522972,0,"APP_CD74","APP - CD74","APP","Cell-Cell Contact","PMID: 19849849","PBMC_Late"
"Megakaryocytes","Pro-B","APP","CD74",0.0870239047444265,0,"APP_CD74","APP - CD74","APP","Cell-Cell Contact","PMID: 19849849","PBMC_Late"
"MEMP","Pro-B","APP","CD74",0.0233789423816186,0,"APP_CD74","APP - CD74","APP","Cell-Cell Contact","PMID: 19849849","PBMC_Late"
"MEP","Pro-B","APP","CD74",0.0548485293787304,0,"APP_CD74","APP - CD74","APP","Cell-Cell Contact","PMID: 19849849","PBMC_Late"
"pDC","Pro-B","APP","CD74",0.280372150720573,0,"APP_CD74","APP - CD74","APP","Cell-Cell Contact","PMID: 19849849","PBMC_Late"
"Pro-B","Pro-B","APP","CD74",0.0914666337503827,0,"APP_CD74","APP - CD74","APP","Cell-Cell Contact","PMID: 19849849","PBMC_Late"
"CD14+PPBP+ Monocytes","Tem","APP","CD74",0.028604045470644,0,"APP_CD74","APP - CD74","APP","Cell-Cell Contact","PMID: 19849849","PBMC_Late"
"Classical Monocytes","Tem","APP","CD74",0.00666050164680796,0,"APP_CD74","APP - CD74","APP","Cell-Cell Contact","PMID: 19849849","PBMC_Late"
"CXCR5- Naïve B","Tem","APP","CD74",0.00956081856610637,0,"APP_CD74","APP - CD74","APP","Cell-Cell Contact","PMID: 19849849","PBMC_Late"
"CXCR5+ Naïve B","Tem","APP","CD74",0.00693917498407215,0,"APP_CD74","APP - CD74","APP","Cell-Cell Contact","PMID: 19849849","PBMC_Late"
"DC2","Tem","APP","CD74",0.00759818234415729,0.01,"APP_CD74","APP - CD74","APP","Cell-Cell Contact","PMID: 19849849","PBMC_Late"
"HSC_MPP","Tem","APP","CD74",0.0261043530210266,0,"APP_CD74","APP - CD74","APP","Cell-Cell Contact","PMID: 19849849","PBMC_Late"
"Megakaryocytes","Tem","APP","CD74",0.0212966806899035,0,"APP_CD74","APP - CD74","APP","Cell-Cell Contact","PMID: 19849849","PBMC_Late"
"pDC","Tem","APP","CD74",0.0816777415178115,0,"APP_CD74","APP - CD74","APP","Cell-Cell Contact","PMID: 19849849","PBMC_Late"
"CD14+PPBP+ Monocytes","Th17like_INNATE_T","APP","CD74",0.0283812641468475,0,"APP_CD74","APP - CD74","APP","Cell-Cell Contact","PMID: 19849849","PBMC_Late"
"Classical Monocytes","Th17like_INNATE_T","APP","CD74",0.00660746411902993,0,"APP_CD74","APP - CD74","APP","Cell-Cell Contact","PMID: 19849849","PBMC_Late"
"CXCR5- Naïve B","Th17like_INNATE_T","APP","CD74",0.0094849063597393,0,"APP_CD74","APP - CD74","APP","Cell-Cell Contact","PMID: 19849849","PBMC_Late"
"CXCR5+ Naïve B","Th17like_INNATE_T","APP","CD74",0.00688393376085405,0,"APP_CD74","APP - CD74","APP","Cell-Cell Contact","PMID: 19849849","PBMC_Late"
"DC2","Th17like_INNATE_T","APP","CD74",0.00753773473130367,0.01,"APP_CD74","APP - CD74","APP","Cell-Cell Contact","PMID: 19849849","PBMC_Late"
"HSC_MPP","Th17like_INNATE_T","APP","CD74",0.0259005213407283,0,"APP_CD74","APP - CD74","APP","Cell-Cell Contact","PMID: 19849849","PBMC_Late"
"Megakaryocytes","Th17like_INNATE_T","APP","CD74",0.0211295744887171,0,"APP_CD74","APP - CD74","APP","Cell-Cell Contact","PMID: 19849849","PBMC_Late"
"pDC","Th17like_INNATE_T","APP","CD74",0.0810760987397364,0,"APP_CD74","APP - CD74","APP","Cell-Cell Contact","PMID: 19849849","PBMC_Late"
"CD14+PPBP+ Monocytes","Treg","APP","CD74",0.0352575369368194,0,"APP_CD74","APP - CD74","APP","Cell-Cell Contact","PMID: 19849849","PBMC_Late"
"Classical Monocytes","Treg","APP","CD74",0.00825314495810662,0,"APP_CD74","APP - CD74","APP","Cell-Cell Contact","PMID: 19849849","PBMC_Late"
"CXCR5- Naïve B","Treg","APP","CD74",0.0118387133612374,0,"APP_CD74","APP - CD74","APP","Cell-Cell Contact","PMID: 19849849","PBMC_Late"
"CXCR5+ Naïve B","Treg","APP","CD74",0.00859787723375817,0,"APP_CD74","APP - CD74","APP","Cell-Cell Contact","PMID: 19849849","PBMC_Late"
"DC2","Treg","APP","CD74",0.00941291695566348,0.01,"APP_CD74","APP - CD74","APP","Cell-Cell Contact","PMID: 19849849","PBMC_Late"
"HSC_MPP","Treg","APP","CD74",0.0321956706276345,0,"APP_CD74","APP - CD74","APP","Cell-Cell Contact","PMID: 19849849","PBMC_Late"
"Megakaryocytes","Treg","APP","CD74",0.0262964437741386,0,"APP_CD74","APP - CD74","APP","Cell-Cell Contact","PMID: 19849849","PBMC_Late"
"pDC","Treg","APP","CD74",0.0994131049953642,0,"APP_CD74","APP - CD74","APP","Cell-Cell Contact","PMID: 19849849","PBMC_Late"
"Pro-B","Treg","APP","CD74",0.0277331001235787,0,"APP_CD74","APP - CD74","APP","Cell-Cell Contact","PMID: 19849849","PBMC_Late"
"CXCR5- Naïve B","abTentry","CD22","PTPRC",0.039960742514953,0,"CD22_PTPRC","CD22 - PTPRC","CD22","Cell-Cell Contact","KEGG: hsa04514","PBMC_Late"
"CXCR5+ Naïve B","abTentry","CD22","PTPRC",0.0437413608518648,0,"CD22_PTPRC","CD22 - PTPRC","CD22","Cell-Cell Contact","KEGG: hsa04514","PBMC_Late"
"Pro-B","abTentry","CD22","PTPRC",0.0158328555130018,0,"CD22_PTPRC","CD22 - PTPRC","CD22","Cell-Cell Contact","KEGG: hsa04514","PBMC_Late"
"CXCR5- Naïve B","CD14+PPBP+ Monocytes","CD22","PTPRC",0.0230600251522766,0,"CD22_PTPRC","CD22 - PTPRC","CD22","Cell-Cell Contact","KEGG: hsa04514","PBMC_Late"
"CXCR5+ Naïve B","CD14+PPBP+ Monocytes","CD22","PTPRC",0.0252838054279275,0,"CD22_PTPRC","CD22 - PTPRC","CD22","Cell-Cell Contact","KEGG: hsa04514","PBMC_Late"
"Pro-B","CD14+PPBP+ Monocytes","CD22","PTPRC",0.00904052434441652,0,"CD22_PTPRC","CD22 - PTPRC","CD22","Cell-Cell Contact","KEGG: hsa04514","PBMC_Late"
"CXCR5- Naïve B","CD56highCD16low NK","CD22","PTPRC",0.0343782263274547,0,"CD22_PTPRC","CD22 - PTPRC","CD22","Cell-Cell Contact","KEGG: hsa04514","PBMC_Late"
"CXCR5+ Naïve B","CD56highCD16low NK","CD22","PTPRC",0.0376514056435621,0,"CD22_PTPRC","CD22 - PTPRC","CD22","Cell-Cell Contact","KEGG: hsa04514","PBMC_Late"
"Pro-B","CD56highCD16low NK","CD22","PTPRC",0.0135733498338235,0,"CD22_PTPRC","CD22 - PTPRC","CD22","Cell-Cell Contact","KEGG: hsa04514","PBMC_Late"
"CXCR5- Naïve B","Classical Monocytes","CD22","PTPRC",0.0256248374263277,0,"CD22_PTPRC","CD22 - PTPRC","CD22","Cell-Cell Contact","KEGG: hsa04514","PBMC_Late"
"CXCR5+ Naïve B","Classical Monocytes","CD22","PTPRC",0.0280888425239033,0,"CD22_PTPRC","CD22 - PTPRC","CD22","Cell-Cell Contact","KEGG: hsa04514","PBMC_Late"
"Pro-B","Classical Monocytes","CD22","PTPRC",0.0100621014999251,0,"CD22_PTPRC","CD22 - PTPRC","CD22","Cell-Cell Contact","KEGG: hsa04514","PBMC_Late"
"CXCR5- Naïve B","CX3CR1+ NK","CD22","PTPRC",0.0319093459819873,0,"CD22_PTPRC","CD22 - PTPRC","CD22","Cell-Cell Contact","KEGG: hsa04514","PBMC_Late"
"CXCR5+ Naïve B","CX3CR1+ NK","CD22","PTPRC",0.0349559705960464,0,"CD22_PTPRC","CD22 - PTPRC","CD22","Cell-Cell Contact","KEGG: hsa04514","PBMC_Late"
"Pro-B","CX3CR1+ NK","CD22","PTPRC",0.0125791128805857,0,"CD22_PTPRC","CD22 - PTPRC","CD22","Cell-Cell Contact","KEGG: hsa04514","PBMC_Late"
"CXCR5- Naïve B","CXCR5- Naïve B","CD22","PTPRC",0.0269592322085972,0,"CD22_PTPRC","CD22 - PTPRC","CD22","Cell-Cell Contact","KEGG: hsa04514","PBMC_Late"
"CXCR5+ Naïve B","CXCR5- Naïve B","CD22","PTPRC",0.0295476575766009,0,"CD22_PTPRC","CD22 - PTPRC","CD22","Cell-Cell Contact","KEGG: hsa04514","PBMC_Late"
"Pro-B","CXCR5- Naïve B","CD22","PTPRC",0.0105948902214665,0,"CD22_PTPRC","CD22 - PTPRC","CD22","Cell-Cell Contact","KEGG: hsa04514","PBMC_Late"
"CXCR5- Naïve B","CXCR5+ Naïve B","CD22","PTPRC",0.0252974300422722,0,"CD22_PTPRC","CD22 - PTPRC","CD22","Cell-Cell Contact","KEGG: hsa04514","PBMC_Late"
"CXCR5+ Naïve B","CXCR5+ Naïve B","CD22","PTPRC",0.0277308486542834,0,"CD22_PTPRC","CD22 - PTPRC","CD22","Cell-Cell Contact","KEGG: hsa04514","PBMC_Late"
"Pro-B","CXCR5+ Naïve B","CD22","PTPRC",0.00993151172542172,0,"CD22_PTPRC","CD22 - PTPRC","CD22","Cell-Cell Contact","KEGG: hsa04514","PBMC_Late"
"CXCR5- Naïve B","CXCR6+ NK","CD22","PTPRC",0.0308614540901984,0,"CD22_PTPRC","CD22 - PTPRC","CD22","Cell-Cell Contact","KEGG: hsa04514","PBMC_Late"
"CXCR5+ Naïve B","CXCR6+ NK","CD22","PTPRC",0.0338115229536771,0,"CD22_PTPRC","CD22 - PTPRC","CD22","Cell-Cell Contact","KEGG: hsa04514","PBMC_Late"
"Pro-B","CXCR6+ NK","CD22","PTPRC",0.0121580468651585,0,"CD22_PTPRC","CD22 - PTPRC","CD22","Cell-Cell Contact","KEGG: hsa04514","PBMC_Late"
"CXCR5- Naïve B","DC2","CD22","PTPRC",0.0236871810921818,0,"CD22_PTPRC","CD22 - PTPRC","CD22","Cell-Cell Contact","KEGG: hsa04514","PBMC_Late"
"CXCR5+ Naïve B","DC2","CD22","PTPRC",0.025969833076096,0,"CD22_PTPRC","CD22 - PTPRC","CD22","Cell-Cell Contact","KEGG: hsa04514","PBMC_Late"
"Pro-B","DC2","CD22","PTPRC",0.00929002226395547,0,"CD22_PTPRC","CD22 - PTPRC","CD22","Cell-Cell Contact","KEGG: hsa04514","PBMC_Late"
"CXCR5- Naïve B","Gamma Delta V1 T","CD22","PTPRC",0.0320112418791159,0,"CD22_PTPRC","CD22 - PTPRC","CD22","Cell-Cell Contact","KEGG: hsa04514","PBMC_Late"
"CXCR5+ Naïve B","Gamma Delta V1 T","CD22","PTPRC",0.0350672428527658,0,"CD22_PTPRC","CD22 - PTPRC","CD22","Cell-Cell Contact","KEGG: hsa04514","PBMC_Late"
"Pro-B","Gamma Delta V1 T","CD22","PTPRC",0.0126200863541523,0,"CD22_PTPRC","CD22 - PTPRC","CD22","Cell-Cell Contact","KEGG: hsa04514","PBMC_Late"
"CXCR5- Naïve B","Gamma Delta V2 T","CD22","PTPRC",0.0310082284143645,0,"CD22_PTPRC","CD22 - PTPRC","CD22","Cell-Cell Contact","KEGG: hsa04514","PBMC_Late"
"CXCR5+ Naïve B","Gamma Delta V2 T","CD22","PTPRC",0.033971835730471,0,"CD22_PTPRC","CD22 - PTPRC","CD22","Cell-Cell Contact","KEGG: hsa04514","PBMC_Late"
"Pro-B","Gamma Delta V2 T","CD22","PTPRC",0.0122169907804632,0,"CD22_PTPRC","CD22 - PTPRC","CD22","Cell-Cell Contact","KEGG: hsa04514","PBMC_Late"
"CXCR5- Naïve B","HSC_MPP","CD22","PTPRC",0.0177505866392172,0,"CD22_PTPRC","CD22 - PTPRC","CD22","Cell-Cell Contact","KEGG: hsa04514","PBMC_Late"
"CXCR5+ Naïve B","HSC_MPP","CD22","PTPRC",0.0194725597995048,0,"CD22_PTPRC","CD22 - PTPRC","CD22","Cell-Cell Contact","KEGG: hsa04514","PBMC_Late"
"Pro-B","HSC_MPP","CD22","PTPRC",0.00693607796158015,0,"CD22_PTPRC","CD22 - PTPRC","CD22","Cell-Cell Contact","KEGG: hsa04514","PBMC_Late"
"CXCR5- Naïve B","ILC2/3","CD22","PTPRC",0.024891065007682,0,"CD22_PTPRC","CD22 - PTPRC","CD22","Cell-Cell Contact","KEGG: hsa04514","PBMC_Late"
"CXCR5+ Naïve B","ILC2/3","CD22","PTPRC",0.0272864887118835,0,"CD22_PTPRC","CD22 - PTPRC","CD22","Cell-Cell Contact","KEGG: hsa04514","PBMC_Late"
"Pro-B","ILC2/3","CD22","PTPRC",0.00976950298330881,0,"CD22_PTPRC","CD22 - PTPRC","CD22","Cell-Cell Contact","KEGG: hsa04514","PBMC_Late"
"CXCR5- Naïve B","MEMP","CD22","PTPRC",0.0106002825844618,0,"CD22_PTPRC","CD22 - PTPRC","CD22","Cell-Cell Contact","KEGG: hsa04514","PBMC_Late"
"CXCR5+ Naïve B","MEMP","CD22","PTPRC",0.0116368269930967,0,"CD22_PTPRC","CD22 - PTPRC","CD22","Cell-Cell Contact","KEGG: hsa04514","PBMC_Late"
"Pro-B","MEMP","CD22","PTPRC",0.00412379290118976,0,"CD22_PTPRC","CD22 - PTPRC","CD22","Cell-Cell Contact","KEGG: hsa04514","PBMC_Late"
"CXCR5- Naïve B","MEP","CD22","PTPRC",0.00743032944595874,0,"CD22_PTPRC","CD22 - PTPRC","CD22","Cell-Cell Contact","KEGG: hsa04514","PBMC_Late"
"CXCR5+ Naïve B","MEP","CD22","PTPRC",0.00815945755594871,0,"CD22_PTPRC","CD22 - PTPRC","CD22","Cell-Cell Contact","KEGG: hsa04514","PBMC_Late"
"Pro-B","MEP","CD22","PTPRC",0.00288494920014437,0,"CD22_PTPRC","CD22 - PTPRC","CD22","Cell-Cell Contact","KEGG: hsa04514","PBMC_Late"
"CXCR5- Naïve B","Myeloid-CD177","CD22","PTPRC",0.0369284076405855,0,"CD22_PTPRC","CD22 - PTPRC","CD22","Cell-Cell Contact","KEGG: hsa04514","PBMC_Late"
"CXCR5+ Naïve B","Myeloid-CD177","CD22","PTPRC",0.0404342246699254,0,"CD22_PTPRC","CD22 - PTPRC","CD22","Cell-Cell Contact","KEGG: hsa04514","PBMC_Late"
"Pro-B","Myeloid-CD177","CD22","PTPRC",0.0146035628915519,0,"CD22_PTPRC","CD22 - PTPRC","CD22","Cell-Cell Contact","KEGG: hsa04514","PBMC_Late"
"CXCR5- Naïve B","Naïve CD4 T","CD22","PTPRC",0.0288826427610138,0,"CD22_PTPRC","CD22 - PTPRC","CD22","Cell-Cell Contact","KEGG: hsa04514","PBMC_Late"
"CXCR5+ Naïve B","Naïve CD4 T","CD22","PTPRC",0.031649732989294,0,"CD22_PTPRC","CD22 - PTPRC","CD22","Cell-Cell Contact","KEGG: hsa04514","PBMC_Late"
"Pro-B","Naïve CD4 T","CD22","PTPRC",0.0113644200448949,0,"CD22_PTPRC","CD22 - PTPRC","CD22","Cell-Cell Contact","KEGG: hsa04514","PBMC_Late"
"CXCR5- Naïve B","Naïve CD8 T","CD22","PTPRC",0.0285792472102258,0,"CD22_PTPRC","CD22 - PTPRC","CD22","Cell-Cell Contact","KEGG: hsa04514","PBMC_Late"
"CXCR5+ Naïve B","Naïve CD8 T","CD22","PTPRC",0.0313182081381292,0,"CD22_PTPRC","CD22 - PTPRC","CD22","Cell-Cell Contact","KEGG: hsa04514","PBMC_Late"
"Pro-B","Naïve CD8 T","CD22","PTPRC",0.011242912907688,0,"CD22_PTPRC","CD22 - PTPRC","CD22","Cell-Cell Contact","KEGG: hsa04514","PBMC_Late"
"CXCR5- Naïve B","NK T","CD22","PTPRC",0.0303006133659539,0,"CD22_PTPRC","CD22 - PTPRC","CD22","Cell-Cell Contact","KEGG: hsa04514","PBMC_Late"
"CXCR5+ Naïve B","NK T","CD22","PTPRC",0.0331989075660546,0,"CD22_PTPRC","CD22 - PTPRC","CD22","Cell-Cell Contact","KEGG: hsa04514","PBMC_Late"
"Pro-B","NK T","CD22","PTPRC",0.0119329153569138,0,"CD22_PTPRC","CD22 - PTPRC","CD22","Cell-Cell Contact","KEGG: hsa04514","PBMC_Late"
"CXCR5- Naïve B","pDC","CD22","PTPRC",0.0195296528593575,0,"CD22_PTPRC","CD22 - PTPRC","CD22","Cell-Cell Contact","KEGG: hsa04514","PBMC_Late"
"CXCR5+ Naïve B","pDC","CD22","PTPRC",0.0214204484272894,0,"CD22_PTPRC","CD22 - PTPRC","CD22","Cell-Cell Contact","KEGG: hsa04514","PBMC_Late"
"Pro-B","pDC","CD22","PTPRC",0.00763968195382416,0,"CD22_PTPRC","CD22 - PTPRC","CD22","Cell-Cell Contact","KEGG: hsa04514","PBMC_Late"
"CXCR5- Naïve B","Pro-B","CD22","PTPRC",0.0092195048425156,0,"CD22_PTPRC","CD22 - PTPRC","CD22","Cell-Cell Contact","KEGG: hsa04514","PBMC_Late"
"CXCR5+ Naïve B","Pro-B","CD22","PTPRC",0.010122411808553,0,"CD22_PTPRC","CD22 - PTPRC","CD22","Cell-Cell Contact","KEGG: hsa04514","PBMC_Late"
"Pro-B","Pro-B","CD22","PTPRC",0.00358357793765117,0,"CD22_PTPRC","CD22 - PTPRC","CD22","Cell-Cell Contact","KEGG: hsa04514","PBMC_Late"
"CXCR5- Naïve B","Tem","CD22","PTPRC",0.0256783732033102,0,"CD22_PTPRC","CD22 - PTPRC","CD22","Cell-Cell Contact","KEGG: hsa04514","PBMC_Late"
"CXCR5+ Naïve B","Tem","CD22","PTPRC",0.0281473774269077,0,"CD22_PTPRC","CD22 - PTPRC","CD22","Cell-Cell Contact","KEGG: hsa04514","PBMC_Late"
"Pro-B","Tem","CD22","PTPRC",0.0100834598609616,0,"CD22_PTPRC","CD22 - PTPRC","CD22","Cell-Cell Contact","KEGG: hsa04514","PBMC_Late"
"CXCR5- Naïve B","Th17like_INNATE_T","CD22","PTPRC",0.02608477548364,0,"CD22_PTPRC","CD22 - PTPRC","CD22","Cell-Cell Contact","KEGG: hsa04514","PBMC_Late"
"CXCR5+ Naïve B","Th17like_INNATE_T","CD22","PTPRC",0.0285917090439314,0,"CD22_PTPRC","CD22 - PTPRC","CD22","Cell-Cell Contact","KEGG: hsa04514","PBMC_Late"
"Pro-B","Th17like_INNATE_T","CD22","PTPRC",0.0102456425403373,0,"CD22_PTPRC","CD22 - PTPRC","CD22","Cell-Cell Contact","KEGG: hsa04514","PBMC_Late"
"CXCR5- Naïve B","Treg","CD22","PTPRC",0.0327944811671899,0,"CD22_PTPRC","CD22 - PTPRC","CD22","Cell-Cell Contact","KEGG: hsa04514","PBMC_Late"
"CXCR5+ Naïve B","Treg","CD22","PTPRC",0.0359224803859661,0,"CD22_PTPRC","CD22 - PTPRC","CD22","Cell-Cell Contact","KEGG: hsa04514","PBMC_Late"
"Pro-B","Treg","CD22","PTPRC",0.0129352101230011,0,"CD22_PTPRC","CD22 - PTPRC","CD22","Cell-Cell Contact","KEGG: hsa04514","PBMC_Late"
"CD14+PPBP+ Monocytes","MEP","CD226","NECTIN2",0.00101826394157484,0,"CD226_NECTIN2","CD226 - NECTIN2","CD226","Cell-Cell Contact","PMID: 24440149","PBMC_Late"
"CXCR6+ NK","MEP","CD226","NECTIN2",0.000610160690904621,0,"CD226_NECTIN2","CD226 - NECTIN2","CD226","Cell-Cell Contact","PMID: 24440149","PBMC_Late"
"Megakaryocytes","MEP","CD226","NECTIN2",0.00204324055852352,0,"CD226_NECTIN2","CD226 - NECTIN2","CD226","Cell-Cell Contact","PMID: 24440149","PBMC_Late"
"Th17like_INNATE_T","MEP","CD226","NECTIN2",0.000799484692097396,0,"CD226_NECTIN2","CD226 - NECTIN2","CD226","Cell-Cell Contact","PMID: 24440149","PBMC_Late"
"CXCR5+ Naïve B","CD14+PPBP+ Monocytes","FCER2","ITGAM_ITGB2",0.0132489198286444,0,"FCER2A_ITGAM_ITGB2","FCER2A - (ITGAM+ITGB2)","CD23","Cell-Cell Contact","PMID: 7621072","PBMC_Late"
"CXCR5+ Naïve B","Classical Monocytes","FCER2","ITGAM_ITGB2",0.0107138542111675,0,"FCER2A_ITGAM_ITGB2","FCER2A - (ITGAM+ITGB2)","CD23","Cell-Cell Contact","PMID: 7621072","PBMC_Late"
"CXCR5+ Naïve B","CX3CR1+ NK","FCER2","ITGAM_ITGB2",0.012690194160422,0,"FCER2A_ITGAM_ITGB2","FCER2A - (ITGAM+ITGB2)","CD23","Cell-Cell Contact","PMID: 7621072","PBMC_Late"
"CXCR5+ Naïve B","CXCR6+ NK","FCER2","ITGAM_ITGB2",0.00711132602260178,0,"FCER2A_ITGAM_ITGB2","FCER2A - (ITGAM+ITGB2)","CD23","Cell-Cell Contact","PMID: 7621072","PBMC_Late"
"CXCR5+ Naïve B","Myeloid-CD177","FCER2","ITGAM_ITGB2",0.00744635485029378,0,"FCER2A_ITGAM_ITGB2","FCER2A - (ITGAM+ITGB2)","CD23","Cell-Cell Contact","PMID: 7621072","PBMC_Late"
"CXCR5+ Naïve B","CD14+PPBP+ Monocytes","FCER2","ITGAX_ITGB2",0.015746084393572,0,"FCER2A_ITGAX_ITGB2","FCER2A - (ITGAX+ITGB2)","CD23","Cell-Cell Contact","PMID: 7621072","PBMC_Late"
"CXCR5+ Naïve B","Classical Monocytes","FCER2","ITGAX_ITGB2",0.0112846111508568,0,"FCER2A_ITGAX_ITGB2","FCER2A - (ITGAX+ITGB2)","CD23","Cell-Cell Contact","PMID: 7621072","PBMC_Late"
"CXCR5+ Naïve B","DC2","FCER2","ITGAX_ITGB2",0.0160167995553366,0,"FCER2A_ITGAX_ITGB2","FCER2A - (ITGAX+ITGB2)","CD23","Cell-Cell Contact","PMID: 7621072","PBMC_Late"
"CXCR5+ Naïve B","Myeloid-CD177","FCER2","ITGAX_ITGB2",0.00831995889119002,0,"FCER2A_ITGAX_ITGB2","FCER2A - (ITGAX+ITGB2)","CD23","Cell-Cell Contact","PMID: 7621072","PBMC_Late"
"CXCR5+ Naïve B","MEP","FCER2","ITGAV_ITGB3",0.00233726629803995,0,"FCER2A_ITGAV_ITGB3","FCER2A - (ITGAV+ITGB3)","CD23","Cell-Cell Contact","PMID: 10037797","PBMC_Late"
"HSC_MPP","CD14+PPBP+ Monocytes","CD34","SELP",0.00911680445973836,0,"CD34_SELP","CD34 - SELP","CD34","Cell-Cell Contact","PMID: 18606703","PBMC_Late"
"MEMP","CD14+PPBP+ Monocytes","CD34","SELP",0.000970411887693901,0,"CD34_SELP","CD34 - SELP","CD34","Cell-Cell Contact","PMID: 18606703","PBMC_Late"
"Pro-B","CD14+PPBP+ Monocytes","CD34","SELP",0.00246434935181006,0,"CD34_SELP","CD34 - SELP","CD34","Cell-Cell Contact","PMID: 18606703","PBMC_Late"
"HSC_MPP","Megakaryocytes","CD34","SELP",0.0218313681999575,0,"CD34_SELP","CD34 - SELP","CD34","Cell-Cell Contact","PMID: 18606703","PBMC_Late"
"MEMP","Megakaryocytes","CD34","SELP",0.00235072968931719,0,"CD34_SELP","CD34 - SELP","CD34","Cell-Cell Contact","PMID: 18606703","PBMC_Late"
"Pro-B","Megakaryocytes","CD34","SELP",0.00595697908314912,0,"CD34_SELP","CD34 - SELP","CD34","Cell-Cell Contact","PMID: 18606703","PBMC_Late"
"CD14+PPBP+ Monocytes","MEP","ENTPD1","ADORA2B",0.00126023519282597,0,"ENTPD1_ADORA2B","ENTPD1 - ADORA2B","CD39","Cell-Cell Contact","PMID: 21677139","PBMC_Late"
"Classical Monocytes","MEP","ENTPD1","ADORA2B",0.000764033182841518,0,"ENTPD1_ADORA2B","ENTPD1 - ADORA2B","CD39","Cell-Cell Contact","PMID: 21677139","PBMC_Late"
"DC2","MEP","ENTPD1","ADORA2B",0.00165871547646254,0,"ENTPD1_ADORA2B","ENTPD1 - ADORA2B","CD39","Cell-Cell Contact","PMID: 21677139","PBMC_Late"
"Myeloid-CD177","MEP","ENTPD1","ADORA2B",0.00185866958639718,0,"ENTPD1_ADORA2B","ENTPD1 - ADORA2B","CD39","Cell-Cell Contact","PMID: 21677139","PBMC_Late"
"Naïve CD4 T","CXCR5- Naïve B","CD40LG","CD40",0.00263327939221816,0,"CD40LG_CD40","CD40LG - CD40","CD40","Cell-Cell Contact","KEGG: hsa04514","PBMC_Late"
"Tem","CXCR5- Naïve B","CD40LG","CD40",0.00315183528632295,0,"CD40LG_CD40","CD40LG - CD40","CD40","Cell-Cell Contact","KEGG: hsa04514","PBMC_Late"
"Th17like_INNATE_T","CXCR5- Naïve B","CD40LG","CD40",0.00316707986089024,0,"CD40LG_CD40","CD40LG - CD40","CD40","Cell-Cell Contact","KEGG: hsa04514","PBMC_Late"
"Naïve CD4 T","CXCR5+ Naïve B","CD40LG","CD40",0.00294063756007286,0,"CD40LG_CD40","CD40LG - CD40","CD40","Cell-Cell Contact","KEGG: hsa04514","PBMC_Late"
"Tem","CXCR5+ Naïve B","CD40LG","CD40",0.00351950606729942,0,"CD40LG_CD40","CD40LG - CD40","CD40","Cell-Cell Contact","KEGG: hsa04514","PBMC_Late"
"Th17like_INNATE_T","CXCR5+ Naïve B","CD40LG","CD40",0.00353652265699459,0,"CD40LG_CD40","CD40LG - CD40","CD40","Cell-Cell Contact","KEGG: hsa04514","PBMC_Late"
"abTentry","CXCR5- Naïve B","PTPRC","CD22",0.039960742514953,0,"PTPRC_CD22","PTPRC - CD22","CD45","Cell-Cell Contact","PMID: 12115612","PBMC_Late"
"CD14+PPBP+ Monocytes","CXCR5- Naïve B","PTPRC","CD22",0.0230600251522766,0,"PTPRC_CD22","PTPRC - CD22","CD45","Cell-Cell Contact","PMID: 12115612","PBMC_Late"
"CD56highCD16low NK","CXCR5- Naïve B","PTPRC","CD22",0.0343782263274547,0,"PTPRC_CD22","PTPRC - CD22","CD45","Cell-Cell Contact","PMID: 12115612","PBMC_Late"
"Classical Monocytes","CXCR5- Naïve B","PTPRC","CD22",0.0256248374263277,0,"PTPRC_CD22","PTPRC - CD22","CD45","Cell-Cell Contact","PMID: 12115612","PBMC_Late"
"CX3CR1+ NK","CXCR5- Naïve B","PTPRC","CD22",0.0319093459819873,0,"PTPRC_CD22","PTPRC - CD22","CD45","Cell-Cell Contact","PMID: 12115612","PBMC_Late"
"CXCR5- Naïve B","CXCR5- Naïve B","PTPRC","CD22",0.0269592322085972,0,"PTPRC_CD22","PTPRC - CD22","CD45","Cell-Cell Contact","PMID: 12115612","PBMC_Late"
"CXCR5+ Naïve B","CXCR5- Naïve B","PTPRC","CD22",0.0252974300422722,0,"PTPRC_CD22","PTPRC - CD22","CD45","Cell-Cell Contact","PMID: 12115612","PBMC_Late"
"CXCR6+ NK","CXCR5- Naïve B","PTPRC","CD22",0.0308614540901984,0,"PTPRC_CD22","PTPRC - CD22","CD45","Cell-Cell Contact","PMID: 12115612","PBMC_Late"
"DC2","CXCR5- Naïve B","PTPRC","CD22",0.0236871810921818,0,"PTPRC_CD22","PTPRC - CD22","CD45","Cell-Cell Contact","PMID: 12115612","PBMC_Late"
"Gamma Delta V1 T","CXCR5- Naïve B","PTPRC","CD22",0.0320112418791159,0,"PTPRC_CD22","PTPRC - CD22","CD45","Cell-Cell Contact","PMID: 12115612","PBMC_Late"
"Gamma Delta V2 T","CXCR5- Naïve B","PTPRC","CD22",0.0310082284143645,0,"PTPRC_CD22","PTPRC - CD22","CD45","Cell-Cell Contact","PMID: 12115612","PBMC_Late"
"HSC_MPP","CXCR5- Naïve B","PTPRC","CD22",0.0177505866392172,0,"PTPRC_CD22","PTPRC - CD22","CD45","Cell-Cell Contact","PMID: 12115612","PBMC_Late"
"ILC2/3","CXCR5- Naïve B","PTPRC","CD22",0.024891065007682,0,"PTPRC_CD22","PTPRC - CD22","CD45","Cell-Cell Contact","PMID: 12115612","PBMC_Late"
"MEMP","CXCR5- Naïve B","PTPRC","CD22",0.0106002825844618,0,"PTPRC_CD22","PTPRC - CD22","CD45","Cell-Cell Contact","PMID: 12115612","PBMC_Late"
"MEP","CXCR5- Naïve B","PTPRC","CD22",0.00743032944595874,0,"PTPRC_CD22","PTPRC - CD22","CD45","Cell-Cell Contact","PMID: 12115612","PBMC_Late"
"Myeloid-CD177","CXCR5- Naïve B","PTPRC","CD22",0.0369284076405855,0,"PTPRC_CD22","PTPRC - CD22","CD45","Cell-Cell Contact","PMID: 12115612","PBMC_Late"
"Naïve CD4 T","CXCR5- Naïve B","PTPRC","CD22",0.0288826427610138,0,"PTPRC_CD22","PTPRC - CD22","CD45","Cell-Cell Contact","PMID: 12115612","PBMC_Late"
"Naïve CD8 T","CXCR5- Naïve B","PTPRC","CD22",0.0285792472102258,0,"PTPRC_CD22","PTPRC - CD22","CD45","Cell-Cell Contact","PMID: 12115612","PBMC_Late"
"NK T","CXCR5- Naïve B","PTPRC","CD22",0.0303006133659539,0,"PTPRC_CD22","PTPRC - CD22","CD45","Cell-Cell Contact","PMID: 12115612","PBMC_Late"
"pDC","CXCR5- Naïve B","PTPRC","CD22",0.0195296528593575,0,"PTPRC_CD22","PTPRC - CD22","CD45","Cell-Cell Contact","PMID: 12115612","PBMC_Late"
"Pro-B","CXCR5- Naïve B","PTPRC","CD22",0.0092195048425156,0,"PTPRC_CD22","PTPRC - CD22","CD45","Cell-Cell Contact","PMID: 12115612","PBMC_Late"
"Tem","CXCR5- Naïve B","PTPRC","CD22",0.0256783732033102,0,"PTPRC_CD22","PTPRC - CD22","CD45","Cell-Cell Contact","PMID: 12115612","PBMC_Late"
"Th17like_INNATE_T","CXCR5- Naïve B","PTPRC","CD22",0.02608477548364,0,"PTPRC_CD22","PTPRC - CD22","CD45","Cell-Cell Contact","PMID: 12115612","PBMC_Late"
"Treg","CXCR5- Naïve B","PTPRC","CD22",0.0327944811671899,0,"PTPRC_CD22","PTPRC - CD22","CD45","Cell-Cell Contact","PMID: 12115612","PBMC_Late"
"abTentry","CXCR5+ Naïve B","PTPRC","CD22",0.0437413608518648,0,"PTPRC_CD22","PTPRC - CD22","CD45","Cell-Cell Contact","PMID: 12115612","PBMC_Late"
"CD14+PPBP+ Monocytes","CXCR5+ Naïve B","PTPRC","CD22",0.0252838054279275,0,"PTPRC_CD22","PTPRC - CD22","CD45","Cell-Cell Contact","PMID: 12115612","PBMC_Late"
"CD56highCD16low NK","CXCR5+ Naïve B","PTPRC","CD22",0.0376514056435621,0,"PTPRC_CD22","PTPRC - CD22","CD45","Cell-Cell Contact","PMID: 12115612","PBMC_Late"
"Classical Monocytes","CXCR5+ Naïve B","PTPRC","CD22",0.0280888425239033,0,"PTPRC_CD22","PTPRC - CD22","CD45","Cell-Cell Contact","PMID: 12115612","PBMC_Late"
"CX3CR1+ NK","CXCR5+ Naïve B","PTPRC","CD22",0.0349559705960464,0,"PTPRC_CD22","PTPRC - CD22","CD45","Cell-Cell Contact","PMID: 12115612","PBMC_Late"
"CXCR5- Naïve B","CXCR5+ Naïve B","PTPRC","CD22",0.0295476575766009,0,"PTPRC_CD22","PTPRC - CD22","CD45","Cell-Cell Contact","PMID: 12115612","PBMC_Late"
"CXCR5+ Naïve B","CXCR5+ Naïve B","PTPRC","CD22",0.0277308486542834,0,"PTPRC_CD22","PTPRC - CD22","CD45","Cell-Cell Contact","PMID: 12115612","PBMC_Late"
"CXCR6+ NK","CXCR5+ Naïve B","PTPRC","CD22",0.0338115229536771,0,"PTPRC_CD22","PTPRC - CD22","CD45","Cell-Cell Contact","PMID: 12115612","PBMC_Late"
"DC2","CXCR5+ Naïve B","PTPRC","CD22",0.025969833076096,0,"PTPRC_CD22","PTPRC - CD22","CD45","Cell-Cell Contact","PMID: 12115612","PBMC_Late"
"Gamma Delta V1 T","CXCR5+ Naïve B","PTPRC","CD22",0.0350672428527658,0,"PTPRC_CD22","PTPRC - CD22","CD45","Cell-Cell Contact","PMID: 12115612","PBMC_Late"
"Gamma Delta V2 T","CXCR5+ Naïve B","PTPRC","CD22",0.033971835730471,0,"PTPRC_CD22","PTPRC - CD22","CD45","Cell-Cell Contact","PMID: 12115612","PBMC_Late"
"HSC_MPP","CXCR5+ Naïve B","PTPRC","CD22",0.0194725597995048,0,"PTPRC_CD22","PTPRC - CD22","CD45","Cell-Cell Contact","PMID: 12115612","PBMC_Late"
"ILC2/3","CXCR5+ Naïve B","PTPRC","CD22",0.0272864887118835,0,"PTPRC_CD22","PTPRC - CD22","CD45","Cell-Cell Contact","PMID: 12115612","PBMC_Late"
"MEMP","CXCR5+ Naïve B","PTPRC","CD22",0.0116368269930967,0,"PTPRC_CD22","PTPRC - CD22","CD45","Cell-Cell Contact","PMID: 12115612","PBMC_Late"
"MEP","CXCR5+ Naïve B","PTPRC","CD22",0.00815945755594871,0,"PTPRC_CD22","PTPRC - CD22","CD45","Cell-Cell Contact","PMID: 12115612","PBMC_Late"
"Myeloid-CD177","CXCR5+ Naïve B","PTPRC","CD22",0.0404342246699254,0,"PTPRC_CD22","PTPRC - CD22","CD45","Cell-Cell Contact","PMID: 12115612","PBMC_Late"
"Naïve CD4 T","CXCR5+ Naïve B","PTPRC","CD22",0.031649732989294,0,"PTPRC_CD22","PTPRC - CD22","CD45","Cell-Cell Contact","PMID: 12115612","PBMC_Late"
"Naïve CD8 T","CXCR5+ Naïve B","PTPRC","CD22",0.0313182081381292,0,"PTPRC_CD22","PTPRC - CD22","CD45","Cell-Cell Contact","PMID: 12115612","PBMC_Late"
"NK T","CXCR5+ Naïve B","PTPRC","CD22",0.0331989075660546,0,"PTPRC_CD22","PTPRC - CD22","CD45","Cell-Cell Contact","PMID: 12115612","PBMC_Late"
"pDC","CXCR5+ Naïve B","PTPRC","CD22",0.0214204484272894,0,"PTPRC_CD22","PTPRC - CD22","CD45","Cell-Cell Contact","PMID: 12115612","PBMC_Late"
"Pro-B","CXCR5+ Naïve B","PTPRC","CD22",0.010122411808553,0,"PTPRC_CD22","PTPRC - CD22","CD45","Cell-Cell Contact","PMID: 12115612","PBMC_Late"
"Tem","CXCR5+ Naïve B","PTPRC","CD22",0.0281473774269077,0,"PTPRC_CD22","PTPRC - CD22","CD45","Cell-Cell Contact","PMID: 12115612","PBMC_Late"
"Th17like_INNATE_T","CXCR5+ Naïve B","PTPRC","CD22",0.0285917090439314,0,"PTPRC_CD22","PTPRC - CD22","CD45","Cell-Cell Contact","PMID: 12115612","PBMC_Late"
"Treg","CXCR5+ Naïve B","PTPRC","CD22",0.0359224803859661,0,"PTPRC_CD22","PTPRC - CD22","CD45","Cell-Cell Contact","PMID: 12115612","PBMC_Late"
"abTentry","Pro-B","PTPRC","CD22",0.0158328555130018,0,"PTPRC_CD22","PTPRC - CD22","CD45","Cell-Cell Contact","PMID: 12115612","PBMC_Late"
"CD14+PPBP+ Monocytes","Pro-B","PTPRC","CD22",0.00904052434441652,0,"PTPRC_CD22","PTPRC - CD22","CD45","Cell-Cell Contact","PMID: 12115612","PBMC_Late"
"CD56highCD16low NK","Pro-B","PTPRC","CD22",0.0135733498338235,0,"PTPRC_CD22","PTPRC - CD22","CD45","Cell-Cell Contact","PMID: 12115612","PBMC_Late"
"Classical Monocytes","Pro-B","PTPRC","CD22",0.0100621014999251,0,"PTPRC_CD22","PTPRC - CD22","CD45","Cell-Cell Contact","PMID: 12115612","PBMC_Late"
"CX3CR1+ NK","Pro-B","PTPRC","CD22",0.0125791128805857,0,"PTPRC_CD22","PTPRC - CD22","CD45","Cell-Cell Contact","PMID: 12115612","PBMC_Late"
"CXCR5- Naïve B","Pro-B","PTPRC","CD22",0.0105948902214665,0,"PTPRC_CD22","PTPRC - CD22","CD45","Cell-Cell Contact","PMID: 12115612","PBMC_Late"
"CXCR5+ Naïve B","Pro-B","PTPRC","CD22",0.00993151172542172,0,"PTPRC_CD22","PTPRC - CD22","CD45","Cell-Cell Contact","PMID: 12115612","PBMC_Late"
"CXCR6+ NK","Pro-B","PTPRC","CD22",0.0121580468651585,0,"PTPRC_CD22","PTPRC - CD22","CD45","Cell-Cell Contact","PMID: 12115612","PBMC_Late"
"DC2","Pro-B","PTPRC","CD22",0.00929002226395547,0,"PTPRC_CD22","PTPRC - CD22","CD45","Cell-Cell Contact","PMID: 12115612","PBMC_Late"
"Gamma Delta V1 T","Pro-B","PTPRC","CD22",0.0126200863541523,0,"PTPRC_CD22","PTPRC - CD22","CD45","Cell-Cell Contact","PMID: 12115612","PBMC_Late"
"Gamma Delta V2 T","Pro-B","PTPRC","CD22",0.0122169907804632,0,"PTPRC_CD22","PTPRC - CD22","CD45","Cell-Cell Contact","PMID: 12115612","PBMC_Late"
"HSC_MPP","Pro-B","PTPRC","CD22",0.00693607796158015,0,"PTPRC_CD22","PTPRC - CD22","CD45","Cell-Cell Contact","PMID: 12115612","PBMC_Late"
"ILC2/3","Pro-B","PTPRC","CD22",0.00976950298330881,0,"PTPRC_CD22","PTPRC - CD22","CD45","Cell-Cell Contact","PMID: 12115612","PBMC_Late"
"MEMP","Pro-B","PTPRC","CD22",0.00412379290118976,0,"PTPRC_CD22","PTPRC - CD22","CD45","Cell-Cell Contact","PMID: 12115612","PBMC_Late"
"MEP","Pro-B","PTPRC","CD22",0.00288494920014437,0,"PTPRC_CD22","PTPRC - CD22","CD45","Cell-Cell Contact","PMID: 12115612","PBMC_Late"
"Myeloid-CD177","Pro-B","PTPRC","CD22",0.0146035628915519,0,"PTPRC_CD22","PTPRC - CD22","CD45","Cell-Cell Contact","PMID: 12115612","PBMC_Late"
"Naïve CD4 T","Pro-B","PTPRC","CD22",0.0113644200448949,0,"PTPRC_CD22","PTPRC - CD22","CD45","Cell-Cell Contact","PMID: 12115612","PBMC_Late"
"Naïve CD8 T","Pro-B","PTPRC","CD22",0.011242912907688,0,"PTPRC_CD22","PTPRC - CD22","CD45","Cell-Cell Contact","PMID: 12115612","PBMC_Late"
"NK T","Pro-B","PTPRC","CD22",0.0119329153569138,0,"PTPRC_CD22","PTPRC - CD22","CD45","Cell-Cell Contact","PMID: 12115612","PBMC_Late"
"pDC","Pro-B","PTPRC","CD22",0.00763968195382416,0,"PTPRC_CD22","PTPRC - CD22","CD45","Cell-Cell Contact","PMID: 12115612","PBMC_Late"
"Pro-B","Pro-B","PTPRC","CD22",0.00358357793765117,0,"PTPRC_CD22","PTPRC - CD22","CD45","Cell-Cell Contact","PMID: 12115612","PBMC_Late"
"Tem","Pro-B","PTPRC","CD22",0.0100834598609616,0,"PTPRC_CD22","PTPRC - CD22","CD45","Cell-Cell Contact","PMID: 12115612","PBMC_Late"
"Th17like_INNATE_T","Pro-B","PTPRC","CD22",0.0102456425403373,0,"PTPRC_CD22","PTPRC - CD22","CD45","Cell-Cell Contact","PMID: 12115612","PBMC_Late"
"Treg","Pro-B","PTPRC","CD22",0.0129352101230011,0,"PTPRC_CD22","PTPRC - CD22","CD45","Cell-Cell Contact","PMID: 12115612","PBMC_Late"
"CD14+PPBP+ Monocytes","CX3CR1+ NK","CD48","CD244",0.00866945522006612,0,"CD48_CD244A","CD48 - CD244A","CD48","Cell-Cell Contact","PMID: 26697006","PBMC_Late"
"Classical Monocytes","CX3CR1+ NK","CD48","CD244",0.00830841067682733,0,"CD48_CD244A","CD48 - CD244A","CD48","Cell-Cell Contact","PMID: 26697006","PBMC_Late"
"CX3CR1+ NK","CX3CR1+ NK","CD48","CD244",0.00694028108304816,0,"CD48_CD244A","CD48 - CD244A","CD48","Cell-Cell Contact","PMID: 26697006","PBMC_Late"
"CXCR5- Naïve B","CX3CR1+ NK","CD48","CD244",0.005862541949136,0,"CD48_CD244A","CD48 - CD244A","CD48","Cell-Cell Contact","PMID: 26697006","PBMC_Late"
"CXCR5+ Naïve B","CX3CR1+ NK","CD48","CD244",0.00787241336213484,0,"CD48_CD244A","CD48 - CD244A","CD48","Cell-Cell Contact","PMID: 26697006","PBMC_Late"
"CXCR6+ NK","CX3CR1+ NK","CD48","CD244",0.00614780450299814,0,"CD48_CD244A","CD48 - CD244A","CD48","Cell-Cell Contact","PMID: 26697006","PBMC_Late"
"DC2","CX3CR1+ NK","CD48","CD244",0.0106131114716488,0,"CD48_CD244A","CD48 - CD244A","CD48","Cell-Cell Contact","PMID: 26697006","PBMC_Late"
"Gamma Delta V1 T","CX3CR1+ NK","CD48","CD244",0.00289134317546565,0,"CD48_CD244A","CD48 - CD244A","CD48","Cell-Cell Contact","PMID: 26697006","PBMC_Late"
"Gamma Delta V2 T","CX3CR1+ NK","CD48","CD244",0.00711593875492333,0,"CD48_CD244A","CD48 - CD244A","CD48","Cell-Cell Contact","PMID: 26697006","PBMC_Late"
"HSC_MPP","CX3CR1+ NK","CD48","CD244",0.0035534960042203,0,"CD48_CD244A","CD48 - CD244A","CD48","Cell-Cell Contact","PMID: 26697006","PBMC_Late"
"ILC2/3","CX3CR1+ NK","CD48","CD244",0.0090136789223967,0,"CD48_CD244A","CD48 - CD244A","CD48","Cell-Cell Contact","PMID: 26697006","PBMC_Late"
"Naïve CD4 T","CX3CR1+ NK","CD48","CD244",0.00303756490895726,0,"CD48_CD244A","CD48 - CD244A","CD48","Cell-Cell Contact","PMID: 26697006","PBMC_Late"
"Naïve CD8 T","CX3CR1+ NK","CD48","CD244",0.00714188774868586,0,"CD48_CD244A","CD48 - CD244A","CD48","Cell-Cell Contact","PMID: 26697006","PBMC_Late"
"NK T","CX3CR1+ NK","CD48","CD244",0.00809018206619674,0,"CD48_CD244A","CD48 - CD244A","CD48","Cell-Cell Contact","PMID: 26697006","PBMC_Late"
"pDC","CX3CR1+ NK","CD48","CD244",0.0020575923664266,0,"CD48_CD244A","CD48 - CD244A","CD48","Cell-Cell Contact","PMID: 26697006","PBMC_Late"
"Pro-B","CX3CR1+ NK","CD48","CD244",0.000935300553844032,0,"CD48_CD244A","CD48 - CD244A","CD48","Cell-Cell Contact","PMID: 26697006","PBMC_Late"
"Tem","CX3CR1+ NK","CD48","CD244",0.00820886960231403,0,"CD48_CD244A","CD48 - CD244A","CD48","Cell-Cell Contact","PMID: 26697006","PBMC_Late"
"Th17like_INNATE_T","CX3CR1+ NK","CD48","CD244",0.00719317324956339,0,"CD48_CD244A","CD48 - CD244A","CD48","Cell-Cell Contact","PMID: 26697006","PBMC_Late"
"Treg","CX3CR1+ NK","CD48","CD244",0.00310927351281603,0,"CD48_CD244A","CD48 - CD244A","CD48","Cell-Cell Contact","PMID: 26697006","PBMC_Late"
"CD14+PPBP+ Monocytes","CXCR6+ NK","CD48","CD244",0.00959699309476307,0,"CD48_CD244A","CD48 - CD244A","CD48","Cell-Cell Contact","PMID: 26697006","PBMC_Late"
"Classical Monocytes","CXCR6+ NK","CD48","CD244",0.00919767908688676,0,"CD48_CD244A","CD48 - CD244A","CD48","Cell-Cell Contact","PMID: 26697006","PBMC_Late"
"CX3CR1+ NK","CXCR6+ NK","CD48","CD244",0.00768425008183497,0,"CD48_CD244A","CD48 - CD244A","CD48","Cell-Cell Contact","PMID: 26697006","PBMC_Late"
"CXCR5- Naïve B","CXCR6+ NK","CD48","CD244",0.00649173706290205,0,"CD48_CD244A","CD48 - CD244A","CD48","Cell-Cell Contact","PMID: 26697006","PBMC_Late"
"CXCR5+ Naïve B","CXCR6+ NK","CD48","CD244",0.00871542609103045,0,"CD48_CD244A","CD48 - CD244A","CD48","Cell-Cell Contact","PMID: 26697006","PBMC_Late"
"CXCR6+ NK","CXCR6+ NK","CD48","CD244",0.00680740567075977,0,"CD48_CD244A","CD48 - CD244A","CD48","Cell-Cell Contact","PMID: 26697006","PBMC_Late"
"DC2","CXCR6+ NK","CD48","CD244",0.0117461355557798,0,"CD48_CD244A","CD48 - CD244A","CD48","Cell-Cell Contact","PMID: 26697006","PBMC_Late"
"Gamma Delta V1 T","CXCR6+ NK","CD48","CD244",0.00320268279934289,0,"CD48_CD244A","CD48 - CD244A","CD48","Cell-Cell Contact","PMID: 26697006","PBMC_Late"
"Gamma Delta V2 T","CXCR6+ NK","CD48","CD244",0.00787858813001093,0,"CD48_CD244A","CD48 - CD244A","CD48","Cell-Cell Contact","PMID: 26697006","PBMC_Late"
"HSC_MPP","CXCR6+ NK","CD48","CD244",0.00393585475434659,0,"CD48_CD244A","CD48 - CD244A","CD48","Cell-Cell Contact","PMID: 26697006","PBMC_Late"
"ILC2/3","CXCR6+ NK","CD48","CD244",0.00997767433411092,0,"CD48_CD244A","CD48 - CD244A","CD48","Cell-Cell Contact","PMID: 26697006","PBMC_Late"
"Naïve CD4 T","CXCR6+ NK","CD48","CD244",0.00336459654883533,0,"CD48_CD244A","CD48 - CD244A","CD48","Cell-Cell Contact","PMID: 26697006","PBMC_Late"
"Naïve CD8 T","CXCR6+ NK","CD48","CD244",0.00790729605379965,0,"CD48_CD244A","CD48 - CD244A","CD48","Cell-Cell Contact","PMID: 26697006","PBMC_Late"
"NK T","CXCR6+ NK","CD48","CD244",0.00895630391299153,0,"CD48_CD244A","CD48 - CD244A","CD48","Cell-Cell Contact","PMID: 26697006","PBMC_Late"
"pDC","CXCR6+ NK","CD48","CD244",0.00227935899372764,0,"CD48_CD244A","CD48 - CD244A","CD48","Cell-Cell Contact","PMID: 26697006","PBMC_Late"
"Pro-B","CXCR6+ NK","CD48","CD244",0.00103623254074194,0,"CD48_CD244A","CD48 - CD244A","CD48","Cell-Cell Contact","PMID: 26697006","PBMC_Late"
"Tem","CXCR6+ NK","CD48","CD244",0.00908758153222101,0,"CD48_CD244A","CD48 - CD244A","CD48","Cell-Cell Contact","PMID: 26697006","PBMC_Late"
"Th17like_INNATE_T","CXCR6+ NK","CD48","CD244",0.007964033821352,0,"CD48_CD244A","CD48 - CD244A","CD48","Cell-Cell Contact","PMID: 26697006","PBMC_Late"
"Treg","CXCR6+ NK","CD48","CD244",0.0034439988059268,0,"CD48_CD244A","CD48 - CD244A","CD48","Cell-Cell Contact","PMID: 26697006","PBMC_Late"
"CD14+PPBP+ Monocytes","HSC_MPP","CD48","CD244",0.00528381919001719,0,"CD48_CD244A","CD48 - CD244A","CD48","Cell-Cell Contact","PMID: 26697006","PBMC_Late"
"Classical Monocytes","HSC_MPP","CD48","CD244",0.00506305132630871,0,"CD48_CD244A","CD48 - CD244A","CD48","Cell-Cell Contact","PMID: 26697006","PBMC_Late"
"CX3CR1+ NK","HSC_MPP","CD48","CD244",0.00422705076289591,0,"CD48_CD244A","CD48 - CD244A","CD48","Cell-Cell Contact","PMID: 26697006","PBMC_Late"
"CXCR5- Naïve B","HSC_MPP","CD48","CD244",0.00356912818086907,0,"CD48_CD244A","CD48 - CD244A","CD48","Cell-Cell Contact","PMID: 26697006","PBMC_Late"
"CXCR5+ Naïve B","HSC_MPP","CD48","CD244",0.00479653578270352,0,"CD48_CD244A","CD48 - CD244A","CD48","Cell-Cell Contact","PMID: 26697006","PBMC_Late"
"CXCR6+ NK","HSC_MPP","CD48","CD244",0.00374321682305761,0,"CD48_CD244A","CD48 - CD244A","CD48","Cell-Cell Contact","PMID: 26697006","PBMC_Late"
"DC2","HSC_MPP","CD48","CD244",0.00647338631648861,0,"CD48_CD244A","CD48 - CD244A","CD48","Cell-Cell Contact","PMID: 26697006","PBMC_Late"
"Gamma Delta V1 T","HSC_MPP","CD48","CD244",0.00175820030597848,0,"CD48_CD244A","CD48 - CD244A","CD48","Cell-Cell Contact","PMID: 26697006","PBMC_Late"
"Gamma Delta V2 T","HSC_MPP","CD48","CD244",0.00433433663037983,0,"CD48_CD244A","CD48 - CD244A","CD48","Cell-Cell Contact","PMID: 26697006","PBMC_Late"
"HSC_MPP","HSC_MPP","CD48","CD244",0.00216141212665101,0,"CD48_CD244A","CD48 - CD244A","CD48","Cell-Cell Contact","PMID: 26697006","PBMC_Late"
"ILC2/3","HSC_MPP","CD48","CD244",0.00549436010310445,0,"CD48_CD244A","CD48 - CD244A","CD48","Cell-Cell Contact","PMID: 26697006","PBMC_Late"
"Naïve CD4 T","HSC_MPP","CD48","CD244",0.00184722261671157,0,"CD48_CD244A","CD48 - CD244A","CD48","Cell-Cell Contact","PMID: 26697006","PBMC_Late"
"Naïve CD8 T","HSC_MPP","CD48","CD244",0.00435018667124689,0,"CD48_CD244A","CD48 - CD244A","CD48","Cell-Cell Contact","PMID: 26697006","PBMC_Late"
"NK T","HSC_MPP","CD48","CD244",0.0049296415477979,0,"CD48_CD244A","CD48 - CD244A","CD48","Cell-Cell Contact","PMID: 26697006","PBMC_Late"
"pDC","HSC_MPP","CD48","CD244",0.00125079389876343,0,"CD48_CD244A","CD48 - CD244A","CD48","Cell-Cell Contact","PMID: 26697006","PBMC_Late"
"Pro-B","HSC_MPP","CD48","CD244",0.000568311099660605,0,"CD48_CD244A","CD48 - CD244A","CD48","Cell-Cell Contact","PMID: 26697006","PBMC_Late"
"Tem","HSC_MPP","CD48","CD244",0.00500219599914782,0,"CD48_CD244A","CD48 - CD244A","CD48","Cell-Cell Contact","PMID: 26697006","PBMC_Late"
"Th17like_INNATE_T","HSC_MPP","CD48","CD244",0.00438151358936407,0,"CD48_CD244A","CD48 - CD244A","CD48","Cell-Cell Contact","PMID: 26697006","PBMC_Late"
"Treg","HSC_MPP","CD48","CD244",0.00189088379013417,0,"CD48_CD244A","CD48 - CD244A","CD48","Cell-Cell Contact","PMID: 26697006","PBMC_Late"
"abTentry","DC2","CD6","ALCAM",0.011069298999731,0,"CD6_ALCAM","CD6 - ALCAM","CD6","Cell-Cell Contact","PMID: 23602662","PBMC_Late"
"Gamma Delta V2 T","DC2","CD6","ALCAM",0.00623432678677188,0,"CD6_ALCAM","CD6 - ALCAM","CD6","Cell-Cell Contact","PMID: 23602662","PBMC_Late"
"Naïve CD4 T","DC2","CD6","ALCAM",0.00711069413114466,0,"CD6_ALCAM","CD6 - ALCAM","CD6","Cell-Cell Contact","PMID: 23602662","PBMC_Late"
"Naïve CD8 T","DC2","CD6","ALCAM",0.006499123252382,0,"CD6_ALCAM","CD6 - ALCAM","CD6","Cell-Cell Contact","PMID: 23602662","PBMC_Late"
"NK T","DC2","CD6","ALCAM",0.00697261045180662,0,"CD6_ALCAM","CD6 - ALCAM","CD6","Cell-Cell Contact","PMID: 23602662","PBMC_Late"
"Tem","DC2","CD6","ALCAM",0.00827670814001278,0,"CD6_ALCAM","CD6 - ALCAM","CD6","Cell-Cell Contact","PMID: 23602662","PBMC_Late"
"Th17like_INNATE_T","DC2","CD6","ALCAM",0.00641783795868606,0,"CD6_ALCAM","CD6 - ALCAM","CD6","Cell-Cell Contact","PMID: 23602662","PBMC_Late"
"Treg","DC2","CD6","ALCAM",0.00688527579750354,0,"CD6_ALCAM","CD6 - ALCAM","CD6","Cell-Cell Contact","PMID: 23602662","PBMC_Late"
"abTentry","HSC_MPP","CD6","ALCAM",0.00352179856062248,0,"CD6_ALCAM","CD6 - ALCAM","CD6","Cell-Cell Contact","PMID: 23602662","PBMC_Late"
"Gamma Delta V2 T","HSC_MPP","CD6","ALCAM",0.00197691778086827,0,"CD6_ALCAM","CD6 - ALCAM","CD6","Cell-Cell Contact","PMID: 23602662","PBMC_Late"
"Naïve CD4 T","HSC_MPP","CD6","ALCAM",0.0022561743812021,0,"CD6_ALCAM","CD6 - ALCAM","CD6","Cell-Cell Contact","PMID: 23602662","PBMC_Late"
"Naïve CD8 T","HSC_MPP","CD6","ALCAM",0.00206126035585326,0,"CD6_ALCAM","CD6 - ALCAM","CD6","Cell-Cell Contact","PMID: 23602662","PBMC_Late"
"NK T","HSC_MPP","CD6","ALCAM",0.00221215134420095,0,"CD6_ALCAM","CD6 - ALCAM","CD6","Cell-Cell Contact","PMID: 23602662","PBMC_Late"
"Tem","HSC_MPP","CD6","ALCAM",0.00262824980379898,0,"CD6_ALCAM","CD6 - ALCAM","CD6","Cell-Cell Contact","PMID: 23602662","PBMC_Late"
"Th17like_INNATE_T","HSC_MPP","CD6","ALCAM",0.00203536622003828,0,"CD6_ALCAM","CD6 - ALCAM","CD6","Cell-Cell Contact","PMID: 23602662","PBMC_Late"
"Treg","HSC_MPP","CD6","ALCAM",0.00218431213172605,0,"CD6_ALCAM","CD6 - ALCAM","CD6","Cell-Cell Contact","PMID: 23602662","PBMC_Late"
"abTentry","MEMP","CD6","ALCAM",0.00135219749384494,0,"CD6_ALCAM","CD6 - ALCAM","CD6","Cell-Cell Contact","PMID: 23602662","PBMC_Late"
"Gamma Delta V2 T","MEMP","CD6","ALCAM",0.000758314974209175,0,"CD6_ALCAM","CD6 - ALCAM","CD6","Cell-Cell Contact","PMID: 23602662","PBMC_Late"
"Naïve CD4 T","MEMP","CD6","ALCAM",0.000865582766280602,0,"CD6_ALCAM","CD6 - ALCAM","CD6","Cell-Cell Contact","PMID: 23602662","PBMC_Late"
"Naïve CD8 T","MEMP","CD6","ALCAM",0.000790708667204203,0,"CD6_ALCAM","CD6 - ALCAM","CD6","Cell-Cell Contact","PMID: 23602662","PBMC_Late"
"NK T","MEMP","CD6","ALCAM",0.000848670220026496,0,"CD6_ALCAM","CD6 - ALCAM","CD6","Cell-Cell Contact","PMID: 23602662","PBMC_Late"
"Tem","MEMP","CD6","ALCAM",0.00100856155861702,0,"CD6_ALCAM","CD6 - ALCAM","CD6","Cell-Cell Contact","PMID: 23602662","PBMC_Late"
"Th17like_INNATE_T","MEMP","CD6","ALCAM",0.000780763073676439,0,"CD6_ALCAM","CD6 - ALCAM","CD6","Cell-Cell Contact","PMID: 23602662","PBMC_Late"
"Treg","MEMP","CD6","ALCAM",0.000837975567855855,0,"CD6_ALCAM","CD6 - ALCAM","CD6","Cell-Cell Contact","PMID: 23602662","PBMC_Late"
"abTentry","MEP","CD6","ALCAM",0.00150431418778029,0,"CD6_ALCAM","CD6 - ALCAM","CD6","Cell-Cell Contact","PMID: 23602662","PBMC_Late"
"Gamma Delta V2 T","MEP","CD6","ALCAM",0.000843678752825166,0,"CD6_ALCAM","CD6 - ALCAM","CD6","Cell-Cell Contact","PMID: 23602662","PBMC_Late"
"Naïve CD4 T","MEP","CD6","ALCAM",0.000963010079969539,0,"CD6_ALCAM","CD6 - ALCAM","CD6","Cell-Cell Contact","PMID: 23602662","PBMC_Late"
"Naïve CD8 T","MEP","CD6","ALCAM",0.000879715804652399,0,"CD6_ALCAM","CD6 - ALCAM","CD6","Cell-Cell Contact","PMID: 23602662","PBMC_Late"
"NK T","MEP","CD6","ALCAM",0.000944195708872444,0,"CD6_ALCAM","CD6 - ALCAM","CD6","Cell-Cell Contact","PMID: 23602662","PBMC_Late"
"Tem","MEP","CD6","ALCAM",0.0011220640487721,0,"CD6_ALCAM","CD6 - ALCAM","CD6","Cell-Cell Contact","PMID: 23602662","PBMC_Late"
"Th17like_INNATE_T","MEP","CD6","ALCAM",0.000868651645864318,0,"CD6_ALCAM","CD6 - ALCAM","CD6","Cell-Cell Contact","PMID: 23602662","PBMC_Late"
"Treg","MEP","CD6","ALCAM",0.000932298400361996,0,"CD6_ALCAM","CD6 - ALCAM","CD6","Cell-Cell Contact","PMID: 23602662","PBMC_Late"
"abTentry","pDC","CD6","ALCAM",0.00527754560157131,0,"CD6_ALCAM","CD6 - ALCAM","CD6","Cell-Cell Contact","PMID: 23602662","PBMC_Late"
"Gamma Delta V2 T","pDC","CD6","ALCAM",0.00296477600807602,0,"CD6_ALCAM","CD6 - ALCAM","CD6","Cell-Cell Contact","PMID: 23602662","PBMC_Late"
"Naïve CD4 T","pDC","CD6","ALCAM",0.00338310303473659,0,"CD6_ALCAM","CD6 - ALCAM","CD6","Cell-Cell Contact","PMID: 23602662","PBMC_Late"
"Naïve CD8 T","pDC","CD6","ALCAM",0.00309113370812151,0,"CD6_ALCAM","CD6 - ALCAM","CD6","Cell-Cell Contact","PMID: 23602662","PBMC_Late"
"NK T","pDC","CD6","ALCAM",0.00331716419067255,0,"CD6_ALCAM","CD6 - ALCAM","CD6","Cell-Cell Contact","PMID: 23602662","PBMC_Late"
"Tem","pDC","CD6","ALCAM",0.00394029116347028,0,"CD6_ALCAM","CD6 - ALCAM","CD6","Cell-Cell Contact","PMID: 23602662","PBMC_Late"
"Th17like_INNATE_T","pDC","CD6","ALCAM",0.00305234158327785,0,"CD6_ALCAM","CD6 - ALCAM","CD6","Cell-Cell Contact","PMID: 23602662","PBMC_Late"
"Treg","pDC","CD6","ALCAM",0.00327546439762833,0,"CD6_ALCAM","CD6 - ALCAM","CD6","Cell-Cell Contact","PMID: 23602662","PBMC_Late"
"CD14+PPBP+ Monocytes","abTentry","CD86","CD28",0.0084675345047334,0,"CD86_CD28","CD86 - CD28","CD86","Cell-Cell Contact","PMID: 23954143","PBMC_Late"
"Classical Monocytes","abTentry","CD86","CD28",0.00521339104626829,0,"CD86_CD28","CD86 - CD28","CD86","Cell-Cell Contact","PMID: 23954143","PBMC_Late"
"DC2","abTentry","CD86","CD28",0.0216337847326064,0,"CD86_CD28","CD86 - CD28","CD86","Cell-Cell Contact","PMID: 23954143","PBMC_Late"
"CD14+PPBP+ Monocytes","Tem","CD86","CD28",0.00569980982884815,0,"CD86_CD28","CD86 - CD28","CD86","Cell-Cell Contact","PMID: 23954143","PBMC_Late"
"Classical Monocytes","Tem","CD86","CD28",0.00350556525644861,0,"CD86_CD28","CD86 - CD28","CD86","Cell-Cell Contact","PMID: 23954143","PBMC_Late"
"DC2","Tem","CD86","CD28",0.0146259798735312,0,"CD86_CD28","CD86 - CD28","CD86","Cell-Cell Contact","PMID: 23954143","PBMC_Late"
"CD14+PPBP+ Monocytes","Th17like_INNATE_T","CD86","CD28",0.00480174310514709,0,"CD86_CD28","CD86 - CD28","CD86","Cell-Cell Contact","PMID: 23954143","PBMC_Late"
"Classical Monocytes","Th17like_INNATE_T","CD86","CD28",0.0029521990062142,0,"CD86_CD28","CD86 - CD28","CD86","Cell-Cell Contact","PMID: 23954143","PBMC_Late"
"DC2","Th17like_INNATE_T","CD86","CD28",0.0123389516199763,0,"CD86_CD28","CD86 - CD28","CD86","Cell-Cell Contact","PMID: 23954143","PBMC_Late"
"CD14+PPBP+ Monocytes","Treg","CD86","CD28",0.00605238306032541,0,"CD86_CD28","CD86 - CD28","CD86","Cell-Cell Contact","PMID: 23954143","PBMC_Late"
"Classical Monocytes","Treg","CD86","CD28",0.00372291727097103,0,"CD86_CD28","CD86 - CD28","CD86","Cell-Cell Contact","PMID: 23954143","PBMC_Late"
"DC2","Treg","CD86","CD28",0.0155220797659376,0,"CD86_CD28","CD86 - CD28","CD86","Cell-Cell Contact","PMID: 23954143","PBMC_Late"
"CD14+PPBP+ Monocytes","Treg","CD86","CTLA4",0.00775332863636506,0,"CD86_CTLA4","CD86 - CTLA4","CD86","Cell-Cell Contact","PMID: 23954143","PBMC_Late"
"Classical Monocytes","Treg","CD86","CTLA4",0.00477233931788946,0,"CD86_CTLA4","CD86 - CTLA4","CD86","Cell-Cell Contact","PMID: 23954143","PBMC_Late"
"DC2","Treg","CD86","CTLA4",0.0198312645416007,0,"CD86_CTLA4","CD86 - CTLA4","CD86","Cell-Cell Contact","PMID: 23954143","PBMC_Late"
"CD14+PPBP+ Monocytes","CD14+PPBP+ Monocytes","CD99","PILRA",0.0551956262538085,0,"CD99_PILRA","CD99 - PILRA","CD99","Cell-Cell Contact","PMID: 18234675","PBMC_Late"
"Classical Monocytes","CD14+PPBP+ Monocytes","CD99","PILRA",0.0252752495865452,0,"CD99_PILRA","CD99 - PILRA","CD99","Cell-Cell Contact","PMID: 18234675","PBMC_Late"
"CX3CR1+ NK","CD14+PPBP+ Monocytes","CD99","PILRA",0.0552399694480138,0,"CD99_PILRA","CD99 - PILRA","CD99","Cell-Cell Contact","PMID: 18234675","PBMC_Late"
"CXCR5+ Naïve B","CD14+PPBP+ Monocytes","CD99","PILRA",0.00572845778966751,0,"CD99_PILRA","CD99 - PILRA","CD99","Cell-Cell Contact","PMID: 18234675","PBMC_Late"
"CXCR6+ NK","CD14+PPBP+ Monocytes","CD99","PILRA",0.055039362617646,0,"CD99_PILRA","CD99 - PILRA","CD99","Cell-Cell Contact","PMID: 18234675","PBMC_Late"
"DC2","CD14+PPBP+ Monocytes","CD99","PILRA",0.0330305757228267,0,"CD99_PILRA","CD99 - PILRA","CD99","Cell-Cell Contact","PMID: 18234675","PBMC_Late"
"Early_ERY","CD14+PPBP+ Monocytes","CD99","PILRA",0.00289282383669643,0,"CD99_PILRA","CD99 - PILRA","CD99","Cell-Cell Contact","PMID: 18234675","PBMC_Late"
"Gamma Delta V1 T","CD14+PPBP+ Monocytes","CD99","PILRA",0.0374198440881104,0,"CD99_PILRA","CD99 - PILRA","CD99","Cell-Cell Contact","PMID: 18234675","PBMC_Late"
"Gamma Delta V2 T","CD14+PPBP+ Monocytes","CD99","PILRA",0.044360221030723,0,"CD99_PILRA","CD99 - PILRA","CD99","Cell-Cell Contact","PMID: 18234675","PBMC_Late"
"HSC_MPP","CD14+PPBP+ Monocytes","CD99","PILRA",0.0593146152431181,0,"CD99_PILRA","CD99 - PILRA","CD99","Cell-Cell Contact","PMID: 18234675","PBMC_Late"
"ILC2/3","CD14+PPBP+ Monocytes","CD99","PILRA",0.0367829525433131,0,"CD99_PILRA","CD99 - PILRA","CD99","Cell-Cell Contact","PMID: 18234675","PBMC_Late"
"Megakaryocytes","CD14+PPBP+ Monocytes","CD99","PILRA",0.0629751413754234,0,"CD99_PILRA","CD99 - PILRA","CD99","Cell-Cell Contact","PMID: 18234675","PBMC_Late"
"MEMP","CD14+PPBP+ Monocytes","CD99","PILRA",0.0254280012401502,0,"CD99_PILRA","CD99 - PILRA","CD99","Cell-Cell Contact","PMID: 18234675","PBMC_Late"
"MEP","CD14+PPBP+ Monocytes","CD99","PILRA",0.0108233200746891,0,"CD99_PILRA","CD99 - PILRA","CD99","Cell-Cell Contact","PMID: 18234675","PBMC_Late"
"Naïve CD4 T","CD14+PPBP+ Monocytes","CD99","PILRA",0.00991738841071046,0,"CD99_PILRA","CD99 - PILRA","CD99","Cell-Cell Contact","PMID: 18234675","PBMC_Late"
"Naïve CD8 T","CD14+PPBP+ Monocytes","CD99","PILRA",0.00964891575997353,0,"CD99_PILRA","CD99 - PILRA","CD99","Cell-Cell Contact","PMID: 18234675","PBMC_Late"
"NK T","CD14+PPBP+ Monocytes","CD99","PILRA",0.0504985563972885,0,"CD99_PILRA","CD99 - PILRA","CD99","Cell-Cell Contact","PMID: 18234675","PBMC_Late"
"pDC","CD14+PPBP+ Monocytes","CD99","PILRA",0.0538401496608634,0,"CD99_PILRA","CD99 - PILRA","CD99","Cell-Cell Contact","PMID: 18234675","PBMC_Late"
"Pro-B","CD14+PPBP+ Monocytes","CD99","PILRA",0.0767979467593728,0,"CD99_PILRA","CD99 - PILRA","CD99","Cell-Cell Contact","PMID: 18234675","PBMC_Late"
"Tem","CD14+PPBP+ Monocytes","CD99","PILRA",0.0351139681979724,0,"CD99_PILRA","CD99 - PILRA","CD99","Cell-Cell Contact","PMID: 18234675","PBMC_Late"
"Th17like_INNATE_T","CD14+PPBP+ Monocytes","CD99","PILRA",0.0433496205616375,0,"CD99_PILRA","CD99 - PILRA","CD99","Cell-Cell Contact","PMID: 18234675","PBMC_Late"
"Treg","CD14+PPBP+ Monocytes","CD99","PILRA",0.0326647634782082,0,"CD99_PILRA","CD99 - PILRA","CD99","Cell-Cell Contact","PMID: 18234675","PBMC_Late"
"CD14+PPBP+ Monocytes","Classical Monocytes","CD99","PILRA",0.0570290704587853,0,"CD99_PILRA","CD99 - PILRA","CD99","Cell-Cell Contact","PMID: 18234675","PBMC_Late"
"Classical Monocytes","Classical Monocytes","CD99","PILRA",0.0261423226084789,0,"CD99_PILRA","CD99 - PILRA","CD99","Cell-Cell Contact","PMID: 18234675","PBMC_Late"
"CX3CR1+ NK","Classical Monocytes","CD99","PILRA",0.0570747976297616,0,"CD99_PILRA","CD99 - PILRA","CD99","Cell-Cell Contact","PMID: 18234675","PBMC_Late"
"CXCR5+ Naïve B","Classical Monocytes","CD99","PILRA",0.00592905266200558,0,"CD99_PILRA","CD99 - PILRA","CD99","Cell-Cell Contact","PMID: 18234675","PBMC_Late"
"CXCR6+ NK","Classical Monocytes","CD99","PILRA",0.0568679286075299,0,"CD99_PILRA","CD99 - PILRA","CD99","Cell-Cell Contact","PMID: 18234675","PBMC_Late"
"DC2","Classical Monocytes","CD99","PILRA",0.0341543745881072,0,"CD99_PILRA","CD99 - PILRA","CD99","Cell-Cell Contact","PMID: 18234675","PBMC_Late"
"Early_ERY","Classical Monocytes","CD99","PILRA",0.00299442163679279,0,"CD99_PILRA","CD99 - PILRA","CD99","Cell-Cell Contact","PMID: 18234675","PBMC_Late"
"Gamma Delta V1 T","Classical Monocytes","CD99","PILRA",0.0386870042646521,0,"CD99_PILRA","CD99 - PILRA","CD99","Cell-Cell Contact","PMID: 18234675","PBMC_Late"
"Gamma Delta V2 T","Classical Monocytes","CD99","PILRA",0.0458512103547082,0,"CD99_PILRA","CD99 - PILRA","CD99","Cell-Cell Contact","PMID: 18234675","PBMC_Late"
"HSC_MPP","Classical Monocytes","CD99","PILRA",0.0612760070841748,0,"CD99_PILRA","CD99 - PILRA","CD99","Cell-Cell Contact","PMID: 18234675","PBMC_Late"
"ILC2/3","Classical Monocytes","CD99","PILRA",0.0380293975317927,0,"CD99_PILRA","CD99 - PILRA","CD99","Cell-Cell Contact","PMID: 18234675","PBMC_Late"
"Megakaryocytes","Classical Monocytes","CD99","PILRA",0.0650492076694088,0,"CD99_PILRA","CD99 - PILRA","CD99","Cell-Cell Contact","PMID: 18234675","PBMC_Late"
"MEMP","Classical Monocytes","CD99","PILRA",0.0263001730499916,0,"CD99_PILRA","CD99 - PILRA","CD99","Cell-Cell Contact","PMID: 18234675","PBMC_Late"
"MEP","Classical Monocytes","CD99","PILRA",0.0112003133041589,0,"CD99_PILRA","CD99 - PILRA","CD99","Cell-Cell Contact","PMID: 18234675","PBMC_Late"
"Naïve CD4 T","Classical Monocytes","CD99","PILRA",0.0102631540157038,0,"CD99_PILRA","CD99 - PILRA","CD99","Cell-Cell Contact","PMID: 18234675","PBMC_Late"
"Naïve CD8 T","Classical Monocytes","CD99","PILRA",0.00998541557969776,0,"CD99_PILRA","CD99 - PILRA","CD99","Cell-Cell Contact","PMID: 18234675","PBMC_Late"
"NK T","Classical Monocytes","CD99","PILRA",0.0521845947714564,0,"CD99_PILRA","CD99 - PILRA","CD99","Cell-Cell Contact","PMID: 18234675","PBMC_Late"
"pDC","Classical Monocytes","CD99","PILRA",0.0556312198619537,0,"CD99_PILRA","CD99 - PILRA","CD99","Cell-Cell Contact","PMID: 18234675","PBMC_Late"
"Pro-B","Classical Monocytes","CD99","PILRA",0.0792887406501006,0,"CD99_PILRA","CD99 - PILRA","CD99","Cell-Cell Contact","PMID: 18234675","PBMC_Late"
"Tem","Classical Monocytes","CD99","PILRA",0.0363059889060742,0,"CD99_PILRA","CD99 - PILRA","CD99","Cell-Cell Contact","PMID: 18234675","PBMC_Late"
"Th17like_INNATE_T","Classical Monocytes","CD99","PILRA",0.0448082353035153,0,"CD99_PILRA","CD99 - PILRA","CD99","Cell-Cell Contact","PMID: 18234675","PBMC_Late"
"Treg","Classical Monocytes","CD99","PILRA",0.0337765510617053,0,"CD99_PILRA","CD99 - PILRA","CD99","Cell-Cell Contact","PMID: 18234675","PBMC_Late"
"CD14+PPBP+ Monocytes","DC2","CD99","PILRA",0.0447459805412592,0,"CD99_PILRA","CD99 - PILRA","CD99","Cell-Cell Contact","PMID: 18234675","PBMC_Late"
"Classical Monocytes","DC2","CD99","PILRA",0.0203680193504937,0,"CD99_PILRA","CD99 - PILRA","CD99","Cell-Cell Contact","PMID: 18234675","PBMC_Late"
"CX3CR1+ NK","DC2","CD99","PILRA",0.0447823265875667,0,"CD99_PILRA","CD99 - PILRA","CD99","Cell-Cell Contact","PMID: 18234675","PBMC_Late"
"CXCR5+ Naïve B","DC2","CD99","PILRA",0.0045983650251544,0,"CD99_PILRA","CD99 - PILRA","CD99","Cell-Cell Contact","PMID: 18234675","PBMC_Late"
"CXCR6+ NK","DC2","CD99","PILRA",0.0446179036816674,0,"CD99_PILRA","CD99 - PILRA","CD99","Cell-Cell Contact","PMID: 18234675","PBMC_Late"
"DC2","DC2","CD99","PILRA",0.0266588177711101,0,"CD99_PILRA","CD99 - PILRA","CD99","Cell-Cell Contact","PMID: 18234675","PBMC_Late"
"Early_ERY","DC2","CD99","PILRA",0.00232083056626403,0,"CD99_PILRA","CD99 - PILRA","CD99","Cell-Cell Contact","PMID: 18234675","PBMC_Late"
"Gamma Delta V1 T","DC2","CD99","PILRA",0.0302278435427373,0,"CD99_PILRA","CD99 - PILRA","CD99","Cell-Cell Contact","PMID: 18234675","PBMC_Late"
"Gamma Delta V2 T","DC2","CD99","PILRA",0.0358840246948357,0,"CD99_PILRA","CD99 - PILRA","CD99","Cell-Cell Contact","PMID: 18234675","PBMC_Late"
"HSC_MPP","DC2","CD99","PILRA",0.0481248823633994,0,"CD99_PILRA","CD99 - PILRA","CD99","Cell-Cell Contact","PMID: 18234675","PBMC_Late"
"ILC2/3","DC2","CD99","PILRA",0.0297095828666873,0,"CD99_PILRA","CD99 - PILRA","CD99","Cell-Cell Contact","PMID: 18234675","PBMC_Late"
"Megakaryocytes","DC2","CD99","PILRA",0.0511323847926196,0,"CD99_PILRA","CD99 - PILRA","CD99","Cell-Cell Contact","PMID: 18234675","PBMC_Late"
"MEMP","DC2","CD99","PILRA",0.0204917375072875,0,"CD99_PILRA","CD99 - PILRA","CD99","Cell-Cell Contact","PMID: 18234675","PBMC_Late"
"MEP","DC2","CD99","PILRA",0.00869691997133976,0,"CD99_PILRA","CD99 - PILRA","CD99","Cell-Cell Contact","PMID: 18234675","PBMC_Late"
"Naïve CD4 T","DC2","CD99","PILRA",0.00796753827352565,0,"CD99_PILRA","CD99 - PILRA","CD99","Cell-Cell Contact","PMID: 18234675","PBMC_Late"
"Naïve CD8 T","DC2","CD99","PILRA",0.00775143657318522,0,"CD99_PILRA","CD99 - PILRA","CD99","Cell-Cell Contact","PMID: 18234675","PBMC_Late"
"NK T","DC2","CD99","PILRA",0.0408996660046043,0,"CD99_PILRA","CD99 - PILRA","CD99","Cell-Cell Contact","PMID: 18234675","PBMC_Late"
"pDC","DC2","CD99","PILRA",0.0436352712055863,0,"CD99_PILRA","CD99 - PILRA","CD99","Cell-Cell Contact","PMID: 18234675","PBMC_Late"
"Pro-B","DC2","CD99","PILRA",0.0625292148305218,0,"CD99_PILRA","CD99 - PILRA","CD99","Cell-Cell Contact","PMID: 18234675","PBMC_Late"
"Tem","DC2","CD99","PILRA",0.0283520975879721,0,"CD99_PILRA","CD99 - PILRA","CD99","Cell-Cell Contact","PMID: 18234675","PBMC_Late"
"Th17like_INNATE_T","DC2","CD99","PILRA",0.0350594419286892,0,"CD99_PILRA","CD99 - PILRA","CD99","Cell-Cell Contact","PMID: 18234675","PBMC_Late"
"Treg","DC2","CD99","PILRA",0.0263616486736811,0,"CD99_PILRA","CD99 - PILRA","CD99","Cell-Cell Contact","PMID: 18234675","PBMC_Late"
"CD14+PPBP+ Monocytes","CD14+PPBP+ Monocytes","CD99","CD99",0.116372328877915,0,"CD99_CD99","CD99 - CD99","CD99","Cell-Cell Contact","KEGG: hsa04514","PBMC_Late"
"Classical Monocytes","CD14+PPBP+ Monocytes","CD99","CD99",0.0552278563583977,0,"CD99_CD99","CD99 - CD99","CD99","Cell-Cell Contact","KEGG: hsa04514","PBMC_Late"
"CX3CR1+ NK","CD14+PPBP+ Monocytes","CD99","CD99",0.116459762174909,0,"CD99_CD99","CD99 - CD99","CD99","Cell-Cell Contact","KEGG: hsa04514","PBMC_Late"
"CXCR5+ Naïve B","CD14+PPBP+ Monocytes","CD99","CD99",0.0128217100562802,0,"CD99_CD99","CD99 - CD99","CD99","Cell-Cell Contact","KEGG: hsa04514","PBMC_Late"
"CXCR6+ NK","CD14+PPBP+ Monocytes","CD99","CD99",0.116064144926957,0,"CD99_CD99","CD99 - CD99","CD99","Cell-Cell Contact","KEGG: hsa04514","PBMC_Late"
"DC2","CD14+PPBP+ Monocytes","CD99","CD99",0.0714995285560633,0,"CD99_CD99","CD99 - CD99","CD99","Cell-Cell Contact","KEGG: hsa04514","PBMC_Late"
"Gamma Delta V1 T","CD14+PPBP+ Monocytes","CD99","CD99",0.0805747802299823,0,"CD99_CD99","CD99 - CD99","CD99","Cell-Cell Contact","KEGG: hsa04514","PBMC_Late"
"Gamma Delta V2 T","CD14+PPBP+ Monocytes","CD99","CD99",0.0947315246664032,0,"CD99_CD99","CD99 - CD99","CD99","Cell-Cell Contact","KEGG: hsa04514","PBMC_Late"
"HSC_MPP","CD14+PPBP+ Monocytes","CD99","CD99",0.124455274017985,0,"CD99_CD99","CD99 - CD99","CD99","Cell-Cell Contact","KEGG: hsa04514","PBMC_Late"
"ILC2/3","CD14+PPBP+ Monocytes","CD99","CD99",0.0792638678485016,0,"CD99_CD99","CD99 - CD99","CD99","Cell-Cell Contact","KEGG: hsa04514","PBMC_Late"
"Megakaryocytes","CD14+PPBP+ Monocytes","CD99","CD99",0.131573585883801,0,"CD99_CD99","CD99 - CD99","CD99","Cell-Cell Contact","KEGG: hsa04514","PBMC_Late"
"MEMP","CD14+PPBP+ Monocytes","CD99","CD99",0.0555513107806845,0,"CD99_CD99","CD99 - CD99","CD99","Cell-Cell Contact","KEGG: hsa04514","PBMC_Late"
"MEP","CD14+PPBP+ Monocytes","CD99","CD99",0.0240725346815935,0,"CD99_CD99","CD99 - CD99","CD99","Cell-Cell Contact","KEGG: hsa04514","PBMC_Late"
"Naïve CD4 T","CD14+PPBP+ Monocytes","CD99","CD99",0.0220823764920747,0,"CD99_CD99","CD99 - CD99","CD99","Cell-Cell Contact","KEGG: hsa04514","PBMC_Late"
"Naïve CD8 T","CD14+PPBP+ Monocytes","CD99","CD99",0.0214917351324031,0,"CD99_CD99","CD99 - CD99","CD99","Cell-Cell Contact","KEGG: hsa04514","PBMC_Late"
"NK T","CD14+PPBP+ Monocytes","CD99","CD99",0.10705912405778,0,"CD99_CD99","CD99 - CD99","CD99","Cell-Cell Contact","KEGG: hsa04514","PBMC_Late"
"pDC","CD14+PPBP+ Monocytes","CD99","CD99",0.113695284147909,0,"CD99_CD99","CD99 - CD99","CD99","Cell-Cell Contact","KEGG: hsa04514","PBMC_Late"
"Pro-B","CD14+PPBP+ Monocytes","CD99","CD99",0.157915931450864,0,"CD99_CD99","CD99 - CD99","CD99","Cell-Cell Contact","KEGG: hsa04514","PBMC_Late"
"Tem","CD14+PPBP+ Monocytes","CD99","CD99",0.0758190844952804,0,"CD99_CD99","CD99 - CD99","CD99","Cell-Cell Contact","KEGG: hsa04514","PBMC_Late"
"Th17like_INNATE_T","CD14+PPBP+ Monocytes","CD99","CD99",0.092684677961649,0,"CD99_CD99","CD99 - CD99","CD99","Cell-Cell Contact","KEGG: hsa04514","PBMC_Late"
"Treg","CD14+PPBP+ Monocytes","CD99","CD99",0.0707388414586278,0,"CD99_CD99","CD99 - CD99","CD99","Cell-Cell Contact","KEGG: hsa04514","PBMC_Late"
"CD14+PPBP+ Monocytes","Classical Monocytes","CD99","CD99",0.0552278563583977,0,"CD99_CD99","CD99 - CD99","CD99","Cell-Cell Contact","KEGG: hsa04514","PBMC_Late"
"Classical Monocytes","Classical Monocytes","CD99","CD99",0.0252904761056682,0,"CD99_CD99","CD99 - CD99","CD99","Cell-Cell Contact","KEGG: hsa04514","PBMC_Late"
"CX3CR1+ NK","Classical Monocytes","CD99","CD99",0.0552722239309232,0,"CD99_CD99","CD99 - CD99","CD99","Cell-Cell Contact","KEGG: hsa04514","PBMC_Late"
"CXCR5+ Naïve B","Classical Monocytes","CD99","CD99",0.00573197802063313,0,"CD99_CD99","CD99 - CD99","CD99","Cell-Cell Contact","KEGG: hsa04514","PBMC_Late"
"CXCR6+ NK","Classical Monocytes","CD99","CD99",0.0550715067946288,0,"CD99_CD99","CD99 - CD99","CD99","Cell-Cell Contact","KEGG: hsa04514","PBMC_Late"
"DC2","Classical Monocytes","CD99","CD99",0.0330503158519548,0,"CD99_CD99","CD99 - CD99","CD99","Cell-Cell Contact","KEGG: hsa04514","PBMC_Late"
"Gamma Delta V1 T","Classical Monocytes","CD99","CD99",0.0374421058125999,0,"CD99_CD99","CD99 - CD99","CD99","Cell-Cell Contact","KEGG: hsa04514","PBMC_Late"
"Gamma Delta V2 T","Classical Monocytes","CD99","CD99",0.0443864213137899,0,"CD99_CD99","CD99 - CD99","CD99","Cell-Cell Contact","KEGG: hsa04514","PBMC_Late"
"HSC_MPP","Classical Monocytes","CD99","CD99",0.0593490994437406,0,"CD99_CD99","CD99 - CD99","CD99","Cell-Cell Contact","KEGG: hsa04514","PBMC_Late"
"ILC2/3","Classical Monocytes","CD99","CD99",0.0368048498572024,0,"CD99_CD99","CD99 - CD99","CD99","Cell-Cell Contact","KEGG: hsa04514","PBMC_Late"
"Megakaryocytes","Classical Monocytes","CD99","CD99",0.0630116111710965,0,"CD99_CD99","CD99 - CD99","CD99","Cell-Cell Contact","KEGG: hsa04514","PBMC_Late"
"MEMP","Classical Monocytes","CD99","CD99",0.0254433173790984,0,"CD99_CD99","CD99 - CD99","CD99","Cell-Cell Contact","KEGG: hsa04514","PBMC_Late"
"Naïve CD4 T","Classical Monocytes","CD99","CD99",0.00992345711622323,0,"CD99_CD99","CD99 - CD99","CD99","Cell-Cell Contact","KEGG: hsa04514","PBMC_Late"
"Naïve CD8 T","Classical Monocytes","CD99","CD99",0.0096548217821871,0,"CD99_CD99","CD99 - CD99","CD99","Cell-Cell Contact","KEGG: hsa04514","PBMC_Late"
"NK T","Classical Monocytes","CD99","CD99",0.0505281904471815,0,"CD99_CD99","CD99 - CD99","CD99","Cell-Cell Contact","KEGG: hsa04514","PBMC_Late"
"pDC","Classical Monocytes","CD99","CD99",0.0538716333990256,0,"CD99_CD99","CD99 - CD99","CD99","Cell-Cell Contact","KEGG: hsa04514","PBMC_Late"
"Pro-B","Classical Monocytes","CD99","CD99",0.0768417650798151,0,"CD99_CD99","CD99 - CD99","CD99","Cell-Cell Contact","KEGG: hsa04514","PBMC_Late"
"Tem","Classical Monocytes","CD99","CD99",0.0351349081882411,0,"CD99_CD99","CD99 - CD99","CD99","Cell-Cell Contact","KEGG: hsa04514","PBMC_Late"
"Th17like_INNATE_T","Classical Monocytes","CD99","CD99",0.0433752510500814,0,"CD99_CD99","CD99 - CD99","CD99","Cell-Cell Contact","KEGG: hsa04514","PBMC_Late"
"Treg","Classical Monocytes","CD99","CD99",0.0326842923757893,0,"CD99_CD99","CD99 - CD99","CD99","Cell-Cell Contact","KEGG: hsa04514","PBMC_Late"
"CD14+PPBP+ Monocytes","CX3CR1+ NK","CD99","CD99",0.116459762174909,0,"CD99_CD99","CD99 - CD99","CD99","Cell-Cell Contact","KEGG: hsa04514","PBMC_Late"
"Classical Monocytes","CX3CR1+ NK","CD99","CD99",0.0552722239309232,0,"CD99_CD99","CD99 - CD99","CD99","Cell-Cell Contact","KEGG: hsa04514","PBMC_Late"
"CX3CR1+ NK","CX3CR1+ NK","CD99","CD99",0.116547252498252,0,"CD99_CD99","CD99 - CD99","CD99","Cell-Cell Contact","KEGG: hsa04514","PBMC_Late"
"CXCR5+ Naïve B","CX3CR1+ NK","CD99","CD99",0.0128324731620811,0,"CD99_CD99","CD99 - CD99","CD99","Cell-Cell Contact","KEGG: hsa04514","PBMC_Late"
"CXCR6+ NK","CX3CR1+ NK","CD99","CD99",0.116151377114347,0,"CD99_CD99","CD99 - CD99","CD99","Cell-Cell Contact","KEGG: hsa04514","PBMC_Late"
"DC2","CX3CR1+ NK","CD99","CD99",0.0715559780040619,0,"CD99_CD99","CD99 - CD99","CD99","Cell-Cell Contact","KEGG: hsa04514","PBMC_Late"
"Gamma Delta V1 T","CX3CR1+ NK","CD99","CD99",0.0806377724019709,0,"CD99_CD99","CD99 - CD99","CD99","Cell-Cell Contact","KEGG: hsa04514","PBMC_Late"
"Gamma Delta V2 T","CX3CR1+ NK","CD99","CD99",0.0948044431683234,0,"CD99_CD99","CD99 - CD99","CD99","Cell-Cell Contact","KEGG: hsa04514","PBMC_Late"
"HSC_MPP","CX3CR1+ NK","CD99","CD99",0.124547924243153,0,"CD99_CD99","CD99 - CD99","CD99","Cell-Cell Contact","KEGG: hsa04514","PBMC_Late"
"ILC2/3","CX3CR1+ NK","CD99","CD99",0.0793259235904707,0,"CD99_CD99","CD99 - CD99","CD99","Cell-Cell Contact","KEGG: hsa04514","PBMC_Late"
"Megakaryocytes","CX3CR1+ NK","CD99","CD99",0.131670738375704,0,"CD99_CD99","CD99 - CD99","CD99","Cell-Cell Contact","KEGG: hsa04514","PBMC_Late"
"MEMP","CX3CR1+ NK","CD99","CD99",0.0555959229109062,0,"CD99_CD99","CD99 - CD99","CD99","Cell-Cell Contact","KEGG: hsa04514","PBMC_Late"
"MEP","CX3CR1+ NK","CD99","CD99",0.0240925117275393,0,"CD99_CD99","CD99 - CD99","CD99","Cell-Cell Contact","KEGG: hsa04514","PBMC_Late"
"Naïve CD4 T","CX3CR1+ NK","CD99","CD99",0.022100739369059,0,"CD99_CD99","CD99 - CD99","CD99","Cell-Cell Contact","KEGG: hsa04514","PBMC_Late"
"Naïve CD8 T","CX3CR1+ NK","CD99","CD99",0.0215096176572805,0,"CD99_CD99","CD99 - CD99","CD99","Cell-Cell Contact","KEGG: hsa04514","PBMC_Late"
"NK T","CX3CR1+ NK","CD99","CD99",0.107140408541389,0,"CD99_CD99","CD99 - CD99","CD99","Cell-Cell Contact","KEGG: hsa04514","PBMC_Late"
"pDC","CX3CR1+ NK","CD99","CD99",0.1137809651076,0,"CD99_CD99","CD99 - CD99","CD99","Cell-Cell Contact","KEGG: hsa04514","PBMC_Late"
"Pro-B","CX3CR1+ NK","CD99","CD99",0.158028995329308,0,"CD99_CD99","CD99 - CD99","CD99","Cell-Cell Contact","KEGG: hsa04514","PBMC_Late"
"Tem","CX3CR1+ NK","CD99","CD99",0.0758786655695726,0,"CD99_CD99","CD99 - CD99","CD99","Cell-Cell Contact","KEGG: hsa04514","PBMC_Late"
"Th17like_INNATE_T","CX3CR1+ NK","CD99","CD99",0.0927561823604766,0,"CD99_CD99","CD99 - CD99","CD99","Cell-Cell Contact","KEGG: hsa04514","PBMC_Late"
"Treg","CX3CR1+ NK","CD99","CD99",0.0707947361292318,0,"CD99_CD99","CD99 - CD99","CD99","Cell-Cell Contact","KEGG: hsa04514","PBMC_Late"
"CD14+PPBP+ Monocytes","CXCR5+ Naïve B","CD99","CD99",0.0128217100562802,0,"CD99_CD99","CD99 - CD99","CD99","Cell-Cell Contact","KEGG: hsa04514","PBMC_Late"
"Classical Monocytes","CXCR5+ Naïve B","CD99","CD99",0.00573197802063313,0,"CD99_CD99","CD99 - CD99","CD99","Cell-Cell Contact","KEGG: hsa04514","PBMC_Late"
"CX3CR1+ NK","CXCR5+ Naïve B","CD99","CD99",0.0128324731620811,0,"CD99_CD99","CD99 - CD99","CD99","Cell-Cell Contact","KEGG: hsa04514","PBMC_Late"
"DC2","CXCR5+ Naïve B","CD99","CD99",0.00753711707091293,0.02,"CD99_CD99","CD99 - CD99","CD99","Cell-Cell Contact","KEGG: hsa04514","PBMC_Late"
"Gamma Delta V1 T","CXCR5+ Naïve B","CD99","CD99",0.00856870670861781,0.02,"CD99_CD99","CD99 - CD99","CD99","Cell-Cell Contact","KEGG: hsa04514","PBMC_Late"
"HSC_MPP","CXCR5+ Naïve B","CD99","CD99",0.0138248039717238,0,"CD99_CD99","CD99 - CD99","CD99","Cell-Cell Contact","KEGG: hsa04514","PBMC_Late"
"Megakaryocytes","CXCR5+ Naïve B","CD99","CD99",0.0147219197281179,0,"CD99_CD99","CD99 - CD99","CD99","Cell-Cell Contact","KEGG: hsa04514","PBMC_Late"
"NK T","CXCR5+ Naïve B","CD99","CD99",0.0116859996008599,0.01,"CD99_CD99","CD99 - CD99","CD99","Cell-Cell Contact","KEGG: hsa04514","PBMC_Late"
"pDC","CXCR5+ Naïve B","CD99","CD99",0.0124930787433018,0.01,"CD99_CD99","CD99 - CD99","CD99","Cell-Cell Contact","KEGG: hsa04514","PBMC_Late"
"Pro-B","CXCR5+ Naïve B","CD99","CD99",0.0181585758435137,0.01,"CD99_CD99","CD99 - CD99","CD99","Cell-Cell Contact","KEGG: hsa04514","PBMC_Late"
"Treg","CXCR5+ Naïve B","CD99","CD99",0.00745146810984641,0,"CD99_CD99","CD99 - CD99","CD99","Cell-Cell Contact","KEGG: hsa04514","PBMC_Late"
"CD14+PPBP+ Monocytes","CXCR6+ NK","CD99","CD99",0.116064144926957,0,"CD99_CD99","CD99 - CD99","CD99","Cell-Cell Contact","KEGG: hsa04514","PBMC_Late"
"Classical Monocytes","CXCR6+ NK","CD99","CD99",0.0550715067946288,0,"CD99_CD99","CD99 - CD99","CD99","Cell-Cell Contact","KEGG: hsa04514","PBMC_Late"
"CX3CR1+ NK","CXCR6+ NK","CD99","CD99",0.116151377114347,0,"CD99_CD99","CD99 - CD99","CD99","Cell-Cell Contact","KEGG: hsa04514","PBMC_Late"
"CXCR6+ NK","CXCR6+ NK","CD99","CD99",0.115756670209548,0,"CD99_CD99","CD99 - CD99","CD99","Cell-Cell Contact","KEGG: hsa04514","PBMC_Late"
"DC2","CXCR6+ NK","CD99","CD99",0.0713005904907724,0,"CD99_CD99","CD99 - CD99","CD99","Cell-Cell Contact","KEGG: hsa04514","PBMC_Late"
"Gamma Delta V1 T","CXCR6+ NK","CD99","CD99",0.0803527766714089,0,"CD99_CD99","CD99 - CD99","CD99","Cell-Cell Contact","KEGG: hsa04514","PBMC_Late"
"Gamma Delta V2 T","CXCR6+ NK","CD99","CD99",0.0944745237079756,0,"CD99_CD99","CD99 - CD99","CD99","Cell-Cell Contact","KEGG: hsa04514","PBMC_Late"
"HSC_MPP","CXCR6+ NK","CD99","CD99",0.1241286913385,0,"CD99_CD99","CD99 - CD99","CD99","Cell-Cell Contact","KEGG: hsa04514","PBMC_Late"
"ILC2/3","CXCR6+ NK","CD99","CD99",0.0790451656568504,0,"CD99_CD99","CD99 - CD99","CD99","Cell-Cell Contact","KEGG: hsa04514","PBMC_Late"
"Megakaryocytes","CXCR6+ NK","CD99","CD99",0.131231123790253,0,"CD99_CD99","CD99 - CD99","CD99","Cell-Cell Contact","KEGG: hsa04514","PBMC_Late"
"MEMP","CXCR6+ NK","CD99","CD99",0.0553940992096929,0,"CD99_CD99","CD99 - CD99","CD99","Cell-Cell Contact","KEGG: hsa04514","PBMC_Late"
"Naïve CD4 T","CXCR6+ NK","CD99","CD99",0.0220176746927262,0,"CD99_CD99","CD99 - CD99","CD99","Cell-Cell Contact","KEGG: hsa04514","PBMC_Late"
"Naïve CD8 T","CXCR6+ NK","CD99","CD99",0.0214287260021465,0,"CD99_CD99","CD99 - CD99","CD99","Cell-Cell Contact","KEGG: hsa04514","PBMC_Late"
"NK T","CXCR6+ NK","CD99","CD99",0.106772623644128,0,"CD99_CD99","CD99 - CD99","CD99","Cell-Cell Contact","KEGG: hsa04514","PBMC_Late"
"pDC","CXCR6+ NK","CD99","CD99",0.113393279927216,0,"CD99_CD99","CD99 - CD99","CD99","Cell-Cell Contact","KEGG: hsa04514","PBMC_Late"
"Pro-B","CXCR6+ NK","CD99","CD99",0.157517341395591,0,"CD99_CD99","CD99 - CD99","CD99","Cell-Cell Contact","KEGG: hsa04514","PBMC_Late"
"Tem","CXCR6+ NK","CD99","CD99",0.0756091065232864,0,"CD99_CD99","CD99 - CD99","CD99","Cell-Cell Contact","KEGG: hsa04514","PBMC_Late"
"Th17like_INNATE_T","CXCR6+ NK","CD99","CD99",0.0924326629882104,0,"CD99_CD99","CD99 - CD99","CD99","Cell-Cell Contact","KEGG: hsa04514","PBMC_Late"
"Treg","CXCR6+ NK","CD99","CD99",0.0705418591056555,0,"CD99_CD99","CD99 - CD99","CD99","Cell-Cell Contact","KEGG: hsa04514","PBMC_Late"
"CD14+PPBP+ Monocytes","DC2","CD99","CD99",0.0714995285560633,0,"CD99_CD99","CD99 - CD99","CD99","Cell-Cell Contact","KEGG: hsa04514","PBMC_Late"
"Classical Monocytes","DC2","CD99","CD99",0.0330503158519548,0,"CD99_CD99","CD99 - CD99","CD99","Cell-Cell Contact","KEGG: hsa04514","PBMC_Late"
"CX3CR1+ NK","DC2","CD99","CD99",0.0715559780040619,0,"CD99_CD99","CD99 - CD99","CD99","Cell-Cell Contact","KEGG: hsa04514","PBMC_Late"
"CXCR5+ Naïve B","DC2","CD99","CD99",0.00753711707091293,0.02,"CD99_CD99","CD99 - CD99","CD99","Cell-Cell Contact","KEGG: hsa04514","PBMC_Late"
"CXCR6+ NK","DC2","CD99","CD99",0.0713005904907724,0,"CD99_CD99","CD99 - CD99","CD99","Cell-Cell Contact","KEGG: hsa04514","PBMC_Late"
"DC2","DC2","CD99","CD99",0.0430858492942256,0,"CD99_CD99","CD99 - CD99","CD99","Cell-Cell Contact","KEGG: hsa04514","PBMC_Late"
"Gamma Delta V1 T","DC2","CD99","CD99",0.0487439565297243,0,"CD99_CD99","CD99 - CD99","CD99","Cell-Cell Contact","KEGG: hsa04514","PBMC_Late"
"Gamma Delta V2 T","DC2","CD99","CD99",0.0576588427126426,0,"CD99_CD99","CD99 - CD99","CD99","Cell-Cell Contact","KEGG: hsa04514","PBMC_Late"
"HSC_MPP","DC2","CD99","CD99",0.076736382593505,0,"CD99_CD99","CD99 - CD99","CD99","Cell-Cell Contact","KEGG: hsa04514","PBMC_Late"
"ILC2/3","DC2","CD99","CD99",0.0479239226795126,0,"CD99_CD99","CD99 - CD99","CD99","Cell-Cell Contact","KEGG: hsa04514","PBMC_Late"
"Megakaryocytes","DC2","CD99","CD99",0.0813790582635704,0,"CD99_CD99","CD99 - CD99","CD99","Cell-Cell Contact","KEGG: hsa04514","PBMC_Late"
"MEMP","DC2","CD99","CD99",0.0332484535112487,0,"CD99_CD99","CD99 - CD99","CD99","Cell-Cell Contact","KEGG: hsa04514","PBMC_Late"
"Naïve CD4 T","DC2","CD99","CD99",0.0130312942470467,0,"CD99_CD99","CD99 - CD99","CD99","Cell-Cell Contact","KEGG: hsa04514","PBMC_Late"
"Naïve CD8 T","DC2","CD99","CD99",0.0126796049055997,0,"CD99_CD99","CD99 - CD99","CD99","Cell-Cell Contact","KEGG: hsa04514","PBMC_Late"
"NK T","DC2","CD99","CD99",0.0655112224382937,0,"CD99_CD99","CD99 - CD99","CD99","Cell-Cell Contact","KEGG: hsa04514","PBMC_Late"
"pDC","DC2","CD99","CD99",0.0697732341957688,0,"CD99_CD99","CD99 - CD99","CD99","Cell-Cell Contact","KEGG: hsa04514","PBMC_Late"
"Pro-B","DC2","CD99","CD99",0.098815452378517,0,"CD99_CD99","CD99 - CD99","CD99","Cell-Cell Contact","KEGG: hsa04514","PBMC_Late"
"Tem","DC2","CD99","CD99",0.0457734520731121,0,"CD99_CD99","CD99 - CD99","CD99","Cell-Cell Contact","KEGG: hsa04514","PBMC_Late"
"Th17like_INNATE_T","DC2","CD99","CD99",0.0563631459868633,0,"CD99_CD99","CD99 - CD99","CD99","Cell-Cell Contact","KEGG: hsa04514","PBMC_Late"
"Treg","DC2","CD99","CD99",0.0426135829395176,0,"CD99_CD99","CD99 - CD99","CD99","Cell-Cell Contact","KEGG: hsa04514","PBMC_Late"
"CD14+PPBP+ Monocytes","Gamma Delta V1 T","CD99","CD99",0.0805747802299823,0,"CD99_CD99","CD99 - CD99","CD99","Cell-Cell Contact","KEGG: hsa04514","PBMC_Late"
"Classical Monocytes","Gamma Delta V1 T","CD99","CD99",0.0374421058125999,0,"CD99_CD99","CD99 - CD99","CD99","Cell-Cell Contact","KEGG: hsa04514","PBMC_Late"
"CX3CR1+ NK","Gamma Delta V1 T","CD99","CD99",0.0806377724019709,0,"CD99_CD99","CD99 - CD99","CD99","Cell-Cell Contact","KEGG: hsa04514","PBMC_Late"
"CXCR5+ Naïve B","Gamma Delta V1 T","CD99","CD99",0.00856870670861781,0.02,"CD99_CD99","CD99 - CD99","CD99","Cell-Cell Contact","KEGG: hsa04514","PBMC_Late"
"CXCR6+ NK","Gamma Delta V1 T","CD99","CD99",0.0803527766714089,0,"CD99_CD99","CD99 - CD99","CD99","Cell-Cell Contact","KEGG: hsa04514","PBMC_Late"
"DC2","Gamma Delta V1 T","CD99","CD99",0.0487439565297243,0,"CD99_CD99","CD99 - CD99","CD99","Cell-Cell Contact","KEGG: hsa04514","PBMC_Late"
"Gamma Delta V1 T","Gamma Delta V1 T","CD99","CD99",0.055102309781479,0,"CD99_CD99","CD99 - CD99","CD99","Cell-Cell Contact","KEGG: hsa04514","PBMC_Late"
"Gamma Delta V2 T","Gamma Delta V1 T","CD99","CD99",0.0651005045993941,0,"CD99_CD99","CD99 - CD99","CD99","Cell-Cell Contact","KEGG: hsa04514","PBMC_Late"
"HSC_MPP","Gamma Delta V1 T","CD99","CD99",0.0864144718049062,0,"CD99_CD99","CD99 - CD99","CD99","Cell-Cell Contact","KEGG: hsa04514","PBMC_Late"
"ILC2/3","Gamma Delta V1 T","CD99","CD99",0.0541814001742784,0,"CD99_CD99","CD99 - CD99","CD99","Cell-Cell Contact","KEGG: hsa04514","PBMC_Late"
"Megakaryocytes","Gamma Delta V1 T","CD99","CD99",0.091584603994885,0,"CD99_CD99","CD99 - CD99","CD99","Cell-Cell Contact","KEGG: hsa04514","PBMC_Late"
"MEMP","Gamma Delta V1 T","CD99","CD99",0.0376655467986323,0,"CD99_CD99","CD99 - CD99","CD99","Cell-Cell Contact","KEGG: hsa04514","PBMC_Late"
"MEP","Gamma Delta V1 T","CD99","CD99",0.0161486442885859,0.03,"CD99_CD99","CD99 - CD99","CD99","Cell-Cell Contact","KEGG: hsa04514","PBMC_Late"
"Naïve CD4 T","Gamma Delta V1 T","CD99","CD99",0.0148036440255159,0,"CD99_CD99","CD99 - CD99","CD99","Cell-Cell Contact","KEGG: hsa04514","PBMC_Late"
"Naïve CD8 T","Gamma Delta V1 T","CD99","CD99",0.0144048205159413,0,"CD99_CD99","CD99 - CD99","CD99","Cell-Cell Contact","KEGG: hsa04514","PBMC_Late"
"NK T","Gamma Delta V1 T","CD99","CD99",0.0738868783660097,0,"CD99_CD99","CD99 - CD99","CD99","Cell-Cell Contact","KEGG: hsa04514","PBMC_Late"
"pDC","Gamma Delta V1 T","CD99","CD99",0.0786479316522099,0,"CD99_CD99","CD99 - CD99","CD99","Cell-Cell Contact","KEGG: hsa04514","PBMC_Late"
"Pro-B","Gamma Delta V1 T","CD99","CD99",0.110943566625078,0,"CD99_CD99","CD99 - CD99","CD99","Cell-Cell Contact","KEGG: hsa04514","PBMC_Late"
"Tem","Gamma Delta V1 T","CD99","CD99",0.0517654071508489,0,"CD99_CD99","CD99 - CD99","CD99","Cell-Cell Contact","KEGG: hsa04514","PBMC_Late"
"Th17like_INNATE_T","Gamma Delta V1 T","CD99","CD99",0.0636488755947364,0,"CD99_CD99","CD99 - CD99","CD99","Cell-Cell Contact","KEGG: hsa04514","PBMC_Late"
"Treg","Gamma Delta V1 T","CD99","CD99",0.0482127960842567,0,"CD99_CD99","CD99 - CD99","CD99","Cell-Cell Contact","KEGG: hsa04514","PBMC_Late"
"CD14+PPBP+ Monocytes","Gamma Delta V2 T","CD99","CD99",0.0947315246664032,0,"CD99_CD99","CD99 - CD99","CD99","Cell-Cell Contact","KEGG: hsa04514","PBMC_Late"
"Classical Monocytes","Gamma Delta V2 T","CD99","CD99",0.0443864213137899,0,"CD99_CD99","CD99 - CD99","CD99","Cell-Cell Contact","KEGG: hsa04514","PBMC_Late"
"CX3CR1+ NK","Gamma Delta V2 T","CD99","CD99",0.0948044431683234,0,"CD99_CD99","CD99 - CD99","CD99","Cell-Cell Contact","KEGG: hsa04514","PBMC_Late"
"CXCR6+ NK","Gamma Delta V2 T","CD99","CD99",0.0944745237079756,0,"CD99_CD99","CD99 - CD99","CD99","Cell-Cell Contact","KEGG: hsa04514","PBMC_Late"
"DC2","Gamma Delta V2 T","CD99","CD99",0.0576588427126426,0,"CD99_CD99","CD99 - CD99","CD99","Cell-Cell Contact","KEGG: hsa04514","PBMC_Late"
"Gamma Delta V1 T","Gamma Delta V2 T","CD99","CD99",0.0651005045993941,0,"CD99_CD99","CD99 - CD99","CD99","Cell-Cell Contact","KEGG: hsa04514","PBMC_Late"
"Gamma Delta V2 T","Gamma Delta V2 T","CD99","CD99",0.076765464815706,0,"CD99_CD99","CD99 - CD99","CD99","Cell-Cell Contact","KEGG: hsa04514","PBMC_Late"
"HSC_MPP","Gamma Delta V2 T","CD99","CD99",0.101483983102604,0,"CD99_CD99","CD99 - CD99","CD99","Cell-Cell Contact","KEGG: hsa04514","PBMC_Late"
"ILC2/3","Gamma Delta V2 T","CD99","CD99",0.0640238200012579,0,"CD99_CD99","CD99 - CD99","CD99","Cell-Cell Contact","KEGG: hsa04514","PBMC_Late"
"Megakaryocytes","Gamma Delta V2 T","CD99","CD99",0.107449676065377,0,"CD99_CD99","CD99 - CD99","CD99","Cell-Cell Contact","KEGG: hsa04514","PBMC_Late"
"MEMP","Gamma Delta V2 T","CD99","CD99",0.0446493811731454,0,"CD99_CD99","CD99 - CD99","CD99","Cell-Cell Contact","KEGG: hsa04514","PBMC_Late"
"Naïve CD4 T","Gamma Delta V2 T","CD99","CD99",0.017626133295406,0,"CD99_CD99","CD99 - CD99","CD99","Cell-Cell Contact","KEGG: hsa04514","PBMC_Late"
"Naïve CD8 T","Gamma Delta V2 T","CD99","CD99",0.0171525932700631,0,"CD99_CD99","CD99 - CD99","CD99","Cell-Cell Contact","KEGG: hsa04514","PBMC_Late"
"NK T","Gamma Delta V2 T","CD99","CD99",0.0869797406064405,0,"CD99_CD99","CD99 - CD99","CD99","Cell-Cell Contact","KEGG: hsa04514","PBMC_Late"
"pDC","Gamma Delta V2 T","CD99","CD99",0.0925001941245755,0,"CD99_CD99","CD99 - CD99","CD99","Cell-Cell Contact","KEGG: hsa04514","PBMC_Late"
"Pro-B","Gamma Delta V2 T","CD99","CD99",0.129683422432509,0,"CD99_CD99","CD99 - CD99","CD99","Cell-Cell Contact","KEGG: hsa04514","PBMC_Late"
"Tem","Gamma Delta V2 T","CD99","CD99",0.0611973423871479,0,"CD99_CD99","CD99 - CD99","CD99","Cell-Cell Contact","KEGG: hsa04514","PBMC_Late"
"Th17like_INNATE_T","Gamma Delta V2 T","CD99","CD99",0.0750746146317281,0,"CD99_CD99","CD99 - CD99","CD99","Cell-Cell Contact","KEGG: hsa04514","PBMC_Late"
"Treg","Gamma Delta V2 T","CD99","CD99",0.0570363619214596,0,"CD99_CD99","CD99 - CD99","CD99","Cell-Cell Contact","KEGG: hsa04514","PBMC_Late"
"CD14+PPBP+ Monocytes","HSC_MPP","CD99","CD99",0.124455274017985,0,"CD99_CD99","CD99 - CD99","CD99","Cell-Cell Contact","KEGG: hsa04514","PBMC_Late"
"Classical Monocytes","HSC_MPP","CD99","CD99",0.0593490994437406,0,"CD99_CD99","CD99 - CD99","CD99","Cell-Cell Contact","KEGG: hsa04514","PBMC_Late"
"CX3CR1+ NK","HSC_MPP","CD99","CD99",0.124547924243153,0,"CD99_CD99","CD99 - CD99","CD99","Cell-Cell Contact","KEGG: hsa04514","PBMC_Late"
"CXCR5+ Naïve B","HSC_MPP","CD99","CD99",0.0138248039717238,0,"CD99_CD99","CD99 - CD99","CD99","Cell-Cell Contact","KEGG: hsa04514","PBMC_Late"
"CXCR6+ NK","HSC_MPP","CD99","CD99",0.1241286913385,0,"CD99_CD99","CD99 - CD99","CD99","Cell-Cell Contact","KEGG: hsa04514","PBMC_Late"
"DC2","HSC_MPP","CD99","CD99",0.076736382593505,0,"CD99_CD99","CD99 - CD99","CD99","Cell-Cell Contact","KEGG: hsa04514","PBMC_Late"
"Gamma Delta V1 T","HSC_MPP","CD99","CD99",0.0864144718049062,0,"CD99_CD99","CD99 - CD99","CD99","Cell-Cell Contact","KEGG: hsa04514","PBMC_Late"
"Gamma Delta V2 T","HSC_MPP","CD99","CD99",0.101483983102604,0,"CD99_CD99","CD99 - CD99","CD99","Cell-Cell Contact","KEGG: hsa04514","PBMC_Late"
"HSC_MPP","HSC_MPP","CD99","CD99",0.133015128737802,0,"CD99_CD99","CD99 - CD99","CD99","Cell-Cell Contact","KEGG: hsa04514","PBMC_Late"
"ILC2/3","HSC_MPP","CD99","CD99",0.0850173357675949,0,"CD99_CD99","CD99 - CD99","CD99","Cell-Cell Contact","KEGG: hsa04514","PBMC_Late"
"Megakaryocytes","HSC_MPP","CD99","CD99",0.140544438191026,0,"CD99_CD99","CD99 - CD99","CD99","Cell-Cell Contact","KEGG: hsa04514","PBMC_Late"
"MEMP","HSC_MPP","CD99","CD99",0.0596951657684466,0,"CD99_CD99","CD99 - CD99","CD99","Cell-Cell Contact","KEGG: hsa04514","PBMC_Late"
"MEP","HSC_MPP","CD99","CD99",0.0259327034688514,0.01,"CD99_CD99","CD99 - CD99","CD99","Cell-Cell Contact","KEGG: hsa04514","PBMC_Late"
"Naïve CD4 T","HSC_MPP","CD99","CD99",0.0237925080278242,0,"CD99_CD99","CD99 - CD99","CD99","Cell-Cell Contact","KEGG: hsa04514","PBMC_Late"
"Naïve CD8 T","HSC_MPP","CD99","CD99",0.023157208624646,0,"CD99_CD99","CD99 - CD99","CD99","Cell-Cell Contact","KEGG: hsa04514","PBMC_Late"
"NK T","HSC_MPP","CD99","CD99",0.114579075496951,0,"CD99_CD99","CD99 - CD99","CD99","Cell-Cell Contact","KEGG: hsa04514","PBMC_Late"
"pDC","HSC_MPP","CD99","CD99",0.121617880095403,0,"CD99_CD99","CD99 - CD99","CD99","Cell-Cell Contact","KEGG: hsa04514","PBMC_Late"
"Pro-B","HSC_MPP","CD99","CD99",0.168334693051746,0,"CD99_CD99","CD99 - CD99","CD99","Cell-Cell Contact","KEGG: hsa04514","PBMC_Late"
"Tem","HSC_MPP","CD99","CD99",0.0813445991863739,0,"CD99_CD99","CD99 - CD99","CD99","Cell-Cell Contact","KEGG: hsa04514","PBMC_Late"
"Th17like_INNATE_T","HSC_MPP","CD99","CD99",0.0993072422855631,0,"CD99_CD99","CD99 - CD99","CD99","Cell-Cell Contact","KEGG: hsa04514","PBMC_Late"
"Treg","HSC_MPP","CD99","CD99",0.0759245362326982,0,"CD99_CD99","CD99 - CD99","CD99","Cell-Cell Contact","KEGG: hsa04514","PBMC_Late"
"CD14+PPBP+ Monocytes","ILC2/3","CD99","CD99",0.0792638678485016,0,"CD99_CD99","CD99 - CD99","CD99","Cell-Cell Contact","KEGG: hsa04514","PBMC_Late"
"Classical Monocytes","ILC2/3","CD99","CD99",0.0368048498572024,0,"CD99_CD99","CD99 - CD99","CD99","Cell-Cell Contact","KEGG: hsa04514","PBMC_Late"
"CX3CR1+ NK","ILC2/3","CD99","CD99",0.0793259235904707,0,"CD99_CD99","CD99 - CD99","CD99","Cell-Cell Contact","KEGG: hsa04514","PBMC_Late"
"CXCR6+ NK","ILC2/3","CD99","CD99",0.0790451656568504,0,"CD99_CD99","CD99 - CD99","CD99","Cell-Cell Contact","KEGG: hsa04514","PBMC_Late"
"DC2","ILC2/3","CD99","CD99",0.0479239226795126,0,"CD99_CD99","CD99 - CD99","CD99","Cell-Cell Contact","KEGG: hsa04514","PBMC_Late"
"Gamma Delta V1 T","ILC2/3","CD99","CD99",0.0541814001742784,0,"CD99_CD99","CD99 - CD99","CD99","Cell-Cell Contact","KEGG: hsa04514","PBMC_Late"
"Gamma Delta V2 T","ILC2/3","CD99","CD99",0.0640238200012579,0,"CD99_CD99","CD99 - CD99","CD99","Cell-Cell Contact","KEGG: hsa04514","PBMC_Late"
"HSC_MPP","ILC2/3","CD99","CD99",0.0850173357675949,0,"CD99_CD99","CD99 - CD99","CD99","Cell-Cell Contact","KEGG: hsa04514","PBMC_Late"
"ILC2/3","ILC2/3","CD99","CD99",0.0532750137069907,0,"CD99_CD99","CD99 - CD99","CD99","Cell-Cell Contact","KEGG: hsa04514","PBMC_Late"
"Megakaryocytes","ILC2/3","CD99","CD99",0.0901121229937356,0,"CD99_CD99","CD99 - CD99","CD99","Cell-Cell Contact","KEGG: hsa04514","PBMC_Late"
"MEMP","ILC2/3","CD99","CD99",0.037024634207949,0,"CD99_CD99","CD99 - CD99","CD99","Cell-Cell Contact","KEGG: hsa04514","PBMC_Late"
"Naïve CD4 T","ILC2/3","CD99","CD99",0.0145458668872555,0.01,"CD99_CD99","CD99 - CD99","CD99","Cell-Cell Contact","KEGG: hsa04514","PBMC_Late"
"Naïve CD8 T","ILC2/3","CD99","CD99",0.0141538883538828,0.01,"CD99_CD99","CD99 - CD99","CD99","Cell-Cell Contact","KEGG: hsa04514","PBMC_Late"
"NK T","ILC2/3","CD99","CD99",0.0726761740622364,0,"CD99_CD99","CD99 - CD99","CD99","Cell-Cell Contact","KEGG: hsa04514","PBMC_Late"
"pDC","ILC2/3","CD99","CD99",0.0773657302816727,0,"CD99_CD99","CD99 - CD99","CD99","Cell-Cell Contact","KEGG: hsa04514","PBMC_Late"
"Pro-B","ILC2/3","CD99","CD99",0.109197249865397,0,"CD99_CD99","CD99 - CD99","CD99","Cell-Cell Contact","KEGG: hsa04514","PBMC_Late"
"Tem","ILC2/3","CD99","CD99",0.0508972622679543,0,"CD99_CD99","CD99 - CD99","CD99","Cell-Cell Contact","KEGG: hsa04514","PBMC_Late"
"Th17like_INNATE_T","ILC2/3","CD99","CD99",0.0625945917781746,0,"CD99_CD99","CD99 - CD99","CD99","Cell-Cell Contact","KEGG: hsa04514","PBMC_Late"
"Treg","ILC2/3","CD99","CD99",0.0474012528258852,0,"CD99_CD99","CD99 - CD99","CD99","Cell-Cell Contact","KEGG: hsa04514","PBMC_Late"
"CD14+PPBP+ Monocytes","Megakaryocytes","CD99","CD99",0.131573585883801,0,"CD99_CD99","CD99 - CD99","CD99","Cell-Cell Contact","KEGG: hsa04514","PBMC_Late"
"Classical Monocytes","Megakaryocytes","CD99","CD99",0.0630116111710965,0,"CD99_CD99","CD99 - CD99","CD99","Cell-Cell Contact","KEGG: hsa04514","PBMC_Late"
"CX3CR1+ NK","Megakaryocytes","CD99","CD99",0.131670738375704,0,"CD99_CD99","CD99 - CD99","CD99","Cell-Cell Contact","KEGG: hsa04514","PBMC_Late"
"CXCR5+ Naïve B","Megakaryocytes","CD99","CD99",0.0147219197281179,0,"CD99_CD99","CD99 - CD99","CD99","Cell-Cell Contact","KEGG: hsa04514","PBMC_Late"
"CXCR6+ NK","Megakaryocytes","CD99","CD99",0.131231123790253,0,"CD99_CD99","CD99 - CD99","CD99","Cell-Cell Contact","KEGG: hsa04514","PBMC_Late"
"DC2","Megakaryocytes","CD99","CD99",0.0813790582635704,0,"CD99_CD99","CD99 - CD99","CD99","Cell-Cell Contact","KEGG: hsa04514","PBMC_Late"
"Gamma Delta V1 T","Megakaryocytes","CD99","CD99",0.091584603994885,0,"CD99_CD99","CD99 - CD99","CD99","Cell-Cell Contact","KEGG: hsa04514","PBMC_Late"
"Gamma Delta V2 T","Megakaryocytes","CD99","CD99",0.107449676065377,0,"CD99_CD99","CD99 - CD99","CD99","Cell-Cell Contact","KEGG: hsa04514","PBMC_Late"
"HSC_MPP","Megakaryocytes","CD99","CD99",0.140544438191026,0,"CD99_CD99","CD99 - CD99","CD99","Cell-Cell Contact","KEGG: hsa04514","PBMC_Late"
"ILC2/3","Megakaryocytes","CD99","CD99",0.0901121229937356,0,"CD99_CD99","CD99 - CD99","CD99","Cell-Cell Contact","KEGG: hsa04514","PBMC_Late"
"Megakaryocytes","Megakaryocytes","CD99","CD99",0.14842697920419,0,"CD99_CD99","CD99 - CD99","CD99","Cell-Cell Contact","KEGG: hsa04514","PBMC_Late"
"MEMP","Megakaryocytes","CD99","CD99",0.0633775948052186,0,"CD99_CD99","CD99 - CD99","CD99","Cell-Cell Contact","KEGG: hsa04514","PBMC_Late"
"MEP","Megakaryocytes","CD99","CD99",0.02759353779329,0,"CD99_CD99","CD99 - CD99","CD99","Cell-Cell Contact","KEGG: hsa04514","PBMC_Late"
"Naïve CD4 T","Megakaryocytes","CD99","CD99",0.0253198385560629,0,"CD99_CD99","CD99 - CD99","CD99","Cell-Cell Contact","KEGG: hsa04514","PBMC_Late"
"Naïve CD8 T","Megakaryocytes","CD99","CD99",0.0246447864620212,0,"CD99_CD99","CD99 - CD99","CD99","Cell-Cell Contact","KEGG: hsa04514","PBMC_Late"
"NK T","Megakaryocytes","CD99","CD99",0.121210712548844,0,"CD99_CD99","CD99 - CD99","CD99","Cell-Cell Contact","KEGG: hsa04514","PBMC_Late"
"pDC","Megakaryocytes","CD99","CD99",0.128597741380344,0,"CD99_CD99","CD99 - CD99","CD99","Cell-Cell Contact","KEGG: hsa04514","PBMC_Late"
"Pro-B","Megakaryocytes","CD99","CD99",0.177454055525844,0,"CD99_CD99","CD99 - CD99","CD99","Cell-Cell Contact","KEGG: hsa04514","PBMC_Late"
"Tem","Megakaryocytes","CD99","CD99",0.086240036911523,0,"CD99_CD99","CD99 - CD99","CD99","Cell-Cell Contact","KEGG: hsa04514","PBMC_Late"
"Th17like_INNATE_T","Megakaryocytes","CD99","CD99",0.105159952421396,0,"CD99_CD99","CD99 - CD99","CD99","Cell-Cell Contact","KEGG: hsa04514","PBMC_Late"
"Treg","Megakaryocytes","CD99","CD99",0.0805223777057075,0,"CD99_CD99","CD99 - CD99","CD99","Cell-Cell Contact","KEGG: hsa04514","PBMC_Late"
"CD14+PPBP+ Monocytes","MEMP","CD99","CD99",0.0555513107806845,0,"CD99_CD99","CD99 - CD99","CD99","Cell-Cell Contact","KEGG: hsa04514","PBMC_Late"
"Classical Monocytes","MEMP","CD99","CD99",0.0254433173790984,0,"CD99_CD99","CD99 - CD99","CD99","Cell-Cell Contact","KEGG: hsa04514","PBMC_Late"
"CX3CR1+ NK","MEMP","CD99","CD99",0.0555959229109062,0,"CD99_CD99","CD99 - CD99","CD99","Cell-Cell Contact","KEGG: hsa04514","PBMC_Late"
"CXCR6+ NK","MEMP","CD99","CD99",0.0553940992096929,0,"CD99_CD99","CD99 - CD99","CD99","Cell-Cell Contact","KEGG: hsa04514","PBMC_Late"
"DC2","MEMP","CD99","CD99",0.0332484535112487,0,"CD99_CD99","CD99 - CD99","CD99","Cell-Cell Contact","KEGG: hsa04514","PBMC_Late"
"Gamma Delta V1 T","MEMP","CD99","CD99",0.0376655467986323,0,"CD99_CD99","CD99 - CD99","CD99","Cell-Cell Contact","KEGG: hsa04514","PBMC_Late"
"Gamma Delta V2 T","MEMP","CD99","CD99",0.0446493811731454,0,"CD99_CD99","CD99 - CD99","CD99","Cell-Cell Contact","KEGG: hsa04514","PBMC_Late"
"HSC_MPP","MEMP","CD99","CD99",0.0596951657684466,0,"CD99_CD99","CD99 - CD99","CD99","Cell-Cell Contact","KEGG: hsa04514","PBMC_Late"
"ILC2/3","MEMP","CD99","CD99",0.037024634207949,0,"CD99_CD99","CD99 - CD99","CD99","Cell-Cell Contact","KEGG: hsa04514","PBMC_Late"
"Megakaryocytes","MEMP","CD99","CD99",0.0633775948052186,0,"CD99_CD99","CD99 - CD99","CD99","Cell-Cell Contact","KEGG: hsa04514","PBMC_Late"
"MEMP","MEMP","CD99","CD99",0.0255970580812622,0.02,"CD99_CD99","CD99 - CD99","CD99","Cell-Cell Contact","KEGG: hsa04514","PBMC_Late"
"NK T","MEMP","CD99","CD99",0.0508256009489096,0,"CD99_CD99","CD99 - CD99","CD99","Cell-Cell Contact","KEGG: hsa04514","PBMC_Late"
"pDC","MEMP","CD99","CD99",0.0541876003689471,0,"CD99_CD99","CD99 - CD99","CD99","Cell-Cell Contact","KEGG: hsa04514","PBMC_Late"
"Pro-B","MEMP","CD99","CD99",0.0772814515697531,0,"CD99_CD99","CD99 - CD99","CD99","Cell-Cell Contact","KEGG: hsa04514","PBMC_Late"
"Tem","MEMP","CD99","CD99",0.0353450862304308,0,"CD99_CD99","CD99 - CD99","CD99","Cell-Cell Contact","KEGG: hsa04514","PBMC_Late"
"Th17like_INNATE_T","MEMP","CD99","CD99",0.0436324939233441,0,"CD99_CD99","CD99 - CD99","CD99","Cell-Cell Contact","KEGG: hsa04514","PBMC_Late"
"Treg","MEMP","CD99","CD99",0.0328803103291671,0,"CD99_CD99","CD99 - CD99","CD99","Cell-Cell Contact","KEGG: hsa04514","PBMC_Late"
"CD14+PPBP+ Monocytes","MEP","CD99","CD99",0.0240725346815935,0,"CD99_CD99","CD99 - CD99","CD99","Cell-Cell Contact","KEGG: hsa04514","PBMC_Late"
"CX3CR1+ NK","MEP","CD99","CD99",0.0240925117275393,0,"CD99_CD99","CD99 - CD99","CD99","Cell-Cell Contact","KEGG: hsa04514","PBMC_Late"
"Gamma Delta V1 T","MEP","CD99","CD99",0.0161486442885859,0.03,"CD99_CD99","CD99 - CD99","CD99","Cell-Cell Contact","KEGG: hsa04514","PBMC_Late"
"HSC_MPP","MEP","CD99","CD99",0.0259327034688514,0.01,"CD99_CD99","CD99 - CD99","CD99","Cell-Cell Contact","KEGG: hsa04514","PBMC_Late"
"Megakaryocytes","MEP","CD99","CD99",0.02759353779329,0,"CD99_CD99","CD99 - CD99","CD99","Cell-Cell Contact","KEGG: hsa04514","PBMC_Late"
"NK T","MEP","CD99","CD99",0.0219624295978735,0.01,"CD99_CD99","CD99 - CD99","CD99","Cell-Cell Contact","KEGG: hsa04514","PBMC_Late"
"pDC","MEP","CD99","CD99",0.0234623888651855,0.02,"CD99_CD99","CD99 - CD99","CD99","Cell-Cell Contact","KEGG: hsa04514","PBMC_Late"
"Th17like_INNATE_T","MEP","CD99","CD99",0.0187733975453598,0.04,"CD99_CD99","CD99 - CD99","CD99","Cell-Cell Contact","KEGG: hsa04514","PBMC_Late"
"CD14+PPBP+ Monocytes","Naïve CD4 T","CD99","CD99",0.0220823764920747,0,"CD99_CD99","CD99 - CD99","CD99","Cell-Cell Contact","KEGG: hsa04514","PBMC_Late"
"Classical Monocytes","Naïve CD4 T","CD99","CD99",0.00992345711622323,0,"CD99_CD99","CD99 - CD99","CD99","Cell-Cell Contact","KEGG: hsa04514","PBMC_Late"
"CX3CR1+ NK","Naïve CD4 T","CD99","CD99",0.022100739369059,0,"CD99_CD99","CD99 - CD99","CD99","Cell-Cell Contact","KEGG: hsa04514","PBMC_Late"
"CXCR6+ NK","Naïve CD4 T","CD99","CD99",0.0220176746927262,0,"CD99_CD99","CD99 - CD99","CD99","Cell-Cell Contact","KEGG: hsa04514","PBMC_Late"
"DC2","Naïve CD4 T","CD99","CD99",0.0130312942470467,0,"CD99_CD99","CD99 - CD99","CD99","Cell-Cell Contact","KEGG: hsa04514","PBMC_Late"
"Gamma Delta V1 T","Naïve CD4 T","CD99","CD99",0.0148036440255159,0,"CD99_CD99","CD99 - CD99","CD99","Cell-Cell Contact","KEGG: hsa04514","PBMC_Late"
"Gamma Delta V2 T","Naïve CD4 T","CD99","CD99",0.017626133295406,0,"CD99_CD99","CD99 - CD99","CD99","Cell-Cell Contact","KEGG: hsa04514","PBMC_Late"
"HSC_MPP","Naïve CD4 T","CD99","CD99",0.0237925080278242,0,"CD99_CD99","CD99 - CD99","CD99","Cell-Cell Contact","KEGG: hsa04514","PBMC_Late"
"ILC2/3","Naïve CD4 T","CD99","CD99",0.0145458668872555,0.01,"CD99_CD99","CD99 - CD99","CD99","Cell-Cell Contact","KEGG: hsa04514","PBMC_Late"
"Megakaryocytes","Naïve CD4 T","CD99","CD99",0.0253198385560629,0,"CD99_CD99","CD99 - CD99","CD99","Cell-Cell Contact","KEGG: hsa04514","PBMC_Late"
"NK T","Naïve CD4 T","CD99","CD99",0.020143120326545,0,"CD99_CD99","CD99 - CD99","CD99","Cell-Cell Contact","KEGG: hsa04514","PBMC_Late"
"pDC","Naïve CD4 T","CD99","CD99",0.0215215611159553,0,"CD99_CD99","CD99 - CD99","CD99","Cell-Cell Contact","KEGG: hsa04514","PBMC_Late"
"Pro-B","Naïve CD4 T","CD99","CD99",0.0311522312368605,0,"CD99_CD99","CD99 - CD99","CD99","Cell-Cell Contact","KEGG: hsa04514","PBMC_Late"
"Tem","Naïve CD4 T","CD99","CD99",0.0138713344342257,0,"CD99_CD99","CD99 - CD99","CD99","Cell-Cell Contact","KEGG: hsa04514","PBMC_Late"
"Th17like_INNATE_T","Naïve CD4 T","CD99","CD99",0.0172136097612625,0,"CD99_CD99","CD99 - CD99","CD99","Cell-Cell Contact","KEGG: hsa04514","PBMC_Late"
"Treg","Naïve CD4 T","CD99","CD99",0.012884022031658,0,"CD99_CD99","CD99 - CD99","CD99","Cell-Cell Contact","KEGG: hsa04514","PBMC_Late"
"CD14+PPBP+ Monocytes","Naïve CD8 T","CD99","CD99",0.0214917351324031,0,"CD99_CD99","CD99 - CD99","CD99","Cell-Cell Contact","KEGG: hsa04514","PBMC_Late"
"Classical Monocytes","Naïve CD8 T","CD99","CD99",0.0096548217821871,0,"CD99_CD99","CD99 - CD99","CD99","Cell-Cell Contact","KEGG: hsa04514","PBMC_Late"
"CX3CR1+ NK","Naïve CD8 T","CD99","CD99",0.0215096176572805,0,"CD99_CD99","CD99 - CD99","CD99","Cell-Cell Contact","KEGG: hsa04514","PBMC_Late"
"CXCR6+ NK","Naïve CD8 T","CD99","CD99",0.0214287260021465,0,"CD99_CD99","CD99 - CD99","CD99","Cell-Cell Contact","KEGG: hsa04514","PBMC_Late"
"DC2","Naïve CD8 T","CD99","CD99",0.0126796049055997,0,"CD99_CD99","CD99 - CD99","CD99","Cell-Cell Contact","KEGG: hsa04514","PBMC_Late"
"Gamma Delta V1 T","Naïve CD8 T","CD99","CD99",0.0144048205159413,0,"CD99_CD99","CD99 - CD99","CD99","Cell-Cell Contact","KEGG: hsa04514","PBMC_Late"
"Gamma Delta V2 T","Naïve CD8 T","CD99","CD99",0.0171525932700631,0,"CD99_CD99","CD99 - CD99","CD99","Cell-Cell Contact","KEGG: hsa04514","PBMC_Late"
"HSC_MPP","Naïve CD8 T","CD99","CD99",0.023157208624646,0,"CD99_CD99","CD99 - CD99","CD99","Cell-Cell Contact","KEGG: hsa04514","PBMC_Late"
"ILC2/3","Naïve CD8 T","CD99","CD99",0.0141538883538828,0.01,"CD99_CD99","CD99 - CD99","CD99","Cell-Cell Contact","KEGG: hsa04514","PBMC_Late"
"Megakaryocytes","Naïve CD8 T","CD99","CD99",0.0246447864620212,0,"CD99_CD99","CD99 - CD99","CD99","Cell-Cell Contact","KEGG: hsa04514","PBMC_Late"
"NK T","Naïve CD8 T","CD99","CD99",0.0196033088286319,0,"CD99_CD99","CD99 - CD99","CD99","Cell-Cell Contact","KEGG: hsa04514","PBMC_Late"
"pDC","Naïve CD8 T","CD99","CD99",0.0209455987041095,0,"CD99_CD99","CD99 - CD99","CD99","Cell-Cell Contact","KEGG: hsa04514","PBMC_Late"
"Pro-B","Naïve CD8 T","CD99","CD99",0.0303265199467586,0,"CD99_CD99","CD99 - CD99","CD99","Cell-Cell Contact","KEGG: hsa04514","PBMC_Late"
"Tem","Naïve CD8 T","CD99","CD99",0.0134972840762772,0,"CD99_CD99","CD99 - CD99","CD99","Cell-Cell Contact","KEGG: hsa04514","PBMC_Late"
"Th17like_INNATE_T","Naïve CD8 T","CD99","CD99",0.0167509635292027,0,"CD99_CD99","CD99 - CD99","CD99","Cell-Cell Contact","KEGG: hsa04514","PBMC_Late"
"Treg","Naïve CD8 T","CD99","CD99",0.0125362567971145,0,"CD99_CD99","CD99 - CD99","CD99","Cell-Cell Contact","KEGG: hsa04514","PBMC_Late"
"CD14+PPBP+ Monocytes","NK T","CD99","CD99",0.10705912405778,0,"CD99_CD99","CD99 - CD99","CD99","Cell-Cell Contact","KEGG: hsa04514","PBMC_Late"
"Classical Monocytes","NK T","CD99","CD99",0.0505281904471815,0,"CD99_CD99","CD99 - CD99","CD99","Cell-Cell Contact","KEGG: hsa04514","PBMC_Late"
"CX3CR1+ NK","NK T","CD99","CD99",0.107140408541389,0,"CD99_CD99","CD99 - CD99","CD99","Cell-Cell Contact","KEGG: hsa04514","PBMC_Late"
"CXCR5+ Naïve B","NK T","CD99","CD99",0.0116859996008599,0.01,"CD99_CD99","CD99 - CD99","CD99","Cell-Cell Contact","KEGG: hsa04514","PBMC_Late"
"CXCR6+ NK","NK T","CD99","CD99",0.106772623644128,0,"CD99_CD99","CD99 - CD99","CD99","Cell-Cell Contact","KEGG: hsa04514","PBMC_Late"
"DC2","NK T","CD99","CD99",0.0655112224382937,0,"CD99_CD99","CD99 - CD99","CD99","Cell-Cell Contact","KEGG: hsa04514","PBMC_Late"
"Gamma Delta V1 T","NK T","CD99","CD99",0.0738868783660097,0,"CD99_CD99","CD99 - CD99","CD99","Cell-Cell Contact","KEGG: hsa04514","PBMC_Late"
"Gamma Delta V2 T","NK T","CD99","CD99",0.0869797406064405,0,"CD99_CD99","CD99 - CD99","CD99","Cell-Cell Contact","KEGG: hsa04514","PBMC_Late"
"HSC_MPP","NK T","CD99","CD99",0.114579075496951,0,"CD99_CD99","CD99 - CD99","CD99","Cell-Cell Contact","KEGG: hsa04514","PBMC_Late"
"ILC2/3","NK T","CD99","CD99",0.0726761740622364,0,"CD99_CD99","CD99 - CD99","CD99","Cell-Cell Contact","KEGG: hsa04514","PBMC_Late"
"Megakaryocytes","NK T","CD99","CD99",0.121210712548844,0,"CD99_CD99","CD99 - CD99","CD99","Cell-Cell Contact","KEGG: hsa04514","PBMC_Late"
"MEMP","NK T","CD99","CD99",0.0508256009489096,0,"CD99_CD99","CD99 - CD99","CD99","Cell-Cell Contact","KEGG: hsa04514","PBMC_Late"
"MEP","NK T","CD99","CD99",0.0219624295978735,0.01,"CD99_CD99","CD99 - CD99","CD99","Cell-Cell Contact","KEGG: hsa04514","PBMC_Late"
"Naïve CD4 T","NK T","CD99","CD99",0.020143120326545,0,"CD99_CD99","CD99 - CD99","CD99","Cell-Cell Contact","KEGG: hsa04514","PBMC_Late"
"Naïve CD8 T","NK T","CD99","CD99",0.0196033088286319,0,"CD99_CD99","CD99 - CD99","CD99","Cell-Cell Contact","KEGG: hsa04514","PBMC_Late"
"NK T","NK T","CD99","CD99",0.098408242962293,0,"CD99_CD99","CD99 - CD99","CD99","Cell-Cell Contact","KEGG: hsa04514","PBMC_Late"
"pDC","NK T","CD99","CD99",0.104570967523318,0,"CD99_CD99","CD99 - CD99","CD99","Cell-Cell Contact","KEGG: hsa04514","PBMC_Late"
"Pro-B","NK T","CD99","CD99",0.145826700830686,0,"CD99_CD99","CD99 - CD99","CD99","Cell-Cell Contact","KEGG: hsa04514","PBMC_Late"
"Tem","NK T","CD99","CD99",0.0694960803347399,0,"CD99_CD99","CD99 - CD99","CD99","Cell-Cell Contact","KEGG: hsa04514","PBMC_Late"
"Th17like_INNATE_T","NK T","CD99","CD99",0.0850846430506754,0,"CD99_CD99","CD99 - CD99","CD99","Cell-Cell Contact","KEGG: hsa04514","PBMC_Late"
"Treg","NK T","CD99","CD99",0.0648097982499063,0,"CD99_CD99","CD99 - CD99","CD99","Cell-Cell Contact","KEGG: hsa04514","PBMC_Late"
"CD14+PPBP+ Monocytes","pDC","CD99","CD99",0.113695284147909,0,"CD99_CD99","CD99 - CD99","CD99","Cell-Cell Contact","KEGG: hsa04514","PBMC_Late"
"Classical Monocytes","pDC","CD99","CD99",0.0538716333990256,0,"CD99_CD99","CD99 - CD99","CD99","Cell-Cell Contact","KEGG: hsa04514","PBMC_Late"
"CX3CR1+ NK","pDC","CD99","CD99",0.1137809651076,0,"CD99_CD99","CD99 - CD99","CD99","Cell-Cell Contact","KEGG: hsa04514","PBMC_Late"
"CXCR5+ Naïve B","pDC","CD99","CD99",0.0124930787433018,0.01,"CD99_CD99","CD99 - CD99","CD99","Cell-Cell Contact","KEGG: hsa04514","PBMC_Late"
"CXCR6+ NK","pDC","CD99","CD99",0.113393279927216,0,"CD99_CD99","CD99 - CD99","CD99","Cell-Cell Contact","KEGG: hsa04514","PBMC_Late"
"DC2","pDC","CD99","CD99",0.0697732341957688,0,"CD99_CD99","CD99 - CD99","CD99","Cell-Cell Contact","KEGG: hsa04514","PBMC_Late"
"Gamma Delta V1 T","pDC","CD99","CD99",0.0786479316522099,0,"CD99_CD99","CD99 - CD99","CD99","Cell-Cell Contact","KEGG: hsa04514","PBMC_Late"
"Gamma Delta V2 T","pDC","CD99","CD99",0.0925001941245755,0,"CD99_CD99","CD99 - CD99","CD99","Cell-Cell Contact","KEGG: hsa04514","PBMC_Late"
"HSC_MPP","pDC","CD99","CD99",0.121617880095403,0,"CD99_CD99","CD99 - CD99","CD99","Cell-Cell Contact","KEGG: hsa04514","PBMC_Late"
"ILC2/3","pDC","CD99","CD99",0.0773657302816727,0,"CD99_CD99","CD99 - CD99","CD99","Cell-Cell Contact","KEGG: hsa04514","PBMC_Late"
"Megakaryocytes","pDC","CD99","CD99",0.128597741380344,0,"CD99_CD99","CD99 - CD99","CD99","Cell-Cell Contact","KEGG: hsa04514","PBMC_Late"
"MEMP","pDC","CD99","CD99",0.0541876003689471,0,"CD99_CD99","CD99 - CD99","CD99","Cell-Cell Contact","KEGG: hsa04514","PBMC_Late"
"MEP","pDC","CD99","CD99",0.0234623888651855,0.02,"CD99_CD99","CD99 - CD99","CD99","Cell-Cell Contact","KEGG: hsa04514","PBMC_Late"
"Naïve CD4 T","pDC","CD99","CD99",0.0215215611159553,0,"CD99_CD99","CD99 - CD99","CD99","Cell-Cell Contact","KEGG: hsa04514","PBMC_Late"
"Naïve CD8 T","pDC","CD99","CD99",0.0209455987041095,0,"CD99_CD99","CD99 - CD99","CD99","Cell-Cell Contact","KEGG: hsa04514","PBMC_Late"
"NK T","pDC","CD99","CD99",0.104570967523318,0,"CD99_CD99","CD99 - CD99","CD99","Cell-Cell Contact","KEGG: hsa04514","PBMC_Late"
"pDC","pDC","CD99","CD99",0.111072081514326,0,"CD99_CD99","CD99 - CD99","CD99","Cell-Cell Contact","KEGG: hsa04514","PBMC_Late"
"Pro-B","pDC","CD99","CD99",0.154450255513866,0,"CD99_CD99","CD99 - CD99","CD99","Cell-Cell Contact","KEGG: hsa04514","PBMC_Late"
"Tem","pDC","CD99","CD99",0.0739968097305503,0,"CD99_CD99","CD99 - CD99","CD99","Cell-Cell Contact","KEGG: hsa04514","PBMC_Late"
"Th17like_INNATE_T","pDC","CD99","CD99",0.0904967397786154,0,"CD99_CD99","CD99 - CD99","CD99","Cell-Cell Contact","KEGG: hsa04514","PBMC_Late"
"Treg","pDC","CD99","CD99",0.0690295477975499,0,"CD99_CD99","CD99 - CD99","CD99","Cell-Cell Contact","KEGG: hsa04514","PBMC_Late"
"CD14+PPBP+ Monocytes","Pro-B","CD99","CD99",0.157915931450864,0,"CD99_CD99","CD99 - CD99","CD99","Cell-Cell Contact","KEGG: hsa04514","PBMC_Late"
"Classical Monocytes","Pro-B","CD99","CD99",0.0768417650798151,0,"CD99_CD99","CD99 - CD99","CD99","Cell-Cell Contact","KEGG: hsa04514","PBMC_Late"
"CX3CR1+ NK","Pro-B","CD99","CD99",0.158028995329308,0,"CD99_CD99","CD99 - CD99","CD99","Cell-Cell Contact","KEGG: hsa04514","PBMC_Late"
"CXCR5+ Naïve B","Pro-B","CD99","CD99",0.0181585758435137,0.01,"CD99_CD99","CD99 - CD99","CD99","Cell-Cell Contact","KEGG: hsa04514","PBMC_Late"
"CXCR6+ NK","Pro-B","CD99","CD99",0.157517341395591,0,"CD99_CD99","CD99 - CD99","CD99","Cell-Cell Contact","KEGG: hsa04514","PBMC_Late"
"DC2","Pro-B","CD99","CD99",0.098815452378517,0,"CD99_CD99","CD99 - CD99","CD99","Cell-Cell Contact","KEGG: hsa04514","PBMC_Late"
"Gamma Delta V1 T","Pro-B","CD99","CD99",0.110943566625078,0,"CD99_CD99","CD99 - CD99","CD99","Cell-Cell Contact","KEGG: hsa04514","PBMC_Late"
"Gamma Delta V2 T","Pro-B","CD99","CD99",0.129683422432509,0,"CD99_CD99","CD99 - CD99","CD99","Cell-Cell Contact","KEGG: hsa04514","PBMC_Late"
"HSC_MPP","Pro-B","CD99","CD99",0.168334693051746,0,"CD99_CD99","CD99 - CD99","CD99","Cell-Cell Contact","KEGG: hsa04514","PBMC_Late"
"ILC2/3","Pro-B","CD99","CD99",0.109197249865397,0,"CD99_CD99","CD99 - CD99","CD99","Cell-Cell Contact","KEGG: hsa04514","PBMC_Late"
"Megakaryocytes","Pro-B","CD99","CD99",0.177454055525844,0,"CD99_CD99","CD99 - CD99","CD99","Cell-Cell Contact","KEGG: hsa04514","PBMC_Late"
"MEMP","Pro-B","CD99","CD99",0.0772814515697531,0,"CD99_CD99","CD99 - CD99","CD99","Cell-Cell Contact","KEGG: hsa04514","PBMC_Late"
"Naïve CD4 T","Pro-B","CD99","CD99",0.0311522312368605,0,"CD99_CD99","CD99 - CD99","CD99","Cell-Cell Contact","KEGG: hsa04514","PBMC_Late"
"Naïve CD8 T","Pro-B","CD99","CD99",0.0303265199467586,0,"CD99_CD99","CD99 - CD99","CD99","Cell-Cell Contact","KEGG: hsa04514","PBMC_Late"
"NK T","Pro-B","CD99","CD99",0.145826700830686,0,"CD99_CD99","CD99 - CD99","CD99","Cell-Cell Contact","KEGG: hsa04514","PBMC_Late"
"pDC","Pro-B","CD99","CD99",0.154450255513866,0,"CD99_CD99","CD99 - CD99","CD99","Cell-Cell Contact","KEGG: hsa04514","PBMC_Late"
"Pro-B","Pro-B","CD99","CD99",0.210752903057897,0,"CD99_CD99","CD99 - CD99","CD99","Cell-Cell Contact","KEGG: hsa04514","PBMC_Late"
"Tem","Pro-B","CD99","CD99",0.104599357936556,0,"CD99_CD99","CD99 - CD99","CD99","Cell-Cell Contact","KEGG: hsa04514","PBMC_Late"
"Th17like_INNATE_T","Pro-B","CD99","CD99",0.126987312697489,0,"CD99_CD99","CD99 - CD99","CD99","Cell-Cell Contact","KEGG: hsa04514","PBMC_Late"
"Treg","Pro-B","CD99","CD99",0.0977947590039212,0,"CD99_CD99","CD99 - CD99","CD99","Cell-Cell Contact","KEGG: hsa04514","PBMC_Late"
"CD14+PPBP+ Monocytes","Tem","CD99","CD99",0.0758190844952804,0,"CD99_CD99","CD99 - CD99","CD99","Cell-Cell Contact","KEGG: hsa04514","PBMC_Late"
"Classical Monocytes","Tem","CD99","CD99",0.0351349081882411,0,"CD99_CD99","CD99 - CD99","CD99","Cell-Cell Contact","KEGG: hsa04514","PBMC_Late"
"CX3CR1+ NK","Tem","CD99","CD99",0.0758786655695726,0,"CD99_CD99","CD99 - CD99","CD99","Cell-Cell Contact","KEGG: hsa04514","PBMC_Late"
"CXCR6+ NK","Tem","CD99","CD99",0.0756091065232864,0,"CD99_CD99","CD99 - CD99","CD99","Cell-Cell Contact","KEGG: hsa04514","PBMC_Late"
"DC2","Tem","CD99","CD99",0.0457734520731121,0,"CD99_CD99","CD99 - CD99","CD99","Cell-Cell Contact","KEGG: hsa04514","PBMC_Late"
"Gamma Delta V1 T","Tem","CD99","CD99",0.0517654071508489,0,"CD99_CD99","CD99 - CD99","CD99","Cell-Cell Contact","KEGG: hsa04514","PBMC_Late"
"Gamma Delta V2 T","Tem","CD99","CD99",0.0611973423871479,0,"CD99_CD99","CD99 - CD99","CD99","Cell-Cell Contact","KEGG: hsa04514","PBMC_Late"
"HSC_MPP","Tem","CD99","CD99",0.0813445991863739,0,"CD99_CD99","CD99 - CD99","CD99","Cell-Cell Contact","KEGG: hsa04514","PBMC_Late"
"ILC2/3","Tem","CD99","CD99",0.0508972622679543,0,"CD99_CD99","CD99 - CD99","CD99","Cell-Cell Contact","KEGG: hsa04514","PBMC_Late"
"Megakaryocytes","Tem","CD99","CD99",0.086240036911523,0,"CD99_CD99","CD99 - CD99","CD99","Cell-Cell Contact","KEGG: hsa04514","PBMC_Late"
"MEMP","Tem","CD99","CD99",0.0353450862304308,0,"CD99_CD99","CD99 - CD99","CD99","Cell-Cell Contact","KEGG: hsa04514","PBMC_Late"
"Naïve CD4 T","Tem","CD99","CD99",0.0138713344342257,0,"CD99_CD99","CD99 - CD99","CD99","Cell-Cell Contact","KEGG: hsa04514","PBMC_Late"
"Naïve CD8 T","Tem","CD99","CD99",0.0134972840762772,0,"CD99_CD99","CD99 - CD99","CD99","Cell-Cell Contact","KEGG: hsa04514","PBMC_Late"
"NK T","Tem","CD99","CD99",0.0694960803347399,0,"CD99_CD99","CD99 - CD99","CD99","Cell-Cell Contact","KEGG: hsa04514","PBMC_Late"
"pDC","Tem","CD99","CD99",0.0739968097305503,0,"CD99_CD99","CD99 - CD99","CD99","Cell-Cell Contact","KEGG: hsa04514","PBMC_Late"
"Pro-B","Tem","CD99","CD99",0.104599357936556,0,"CD99_CD99","CD99 - CD99","CD99","Cell-Cell Contact","KEGG: hsa04514","PBMC_Late"
"Tem","Tem","CD99","CD99",0.0486201837142086,0,"CD99_CD99","CD99 - CD99","CD99","Cell-Cell Contact","KEGG: hsa04514","PBMC_Late"
"Th17like_INNATE_T","Tem","CD99","CD99",0.0598271776023821,0,"CD99_CD99","CD99 - CD99","CD99","Cell-Cell Contact","KEGG: hsa04514","PBMC_Late"
"Treg","Tem","CD99","CD99",0.045273120507104,0,"CD99_CD99","CD99 - CD99","CD99","Cell-Cell Contact","KEGG: hsa04514","PBMC_Late"
"CD14+PPBP+ Monocytes","Th17like_INNATE_T","CD99","CD99",0.092684677961649,0,"CD99_CD99","CD99 - CD99","CD99","Cell-Cell Contact","KEGG: hsa04514","PBMC_Late"
"Classical Monocytes","Th17like_INNATE_T","CD99","CD99",0.0433752510500814,0,"CD99_CD99","CD99 - CD99","CD99","Cell-Cell Contact","KEGG: hsa04514","PBMC_Late"
"CX3CR1+ NK","Th17like_INNATE_T","CD99","CD99",0.0927561823604766,0,"CD99_CD99","CD99 - CD99","CD99","Cell-Cell Contact","KEGG: hsa04514","PBMC_Late"
"CXCR6+ NK","Th17like_INNATE_T","CD99","CD99",0.0924326629882104,0,"CD99_CD99","CD99 - CD99","CD99","Cell-Cell Contact","KEGG: hsa04514","PBMC_Late"
"DC2","Th17like_INNATE_T","CD99","CD99",0.0563631459868633,0,"CD99_CD99","CD99 - CD99","CD99","Cell-Cell Contact","KEGG: hsa04514","PBMC_Late"
"Gamma Delta V1 T","Th17like_INNATE_T","CD99","CD99",0.0636488755947364,0,"CD99_CD99","CD99 - CD99","CD99","Cell-Cell Contact","KEGG: hsa04514","PBMC_Late"
"Gamma Delta V2 T","Th17like_INNATE_T","CD99","CD99",0.0750746146317281,0,"CD99_CD99","CD99 - CD99","CD99","Cell-Cell Contact","KEGG: hsa04514","PBMC_Late"
"HSC_MPP","Th17like_INNATE_T","CD99","CD99",0.0993072422855631,0,"CD99_CD99","CD99 - CD99","CD99","Cell-Cell Contact","KEGG: hsa04514","PBMC_Late"
"ILC2/3","Th17like_INNATE_T","CD99","CD99",0.0625945917781746,0,"CD99_CD99","CD99 - CD99","CD99","Cell-Cell Contact","KEGG: hsa04514","PBMC_Late"
"Megakaryocytes","Th17like_INNATE_T","CD99","CD99",0.105159952421396,0,"CD99_CD99","CD99 - CD99","CD99","Cell-Cell Contact","KEGG: hsa04514","PBMC_Late"
"MEMP","Th17like_INNATE_T","CD99","CD99",0.0436324939233441,0,"CD99_CD99","CD99 - CD99","CD99","Cell-Cell Contact","KEGG: hsa04514","PBMC_Late"
"MEP","Th17like_INNATE_T","CD99","CD99",0.0187733975453598,0.04,"CD99_CD99","CD99 - CD99","CD99","Cell-Cell Contact","KEGG: hsa04514","PBMC_Late"
"Naïve CD4 T","Th17like_INNATE_T","CD99","CD99",0.0172136097612625,0,"CD99_CD99","CD99 - CD99","CD99","Cell-Cell Contact","KEGG: hsa04514","PBMC_Late"
"Naïve CD8 T","Th17like_INNATE_T","CD99","CD99",0.0167509635292027,0,"CD99_CD99","CD99 - CD99","CD99","Cell-Cell Contact","KEGG: hsa04514","PBMC_Late"
"NK T","Th17like_INNATE_T","CD99","CD99",0.0850846430506754,0,"CD99_CD99","CD99 - CD99","CD99","Cell-Cell Contact","KEGG: hsa04514","PBMC_Late"
"pDC","Th17like_INNATE_T","CD99","CD99",0.0904967397786154,0,"CD99_CD99","CD99 - CD99","CD99","Cell-Cell Contact","KEGG: hsa04514","PBMC_Late"
"Pro-B","Th17like_INNATE_T","CD99","CD99",0.126987312697489,0,"CD99_CD99","CD99 - CD99","CD99","Cell-Cell Contact","KEGG: hsa04514","PBMC_Late"
"Tem","Th17like_INNATE_T","CD99","CD99",0.0598271776023821,0,"CD99_CD99","CD99 - CD99","CD99","Cell-Cell Contact","KEGG: hsa04514","PBMC_Late"
"Th17like_INNATE_T","Th17like_INNATE_T","CD99","CD99",0.0734180457638214,0,"CD99_CD99","CD99 - CD99","CD99","Cell-Cell Contact","KEGG: hsa04514","PBMC_Late"
"Treg","Th17like_INNATE_T","CD99","CD99",0.0557538258280011,0,"CD99_CD99","CD99 - CD99","CD99","Cell-Cell Contact","KEGG: hsa04514","PBMC_Late"
"CD14+PPBP+ Monocytes","Treg","CD99","CD99",0.0707388414586278,0,"CD99_CD99","CD99 - CD99","CD99","Cell-Cell Contact","KEGG: hsa04514","PBMC_Late"
"Classical Monocytes","Treg","CD99","CD99",0.0326842923757893,0,"CD99_CD99","CD99 - CD99","CD99","Cell-Cell Contact","KEGG: hsa04514","PBMC_Late"
"CX3CR1+ NK","Treg","CD99","CD99",0.0707947361292318,0,"CD99_CD99","CD99 - CD99","CD99","Cell-Cell Contact","KEGG: hsa04514","PBMC_Late"
"CXCR5+ Naïve B","Treg","CD99","CD99",0.00745146810984641,0,"CD99_CD99","CD99 - CD99","CD99","Cell-Cell Contact","KEGG: hsa04514","PBMC_Late"
"CXCR6+ NK","Treg","CD99","CD99",0.0705418591056555,0,"CD99_CD99","CD99 - CD99","CD99","Cell-Cell Contact","KEGG: hsa04514","PBMC_Late"
"DC2","Treg","CD99","CD99",0.0426135829395176,0,"CD99_CD99","CD99 - CD99","CD99","Cell-Cell Contact","KEGG: hsa04514","PBMC_Late"
"Gamma Delta V1 T","Treg","CD99","CD99",0.0482127960842567,0,"CD99_CD99","CD99 - CD99","CD99","Cell-Cell Contact","KEGG: hsa04514","PBMC_Late"
"Gamma Delta V2 T","Treg","CD99","CD99",0.0570363619214596,0,"CD99_CD99","CD99 - CD99","CD99","Cell-Cell Contact","KEGG: hsa04514","PBMC_Late"
"HSC_MPP","Treg","CD99","CD99",0.0759245362326982,0,"CD99_CD99","CD99 - CD99","CD99","Cell-Cell Contact","KEGG: hsa04514","PBMC_Late"
"ILC2/3","Treg","CD99","CD99",0.0474012528258852,0,"CD99_CD99","CD99 - CD99","CD99","Cell-Cell Contact","KEGG: hsa04514","PBMC_Late"
"Megakaryocytes","Treg","CD99","CD99",0.0805223777057075,0,"CD99_CD99","CD99 - CD99","CD99","Cell-Cell Contact","KEGG: hsa04514","PBMC_Late"
"MEMP","Treg","CD99","CD99",0.0328803103291671,0,"CD99_CD99","CD99 - CD99","CD99","Cell-Cell Contact","KEGG: hsa04514","PBMC_Late"
"Naïve CD4 T","Treg","CD99","CD99",0.012884022031658,0,"CD99_CD99","CD99 - CD99","CD99","Cell-Cell Contact","KEGG: hsa04514","PBMC_Late"
"Naïve CD8 T","Treg","CD99","CD99",0.0125362567971145,0,"CD99_CD99","CD99 - CD99","CD99","Cell-Cell Contact","KEGG: hsa04514","PBMC_Late"
"NK T","Treg","CD99","CD99",0.0648097982499063,0,"CD99_CD99","CD99 - CD99","CD99","Cell-Cell Contact","KEGG: hsa04514","PBMC_Late"
"pDC","Treg","CD99","CD99",0.0690295477975499,0,"CD99_CD99","CD99 - CD99","CD99","Cell-Cell Contact","KEGG: hsa04514","PBMC_Late"
"Pro-B","Treg","CD99","CD99",0.0977947590039212,0,"CD99_CD99","CD99 - CD99","CD99","Cell-Cell Contact","KEGG: hsa04514","PBMC_Late"
"Tem","Treg","CD99","CD99",0.045273120507104,0,"CD99_CD99","CD99 - CD99","CD99","Cell-Cell Contact","KEGG: hsa04514","PBMC_Late"
"Th17like_INNATE_T","Treg","CD99","CD99",0.0557538258280011,0,"CD99_CD99","CD99 - CD99","CD99","Cell-Cell Contact","KEGG: hsa04514","PBMC_Late"
"Treg","Treg","CD99","CD99",0.0421462651271192,0,"CD99_CD99","CD99 - CD99","CD99","Cell-Cell Contact","KEGG: hsa04514","PBMC_Late"
"abTentry","CD56highCD16low NK","CLEC2D","KLRB1",0.0305829581401067,0,"CLEC2D_KLRB1","CLEC2D - KLRB1","CLEC","Cell-Cell Contact","PMID: 24223577","PBMC_Late"
"CD56highCD16low NK","CD56highCD16low NK","CLEC2D","KLRB1",0.0108114389959306,0,"CLEC2D_KLRB1","CLEC2D - KLRB1","CLEC","Cell-Cell Contact","PMID: 24223577","PBMC_Late"
"CXCR5- Naïve B","CD56highCD16low NK","CLEC2D","KLRB1",0.019723260797041,0,"CLEC2D_KLRB1","CLEC2D - KLRB1","CLEC","Cell-Cell Contact","PMID: 24223577","PBMC_Late"
"CXCR5+ Naïve B","CD56highCD16low NK","CLEC2D","KLRB1",0.0206069500189489,0,"CLEC2D_KLRB1","CLEC2D - KLRB1","CLEC","Cell-Cell Contact","PMID: 24223577","PBMC_Late"
"CXCR6+ NK","CD56highCD16low NK","CLEC2D","KLRB1",0.00442784296736194,0,"CLEC2D_KLRB1","CLEC2D - KLRB1","CLEC","Cell-Cell Contact","PMID: 24223577","PBMC_Late"
"Gamma Delta V1 T","CD56highCD16low NK","CLEC2D","KLRB1",0.0223306866300131,0,"CLEC2D_KLRB1","CLEC2D - KLRB1","CLEC","Cell-Cell Contact","PMID: 24223577","PBMC_Late"
"Gamma Delta V2 T","CD56highCD16low NK","CLEC2D","KLRB1",0.0190297365961989,0,"CLEC2D_KLRB1","CLEC2D - KLRB1","CLEC","Cell-Cell Contact","PMID: 24223577","PBMC_Late"
"Naïve CD4 T","CD56highCD16low NK","CLEC2D","KLRB1",0.00875330263691107,0,"CLEC2D_KLRB1","CLEC2D - KLRB1","CLEC","Cell-Cell Contact","PMID: 24223577","PBMC_Late"
"Naïve CD8 T","CD56highCD16low NK","CLEC2D","KLRB1",0.0217683064127726,0,"CLEC2D_KLRB1","CLEC2D - KLRB1","CLEC","Cell-Cell Contact","PMID: 24223577","PBMC_Late"
"NK T","CD56highCD16low NK","CLEC2D","KLRB1",0.0209272211478915,0,"CLEC2D_KLRB1","CLEC2D - KLRB1","CLEC","Cell-Cell Contact","PMID: 24223577","PBMC_Late"
"Pro-B","CD56highCD16low NK","CLEC2D","KLRB1",0.00169580904626369,0,"CLEC2D_KLRB1","CLEC2D - KLRB1","CLEC","Cell-Cell Contact","PMID: 24223577","PBMC_Late"
"Tem","CD56highCD16low NK","CLEC2D","KLRB1",0.0081501090084035,0,"CLEC2D_KLRB1","CLEC2D - KLRB1","CLEC","Cell-Cell Contact","PMID: 24223577","PBMC_Late"
"Th17like_INNATE_T","CD56highCD16low NK","CLEC2D","KLRB1",0.00702798904883328,0,"CLEC2D_KLRB1","CLEC2D - KLRB1","CLEC","Cell-Cell Contact","PMID: 24223577","PBMC_Late"
"Treg","CD56highCD16low NK","CLEC2D","KLRB1",0.00976640170576199,0,"CLEC2D_KLRB1","CLEC2D - KLRB1","CLEC","Cell-Cell Contact","PMID: 24223577","PBMC_Late"
"abTentry","CX3CR1+ NK","CLEC2D","KLRB1",0.126014720347058,0,"CLEC2D_KLRB1","CLEC2D - KLRB1","CLEC","Cell-Cell Contact","PMID: 24223577","PBMC_Late"
"CD56highCD16low NK","CX3CR1+ NK","CLEC2D","KLRB1",0.0475754933009163,0,"CLEC2D_KLRB1","CLEC2D - KLRB1","CLEC","Cell-Cell Contact","PMID: 24223577","PBMC_Late"
"CXCR5- Naïve B","CX3CR1+ NK","CLEC2D","KLRB1",0.0842118771894929,0,"CLEC2D_KLRB1","CLEC2D - KLRB1","CLEC","Cell-Cell Contact","PMID: 24223577","PBMC_Late"
"CXCR5+ Naïve B","CX3CR1+ NK","CLEC2D","KLRB1",0.0877263670455382,0,"CLEC2D_KLRB1","CLEC2D - KLRB1","CLEC","Cell-Cell Contact","PMID: 24223577","PBMC_Late"
"CXCR6+ NK","CX3CR1+ NK","CLEC2D","KLRB1",0.0199217974517448,0,"CLEC2D_KLRB1","CLEC2D - KLRB1","CLEC","Cell-Cell Contact","PMID: 24223577","PBMC_Late"
"Gamma Delta V1 T","CX3CR1+ NK","CLEC2D","KLRB1",0.0945226731127658,0,"CLEC2D_KLRB1","CLEC2D - KLRB1","CLEC","Cell-Cell Contact","PMID: 24223577","PBMC_Late"
"Gamma Delta V2 T","CX3CR1+ NK","CLEC2D","KLRB1",0.0814391423199699,0,"CLEC2D_KLRB1","CLEC2D - KLRB1","CLEC","Cell-Cell Contact","PMID: 24223577","PBMC_Late"
"Naïve CD4 T","CX3CR1+ NK","CLEC2D","KLRB1",0.0387931778150862,0,"CLEC2D_KLRB1","CLEC2D - KLRB1","CLEC","Cell-Cell Contact","PMID: 24223577","PBMC_Late"
"Naïve CD8 T","CX3CR1+ NK","CLEC2D","KLRB1",0.0923138653231834,0,"CLEC2D_KLRB1","CLEC2D - KLRB1","CLEC","Cell-Cell Contact","PMID: 24223577","PBMC_Late"
"NK T","CX3CR1+ NK","CLEC2D","KLRB1",0.0889950117075247,0,"CLEC2D_KLRB1","CLEC2D - KLRB1","CLEC","Cell-Cell Contact","PMID: 24223577","PBMC_Late"
"Pro-B","CX3CR1+ NK","CLEC2D","KLRB1",0.00770377718746589,0,"CLEC2D_KLRB1","CLEC2D - KLRB1","CLEC","Cell-Cell Contact","PMID: 24223577","PBMC_Late"
"Tem","CX3CR1+ NK","CLEC2D","KLRB1",0.036195512757314,0,"CLEC2D_KLRB1","CLEC2D - KLRB1","CLEC","Cell-Cell Contact","PMID: 24223577","PBMC_Late"
"Th17like_INNATE_T","CX3CR1+ NK","CLEC2D","KLRB1",0.0313340424961775,0,"CLEC2D_KLRB1","CLEC2D - KLRB1","CLEC","Cell-Cell Contact","PMID: 24223577","PBMC_Late"
"Treg","CX3CR1+ NK","CLEC2D","KLRB1",0.043131779718764,0,"CLEC2D_KLRB1","CLEC2D - KLRB1","CLEC","Cell-Cell Contact","PMID: 24223577","PBMC_Late"
"abTentry","CXCR6+ NK","CLEC2D","KLRB1",0.104985308271583,0,"CLEC2D_KLRB1","CLEC2D - KLRB1","CLEC","Cell-Cell Contact","PMID: 24223577","PBMC_Late"
"CD56highCD16low NK","CXCR6+ NK","CLEC2D","KLRB1",0.0390511831396357,0,"CLEC2D_KLRB1","CLEC2D - KLRB1","CLEC","Cell-Cell Contact","PMID: 24223577","PBMC_Late"
"CXCR5- Naïve B","CXCR6+ NK","CLEC2D","KLRB1",0.0696029829641835,0,"CLEC2D_KLRB1","CLEC2D - KLRB1","CLEC","Cell-Cell Contact","PMID: 24223577","PBMC_Late"
"CXCR5+ Naïve B","CXCR6+ NK","CLEC2D","KLRB1",0.0725560909547713,0,"CLEC2D_KLRB1","CLEC2D - KLRB1","CLEC","Cell-Cell Contact","PMID: 24223577","PBMC_Late"
"CXCR6+ NK","CXCR6+ NK","CLEC2D","KLRB1",0.0162676914453336,0,"CLEC2D_KLRB1","CLEC2D - KLRB1","CLEC","Cell-Cell Contact","PMID: 24223577","PBMC_Late"
"Gamma Delta V1 T","CXCR6+ NK","CLEC2D","KLRB1",0.0782779749146744,0,"CLEC2D_KLRB1","CLEC2D - KLRB1","CLEC","Cell-Cell Contact","PMID: 24223577","PBMC_Late"
"Gamma Delta V2 T","CXCR6+ NK","CLEC2D","KLRB1",0.0672759201728346,0,"CLEC2D_KLRB1","CLEC2D - KLRB1","CLEC","Cell-Cell Contact","PMID: 24223577","PBMC_Late"
"Naïve CD4 T","CXCR6+ NK","CLEC2D","KLRB1",0.0317899114054939,0,"CLEC2D_KLRB1","CLEC2D - KLRB1","CLEC","Cell-Cell Contact","PMID: 24223577","PBMC_Late"
"Naïve CD8 T","CXCR6+ NK","CLEC2D","KLRB1",0.0764167371126458,0,"CLEC2D_KLRB1","CLEC2D - KLRB1","CLEC","Cell-Cell Contact","PMID: 24223577","PBMC_Late"
"NK T","CXCR6+ NK","CLEC2D","KLRB1",0.0736230572743334,0,"CLEC2D_KLRB1","CLEC2D - KLRB1","CLEC","Cell-Cell Contact","PMID: 24223577","PBMC_Late"
"Pro-B","CXCR6+ NK","CLEC2D","KLRB1",0.00627637941957479,0,"CLEC2D_KLRB1","CLEC2D - KLRB1","CLEC","Cell-Cell Contact","PMID: 24223577","PBMC_Late"
"Tem","CXCR6+ NK","CLEC2D","KLRB1",0.0296467344007669,0,"CLEC2D_KLRB1","CLEC2D - KLRB1","CLEC","Cell-Cell Contact","PMID: 24223577","PBMC_Late"
"Th17like_INNATE_T","CXCR6+ NK","CLEC2D","KLRB1",0.0256414391963753,0,"CLEC2D_KLRB1","CLEC2D - KLRB1","CLEC","Cell-Cell Contact","PMID: 24223577","PBMC_Late"
"Treg","CXCR6+ NK","CLEC2D","KLRB1",0.0353740975085607,0,"CLEC2D_KLRB1","CLEC2D - KLRB1","CLEC","Cell-Cell Contact","PMID: 24223577","PBMC_Late"
"abTentry","Gamma Delta V2 T","CLEC2D","KLRB1",0.0227558531611166,0,"CLEC2D_KLRB1","CLEC2D - KLRB1","CLEC","Cell-Cell Contact","PMID: 24223577","PBMC_Late"
"CD56highCD16low NK","Gamma Delta V2 T","CLEC2D","KLRB1",0.00800269222501125,0,"CLEC2D_KLRB1","CLEC2D - KLRB1","CLEC","Cell-Cell Contact","PMID: 24223577","PBMC_Late"
"CXCR5- Naïve B","Gamma Delta V2 T","CLEC2D","KLRB1",0.0146335267557417,0,"CLEC2D_KLRB1","CLEC2D - KLRB1","CLEC","Cell-Cell Contact","PMID: 24223577","PBMC_Late"
"CXCR5+ Naïve B","Gamma Delta V2 T","CLEC2D","KLRB1",0.0152927309663285,0,"CLEC2D_KLRB1","CLEC2D - KLRB1","CLEC","Cell-Cell Contact","PMID: 24223577","PBMC_Late"
"CXCR6+ NK","Gamma Delta V2 T","CLEC2D","KLRB1",0.00327203030983195,0,"CLEC2D_KLRB1","CLEC2D - KLRB1","CLEC","Cell-Cell Contact","PMID: 24223577","PBMC_Late"
"Gamma Delta V1 T","Gamma Delta V2 T","CLEC2D","KLRB1",0.0165794671810999,0,"CLEC2D_KLRB1","CLEC2D - KLRB1","CLEC","Cell-Cell Contact","PMID: 24223577","PBMC_Late"
"Gamma Delta V2 T","Gamma Delta V2 T","CLEC2D","KLRB1",0.0141163944001168,0,"CLEC2D_KLRB1","CLEC2D - KLRB1","CLEC","Cell-Cell Contact","PMID: 24223577","PBMC_Late"
"Naïve CD4 T","Gamma Delta V2 T","CLEC2D","KLRB1",0.00647574693249261,0,"CLEC2D_KLRB1","CLEC2D - KLRB1","CLEC","Cell-Cell Contact","PMID: 24223577","PBMC_Late"
"Naïve CD8 T","Gamma Delta V2 T","CLEC2D","KLRB1",0.0161595327543653,0,"CLEC2D_KLRB1","CLEC2D - KLRB1","CLEC","Cell-Cell Contact","PMID: 24223577","PBMC_Late"
"NK T","Gamma Delta V2 T","CLEC2D","KLRB1",0.0155317188444246,0,"CLEC2D_KLRB1","CLEC2D - KLRB1","CLEC","Cell-Cell Contact","PMID: 24223577","PBMC_Late"
"Pro-B","Gamma Delta V2 T","CLEC2D","KLRB1",0.00125225009081297,0,"CLEC2D_KLRB1","CLEC2D - KLRB1","CLEC","Cell-Cell Contact","PMID: 24223577","PBMC_Late"
"Tem","Gamma Delta V2 T","CLEC2D","KLRB1",0.00602854607051389,0,"CLEC2D_KLRB1","CLEC2D - KLRB1","CLEC","Cell-Cell Contact","PMID: 24223577","PBMC_Late"
"Th17like_INNATE_T","Gamma Delta V2 T","CLEC2D","KLRB1",0.00519699575044178,0,"CLEC2D_KLRB1","CLEC2D - KLRB1","CLEC","Cell-Cell Contact","PMID: 24223577","PBMC_Late"
"Treg","Gamma Delta V2 T","CLEC2D","KLRB1",0.00722716575178421,0,"CLEC2D_KLRB1","CLEC2D - KLRB1","CLEC","Cell-Cell Contact","PMID: 24223577","PBMC_Late"
"abTentry","ILC2/3","CLEC2D","KLRB1",0.141393679021986,0,"CLEC2D_KLRB1","CLEC2D - KLRB1","CLEC","Cell-Cell Contact","PMID: 24223577","PBMC_Late"
"CD56highCD16low NK","ILC2/3","CLEC2D","KLRB1",0.0539728193117372,0,"CLEC2D_KLRB1","CLEC2D - KLRB1","CLEC","Cell-Cell Contact","PMID: 24223577","PBMC_Late"
"CXCR5- Naïve B","ILC2/3","CLEC2D","KLRB1",0.0950439705616717,0,"CLEC2D_KLRB1","CLEC2D - KLRB1","CLEC","Cell-Cell Contact","PMID: 24223577","PBMC_Late"
"CXCR5+ Naïve B","ILC2/3","CLEC2D","KLRB1",0.0989616749027095,0,"CLEC2D_KLRB1","CLEC2D - KLRB1","CLEC","Cell-Cell Contact","PMID: 24223577","PBMC_Late"
"CXCR6+ NK","ILC2/3","CLEC2D","KLRB1",0.0226892028617575,0,"CLEC2D_KLRB1","CLEC2D - KLRB1","CLEC","Cell-Cell Contact","PMID: 24223577","PBMC_Late"
"Gamma Delta V1 T","ILC2/3","CLEC2D","KLRB1",0.106526759537528,0,"CLEC2D_KLRB1","CLEC2D - KLRB1","CLEC","Cell-Cell Contact","PMID: 24223577","PBMC_Late"
"Gamma Delta V2 T","ILC2/3","CLEC2D","KLRB1",0.0919503915885232,0,"CLEC2D_KLRB1","CLEC2D - KLRB1","CLEC","Cell-Cell Contact","PMID: 24223577","PBMC_Late"
"Naïve CD4 T","ILC2/3","CLEC2D","KLRB1",0.0440642097517197,0,"CLEC2D_KLRB1","CLEC2D - KLRB1","CLEC","Cell-Cell Contact","PMID: 24223577","PBMC_Late"
"Naïve CD8 T","ILC2/3","CLEC2D","KLRB1",0.104069680203676,0,"CLEC2D_KLRB1","CLEC2D - KLRB1","CLEC","Cell-Cell Contact","PMID: 24223577","PBMC_Late"
"NK T","ILC2/3","CLEC2D","KLRB1",0.100374920652011,0,"CLEC2D_KLRB1","CLEC2D - KLRB1","CLEC","Cell-Cell Contact","PMID: 24223577","PBMC_Late"
"Pro-B","ILC2/3","CLEC2D","KLRB1",0.00878915596774127,0,"CLEC2D_KLRB1","CLEC2D - KLRB1","CLEC","Cell-Cell Contact","PMID: 24223577","PBMC_Late"
"Tem","ILC2/3","CLEC2D","KLRB1",0.0411286889492996,0,"CLEC2D_KLRB1","CLEC2D - KLRB1","CLEC","Cell-Cell Contact","PMID: 24223577","PBMC_Late"
"Th17like_INNATE_T","ILC2/3","CLEC2D","KLRB1",0.035629130630468,0,"CLEC2D_KLRB1","CLEC2D - KLRB1","CLEC","Cell-Cell Contact","PMID: 24223577","PBMC_Late"
"Treg","ILC2/3","CLEC2D","KLRB1",0.0489622915914929,0,"CLEC2D_KLRB1","CLEC2D - KLRB1","CLEC","Cell-Cell Contact","PMID: 24223577","PBMC_Late"
"abTentry","Tem","CLEC2D","KLRB1",0.0670704287294633,0,"CLEC2D_KLRB1","CLEC2D - KLRB1","CLEC","Cell-Cell Contact","PMID: 24223577","PBMC_Late"
"CD56highCD16low NK","Tem","CLEC2D","KLRB1",0.0243015194326161,0,"CLEC2D_KLRB1","CLEC2D - KLRB1","CLEC","Cell-Cell Contact","PMID: 24223577","PBMC_Late"
"CXCR5- Naïve B","Tem","CLEC2D","KLRB1",0.0438403309629343,0,"CLEC2D_KLRB1","CLEC2D - KLRB1","CLEC","Cell-Cell Contact","PMID: 24223577","PBMC_Late"
"CXCR5+ Naïve B","Tem","CLEC2D","KLRB1",0.0457541370552414,0,"CLEC2D_KLRB1","CLEC2D - KLRB1","CLEC","Cell-Cell Contact","PMID: 24223577","PBMC_Late"
"CXCR6+ NK","Tem","CLEC2D","KLRB1",0.0100335204610721,0,"CLEC2D_KLRB1","CLEC2D - KLRB1","CLEC","Cell-Cell Contact","PMID: 24223577","PBMC_Late"
"Gamma Delta V1 T","Tem","CLEC2D","KLRB1",0.0494751317990154,0,"CLEC2D_KLRB1","CLEC2D - KLRB1","CLEC","Cell-Cell Contact","PMID: 24223577","PBMC_Late"
"Gamma Delta V2 T","Tem","CLEC2D","KLRB1",0.0423354078397014,0,"CLEC2D_KLRB1","CLEC2D - KLRB1","CLEC","Cell-Cell Contact","PMID: 24223577","PBMC_Late"
"Naïve CD4 T","Tem","CLEC2D","KLRB1",0.0197265355914866,0,"CLEC2D_KLRB1","CLEC2D - KLRB1","CLEC","Cell-Cell Contact","PMID: 24223577","PBMC_Late"
"Naïve CD8 T","Tem","CLEC2D","KLRB1",0.0482628873800867,0,"CLEC2D_KLRB1","CLEC2D - KLRB1","CLEC","Cell-Cell Contact","PMID: 24223577","PBMC_Late"
"NK T","Tem","CLEC2D","KLRB1",0.0464467082672381,0,"CLEC2D_KLRB1","CLEC2D - KLRB1","CLEC","Cell-Cell Contact","PMID: 24223577","PBMC_Late"
"Pro-B","Tem","CLEC2D","KLRB1",0.00385611086470014,0,"CLEC2D_KLRB1","CLEC2D - KLRB1","CLEC","Cell-Cell Contact","PMID: 24223577","PBMC_Late"
"Tem","Tem","CLEC2D","KLRB1",0.0183811940829024,0,"CLEC2D_KLRB1","CLEC2D - KLRB1","CLEC","Cell-Cell Contact","PMID: 24223577","PBMC_Late"
"Th17like_INNATE_T","Tem","CLEC2D","KLRB1",0.0158729849948038,0,"CLEC2D_KLRB1","CLEC2D - KLRB1","CLEC","Cell-Cell Contact","PMID: 24223577","PBMC_Late"
"Treg","Tem","CLEC2D","KLRB1",0.0219815026585318,0,"CLEC2D_KLRB1","CLEC2D - KLRB1","CLEC","Cell-Cell Contact","PMID: 24223577","PBMC_Late"
"abTentry","Th17like_INNATE_T","CLEC2D","KLRB1",0.11112230951924,0,"CLEC2D_KLRB1","CLEC2D - KLRB1","CLEC","Cell-Cell Contact","PMID: 24223577","PBMC_Late"
"CD56highCD16low NK","Th17like_INNATE_T","CLEC2D","KLRB1",0.0415127193450029,0,"CLEC2D_KLRB1","CLEC2D - KLRB1","CLEC","Cell-Cell Contact","PMID: 24223577","PBMC_Late"
"CXCR5- Naïve B","Th17like_INNATE_T","CLEC2D","KLRB1",0.0738423250261111,0,"CLEC2D_KLRB1","CLEC2D - KLRB1","CLEC","Cell-Cell Contact","PMID: 24223577","PBMC_Late"
"CXCR5+ Naïve B","Th17like_INNATE_T","CLEC2D","KLRB1",0.0769604212183186,0,"CLEC2D_KLRB1","CLEC2D - KLRB1","CLEC","Cell-Cell Contact","PMID: 24223577","PBMC_Late"
"CXCR6+ NK","Th17like_INNATE_T","CLEC2D","KLRB1",0.0173189854060189,0,"CLEC2D_KLRB1","CLEC2D - KLRB1","CLEC","Cell-Cell Contact","PMID: 24223577","PBMC_Late"
"Gamma Delta V1 T","Th17like_INNATE_T","CLEC2D","KLRB1",0.0829985540208898,0,"CLEC2D_KLRB1","CLEC2D - KLRB1","CLEC","Cell-Cell Contact","PMID: 24223577","PBMC_Late"
"Gamma Delta V2 T","Th17like_INNATE_T","CLEC2D","KLRB1",0.0713844013228427,0,"CLEC2D_KLRB1","CLEC2D - KLRB1","CLEC","Cell-Cell Contact","PMID: 24223577","PBMC_Late"
"Naïve CD4 T","Th17like_INNATE_T","CLEC2D","KLRB1",0.0338098473712501,0,"CLEC2D_KLRB1","CLEC2D - KLRB1","CLEC","Cell-Cell Contact","PMID: 24223577","PBMC_Late"
"Naïve CD8 T","Th17like_INNATE_T","CLEC2D","KLRB1",0.0810349416767976,0,"CLEC2D_KLRB1","CLEC2D - KLRB1","CLEC","Cell-Cell Contact","PMID: 24223577","PBMC_Late"
"NK T","Th17like_INNATE_T","CLEC2D","KLRB1",0.0780867018413008,0,"CLEC2D_KLRB1","CLEC2D - KLRB1","CLEC","Cell-Cell Contact","PMID: 24223577","PBMC_Late"
"Pro-B","Th17like_INNATE_T","CLEC2D","KLRB1",0.0066863769671834,0,"CLEC2D_KLRB1","CLEC2D - KLRB1","CLEC","Cell-Cell Contact","PMID: 24223577","PBMC_Late"
"Tem","Th17like_INNATE_T","CLEC2D","KLRB1",0.0315349279197142,0,"CLEC2D_KLRB1","CLEC2D - KLRB1","CLEC","Cell-Cell Contact","PMID: 24223577","PBMC_Late"
"Th17like_INNATE_T","Th17like_INNATE_T","CLEC2D","KLRB1",0.0272817085009762,0,"CLEC2D_KLRB1","CLEC2D - KLRB1","CLEC","Cell-Cell Contact","PMID: 24223577","PBMC_Late"
"Treg","Th17like_INNATE_T","CLEC2D","KLRB1",0.0376129260121479,0,"CLEC2D_KLRB1","CLEC2D - KLRB1","CLEC","Cell-Cell Contact","PMID: 24223577","PBMC_Late"
"CD14+PPBP+ Monocytes","CD56highCD16low NK","CLEC2B","KLRB1",0.00254449462887301,0,"CLEC2B_KLRB1","CLEC2B - KLRB1","CLEC","Cell-Cell Contact","PMID: 24223577","PBMC_Late"
"CX3CR1+ NK","CD56highCD16low NK","CLEC2B","KLRB1",0.00940058342974678,0,"CLEC2B_KLRB1","CLEC2B - KLRB1","CLEC","Cell-Cell Contact","PMID: 24223577","PBMC_Late"
"CXCR5+ Naïve B","CD56highCD16low NK","CLEC2B","KLRB1",0.00442140474980116,0,"CLEC2B_KLRB1","CLEC2B - KLRB1","CLEC","Cell-Cell Contact","PMID: 24223577","PBMC_Late"
"CXCR6+ NK","CD56highCD16low NK","CLEC2B","KLRB1",0.0293413784324631,0,"CLEC2B_KLRB1","CLEC2B - KLRB1","CLEC","Cell-Cell Contact","PMID: 24223577","PBMC_Late"
"DC2","CD56highCD16low NK","CLEC2B","KLRB1",0.00430597725959191,0,"CLEC2B_KLRB1","CLEC2B - KLRB1","CLEC","Cell-Cell Contact","PMID: 24223577","PBMC_Late"
"Gamma Delta V1 T","CD56highCD16low NK","CLEC2B","KLRB1",0.00685797011244218,0,"CLEC2B_KLRB1","CLEC2B - KLRB1","CLEC","Cell-Cell Contact","PMID: 24223577","PBMC_Late"
"Gamma Delta V2 T","CD56highCD16low NK","CLEC2B","KLRB1",0.00664644121675871,0,"CLEC2B_KLRB1","CLEC2B - KLRB1","CLEC","Cell-Cell Contact","PMID: 24223577","PBMC_Late"
"HSC_MPP","CD56highCD16low NK","CLEC2B","KLRB1",0.0123882111725414,0,"CLEC2B_KLRB1","CLEC2B - KLRB1","CLEC","Cell-Cell Contact","PMID: 24223577","PBMC_Late"
"ILC2/3","CD56highCD16low NK","CLEC2B","KLRB1",0.00782899298701041,0,"CLEC2B_KLRB1","CLEC2B - KLRB1","CLEC","Cell-Cell Contact","PMID: 24223577","PBMC_Late"
"MEMP","CD56highCD16low NK","CLEC2B","KLRB1",0.00233261366477244,0,"CLEC2B_KLRB1","CLEC2B - KLRB1","CLEC","Cell-Cell Contact","PMID: 24223577","PBMC_Late"
"MEP","CD56highCD16low NK","CLEC2B","KLRB1",0.00883763520216841,0,"CLEC2B_KLRB1","CLEC2B - KLRB1","CLEC","Cell-Cell Contact","PMID: 24223577","PBMC_Late"
"Naïve CD8 T","CD56highCD16low NK","CLEC2B","KLRB1",0.00537320929062864,0,"CLEC2B_KLRB1","CLEC2B - KLRB1","CLEC","Cell-Cell Contact","PMID: 24223577","PBMC_Late"
"NK T","CD56highCD16low NK","CLEC2B","KLRB1",0.00604822227558299,0,"CLEC2B_KLRB1","CLEC2B - KLRB1","CLEC","Cell-Cell Contact","PMID: 24223577","PBMC_Late"
"pDC","CD56highCD16low NK","CLEC2B","KLRB1",0.00451718565598496,0,"CLEC2B_KLRB1","CLEC2B - KLRB1","CLEC","Cell-Cell Contact","PMID: 24223577","PBMC_Late"
"Pro-B","CD56highCD16low NK","CLEC2B","KLRB1",0.00575412339928398,0,"CLEC2B_KLRB1","CLEC2B - KLRB1","CLEC","Cell-Cell Contact","PMID: 24223577","PBMC_Late"
"Tem","CD56highCD16low NK","CLEC2B","KLRB1",0.00569784558404946,0,"CLEC2B_KLRB1","CLEC2B - KLRB1","CLEC","Cell-Cell Contact","PMID: 24223577","PBMC_Late"
"Th17like_INNATE_T","CD56highCD16low NK","CLEC2B","KLRB1",0.00541203314337508,0,"CLEC2B_KLRB1","CLEC2B - KLRB1","CLEC","Cell-Cell Contact","PMID: 24223577","PBMC_Late"
"Treg","CD56highCD16low NK","CLEC2B","KLRB1",0.00433775628008672,0,"CLEC2B_KLRB1","CLEC2B - KLRB1","CLEC","Cell-Cell Contact","PMID: 24223577","PBMC_Late"
"CD14+PPBP+ Monocytes","CX3CR1+ NK","CLEC2B","KLRB1",0.0115245038259856,0,"CLEC2B_KLRB1","CLEC2B - KLRB1","CLEC","Cell-Cell Contact","PMID: 24223577","PBMC_Late"
"CX3CR1+ NK","CX3CR1+ NK","CLEC2B","KLRB1",0.0415686639995932,0,"CLEC2B_KLRB1","CLEC2B - KLRB1","CLEC","Cell-Cell Contact","PMID: 24223577","PBMC_Late"
"CXCR5+ Naïve B","CX3CR1+ NK","CLEC2B","KLRB1",0.0198932807184387,0,"CLEC2B_KLRB1","CLEC2B - KLRB1","CLEC","Cell-Cell Contact","PMID: 24223577","PBMC_Late"
"CXCR6+ NK","CX3CR1+ NK","CLEC2B","KLRB1",0.121383995364099,0,"CLEC2B_KLRB1","CLEC2B - KLRB1","CLEC","Cell-Cell Contact","PMID: 24223577","PBMC_Late"
"DC2","CX3CR1+ NK","CLEC2B","KLRB1",0.0193817997959456,0,"CLEC2B_KLRB1","CLEC2B - KLRB1","CLEC","Cell-Cell Contact","PMID: 24223577","PBMC_Late"
"Gamma Delta V1 T","CX3CR1+ NK","CLEC2B","KLRB1",0.0305941358509012,0,"CLEC2B_KLRB1","CLEC2B - KLRB1","CLEC","Cell-Cell Contact","PMID: 24223577","PBMC_Late"
"Gamma Delta V2 T","CX3CR1+ NK","CLEC2B","KLRB1",0.0296723567511532,0,"CLEC2B_KLRB1","CLEC2B - KLRB1","CLEC","Cell-Cell Contact","PMID: 24223577","PBMC_Late"
"HSC_MPP","CX3CR1+ NK","CLEC2B","KLRB1",0.0542201498455841,0,"CLEC2B_KLRB1","CLEC2B - KLRB1","CLEC","Cell-Cell Contact","PMID: 24223577","PBMC_Late"
"ILC2/3","CX3CR1+ NK","CLEC2B","KLRB1",0.0348081808001138,0,"CLEC2B_KLRB1","CLEC2B - KLRB1","CLEC","Cell-Cell Contact","PMID: 24223577","PBMC_Late"
"MEMP","CX3CR1+ NK","CLEC2B","KLRB1",0.0105727804932279,0,"CLEC2B_KLRB1","CLEC2B - KLRB1","CLEC","Cell-Cell Contact","PMID: 24223577","PBMC_Late"
"MEP","CX3CR1+ NK","CLEC2B","KLRB1",0.0391554934141181,0,"CLEC2B_KLRB1","CLEC2B - KLRB1","CLEC","Cell-Cell Contact","PMID: 24223577","PBMC_Late"
"Naïve CD8 T","CX3CR1+ NK","CLEC2B","KLRB1",0.0240951374361584,0,"CLEC2B_KLRB1","CLEC2B - KLRB1","CLEC","Cell-Cell Contact","PMID: 24223577","PBMC_Late"
"NK T","CX3CR1+ NK","CLEC2B","KLRB1",0.027058121804752,0,"CLEC2B_KLRB1","CLEC2B - KLRB1","CLEC","Cell-Cell Contact","PMID: 24223577","PBMC_Late"
"pDC","CX3CR1+ NK","CLEC2B","KLRB1",0.020317388959831,0,"CLEC2B_KLRB1","CLEC2B - KLRB1","CLEC","Cell-Cell Contact","PMID: 24223577","PBMC_Late"
"Pro-B","CX3CR1+ NK","CLEC2B","KLRB1",0.0257688886515452,0,"CLEC2B_KLRB1","CLEC2B - KLRB1","CLEC","Cell-Cell Contact","PMID: 24223577","PBMC_Late"
"Tem","CX3CR1+ NK","CLEC2B","KLRB1",0.0255218826772117,0,"CLEC2B_KLRB1","CLEC2B - KLRB1","CLEC","Cell-Cell Contact","PMID: 24223577","PBMC_Late"
"Th17like_INNATE_T","CX3CR1+ NK","CLEC2B","KLRB1",0.0242659353448001,0,"CLEC2B_KLRB1","CLEC2B - KLRB1","CLEC","Cell-Cell Contact","PMID: 24223577","PBMC_Late"
"Treg","CX3CR1+ NK","CLEC2B","KLRB1",0.0195226600284029,0,"CLEC2B_KLRB1","CLEC2B - KLRB1","CLEC","Cell-Cell Contact","PMID: 24223577","PBMC_Late"
"CD14+PPBP+ Monocytes","CXCR6+ NK","CLEC2B","KLRB1",0.0093958842525636,0,"CLEC2B_KLRB1","CLEC2B - KLRB1","CLEC","Cell-Cell Contact","PMID: 24223577","PBMC_Late"
"CX3CR1+ NK","CXCR6+ NK","CLEC2B","KLRB1",0.0340821099669854,0,"CLEC2B_KLRB1","CLEC2B - KLRB1","CLEC","Cell-Cell Contact","PMID: 24223577","PBMC_Late"
"CXCR5+ Naïve B","CXCR6+ NK","CLEC2B","KLRB1",0.0162443186278815,0,"CLEC2B_KLRB1","CLEC2B - KLRB1","CLEC","Cell-Cell Contact","PMID: 24223577","PBMC_Late"
"CXCR6+ NK","CXCR6+ NK","CLEC2B","KLRB1",0.1010380235858,0,"CLEC2B_KLRB1","CLEC2B - KLRB1","CLEC","Cell-Cell Contact","PMID: 24223577","PBMC_Late"
"DC2","CXCR6+ NK","CLEC2B","KLRB1",0.0158251422072866,0,"CLEC2B_KLRB1","CLEC2B - KLRB1","CLEC","Cell-Cell Contact","PMID: 24223577","PBMC_Late"
"Gamma Delta V1 T","CXCR6+ NK","CLEC2B","KLRB1",0.0250324811096555,0,"CLEC2B_KLRB1","CLEC2B - KLRB1","CLEC","Cell-Cell Contact","PMID: 24223577","PBMC_Late"
"Gamma Delta V2 T","CXCR6+ NK","CLEC2B","KLRB1",0.0242740746846459,0,"CLEC2B_KLRB1","CLEC2B - KLRB1","CLEC","Cell-Cell Contact","PMID: 24223577","PBMC_Late"
"HSC_MPP","CXCR6+ NK","CLEC2B","KLRB1",0.0445609896284637,0,"CLEC2B_KLRB1","CLEC2B - KLRB1","CLEC","Cell-Cell Contact","PMID: 24223577","PBMC_Late"
"ILC2/3","CXCR6+ NK","CLEC2B","KLRB1",0.0285029863753413,0,"CLEC2B_KLRB1","CLEC2B - KLRB1","CLEC","Cell-Cell Contact","PMID: 24223577","PBMC_Late"
"MEMP","CXCR6+ NK","CLEC2B","KLRB1",0.00861841516180488,0,"CLEC2B_KLRB1","CLEC2B - KLRB1","CLEC","Cell-Cell Contact","PMID: 24223577","PBMC_Late"
"MEP","CXCR6+ NK","CLEC2B","KLRB1",0.0320890023786787,0,"CLEC2B_KLRB1","CLEC2B - KLRB1","CLEC","Cell-Cell Contact","PMID: 24223577","PBMC_Late"
"Naïve CD8 T","CXCR6+ NK","CLEC2B","KLRB1",0.0196909264382398,0,"CLEC2B_KLRB1","CLEC2B - KLRB1","CLEC","Cell-Cell Contact","PMID: 24223577","PBMC_Late"
"NK T","CXCR6+ NK","CLEC2B","KLRB1",0.0221246022466987,0,"CLEC2B_KLRB1","CLEC2B - KLRB1","CLEC","Cell-Cell Contact","PMID: 24223577","PBMC_Late"
"pDC","CXCR6+ NK","CLEC2B","KLRB1",0.0165919509578765,0,"CLEC2B_KLRB1","CLEC2B - KLRB1","CLEC","Cell-Cell Contact","PMID: 24223577","PBMC_Late"
"Pro-B","CXCR6+ NK","CLEC2B","KLRB1",0.0210653460882267,0,"CLEC2B_KLRB1","CLEC2B - KLRB1","CLEC","Cell-Cell Contact","PMID: 24223577","PBMC_Late"
"Tem","CXCR6+ NK","CLEC2B","KLRB1",0.0208624601358733,0,"CLEC2B_KLRB1","CLEC2B - KLRB1","CLEC","Cell-Cell Contact","PMID: 24223577","PBMC_Late"
"Th17like_INNATE_T","CXCR6+ NK","CLEC2B","KLRB1",0.0198311395811705,0,"CLEC2B_KLRB1","CLEC2B - KLRB1","CLEC","Cell-Cell Contact","PMID: 24223577","PBMC_Late"
"Treg","CXCR6+ NK","CLEC2B","KLRB1",0.0159405740645785,0,"CLEC2B_KLRB1","CLEC2B - KLRB1","CLEC","Cell-Cell Contact","PMID: 24223577","PBMC_Late"
"CD14+PPBP+ Monocytes","Gamma Delta V2 T","CLEC2B","KLRB1",0.00187936979860776,0,"CLEC2B_KLRB1","CLEC2B - KLRB1","CLEC","Cell-Cell Contact","PMID: 24223577","PBMC_Late"
"CX3CR1+ NK","Gamma Delta V2 T","CLEC2B","KLRB1",0.00695579105844868,0,"CLEC2B_KLRB1","CLEC2B - KLRB1","CLEC","Cell-Cell Contact","PMID: 24223577","PBMC_Late"
"CXCR5+ Naïve B","Gamma Delta V2 T","CLEC2B","KLRB1",0.00326726716347759,0,"CLEC2B_KLRB1","CLEC2B - KLRB1","CLEC","Cell-Cell Contact","PMID: 24223577","PBMC_Late"
"CXCR6+ NK","Gamma Delta V2 T","CLEC2B","KLRB1",0.0218248774826027,0,"CLEC2B_KLRB1","CLEC2B - KLRB1","CLEC","Cell-Cell Contact","PMID: 24223577","PBMC_Late"
"DC2","Gamma Delta V2 T","CLEC2B","KLRB1",0.00318187389163375,0,"CLEC2B_KLRB1","CLEC2B - KLRB1","CLEC","Cell-Cell Contact","PMID: 24223577","PBMC_Late"
"Gamma Delta V1 T","Gamma Delta V2 T","CLEC2B","KLRB1",0.00507104542649047,0,"CLEC2B_KLRB1","CLEC2B - KLRB1","CLEC","Cell-Cell Contact","PMID: 24223577","PBMC_Late"
"Gamma Delta V2 T","Gamma Delta V2 T","CLEC2B","KLRB1",0.0049143601378686,0,"CLEC2B_KLRB1","CLEC2B - KLRB1","CLEC","Cell-Cell Contact","PMID: 24223577","PBMC_Late"
"HSC_MPP","Gamma Delta V2 T","CLEC2B","KLRB1",0.00917362740071232,0,"CLEC2B_KLRB1","CLEC2B - KLRB1","CLEC","Cell-Cell Contact","PMID: 24223577","PBMC_Late"
"ILC2/3","Gamma Delta V2 T","CLEC2B","KLRB1",0.0057905320702271,0,"CLEC2B_KLRB1","CLEC2B - KLRB1","CLEC","Cell-Cell Contact","PMID: 24223577","PBMC_Late"
"MEMP","Gamma Delta V2 T","CLEC2B","KLRB1",0.00172277835363508,0,"CLEC2B_KLRB1","CLEC2B - KLRB1","CLEC","Cell-Cell Contact","PMID: 24223577","PBMC_Late"
"MEP","Gamma Delta V2 T","CLEC2B","KLRB1",0.00653828141629577,0,"CLEC2B_KLRB1","CLEC2B - KLRB1","CLEC","Cell-Cell Contact","PMID: 24223577","PBMC_Late"
"Naïve CD8 T","Gamma Delta V2 T","CLEC2B","KLRB1",0.00397160936697976,0,"CLEC2B_KLRB1","CLEC2B - KLRB1","CLEC","Cell-Cell Contact","PMID: 24223577","PBMC_Late"
"NK T","Gamma Delta V2 T","CLEC2B","KLRB1",0.00447133698328719,0,"CLEC2B_KLRB1","CLEC2B - KLRB1","CLEC","Cell-Cell Contact","PMID: 24223577","PBMC_Late"
"pDC","Gamma Delta V2 T","CLEC2B","KLRB1",0.00333812981405058,0,"CLEC2B_KLRB1","CLEC2B - KLRB1","CLEC","Cell-Cell Contact","PMID: 24223577","PBMC_Late"
"Pro-B","Gamma Delta V2 T","CLEC2B","KLRB1",0.00425358707756536,0,"CLEC2B_KLRB1","CLEC2B - KLRB1","CLEC","Cell-Cell Contact","PMID: 24223577","PBMC_Late"
"Tem","Gamma Delta V2 T","CLEC2B","KLRB1",0.00421192298499089,0,"CLEC2B_KLRB1","CLEC2B - KLRB1","CLEC","Cell-Cell Contact","PMID: 24223577","PBMC_Late"
"Th17like_INNATE_T","Gamma Delta V2 T","CLEC2B","KLRB1",0.00400034676129055,0,"CLEC2B_KLRB1","CLEC2B - KLRB1","CLEC","Cell-Cell Contact","PMID: 24223577","PBMC_Late"
"Treg","Gamma Delta V2 T","CLEC2B","KLRB1",0.00320538349939733,0,"CLEC2B_KLRB1","CLEC2B - KLRB1","CLEC","Cell-Cell Contact","PMID: 24223577","PBMC_Late"
"CD14+PPBP+ Monocytes","ILC2/3","CLEC2B","KLRB1",0.0131410528804583,0,"CLEC2B_KLRB1","CLEC2B - KLRB1","CLEC","Cell-Cell Contact","PMID: 24223577","PBMC_Late"
"CX3CR1+ NK","ILC2/3","CLEC2B","KLRB1",0.0471982979812131,0,"CLEC2B_KLRB1","CLEC2B - KLRB1","CLEC","Cell-Cell Contact","PMID: 24223577","PBMC_Late"
"CXCR5+ Naïve B","ILC2/3","CLEC2B","KLRB1",0.0226568163470479,0,"CLEC2B_KLRB1","CLEC2B - KLRB1","CLEC","Cell-Cell Contact","PMID: 24223577","PBMC_Late"
"CXCR6+ NK","ILC2/3","CLEC2B","KLRB1",0.136285941368464,0,"CLEC2B_KLRB1","CLEC2B - KLRB1","CLEC","Cell-Cell Contact","PMID: 24223577","PBMC_Late"
"DC2","ILC2/3","CLEC2B","KLRB1",0.0220758819113702,0,"CLEC2B_KLRB1","CLEC2B - KLRB1","CLEC","Cell-Cell Contact","PMID: 24223577","PBMC_Late"
"Gamma Delta V1 T","ILC2/3","CLEC2B","KLRB1",0.0347914446533613,0,"CLEC2B_KLRB1","CLEC2B - KLRB1","CLEC","Cell-Cell Contact","PMID: 24223577","PBMC_Late"
"Gamma Delta V2 T","ILC2/3","CLEC2B","KLRB1",0.0337476061621246,0,"CLEC2B_KLRB1","CLEC2B - KLRB1","CLEC","Cell-Cell Contact","PMID: 24223577","PBMC_Late"
"HSC_MPP","ILC2/3","CLEC2B","KLRB1",0.0614533113756457,0,"CLEC2B_KLRB1","CLEC2B - KLRB1","CLEC","Cell-Cell Contact","PMID: 24223577","PBMC_Late"
"ILC2/3","ILC2/3","CLEC2B","KLRB1",0.0395600351208702,0,"CLEC2B_KLRB1","CLEC2B - KLRB1","CLEC","Cell-Cell Contact","PMID: 24223577","PBMC_Late"
"MEMP","ILC2/3","CLEC2B","KLRB1",0.0120574591688854,0,"CLEC2B_KLRB1","CLEC2B - KLRB1","CLEC","Cell-Cell Contact","PMID: 24223577","PBMC_Late"
"MEP","ILC2/3","CLEC2B","KLRB1",0.044473477287002,0,"CLEC2B_KLRB1","CLEC2B - KLRB1","CLEC","Cell-Cell Contact","PMID: 24223577","PBMC_Late"
"Naïve CD8 T","ILC2/3","CLEC2B","KLRB1",0.0274260528794887,0,"CLEC2B_KLRB1","CLEC2B - KLRB1","CLEC","Cell-Cell Contact","PMID: 24223577","PBMC_Late"
"NK T","ILC2/3","CLEC2B","KLRB1",0.030785719379859,0,"CLEC2B_KLRB1","CLEC2B - KLRB1","CLEC","Cell-Cell Contact","PMID: 24223577","PBMC_Late"
"pDC","ILC2/3","CLEC2B","KLRB1",0.0231384499742592,0,"CLEC2B_KLRB1","CLEC2B - KLRB1","CLEC","Cell-Cell Contact","PMID: 24223577","PBMC_Late"
"Pro-B","ILC2/3","CLEC2B","KLRB1",0.0293242311638311,0,"CLEC2B_KLRB1","CLEC2B - KLRB1","CLEC","Cell-Cell Contact","PMID: 24223577","PBMC_Late"
"Tem","ILC2/3","CLEC2B","KLRB1",0.0290441616809567,0,"CLEC2B_KLRB1","CLEC2B - KLRB1","CLEC","Cell-Cell Contact","PMID: 24223577","PBMC_Late"
"Th17like_INNATE_T","ILC2/3","CLEC2B","KLRB1",0.0276197936811167,0,"CLEC2B_KLRB1","CLEC2B - KLRB1","CLEC","Cell-Cell Contact","PMID: 24223577","PBMC_Late"
"Treg","ILC2/3","CLEC2B","KLRB1",0.0222358778269812,0,"CLEC2B_KLRB1","CLEC2B - KLRB1","CLEC","Cell-Cell Contact","PMID: 24223577","PBMC_Late"
"CD14+PPBP+ Monocytes","Tem","CLEC2B","KLRB1",0.00577968305786812,0,"CLEC2B_KLRB1","CLEC2B - KLRB1","CLEC","Cell-Cell Contact","PMID: 24223577","PBMC_Late"
"CX3CR1+ NK","Tem","CLEC2B","KLRB1",0.0211679263066636,0,"CLEC2B_KLRB1","CLEC2B - KLRB1","CLEC","Cell-Cell Contact","PMID: 24223577","PBMC_Late"
"CXCR5+ Naïve B","Tem","CLEC2B","KLRB1",0.0100190134453558,0,"CLEC2B_KLRB1","CLEC2B - KLRB1","CLEC","Cell-Cell Contact","PMID: 24223577","PBMC_Late"
"CXCR6+ NK","Tem","CLEC2B","KLRB1",0.0644460378241899,0,"CLEC2B_KLRB1","CLEC2B - KLRB1","CLEC","Cell-Cell Contact","PMID: 24223577","PBMC_Late"
"DC2","Tem","CLEC2B","KLRB1",0.00975888431244433,0,"CLEC2B_KLRB1","CLEC2B - KLRB1","CLEC","Cell-Cell Contact","PMID: 24223577","PBMC_Late"
"Gamma Delta V1 T","Tem","CLEC2B","KLRB1",0.0154923290933159,0,"CLEC2B_KLRB1","CLEC2B - KLRB1","CLEC","Cell-Cell Contact","PMID: 24223577","PBMC_Late"
"Gamma Delta V2 T","Tem","CLEC2B","KLRB1",0.015018507284582,0,"CLEC2B_KLRB1","CLEC2B - KLRB1","CLEC","Cell-Cell Contact","PMID: 24223577","PBMC_Late"
"HSC_MPP","Tem","CLEC2B","KLRB1",0.0277904513197852,0,"CLEC2B_KLRB1","CLEC2B - KLRB1","CLEC","Cell-Cell Contact","PMID: 24223577","PBMC_Late"
"ILC2/3","Tem","CLEC2B","KLRB1",0.0176641501935077,0,"CLEC2B_KLRB1","CLEC2B - KLRB1","CLEC","Cell-Cell Contact","PMID: 24223577","PBMC_Late"
"MEMP","Tem","CLEC2B","KLRB1",0.00529983820719054,0,"CLEC2B_KLRB1","CLEC2B - KLRB1","CLEC","Cell-Cell Contact","PMID: 24223577","PBMC_Late"
"MEP","Tem","CLEC2B","KLRB1",0.0199144644016089,0,"CLEC2B_KLRB1","CLEC2B - KLRB1","CLEC","Cell-Cell Contact","PMID: 24223577","PBMC_Late"
"Naïve CD8 T","Tem","CLEC2B","KLRB1",0.0121611069608171,0,"CLEC2B_KLRB1","CLEC2B - KLRB1","CLEC","Cell-Cell Contact","PMID: 24223577","PBMC_Late"
"NK T","Tem","CLEC2B","KLRB1",0.0136771281374604,0,"CLEC2B_KLRB1","CLEC2B - KLRB1","CLEC","Cell-Cell Contact","PMID: 24223577","PBMC_Late"
"pDC","Tem","CLEC2B","KLRB1",0.0102348087728,0,"CLEC2B_KLRB1","CLEC2B - KLRB1","CLEC","Cell-Cell Contact","PMID: 24223577","PBMC_Late"
"Pro-B","Tem","CLEC2B","KLRB1",0.0130169267334371,0,"CLEC2B_KLRB1","CLEC2B - KLRB1","CLEC","Cell-Cell Contact","PMID: 24223577","PBMC_Late"
"Tem","Tem","CLEC2B","KLRB1",0.0128905365181619,0,"CLEC2B_KLRB1","CLEC2B - KLRB1","CLEC","Cell-Cell Contact","PMID: 24223577","PBMC_Late"
"Th17like_INNATE_T","Tem","CLEC2B","KLRB1",0.0122483724516443,0,"CLEC2B_KLRB1","CLEC2B - KLRB1","CLEC","Cell-Cell Contact","PMID: 24223577","PBMC_Late"
"Treg","Tem","CLEC2B","KLRB1",0.00983050961123017,0,"CLEC2B_KLRB1","CLEC2B - KLRB1","CLEC","Cell-Cell Contact","PMID: 24223577","PBMC_Late"
"CD14+PPBP+ Monocytes","Th17like_INNATE_T","CLEC2B","KLRB1",0.0100076077922368,0,"CLEC2B_KLRB1","CLEC2B - KLRB1","CLEC","Cell-Cell Contact","PMID: 24223577","PBMC_Late"
"CX3CR1+ NK","Th17like_INNATE_T","CLEC2B","KLRB1",0.0362422407136613,0,"CLEC2B_KLRB1","CLEC2B - KLRB1","CLEC","Cell-Cell Contact","PMID: 24223577","PBMC_Late"
"CXCR5+ Naïve B","Th17like_INNATE_T","CLEC2B","KLRB1",0.0172941286823511,0,"CLEC2B_KLRB1","CLEC2B - KLRB1","CLEC","Cell-Cell Contact","PMID: 24223577","PBMC_Late"
"CXCR6+ NK","Th17like_INNATE_T","CLEC2B","KLRB1",0.106971861284206,0,"CLEC2B_KLRB1","CLEC2B - KLRB1","CLEC","Cell-Cell Contact","PMID: 24223577","PBMC_Late"
"DC2","Th17like_INNATE_T","CLEC2B","KLRB1",0.0168483263993411,0,"CLEC2B_KLRB1","CLEC2B - KLRB1","CLEC","Cell-Cell Contact","PMID: 24223577","PBMC_Late"
"Gamma Delta V1 T","Th17like_INNATE_T","CLEC2B","KLRB1",0.0266348605457156,0,"CLEC2B_KLRB1","CLEC2B - KLRB1","CLEC","Cell-Cell Contact","PMID: 24223577","PBMC_Late"
"Gamma Delta V2 T","Th17like_INNATE_T","CLEC2B","KLRB1",0.0258291931288004,0,"CLEC2B_KLRB1","CLEC2B - KLRB1","CLEC","Cell-Cell Contact","PMID: 24223577","PBMC_Late"
"HSC_MPP","Th17like_INNATE_T","CLEC2B","KLRB1",0.0473527146501941,0,"CLEC2B_KLRB1","CLEC2B - KLRB1","CLEC","Cell-Cell Contact","PMID: 24223577","PBMC_Late"
"ILC2/3","Th17like_INNATE_T","CLEC2B","KLRB1",0.0303206110401259,0,"CLEC2B_KLRB1","CLEC2B - KLRB1","CLEC","Cell-Cell Contact","PMID: 24223577","PBMC_Late"
"MEMP","Th17like_INNATE_T","CLEC2B","KLRB1",0.00917999027985915,0,"CLEC2B_KLRB1","CLEC2B - KLRB1","CLEC","Cell-Cell Contact","PMID: 24223577","PBMC_Late"
"MEP","Th17like_INNATE_T","CLEC2B","KLRB1",0.0341272727725986,0,"CLEC2B_KLRB1","CLEC2B - KLRB1","CLEC","Cell-Cell Contact","PMID: 24223577","PBMC_Late"
"Naïve CD8 T","Th17like_INNATE_T","CLEC2B","KLRB1",0.0209587325043633,0,"CLEC2B_KLRB1","CLEC2B - KLRB1","CLEC","Cell-Cell Contact","PMID: 24223577","PBMC_Late"
"NK T","Th17like_INNATE_T","CLEC2B","KLRB1",0.0235453377479145,0,"CLEC2B_KLRB1","CLEC2B - KLRB1","CLEC","Cell-Cell Contact","PMID: 24223577","PBMC_Late"
"pDC","Th17like_INNATE_T","CLEC2B","KLRB1",0.0176638238086811,0,"CLEC2B_KLRB1","CLEC2B - KLRB1","CLEC","Cell-Cell Contact","PMID: 24223577","PBMC_Late"
"Pro-B","Th17like_INNATE_T","CLEC2B","KLRB1",0.0224196207489324,0,"CLEC2B_KLRB1","CLEC2B - KLRB1","CLEC","Cell-Cell Contact","PMID: 24223577","PBMC_Late"
"Tem","Th17like_INNATE_T","CLEC2B","KLRB1",0.0222039872641895,0,"CLEC2B_KLRB1","CLEC2B - KLRB1","CLEC","Cell-Cell Contact","PMID: 24223577","PBMC_Late"
"Th17like_INNATE_T","Th17like_INNATE_T","CLEC2B","KLRB1",0.021107778930076,0,"CLEC2B_KLRB1","CLEC2B - KLRB1","CLEC","Cell-Cell Contact","PMID: 24223577","PBMC_Late"
"Treg","Th17like_INNATE_T","CLEC2B","KLRB1",0.0169710928762581,0,"CLEC2B_KLRB1","CLEC2B - KLRB1","CLEC","Cell-Cell Contact","PMID: 24223577","PBMC_Late"
"abTentry","CD56highCD16low NK","CD69","KLRB1",0.0124018872708166,0,"CLEC2C_KLRB1","CLEC2C - KLRB1","CLEC","Cell-Cell Contact","PMID: 24223577","PBMC_Late"
"CD56highCD16low NK","CD56highCD16low NK","CD69","KLRB1",0.0129039068044991,0,"CLEC2C_KLRB1","CLEC2C - KLRB1","CLEC","Cell-Cell Contact","PMID: 24223577","PBMC_Late"
"CX3CR1+ NK","CD56highCD16low NK","CD69","KLRB1",0.0336076908395849,0,"CLEC2C_KLRB1","CLEC2C - KLRB1","CLEC","Cell-Cell Contact","PMID: 24223577","PBMC_Late"
"CXCR5- Naïve B","CD56highCD16low NK","CD69","KLRB1",0.0334687892685184,0,"CLEC2C_KLRB1","CLEC2C - KLRB1","CLEC","Cell-Cell Contact","PMID: 24223577","PBMC_Late"
"CXCR5+ Naïve B","CD56highCD16low NK","CD69","KLRB1",0.0359189679789979,0,"CLEC2C_KLRB1","CLEC2C - KLRB1","CLEC","Cell-Cell Contact","PMID: 24223577","PBMC_Late"
"CXCR6+ NK","CD56highCD16low NK","CD69","KLRB1",0.0398611354484676,0,"CLEC2C_KLRB1","CLEC2C - KLRB1","CLEC","Cell-Cell Contact","PMID: 24223577","PBMC_Late"
"Gamma Delta V1 T","CD56highCD16low NK","CD69","KLRB1",0.0235395530892507,0,"CLEC2C_KLRB1","CLEC2C - KLRB1","CLEC","Cell-Cell Contact","PMID: 24223577","PBMC_Late"
"Gamma Delta V2 T","CD56highCD16low NK","CD69","KLRB1",0.0347337422708503,0,"CLEC2C_KLRB1","CLEC2C - KLRB1","CLEC","Cell-Cell Contact","PMID: 24223577","PBMC_Late"
"HSC_MPP","CD56highCD16low NK","CD69","KLRB1",0.0286668304811947,0,"CLEC2C_KLRB1","CLEC2C - KLRB1","CLEC","Cell-Cell Contact","PMID: 24223577","PBMC_Late"
"ILC2/3","CD56highCD16low NK","CD69","KLRB1",0.0444530227939321,0,"CLEC2C_KLRB1","CLEC2C - KLRB1","CLEC","Cell-Cell Contact","PMID: 24223577","PBMC_Late"
"MEMP","CD56highCD16low NK","CD69","KLRB1",0.0126148901800048,0,"CLEC2C_KLRB1","CLEC2C - KLRB1","CLEC","Cell-Cell Contact","PMID: 24223577","PBMC_Late"
"MEP","CD56highCD16low NK","CD69","KLRB1",0.0209218143068739,0,"CLEC2C_KLRB1","CLEC2C - KLRB1","CLEC","Cell-Cell Contact","PMID: 24223577","PBMC_Late"
"Naïve CD4 T","CD56highCD16low NK","CD69","KLRB1",0.024850725727754,0,"CLEC2C_KLRB1","CLEC2C - KLRB1","CLEC","Cell-Cell Contact","PMID: 24223577","PBMC_Late"
"Naïve CD8 T","CD56highCD16low NK","CD69","KLRB1",0.0231277110029243,0,"CLEC2C_KLRB1","CLEC2C - KLRB1","CLEC","Cell-Cell Contact","PMID: 24223577","PBMC_Late"
"NK T","CD56highCD16low NK","CD69","KLRB1",0.0317678510134859,0,"CLEC2C_KLRB1","CLEC2C - KLRB1","CLEC","Cell-Cell Contact","PMID: 24223577","PBMC_Late"
"Pro-B","CD56highCD16low NK","CD69","KLRB1",0.0149394518494407,0,"CLEC2C_KLRB1","CLEC2C - KLRB1","CLEC","Cell-Cell Contact","PMID: 24223577","PBMC_Late"
"Tem","CD56highCD16low NK","CD69","KLRB1",0.0559341421308716,0,"CLEC2C_KLRB1","CLEC2C - KLRB1","CLEC","Cell-Cell Contact","PMID: 24223577","PBMC_Late"
"Th17like_INNATE_T","CD56highCD16low NK","CD69","KLRB1",0.0377618641322769,0,"CLEC2C_KLRB1","CLEC2C - KLRB1","CLEC","Cell-Cell Contact","PMID: 24223577","PBMC_Late"
"Treg","CD56highCD16low NK","CD69","KLRB1",0.0322298079027385,0,"CLEC2C_KLRB1","CLEC2C - KLRB1","CLEC","Cell-Cell Contact","PMID: 24223577","PBMC_Late"
"abTentry","CX3CR1+ NK","CD69","KLRB1",0.0542774687408182,0,"CLEC2C_KLRB1","CLEC2C - KLRB1","CLEC","Cell-Cell Contact","PMID: 24223577","PBMC_Late"
"CD56highCD16low NK","CX3CR1+ NK","CD69","KLRB1",0.0563778161319934,0,"CLEC2C_KLRB1","CLEC2C - KLRB1","CLEC","Cell-Cell Contact","PMID: 24223577","PBMC_Late"
"CX3CR1+ NK","CX3CR1+ NK","CD69","KLRB1",0.137142648921238,0,"CLEC2C_KLRB1","CLEC2C - KLRB1","CLEC","Cell-Cell Contact","PMID: 24223577","PBMC_Late"
"CXCR5- Naïve B","CX3CR1+ NK","CD69","KLRB1",0.136636336126645,0,"CLEC2C_KLRB1","CLEC2C - KLRB1","CLEC","Cell-Cell Contact","PMID: 24223577","PBMC_Late"
"CXCR5+ Naïve B","CX3CR1+ NK","CD69","KLRB1",0.145502206457982,0,"CLEC2C_KLRB1","CLEC2C - KLRB1","CLEC","Cell-Cell Contact","PMID: 24223577","PBMC_Late"
"CXCR6+ NK","CX3CR1+ NK","CD69","KLRB1",0.159481778687754,0,"CLEC2C_KLRB1","CLEC2C - KLRB1","CLEC","Cell-Cell Contact","PMID: 24223577","PBMC_Late"
"Gamma Delta V1 T","CX3CR1+ NK","CD69","KLRB1",0.0992429260505761,0,"CLEC2C_KLRB1","CLEC2C - KLRB1","CLEC","Cell-Cell Contact","PMID: 24223577","PBMC_Late"
"Gamma Delta V2 T","CX3CR1+ NK","CD69","KLRB1",0.141230748333063,0,"CLEC2C_KLRB1","CLEC2C - KLRB1","CLEC","Cell-Cell Contact","PMID: 24223577","PBMC_Late"
"HSC_MPP","CX3CR1+ NK","CD69","KLRB1",0.118852517534026,0,"CLEC2C_KLRB1","CLEC2C - KLRB1","CLEC","Cell-Cell Contact","PMID: 24223577","PBMC_Late"
"ILC2/3","CX3CR1+ NK","CD69","KLRB1",0.175337171511076,0,"CLEC2C_KLRB1","CLEC2C - KLRB1","CLEC","Cell-Cell Contact","PMID: 24223577","PBMC_Late"
"MEMP","CX3CR1+ NK","CD69","KLRB1",0.0551695094367823,0,"CLEC2C_KLRB1","CLEC2C - KLRB1","CLEC","Cell-Cell Contact","PMID: 24223577","PBMC_Late"
"MEP","CX3CR1+ NK","CD69","KLRB1",0.0889736167572979,0,"CLEC2C_KLRB1","CLEC2C - KLRB1","CLEC","Cell-Cell Contact","PMID: 24223577","PBMC_Late"
"Naïve CD4 T","CX3CR1+ NK","CD69","KLRB1",0.104320343059203,0,"CLEC2C_KLRB1","CLEC2C - KLRB1","CLEC","Cell-Cell Contact","PMID: 24223577","PBMC_Late"
"Naïve CD8 T","CX3CR1+ NK","CD69","KLRB1",0.0976390360425268,0,"CLEC2C_KLRB1","CLEC2C - KLRB1","CLEC","Cell-Cell Contact","PMID: 24223577","PBMC_Late"
"NK T","CX3CR1+ NK","CD69","KLRB1",0.130399634466567,0,"CLEC2C_KLRB1","CLEC2C - KLRB1","CLEC","Cell-Cell Contact","PMID: 24223577","PBMC_Late"
"Pro-B","CX3CR1+ NK","CD69","KLRB1",0.0648208713255665,0,"CLEC2C_KLRB1","CLEC2C - KLRB1","CLEC","Cell-Cell Contact","PMID: 24223577","PBMC_Late"
"Tem","CX3CR1+ NK","CD69","KLRB1",0.213084211114711,0,"CLEC2C_KLRB1","CLEC2C - KLRB1","CLEC","Cell-Cell Contact","PMID: 24223577","PBMC_Late"
"Th17like_INNATE_T","CX3CR1+ NK","CD69","KLRB1",0.152080581189518,0,"CLEC2C_KLRB1","CLEC2C - KLRB1","CLEC","Cell-Cell Contact","PMID: 24223577","PBMC_Late"
"Treg","CX3CR1+ NK","CD69","KLRB1",0.132100176392029,0,"CLEC2C_KLRB1","CLEC2C - KLRB1","CLEC","Cell-Cell Contact","PMID: 24223577","PBMC_Late"
"abTentry","CXCR6+ NK","CD69","KLRB1",0.0446085789514208,0,"CLEC2C_KLRB1","CLEC2C - KLRB1","CLEC","Cell-Cell Contact","PMID: 24223577","PBMC_Late"
"CD56highCD16low NK","CXCR6+ NK","CD69","KLRB1",0.0463531127490998,0,"CLEC2C_KLRB1","CLEC2C - KLRB1","CLEC","Cell-Cell Contact","PMID: 24223577","PBMC_Late"
"CX3CR1+ NK","CXCR6+ NK","CD69","KLRB1",0.114499488850589,0,"CLEC2C_KLRB1","CLEC2C - KLRB1","CLEC","Cell-Cell Contact","PMID: 24223577","PBMC_Late"
"CXCR5- Naïve B","CXCR6+ NK","CD69","KLRB1",0.114065720704919,0,"CLEC2C_KLRB1","CLEC2C - KLRB1","CLEC","Cell-Cell Contact","PMID: 24223577","PBMC_Late"
"CXCR5+ Naïve B","CXCR6+ NK","CD69","KLRB1",0.121673455738551,0,"CLEC2C_KLRB1","CLEC2C - KLRB1","CLEC","Cell-Cell Contact","PMID: 24223577","PBMC_Late"
"CXCR6+ NK","CXCR6+ NK","CD69","KLRB1",0.133721882919566,0,"CLEC2C_KLRB1","CLEC2C - KLRB1","CLEC","Cell-Cell Contact","PMID: 24223577","PBMC_Late"
"Gamma Delta V1 T","CXCR6+ NK","CD69","KLRB1",0.0822607016132715,0,"CLEC2C_KLRB1","CLEC2C - KLRB1","CLEC","Cell-Cell Contact","PMID: 24223577","PBMC_Late"
"Gamma Delta V2 T","CXCR6+ NK","CD69","KLRB1",0.118004925606508,0,"CLEC2C_KLRB1","CLEC2C - KLRB1","CLEC","Cell-Cell Contact","PMID: 24223577","PBMC_Late"
"HSC_MPP","CXCR6+ NK","CD69","KLRB1",0.0988831089632999,0,"CLEC2C_KLRB1","CLEC2C - KLRB1","CLEC","Cell-Cell Contact","PMID: 24223577","PBMC_Late"
"ILC2/3","CXCR6+ NK","CD69","KLRB1",0.147465590813441,0,"CLEC2C_KLRB1","CLEC2C - KLRB1","CLEC","Cell-Cell Contact","PMID: 24223577","PBMC_Late"
"MEMP","CXCR6+ NK","CD69","KLRB1",0.0453493330292804,0,"CLEC2C_KLRB1","CLEC2C - KLRB1","CLEC","Cell-Cell Contact","PMID: 24223577","PBMC_Late"
"MEP","CXCR6+ NK","CD69","KLRB1",0.073605059256231,0,"CLEC2C_KLRB1","CLEC2C - KLRB1","CLEC","Cell-Cell Contact","PMID: 24223577","PBMC_Late"
"Naïve CD4 T","CXCR6+ NK","CD69","KLRB1",0.0865527680530206,0,"CLEC2C_KLRB1","CLEC2C - KLRB1","CLEC","Cell-Cell Contact","PMID: 24223577","PBMC_Late"
"Naïve CD8 T","CXCR6+ NK","CD69","KLRB1",0.0809066139789055,0,"CLEC2C_KLRB1","CLEC2C - KLRB1","CLEC","Cell-Cell Contact","PMID: 24223577","PBMC_Late"
"NK T","CXCR6+ NK","CD69","KLRB1",0.108729500676106,0,"CLEC2C_KLRB1","CLEC2C - KLRB1","CLEC","Cell-Cell Contact","PMID: 24223577","PBMC_Late"
"Pro-B","CXCR6+ NK","CD69","KLRB1",0.0533798099733257,0,"CLEC2C_KLRB1","CLEC2C - KLRB1","CLEC","Cell-Cell Contact","PMID: 24223577","PBMC_Late"
"Tem","CXCR6+ NK","CD69","KLRB1",0.18052587493645,0,"CLEC2C_KLRB1","CLEC2C - KLRB1","CLEC","Cell-Cell Contact","PMID: 24223577","PBMC_Late"
"Th17like_INNATE_T","CXCR6+ NK","CD69","KLRB1",0.127335038111398,0,"CLEC2C_KLRB1","CLEC2C - KLRB1","CLEC","Cell-Cell Contact","PMID: 24223577","PBMC_Late"
"Treg","CXCR6+ NK","CD69","KLRB1",0.110183249378469,0,"CLEC2C_KLRB1","CLEC2C - KLRB1","CLEC","Cell-Cell Contact","PMID: 24223577","PBMC_Late"
"abTentry","Gamma Delta V2 T","CD69","KLRB1",0.00918378772483665,0,"CLEC2C_KLRB1","CLEC2C - KLRB1","CLEC","Cell-Cell Contact","PMID: 24223577","PBMC_Late"
"CD56highCD16low NK","Gamma Delta V2 T","CD69","KLRB1",0.00955680145191558,0,"CLEC2C_KLRB1","CLEC2C - KLRB1","CLEC","Cell-Cell Contact","PMID: 24223577","PBMC_Late"
"CX3CR1+ NK","Gamma Delta V2 T","CD69","KLRB1",0.0250264498630591,0,"CLEC2C_KLRB1","CLEC2C - KLRB1","CLEC","Cell-Cell Contact","PMID: 24223577","PBMC_Late"
"CXCR5- Naïve B","Gamma Delta V2 T","CD69","KLRB1",0.0249221001733277,0,"CLEC2C_KLRB1","CLEC2C - KLRB1","CLEC","Cell-Cell Contact","PMID: 24223577","PBMC_Late"
"CXCR5+ Naïve B","Gamma Delta V2 T","CD69","KLRB1",0.0267639196443188,0,"CLEC2C_KLRB1","CLEC2C - KLRB1","CLEC","Cell-Cell Contact","PMID: 24223577","PBMC_Late"
"CXCR6+ NK","Gamma Delta V2 T","CD69","KLRB1",0.0297322925921247,0,"CLEC2C_KLRB1","CLEC2C - KLRB1","CLEC","Cell-Cell Contact","PMID: 24223577","PBMC_Late"
"Gamma Delta V1 T","Gamma Delta V2 T","CD69","KLRB1",0.0174825600896682,0,"CLEC2C_KLRB1","CLEC2C - KLRB1","CLEC","Cell-Cell Contact","PMID: 24223577","PBMC_Late"
"Gamma Delta V2 T","Gamma Delta V2 T","CD69","KLRB1",0.0258726778800891,0,"CLEC2C_KLRB1","CLEC2C - KLRB1","CLEC","Cell-Cell Contact","PMID: 24223577","PBMC_Late"
"HSC_MPP","Gamma Delta V2 T","CD69","KLRB1",0.021319335860298,0,"CLEC2C_KLRB1","CLEC2C - KLRB1","CLEC","Cell-Cell Contact","PMID: 24223577","PBMC_Late"
"ILC2/3","Gamma Delta V2 T","CD69","KLRB1",0.0331977102554004,0,"CLEC2C_KLRB1","CLEC2C - KLRB1","CLEC","Cell-Cell Contact","PMID: 24223577","PBMC_Late"
"MEMP","Gamma Delta V2 T","CD69","KLRB1",0.00934204247376998,0,"CLEC2C_KLRB1","CLEC2C - KLRB1","CLEC","Cell-Cell Contact","PMID: 24223577","PBMC_Late"
"MEP","Gamma Delta V2 T","CD69","KLRB1",0.0155276838987669,0,"CLEC2C_KLRB1","CLEC2C - KLRB1","CLEC","Cell-Cell Contact","PMID: 24223577","PBMC_Late"
"Naïve CD4 T","Gamma Delta V2 T","CD69","KLRB1",0.0184627323018743,0,"CLEC2C_KLRB1","CLEC2C - KLRB1","CLEC","Cell-Cell Contact","PMID: 24223577","PBMC_Late"
"Naïve CD8 T","Gamma Delta V2 T","CD69","KLRB1",0.0171748257058529,0,"CLEC2C_KLRB1","CLEC2C - KLRB1","CLEC","Cell-Cell Contact","PMID: 24223577","PBMC_Late"
"NK T","Gamma Delta V2 T","CD69","KLRB1",0.0236448925922678,0,"CLEC2C_KLRB1","CLEC2C - KLRB1","CLEC","Cell-Cell Contact","PMID: 24223577","PBMC_Late"
"Pro-B","Gamma Delta V2 T","CD69","KLRB1",0.0110702740716995,0,"CLEC2C_KLRB1","CLEC2C - KLRB1","CLEC","Cell-Cell Contact","PMID: 24223577","PBMC_Late"
"Tem","Gamma Delta V2 T","CD69","KLRB1",0.0418993263123328,0,"CLEC2C_KLRB1","CLEC2C - KLRB1","CLEC","Cell-Cell Contact","PMID: 24223577","PBMC_Late"
"Th17like_INNATE_T","Gamma Delta V2 T","CD69","KLRB1",0.0281508129165568,0,"CLEC2C_KLRB1","CLEC2C - KLRB1","CLEC","Cell-Cell Contact","PMID: 24223577","PBMC_Late"
"Treg","Gamma Delta V2 T","CD69","KLRB1",0.0239916551885252,0,"CLEC2C_KLRB1","CLEC2C - KLRB1","CLEC","Cell-Cell Contact","PMID: 24223577","PBMC_Late"
"abTentry","ILC2/3","CD69","KLRB1",0.0615177794503787,0,"CLEC2C_KLRB1","CLEC2C - KLRB1","CLEC","Cell-Cell Contact","PMID: 24223577","PBMC_Late"
"CD56highCD16low NK","ILC2/3","CD69","KLRB1",0.0638793768791141,0,"CLEC2C_KLRB1","CLEC2C - KLRB1","CLEC","Cell-Cell Contact","PMID: 24223577","PBMC_Late"
"CX3CR1+ NK","ILC2/3","CD69","KLRB1",0.153640932107239,0,"CLEC2C_KLRB1","CLEC2C - KLRB1","CLEC","Cell-Cell Contact","PMID: 24223577","PBMC_Late"
"CXCR5- Naïve B","ILC2/3","CD69","KLRB1",0.153084516109387,0,"CLEC2C_KLRB1","CLEC2C - KLRB1","CLEC","Cell-Cell Contact","PMID: 24223577","PBMC_Late"
"CXCR5+ Naïve B","ILC2/3","CD69","KLRB1",0.1628163840661,0,"CLEC2C_KLRB1","CLEC2C - KLRB1","CLEC","Cell-Cell Contact","PMID: 24223577","PBMC_Late"
"CXCR6+ NK","ILC2/3","CD69","KLRB1",0.17811272421766,0,"CLEC2C_KLRB1","CLEC2C - KLRB1","CLEC","Cell-Cell Contact","PMID: 24223577","PBMC_Late"
"Gamma Delta V1 T","ILC2/3","CD69","KLRB1",0.111772472698604,0,"CLEC2C_KLRB1","CLEC2C - KLRB1","CLEC","Cell-Cell Contact","PMID: 24223577","PBMC_Late"
"Gamma Delta V2 T","ILC2/3","CD69","KLRB1",0.158130701485312,0,"CLEC2C_KLRB1","CLEC2C - KLRB1","CLEC","Cell-Cell Contact","PMID: 24223577","PBMC_Late"
"HSC_MPP","ILC2/3","CD69","KLRB1",0.133490899731688,0,"CLEC2C_KLRB1","CLEC2C - KLRB1","CLEC","Cell-Cell Contact","PMID: 24223577","PBMC_Late"
"ILC2/3","ILC2/3","CD69","KLRB1",0.195389790581349,0,"CLEC2C_KLRB1","CLEC2C - KLRB1","CLEC","Cell-Cell Contact","PMID: 24223577","PBMC_Late"
"MEMP","ILC2/3","CD69","KLRB1",0.062520946839058,0,"CLEC2C_KLRB1","CLEC2C - KLRB1","CLEC","Cell-Cell Contact","PMID: 24223577","PBMC_Late"
"MEP","ILC2/3","CD69","KLRB1",0.100351091261517,0,"CLEC2C_KLRB1","CLEC2C - KLRB1","CLEC","Cell-Cell Contact","PMID: 24223577","PBMC_Late"
"Naïve CD4 T","ILC2/3","CD69","KLRB1",0.117407366296989,0,"CLEC2C_KLRB1","CLEC2C - KLRB1","CLEC","Cell-Cell Contact","PMID: 24223577","PBMC_Late"
"Naïve CD8 T","ILC2/3","CD69","KLRB1",0.109990815820003,0,"CLEC2C_KLRB1","CLEC2C - KLRB1","CLEC","Cell-Cell Contact","PMID: 24223577","PBMC_Late"
"NK T","ILC2/3","CD69","KLRB1",0.146224199572718,0,"CLEC2C_KLRB1","CLEC2C - KLRB1","CLEC","Cell-Cell Contact","PMID: 24223577","PBMC_Late"
"Pro-B","ILC2/3","CD69","KLRB1",0.073358517867838,0,"CLEC2C_KLRB1","CLEC2C - KLRB1","CLEC","Cell-Cell Contact","PMID: 24223577","PBMC_Late"
"Tem","ILC2/3","CD69","KLRB1",0.23621724986288,0,"CLEC2C_KLRB1","CLEC2C - KLRB1","CLEC","Cell-Cell Contact","PMID: 24223577","PBMC_Late"
"Th17like_INNATE_T","ILC2/3","CD69","KLRB1",0.170021803021083,0,"CLEC2C_KLRB1","CLEC2C - KLRB1","CLEC","Cell-Cell Contact","PMID: 24223577","PBMC_Late"
"Treg","ILC2/3","CD69","KLRB1",0.148095964467406,0,"CLEC2C_KLRB1","CLEC2C - KLRB1","CLEC","Cell-Cell Contact","PMID: 24223577","PBMC_Late"
"abTentry","Tem","CD69","KLRB1",0.0278206519045913,0,"CLEC2C_KLRB1","CLEC2C - KLRB1","CLEC","Cell-Cell Contact","PMID: 24223577","PBMC_Late"
"CD56highCD16low NK","Tem","CD69","KLRB1",0.0289285298085893,0,"CLEC2C_KLRB1","CLEC2C - KLRB1","CLEC","Cell-Cell Contact","PMID: 24223577","PBMC_Late"
"CX3CR1+ NK","Tem","CD69","KLRB1",0.0734305166760126,0,"CLEC2C_KLRB1","CLEC2C - KLRB1","CLEC","Cell-Cell Contact","PMID: 24223577","PBMC_Late"
"CXCR5- Naïve B","Tem","CD69","KLRB1",0.0731394827833194,0,"CLEC2C_KLRB1","CLEC2C - KLRB1","CLEC","Cell-Cell Contact","PMID: 24223577","PBMC_Late"
"CXCR5+ Naïve B","Tem","CD69","KLRB1",0.0782587187063269,0,"CLEC2C_KLRB1","CLEC2C - KLRB1","CLEC","Cell-Cell Contact","PMID: 24223577","PBMC_Late"
"CXCR6+ NK","Tem","CD69","KLRB1",0.0864311482905414,0,"CLEC2C_KLRB1","CLEC2C - KLRB1","CLEC","Cell-Cell Contact","PMID: 24223577","PBMC_Late"
"Gamma Delta V1 T","Tem","CD69","KLRB1",0.0520751862694599,0,"CLEC2C_KLRB1","CLEC2C - KLRB1","CLEC","Cell-Cell Contact","PMID: 24223577","PBMC_Late"
"Gamma Delta V2 T","Tem","CD69","KLRB1",0.0757862246381581,0,"CLEC2C_KLRB1","CLEC2C - KLRB1","CLEC","Cell-Cell Contact","PMID: 24223577","PBMC_Late"
"HSC_MPP","Tem","CD69","KLRB1",0.0630168408028028,0,"CLEC2C_KLRB1","CLEC2C - KLRB1","CLEC","Cell-Cell Contact","PMID: 24223577","PBMC_Late"
"ILC2/3","Tem","CD69","KLRB1",0.0958521966004241,0,"CLEC2C_KLRB1","CLEC2C - KLRB1","CLEC","Cell-Cell Contact","PMID: 24223577","PBMC_Late"
"MEMP","Tem","CD69","KLRB1",0.0282908866981159,0,"CLEC2C_KLRB1","CLEC2C - KLRB1","CLEC","Cell-Cell Contact","PMID: 24223577","PBMC_Late"
"MEP","Tem","CD69","KLRB1",0.0464350208137692,0,"CLEC2C_KLRB1","CLEC2C - KLRB1","CLEC","Cell-Cell Contact","PMID: 24223577","PBMC_Late"
"Naïve CD4 T","Tem","CD69","KLRB1",0.0548864744914977,0,"CLEC2C_KLRB1","CLEC2C - KLRB1","CLEC","Cell-Cell Contact","PMID: 24223577","PBMC_Late"
"Naïve CD8 T","Tem","CD69","KLRB1",0.051190264893358,0,"CLEC2C_KLRB1","CLEC2C - KLRB1","CLEC","Cell-Cell Contact","PMID: 24223577","PBMC_Late"
"NK T","Tem","CD69","KLRB1",0.0695675293293425,0,"CLEC2C_KLRB1","CLEC2C - KLRB1","CLEC","Cell-Cell Contact","PMID: 24223577","PBMC_Late"
"Pro-B","Tem","CD69","KLRB1",0.0334063522975245,0,"CLEC2C_KLRB1","CLEC2C - KLRB1","CLEC","Cell-Cell Contact","PMID: 24223577","PBMC_Late"
"Tem","Tem","CD69","KLRB1",0.11895583560439,0,"CLEC2C_KLRB1","CLEC2C - KLRB1","CLEC","Cell-Cell Contact","PMID: 24223577","PBMC_Late"
"Th17like_INNATE_T","Tem","CD69","KLRB1",0.0820889744102256,0,"CLEC2C_KLRB1","CLEC2C - KLRB1","CLEC","Cell-Cell Contact","PMID: 24223577","PBMC_Late"
"Treg","Tem","CD69","KLRB1",0.0705391104545733,0,"CLEC2C_KLRB1","CLEC2C - KLRB1","CLEC","Cell-Cell Contact","PMID: 24223577","PBMC_Late"
"abTentry","Th17like_INNATE_T","CD69","KLRB1",0.0474031375002779,0,"CLEC2C_KLRB1","CLEC2C - KLRB1","CLEC","Cell-Cell Contact","PMID: 24223577","PBMC_Late"
"CD56highCD16low NK","Th17like_INNATE_T","CD69","KLRB1",0.0492513258126124,0,"CLEC2C_KLRB1","CLEC2C - KLRB1","CLEC","Cell-Cell Contact","PMID: 24223577","PBMC_Late"
"CX3CR1+ NK","Th17like_INNATE_T","CD69","KLRB1",0.12111738729275,0,"CLEC2C_KLRB1","CLEC2C - KLRB1","CLEC","Cell-Cell Contact","PMID: 24223577","PBMC_Late"
"CXCR5- Naïve B","Th17like_INNATE_T","CD69","KLRB1",0.120661964298183,0,"CLEC2C_KLRB1","CLEC2C - KLRB1","CLEC","Cell-Cell Contact","PMID: 24223577","PBMC_Late"
"CXCR5+ Naïve B","Th17like_INNATE_T","CD69","KLRB1",0.128645759020509,0,"CLEC2C_KLRB1","CLEC2C - KLRB1","CLEC","Cell-Cell Contact","PMID: 24223577","PBMC_Late"
"CXCR6+ NK","Th17like_INNATE_T","CD69","KLRB1",0.141273552847445,0,"CLEC2C_KLRB1","CLEC2C - KLRB1","CLEC","Cell-Cell Contact","PMID: 24223577","PBMC_Late"
"Gamma Delta V1 T","Th17like_INNATE_T","CD69","KLRB1",0.0871987383732706,0,"CLEC2C_KLRB1","CLEC2C - KLRB1","CLEC","Cell-Cell Contact","PMID: 24223577","PBMC_Late"
"Gamma Delta V2 T","Th17like_INNATE_T","CD69","KLRB1",0.124796878590482,0,"CLEC2C_KLRB1","CLEC2C - KLRB1","CLEC","Cell-Cell Contact","PMID: 24223577","PBMC_Late"
"HSC_MPP","Th17like_INNATE_T","CD69","KLRB1",0.104705131542089,0,"CLEC2C_KLRB1","CLEC2C - KLRB1","CLEC","Cell-Cell Contact","PMID: 24223577","PBMC_Late"
"ILC2/3","Th17like_INNATE_T","CD69","KLRB1",0.155653949323738,0,"CLEC2C_KLRB1","CLEC2C - KLRB1","CLEC","Cell-Cell Contact","PMID: 24223577","PBMC_Late"
"MEMP","Th17like_INNATE_T","CD69","KLRB1",0.0481879564222673,0,"CLEC2C_KLRB1","CLEC2C - KLRB1","CLEC","Cell-Cell Contact","PMID: 24223577","PBMC_Late"
"MEP","Th17like_INNATE_T","CD69","KLRB1",0.0780677045898935,0,"CLEC2C_KLRB1","CLEC2C - KLRB1","CLEC","Cell-Cell Contact","PMID: 24223577","PBMC_Late"
"Naïve CD4 T","Th17like_INNATE_T","CD69","KLRB1",0.0917227032326726,0,"CLEC2C_KLRB1","CLEC2C - KLRB1","CLEC","Cell-Cell Contact","PMID: 24223577","PBMC_Late"
"Naïve CD8 T","Th17like_INNATE_T","CD69","KLRB1",0.0857709628440026,0,"CLEC2C_KLRB1","CLEC2C - KLRB1","CLEC","Cell-Cell Contact","PMID: 24223577","PBMC_Late"
"NK T","Th17like_INNATE_T","CD69","KLRB1",0.115057235253992,0,"CLEC2C_KLRB1","CLEC2C - KLRB1","CLEC","Cell-Cell Contact","PMID: 24223577","PBMC_Late"
"Pro-B","Th17like_INNATE_T","CD69","KLRB1",0.0566912474921534,0,"CLEC2C_KLRB1","CLEC2C - KLRB1","CLEC","Cell-Cell Contact","PMID: 24223577","PBMC_Late"
"Tem","Th17like_INNATE_T","CD69","KLRB1",0.190140553913234,0,"CLEC2C_KLRB1","CLEC2C - KLRB1","CLEC","Cell-Cell Contact","PMID: 24223577","PBMC_Late"
"Th17like_INNATE_T","Th17like_INNATE_T","CD69","KLRB1",0.134582058692486,0,"CLEC2C_KLRB1","CLEC2C - KLRB1","CLEC","Cell-Cell Contact","PMID: 24223577","PBMC_Late"
"Treg","Th17like_INNATE_T","CD69","KLRB1",0.116584521033494,0,"CLEC2C_KLRB1","CLEC2C - KLRB1","CLEC","Cell-Cell Contact","PMID: 24223577","PBMC_Late"
"CD14+PPBP+ Monocytes","CD56highCD16low NK","CLEC1B","KLRB1",0.0200695415385143,0,"CLEC1B_KLRB1","CLEC1B - KLRB1","CLEC","Cell-Cell Contact","PMID: 24223577","PBMC_Late"
"Megakaryocytes","CD56highCD16low NK","CLEC1B","KLRB1",0.0396349025802757,0,"CLEC1B_KLRB1","CLEC1B - KLRB1","CLEC","Cell-Cell Contact","PMID: 24223577","PBMC_Late"
"MEP","CD56highCD16low NK","CLEC1B","KLRB1",0.00485865520513473,0,"CLEC1B_KLRB1","CLEC1B - KLRB1","CLEC","Cell-Cell Contact","PMID: 24223577","PBMC_Late"
"CD14+PPBP+ Monocytes","CX3CR1+ NK","CLEC1B","KLRB1",0.0855915241107068,0,"CLEC1B_KLRB1","CLEC1B - KLRB1","CLEC","Cell-Cell Contact","PMID: 24223577","PBMC_Late"
"Megakaryocytes","CX3CR1+ NK","CLEC1B","KLRB1",0.158688844055663,0,"CLEC1B_KLRB1","CLEC1B - KLRB1","CLEC","Cell-Cell Contact","PMID: 24223577","PBMC_Late"
"MEP","CX3CR1+ NK","CLEC1B","KLRB1",0.0218270616862469,0,"CLEC1B_KLRB1","CLEC1B - KLRB1","CLEC","Cell-Cell Contact","PMID: 24223577","PBMC_Late"
"CD14+PPBP+ Monocytes","CXCR6+ NK","CLEC1B","KLRB1",0.0707617850787988,0,"CLEC1B_KLRB1","CLEC1B - KLRB1","CLEC","Cell-Cell Contact","PMID: 24223577","PBMC_Late"
"Megakaryocytes","CXCR6+ NK","CLEC1B","KLRB1",0.133036753150668,0,"CLEC1B_KLRB1","CLEC1B - KLRB1","CLEC","Cell-Cell Contact","PMID: 24223577","PBMC_Late"
"MEP","CXCR6+ NK","CLEC1B","KLRB1",0.0178298449615137,0,"CLEC1B_KLRB1","CLEC1B - KLRB1","CLEC","Cell-Cell Contact","PMID: 24223577","PBMC_Late"
"CD14+PPBP+ Monocytes","Gamma Delta V2 T","CLEC1B","KLRB1",0.0148918046891163,0,"CLEC1B_KLRB1","CLEC1B - KLRB1","CLEC","Cell-Cell Contact","PMID: 24223577","PBMC_Late"
"Megakaryocytes","Gamma Delta V2 T","CLEC1B","KLRB1",0.0295617762686379,0,"CLEC1B_KLRB1","CLEC1B - KLRB1","CLEC","Cell-Cell Contact","PMID: 24223577","PBMC_Late"
"MEP","Gamma Delta V2 T","CLEC1B","KLRB1",0.00359079198567202,0,"CLEC1B_KLRB1","CLEC1B - KLRB1","CLEC","Cell-Cell Contact","PMID: 24223577","PBMC_Late"
"CD14+PPBP+ Monocytes","ILC2/3","CLEC1B","KLRB1",0.0965823642875692,0,"CLEC1B_KLRB1","CLEC1B - KLRB1","CLEC","Cell-Cell Contact","PMID: 24223577","PBMC_Late"
"Megakaryocytes","ILC2/3","CLEC1B","KLRB1",0.177246691595578,0,"CLEC1B_KLRB1","CLEC1B - KLRB1","CLEC","Cell-Cell Contact","PMID: 24223577","PBMC_Late"
"MEP","ILC2/3","CLEC1B","KLRB1",0.0248524225919225,0,"CLEC1B_KLRB1","CLEC1B - KLRB1","CLEC","Cell-Cell Contact","PMID: 24223577","PBMC_Late"
"CD14+PPBP+ Monocytes","Tem","CLEC1B","KLRB1",0.0445907738051979,0,"CLEC1B_KLRB1","CLEC1B - KLRB1","CLEC","Cell-Cell Contact","PMID: 24223577","PBMC_Late"
"Megakaryocytes","Tem","CLEC1B","KLRB1",0.0859642705984093,0,"CLEC1B_KLRB1","CLEC1B - KLRB1","CLEC","Cell-Cell Contact","PMID: 24223577","PBMC_Late"
"MEP","Tem","CLEC1B","KLRB1",0.0110037155049721,0,"CLEC1B_KLRB1","CLEC1B - KLRB1","CLEC","Cell-Cell Contact","PMID: 24223577","PBMC_Late"
"CD14+PPBP+ Monocytes","Th17like_INNATE_T","CLEC1B","KLRB1",0.0750660123623389,0,"CLEC1B_KLRB1","CLEC1B - KLRB1","CLEC","Cell-Cell Contact","PMID: 24223577","PBMC_Late"
"Megakaryocytes","Th17like_INNATE_T","CLEC1B","KLRB1",0.140556009546092,0,"CLEC1B_KLRB1","CLEC1B - KLRB1","CLEC","Cell-Cell Contact","PMID: 24223577","PBMC_Late"
"MEP","Th17like_INNATE_T","CLEC1B","KLRB1",0.018980144754728,0,"CLEC1B_KLRB1","CLEC1B - KLRB1","CLEC","Cell-Cell Contact","PMID: 24223577","PBMC_Late"
"CD14+PPBP+ Monocytes","HSC_MPP","DSC2","DSG2",0.000604451878383098,0,"DSC2_DSG2","DSC2 - DSG2","DESMOSOME","Cell-Cell Contact","PMID: 27298358","PBMC_Late"
"CD14+PPBP+ Monocytes","CD14+PPBP+ Monocytes","ESAM","ESAM",0.0189047692527661,0,"ESAM_ESAM","ESAM - ESAM","ESAM","Cell-Cell Contact","KEGG: hsa04514; PMID: 11279107","PBMC_Late"
"Megakaryocytes","CD14+PPBP+ Monocytes","ESAM","ESAM",0.0390560271497956,0,"ESAM_ESAM","ESAM - ESAM","ESAM","Cell-Cell Contact","KEGG: hsa04514; PMID: 11279107","PBMC_Late"
"MEP","CD14+PPBP+ Monocytes","ESAM","ESAM",0.00214184374717018,0,"ESAM_ESAM","ESAM - ESAM","ESAM","Cell-Cell Contact","KEGG: hsa04514; PMID: 11279107","PBMC_Late"
"CD14+PPBP+ Monocytes","Megakaryocytes","ESAM","ESAM",0.0390560271497956,0,"ESAM_ESAM","ESAM - ESAM","ESAM","Cell-Cell Contact","KEGG: hsa04514; PMID: 11279107","PBMC_Late"
"Megakaryocytes","Megakaryocytes","ESAM","ESAM",0.0789585145580956,0,"ESAM_ESAM","ESAM - ESAM","ESAM","Cell-Cell Contact","KEGG: hsa04514; PMID: 11279107","PBMC_Late"
"MEP","Megakaryocytes","ESAM","ESAM",0.00450699386632126,0,"ESAM_ESAM","ESAM - ESAM","ESAM","Cell-Cell Contact","KEGG: hsa04514; PMID: 11279107","PBMC_Late"
"CD14+PPBP+ Monocytes","MEP","ESAM","ESAM",0.00214184374717018,0,"ESAM_ESAM","ESAM - ESAM","ESAM","Cell-Cell Contact","KEGG: hsa04514; PMID: 11279107","PBMC_Late"
"Megakaryocytes","MEP","ESAM","ESAM",0.00450699386632126,0,"ESAM_ESAM","ESAM - ESAM","ESAM","Cell-Cell Contact","KEGG: hsa04514; PMID: 11279107","PBMC_Late"
"MEP","MEP","ESAM","ESAM",0.000239041829136075,0,"ESAM_ESAM","ESAM - ESAM","ESAM","Cell-Cell Contact","KEGG: hsa04514; PMID: 11279107","PBMC_Late"
"CD14+PPBP+ Monocytes","CD14+PPBP+ Monocytes","GP1BA","ITGAM_ITGB2",0.0187102929547271,0,"GP1BA_ITGAM_ITGB2","GP1BA - (ITGAM+ITGB2)","GP1BA","Cell-Cell Contact","PMC2194217","PBMC_Late"
"Megakaryocytes","CD14+PPBP+ Monocytes","GP1BA","ITGAM_ITGB2",0.0222013924024736,0,"GP1BA_ITGAM_ITGB2","GP1BA - (ITGAM+ITGB2)","GP1BA","Cell-Cell Contact","PMC2194217","PBMC_Late"
"MEP","CD14+PPBP+ Monocytes","GP1BA","ITGAM_ITGB2",0.00564204669934769,0,"GP1BA_ITGAM_ITGB2","GP1BA - (ITGAM+ITGB2)","GP1BA","Cell-Cell Contact","PMC2194217","PBMC_Late"
"CD14+PPBP+ Monocytes","Classical Monocytes","GP1BA","ITGAM_ITGB2",0.0151462812438611,0,"GP1BA_ITGAM_ITGB2","GP1BA - (ITGAM+ITGB2)","GP1BA","Cell-Cell Contact","PMC2194217","PBMC_Late"
"Megakaryocytes","Classical Monocytes","GP1BA","ITGAM_ITGB2",0.017984569805256,0,"GP1BA_ITGAM_ITGB2","GP1BA - (ITGAM+ITGB2)","GP1BA","Cell-Cell Contact","PMC2194217","PBMC_Late"
"MEP","Classical Monocytes","GP1BA","ITGAM_ITGB2",0.00455577012049589,0,"GP1BA_ITGAM_ITGB2","GP1BA - (ITGAM+ITGB2)","GP1BA","Cell-Cell Contact","PMC2194217","PBMC_Late"
"CD14+PPBP+ Monocytes","CX3CR1+ NK","GP1BA","ITGAM_ITGB2",0.0179254373737868,0,"GP1BA_ITGAM_ITGB2","GP1BA - (ITGAM+ITGB2)","GP1BA","Cell-Cell Contact","PMC2194217","PBMC_Late"
"Megakaryocytes","CX3CR1+ NK","GP1BA","ITGAM_ITGB2",0.0212732676299937,0,"GP1BA_ITGAM_ITGB2","GP1BA - (ITGAM+ITGB2)","GP1BA","Cell-Cell Contact","PMC2194217","PBMC_Late"
"MEP","CX3CR1+ NK","GP1BA","ITGAM_ITGB2",0.00540235731320848,0,"GP1BA_ITGAM_ITGB2","GP1BA - (ITGAM+ITGB2)","GP1BA","Cell-Cell Contact","PMC2194217","PBMC_Late"
"CD14+PPBP+ Monocytes","CXCR6+ NK","GP1BA","ITGAM_ITGB2",0.0100685203055446,0,"GP1BA_ITGAM_ITGB2","GP1BA - (ITGAM+ITGB2)","GP1BA","Cell-Cell Contact","PMC2194217","PBMC_Late"
"Megakaryocytes","CXCR6+ NK","GP1BA","ITGAM_ITGB2",0.0119668401556106,0,"GP1BA_ITGAM_ITGB2","GP1BA - (ITGAM+ITGB2)","GP1BA","Cell-Cell Contact","PMC2194217","PBMC_Late"
"MEP","CXCR6+ NK","GP1BA","ITGAM_ITGB2",0.00301757864042819,0,"GP1BA_ITGAM_ITGB2","GP1BA - (ITGAM+ITGB2)","GP1BA","Cell-Cell Contact","PMC2194217","PBMC_Late"
"CD14+PPBP+ Monocytes","Myeloid-CD177","GP1BA","ITGAM_ITGB2",0.0105413893471453,0,"GP1BA_ITGAM_ITGB2","GP1BA - (ITGAM+ITGB2)","GP1BA","Cell-Cell Contact","PMC2194217","PBMC_Late"
"Megakaryocytes","Myeloid-CD177","GP1BA","ITGAM_ITGB2",0.0125277357072924,0,"GP1BA_ITGAM_ITGB2","GP1BA - (ITGAM+ITGB2)","GP1BA","Cell-Cell Contact","PMC2194217","PBMC_Late"
"MEP","Myeloid-CD177","GP1BA","ITGAM_ITGB2",0.00316035670729111,0,"GP1BA_ITGAM_ITGB2","GP1BA - (ITGAM+ITGB2)","GP1BA","Cell-Cell Contact","PMC2194217","PBMC_Late"
"CD14+PPBP+ Monocytes","CD14+PPBP+ Monocytes","ICAM2","ITGAL_ITGB2",0.0225485083596221,0,"ICAM2_ITGAL_ITGB2","ICAM2 - (ITGAL+ITGB2)","ICAM","Cell-Cell Contact","KEGG: hsa04514","PBMC_Late"
"CX3CR1+ NK","CD14+PPBP+ Monocytes","ICAM2","ITGAL_ITGB2",0.0140872711712629,0,"ICAM2_ITGAL_ITGB2","ICAM2 - (ITGAL+ITGB2)","ICAM","Cell-Cell Contact","KEGG: hsa04514","PBMC_Late"
"CXCR5- Naïve B","CD14+PPBP+ Monocytes","ICAM2","ITGAL_ITGB2",0.00797753139276192,0,"ICAM2_ITGAL_ITGB2","ICAM2 - (ITGAL+ITGB2)","ICAM","Cell-Cell Contact","KEGG: hsa04514","PBMC_Late"
"CXCR5+ Naïve B","CD14+PPBP+ Monocytes","ICAM2","ITGAL_ITGB2",0.00568945944665636,0,"ICAM2_ITGAL_ITGB2","ICAM2 - (ITGAL+ITGB2)","ICAM","Cell-Cell Contact","KEGG: hsa04514","PBMC_Late"
"CXCR6+ NK","CD14+PPBP+ Monocytes","ICAM2","ITGAL_ITGB2",0.0214242137620331,0,"ICAM2_ITGAL_ITGB2","ICAM2 - (ITGAL+ITGB2)","ICAM","Cell-Cell Contact","KEGG: hsa04514","PBMC_Late"
"DC2","CD14+PPBP+ Monocytes","ICAM2","ITGAL_ITGB2",0.00714323158968153,0,"ICAM2_ITGAL_ITGB2","ICAM2 - (ITGAL+ITGB2)","ICAM","Cell-Cell Contact","KEGG: hsa04514","PBMC_Late"
"Gamma Delta V1 T","CD14+PPBP+ Monocytes","ICAM2","ITGAL_ITGB2",0.0114958285238869,0,"ICAM2_ITGAL_ITGB2","ICAM2 - (ITGAL+ITGB2)","ICAM","Cell-Cell Contact","KEGG: hsa04514","PBMC_Late"
"Gamma Delta V2 T","CD14+PPBP+ Monocytes","ICAM2","ITGAL_ITGB2",0.0116029478987656,0,"ICAM2_ITGAL_ITGB2","ICAM2 - (ITGAL+ITGB2)","ICAM","Cell-Cell Contact","KEGG: hsa04514","PBMC_Late"
"HSC_MPP","CD14+PPBP+ Monocytes","ICAM2","ITGAL_ITGB2",0.0138057517734321,0,"ICAM2_ITGAL_ITGB2","ICAM2 - (ITGAL+ITGB2)","ICAM","Cell-Cell Contact","KEGG: hsa04514","PBMC_Late"
"ILC2/3","CD14+PPBP+ Monocytes","ICAM2","ITGAL_ITGB2",0.0127947657269789,0,"ICAM2_ITGAL_ITGB2","ICAM2 - (ITGAL+ITGB2)","ICAM","Cell-Cell Contact","KEGG: hsa04514","PBMC_Late"
"Megakaryocytes","CD14+PPBP+ Monocytes","ICAM2","ITGAL_ITGB2",0.0192446331222558,0,"ICAM2_ITGAL_ITGB2","ICAM2 - (ITGAL+ITGB2)","ICAM","Cell-Cell Contact","KEGG: hsa04514","PBMC_Late"
"MEMP","CD14+PPBP+ Monocytes","ICAM2","ITGAL_ITGB2",0.0188421976383793,0,"ICAM2_ITGAL_ITGB2","ICAM2 - (ITGAL+ITGB2)","ICAM","Cell-Cell Contact","KEGG: hsa04514","PBMC_Late"
"MEP","CD14+PPBP+ Monocytes","ICAM2","ITGAL_ITGB2",0.0284794317033482,0,"ICAM2_ITGAL_ITGB2","ICAM2 - (ITGAL+ITGB2)","ICAM","Cell-Cell Contact","KEGG: hsa04514","PBMC_Late"
"Naïve CD4 T","CD14+PPBP+ Monocytes","ICAM2","ITGAL_ITGB2",0.00991643429326758,0,"ICAM2_ITGAL_ITGB2","ICAM2 - (ITGAL+ITGB2)","ICAM","Cell-Cell Contact","KEGG: hsa04514","PBMC_Late"
"Naïve CD8 T","CD14+PPBP+ Monocytes","ICAM2","ITGAL_ITGB2",0.00852237935526588,0,"ICAM2_ITGAL_ITGB2","ICAM2 - (ITGAL+ITGB2)","ICAM","Cell-Cell Contact","KEGG: hsa04514","PBMC_Late"
"NK T","CD14+PPBP+ Monocytes","ICAM2","ITGAL_ITGB2",0.0114911304685291,0,"ICAM2_ITGAL_ITGB2","ICAM2 - (ITGAL+ITGB2)","ICAM","Cell-Cell Contact","KEGG: hsa04514","PBMC_Late"
"Tem","CD14+PPBP+ Monocytes","ICAM2","ITGAL_ITGB2",0.0128671688375766,0,"ICAM2_ITGAL_ITGB2","ICAM2 - (ITGAL+ITGB2)","ICAM","Cell-Cell Contact","KEGG: hsa04514","PBMC_Late"
"Th17like_INNATE_T","CD14+PPBP+ Monocytes","ICAM2","ITGAL_ITGB2",0.0305058204489368,0,"ICAM2_ITGAL_ITGB2","ICAM2 - (ITGAL+ITGB2)","ICAM","Cell-Cell Contact","KEGG: hsa04514","PBMC_Late"
"Treg","CD14+PPBP+ Monocytes","ICAM2","ITGAL_ITGB2",0.00940053860811189,0,"ICAM2_ITGAL_ITGB2","ICAM2 - (ITGAL+ITGB2)","ICAM","Cell-Cell Contact","KEGG: hsa04514","PBMC_Late"
"CD14+PPBP+ Monocytes","CD56highCD16low NK","ICAM2","ITGAL_ITGB2",0.0123688061714187,0,"ICAM2_ITGAL_ITGB2","ICAM2 - (ITGAL+ITGB2)","ICAM","Cell-Cell Contact","KEGG: hsa04514","PBMC_Late"
"CX3CR1+ NK","CD56highCD16low NK","ICAM2","ITGAL_ITGB2",0.0076973798845104,0,"ICAM2_ITGAL_ITGB2","ICAM2 - (ITGAL+ITGB2)","ICAM","Cell-Cell Contact","KEGG: hsa04514","PBMC_Late"
"CXCR5- Naïve B","CD56highCD16low NK","ICAM2","ITGAL_ITGB2",0.00434675844728605,0,"ICAM2_ITGAL_ITGB2","ICAM2 - (ITGAL+ITGB2)","ICAM","Cell-Cell Contact","KEGG: hsa04514","PBMC_Late"
"CXCR5+ Naïve B","CD56highCD16low NK","ICAM2","ITGAL_ITGB2",0.00309679414417631,0.01,"ICAM2_ITGAL_ITGB2","ICAM2 - (ITGAL+ITGB2)","ICAM","Cell-Cell Contact","KEGG: hsa04514","PBMC_Late"
"CXCR6+ NK","CD56highCD16low NK","ICAM2","ITGAL_ITGB2",0.0117459837871913,0,"ICAM2_ITGAL_ITGB2","ICAM2 - (ITGAL+ITGB2)","ICAM","Cell-Cell Contact","KEGG: hsa04514","PBMC_Late"
"DC2","CD56highCD16low NK","ICAM2","ITGAL_ITGB2",0.00389068002175211,0,"ICAM2_ITGAL_ITGB2","ICAM2 - (ITGAL+ITGB2)","ICAM","Cell-Cell Contact","KEGG: hsa04514","PBMC_Late"
"Gamma Delta V1 T","CD56highCD16low NK","ICAM2","ITGAL_ITGB2",0.00627391804150867,0,"ICAM2_ITGAL_ITGB2","ICAM2 - (ITGAL+ITGB2)","ICAM","Cell-Cell Contact","KEGG: hsa04514","PBMC_Late"
"Gamma Delta V2 T","CD56highCD16low NK","ICAM2","ITGAL_ITGB2",0.00633269081075878,0,"ICAM2_ITGAL_ITGB2","ICAM2 - (ITGAL+ITGB2)","ICAM","Cell-Cell Contact","KEGG: hsa04514","PBMC_Late"
"HSC_MPP","CD56highCD16low NK","ICAM2","ITGAL_ITGB2",0.00754257887478871,0,"ICAM2_ITGAL_ITGB2","ICAM2 - (ITGAL+ITGB2)","ICAM","Cell-Cell Contact","KEGG: hsa04514","PBMC_Late"
"ILC2/3","CD56highCD16low NK","ICAM2","ITGAL_ITGB2",0.00698699139555049,0,"ICAM2_ITGAL_ITGB2","ICAM2 - (ITGAL+ITGB2)","ICAM","Cell-Cell Contact","KEGG: hsa04514","PBMC_Late"
"Megakaryocytes","CD56highCD16low NK","ICAM2","ITGAL_ITGB2",0.0105404071706782,0,"ICAM2_ITGAL_ITGB2","ICAM2 - (ITGAL+ITGB2)","ICAM","Cell-Cell Contact","KEGG: hsa04514","PBMC_Late"
"MEMP","CD56highCD16low NK","ICAM2","ITGAL_ITGB2",0.0103180757747184,0,"ICAM2_ITGAL_ITGB2","ICAM2 - (ITGAL+ITGB2)","ICAM","Cell-Cell Contact","KEGG: hsa04514","PBMC_Late"
"MEP","CD56highCD16low NK","ICAM2","ITGAL_ITGB2",0.0156650791500234,0,"ICAM2_ITGAL_ITGB2","ICAM2 - (ITGAL+ITGB2)","ICAM","Cell-Cell Contact","KEGG: hsa04514","PBMC_Late"
"Naïve CD4 T","CD56highCD16low NK","ICAM2","ITGAL_ITGB2",0.00540802906962711,0,"ICAM2_ITGAL_ITGB2","ICAM2 - (ITGAL+ITGB2)","ICAM","Cell-Cell Contact","KEGG: hsa04514","PBMC_Late"
"Naïve CD8 T","CD56highCD16low NK","ICAM2","ITGAL_ITGB2",0.00464479360088068,0,"ICAM2_ITGAL_ITGB2","ICAM2 - (ITGAL+ITGB2)","ICAM","Cell-Cell Contact","KEGG: hsa04514","PBMC_Late"
"NK T","CD56highCD16low NK","ICAM2","ITGAL_ITGB2",0.00627134051026348,0,"ICAM2_ITGAL_ITGB2","ICAM2 - (ITGAL+ITGB2)","ICAM","Cell-Cell Contact","KEGG: hsa04514","PBMC_Late"
"Tem","CD56highCD16low NK","ICAM2","ITGAL_ITGB2",0.00702676335992829,0,"ICAM2_ITGAL_ITGB2","ICAM2 - (ITGAL+ITGB2)","ICAM","Cell-Cell Contact","KEGG: hsa04514","PBMC_Late"
"Th17like_INNATE_T","CD56highCD16low NK","ICAM2","ITGAL_ITGB2",0.0167954545850861,0,"ICAM2_ITGAL_ITGB2","ICAM2 - (ITGAL+ITGB2)","ICAM","Cell-Cell Contact","KEGG: hsa04514","PBMC_Late"
"Treg","CD56highCD16low NK","ICAM2","ITGAL_ITGB2",0.00512546586902653,0,"ICAM2_ITGAL_ITGB2","ICAM2 - (ITGAL+ITGB2)","ICAM","Cell-Cell Contact","KEGG: hsa04514","PBMC_Late"
"CD14+PPBP+ Monocytes","Classical Monocytes","ICAM2","ITGAL_ITGB2",0.01616264277344,0,"ICAM2_ITGAL_ITGB2","ICAM2 - (ITGAL+ITGB2)","ICAM","Cell-Cell Contact","KEGG: hsa04514","PBMC_Late"
"CX3CR1+ NK","Classical Monocytes","ICAM2","ITGAL_ITGB2",0.0100729815855181,0,"ICAM2_ITGAL_ITGB2","ICAM2 - (ITGAL+ITGB2)","ICAM","Cell-Cell Contact","KEGG: hsa04514","PBMC_Late"
"CXCR5- Naïve B","Classical Monocytes","ICAM2","ITGAL_ITGB2",0.00569420952039984,0,"ICAM2_ITGAL_ITGB2","ICAM2 - (ITGAL+ITGB2)","ICAM","Cell-Cell Contact","KEGG: hsa04514","PBMC_Late"
"CXCR5+ Naïve B","Classical Monocytes","ICAM2","ITGAL_ITGB2",0.00405834832801201,0,"ICAM2_ITGAL_ITGB2","ICAM2 - (ITGAL+ITGB2)","ICAM","Cell-Cell Contact","KEGG: hsa04514","PBMC_Late"
"CXCR6+ NK","Classical Monocytes","ICAM2","ITGAL_ITGB2",0.0153517539270977,0,"ICAM2_ITGAL_ITGB2","ICAM2 - (ITGAL+ITGB2)","ICAM","Cell-Cell Contact","KEGG: hsa04514","PBMC_Late"
"DC2","Classical Monocytes","ICAM2","ITGAL_ITGB2",0.00509747523014252,0,"ICAM2_ITGAL_ITGB2","ICAM2 - (ITGAL+ITGB2)","ICAM","Cell-Cell Contact","KEGG: hsa04514","PBMC_Late"
"Gamma Delta V1 T","Classical Monocytes","ICAM2","ITGAL_ITGB2",0.00821384069056976,0,"ICAM2_ITGAL_ITGB2","ICAM2 - (ITGAL+ITGB2)","ICAM","Cell-Cell Contact","KEGG: hsa04514","PBMC_Late"
"Gamma Delta V2 T","Classical Monocytes","ICAM2","ITGAL_ITGB2",0.00829063463956322,0,"ICAM2_ITGAL_ITGB2","ICAM2 - (ITGAL+ITGB2)","ICAM","Cell-Cell Contact","KEGG: hsa04514","PBMC_Late"
"HSC_MPP","Classical Monocytes","ICAM2","ITGAL_ITGB2",0.00987088040129637,0,"ICAM2_ITGAL_ITGB2","ICAM2 - (ITGAL+ITGB2)","ICAM","Cell-Cell Contact","KEGG: hsa04514","PBMC_Late"
"ILC2/3","Classical Monocytes","ICAM2","ITGAL_ITGB2",0.00914537026499279,0,"ICAM2_ITGAL_ITGB2","ICAM2 - (ITGAL+ITGB2)","ICAM","Cell-Cell Contact","KEGG: hsa04514","PBMC_Late"
"Megakaryocytes","Classical Monocytes","ICAM2","ITGAL_ITGB2",0.013781251505929,0,"ICAM2_ITGAL_ITGB2","ICAM2 - (ITGAL+ITGB2)","ICAM","Cell-Cell Contact","KEGG: hsa04514","PBMC_Late"
"MEMP","Classical Monocytes","ICAM2","ITGAL_ITGB2",0.0134914922869668,0,"ICAM2_ITGAL_ITGB2","ICAM2 - (ITGAL+ITGB2)","ICAM","Cell-Cell Contact","KEGG: hsa04514","PBMC_Late"
"MEP","Classical Monocytes","ICAM2","ITGAL_ITGB2",0.0204490349626569,0,"ICAM2_ITGAL_ITGB2","ICAM2 - (ITGAL+ITGB2)","ICAM","Cell-Cell Contact","KEGG: hsa04514","PBMC_Late"
"Naïve CD4 T","Classical Monocytes","ICAM2","ITGAL_ITGB2",0.00708212321100187,0,"ICAM2_ITGAL_ITGB2","ICAM2 - (ITGAL+ITGB2)","ICAM","Cell-Cell Contact","KEGG: hsa04514","PBMC_Late"
"Naïve CD8 T","Classical Monocytes","ICAM2","ITGAL_ITGB2",0.00608406800354508,0,"ICAM2_ITGAL_ITGB2","ICAM2 - (ITGAL+ITGB2)","ICAM","Cell-Cell Contact","KEGG: hsa04514","PBMC_Late"
"NK T","Classical Monocytes","ICAM2","ITGAL_ITGB2",0.00821047276042009,0,"ICAM2_ITGAL_ITGB2","ICAM2 - (ITGAL+ITGB2)","ICAM","Cell-Cell Contact","KEGG: hsa04514","PBMC_Late"
"Tem","Classical Monocytes","ICAM2","ITGAL_ITGB2",0.00919731454828492,0,"ICAM2_ITGAL_ITGB2","ICAM2 - (ITGAL+ITGB2)","ICAM","Cell-Cell Contact","KEGG: hsa04514","PBMC_Late"
"Th17like_INNATE_T","Classical Monocytes","ICAM2","ITGAL_ITGB2",0.0219169293136952,0,"ICAM2_ITGAL_ITGB2","ICAM2 - (ITGAL+ITGB2)","ICAM","Cell-Cell Contact","KEGG: hsa04514","PBMC_Late"
"Treg","Classical Monocytes","ICAM2","ITGAL_ITGB2",0.00671268089459372,0,"ICAM2_ITGAL_ITGB2","ICAM2 - (ITGAL+ITGB2)","ICAM","Cell-Cell Contact","KEGG: hsa04514","PBMC_Late"
"CD14+PPBP+ Monocytes","CX3CR1+ NK","ICAM2","ITGAL_ITGB2",0.0204579929278862,0,"ICAM2_ITGAL_ITGB2","ICAM2 - (ITGAL+ITGB2)","ICAM","Cell-Cell Contact","KEGG: hsa04514","PBMC_Late"
"CX3CR1+ NK","CX3CR1+ NK","ICAM2","ITGAL_ITGB2",0.0127709638710188,0,"ICAM2_ITGAL_ITGB2","ICAM2 - (ITGAL+ITGB2)","ICAM","Cell-Cell Contact","KEGG: hsa04514","PBMC_Late"
"CXCR5- Naïve B","CX3CR1+ NK","ICAM2","ITGAL_ITGB2",0.00722792968447059,0,"ICAM2_ITGAL_ITGB2","ICAM2 - (ITGAL+ITGB2)","ICAM","Cell-Cell Contact","KEGG: hsa04514","PBMC_Late"
"CXCR5+ Naïve B","CX3CR1+ NK","ICAM2","ITGAL_ITGB2",0.00515373745591237,0,"ICAM2_ITGAL_ITGB2","ICAM2 - (ITGAL+ITGB2)","ICAM","Cell-Cell Contact","KEGG: hsa04514","PBMC_Late"
"CXCR6+ NK","CX3CR1+ NK","ICAM2","ITGAL_ITGB2",0.0194358611956923,0,"ICAM2_ITGAL_ITGB2","ICAM2 - (ITGAL+ITGB2)","ICAM","Cell-Cell Contact","KEGG: hsa04514","PBMC_Late"
"DC2","CX3CR1+ NK","ICAM2","ITGAL_ITGB2",0.00647151271814051,0,"ICAM2_ITGAL_ITGB2","ICAM2 - (ITGAL+ITGB2)","ICAM","Cell-Cell Contact","KEGG: hsa04514","PBMC_Late"
"Gamma Delta V1 T","CX3CR1+ NK","ICAM2","ITGAL_ITGB2",0.0104191053156295,0,"ICAM2_ITGAL_ITGB2","ICAM2 - (ITGAL+ITGB2)","ICAM","Cell-Cell Contact","KEGG: hsa04514","PBMC_Late"
"Gamma Delta V2 T","CX3CR1+ NK","ICAM2","ITGAL_ITGB2",0.0105162984043752,0,"ICAM2_ITGAL_ITGB2","ICAM2 - (ITGAL+ITGB2)","ICAM","Cell-Cell Contact","KEGG: hsa04514","PBMC_Late"
"HSC_MPP","CX3CR1+ NK","ICAM2","ITGAL_ITGB2",0.0125154155770877,0,"ICAM2_ITGAL_ITGB2","ICAM2 - (ITGAL+ITGB2)","ICAM","Cell-Cell Contact","KEGG: hsa04514","PBMC_Late"
"ILC2/3","CX3CR1+ NK","ICAM2","ITGAL_ITGB2",0.0115978087709389,0,"ICAM2_ITGAL_ITGB2","ICAM2 - (ITGAL+ITGB2)","ICAM","Cell-Cell Contact","KEGG: hsa04514","PBMC_Late"
"Megakaryocytes","CX3CR1+ NK","ICAM2","ITGAL_ITGB2",0.0174549563543572,0,"ICAM2_ITGAL_ITGB2","ICAM2 - (ITGAL+ITGB2)","ICAM","Cell-Cell Contact","KEGG: hsa04514","PBMC_Late"
"MEMP","CX3CR1+ NK","ICAM2","ITGAL_ITGB2",0.0170892937049802,0,"ICAM2_ITGAL_ITGB2","ICAM2 - (ITGAL+ITGB2)","ICAM","Cell-Cell Contact","KEGG: hsa04514","PBMC_Late"
"MEP","CX3CR1+ NK","ICAM2","ITGAL_ITGB2",0.0258535929897497,0,"ICAM2_ITGAL_ITGB2","ICAM2 - (ITGAL+ITGB2)","ICAM","Cell-Cell Contact","KEGG: hsa04514","PBMC_Late"
"Naïve CD4 T","CX3CR1+ NK","ICAM2","ITGAL_ITGB2",0.00898629563702377,0,"ICAM2_ITGAL_ITGB2","ICAM2 - (ITGAL+ITGB2)","ICAM","Cell-Cell Contact","KEGG: hsa04514","PBMC_Late"
"Naïve CD8 T","CX3CR1+ NK","ICAM2","ITGAL_ITGB2",0.00772198000312413,0,"ICAM2_ITGAL_ITGB2","ICAM2 - (ITGAL+ITGB2)","ICAM","Cell-Cell Contact","KEGG: hsa04514","PBMC_Late"
"NK T","CX3CR1+ NK","ICAM2","ITGAL_ITGB2",0.0104148426537718,0,"ICAM2_ITGAL_ITGB2","ICAM2 - (ITGAL+ITGB2)","ICAM","Cell-Cell Contact","KEGG: hsa04514","PBMC_Late"
"Tem","CX3CR1+ NK","ICAM2","ITGAL_ITGB2",0.0116635185580424,0,"ICAM2_ITGAL_ITGB2","ICAM2 - (ITGAL+ITGB2)","ICAM","Cell-Cell Contact","KEGG: hsa04514","PBMC_Late"
"Th17like_INNATE_T","CX3CR1+ NK","ICAM2","ITGAL_ITGB2",0.0276984729571158,0,"ICAM2_ITGAL_ITGB2","ICAM2 - (ITGAL+ITGB2)","ICAM","Cell-Cell Contact","KEGG: hsa04514","PBMC_Late"
"Treg","CX3CR1+ NK","ICAM2","ITGAL_ITGB2",0.00851837344567532,0,"ICAM2_ITGAL_ITGB2","ICAM2 - (ITGAL+ITGB2)","ICAM","Cell-Cell Contact","KEGG: hsa04514","PBMC_Late"
"CD14+PPBP+ Monocytes","CXCR6+ NK","ICAM2","ITGAL_ITGB2",0.0214038051505477,0,"ICAM2_ITGAL_ITGB2","ICAM2 - (ITGAL+ITGB2)","ICAM","Cell-Cell Contact","KEGG: hsa04514","PBMC_Late"
"CX3CR1+ NK","CXCR6+ NK","ICAM2","ITGAL_ITGB2",0.0133662393916621,0,"ICAM2_ITGAL_ITGB2","ICAM2 - (ITGAL+ITGB2)","ICAM","Cell-Cell Contact","KEGG: hsa04514","PBMC_Late"
"CXCR5- Naïve B","CXCR6+ NK","ICAM2","ITGAL_ITGB2",0.00756681564074366,0,"ICAM2_ITGAL_ITGB2","ICAM2 - (ITGAL+ITGB2)","ICAM","Cell-Cell Contact","KEGG: hsa04514","PBMC_Late"
"CXCR5+ Naïve B","CXCR6+ NK","ICAM2","ITGAL_ITGB2",0.00539590219673999,0,"ICAM2_ITGAL_ITGB2","ICAM2 - (ITGAL+ITGB2)","ICAM","Cell-Cell Contact","KEGG: hsa04514","PBMC_Late"
"CXCR6+ NK","CXCR6+ NK","ICAM2","ITGAL_ITGB2",0.0203353993306033,0,"ICAM2_ITGAL_ITGB2","ICAM2 - (ITGAL+ITGB2)","ICAM","Cell-Cell Contact","KEGG: hsa04514","PBMC_Late"
"DC2","CXCR6+ NK","ICAM2","ITGAL_ITGB2",0.00677517562835329,0,"ICAM2_ITGAL_ITGB2","ICAM2 - (ITGAL+ITGB2)","ICAM","Cell-Cell Contact","KEGG: hsa04514","PBMC_Late"
"Gamma Delta V1 T","CXCR6+ NK","ICAM2","ITGAL_ITGB2",0.0109059678825862,0,"ICAM2_ITGAL_ITGB2","ICAM2 - (ITGAL+ITGB2)","ICAM","Cell-Cell Contact","KEGG: hsa04514","PBMC_Late"
"Gamma Delta V2 T","CXCR6+ NK","ICAM2","ITGAL_ITGB2",0.0110076520780531,0,"ICAM2_ITGAL_ITGB2","ICAM2 - (ITGAL+ITGB2)","ICAM","Cell-Cell Contact","KEGG: hsa04514","PBMC_Late"
"HSC_MPP","CXCR6+ NK","ICAM2","ITGAL_ITGB2",0.0130989376203673,0,"ICAM2_ITGAL_ITGB2","ICAM2 - (ITGAL+ITGB2)","ICAM","Cell-Cell Contact","KEGG: hsa04514","PBMC_Late"
"ILC2/3","CXCR6+ NK","ICAM2","ITGAL_ITGB2",0.0121390739970395,0,"ICAM2_ITGAL_ITGB2","ICAM2 - (ITGAL+ITGB2)","ICAM","Cell-Cell Contact","KEGG: hsa04514","PBMC_Late"
"Megakaryocytes","CXCR6+ NK","ICAM2","ITGAL_ITGB2",0.0182645211765253,0,"ICAM2_ITGAL_ITGB2","ICAM2 - (ITGAL+ITGB2)","ICAM","Cell-Cell Contact","KEGG: hsa04514","PBMC_Late"
"MEMP","CXCR6+ NK","ICAM2","ITGAL_ITGB2",0.0178822076720585,0,"ICAM2_ITGAL_ITGB2","ICAM2 - (ITGAL+ITGB2)","ICAM","Cell-Cell Contact","KEGG: hsa04514","PBMC_Late"
"MEP","CXCR6+ NK","ICAM2","ITGAL_ITGB2",0.0270419676710508,0,"ICAM2_ITGAL_ITGB2","ICAM2 - (ITGAL+ITGB2)","ICAM","Cell-Cell Contact","KEGG: hsa04514","PBMC_Late"
"Naïve CD4 T","CXCR6+ NK","ICAM2","ITGAL_ITGB2",0.00940684250331515,0,"ICAM2_ITGAL_ITGB2","ICAM2 - (ITGAL+ITGB2)","ICAM","Cell-Cell Contact","KEGG: hsa04514","PBMC_Late"
"Naïve CD8 T","CXCR6+ NK","ICAM2","ITGAL_ITGB2",0.00808384119810149,0,"ICAM2_ITGAL_ITGB2","ICAM2 - (ITGAL+ITGB2)","ICAM","Cell-Cell Contact","KEGG: hsa04514","PBMC_Late"
"NK T","CXCR6+ NK","ICAM2","ITGAL_ITGB2",0.0109015082299128,0,"ICAM2_ITGAL_ITGB2","ICAM2 - (ITGAL+ITGB2)","ICAM","Cell-Cell Contact","KEGG: hsa04514","PBMC_Late"
"Tem","CXCR6+ NK","ICAM2","ITGAL_ITGB2",0.0122078125579851,0,"ICAM2_ITGAL_ITGB2","ICAM2 - (ITGAL+ITGB2)","ICAM","Cell-Cell Contact","KEGG: hsa04514","PBMC_Late"
"Th17like_INNATE_T","CXCR6+ NK","ICAM2","ITGAL_ITGB2",0.0289691267585319,0,"ICAM2_ITGAL_ITGB2","ICAM2 - (ITGAL+ITGB2)","ICAM","Cell-Cell Contact","KEGG: hsa04514","PBMC_Late"
"Treg","CXCR6+ NK","ICAM2","ITGAL_ITGB2",0.00891721920749446,0,"ICAM2_ITGAL_ITGB2","ICAM2 - (ITGAL+ITGB2)","ICAM","Cell-Cell Contact","KEGG: hsa04514","PBMC_Late"
"CD14+PPBP+ Monocytes","DC2","ICAM2","ITGAL_ITGB2",0.0132522942424595,0,"ICAM2_ITGAL_ITGB2","ICAM2 - (ITGAL+ITGB2)","ICAM","Cell-Cell Contact","KEGG: hsa04514","PBMC_Late"
"CX3CR1+ NK","DC2","ICAM2","ITGAL_ITGB2",0.00824998120553361,0,"ICAM2_ITGAL_ITGB2","ICAM2 - (ITGAL+ITGB2)","ICAM","Cell-Cell Contact","KEGG: hsa04514","PBMC_Late"
"CXCR5- Naïve B","DC2","ICAM2","ITGAL_ITGB2",0.00465994547771094,0,"ICAM2_ITGAL_ITGB2","ICAM2 - (ITGAL+ITGB2)","ICAM","Cell-Cell Contact","KEGG: hsa04514","PBMC_Late"
"CXCR5+ Naïve B","DC2","ICAM2","ITGAL_ITGB2",0.00332022068686489,0,"ICAM2_ITGAL_ITGB2","ICAM2 - (ITGAL+ITGB2)","ICAM","Cell-Cell Contact","KEGG: hsa04514","PBMC_Late"
"CXCR6+ NK","DC2","ICAM2","ITGAL_ITGB2",0.0125855513591833,0,"ICAM2_ITGAL_ITGB2","ICAM2 - (ITGAL+ITGB2)","ICAM","Cell-Cell Contact","KEGG: hsa04514","PBMC_Late"
"DC2","DC2","ICAM2","ITGAL_ITGB2",0.00417114394341851,0,"ICAM2_ITGAL_ITGB2","ICAM2 - (ITGAL+ITGB2)","ICAM","Cell-Cell Contact","KEGG: hsa04514","PBMC_Late"
"Gamma Delta V1 T","DC2","ICAM2","ITGAL_ITGB2",0.00672502042074051,0,"ICAM2_ITGAL_ITGB2","ICAM2 - (ITGAL+ITGB2)","ICAM","Cell-Cell Contact","KEGG: hsa04514","PBMC_Late"
"Gamma Delta V2 T","DC2","ICAM2","ITGAL_ITGB2",0.00678799015794733,0,"ICAM2_ITGAL_ITGB2","ICAM2 - (ITGAL+ITGB2)","ICAM","Cell-Cell Contact","KEGG: hsa04514","PBMC_Late"
"HSC_MPP","DC2","ICAM2","ITGAL_ITGB2",0.00808415744075444,0,"ICAM2_ITGAL_ITGB2","ICAM2 - (ITGAL+ITGB2)","ICAM","Cell-Cell Contact","KEGG: hsa04514","PBMC_Late"
"ILC2/3","DC2","ICAM2","ITGAL_ITGB2",0.00748897823048569,0,"ICAM2_ITGAL_ITGB2","ICAM2 - (ITGAL+ITGB2)","ICAM","Cell-Cell Contact","KEGG: hsa04514","PBMC_Late"
"Megakaryocytes","DC2","ICAM2","ITGAL_ITGB2",0.0112947886054049,0,"ICAM2_ITGAL_ITGB2","ICAM2 - (ITGAL+ITGB2)","ICAM","Cell-Cell Contact","KEGG: hsa04514","PBMC_Late"
"MEMP","DC2","ICAM2","ITGAL_ITGB2",0.0110567226693433,0,"ICAM2_ITGAL_ITGB2","ICAM2 - (ITGAL+ITGB2)","ICAM","Cell-Cell Contact","KEGG: hsa04514","PBMC_Late"
"MEP","DC2","ICAM2","ITGAL_ITGB2",0.0167800154916745,0,"ICAM2_ITGAL_ITGB2","ICAM2 - (ITGAL+ITGB2)","ICAM","Cell-Cell Contact","KEGG: hsa04514","PBMC_Late"
"Naïve CD4 T","DC2","ICAM2","ITGAL_ITGB2",0.00579723617874275,0,"ICAM2_ITGAL_ITGB2","ICAM2 - (ITGAL+ITGB2)","ICAM","Cell-Cell Contact","KEGG: hsa04514","PBMC_Late"
"Naïve CD8 T","DC2","ICAM2","ITGAL_ITGB2",0.00497934688406789,0,"ICAM2_ITGAL_ITGB2","ICAM2 - (ITGAL+ITGB2)","ICAM","Cell-Cell Contact","KEGG: hsa04514","PBMC_Late"
"NK T","DC2","ICAM2","ITGAL_ITGB2",0.0067222588155328,0,"ICAM2_ITGAL_ITGB2","ICAM2 - (ITGAL+ITGB2)","ICAM","Cell-Cell Contact","KEGG: hsa04514","PBMC_Late"
"Tem","DC2","ICAM2","ITGAL_ITGB2",0.00753158597570955,0,"ICAM2_ITGAL_ITGB2","ICAM2 - (ITGAL+ITGB2)","ICAM","Cell-Cell Contact","KEGG: hsa04514","PBMC_Late"
"Th17like_INNATE_T","DC2","ICAM2","ITGAL_ITGB2",0.0179893732212795,0,"ICAM2_ITGAL_ITGB2","ICAM2 - (ITGAL+ITGB2)","ICAM","Cell-Cell Contact","KEGG: hsa04514","PBMC_Late"
"Treg","DC2","ICAM2","ITGAL_ITGB2",0.00549444970197216,0,"ICAM2_ITGAL_ITGB2","ICAM2 - (ITGAL+ITGB2)","ICAM","Cell-Cell Contact","KEGG: hsa04514","PBMC_Late"
"CD14+PPBP+ Monocytes","Gamma Delta V2 T","ICAM2","ITGAL_ITGB2",0.0141725971424187,0,"ICAM2_ITGAL_ITGB2","ICAM2 - (ITGAL+ITGB2)","ICAM","Cell-Cell Contact","KEGG: hsa04514","PBMC_Late"
"CX3CR1+ NK","Gamma Delta V2 T","ICAM2","ITGAL_ITGB2",0.00882600668233778,0,"ICAM2_ITGAL_ITGB2","ICAM2 - (ITGAL+ITGB2)","ICAM","Cell-Cell Contact","KEGG: hsa04514","PBMC_Late"
"CXCR5- Naïve B","Gamma Delta V2 T","ICAM2","ITGAL_ITGB2",0.00498656986839566,0,"ICAM2_ITGAL_ITGB2","ICAM2 - (ITGAL+ITGB2)","ICAM","Cell-Cell Contact","KEGG: hsa04514","PBMC_Late"
"CXCR5+ Naïve B","Gamma Delta V2 T","ICAM2","ITGAL_ITGB2",0.00355327646194872,0,"ICAM2_ITGAL_ITGB2","ICAM2 - (ITGAL+ITGB2)","ICAM","Cell-Cell Contact","KEGG: hsa04514","PBMC_Late"
"CXCR6+ NK","Gamma Delta V2 T","ICAM2","ITGAL_ITGB2",0.0134601840353831,0,"ICAM2_ITGAL_ITGB2","ICAM2 - (ITGAL+ITGB2)","ICAM","Cell-Cell Contact","KEGG: hsa04514","PBMC_Late"
"DC2","Gamma Delta V2 T","ICAM2","ITGAL_ITGB2",0.00446366095579512,0,"ICAM2_ITGAL_ITGB2","ICAM2 - (ITGAL+ITGB2)","ICAM","Cell-Cell Contact","KEGG: hsa04514","PBMC_Late"
"Gamma Delta V1 T","Gamma Delta V2 T","ICAM2","ITGAL_ITGB2",0.00719534345327158,0,"ICAM2_ITGAL_ITGB2","ICAM2 - (ITGAL+ITGB2)","ICAM","Cell-Cell Contact","KEGG: hsa04514","PBMC_Late"
"Gamma Delta V2 T","Gamma Delta V2 T","ICAM2","ITGAL_ITGB2",0.00726268486031672,0,"ICAM2_ITGAL_ITGB2","ICAM2 - (ITGAL+ITGB2)","ICAM","Cell-Cell Contact","KEGG: hsa04514","PBMC_Late"
"HSC_MPP","Gamma Delta V2 T","ICAM2","ITGAL_ITGB2",0.00864870583349647,0,"ICAM2_ITGAL_ITGB2","ICAM2 - (ITGAL+ITGB2)","ICAM","Cell-Cell Contact","KEGG: hsa04514","PBMC_Late"
"ILC2/3","Gamma Delta V2 T","ICAM2","ITGAL_ITGB2",0.00801229866158362,0,"ICAM2_ITGAL_ITGB2","ICAM2 - (ITGAL+ITGB2)","ICAM","Cell-Cell Contact","KEGG: hsa04514","PBMC_Late"
"Megakaryocytes","Gamma Delta V2 T","ICAM2","ITGAL_ITGB2",0.0120808172263821,0,"ICAM2_ITGAL_ITGB2","ICAM2 - (ITGAL+ITGB2)","ICAM","Cell-Cell Contact","KEGG: hsa04514","PBMC_Late"
"MEMP","Gamma Delta V2 T","ICAM2","ITGAL_ITGB2",0.0118263819421627,0,"ICAM2_ITGAL_ITGB2","ICAM2 - (ITGAL+ITGB2)","ICAM","Cell-Cell Contact","KEGG: hsa04514","PBMC_Late"
"MEP","Gamma Delta V2 T","ICAM2","ITGAL_ITGB2",0.0179408460711525,0,"ICAM2_ITGAL_ITGB2","ICAM2 - (ITGAL+ITGB2)","ICAM","Cell-Cell Contact","KEGG: hsa04514","PBMC_Late"
"Naïve CD4 T","Gamma Delta V2 T","ICAM2","ITGAL_ITGB2",0.00620307863278159,0,"ICAM2_ITGAL_ITGB2","ICAM2 - (ITGAL+ITGB2)","ICAM","Cell-Cell Contact","KEGG: hsa04514","PBMC_Late"
"Naïve CD8 T","Gamma Delta V2 T","ICAM2","ITGAL_ITGB2",0.00532823887918454,0,"ICAM2_ITGAL_ITGB2","ICAM2 - (ITGAL+ITGB2)","ICAM","Cell-Cell Contact","KEGG: hsa04514","PBMC_Late"
"NK T","Gamma Delta V2 T","ICAM2","ITGAL_ITGB2",0.00719239011013669,0,"ICAM2_ITGAL_ITGB2","ICAM2 - (ITGAL+ITGB2)","ICAM","Cell-Cell Contact","KEGG: hsa04514","PBMC_Late"
"Tem","Gamma Delta V2 T","ICAM2","ITGAL_ITGB2",0.00805785961044429,0,"ICAM2_ITGAL_ITGB2","ICAM2 - (ITGAL+ITGB2)","ICAM","Cell-Cell Contact","KEGG: hsa04514","PBMC_Late"
"Th17like_INNATE_T","Gamma Delta V2 T","ICAM2","ITGAL_ITGB2",0.0192322299053199,0,"ICAM2_ITGAL_ITGB2","ICAM2 - (ITGAL+ITGB2)","ICAM","Cell-Cell Contact","KEGG: hsa04514","PBMC_Late"
"Treg","Gamma Delta V2 T","ICAM2","ITGAL_ITGB2",0.00587922057457211,0,"ICAM2_ITGAL_ITGB2","ICAM2 - (ITGAL+ITGB2)","ICAM","Cell-Cell Contact","KEGG: hsa04514","PBMC_Late"
"CD14+PPBP+ Monocytes","NK T","ICAM2","ITGAL_ITGB2",0.0139468856273485,0,"ICAM2_ITGAL_ITGB2","ICAM2 - (ITGAL+ITGB2)","ICAM","Cell-Cell Contact","KEGG: hsa04514","PBMC_Late"
"CX3CR1+ NK","NK T","ICAM2","ITGAL_ITGB2",0.00868469436187057,0,"ICAM2_ITGAL_ITGB2","ICAM2 - (ITGAL+ITGB2)","ICAM","Cell-Cell Contact","KEGG: hsa04514","PBMC_Late"
"CXCR5- Naïve B","NK T","ICAM2","ITGAL_ITGB2",0.00490642609350068,0,"ICAM2_ITGAL_ITGB2","ICAM2 - (ITGAL+ITGB2)","ICAM","Cell-Cell Contact","KEGG: hsa04514","PBMC_Late"
"CXCR5+ Naïve B","NK T","ICAM2","ITGAL_ITGB2",0.00349608753187738,0,"ICAM2_ITGAL_ITGB2","ICAM2 - (ITGAL+ITGB2)","ICAM","Cell-Cell Contact","KEGG: hsa04514","PBMC_Late"
"CXCR6+ NK","NK T","ICAM2","ITGAL_ITGB2",0.0132456659042053,0,"ICAM2_ITGAL_ITGB2","ICAM2 - (ITGAL+ITGB2)","ICAM","Cell-Cell Contact","KEGG: hsa04514","PBMC_Late"
"DC2","NK T","ICAM2","ITGAL_ITGB2",0.00439188423846925,0,"ICAM2_ITGAL_ITGB2","ICAM2 - (ITGAL+ITGB2)","ICAM","Cell-Cell Contact","KEGG: hsa04514","PBMC_Late"
"Gamma Delta V1 T","NK T","ICAM2","ITGAL_ITGB2",0.00707995302842058,0,"ICAM2_ITGAL_ITGB2","ICAM2 - (ITGAL+ITGB2)","ICAM","Cell-Cell Contact","KEGG: hsa04514","PBMC_Late"
"Gamma Delta V2 T","NK T","ICAM2","ITGAL_ITGB2",0.00714622226690808,0,"ICAM2_ITGAL_ITGB2","ICAM2 - (ITGAL+ITGB2)","ICAM","Cell-Cell Contact","KEGG: hsa04514","PBMC_Late"
"HSC_MPP","NK T","ICAM2","ITGAL_ITGB2",0.00851020788595057,0,"ICAM2_ITGAL_ITGB2","ICAM2 - (ITGAL+ITGB2)","ICAM","Cell-Cell Contact","KEGG: hsa04514","PBMC_Late"
"ILC2/3","NK T","ICAM2","ITGAL_ITGB2",0.00788391091201777,0,"ICAM2_ITGAL_ITGB2","ICAM2 - (ITGAL+ITGB2)","ICAM","Cell-Cell Contact","KEGG: hsa04514","PBMC_Late"
"Megakaryocytes","NK T","ICAM2","ITGAL_ITGB2",0.0118880174862953,0,"ICAM2_ITGAL_ITGB2","ICAM2 - (ITGAL+ITGB2)","ICAM","Cell-Cell Contact","KEGG: hsa04514","PBMC_Late"
"MEMP","NK T","ICAM2","ITGAL_ITGB2",0.0116375949432515,0,"ICAM2_ITGAL_ITGB2","ICAM2 - (ITGAL+ITGB2)","ICAM","Cell-Cell Contact","KEGG: hsa04514","PBMC_Late"
"MEP","NK T","ICAM2","ITGAL_ITGB2",0.0176561965913833,0,"ICAM2_ITGAL_ITGB2","ICAM2 - (ITGAL+ITGB2)","ICAM","Cell-Cell Contact","KEGG: hsa04514","PBMC_Late"
"Naïve CD4 T","NK T","ICAM2","ITGAL_ITGB2",0.00610350315228629,0,"ICAM2_ITGAL_ITGB2","ICAM2 - (ITGAL+ITGB2)","ICAM","Cell-Cell Contact","KEGG: hsa04514","PBMC_Late"
"Naïve CD8 T","NK T","ICAM2","ITGAL_ITGB2",0.00524263275874646,0,"ICAM2_ITGAL_ITGB2","ICAM2 - (ITGAL+ITGB2)","ICAM","Cell-Cell Contact","KEGG: hsa04514","PBMC_Late"
"NK T","NK T","ICAM2","ITGAL_ITGB2",0.00707704670990277,0,"ICAM2_ITGAL_ITGB2","ICAM2 - (ITGAL+ITGB2)","ICAM","Cell-Cell Contact","KEGG: hsa04514","PBMC_Late"
"Tem","NK T","ICAM2","ITGAL_ITGB2",0.00792874763498762,0,"ICAM2_ITGAL_ITGB2","ICAM2 - (ITGAL+ITGB2)","ICAM","Cell-Cell Contact","KEGG: hsa04514","PBMC_Late"
"Th17like_INNATE_T","NK T","ICAM2","ITGAL_ITGB2",0.0189274862202809,0,"ICAM2_ITGAL_ITGB2","ICAM2 - (ITGAL+ITGB2)","ICAM","Cell-Cell Contact","KEGG: hsa04514","PBMC_Late"
"Treg","NK T","ICAM2","ITGAL_ITGB2",0.00578481359325534,0,"ICAM2_ITGAL_ITGB2","ICAM2 - (ITGAL+ITGB2)","ICAM","Cell-Cell Contact","KEGG: hsa04514","PBMC_Late"
"CD14+PPBP+ Monocytes","CD14+PPBP+ Monocytes","ICAM2","ITGAM_ITGB2",0.0203891233340658,0,"ICAM2_ITGAM_ITGB2","ICAM2 - (ITGAM+ITGB2)","ICAM","Cell-Cell Contact","KEGG: hsa04514","PBMC_Late"
"CX3CR1+ NK","CD14+PPBP+ Monocytes","ICAM2","ITGAM_ITGB2",0.0127276355803897,0,"ICAM2_ITGAM_ITGB2","ICAM2 - (ITGAM+ITGB2)","ICAM","Cell-Cell Contact","KEGG: hsa04514","PBMC_Late"
"CXCR5- Naïve B","CD14+PPBP+ Monocytes","ICAM2","ITGAM_ITGB2",0.00720327013396895,0,"ICAM2_ITGAM_ITGB2","ICAM2 - (ITGAM+ITGB2)","ICAM","Cell-Cell Contact","KEGG: hsa04514","PBMC_Late"
"CXCR5+ Naïve B","CD14+PPBP+ Monocytes","ICAM2","ITGAM_ITGB2",0.0051361178230784,0,"ICAM2_ITGAM_ITGB2","ICAM2 - (ITGAM+ITGB2)","ICAM","Cell-Cell Contact","KEGG: hsa04514","PBMC_Late"
"CXCR6+ NK","CD14+PPBP+ Monocytes","ICAM2","ITGAM_ITGB2",0.01937036445305,0,"ICAM2_ITGAM_ITGB2","ICAM2 - (ITGAM+ITGB2)","ICAM","Cell-Cell Contact","KEGG: hsa04514","PBMC_Late"
"DC2","CD14+PPBP+ Monocytes","ICAM2","ITGAM_ITGB2",0.00644941707279433,0,"ICAM2_ITGAM_ITGB2","ICAM2 - (ITGAM+ITGB2)","ICAM","Cell-Cell Contact","KEGG: hsa04514","PBMC_Late"
"Gamma Delta V1 T","CD14+PPBP+ Monocytes","ICAM2","ITGAM_ITGB2",0.0103836722948448,0,"ICAM2_ITGAM_ITGB2","ICAM2 - (ITGAM+ITGB2)","ICAM","Cell-Cell Contact","KEGG: hsa04514","PBMC_Late"
"Gamma Delta V2 T","CD14+PPBP+ Monocytes","ICAM2","ITGAM_ITGB2",0.0104805383525006,0,"ICAM2_ITGAM_ITGB2","ICAM2 - (ITGAM+ITGB2)","ICAM","Cell-Cell Contact","KEGG: hsa04514","PBMC_Late"
"HSC_MPP","CD14+PPBP+ Monocytes","ICAM2","ITGAM_ITGB2",0.0124729433360092,0,"ICAM2_ITGAM_ITGB2","ICAM2 - (ITGAM+ITGB2)","ICAM","Cell-Cell Contact","KEGG: hsa04514","PBMC_Late"
"ILC2/3","CD14+PPBP+ Monocytes","ICAM2","ITGAM_ITGB2",0.011558414066047,0,"ICAM2_ITGAM_ITGB2","ICAM2 - (ITGAM+ITGB2)","ICAM","Cell-Cell Contact","KEGG: hsa04514","PBMC_Late"
"Megakaryocytes","CD14+PPBP+ Monocytes","ICAM2","ITGAM_ITGB2",0.0173960166183101,0,"ICAM2_ITGAM_ITGB2","ICAM2 - (ITGAM+ITGB2)","ICAM","Cell-Cell Contact","KEGG: hsa04514","PBMC_Late"
"MEMP","CD14+PPBP+ Monocytes","ICAM2","ITGAM_ITGB2",0.0170315672904283,0,"ICAM2_ITGAM_ITGB2","ICAM2 - (ITGAM+ITGB2)","ICAM","Cell-Cell Contact","KEGG: hsa04514","PBMC_Late"
"MEP","CD14+PPBP+ Monocytes","ICAM2","ITGAM_ITGB2",0.0257670374984139,0,"ICAM2_ITGAM_ITGB2","ICAM2 - (ITGAM+ITGB2)","ICAM","Cell-Cell Contact","KEGG: hsa04514","PBMC_Late"
"Naïve CD4 T","CD14+PPBP+ Monocytes","ICAM2","ITGAM_ITGB2",0.00895569118040081,0,"ICAM2_ITGAM_ITGB2","ICAM2 - (ITGAM+ITGB2)","ICAM","Cell-Cell Contact","KEGG: hsa04514","PBMC_Late"
"Naïve CD8 T","CD14+PPBP+ Monocytes","ICAM2","ITGAM_ITGB2",0.00769564796545396,0,"ICAM2_ITGAM_ITGB2","ICAM2 - (ITGAM+ITGB2)","ICAM","Cell-Cell Contact","KEGG: hsa04514","PBMC_Late"
"NK T","CD14+PPBP+ Monocytes","ICAM2","ITGAM_ITGB2",0.0103794239772881,0,"ICAM2_ITGAM_ITGB2","ICAM2 - (ITGAM+ITGB2)","ICAM","Cell-Cell Contact","KEGG: hsa04514","PBMC_Late"
"Tem","CD14+PPBP+ Monocytes","ICAM2","ITGAM_ITGB2",0.0116239032791775,0,"ICAM2_ITGAM_ITGB2","ICAM2 - (ITGAM+ITGB2)","ICAM","Cell-Cell Contact","KEGG: hsa04514","PBMC_Late"
"Th17like_INNATE_T","CD14+PPBP+ Monocytes","ICAM2","ITGAM_ITGB2",0.0276059160074155,0,"ICAM2_ITGAM_ITGB2","ICAM2 - (ITGAM+ITGB2)","ICAM","Cell-Cell Contact","KEGG: hsa04514","PBMC_Late"
"Treg","CD14+PPBP+ Monocytes","ICAM2","ITGAM_ITGB2",0.00848934893153775,0,"ICAM2_ITGAM_ITGB2","ICAM2 - (ITGAM+ITGB2)","ICAM","Cell-Cell Contact","KEGG: hsa04514","PBMC_Late"
"CD14+PPBP+ Monocytes","Classical Monocytes","ICAM2","ITGAM_ITGB2",0.01651070190963,0,"ICAM2_ITGAM_ITGB2","ICAM2 - (ITGAM+ITGB2)","ICAM","Cell-Cell Contact","KEGG: hsa04514","PBMC_Late"
"CX3CR1+ NK","Classical Monocytes","ICAM2","ITGAM_ITGB2",0.0102912729045553,0,"ICAM2_ITGAM_ITGB2","ICAM2 - (ITGAM+ITGB2)","ICAM","Cell-Cell Contact","KEGG: hsa04514","PBMC_Late"
"CXCR5- Naïve B","Classical Monocytes","ICAM2","ITGAM_ITGB2",0.00581816630195527,0,"ICAM2_ITGAM_ITGB2","ICAM2 - (ITGAM+ITGB2)","ICAM","Cell-Cell Contact","KEGG: hsa04514","PBMC_Late"
"CXCR5+ Naïve B","Classical Monocytes","ICAM2","ITGAM_ITGB2",0.00414684269961512,0,"ICAM2_ITGAM_ITGB2","ICAM2 - (ITGAM+ITGB2)","ICAM","Cell-Cell Contact","KEGG: hsa04514","PBMC_Late"
"CXCR6+ NK","Classical Monocytes","ICAM2","ITGAM_ITGB2",0.0156826290954095,0,"ICAM2_ITGAM_ITGB2","ICAM2 - (ITGAM+ITGB2)","ICAM","Cell-Cell Contact","KEGG: hsa04514","PBMC_Late"
"DC2","Classical Monocytes","ICAM2","ITGAM_ITGB2",0.00520850979908798,0,"ICAM2_ITGAM_ITGB2","ICAM2 - (ITGAM+ITGB2)","ICAM","Cell-Cell Contact","KEGG: hsa04514","PBMC_Late"
"Gamma Delta V1 T","Classical Monocytes","ICAM2","ITGAM_ITGB2",0.00839218417266715,0,"ICAM2_ITGAM_ITGB2","ICAM2 - (ITGAM+ITGB2)","ICAM","Cell-Cell Contact","KEGG: hsa04514","PBMC_Late"
"Gamma Delta V2 T","Classical Monocytes","ICAM2","ITGAM_ITGB2",0.00847063127379278,0,"ICAM2_ITGAM_ITGB2","ICAM2 - (ITGAM+ITGB2)","ICAM","Cell-Cell Contact","KEGG: hsa04514","PBMC_Late"
"HSC_MPP","Classical Monocytes","ICAM2","ITGAM_ITGB2",0.0100848366091804,0,"ICAM2_ITGAM_ITGB2","ICAM2 - (ITGAM+ITGB2)","ICAM","Cell-Cell Contact","KEGG: hsa04514","PBMC_Late"
"ILC2/3","Classical Monocytes","ICAM2","ITGAM_ITGB2",0.00934374908505227,0,"ICAM2_ITGAM_ITGB2","ICAM2 - (ITGAM+ITGB2)","ICAM","Cell-Cell Contact","KEGG: hsa04514","PBMC_Late"
"Megakaryocytes","Classical Monocytes","ICAM2","ITGAM_ITGB2",0.0140787617374894,0,"ICAM2_ITGAM_ITGB2","ICAM2 - (ITGAM+ITGB2)","ICAM","Cell-Cell Contact","KEGG: hsa04514","PBMC_Late"
"MEMP","Classical Monocytes","ICAM2","ITGAM_ITGB2",0.0137828346054445,0,"ICAM2_ITGAM_ITGB2","ICAM2 - (ITGAM+ITGB2)","ICAM","Cell-Cell Contact","KEGG: hsa04514","PBMC_Late"
"MEP","Classical Monocytes","ICAM2","ITGAM_ITGB2",0.0208874409372122,0,"ICAM2_ITGAM_ITGB2","ICAM2 - (ITGAM+ITGB2)","ICAM","Cell-Cell Contact","KEGG: hsa04514","PBMC_Late"
"Naïve CD4 T","Classical Monocytes","ICAM2","ITGAM_ITGB2",0.00723607349395915,0,"ICAM2_ITGAM_ITGB2","ICAM2 - (ITGAM+ITGB2)","ICAM","Cell-Cell Contact","KEGG: hsa04514","PBMC_Late"
"Naïve CD8 T","Classical Monocytes","ICAM2","ITGAM_ITGB2",0.00621645852259082,0,"ICAM2_ITGAM_ITGB2","ICAM2 - (ITGAM+ITGB2)","ICAM","Cell-Cell Contact","KEGG: hsa04514","PBMC_Late"
"NK T","Classical Monocytes","ICAM2","ITGAM_ITGB2",0.00838874373466182,0,"ICAM2_ITGAM_ITGB2","ICAM2 - (ITGAM+ITGB2)","ICAM","Cell-Cell Contact","KEGG: hsa04514","PBMC_Late"
"Tem","Classical Monocytes","ICAM2","ITGAM_ITGB2",0.00939680944356217,0,"ICAM2_ITGAM_ITGB2","ICAM2 - (ITGAM+ITGB2)","ICAM","Cell-Cell Contact","KEGG: hsa04514","PBMC_Late"
"Th17like_INNATE_T","Classical Monocytes","ICAM2","ITGAM_ITGB2",0.0223860862118041,0,"ICAM2_ITGAM_ITGB2","ICAM2 - (ITGAM+ITGB2)","ICAM","Cell-Cell Contact","KEGG: hsa04514","PBMC_Late"
"Treg","Classical Monocytes","ICAM2","ITGAM_ITGB2",0.00685865576200103,0,"ICAM2_ITGAM_ITGB2","ICAM2 - (ITGAM+ITGB2)","ICAM","Cell-Cell Contact","KEGG: hsa04514","PBMC_Late"
"CD14+PPBP+ Monocytes","CX3CR1+ NK","ICAM2","ITGAM_ITGB2",0.0195352464827488,0,"ICAM2_ITGAM_ITGB2","ICAM2 - (ITGAM+ITGB2)","ICAM","Cell-Cell Contact","KEGG: hsa04514","PBMC_Late"
"CX3CR1+ NK","CX3CR1+ NK","ICAM2","ITGAM_ITGB2",0.0121906216171639,0,"ICAM2_ITGAM_ITGB2","ICAM2 - (ITGAM+ITGB2)","ICAM","Cell-Cell Contact","KEGG: hsa04514","PBMC_Late"
"CXCR5- Naïve B","CX3CR1+ NK","ICAM2","ITGAM_ITGB2",0.00689771584534208,0,"ICAM2_ITGAM_ITGB2","ICAM2 - (ITGAM+ITGB2)","ICAM","Cell-Cell Contact","KEGG: hsa04514","PBMC_Late"
"CXCR5+ Naïve B","CX3CR1+ NK","ICAM2","ITGAM_ITGB2",0.00491781536294151,0,"ICAM2_ITGAM_ITGB2","ICAM2 - (ITGAM+ITGB2)","ICAM","Cell-Cell Contact","KEGG: hsa04514","PBMC_Late"
"CXCR6+ NK","CX3CR1+ NK","ICAM2","ITGAM_ITGB2",0.0185583439777513,0,"ICAM2_ITGAM_ITGB2","ICAM2 - (ITGAM+ITGB2)","ICAM","Cell-Cell Contact","KEGG: hsa04514","PBMC_Late"
"DC2","CX3CR1+ NK","ICAM2","ITGAM_ITGB2",0.00617564143392933,0,"ICAM2_ITGAM_ITGB2","ICAM2 - (ITGAM+ITGB2)","ICAM","Cell-Cell Contact","KEGG: hsa04514","PBMC_Late"
"Gamma Delta V1 T","CX3CR1+ NK","ICAM2","ITGAM_ITGB2",0.00994456041296102,0,"ICAM2_ITGAM_ITGB2","ICAM2 - (ITGAM+ITGB2)","ICAM","Cell-Cell Contact","KEGG: hsa04514","PBMC_Late"
"Gamma Delta V2 T","CX3CR1+ NK","ICAM2","ITGAM_ITGB2",0.0100373716799824,0,"ICAM2_ITGAM_ITGB2","ICAM2 - (ITGAM+ITGB2)","ICAM","Cell-Cell Contact","KEGG: hsa04514","PBMC_Late"
"HSC_MPP","CX3CR1+ NK","ICAM2","ITGAM_ITGB2",0.0119465455047189,0,"ICAM2_ITGAM_ITGB2","ICAM2 - (ITGAM+ITGB2)","ICAM","Cell-Cell Contact","KEGG: hsa04514","PBMC_Late"
"ILC2/3","CX3CR1+ NK","ICAM2","ITGAM_ITGB2",0.0110701796134495,0,"ICAM2_ITGAM_ITGB2","ICAM2 - (ITGAM+ITGB2)","ICAM","Cell-Cell Contact","KEGG: hsa04514","PBMC_Late"
"Megakaryocytes","CX3CR1+ NK","ICAM2","ITGAM_ITGB2",0.0166653557389906,0,"ICAM2_ITGAM_ITGB2","ICAM2 - (ITGAM+ITGB2)","ICAM","Cell-Cell Contact","KEGG: hsa04514","PBMC_Late"
"MEMP","CX3CR1+ NK","ICAM2","ITGAM_ITGB2",0.0163159596956697,0,"ICAM2_ITGAM_ITGB2","ICAM2 - (ITGAM+ITGB2)","ICAM","Cell-Cell Contact","KEGG: hsa04514","PBMC_Late"
"MEP","CX3CR1+ NK","ICAM2","ITGAM_ITGB2",0.0246936160780317,0,"ICAM2_ITGAM_ITGB2","ICAM2 - (ITGAM+ITGB2)","ICAM","Cell-Cell Contact","KEGG: hsa04514","PBMC_Late"
"Naïve CD4 T","CX3CR1+ NK","ICAM2","ITGAM_ITGB2",0.00857644340311052,0,"ICAM2_ITGAM_ITGB2","ICAM2 - (ITGAM+ITGB2)","ICAM","Cell-Cell Contact","KEGG: hsa04514","PBMC_Late"
"Naïve CD8 T","CX3CR1+ NK","ICAM2","ITGAM_ITGB2",0.00736936261940949,0,"ICAM2_ITGAM_ITGB2","ICAM2 - (ITGAM+ITGB2)","ICAM","Cell-Cell Contact","KEGG: hsa04514","PBMC_Late"
"NK T","CX3CR1+ NK","ICAM2","ITGAM_ITGB2",0.00994048994657673,0,"ICAM2_ITGAM_ITGB2","ICAM2 - (ITGAM+ITGB2)","ICAM","Cell-Cell Contact","KEGG: hsa04514","PBMC_Late"
"Tem","CX3CR1+ NK","ICAM2","ITGAM_ITGB2",0.0111329336795252,0,"ICAM2_ITGAM_ITGB2","ICAM2 - (ITGAM+ITGB2)","ICAM","Cell-Cell Contact","KEGG: hsa04514","PBMC_Late"
"Th17like_INNATE_T","CX3CR1+ NK","ICAM2","ITGAM_ITGB2",0.0264579697163236,0,"ICAM2_ITGAM_ITGB2","ICAM2 - (ITGAM+ITGB2)","ICAM","Cell-Cell Contact","KEGG: hsa04514","PBMC_Late"
"Treg","CX3CR1+ NK","ICAM2","ITGAM_ITGB2",0.00812968740999774,0,"ICAM2_ITGAM_ITGB2","ICAM2 - (ITGAM+ITGB2)","ICAM","Cell-Cell Contact","KEGG: hsa04514","PBMC_Late"
"CD14+PPBP+ Monocytes","CXCR6+ NK","ICAM2","ITGAM_ITGB2",0.0109806216266136,0,"ICAM2_ITGAM_ITGB2","ICAM2 - (ITGAM+ITGB2)","ICAM","Cell-Cell Contact","KEGG: hsa04514","PBMC_Late"
"CX3CR1+ NK","CXCR6+ NK","ICAM2","ITGAM_ITGB2",0.00682985648844854,0,"ICAM2_ITGAM_ITGB2","ICAM2 - (ITGAM+ITGB2)","ICAM","Cell-Cell Contact","KEGG: hsa04514","PBMC_Late"
"CXCR5- Naïve B","CXCR6+ NK","ICAM2","ITGAM_ITGB2",0.00385539537579128,0,"ICAM2_ITGAM_ITGB2","ICAM2 - (ITGAM+ITGB2)","ICAM","Cell-Cell Contact","KEGG: hsa04514","PBMC_Late"
"CXCR5+ Naïve B","CXCR6+ NK","ICAM2","ITGAM_ITGB2",0.00274633887305508,0,"ICAM2_ITGAM_ITGB2","ICAM2 - (ITGAM+ITGB2)","ICAM","Cell-Cell Contact","KEGG: hsa04514","PBMC_Late"
"CXCR6+ NK","CXCR6+ NK","ICAM2","ITGAM_ITGB2",0.0104269622983431,0,"ICAM2_ITGAM_ITGB2","ICAM2 - (ITGAM+ITGB2)","ICAM","Cell-Cell Contact","KEGG: hsa04514","PBMC_Late"
"DC2","CXCR6+ NK","ICAM2","ITGAM_ITGB2",0.0034506939526485,0,"ICAM2_ITGAM_ITGB2","ICAM2 - (ITGAM+ITGB2)","ICAM","Cell-Cell Contact","KEGG: hsa04514","PBMC_Late"
"Gamma Delta V1 T","CXCR6+ NK","ICAM2","ITGAM_ITGB2",0.005565924234673,0,"ICAM2_ITGAM_ITGB2","ICAM2 - (ITGAM+ITGB2)","ICAM","Cell-Cell Contact","KEGG: hsa04514","PBMC_Late"
"Gamma Delta V2 T","CXCR6+ NK","ICAM2","ITGAM_ITGB2",0.00561810216048579,0,"ICAM2_ITGAM_ITGB2","ICAM2 - (ITGAM+ITGB2)","ICAM","Cell-Cell Contact","KEGG: hsa04514","PBMC_Late"
"HSC_MPP","CXCR6+ NK","ICAM2","ITGAM_ITGB2",0.00669238446395512,0,"ICAM2_ITGAM_ITGB2","ICAM2 - (ITGAM+ITGB2)","ICAM","Cell-Cell Contact","KEGG: hsa04514","PBMC_Late"
"ILC2/3","CXCR6+ NK","ICAM2","ITGAM_ITGB2",0.00619903126367565,0,"ICAM2_ITGAM_ITGB2","ICAM2 - (ITGAM+ITGB2)","ICAM","Cell-Cell Contact","KEGG: hsa04514","PBMC_Late"
"Megakaryocytes","CXCR6+ NK","ICAM2","ITGAM_ITGB2",0.00935548494098547,0,"ICAM2_ITGAM_ITGB2","ICAM2 - (ITGAM+ITGB2)","ICAM","Cell-Cell Contact","KEGG: hsa04514","PBMC_Late"
"MEMP","CXCR6+ NK","ICAM2","ITGAM_ITGB2",0.00915791607055435,0,"ICAM2_ITGAM_ITGB2","ICAM2 - (ITGAM+ITGB2)","ICAM","Cell-Cell Contact","KEGG: hsa04514","PBMC_Late"
"MEP","CXCR6+ NK","ICAM2","ITGAM_ITGB2",0.0139121562342267,0,"ICAM2_ITGAM_ITGB2","ICAM2 - (ITGAM+ITGB2)","ICAM","Cell-Cell Contact","KEGG: hsa04514","PBMC_Late"
"Naïve CD4 T","CXCR6+ NK","ICAM2","ITGAM_ITGB2",0.00479727665420461,0,"ICAM2_ITGAM_ITGB2","ICAM2 - (ITGAM+ITGB2)","ICAM","Cell-Cell Contact","KEGG: hsa04514","PBMC_Late"
"Naïve CD8 T","CXCR6+ NK","ICAM2","ITGAM_ITGB2",0.00411987966457303,0,"ICAM2_ITGAM_ITGB2","ICAM2 - (ITGAM+ITGB2)","ICAM","Cell-Cell Contact","KEGG: hsa04514","PBMC_Late"
"NK T","CXCR6+ NK","ICAM2","ITGAM_ITGB2",0.00556363594200233,0,"ICAM2_ITGAM_ITGB2","ICAM2 - (ITGAM+ITGB2)","ICAM","Cell-Cell Contact","KEGG: hsa04514","PBMC_Late"
"Tem","CXCR6+ NK","ICAM2","ITGAM_ITGB2",0.00623434609201397,0,"ICAM2_ITGAM_ITGB2","ICAM2 - (ITGAM+ITGB2)","ICAM","Cell-Cell Contact","KEGG: hsa04514","PBMC_Late"
"Th17like_INNATE_T","CXCR6+ NK","ICAM2","ITGAM_ITGB2",0.0149179596061107,0,"ICAM2_ITGAM_ITGB2","ICAM2 - (ITGAM+ITGB2)","ICAM","Cell-Cell Contact","KEGG: hsa04514","PBMC_Late"
"Treg","CXCR6+ NK","ICAM2","ITGAM_ITGB2",0.00454647868174131,0,"ICAM2_ITGAM_ITGB2","ICAM2 - (ITGAM+ITGB2)","ICAM","Cell-Cell Contact","KEGG: hsa04514","PBMC_Late"
"CD14+PPBP+ Monocytes","Myeloid-CD177","ICAM2","ITGAM_ITGB2",0.0114958301413512,0,"ICAM2_ITGAM_ITGB2","ICAM2 - (ITGAM+ITGB2)","ICAM","Cell-Cell Contact","KEGG: hsa04514","PBMC_Late"
"CX3CR1+ NK","Myeloid-CD177","ICAM2","ITGAM_ITGB2",0.00715172023731784,0,"ICAM2_ITGAM_ITGB2","ICAM2 - (ITGAM+ITGB2)","ICAM","Cell-Cell Contact","KEGG: hsa04514","PBMC_Late"
"CXCR5- Naïve B","Myeloid-CD177","ICAM2","ITGAM_ITGB2",0.00403765456790572,0,"ICAM2_ITGAM_ITGB2","ICAM2 - (ITGAM+ITGB2)","ICAM","Cell-Cell Contact","KEGG: hsa04514","PBMC_Late"
"CXCR5+ Naïve B","Myeloid-CD177","ICAM2","ITGAM_ITGB2",0.00287632013639257,0,"ICAM2_ITGAM_ITGB2","ICAM2 - (ITGAM+ITGB2)","ICAM","Cell-Cell Contact","KEGG: hsa04514","PBMC_Late"
"CXCR6+ NK","Myeloid-CD177","ICAM2","ITGAM_ITGB2",0.0109164799631998,0,"ICAM2_ITGAM_ITGB2","ICAM2 - (ITGAM+ITGB2)","ICAM","Cell-Cell Contact","KEGG: hsa04514","PBMC_Late"
"DC2","Myeloid-CD177","ICAM2","ITGAM_ITGB2",0.00361389077813203,0,"ICAM2_ITGAM_ITGB2","ICAM2 - (ITGAM+ITGB2)","ICAM","Cell-Cell Contact","KEGG: hsa04514","PBMC_Late"
"Gamma Delta V1 T","Myeloid-CD177","ICAM2","ITGAM_ITGB2",0.00582857348568087,0,"ICAM2_ITGAM_ITGB2","ICAM2 - (ITGAM+ITGB2)","ICAM","Cell-Cell Contact","KEGG: hsa04514","PBMC_Late"
"Gamma Delta V2 T","Myeloid-CD177","ICAM2","ITGAM_ITGB2",0.00588319905810669,0,"ICAM2_ITGAM_ITGB2","ICAM2 - (ITGAM+ITGB2)","ICAM","Cell-Cell Contact","KEGG: hsa04514","PBMC_Late"
"HSC_MPP","Myeloid-CD177","ICAM2","ITGAM_ITGB2",0.00700781541994498,0,"ICAM2_ITGAM_ITGB2","ICAM2 - (ITGAM+ITGB2)","ICAM","Cell-Cell Contact","KEGG: hsa04514","PBMC_Late"
"ILC2/3","Myeloid-CD177","ICAM2","ITGAM_ITGB2",0.00649136105324193,0,"ICAM2_ITGAM_ITGB2","ICAM2 - (ITGAM+ITGB2)","ICAM","Cell-Cell Contact","KEGG: hsa04514","PBMC_Late"
"Megakaryocytes","Myeloid-CD177","ICAM2","ITGAM_ITGB2",0.00979519756254144,0,"ICAM2_ITGAM_ITGB2","ICAM2 - (ITGAM+ITGB2)","ICAM","Cell-Cell Contact","KEGG: hsa04514","PBMC_Late"
"MEMP","Myeloid-CD177","ICAM2","ITGAM_ITGB2",0.0095884327307035,0,"ICAM2_ITGAM_ITGB2","ICAM2 - (ITGAM+ITGB2)","ICAM","Cell-Cell Contact","KEGG: hsa04514","PBMC_Late"
"MEP","Myeloid-CD177","ICAM2","ITGAM_ITGB2",0.0145628864308767,0,"ICAM2_ITGAM_ITGB2","ICAM2 - (ITGAM+ITGB2)","ICAM","Cell-Cell Contact","KEGG: hsa04514","PBMC_Late"
"Naïve CD4 T","Myeloid-CD177","ICAM2","ITGAM_ITGB2",0.0050238375953343,0,"ICAM2_ITGAM_ITGB2","ICAM2 - (ITGAM+ITGB2)","ICAM","Cell-Cell Contact","KEGG: hsa04514","PBMC_Late"
"Naïve CD8 T","Myeloid-CD177","ICAM2","ITGAM_ITGB2",0.00431458787936276,0,"ICAM2_ITGAM_ITGB2","ICAM2 - (ITGAM+ITGB2)","ICAM","Cell-Cell Contact","KEGG: hsa04514","PBMC_Late"
"NK T","Myeloid-CD177","ICAM2","ITGAM_ITGB2",0.00582617784388146,0,"ICAM2_ITGAM_ITGB2","ICAM2 - (ITGAM+ITGB2)","ICAM","Cell-Cell Contact","KEGG: hsa04514","PBMC_Late"
"Tem","Myeloid-CD177","ICAM2","ITGAM_ITGB2",0.00652833029495392,0,"ICAM2_ITGAM_ITGB2","ICAM2 - (ITGAM+ITGB2)","ICAM","Cell-Cell Contact","KEGG: hsa04514","PBMC_Late"
"Th17like_INNATE_T","Myeloid-CD177","ICAM2","ITGAM_ITGB2",0.0156149904847378,0,"ICAM2_ITGAM_ITGB2","ICAM2 - (ITGAM+ITGB2)","ICAM","Cell-Cell Contact","KEGG: hsa04514","PBMC_Late"
"Treg","Myeloid-CD177","ICAM2","ITGAM_ITGB2",0.00476125185547002,0,"ICAM2_ITGAM_ITGB2","ICAM2 - (ITGAM+ITGB2)","ICAM","Cell-Cell Contact","KEGG: hsa04514","PBMC_Late"
"abTentry","CD14+PPBP+ Monocytes","ITGB2","CD226",0.00354367912065718,0,"ITGB2_CD226","ITGB2 - CD226","ITGB2","Cell-Cell Contact","KEGG: hsa04514","PBMC_Late"
"CD14+PPBP+ Monocytes","CD14+PPBP+ Monocytes","ITGB2","CD226",0.0177101830862492,0,"ITGB2_CD226","ITGB2 - CD226","ITGB2","Cell-Cell Contact","KEGG: hsa04514","PBMC_Late"
"CD56highCD16low NK","CD14+PPBP+ Monocytes","ITGB2","CD226",0.00559106217764292,0,"ITGB2_CD226","ITGB2 - CD226","ITGB2","Cell-Cell Contact","KEGG: hsa04514","PBMC_Late"
"Classical Monocytes","CD14+PPBP+ Monocytes","ITGB2","CD226",0.0192296656236711,0,"ITGB2_CD226","ITGB2 - CD226","ITGB2","Cell-Cell Contact","KEGG: hsa04514","PBMC_Late"
"CX3CR1+ NK","CD14+PPBP+ Monocytes","ITGB2","CD226",0.0216098614295022,0,"ITGB2_CD226","ITGB2 - CD226","ITGB2","Cell-Cell Contact","KEGG: hsa04514","PBMC_Late"
"CXCR5- Naïve B","CD14+PPBP+ Monocytes","ITGB2","CD226",0.00240450997930884,0,"ITGB2_CD226","ITGB2 - CD226","ITGB2","Cell-Cell Contact","KEGG: hsa04514","PBMC_Late"
"CXCR5+ Naïve B","CD14+PPBP+ Monocytes","ITGB2","CD226",0.00241969161285216,0,"ITGB2_CD226","ITGB2 - CD226","ITGB2","Cell-Cell Contact","KEGG: hsa04514","PBMC_Late"
"CXCR6+ NK","CD14+PPBP+ Monocytes","ITGB2","CD226",0.018507005188588,0,"ITGB2_CD226","ITGB2 - CD226","ITGB2","Cell-Cell Contact","KEGG: hsa04514","PBMC_Late"
"DC2","CD14+PPBP+ Monocytes","ITGB2","CD226",0.0184865286686657,0,"ITGB2_CD226","ITGB2 - CD226","ITGB2","Cell-Cell Contact","KEGG: hsa04514","PBMC_Late"
"Gamma Delta V1 T","CD14+PPBP+ Monocytes","ITGB2","CD226",0.0119094199258509,0,"ITGB2_CD226","ITGB2 - CD226","ITGB2","Cell-Cell Contact","KEGG: hsa04514","PBMC_Late"
"Gamma Delta V2 T","CD14+PPBP+ Monocytes","ITGB2","CD226",0.0154114377757098,0,"ITGB2_CD226","ITGB2 - CD226","ITGB2","Cell-Cell Contact","KEGG: hsa04514","PBMC_Late"
"HSC_MPP","CD14+PPBP+ Monocytes","ITGB2","CD226",0.00406504458458705,0,"ITGB2_CD226","ITGB2 - CD226","ITGB2","Cell-Cell Contact","KEGG: hsa04514","PBMC_Late"
"ILC2/3","CD14+PPBP+ Monocytes","ITGB2","CD226",0.0102027570628708,0,"ITGB2_CD226","ITGB2 - CD226","ITGB2","Cell-Cell Contact","KEGG: hsa04514","PBMC_Late"
"MEMP","CD14+PPBP+ Monocytes","ITGB2","CD226",0.00128235803984699,0,"ITGB2_CD226","ITGB2 - CD226","ITGB2","Cell-Cell Contact","KEGG: hsa04514","PBMC_Late"
"MEP","CD14+PPBP+ Monocytes","ITGB2","CD226",0.00054348453856658,0,"ITGB2_CD226","ITGB2 - CD226","ITGB2","Cell-Cell Contact","KEGG: hsa04514","PBMC_Late"
"Myeloid-CD177","CD14+PPBP+ Monocytes","ITGB2","CD226",0.00529923703249456,0,"ITGB2_CD226","ITGB2 - CD226","ITGB2","Cell-Cell Contact","KEGG: hsa04514","PBMC_Late"
"Naïve CD4 T","CD14+PPBP+ Monocytes","ITGB2","CD226",0.00874484452539177,0,"ITGB2_CD226","ITGB2 - CD226","ITGB2","Cell-Cell Contact","KEGG: hsa04514","PBMC_Late"
"Naïve CD8 T","CD14+PPBP+ Monocytes","ITGB2","CD226",0.00781156371911826,0,"ITGB2_CD226","ITGB2 - CD226","ITGB2","Cell-Cell Contact","KEGG: hsa04514","PBMC_Late"
"NK T","CD14+PPBP+ Monocytes","ITGB2","CD226",0.0162672568343698,0,"ITGB2_CD226","ITGB2 - CD226","ITGB2","Cell-Cell Contact","KEGG: hsa04514","PBMC_Late"
"pDC","CD14+PPBP+ Monocytes","ITGB2","CD226",0.00677275382464316,0,"ITGB2_CD226","ITGB2 - CD226","ITGB2","Cell-Cell Contact","KEGG: hsa04514","PBMC_Late"
"Tem","CD14+PPBP+ Monocytes","ITGB2","CD226",0.0135673365069825,0,"ITGB2_CD226","ITGB2 - CD226","ITGB2","Cell-Cell Contact","KEGG: hsa04514","PBMC_Late"
"Th17like_INNATE_T","CD14+PPBP+ Monocytes","ITGB2","CD226",0.0109273620978614,0,"ITGB2_CD226","ITGB2 - CD226","ITGB2","Cell-Cell Contact","KEGG: hsa04514","PBMC_Late"
"Treg","CD14+PPBP+ Monocytes","ITGB2","CD226",0.00896156347056755,0,"ITGB2_CD226","ITGB2 - CD226","ITGB2","Cell-Cell Contact","KEGG: hsa04514","PBMC_Late"
"abTentry","CXCR6+ NK","ITGB2","CD226",0.00212558506419662,0,"ITGB2_CD226","ITGB2 - CD226","ITGB2","Cell-Cell Contact","KEGG: hsa04514","PBMC_Late"
"CD14+PPBP+ Monocytes","CXCR6+ NK","ITGB2","CD226",0.0106837819667552,0,"ITGB2_CD226","ITGB2 - CD226","ITGB2","Cell-Cell Contact","KEGG: hsa04514","PBMC_Late"
"CD56highCD16low NK","CXCR6+ NK","ITGB2","CD226",0.00335641503159449,0,"ITGB2_CD226","ITGB2 - CD226","ITGB2","Cell-Cell Contact","KEGG: hsa04514","PBMC_Late"
"Classical Monocytes","CXCR6+ NK","ITGB2","CD226",0.011607543300704,0,"ITGB2_CD226","ITGB2 - CD226","ITGB2","Cell-Cell Contact","KEGG: hsa04514","PBMC_Late"
"CX3CR1+ NK","CXCR6+ NK","ITGB2","CD226",0.0130568534528638,0,"ITGB2_CD226","ITGB2 - CD226","ITGB2","Cell-Cell Contact","KEGG: hsa04514","PBMC_Late"
"CXCR5- Naïve B","CXCR6+ NK","ITGB2","CD226",0.00144162413481008,0,"ITGB2_CD226","ITGB2 - CD226","ITGB2","Cell-Cell Contact","KEGG: hsa04514","PBMC_Late"
"CXCR5+ Naïve B","CXCR6+ NK","ITGB2","CD226",0.00145073512529598,0,"ITGB2_CD226","ITGB2 - CD226","ITGB2","Cell-Cell Contact","KEGG: hsa04514","PBMC_Late"
"CXCR6+ NK","CXCR6+ NK","ITGB2","CD226",0.0111680642902939,0,"ITGB2_CD226","ITGB2 - CD226","ITGB2","Cell-Cell Contact","KEGG: hsa04514","PBMC_Late"
"DC2","CXCR6+ NK","ITGB2","CD226",0.0111556154299809,0,"ITGB2_CD226","ITGB2 - CD226","ITGB2","Cell-Cell Contact","KEGG: hsa04514","PBMC_Late"
"Gamma Delta V1 T","CXCR6+ NK","ITGB2","CD226",0.00716764111502596,0,"ITGB2_CD226","ITGB2 - CD226","ITGB2","Cell-Cell Contact","KEGG: hsa04514","PBMC_Late"
"Gamma Delta V2 T","CXCR6+ NK","ITGB2","CD226",0.00928842516899725,0,"ITGB2_CD226","ITGB2 - CD226","ITGB2","Cell-Cell Contact","KEGG: hsa04514","PBMC_Late"
"HSC_MPP","CXCR6+ NK","ITGB2","CD226",0.0024388234106473,0,"ITGB2_CD226","ITGB2 - CD226","ITGB2","Cell-Cell Contact","KEGG: hsa04514","PBMC_Late"
"ILC2/3","CXCR6+ NK","ITGB2","CD226",0.00613627233119448,0,"ITGB2_CD226","ITGB2 - CD226","ITGB2","Cell-Cell Contact","KEGG: hsa04514","PBMC_Late"
"MEMP","CXCR6+ NK","ITGB2","CD226",0.000768491690897924,0,"ITGB2_CD226","ITGB2 - CD226","ITGB2","Cell-Cell Contact","KEGG: hsa04514","PBMC_Late"
"MEP","CXCR6+ NK","ITGB2","CD226",0.000325602955379088,0,"ITGB2_CD226","ITGB2 - CD226","ITGB2","Cell-Cell Contact","KEGG: hsa04514","PBMC_Late"
"Myeloid-CD177","CXCR6+ NK","ITGB2","CD226",0.00318085406414348,0,"ITGB2_CD226","ITGB2 - CD226","ITGB2","Cell-Cell Contact","KEGG: hsa04514","PBMC_Late"
"Naïve CD4 T","CXCR6+ NK","ITGB2","CD226",0.0052563501474271,0,"ITGB2_CD226","ITGB2 - CD226","ITGB2","Cell-Cell Contact","KEGG: hsa04514","PBMC_Late"
"Naïve CD8 T","CXCR6+ NK","ITGB2","CD226",0.00469361095867908,0,"ITGB2_CD226","ITGB2 - CD226","ITGB2","Cell-Cell Contact","KEGG: hsa04514","PBMC_Late"
"NK T","CXCR6+ NK","ITGB2","CD226",0.00980761160749666,0,"ITGB2_CD226","ITGB2 - CD226","ITGB2","Cell-Cell Contact","KEGG: hsa04514","PBMC_Late"
"pDC","CXCR6+ NK","ITGB2","CD226",0.00406773774678622,0,"ITGB2_CD226","ITGB2 - CD226","ITGB2","Cell-Cell Contact","KEGG: hsa04514","PBMC_Late"
"Tem","CXCR6+ NK","ITGB2","CD226",0.00817091085901797,0,"ITGB2_CD226","ITGB2 - CD226","ITGB2","Cell-Cell Contact","KEGG: hsa04514","PBMC_Late"
"Th17like_INNATE_T","CXCR6+ NK","ITGB2","CD226",0.00657399170122356,0,"ITGB2_CD226","ITGB2 - CD226","ITGB2","Cell-Cell Contact","KEGG: hsa04514","PBMC_Late"
"Treg","CXCR6+ NK","ITGB2","CD226",0.00538708538753928,0,"ITGB2_CD226","ITGB2 - CD226","ITGB2","Cell-Cell Contact","KEGG: hsa04514","PBMC_Late"
"abTentry","Megakaryocytes","ITGB2","CD226",0.0070926707498524,0,"ITGB2_CD226","ITGB2 - CD226","ITGB2","Cell-Cell Contact","KEGG: hsa04514","PBMC_Late"
"CD14+PPBP+ Monocytes","Megakaryocytes","ITGB2","CD226",0.0349493013555274,0,"ITGB2_CD226","ITGB2 - CD226","ITGB2","Cell-Cell Contact","KEGG: hsa04514","PBMC_Late"
"CD56highCD16low NK","Megakaryocytes","ITGB2","CD226",0.0111675262848488,0,"ITGB2_CD226","ITGB2 - CD226","ITGB2","Cell-Cell Contact","KEGG: hsa04514","PBMC_Late"
"Classical Monocytes","Megakaryocytes","ITGB2","CD226",0.0378907969934476,0,"ITGB2_CD226","ITGB2 - CD226","ITGB2","Cell-Cell Contact","KEGG: hsa04514","PBMC_Late"
"CX3CR1+ NK","Megakaryocytes","ITGB2","CD226",0.0424807699989637,0,"ITGB2_CD226","ITGB2 - CD226","ITGB2","Cell-Cell Contact","KEGG: hsa04514","PBMC_Late"
"CXCR5- Naïve B","Megakaryocytes","ITGB2","CD226",0.00481814113569926,0,"ITGB2_CD226","ITGB2 - CD226","ITGB2","Cell-Cell Contact","KEGG: hsa04514","PBMC_Late"
"CXCR5+ Naïve B","Megakaryocytes","ITGB2","CD226",0.00484848792694024,0,"ITGB2_CD226","ITGB2 - CD226","ITGB2","Cell-Cell Contact","KEGG: hsa04514","PBMC_Late"
"CXCR6+ NK","Megakaryocytes","ITGB2","CD226",0.0364929360050427,0,"ITGB2_CD226","ITGB2 - CD226","ITGB2","Cell-Cell Contact","KEGG: hsa04514","PBMC_Late"
"DC2","Megakaryocytes","ITGB2","CD226",0.0364532985911715,0,"ITGB2_CD226","ITGB2 - CD226","ITGB2","Cell-Cell Contact","KEGG: hsa04514","PBMC_Late"
"Gamma Delta V1 T","Megakaryocytes","ITGB2","CD226",0.0236379441905188,0,"ITGB2_CD226","ITGB2 - CD226","ITGB2","Cell-Cell Contact","KEGG: hsa04514","PBMC_Late"
"Gamma Delta V2 T","Megakaryocytes","ITGB2","CD226",0.03048239118524,0,"ITGB2_CD226","ITGB2 - CD226","ITGB2","Cell-Cell Contact","KEGG: hsa04514","PBMC_Late"
"HSC_MPP","Megakaryocytes","ITGB2","CD226",0.00813192212355319,0,"ITGB2_CD226","ITGB2 - CD226","ITGB2","Cell-Cell Contact","KEGG: hsa04514","PBMC_Late"
"ILC2/3","Megakaryocytes","ITGB2","CD226",0.020285046284015,0,"ITGB2_CD226","ITGB2 - CD226","ITGB2","Cell-Cell Contact","KEGG: hsa04514","PBMC_Late"
"MEMP","Megakaryocytes","ITGB2","CD226",0.00257248518198822,0,"ITGB2_CD226","ITGB2 - CD226","ITGB2","Cell-Cell Contact","KEGG: hsa04514","PBMC_Late"
"MEP","Megakaryocytes","ITGB2","CD226",0.0010910738421876,0,"ITGB2_CD226","ITGB2 - CD226","ITGB2","Cell-Cell Contact","KEGG: hsa04514","PBMC_Late"
"Myeloid-CD177","Megakaryocytes","ITGB2","CD226",0.0105877369673924,0,"ITGB2_CD226","ITGB2 - CD226","ITGB2","Cell-Cell Contact","KEGG: hsa04514","PBMC_Late"
"Naïve CD4 T","Megakaryocytes","ITGB2","CD226",0.0174117790360521,0,"ITGB2_CD226","ITGB2 - CD226","ITGB2","Cell-Cell Contact","KEGG: hsa04514","PBMC_Late"
"Naïve CD8 T","Megakaryocytes","ITGB2","CD226",0.0155680592175137,0,"ITGB2_CD226","ITGB2 - CD226","ITGB2","Cell-Cell Contact","KEGG: hsa04514","PBMC_Late"
"NK T","Megakaryocytes","ITGB2","CD226",0.0321477957294008,0,"ITGB2_CD226","ITGB2 - CD226","ITGB2","Cell-Cell Contact","KEGG: hsa04514","PBMC_Late"
"pDC","Megakaryocytes","ITGB2","CD226",0.0135118095800959,0,"ITGB2_CD226","ITGB2 - CD226","ITGB2","Cell-Cell Contact","KEGG: hsa04514","PBMC_Late"
"Tem","Megakaryocytes","ITGB2","CD226",0.0268841710117695,0,"ITGB2_CD226","ITGB2 - CD226","ITGB2","Cell-Cell Contact","KEGG: hsa04514","PBMC_Late"
"Th17like_INNATE_T","Megakaryocytes","ITGB2","CD226",0.0217099949972751,0,"ITGB2_CD226","ITGB2 - CD226","ITGB2","Cell-Cell Contact","KEGG: hsa04514","PBMC_Late"
"Treg","Megakaryocytes","ITGB2","CD226",0.0178394206237329,0,"ITGB2_CD226","ITGB2 - CD226","ITGB2","Cell-Cell Contact","KEGG: hsa04514","PBMC_Late"
"abTentry","Th17like_INNATE_T","ITGB2","CD226",0.00278381345260613,0,"ITGB2_CD226","ITGB2 - CD226","ITGB2","Cell-Cell Contact","KEGG: hsa04514","PBMC_Late"
"CD14+PPBP+ Monocytes","Th17like_INNATE_T","ITGB2","CD226",0.013955158107041,0,"ITGB2_CD226","ITGB2 - CD226","ITGB2","Cell-Cell Contact","KEGG: hsa04514","PBMC_Late"
"CD56highCD16low NK","Th17like_INNATE_T","ITGB2","CD226",0.00439411525960672,0,"ITGB2_CD226","ITGB2 - CD226","ITGB2","Cell-Cell Contact","KEGG: hsa04514","PBMC_Late"
"Classical Monocytes","Th17like_INNATE_T","ITGB2","CD226",0.0151574416713535,0,"ITGB2_CD226","ITGB2 - CD226","ITGB2","Cell-Cell Contact","KEGG: hsa04514","PBMC_Late"
"CX3CR1+ NK","Th17like_INNATE_T","ITGB2","CD226",0.0170423472517849,0,"ITGB2_CD226","ITGB2 - CD226","ITGB2","Cell-Cell Contact","KEGG: hsa04514","PBMC_Late"
"CXCR5- Naïve B","Th17like_INNATE_T","ITGB2","CD226",0.00188845166648572,0,"ITGB2_CD226","ITGB2 - CD226","ITGB2","Cell-Cell Contact","KEGG: hsa04514","PBMC_Late"
"CXCR5+ Naïve B","Th17like_INNATE_T","ITGB2","CD226",0.00190038120973582,0,"ITGB2_CD226","ITGB2 - CD226","ITGB2","Cell-Cell Contact","KEGG: hsa04514","PBMC_Late"
"CXCR6+ NK","Th17like_INNATE_T","ITGB2","CD226",0.0145855415651585,0,"ITGB2_CD226","ITGB2 - CD226","ITGB2","Cell-Cell Contact","KEGG: hsa04514","PBMC_Late"
"DC2","Th17like_INNATE_T","ITGB2","CD226",0.0145693394256703,0,"ITGB2_CD226","ITGB2 - CD226","ITGB2","Cell-Cell Contact","KEGG: hsa04514","PBMC_Late"
"Gamma Delta V1 T","Th17like_INNATE_T","ITGB2","CD226",0.00937257412461769,0,"ITGB2_CD226","ITGB2 - CD226","ITGB2","Cell-Cell Contact","KEGG: hsa04514","PBMC_Late"
"Gamma Delta V2 T","Th17like_INNATE_T","ITGB2","CD226",0.0121377847594248,0,"ITGB2_CD226","ITGB2 - CD226","ITGB2","Cell-Cell Contact","KEGG: hsa04514","PBMC_Late"
"HSC_MPP","Th17like_INNATE_T","ITGB2","CD226",0.00319374163732442,0,"ITGB2_CD226","ITGB2 - CD226","ITGB2","Cell-Cell Contact","KEGG: hsa04514","PBMC_Late"
"ILC2/3","Th17like_INNATE_T","ITGB2","CD226",0.00802649730582915,0,"ITGB2_CD226","ITGB2 - CD226","ITGB2","Cell-Cell Contact","KEGG: hsa04514","PBMC_Late"
"MEMP","Th17like_INNATE_T","ITGB2","CD226",0.00100689400529308,0,"ITGB2_CD226","ITGB2 - CD226","ITGB2","Cell-Cell Contact","KEGG: hsa04514","PBMC_Late"
"MEP","Th17like_INNATE_T","ITGB2","CD226",0.000426670519295367,0,"ITGB2_CD226","ITGB2 - CD226","ITGB2","Cell-Cell Contact","KEGG: hsa04514","PBMC_Late"
"Myeloid-CD177","Th17like_INNATE_T","ITGB2","CD226",0.00416450304656562,0,"ITGB2_CD226","ITGB2 - CD226","ITGB2","Cell-Cell Contact","KEGG: hsa04514","PBMC_Late"
"Naïve CD4 T","Th17like_INNATE_T","ITGB2","CD226",0.00687739844050735,0,"ITGB2_CD226","ITGB2 - CD226","ITGB2","Cell-Cell Contact","KEGG: hsa04514","PBMC_Late"
"Naïve CD8 T","Th17like_INNATE_T","ITGB2","CD226",0.00614218316077496,0,"ITGB2_CD226","ITGB2 - CD226","ITGB2","Cell-Cell Contact","KEGG: hsa04514","PBMC_Late"
"NK T","Th17like_INNATE_T","ITGB2","CD226",0.0128141791703967,0,"ITGB2_CD226","ITGB2 - CD226","ITGB2","Cell-Cell Contact","KEGG: hsa04514","PBMC_Late"
"pDC","Th17like_INNATE_T","ITGB2","CD226",0.00532418223354548,0,"ITGB2_CD226","ITGB2 - CD226","ITGB2","Cell-Cell Contact","KEGG: hsa04514","PBMC_Late"
"Tem","Th17like_INNATE_T","ITGB2","CD226",0.0106811526483104,0,"ITGB2_CD226","ITGB2 - CD226","ITGB2","Cell-Cell Contact","KEGG: hsa04514","PBMC_Late"
"Th17like_INNATE_T","Th17like_INNATE_T","ITGB2","CD226",0.00859788583701726,0,"ITGB2_CD226","ITGB2 - CD226","ITGB2","Cell-Cell Contact","KEGG: hsa04514","PBMC_Late"
"Treg","Th17like_INNATE_T","ITGB2","CD226",0.00704816650457559,0,"ITGB2_CD226","ITGB2 - CD226","ITGB2","Cell-Cell Contact","KEGG: hsa04514","PBMC_Late"
"CD14+PPBP+ Monocytes","CD14+PPBP+ Monocytes","ITGB2","ICAM2",0.041607028647016,0,"ITGB2_ICAM2","ITGB2 - ICAM2","ITGB2","Cell-Cell Contact","KEGG: hsa04514","PBMC_Late"
"CD56highCD16low NK","CD14+PPBP+ Monocytes","ITGB2","ICAM2",0.0133576096042311,0,"ITGB2_ICAM2","ITGB2 - ICAM2","ITGB2","Cell-Cell Contact","KEGG: hsa04514","PBMC_Late"
"Classical Monocytes","CD14+PPBP+ Monocytes","ITGB2","ICAM2",0.0450826928249878,0,"ITGB2_ICAM2","ITGB2 - ICAM2","ITGB2","Cell-Cell Contact","KEGG: hsa04514","PBMC_Late"
"CX3CR1+ NK","CD14+PPBP+ Monocytes","ITGB2","ICAM2",0.050498142866692,0,"ITGB2_ICAM2","ITGB2 - ICAM2","ITGB2","Cell-Cell Contact","KEGG: hsa04514","PBMC_Late"
"CXCR6+ NK","CD14+PPBP+ Monocytes","ITGB2","ICAM2",0.0434314867732723,0,"ITGB2_ICAM2","ITGB2 - ICAM2","ITGB2","Cell-Cell Contact","KEGG: hsa04514","PBMC_Late"
"DC2","CD14+PPBP+ Monocytes","ITGB2","ICAM2",0.0433846522851684,0,"ITGB2_ICAM2","ITGB2 - ICAM2","ITGB2","Cell-Cell Contact","KEGG: hsa04514","PBMC_Late"
"Gamma Delta V1 T","CD14+PPBP+ Monocytes","ITGB2","ICAM2",0.0282038689650738,0,"ITGB2_ICAM2","ITGB2 - ICAM2","ITGB2","Cell-Cell Contact","KEGG: hsa04514","PBMC_Late"
"Gamma Delta V2 T","CD14+PPBP+ Monocytes","ITGB2","ICAM2",0.0363212129035017,0,"ITGB2_ICAM2","ITGB2 - ICAM2","ITGB2","Cell-Cell Contact","KEGG: hsa04514","PBMC_Late"
"ILC2/3","CD14+PPBP+ Monocytes","ITGB2","ICAM2",0.0242193879405051,0,"ITGB2_ICAM2","ITGB2 - ICAM2","ITGB2","Cell-Cell Contact","KEGG: hsa04514","PBMC_Late"
"Myeloid-CD177","CD14+PPBP+ Monocytes","ITGB2","ICAM2",0.0126655731632038,0,"ITGB2_ICAM2","ITGB2 - ICAM2","ITGB2","Cell-Cell Contact","KEGG: hsa04514","PBMC_Late"
"Naïve CD4 T","CD14+PPBP+ Monocytes","ITGB2","ICAM2",0.020800674217297,0,"ITGB2_ICAM2","ITGB2 - ICAM2","ITGB2","Cell-Cell Contact","KEGG: hsa04514","PBMC_Late"
"Naïve CD8 T","CD14+PPBP+ Monocytes","ITGB2","ICAM2",0.0186049015372654,0,"ITGB2_ICAM2","ITGB2 - ICAM2","ITGB2","Cell-Cell Contact","KEGG: hsa04514","PBMC_Late"
"NK T","CD14+PPBP+ Monocytes","ITGB2","ICAM2",0.0382930216100826,0,"ITGB2_ICAM2","ITGB2 - ICAM2","ITGB2","Cell-Cell Contact","KEGG: hsa04514","PBMC_Late"
"pDC","CD14+PPBP+ Monocytes","ITGB2","ICAM2",0.0161541238436816,0,"ITGB2_ICAM2","ITGB2 - ICAM2","ITGB2","Cell-Cell Contact","KEGG: hsa04514","PBMC_Late"
"Tem","CD14+PPBP+ Monocytes","ITGB2","ICAM2",0.032056552123412,0,"ITGB2_ICAM2","ITGB2 - ICAM2","ITGB2","Cell-Cell Contact","KEGG: hsa04514","PBMC_Late"
"Th17like_INNATE_T","CD14+PPBP+ Monocytes","ITGB2","ICAM2",0.0259133994124271,0,"ITGB2_ICAM2","ITGB2 - ICAM2","ITGB2","Cell-Cell Contact","KEGG: hsa04514","PBMC_Late"
"Treg","CD14+PPBP+ Monocytes","ITGB2","ICAM2",0.0213097435836605,0,"ITGB2_ICAM2","ITGB2 - ICAM2","ITGB2","Cell-Cell Contact","KEGG: hsa04514","PBMC_Late"
"CD14+PPBP+ Monocytes","CX3CR1+ NK","ITGB2","ICAM2",0.0261857492393278,0,"ITGB2_ICAM2","ITGB2 - ICAM2","ITGB2","Cell-Cell Contact","KEGG: hsa04514","PBMC_Late"
"CD56highCD16low NK","CX3CR1+ NK","ITGB2","ICAM2",0.00831587844200121,0,"ITGB2_ICAM2","ITGB2 - ICAM2","ITGB2","Cell-Cell Contact","KEGG: hsa04514","PBMC_Late"
"Classical Monocytes","CX3CR1+ NK","ITGB2","ICAM2",0.0284113782114018,0,"ITGB2_ICAM2","ITGB2 - ICAM2","ITGB2","Cell-Cell Contact","KEGG: hsa04514","PBMC_Late"
"CX3CR1+ NK","CX3CR1+ NK","ITGB2","ICAM2",0.0318911070095247,0,"ITGB2_ICAM2","ITGB2 - ICAM2","ITGB2","Cell-Cell Contact","KEGG: hsa04514","PBMC_Late"
"CXCR6+ NK","CX3CR1+ NK","ITGB2","ICAM2",0.0273532878311904,0,"ITGB2_ICAM2","ITGB2 - ICAM2","ITGB2","Cell-Cell Contact","KEGG: hsa04514","PBMC_Late"
"DC2","CX3CR1+ NK","ITGB2","ICAM2",0.0273232960826116,0,"ITGB2_ICAM2","ITGB2 - ICAM2","ITGB2","Cell-Cell Contact","KEGG: hsa04514","PBMC_Late"
"Gamma Delta V1 T","CX3CR1+ NK","ITGB2","ICAM2",0.0176588196053339,0,"ITGB2_ICAM2","ITGB2 - ICAM2","ITGB2","Cell-Cell Contact","KEGG: hsa04514","PBMC_Late"
"Gamma Delta V2 T","CX3CR1+ NK","ITGB2","ICAM2",0.022812441578786,0,"ITGB2_ICAM2","ITGB2 - ICAM2","ITGB2","Cell-Cell Contact","KEGG: hsa04514","PBMC_Late"
"ILC2/3","CX3CR1+ NK","ITGB2","ICAM2",0.0151408720845894,0,"ITGB2_ICAM2","ITGB2 - ICAM2","ITGB2","Cell-Cell Contact","KEGG: hsa04514","PBMC_Late"
"Myeloid-CD177","CX3CR1+ NK","ITGB2","ICAM2",0.00788295911089955,0,"ITGB2_ICAM2","ITGB2 - ICAM2","ITGB2","Cell-Cell Contact","KEGG: hsa04514","PBMC_Late"
"Naïve CD4 T","CX3CR1+ NK","ITGB2","ICAM2",0.0129865907970218,0,"ITGB2_ICAM2","ITGB2 - ICAM2","ITGB2","Cell-Cell Contact","KEGG: hsa04514","PBMC_Late"
"Naïve CD8 T","CX3CR1+ NK","ITGB2","ICAM2",0.0116059160735995,0,"ITGB2_ICAM2","ITGB2 - ICAM2","ITGB2","Cell-Cell Contact","KEGG: hsa04514","PBMC_Late"
"NK T","CX3CR1+ NK","ITGB2","ICAM2",0.0240692019064607,0,"ITGB2_ICAM2","ITGB2 - ICAM2","ITGB2","Cell-Cell Contact","KEGG: hsa04514","PBMC_Late"
"pDC","CX3CR1+ NK","ITGB2","ICAM2",0.0100676395206797,0,"ITGB2_ICAM2","ITGB2 - ICAM2","ITGB2","Cell-Cell Contact","KEGG: hsa04514","PBMC_Late"
"Tem","CX3CR1+ NK","ITGB2","ICAM2",0.0201008309724682,0,"ITGB2_ICAM2","ITGB2 - ICAM2","ITGB2","Cell-Cell Contact","KEGG: hsa04514","PBMC_Late"
"Th17like_INNATE_T","CX3CR1+ NK","ITGB2","ICAM2",0.0162104408545995,0,"ITGB2_ICAM2","ITGB2 - ICAM2","ITGB2","Cell-Cell Contact","KEGG: hsa04514","PBMC_Late"
"Treg","CX3CR1+ NK","ITGB2","ICAM2",0.0133070195517077,0,"ITGB2_ICAM2","ITGB2 - ICAM2","ITGB2","Cell-Cell Contact","KEGG: hsa04514","PBMC_Late"
"CD14+PPBP+ Monocytes","CXCR5- Naïve B","ITGB2","ICAM2",0.0149081656713315,0,"ITGB2_ICAM2","ITGB2 - ICAM2","ITGB2","Cell-Cell Contact","KEGG: hsa04514","PBMC_Late"
"Classical Monocytes","CXCR5- Naïve B","ITGB2","ICAM2",0.0161912058362695,0,"ITGB2_ICAM2","ITGB2 - ICAM2","ITGB2","Cell-Cell Contact","KEGG: hsa04514","PBMC_Late"
"CX3CR1+ NK","CXCR5- Naïve B","ITGB2","ICAM2",0.0182022893017596,0,"ITGB2_ICAM2","ITGB2 - ICAM2","ITGB2","Cell-Cell Contact","KEGG: hsa04514","PBMC_Late"
"CXCR6+ NK","CXCR5- Naïve B","ITGB2","ICAM2",0.0155809182183081,0,"ITGB2_ICAM2","ITGB2 - ICAM2","ITGB2","Cell-Cell Contact","KEGG: hsa04514","PBMC_Late"
"DC2","CXCR5- Naïve B","ITGB2","ICAM2",0.0155636278423668,0,"ITGB2_ICAM2","ITGB2 - ICAM2","ITGB2","Cell-Cell Contact","KEGG: hsa04514","PBMC_Late"
"Gamma Delta V1 T","CXCR5- Naïve B","ITGB2","ICAM2",0.0100158125928404,0.01,"ITGB2_ICAM2","ITGB2 - ICAM2","ITGB2","Cell-Cell Contact","KEGG: hsa04514","PBMC_Late"
"Gamma Delta V2 T","CXCR5- Naïve B","ITGB2","ICAM2",0.0129683148916689,0,"ITGB2_ICAM2","ITGB2 - ICAM2","ITGB2","Cell-Cell Contact","KEGG: hsa04514","PBMC_Late"
"NK T","CXCR5- Naïve B","ITGB2","ICAM2",0.013690350305687,0,"ITGB2_ICAM2","ITGB2 - ICAM2","ITGB2","Cell-Cell Contact","KEGG: hsa04514","PBMC_Late"
"Tem","CXCR5- Naïve B","ITGB2","ICAM2",0.0114131639938341,0,"ITGB2_ICAM2","ITGB2 - ICAM2","ITGB2","Cell-Cell Contact","KEGG: hsa04514","PBMC_Late"
"Th17like_INNATE_T","CXCR5- Naïve B","ITGB2","ICAM2",0.00918845069708696,0.02,"ITGB2_ICAM2","ITGB2 - ICAM2","ITGB2","Cell-Cell Contact","KEGG: hsa04514","PBMC_Late"
"CD14+PPBP+ Monocytes","CXCR5+ Naïve B","ITGB2","ICAM2",0.0106536347542858,0,"ITGB2_ICAM2","ITGB2 - ICAM2","ITGB2","Cell-Cell Contact","KEGG: hsa04514","PBMC_Late"
"Classical Monocytes","CXCR5+ Naïve B","ITGB2","ICAM2",0.0115748199402889,0,"ITGB2_ICAM2","ITGB2 - ICAM2","ITGB2","Cell-Cell Contact","KEGG: hsa04514","PBMC_Late"
"CX3CR1+ NK","CXCR5+ Naïve B","ITGB2","ICAM2",0.0130200980978729,0,"ITGB2_ICAM2","ITGB2 - ICAM2","ITGB2","Cell-Cell Contact","KEGG: hsa04514","PBMC_Late"
"CXCR6+ NK","CXCR5+ Naïve B","ITGB2","ICAM2",0.0111365659256682,0,"ITGB2_ICAM2","ITGB2 - ICAM2","ITGB2","Cell-Cell Contact","KEGG: hsa04514","PBMC_Late"
"DC2","CXCR5+ Naïve B","ITGB2","ICAM2",0.0111241517810837,0,"ITGB2_ICAM2","ITGB2 - ICAM2","ITGB2","Cell-Cell Contact","KEGG: hsa04514","PBMC_Late"
"Gamma Delta V1 T","CXCR5+ Naïve B","ITGB2","ICAM2",0.00714734397551973,0.04,"ITGB2_ICAM2","ITGB2 - ICAM2","ITGB2","Cell-Cell Contact","KEGG: hsa04514","PBMC_Late"
"Gamma Delta V2 T","CXCR5+ Naïve B","ITGB2","ICAM2",0.00926217847476018,0,"ITGB2_ICAM2","ITGB2 - ICAM2","ITGB2","Cell-Cell Contact","KEGG: hsa04514","PBMC_Late"
"NK T","CXCR5+ Naïve B","ITGB2","ICAM2",0.00977991230877343,0,"ITGB2_ICAM2","ITGB2 - ICAM2","ITGB2","Cell-Cell Contact","KEGG: hsa04514","PBMC_Late"
"Tem","CXCR5+ Naïve B","ITGB2","ICAM2",0.00814779600164395,0,"ITGB2_ICAM2","ITGB2 - ICAM2","ITGB2","Cell-Cell Contact","KEGG: hsa04514","PBMC_Late"
"CD14+PPBP+ Monocytes","CXCR6+ NK","ITGB2","ICAM2",0.039570925188255,0,"ITGB2_ICAM2","ITGB2 - ICAM2","ITGB2","Cell-Cell Contact","KEGG: hsa04514","PBMC_Late"
"CD56highCD16low NK","CXCR6+ NK","ITGB2","ICAM2",0.0126856362649985,0.03,"ITGB2_ICAM2","ITGB2 - ICAM2","ITGB2","Cell-Cell Contact","KEGG: hsa04514","PBMC_Late"
"Classical Monocytes","CXCR6+ NK","ITGB2","ICAM2",0.0428841131194101,0,"ITGB2_ICAM2","ITGB2 - ICAM2","ITGB2","Cell-Cell Contact","KEGG: hsa04514","PBMC_Late"
"CX3CR1+ NK","CXCR6+ NK","ITGB2","ICAM2",0.0480487527858282,0,"ITGB2_ICAM2","ITGB2 - ICAM2","ITGB2","Cell-Cell Contact","KEGG: hsa04514","PBMC_Late"
"CXCR6+ NK","CXCR6+ NK","ITGB2","ICAM2",0.0413099490522753,0,"ITGB2_ICAM2","ITGB2 - ICAM2","ITGB2","Cell-Cell Contact","KEGG: hsa04514","PBMC_Late"
"DC2","CXCR6+ NK","ITGB2","ICAM2",0.0412653036396844,0,"ITGB2_ICAM2","ITGB2 - ICAM2","ITGB2","Cell-Cell Contact","KEGG: hsa04514","PBMC_Late"
"Gamma Delta V1 T","CXCR6+ NK","ITGB2","ICAM2",0.0268053245821053,0,"ITGB2_ICAM2","ITGB2 - ICAM2","ITGB2","Cell-Cell Contact","KEGG: hsa04514","PBMC_Late"
"Gamma Delta V2 T","CXCR6+ NK","ITGB2","ICAM2",0.0345344580854162,0,"ITGB2_ICAM2","ITGB2 - ICAM2","ITGB2","Cell-Cell Contact","KEGG: hsa04514","PBMC_Late"
"ILC2/3","CXCR6+ NK","ITGB2","ICAM2",0.0230137429130748,0,"ITGB2_ICAM2","ITGB2 - ICAM2","ITGB2","Cell-Cell Contact","KEGG: hsa04514","PBMC_Late"
"Myeloid-CD177","CXCR6+ NK","ITGB2","ICAM2",0.0120279892806025,0.03,"ITGB2_ICAM2","ITGB2 - ICAM2","ITGB2","Cell-Cell Contact","KEGG: hsa04514","PBMC_Late"
"Naïve CD4 T","CXCR6+ NK","ITGB2","ICAM2",0.0197617666951861,0,"ITGB2_ICAM2","ITGB2 - ICAM2","ITGB2","Cell-Cell Contact","KEGG: hsa04514","PBMC_Late"
"Naïve CD8 T","CXCR6+ NK","ITGB2","ICAM2",0.0176736843234877,0,"ITGB2_ICAM2","ITGB2 - ICAM2","ITGB2","Cell-Cell Contact","KEGG: hsa04514","PBMC_Late"
"NK T","CXCR6+ NK","ITGB2","ICAM2",0.0364129324720458,0,"ITGB2_ICAM2","ITGB2 - ICAM2","ITGB2","Cell-Cell Contact","KEGG: hsa04514","PBMC_Late"
"pDC","CXCR6+ NK","ITGB2","ICAM2",0.0153436557312155,0,"ITGB2_ICAM2","ITGB2 - ICAM2","ITGB2","Cell-Cell Contact","KEGG: hsa04514","PBMC_Late"
"Tem","CXCR6+ NK","ITGB2","ICAM2",0.0304729554584486,0,"ITGB2_ICAM2","ITGB2 - ICAM2","ITGB2","Cell-Cell Contact","KEGG: hsa04514","PBMC_Late"
"Th17like_INNATE_T","CXCR6+ NK","ITGB2","ICAM2",0.0246255543922104,0,"ITGB2_ICAM2","ITGB2 - ICAM2","ITGB2","Cell-Cell Contact","KEGG: hsa04514","PBMC_Late"
"Treg","CXCR6+ NK","ITGB2","ICAM2",0.0202459358615464,0,"ITGB2_ICAM2","ITGB2 - ICAM2","ITGB2","Cell-Cell Contact","KEGG: hsa04514","PBMC_Late"
"CD14+PPBP+ Monocytes","DC2","ITGB2","ICAM2",0.0133588123409423,0,"ITGB2_ICAM2","ITGB2 - ICAM2","ITGB2","Cell-Cell Contact","KEGG: hsa04514","PBMC_Late"
"Classical Monocytes","DC2","ITGB2","ICAM2",0.0145104747803885,0,"ITGB2_ICAM2","ITGB2 - ICAM2","ITGB2","Cell-Cell Contact","KEGG: hsa04514","PBMC_Late"
"CX3CR1+ NK","DC2","ITGB2","ICAM2",0.0163162596171655,0,"ITGB2_ICAM2","ITGB2 - ICAM2","ITGB2","Cell-Cell Contact","KEGG: hsa04514","PBMC_Late"
"CXCR6+ NK","DC2","ITGB2","ICAM2",0.0139626390742253,0,"ITGB2_ICAM2","ITGB2 - ICAM2","ITGB2","Cell-Cell Contact","KEGG: hsa04514","PBMC_Late"
"DC2","DC2","ITGB2","ICAM2",0.0139471190835838,0,"ITGB2_ICAM2","ITGB2 - ICAM2","ITGB2","Cell-Cell Contact","KEGG: hsa04514","PBMC_Late"
"Gamma Delta V2 T","DC2","ITGB2","ICAM2",0.011618185748718,0,"ITGB2_ICAM2","ITGB2 - ICAM2","ITGB2","Cell-Cell Contact","KEGG: hsa04514","PBMC_Late"
"NK T","DC2","ITGB2","ICAM2",0.0122659843345029,0,"ITGB2_ICAM2","ITGB2 - ICAM2","ITGB2","Cell-Cell Contact","KEGG: hsa04514","PBMC_Late"
"CD14+PPBP+ Monocytes","Gamma Delta V1 T","ITGB2","ICAM2",0.0214170617222001,0,"ITGB2_ICAM2","ITGB2 - ICAM2","ITGB2","Cell-Cell Contact","KEGG: hsa04514","PBMC_Late"
"Classical Monocytes","Gamma Delta V1 T","ITGB2","ICAM2",0.0232470569535027,0,"ITGB2_ICAM2","ITGB2 - ICAM2","ITGB2","Cell-Cell Contact","KEGG: hsa04514","PBMC_Late"
"CX3CR1+ NK","Gamma Delta V1 T","ITGB2","ICAM2",0.0261112758357471,0,"ITGB2_ICAM2","ITGB2 - ICAM2","ITGB2","Cell-Cell Contact","KEGG: hsa04514","PBMC_Late"
"CXCR6+ NK","Gamma Delta V1 T","ITGB2","ICAM2",0.022376865545003,0,"ITGB2_ICAM2","ITGB2 - ICAM2","ITGB2","Cell-Cell Contact","KEGG: hsa04514","PBMC_Late"
"DC2","Gamma Delta V1 T","ITGB2","ICAM2",0.0223522048441874,0,"ITGB2_ICAM2","ITGB2 - ICAM2","ITGB2","Cell-Cell Contact","KEGG: hsa04514","PBMC_Late"
"Gamma Delta V1 T","Gamma Delta V1 T","ITGB2","ICAM2",0.0144199774545577,0,"ITGB2_ICAM2","ITGB2 - ICAM2","ITGB2","Cell-Cell Contact","KEGG: hsa04514","PBMC_Late"
"Gamma Delta V2 T","Gamma Delta V1 T","ITGB2","ICAM2",0.0186463045280698,0,"ITGB2_ICAM2","ITGB2 - ICAM2","ITGB2","Cell-Cell Contact","KEGG: hsa04514","PBMC_Late"
"ILC2/3","Gamma Delta V1 T","ITGB2","ICAM2",0.012358042301194,0.01,"ITGB2_ICAM2","ITGB2 - ICAM2","ITGB2","Cell-Cell Contact","KEGG: hsa04514","PBMC_Late"
"NK T","Gamma Delta V1 T","ITGB2","ICAM2",0.0196781700847703,0,"ITGB2_ICAM2","ITGB2 - ICAM2","ITGB2","Cell-Cell Contact","KEGG: hsa04514","PBMC_Late"
"Tem","Gamma Delta V1 T","ITGB2","ICAM2",0.0164215816104143,0,"ITGB2_ICAM2","ITGB2 - ICAM2","ITGB2","Cell-Cell Contact","KEGG: hsa04514","PBMC_Late"
"Th17like_INNATE_T","Gamma Delta V1 T","ITGB2","ICAM2",0.0132336702470311,0,"ITGB2_ICAM2","ITGB2 - ICAM2","ITGB2","Cell-Cell Contact","KEGG: hsa04514","PBMC_Late"
"CD14+PPBP+ Monocytes","Gamma Delta V2 T","ITGB2","ICAM2",0.0216146067757675,0,"ITGB2_ICAM2","ITGB2 - ICAM2","ITGB2","Cell-Cell Contact","KEGG: hsa04514","PBMC_Late"
"Classical Monocytes","Gamma Delta V2 T","ITGB2","ICAM2",0.0234610767017808,0,"ITGB2_ICAM2","ITGB2 - ICAM2","ITGB2","Cell-Cell Contact","KEGG: hsa04514","PBMC_Late"
"CX3CR1+ NK","Gamma Delta V2 T","ITGB2","ICAM2",0.0263509531043315,0,"ITGB2_ICAM2","ITGB2 - ICAM2","ITGB2","Cell-Cell Contact","KEGG: hsa04514","PBMC_Late"
"CXCR6+ NK","Gamma Delta V2 T","ITGB2","ICAM2",0.022583059260965,0,"ITGB2_ICAM2","ITGB2 - ICAM2","ITGB2","Cell-Cell Contact","KEGG: hsa04514","PBMC_Late"
"DC2","Gamma Delta V2 T","ITGB2","ICAM2",0.0225581765652337,0,"ITGB2_ICAM2","ITGB2 - ICAM2","ITGB2","Cell-Cell Contact","KEGG: hsa04514","PBMC_Late"
"Gamma Delta V1 T","Gamma Delta V2 T","ITGB2","ICAM2",0.0145539431948923,0,"ITGB2_ICAM2","ITGB2 - ICAM2","ITGB2","Cell-Cell Contact","KEGG: hsa04514","PBMC_Late"
"Gamma Delta V2 T","Gamma Delta V2 T","ITGB2","ICAM2",0.0188187843555158,0,"ITGB2_ICAM2","ITGB2 - ICAM2","ITGB2","Cell-Cell Contact","KEGG: hsa04514","PBMC_Late"
"ILC2/3","Gamma Delta V2 T","ITGB2","ICAM2",0.0124730945006423,0.01,"ITGB2_ICAM2","ITGB2 - ICAM2","ITGB2","Cell-Cell Contact","KEGG: hsa04514","PBMC_Late"
"NK T","Gamma Delta V2 T","ITGB2","ICAM2",0.019860001589908,0,"ITGB2_ICAM2","ITGB2 - ICAM2","ITGB2","Cell-Cell Contact","KEGG: hsa04514","PBMC_Late"
"Tem","Gamma Delta V2 T","ITGB2","ICAM2",0.016573830121839,0,"ITGB2_ICAM2","ITGB2 - ICAM2","ITGB2","Cell-Cell Contact","KEGG: hsa04514","PBMC_Late"
"Th17like_INNATE_T","Gamma Delta V2 T","ITGB2","ICAM2",0.0133567642124932,0,"ITGB2_ICAM2","ITGB2 - ICAM2","ITGB2","Cell-Cell Contact","KEGG: hsa04514","PBMC_Late"
"CD14+PPBP+ Monocytes","HSC_MPP","ITGB2","ICAM2",0.0256687491452965,0,"ITGB2_ICAM2","ITGB2 - ICAM2","ITGB2","Cell-Cell Contact","KEGG: hsa04514","PBMC_Late"
"Classical Monocytes","HSC_MPP","ITGB2","ICAM2",0.0278516930270517,0,"ITGB2_ICAM2","ITGB2 - ICAM2","ITGB2","Cell-Cell Contact","KEGG: hsa04514","PBMC_Late"
"CX3CR1+ NK","HSC_MPP","ITGB2","ICAM2",0.0312650793308622,0,"ITGB2_ICAM2","ITGB2 - ICAM2","ITGB2","Cell-Cell Contact","KEGG: hsa04514","PBMC_Late"
"CXCR6+ NK","HSC_MPP","ITGB2","ICAM2",0.0268138710779484,0,"ITGB2_ICAM2","ITGB2 - ICAM2","ITGB2","Cell-Cell Contact","KEGG: hsa04514","PBMC_Late"
"DC2","HSC_MPP","ITGB2","ICAM2",0.0267844544904028,0,"ITGB2_ICAM2","ITGB2 - ICAM2","ITGB2","Cell-Cell Contact","KEGG: hsa04514","PBMC_Late"
"Gamma Delta V1 T","HSC_MPP","ITGB2","ICAM2",0.0173071794702751,0,"ITGB2_ICAM2","ITGB2 - ICAM2","ITGB2","Cell-Cell Contact","KEGG: hsa04514","PBMC_Late"
"Gamma Delta V2 T","HSC_MPP","ITGB2","ICAM2",0.0223605133297738,0,"ITGB2_ICAM2","ITGB2 - ICAM2","ITGB2","Cell-Cell Contact","KEGG: hsa04514","PBMC_Late"
"ILC2/3","HSC_MPP","ITGB2","ICAM2",0.0148386144660382,0,"ITGB2_ICAM2","ITGB2 - ICAM2","ITGB2","Cell-Cell Contact","KEGG: hsa04514","PBMC_Late"
"Naïve CD4 T","HSC_MPP","ITGB2","ICAM2",0.01272678340906,0,"ITGB2_ICAM2","ITGB2 - ICAM2","ITGB2","Cell-Cell Contact","KEGG: hsa04514","PBMC_Late"
"Naïve CD8 T","HSC_MPP","ITGB2","ICAM2",0.0113734119301197,0,"ITGB2_ICAM2","ITGB2 - ICAM2","ITGB2","Cell-Cell Contact","KEGG: hsa04514","PBMC_Late"
"NK T","HSC_MPP","ITGB2","ICAM2",0.0235929775875905,0,"ITGB2_ICAM2","ITGB2 - ICAM2","ITGB2","Cell-Cell Contact","KEGG: hsa04514","PBMC_Late"
"pDC","HSC_MPP","ITGB2","ICAM2",0.00986564444981849,0.03,"ITGB2_ICAM2","ITGB2 - ICAM2","ITGB2","Cell-Cell Contact","KEGG: hsa04514","PBMC_Late"
"Tem","HSC_MPP","ITGB2","ICAM2",0.0197015383208201,0,"ITGB2_ICAM2","ITGB2 - ICAM2","ITGB2","Cell-Cell Contact","KEGG: hsa04514","PBMC_Late"
"Th17like_INNATE_T","HSC_MPP","ITGB2","ICAM2",0.0158871758425146,0,"ITGB2_ICAM2","ITGB2 - ICAM2","ITGB2","Cell-Cell Contact","KEGG: hsa04514","PBMC_Late"
"Treg","HSC_MPP","ITGB2","ICAM2",0.0130408864217535,0,"ITGB2_ICAM2","ITGB2 - ICAM2","ITGB2","Cell-Cell Contact","KEGG: hsa04514","PBMC_Late"
"CD14+PPBP+ Monocytes","ILC2/3","ITGB2","ICAM2",0.0238100174524321,0,"ITGB2_ICAM2","ITGB2 - ICAM2","ITGB2","Cell-Cell Contact","KEGG: hsa04514","PBMC_Late"
"Classical Monocytes","ILC2/3","ITGB2","ICAM2",0.0258390815080777,0,"ITGB2_ICAM2","ITGB2 - ICAM2","ITGB2","Cell-Cell Contact","KEGG: hsa04514","PBMC_Late"
"CX3CR1+ NK","ILC2/3","ITGB2","ICAM2",0.0290131719460609,0,"ITGB2_ICAM2","ITGB2 - ICAM2","ITGB2","Cell-Cell Contact","KEGG: hsa04514","PBMC_Late"
"CXCR6+ NK","ILC2/3","ITGB2","ICAM2",0.0248743354779584,0,"ITGB2_ICAM2","ITGB2 - ICAM2","ITGB2","Cell-Cell Contact","KEGG: hsa04514","PBMC_Late"
"DC2","ILC2/3","ITGB2","ICAM2",0.0248469923629766,0,"ITGB2_ICAM2","ITGB2 - ICAM2","ITGB2","Cell-Cell Contact","KEGG: hsa04514","PBMC_Late"
"Gamma Delta V1 T","ILC2/3","ITGB2","ICAM2",0.0160439575713797,0,"ITGB2_ICAM2","ITGB2 - ICAM2","ITGB2","Cell-Cell Contact","KEGG: hsa04514","PBMC_Late"
"Gamma Delta V2 T","ILC2/3","ITGB2","ICAM2",0.0207362400359741,0,"ITGB2_ICAM2","ITGB2 - ICAM2","ITGB2","Cell-Cell Contact","KEGG: hsa04514","PBMC_Late"
"ILC2/3","ILC2/3","ITGB2","ICAM2",0.0137530473551294,0,"ITGB2_ICAM2","ITGB2 - ICAM2","ITGB2","Cell-Cell Contact","KEGG: hsa04514","PBMC_Late"
"Naïve CD4 T","ILC2/3","ITGB2","ICAM2",0.0117938645968044,0.02,"ITGB2_ICAM2","ITGB2 - ICAM2","ITGB2","Cell-Cell Contact","KEGG: hsa04514","PBMC_Late"
"NK T","ILC2/3","ITGB2","ICAM2",0.0218811815319095,0,"ITGB2_ICAM2","ITGB2 - ICAM2","ITGB2","Cell-Cell Contact","KEGG: hsa04514","PBMC_Late"
"Tem","ILC2/3","ITGB2","ICAM2",0.0182668047333129,0,"ITGB2_ICAM2","ITGB2 - ICAM2","ITGB2","Cell-Cell Contact","KEGG: hsa04514","PBMC_Late"
"Th17like_INNATE_T","ILC2/3","ITGB2","ICAM2",0.0147260444764568,0,"ITGB2_ICAM2","ITGB2 - ICAM2","ITGB2","Cell-Cell Contact","KEGG: hsa04514","PBMC_Late"
"Treg","ILC2/3","ITGB2","ICAM2",0.0120852245813382,0.01,"ITGB2_ICAM2","ITGB2 - ICAM2","ITGB2","Cell-Cell Contact","KEGG: hsa04514","PBMC_Late"
"CD14+PPBP+ Monocytes","Megakaryocytes","ITGB2","ICAM2",0.0356123838489349,0,"ITGB2_ICAM2","ITGB2 - ICAM2","ITGB2","Cell-Cell Contact","KEGG: hsa04514","PBMC_Late"
"CD56highCD16low NK","Megakaryocytes","ITGB2","ICAM2",0.0113847272432465,0,"ITGB2_ICAM2","ITGB2 - ICAM2","ITGB2","Cell-Cell Contact","KEGG: hsa04514","PBMC_Late"
"Classical Monocytes","Megakaryocytes","ITGB2","ICAM2",0.0386074549533269,0,"ITGB2_ICAM2","ITGB2 - ICAM2","ITGB2","Cell-Cell Contact","KEGG: hsa04514","PBMC_Late"
"CX3CR1+ NK","Megakaryocytes","ITGB2","ICAM2",0.0432803363679945,0,"ITGB2_ICAM2","ITGB2 - ICAM2","ITGB2","Cell-Cell Contact","KEGG: hsa04514","PBMC_Late"
"CXCR6+ NK","Megakaryocytes","ITGB2","ICAM2",0.0371841769622295,0,"ITGB2_ICAM2","ITGB2 - ICAM2","ITGB2","Cell-Cell Contact","KEGG: hsa04514","PBMC_Late"
"DC2","Megakaryocytes","ITGB2","ICAM2",0.0371438176893481,0,"ITGB2_ICAM2","ITGB2 - ICAM2","ITGB2","Cell-Cell Contact","KEGG: hsa04514","PBMC_Late"
"Gamma Delta V1 T","Megakaryocytes","ITGB2","ICAM2",0.0240917772393313,0,"ITGB2_ICAM2","ITGB2 - ICAM2","ITGB2","Cell-Cell Contact","KEGG: hsa04514","PBMC_Late"
"Gamma Delta V2 T","Megakaryocytes","ITGB2","ICAM2",0.0310634522935915,0,"ITGB2_ICAM2","ITGB2 - ICAM2","ITGB2","Cell-Cell Contact","KEGG: hsa04514","PBMC_Late"
"ILC2/3","Megakaryocytes","ITGB2","ICAM2",0.0206758690888682,0,"ITGB2_ICAM2","ITGB2 - ICAM2","ITGB2","Cell-Cell Contact","KEGG: hsa04514","PBMC_Late"
"Myeloid-CD177","Megakaryocytes","ITGB2","ICAM2",0.0107937845001111,0,"ITGB2_ICAM2","ITGB2 - ICAM2","ITGB2","Cell-Cell Contact","KEGG: hsa04514","PBMC_Late"
"Naïve CD4 T","Megakaryocytes","ITGB2","ICAM2",0.017748246750618,0,"ITGB2_ICAM2","ITGB2 - ICAM2","ITGB2","Cell-Cell Contact","KEGG: hsa04514","PBMC_Late"
"Naïve CD8 T","Megakaryocytes","ITGB2","ICAM2",0.0158694740475496,0,"ITGB2_ICAM2","ITGB2 - ICAM2","ITGB2","Cell-Cell Contact","KEGG: hsa04514","PBMC_Late"
"NK T","Megakaryocytes","ITGB2","ICAM2",0.0327595304036531,0,"ITGB2_ICAM2","ITGB2 - ICAM2","ITGB2","Cell-Cell Contact","KEGG: hsa04514","PBMC_Late"
"pDC","Megakaryocytes","ITGB2","ICAM2",0.0137739701759524,0,"ITGB2_ICAM2","ITGB2 - ICAM2","ITGB2","Cell-Cell Contact","KEGG: hsa04514","PBMC_Late"
"Tem","Megakaryocytes","ITGB2","ICAM2",0.0273985805193601,0,"ITGB2_ICAM2","ITGB2 - ICAM2","ITGB2","Cell-Cell Contact","KEGG: hsa04514","PBMC_Late"
"Th17like_INNATE_T","Megakaryocytes","ITGB2","ICAM2",0.0221276515768547,0,"ITGB2_ICAM2","ITGB2 - ICAM2","ITGB2","Cell-Cell Contact","KEGG: hsa04514","PBMC_Late"
"Treg","Megakaryocytes","ITGB2","ICAM2",0.0181839992137711,0,"ITGB2_ICAM2","ITGB2 - ICAM2","ITGB2","Cell-Cell Contact","KEGG: hsa04514","PBMC_Late"
"CD14+PPBP+ Monocytes","MEMP","ITGB2","ICAM2",0.0348798457796883,0,"ITGB2_ICAM2","ITGB2 - ICAM2","ITGB2","Cell-Cell Contact","KEGG: hsa04514","PBMC_Late"
"CD56highCD16low NK","MEMP","ITGB2","ICAM2",0.0111447869936344,0.03,"ITGB2_ICAM2","ITGB2 - ICAM2","ITGB2","Cell-Cell Contact","KEGG: hsa04514","PBMC_Late"
"Classical Monocytes","MEMP","ITGB2","ICAM2",0.0378157247787385,0,"ITGB2_ICAM2","ITGB2 - ICAM2","ITGB2","Cell-Cell Contact","KEGG: hsa04514","PBMC_Late"
"CX3CR1+ NK","MEMP","ITGB2","ICAM2",0.0423970045136792,0,"ITGB2_ICAM2","ITGB2 - ICAM2","ITGB2","Cell-Cell Contact","KEGG: hsa04514","PBMC_Late"
"CXCR6+ NK","MEMP","ITGB2","ICAM2",0.0364205285009615,0,"ITGB2_ICAM2","ITGB2 - ICAM2","ITGB2","Cell-Cell Contact","KEGG: hsa04514","PBMC_Late"
"DC2","MEMP","ITGB2","ICAM2",0.036380966764104,0,"ITGB2_ICAM2","ITGB2 - ICAM2","ITGB2","Cell-Cell Contact","KEGG: hsa04514","PBMC_Late"
"Gamma Delta V1 T","MEMP","ITGB2","ICAM2",0.0235904184417052,0,"ITGB2_ICAM2","ITGB2 - ICAM2","ITGB2","Cell-Cell Contact","KEGG: hsa04514","PBMC_Late"
"Gamma Delta V2 T","MEMP","ITGB2","ICAM2",0.030421532967897,0,"ITGB2_ICAM2","ITGB2 - ICAM2","ITGB2","Cell-Cell Contact","KEGG: hsa04514","PBMC_Late"
"ILC2/3","MEMP","ITGB2","ICAM2",0.0202441219977861,0,"ITGB2_ICAM2","ITGB2 - ICAM2","ITGB2","Cell-Cell Contact","KEGG: hsa04514","PBMC_Late"
"Naïve CD4 T","MEMP","ITGB2","ICAM2",0.0173765486416757,0,"ITGB2_ICAM2","ITGB2 - ICAM2","ITGB2","Cell-Cell Contact","KEGG: hsa04514","PBMC_Late"
"Naïve CD8 T","MEMP","ITGB2","ICAM2",0.015536500356087,0,"ITGB2_ICAM2","ITGB2 - ICAM2","ITGB2","Cell-Cell Contact","KEGG: hsa04514","PBMC_Late"
"NK T","MEMP","ITGB2","ICAM2",0.0320837225571426,0,"ITGB2_ICAM2","ITGB2 - ICAM2","ITGB2","Cell-Cell Contact","KEGG: hsa04514","PBMC_Late"
"pDC","MEMP","ITGB2","ICAM2",0.0134843619581667,0,"ITGB2_ICAM2","ITGB2 - ICAM2","ITGB2","Cell-Cell Contact","KEGG: hsa04514","PBMC_Late"
"Tem","MEMP","ITGB2","ICAM2",0.0268302978503708,0,"ITGB2_ICAM2","ITGB2 - ICAM2","ITGB2","Cell-Cell Contact","KEGG: hsa04514","PBMC_Late"
"Th17like_INNATE_T","MEMP","ITGB2","ICAM2",0.0216662595081573,0,"ITGB2_ICAM2","ITGB2 - ICAM2","ITGB2","Cell-Cell Contact","KEGG: hsa04514","PBMC_Late"
"Treg","MEMP","ITGB2","ICAM2",0.0178033406318559,0,"ITGB2_ICAM2","ITGB2 - ICAM2","ITGB2","Cell-Cell Contact","KEGG: hsa04514","PBMC_Late"
"CD14+PPBP+ Monocytes","MEP","ITGB2","ICAM2",0.052282768267818,0,"ITGB2_ICAM2","ITGB2 - ICAM2","ITGB2","Cell-Cell Contact","KEGG: hsa04514","PBMC_Late"
"CD56highCD16low NK","MEP","ITGB2","ICAM2",0.0169128849745327,0,"ITGB2_ICAM2","ITGB2 - ICAM2","ITGB2","Cell-Cell Contact","KEGG: hsa04514","PBMC_Late"
"Classical Monocytes","MEP","ITGB2","ICAM2",0.056597570612846,0,"ITGB2_ICAM2","ITGB2 - ICAM2","ITGB2","Cell-Cell Contact","KEGG: hsa04514","PBMC_Late"
"CX3CR1+ NK","MEP","ITGB2","ICAM2",0.0633045211019583,0,"ITGB2_ICAM2","ITGB2 - ICAM2","ITGB2","Cell-Cell Contact","KEGG: hsa04514","PBMC_Late"
"CXCR6+ NK","MEP","ITGB2","ICAM2",0.0545487105842332,0,"ITGB2_ICAM2","ITGB2 - ICAM2","ITGB2","Cell-Cell Contact","KEGG: hsa04514","PBMC_Late"
"DC2","MEP","ITGB2","ICAM2",0.0544905707096792,0,"ITGB2_ICAM2","ITGB2 - ICAM2","ITGB2","Cell-Cell Contact","KEGG: hsa04514","PBMC_Late"
"Gamma Delta V1 T","MEP","ITGB2","ICAM2",0.0355681899302521,0,"ITGB2_ICAM2","ITGB2 - ICAM2","ITGB2","Cell-Cell Contact","KEGG: hsa04514","PBMC_Late"
"Gamma Delta V2 T","MEP","ITGB2","ICAM2",0.0457053710075584,0,"ITGB2_ICAM2","ITGB2 - ICAM2","ITGB2","Cell-Cell Contact","KEGG: hsa04514","PBMC_Late"
"ILC2/3","MEP","ITGB2","ICAM2",0.0305760540550334,0,"ITGB2_ICAM2","ITGB2 - ICAM2","ITGB2","Cell-Cell Contact","KEGG: hsa04514","PBMC_Late"
"Myeloid-CD177","MEP","ITGB2","ICAM2",0.0160396497805848,0,"ITGB2_ICAM2","ITGB2 - ICAM2","ITGB2","Cell-Cell Contact","KEGG: hsa04514","PBMC_Late"
"Naïve CD4 T","MEP","ITGB2","ICAM2",0.0262842280395345,0,"ITGB2_ICAM2","ITGB2 - ICAM2","ITGB2","Cell-Cell Contact","KEGG: hsa04514","PBMC_Late"
"Naïve CD8 T","MEP","ITGB2","ICAM2",0.0235235033354997,0,"ITGB2_ICAM2","ITGB2 - ICAM2","ITGB2","Cell-Cell Contact","KEGG: hsa04514","PBMC_Late"
"NK T","MEP","ITGB2","ICAM2",0.0481611672318208,0,"ITGB2_ICAM2","ITGB2 - ICAM2","ITGB2","Cell-Cell Contact","KEGG: hsa04514","PBMC_Late"
"pDC","MEP","ITGB2","ICAM2",0.0204383037152995,0,"ITGB2_ICAM2","ITGB2 - ICAM2","ITGB2","Cell-Cell Contact","KEGG: hsa04514","PBMC_Late"
"Tem","MEP","ITGB2","ICAM2",0.0403850429516111,0,"ITGB2_ICAM2","ITGB2 - ICAM2","ITGB2","Cell-Cell Contact","KEGG: hsa04514","PBMC_Late"
"Th17like_INNATE_T","MEP","ITGB2","ICAM2",0.0326997793432479,0,"ITGB2_ICAM2","ITGB2 - ICAM2","ITGB2","Cell-Cell Contact","KEGG: hsa04514","PBMC_Late"
"Treg","MEP","ITGB2","ICAM2",0.0269238102261947,0,"ITGB2_ICAM2","ITGB2 - ICAM2","ITGB2","Cell-Cell Contact","KEGG: hsa04514","PBMC_Late"
"CD14+PPBP+ Monocytes","Naïve CD4 T","ITGB2","ICAM2",0.0185001145762923,0,"ITGB2_ICAM2","ITGB2 - ICAM2","ITGB2","Cell-Cell Contact","KEGG: hsa04514","PBMC_Late"
"Classical Monocytes","Naïve CD4 T","ITGB2","ICAM2",0.0200859851052004,0,"ITGB2_ICAM2","ITGB2 - ICAM2","ITGB2","Cell-Cell Contact","KEGG: hsa04514","PBMC_Late"
"CX3CR1+ NK","Naïve CD4 T","ITGB2","ICAM2",0.0225697346762986,0,"ITGB2_ICAM2","ITGB2 - ICAM2","ITGB2","Cell-Cell Contact","KEGG: hsa04514","PBMC_Late"
"CXCR6+ NK","Naïve CD4 T","ITGB2","ICAM2",0.0193317780683464,0,"ITGB2_ICAM2","ITGB2 - ICAM2","ITGB2","Cell-Cell Contact","KEGG: hsa04514","PBMC_Late"
"DC2","Naïve CD4 T","ITGB2","ICAM2",0.0193104069571398,0,"ITGB2_ICAM2","ITGB2 - ICAM2","ITGB2","Cell-Cell Contact","KEGG: hsa04514","PBMC_Late"
"Gamma Delta V1 T","Naïve CD4 T","ITGB2","ICAM2",0.0124438962958373,0,"ITGB2_ICAM2","ITGB2 - ICAM2","ITGB2","Cell-Cell Contact","KEGG: hsa04514","PBMC_Late"
"Gamma Delta V2 T","Naïve CD4 T","ITGB2","ICAM2",0.0161005183575734,0,"ITGB2_ICAM2","ITGB2 - ICAM2","ITGB2","Cell-Cell Contact","KEGG: hsa04514","PBMC_Late"
"ILC2/3","Naïve CD4 T","ITGB2","ICAM2",0.0106614674694247,0,"ITGB2_ICAM2","ITGB2 - ICAM2","ITGB2","Cell-Cell Contact","KEGG: hsa04514","PBMC_Late"
"Naïve CD4 T","Naïve CD4 T","ITGB2","ICAM2",0.00913861316025795,0,"ITGB2_ICAM2","ITGB2 - ICAM2","ITGB2","Cell-Cell Contact","KEGG: hsa04514","PBMC_Late"
"Naïve CD8 T","Naïve CD4 T","ITGB2","ICAM2",0.00816365406857032,0,"ITGB2_ICAM2","ITGB2 - ICAM2","ITGB2","Cell-Cell Contact","KEGG: hsa04514","PBMC_Late"
"NK T","Naïve CD4 T","ITGB2","ICAM2",0.016993942578485,0,"ITGB2_ICAM2","ITGB2 - ICAM2","ITGB2","Cell-Cell Contact","KEGG: hsa04514","PBMC_Late"
"pDC","Naïve CD4 T","ITGB2","ICAM2",0.00707835596440448,0,"ITGB2_ICAM2","ITGB2 - ICAM2","ITGB2","Cell-Cell Contact","KEGG: hsa04514","PBMC_Late"
"Tem","Naïve CD4 T","ITGB2","ICAM2",0.0141751502016359,0,"ITGB2_ICAM2","ITGB2 - ICAM2","ITGB2","Cell-Cell Contact","KEGG: hsa04514","PBMC_Late"
"Th17like_INNATE_T","Naïve CD4 T","ITGB2","ICAM2",0.0114182745353689,0,"ITGB2_ICAM2","ITGB2 - ICAM2","ITGB2","Cell-Cell Contact","KEGG: hsa04514","PBMC_Late"
"Treg","Naïve CD4 T","ITGB2","ICAM2",0.00936499847406277,0,"ITGB2_ICAM2","ITGB2 - ICAM2","ITGB2","Cell-Cell Contact","KEGG: hsa04514","PBMC_Late"
"CD14+PPBP+ Monocytes","Naïve CD8 T","ITGB2","ICAM2",0.0159187651135588,0,"ITGB2_ICAM2","ITGB2 - ICAM2","ITGB2","Cell-Cell Contact","KEGG: hsa04514","PBMC_Late"
"Classical Monocytes","Naïve CD8 T","ITGB2","ICAM2",0.0172872540945832,0,"ITGB2_ICAM2","ITGB2 - ICAM2","ITGB2","Cell-Cell Contact","KEGG: hsa04514","PBMC_Late"
"CX3CR1+ NK","Naïve CD8 T","ITGB2","ICAM2",0.0194317869905508,0,"ITGB2_ICAM2","ITGB2 - ICAM2","ITGB2","Cell-Cell Contact","KEGG: hsa04514","PBMC_Late"
"CXCR6+ NK","Naïve CD8 T","ITGB2","ICAM2",0.0166363522437916,0,"ITGB2_ICAM2","ITGB2 - ICAM2","ITGB2","Cell-Cell Contact","KEGG: hsa04514","PBMC_Late"
"DC2","Naïve CD8 T","ITGB2","ICAM2",0.0166179104085308,0,"ITGB2_ICAM2","ITGB2 - ICAM2","ITGB2","Cell-Cell Contact","KEGG: hsa04514","PBMC_Late"
"Gamma Delta V1 T","Naïve CD8 T","ITGB2","ICAM2",0.0106983694091952,0,"ITGB2_ICAM2","ITGB2 - ICAM2","ITGB2","Cell-Cell Contact","KEGG: hsa04514","PBMC_Late"
"Gamma Delta V2 T","Naïve CD8 T","ITGB2","ICAM2",0.0138492638451841,0,"ITGB2_ICAM2","ITGB2 - ICAM2","ITGB2","Cell-Cell Contact","KEGG: hsa04514","PBMC_Late"
"ILC2/3","Naïve CD8 T","ITGB2","ICAM2",0.00916364495695418,0,"ITGB2_ICAM2","ITGB2 - ICAM2","ITGB2","Cell-Cell Contact","KEGG: hsa04514","PBMC_Late"
"Naïve CD4 T","Naïve CD8 T","ITGB2","ICAM2",0.00785303722037698,0,"ITGB2_ICAM2","ITGB2 - ICAM2","ITGB2","Cell-Cell Contact","KEGG: hsa04514","PBMC_Late"
"NK T","Naïve CD8 T","ITGB2","ICAM2",0.0146196212634905,0,"ITGB2_ICAM2","ITGB2 - ICAM2","ITGB2","Cell-Cell Contact","KEGG: hsa04514","PBMC_Late"
"Tem","Naïve CD8 T","ITGB2","ICAM2",0.0121897748699766,0,"ITGB2_ICAM2","ITGB2 - ICAM2","ITGB2","Cell-Cell Contact","KEGG: hsa04514","PBMC_Late"
"Th17like_INNATE_T","Naïve CD8 T","ITGB2","ICAM2",0.00981518352777771,0,"ITGB2_ICAM2","ITGB2 - ICAM2","ITGB2","Cell-Cell Contact","KEGG: hsa04514","PBMC_Late"
"Treg","Naïve CD8 T","ITGB2","ICAM2",0.00804783440368823,0,"ITGB2_ICAM2","ITGB2 - ICAM2","ITGB2","Cell-Cell Contact","KEGG: hsa04514","PBMC_Late"
"CD14+PPBP+ Monocytes","NK T","ITGB2","ICAM2",0.0214083969199519,0,"ITGB2_ICAM2","ITGB2 - ICAM2","ITGB2","Cell-Cell Contact","KEGG: hsa04514","PBMC_Late"
"Classical Monocytes","NK T","ITGB2","ICAM2",0.0232376693624067,0,"ITGB2_ICAM2","ITGB2 - ICAM2","ITGB2","Cell-Cell Contact","KEGG: hsa04514","PBMC_Late"
"CX3CR1+ NK","NK T","ITGB2","ICAM2",0.0261007625274339,0,"ITGB2_ICAM2","ITGB2 - ICAM2","ITGB2","Cell-Cell Contact","KEGG: hsa04514","PBMC_Late"
"CXCR6+ NK","NK T","ITGB2","ICAM2",0.022367821306165,0,"ITGB2_ICAM2","ITGB2 - ICAM2","ITGB2","Cell-Cell Contact","KEGG: hsa04514","PBMC_Late"
"DC2","NK T","ITGB2","ICAM2",0.0223431703448657,0,"ITGB2_ICAM2","ITGB2 - ICAM2","ITGB2","Cell-Cell Contact","KEGG: hsa04514","PBMC_Late"
"Gamma Delta V1 T","NK T","ITGB2","ICAM2",0.0144141017987841,0,"ITGB2_ICAM2","ITGB2 - ICAM2","ITGB2","Cell-Cell Contact","KEGG: hsa04514","PBMC_Late"
"Gamma Delta V2 T","NK T","ITGB2","ICAM2",0.0186387393533048,0,"ITGB2_ICAM2","ITGB2 - ICAM2","ITGB2","Cell-Cell Contact","KEGG: hsa04514","PBMC_Late"
"ILC2/3","NK T","ITGB2","ICAM2",0.0123529962841827,0,"ITGB2_ICAM2","ITGB2 - ICAM2","ITGB2","Cell-Cell Contact","KEGG: hsa04514","PBMC_Late"
"Naïve CD4 T","NK T","ITGB2","ICAM2",0.0105911152420444,0.02,"ITGB2_ICAM2","ITGB2 - ICAM2","ITGB2","Cell-Cell Contact","KEGG: hsa04514","PBMC_Late"
"NK T","NK T","ITGB2","ICAM2",0.0196701946530888,0,"ITGB2_ICAM2","ITGB2 - ICAM2","ITGB2","Cell-Cell Contact","KEGG: hsa04514","PBMC_Late"
"Tem","NK T","ITGB2","ICAM2",0.0164149039519221,0,"ITGB2_ICAM2","ITGB2 - ICAM2","ITGB2","Cell-Cell Contact","KEGG: hsa04514","PBMC_Late"
"Th17like_INNATE_T","NK T","ITGB2","ICAM2",0.013228271483701,0,"ITGB2_ICAM2","ITGB2 - ICAM2","ITGB2","Cell-Cell Contact","KEGG: hsa04514","PBMC_Late"
"Treg","NK T","ITGB2","ICAM2",0.0108530883908078,0,"ITGB2_ICAM2","ITGB2 - ICAM2","ITGB2","Cell-Cell Contact","KEGG: hsa04514","PBMC_Late"
"CD14+PPBP+ Monocytes","Tem","ITGB2","ICAM2",0.0239432419455777,0,"ITGB2_ICAM2","ITGB2 - ICAM2","ITGB2","Cell-Cell Contact","KEGG: hsa04514","PBMC_Late"
"Classical Monocytes","Tem","ITGB2","ICAM2",0.0259833570584536,0,"ITGB2_ICAM2","ITGB2 - ICAM2","ITGB2","Cell-Cell Contact","KEGG: hsa04514","PBMC_Late"
"CX3CR1+ NK","Tem","ITGB2","ICAM2",0.0291746396295339,0,"ITGB2_ICAM2","ITGB2 - ICAM2","ITGB2","Cell-Cell Contact","KEGG: hsa04514","PBMC_Late"
"CXCR6+ NK","Tem","ITGB2","ICAM2",0.0250133625706601,0,"ITGB2_ICAM2","ITGB2 - ICAM2","ITGB2","Cell-Cell Contact","KEGG: hsa04514","PBMC_Late"
"DC2","Tem","ITGB2","ICAM2",0.0249858705460213,0,"ITGB2_ICAM2","ITGB2 - ICAM2","ITGB2","Cell-Cell Contact","KEGG: hsa04514","PBMC_Late"
"Gamma Delta V1 T","Tem","ITGB2","ICAM2",0.0161344467300628,0,"ITGB2_ICAM2","ITGB2 - ICAM2","ITGB2","Cell-Cell Contact","KEGG: hsa04514","PBMC_Late"
"Gamma Delta V2 T","Tem","ITGB2","ICAM2",0.0208526331699103,0,"ITGB2_ICAM2","ITGB2 - ICAM2","ITGB2","Cell-Cell Contact","KEGG: hsa04514","PBMC_Late"
"ILC2/3","Tem","ITGB2","ICAM2",0.0138307972238237,0.01,"ITGB2_ICAM2","ITGB2 - ICAM2","ITGB2","Cell-Cell Contact","KEGG: hsa04514","PBMC_Late"
"Naïve CD4 T","Tem","ITGB2","ICAM2",0.0118606718494209,0,"ITGB2_ICAM2","ITGB2 - ICAM2","ITGB2","Cell-Cell Contact","KEGG: hsa04514","PBMC_Late"
"Naïve CD8 T","Tem","ITGB2","ICAM2",0.0105984143110353,0.04,"ITGB2_ICAM2","ITGB2 - ICAM2","ITGB2","Cell-Cell Contact","KEGG: hsa04514","PBMC_Late"
"NK T","Tem","ITGB2","ICAM2",0.0220038568524356,0,"ITGB2_ICAM2","ITGB2 - ICAM2","ITGB2","Cell-Cell Contact","KEGG: hsa04514","PBMC_Late"
"Tem","Tem","ITGB2","ICAM2",0.018369596866156,0,"ITGB2_ICAM2","ITGB2 - ICAM2","ITGB2","Cell-Cell Contact","KEGG: hsa04514","PBMC_Late"
"Th17like_INNATE_T","Tem","ITGB2","ICAM2",0.014809212377313,0,"ITGB2_ICAM2","ITGB2 - ICAM2","ITGB2","Cell-Cell Contact","KEGG: hsa04514","PBMC_Late"
"Treg","Tem","ITGB2","ICAM2",0.0121536619668095,0,"ITGB2_ICAM2","ITGB2 - ICAM2","ITGB2","Cell-Cell Contact","KEGG: hsa04514","PBMC_Late"
"abTentry","Th17like_INNATE_T","ITGB2","ICAM2",0.0115453589777972,0.02,"ITGB2_ICAM2","ITGB2 - ICAM2","ITGB2","Cell-Cell Contact","KEGG: hsa04514","PBMC_Late"
"CD14+PPBP+ Monocytes","Th17like_INNATE_T","ITGB2","ICAM2",0.055905367933134,0,"ITGB2_ICAM2","ITGB2 - ICAM2","ITGB2","Cell-Cell Contact","KEGG: hsa04514","PBMC_Late"
"CD56highCD16low NK","Th17like_INNATE_T","ITGB2","ICAM2",0.0181316421888179,0,"ITGB2_ICAM2","ITGB2 - ICAM2","ITGB2","Cell-Cell Contact","KEGG: hsa04514","PBMC_Late"
"Classical Monocytes","Th17like_INNATE_T","ITGB2","ICAM2",0.0605000515507766,0,"ITGB2_ICAM2","ITGB2 - ICAM2","ITGB2","Cell-Cell Contact","KEGG: hsa04514","PBMC_Late"
"CX3CR1+ NK","Th17like_INNATE_T","ITGB2","ICAM2",0.0676363004251518,0,"ITGB2_ICAM2","ITGB2 - ICAM2","ITGB2","Cell-Cell Contact","KEGG: hsa04514","PBMC_Late"
"CXCR6+ NK","Th17like_INNATE_T","ITGB2","ICAM2",0.0583186528301844,0,"ITGB2_ICAM2","ITGB2 - ICAM2","ITGB2","Cell-Cell Contact","KEGG: hsa04514","PBMC_Late"
"DC2","Th17like_INNATE_T","ITGB2","ICAM2",0.0582567424117138,0,"ITGB2_ICAM2","ITGB2 - ICAM2","ITGB2","Cell-Cell Contact","KEGG: hsa04514","PBMC_Late"
"Gamma Delta V1 T","Th17like_INNATE_T","ITGB2","ICAM2",0.0380791934585265,0,"ITGB2_ICAM2","ITGB2 - ICAM2","ITGB2","Cell-Cell Contact","KEGG: hsa04514","PBMC_Late"
"Gamma Delta V2 T","Th17like_INNATE_T","ITGB2","ICAM2",0.0488957450489769,0,"ITGB2_ICAM2","ITGB2 - ICAM2","ITGB2","Cell-Cell Contact","KEGG: hsa04514","PBMC_Late"
"HSC_MPP","Th17like_INNATE_T","ITGB2","ICAM2",0.0132283469031251,0,"ITGB2_ICAM2","ITGB2 - ICAM2","ITGB2","Cell-Cell Contact","KEGG: hsa04514","PBMC_Late"
"ILC2/3","Th17like_INNATE_T","ITGB2","ICAM2",0.032746594809312,0,"ITGB2_ICAM2","ITGB2 - ICAM2","ITGB2","Cell-Cell Contact","KEGG: hsa04514","PBMC_Late"
"Myeloid-CD177","Th17like_INNATE_T","ITGB2","ICAM2",0.0171965816367604,0,"ITGB2_ICAM2","ITGB2 - ICAM2","ITGB2","Cell-Cell Contact","KEGG: hsa04514","PBMC_Late"
"Naïve CD4 T","Th17like_INNATE_T","ITGB2","ICAM2",0.0281589493061309,0,"ITGB2_ICAM2","ITGB2 - ICAM2","ITGB2","Cell-Cell Contact","KEGG: hsa04514","PBMC_Late"
"Naïve CD8 T","Th17like_INNATE_T","ITGB2","ICAM2",0.0252064133869324,0,"ITGB2_ICAM2","ITGB2 - ICAM2","ITGB2","Cell-Cell Contact","KEGG: hsa04514","PBMC_Late"
"NK T","Th17like_INNATE_T","ITGB2","ICAM2",0.0515137098045811,0,"ITGB2_ICAM2","ITGB2 - ICAM2","ITGB2","Cell-Cell Contact","KEGG: hsa04514","PBMC_Late"
"pDC","Th17like_INNATE_T","ITGB2","ICAM2",0.0219054449710472,0,"ITGB2_ICAM2","ITGB2 - ICAM2","ITGB2","Cell-Cell Contact","KEGG: hsa04514","PBMC_Late"
"Tem","Th17like_INNATE_T","ITGB2","ICAM2",0.0432208618095565,0,"ITGB2_ICAM2","ITGB2 - ICAM2","ITGB2","Cell-Cell Contact","KEGG: hsa04514","PBMC_Late"
"Th17like_INNATE_T","Th17like_INNATE_T","ITGB2","ICAM2",0.0350156342105375,0,"ITGB2_ICAM2","ITGB2 - ICAM2","ITGB2","Cell-Cell Contact","KEGG: hsa04514","PBMC_Late"
"Treg","Th17like_INNATE_T","ITGB2","ICAM2",0.0288427983878816,0,"ITGB2_ICAM2","ITGB2 - ICAM2","ITGB2","Cell-Cell Contact","KEGG: hsa04514","PBMC_Late"
"CD14+PPBP+ Monocytes","Treg","ITGB2","ICAM2",0.0175455724453237,0,"ITGB2_ICAM2","ITGB2 - ICAM2","ITGB2","Cell-Cell Contact","KEGG: hsa04514","PBMC_Late"
"Classical Monocytes","Treg","ITGB2","ICAM2",0.0190512057788493,0,"ITGB2_ICAM2","ITGB2 - ICAM2","ITGB2","Cell-Cell Contact","KEGG: hsa04514","PBMC_Late"
"CX3CR1+ NK","Treg","ITGB2","ICAM2",0.0214097945089482,0,"ITGB2_ICAM2","ITGB2 - ICAM2","ITGB2","Cell-Cell Contact","KEGG: hsa04514","PBMC_Late"
"CXCR6+ NK","Treg","ITGB2","ICAM2",0.0183351265763234,0,"ITGB2_ICAM2","ITGB2 - ICAM2","ITGB2","Cell-Cell Contact","KEGG: hsa04514","PBMC_Late"
"DC2","Treg","ITGB2","ICAM2",0.0183148366777231,0,"ITGB2_ICAM2","ITGB2 - ICAM2","ITGB2","Cell-Cell Contact","KEGG: hsa04514","PBMC_Late"
"Gamma Delta V1 T","Treg","ITGB2","ICAM2",0.0117980779961932,0,"ITGB2_ICAM2","ITGB2 - ICAM2","ITGB2","Cell-Cell Contact","KEGG: hsa04514","PBMC_Late"
"Gamma Delta V2 T","Treg","ITGB2","ICAM2",0.0152678611606681,0,"ITGB2_ICAM2","ITGB2 - ICAM2","ITGB2","Cell-Cell Contact","KEGG: hsa04514","PBMC_Late"
"ILC2/3","Treg","ITGB2","ICAM2",0.0101072076222978,0.02,"ITGB2_ICAM2","ITGB2 - ICAM2","ITGB2","Cell-Cell Contact","KEGG: hsa04514","PBMC_Late"
"NK T","Treg","ITGB2","ICAM2",0.0161158377087256,0,"ITGB2_ICAM2","ITGB2 - ICAM2","ITGB2","Cell-Cell Contact","KEGG: hsa04514","PBMC_Late"
"Tem","Treg","ITGB2","ICAM2",0.0134407054505306,0,"ITGB2_ICAM2","ITGB2 - ICAM2","ITGB2","Cell-Cell Contact","KEGG: hsa04514","PBMC_Late"
"Th17like_INNATE_T","Treg","ITGB2","ICAM2",0.0108251009030753,0,"ITGB2_ICAM2","ITGB2 - ICAM2","ITGB2","Cell-Cell Contact","KEGG: hsa04514","PBMC_Late"
"Treg","Treg","ITGB2","ICAM2",0.00887753362865674,0.04,"ITGB2_ICAM2","ITGB2 - ICAM2","ITGB2","Cell-Cell Contact","KEGG: hsa04514","PBMC_Late"
"CD14+PPBP+ Monocytes","CD14+PPBP+ Monocytes","F11R","ITGAL_ITGB2",0.00956311741553838,0,"JAM1_ITGAL_ITGB2","JAM1 - (ITGAL+ITGB2)","JAM","Cell-Cell Contact","PMID: 11812992","PBMC_Late"
"HSC_MPP","CD14+PPBP+ Monocytes","F11R","ITGAL_ITGB2",0.00461054281440178,0,"JAM1_ITGAL_ITGB2","JAM1 - (ITGAL+ITGB2)","JAM","Cell-Cell Contact","PMID: 11812992","PBMC_Late"
"Megakaryocytes","CD14+PPBP+ Monocytes","F11R","ITGAL_ITGB2",0.0134520243426902,0,"JAM1_ITGAL_ITGB2","JAM1 - (ITGAL+ITGB2)","JAM","Cell-Cell Contact","PMID: 11812992","PBMC_Late"
"MEMP","CD14+PPBP+ Monocytes","F11R","ITGAL_ITGB2",0.00256676486082945,0,"JAM1_ITGAL_ITGB2","JAM1 - (ITGAL+ITGB2)","JAM","Cell-Cell Contact","PMID: 11812992","PBMC_Late"
"MEP","CD14+PPBP+ Monocytes","F11R","ITGAL_ITGB2",0.00225668891465134,0,"JAM1_ITGAL_ITGB2","JAM1 - (ITGAL+ITGB2)","JAM","Cell-Cell Contact","PMID: 11812992","PBMC_Late"
"CD14+PPBP+ Monocytes","CD56highCD16low NK","F11R","ITGAL_ITGB2",0.00521449808535158,0,"JAM1_ITGAL_ITGB2","JAM1 - (ITGAL+ITGB2)","JAM","Cell-Cell Contact","PMID: 11812992","PBMC_Late"
"HSC_MPP","CD56highCD16low NK","F11R","ITGAL_ITGB2",0.00250829548854004,0,"JAM1_ITGAL_ITGB2","JAM1 - (ITGAL+ITGB2)","JAM","Cell-Cell Contact","PMID: 11812992","PBMC_Late"
"Megakaryocytes","CD56highCD16low NK","F11R","ITGAL_ITGB2",0.00734812916684765,0,"JAM1_ITGAL_ITGB2","JAM1 - (ITGAL+ITGB2)","JAM","Cell-Cell Contact","PMID: 11812992","PBMC_Late"
"MEMP","CD56highCD16low NK","F11R","ITGAL_ITGB2",0.00139510316190534,0,"JAM1_ITGAL_ITGB2","JAM1 - (ITGAL+ITGB2)","JAM","Cell-Cell Contact","PMID: 11812992","PBMC_Late"
"MEP","CD56highCD16low NK","F11R","ITGAL_ITGB2",0.00122639482386932,0,"JAM1_ITGAL_ITGB2","JAM1 - (ITGAL+ITGB2)","JAM","Cell-Cell Contact","PMID: 11812992","PBMC_Late"
"CD14+PPBP+ Monocytes","Classical Monocytes","F11R","ITGAL_ITGB2",0.0068290946722473,0,"JAM1_ITGAL_ITGB2","JAM1 - (ITGAL+ITGB2)","JAM","Cell-Cell Contact","PMID: 11812992","PBMC_Late"
"HSC_MPP","Classical Monocytes","F11R","ITGAL_ITGB2",0.0032877235432721,0,"JAM1_ITGAL_ITGB2","JAM1 - (ITGAL+ITGB2)","JAM","Cell-Cell Contact","PMID: 11812992","PBMC_Late"
"Megakaryocytes","Classical Monocytes","F11R","ITGAL_ITGB2",0.00961698809449509,0,"JAM1_ITGAL_ITGB2","JAM1 - (ITGAL+ITGB2)","JAM","Cell-Cell Contact","PMID: 11812992","PBMC_Late"
"MEMP","Classical Monocytes","F11R","ITGAL_ITGB2",0.00182925204759615,0,"JAM1_ITGAL_ITGB2","JAM1 - (ITGAL+ITGB2)","JAM","Cell-Cell Contact","PMID: 11812992","PBMC_Late"
"MEP","Classical Monocytes","F11R","ITGAL_ITGB2",0.00160812709415593,0,"JAM1_ITGAL_ITGB2","JAM1 - (ITGAL+ITGB2)","JAM","Cell-Cell Contact","PMID: 11812992","PBMC_Late"
"CD14+PPBP+ Monocytes","CX3CR1+ NK","F11R","ITGAL_ITGB2",0.00866582900255921,0,"JAM1_ITGAL_ITGB2","JAM1 - (ITGAL+ITGB2)","JAM","Cell-Cell Contact","PMID: 11812992","PBMC_Late"
"HSC_MPP","CX3CR1+ NK","F11R","ITGAL_ITGB2",0.00417598541464025,0,"JAM1_ITGAL_ITGB2","JAM1 - (ITGAL+ITGB2)","JAM","Cell-Cell Contact","PMID: 11812992","PBMC_Late"
"Megakaryocytes","CX3CR1+ NK","F11R","ITGAL_ITGB2",0.012194340012683,0,"JAM1_ITGAL_ITGB2","JAM1 - (ITGAL+ITGB2)","JAM","Cell-Cell Contact","PMID: 11812992","PBMC_Late"
"MEMP","CX3CR1+ NK","F11R","ITGAL_ITGB2",0.00232438979751247,0,"JAM1_ITGAL_ITGB2","JAM1 - (ITGAL+ITGB2)","JAM","Cell-Cell Contact","PMID: 11812992","PBMC_Late"
"MEP","CX3CR1+ NK","F11R","ITGAL_ITGB2",0.00204353378569209,0,"JAM1_ITGAL_ITGB2","JAM1 - (ITGAL+ITGB2)","JAM","Cell-Cell Contact","PMID: 11812992","PBMC_Late"
"CD14+PPBP+ Monocytes","CXCR6+ NK","F11R","ITGAL_ITGB2",0.0090715157330647,0,"JAM1_ITGAL_ITGB2","JAM1 - (ITGAL+ITGB2)","JAM","Cell-Cell Contact","PMID: 11812992","PBMC_Late"
"HSC_MPP","CXCR6+ NK","F11R","ITGAL_ITGB2",0.00437240928834144,0,"JAM1_ITGAL_ITGB2","JAM1 - (ITGAL+ITGB2)","JAM","Cell-Cell Contact","PMID: 11812992","PBMC_Late"
"Megakaryocytes","CXCR6+ NK","F11R","ITGAL_ITGB2",0.0127630856277965,0,"JAM1_ITGAL_ITGB2","JAM1 - (ITGAL+ITGB2)","JAM","Cell-Cell Contact","PMID: 11812992","PBMC_Late"
"MEMP","CXCR6+ NK","F11R","ITGAL_ITGB2",0.00243393390043103,0,"JAM1_ITGAL_ITGB2","JAM1 - (ITGAL+ITGB2)","JAM","Cell-Cell Contact","PMID: 11812992","PBMC_Late"
"MEP","CXCR6+ NK","F11R","ITGAL_ITGB2",0.00213987006477051,0,"JAM1_ITGAL_ITGB2","JAM1 - (ITGAL+ITGB2)","JAM","Cell-Cell Contact","PMID: 11812992","PBMC_Late"
"CD14+PPBP+ Monocytes","DC2","F11R","ITGAL_ITGB2",0.00558985536187516,0,"JAM1_ITGAL_ITGB2","JAM1 - (ITGAL+ITGB2)","JAM","Cell-Cell Contact","PMID: 11812992","PBMC_Late"
"HSC_MPP","DC2","F11R","ITGAL_ITGB2",0.00268937775540422,0,"JAM1_ITGAL_ITGB2","JAM1 - (ITGAL+ITGB2)","JAM","Cell-Cell Contact","PMID: 11812992","PBMC_Late"
"Megakaryocytes","DC2","F11R","ITGAL_ITGB2",0.00787585649075229,0,"JAM1_ITGAL_ITGB2","JAM1 - (ITGAL+ITGB2)","JAM","Cell-Cell Contact","PMID: 11812992","PBMC_Late"
"MEMP","DC2","F11R","ITGAL_ITGB2",0.00149594086358367,0,"JAM1_ITGAL_ITGB2","JAM1 - (ITGAL+ITGB2)","JAM","Cell-Cell Contact","PMID: 11812992","PBMC_Late"
"MEP","DC2","F11R","ITGAL_ITGB2",0.00131505438822157,0,"JAM1_ITGAL_ITGB2","JAM1 - (ITGAL+ITGB2)","JAM","Cell-Cell Contact","PMID: 11812992","PBMC_Late"
"CD14+PPBP+ Monocytes","Gamma Delta V2 T","F11R","ITGAL_ITGB2",0.00598126721576948,0,"JAM1_ITGAL_ITGB2","JAM1 - (ITGAL+ITGB2)","JAM","Cell-Cell Contact","PMID: 11812992","PBMC_Late"
"HSC_MPP","Gamma Delta V2 T","F11R","ITGAL_ITGB2",0.00287828073973372,0,"JAM1_ITGAL_ITGB2","JAM1 - (ITGAL+ITGB2)","JAM","Cell-Cell Contact","PMID: 11812992","PBMC_Late"
"Megakaryocytes","Gamma Delta V2 T","F11R","ITGAL_ITGB2",0.00842598197915017,0,"JAM1_ITGAL_ITGB2","JAM1 - (ITGAL+ITGB2)","JAM","Cell-Cell Contact","PMID: 11812992","PBMC_Late"
"MEMP","Gamma Delta V2 T","F11R","ITGAL_ITGB2",0.00160115093899273,0,"JAM1_ITGAL_ITGB2","JAM1 - (ITGAL+ITGB2)","JAM","Cell-Cell Contact","PMID: 11812992","PBMC_Late"
"MEP","Gamma Delta V2 T","F11R","ITGAL_ITGB2",0.00140756058432238,0,"JAM1_ITGAL_ITGB2","JAM1 - (ITGAL+ITGB2)","JAM","Cell-Cell Contact","PMID: 11812992","PBMC_Late"
"CD14+PPBP+ Monocytes","NK T","F11R","ITGAL_ITGB2",0.00588523129706262,0,"JAM1_ITGAL_ITGB2","JAM1 - (ITGAL+ITGB2)","JAM","Cell-Cell Contact","PMID: 11812992","PBMC_Late"
"HSC_MPP","NK T","F11R","ITGAL_ITGB2",0.00283192479014697,0,"JAM1_ITGAL_ITGB2","JAM1 - (ITGAL+ITGB2)","JAM","Cell-Cell Contact","PMID: 11812992","PBMC_Late"
"Megakaryocytes","NK T","F11R","ITGAL_ITGB2",0.00829102083984298,0,"JAM1_ITGAL_ITGB2","JAM1 - (ITGAL+ITGB2)","JAM","Cell-Cell Contact","PMID: 11812992","PBMC_Late"
"MEMP","NK T","F11R","ITGAL_ITGB2",0.00157533121819727,0,"JAM1_ITGAL_ITGB2","JAM1 - (ITGAL+ITGB2)","JAM","Cell-Cell Contact","PMID: 11812992","PBMC_Late"
"MEP","NK T","F11R","ITGAL_ITGB2",0.00138485831831523,0,"JAM1_ITGAL_ITGB2","JAM1 - (ITGAL+ITGB2)","JAM","Cell-Cell Contact","PMID: 11812992","PBMC_Late"
"CD14+PPBP+ Monocytes","CD14+PPBP+ Monocytes","F11R","F11R",0.00224852204953143,0,"F11R_F11R","F11R - F11R","JAM","Cell-Cell Contact","KEGG: hsa04514","PBMC_Late"
"HSC_MPP","CD14+PPBP+ Monocytes","F11R","F11R",0.00107992066856707,0,"F11R_F11R","F11R - F11R","JAM","Cell-Cell Contact","KEGG: hsa04514","PBMC_Late"
"Megakaryocytes","CD14+PPBP+ Monocytes","F11R","F11R",0.00317242646966111,0,"F11R_F11R","F11R - F11R","JAM","Cell-Cell Contact","KEGG: hsa04514","PBMC_Late"
"MEMP","CD14+PPBP+ Monocytes","F11R","F11R",0.000600265754185795,0,"F11R_F11R","F11R - F11R","JAM","Cell-Cell Contact","KEGG: hsa04514","PBMC_Late"
"MEP","CD14+PPBP+ Monocytes","F11R","F11R",0.000527625470881786,0,"F11R_F11R","F11R - F11R","JAM","Cell-Cell Contact","KEGG: hsa04514","PBMC_Late"
"CD14+PPBP+ Monocytes","HSC_MPP","F11R","F11R",0.00107992066856707,0,"F11R_F11R","F11R - F11R","JAM","Cell-Cell Contact","KEGG: hsa04514","PBMC_Late"
"HSC_MPP","HSC_MPP","F11R","F11R",0.000518349011897501,0,"F11R_F11R","F11R - F11R","JAM","Cell-Cell Contact","KEGG: hsa04514","PBMC_Late"
"Megakaryocytes","HSC_MPP","F11R","F11R",0.00152438730508657,0,"F11R_F11R","F11R - F11R","JAM","Cell-Cell Contact","KEGG: hsa04514","PBMC_Late"
"MEMP","HSC_MPP","F11R","F11R",0.000288048462099006,0,"F11R_F11R","F11R - F11R","JAM","Cell-Cell Contact","KEGG: hsa04514","PBMC_Late"
"MEP","HSC_MPP","F11R","F11R",0.000253181126706818,0,"F11R_F11R","F11R - F11R","JAM","Cell-Cell Contact","KEGG: hsa04514","PBMC_Late"
"CD14+PPBP+ Monocytes","Megakaryocytes","F11R","F11R",0.00317242646966111,0,"F11R_F11R","F11R - F11R","JAM","Cell-Cell Contact","KEGG: hsa04514","PBMC_Late"
"HSC_MPP","Megakaryocytes","F11R","F11R",0.00152438730508657,0,"F11R_F11R","F11R - F11R","JAM","Cell-Cell Contact","KEGG: hsa04514","PBMC_Late"
"Megakaryocytes","Megakaryocytes","F11R","F11R",0.00447425537985667,0,"F11R_F11R","F11R - F11R","JAM","Cell-Cell Contact","KEGG: hsa04514","PBMC_Late"
"MEMP","Megakaryocytes","F11R","F11R",0.000847486665938734,0,"F11R_F11R","F11R - F11R","JAM","Cell-Cell Contact","KEGG: hsa04514","PBMC_Late"
"MEP","Megakaryocytes","F11R","F11R",0.000744951605329224,0,"F11R_F11R","F11R - F11R","JAM","Cell-Cell Contact","KEGG: hsa04514","PBMC_Late"
"CD14+PPBP+ Monocytes","MEMP","F11R","F11R",0.000600265754185795,0,"F11R_F11R","F11R - F11R","JAM","Cell-Cell Contact","KEGG: hsa04514","PBMC_Late"
"HSC_MPP","MEMP","F11R","F11R",0.000288048462099006,0,"F11R_F11R","F11R - F11R","JAM","Cell-Cell Contact","KEGG: hsa04514","PBMC_Late"
"Megakaryocytes","MEMP","F11R","F11R",0.000847486665938734,0,"F11R_F11R","F11R - F11R","JAM","Cell-Cell Contact","KEGG: hsa04514","PBMC_Late"
"MEMP","MEMP","F11R","F11R",0.000160053209813786,0,"F11R_F11R","F11R - F11R","JAM","Cell-Cell Contact","KEGG: hsa04514","PBMC_Late"
"MEP","MEMP","F11R","F11R",0.000140677105846083,0,"F11R_F11R","F11R - F11R","JAM","Cell-Cell Contact","KEGG: hsa04514","PBMC_Late"
"CD14+PPBP+ Monocytes","MEP","F11R","F11R",0.000527625470881786,0,"F11R_F11R","F11R - F11R","JAM","Cell-Cell Contact","KEGG: hsa04514","PBMC_Late"
"HSC_MPP","MEP","F11R","F11R",0.000253181126706818,0,"F11R_F11R","F11R - F11R","JAM","Cell-Cell Contact","KEGG: hsa04514","PBMC_Late"
"Megakaryocytes","MEP","F11R","F11R",0.000744951605329224,0,"F11R_F11R","F11R - F11R","JAM","Cell-Cell Contact","KEGG: hsa04514","PBMC_Late"
"MEMP","MEP","F11R","F11R",0.000140677105846083,0,"F11R_F11R","F11R - F11R","JAM","Cell-Cell Contact","KEGG: hsa04514","PBMC_Late"
"MEP","MEP","F11R","F11R",0.00012364639049625,0,"F11R_F11R","F11R - F11R","JAM","Cell-Cell Contact","KEGG: hsa04514","PBMC_Late"
"abTentry","Naïve CD8 T","LCK","CD8 receptor",0.025583581368704,0,"LCK_CD8A_CD8B1","LCK - (CD8A+CD8B1)","LCK","Cell-Cell Contact","PMID: 25427562","PBMC_Late"
"CX3CR1+ NK","Naïve CD8 T","LCK","CD8 receptor",0.0771397188003003,0,"LCK_CD8A_CD8B1","LCK - (CD8A+CD8B1)","LCK","Cell-Cell Contact","PMID: 25427562","PBMC_Late"
"CXCR6+ NK","Naïve CD8 T","LCK","CD8 receptor",0.0561267325594375,0,"LCK_CD8A_CD8B1","LCK - (CD8A+CD8B1)","LCK","Cell-Cell Contact","PMID: 25427562","PBMC_Late"
"Gamma Delta V1 T","Naïve CD8 T","LCK","CD8 receptor",0.112423153397563,0,"LCK_CD8A_CD8B1","LCK - (CD8A+CD8B1)","LCK","Cell-Cell Contact","PMID: 25427562","PBMC_Late"
"Gamma Delta V2 T","Naïve CD8 T","LCK","CD8 receptor",0.102630428642142,0,"LCK_CD8A_CD8B1","LCK - (CD8A+CD8B1)","LCK","Cell-Cell Contact","PMID: 25427562","PBMC_Late"
"ILC2/3","Naïve CD8 T","LCK","CD8 receptor",0.0231377732444549,0,"LCK_CD8A_CD8B1","LCK - (CD8A+CD8B1)","LCK","Cell-Cell Contact","PMID: 25427562","PBMC_Late"
"Naïve CD4 T","Naïve CD8 T","LCK","CD8 receptor",0.0760025763843395,0,"LCK_CD8A_CD8B1","LCK - (CD8A+CD8B1)","LCK","Cell-Cell Contact","PMID: 25427562","PBMC_Late"
"Naïve CD8 T","Naïve CD8 T","LCK","CD8 receptor",0.095725514036863,0,"LCK_CD8A_CD8B1","LCK - (CD8A+CD8B1)","LCK","Cell-Cell Contact","PMID: 25427562","PBMC_Late"
"NK T","Naïve CD8 T","LCK","CD8 receptor",0.104259927643723,0,"LCK_CD8A_CD8B1","LCK - (CD8A+CD8B1)","LCK","Cell-Cell Contact","PMID: 25427562","PBMC_Late"
"Tem","Naïve CD8 T","LCK","CD8 receptor",0.0704922469712013,0,"LCK_CD8A_CD8B1","LCK - (CD8A+CD8B1)","LCK","Cell-Cell Contact","PMID: 25427562","PBMC_Late"
"Th17like_INNATE_T","Naïve CD8 T","LCK","CD8 receptor",0.0770107508270221,0,"LCK_CD8A_CD8B1","LCK - (CD8A+CD8B1)","LCK","Cell-Cell Contact","PMID: 25427562","PBMC_Late"
"Treg","Naïve CD8 T","LCK","CD8 receptor",0.078943600820991,0,"LCK_CD8A_CD8B1","LCK - (CD8A+CD8B1)","LCK","Cell-Cell Contact","PMID: 25427562","PBMC_Late"
"abTentry","NK T","LCK","CD8 receptor",0.0159819145247334,0,"LCK_CD8A_CD8B1","LCK - (CD8A+CD8B1)","LCK","Cell-Cell Contact","PMID: 25427562","PBMC_Late"
"CX3CR1+ NK","NK T","LCK","CD8 receptor",0.049165020330072,0,"LCK_CD8A_CD8B1","LCK - (CD8A+CD8B1)","LCK","Cell-Cell Contact","PMID: 25427562","PBMC_Late"
"CXCR6+ NK","NK T","LCK","CD8 receptor",0.0354794229558001,0,"LCK_CD8A_CD8B1","LCK - (CD8A+CD8B1)","LCK","Cell-Cell Contact","PMID: 25427562","PBMC_Late"
"Gamma Delta V1 T","NK T","LCK","CD8 receptor",0.0726603683175832,0,"LCK_CD8A_CD8B1","LCK - (CD8A+CD8B1)","LCK","Cell-Cell Contact","PMID: 25427562","PBMC_Late"
"Gamma Delta V2 T","NK T","LCK","CD8 receptor",0.0660733814931551,0,"LCK_CD8A_CD8B1","LCK - (CD8A+CD8B1)","LCK","Cell-Cell Contact","PMID: 25427562","PBMC_Late"
"ILC2/3","NK T","LCK","CD8 receptor",0.0144404291449523,0,"LCK_CD8A_CD8B1","LCK - (CD8A+CD8B1)","LCK","Cell-Cell Contact","PMID: 25427562","PBMC_Late"
"Naïve CD4 T","NK T","LCK","CD8 receptor",0.0484186262207348,0,"LCK_CD8A_CD8B1","LCK - (CD8A+CD8B1)","LCK","Cell-Cell Contact","PMID: 25427562","PBMC_Late"
"Naïve CD8 T","NK T","LCK","CD8 receptor",0.0614595532969772,0,"LCK_CD8A_CD8B1","LCK - (CD8A+CD8B1)","LCK","Cell-Cell Contact","PMID: 25427562","PBMC_Late"
"NK T","NK T","LCK","CD8 receptor",0.0671658952184794,0,"LCK_CD8A_CD8B1","LCK - (CD8A+CD8B1)","LCK","Cell-Cell Contact","PMID: 25427562","PBMC_Late"
"Tem","NK T","LCK","CD8 receptor",0.0448111961808789,0,"LCK_CD8A_CD8B1","LCK - (CD8A+CD8B1)","LCK","Cell-Cell Contact","PMID: 25427562","PBMC_Late"
"Th17like_INNATE_T","NK T","LCK","CD8 receptor",0.0490803351855887,0,"LCK_CD8A_CD8B1","LCK - (CD8A+CD8B1)","LCK","Cell-Cell Contact","PMID: 25427562","PBMC_Late"
"Treg","NK T","LCK","CD8 receptor",0.0503504163360585,0,"LCK_CD8A_CD8B1","LCK - (CD8A+CD8B1)","LCK","Cell-Cell Contact","PMID: 25427562","PBMC_Late"
"abTentry","CXCR6+ NK","HLA-A","CD8A",0.0070447901361836,0,"HLA-A_CD8A","HLA-A - CD8A","MHC-I","Cell-Cell Contact","KEGG: hsa04514","PBMC_Late"
"CD14+PPBP+ Monocytes","CXCR6+ NK","HLA-A","CD8A",0.0107018138322069,0,"HLA-A_CD8A","HLA-A - CD8A","MHC-I","Cell-Cell Contact","KEGG: hsa04514","PBMC_Late"
"CD56highCD16low NK","CXCR6+ NK","HLA-A","CD8A",0.00873854784013772,0,"HLA-A_CD8A","HLA-A - CD8A","MHC-I","Cell-Cell Contact","KEGG: hsa04514","PBMC_Late"
"Classical Monocytes","CXCR6+ NK","HLA-A","CD8A",0.00976088062203141,0,"HLA-A_CD8A","HLA-A - CD8A","MHC-I","Cell-Cell Contact","KEGG: hsa04514","PBMC_Late"
"CX3CR1+ NK","CXCR6+ NK","HLA-A","CD8A",0.0141133410341586,0,"HLA-A_CD8A","HLA-A - CD8A","MHC-I","Cell-Cell Contact","KEGG: hsa04514","PBMC_Late"
"CXCR5- Naïve B","CXCR6+ NK","HLA-A","CD8A",0.00986026455342404,0,"HLA-A_CD8A","HLA-A - CD8A","MHC-I","Cell-Cell Contact","KEGG: hsa04514","PBMC_Late"
"CXCR5+ Naïve B","CXCR6+ NK","HLA-A","CD8A",0.0102143050760132,0,"HLA-A_CD8A","HLA-A - CD8A","MHC-I","Cell-Cell Contact","KEGG: hsa04514","PBMC_Late"
"CXCR6+ NK","CXCR6+ NK","HLA-A","CD8A",0.0126996148300606,0,"HLA-A_CD8A","HLA-A - CD8A","MHC-I","Cell-Cell Contact","KEGG: hsa04514","PBMC_Late"
"DC2","CXCR6+ NK","HLA-A","CD8A",0.00941443047688096,0,"HLA-A_CD8A","HLA-A - CD8A","MHC-I","Cell-Cell Contact","KEGG: hsa04514","PBMC_Late"
"Early_ERY","CXCR6+ NK","HLA-A","CD8A",0.000766737428355712,0,"HLA-A_CD8A","HLA-A - CD8A","MHC-I","Cell-Cell Contact","KEGG: hsa04514","PBMC_Late"
"Gamma Delta V1 T","CXCR6+ NK","HLA-A","CD8A",0.0123678472030215,0,"HLA-A_CD8A","HLA-A - CD8A","MHC-I","Cell-Cell Contact","KEGG: hsa04514","PBMC_Late"
"Gamma Delta V2 T","CXCR6+ NK","HLA-A","CD8A",0.0126697844811367,0,"HLA-A_CD8A","HLA-A - CD8A","MHC-I","Cell-Cell Contact","KEGG: hsa04514","PBMC_Late"
"HSC_MPP","CXCR6+ NK","HLA-A","CD8A",0.00671851376137984,0,"HLA-A_CD8A","HLA-A - CD8A","MHC-I","Cell-Cell Contact","KEGG: hsa04514","PBMC_Late"
"ILC2/3","CXCR6+ NK","HLA-A","CD8A",0.0118394598215863,0,"HLA-A_CD8A","HLA-A - CD8A","MHC-I","Cell-Cell Contact","KEGG: hsa04514","PBMC_Late"
"Megakaryocytes","CXCR6+ NK","HLA-A","CD8A",0.0121299628080759,0,"HLA-A_CD8A","HLA-A - CD8A","MHC-I","Cell-Cell Contact","KEGG: hsa04514","PBMC_Late"
"MEMP","CXCR6+ NK","HLA-A","CD8A",0.0043295921064022,0,"HLA-A_CD8A","HLA-A - CD8A","MHC-I","Cell-Cell Contact","KEGG: hsa04514","PBMC_Late"
"MEP","CXCR6+ NK","HLA-A","CD8A",0.00561892159858015,0,"HLA-A_CD8A","HLA-A - CD8A","MHC-I","Cell-Cell Contact","KEGG: hsa04514","PBMC_Late"
"Naïve CD4 T","CXCR6+ NK","HLA-A","CD8A",0.0113404005163293,0,"HLA-A_CD8A","HLA-A - CD8A","MHC-I","Cell-Cell Contact","KEGG: hsa04514","PBMC_Late"
"Naïve CD8 T","CXCR6+ NK","HLA-A","CD8A",0.0117698637755736,0,"HLA-A_CD8A","HLA-A - CD8A","MHC-I","Cell-Cell Contact","KEGG: hsa04514","PBMC_Late"
"NK T","CXCR6+ NK","HLA-A","CD8A",0.0133569439999897,0,"HLA-A_CD8A","HLA-A - CD8A","MHC-I","Cell-Cell Contact","KEGG: hsa04514","PBMC_Late"
"pDC","CXCR6+ NK","HLA-A","CD8A",0.0081936394722791,0,"HLA-A_CD8A","HLA-A - CD8A","MHC-I","Cell-Cell Contact","KEGG: hsa04514","PBMC_Late"
"Pro-B","CXCR6+ NK","HLA-A","CD8A",0.00929812284002578,0,"HLA-A_CD8A","HLA-A - CD8A","MHC-I","Cell-Cell Contact","KEGG: hsa04514","PBMC_Late"
"Tem","CXCR6+ NK","HLA-A","CD8A",0.012012724146826,0,"HLA-A_CD8A","HLA-A - CD8A","MHC-I","Cell-Cell Contact","KEGG: hsa04514","PBMC_Late"
"Th17like_INNATE_T","CXCR6+ NK","HLA-A","CD8A",0.0120270408950085,0,"HLA-A_CD8A","HLA-A - CD8A","MHC-I","Cell-Cell Contact","KEGG: hsa04514","PBMC_Late"
"Treg","CXCR6+ NK","HLA-A","CD8A",0.0125489413086234,0,"HLA-A_CD8A","HLA-A - CD8A","MHC-I","Cell-Cell Contact","KEGG: hsa04514","PBMC_Late"
"abTentry","Naïve CD8 T","HLA-A","CD8A",0.0984672375775432,0,"HLA-A_CD8A","HLA-A - CD8A","MHC-I","Cell-Cell Contact","KEGG: hsa04514","PBMC_Late"
"CD14+PPBP+ Monocytes","Naïve CD8 T","HLA-A","CD8A",0.142759410046332,0,"HLA-A_CD8A","HLA-A - CD8A","MHC-I","Cell-Cell Contact","KEGG: hsa04514","PBMC_Late"
"CD56highCD16low NK","Naïve CD8 T","HLA-A","CD8A",0.119496207078668,0,"HLA-A_CD8A","HLA-A - CD8A","MHC-I","Cell-Cell Contact","KEGG: hsa04514","PBMC_Late"
"Classical Monocytes","Naïve CD8 T","HLA-A","CD8A",0.13175393240337,0,"HLA-A_CD8A","HLA-A - CD8A","MHC-I","Cell-Cell Contact","KEGG: hsa04514","PBMC_Late"
"CX3CR1+ NK","Naïve CD8 T","HLA-A","CD8A",0.18058395110291,0,"HLA-A_CD8A","HLA-A - CD8A","MHC-I","Cell-Cell Contact","KEGG: hsa04514","PBMC_Late"
"CXCR5- Naïve B","Naïve CD8 T","HLA-A","CD8A",0.132928692220689,0,"HLA-A_CD8A","HLA-A - CD8A","MHC-I","Cell-Cell Contact","KEGG: hsa04514","PBMC_Late"
"CXCR5+ Naïve B","Naïve CD8 T","HLA-A","CD8A",0.13708978667751,0,"HLA-A_CD8A","HLA-A - CD8A","MHC-I","Cell-Cell Contact","KEGG: hsa04514","PBMC_Late"
"CXCR6+ NK","Naïve CD8 T","HLA-A","CD8A",0.165290673116526,0,"HLA-A_CD8A","HLA-A - CD8A","MHC-I","Cell-Cell Contact","KEGG: hsa04514","PBMC_Late"
"DC2","Naïve CD8 T","HLA-A","CD8A",0.127635601210738,0,"HLA-A_CD8A","HLA-A - CD8A","MHC-I","Cell-Cell Contact","KEGG: hsa04514","PBMC_Late"
"Early_ERY","Naïve CD8 T","HLA-A","CD8A",0.0116748542034976,0,"HLA-A_CD8A","HLA-A - CD8A","MHC-I","Cell-Cell Contact","KEGG: hsa04514","PBMC_Late"
"Gamma Delta V1 T","Naïve CD8 T","HLA-A","CD8A",0.161625159628147,0,"HLA-A_CD8A","HLA-A - CD8A","MHC-I","Cell-Cell Contact","KEGG: hsa04514","PBMC_Late"
"Gamma Delta V2 T","Naïve CD8 T","HLA-A","CD8A",0.164962305905407,0,"HLA-A_CD8A","HLA-A - CD8A","MHC-I","Cell-Cell Contact","KEGG: hsa04514","PBMC_Late"
"HSC_MPP","Naïve CD8 T","HLA-A","CD8A",0.0943089255959494,0,"HLA-A_CD8A","HLA-A - CD8A","MHC-I","Cell-Cell Contact","KEGG: hsa04514","PBMC_Late"
"ILC2/3","Naïve CD8 T","HLA-A","CD8A",0.155725547856943,0,"HLA-A_CD8A","HLA-A - CD8A","MHC-I","Cell-Cell Contact","KEGG: hsa04514","PBMC_Late"
"Megakaryocytes","Naïve CD8 T","HLA-A","CD8A",0.158978561123558,0,"HLA-A_CD8A","HLA-A - CD8A","MHC-I","Cell-Cell Contact","KEGG: hsa04514","PBMC_Late"
"MEMP","Naïve CD8 T","HLA-A","CD8A",0.0627425443479423,0,"HLA-A_CD8A","HLA-A - CD8A","MHC-I","Cell-Cell Contact","KEGG: hsa04514","PBMC_Late"
"MEP","Naïve CD8 T","HLA-A","CD8A",0.0800287807975906,0,"HLA-A_CD8A","HLA-A - CD8A","MHC-I","Cell-Cell Contact","KEGG: hsa04514","PBMC_Late"
"Naïve CD4 T","Naïve CD8 T","HLA-A","CD8A",0.150082547250435,0,"HLA-A_CD8A","HLA-A - CD8A","MHC-I","Cell-Cell Contact","KEGG: hsa04514","PBMC_Late"
"Naïve CD8 T","Naïve CD8 T","HLA-A","CD8A",0.154942766315735,0,"HLA-A_CD8A","HLA-A - CD8A","MHC-I","Cell-Cell Contact","KEGG: hsa04514","PBMC_Late"
"NK T","Naïve CD8 T","HLA-A","CD8A",0.172466406160865,0,"HLA-A_CD8A","HLA-A - CD8A","MHC-I","Cell-Cell Contact","KEGG: hsa04514","PBMC_Late"
"pDC","Naïve CD8 T","HLA-A","CD8A",0.112830935801735,0,"HLA-A_CD8A","HLA-A - CD8A","MHC-I","Cell-Cell Contact","KEGG: hsa04514","PBMC_Late"
"Pro-B","Naïve CD8 T","HLA-A","CD8A",0.126244903487566,0,"HLA-A_CD8A","HLA-A - CD8A","MHC-I","Cell-Cell Contact","KEGG: hsa04514","PBMC_Late"
"Tem","Naïve CD8 T","HLA-A","CD8A",0.157668529985882,0,"HLA-A_CD8A","HLA-A - CD8A","MHC-I","Cell-Cell Contact","KEGG: hsa04514","PBMC_Late"
"Th17like_INNATE_T","Naïve CD8 T","HLA-A","CD8A",0.157828708136599,0,"HLA-A_CD8A","HLA-A - CD8A","MHC-I","Cell-Cell Contact","KEGG: hsa04514","PBMC_Late"
"Treg","Naïve CD8 T","HLA-A","CD8A",0.16362964191652,0,"HLA-A_CD8A","HLA-A - CD8A","MHC-I","Cell-Cell Contact","KEGG: hsa04514","PBMC_Late"
"abTentry","NK T","HLA-A","CD8A",0.0774086420664987,0,"HLA-A_CD8A","HLA-A - CD8A","MHC-I","Cell-Cell Contact","KEGG: hsa04514","PBMC_Late"
"CD14+PPBP+ Monocytes","NK T","HLA-A","CD8A",0.113420030457518,0,"HLA-A_CD8A","HLA-A - CD8A","MHC-I","Cell-Cell Contact","KEGG: hsa04514","PBMC_Late"
"CD56highCD16low NK","NK T","HLA-A","CD8A",0.0944112474230691,0,"HLA-A_CD8A","HLA-A - CD8A","MHC-I","Cell-Cell Contact","KEGG: hsa04514","PBMC_Late"
"Classical Monocytes","NK T","HLA-A","CD8A",0.104400898625344,0,"HLA-A_CD8A","HLA-A - CD8A","MHC-I","Cell-Cell Contact","KEGG: hsa04514","PBMC_Late"
"CX3CR1+ NK","NK T","HLA-A","CD8A",0.144783931066036,0,"HLA-A_CD8A","HLA-A - CD8A","MHC-I","Cell-Cell Contact","KEGG: hsa04514","PBMC_Late"
"CXCR5- Naïve B","NK T","HLA-A","CD8A",0.105361365889349,0,"HLA-A_CD8A","HLA-A - CD8A","MHC-I","Cell-Cell Contact","KEGG: hsa04514","PBMC_Late"
"CXCR5+ Naïve B","NK T","HLA-A","CD8A",0.108767764847932,0,"HLA-A_CD8A","HLA-A - CD8A","MHC-I","Cell-Cell Contact","KEGG: hsa04514","PBMC_Late"
"CXCR6+ NK","NK T","HLA-A","CD8A",0.132033958100194,0,"HLA-A_CD8A","HLA-A - CD8A","MHC-I","Cell-Cell Contact","KEGG: hsa04514","PBMC_Late"
"DC2","NK T","HLA-A","CD8A",0.101038065719053,0,"HLA-A_CD8A","HLA-A - CD8A","MHC-I","Cell-Cell Contact","KEGG: hsa04514","PBMC_Late"
"Early_ERY","NK T","HLA-A","CD8A",0.00899286816924891,0,"HLA-A_CD8A","HLA-A - CD8A","MHC-I","Cell-Cell Contact","KEGG: hsa04514","PBMC_Late"
"Gamma Delta V1 T","NK T","HLA-A","CD8A",0.128991980347977,0,"HLA-A_CD8A","HLA-A - CD8A","MHC-I","Cell-Cell Contact","KEGG: hsa04514","PBMC_Late"
"Gamma Delta V2 T","NK T","HLA-A","CD8A",0.131761229820228,0,"HLA-A_CD8A","HLA-A - CD8A","MHC-I","Cell-Cell Contact","KEGG: hsa04514","PBMC_Late"
"HSC_MPP","NK T","HLA-A","CD8A",0.0740665805797835,0,"HLA-A_CD8A","HLA-A - CD8A","MHC-I","Cell-Cell Contact","KEGG: hsa04514","PBMC_Late"
"ILC2/3","NK T","HLA-A","CD8A",0.124107206266813,0,"HLA-A_CD8A","HLA-A - CD8A","MHC-I","Cell-Cell Contact","KEGG: hsa04514","PBMC_Late"
"Megakaryocytes","NK T","HLA-A","CD8A",0.126798927993169,0,"HLA-A_CD8A","HLA-A - CD8A","MHC-I","Cell-Cell Contact","KEGG: hsa04514","PBMC_Late"
"MEMP","NK T","HLA-A","CD8A",0.0489096788312037,0,"HLA-A_CD8A","HLA-A - CD8A","MHC-I","Cell-Cell Contact","KEGG: hsa04514","PBMC_Late"
"MEP","NK T","HLA-A","CD8A",0.0626395205949982,0,"HLA-A_CD8A","HLA-A - CD8A","MHC-I","Cell-Cell Contact","KEGG: hsa04514","PBMC_Late"
"Naïve CD4 T","NK T","HLA-A","CD8A",0.119447853835893,0,"HLA-A_CD8A","HLA-A - CD8A","MHC-I","Cell-Cell Contact","KEGG: hsa04514","PBMC_Late"
"Naïve CD8 T","NK T","HLA-A","CD8A",0.123460118387337,0,"HLA-A_CD8A","HLA-A - CD8A","MHC-I","Cell-Cell Contact","KEGG: hsa04514","PBMC_Late"
"NK T","NK T","HLA-A","CD8A",0.138004625378287,0,"HLA-A_CD8A","HLA-A - CD8A","MHC-I","Cell-Cell Contact","KEGG: hsa04514","PBMC_Late"
"pDC","NK T","HLA-A","CD8A",0.0890037334180867,0,"HLA-A_CD8A","HLA-A - CD8A","MHC-I","Cell-Cell Contact","KEGG: hsa04514","PBMC_Late"
"Pro-B","NK T","HLA-A","CD8A",0.0999039821532273,0,"HLA-A_CD8A","HLA-A - CD8A","MHC-I","Cell-Cell Contact","KEGG: hsa04514","PBMC_Late"
"Tem","NK T","HLA-A","CD8A",0.125714429576138,0,"HLA-A_CD8A","HLA-A - CD8A","MHC-I","Cell-Cell Contact","KEGG: hsa04514","PBMC_Late"
"Th17like_INNATE_T","NK T","HLA-A","CD8A",0.125846995043655,0,"HLA-A_CD8A","HLA-A - CD8A","MHC-I","Cell-Cell Contact","KEGG: hsa04514","PBMC_Late"
"Treg","NK T","HLA-A","CD8A",0.130654816990809,0,"HLA-A_CD8A","HLA-A - CD8A","MHC-I","Cell-Cell Contact","KEGG: hsa04514","PBMC_Late"
"abTentry","CXCR6+ NK","HLA-B","CD8A",0.00783423107233452,0,"HLA-B_CD8A","HLA-B - CD8A","MHC-I","Cell-Cell Contact","KEGG: hsa04514","PBMC_Late"
"CD14+PPBP+ Monocytes","CXCR6+ NK","HLA-B","CD8A",0.0132979262578884,0,"HLA-B_CD8A","HLA-B - CD8A","MHC-I","Cell-Cell Contact","KEGG: hsa04514","PBMC_Late"
"CD56highCD16low NK","CXCR6+ NK","HLA-B","CD8A",0.00880358398333527,0,"HLA-B_CD8A","HLA-B - CD8A","MHC-I","Cell-Cell Contact","KEGG: hsa04514","PBMC_Late"
"Classical Monocytes","CXCR6+ NK","HLA-B","CD8A",0.0127004277273873,0,"HLA-B_CD8A","HLA-B - CD8A","MHC-I","Cell-Cell Contact","KEGG: hsa04514","PBMC_Late"
"CX3CR1+ NK","CXCR6+ NK","HLA-B","CD8A",0.0158253415711222,0,"HLA-B_CD8A","HLA-B - CD8A","MHC-I","Cell-Cell Contact","KEGG: hsa04514","PBMC_Late"
"CXCR5- Naïve B","CXCR6+ NK","HLA-B","CD8A",0.0141550015283183,0,"HLA-B_CD8A","HLA-B - CD8A","MHC-I","Cell-Cell Contact","KEGG: hsa04514","PBMC_Late"
"CXCR5+ Naïve B","CXCR6+ NK","HLA-B","CD8A",0.01304924351345,0,"HLA-B_CD8A","HLA-B - CD8A","MHC-I","Cell-Cell Contact","KEGG: hsa04514","PBMC_Late"
"CXCR6+ NK","CXCR6+ NK","HLA-B","CD8A",0.0152789437622508,0,"HLA-B_CD8A","HLA-B - CD8A","MHC-I","Cell-Cell Contact","KEGG: hsa04514","PBMC_Late"
"DC2","CXCR6+ NK","HLA-B","CD8A",0.0121471162044442,0,"HLA-B_CD8A","HLA-B - CD8A","MHC-I","Cell-Cell Contact","KEGG: hsa04514","PBMC_Late"
"Gamma Delta V1 T","CXCR6+ NK","HLA-B","CD8A",0.0139628196348697,0,"HLA-B_CD8A","HLA-B - CD8A","MHC-I","Cell-Cell Contact","KEGG: hsa04514","PBMC_Late"
"Gamma Delta V2 T","CXCR6+ NK","HLA-B","CD8A",0.0141706661431631,0,"HLA-B_CD8A","HLA-B - CD8A","MHC-I","Cell-Cell Contact","KEGG: hsa04514","PBMC_Late"
"HSC_MPP","CXCR6+ NK","HLA-B","CD8A",0.00824311571632024,0,"HLA-B_CD8A","HLA-B - CD8A","MHC-I","Cell-Cell Contact","KEGG: hsa04514","PBMC_Late"
"ILC2/3","CXCR6+ NK","HLA-B","CD8A",0.0134404659130115,0,"HLA-B_CD8A","HLA-B - CD8A","MHC-I","Cell-Cell Contact","KEGG: hsa04514","PBMC_Late"
"Megakaryocytes","CXCR6+ NK","HLA-B","CD8A",0.0138756251621723,0,"HLA-B_CD8A","HLA-B - CD8A","MHC-I","Cell-Cell Contact","KEGG: hsa04514","PBMC_Late"
"MEMP","CXCR6+ NK","HLA-B","CD8A",0.00515485375624962,0,"HLA-B_CD8A","HLA-B - CD8A","MHC-I","Cell-Cell Contact","KEGG: hsa04514","PBMC_Late"
"MEP","CXCR6+ NK","HLA-B","CD8A",0.00640564249685757,0,"HLA-B_CD8A","HLA-B - CD8A","MHC-I","Cell-Cell Contact","KEGG: hsa04514","PBMC_Late"
"Myeloid-CD177","CXCR6+ NK","HLA-B","CD8A",0.00247568799386586,0,"HLA-B_CD8A","HLA-B - CD8A","MHC-I","Cell-Cell Contact","KEGG: hsa04514","PBMC_Late"
"Naïve CD4 T","CXCR6+ NK","HLA-B","CD8A",0.0129349875628996,0,"HLA-B_CD8A","HLA-B - CD8A","MHC-I","Cell-Cell Contact","KEGG: hsa04514","PBMC_Late"
"Naïve CD8 T","CXCR6+ NK","HLA-B","CD8A",0.0135360275428956,0,"HLA-B_CD8A","HLA-B - CD8A","MHC-I","Cell-Cell Contact","KEGG: hsa04514","PBMC_Late"
"NK T","CXCR6+ NK","HLA-B","CD8A",0.014637684812231,0,"HLA-B_CD8A","HLA-B - CD8A","MHC-I","Cell-Cell Contact","KEGG: hsa04514","PBMC_Late"
"pDC","CXCR6+ NK","HLA-B","CD8A",0.011792315145163,0,"HLA-B_CD8A","HLA-B - CD8A","MHC-I","Cell-Cell Contact","KEGG: hsa04514","PBMC_Late"
"Pro-B","CXCR6+ NK","HLA-B","CD8A",0.0119301787488301,0,"HLA-B_CD8A","HLA-B - CD8A","MHC-I","Cell-Cell Contact","KEGG: hsa04514","PBMC_Late"
"Tem","CXCR6+ NK","HLA-B","CD8A",0.0140047534899804,0,"HLA-B_CD8A","HLA-B - CD8A","MHC-I","Cell-Cell Contact","KEGG: hsa04514","PBMC_Late"
"Th17like_INNATE_T","CXCR6+ NK","HLA-B","CD8A",0.0141886581490336,0,"HLA-B_CD8A","HLA-B - CD8A","MHC-I","Cell-Cell Contact","KEGG: hsa04514","PBMC_Late"
"Treg","CXCR6+ NK","HLA-B","CD8A",0.0140745429901907,0,"HLA-B_CD8A","HLA-B - CD8A","MHC-I","Cell-Cell Contact","KEGG: hsa04514","PBMC_Late"
"abTentry","Naïve CD8 T","HLA-B","CD8A",0.108383255742052,0,"HLA-B_CD8A","HLA-B - CD8A","MHC-I","Cell-Cell Contact","KEGG: hsa04514","PBMC_Late"
"CD14+PPBP+ Monocytes","Naïve CD8 T","HLA-B","CD8A",0.171826796327169,0,"HLA-B_CD8A","HLA-B - CD8A","MHC-I","Cell-Cell Contact","KEGG: hsa04514","PBMC_Late"
"CD56highCD16low NK","Naïve CD8 T","HLA-B","CD8A",0.120285524423468,0,"HLA-B_CD8A","HLA-B - CD8A","MHC-I","Cell-Cell Contact","KEGG: hsa04514","PBMC_Late"
"Classical Monocytes","Naïve CD8 T","HLA-B","CD8A",0.165299618009687,0,"HLA-B_CD8A","HLA-B - CD8A","MHC-I","Cell-Cell Contact","KEGG: hsa04514","PBMC_Late"
"CX3CR1+ NK","Naïve CD8 T","HLA-B","CD8A",0.198425193442248,0,"HLA-B_CD8A","HLA-B - CD8A","MHC-I","Cell-Cell Contact","KEGG: hsa04514","PBMC_Late"
"CXCR5- Naïve B","Naïve CD8 T","HLA-B","CD8A",0.181026778820024,0,"HLA-B_CD8A","HLA-B - CD8A","MHC-I","Cell-Cell Contact","KEGG: hsa04514","PBMC_Late"
"CXCR5+ Naïve B","Naïve CD8 T","HLA-B","CD8A",0.169121626123944,0,"HLA-B_CD8A","HLA-B - CD8A","MHC-I","Cell-Cell Contact","KEGG: hsa04514","PBMC_Late"
"CXCR6+ NK","Naïve CD8 T","HLA-B","CD8A",0.192809342512566,0,"HLA-B_CD8A","HLA-B - CD8A","MHC-I","Cell-Cell Contact","KEGG: hsa04514","PBMC_Late"
"DC2","Naïve CD8 T","HLA-B","CD8A",0.159169918489573,0,"HLA-B_CD8A","HLA-B - CD8A","MHC-I","Cell-Cell Contact","KEGG: hsa04514","PBMC_Late"
"Gamma Delta V1 T","Naïve CD8 T","HLA-B","CD8A",0.17898030754174,0,"HLA-B_CD8A","HLA-B - CD8A","MHC-I","Cell-Cell Contact","KEGG: hsa04514","PBMC_Late"
"Gamma Delta V2 T","Naïve CD8 T","HLA-B","CD8A",0.181193170782406,0,"HLA-B_CD8A","HLA-B - CD8A","MHC-I","Cell-Cell Contact","KEGG: hsa04514","PBMC_Late"
"HSC_MPP","Naïve CD8 T","HLA-B","CD8A",0.113439983042168,0,"HLA-B_CD8A","HLA-B - CD8A","MHC-I","Cell-Cell Contact","KEGG: hsa04514","PBMC_Late"
"ILC2/3","Naïve CD8 T","HLA-B","CD8A",0.173370025865305,0,"HLA-B_CD8A","HLA-B - CD8A","MHC-I","Cell-Cell Contact","KEGG: hsa04514","PBMC_Late"
"Megakaryocytes","Naïve CD8 T","HLA-B","CD8A",0.178048694685098,0,"HLA-B_CD8A","HLA-B - CD8A","MHC-I","Cell-Cell Contact","KEGG: hsa04514","PBMC_Late"
"MEMP","Naïve CD8 T","HLA-B","CD8A",0.0738757587707173,0,"HLA-B_CD8A","HLA-B - CD8A","MHC-I","Cell-Cell Contact","KEGG: hsa04514","PBMC_Late"
"MEP","Naïve CD8 T","HLA-B","CD8A",0.0902878694895622,0,"HLA-B_CD8A","HLA-B - CD8A","MHC-I","Cell-Cell Contact","KEGG: hsa04514","PBMC_Late"
"Myeloid-CD177","Naïve CD8 T","HLA-B","CD8A",0.0368010541463701,0,"HLA-B_CD8A","HLA-B - CD8A","MHC-I","Cell-Cell Contact","KEGG: hsa04514","PBMC_Late"
"Naïve CD4 T","Naïve CD8 T","HLA-B","CD8A",0.167873276170486,0,"HLA-B_CD8A","HLA-B - CD8A","MHC-I","Cell-Cell Contact","KEGG: hsa04514","PBMC_Late"
"Naïve CD8 T","Naïve CD8 T","HLA-B","CD8A",0.17440167214095,0,"HLA-B_CD8A","HLA-B - CD8A","MHC-I","Cell-Cell Contact","KEGG: hsa04514","PBMC_Late"
"NK T","Naïve CD8 T","HLA-B","CD8A",0.186125446226987,0,"HLA-B_CD8A","HLA-B - CD8A","MHC-I","Cell-Cell Contact","KEGG: hsa04514","PBMC_Late"
"pDC","Naïve CD8 T","HLA-B","CD8A",0.155195434601352,0,"HLA-B_CD8A","HLA-B - CD8A","MHC-I","Cell-Cell Contact","KEGG: hsa04514","PBMC_Late"
"Pro-B","Naïve CD8 T","HLA-B","CD8A",0.156743899438997,0,"HLA-B_CD8A","HLA-B - CD8A","MHC-I","Cell-Cell Contact","KEGG: hsa04514","PBMC_Late"
"Tem","Naïve CD8 T","HLA-B","CD8A",0.179427648816043,0,"HLA-B_CD8A","HLA-B - CD8A","MHC-I","Cell-Cell Contact","KEGG: hsa04514","PBMC_Late"
"Th17like_INNATE_T","Naïve CD8 T","HLA-B","CD8A",0.181384207765447,0,"HLA-B_CD8A","HLA-B - CD8A","MHC-I","Cell-Cell Contact","KEGG: hsa04514","PBMC_Late"
"Treg","Naïve CD8 T","HLA-B","CD8A",0.180171152459513,0,"HLA-B_CD8A","HLA-B - CD8A","MHC-I","Cell-Cell Contact","KEGG: hsa04514","PBMC_Late"
"abTentry","NK T","HLA-B","CD8A",0.0854048793419872,0,"HLA-B_CD8A","HLA-B - CD8A","MHC-I","Cell-Cell Contact","KEGG: hsa04514","PBMC_Late"
"CD14+PPBP+ Monocytes","NK T","HLA-B","CD8A",0.13747158943416,0,"HLA-B_CD8A","HLA-B - CD8A","MHC-I","Cell-Cell Contact","KEGG: hsa04514","PBMC_Late"
"CD56highCD16low NK","NK T","HLA-B","CD8A",0.0950527564690429,0,"HLA-B_CD8A","HLA-B - CD8A","MHC-I","Cell-Cell Contact","KEGG: hsa04514","PBMC_Late"
"Classical Monocytes","NK T","HLA-B","CD8A",0.132041387964062,0,"HLA-B_CD8A","HLA-B - CD8A","MHC-I","Cell-Cell Contact","KEGG: hsa04514","PBMC_Late"
"CX3CR1+ NK","NK T","HLA-B","CD8A",0.159777891189985,0,"HLA-B_CD8A","HLA-B - CD8A","MHC-I","Cell-Cell Contact","KEGG: hsa04514","PBMC_Late"
"CXCR5- Naïve B","NK T","HLA-B","CD8A",0.145154521262888,0,"HLA-B_CD8A","HLA-B - CD8A","MHC-I","Cell-Cell Contact","KEGG: hsa04514","PBMC_Late"
"CXCR5+ Naïve B","NK T","HLA-B","CD8A",0.135218982851971,0,"HLA-B_CD8A","HLA-B - CD8A","MHC-I","Cell-Cell Contact","KEGG: hsa04514","PBMC_Late"
"CXCR6+ NK","NK T","HLA-B","CD8A",0.155044272499236,0,"HLA-B_CD8A","HLA-B - CD8A","MHC-I","Cell-Cell Contact","KEGG: hsa04514","PBMC_Late"
"DC2","NK T","HLA-B","CD8A",0.126957398847711,0,"HLA-B_CD8A","HLA-B - CD8A","MHC-I","Cell-Cell Contact","KEGG: hsa04514","PBMC_Late"
"Gamma Delta V1 T","NK T","HLA-B","CD8A",0.143442550591108,0,"HLA-B_CD8A","HLA-B - CD8A","MHC-I","Cell-Cell Contact","KEGG: hsa04514","PBMC_Late"
"Gamma Delta V2 T","NK T","HLA-B","CD8A",0.145293790594301,0,"HLA-B_CD8A","HLA-B - CD8A","MHC-I","Cell-Cell Contact","KEGG: hsa04514","PBMC_Late"
"HSC_MPP","NK T","HLA-B","CD8A",0.0894971391467078,0,"HLA-B_CD8A","HLA-B - CD8A","MHC-I","Cell-Cell Contact","KEGG: hsa04514","PBMC_Late"
"ILC2/3","NK T","HLA-B","CD8A",0.138757961674602,0,"HLA-B_CD8A","HLA-B - CD8A","MHC-I","Cell-Cell Contact","KEGG: hsa04514","PBMC_Late"
"Megakaryocytes","NK T","HLA-B","CD8A",0.142663773248208,0,"HLA-B_CD8A","HLA-B - CD8A","MHC-I","Cell-Cell Contact","KEGG: hsa04514","PBMC_Late"
"MEMP","NK T","HLA-B","CD8A",0.0577395621217272,0,"HLA-B_CD8A","HLA-B - CD8A","MHC-I","Cell-Cell Contact","KEGG: hsa04514","PBMC_Late"
"MEP","NK T","HLA-B","CD8A",0.0708410910213424,0,"HLA-B_CD8A","HLA-B - CD8A","MHC-I","Cell-Cell Contact","KEGG: hsa04514","PBMC_Late"
"Myeloid-CD177","NK T","HLA-B","CD8A",0.0285135208560563,0,"HLA-B_CD8A","HLA-B - CD8A","MHC-I","Cell-Cell Contact","KEGG: hsa04514","PBMC_Late"
"Naïve CD4 T","NK T","HLA-B","CD8A",0.13418046784262,0,"HLA-B_CD8A","HLA-B - CD8A","MHC-I","Cell-Cell Contact","KEGG: hsa04514","PBMC_Late"
"Naïve CD8 T","NK T","HLA-B","CD8A",0.139618434192708,0,"HLA-B_CD8A","HLA-B - CD8A","MHC-I","Cell-Cell Contact","KEGG: hsa04514","PBMC_Late"
"NK T","NK T","HLA-B","CD8A",0.149427182460212,0,"HLA-B_CD8A","HLA-B - CD8A","MHC-I","Cell-Cell Contact","KEGG: hsa04514","PBMC_Late"
"pDC","NK T","HLA-B","CD8A",0.123668960491216,0,"HLA-B_CD8A","HLA-B - CD8A","MHC-I","Cell-Cell Contact","KEGG: hsa04514","PBMC_Late"
"Pro-B","NK T","HLA-B","CD8A",0.124949393304743,0,"HLA-B_CD8A","HLA-B - CD8A","MHC-I","Cell-Cell Contact","KEGG: hsa04514","PBMC_Late"
"Tem","NK T","HLA-B","CD8A",0.143816628127253,0,"HLA-B_CD8A","HLA-B - CD8A","MHC-I","Cell-Cell Contact","KEGG: hsa04514","PBMC_Late"
"Th17like_INNATE_T","NK T","HLA-B","CD8A",0.145453701527979,0,"HLA-B_CD8A","HLA-B - CD8A","MHC-I","Cell-Cell Contact","KEGG: hsa04514","PBMC_Late"
"Treg","NK T","HLA-B","CD8A",0.144438542870795,0,"HLA-B_CD8A","HLA-B - CD8A","MHC-I","Cell-Cell Contact","KEGG: hsa04514","PBMC_Late"
"abTentry","CXCR6+ NK","HLA-C","CD8A",0.00607924182631157,0,"HLA-C_CD8A","HLA-C - CD8A","MHC-I","Cell-Cell Contact","KEGG: hsa04514","PBMC_Late"
"CD14+PPBP+ Monocytes","CXCR6+ NK","HLA-C","CD8A",0.0100804604518871,0,"HLA-C_CD8A","HLA-C - CD8A","MHC-I","Cell-Cell Contact","KEGG: hsa04514","PBMC_Late"
"CD56highCD16low NK","CXCR6+ NK","HLA-C","CD8A",0.00800914235586893,0,"HLA-C_CD8A","HLA-C - CD8A","MHC-I","Cell-Cell Contact","KEGG: hsa04514","PBMC_Late"
"Classical Monocytes","CXCR6+ NK","HLA-C","CD8A",0.00948977948756624,0,"HLA-C_CD8A","HLA-C - CD8A","MHC-I","Cell-Cell Contact","KEGG: hsa04514","PBMC_Late"
"CX3CR1+ NK","CXCR6+ NK","HLA-C","CD8A",0.0135748209659517,0,"HLA-C_CD8A","HLA-C - CD8A","MHC-I","Cell-Cell Contact","KEGG: hsa04514","PBMC_Late"
"CXCR5- Naïve B","CXCR6+ NK","HLA-C","CD8A",0.0102393409399599,0,"HLA-C_CD8A","HLA-C - CD8A","MHC-I","Cell-Cell Contact","KEGG: hsa04514","PBMC_Late"
"CXCR5+ Naïve B","CXCR6+ NK","HLA-C","CD8A",0.0096123536071233,0,"HLA-C_CD8A","HLA-C - CD8A","MHC-I","Cell-Cell Contact","KEGG: hsa04514","PBMC_Late"
"CXCR6+ NK","CXCR6+ NK","HLA-C","CD8A",0.012415630847884,0,"HLA-C_CD8A","HLA-C - CD8A","MHC-I","Cell-Cell Contact","KEGG: hsa04514","PBMC_Late"
"DC2","CXCR6+ NK","HLA-C","CD8A",0.00921761230473016,0,"HLA-C_CD8A","HLA-C - CD8A","MHC-I","Cell-Cell Contact","KEGG: hsa04514","PBMC_Late"
"Early_ERY","CXCR6+ NK","HLA-C","CD8A",0.000823414697970517,0,"HLA-C_CD8A","HLA-C - CD8A","MHC-I","Cell-Cell Contact","KEGG: hsa04514","PBMC_Late"
"Gamma Delta V1 T","CXCR6+ NK","HLA-C","CD8A",0.0103268372705376,0,"HLA-C_CD8A","HLA-C - CD8A","MHC-I","Cell-Cell Contact","KEGG: hsa04514","PBMC_Late"
"Gamma Delta V2 T","CXCR6+ NK","HLA-C","CD8A",0.0110948581259153,0,"HLA-C_CD8A","HLA-C - CD8A","MHC-I","Cell-Cell Contact","KEGG: hsa04514","PBMC_Late"
"HSC_MPP","CXCR6+ NK","HLA-C","CD8A",0.00595497162919268,0,"HLA-C_CD8A","HLA-C - CD8A","MHC-I","Cell-Cell Contact","KEGG: hsa04514","PBMC_Late"
"ILC2/3","CXCR6+ NK","HLA-C","CD8A",0.0102472670350002,0,"HLA-C_CD8A","HLA-C - CD8A","MHC-I","Cell-Cell Contact","KEGG: hsa04514","PBMC_Late"
"Megakaryocytes","CXCR6+ NK","HLA-C","CD8A",0.00866841411002695,0,"HLA-C_CD8A","HLA-C - CD8A","MHC-I","Cell-Cell Contact","KEGG: hsa04514","PBMC_Late"
"MEMP","CXCR6+ NK","HLA-C","CD8A",0.00388809610649939,0,"HLA-C_CD8A","HLA-C - CD8A","MHC-I","Cell-Cell Contact","KEGG: hsa04514","PBMC_Late"
"MEP","CXCR6+ NK","HLA-C","CD8A",0.00487004528517081,0,"HLA-C_CD8A","HLA-C - CD8A","MHC-I","Cell-Cell Contact","KEGG: hsa04514","PBMC_Late"
"Myeloid-CD177","CXCR6+ NK","HLA-C","CD8A",0.00190125929524268,0,"HLA-C_CD8A","HLA-C - CD8A","MHC-I","Cell-Cell Contact","KEGG: hsa04514","PBMC_Late"
"Naïve CD4 T","CXCR6+ NK","HLA-C","CD8A",0.00976128179952236,0,"HLA-C_CD8A","HLA-C - CD8A","MHC-I","Cell-Cell Contact","KEGG: hsa04514","PBMC_Late"
"Naïve CD8 T","CXCR6+ NK","HLA-C","CD8A",0.00994796364018578,0,"HLA-C_CD8A","HLA-C - CD8A","MHC-I","Cell-Cell Contact","KEGG: hsa04514","PBMC_Late"
"NK T","CXCR6+ NK","HLA-C","CD8A",0.0113756563077286,0,"HLA-C_CD8A","HLA-C - CD8A","MHC-I","Cell-Cell Contact","KEGG: hsa04514","PBMC_Late"
"pDC","CXCR6+ NK","HLA-C","CD8A",0.00790590113282156,0,"HLA-C_CD8A","HLA-C - CD8A","MHC-I","Cell-Cell Contact","KEGG: hsa04514","PBMC_Late"
"Pro-B","CXCR6+ NK","HLA-C","CD8A",0.00759084887089261,0,"HLA-C_CD8A","HLA-C - CD8A","MHC-I","Cell-Cell Contact","KEGG: hsa04514","PBMC_Late"
"Tem","CXCR6+ NK","HLA-C","CD8A",0.0115534871664232,0,"HLA-C_CD8A","HLA-C - CD8A","MHC-I","Cell-Cell Contact","KEGG: hsa04514","PBMC_Late"
"Th17like_INNATE_T","CXCR6+ NK","HLA-C","CD8A",0.0112384414944997,0,"HLA-C_CD8A","HLA-C - CD8A","MHC-I","Cell-Cell Contact","KEGG: hsa04514","PBMC_Late"
"Treg","CXCR6+ NK","HLA-C","CD8A",0.0107793997236064,0,"HLA-C_CD8A","HLA-C - CD8A","MHC-I","Cell-Cell Contact","KEGG: hsa04514","PBMC_Late"
"abTentry","Naïve CD8 T","HLA-C","CD8A",0.086057435785783,0,"HLA-C_CD8A","HLA-C - CD8A","MHC-I","Cell-Cell Contact","KEGG: hsa04514","PBMC_Late"
"CD14+PPBP+ Monocytes","Naïve CD8 T","HLA-C","CD8A",0.135521043907974,0,"HLA-C_CD8A","HLA-C - CD8A","MHC-I","Cell-Cell Contact","KEGG: hsa04514","PBMC_Late"
"CD56highCD16low NK","Naïve CD8 T","HLA-C","CD8A",0.110552937701188,0,"HLA-C_CD8A","HLA-C - CD8A","MHC-I","Cell-Cell Contact","KEGG: hsa04514","PBMC_Late"
"Classical Monocytes","Naïve CD8 T","HLA-C","CD8A",0.128534367209059,0,"HLA-C_CD8A","HLA-C - CD8A","MHC-I","Cell-Cell Contact","KEGG: hsa04514","PBMC_Late"
"CX3CR1+ NK","Naïve CD8 T","HLA-C","CD8A",0.174819793324055,0,"HLA-C_CD8A","HLA-C - CD8A","MHC-I","Cell-Cell Contact","KEGG: hsa04514","PBMC_Late"
"CXCR5- Naïve B","Naïve CD8 T","HLA-C","CD8A",0.137382637781789,0,"HLA-C_CD8A","HLA-C - CD8A","MHC-I","Cell-Cell Contact","KEGG: hsa04514","PBMC_Late"
"CXCR5+ Naïve B","Naïve CD8 T","HLA-C","CD8A",0.129992776992467,0,"HLA-C_CD8A","HLA-C - CD8A","MHC-I","Cell-Cell Contact","KEGG: hsa04514","PBMC_Late"
"CXCR6+ NK","Naïve CD8 T","HLA-C","CD8A",0.162154925092642,0,"HLA-C_CD8A","HLA-C - CD8A","MHC-I","Cell-Cell Contact","KEGG: hsa04514","PBMC_Late"
"DC2","Naïve CD8 T","HLA-C","CD8A",0.125279826067882,0,"HLA-C_CD8A","HLA-C - CD8A","MHC-I","Cell-Cell Contact","KEGG: hsa04514","PBMC_Late"
"Early_ERY","Naïve CD8 T","HLA-C","CD8A",0.0125277507845034,0,"HLA-C_CD8A","HLA-C - CD8A","MHC-I","Cell-Cell Contact","KEGG: hsa04514","PBMC_Late"
"Gamma Delta V1 T","Naïve CD8 T","HLA-C","CD8A",0.138404662109109,0,"HLA-C_CD8A","HLA-C - CD8A","MHC-I","Cell-Cell Contact","KEGG: hsa04514","PBMC_Late"
"Gamma Delta V2 T","Naïve CD8 T","HLA-C","CD8A",0.147280471624151,0,"HLA-C_CD8A","HLA-C - CD8A","MHC-I","Cell-Cell Contact","KEGG: hsa04514","PBMC_Late"
"HSC_MPP","Naïve CD8 T","HLA-C","CD8A",0.0844371632610198,0,"HLA-C_CD8A","HLA-C - CD8A","MHC-I","Cell-Cell Contact","KEGG: hsa04514","PBMC_Late"
"ILC2/3","Naïve CD8 T","HLA-C","CD8A",0.137475313070323,0,"HLA-C_CD8A","HLA-C - CD8A","MHC-I","Cell-Cell Contact","KEGG: hsa04514","PBMC_Late"
"Megakaryocytes","Naïve CD8 T","HLA-C","CD8A",0.11864354993805,0,"HLA-C_CD8A","HLA-C - CD8A","MHC-I","Cell-Cell Contact","KEGG: hsa04514","PBMC_Late"
"MEMP","Naïve CD8 T","HLA-C","CD8A",0.0566836813328033,0,"HLA-C_CD8A","HLA-C - CD8A","MHC-I","Cell-Cell Contact","KEGG: hsa04514","PBMC_Late"
"MEP","Naïve CD8 T","HLA-C","CD8A",0.0700614754534183,0,"HLA-C_CD8A","HLA-C - CD8A","MHC-I","Cell-Cell Contact","KEGG: hsa04514","PBMC_Late"
"Myeloid-CD177","Naïve CD8 T","HLA-C","CD8A",0.0284896499770575,0,"HLA-C_CD8A","HLA-C - CD8A","MHC-I","Cell-Cell Contact","KEGG: hsa04514","PBMC_Late"
"Naïve CD4 T","Naïve CD8 T","HLA-C","CD8A",0.131758680414079,0,"HLA-C_CD8A","HLA-C - CD8A","MHC-I","Cell-Cell Contact","KEGG: hsa04514","PBMC_Late"
"Naïve CD8 T","Naïve CD8 T","HLA-C","CD8A",0.133962890274786,0,"HLA-C_CD8A","HLA-C - CD8A","MHC-I","Cell-Cell Contact","KEGG: hsa04514","PBMC_Late"
"NK T","Naïve CD8 T","HLA-C","CD8A",0.15048348116544,0,"HLA-C_CD8A","HLA-C - CD8A","MHC-I","Cell-Cell Contact","KEGG: hsa04514","PBMC_Late"
"pDC","Naïve CD8 T","HLA-C","CD8A",0.109273471151541,0,"HLA-C_CD8A","HLA-C - CD8A","MHC-I","Cell-Cell Contact","KEGG: hsa04514","PBMC_Late"
"Pro-B","Naïve CD8 T","HLA-C","CD8A",0.105347840679064,0,"HLA-C_CD8A","HLA-C - CD8A","MHC-I","Cell-Cell Contact","KEGG: hsa04514","PBMC_Late"
"Tem","Naïve CD8 T","HLA-C","CD8A",0.152500480614548,0,"HLA-C_CD8A","HLA-C - CD8A","MHC-I","Cell-Cell Contact","KEGG: hsa04514","PBMC_Late"
"Th17like_INNATE_T","Naïve CD8 T","HLA-C","CD8A",0.148921083344642,0,"HLA-C_CD8A","HLA-C - CD8A","MHC-I","Cell-Cell Contact","KEGG: hsa04514","PBMC_Late"
"Treg","Naïve CD8 T","HLA-C","CD8A",0.143655363683863,0,"HLA-C_CD8A","HLA-C - CD8A","MHC-I","Cell-Cell Contact","KEGG: hsa04514","PBMC_Late"
"abTentry","NK T","HLA-C","CD8A",0.0674542722163273,0,"HLA-C_CD8A","HLA-C - CD8A","MHC-I","Cell-Cell Contact","KEGG: hsa04514","PBMC_Late"
"CD14+PPBP+ Monocytes","NK T","HLA-C","CD8A",0.107482747370185,0,"HLA-C_CD8A","HLA-C - CD8A","MHC-I","Cell-Cell Contact","KEGG: hsa04514","PBMC_Late"
"CD56highCD16low NK","NK T","HLA-C","CD8A",0.0871595327657389,0,"HLA-C_CD8A","HLA-C - CD8A","MHC-I","Cell-Cell Contact","KEGG: hsa04514","PBMC_Late"
"Classical Monocytes","NK T","HLA-C","CD8A",0.101771390646247,0,"HLA-C_CD8A","HLA-C - CD8A","MHC-I","Cell-Cell Contact","KEGG: hsa04514","PBMC_Late"
"CX3CR1+ NK","NK T","HLA-C","CD8A",0.13996730164235,0,"HLA-C_CD8A","HLA-C - CD8A","MHC-I","Cell-Cell Contact","KEGG: hsa04514","PBMC_Late"
"CXCR5- Naïve B","NK T","HLA-C","CD8A",0.109007757363038,0,"HLA-C_CD8A","HLA-C - CD8A","MHC-I","Cell-Cell Contact","KEGG: hsa04514","PBMC_Late"
"CXCR5+ Naïve B","NK T","HLA-C","CD8A",0.102962012886007,0,"HLA-C_CD8A","HLA-C - CD8A","MHC-I","Cell-Cell Contact","KEGG: hsa04514","PBMC_Late"
"CXCR6+ NK","NK T","HLA-C","CD8A",0.129431296039998,0,"HLA-C_CD8A","HLA-C - CD8A","MHC-I","Cell-Cell Contact","KEGG: hsa04514","PBMC_Late"
"DC2","NK T","HLA-C","CD8A",0.0991174252573106,0,"HLA-C_CD8A","HLA-C - CD8A","MHC-I","Cell-Cell Contact","KEGG: hsa04514","PBMC_Late"
"Early_ERY","NK T","HLA-C","CD8A",0.00965174794096338,0,"HLA-C_CD8A","HLA-C - CD8A","MHC-I","Cell-Cell Contact","KEGG: hsa04514","PBMC_Late"
"Gamma Delta V1 T","NK T","HLA-C","CD8A",0.109845573658513,0,"HLA-C_CD8A","HLA-C - CD8A","MHC-I","Cell-Cell Contact","KEGG: hsa04514","PBMC_Late"
"Gamma Delta V2 T","NK T","HLA-C","CD8A",0.117138905681669,0,"HLA-C_CD8A","HLA-C - CD8A","MHC-I","Cell-Cell Contact","KEGG: hsa04514","PBMC_Late"
"HSC_MPP","NK T","HLA-C","CD8A",0.0661589018601281,0,"HLA-C_CD8A","HLA-C - CD8A","MHC-I","Cell-Cell Contact","KEGG: hsa04514","PBMC_Late"
"ILC2/3","NK T","HLA-C","CD8A",0.109083712100293,0,"HLA-C_CD8A","HLA-C - CD8A","MHC-I","Cell-Cell Contact","KEGG: hsa04514","PBMC_Late"
"Megakaryocytes","NK T","HLA-C","CD8A",0.0937185308765227,0,"HLA-C_CD8A","HLA-C - CD8A","MHC-I","Cell-Cell Contact","KEGG: hsa04514","PBMC_Late"
"MEMP","NK T","HLA-C","CD8A",0.0441237288923071,0,"HLA-C_CD8A","HLA-C - CD8A","MHC-I","Cell-Cell Contact","KEGG: hsa04514","PBMC_Late"
"MEP","NK T","HLA-C","CD8A",0.0547091920013778,0,"HLA-C_CD8A","HLA-C - CD8A","MHC-I","Cell-Cell Contact","KEGG: hsa04514","PBMC_Late"
"Myeloid-CD177","NK T","HLA-C","CD8A",0.0220310191672676,0,"HLA-C_CD8A","HLA-C - CD8A","MHC-I","Cell-Cell Contact","KEGG: hsa04514","PBMC_Late"
"Naïve CD4 T","NK T","HLA-C","CD8A",0.104404779446754,0,"HLA-C_CD8A","HLA-C - CD8A","MHC-I","Cell-Cell Contact","KEGG: hsa04514","PBMC_Late"
"Naïve CD8 T","NK T","HLA-C","CD8A",0.10620735865472,0,"HLA-C_CD8A","HLA-C - CD8A","MHC-I","Cell-Cell Contact","KEGG: hsa04514","PBMC_Late"
"NK T","NK T","HLA-C","CD8A",0.119778482959764,0,"HLA-C_CD8A","HLA-C - CD8A","MHC-I","Cell-Cell Contact","KEGG: hsa04514","PBMC_Late"
"pDC","NK T","HLA-C","CD8A",0.0861245904449769,0,"HLA-C_CD8A","HLA-C - CD8A","MHC-I","Cell-Cell Contact","KEGG: hsa04514","PBMC_Late"
"Pro-B","NK T","HLA-C","CD8A",0.0829531309809316,0,"HLA-C_CD8A","HLA-C - CD8A","MHC-I","Cell-Cell Contact","KEGG: hsa04514","PBMC_Late"
"Tem","NK T","HLA-C","CD8A",0.121442762823444,0,"HLA-C_CD8A","HLA-C - CD8A","MHC-I","Cell-Cell Contact","KEGG: hsa04514","PBMC_Late"
"Th17like_INNATE_T","NK T","HLA-C","CD8A",0.118490414902251,0,"HLA-C_CD8A","HLA-C - CD8A","MHC-I","Cell-Cell Contact","KEGG: hsa04514","PBMC_Late"
"Treg","NK T","HLA-C","CD8A",0.114156371547324,0,"HLA-C_CD8A","HLA-C - CD8A","MHC-I","Cell-Cell Contact","KEGG: hsa04514","PBMC_Late"
"abTentry","CXCR6+ NK","HLA-E","CD8A",0.0063760304303101,0,"HLA-E_CD8A","HLA-E - CD8A","MHC-I","Cell-Cell Contact","KEGG: hsa04514","PBMC_Late"
"CD14+PPBP+ Monocytes","CXCR6+ NK","HLA-E","CD8A",0.0102242368890048,0,"HLA-E_CD8A","HLA-E - CD8A","MHC-I","Cell-Cell Contact","KEGG: hsa04514","PBMC_Late"
"CD56highCD16low NK","CXCR6+ NK","HLA-E","CD8A",0.00261885506331614,0,"HLA-E_CD8A","HLA-E - CD8A","MHC-I","Cell-Cell Contact","KEGG: hsa04514","PBMC_Late"
"Classical Monocytes","CXCR6+ NK","HLA-E","CD8A",0.00657801896019959,0,"HLA-E_CD8A","HLA-E - CD8A","MHC-I","Cell-Cell Contact","KEGG: hsa04514","PBMC_Late"
"CX3CR1+ NK","CXCR6+ NK","HLA-E","CD8A",0.010664947735462,0,"HLA-E_CD8A","HLA-E - CD8A","MHC-I","Cell-Cell Contact","KEGG: hsa04514","PBMC_Late"
"CXCR5- Naïve B","CXCR6+ NK","HLA-E","CD8A",0.00805105257698683,0,"HLA-E_CD8A","HLA-E - CD8A","MHC-I","Cell-Cell Contact","KEGG: hsa04514","PBMC_Late"
"CXCR5+ Naïve B","CXCR6+ NK","HLA-E","CD8A",0.00754470162079026,0,"HLA-E_CD8A","HLA-E - CD8A","MHC-I","Cell-Cell Contact","KEGG: hsa04514","PBMC_Late"
"CXCR6+ NK","CXCR6+ NK","HLA-E","CD8A",0.00920954667191041,0,"HLA-E_CD8A","HLA-E - CD8A","MHC-I","Cell-Cell Contact","KEGG: hsa04514","PBMC_Late"
"DC2","CXCR6+ NK","HLA-E","CD8A",0.00554159803647752,0,"HLA-E_CD8A","HLA-E - CD8A","MHC-I","Cell-Cell Contact","KEGG: hsa04514","PBMC_Late"
"Gamma Delta V1 T","CXCR6+ NK","HLA-E","CD8A",0.00923155243404856,0,"HLA-E_CD8A","HLA-E - CD8A","MHC-I","Cell-Cell Contact","KEGG: hsa04514","PBMC_Late"
"Gamma Delta V2 T","CXCR6+ NK","HLA-E","CD8A",0.00940725783054041,0,"HLA-E_CD8A","HLA-E - CD8A","MHC-I","Cell-Cell Contact","KEGG: hsa04514","PBMC_Late"
"HSC_MPP","CXCR6+ NK","HLA-E","CD8A",0.00484599741330788,0,"HLA-E_CD8A","HLA-E - CD8A","MHC-I","Cell-Cell Contact","KEGG: hsa04514","PBMC_Late"
"ILC2/3","CXCR6+ NK","HLA-E","CD8A",0.00748670596148456,0,"HLA-E_CD8A","HLA-E - CD8A","MHC-I","Cell-Cell Contact","KEGG: hsa04514","PBMC_Late"
"Megakaryocytes","CXCR6+ NK","HLA-E","CD8A",0.0136477799427914,0,"HLA-E_CD8A","HLA-E - CD8A","MHC-I","Cell-Cell Contact","KEGG: hsa04514","PBMC_Late"
"MEMP","CXCR6+ NK","HLA-E","CD8A",0.00278871354497936,0,"HLA-E_CD8A","HLA-E - CD8A","MHC-I","Cell-Cell Contact","KEGG: hsa04514","PBMC_Late"
"MEP","CXCR6+ NK","HLA-E","CD8A",0.00358105132703367,0,"HLA-E_CD8A","HLA-E - CD8A","MHC-I","Cell-Cell Contact","KEGG: hsa04514","PBMC_Late"
"Myeloid-CD177","CXCR6+ NK","HLA-E","CD8A",0.00206112504679438,0,"HLA-E_CD8A","HLA-E - CD8A","MHC-I","Cell-Cell Contact","KEGG: hsa04514","PBMC_Late"
"Naïve CD4 T","CXCR6+ NK","HLA-E","CD8A",0.00919915275847635,0,"HLA-E_CD8A","HLA-E - CD8A","MHC-I","Cell-Cell Contact","KEGG: hsa04514","PBMC_Late"
"Naïve CD8 T","CXCR6+ NK","HLA-E","CD8A",0.00919189328787537,0,"HLA-E_CD8A","HLA-E - CD8A","MHC-I","Cell-Cell Contact","KEGG: hsa04514","PBMC_Late"
"NK T","CXCR6+ NK","HLA-E","CD8A",0.0101730217349668,0,"HLA-E_CD8A","HLA-E - CD8A","MHC-I","Cell-Cell Contact","KEGG: hsa04514","PBMC_Late"
"pDC","CXCR6+ NK","HLA-E","CD8A",0.00490890186768526,0,"HLA-E_CD8A","HLA-E - CD8A","MHC-I","Cell-Cell Contact","KEGG: hsa04514","PBMC_Late"
"Pro-B","CXCR6+ NK","HLA-E","CD8A",0.00301764012792896,0,"HLA-E_CD8A","HLA-E - CD8A","MHC-I","Cell-Cell Contact","KEGG: hsa04514","PBMC_Late"
"Tem","CXCR6+ NK","HLA-E","CD8A",0.00951681552670043,0,"HLA-E_CD8A","HLA-E - CD8A","MHC-I","Cell-Cell Contact","KEGG: hsa04514","PBMC_Late"
"Th17like_INNATE_T","CXCR6+ NK","HLA-E","CD8A",0.0100289257078958,0,"HLA-E_CD8A","HLA-E - CD8A","MHC-I","Cell-Cell Contact","KEGG: hsa04514","PBMC_Late"
"Treg","CXCR6+ NK","HLA-E","CD8A",0.00957359263581327,0,"HLA-E_CD8A","HLA-E - CD8A","MHC-I","Cell-Cell Contact","KEGG: hsa04514","PBMC_Late"
"abTentry","Naïve CD8 T","HLA-E","CD8A",0.0899055734312158,0,"HLA-E_CD8A","HLA-E - CD8A","MHC-I","Cell-Cell Contact","KEGG: hsa04514","PBMC_Late"
"CD14+PPBP+ Monocytes","Naïve CD8 T","HLA-E","CD8A",0.137205983731881,0,"HLA-E_CD8A","HLA-E - CD8A","MHC-I","Cell-Cell Contact","KEGG: hsa04514","PBMC_Late"
"CD56highCD16low NK","Naïve CD8 T","HLA-E","CD8A",0.0388519170709763,0,"HLA-E_CD8A","HLA-E - CD8A","MHC-I","Cell-Cell Contact","KEGG: hsa04514","PBMC_Late"
"Classical Monocytes","Naïve CD8 T","HLA-E","CD8A",0.092507363712355,0,"HLA-E_CD8A","HLA-E - CD8A","MHC-I","Cell-Cell Contact","KEGG: hsa04514","PBMC_Late"
"CX3CR1+ NK","Naïve CD8 T","HLA-E","CD8A",0.142333076235213,0,"HLA-E_CD8A","HLA-E - CD8A","MHC-I","Cell-Cell Contact","KEGG: hsa04514","PBMC_Late"
"CXCR5- Naïve B","Naïve CD8 T","HLA-E","CD8A",0.11107135777032,0,"HLA-E_CD8A","HLA-E - CD8A","MHC-I","Cell-Cell Contact","KEGG: hsa04514","PBMC_Late"
"CXCR5+ Naïve B","Naïve CD8 T","HLA-E","CD8A",0.104770137541806,0,"HLA-E_CD8A","HLA-E - CD8A","MHC-I","Cell-Cell Contact","KEGG: hsa04514","PBMC_Late"
"CXCR6+ NK","Naïve CD8 T","HLA-E","CD8A",0.125183034720658,0,"HLA-E_CD8A","HLA-E - CD8A","MHC-I","Cell-Cell Contact","KEGG: hsa04514","PBMC_Late"
"DC2","Naïve CD8 T","HLA-E","CD8A",0.0790088424512606,0,"HLA-E_CD8A","HLA-E - CD8A","MHC-I","Cell-Cell Contact","KEGG: hsa04514","PBMC_Late"
"Gamma Delta V1 T","Naïve CD8 T","HLA-E","CD8A",0.125447067331313,0,"HLA-E_CD8A","HLA-E - CD8A","MHC-I","Cell-Cell Contact","KEGG: hsa04514","PBMC_Late"
"Gamma Delta V2 T","Naïve CD8 T","HLA-E","CD8A",0.127549956091042,0,"HLA-E_CD8A","HLA-E - CD8A","MHC-I","Cell-Cell Contact","KEGG: hsa04514","PBMC_Late"
"HSC_MPP","Naïve CD8 T","HLA-E","CD8A",0.0697380770440753,0,"HLA-E_CD8A","HLA-E - CD8A","MHC-I","Cell-Cell Contact","KEGG: hsa04514","PBMC_Late"
"ILC2/3","Naïve CD8 T","HLA-E","CD8A",0.104043125325269,0,"HLA-E_CD8A","HLA-E - CD8A","MHC-I","Cell-Cell Contact","KEGG: hsa04514","PBMC_Late"
"Megakaryocytes","Naïve CD8 T","HLA-E","CD8A",0.1756050985682,0,"HLA-E_CD8A","HLA-E - CD8A","MHC-I","Cell-Cell Contact","KEGG: hsa04514","PBMC_Late"
"MEMP","Naïve CD8 T","HLA-E","CD8A",0.0412745927451688,0,"HLA-E_CD8A","HLA-E - CD8A","MHC-I","Cell-Cell Contact","KEGG: hsa04514","PBMC_Late"
"MEP","Naïve CD8 T","HLA-E","CD8A",0.0524267800930575,0,"HLA-E_CD8A","HLA-E - CD8A","MHC-I","Cell-Cell Contact","KEGG: hsa04514","PBMC_Late"
"Myeloid-CD177","Naïve CD8 T","HLA-E","CD8A",0.0308161519421241,0,"HLA-E_CD8A","HLA-E - CD8A","MHC-I","Cell-Cell Contact","KEGG: hsa04514","PBMC_Late"
"Naïve CD4 T","Naïve CD8 T","HLA-E","CD8A",0.125058273654504,0,"HLA-E_CD8A","HLA-E - CD8A","MHC-I","Cell-Cell Contact","KEGG: hsa04514","PBMC_Late"
"Naïve CD8 T","Naïve CD8 T","HLA-E","CD8A",0.124971116631708,0,"HLA-E_CD8A","HLA-E - CD8A","MHC-I","Cell-Cell Contact","KEGG: hsa04514","PBMC_Late"
"NK T","Naïve CD8 T","HLA-E","CD8A",0.136606482432155,0,"HLA-E_CD8A","HLA-E - CD8A","MHC-I","Cell-Cell Contact","KEGG: hsa04514","PBMC_Late"
"pDC","Naïve CD8 T","HLA-E","CD8A",0.0705835810876603,0,"HLA-E_CD8A","HLA-E - CD8A","MHC-I","Cell-Cell Contact","KEGG: hsa04514","PBMC_Late"
"Pro-B","Naïve CD8 T","HLA-E","CD8A",0.0445217882004928,0,"HLA-E_CD8A","HLA-E - CD8A","MHC-I","Cell-Cell Contact","KEGG: hsa04514","PBMC_Late"
"Tem","Naïve CD8 T","HLA-E","CD8A",0.128856436142259,0,"HLA-E_CD8A","HLA-E - CD8A","MHC-I","Cell-Cell Contact","KEGG: hsa04514","PBMC_Late"
"Th17like_INNATE_T","Naïve CD8 T","HLA-E","CD8A",0.134915615969404,0,"HLA-E_CD8A","HLA-E - CD8A","MHC-I","Cell-Cell Contact","KEGG: hsa04514","PBMC_Late"
"Treg","Naïve CD8 T","HLA-E","CD8A",0.129532080725597,0,"HLA-E_CD8A","HLA-E - CD8A","MHC-I","Cell-Cell Contact","KEGG: hsa04514","PBMC_Late"
"abTentry","NK T","HLA-E","CD8A",0.0705347519736385,0,"HLA-E_CD8A","HLA-E - CD8A","MHC-I","Cell-Cell Contact","KEGG: hsa04514","PBMC_Late"
"CD14+PPBP+ Monocytes","NK T","HLA-E","CD8A",0.108862984717217,0,"HLA-E_CD8A","HLA-E - CD8A","MHC-I","Cell-Cell Contact","KEGG: hsa04514","PBMC_Late"
"CD56highCD16low NK","NK T","HLA-E","CD8A",0.030116974013397,0,"HLA-E_CD8A","HLA-E - CD8A","MHC-I","Cell-Cell Contact","KEGG: hsa04514","PBMC_Late"
"Classical Monocytes","NK T","HLA-E","CD8A",0.0726206981790075,0,"HLA-E_CD8A","HLA-E - CD8A","MHC-I","Cell-Cell Contact","KEGG: hsa04514","PBMC_Late"
"CX3CR1+ NK","NK T","HLA-E","CD8A",0.113069758319624,0,"HLA-E_CD8A","HLA-E - CD8A","MHC-I","Cell-Cell Contact","KEGG: hsa04514","PBMC_Late"
"CXCR5- Naïve B","NK T","HLA-E","CD8A",0.0875790547826962,0,"HLA-E_CD8A","HLA-E - CD8A","MHC-I","Cell-Cell Contact","KEGG: hsa04514","PBMC_Late"
"CXCR5+ Naïve B","NK T","HLA-E","CD8A",0.0824869124005923,0,"HLA-E_CD8A","HLA-E - CD8A","MHC-I","Cell-Cell Contact","KEGG: hsa04514","PBMC_Late"
"CXCR6+ NK","NK T","HLA-E","CD8A",0.099038558422191,0,"HLA-E_CD8A","HLA-E - CD8A","MHC-I","Cell-Cell Contact","KEGG: hsa04514","PBMC_Late"
"DC2","NK T","HLA-E","CD8A",0.061826308303178,0,"HLA-E_CD8A","HLA-E - CD8A","MHC-I","Cell-Cell Contact","KEGG: hsa04514","PBMC_Late"
"Gamma Delta V1 T","NK T","HLA-E","CD8A",0.09925370418083,0,"HLA-E_CD8A","HLA-E - CD8A","MHC-I","Cell-Cell Contact","KEGG: hsa04514","PBMC_Late"
"Gamma Delta V2 T","NK T","HLA-E","CD8A",0.100968202225423,0,"HLA-E_CD8A","HLA-E - CD8A","MHC-I","Cell-Cell Contact","KEGG: hsa04514","PBMC_Late"
"HSC_MPP","NK T","HLA-E","CD8A",0.0544525090627206,0,"HLA-E_CD8A","HLA-E - CD8A","MHC-I","Cell-Cell Contact","KEGG: hsa04514","PBMC_Late"
"ILC2/3","NK T","HLA-E","CD8A",0.0819003800866909,0,"HLA-E_CD8A","HLA-E - CD8A","MHC-I","Cell-Cell Contact","KEGG: hsa04514","PBMC_Late"
"Megakaryocytes","NK T","HLA-E","CD8A",0.14062272671738,0,"HLA-E_CD8A","HLA-E - CD8A","MHC-I","Cell-Cell Contact","KEGG: hsa04514","PBMC_Late"
"MEMP","NK T","HLA-E","CD8A",0.0320131096413532,0,"HLA-E_CD8A","HLA-E - CD8A","MHC-I","Cell-Cell Contact","KEGG: hsa04514","PBMC_Late"
"MEP","NK T","HLA-E","CD8A",0.0407693043732075,0,"HLA-E_CD8A","HLA-E - CD8A","MHC-I","Cell-Cell Contact","KEGG: hsa04514","PBMC_Late"
"Myeloid-CD177","NK T","HLA-E","CD8A",0.0238430449950093,0,"HLA-E_CD8A","HLA-E - CD8A","MHC-I","Cell-Cell Contact","KEGG: hsa04514","PBMC_Late"
"Naïve CD4 T","NK T","HLA-E","CD8A",0.0989369068769289,0,"HLA-E_CD8A","HLA-E - CD8A","MHC-I","Cell-Cell Contact","KEGG: hsa04514","PBMC_Late"
"Naïve CD8 T","NK T","HLA-E","CD8A",0.0988658975619832,0,"HLA-E_CD8A","HLA-E - CD8A","MHC-I","Cell-Cell Contact","KEGG: hsa04514","PBMC_Late"
"NK T","NK T","HLA-E","CD8A",0.108371768901289,0,"HLA-E_CD8A","HLA-E - CD8A","MHC-I","Cell-Cell Contact","KEGG: hsa04514","PBMC_Late"
"pDC","NK T","HLA-E","CD8A",0.0551236724312581,0,"HLA-E_CD8A","HLA-E - CD8A","MHC-I","Cell-Cell Contact","KEGG: hsa04514","PBMC_Late"
"Pro-B","NK T","HLA-E","CD8A",0.0345579405011281,0,"HLA-E_CD8A","HLA-E - CD8A","MHC-I","Cell-Cell Contact","KEGG: hsa04514","PBMC_Late"
"Tem","NK T","HLA-E","CD8A",0.102034251139931,0,"HLA-E_CD8A","HLA-E - CD8A","MHC-I","Cell-Cell Contact","KEGG: hsa04514","PBMC_Late"
"Th17like_INNATE_T","NK T","HLA-E","CD8A",0.106987076096182,0,"HLA-E_CD8A","HLA-E - CD8A","MHC-I","Cell-Cell Contact","KEGG: hsa04514","PBMC_Late"
"Treg","NK T","HLA-E","CD8A",0.102585818201999,0,"HLA-E_CD8A","HLA-E - CD8A","MHC-I","Cell-Cell Contact","KEGG: hsa04514","PBMC_Late"
"CD14+PPBP+ Monocytes","CXCR6+ NK","HLA-F","CD8A",0.00185430116725745,0,"HLA-F_CD8A","HLA-F - CD8A","MHC-I","Cell-Cell Contact","KEGG: hsa04514","PBMC_Late"
"CD56highCD16low NK","CXCR6+ NK","HLA-F","CD8A",0.00195742831002613,0,"HLA-F_CD8A","HLA-F - CD8A","MHC-I","Cell-Cell Contact","KEGG: hsa04514","PBMC_Late"
"Classical Monocytes","CXCR6+ NK","HLA-F","CD8A",0.000862404755415536,0,"HLA-F_CD8A","HLA-F - CD8A","MHC-I","Cell-Cell Contact","KEGG: hsa04514","PBMC_Late"
"CX3CR1+ NK","CXCR6+ NK","HLA-F","CD8A",0.0045558677357131,0,"HLA-F_CD8A","HLA-F - CD8A","MHC-I","Cell-Cell Contact","KEGG: hsa04514","PBMC_Late"
"CXCR5- Naïve B","CXCR6+ NK","HLA-F","CD8A",0.00126666325543064,0,"HLA-F_CD8A","HLA-F - CD8A","MHC-I","Cell-Cell Contact","KEGG: hsa04514","PBMC_Late"
"CXCR5+ Naïve B","CXCR6+ NK","HLA-F","CD8A",0.00113165324995584,0,"HLA-F_CD8A","HLA-F - CD8A","MHC-I","Cell-Cell Contact","KEGG: hsa04514","PBMC_Late"
"CXCR6+ NK","CXCR6+ NK","HLA-F","CD8A",0.00315244765693647,0,"HLA-F_CD8A","HLA-F - CD8A","MHC-I","Cell-Cell Contact","KEGG: hsa04514","PBMC_Late"
"DC2","CXCR6+ NK","HLA-F","CD8A",0.000693599806774508,0,"HLA-F_CD8A","HLA-F - CD8A","MHC-I","Cell-Cell Contact","KEGG: hsa04514","PBMC_Late"
"Gamma Delta V1 T","CXCR6+ NK","HLA-F","CD8A",0.00143357681290625,0,"HLA-F_CD8A","HLA-F - CD8A","MHC-I","Cell-Cell Contact","KEGG: hsa04514","PBMC_Late"
"Gamma Delta V2 T","CXCR6+ NK","HLA-F","CD8A",0.00151535294630068,0,"HLA-F_CD8A","HLA-F - CD8A","MHC-I","Cell-Cell Contact","KEGG: hsa04514","PBMC_Late"
"ILC2/3","CXCR6+ NK","HLA-F","CD8A",0.00116774875461033,0,"HLA-F_CD8A","HLA-F - CD8A","MHC-I","Cell-Cell Contact","KEGG: hsa04514","PBMC_Late"
"Naïve CD4 T","CXCR6+ NK","HLA-F","CD8A",0.00121875051977173,0,"HLA-F_CD8A","HLA-F - CD8A","MHC-I","Cell-Cell Contact","KEGG: hsa04514","PBMC_Late"
"Naïve CD8 T","CXCR6+ NK","HLA-F","CD8A",0.00301397952906019,0,"HLA-F_CD8A","HLA-F - CD8A","MHC-I","Cell-Cell Contact","KEGG: hsa04514","PBMC_Late"
"NK T","CXCR6+ NK","HLA-F","CD8A",0.00384794529213557,0,"HLA-F_CD8A","HLA-F - CD8A","MHC-I","Cell-Cell Contact","KEGG: hsa04514","PBMC_Late"
"Tem","CXCR6+ NK","HLA-F","CD8A",0.001456371220678,0,"HLA-F_CD8A","HLA-F - CD8A","MHC-I","Cell-Cell Contact","KEGG: hsa04514","PBMC_Late"
"Th17like_INNATE_T","CXCR6+ NK","HLA-F","CD8A",0.00256756970889305,0,"HLA-F_CD8A","HLA-F - CD8A","MHC-I","Cell-Cell Contact","KEGG: hsa04514","PBMC_Late"
"Treg","CXCR6+ NK","HLA-F","CD8A",0.0014759252128275,0,"HLA-F_CD8A","HLA-F - CD8A","MHC-I","Cell-Cell Contact","KEGG: hsa04514","PBMC_Late"
"CD14+PPBP+ Monocytes","Naïve CD8 T","HLA-F","CD8A",0.0278042938537462,0,"HLA-F_CD8A","HLA-F - CD8A","MHC-I","Cell-Cell Contact","KEGG: hsa04514","PBMC_Late"
"CD56highCD16low NK","Naïve CD8 T","HLA-F","CD8A",0.0293082558175506,0,"HLA-F_CD8A","HLA-F - CD8A","MHC-I","Cell-Cell Contact","KEGG: hsa04514","PBMC_Late"
"Classical Monocytes","Naïve CD8 T","HLA-F","CD8A",0.0131136867962379,0,"HLA-F_CD8A","HLA-F - CD8A","MHC-I","Cell-Cell Contact","KEGG: hsa04514","PBMC_Late"
"CX3CR1+ NK","Naïve CD8 T","HLA-F","CD8A",0.0658198219906962,0,"HLA-F_CD8A","HLA-F - CD8A","MHC-I","Cell-Cell Contact","KEGG: hsa04514","PBMC_Late"
"CXCR5- Naïve B","Naïve CD8 T","HLA-F","CD8A",0.0191507475099506,0,"HLA-F_CD8A","HLA-F - CD8A","MHC-I","Cell-Cell Contact","KEGG: hsa04514","PBMC_Late"
"CXCR5+ Naïve B","Naïve CD8 T","HLA-F","CD8A",0.0171422424420298,0,"HLA-F_CD8A","HLA-F - CD8A","MHC-I","Cell-Cell Contact","KEGG: hsa04514","PBMC_Late"
"CXCR6+ NK","Naïve CD8 T","HLA-F","CD8A",0.0464243803186028,0,"HLA-F_CD8A","HLA-F - CD8A","MHC-I","Cell-Cell Contact","KEGG: hsa04514","PBMC_Late"
"DC2","Naïve CD8 T","HLA-F","CD8A",0.0105722210020593,0,"HLA-F_CD8A","HLA-F - CD8A","MHC-I","Cell-Cell Contact","KEGG: hsa04514","PBMC_Late"
"Gamma Delta V1 T","Naïve CD8 T","HLA-F","CD8A",0.0216232988312451,0,"HLA-F_CD8A","HLA-F - CD8A","MHC-I","Cell-Cell Contact","KEGG: hsa04514","PBMC_Late"
"Gamma Delta V2 T","Naïve CD8 T","HLA-F","CD8A",0.0228304345341216,0,"HLA-F_CD8A","HLA-F - CD8A","MHC-I","Cell-Cell Contact","KEGG: hsa04514","PBMC_Late"
"ILC2/3","Naïve CD8 T","HLA-F","CD8A",0.0176799768368362,0,"HLA-F_CD8A","HLA-F - CD8A","MHC-I","Cell-Cell Contact","KEGG: hsa04514","PBMC_Late"
"Naïve CD4 T","Naïve CD8 T","HLA-F","CD8A",0.0184388417442053,0,"HLA-F_CD8A","HLA-F - CD8A","MHC-I","Cell-Cell Contact","KEGG: hsa04514","PBMC_Late"
"Naïve CD8 T","Naïve CD8 T","HLA-F","CD8A",0.0444700260226688,0,"HLA-F_CD8A","HLA-F - CD8A","MHC-I","Cell-Cell Contact","KEGG: hsa04514","PBMC_Late"
"NK T","Naïve CD8 T","HLA-F","CD8A",0.0561290525569653,0,"HLA-F_CD8A","HLA-F - CD8A","MHC-I","Cell-Cell Contact","KEGG: hsa04514","PBMC_Late"
"Tem","Naïve CD8 T","HLA-F","CD8A",0.0219600575448441,0,"HLA-F_CD8A","HLA-F - CD8A","MHC-I","Cell-Cell Contact","KEGG: hsa04514","PBMC_Late"
"Th17like_INNATE_T","Naïve CD8 T","HLA-F","CD8A",0.0381181933221778,0,"HLA-F_CD8A","HLA-F - CD8A","MHC-I","Cell-Cell Contact","KEGG: hsa04514","PBMC_Late"
"Treg","Naïve CD8 T","HLA-F","CD8A",0.022248770752829,0,"HLA-F_CD8A","HLA-F - CD8A","MHC-I","Cell-Cell Contact","KEGG: hsa04514","PBMC_Late"
"CD14+PPBP+ Monocytes","NK T","HLA-F","CD8A",0.0214975958811275,0,"HLA-F_CD8A","HLA-F - CD8A","MHC-I","Cell-Cell Contact","KEGG: hsa04514","PBMC_Late"
"CD56highCD16low NK","NK T","HLA-F","CD8A",0.0226683764156557,0,"HLA-F_CD8A","HLA-F - CD8A","MHC-I","Cell-Cell Contact","KEGG: hsa04514","PBMC_Late"
"Classical Monocytes","NK T","HLA-F","CD8A",0.0101045467339234,0,"HLA-F_CD8A","HLA-F - CD8A","MHC-I","Cell-Cell Contact","KEGG: hsa04514","PBMC_Late"
"CX3CR1+ NK","NK T","HLA-F","CD8A",0.0513456756068088,0,"HLA-F_CD8A","HLA-F - CD8A","MHC-I","Cell-Cell Contact","KEGG: hsa04514","PBMC_Late"
"CXCR5- Naïve B","NK T","HLA-F","CD8A",0.0147770522942874,0,"HLA-F_CD8A","HLA-F - CD8A","MHC-I","Cell-Cell Contact","KEGG: hsa04514","PBMC_Late"
"CXCR5+ Naïve B","NK T","HLA-F","CD8A",0.0132210715831771,0,"HLA-F_CD8A","HLA-F - CD8A","MHC-I","Cell-Cell Contact","KEGG: hsa04514","PBMC_Late"
"CXCR6+ NK","NK T","HLA-F","CD8A",0.0360508034977951,0,"HLA-F_CD8A","HLA-F - CD8A","MHC-I","Cell-Cell Contact","KEGG: hsa04514","PBMC_Late"
"DC2","NK T","HLA-F","CD8A",0.00814144891142867,0,"HLA-F_CD8A","HLA-F - CD8A","MHC-I","Cell-Cell Contact","KEGG: hsa04514","PBMC_Late"
"Gamma Delta V1 T","NK T","HLA-F","CD8A",0.0166945274642143,0,"HLA-F_CD8A","HLA-F - CD8A","MHC-I","Cell-Cell Contact","KEGG: hsa04514","PBMC_Late"
"Gamma Delta V2 T","NK T","HLA-F","CD8A",0.0176314696321345,0,"HLA-F_CD8A","HLA-F - CD8A","MHC-I","Cell-Cell Contact","KEGG: hsa04514","PBMC_Late"
"ILC2/3","NK T","HLA-F","CD8A",0.0136375096208918,0,"HLA-F_CD8A","HLA-F - CD8A","MHC-I","Cell-Cell Contact","KEGG: hsa04514","PBMC_Late"
"Naïve CD4 T","NK T","HLA-F","CD8A",0.0142253753169667,0,"HLA-F_CD8A","HLA-F - CD8A","MHC-I","Cell-Cell Contact","KEGG: hsa04514","PBMC_Late"
"Naïve CD8 T","NK T","HLA-F","CD8A",0.0345173440607297,0,"HLA-F_CD8A","HLA-F - CD8A","MHC-I","Cell-Cell Contact","KEGG: hsa04514","PBMC_Late"
"NK T","NK T","HLA-F","CD8A",0.0436863031722194,0,"HLA-F_CD8A","HLA-F - CD8A","MHC-I","Cell-Cell Contact","KEGG: hsa04514","PBMC_Late"
"Tem","NK T","HLA-F","CD8A",0.0169558563708287,0,"HLA-F_CD8A","HLA-F - CD8A","MHC-I","Cell-Cell Contact","KEGG: hsa04514","PBMC_Late"
"Th17like_INNATE_T","NK T","HLA-F","CD8A",0.0295431404040779,0,"HLA-F_CD8A","HLA-F - CD8A","MHC-I","Cell-Cell Contact","KEGG: hsa04514","PBMC_Late"
"Treg","NK T","HLA-F","CD8A",0.0171799340262791,0,"HLA-F_CD8A","HLA-F - CD8A","MHC-I","Cell-Cell Contact","KEGG: hsa04514","PBMC_Late"
"abTentry","Naïve CD8 T","HLA-A","CD8B",0.126685918685449,0,"HLA-A_CD8B","HLA-A - CD8B","MHC-I","Cell-Cell Contact","KEGG: hsa04514","PBMC_Late"
"CD14+PPBP+ Monocytes","Naïve CD8 T","HLA-A","CD8B",0.181121200331856,0,"HLA-A_CD8B","HLA-A - CD8B","MHC-I","Cell-Cell Contact","KEGG: hsa04514","PBMC_Late"
"CD56highCD16low NK","Naïve CD8 T","HLA-A","CD8B",0.152720468118511,0,"HLA-A_CD8B","HLA-A - CD8B","MHC-I","Cell-Cell Contact","KEGG: hsa04514","PBMC_Late"
"Classical Monocytes","Naïve CD8 T","HLA-A","CD8B",0.167737038427062,0,"HLA-A_CD8B","HLA-A - CD8B","MHC-I","Cell-Cell Contact","KEGG: hsa04514","PBMC_Late"
"CX3CR1+ NK","Naïve CD8 T","HLA-A","CD8B",0.226425152001432,0,"HLA-A_CD8B","HLA-A - CD8B","MHC-I","Cell-Cell Contact","KEGG: hsa04514","PBMC_Late"
"CXCR5- Naïve B","Naïve CD8 T","HLA-A","CD8B",0.169170122792613,0,"HLA-A_CD8B","HLA-A - CD8B","MHC-I","Cell-Cell Contact","KEGG: hsa04514","PBMC_Late"
"CXCR5+ Naïve B","Naïve CD8 T","HLA-A","CD8B",0.174237718263324,0,"HLA-A_CD8B","HLA-A - CD8B","MHC-I","Cell-Cell Contact","KEGG: hsa04514","PBMC_Late"
"CXCR6+ NK","Naïve CD8 T","HLA-A","CD8B",0.208236251515289,0,"HLA-A_CD8B","HLA-A - CD8B","MHC-I","Cell-Cell Contact","KEGG: hsa04514","PBMC_Late"
"DC2","Naïve CD8 T","HLA-A","CD8B",0.162704728752082,0,"HLA-A_CD8B","HLA-A - CD8B","MHC-I","Cell-Cell Contact","KEGG: hsa04514","PBMC_Late"
"Early_ERY","Naïve CD8 T","HLA-A","CD8B",0.015446797449878,0,"HLA-A_CD8B","HLA-A - CD8B","MHC-I","Cell-Cell Contact","KEGG: hsa04514","PBMC_Late"
"Gamma Delta V1 T","Naïve CD8 T","HLA-A","CD8B",0.203850955110987,0,"HLA-A_CD8B","HLA-A - CD8B","MHC-I","Cell-Cell Contact","KEGG: hsa04514","PBMC_Late"
"Gamma Delta V2 T","Naïve CD8 T","HLA-A","CD8B",0.207843812197284,0,"HLA-A_CD8B","HLA-A - CD8B","MHC-I","Cell-Cell Contact","KEGG: hsa04514","PBMC_Late"
"HSC_MPP","Naïve CD8 T","HLA-A","CD8B",0.12149651974303,0,"HLA-A_CD8B","HLA-A - CD8B","MHC-I","Cell-Cell Contact","KEGG: hsa04514","PBMC_Late"
"ILC2/3","Naïve CD8 T","HLA-A","CD8B",0.19677178209445,0,"HLA-A_CD8B","HLA-A - CD8B","MHC-I","Cell-Cell Contact","KEGG: hsa04514","PBMC_Late"
"Megakaryocytes","Naïve CD8 T","HLA-A","CD8B",0.200678420874375,0,"HLA-A_CD8B","HLA-A - CD8B","MHC-I","Cell-Cell Contact","KEGG: hsa04514","PBMC_Late"
"MEMP","Naïve CD8 T","HLA-A","CD8B",0.0816505016991579,0,"HLA-A_CD8B","HLA-A - CD8B","MHC-I","Cell-Cell Contact","KEGG: hsa04514","PBMC_Late"
"MEP","Naïve CD8 T","HLA-A","CD8B",0.103570429223829,0,"HLA-A_CD8B","HLA-A - CD8B","MHC-I","Cell-Cell Contact","KEGG: hsa04514","PBMC_Late"
"Naïve CD4 T","Naïve CD8 T","HLA-A","CD8B",0.189976082959116,0,"HLA-A_CD8B","HLA-A - CD8B","MHC-I","Cell-Cell Contact","KEGG: hsa04514","PBMC_Late"
"Naïve CD8 T","Naïve CD8 T","HLA-A","CD8B",0.195830532105945,0,"HLA-A_CD8B","HLA-A - CD8B","MHC-I","Cell-Cell Contact","KEGG: hsa04514","PBMC_Late"
"NK T","Naïve CD8 T","HLA-A","CD8B",0.216792150744406,0,"HLA-A_CD8B","HLA-A - CD8B","MHC-I","Cell-Cell Contact","KEGG: hsa04514","PBMC_Late"
"pDC","Naïve CD8 T","HLA-A","CD8B",0.144506151138568,0,"HLA-A_CD8B","HLA-A - CD8B","MHC-I","Cell-Cell Contact","KEGG: hsa04514","PBMC_Late"
"Pro-B","Naïve CD8 T","HLA-A","CD8B",0.161002444568896,0,"HLA-A_CD8B","HLA-A - CD8B","MHC-I","Cell-Cell Contact","KEGG: hsa04514","PBMC_Late"
"Tem","Naïve CD8 T","HLA-A","CD8B",0.199106119913199,0,"HLA-A_CD8B","HLA-A - CD8B","MHC-I","Cell-Cell Contact","KEGG: hsa04514","PBMC_Late"
"Th17like_INNATE_T","Naïve CD8 T","HLA-A","CD8B",0.199298434891554,0,"HLA-A_CD8B","HLA-A - CD8B","MHC-I","Cell-Cell Contact","KEGG: hsa04514","PBMC_Late"
"Treg","Naïve CD8 T","HLA-A","CD8B",0.206250290467528,0,"HLA-A_CD8B","HLA-A - CD8B","MHC-I","Cell-Cell Contact","KEGG: hsa04514","PBMC_Late"
"abTentry","NK T","HLA-A","CD8B",0.0673915368708828,0,"HLA-A_CD8B","HLA-A - CD8B","MHC-I","Cell-Cell Contact","KEGG: hsa04514","PBMC_Late"
"CD14+PPBP+ Monocytes","NK T","HLA-A","CD8B",0.0992441419714268,0,"HLA-A_CD8B","HLA-A - CD8B","MHC-I","Cell-Cell Contact","KEGG: hsa04514","PBMC_Late"
"CD56highCD16low NK","NK T","HLA-A","CD8B",0.0823903990764327,0,"HLA-A_CD8B","HLA-A - CD8B","MHC-I","Cell-Cell Contact","KEGG: hsa04514","PBMC_Late"
"Classical Monocytes","NK T","HLA-A","CD8B",0.0912362686610246,0,"HLA-A_CD8B","HLA-A - CD8B","MHC-I","Cell-Cell Contact","KEGG: hsa04514","PBMC_Late"
"CX3CR1+ NK","NK T","HLA-A","CD8B",0.127250644366081,0,"HLA-A_CD8B","HLA-A - CD8B","MHC-I","Cell-Cell Contact","KEGG: hsa04514","PBMC_Late"
"CXCR5- Naïve B","NK T","HLA-A","CD8B",0.0920880770567771,0,"HLA-A_CD8B","HLA-A - CD8B","MHC-I","Cell-Cell Contact","KEGG: hsa04514","PBMC_Late"
"CXCR5+ Naïve B","NK T","HLA-A","CD8B",0.095110964407399,0,"HLA-A_CD8B","HLA-A - CD8B","MHC-I","Cell-Cell Contact","KEGG: hsa04514","PBMC_Late"
"CXCR6+ NK","NK T","HLA-A","CD8B",0.115835558022527,0,"HLA-A_CD8B","HLA-A - CD8B","MHC-I","Cell-Cell Contact","KEGG: hsa04514","PBMC_Late"
"DC2","NK T","HLA-A","CD8B",0.0882556918007487,0,"HLA-A_CD8B","HLA-A - CD8B","MHC-I","Cell-Cell Contact","KEGG: hsa04514","PBMC_Late"
"Early_ERY","NK T","HLA-A","CD8B",0.00775472547436829,0,"HLA-A_CD8B","HLA-A - CD8B","MHC-I","Cell-Cell Contact","KEGG: hsa04514","PBMC_Late"
"Gamma Delta V1 T","NK T","HLA-A","CD8B",0.113118143433991,0,"HLA-A_CD8B","HLA-A - CD8B","MHC-I","Cell-Cell Contact","KEGG: hsa04514","PBMC_Late"
"Gamma Delta V2 T","NK T","HLA-A","CD8B",0.115591833069446,0,"HLA-A_CD8B","HLA-A - CD8B","MHC-I","Cell-Cell Contact","KEGG: hsa04514","PBMC_Late"
"HSC_MPP","NK T","HLA-A","CD8B",0.0644517436654168,0,"HLA-A_CD8B","HLA-A - CD8B","MHC-I","Cell-Cell Contact","KEGG: hsa04514","PBMC_Late"
"ILC2/3","NK T","HLA-A","CD8B",0.108759432841249,0,"HLA-A_CD8B","HLA-A - CD8B","MHC-I","Cell-Cell Contact","KEGG: hsa04514","PBMC_Late"
"Megakaryocytes","NK T","HLA-A","CD8B",0.111160526869929,0,"HLA-A_CD8B","HLA-A - CD8B","MHC-I","Cell-Cell Contact","KEGG: hsa04514","PBMC_Late"
"MEMP","NK T","HLA-A","CD8B",0.0424109650674363,0,"HLA-A_CD8B","HLA-A - CD8B","MHC-I","Cell-Cell Contact","KEGG: hsa04514","PBMC_Late"
"MEP","NK T","HLA-A","CD8B",0.0544208848992624,0,"HLA-A_CD8B","HLA-A - CD8B","MHC-I","Cell-Cell Contact","KEGG: hsa04514","PBMC_Late"
"Naïve CD4 T","NK T","HLA-A","CD8B",0.104607465917292,0,"HLA-A_CD8B","HLA-A - CD8B","MHC-I","Cell-Cell Contact","KEGG: hsa04514","PBMC_Late"
"Naïve CD8 T","NK T","HLA-A","CD8B",0.108182483718716,0,"HLA-A_CD8B","HLA-A - CD8B","MHC-I","Cell-Cell Contact","KEGG: hsa04514","PBMC_Late"
"NK T","NK T","HLA-A","CD8B",0.12117598649472,0,"HLA-A_CD8B","HLA-A - CD8B","MHC-I","Cell-Cell Contact","KEGG: hsa04514","PBMC_Late"
"pDC","NK T","HLA-A","CD8B",0.0776123853929535,0,"HLA-A_CD8B","HLA-A - CD8B","MHC-I","Cell-Cell Contact","KEGG: hsa04514","PBMC_Late"
"Pro-B","NK T","HLA-A","CD8B",0.0872511564881306,0,"HLA-A_CD8B","HLA-A - CD8B","MHC-I","Cell-Cell Contact","KEGG: hsa04514","PBMC_Late"
"Tem","NK T","HLA-A","CD8B",0.11019290318179,0,"HLA-A_CD8B","HLA-A - CD8B","MHC-I","Cell-Cell Contact","KEGG: hsa04514","PBMC_Late"
"Th17like_INNATE_T","NK T","HLA-A","CD8B",0.110311166371678,0,"HLA-A_CD8B","HLA-A - CD8B","MHC-I","Cell-Cell Contact","KEGG: hsa04514","PBMC_Late"
"Treg","NK T","HLA-A","CD8B",0.114603274572153,0,"HLA-A_CD8B","HLA-A - CD8B","MHC-I","Cell-Cell Contact","KEGG: hsa04514","PBMC_Late"
"abTentry","Naïve CD8 T","HLA-B","CD8B",0.139005503285814,0,"HLA-B_CD8B","HLA-B - CD8B","MHC-I","Cell-Cell Contact","KEGG: hsa04514","PBMC_Late"
"CD14+PPBP+ Monocytes","Naïve CD8 T","HLA-B","CD8B",0.216031068044134,0,"HLA-B_CD8B","HLA-B - CD8B","MHC-I","Cell-Cell Contact","KEGG: hsa04514","PBMC_Late"
"CD56highCD16low NK","Naïve CD8 T","HLA-B","CD8B",0.153690937918679,0,"HLA-B_CD8B","HLA-B - CD8B","MHC-I","Cell-Cell Contact","KEGG: hsa04514","PBMC_Late"
"Classical Monocytes","Naïve CD8 T","HLA-B","CD8B",0.208246940643462,0,"HLA-B_CD8B","HLA-B - CD8B","MHC-I","Cell-Cell Contact","KEGG: hsa04514","PBMC_Late"
"CX3CR1+ NK","Naïve CD8 T","HLA-B","CD8B",0.247427831434753,0,"HLA-B_CD8B","HLA-B - CD8B","MHC-I","Cell-Cell Contact","KEGG: hsa04514","PBMC_Late"
"CXCR5- Naïve B","Naïve CD8 T","HLA-B","CD8B",0.226949257376043,0,"HLA-B_CD8B","HLA-B - CD8B","MHC-I","Cell-Cell Contact","KEGG: hsa04514","PBMC_Late"
"CXCR5+ Naïve B","Naïve CD8 T","HLA-B","CD8B",0.212808792356926,0,"HLA-B_CD8B","HLA-B - CD8B","MHC-I","Cell-Cell Contact","KEGG: hsa04514","PBMC_Late"
"CXCR6+ NK","Naïve CD8 T","HLA-B","CD8B",0.240841805063205,0,"HLA-B_CD8B","HLA-B - CD8B","MHC-I","Cell-Cell Contact","KEGG: hsa04514","PBMC_Late"
"DC2","Naïve CD8 T","HLA-B","CD8B",0.200907980680909,0,"HLA-B_CD8B","HLA-B - CD8B","MHC-I","Cell-Cell Contact","KEGG: hsa04514","PBMC_Late"
"Gamma Delta V1 T","Naïve CD8 T","HLA-B","CD8B",0.224525967982192,0,"HLA-B_CD8B","HLA-B - CD8B","MHC-I","Cell-Cell Contact","KEGG: hsa04514","PBMC_Late"
"Gamma Delta V2 T","Naïve CD8 T","HLA-B","CD8B",0.227146152156445,0,"HLA-B_CD8B","HLA-B - CD8B","MHC-I","Cell-Cell Contact","KEGG: hsa04514","PBMC_Late"
"HSC_MPP","Naïve CD8 T","HLA-B","CD8B",0.14525818246949,0,"HLA-B_CD8B","HLA-B - CD8B","MHC-I","Cell-Cell Contact","KEGG: hsa04514","PBMC_Late"
"ILC2/3","Naïve CD8 T","HLA-B","CD8B",0.217866868112136,0,"HLA-B_CD8B","HLA-B - CD8B","MHC-I","Cell-Cell Contact","KEGG: hsa04514","PBMC_Late"
"Megakaryocytes","Naïve CD8 T","HLA-B","CD8B",0.223421798073788,0,"HLA-B_CD8B","HLA-B - CD8B","MHC-I","Cell-Cell Contact","KEGG: hsa04514","PBMC_Late"
"MEMP","Naïve CD8 T","HLA-B","CD8B",0.095795878967001,0,"HLA-B_CD8B","HLA-B - CD8B","MHC-I","Cell-Cell Contact","KEGG: hsa04514","PBMC_Late"
"MEP","Naïve CD8 T","HLA-B","CD8B",0.116465328983382,0,"HLA-B_CD8B","HLA-B - CD8B","MHC-I","Cell-Cell Contact","KEGG: hsa04514","PBMC_Late"
"Myeloid-CD177","Naïve CD8 T","HLA-B","CD8B",0.0482941621254196,0,"HLA-B_CD8B","HLA-B - CD8B","MHC-I","Cell-Cell Contact","KEGG: hsa04514","PBMC_Late"
"Naïve CD4 T","Naïve CD8 T","HLA-B","CD8B",0.211319986267263,0,"HLA-B_CD8B","HLA-B - CD8B","MHC-I","Cell-Cell Contact","KEGG: hsa04514","PBMC_Late"
"Naïve CD8 T","Naïve CD8 T","HLA-B","CD8B",0.219093116466149,0,"HLA-B_CD8B","HLA-B - CD8B","MHC-I","Cell-Cell Contact","KEGG: hsa04514","PBMC_Late"
"NK T","Naïve CD8 T","HLA-B","CD8B",0.232973404613324,0,"HLA-B_CD8B","HLA-B - CD8B","MHC-I","Cell-Cell Contact","KEGG: hsa04514","PBMC_Late"
"pDC","Naïve CD8 T","HLA-B","CD8B",0.196134401544407,0,"HLA-B_CD8B","HLA-B - CD8B","MHC-I","Cell-Cell Contact","KEGG: hsa04514","PBMC_Late"
"Pro-B","Naïve CD8 T","HLA-B","CD8B",0.197995603235739,0,"HLA-B_CD8B","HLA-B - CD8B","MHC-I","Cell-Cell Contact","KEGG: hsa04514","PBMC_Late"
"Tem","Naïve CD8 T","HLA-B","CD8B",0.225055941015131,0,"HLA-B_CD8B","HLA-B - CD8B","MHC-I","Cell-Cell Contact","KEGG: hsa04514","PBMC_Late"
"Th17like_INNATE_T","Naïve CD8 T","HLA-B","CD8B",0.227372184834529,0,"HLA-B_CD8B","HLA-B - CD8B","MHC-I","Cell-Cell Contact","KEGG: hsa04514","PBMC_Late"
"Treg","Naïve CD8 T","HLA-B","CD8B",0.225936457789297,0,"HLA-B_CD8B","HLA-B - CD8B","MHC-I","Cell-Cell Contact","KEGG: hsa04514","PBMC_Late"
"abTentry","NK T","HLA-B","CD8B",0.0744365032096864,0,"HLA-B_CD8B","HLA-B - CD8B","MHC-I","Cell-Cell Contact","KEGG: hsa04514","PBMC_Late"
"CD14+PPBP+ Monocytes","NK T","HLA-B","CD8B",0.120698848885802,0,"HLA-B_CD8B","HLA-B - CD8B","MHC-I","Cell-Cell Contact","KEGG: hsa04514","PBMC_Late"
"CD56highCD16low NK","NK T","HLA-B","CD8B",0.0829577107986878,0,"HLA-B_CD8B","HLA-B - CD8B","MHC-I","Cell-Cell Contact","KEGG: hsa04514","PBMC_Late"
"Classical Monocytes","NK T","HLA-B","CD8B",0.115842198019417,0,"HLA-B_CD8B","HLA-B - CD8B","MHC-I","Cell-Cell Contact","KEGG: hsa04514","PBMC_Late"
"CX3CR1+ NK","NK T","HLA-B","CD8B",0.140727628607923,0,"HLA-B_CD8B","HLA-B - CD8B","MHC-I","Cell-Cell Contact","KEGG: hsa04514","PBMC_Late"
"CXCR5- Naïve B","NK T","HLA-B","CD8B",0.127583051264448,0,"HLA-B_CD8B","HLA-B - CD8B","MHC-I","Cell-Cell Contact","KEGG: hsa04514","PBMC_Late"
"CXCR5+ Naïve B","NK T","HLA-B","CD8B",0.118683262606801,0,"HLA-B_CD8B","HLA-B - CD8B","MHC-I","Cell-Cell Contact","KEGG: hsa04514","PBMC_Late"
"CXCR6+ NK","NK T","HLA-B","CD8B",0.136466731220005,0,"HLA-B_CD8B","HLA-B - CD8B","MHC-I","Cell-Cell Contact","KEGG: hsa04514","PBMC_Late"
"DC2","NK T","HLA-B","CD8B",0.111301944387151,0,"HLA-B_CD8B","HLA-B - CD8B","MHC-I","Cell-Cell Contact","KEGG: hsa04514","PBMC_Late"
"Gamma Delta V1 T","NK T","HLA-B","CD8B",0.126047762968967,0,"HLA-B_CD8B","HLA-B - CD8B","MHC-I","Cell-Cell Contact","KEGG: hsa04514","PBMC_Late"
"Gamma Delta V2 T","NK T","HLA-B","CD8B",0.12770798017355,0,"HLA-B_CD8B","HLA-B - CD8B","MHC-I","Cell-Cell Contact","KEGG: hsa04514","PBMC_Late"
"HSC_MPP","NK T","HLA-B","CD8B",0.0780480516920919,0,"HLA-B_CD8B","HLA-B - CD8B","MHC-I","Cell-Cell Contact","KEGG: hsa04514","PBMC_Late"
"ILC2/3","NK T","HLA-B","CD8B",0.121850444757603,0,"HLA-B_CD8B","HLA-B - CD8B","MHC-I","Cell-Cell Contact","KEGG: hsa04514","PBMC_Late"
"Megakaryocytes","NK T","HLA-B","CD8B",0.125349604881946,0,"HLA-B_CD8B","HLA-B - CD8B","MHC-I","Cell-Cell Contact","KEGG: hsa04514","PBMC_Late"
"MEMP","NK T","HLA-B","CD8B",0.0501294449312946,0,"HLA-B_CD8B","HLA-B - CD8B","MHC-I","Cell-Cell Contact","KEGG: hsa04514","PBMC_Late"
"MEP","NK T","HLA-B","CD8B",0.0616171024004708,0,"HLA-B_CD8B","HLA-B - CD8B","MHC-I","Cell-Cell Contact","KEGG: hsa04514","PBMC_Late"
"Myeloid-CD177","NK T","HLA-B","CD8B",0.0246546281066287,0,"HLA-B_CD8B","HLA-B - CD8B","MHC-I","Cell-Cell Contact","KEGG: hsa04514","PBMC_Late"
"Naïve CD4 T","NK T","HLA-B","CD8B",0.117754453028146,0,"HLA-B_CD8B","HLA-B - CD8B","MHC-I","Cell-Cell Contact","KEGG: hsa04514","PBMC_Late"
"Naïve CD8 T","NK T","HLA-B","CD8B",0.122620997466157,0,"HLA-B_CD8B","HLA-B - CD8B","MHC-I","Cell-Cell Contact","KEGG: hsa04514","PBMC_Late"
"NK T","NK T","HLA-B","CD8B",0.131418005592102,0,"HLA-B_CD8B","HLA-B - CD8B","MHC-I","Cell-Cell Contact","KEGG: hsa04514","PBMC_Late"
"pDC","NK T","HLA-B","CD8B",0.108368677615197,0,"HLA-B_CD8B","HLA-B - CD8B","MHC-I","Cell-Cell Contact","KEGG: hsa04514","PBMC_Late"
"Pro-B","NK T","HLA-B","CD8B",0.109510491961542,0,"HLA-B_CD8B","HLA-B - CD8B","MHC-I","Cell-Cell Contact","KEGG: hsa04514","PBMC_Late"
"Tem","NK T","HLA-B","CD8B",0.126383170627756,0,"HLA-B_CD8B","HLA-B - CD8B","MHC-I","Cell-Cell Contact","KEGG: hsa04514","PBMC_Late"
"Th17like_INNATE_T","NK T","HLA-B","CD8B",0.127851431317519,0,"HLA-B_CD8B","HLA-B - CD8B","MHC-I","Cell-Cell Contact","KEGG: hsa04514","PBMC_Late"
"Treg","NK T","HLA-B","CD8B",0.126940874219749,0,"HLA-B_CD8B","HLA-B - CD8B","MHC-I","Cell-Cell Contact","KEGG: hsa04514","PBMC_Late"
"abTentry","Naïve CD8 T","HLA-C","CD8B",0.111158223729354,0,"HLA-C_CD8B","HLA-C - CD8B","MHC-I","Cell-Cell Contact","KEGG: hsa04514","PBMC_Late"
"CD14+PPBP+ Monocytes","Naïve CD8 T","HLA-C","CD8B",0.172328778428252,0,"HLA-C_CD8B","HLA-C - CD8B","MHC-I","Cell-Cell Contact","KEGG: hsa04514","PBMC_Late"
"CD56highCD16low NK","Naïve CD8 T","HLA-C","CD8B",0.141690783122176,0,"HLA-C_CD8B","HLA-C - CD8B","MHC-I","Cell-Cell Contact","KEGG: hsa04514","PBMC_Late"
"Classical Monocytes","Naïve CD8 T","HLA-C","CD8B",0.163804070611926,0,"HLA-C_CD8B","HLA-C - CD8B","MHC-I","Cell-Cell Contact","KEGG: hsa04514","PBMC_Late"
"CX3CR1+ NK","Naïve CD8 T","HLA-C","CD8B",0.219589885305735,0,"HLA-C_CD8B","HLA-C - CD8B","MHC-I","Cell-Cell Contact","KEGG: hsa04514","PBMC_Late"
"CXCR5- Naïve B","Naïve CD8 T","HLA-C","CD8B",0.174593868662957,0,"HLA-C_CD8B","HLA-C - CD8B","MHC-I","Cell-Cell Contact","KEGG: hsa04514","PBMC_Late"
"CXCR5+ Naïve B","Naïve CD8 T","HLA-C","CD8B",0.165586627474705,0,"HLA-C_CD8B","HLA-C - CD8B","MHC-I","Cell-Cell Contact","KEGG: hsa04514","PBMC_Late"
"CXCR6+ NK","Naïve CD8 T","HLA-C","CD8B",0.20448536782516,0,"HLA-C_CD8B","HLA-C - CD8B","MHC-I","Cell-Cell Contact","KEGG: hsa04514","PBMC_Late"
"DC2","Naïve CD8 T","HLA-C","CD8B",0.159820263964603,0,"HLA-C_CD8B","HLA-C - CD8B","MHC-I","Cell-Cell Contact","KEGG: hsa04514","PBMC_Late"
"Early_ERY","Naïve CD8 T","HLA-C","CD8B",0.0165706300713281,0,"HLA-C_CD8B","HLA-C - CD8B","MHC-I","Cell-Cell Contact","KEGG: hsa04514","PBMC_Late"
"Gamma Delta V1 T","Naïve CD8 T","HLA-C","CD8B",0.175836288905821,0,"HLA-C_CD8B","HLA-C - CD8B","MHC-I","Cell-Cell Contact","KEGG: hsa04514","PBMC_Late"
"Gamma Delta V2 T","Naïve CD8 T","HLA-C","CD8B",0.186592705567233,0,"HLA-C_CD8B","HLA-C - CD8B","MHC-I","Cell-Cell Contact","KEGG: hsa04514","PBMC_Late"
"HSC_MPP","Naïve CD8 T","HLA-C","CD8B",0.109121784532122,0,"HLA-C_CD8B","HLA-C - CD8B","MHC-I","Cell-Cell Contact","KEGG: hsa04514","PBMC_Late"
"ILC2/3","Naïve CD8 T","HLA-C","CD8B",0.174706561922917,0,"HLA-C_CD8B","HLA-C - CD8B","MHC-I","Cell-Cell Contact","KEGG: hsa04514","PBMC_Late"
"Megakaryocytes","Naïve CD8 T","HLA-C","CD8B",0.151671578009881,0,"HLA-C_CD8B","HLA-C - CD8B","MHC-I","Cell-Cell Contact","KEGG: hsa04514","PBMC_Late"
"MEMP","Naïve CD8 T","HLA-C","CD8B",0.0739097375514372,0,"HLA-C_CD8B","HLA-C - CD8B","MHC-I","Cell-Cell Contact","KEGG: hsa04514","PBMC_Late"
"MEP","Naïve CD8 T","HLA-C","CD8B",0.090960994514366,0,"HLA-C_CD8B","HLA-C - CD8B","MHC-I","Cell-Cell Contact","KEGG: hsa04514","PBMC_Late"
"Myeloid-CD177","Naïve CD8 T","HLA-C","CD8B",0.0374881001407761,0,"HLA-C_CD8B","HLA-C - CD8B","MHC-I","Cell-Cell Contact","KEGG: hsa04514","PBMC_Late"
"Naïve CD4 T","Naïve CD8 T","HLA-C","CD8B",0.16774283263622,0,"HLA-C_CD8B","HLA-C - CD8B","MHC-I","Cell-Cell Contact","KEGG: hsa04514","PBMC_Late"
"Naïve CD8 T","Naïve CD8 T","HLA-C","CD8B",0.170430860477088,0,"HLA-C_CD8B","HLA-C - CD8B","MHC-I","Cell-Cell Contact","KEGG: hsa04514","PBMC_Late"
"NK T","Naïve CD8 T","HLA-C","CD8B",0.190459707324565,0,"HLA-C_CD8B","HLA-C - CD8B","MHC-I","Cell-Cell Contact","KEGG: hsa04514","PBMC_Late"
"pDC","Naïve CD8 T","HLA-C","CD8B",0.140107713864965,0,"HLA-C_CD8B","HLA-C - CD8B","MHC-I","Cell-Cell Contact","KEGG: hsa04514","PBMC_Late"
"Pro-B","Naïve CD8 T","HLA-C","CD8B",0.135242557331432,0,"HLA-C_CD8B","HLA-C - CD8B","MHC-I","Cell-Cell Contact","KEGG: hsa04514","PBMC_Late"
"Tem","Naïve CD8 T","HLA-C","CD8B",0.192890863541633,0,"HLA-C_CD8B","HLA-C - CD8B","MHC-I","Cell-Cell Contact","KEGG: hsa04514","PBMC_Late"
"Th17like_INNATE_T","Naïve CD8 T","HLA-C","CD8B",0.188574388572416,0,"HLA-C_CD8B","HLA-C - CD8B","MHC-I","Cell-Cell Contact","KEGG: hsa04514","PBMC_Late"
"Treg","Naïve CD8 T","HLA-C","CD8B",0.182206738319944,0,"HLA-C_CD8B","HLA-C - CD8B","MHC-I","Cell-Cell Contact","KEGG: hsa04514","PBMC_Late"
"abTentry","NK T","HLA-C","CD8B",0.0586434376114597,0,"HLA-C_CD8B","HLA-C - CD8B","MHC-I","Cell-Cell Contact","KEGG: hsa04514","PBMC_Late"
"CD14+PPBP+ Monocytes","NK T","HLA-C","CD8B",0.0939702806970579,0,"HLA-C_CD8B","HLA-C - CD8B","MHC-I","Cell-Cell Contact","KEGG: hsa04514","PBMC_Late"
"CD56highCD16low NK","NK T","HLA-C","CD8B",0.0759845318262047,0,"HLA-C_CD8B","HLA-C - CD8B","MHC-I","Cell-Cell Contact","KEGG: hsa04514","PBMC_Late"
"Classical Monocytes","NK T","HLA-C","CD8B",0.0889054185216229,0,"HLA-C_CD8B","HLA-C - CD8B","MHC-I","Cell-Cell Contact","KEGG: hsa04514","PBMC_Late"
"CX3CR1+ NK","NK T","HLA-C","CD8B",0.122933461554403,0,"HLA-C_CD8B","HLA-C - CD8B","MHC-I","Cell-Cell Contact","KEGG: hsa04514","PBMC_Late"
"CXCR5- Naïve B","NK T","HLA-C","CD8B",0.0953240466222697,0,"HLA-C_CD8B","HLA-C - CD8B","MHC-I","Cell-Cell Contact","KEGG: hsa04514","PBMC_Late"
"CXCR5+ Naïve B","NK T","HLA-C","CD8B",0.0899605968784024,0,"HLA-C_CD8B","HLA-C - CD8B","MHC-I","Cell-Cell Contact","KEGG: hsa04514","PBMC_Late"
"CXCR6+ NK","NK T","HLA-C","CD8B",0.113510442115205,0,"HLA-C_CD8B","HLA-C - CD8B","MHC-I","Cell-Cell Contact","KEGG: hsa04514","PBMC_Late"
"DC2","NK T","HLA-C","CD8B",0.0865546375581806,0,"HLA-C_CD8B","HLA-C - CD8B","MHC-I","Cell-Cell Contact","KEGG: hsa04514","PBMC_Late"
"Early_ERY","NK T","HLA-C","CD8B",0.0083236522729617,0,"HLA-C_CD8B","HLA-C - CD8B","MHC-I","Cell-Cell Contact","KEGG: hsa04514","PBMC_Late"
"Gamma Delta V1 T","NK T","HLA-C","CD8B",0.0960680317578703,0,"HLA-C_CD8B","HLA-C - CD8B","MHC-I","Cell-Cell Contact","KEGG: hsa04514","PBMC_Late"
"Gamma Delta V2 T","NK T","HLA-C","CD8B",0.102551975583441,0,"HLA-C_CD8B","HLA-C - CD8B","MHC-I","Cell-Cell Contact","KEGG: hsa04514","PBMC_Late"
"HSC_MPP","NK T","HLA-C","CD8B",0.0575068337156326,0,"HLA-C_CD8B","HLA-C - CD8B","MHC-I","Cell-Cell Contact","KEGG: hsa04514","PBMC_Late"
"ILC2/3","NK T","HLA-C","CD8B",0.0953914875758777,0,"HLA-C_CD8B","HLA-C - CD8B","MHC-I","Cell-Cell Contact","KEGG: hsa04514","PBMC_Late"
"Megakaryocytes","NK T","HLA-C","CD8B",0.0817779174498276,0,"HLA-C_CD8B","HLA-C - CD8B","MHC-I","Cell-Cell Contact","KEGG: hsa04514","PBMC_Late"
"MEMP","NK T","HLA-C","CD8B",0.0382353676793083,0,"HLA-C_CD8B","HLA-C - CD8B","MHC-I","Cell-Cell Contact","KEGG: hsa04514","PBMC_Late"
"MEP","NK T","HLA-C","CD8B",0.0474783547356547,0,"HLA-C_CD8B","HLA-C - CD8B","MHC-I","Cell-Cell Contact","KEGG: hsa04514","PBMC_Late"
"Myeloid-CD177","NK T","HLA-C","CD8B",0.0190322519757508,0,"HLA-C_CD8B","HLA-C - CD8B","MHC-I","Cell-Cell Contact","KEGG: hsa04514","PBMC_Late"
"Naïve CD4 T","NK T","HLA-C","CD8B",0.0912397099766807,0,"HLA-C_CD8B","HLA-C - CD8B","MHC-I","Cell-Cell Contact","KEGG: hsa04514","PBMC_Late"
"Naïve CD8 T","NK T","HLA-C","CD8B",0.092838552475623,0,"HLA-C_CD8B","HLA-C - CD8B","MHC-I","Cell-Cell Contact","KEGG: hsa04514","PBMC_Late"
"NK T","NK T","HLA-C","CD8B",0.104901910850995,0,"HLA-C_CD8B","HLA-C - CD8B","MHC-I","Cell-Cell Contact","KEGG: hsa04514","PBMC_Late"
"pDC","NK T","HLA-C","CD8B",0.0750713701513402,0,"HLA-C_CD8B","HLA-C - CD8B","MHC-I","Cell-Cell Contact","KEGG: hsa04514","PBMC_Late"
"Pro-B","NK T","HLA-C","CD8B",0.0722747454824987,0,"HLA-C_CD8B","HLA-C - CD8B","MHC-I","Cell-Cell Contact","KEGG: hsa04514","PBMC_Late"
"Tem","NK T","HLA-C","CD8B",0.106384468525656,0,"HLA-C_CD8B","HLA-C - CD8B","MHC-I","Cell-Cell Contact","KEGG: hsa04514","PBMC_Late"
"Th17like_INNATE_T","NK T","HLA-C","CD8B",0.10375496444352,0,"HLA-C_CD8B","HLA-C - CD8B","MHC-I","Cell-Cell Contact","KEGG: hsa04514","PBMC_Late"
"Treg","NK T","HLA-C","CD8B",0.099898820989673,0,"HLA-C_CD8B","HLA-C - CD8B","MHC-I","Cell-Cell Contact","KEGG: hsa04514","PBMC_Late"
"abTentry","Naïve CD8 T","HLA-E","CD8B",0.115986324474277,0,"HLA-E_CD8B","HLA-E - CD8B","MHC-I","Cell-Cell Contact","KEGG: hsa04514","PBMC_Late"
"CD14+PPBP+ Monocytes","Naïve CD8 T","HLA-E","CD8B",0.174379038963048,0,"HLA-E_CD8B","HLA-E - CD8B","MHC-I","Cell-Cell Contact","KEGG: hsa04514","PBMC_Late"
"CD56highCD16low NK","Naïve CD8 T","HLA-E","CD8B",0.0509516362919951,0,"HLA-E_CD8B","HLA-E - CD8B","MHC-I","Cell-Cell Contact","KEGG: hsa04514","PBMC_Late"
"Classical Monocytes","Naïve CD8 T","HLA-E","CD8B",0.119243978577342,0,"HLA-E_CD8B","HLA-E - CD8B","MHC-I","Cell-Cell Contact","KEGG: hsa04514","PBMC_Late"
"CX3CR1+ NK","Naïve CD8 T","HLA-E","CD8B",0.180604439885943,0,"HLA-E_CD8B","HLA-E - CD8B","MHC-I","Cell-Cell Contact","KEGG: hsa04514","PBMC_Late"
"CXCR5- Naïve B","Naïve CD8 T","HLA-E","CD8B",0.142331853190282,0,"HLA-E_CD8B","HLA-E - CD8B","MHC-I","Cell-Cell Contact","KEGG: hsa04514","PBMC_Late"
"CXCR5+ Naïve B","Naïve CD8 T","HLA-E","CD8B",0.134525568908325,0,"HLA-E_CD8B","HLA-E - CD8B","MHC-I","Cell-Cell Contact","KEGG: hsa04514","PBMC_Late"
"CXCR6+ NK","Naïve CD8 T","HLA-E","CD8B",0.159701658814862,0,"HLA-E_CD8B","HLA-E - CD8B","MHC-I","Cell-Cell Contact","KEGG: hsa04514","PBMC_Late"
"DC2","Naïve CD8 T","HLA-E","CD8B",0.102283818732593,0,"HLA-E_CD8B","HLA-E - CD8B","MHC-I","Cell-Cell Contact","KEGG: hsa04514","PBMC_Late"
"Gamma Delta V1 T","Naïve CD8 T","HLA-E","CD8B",0.160025179228157,0,"HLA-E_CD8B","HLA-E - CD8B","MHC-I","Cell-Cell Contact","KEGG: hsa04514","PBMC_Late"
"Gamma Delta V2 T","Naïve CD8 T","HLA-E","CD8B",0.162599937896227,0,"HLA-E_CD8B","HLA-E - CD8B","MHC-I","Cell-Cell Contact","KEGG: hsa04514","PBMC_Late"
"HSC_MPP","Naïve CD8 T","HLA-E","CD8B",0.0905505191142724,0,"HLA-E_CD8B","HLA-E - CD8B","MHC-I","Cell-Cell Contact","KEGG: hsa04514","PBMC_Late"
"ILC2/3","Naïve CD8 T","HLA-E","CD8B",0.133622899154064,0,"HLA-E_CD8B","HLA-E - CD8B","MHC-I","Cell-Cell Contact","KEGG: hsa04514","PBMC_Late"
"Megakaryocytes","Naïve CD8 T","HLA-E","CD8B",0.220522556324658,0,"HLA-E_CD8B","HLA-E - CD8B","MHC-I","Cell-Cell Contact","KEGG: hsa04514","PBMC_Late"
"MEMP","Naïve CD8 T","HLA-E","CD8B",0.0540863524033361,0,"HLA-E_CD8B","HLA-E - CD8B","MHC-I","Cell-Cell Contact","KEGG: hsa04514","PBMC_Late"
"MEP","Naïve CD8 T","HLA-E","CD8B",0.0684530491154209,0,"HLA-E_CD8B","HLA-E - CD8B","MHC-I","Cell-Cell Contact","KEGG: hsa04514","PBMC_Late"
"Myeloid-CD177","Naïve CD8 T","HLA-E","CD8B",0.0405187799275634,0,"HLA-E_CD8B","HLA-E - CD8B","MHC-I","Cell-Cell Contact","KEGG: hsa04514","PBMC_Late"
"Naïve CD4 T","Naïve CD8 T","HLA-E","CD8B",0.159548769752419,0,"HLA-E_CD8B","HLA-E - CD8B","MHC-I","Cell-Cell Contact","KEGG: hsa04514","PBMC_Late"
"Naïve CD8 T","Naïve CD8 T","HLA-E","CD8B",0.159441955615057,0,"HLA-E_CD8B","HLA-E - CD8B","MHC-I","Cell-Cell Contact","KEGG: hsa04514","PBMC_Late"
"NK T","Naïve CD8 T","HLA-E","CD8B",0.173649805302337,0,"HLA-E_CD8B","HLA-E - CD8B","MHC-I","Cell-Cell Contact","KEGG: hsa04514","PBMC_Late"
"pDC","Naïve CD8 T","HLA-E","CD8B",0.0916235005673166,0,"HLA-E_CD8B","HLA-E - CD8B","MHC-I","Cell-Cell Contact","KEGG: hsa04514","PBMC_Late"
"Pro-B","Naïve CD8 T","HLA-E","CD8B",0.0582802153491281,0,"HLA-E_CD8B","HLA-E - CD8B","MHC-I","Cell-Cell Contact","KEGG: hsa04514","PBMC_Late"
"Tem","Naïve CD8 T","HLA-E","CD8B",0.164197863624239,0,"HLA-E_CD8B","HLA-E - CD8B","MHC-I","Cell-Cell Contact","KEGG: hsa04514","PBMC_Late"
"Th17like_INNATE_T","Naïve CD8 T","HLA-E","CD8B",0.171591554241584,0,"HLA-E_CD8B","HLA-E - CD8B","MHC-I","Cell-Cell Contact","KEGG: hsa04514","PBMC_Late"
"Treg","Naïve CD8 T","HLA-E","CD8B",0.165023713404546,0,"HLA-E_CD8B","HLA-E - CD8B","MHC-I","Cell-Cell Contact","KEGG: hsa04514","PBMC_Late"
"abTentry","NK T","HLA-E","CD8B",0.0613480171868997,0,"HLA-E_CD8B","HLA-E - CD8B","MHC-I","Cell-Cell Contact","KEGG: hsa04514","PBMC_Late"
"CD14+PPBP+ Monocytes","NK T","HLA-E","CD8B",0.0951955055723817,0,"HLA-E_CD8B","HLA-E - CD8B","MHC-I","Cell-Cell Contact","KEGG: hsa04514","PBMC_Late"
"CD56highCD16low NK","NK T","HLA-E","CD8B",0.0260468952471744,0,"HLA-E_CD8B","HLA-E - CD8B","MHC-I","Cell-Cell Contact","KEGG: hsa04514","PBMC_Late"
"Classical Monocytes","NK T","HLA-E","CD8B",0.0631807489184853,0,"HLA-E_CD8B","HLA-E - CD8B","MHC-I","Cell-Cell Contact","KEGG: hsa04514","PBMC_Late"
"CX3CR1+ NK","NK T","HLA-E","CD8B",0.0989327635947337,0,"HLA-E_CD8B","HLA-E - CD8B","MHC-I","Cell-Cell Contact","KEGG: hsa04514","PBMC_Late"
"CXCR5- Naïve B","NK T","HLA-E","CD8B",0.0763547647224689,0,"HLA-E_CD8B","HLA-E - CD8B","MHC-I","Cell-Cell Contact","KEGG: hsa04514","PBMC_Late"
"CXCR5+ Naïve B","NK T","HLA-E","CD8B",0.0718638391904886,0,"HLA-E_CD8B","HLA-E - CD8B","MHC-I","Cell-Cell Contact","KEGG: hsa04514","PBMC_Late"
"CXCR6+ NK","NK T","HLA-E","CD8B",0.0864848071930297,0,"HLA-E_CD8B","HLA-E - CD8B","MHC-I","Cell-Cell Contact","KEGG: hsa04514","PBMC_Late"
"DC2","NK T","HLA-E","CD8B",0.0537082568556803,0,"HLA-E_CD8B","HLA-E - CD8B","MHC-I","Cell-Cell Contact","KEGG: hsa04514","PBMC_Late"
"Gamma Delta V1 T","NK T","HLA-E","CD8B",0.0866753054540917,0,"HLA-E_CD8B","HLA-E - CD8B","MHC-I","Cell-Cell Contact","KEGG: hsa04514","PBMC_Late"
"Gamma Delta V2 T","NK T","HLA-E","CD8B",0.0881937996623397,0,"HLA-E_CD8B","HLA-E - CD8B","MHC-I","Cell-Cell Contact","KEGG: hsa04514","PBMC_Late"
"HSC_MPP","NK T","HLA-E","CD8B",0.0472539013320207,0,"HLA-E_CD8B","HLA-E - CD8B","MHC-I","Cell-Cell Contact","KEGG: hsa04514","PBMC_Late"
"ILC2/3","NK T","HLA-E","CD8B",0.0713469695976377,0,"HLA-E_CD8B","HLA-E - CD8B","MHC-I","Cell-Cell Contact","KEGG: hsa04514","PBMC_Late"
"Megakaryocytes","NK T","HLA-E","CD8B",0.123520578253048,0,"HLA-E_CD8B","HLA-E - CD8B","MHC-I","Cell-Cell Contact","KEGG: hsa04514","PBMC_Late"
"MEMP","NK T","HLA-E","CD8B",0.0276940995704835,0,"HLA-E_CD8B","HLA-E - CD8B","MHC-I","Cell-Cell Contact","KEGG: hsa04514","PBMC_Late"
"MEP","NK T","HLA-E","CD8B",0.0353120576967024,0,"HLA-E_CD8B","HLA-E - CD8B","MHC-I","Cell-Cell Contact","KEGG: hsa04514","PBMC_Late"
"Myeloid-CD177","NK T","HLA-E","CD8B",0.0206028287346986,0,"HLA-E_CD8B","HLA-E - CD8B","MHC-I","Cell-Cell Contact","KEGG: hsa04514","PBMC_Late"
"Naïve CD4 T","NK T","HLA-E","CD8B",0.0863948050490663,0,"HLA-E_CD8B","HLA-E - CD8B","MHC-I","Cell-Cell Contact","KEGG: hsa04514","PBMC_Late"
"Naïve CD8 T","NK T","HLA-E","CD8B",0.086331935022584,0,"HLA-E_CD8B","HLA-E - CD8B","MHC-I","Cell-Cell Contact","KEGG: hsa04514","PBMC_Late"
"NK T","NK T","HLA-E","CD8B",0.0947594028873662,0,"HLA-E_CD8B","HLA-E - CD8B","MHC-I","Cell-Cell Contact","KEGG: hsa04514","PBMC_Late"
"pDC","NK T","HLA-E","CD8B",0.0478408263294479,0,"HLA-E_CD8B","HLA-E - CD8B","MHC-I","Cell-Cell Contact","KEGG: hsa04514","PBMC_Late"
"Pro-B","NK T","HLA-E","CD8B",0.029906204999654,0,"HLA-E_CD8B","HLA-E - CD8B","MHC-I","Cell-Cell Contact","KEGG: hsa04514","PBMC_Late"
"Tem","NK T","HLA-E","CD8B",0.0891383458731822,0,"HLA-E_CD8B","HLA-E - CD8B","MHC-I","Cell-Cell Contact","KEGG: hsa04514","PBMC_Late"
"Th17like_INNATE_T","NK T","HLA-E","CD8B",0.093530393807352,0,"HLA-E_CD8B","HLA-E - CD8B","MHC-I","Cell-Cell Contact","KEGG: hsa04514","PBMC_Late"
"Treg","NK T","HLA-E","CD8B",0.0896271594694022,0,"HLA-E_CD8B","HLA-E - CD8B","MHC-I","Cell-Cell Contact","KEGG: hsa04514","PBMC_Late"
"CD14+PPBP+ Monocytes","Naïve CD8 T","HLA-F","CD8B",0.0365944283072323,0,"HLA-F_CD8B","HLA-F - CD8B","MHC-I","Cell-Cell Contact","KEGG: hsa04514","PBMC_Late"
"CD56highCD16low NK","Naïve CD8 T","HLA-F","CD8B",0.0385550014924056,0,"HLA-F_CD8B","HLA-F - CD8B","MHC-I","Cell-Cell Contact","KEGG: hsa04514","PBMC_Late"
"Classical Monocytes","Naïve CD8 T","HLA-F","CD8B",0.0173423349175842,0,"HLA-F_CD8B","HLA-F - CD8B","MHC-I","Cell-Cell Contact","KEGG: hsa04514","PBMC_Late"
"CX3CR1+ NK","Naïve CD8 T","HLA-F","CD8B",0.0855704740650125,0,"HLA-F_CD8B","HLA-F - CD8B","MHC-I","Cell-Cell Contact","KEGG: hsa04514","PBMC_Late"
"CXCR5- Naïve B","Naïve CD8 T","HLA-F","CD8B",0.0252762507357736,0,"HLA-F_CD8B","HLA-F - CD8B","MHC-I","Cell-Cell Contact","KEGG: hsa04514","PBMC_Late"
"CXCR5+ Naïve B","Naïve CD8 T","HLA-F","CD8B",0.0226401397851506,0,"HLA-F_CD8B","HLA-F - CD8B","MHC-I","Cell-Cell Contact","KEGG: hsa04514","PBMC_Late"
"CXCR6+ NK","Naïve CD8 T","HLA-F","CD8B",0.0607333872871827,0,"HLA-F_CD8B","HLA-F - CD8B","MHC-I","Cell-Cell Contact","KEGG: hsa04514","PBMC_Late"
"DC2","Naïve CD8 T","HLA-F","CD8B",0.0139929663160818,0,"HLA-F_CD8B","HLA-F - CD8B","MHC-I","Cell-Cell Contact","KEGG: hsa04514","PBMC_Late"
"Gamma Delta V1 T","Naïve CD8 T","HLA-F","CD8B",0.0285166721166003,0,"HLA-F_CD8B","HLA-F - CD8B","MHC-I","Cell-Cell Contact","KEGG: hsa04514","PBMC_Late"
"Gamma Delta V2 T","Naïve CD8 T","HLA-F","CD8B",0.0300967971309316,0,"HLA-F_CD8B","HLA-F - CD8B","MHC-I","Cell-Cell Contact","KEGG: hsa04514","PBMC_Late"
"ILC2/3","Naïve CD8 T","HLA-F","CD8B",0.0233462409309208,0,"HLA-F_CD8B","HLA-F - CD8B","MHC-I","Cell-Cell Contact","KEGG: hsa04514","PBMC_Late"
"Naïve CD4 T","Naïve CD8 T","HLA-F","CD8B",0.0243422879926648,0,"HLA-F_CD8B","HLA-F - CD8B","MHC-I","Cell-Cell Contact","KEGG: hsa04514","PBMC_Late"
"Naïve CD8 T","Naïve CD8 T","HLA-F","CD8B",0.0582134318352397,0,"HLA-F_CD8B","HLA-F - CD8B","MHC-I","Cell-Cell Contact","KEGG: hsa04514","PBMC_Late"
"NK T","Naïve CD8 T","HLA-F","CD8B",0.0731996374297806,0,"HLA-F_CD8B","HLA-F - CD8B","MHC-I","Cell-Cell Contact","KEGG: hsa04514","PBMC_Late"
"Tem","Naïve CD8 T","HLA-F","CD8B",0.0289576099171417,0,"HLA-F_CD8B","HLA-F - CD8B","MHC-I","Cell-Cell Contact","KEGG: hsa04514","PBMC_Late"
"Th17like_INNATE_T","Naïve CD8 T","HLA-F","CD8B",0.0500012950826959,0,"HLA-F_CD8B","HLA-F - CD8B","MHC-I","Cell-Cell Contact","KEGG: hsa04514","PBMC_Late"
"Treg","Naïve CD8 T","HLA-F","CD8B",0.0293355619105161,0,"HLA-F_CD8B","HLA-F - CD8B","MHC-I","Cell-Cell Contact","KEGG: hsa04514","PBMC_Late"
"CD14+PPBP+ Monocytes","NK T","HLA-F","CD8B",0.0185700572685119,0,"HLA-F_CD8B","HLA-F - CD8B","MHC-I","Cell-Cell Contact","KEGG: hsa04514","PBMC_Late"
"CD56highCD16low NK","NK T","HLA-F","CD8B",0.0195845922307201,0,"HLA-F_CD8B","HLA-F - CD8B","MHC-I","Cell-Cell Contact","KEGG: hsa04514","PBMC_Late"
"Classical Monocytes","NK T","HLA-F","CD8B",0.00871469350911623,0,"HLA-F_CD8B","HLA-F - CD8B","MHC-I","Cell-Cell Contact","KEGG: hsa04514","PBMC_Late"
"CX3CR1+ NK","NK T","HLA-F","CD8B",0.0445384440568362,0,"HLA-F_CD8B","HLA-F - CD8B","MHC-I","Cell-Cell Contact","KEGG: hsa04514","PBMC_Late"
"CXCR5- Naïve B","NK T","HLA-F","CD8B",0.0127527882574061,0,"HLA-F_CD8B","HLA-F - CD8B","MHC-I","Cell-Cell Contact","KEGG: hsa04514","PBMC_Late"
"CXCR5+ Naïve B","NK T","HLA-F","CD8B",0.0114074887077423,0,"HLA-F_CD8B","HLA-F - CD8B","MHC-I","Cell-Cell Contact","KEGG: hsa04514","PBMC_Late"
"CXCR6+ NK","NK T","HLA-F","CD8B",0.0312046134195938,0,"HLA-F_CD8B","HLA-F - CD8B","MHC-I","Cell-Cell Contact","KEGG: hsa04514","PBMC_Late"
"DC2","NK T","HLA-F","CD8B",0.0070196997126651,0,"HLA-F_CD8B","HLA-F - CD8B","MHC-I","Cell-Cell Contact","KEGG: hsa04514","PBMC_Late"
"Gamma Delta V1 T","NK T","HLA-F","CD8B",0.0144114364762344,0,"HLA-F_CD8B","HLA-F - CD8B","MHC-I","Cell-Cell Contact","KEGG: hsa04514","PBMC_Late"
"Gamma Delta V2 T","NK T","HLA-F","CD8B",0.015222228973547,0,"HLA-F_CD8B","HLA-F - CD8B","MHC-I","Cell-Cell Contact","KEGG: hsa04514","PBMC_Late"
"ILC2/3","NK T","HLA-F","CD8B",0.0117674836286553,0,"HLA-F_CD8B","HLA-F - CD8B","MHC-I","Cell-Cell Contact","KEGG: hsa04514","PBMC_Late"
"Naïve CD4 T","NK T","HLA-F","CD8B",0.0122757422293639,0,"HLA-F_CD8B","HLA-F - CD8B","MHC-I","Cell-Cell Contact","KEGG: hsa04514","PBMC_Late"
"Naïve CD8 T","NK T","HLA-F","CD8B",0.0298709040440337,0,"HLA-F_CD8B","HLA-F - CD8B","MHC-I","Cell-Cell Contact","KEGG: hsa04514","PBMC_Late"
"NK T","NK T","HLA-F","CD8B",0.0378540051853411,0,"HLA-F_CD8B","HLA-F - CD8B","MHC-I","Cell-Cell Contact","KEGG: hsa04514","PBMC_Late"
"Tem","NK T","HLA-F","CD8B",0.0146375588710258,0,"HLA-F_CD8B","HLA-F - CD8B","MHC-I","Cell-Cell Contact","KEGG: hsa04514","PBMC_Late"
"Th17like_INNATE_T","NK T","HLA-F","CD8B",0.0255485680682385,0,"HLA-F_CD8B","HLA-F - CD8B","MHC-I","Cell-Cell Contact","KEGG: hsa04514","PBMC_Late"
"Treg","NK T","HLA-F","CD8B",0.0148314616336602,0,"HLA-F_CD8B","HLA-F - CD8B","MHC-I","Cell-Cell Contact","KEGG: hsa04514","PBMC_Late"
"abTentry","CX3CR1+ NK","HLA-E","KLRC1",0.0725350594627183,0,"HLA-E_KLRC1","HLA-E - KLRC1","MHC-I","Cell-Cell Contact","PMID: 24223577","PBMC_Late"
"CD14+PPBP+ Monocytes","CX3CR1+ NK","HLA-E","KLRC1",0.111819482757422,0,"HLA-E_KLRC1","HLA-E - KLRC1","MHC-I","Cell-Cell Contact","PMID: 24223577","PBMC_Late"
"CD56highCD16low NK","CX3CR1+ NK","HLA-E","KLRC1",0.0310093072216557,0,"HLA-E_KLRC1","HLA-E - KLRC1","MHC-I","Cell-Cell Contact","PMID: 24223577","PBMC_Late"
"Classical Monocytes","CX3CR1+ NK","HLA-E","KLRC1",0.0746754086765024,0,"HLA-E_KLRC1","HLA-E - KLRC1","MHC-I","Cell-Cell Contact","PMID: 24223577","PBMC_Late"
"CX3CR1+ NK","CX3CR1+ NK","HLA-E","KLRC1",0.116125616021771,0,"HLA-E_KLRC1","HLA-E - KLRC1","MHC-I","Cell-Cell Contact","PMID: 24223577","PBMC_Late"
"CXCR5- Naïve B","CX3CR1+ NK","HLA-E","KLRC1",0.0900159124721303,0,"HLA-E_KLRC1","HLA-E - KLRC1","MHC-I","Cell-Cell Contact","PMID: 24223577","PBMC_Late"
"CXCR5+ Naïve B","CX3CR1+ NK","HLA-E","KLRC1",0.084795250547342,0,"HLA-E_KLRC1","HLA-E - KLRC1","MHC-I","Cell-Cell Contact","PMID: 24223577","PBMC_Late"
"CXCR6+ NK","CX3CR1+ NK","HLA-E","KLRC1",0.10175871209377,0,"HLA-E_KLRC1","HLA-E - KLRC1","MHC-I","Cell-Cell Contact","PMID: 24223577","PBMC_Late"
"DC2","CX3CR1+ NK","HLA-E","KLRC1",0.0635965494711375,0,"HLA-E_KLRC1","HLA-E - KLRC1","MHC-I","Cell-Cell Contact","PMID: 24223577","PBMC_Late"
"Gamma Delta V1 T","CX3CR1+ NK","HLA-E","KLRC1",0.101979098113133,0,"HLA-E_KLRC1","HLA-E - KLRC1","MHC-I","Cell-Cell Contact","PMID: 24223577","PBMC_Late"
"Gamma Delta V2 T","CX3CR1+ NK","HLA-E","KLRC1",0.103735252526483,0,"HLA-E_KLRC1","HLA-E - KLRC1","MHC-I","Cell-Cell Contact","PMID: 24223577","PBMC_Late"
"HSC_MPP","CX3CR1+ NK","HLA-E","KLRC1",0.056024227904871,0,"HLA-E_KLRC1","HLA-E - KLRC1","MHC-I","Cell-Cell Contact","PMID: 24223577","PBMC_Late"
"ILC2/3","CX3CR1+ NK","HLA-E","KLRC1",0.0841938107105389,0,"HLA-E_KLRC1","HLA-E - KLRC1","MHC-I","Cell-Cell Contact","PMID: 24223577","PBMC_Late"
"Megakaryocytes","CX3CR1+ NK","HLA-E","KLRC1",0.144302085205688,0,"HLA-E_KLRC1","HLA-E - KLRC1","MHC-I","Cell-Cell Contact","PMID: 24223577","PBMC_Late"
"MEMP","CX3CR1+ NK","HLA-E","KLRC1",0.0329597140973057,0,"HLA-E_KLRC1","HLA-E - KLRC1","MHC-I","Cell-Cell Contact","PMID: 24223577","PBMC_Late"
"MEP","CX3CR1+ NK","HLA-E","KLRC1",0.0419635988607465,0,"HLA-E_KLRC1","HLA-E - KLRC1","MHC-I","Cell-Cell Contact","PMID: 24223577","PBMC_Late"
"Myeloid-CD177","CX3CR1+ NK","HLA-E","KLRC1",0.0245541946105724,0,"HLA-E_KLRC1","HLA-E - KLRC1","MHC-I","Cell-Cell Contact","PMID: 24223577","PBMC_Late"
"Naïve CD4 T","CX3CR1+ NK","HLA-E","KLRC1",0.101654583637241,0,"HLA-E_KLRC1","HLA-E - KLRC1","MHC-I","Cell-Cell Contact","PMID: 24223577","PBMC_Late"
"Naïve CD8 T","CX3CR1+ NK","HLA-E","KLRC1",0.101581843677759,0,"HLA-E_KLRC1","HLA-E - KLRC1","MHC-I","Cell-Cell Contact","PMID: 24223577","PBMC_Late"
"NK T","CX3CR1+ NK","HLA-E","KLRC1",0.111316592937948,0,"HLA-E_KLRC1","HLA-E - KLRC1","MHC-I","Cell-Cell Contact","PMID: 24223577","PBMC_Late"
"pDC","CX3CR1+ NK","HLA-E","KLRC1",0.0567136017984338,0,"HLA-E_KLRC1","HLA-E - KLRC1","MHC-I","Cell-Cell Contact","PMID: 24223577","PBMC_Late"
"Pro-B","CX3CR1+ NK","HLA-E","KLRC1",0.035577028095247,0,"HLA-E_KLRC1","HLA-E - KLRC1","MHC-I","Cell-Cell Contact","PMID: 24223577","PBMC_Late"
"Tem","CX3CR1+ NK","HLA-E","KLRC1",0.104827110190131,0,"HLA-E_KLRC1","HLA-E - KLRC1","MHC-I","Cell-Cell Contact","PMID: 24223577","PBMC_Late"
"Th17like_INNATE_T","CX3CR1+ NK","HLA-E","KLRC1",0.109898911128124,0,"HLA-E_KLRC1","HLA-E - KLRC1","MHC-I","Cell-Cell Contact","PMID: 24223577","PBMC_Late"
"Treg","CX3CR1+ NK","HLA-E","KLRC1",0.10539200268339,0,"HLA-E_KLRC1","HLA-E - KLRC1","MHC-I","Cell-Cell Contact","PMID: 24223577","PBMC_Late"
"abTentry","CXCR6+ NK","HLA-E","KLRC1",0.0671730591959641,0,"HLA-E_KLRC1","HLA-E - KLRC1","MHC-I","Cell-Cell Contact","PMID: 24223577","PBMC_Late"
"CD14+PPBP+ Monocytes","CXCR6+ NK","HLA-E","KLRC1",0.103878723172454,0,"HLA-E_KLRC1","HLA-E - KLRC1","MHC-I","Cell-Cell Contact","PMID: 24223577","PBMC_Late"
"CD56highCD16low NK","CXCR6+ NK","HLA-E","KLRC1",0.0286222766413064,0,"HLA-E_KLRC1","HLA-E - KLRC1","MHC-I","Cell-Cell Contact","PMID: 24223577","PBMC_Late"
"Classical Monocytes","CXCR6+ NK","HLA-E","KLRC1",0.0691669871723943,0,"HLA-E_KLRC1","HLA-E - KLRC1","MHC-I","Cell-Cell Contact","PMID: 24223577","PBMC_Late"
"CX3CR1+ NK","CXCR6+ NK","HLA-E","KLRC1",0.107916215291736,0,"HLA-E_KLRC1","HLA-E - KLRC1","MHC-I","Cell-Cell Contact","PMID: 24223577","PBMC_Late"
"CXCR5- Naïve B","CXCR6+ NK","HLA-E","KLRC1",0.0834779869644534,0,"HLA-E_KLRC1","HLA-E - KLRC1","MHC-I","Cell-Cell Contact","PMID: 24223577","PBMC_Late"
"CXCR5+ Naïve B","CXCR6+ NK","HLA-E","KLRC1",0.0786037524121951,0,"HLA-E_KLRC1","HLA-E - KLRC1","MHC-I","Cell-Cell Contact","PMID: 24223577","PBMC_Late"
"CXCR6+ NK","CXCR6+ NK","HLA-E","KLRC1",0.0944564278613974,0,"HLA-E_KLRC1","HLA-E - KLRC1","MHC-I","Cell-Cell Contact","PMID: 24223577","PBMC_Late"
"DC2","CXCR6+ NK","HLA-E","KLRC1",0.0588533802497831,0,"HLA-E_KLRC1","HLA-E - KLRC1","MHC-I","Cell-Cell Contact","PMID: 24223577","PBMC_Late"
"Gamma Delta V1 T","CXCR6+ NK","HLA-E","KLRC1",0.0946626655066996,0,"HLA-E_KLRC1","HLA-E - KLRC1","MHC-I","Cell-Cell Contact","PMID: 24223577","PBMC_Late"
"Gamma Delta V2 T","CXCR6+ NK","HLA-E","KLRC1",0.0963063376073204,0,"HLA-E_KLRC1","HLA-E - KLRC1","MHC-I","Cell-Cell Contact","PMID: 24223577","PBMC_Late"
"HSC_MPP","CXCR6+ NK","HLA-E","KLRC1",0.0518145687101387,0,"HLA-E_KLRC1","HLA-E - KLRC1","MHC-I","Cell-Cell Contact","PMID: 24223577","PBMC_Late"
"ILC2/3","CXCR6+ NK","HLA-E","KLRC1",0.0780424831264152,0,"HLA-E_KLRC1","HLA-E - KLRC1","MHC-I","Cell-Cell Contact","PMID: 24223577","PBMC_Late"
"Megakaryocytes","CXCR6+ NK","HLA-E","KLRC1",0.134403667103418,0,"HLA-E_KLRC1","HLA-E - KLRC1","MHC-I","Cell-Cell Contact","PMID: 24223577","PBMC_Late"
"MEMP","CXCR6+ NK","HLA-E","KLRC1",0.0304272598262308,0,"HLA-E_KLRC1","HLA-E - KLRC1","MHC-I","Cell-Cell Contact","PMID: 24223577","PBMC_Late"
"MEP","CXCR6+ NK","HLA-E","KLRC1",0.0387670661829552,0,"HLA-E_KLRC1","HLA-E - KLRC1","MHC-I","Cell-Cell Contact","PMID: 24223577","PBMC_Late"
"Myeloid-CD177","CXCR6+ NK","HLA-E","KLRC1",0.0226524486506231,0,"HLA-E_KLRC1","HLA-E - KLRC1","MHC-I","Cell-Cell Contact","PMID: 24223577","PBMC_Late"
"Naïve CD4 T","CXCR6+ NK","HLA-E","KLRC1",0.0943589867850834,0,"HLA-E_KLRC1","HLA-E - KLRC1","MHC-I","Cell-Cell Contact","PMID: 24223577","PBMC_Late"
"Naïve CD8 T","CXCR6+ NK","HLA-E","KLRC1",0.094290919322752,0,"HLA-E_KLRC1","HLA-E - KLRC1","MHC-I","Cell-Cell Contact","PMID: 24223577","PBMC_Late"
"NK T","CXCR6+ NK","HLA-E","KLRC1",0.103407387779698,0,"HLA-E_KLRC1","HLA-E - KLRC1","MHC-I","Cell-Cell Contact","PMID: 24223577","PBMC_Late"
"pDC","CXCR6+ NK","HLA-E","KLRC1",0.0524550214716128,0,"HLA-E_KLRC1","HLA-E - KLRC1","MHC-I","Cell-Cell Contact","PMID: 24223577","PBMC_Late"
"Pro-B","CXCR6+ NK","HLA-E","KLRC1",0.0328503043150433,0,"HLA-E_KLRC1","HLA-E - KLRC1","MHC-I","Cell-Cell Contact","PMID: 24223577","PBMC_Late"
"Tem","CXCR6+ NK","HLA-E","KLRC1",0.0973284939744249,0,"HLA-E_KLRC1","HLA-E - KLRC1","MHC-I","Cell-Cell Contact","PMID: 24223577","PBMC_Late"
"Th17like_INNATE_T","CXCR6+ NK","HLA-E","KLRC1",0.102078864126642,0,"HLA-E_KLRC1","HLA-E - KLRC1","MHC-I","Cell-Cell Contact","PMID: 24223577","PBMC_Late"
"Treg","CXCR6+ NK","HLA-E","KLRC1",0.0978573952450994,0,"HLA-E_KLRC1","HLA-E - KLRC1","MHC-I","Cell-Cell Contact","PMID: 24223577","PBMC_Late"
"abTentry","ILC2/3","HLA-E","KLRC1",0.0238805301965376,0,"HLA-E_KLRC1","HLA-E - KLRC1","MHC-I","Cell-Cell Contact","PMID: 24223577","PBMC_Late"
"CD14+PPBP+ Monocytes","ILC2/3","HLA-E","KLRC1",0.0378905774759538,0,"HLA-E_KLRC1","HLA-E - KLRC1","MHC-I","Cell-Cell Contact","PMID: 24223577","PBMC_Late"
"CD56highCD16low NK","ILC2/3","HLA-E","KLRC1",0.00991144596615956,0,"HLA-E_KLRC1","HLA-E - KLRC1","MHC-I","Cell-Cell Contact","PMID: 24223577","PBMC_Late"
"Classical Monocytes","ILC2/3","HLA-E","KLRC1",0.0246233079707819,0,"HLA-E_KLRC1","HLA-E - KLRC1","MHC-I","Cell-Cell Contact","PMID: 24223577","PBMC_Late"
"CX3CR1+ NK","ILC2/3","HLA-E","KLRC1",0.0394762692117267,0,"HLA-E_KLRC1","HLA-E - KLRC1","MHC-I","Cell-Cell Contact","PMID: 24223577","PBMC_Late"
"CXCR5- Naïve B","ILC2/3","HLA-E","KLRC1",0.0300151796904837,0,"HLA-E_KLRC1","HLA-E - KLRC1","MHC-I","Cell-Cell Contact","PMID: 24223577","PBMC_Late"
"CXCR5+ Naïve B","ILC2/3","HLA-E","KLRC1",0.0281666741680037,0,"HLA-E_KLRC1","HLA-E - KLRC1","MHC-I","Cell-Cell Contact","PMID: 24223577","PBMC_Late"
"CXCR6+ NK","ILC2/3","HLA-E","KLRC1",0.0342251225371429,0,"HLA-E_KLRC1","HLA-E - KLRC1","MHC-I","Cell-Cell Contact","PMID: 24223577","PBMC_Late"
"DC2","ILC2/3","HLA-E","KLRC1",0.0208032426123631,0,"HLA-E_KLRC1","HLA-E - KLRC1","MHC-I","Cell-Cell Contact","PMID: 24223577","PBMC_Late"
"Gamma Delta V1 T","ILC2/3","HLA-E","KLRC1",0.0343048322168013,0,"HLA-E_KLRC1","HLA-E - KLRC1","MHC-I","Cell-Cell Contact","PMID: 24223577","PBMC_Late"
"Gamma Delta V2 T","ILC2/3","HLA-E","KLRC1",0.0349409307788392,0,"HLA-E_KLRC1","HLA-E - KLRC1","MHC-I","Cell-Cell Contact","PMID: 24223577","PBMC_Late"
"HSC_MPP","ILC2/3","HLA-E","KLRC1",0.0182270594376876,0,"HLA-E_KLRC1","HLA-E - KLRC1","MHC-I","Cell-Cell Contact","PMID: 24223577","PBMC_Late"
"ILC2/3","ILC2/3","HLA-E","KLRC1",0.02795462371861,0,"HLA-E_KLRC1","HLA-E - KLRC1","MHC-I","Cell-Cell Contact","PMID: 24223577","PBMC_Late"
"Megakaryocytes","ILC2/3","HLA-E","KLRC1",0.0501090756059407,0,"HLA-E_KLRC1","HLA-E - KLRC1","MHC-I","Cell-Cell Contact","PMID: 24223577","PBMC_Late"
"MEMP","ILC2/3","HLA-E","KLRC1",0.01054929773987,0,"HLA-E_KLRC1","HLA-E - KLRC1","MHC-I","Cell-Cell Contact","PMID: 24223577","PBMC_Late"
"MEP","ILC2/3","HLA-E","KLRC1",0.0135167091681668,0,"HLA-E_KLRC1","HLA-E - KLRC1","MHC-I","Cell-Cell Contact","PMID: 24223577","PBMC_Late"
"Myeloid-CD177","ILC2/3","HLA-E","KLRC1",0.00781279965837272,0,"HLA-E_KLRC1","HLA-E - KLRC1","MHC-I","Cell-Cell Contact","PMID: 24223577","PBMC_Late"
"Naïve CD4 T","ILC2/3","HLA-E","KLRC1",0.0341874701669347,0,"HLA-E_KLRC1","HLA-E - KLRC1","MHC-I","Cell-Cell Contact","PMID: 24223577","PBMC_Late"
"Naïve CD8 T","ILC2/3","HLA-E","KLRC1",0.0341611711693903,0,"HLA-E_KLRC1","HLA-E - KLRC1","MHC-I","Cell-Cell Contact","PMID: 24223577","PBMC_Late"
"NK T","ILC2/3","HLA-E","KLRC1",0.0377060558510282,0,"HLA-E_KLRC1","HLA-E - KLRC1","MHC-I","Cell-Cell Contact","PMID: 24223577","PBMC_Late"
"pDC","ILC2/3","HLA-E","KLRC1",0.0184604373763854,0,"HLA-E_KLRC1","HLA-E - KLRC1","MHC-I","Cell-Cell Contact","PMID: 24223577","PBMC_Late"
"Pro-B","ILC2/3","HLA-E","KLRC1",0.0114080056918907,0,"HLA-E_KLRC1","HLA-E - KLRC1","MHC-I","Cell-Cell Contact","PMID: 24223577","PBMC_Late"
"Tem","ILC2/3","HLA-E","KLRC1",0.0353372477923916,0,"HLA-E_KLRC1","HLA-E - KLRC1","MHC-I","Cell-Cell Contact","PMID: 24223577","PBMC_Late"
"Th17like_INNATE_T","ILC2/3","HLA-E","KLRC1",0.0371866190047219,0,"HLA-E_KLRC1","HLA-E - KLRC1","MHC-I","Cell-Cell Contact","PMID: 24223577","PBMC_Late"
"Treg","ILC2/3","HLA-E","KLRC1",0.0355425412984035,0,"HLA-E_KLRC1","HLA-E - KLRC1","MHC-I","Cell-Cell Contact","PMID: 24223577","PBMC_Late"
"abTentry","CX3CR1+ NK","HLA-E","KLRC2",0.023365319092798,0,"HLA-E_KLRC2","HLA-E - KLRC2","MHC-I","Cell-Cell Contact","PMID: 26697006","PBMC_Late"
"CD14+PPBP+ Monocytes","CX3CR1+ NK","HLA-E","KLRC2",0.0370845896749871,0,"HLA-E_KLRC2","HLA-E - KLRC2","MHC-I","Cell-Cell Contact","PMID: 26697006","PBMC_Late"
"CD56highCD16low NK","CX3CR1+ NK","HLA-E","KLRC2",0.0096946180159541,0,"HLA-E_KLRC2","HLA-E - KLRC2","MHC-I","Cell-Cell Contact","PMID: 26697006","PBMC_Late"
"Classical Monocytes","CX3CR1+ NK","HLA-E","KLRC2",0.0240924673182442,0,"HLA-E_KLRC2","HLA-E - KLRC2","MHC-I","Cell-Cell Contact","PMID: 26697006","PBMC_Late"
"CX3CR1+ NK","CX3CR1+ NK","HLA-E","KLRC2",0.0386379060181473,0,"HLA-E_KLRC2","HLA-E - KLRC2","MHC-I","Cell-Cell Contact","PMID: 26697006","PBMC_Late"
"CXCR5- Naïve B","CX3CR1+ NK","HLA-E","KLRC2",0.0293715989342854,0,"HLA-E_KLRC2","HLA-E - KLRC2","MHC-I","Cell-Cell Contact","PMID: 26697006","PBMC_Late"
"CXCR5+ Naïve B","CX3CR1+ NK","HLA-E","KLRC2",0.027561602558332,0,"HLA-E_KLRC2","HLA-E - KLRC2","MHC-I","Cell-Cell Contact","PMID: 26697006","PBMC_Late"
"CXCR6+ NK","CX3CR1+ NK","HLA-E","KLRC2",0.0334943899113642,0,"HLA-E_KLRC2","HLA-E - KLRC2","MHC-I","Cell-Cell Contact","PMID: 26697006","PBMC_Late"
"DC2","CX3CR1+ NK","HLA-E","KLRC2",0.0203530382103979,0,"HLA-E_KLRC2","HLA-E - KLRC2","MHC-I","Cell-Cell Contact","PMID: 26697006","PBMC_Late"
"Gamma Delta V1 T","CX3CR1+ NK","HLA-E","KLRC2",0.0335724568886949,0,"HLA-E_KLRC2","HLA-E - KLRC2","MHC-I","Cell-Cell Contact","PMID: 26697006","PBMC_Late"
"Gamma Delta V2 T","CX3CR1+ NK","HLA-E","KLRC2",0.0341954562292186,0,"HLA-E_KLRC2","HLA-E - KLRC2","MHC-I","Cell-Cell Contact","PMID: 26697006","PBMC_Late"
"HSC_MPP","CX3CR1+ NK","HLA-E","KLRC2",0.0178315911366955,0,"HLA-E_KLRC2","HLA-E - KLRC2","MHC-I","Cell-Cell Contact","PMID: 26697006","PBMC_Late"
"ILC2/3","CX3CR1+ NK","HLA-E","KLRC2",0.0273539791248317,0,"HLA-E_KLRC2","HLA-E - KLRC2","MHC-I","Cell-Cell Contact","PMID: 26697006","PBMC_Late"
"Megakaryocytes","CX3CR1+ NK","HLA-E","KLRC2",0.0490564347010691,0,"HLA-E_KLRC2","HLA-E - KLRC2","MHC-I","Cell-Cell Contact","PMID: 26697006","PBMC_Late"
"MEMP","CX3CR1+ NK","HLA-E","KLRC2",0.0103186612400681,0,"HLA-E_KLRC2","HLA-E - KLRC2","MHC-I","Cell-Cell Contact","PMID: 26697006","PBMC_Late"
"MEP","CX3CR1+ NK","HLA-E","KLRC2",0.0132220638755977,0,"HLA-E_KLRC2","HLA-E - KLRC2","MHC-I","Cell-Cell Contact","PMID: 26697006","PBMC_Late"
"Myeloid-CD177","CX3CR1+ NK","HLA-E","KLRC2",0.00764152844413754,0,"HLA-E_KLRC2","HLA-E - KLRC2","MHC-I","Cell-Cell Contact","PMID: 26697006","PBMC_Late"
"Naïve CD4 T","CX3CR1+ NK","HLA-E","KLRC2",0.0334575135982539,0,"HLA-E_KLRC2","HLA-E - KLRC2","MHC-I","Cell-Cell Contact","PMID: 26697006","PBMC_Late"
"Naïve CD8 T","CX3CR1+ NK","HLA-E","KLRC2",0.0334317566886236,0,"HLA-E_KLRC2","HLA-E - KLRC2","MHC-I","Cell-Cell Contact","PMID: 26697006","PBMC_Late"
"NK T","CX3CR1+ NK","HLA-E","KLRC2",0.0369038425401576,0,"HLA-E_KLRC2","HLA-E - KLRC2","MHC-I","Cell-Cell Contact","PMID: 26697006","PBMC_Late"
"pDC","CX3CR1+ NK","HLA-E","KLRC2",0.0180599986735556,0,"HLA-E_KLRC2","HLA-E - KLRC2","MHC-I","Cell-Cell Contact","PMID: 26697006","PBMC_Late"
"Pro-B","CX3CR1+ NK","HLA-E","KLRC2",0.0111588072134872,0,"HLA-E_KLRC2","HLA-E - KLRC2","MHC-I","Cell-Cell Contact","PMID: 26697006","PBMC_Late"
"Tem","CX3CR1+ NK","HLA-E","KLRC2",0.0345836207186949,0,"HLA-E_KLRC2","HLA-E - KLRC2","MHC-I","Cell-Cell Contact","PMID: 26697006","PBMC_Late"
"Th17like_INNATE_T","CX3CR1+ NK","HLA-E","KLRC2",0.0363950389757668,0,"HLA-E_KLRC2","HLA-E - KLRC2","MHC-I","Cell-Cell Contact","PMID: 26697006","PBMC_Late"
"Treg","CX3CR1+ NK","HLA-E","KLRC2",0.0347846938649611,0,"HLA-E_KLRC2","HLA-E - KLRC2","MHC-I","Cell-Cell Contact","PMID: 26697006","PBMC_Late"
"abTentry","CXCR6+ NK","HLA-E","KLRC2",0.0477440694901229,0,"HLA-E_KLRC2","HLA-E - KLRC2","MHC-I","Cell-Cell Contact","PMID: 26697006","PBMC_Late"
"CD14+PPBP+ Monocytes","CXCR6+ NK","HLA-E","KLRC2",0.074683047786562,0,"HLA-E_KLRC2","HLA-E - KLRC2","MHC-I","Cell-Cell Contact","PMID: 26697006","PBMC_Late"
"CD56highCD16low NK","CXCR6+ NK","HLA-E","KLRC2",0.0201033307232989,0,"HLA-E_KLRC2","HLA-E - KLRC2","MHC-I","Cell-Cell Contact","PMID: 26697006","PBMC_Late"
"Classical Monocytes","CXCR6+ NK","HLA-E","KLRC2",0.0491916907880055,0,"HLA-E_KLRC2","HLA-E - KLRC2","MHC-I","Cell-Cell Contact","PMID: 26697006","PBMC_Late"
"CX3CR1+ NK","CXCR6+ NK","HLA-E","KLRC2",0.0776841524617395,0,"HLA-E_KLRC2","HLA-E - KLRC2","MHC-I","Cell-Cell Contact","PMID: 26697006","PBMC_Late"
"CXCR5- Naïve B","CXCR6+ NK","HLA-E","KLRC2",0.0596344835972318,0,"HLA-E_KLRC2","HLA-E - KLRC2","MHC-I","Cell-Cell Contact","PMID: 26697006","PBMC_Late"
"CXCR5+ Naïve B","CXCR6+ NK","HLA-E","KLRC2",0.0560672913524958,0,"HLA-E_KLRC2","HLA-E - KLRC2","MHC-I","Cell-Cell Contact","PMID: 26697006","PBMC_Late"
"CXCR6+ NK","CXCR6+ NK","HLA-E","KLRC2",0.0677088485182172,0,"HLA-E_KLRC2","HLA-E - KLRC2","MHC-I","Cell-Cell Contact","PMID: 26697006","PBMC_Late"
"DC2","CXCR6+ NK","HLA-E","KLRC2",0.0417231253987125,0,"HLA-E_KLRC2","HLA-E - KLRC2","MHC-I","Cell-Cell Contact","PMID: 26697006","PBMC_Late"
"Gamma Delta V1 T","CXCR6+ NK","HLA-E","KLRC2",0.0678610616326225,0,"HLA-E_KLRC2","HLA-E - KLRC2","MHC-I","Cell-Cell Contact","PMID: 26697006","PBMC_Late"
"Gamma Delta V2 T","CXCR6+ NK","HLA-E","KLRC2",0.0690748713803659,0,"HLA-E_KLRC2","HLA-E - KLRC2","MHC-I","Cell-Cell Contact","PMID: 26697006","PBMC_Late"
"HSC_MPP","CXCR6+ NK","HLA-E","KLRC2",0.0366532871859278,0,"HLA-E_KLRC2","HLA-E - KLRC2","MHC-I","Cell-Cell Contact","PMID: 26697006","PBMC_Late"
"ILC2/3","CXCR6+ NK","HLA-E","KLRC2",0.0556572229305437,0,"HLA-E_KLRC2","HLA-E - KLRC2","MHC-I","Cell-Cell Contact","PMID: 26697006","PBMC_Late"
"Megakaryocytes","CXCR6+ NK","HLA-E","KLRC2",0.0975628292766287,0,"HLA-E_KLRC2","HLA-E - KLRC2","MHC-I","Cell-Cell Contact","PMID: 26697006","PBMC_Late"
"MEMP","CXCR6+ NK","HLA-E","KLRC2",0.0213829164852528,0,"HLA-E_KLRC2","HLA-E - KLRC2","MHC-I","Cell-Cell Contact","PMID: 26697006","PBMC_Late"
"MEP","CXCR6+ NK","HLA-E","KLRC2",0.0273135934305118,0,"HLA-E_KLRC2","HLA-E - KLRC2","MHC-I","Cell-Cell Contact","PMID: 26697006","PBMC_Late"
"Myeloid-CD177","CXCR6+ NK","HLA-E","KLRC2",0.0158812733840456,0,"HLA-E_KLRC2","HLA-E - KLRC2","MHC-I","Cell-Cell Contact","PMID: 26697006","PBMC_Late"
"Naïve CD4 T","CXCR6+ NK","HLA-E","KLRC2",0.0676369392349568,0,"HLA-E_KLRC2","HLA-E - KLRC2","MHC-I","Cell-Cell Contact","PMID: 26697006","PBMC_Late"
"Naïve CD8 T","CXCR6+ NK","HLA-E","KLRC2",0.0675867096059671,0,"HLA-E_KLRC2","HLA-E - KLRC2","MHC-I","Cell-Cell Contact","PMID: 26697006","PBMC_Late"
"NK T","CXCR6+ NK","HLA-E","KLRC2",0.0743331952586756,0,"HLA-E_KLRC2","HLA-E - KLRC2","MHC-I","Cell-Cell Contact","PMID: 26697006","PBMC_Late"
"pDC","CXCR6+ NK","HLA-E","KLRC2",0.0371136744800147,0,"HLA-E_KLRC2","HLA-E - KLRC2","MHC-I","Cell-Cell Contact","PMID: 26697006","PBMC_Late"
"Pro-B","CXCR6+ NK","HLA-E","KLRC2",0.0231028854565141,0,"HLA-E_KLRC2","HLA-E - KLRC2","MHC-I","Cell-Cell Contact","PMID: 26697006","PBMC_Late"
"Tem","CXCR6+ NK","HLA-E","KLRC2",0.0698303375009231,0,"HLA-E_KLRC2","HLA-E - KLRC2","MHC-I","Cell-Cell Contact","PMID: 26697006","PBMC_Late"
"Th17like_INNATE_T","CXCR6+ NK","HLA-E","KLRC2",0.0733476441176613,0,"HLA-E_KLRC2","HLA-E - KLRC2","MHC-I","Cell-Cell Contact","PMID: 26697006","PBMC_Late"
"Treg","CXCR6+ NK","HLA-E","KLRC2",0.0702214332408774,0,"HLA-E_KLRC2","HLA-E - KLRC2","MHC-I","Cell-Cell Contact","PMID: 26697006","PBMC_Late"
"abTentry","Gamma Delta V1 T","HLA-E","KLRC2",0.0116018464096115,0,"HLA-E_KLRC2","HLA-E - KLRC2","MHC-I","Cell-Cell Contact","PMID: 26697006","PBMC_Late"
"CD14+PPBP+ Monocytes","Gamma Delta V1 T","HLA-E","KLRC2",0.0185451889031563,0,"HLA-E_KLRC2","HLA-E - KLRC2","MHC-I","Cell-Cell Contact","PMID: 26697006","PBMC_Late"
"CD56highCD16low NK","Gamma Delta V1 T","HLA-E","KLRC2",0.00478009171850427,0,"HLA-E_KLRC2","HLA-E - KLRC2","MHC-I","Cell-Cell Contact","PMID: 26697006","PBMC_Late"
"Classical Monocytes","Gamma Delta V1 T","HLA-E","KLRC2",0.0119673914970752,0,"HLA-E_KLRC2","HLA-E - KLRC2","MHC-I","Cell-Cell Contact","PMID: 26697006","PBMC_Late"
"CX3CR1+ NK","Gamma Delta V1 T","HLA-E","KLRC2",0.019337562948392,0,"HLA-E_KLRC2","HLA-E - KLRC2","MHC-I","Cell-Cell Contact","PMID: 26697006","PBMC_Late"
"CXCR5- Naïve B","Gamma Delta V1 T","HLA-E","KLRC2",0.0146295092835289,0,"HLA-E_KLRC2","HLA-E - KLRC2","MHC-I","Cell-Cell Contact","PMID: 26697006","PBMC_Late"
"CXCR5+ Naïve B","Gamma Delta V1 T","HLA-E","KLRC2",0.0137151431314031,0,"HLA-E_KLRC2","HLA-E - KLRC2","MHC-I","Cell-Cell Contact","PMID: 26697006","PBMC_Late"
"CXCR6+ NK","Gamma Delta V1 T","HLA-E","KLRC2",0.0167186462354473,0,"HLA-E_KLRC2","HLA-E - KLRC2","MHC-I","Cell-Cell Contact","PMID: 26697006","PBMC_Late"
"DC2","Gamma Delta V1 T","HLA-E","KLRC2",0.0100904556016741,0,"HLA-E_KLRC2","HLA-E - KLRC2","MHC-I","Cell-Cell Contact","PMID: 26697006","PBMC_Late"
"Gamma Delta V1 T","Gamma Delta V1 T","HLA-E","KLRC2",0.0167582911416768,0,"HLA-E_KLRC2","HLA-E - KLRC2","MHC-I","Cell-Cell Contact","PMID: 26697006","PBMC_Late"
"Gamma Delta V2 T","Gamma Delta V1 T","HLA-E","KLRC2",0.0170747851008133,0,"HLA-E_KLRC2","HLA-E - KLRC2","MHC-I","Cell-Cell Contact","PMID: 26697006","PBMC_Late"
"HSC_MPP","Gamma Delta V1 T","HLA-E","KLRC2",0.00882893589759264,0,"HLA-E_KLRC2","HLA-E - KLRC2","MHC-I","Cell-Cell Contact","PMID: 26697006","PBMC_Late"
"ILC2/3","Gamma Delta V1 T","HLA-E","KLRC2",0.0136103661379585,0,"HLA-E_KLRC2","HLA-E - KLRC2","MHC-I","Cell-Cell Contact","PMID: 26697006","PBMC_Late"
"Megakaryocytes","Gamma Delta V1 T","HLA-E","KLRC2",0.0246854779617919,0,"HLA-E_KLRC2","HLA-E - KLRC2","MHC-I","Cell-Cell Contact","PMID: 26697006","PBMC_Late"
"MEMP","Gamma Delta V1 T","HLA-E","KLRC2",0.00508941233786387,0,"HLA-E_KLRC2","HLA-E - KLRC2","MHC-I","Cell-Cell Contact","PMID: 26697006","PBMC_Late"
"MEP","Gamma Delta V1 T","HLA-E","KLRC2",0.0065311504333138,0,"HLA-E_KLRC2","HLA-E - KLRC2","MHC-I","Cell-Cell Contact","PMID: 26697006","PBMC_Late"
"Myeloid-CD177","Gamma Delta V1 T","HLA-E","KLRC2",0.003763826293122,0,"HLA-E_KLRC2","HLA-E - KLRC2","MHC-I","Cell-Cell Contact","PMID: 26697006","PBMC_Late"
"Naïve CD4 T","Gamma Delta V1 T","HLA-E","KLRC2",0.0166999203804712,0,"HLA-E_KLRC2","HLA-E - KLRC2","MHC-I","Cell-Cell Contact","PMID: 26697006","PBMC_Late"
"Naïve CD8 T","Gamma Delta V1 T","HLA-E","KLRC2",0.0166868414021387,0,"HLA-E_KLRC2","HLA-E - KLRC2","MHC-I","Cell-Cell Contact","PMID: 26697006","PBMC_Late"
"NK T","Gamma Delta V1 T","HLA-E","KLRC2",0.0184530696042275,0,"HLA-E_KLRC2","HLA-E - KLRC2","MHC-I","Cell-Cell Contact","PMID: 26697006","PBMC_Late"
"pDC","Gamma Delta V1 T","HLA-E","KLRC2",0.00894307707386009,0,"HLA-E_KLRC2","HLA-E - KLRC2","MHC-I","Cell-Cell Contact","PMID: 26697006","PBMC_Late"
"Pro-B","Gamma Delta V1 T","HLA-E","KLRC2",0.0055061613516001,0,"HLA-E_KLRC2","HLA-E - KLRC2","MHC-I","Cell-Cell Contact","PMID: 26697006","PBMC_Late"
"Tem","Gamma Delta V1 T","HLA-E","KLRC2",0.0172720824622616,0,"HLA-E_KLRC2","HLA-E - KLRC2","MHC-I","Cell-Cell Contact","PMID: 26697006","PBMC_Late"
"Th17like_INNATE_T","Gamma Delta V1 T","HLA-E","KLRC2",0.018193846385477,0,"HLA-E_KLRC2","HLA-E - KLRC2","MHC-I","Cell-Cell Contact","PMID: 26697006","PBMC_Late"
"Treg","Gamma Delta V1 T","HLA-E","KLRC2",0.0173743157266114,0,"HLA-E_KLRC2","HLA-E - KLRC2","MHC-I","Cell-Cell Contact","PMID: 26697006","PBMC_Late"
"abTentry","Gamma Delta V2 T","HLA-E","KLRC2",0.00961125477341809,0,"HLA-E_KLRC2","HLA-E - KLRC2","MHC-I","Cell-Cell Contact","PMID: 26697006","PBMC_Late"
"CD14+PPBP+ Monocytes","Gamma Delta V2 T","HLA-E","KLRC2",0.0153818299561593,0,"HLA-E_KLRC2","HLA-E - KLRC2","MHC-I","Cell-Cell Contact","PMID: 26697006","PBMC_Late"
"CD56highCD16low NK","Gamma Delta V2 T","HLA-E","KLRC2",0.00395526173023508,0,"HLA-E_KLRC2","HLA-E - KLRC2","MHC-I","Cell-Cell Contact","PMID: 26697006","PBMC_Late"
"Classical Monocytes","Gamma Delta V2 T","HLA-E","KLRC2",0.00991471044545571,0,"HLA-E_KLRC2","HLA-E - KLRC2","MHC-I","Cell-Cell Contact","PMID: 26697006","PBMC_Late"
"CX3CR1+ NK","Gamma Delta V2 T","HLA-E","KLRC2",0.016041253328579,0,"HLA-E_KLRC2","HLA-E - KLRC2","MHC-I","Cell-Cell Contact","PMID: 26697006","PBMC_Late"
"CXCR5- Naïve B","Gamma Delta V2 T","HLA-E","KLRC2",0.0121258180945542,0,"HLA-E_KLRC2","HLA-E - KLRC2","MHC-I","Cell-Cell Contact","PMID: 26697006","PBMC_Late"
"CXCR5+ Naïve B","Gamma Delta V2 T","HLA-E","KLRC2",0.0113661313470129,0,"HLA-E_KLRC2","HLA-E - KLRC2","MHC-I","Cell-Cell Contact","PMID: 26697006","PBMC_Late"
"CXCR6+ NK","Gamma Delta V2 T","HLA-E","KLRC2",0.0138624504698054,0,"HLA-E_KLRC2","HLA-E - KLRC2","MHC-I","Cell-Cell Contact","PMID: 26697006","PBMC_Late"
"DC2","Gamma Delta V2 T","HLA-E","KLRC2",0.0083569889224815,0,"HLA-E_KLRC2","HLA-E - KLRC2","MHC-I","Cell-Cell Contact","PMID: 26697006","PBMC_Late"
"Gamma Delta V1 T","Gamma Delta V2 T","HLA-E","KLRC2",0.0138954181947335,0,"HLA-E_KLRC2","HLA-E - KLRC2","MHC-I","Cell-Cell Contact","PMID: 26697006","PBMC_Late"
"Gamma Delta V2 T","Gamma Delta V2 T","HLA-E","KLRC2",0.0141586230411392,0,"HLA-E_KLRC2","HLA-E - KLRC2","MHC-I","Cell-Cell Contact","PMID: 26697006","PBMC_Late"
"HSC_MPP","Gamma Delta V2 T","HLA-E","KLRC2",0.00731058860317418,0,"HLA-E_KLRC2","HLA-E - KLRC2","MHC-I","Cell-Cell Contact","PMID: 26697006","PBMC_Late"
"ILC2/3","Gamma Delta V2 T","HLA-E","KLRC2",0.0112790944346666,0,"HLA-E_KLRC2","HLA-E - KLRC2","MHC-I","Cell-Cell Contact","PMID: 26697006","PBMC_Late"
"Megakaryocytes","Gamma Delta V2 T","HLA-E","KLRC2",0.0204966082603541,0,"HLA-E_KLRC2","HLA-E - KLRC2","MHC-I","Cell-Cell Contact","PMID: 26697006","PBMC_Late"
"MEMP","Gamma Delta V2 T","HLA-E","KLRC2",0.00421143331296054,0,"HLA-E_KLRC2","HLA-E - KLRC2","MHC-I","Cell-Cell Contact","PMID: 26697006","PBMC_Late"
"MEP","Gamma Delta V2 T","HLA-E","KLRC2",0.00540580727998639,0,"HLA-E_KLRC2","HLA-E - KLRC2","MHC-I","Cell-Cell Contact","PMID: 26697006","PBMC_Late"
"Myeloid-CD177","Gamma Delta V2 T","HLA-E","KLRC2",0.00311380958719649,0,"HLA-E_KLRC2","HLA-E - KLRC2","MHC-I","Cell-Cell Contact","PMID: 26697006","PBMC_Late"
"Naïve CD4 T","Gamma Delta V2 T","HLA-E","KLRC2",0.0138468786691945,0,"HLA-E_KLRC2","HLA-E - KLRC2","MHC-I","Cell-Cell Contact","PMID: 26697006","PBMC_Late"
"Naïve CD8 T","Gamma Delta V2 T","HLA-E","KLRC2",0.0138360026842191,0,"HLA-E_KLRC2","HLA-E - KLRC2","MHC-I","Cell-Cell Contact","PMID: 26697006","PBMC_Late"
"NK T","Gamma Delta V2 T","HLA-E","KLRC2",0.0153051789335467,0,"HLA-E_KLRC2","HLA-E - KLRC2","MHC-I","Cell-Cell Contact","PMID: 26697006","PBMC_Late"
"pDC","Gamma Delta V2 T","HLA-E","KLRC2",0.00740524712116295,0,"HLA-E_KLRC2","HLA-E - KLRC2","MHC-I","Cell-Cell Contact","PMID: 26697006","PBMC_Late"
"Pro-B","Gamma Delta V2 T","HLA-E","KLRC2",0.00455661785373294,0,"HLA-E_KLRC2","HLA-E - KLRC2","MHC-I","Cell-Cell Contact","PMID: 26697006","PBMC_Late"
"Tem","Gamma Delta V2 T","HLA-E","KLRC2",0.01432271545528,0,"HLA-E_KLRC2","HLA-E - KLRC2","MHC-I","Cell-Cell Contact","PMID: 26697006","PBMC_Late"
"Th17like_INNATE_T","Gamma Delta V2 T","HLA-E","KLRC2",0.0150894965325329,0,"HLA-E_KLRC2","HLA-E - KLRC2","MHC-I","Cell-Cell Contact","PMID: 26697006","PBMC_Late"
"Treg","Gamma Delta V2 T","HLA-E","KLRC2",0.0144077473896288,0,"HLA-E_KLRC2","HLA-E - KLRC2","MHC-I","Cell-Cell Contact","PMID: 26697006","PBMC_Late"
"abTentry","NK T","HLA-E","KLRC2",0.0648882390741715,0,"HLA-E_KLRC2","HLA-E - KLRC2","MHC-I","Cell-Cell Contact","PMID: 26697006","PBMC_Late"
"CD14+PPBP+ Monocytes","NK T","HLA-E","KLRC2",0.100479882145293,0,"HLA-E_KLRC2","HLA-E - KLRC2","MHC-I","Cell-Cell Contact","PMID: 26697006","PBMC_Late"
"CD56highCD16low NK","NK T","HLA-E","KLRC2",0.0276099094372289,0,"HLA-E_KLRC2","HLA-E - KLRC2","MHC-I","Cell-Cell Contact","PMID: 26697006","PBMC_Late"
"Classical Monocytes","NK T","HLA-E","KLRC2",0.0668192038138027,0,"HLA-E_KLRC2","HLA-E - KLRC2","MHC-I","Cell-Cell Contact","PMID: 26697006","PBMC_Late"
"CX3CR1+ NK","NK T","HLA-E","KLRC2",0.104400660762208,0,"HLA-E_KLRC2","HLA-E - KLRC2","MHC-I","Cell-Cell Contact","PMID: 26697006","PBMC_Late"
"CXCR5- Naïve B","NK T","HLA-E","KLRC2",0.0806865427476313,0,"HLA-E_KLRC2","HLA-E - KLRC2","MHC-I","Cell-Cell Contact","PMID: 26697006","PBMC_Late"
"CXCR5+ Naïve B","NK T","HLA-E","KLRC2",0.0759617903481552,0,"HLA-E_KLRC2","HLA-E - KLRC2","MHC-I","Cell-Cell Contact","PMID: 26697006","PBMC_Late"
"CXCR6+ NK","NK T","HLA-E","KLRC2",0.0913344562774714,0,"HLA-E_KLRC2","HLA-E - KLRC2","MHC-I","Cell-Cell Contact","PMID: 26697006","PBMC_Late"
"DC2","NK T","HLA-E","KLRC2",0.0568343037378834,0,"HLA-E_KLRC2","HLA-E - KLRC2","MHC-I","Cell-Cell Contact","PMID: 26697006","PBMC_Late"
"Gamma Delta V1 T","NK T","HLA-E","KLRC2",0.0915345663958604,0,"HLA-E_KLRC2","HLA-E - KLRC2","MHC-I","Cell-Cell Contact","PMID: 26697006","PBMC_Late"
"Gamma Delta V2 T","NK T","HLA-E","KLRC2",0.0931295110450338,0,"HLA-E_KLRC2","HLA-E - KLRC2","MHC-I","Cell-Cell Contact","PMID: 26697006","PBMC_Late"
"HSC_MPP","NK T","HLA-E","KLRC2",0.0500241367286059,0,"HLA-E_KLRC2","HLA-E - KLRC2","MHC-I","Cell-Cell Contact","PMID: 26697006","PBMC_Late"
"ILC2/3","NK T","HLA-E","KLRC2",0.0754178418410997,0,"HLA-E_KLRC2","HLA-E - KLRC2","MHC-I","Cell-Cell Contact","PMID: 26697006","PBMC_Late"
"Megakaryocytes","NK T","HLA-E","KLRC2",0.130151128242104,0,"HLA-E_KLRC2","HLA-E - KLRC2","MHC-I","Cell-Cell Contact","PMID: 26697006","PBMC_Late"
"MEMP","NK T","HLA-E","KLRC2",0.0293529797111791,0,"HLA-E_KLRC2","HLA-E - KLRC2","MHC-I","Cell-Cell Contact","PMID: 26697006","PBMC_Late"
"MEP","NK T","HLA-E","KLRC2",0.0374096976218003,0,"HLA-E_KLRC2","HLA-E - KLRC2","MHC-I","Cell-Cell Contact","PMID: 26697006","PBMC_Late"
"Myeloid-CD177","NK T","HLA-E","KLRC2",0.0218464848375968,0,"HLA-E_KLRC2","HLA-E - KLRC2","MHC-I","Cell-Cell Contact","PMID: 26697006","PBMC_Late"
"Naïve CD4 T","NK T","HLA-E","KLRC2",0.0912399113210446,0,"HLA-E_KLRC2","HLA-E - KLRC2","MHC-I","Cell-Cell Contact","PMID: 26697006","PBMC_Late"
"Naïve CD8 T","NK T","HLA-E","KLRC2",0.0911738673421864,0,"HLA-E_KLRC2","HLA-E - KLRC2","MHC-I","Cell-Cell Contact","PMID: 26697006","PBMC_Late"
"NK T","NK T","HLA-E","KLRC2",0.100022247195435,0,"HLA-E_KLRC2","HLA-E - KLRC2","MHC-I","Cell-Cell Contact","PMID: 26697006","PBMC_Late"
"pDC","NK T","HLA-E","KLRC2",0.0506436409171762,0,"HLA-E_KLRC2","HLA-E - KLRC2","MHC-I","Cell-Cell Contact","PMID: 26697006","PBMC_Late"
"Pro-B","NK T","HLA-E","KLRC2",0.0316932713967809,0,"HLA-E_KLRC2","HLA-E - KLRC2","MHC-I","Cell-Cell Contact","PMID: 26697006","PBMC_Late"
"Tem","NK T","HLA-E","KLRC2",0.094121461613266,0,"HLA-E_KLRC2","HLA-E - KLRC2","MHC-I","Cell-Cell Contact","PMID: 26697006","PBMC_Late"
"Th17like_INNATE_T","NK T","HLA-E","KLRC2",0.0987324248885687,0,"HLA-E_KLRC2","HLA-E - KLRC2","MHC-I","Cell-Cell Contact","PMID: 26697006","PBMC_Late"
"Treg","NK T","HLA-E","KLRC2",0.0946347623549258,0,"HLA-E_KLRC2","HLA-E - KLRC2","MHC-I","Cell-Cell Contact","PMID: 26697006","PBMC_Late"
"CD14+PPBP+ Monocytes","CD14+PPBP+ Monocytes","HLA-F","LILRB1",0.00347104608779979,0,"HLA-F_LILRB1","HLA-F - LILRB1","MHC-I","Cell-Cell Contact","PMID: 28484462","PBMC_Late"
"CD56highCD16low NK","CD14+PPBP+ Monocytes","HLA-F","LILRB1",0.00366375861876584,0,"HLA-F_LILRB1","HLA-F - LILRB1","MHC-I","Cell-Cell Contact","PMID: 28484462","PBMC_Late"
"Classical Monocytes","CD14+PPBP+ Monocytes","HLA-F","LILRB1",0.00161572594958752,0,"HLA-F_LILRB1","HLA-F - LILRB1","MHC-I","Cell-Cell Contact","PMID: 28484462","PBMC_Late"
"CX3CR1+ NK","CD14+PPBP+ Monocytes","HLA-F","LILRB1",0.00850800147852874,0,"HLA-F_LILRB1","HLA-F - LILRB1","MHC-I","Cell-Cell Contact","PMID: 28484462","PBMC_Late"
"CXCR5- Naïve B","CD14+PPBP+ Monocytes","HLA-F","LILRB1",0.00237227080640056,0,"HLA-F_LILRB1","HLA-F - LILRB1","MHC-I","Cell-Cell Contact","PMID: 28484462","PBMC_Late"
"CXCR5+ Naïve B","CD14+PPBP+ Monocytes","HLA-F","LILRB1",0.00211966736722456,0,"HLA-F_LILRB1","HLA-F - LILRB1","MHC-I","Cell-Cell Contact","PMID: 28484462","PBMC_Late"
"CXCR6+ NK","CD14+PPBP+ Monocytes","HLA-F","LILRB1",0.00589434846163477,0,"HLA-F_LILRB1","HLA-F - LILRB1","MHC-I","Cell-Cell Contact","PMID: 28484462","PBMC_Late"
"DC2","CD14+PPBP+ Monocytes","HLA-F","LILRB1",0.00129965959998652,0,"HLA-F_LILRB1","HLA-F - LILRB1","MHC-I","Cell-Cell Contact","PMID: 28484462","PBMC_Late"
"Gamma Delta V1 T","CD14+PPBP+ Monocytes","HLA-F","LILRB1",0.00268448333222965,0,"HLA-F_LILRB1","HLA-F - LILRB1","MHC-I","Cell-Cell Contact","PMID: 28484462","PBMC_Late"
"Gamma Delta V2 T","CD14+PPBP+ Monocytes","HLA-F","LILRB1",0.00283741270250232,0,"HLA-F_LILRB1","HLA-F - LILRB1","MHC-I","Cell-Cell Contact","PMID: 28484462","PBMC_Late"
"ILC2/3","CD14+PPBP+ Monocytes","HLA-F","LILRB1",0.0021872078199623,0,"HLA-F_LILRB1","HLA-F - LILRB1","MHC-I","Cell-Cell Contact","PMID: 28484462","PBMC_Late"
"Naïve CD4 T","CD14+PPBP+ Monocytes","HLA-F","LILRB1",0.00228263300170138,0,"HLA-F_LILRB1","HLA-F - LILRB1","MHC-I","Cell-Cell Contact","PMID: 28484462","PBMC_Late"
"Naïve CD8 T","CD14+PPBP+ Monocytes","HLA-F","LILRB1",0.00563612600297753,0,"HLA-F_LILRB1","HLA-F - LILRB1","MHC-I","Cell-Cell Contact","PMID: 28484462","PBMC_Late"
"NK T","CD14+PPBP+ Monocytes","HLA-F","LILRB1",0.00719040489131391,0,"HLA-F_LILRB1","HLA-F - LILRB1","MHC-I","Cell-Cell Contact","PMID: 28484462","PBMC_Late"
"Tem","CD14+PPBP+ Monocytes","HLA-F","LILRB1",0.00272711330191697,0,"HLA-F_LILRB1","HLA-F - LILRB1","MHC-I","Cell-Cell Contact","PMID: 28484462","PBMC_Late"
"Th17like_INNATE_T","CD14+PPBP+ Monocytes","HLA-F","LILRB1",0.00480321305057335,0,"HLA-F_LILRB1","HLA-F - LILRB1","MHC-I","Cell-Cell Contact","PMID: 28484462","PBMC_Late"
"Treg","CD14+PPBP+ Monocytes","HLA-F","LILRB1",0.00276368171180868,0,"HLA-F_LILRB1","HLA-F - LILRB1","MHC-I","Cell-Cell Contact","PMID: 28484462","PBMC_Late"
"CD14+PPBP+ Monocytes","Classical Monocytes","HLA-F","LILRB1",0.00368084158753839,0,"HLA-F_LILRB1","HLA-F - LILRB1","MHC-I","Cell-Cell Contact","PMID: 28484462","PBMC_Late"
"CD56highCD16low NK","Classical Monocytes","HLA-F","LILRB1",0.00388515655646031,0,"HLA-F_LILRB1","HLA-F - LILRB1","MHC-I","Cell-Cell Contact","PMID: 28484462","PBMC_Late"
"Classical Monocytes","Classical Monocytes","HLA-F","LILRB1",0.00171357580123357,0,"HLA-F_LILRB1","HLA-F - LILRB1","MHC-I","Cell-Cell Contact","PMID: 28484462","PBMC_Late"
"CX3CR1+ NK","Classical Monocytes","HLA-F","LILRB1",0.00901948303631726,0,"HLA-F_LILRB1","HLA-F - LILRB1","MHC-I","Cell-Cell Contact","PMID: 28484462","PBMC_Late"
"CXCR5- Naïve B","Classical Monocytes","HLA-F","LILRB1",0.00251582225727425,0,"HLA-F_LILRB1","HLA-F - LILRB1","MHC-I","Cell-Cell Contact","PMID: 28484462","PBMC_Late"
"CXCR5+ Naïve B","Classical Monocytes","HLA-F","LILRB1",0.0022479676581655,0,"HLA-F_LILRB1","HLA-F - LILRB1","MHC-I","Cell-Cell Contact","PMID: 28484462","PBMC_Late"
"CXCR6+ NK","Classical Monocytes","HLA-F","LILRB1",0.00624969360876201,0,"HLA-F_LILRB1","HLA-F - LILRB1","MHC-I","Cell-Cell Contact","PMID: 28484462","PBMC_Late"
"DC2","Classical Monocytes","HLA-F","LILRB1",0.00137839460931378,0,"HLA-F_LILRB1","HLA-F - LILRB1","MHC-I","Cell-Cell Contact","PMID: 28484462","PBMC_Late"
"Gamma Delta V1 T","Classical Monocytes","HLA-F","LILRB1",0.00284687355343368,0,"HLA-F_LILRB1","HLA-F - LILRB1","MHC-I","Cell-Cell Contact","PMID: 28484462","PBMC_Late"
"Gamma Delta V2 T","Classical Monocytes","HLA-F","LILRB1",0.00300902604160367,0,"HLA-F_LILRB1","HLA-F - LILRB1","MHC-I","Cell-Cell Contact","PMID: 28484462","PBMC_Late"
"ILC2/3","Classical Monocytes","HLA-F","LILRB1",0.0023195867304491,0,"HLA-F_LILRB1","HLA-F - LILRB1","MHC-I","Cell-Cell Contact","PMID: 28484462","PBMC_Late"
"Naïve CD4 T","Classical Monocytes","HLA-F","LILRB1",0.00242077342901973,0,"HLA-F_LILRB1","HLA-F - LILRB1","MHC-I","Cell-Cell Contact","PMID: 28484462","PBMC_Late"
"Naïve CD8 T","Classical Monocytes","HLA-F","LILRB1",0.00597599759935048,0,"HLA-F_LILRB1","HLA-F - LILRB1","MHC-I","Cell-Cell Contact","PMID: 28484462","PBMC_Late"
"NK T","Classical Monocytes","HLA-F","LILRB1",0.00762328458954157,0,"HLA-F_LILRB1","HLA-F - LILRB1","MHC-I","Cell-Cell Contact","PMID: 28484462","PBMC_Late"
"Tem","Classical Monocytes","HLA-F","LILRB1",0.00289207482438256,0,"HLA-F_LILRB1","HLA-F - LILRB1","MHC-I","Cell-Cell Contact","PMID: 28484462","PBMC_Late"
"Th17like_INNATE_T","Classical Monocytes","HLA-F","LILRB1",0.00509311530526472,0,"HLA-F_LILRB1","HLA-F - LILRB1","MHC-I","Cell-Cell Contact","PMID: 28484462","PBMC_Late"
"Treg","Classical Monocytes","HLA-F","LILRB1",0.00293084873568249,0,"HLA-F_LILRB1","HLA-F - LILRB1","MHC-I","Cell-Cell Contact","PMID: 28484462","PBMC_Late"
"CD14+PPBP+ Monocytes","DC2","HLA-F","LILRB1",0.00264674563781275,0,"HLA-F_LILRB1","HLA-F - LILRB1","MHC-I","Cell-Cell Contact","PMID: 28484462","PBMC_Late"
"CD56highCD16low NK","DC2","HLA-F","LILRB1",0.00279382130047491,0,"HLA-F_LILRB1","HLA-F - LILRB1","MHC-I","Cell-Cell Contact","PMID: 28484462","PBMC_Late"
"Classical Monocytes","DC2","HLA-F","LILRB1",0.00123148053552705,0,"HLA-F_LILRB1","HLA-F - LILRB1","MHC-I","Cell-Cell Contact","PMID: 28484462","PBMC_Late"
"CX3CR1+ NK","DC2","HLA-F","LILRB1",0.00649532663359161,0,"HLA-F_LILRB1","HLA-F - LILRB1","MHC-I","Cell-Cell Contact","PMID: 28484462","PBMC_Late"
"CXCR5- Naïve B","DC2","HLA-F","LILRB1",0.00180843284966086,0,"HLA-F_LILRB1","HLA-F - LILRB1","MHC-I","Cell-Cell Contact","PMID: 28484462","PBMC_Late"
"CXCR5+ Naïve B","DC2","HLA-F","LILRB1",0.00161577059821993,0,"HLA-F_LILRB1","HLA-F - LILRB1","MHC-I","Cell-Cell Contact","PMID: 28484462","PBMC_Late"
"CXCR6+ NK","DC2","HLA-F","LILRB1",0.0044971617159477,0,"HLA-F_LILRB1","HLA-F - LILRB1","MHC-I","Cell-Cell Contact","PMID: 28484462","PBMC_Late"
"DC2","DC2","HLA-F","LILRB1",0.000990505235118634,0,"HLA-F_LILRB1","HLA-F - LILRB1","MHC-I","Cell-Cell Contact","PMID: 28484462","PBMC_Late"
"Gamma Delta V1 T","DC2","HLA-F","LILRB1",0.00204659137664275,0,"HLA-F_LILRB1","HLA-F - LILRB1","MHC-I","Cell-Cell Contact","PMID: 28484462","PBMC_Late"
"Gamma Delta V2 T","DC2","HLA-F","LILRB1",0.00216326020671802,0,"HLA-F_LILRB1","HLA-F - LILRB1","MHC-I","Cell-Cell Contact","PMID: 28484462","PBMC_Late"
"ILC2/3","DC2","HLA-F","LILRB1",0.00166728186043108,0,"HLA-F_LILRB1","HLA-F - LILRB1","MHC-I","Cell-Cell Contact","PMID: 28484462","PBMC_Late"
"Naïve CD4 T","DC2","HLA-F","LILRB1",0.0017400628709313,0,"HLA-F_LILRB1","HLA-F - LILRB1","MHC-I","Cell-Cell Contact","PMID: 28484462","PBMC_Late"
"Naïve CD8 T","DC2","HLA-F","LILRB1",0.00429988313724125,0,"HLA-F_LILRB1","HLA-F - LILRB1","MHC-I","Cell-Cell Contact","PMID: 28484462","PBMC_Late"
"NK T","DC2","HLA-F","LILRB1",0.00548769894361737,0,"HLA-F_LILRB1","HLA-F - LILRB1","MHC-I","Cell-Cell Contact","PMID: 28484462","PBMC_Late"
"Tem","DC2","HLA-F","LILRB1",0.00207911265082943,0,"HLA-F_LILRB1","HLA-F - LILRB1","MHC-I","Cell-Cell Contact","PMID: 28484462","PBMC_Late"
"Th17like_INNATE_T","DC2","HLA-F","LILRB1",0.00366371405804958,0,"HLA-F_LILRB1","HLA-F - LILRB1","MHC-I","Cell-Cell Contact","PMID: 28484462","PBMC_Late"
"Treg","DC2","HLA-F","LILRB1",0.002107010248104,0,"HLA-F_LILRB1","HLA-F - LILRB1","MHC-I","Cell-Cell Contact","PMID: 28484462","PBMC_Late"
"CD14+PPBP+ Monocytes","pDC","HLA-F","LILRB1",0.00386552923916383,0,"HLA-F_LILRB1","HLA-F - LILRB1","MHC-I","Cell-Cell Contact","PMID: 28484462","PBMC_Late"
"CD56highCD16low NK","pDC","HLA-F","LILRB1",0.00408005380921195,0,"HLA-F_LILRB1","HLA-F - LILRB1","MHC-I","Cell-Cell Contact","PMID: 28484462","PBMC_Late"
"Classical Monocytes","pDC","HLA-F","LILRB1",0.00179973343542069,0,"HLA-F_LILRB1","HLA-F - LILRB1","MHC-I","Cell-Cell Contact","PMID: 28484462","PBMC_Late"
"CX3CR1+ NK","pDC","HLA-F","LILRB1",0.00946949314016709,0,"HLA-F_LILRB1","HLA-F - LILRB1","MHC-I","Cell-Cell Contact","PMID: 28484462","PBMC_Late"
"CXCR5- Naïve B","pDC","HLA-F","LILRB1",0.00264220963474429,0,"HLA-F_LILRB1","HLA-F - LILRB1","MHC-I","Cell-Cell Contact","PMID: 28484462","PBMC_Late"
"CXCR5+ Naïve B","pDC","HLA-F","LILRB1",0.00236093067188505,0,"HLA-F_LILRB1","HLA-F - LILRB1","MHC-I","Cell-Cell Contact","PMID: 28484462","PBMC_Late"
"CXCR6+ NK","pDC","HLA-F","LILRB1",0.00656242542843821,0,"HLA-F_LILRB1","HLA-F - LILRB1","MHC-I","Cell-Cell Contact","PMID: 28484462","PBMC_Late"
"DC2","pDC","HLA-F","LILRB1",0.00144772396035374,0,"HLA-F_LILRB1","HLA-F - LILRB1","MHC-I","Cell-Cell Contact","PMID: 28484462","PBMC_Late"
"Gamma Delta V1 T","pDC","HLA-F","LILRB1",0.00298984210725319,0,"HLA-F_LILRB1","HLA-F - LILRB1","MHC-I","Cell-Cell Contact","PMID: 28484462","PBMC_Late"
"Gamma Delta V2 T","pDC","HLA-F","LILRB1",0.00316011200464107,0,"HLA-F_LILRB1","HLA-F - LILRB1","MHC-I","Cell-Cell Contact","PMID: 28484462","PBMC_Late"
"ILC2/3","pDC","HLA-F","LILRB1",0.00243613989934394,0,"HLA-F_LILRB1","HLA-F - LILRB1","MHC-I","Cell-Cell Contact","PMID: 28484462","PBMC_Late"
"Naïve CD4 T","pDC","HLA-F","LILRB1",0.00254239800843749,0,"HLA-F_LILRB1","HLA-F - LILRB1","MHC-I","Cell-Cell Contact","PMID: 28484462","PBMC_Late"
"Naïve CD8 T","pDC","HLA-F","LILRB1",0.00627512027763403,0,"HLA-F_LILRB1","HLA-F - LILRB1","MHC-I","Cell-Cell Contact","PMID: 28484462","PBMC_Late"
"NK T","pDC","HLA-F","LILRB1",0.00800419665649948,0,"HLA-F_LILRB1","HLA-F - LILRB1","MHC-I","Cell-Cell Contact","PMID: 28484462","PBMC_Late"
"Tem","pDC","HLA-F","LILRB1",0.00303730644890412,0,"HLA-F_LILRB1","HLA-F - LILRB1","MHC-I","Cell-Cell Contact","PMID: 28484462","PBMC_Late"
"Th17like_INNATE_T","pDC","HLA-F","LILRB1",0.00534828395048492,0,"HLA-F_LILRB1","HLA-F - LILRB1","MHC-I","Cell-Cell Contact","PMID: 28484462","PBMC_Late"
"Treg","pDC","HLA-F","LILRB1",0.0030780214631304,0,"HLA-F_LILRB1","HLA-F - LILRB1","MHC-I","Cell-Cell Contact","PMID: 28484462","PBMC_Late"
"abTentry","CD56highCD16low NK","HLA-E","KLRK1",0.0303172510252888,0,"HLA-E_KLRK1","HLA-E - KLRK1","MHC-I","Cell-Cell Contact","PMID: 28484462","PBMC_Late"
"CD14+PPBP+ Monocytes","CD56highCD16low NK","HLA-E","KLRK1",0.0479181668598521,0,"HLA-E_KLRK1","HLA-E - KLRK1","MHC-I","Cell-Cell Contact","PMID: 28484462","PBMC_Late"
"CD56highCD16low NK","CD56highCD16low NK","HLA-E","KLRK1",0.0126316860943418,0,"HLA-E_KLRK1","HLA-E - KLRK1","MHC-I","Cell-Cell Contact","PMID: 28484462","PBMC_Late"
"Classical Monocytes","CD56highCD16low NK","HLA-E","KLRK1",0.0312538256396338,0,"HLA-E_KLRK1","HLA-E - KLRK1","MHC-I","Cell-Cell Contact","PMID: 28484462","PBMC_Late"
"CX3CR1+ NK","CD56highCD16low NK","HLA-E","KLRK1",0.0499017397213895,0,"HLA-E_KLRK1","HLA-E - KLRK1","MHC-I","Cell-Cell Contact","PMID: 28484462","PBMC_Late"
"CXCR5- Naïve B","CD56highCD16low NK","HLA-E","KLRK1",0.0380409838185019,0,"HLA-E_KLRK1","HLA-E - KLRK1","MHC-I","Cell-Cell Contact","PMID: 28484462","PBMC_Late"
"CXCR5+ Naïve B","CD56highCD16low NK","HLA-E","KLRK1",0.0357164036086395,0,"HLA-E_KLRK1","HLA-E - KLRK1","MHC-I","Cell-Cell Contact","PMID: 28484462","PBMC_Late"
"CXCR6+ NK","CD56highCD16low NK","HLA-E","KLRK1",0.0433263478111987,0,"HLA-E_KLRK1","HLA-E - KLRK1","MHC-I","Cell-Cell Contact","PMID: 28484462","PBMC_Late"
"DC2","CD56highCD16low NK","HLA-E","KLRK1",0.0264329772951821,0,"HLA-E_KLRK1","HLA-E - KLRK1","MHC-I","Cell-Cell Contact","PMID: 28484462","PBMC_Late"
"Gamma Delta V1 T","CD56highCD16low NK","HLA-E","KLRK1",0.0434263009671812,0,"HLA-E_KLRK1","HLA-E - KLRK1","MHC-I","Cell-Cell Contact","PMID: 28484462","PBMC_Late"
"Gamma Delta V2 T","CD56highCD16low NK","HLA-E","KLRK1",0.0442237891796635,0,"HLA-E_KLRK1","HLA-E - KLRK1","MHC-I","Cell-Cell Contact","PMID: 28484462","PBMC_Late"
"HSC_MPP","CD56highCD16low NK","HLA-E","KLRK1",0.0231761330250538,0,"HLA-E_KLRK1","HLA-E - KLRK1","MHC-I","Cell-Cell Contact","PMID: 28484462","PBMC_Late"
"ILC2/3","CD56highCD16low NK","HLA-E","KLRK1",0.0354495889160999,0,"HLA-E_KLRK1","HLA-E - KLRK1","MHC-I","Cell-Cell Contact","PMID: 28484462","PBMC_Late"
"Megakaryocytes","CD56highCD16low NK","HLA-E","KLRK1",0.0631579723849487,0,"HLA-E_KLRK1","HLA-E - KLRK1","MHC-I","Cell-Cell Contact","PMID: 28484462","PBMC_Late"
"MEMP","CD56highCD16low NK","HLA-E","KLRK1",0.0134422223357004,0,"HLA-E_KLRK1","HLA-E - KLRK1","MHC-I","Cell-Cell Contact","PMID: 28484462","PBMC_Late"
"MEP","CD56highCD16low NK","HLA-E","KLRK1",0.0172092310473943,0,"HLA-E_KLRK1","HLA-E - KLRK1","MHC-I","Cell-Cell Contact","PMID: 28484462","PBMC_Late"
"Myeloid-CD177","CD56highCD16low NK","HLA-E","KLRK1",0.00996285291377104,0,"HLA-E_KLRK1","HLA-E - KLRK1","MHC-I","Cell-Cell Contact","PMID: 28484462","PBMC_Late"
"Naïve CD4 T","CD56highCD16low NK","HLA-E","KLRK1",0.0432791315274643,0,"HLA-E_KLRK1","HLA-E - KLRK1","MHC-I","Cell-Cell Contact","PMID: 28484462","PBMC_Late"
"Naïve CD8 T","CD56highCD16low NK","HLA-E","KLRK1",0.0432461518560911,0,"HLA-E_KLRK1","HLA-E - KLRK1","MHC-I","Cell-Cell Contact","PMID: 28484462","PBMC_Late"
"NK T","CD56highCD16low NK","HLA-E","KLRK1",0.0476872327441019,0,"HLA-E_KLRK1","HLA-E - KLRK1","MHC-I","Cell-Cell Contact","PMID: 28484462","PBMC_Late"
"pDC","CD56highCD16low NK","HLA-E","KLRK1",0.0234713636044713,0,"HLA-E_KLRK1","HLA-E - KLRK1","MHC-I","Cell-Cell Contact","PMID: 28484462","PBMC_Late"
"Pro-B","CD56highCD16low NK","HLA-E","KLRK1",0.0145329542634939,0,"HLA-E_KLRK1","HLA-E - KLRK1","MHC-I","Cell-Cell Contact","PMID: 28484462","PBMC_Late"
"Tem","CD56highCD16low NK","HLA-E","KLRK1",0.044720517747712,0,"HLA-E_KLRK1","HLA-E - KLRK1","MHC-I","Cell-Cell Contact","PMID: 28484462","PBMC_Late"
"Th17like_INNATE_T","CD56highCD16low NK","HLA-E","KLRK1",0.0470370166993854,0,"HLA-E_KLRK1","HLA-E - KLRK1","MHC-I","Cell-Cell Contact","PMID: 28484462","PBMC_Late"
"Treg","CD56highCD16low NK","HLA-E","KLRK1",0.044977782158808,0,"HLA-E_KLRK1","HLA-E - KLRK1","MHC-I","Cell-Cell Contact","PMID: 28484462","PBMC_Late"
"abTentry","CX3CR1+ NK","HLA-E","KLRK1",0.0782349460741704,0,"HLA-E_KLRK1","HLA-E - KLRK1","MHC-I","Cell-Cell Contact","PMID: 28484462","PBMC_Late"
"CD14+PPBP+ Monocytes","CX3CR1+ NK","HLA-E","KLRK1",0.120206283801386,0,"HLA-E_KLRK1","HLA-E - KLRK1","MHC-I","Cell-Cell Contact","PMID: 28484462","PBMC_Late"
"CD56highCD16low NK","CX3CR1+ NK","HLA-E","KLRK1",0.0335641436748761,0,"HLA-E_KLRK1","HLA-E - KLRK1","MHC-I","Cell-Cell Contact","PMID: 28484462","PBMC_Late"
"Classical Monocytes","CX3CR1+ NK","HLA-E","KLRK1",0.0805288828347961,0,"HLA-E_KLRK1","HLA-E - KLRK1","MHC-I","Cell-Cell Contact","PMID: 28484462","PBMC_Late"
"CX3CR1+ NK","CX3CR1+ NK","HLA-E","KLRK1",0.124790012193395,0,"HLA-E_KLRK1","HLA-E - KLRK1","MHC-I","Cell-Cell Contact","PMID: 28484462","PBMC_Late"
"CXCR5- Naïve B","CX3CR1+ NK","HLA-E","KLRK1",0.0969458779845232,0,"HLA-E_KLRK1","HLA-E - KLRK1","MHC-I","Cell-Cell Contact","PMID: 28484462","PBMC_Late"
"CXCR5+ Naïve B","CX3CR1+ NK","HLA-E","KLRK1",0.0913636512626636,0,"HLA-E_KLRK1","HLA-E - KLRK1","MHC-I","Cell-Cell Contact","PMID: 28484462","PBMC_Late"
"CXCR6+ NK","CX3CR1+ NK","HLA-E","KLRK1",0.109483941111086,0,"HLA-E_KLRK1","HLA-E - KLRK1","MHC-I","Cell-Cell Contact","PMID: 28484462","PBMC_Late"
"DC2","CX3CR1+ NK","HLA-E","KLRK1",0.0686460256869821,0,"HLA-E_KLRK1","HLA-E - KLRK1","MHC-I","Cell-Cell Contact","PMID: 28484462","PBMC_Late"
"Gamma Delta V1 T","CX3CR1+ NK","HLA-E","KLRK1",0.109719014524737,0,"HLA-E_KLRK1","HLA-E - KLRK1","MHC-I","Cell-Cell Contact","PMID: 28484462","PBMC_Late"
"Gamma Delta V2 T","CX3CR1+ NK","HLA-E","KLRK1",0.11159189313181,0,"HLA-E_KLRK1","HLA-E - KLRK1","MHC-I","Cell-Cell Contact","PMID: 28484462","PBMC_Late"
"HSC_MPP","CX3CR1+ NK","HLA-E","KLRK1",0.0605113246700994,0,"HLA-E_KLRK1","HLA-E - KLRK1","MHC-I","Cell-Cell Contact","PMID: 28484462","PBMC_Late"
"ILC2/3","CX3CR1+ NK","HLA-E","KLRK1",0.0907202408877625,0,"HLA-E_KLRK1","HLA-E - KLRK1","MHC-I","Cell-Cell Contact","PMID: 28484462","PBMC_Late"
"Megakaryocytes","CX3CR1+ NK","HLA-E","KLRK1",0.154700833199415,0,"HLA-E_KLRK1","HLA-E - KLRK1","MHC-I","Cell-Cell Contact","PMID: 28484462","PBMC_Late"
"MEMP","CX3CR1+ NK","HLA-E","KLRK1",0.0356693280625969,0,"HLA-E_KLRK1","HLA-E - KLRK1","MHC-I","Cell-Cell Contact","PMID: 28484462","PBMC_Late"
"MEP","CX3CR1+ NK","HLA-E","KLRK1",0.0453786865466626,0,"HLA-E_KLRK1","HLA-E - KLRK1","MHC-I","Cell-Cell Contact","PMID: 28484462","PBMC_Late"
"Myeloid-CD177","CX3CR1+ NK","HLA-E","KLRK1",0.0265917935351612,0,"HLA-E_KLRK1","HLA-E - KLRK1","MHC-I","Cell-Cell Contact","PMID: 28484462","PBMC_Late"
"Naïve CD4 T","CX3CR1+ NK","HLA-E","KLRK1",0.109372870076869,0,"HLA-E_KLRK1","HLA-E - KLRK1","MHC-I","Cell-Cell Contact","PMID: 28484462","PBMC_Late"
"Naïve CD8 T","CX3CR1+ NK","HLA-E","KLRK1",0.109295279151458,0,"HLA-E_KLRK1","HLA-E - KLRK1","MHC-I","Cell-Cell Contact","PMID: 28484462","PBMC_Late"
"NK T","CX3CR1+ NK","HLA-E","KLRK1",0.119670757762062,0,"HLA-E_KLRK1","HLA-E - KLRK1","MHC-I","Cell-Cell Contact","PMID: 28484462","PBMC_Late"
"pDC","CX3CR1+ NK","HLA-E","KLRK1",0.0612523292859362,0,"HLA-E_KLRK1","HLA-E - KLRK1","MHC-I","Cell-Cell Contact","PMID: 28484462","PBMC_Late"
"Pro-B","CX3CR1+ NK","HLA-E","KLRK1",0.0384932462658213,0,"HLA-E_KLRK1","HLA-E - KLRK1","MHC-I","Cell-Cell Contact","PMID: 28484462","PBMC_Late"
"Tem","CX3CR1+ NK","HLA-E","KLRK1",0.112756041766266,0,"HLA-E_KLRK1","HLA-E - KLRK1","MHC-I","Cell-Cell Contact","PMID: 28484462","PBMC_Late"
"Th17like_INNATE_T","CX3CR1+ NK","HLA-E","KLRK1",0.118160827263914,0,"HLA-E_KLRK1","HLA-E - KLRK1","MHC-I","Cell-Cell Contact","PMID: 28484462","PBMC_Late"
"Treg","CX3CR1+ NK","HLA-E","KLRK1",0.113358251002973,0,"HLA-E_KLRK1","HLA-E - KLRK1","MHC-I","Cell-Cell Contact","PMID: 28484462","PBMC_Late"
"abTentry","CXCR6+ NK","HLA-E","KLRK1",0.0939144545316075,0,"HLA-E_KLRK1","HLA-E - KLRK1","MHC-I","Cell-Cell Contact","PMID: 28484462","PBMC_Late"
"CD14+PPBP+ Monocytes","CXCR6+ NK","HLA-E","KLRK1",0.14299260394727,0,"HLA-E_KLRK1","HLA-E - KLRK1","MHC-I","Cell-Cell Contact","PMID: 28484462","PBMC_Late"
"CD56highCD16low NK","CXCR6+ NK","HLA-E","KLRK1",0.040686091153081,0,"HLA-E_KLRK1","HLA-E - KLRK1","MHC-I","Cell-Cell Contact","PMID: 28484462","PBMC_Late"
"Classical Monocytes","CXCR6+ NK","HLA-E","KLRK1",0.0966199418451906,0,"HLA-E_KLRK1","HLA-E - KLRK1","MHC-I","Cell-Cell Contact","PMID: 28484462","PBMC_Late"
"CX3CR1+ NK","CXCR6+ NK","HLA-E","KLRK1",0.148298763346099,0,"HLA-E_KLRK1","HLA-E - KLRK1","MHC-I","Cell-Cell Contact","PMID: 28484462","PBMC_Late"
"CXCR5- Naïve B","CXCR6+ NK","HLA-E","KLRK1",0.11590382536359,0,"HLA-E_KLRK1","HLA-E - KLRK1","MHC-I","Cell-Cell Contact","PMID: 28484462","PBMC_Late"
"CXCR5+ Naïve B","CXCR6+ NK","HLA-E","KLRK1",0.109362181159333,0,"HLA-E_KLRK1","HLA-E - KLRK1","MHC-I","Cell-Cell Contact","PMID: 28484462","PBMC_Late"
"CXCR6+ NK","CXCR6+ NK","HLA-E","KLRK1",0.130539308727439,0,"HLA-E_KLRK1","HLA-E - KLRK1","MHC-I","Cell-Cell Contact","PMID: 28484462","PBMC_Late"
"DC2","CXCR6+ NK","HLA-E","KLRK1",0.0825759252449547,0,"HLA-E_KLRK1","HLA-E - KLRK1","MHC-I","Cell-Cell Contact","PMID: 28484462","PBMC_Late"
"Gamma Delta V1 T","CXCR6+ NK","HLA-E","KLRK1",0.130812949337402,0,"HLA-E_KLRK1","HLA-E - KLRK1","MHC-I","Cell-Cell Contact","PMID: 28484462","PBMC_Late"
"Gamma Delta V2 T","CXCR6+ NK","HLA-E","KLRK1",0.132992108770909,0,"HLA-E_KLRK1","HLA-E - KLRK1","MHC-I","Cell-Cell Contact","PMID: 28484462","PBMC_Late"
"HSC_MPP","CXCR6+ NK","HLA-E","KLRK1",0.0729197435658037,0,"HLA-E_KLRK1","HLA-E - KLRK1","MHC-I","Cell-Cell Contact","PMID: 28484462","PBMC_Late"
"ILC2/3","CXCR6+ NK","HLA-E","KLRK1",0.108607169969307,0,"HLA-E_KLRK1","HLA-E - KLRK1","MHC-I","Cell-Cell Contact","PMID: 28484462","PBMC_Late"
"Megakaryocytes","CXCR6+ NK","HLA-E","KLRK1",0.182668319842619,0,"HLA-E_KLRK1","HLA-E - KLRK1","MHC-I","Cell-Cell Contact","PMID: 28484462","PBMC_Late"
"MEMP","CXCR6+ NK","HLA-E","KLRK1",0.0432179970145586,0,"HLA-E_KLRK1","HLA-E - KLRK1","MHC-I","Cell-Cell Contact","PMID: 28484462","PBMC_Late"
"MEP","CXCR6+ NK","HLA-E","KLRK1",0.0548652324951978,0,"HLA-E_KLRK1","HLA-E - KLRK1","MHC-I","Cell-Cell Contact","PMID: 28484462","PBMC_Late"
"Myeloid-CD177","CXCR6+ NK","HLA-E","KLRK1",0.0322837050241553,0,"HLA-E_KLRK1","HLA-E - KLRK1","MHC-I","Cell-Cell Contact","PMID: 28484462","PBMC_Late"
"Naïve CD4 T","CXCR6+ NK","HLA-E","KLRK1",0.13041000521693,0,"HLA-E_KLRK1","HLA-E - KLRK1","MHC-I","Cell-Cell Contact","PMID: 28484462","PBMC_Late"
"Naïve CD8 T","CXCR6+ NK","HLA-E","KLRK1",0.130319673944748,0,"HLA-E_KLRK1","HLA-E - KLRK1","MHC-I","Cell-Cell Contact","PMID: 28484462","PBMC_Late"
"NK T","CXCR6+ NK","HLA-E","KLRK1",0.142371991010324,0,"HLA-E_KLRK1","HLA-E - KLRK1","MHC-I","Cell-Cell Contact","PMID: 28484462","PBMC_Late"
"pDC","CXCR6+ NK","HLA-E","KLRK1",0.0738007618724683,0,"HLA-E_KLRK1","HLA-E - KLRK1","MHC-I","Cell-Cell Contact","PMID: 28484462","PBMC_Late"
"Pro-B","CXCR6+ NK","HLA-E","KLRK1",0.0466106526196661,0,"HLA-E_KLRK1","HLA-E - KLRK1","MHC-I","Cell-Cell Contact","PMID: 28484462","PBMC_Late"
"Tem","CXCR6+ NK","HLA-E","KLRK1",0.13434574844843,0,"HLA-E_KLRK1","HLA-E - KLRK1","MHC-I","Cell-Cell Contact","PMID: 28484462","PBMC_Late"
"Th17like_INNATE_T","CXCR6+ NK","HLA-E","KLRK1",0.14062138413182,0,"HLA-E_KLRK1","HLA-E - KLRK1","MHC-I","Cell-Cell Contact","PMID: 28484462","PBMC_Late"
"Treg","CXCR6+ NK","HLA-E","KLRK1",0.135045713724491,0,"HLA-E_KLRK1","HLA-E - KLRK1","MHC-I","Cell-Cell Contact","PMID: 28484462","PBMC_Late"
"abTentry","Gamma Delta V1 T","HLA-E","KLRK1",0.0236944323428649,0,"HLA-E_KLRK1","HLA-E - KLRK1","MHC-I","Cell-Cell Contact","PMID: 28484462","PBMC_Late"
"CD14+PPBP+ Monocytes","Gamma Delta V1 T","HLA-E","KLRK1",0.0375995066389696,0,"HLA-E_KLRK1","HLA-E - KLRK1","MHC-I","Cell-Cell Contact","PMID: 28484462","PBMC_Late"
"CD56highCD16low NK","Gamma Delta V1 T","HLA-E","KLRK1",0.00983311074916151,0,"HLA-E_KLRK1","HLA-E - KLRK1","MHC-I","Cell-Cell Contact","PMID: 28484462","PBMC_Late"
"Classical Monocytes","Gamma Delta V1 T","HLA-E","KLRK1",0.0244315666256345,0,"HLA-E_KLRK1","HLA-E - KLRK1","MHC-I","Cell-Cell Contact","PMID: 28484462","PBMC_Late"
"CX3CR1+ NK","Gamma Delta V1 T","HLA-E","KLRK1",0.0391735132511848,0,"HLA-E_KLRK1","HLA-E - KLRK1","MHC-I","Cell-Cell Contact","PMID: 28484462","PBMC_Late"
"CXCR5- Naïve B","Gamma Delta V1 T","HLA-E","KLRK1",0.0297827339564104,0,"HLA-E_KLRK1","HLA-E - KLRK1","MHC-I","Cell-Cell Contact","PMID: 28484462","PBMC_Late"
"CXCR5+ Naïve B","Gamma Delta V1 T","HLA-E","KLRK1",0.0279481312976111,0,"HLA-E_KLRK1","HLA-E - KLRK1","MHC-I","Cell-Cell Contact","PMID: 28484462","PBMC_Late"
"CXCR6+ NK","Gamma Delta V1 T","HLA-E","KLRK1",0.0339612153558811,0,"HLA-E_KLRK1","HLA-E - KLRK1","MHC-I","Cell-Cell Contact","PMID: 28484462","PBMC_Late"
"DC2","Gamma Delta V1 T","HLA-E","KLRK1",0.0206406185688241,0,"HLA-E_KLRK1","HLA-E - KLRK1","MHC-I","Cell-Cell Contact","PMID: 28484462","PBMC_Late"
"Gamma Delta V1 T","Gamma Delta V1 T","HLA-E","KLRK1",0.0340403320644031,0,"HLA-E_KLRK1","HLA-E - KLRK1","MHC-I","Cell-Cell Contact","PMID: 28484462","PBMC_Late"
"Gamma Delta V2 T","Gamma Delta V1 T","HLA-E","KLRK1",0.0346717022111871,0,"HLA-E_KLRK1","HLA-E - KLRK1","MHC-I","Cell-Cell Contact","PMID: 28484462","PBMC_Late"
"HSC_MPP","Gamma Delta V1 T","HLA-E","KLRK1",0.0180842021202641,0,"HLA-E_KLRK1","HLA-E - KLRK1","MHC-I","Cell-Cell Contact","PMID: 28484462","PBMC_Late"
"ILC2/3","Gamma Delta V1 T","HLA-E","KLRK1",0.0277376791709545,0,"HLA-E_KLRK1","HLA-E - KLRK1","MHC-I","Cell-Cell Contact","PMID: 28484462","PBMC_Late"
"Megakaryocytes","Gamma Delta V1 T","HLA-E","KLRK1",0.0497289951812713,0,"HLA-E_KLRK1","HLA-E - KLRK1","MHC-I","Cell-Cell Contact","PMID: 28484462","PBMC_Late"
"MEMP","Gamma Delta V1 T","HLA-E","KLRK1",0.010465974544663,0,"HLA-E_KLRK1","HLA-E - KLRK1","MHC-I","Cell-Cell Contact","PMID: 28484462","PBMC_Late"
"MEP","Gamma Delta V1 T","HLA-E","KLRK1",0.0134102656561888,0,"HLA-E_KLRK1","HLA-E - KLRK1","MHC-I","Cell-Cell Contact","PMID: 28484462","PBMC_Late"
"Myeloid-CD177","Gamma Delta V1 T","HLA-E","KLRK1",0.00775092126545952,0,"HLA-E_KLRK1","HLA-E - KLRK1","MHC-I","Cell-Cell Contact","PMID: 28484462","PBMC_Late"
"Naïve CD4 T","Gamma Delta V1 T","HLA-E","KLRK1",0.0339238431217896,0,"HLA-E_KLRK1","HLA-E - KLRK1","MHC-I","Cell-Cell Contact","PMID: 28484462","PBMC_Late"
"Naïve CD8 T","Gamma Delta V1 T","HLA-E","KLRK1",0.0338977398038492,0,"HLA-E_KLRK1","HLA-E - KLRK1","MHC-I","Cell-Cell Contact","PMID: 28484462","PBMC_Late"
"NK T","Gamma Delta V1 T","HLA-E","KLRK1",0.0374163473614784,0,"HLA-E_KLRK1","HLA-E - KLRK1","MHC-I","Cell-Cell Contact","PMID: 28484462","PBMC_Late"
"pDC","Gamma Delta V1 T","HLA-E","KLRK1",0.0183157850483142,0,"HLA-E_KLRK1","HLA-E - KLRK1","MHC-I","Cell-Cell Contact","PMID: 28484462","PBMC_Late"
"Pro-B","Gamma Delta V1 T","HLA-E","KLRK1",0.0113179776094467,0,"HLA-E_KLRK1","HLA-E - KLRK1","MHC-I","Cell-Cell Contact","PMID: 28484462","PBMC_Late"
"Tem","Gamma Delta V1 T","HLA-E","KLRK1",0.0350650764593853,0,"HLA-E_KLRK1","HLA-E - KLRK1","MHC-I","Cell-Cell Contact","PMID: 28484462","PBMC_Late"
"Th17like_INNATE_T","Gamma Delta V1 T","HLA-E","KLRK1",0.036900748483775,0,"HLA-E_KLRK1","HLA-E - KLRK1","MHC-I","Cell-Cell Contact","PMID: 28484462","PBMC_Late"
"Treg","Gamma Delta V1 T","HLA-E","KLRK1",0.0352688465821311,0,"HLA-E_KLRK1","HLA-E - KLRK1","MHC-I","Cell-Cell Contact","PMID: 28484462","PBMC_Late"
"abTentry","Gamma Delta V2 T","HLA-E","KLRK1",0.023503188763826,0,"HLA-E_KLRK1","HLA-E - KLRK1","MHC-I","Cell-Cell Contact","PMID: 28484462","PBMC_Late"
"CD14+PPBP+ Monocytes","Gamma Delta V2 T","HLA-E","KLRK1",0.037300319652979,0,"HLA-E_KLRK1","HLA-E - KLRK1","MHC-I","Cell-Cell Contact","PMID: 28484462","PBMC_Late"
"CD56highCD16low NK","Gamma Delta V2 T","HLA-E","KLRK1",0.00975262771253854,0,"HLA-E_KLRK1","HLA-E - KLRK1","MHC-I","Cell-Cell Contact","PMID: 28484462","PBMC_Late"
"Classical Monocytes","Gamma Delta V2 T","HLA-E","KLRK1",0.02423452113969,0,"HLA-E_KLRK1","HLA-E - KLRK1","MHC-I","Cell-Cell Contact","PMID: 28484462","PBMC_Late"
"CX3CR1+ NK","Gamma Delta V2 T","HLA-E","KLRK1",0.0388623073263614,0,"HLA-E_KLRK1","HLA-E - KLRK1","MHC-I","Cell-Cell Contact","PMID: 28484462","PBMC_Late"
"CXCR5- Naïve B","Gamma Delta V2 T","HLA-E","KLRK1",0.029543837224285,0,"HLA-E_KLRK1","HLA-E - KLRK1","MHC-I","Cell-Cell Contact","PMID: 28484462","PBMC_Late"
"CXCR5+ Naïve B","Gamma Delta V2 T","HLA-E","KLRK1",0.0277235299927123,0,"HLA-E_KLRK1","HLA-E - KLRK1","MHC-I","Cell-Cell Contact","PMID: 28484462","PBMC_Late"
"CXCR6+ NK","Gamma Delta V2 T","HLA-E","KLRK1",0.0336899655488614,0,"HLA-E_KLRK1","HLA-E - KLRK1","MHC-I","Cell-Cell Contact","PMID: 28484462","PBMC_Late"
"DC2","Gamma Delta V2 T","HLA-E","KLRK1",0.0204735061904861,0,"HLA-E_KLRK1","HLA-E - KLRK1","MHC-I","Cell-Cell Contact","PMID: 28484462","PBMC_Late"
"Gamma Delta V1 T","Gamma Delta V2 T","HLA-E","KLRK1",0.0337684724373088,0,"HLA-E_KLRK1","HLA-E - KLRK1","MHC-I","Cell-Cell Contact","PMID: 28484462","PBMC_Late"
"Gamma Delta V2 T","Gamma Delta V2 T","HLA-E","KLRK1",0.034394979755111,0,"HLA-E_KLRK1","HLA-E - KLRK1","MHC-I","Cell-Cell Contact","PMID: 28484462","PBMC_Late"
"HSC_MPP","Gamma Delta V2 T","HLA-E","KLRK1",0.0179374081402905,0,"HLA-E_KLRK1","HLA-E - KLRK1","MHC-I","Cell-Cell Contact","PMID: 28484462","PBMC_Late"
"ILC2/3","Gamma Delta V2 T","HLA-E","KLRK1",0.0275147212628001,0,"HLA-E_KLRK1","HLA-E - KLRK1","MHC-I","Cell-Cell Contact","PMID: 28484462","PBMC_Late"
"Megakaryocytes","Gamma Delta V2 T","HLA-E","KLRK1",0.0493382393804145,0,"HLA-E_KLRK1","HLA-E - KLRK1","MHC-I","Cell-Cell Contact","PMID: 28484462","PBMC_Late"
"MEMP","Gamma Delta V2 T","HLA-E","KLRK1",0.0103803658841307,0,"HLA-E_KLRK1","HLA-E - KLRK1","MHC-I","Cell-Cell Contact","PMID: 28484462","PBMC_Late"
"MEP","Gamma Delta V2 T","HLA-E","KLRK1",0.0133008972610786,0,"HLA-E_KLRK1","HLA-E - KLRK1","MHC-I","Cell-Cell Contact","PMID: 28484462","PBMC_Late"
"Myeloid-CD177","Gamma Delta V2 T","HLA-E","KLRK1",0.00768734843053807,0,"HLA-E_KLRK1","HLA-E - KLRK1","MHC-I","Cell-Cell Contact","PMID: 28484462","PBMC_Late"
"Naïve CD4 T","Gamma Delta V2 T","HLA-E","KLRK1",0.0336528814102274,0,"HLA-E_KLRK1","HLA-E - KLRK1","MHC-I","Cell-Cell Contact","PMID: 28484462","PBMC_Late"
"Naïve CD8 T","Gamma Delta V2 T","HLA-E","KLRK1",0.0336269793314027,0,"HLA-E_KLRK1","HLA-E - KLRK1","MHC-I","Cell-Cell Contact","PMID: 28484462","PBMC_Late"
"NK T","Gamma Delta V2 T","HLA-E","KLRK1",0.0371185615999765,0,"HLA-E_KLRK1","HLA-E - KLRK1","MHC-I","Cell-Cell Contact","PMID: 28484462","PBMC_Late"
"pDC","Gamma Delta V2 T","HLA-E","KLRK1",0.0181671460318071,0,"HLA-E_KLRK1","HLA-E - KLRK1","MHC-I","Cell-Cell Contact","PMID: 28484462","PBMC_Late"
"Pro-B","Gamma Delta V2 T","HLA-E","KLRK1",0.0112254788683468,0,"HLA-E_KLRK1","HLA-E - KLRK1","MHC-I","Cell-Cell Contact","PMID: 28484462","PBMC_Late"
"Tem","Gamma Delta V2 T","HLA-E","KLRK1",0.034785327532002,0,"HLA-E_KLRK1","HLA-E - KLRK1","MHC-I","Cell-Cell Contact","PMID: 28484462","PBMC_Late"
"Th17like_INNATE_T","Gamma Delta V2 T","HLA-E","KLRK1",0.0366069101673832,0,"HLA-E_KLRK1","HLA-E - KLRK1","MHC-I","Cell-Cell Contact","PMID: 28484462","PBMC_Late"
"Treg","Gamma Delta V2 T","HLA-E","KLRK1",0.0349875309235084,0,"HLA-E_KLRK1","HLA-E - KLRK1","MHC-I","Cell-Cell Contact","PMID: 28484462","PBMC_Late"
"abTentry","ILC2/3","HLA-E","KLRK1",0.0160770097922935,0,"HLA-E_KLRK1","HLA-E - KLRK1","MHC-I","Cell-Cell Contact","PMID: 28484462","PBMC_Late"
"CD14+PPBP+ Monocytes","ILC2/3","HLA-E","KLRK1",0.025629150843993,0,"HLA-E_KLRK1","HLA-E - KLRK1","MHC-I","Cell-Cell Contact","PMID: 28484462","PBMC_Late"
"CD56highCD16low NK","ILC2/3","HLA-E","KLRK1",0.00664159102021044,0.01,"HLA-E_KLRK1","HLA-E - KLRK1","MHC-I","Cell-Cell Contact","PMID: 28484462","PBMC_Late"
"Classical Monocytes","ILC2/3","HLA-E","KLRK1",0.0165811906454685,0,"HLA-E_KLRK1","HLA-E - KLRK1","MHC-I","Cell-Cell Contact","PMID: 28484462","PBMC_Late"
"CX3CR1+ NK","ILC2/3","HLA-E","KLRK1",0.0267159599248786,0,"HLA-E_KLRK1","HLA-E - KLRK1","MHC-I","Cell-Cell Contact","PMID: 28484462","PBMC_Late"
"CXCR5- Naïve B","ILC2/3","HLA-E","KLRK1",0.0202486036458766,0,"HLA-E_KLRK1","HLA-E - KLRK1","MHC-I","Cell-Cell Contact","PMID: 28484462","PBMC_Late"
"CXCR5+ Naïve B","ILC2/3","HLA-E","KLRK1",0.0189898039838674,0,"HLA-E_KLRK1","HLA-E - KLRK1","MHC-I","Cell-Cell Contact","PMID: 28484462","PBMC_Late"
"CXCR6+ NK","ILC2/3","HLA-E","KLRK1",0.0231213352505536,0,"HLA-E_KLRK1","HLA-E - KLRK1","MHC-I","Cell-Cell Contact","PMID: 28484462","PBMC_Late"
"DC2","ILC2/3","HLA-E","KLRK1",0.0139908846401072,0.01,"HLA-E_KLRK1","HLA-E - KLRK1","MHC-I","Cell-Cell Contact","PMID: 28484462","PBMC_Late"
"Gamma Delta V1 T","ILC2/3","HLA-E","KLRK1",0.0231758049918718,0,"HLA-E_KLRK1","HLA-E - KLRK1","MHC-I","Cell-Cell Contact","PMID: 28484462","PBMC_Late"
"Gamma Delta V2 T","ILC2/3","HLA-E","KLRK1",0.0236105885444534,0,"HLA-E_KLRK1","HLA-E - KLRK1","MHC-I","Cell-Cell Contact","PMID: 28484462","PBMC_Late"
"HSC_MPP","ILC2/3","HLA-E","KLRK1",0.0122477623942634,0.01,"HLA-E_KLRK1","HLA-E - KLRK1","MHC-I","Cell-Cell Contact","PMID: 28484462","PBMC_Late"
"ILC2/3","ILC2/3","HLA-E","KLRK1",0.0188455011134663,0,"HLA-E_KLRK1","HLA-E - KLRK1","MHC-I","Cell-Cell Contact","PMID: 28484462","PBMC_Late"
"Megakaryocytes","ILC2/3","HLA-E","KLRK1",0.0340335970726897,0,"HLA-E_KLRK1","HLA-E - KLRK1","MHC-I","Cell-Cell Contact","PMID: 28484462","PBMC_Late"
"MEMP","ILC2/3","HLA-E","KLRK1",0.00707051381328032,0.01,"HLA-E_KLRK1","HLA-E - KLRK1","MHC-I","Cell-Cell Contact","PMID: 28484462","PBMC_Late"
"MEP","ILC2/3","HLA-E","KLRK1",0.00906834670012952,0.01,"HLA-E_KLRK1","HLA-E - KLRK1","MHC-I","Cell-Cell Contact","PMID: 28484462","PBMC_Late"
"Myeloid-CD177","ILC2/3","HLA-E","KLRK1",0.00523164429164752,0.01,"HLA-E_KLRK1","HLA-E - KLRK1","MHC-I","Cell-Cell Contact","PMID: 28484462","PBMC_Late"
"Naïve CD4 T","ILC2/3","HLA-E","KLRK1",0.023095606455549,0,"HLA-E_KLRK1","HLA-E - KLRK1","MHC-I","Cell-Cell Contact","PMID: 28484462","PBMC_Late"
"Naïve CD8 T","ILC2/3","HLA-E","KLRK1",0.023077636086705,0,"HLA-E_KLRK1","HLA-E - KLRK1","MHC-I","Cell-Cell Contact","PMID: 28484462","PBMC_Late"
"NK T","ILC2/3","HLA-E","KLRK1",0.0255027578140505,0,"HLA-E_KLRK1","HLA-E - KLRK1","MHC-I","Cell-Cell Contact","PMID: 28484462","PBMC_Late"
"pDC","ILC2/3","HLA-E","KLRK1",0.0124055492325983,0.01,"HLA-E_KLRK1","HLA-E - KLRK1","MHC-I","Cell-Cell Contact","PMID: 28484462","PBMC_Late"
"Pro-B","ILC2/3","HLA-E","KLRK1",0.00764823921773,0.01,"HLA-E_KLRK1","HLA-E - KLRK1","MHC-I","Cell-Cell Contact","PMID: 28484462","PBMC_Late"
"Tem","ILC2/3","HLA-E","KLRK1",0.0238815715541614,0,"HLA-E_KLRK1","HLA-E - KLRK1","MHC-I","Cell-Cell Contact","PMID: 28484462","PBMC_Late"
"Th17like_INNATE_T","ILC2/3","HLA-E","KLRK1",0.0251470398559843,0,"HLA-E_KLRK1","HLA-E - KLRK1","MHC-I","Cell-Cell Contact","PMID: 28484462","PBMC_Late"
"Treg","ILC2/3","HLA-E","KLRK1",0.0240219700185876,0,"HLA-E_KLRK1","HLA-E - KLRK1","MHC-I","Cell-Cell Contact","PMID: 28484462","PBMC_Late"
"abTentry","Naïve CD8 T","HLA-E","KLRK1",0.0521241616589809,0,"HLA-E_KLRK1","HLA-E - KLRK1","MHC-I","Cell-Cell Contact","PMID: 28484462","PBMC_Late"
"CD14+PPBP+ Monocytes","Naïve CD8 T","HLA-E","KLRK1",0.0813234900884972,0,"HLA-E_KLRK1","HLA-E - KLRK1","MHC-I","Cell-Cell Contact","PMID: 28484462","PBMC_Late"
"CD56highCD16low NK","Naïve CD8 T","HLA-E","KLRK1",0.0220062329179035,0,"HLA-E_KLRK1","HLA-E - KLRK1","MHC-I","Cell-Cell Contact","PMID: 28484462","PBMC_Late"
"Classical Monocytes","Naïve CD8 T","HLA-E","KLRK1",0.0536971004244242,0,"HLA-E_KLRK1","HLA-E - KLRK1","MHC-I","Cell-Cell Contact","PMID: 28484462","PBMC_Late"
"CX3CR1+ NK","Naïve CD8 T","HLA-E","KLRK1",0.084567050478081,0,"HLA-E_KLRK1","HLA-E - KLRK1","MHC-I","Cell-Cell Contact","PMID: 28484462","PBMC_Late"
"CXCR5- Naïve B","Naïve CD8 T","HLA-E","KLRK1",0.0650309201356578,0,"HLA-E_KLRK1","HLA-E - KLRK1","MHC-I","Cell-Cell Contact","PMID: 28484462","PBMC_Late"
"CXCR5+ Naïve B","Naïve CD8 T","HLA-E","KLRK1",0.0611619211839064,0,"HLA-E_KLRK1","HLA-E - KLRK1","MHC-I","Cell-Cell Contact","PMID: 28484462","PBMC_Late"
"CXCR6+ NK","Naïve CD8 T","HLA-E","KLRK1",0.0737786234925862,0,"HLA-E_KLRK1","HLA-E - KLRK1","MHC-I","Cell-Cell Contact","PMID: 28484462","PBMC_Late"
"DC2","Naïve CD8 T","HLA-E","KLRK1",0.0455772873668372,0,"HLA-E_KLRK1","HLA-E - KLRK1","MHC-I","Cell-Cell Contact","PMID: 28484462","PBMC_Late"
"Gamma Delta V1 T","Naïve CD8 T","HLA-E","KLRK1",0.0739433995371805,0,"HLA-E_KLRK1","HLA-E - KLRK1","MHC-I","Cell-Cell Contact","PMID: 28484462","PBMC_Late"
"Gamma Delta V2 T","Naïve CD8 T","HLA-E","KLRK1",0.0752572186667255,0,"HLA-E_KLRK1","HLA-E - KLRK1","MHC-I","Cell-Cell Contact","PMID: 28484462","PBMC_Late"
"HSC_MPP","Naïve CD8 T","HLA-E","KLRK1",0.0400587015890033,0,"HLA-E_KLRK1","HLA-E - KLRK1","MHC-I","Cell-Cell Contact","PMID: 28484462","PBMC_Late"
"ILC2/3","Naïve CD8 T","HLA-E","KLRK1",0.0607169881255083,0,"HLA-E_KLRK1","HLA-E - KLRK1","MHC-I","Cell-Cell Contact","PMID: 28484462","PBMC_Late"
"Megakaryocytes","Naïve CD8 T","HLA-E","KLRK1",0.106004570737494,0,"HLA-E_KLRK1","HLA-E - KLRK1","MHC-I","Cell-Cell Contact","PMID: 28484462","PBMC_Late"
"MEMP","Naïve CD8 T","HLA-E","KLRK1",0.0234040463665345,0,"HLA-E_KLRK1","HLA-E - KLRK1","MHC-I","Cell-Cell Contact","PMID: 28484462","PBMC_Late"
"MEP","Naïve CD8 T","HLA-E","KLRK1",0.0298781806624438,0,"HLA-E_KLRK1","HLA-E - KLRK1","MHC-I","Cell-Cell Contact","PMID: 28484462","PBMC_Late"
"Myeloid-CD177","Naïve CD8 T","HLA-E","KLRK1",0.0173916252824861,0,"HLA-E_KLRK1","HLA-E - KLRK1","MHC-I","Cell-Cell Contact","PMID: 28484462","PBMC_Late"
"Naïve CD4 T","Naïve CD8 T","HLA-E","KLRK1",0.0737007774892,0,"HLA-E_KLRK1","HLA-E - KLRK1","MHC-I","Cell-Cell Contact","PMID: 28484462","PBMC_Late"
"Naïve CD8 T","Naïve CD8 T","HLA-E","KLRK1",0.073646400340462,0,"HLA-E_KLRK1","HLA-E - KLRK1","MHC-I","Cell-Cell Contact","PMID: 28484462","PBMC_Late"
"NK T","Naïve CD8 T","HLA-E","KLRK1",0.0809452516296987,0,"HLA-E_KLRK1","HLA-E - KLRK1","MHC-I","Cell-Cell Contact","PMID: 28484462","PBMC_Late"
"pDC","Naïve CD8 T","HLA-E","KLRK1",0.0405600620046062,0,"HLA-E_KLRK1","HLA-E - KLRK1","MHC-I","Cell-Cell Contact","PMID: 28484462","PBMC_Late"
"Pro-B","Naïve CD8 T","HLA-E","KLRK1",0.0252823881036479,0,"HLA-E_KLRK1","HLA-E - KLRK1","MHC-I","Cell-Cell Contact","PMID: 28484462","PBMC_Late"
"Tem","Naïve CD8 T","HLA-E","KLRK1",0.0760747750714595,0,"HLA-E_KLRK1","HLA-E - KLRK1","MHC-I","Cell-Cell Contact","PMID: 28484462","PBMC_Late"
"Th17like_INNATE_T","Naïve CD8 T","HLA-E","KLRK1",0.0798795992315147,0,"HLA-E_KLRK1","HLA-E - KLRK1","MHC-I","Cell-Cell Contact","PMID: 28484462","PBMC_Late"
"Treg","Naïve CD8 T","HLA-E","KLRK1",0.0764979675557803,0,"HLA-E_KLRK1","HLA-E - KLRK1","MHC-I","Cell-Cell Contact","PMID: 28484462","PBMC_Late"
"abTentry","NK T","HLA-E","KLRK1",0.0542704208753245,0,"HLA-E_KLRK1","HLA-E - KLRK1","MHC-I","Cell-Cell Contact","PMID: 28484462","PBMC_Late"
"CD14+PPBP+ Monocytes","NK T","HLA-E","KLRK1",0.0845647938770995,0,"HLA-E_KLRK1","HLA-E - KLRK1","MHC-I","Cell-Cell Contact","PMID: 28484462","PBMC_Late"
"CD56highCD16low NK","NK T","HLA-E","KLRK1",0.0229423755014072,0,"HLA-E_KLRK1","HLA-E - KLRK1","MHC-I","Cell-Cell Contact","PMID: 28484462","PBMC_Late"
"Classical Monocytes","NK T","HLA-E","KLRK1",0.0559043069373094,0,"HLA-E_KLRK1","HLA-E - KLRK1","MHC-I","Cell-Cell Contact","PMID: 28484462","PBMC_Late"
"CX3CR1+ NK","NK T","HLA-E","KLRK1",0.0879252595417779,0,"HLA-E_KLRK1","HLA-E - KLRK1","MHC-I","Cell-Cell Contact","PMID: 28484462","PBMC_Late"
"CXCR5- Naïve B","NK T","HLA-E","KLRK1",0.0676706856810496,0,"HLA-E_KLRK1","HLA-E - KLRK1","MHC-I","Cell-Cell Contact","PMID: 28484462","PBMC_Late"
"CXCR5+ Naïve B","NK T","HLA-E","KLRK1",0.0636553270701206,0,"HLA-E_KLRK1","HLA-E - KLRK1","MHC-I","Cell-Cell Contact","PMID: 28484462","PBMC_Late"
"CXCR6+ NK","NK T","HLA-E","KLRK1",0.0767443332615559,0,"HLA-E_KLRK1","HLA-E - KLRK1","MHC-I","Cell-Cell Contact","PMID: 28484462","PBMC_Late"
"DC2","NK T","HLA-E","KLRK1",0.0474674727748886,0,"HLA-E_KLRK1","HLA-E - KLRK1","MHC-I","Cell-Cell Contact","PMID: 28484462","PBMC_Late"
"Gamma Delta V1 T","NK T","HLA-E","KLRK1",0.0769151828429091,0,"HLA-E_KLRK1","HLA-E - KLRK1","MHC-I","Cell-Cell Contact","PMID: 28484462","PBMC_Late"
"Gamma Delta V2 T","NK T","HLA-E","KLRK1",0.0782773410726897,0,"HLA-E_KLRK1","HLA-E - KLRK1","MHC-I","Cell-Cell Contact","PMID: 28484462","PBMC_Late"
"HSC_MPP","NK T","HLA-E","KLRK1",0.0417300264227668,0,"HLA-E_KLRK1","HLA-E - KLRK1","MHC-I","Cell-Cell Contact","PMID: 28484462","PBMC_Late"
"ILC2/3","NK T","HLA-E","KLRK1",0.063193476218382,0,"HLA-E_KLRK1","HLA-E - KLRK1","MHC-I","Cell-Cell Contact","PMID: 28484462","PBMC_Late"
"Megakaryocytes","NK T","HLA-E","KLRK1",0.110111679616159,0,"HLA-E_KLRK1","HLA-E - KLRK1","MHC-I","Cell-Cell Contact","PMID: 28484462","PBMC_Late"
"MEMP","NK T","HLA-E","KLRK1",0.0243981683426312,0,"HLA-E_KLRK1","HLA-E - KLRK1","MHC-I","Cell-Cell Contact","PMID: 28484462","PBMC_Late"
"MEP","NK T","HLA-E","KLRK1",0.031138532939361,0,"HLA-E_KLRK1","HLA-E - KLRK1","MHC-I","Cell-Cell Contact","PMID: 28484462","PBMC_Late"
"Myeloid-CD177","NK T","HLA-E","KLRK1",0.0181351031092899,0,"HLA-E_KLRK1","HLA-E - KLRK1","MHC-I","Cell-Cell Contact","PMID: 28484462","PBMC_Late"
"Naïve CD4 T","NK T","HLA-E","KLRK1",0.076663617055717,0,"HLA-E_KLRK1","HLA-E - KLRK1","MHC-I","Cell-Cell Contact","PMID: 28484462","PBMC_Late"
"Naïve CD8 T","NK T","HLA-E","KLRK1",0.076607234683775,0,"HLA-E_KLRK1","HLA-E - KLRK1","MHC-I","Cell-Cell Contact","PMID: 28484462","PBMC_Late"
"NK T","NK T","HLA-E","KLRK1",0.0841728612695343,0,"HLA-E_KLRK1","HLA-E - KLRK1","MHC-I","Cell-Cell Contact","PMID: 28484462","PBMC_Late"
"pDC","NK T","HLA-E","KLRK1",0.0422513838602625,0,"HLA-E_KLRK1","HLA-E - KLRK1","MHC-I","Cell-Cell Contact","PMID: 28484462","PBMC_Late"
"Pro-B","NK T","HLA-E","KLRK1",0.0263541423967976,0,"HLA-E_KLRK1","HLA-E - KLRK1","MHC-I","Cell-Cell Contact","PMID: 28484462","PBMC_Late"
"Tem","NK T","HLA-E","KLRK1",0.0791248992776709,0,"HLA-E_KLRK1","HLA-E - KLRK1","MHC-I","Cell-Cell Contact","PMID: 28484462","PBMC_Late"
"Th17like_INNATE_T","NK T","HLA-E","KLRK1",0.0830685576774505,0,"HLA-E_KLRK1","HLA-E - KLRK1","MHC-I","Cell-Cell Contact","PMID: 28484462","PBMC_Late"
"Treg","NK T","HLA-E","KLRK1",0.079563598000433,0,"HLA-E_KLRK1","HLA-E - KLRK1","MHC-I","Cell-Cell Contact","PMID: 28484462","PBMC_Late"
"abTentry","Th17like_INNATE_T","HLA-E","KLRK1",0.0128183666862451,0,"HLA-E_KLRK1","HLA-E - KLRK1","MHC-I","Cell-Cell Contact","PMID: 28484462","PBMC_Late"
"CD14+PPBP+ Monocytes","Th17like_INNATE_T","HLA-E","KLRK1",0.0204746769970436,0,"HLA-E_KLRK1","HLA-E - KLRK1","MHC-I","Cell-Cell Contact","PMID: 28484462","PBMC_Late"
"CD56highCD16low NK","Th17like_INNATE_T","HLA-E","KLRK1",0.00528513664271237,0,"HLA-E_KLRK1","HLA-E - KLRK1","MHC-I","Cell-Cell Contact","PMID: 28484462","PBMC_Late"
"Classical Monocytes","Th17like_INNATE_T","HLA-E","KLRK1",0.0132217285461535,0,"HLA-E_KLRK1","HLA-E - KLRK1","MHC-I","Cell-Cell Contact","PMID: 28484462","PBMC_Late"
"CX3CR1+ NK","Th17like_INNATE_T","HLA-E","KLRK1",0.0213476984592066,0,"HLA-E_KLRK1","HLA-E - KLRK1","MHC-I","Cell-Cell Contact","PMID: 28484462","PBMC_Late"
"CXCR5- Naïve B","Th17like_INNATE_T","HLA-E","KLRK1",0.0161583074574562,0,"HLA-E_KLRK1","HLA-E - KLRK1","MHC-I","Cell-Cell Contact","PMID: 28484462","PBMC_Late"
"CXCR5+ Naïve B","Th17like_INNATE_T","HLA-E","KLRK1",0.0151498582329452,0,"HLA-E_KLRK1","HLA-E - KLRK1","MHC-I","Cell-Cell Contact","PMID: 28484462","PBMC_Late"
"CXCR6+ NK","Th17like_INNATE_T","HLA-E","KLRK1",0.0184616709509985,0,"HLA-E_KLRK1","HLA-E - KLRK1","MHC-I","Cell-Cell Contact","PMID: 28484462","PBMC_Late"
"DC2","Th17like_INNATE_T","HLA-E","KLRK1",0.011150285682607,0,"HLA-E_KLRK1","HLA-E - KLRK1","MHC-I","Cell-Cell Contact","PMID: 28484462","PBMC_Late"
"Gamma Delta V1 T","Th17like_INNATE_T","HLA-E","KLRK1",0.0185053713021905,0,"HLA-E_KLRK1","HLA-E - KLRK1","MHC-I","Cell-Cell Contact","PMID: 28484462","PBMC_Late"
"Gamma Delta V2 T","Th17like_INNATE_T","HLA-E","KLRK1",0.0188542275924528,0,"HLA-E_KLRK1","HLA-E - KLRK1","MHC-I","Cell-Cell Contact","PMID: 28484462","PBMC_Late"
"HSC_MPP","Th17like_INNATE_T","HLA-E","KLRK1",0.00975757094001002,0,"HLA-E_KLRK1","HLA-E - KLRK1","MHC-I","Cell-Cell Contact","PMID: 28484462","PBMC_Late"
"ILC2/3","Th17like_INNATE_T","HLA-E","KLRK1",0.0150342877921158,0,"HLA-E_KLRK1","HLA-E - KLRK1","MHC-I","Cell-Cell Contact","PMID: 28484462","PBMC_Late"
"Megakaryocytes","Th17like_INNATE_T","HLA-E","KLRK1",0.0272360885863556,0,"HLA-E_KLRK1","HLA-E - KLRK1","MHC-I","Cell-Cell Contact","PMID: 28484462","PBMC_Late"
"MEMP","Th17like_INNATE_T","HLA-E","KLRK1",0.00562695403169264,0,"HLA-E_KLRK1","HLA-E - KLRK1","MHC-I","Cell-Cell Contact","PMID: 28484462","PBMC_Late"
"MEP","Th17like_INNATE_T","HLA-E","KLRK1",0.00721986289327766,0,"HLA-E_KLRK1","HLA-E - KLRK1","MHC-I","Cell-Cell Contact","PMID: 28484462","PBMC_Late"
"Myeloid-CD177","Th17like_INNATE_T","HLA-E","KLRK1",0.00416194580549228,0,"HLA-E_KLRK1","HLA-E - KLRK1","MHC-I","Cell-Cell Contact","PMID: 28484462","PBMC_Late"
"Naïve CD4 T","Th17like_INNATE_T","HLA-E","KLRK1",0.0184410294214482,0,"HLA-E_KLRK1","HLA-E - KLRK1","MHC-I","Cell-Cell Contact","PMID: 28484462","PBMC_Late"
"Naïve CD8 T","Th17like_INNATE_T","HLA-E","KLRK1",0.0184266124013182,0,"HLA-E_KLRK1","HLA-E - KLRK1","MHC-I","Cell-Cell Contact","PMID: 28484462","PBMC_Late"
"NK T","Th17like_INNATE_T","HLA-E","KLRK1",0.0203731723272682,0,"HLA-E_KLRK1","HLA-E - KLRK1","MHC-I","Cell-Cell Contact","PMID: 28484462","PBMC_Late"
"pDC","Th17like_INNATE_T","HLA-E","KLRK1",0.00988359786884058,0,"HLA-E_KLRK1","HLA-E - KLRK1","MHC-I","Cell-Cell Contact","PMID: 28484462","PBMC_Late"
"Pro-B","Th17like_INNATE_T","HLA-E","KLRK1",0.00608745058826351,0,"HLA-E_KLRK1","HLA-E - KLRK1","MHC-I","Cell-Cell Contact","PMID: 28484462","PBMC_Late"
"Tem","Th17like_INNATE_T","HLA-E","KLRK1",0.0190716872762029,0,"HLA-E_KLRK1","HLA-E - KLRK1","MHC-I","Cell-Cell Contact","PMID: 28484462","PBMC_Late"
"Th17like_INNATE_T","Th17like_INNATE_T","HLA-E","KLRK1",0.0200875280858188,0,"HLA-E_KLRK1","HLA-E - KLRK1","MHC-I","Cell-Cell Contact","PMID: 28484462","PBMC_Late"
"Treg","Th17like_INNATE_T","HLA-E","KLRK1",0.0191843644411072,0,"HLA-E_KLRK1","HLA-E - KLRK1","MHC-I","Cell-Cell Contact","PMID: 28484462","PBMC_Late"
"abTentry","CX3CR1+ NK","HLA-E","CD94:NKG2A",0.0940965317859374,0,"HLA-E_CD94:NKG2A","HLA-E - CD94:NKG2A","MHC-I","Cell-Cell Contact","PMID: 28484462","PBMC_Late"
"CD14+PPBP+ Monocytes","CX3CR1+ NK","HLA-E","CD94:NKG2A",0.143254788194076,0,"HLA-E_CD94:NKG2A","HLA-E - CD94:NKG2A","MHC-I","Cell-Cell Contact","PMID: 28484462","PBMC_Late"
"CD56highCD16low NK","CX3CR1+ NK","HLA-E","CD94:NKG2A",0.0407696149498504,0,"HLA-E_CD94:NKG2A","HLA-E - CD94:NKG2A","MHC-I","Cell-Cell Contact","PMID: 28484462","PBMC_Late"
"Classical Monocytes","CX3CR1+ NK","HLA-E","CD94:NKG2A",0.0968067039716414,0,"HLA-E_CD94:NKG2A","HLA-E - CD94:NKG2A","MHC-I","Cell-Cell Contact","PMID: 28484462","PBMC_Late"
"CX3CR1+ NK","CX3CR1+ NK","HLA-E","CD94:NKG2A",0.148568990088624,0,"HLA-E_CD94:NKG2A","HLA-E - CD94:NKG2A","MHC-I","Cell-Cell Contact","PMID: 28484462","PBMC_Late"
"CXCR5- Naïve B","CX3CR1+ NK","HLA-E","CD94:NKG2A",0.11612307097099,0,"HLA-E_CD94:NKG2A","HLA-E - CD94:NKG2A","MHC-I","Cell-Cell Contact","PMID: 28484462","PBMC_Late"
"CXCR5+ Naïve B","CX3CR1+ NK","HLA-E","CD94:NKG2A",0.10957058609211,0,"HLA-E_CD94:NKG2A","HLA-E - CD94:NKG2A","MHC-I","Cell-Cell Contact","PMID: 28484462","PBMC_Late"
"CXCR6+ NK","CX3CR1+ NK","HLA-E","CD94:NKG2A",0.130782143726791,0,"HLA-E_CD94:NKG2A","HLA-E - CD94:NKG2A","MHC-I","Cell-Cell Contact","PMID: 28484462","PBMC_Late"
"DC2","CX3CR1+ NK","HLA-E","CD94:NKG2A",0.0827380271694109,0,"HLA-E_CD94:NKG2A","HLA-E - CD94:NKG2A","MHC-I","Cell-Cell Contact","PMID: 28484462","PBMC_Late"
"Gamma Delta V1 T","CX3CR1+ NK","HLA-E","CD94:NKG2A",0.131056216646363,0,"HLA-E_CD94:NKG2A","HLA-E - CD94:NKG2A","MHC-I","Cell-Cell Contact","PMID: 28484462","PBMC_Late"
"Gamma Delta V2 T","CX3CR1+ NK","HLA-E","CD94:NKG2A",0.133238807358968,0,"HLA-E_CD94:NKG2A","HLA-E - CD94:NKG2A","MHC-I","Cell-Cell Contact","PMID: 28484462","PBMC_Late"
"HSC_MPP","CX3CR1+ NK","HLA-E","CD94:NKG2A",0.0730643994246178,0,"HLA-E_CD94:NKG2A","HLA-E - CD94:NKG2A","MHC-I","Cell-Cell Contact","PMID: 28484462","PBMC_Late"
"ILC2/3","CX3CR1+ NK","HLA-E","CD94:NKG2A",0.108814311906562,0,"HLA-E_CD94:NKG2A","HLA-E - CD94:NKG2A","MHC-I","Cell-Cell Contact","PMID: 28484462","PBMC_Late"
"Megakaryocytes","CX3CR1+ NK","HLA-E","CD94:NKG2A",0.182987718548503,0,"HLA-E_CD94:NKG2A","HLA-E - CD94:NKG2A","MHC-I","Cell-Cell Contact","PMID: 28484462","PBMC_Late"
"MEMP","CX3CR1+ NK","HLA-E","CD94:NKG2A",0.0433064838775174,0,"HLA-E_CD94:NKG2A","HLA-E - CD94:NKG2A","MHC-I","Cell-Cell Contact","PMID: 28484462","PBMC_Late"
"MEP","CX3CR1+ NK","HLA-E","CD94:NKG2A",0.0549761962910679,0,"HLA-E_CD94:NKG2A","HLA-E - CD94:NKG2A","MHC-I","Cell-Cell Contact","PMID: 28484462","PBMC_Late"
"Myeloid-CD177","CX3CR1+ NK","HLA-E","CD94:NKG2A",0.0323505613879717,0,"HLA-E_CD94:NKG2A","HLA-E - CD94:NKG2A","MHC-I","Cell-Cell Contact","PMID: 28484462","PBMC_Late"
"Naïve CD4 T","CX3CR1+ NK","HLA-E","CD94:NKG2A",0.130652635825192,0,"HLA-E_CD94:NKG2A","HLA-E - CD94:NKG2A","MHC-I","Cell-Cell Contact","PMID: 28484462","PBMC_Late"
"Naïve CD8 T","CX3CR1+ NK","HLA-E","CD94:NKG2A",0.130562161723134,0,"HLA-E_CD94:NKG2A","HLA-E - CD94:NKG2A","MHC-I","Cell-Cell Contact","PMID: 28484462","PBMC_Late"
"NK T","CX3CR1+ NK","HLA-E","CD94:NKG2A",0.142633226718515,0,"HLA-E_CD94:NKG2A","HLA-E - CD94:NKG2A","MHC-I","Cell-Cell Contact","PMID: 28484462","PBMC_Late"
"pDC","CX3CR1+ NK","HLA-E","CD94:NKG2A",0.0739470260619912,0,"HLA-E_CD94:NKG2A","HLA-E - CD94:NKG2A","MHC-I","Cell-Cell Contact","PMID: 28484462","PBMC_Late"
"Pro-B","CX3CR1+ NK","HLA-E","CD94:NKG2A",0.0467057467019842,0,"HLA-E_CD94:NKG2A","HLA-E - CD94:NKG2A","MHC-I","Cell-Cell Contact","PMID: 28484462","PBMC_Late"
"Tem","CX3CR1+ NK","HLA-E","CD94:NKG2A",0.134594568214189,0,"HLA-E_CD94:NKG2A","HLA-E - CD94:NKG2A","MHC-I","Cell-Cell Contact","PMID: 28484462","PBMC_Late"
"Th17like_INNATE_T","CX3CR1+ NK","HLA-E","CD94:NKG2A",0.140879935335175,0,"HLA-E_CD94:NKG2A","HLA-E - CD94:NKG2A","MHC-I","Cell-Cell Contact","PMID: 28484462","PBMC_Late"
"Treg","CX3CR1+ NK","HLA-E","CD94:NKG2A",0.135295627268143,0,"HLA-E_CD94:NKG2A","HLA-E - CD94:NKG2A","MHC-I","Cell-Cell Contact","PMID: 28484462","PBMC_Late"
"abTentry","CXCR6+ NK","HLA-E","CD94:NKG2A",0.0857360102765164,0,"HLA-E_CD94:NKG2A","HLA-E - CD94:NKG2A","MHC-I","Cell-Cell Contact","PMID: 28484462","PBMC_Late"
"CD14+PPBP+ Monocytes","CXCR6+ NK","HLA-E","CD94:NKG2A",0.131158903463505,0,"HLA-E_CD94:NKG2A","HLA-E - CD94:NKG2A","MHC-I","Cell-Cell Contact","PMID: 28484462","PBMC_Late"
"CD56highCD16low NK","CXCR6+ NK","HLA-E","CD94:NKG2A",0.0369539361605107,0,"HLA-E_CD94:NKG2A","HLA-E - CD94:NKG2A","MHC-I","Cell-Cell Contact","PMID: 28484462","PBMC_Late"
"Classical Monocytes","CXCR6+ NK","HLA-E","CD94:NKG2A",0.0882288346672578,0,"HLA-E_CD94:NKG2A","HLA-E - CD94:NKG2A","MHC-I","Cell-Cell Contact","PMID: 28484462","PBMC_Late"
"CX3CR1+ NK","CXCR6+ NK","HLA-E","CD94:NKG2A",0.136095673139777,0,"HLA-E_CD94:NKG2A","HLA-E - CD94:NKG2A","MHC-I","Cell-Cell Contact","PMID: 28484462","PBMC_Late"
"CXCR5- Naïve B","CXCR6+ NK","HLA-E","CD94:NKG2A",0.106034552735391,0,"HLA-E_CD94:NKG2A","HLA-E - CD94:NKG2A","MHC-I","Cell-Cell Contact","PMID: 28484462","PBMC_Late"
"CXCR5+ Naïve B","CXCR6+ NK","HLA-E","CD94:NKG2A",0.0999869362931025,0,"HLA-E_CD94:NKG2A","HLA-E - CD94:NKG2A","MHC-I","Cell-Cell Contact","PMID: 28484462","PBMC_Late"
"CXCR6+ NK","CXCR6+ NK","HLA-E","CD94:NKG2A",0.119592393942141,0,"HLA-E_CD94:NKG2A","HLA-E - CD94:NKG2A","MHC-I","Cell-Cell Contact","PMID: 28484462","PBMC_Late"
"DC2","CXCR6+ NK","HLA-E","CD94:NKG2A",0.0753028241748407,0,"HLA-E_CD94:NKG2A","HLA-E - CD94:NKG2A","MHC-I","Cell-Cell Contact","PMID: 28484462","PBMC_Late"
"Gamma Delta V1 T","CXCR6+ NK","HLA-E","CD94:NKG2A",0.119846250330362,0,"HLA-E_CD94:NKG2A","HLA-E - CD94:NKG2A","MHC-I","Cell-Cell Contact","PMID: 28484462","PBMC_Late"
"Gamma Delta V2 T","CXCR6+ NK","HLA-E","CD94:NKG2A",0.121868334859687,0,"HLA-E_CD94:NKG2A","HLA-E - CD94:NKG2A","MHC-I","Cell-Cell Contact","PMID: 28484462","PBMC_Late"
"HSC_MPP","CXCR6+ NK","HLA-E","CD94:NKG2A",0.066435548342285,0,"HLA-E_CD94:NKG2A","HLA-E - CD94:NKG2A","MHC-I","Cell-Cell Contact","PMID: 28484462","PBMC_Late"
"ILC2/3","CXCR6+ NK","HLA-E","CD94:NKG2A",0.0992894340522923,0,"HLA-E_CD94:NKG2A","HLA-E - CD94:NKG2A","MHC-I","Cell-Cell Contact","PMID: 28484462","PBMC_Late"
"Megakaryocytes","CXCR6+ NK","HLA-E","CD94:NKG2A",0.168195568282167,0,"HLA-E_CD94:NKG2A","HLA-E - CD94:NKG2A","MHC-I","Cell-Cell Contact","PMID: 28484462","PBMC_Late"
"MEMP","CXCR6+ NK","HLA-E","CD94:NKG2A",0.0392630947825732,0,"HLA-E_CD94:NKG2A","HLA-E - CD94:NKG2A","MHC-I","Cell-Cell Contact","PMID: 28484462","PBMC_Late"
"MEP","CXCR6+ NK","HLA-E","CD94:NKG2A",0.0499000736006363,0,"HLA-E_CD94:NKG2A","HLA-E - CD94:NKG2A","MHC-I","Cell-Cell Contact","PMID: 28484462","PBMC_Late"
"Myeloid-CD177","CXCR6+ NK","HLA-E","CD94:NKG2A",0.0292987650945288,0,"HLA-E_CD94:NKG2A","HLA-E - CD94:NKG2A","MHC-I","Cell-Cell Contact","PMID: 28484462","PBMC_Late"
"Naïve CD4 T","CXCR6+ NK","HLA-E","CD94:NKG2A",0.119472443739952,0,"HLA-E_CD94:NKG2A","HLA-E - CD94:NKG2A","MHC-I","Cell-Cell Contact","PMID: 28484462","PBMC_Late"
"Naïve CD8 T","CXCR6+ NK","HLA-E","CD94:NKG2A",0.119388648452463,0,"HLA-E_CD94:NKG2A","HLA-E - CD94:NKG2A","MHC-I","Cell-Cell Contact","PMID: 28484462","PBMC_Late"
"NK T","CXCR6+ NK","HLA-E","CD94:NKG2A",0.130581825108254,0,"HLA-E_CD94:NKG2A","HLA-E - CD94:NKG2A","MHC-I","Cell-Cell Contact","PMID: 28484462","PBMC_Late"
"pDC","CXCR6+ NK","HLA-E","CD94:NKG2A",0.0672439068234234,0,"HLA-E_CD94:NKG2A","HLA-E - CD94:NKG2A","MHC-I","Cell-Cell Contact","PMID: 28484462","PBMC_Late"
"Pro-B","CXCR6+ NK","HLA-E","CD94:NKG2A",0.0423590316160562,0,"HLA-E_CD94:NKG2A","HLA-E - CD94:NKG2A","MHC-I","Cell-Cell Contact","PMID: 28484462","PBMC_Late"
"Tem","CXCR6+ NK","HLA-E","CD94:NKG2A",0.123124831657167,0,"HLA-E_CD94:NKG2A","HLA-E - CD94:NKG2A","MHC-I","Cell-Cell Contact","PMID: 28484462","PBMC_Late"
"Th17like_INNATE_T","CXCR6+ NK","HLA-E","CD94:NKG2A",0.128954391955345,0,"HLA-E_CD94:NKG2A","HLA-E - CD94:NKG2A","MHC-I","Cell-Cell Contact","PMID: 28484462","PBMC_Late"
"Treg","CXCR6+ NK","HLA-E","CD94:NKG2A",0.123774693227367,0,"HLA-E_CD94:NKG2A","HLA-E - CD94:NKG2A","MHC-I","Cell-Cell Contact","PMID: 28484462","PBMC_Late"
"abTentry","CX3CR1+ NK","HLA-E","CD94:NKG2C",0.0543283619073588,0,"HLA-E_CD94:NKG2C","HLA-E - CD94:NKG2C","MHC-I","Cell-Cell Contact","PMID: 28484462","PBMC_Late"
"CD14+PPBP+ Monocytes","CX3CR1+ NK","HLA-E","CD94:NKG2C",0.0846521832086455,0,"HLA-E_CD94:NKG2C","HLA-E - CD94:NKG2C","MHC-I","Cell-Cell Contact","PMID: 28484462","PBMC_Late"
"CD56highCD16low NK","CX3CR1+ NK","HLA-E","CD94:NKG2C",0.0229676818791191,0,"HLA-E_CD94:NKG2C","HLA-E - CD94:NKG2C","MHC-I","Cell-Cell Contact","PMID: 28484462","PBMC_Late"
"Classical Monocytes","CX3CR1+ NK","HLA-E","CD94:NKG2C",0.0559638891390332,0,"HLA-E_CD94:NKG2C","HLA-E - CD94:NKG2C","MHC-I","Cell-Cell Contact","PMID: 28484462","PBMC_Late"
"CX3CR1+ NK","CX3CR1+ NK","HLA-E","CD94:NKG2C",0.0880157876931236,0,"HLA-E_CD94:NKG2C","HLA-E - CD94:NKG2C","MHC-I","Cell-Cell Contact","PMID: 28484462","PBMC_Late"
"CXCR5- Naïve B","CX3CR1+ NK","HLA-E","CD94:NKG2C",0.0677419085414046,0,"HLA-E_CD94:NKG2C","HLA-E - CD94:NKG2C","MHC-I","Cell-Cell Contact","PMID: 28484462","PBMC_Late"
"CXCR5+ Naïve B","CX3CR1+ NK","HLA-E","CD94:NKG2C",0.0637226126440588,0,"HLA-E_CD94:NKG2C","HLA-E - CD94:NKG2C","MHC-I","Cell-Cell Contact","PMID: 28484462","PBMC_Late"
"CXCR6+ NK","CX3CR1+ NK","HLA-E","CD94:NKG2C",0.076824319144912,0,"HLA-E_CD94:NKG2C","HLA-E - CD94:NKG2C","MHC-I","Cell-Cell Contact","PMID: 28484462","PBMC_Late"
"DC2","CX3CR1+ NK","HLA-E","CD94:NKG2C",0.047518515672991,0,"HLA-E_CD94:NKG2C","HLA-E - CD94:NKG2C","MHC-I","Cell-Cell Contact","PMID: 28484462","PBMC_Late"
"Gamma Delta V1 T","CX3CR1+ NK","HLA-E","CD94:NKG2C",0.076995331942348,0,"HLA-E_CD94:NKG2C","HLA-E - CD94:NKG2C","MHC-I","Cell-Cell Contact","PMID: 28484462","PBMC_Late"
"Gamma Delta V2 T","CX3CR1+ NK","HLA-E","CD94:NKG2C",0.0783587891100537,0,"HLA-E_CD94:NKG2C","HLA-E - CD94:NKG2C","MHC-I","Cell-Cell Contact","PMID: 28484462","PBMC_Late"
"HSC_MPP","CX3CR1+ NK","HLA-E","CD94:NKG2C",0.0417751702892294,0,"HLA-E_CD94:NKG2C","HLA-E - CD94:NKG2C","MHC-I","Cell-Cell Contact","PMID: 28484462","PBMC_Late"
"ILC2/3","CX3CR1+ NK","HLA-E","CD94:NKG2C",0.0632603065848046,0,"HLA-E_CD94:NKG2C","HLA-E - CD94:NKG2C","MHC-I","Cell-Cell Contact","PMID: 28484462","PBMC_Late"
"Megakaryocytes","CX3CR1+ NK","HLA-E","CD94:NKG2C",0.110222290428476,0,"HLA-E_CD94:NKG2C","HLA-E - CD94:NKG2C","MHC-I","Cell-Cell Contact","PMID: 28484462","PBMC_Late"
"MEMP","CX3CR1+ NK","HLA-E","CD94:NKG2C",0.024425040376664,0,"HLA-E_CD94:NKG2C","HLA-E - CD94:NKG2C","MHC-I","Cell-Cell Contact","PMID: 28484462","PBMC_Late"
"MEP","CX3CR1+ NK","HLA-E","CD94:NKG2C",0.0311725915742327,0,"HLA-E_CD94:NKG2C","HLA-E - CD94:NKG2C","MHC-I","Cell-Cell Contact","PMID: 28484462","PBMC_Late"
"Myeloid-CD177","CX3CR1+ NK","HLA-E","CD94:NKG2C",0.0181552053997495,0,"HLA-E_CD94:NKG2C","HLA-E - CD94:NKG2C","MHC-I","Cell-Cell Contact","PMID: 28484462","PBMC_Late"
"Naïve CD4 T","CX3CR1+ NK","HLA-E","CD94:NKG2C",0.0767435258062946,0,"HLA-E_CD94:NKG2C","HLA-E - CD94:NKG2C","MHC-I","Cell-Cell Contact","PMID: 28484462","PBMC_Late"
"Naïve CD8 T","CX3CR1+ NK","HLA-E","CD94:NKG2C",0.0766870895463633,0,"HLA-E_CD94:NKG2C","HLA-E - CD94:NKG2C","MHC-I","Cell-Cell Contact","PMID: 28484462","PBMC_Late"
"NK T","CX3CR1+ NK","HLA-E","CD94:NKG2C",0.084259882857373,0,"HLA-E_CD94:NKG2C","HLA-E - CD94:NKG2C","MHC-I","Cell-Cell Contact","PMID: 28484462","PBMC_Late"
"pDC","CX3CR1+ NK","HLA-E","CD94:NKG2C",0.042297066840482,0,"HLA-E_CD94:NKG2C","HLA-E - CD94:NKG2C","MHC-I","Cell-Cell Contact","PMID: 28484462","PBMC_Late"
"Pro-B","CX3CR1+ NK","HLA-E","CD94:NKG2C",0.0263831104733822,0,"HLA-E_CD94:NKG2C","HLA-E - CD94:NKG2C","MHC-I","Cell-Cell Contact","PMID: 28484462","PBMC_Late"
"Tem","CX3CR1+ NK","HLA-E","CD94:NKG2C",0.0792071534202473,0,"HLA-E_CD94:NKG2C","HLA-E - CD94:NKG2C","MHC-I","Cell-Cell Contact","PMID: 28484462","PBMC_Late"
"Th17like_INNATE_T","CX3CR1+ NK","HLA-E","CD94:NKG2C",0.0831545412490169,0,"HLA-E_CD94:NKG2C","HLA-E - CD94:NKG2C","MHC-I","Cell-Cell Contact","PMID: 28484462","PBMC_Late"
"Treg","CX3CR1+ NK","HLA-E","CD94:NKG2C",0.0796462687479329,0,"HLA-E_CD94:NKG2C","HLA-E - CD94:NKG2C","MHC-I","Cell-Cell Contact","PMID: 28484462","PBMC_Late"
"abTentry","CXCR6+ NK","HLA-E","CD94:NKG2C",0.072570235954161,0,"HLA-E_CD94:NKG2C","HLA-E - CD94:NKG2C","MHC-I","Cell-Cell Contact","PMID: 28484462","PBMC_Late"
"CD14+PPBP+ Monocytes","CXCR6+ NK","HLA-E","CD94:NKG2C",0.111871412581052,0,"HLA-E_CD94:NKG2C","HLA-E - CD94:NKG2C","MHC-I","Cell-Cell Contact","PMID: 28484462","PBMC_Late"
"CD56highCD16low NK","CXCR6+ NK","HLA-E","CD94:NKG2C",0.0310250191014009,0,"HLA-E_CD94:NKG2C","HLA-E - CD94:NKG2C","MHC-I","Cell-Cell Contact","PMID: 28484462","PBMC_Late"
"Classical Monocytes","CXCR6+ NK","HLA-E","CD94:NKG2C",0.0747115395343534,0,"HLA-E_CD94:NKG2C","HLA-E - CD94:NKG2C","MHC-I","Cell-Cell Contact","PMID: 28484462","PBMC_Late"
"CX3CR1+ NK","CXCR6+ NK","HLA-E","CD94:NKG2C",0.116179284060772,0,"HLA-E_CD94:NKG2C","HLA-E - CD94:NKG2C","MHC-I","Cell-Cell Contact","PMID: 28484462","PBMC_Late"
"CXCR5- Naïve B","CXCR6+ NK","HLA-E","CD94:NKG2C",0.0900587432698964,0,"HLA-E_CD94:NKG2C","HLA-E - CD94:NKG2C","MHC-I","Cell-Cell Contact","PMID: 28484462","PBMC_Late"
"CXCR5+ Naïve B","CXCR6+ NK","HLA-E","CD94:NKG2C",0.0848358288667066,0,"HLA-E_CD94:NKG2C","HLA-E - CD94:NKG2C","MHC-I","Cell-Cell Contact","PMID: 28484462","PBMC_Late"
"CXCR6+ NK","CXCR6+ NK","HLA-E","CD94:NKG2C",0.10180650517452,0,"HLA-E_CD94:NKG2C","HLA-E - CD94:NKG2C","MHC-I","Cell-Cell Contact","PMID: 28484462","PBMC_Late"
"DC2","CXCR6+ NK","HLA-E","CD94:NKG2C",0.0636276885409489,0,"HLA-E_CD94:NKG2C","HLA-E - CD94:NKG2C","MHC-I","Cell-Cell Contact","PMID: 28484462","PBMC_Late"
"Gamma Delta V1 T","CXCR6+ NK","HLA-E","CD94:NKG2C",0.102026982945648,0,"HLA-E_CD94:NKG2C","HLA-E - CD94:NKG2C","MHC-I","Cell-Cell Contact","PMID: 28484462","PBMC_Late"
"Gamma Delta V2 T","CXCR6+ NK","HLA-E","CD94:NKG2C",0.103783866670721,0,"HLA-E_CD94:NKG2C","HLA-E - CD94:NKG2C","MHC-I","Cell-Cell Contact","PMID: 28484462","PBMC_Late"
"HSC_MPP","CXCR6+ NK","HLA-E","CD94:NKG2C",0.0560518812404783,0,"HLA-E_CD94:NKG2C","HLA-E - CD94:NKG2C","MHC-I","Cell-Cell Contact","PMID: 28484462","PBMC_Late"
"ILC2/3","CXCR6+ NK","HLA-E","CD94:NKG2C",0.0842341277042029,0,"HLA-E_CD94:NKG2C","HLA-E - CD94:NKG2C","MHC-I","Cell-Cell Contact","PMID: 28484462","PBMC_Late"
"Megakaryocytes","CXCR6+ NK","HLA-E","CD94:NKG2C",0.144366648224757,0,"HLA-E_CD94:NKG2C","HLA-E - CD94:NKG2C","MHC-I","Cell-Cell Contact","PMID: 28484462","PBMC_Late"
"MEMP","CXCR6+ NK","HLA-E","CD94:NKG2C",0.0329763805831081,0,"HLA-E_CD94:NKG2C","HLA-E - CD94:NKG2C","MHC-I","Cell-Cell Contact","PMID: 28484462","PBMC_Late"
"MEP","CXCR6+ NK","HLA-E","CD94:NKG2C",0.0419846206039695,0,"HLA-E_CD94:NKG2C","HLA-E - CD94:NKG2C","MHC-I","Cell-Cell Contact","PMID: 28484462","PBMC_Late"
"Myeloid-CD177","CXCR6+ NK","HLA-E","CD94:NKG2C",0.0245667187179397,0,"HLA-E_CD94:NKG2C","HLA-E - CD94:NKG2C","MHC-I","Cell-Cell Contact","PMID: 28484462","PBMC_Late"
"Naïve CD4 T","CXCR6+ NK","HLA-E","CD94:NKG2C",0.101702333349245,0,"HLA-E_CD94:NKG2C","HLA-E - CD94:NKG2C","MHC-I","Cell-Cell Contact","PMID: 28484462","PBMC_Late"
"Naïve CD8 T","CXCR6+ NK","HLA-E","CD94:NKG2C",0.101629563087369,0,"HLA-E_CD94:NKG2C","HLA-E - CD94:NKG2C","MHC-I","Cell-Cell Contact","PMID: 28484462","PBMC_Late"
"NK T","CXCR6+ NK","HLA-E","CD94:NKG2C",0.111368318499847,0,"HLA-E_CD94:NKG2C","HLA-E - CD94:NKG2C","MHC-I","Cell-Cell Contact","PMID: 28484462","PBMC_Late"
"pDC","CXCR6+ NK","HLA-E","CD94:NKG2C",0.0567415749527767,0,"HLA-E_CD94:NKG2C","HLA-E - CD94:NKG2C","MHC-I","Cell-Cell Contact","PMID: 28484462","PBMC_Late"
"Pro-B","CXCR6+ NK","HLA-E","CD94:NKG2C",0.0355949693433912,0,"HLA-E_CD94:NKG2C","HLA-E - CD94:NKG2C","MHC-I","Cell-Cell Contact","PMID: 28484462","PBMC_Late"
"Tem","CXCR6+ NK","HLA-E","CD94:NKG2C",0.104876176144289,0,"HLA-E_CD94:NKG2C","HLA-E - CD94:NKG2C","MHC-I","Cell-Cell Contact","PMID: 28484462","PBMC_Late"
"Th17like_INNATE_T","CXCR6+ NK","HLA-E","CD94:NKG2C",0.109950059437579,0,"HLA-E_CD94:NKG2C","HLA-E - CD94:NKG2C","MHC-I","Cell-Cell Contact","PMID: 28484462","PBMC_Late"
"Treg","CXCR6+ NK","HLA-E","CD94:NKG2C",0.105441301900103,0,"HLA-E_CD94:NKG2C","HLA-E - CD94:NKG2C","MHC-I","Cell-Cell Contact","PMID: 28484462","PBMC_Late"
"abTentry","NK T","HLA-E","CD94:NKG2C",0.0356331482393881,0,"HLA-E_CD94:NKG2C","HLA-E - CD94:NKG2C","MHC-I","Cell-Cell Contact","PMID: 28484462","PBMC_Late"
"CD14+PPBP+ Monocytes","NK T","HLA-E","CD94:NKG2C",0.0561415691458668,0,"HLA-E_CD94:NKG2C","HLA-E - CD94:NKG2C","MHC-I","Cell-Cell Contact","PMID: 28484462","PBMC_Late"
"CD56highCD16low NK","NK T","HLA-E","CD94:NKG2C",0.014894186615924,0,"HLA-E_CD94:NKG2C","HLA-E - CD94:NKG2C","MHC-I","Cell-Cell Contact","PMID: 28484462","PBMC_Late"
"Classical Monocytes","NK T","HLA-E","CD94:NKG2C",0.036727723977651,0,"HLA-E_CD94:NKG2C","HLA-E - CD94:NKG2C","MHC-I","Cell-Cell Contact","PMID: 28484462","PBMC_Late"
"CX3CR1+ NK","NK T","HLA-E","CD94:NKG2C",0.0584446534746081,0,"HLA-E_CD94:NKG2C","HLA-E - CD94:NKG2C","MHC-I","Cell-Cell Contact","PMID: 28484462","PBMC_Late"
"CXCR5- Naïve B","NK T","HLA-E","CD94:NKG2C",0.0446488199743867,0,"HLA-E_CD94:NKG2C","HLA-E - CD94:NKG2C","MHC-I","Cell-Cell Contact","PMID: 28484462","PBMC_Late"
"CXCR5+ Naïve B","NK T","HLA-E","CD94:NKG2C",0.041938056709593,0,"HLA-E_CD94:NKG2C","HLA-E - CD94:NKG2C","MHC-I","Cell-Cell Contact","PMID: 28484462","PBMC_Late"
"CXCR6+ NK","NK T","HLA-E","CD94:NKG2C",0.0508037813670688,0,"HLA-E_CD94:NKG2C","HLA-E - CD94:NKG2C","MHC-I","Cell-Cell Contact","PMID: 28484462","PBMC_Late"
"DC2","NK T","HLA-E","CD94:NKG2C",0.0310896334053443,0,"HLA-E_CD94:NKG2C","HLA-E - CD94:NKG2C","MHC-I","Cell-Cell Contact","PMID: 28484462","PBMC_Late"
"Gamma Delta V1 T","NK T","HLA-E","CD94:NKG2C",0.0509200666685729,0,"HLA-E_CD94:NKG2C","HLA-E - CD94:NKG2C","MHC-I","Cell-Cell Contact","PMID: 28484462","PBMC_Late"
"Gamma Delta V2 T","NK T","HLA-E","CD94:NKG2C",0.051847712673454,0,"HLA-E_CD94:NKG2C","HLA-E - CD94:NKG2C","MHC-I","Cell-Cell Contact","PMID: 28484462","PBMC_Late"
"HSC_MPP","NK T","HLA-E","CD94:NKG2C",0.02727511005891,0,"HLA-E_CD94:NKG2C","HLA-E - CD94:NKG2C","MHC-I","Cell-Cell Contact","PMID: 28484462","PBMC_Late"
"ILC2/3","NK T","HLA-E","CD94:NKG2C",0.0416267703682175,0,"HLA-E_CD94:NKG2C","HLA-E - CD94:NKG2C","MHC-I","Cell-Cell Contact","PMID: 28484462","PBMC_Late"
"Megakaryocytes","NK T","HLA-E","CD94:NKG2C",0.0737940192298459,0,"HLA-E_CD94:NKG2C","HLA-E - CD94:NKG2C","MHC-I","Cell-Cell Contact","PMID: 28484462","PBMC_Late"
"MEMP","NK T","HLA-E","CD94:NKG2C",0.0158475703735159,0,"HLA-E_CD94:NKG2C","HLA-E - CD94:NKG2C","MHC-I","Cell-Cell Contact","PMID: 28484462","PBMC_Late"
"MEP","NK T","HLA-E","CD94:NKG2C",0.0202747939250444,0,"HLA-E_CD94:NKG2C","HLA-E - CD94:NKG2C","MHC-I","Cell-Cell Contact","PMID: 28484462","PBMC_Late"
"Myeloid-CD177","NK T","HLA-E","CD94:NKG2C",0.0117530205263814,0,"HLA-E_CD94:NKG2C","HLA-E - CD94:NKG2C","MHC-I","Cell-Cell Contact","PMID: 28484462","PBMC_Late"
"Naïve CD4 T","NK T","HLA-E","CD94:NKG2C",0.0507488485787226,0,"HLA-E_CD94:NKG2C","HLA-E - CD94:NKG2C","MHC-I","Cell-Cell Contact","PMID: 28484462","PBMC_Late"
"Naïve CD8 T","NK T","HLA-E","CD94:NKG2C",0.050710478521311,0,"HLA-E_CD94:NKG2C","HLA-E - CD94:NKG2C","MHC-I","Cell-Cell Contact","PMID: 28484462","PBMC_Late"
"NK T","NK T","HLA-E","CD94:NKG2C",0.0558733294138577,0,"HLA-E_CD94:NKG2C","HLA-E - CD94:NKG2C","MHC-I","Cell-Cell Contact","PMID: 28484462","PBMC_Late"
"pDC","NK T","HLA-E","CD94:NKG2C",0.0276210792513967,0,"HLA-E_CD94:NKG2C","HLA-E - CD94:NKG2C","MHC-I","Cell-Cell Contact","PMID: 28484462","PBMC_Late"
"Pro-B","NK T","HLA-E","CD94:NKG2C",0.0171300886855862,0,"HLA-E_CD94:NKG2C","HLA-E - CD94:NKG2C","MHC-I","Cell-Cell Contact","PMID: 28484462","PBMC_Late"
"Tem","NK T","HLA-E","CD94:NKG2C",0.0524253772810803,0,"HLA-E_CD94:NKG2C","HLA-E - CD94:NKG2C","MHC-I","Cell-Cell Contact","PMID: 28484462","PBMC_Late"
"Th17like_INNATE_T","NK T","HLA-E","CD94:NKG2C",0.0551179560329999,0,"HLA-E_CD94:NKG2C","HLA-E - CD94:NKG2C","MHC-I","Cell-Cell Contact","PMID: 28484462","PBMC_Late"
"Treg","NK T","HLA-E","CD94:NKG2C",0.0527245191994966,0,"HLA-E_CD94:NKG2C","HLA-E - CD94:NKG2C","MHC-I","Cell-Cell Contact","PMID: 28484462","PBMC_Late"
"abTentry","CXCR6+ NK","HLA-E","CD94:NKG2E",0.0380074256773112,0,"HLA-E_CD94:NKG2E","HLA-E - CD94:NKG2E","MHC-I","Cell-Cell Contact","PMID: 28484462","PBMC_Late"
"CD14+PPBP+ Monocytes","CXCR6+ NK","HLA-E","CD94:NKG2E",0.0597976134292164,0,"HLA-E_CD94:NKG2E","HLA-E - CD94:NKG2E","MHC-I","Cell-Cell Contact","PMID: 28484462","PBMC_Late"
"CD56highCD16low NK","CXCR6+ NK","HLA-E","CD94:NKG2E",0.0159094002127065,0,"HLA-E_CD94:NKG2E","HLA-E - CD94:NKG2E","MHC-I","Cell-Cell Contact","PMID: 28484462","PBMC_Late"
"Classical Monocytes","CXCR6+ NK","HLA-E","CD94:NKG2E",0.0391719717638103,0,"HLA-E_CD94:NKG2E","HLA-E - CD94:NKG2E","MHC-I","Cell-Cell Contact","PMID: 28484462","PBMC_Late"
"CX3CR1+ NK","CXCR6+ NK","HLA-E","CD94:NKG2E",0.0622407887315659,0,"HLA-E_CD94:NKG2E","HLA-E - CD94:NKG2E","MHC-I","Cell-Cell Contact","PMID: 28484462","PBMC_Late"
"CXCR5- Naïve B","CXCR6+ NK","HLA-E","CD94:NKG2E",0.047594174516903,0,"HLA-E_CD94:NKG2E","HLA-E - CD94:NKG2E","MHC-I","Cell-Cell Contact","PMID: 28484462","PBMC_Late"
"CXCR5+ Naïve B","CXCR6+ NK","HLA-E","CD94:NKG2E",0.044712959285644,0,"HLA-E_CD94:NKG2E","HLA-E - CD94:NKG2E","MHC-I","Cell-Cell Contact","PMID: 28484462","PBMC_Late"
"CXCR6+ NK","CXCR6+ NK","HLA-E","CD94:NKG2E",0.0541321548358875,0,"HLA-E_CD94:NKG2E","HLA-E - CD94:NKG2E","MHC-I","Cell-Cell Contact","PMID: 28484462","PBMC_Late"
"DC2","CXCR6+ NK","HLA-E","CD94:NKG2E",0.033171584666036,0,"HLA-E_CD94:NKG2E","HLA-E - CD94:NKG2E","MHC-I","Cell-Cell Contact","PMID: 28484462","PBMC_Late"
"Gamma Delta V1 T","CXCR6+ NK","HLA-E","CD94:NKG2E",0.0542556230245795,0,"HLA-E_CD94:NKG2E","HLA-E - CD94:NKG2E","MHC-I","Cell-Cell Contact","PMID: 28484462","PBMC_Late"
"Gamma Delta V2 T","CXCR6+ NK","HLA-E","CD94:NKG2E",0.0552404983141638,0,"HLA-E_CD94:NKG2E","HLA-E - CD94:NKG2E","MHC-I","Cell-Cell Contact","PMID: 28484462","PBMC_Late"
"HSC_MPP","CXCR6+ NK","HLA-E","CD94:NKG2E",0.0291092919765934,0,"HLA-E_CD94:NKG2E","HLA-E - CD94:NKG2E","MHC-I","Cell-Cell Contact","PMID: 28484462","PBMC_Late"
"ILC2/3","CXCR6+ NK","HLA-E","CD94:NKG2E",0.0443820302982365,0,"HLA-E_CD94:NKG2E","HLA-E - CD94:NKG2E","MHC-I","Cell-Cell Contact","PMID: 28484462","PBMC_Late"
"Megakaryocytes","CXCR6+ NK","HLA-E","CD94:NKG2E",0.0785040111861733,0,"HLA-E_CD94:NKG2E","HLA-E - CD94:NKG2E","MHC-I","Cell-Cell Contact","PMID: 28484462","PBMC_Late"
"MEMP","CXCR6+ NK","HLA-E","CD94:NKG2E",0.0169266516637956,0,"HLA-E_CD94:NKG2E","HLA-E - CD94:NKG2E","MHC-I","Cell-Cell Contact","PMID: 28484462","PBMC_Late"
"MEP","CXCR6+ NK","HLA-E","CD94:NKG2E",0.0216486993130156,0,"HLA-E_CD94:NKG2E","HLA-E - CD94:NKG2E","MHC-I","Cell-Cell Contact","PMID: 28484462","PBMC_Late"
"Myeloid-CD177","CXCR6+ NK","HLA-E","CD94:NKG2E",0.0125568559570693,0,"HLA-E_CD94:NKG2E","HLA-E - CD94:NKG2E","MHC-I","Cell-Cell Contact","PMID: 28484462","PBMC_Late"
"Naïve CD4 T","CXCR6+ NK","HLA-E","CD94:NKG2E",0.0540738281863294,0,"HLA-E_CD94:NKG2E","HLA-E - CD94:NKG2E","MHC-I","Cell-Cell Contact","PMID: 28484462","PBMC_Late"
"Naïve CD8 T","CXCR6+ NK","HLA-E","CD94:NKG2E",0.0540330872850939,0,"HLA-E_CD94:NKG2E","HLA-E - CD94:NKG2E","MHC-I","Cell-Cell Contact","PMID: 28484462","PBMC_Late"
"NK T","CXCR6+ NK","HLA-E","CD94:NKG2E",0.0595130068480231,0,"HLA-E_CD94:NKG2E","HLA-E - CD94:NKG2E","MHC-I","Cell-Cell Contact","PMID: 28484462","PBMC_Late"
"pDC","CXCR6+ NK","HLA-E","CD94:NKG2E",0.0294778216710881,0,"HLA-E_CD94:NKG2E","HLA-E - CD94:NKG2E","MHC-I","Cell-Cell Contact","PMID: 28484462","PBMC_Late"
"Pro-B","CXCR6+ NK","HLA-E","CD94:NKG2E",0.0182948748971711,0,"HLA-E_CD94:NKG2E","HLA-E - CD94:NKG2E","MHC-I","Cell-Cell Contact","PMID: 28484462","PBMC_Late"
"Tem","CXCR6+ NK","HLA-E","CD94:NKG2E",0.0558537370830948,0,"HLA-E_CD94:NKG2E","HLA-E - CD94:NKG2E","MHC-I","Cell-Cell Contact","PMID: 28484462","PBMC_Late"
"Th17like_INNATE_T","CXCR6+ NK","HLA-E","CD94:NKG2E",0.0587114871846835,0,"HLA-E_CD94:NKG2E","HLA-E - CD94:NKG2E","MHC-I","Cell-Cell Contact","PMID: 28484462","PBMC_Late"
"Treg","CXCR6+ NK","HLA-E","CD94:NKG2E",0.0561712817605861,0,"HLA-E_CD94:NKG2E","HLA-E - CD94:NKG2E","MHC-I","Cell-Cell Contact","PMID: 28484462","PBMC_Late"
"abTentry","NK T","HLA-E","CD94:NKG2E",0.0192519790286259,0,"HLA-E_CD94:NKG2E","HLA-E - CD94:NKG2E","MHC-I","Cell-Cell Contact","PMID: 28484462","PBMC_Late"
"CD14+PPBP+ Monocytes","NK T","HLA-E","CD94:NKG2E",0.0306317970721514,0,"HLA-E_CD94:NKG2E","HLA-E - CD94:NKG2E","MHC-I","Cell-Cell Contact","PMID: 28484462","PBMC_Late"
"CD56highCD16low NK","NK T","HLA-E","CD94:NKG2E",0.00796829638520641,0,"HLA-E_CD94:NKG2E","HLA-E - CD94:NKG2E","MHC-I","Cell-Cell Contact","PMID: 28484462","PBMC_Late"
"Classical Monocytes","NK T","HLA-E","CD94:NKG2E",0.0198537189685327,0,"HLA-E_CD94:NKG2E","HLA-E - CD94:NKG2E","MHC-I","Cell-Cell Contact","PMID: 28484462","PBMC_Late"
"CX3CR1+ NK","NK T","HLA-E","CD94:NKG2E",0.0319237939424645,0,"HLA-E_CD94:NKG2E","HLA-E - CD94:NKG2E","MHC-I","Cell-Cell Contact","PMID: 28484462","PBMC_Late"
"CXCR5- Naïve B","NK T","HLA-E","CD94:NKG2E",0.0242271152564601,0,"HLA-E_CD94:NKG2E","HLA-E - CD94:NKG2E","MHC-I","Cell-Cell Contact","PMID: 28484462","PBMC_Late"
"CXCR5+ Naïve B","NK T","HLA-E","CD94:NKG2E",0.0227267197761363,0,"HLA-E_CD94:NKG2E","HLA-E - CD94:NKG2E","MHC-I","Cell-Cell Contact","PMID: 28484462","PBMC_Late"
"CXCR6+ NK","NK T","HLA-E","CD94:NKG2E",0.0276483620535434,0,"HLA-E_CD94:NKG2E","HLA-E - CD94:NKG2E","MHC-I","Cell-Cell Contact","PMID: 28484462","PBMC_Late"
"DC2","NK T","HLA-E","CD94:NKG2E",0.016760893282778,0,"HLA-E_CD94:NKG2E","HLA-E - CD94:NKG2E","MHC-I","Cell-Cell Contact","PMID: 28484462","PBMC_Late"
"Gamma Delta V1 T","NK T","HLA-E","CD94:NKG2E",0.027713194109475,0,"HLA-E_CD94:NKG2E","HLA-E - CD94:NKG2E","MHC-I","Cell-Cell Contact","PMID: 28484462","PBMC_Late"
"Gamma Delta V2 T","NK T","HLA-E","CD94:NKG2E",0.0282306400725458,0,"HLA-E_CD94:NKG2E","HLA-E - CD94:NKG2E","MHC-I","Cell-Cell Contact","PMID: 28484462","PBMC_Late"
"HSC_MPP","NK T","HLA-E","CD94:NKG2E",0.014677793473285,0,"HLA-E_CD94:NKG2E","HLA-E - CD94:NKG2E","MHC-I","Cell-Cell Contact","PMID: 28484462","PBMC_Late"
"ILC2/3","NK T","HLA-E","CD94:NKG2E",0.0225546730867215,0,"HLA-E_CD94:NKG2E","HLA-E - CD94:NKG2E","MHC-I","Cell-Cell Contact","PMID: 28484462","PBMC_Late"
"Megakaryocytes","NK T","HLA-E","CD94:NKG2E",0.0406083673652404,0,"HLA-E_CD94:NKG2E","HLA-E - CD94:NKG2E","MHC-I","Cell-Cell Contact","PMID: 28484462","PBMC_Late"
"MEMP","NK T","HLA-E","CD94:NKG2E",0.00848216796297348,0,"HLA-E_CD94:NKG2E","HLA-E - CD94:NKG2E","MHC-I","Cell-Cell Contact","PMID: 28484462","PBMC_Late"
"MEP","NK T","HLA-E","CD94:NKG2E",0.0108745070981177,0,"HLA-E_CD94:NKG2E","HLA-E - CD94:NKG2E","MHC-I","Cell-Cell Contact","PMID: 28484462","PBMC_Late"
"Myeloid-CD177","NK T","HLA-E","CD94:NKG2E",0.00627848283987837,0,"HLA-E_CD94:NKG2E","HLA-E - CD94:NKG2E","MHC-I","Cell-Cell Contact","PMID: 28484462","PBMC_Late"
"Naïve CD4 T","NK T","HLA-E","CD94:NKG2E",0.0276177381245705,0,"HLA-E_CD94:NKG2E","HLA-E - CD94:NKG2E","MHC-I","Cell-Cell Contact","PMID: 28484462","PBMC_Late"
"Naïve CD8 T","NK T","HLA-E","CD94:NKG2E",0.0275963485445657,0,"HLA-E_CD94:NKG2E","HLA-E - CD94:NKG2E","MHC-I","Cell-Cell Contact","PMID: 28484462","PBMC_Late"
"NK T","NK T","HLA-E","CD94:NKG2E",0.0304815047246025,0,"HLA-E_CD94:NKG2E","HLA-E - CD94:NKG2E","MHC-I","Cell-Cell Contact","PMID: 28484462","PBMC_Late"
"pDC","NK T","HLA-E","CD94:NKG2E",0.0148664150098246,0,"HLA-E_CD94:NKG2E","HLA-E - CD94:NKG2E","MHC-I","Cell-Cell Contact","PMID: 28484462","PBMC_Late"
"Pro-B","NK T","HLA-E","CD94:NKG2E",0.00917417264405498,0,"HLA-E_CD94:NKG2E","HLA-E - CD94:NKG2E","MHC-I","Cell-Cell Contact","PMID: 28484462","PBMC_Late"
"Tem","NK T","HLA-E","CD94:NKG2E",0.0285530976076353,0,"HLA-E_CD94:NKG2E","HLA-E - CD94:NKG2E","MHC-I","Cell-Cell Contact","PMID: 28484462","PBMC_Late"
"Th17like_INNATE_T","NK T","HLA-E","CD94:NKG2E",0.0300584841605003,0,"HLA-E_CD94:NKG2E","HLA-E - CD94:NKG2E","MHC-I","Cell-Cell Contact","PMID: 28484462","PBMC_Late"
"Treg","NK T","HLA-E","CD94:NKG2E",0.0287201516626244,0,"HLA-E_CD94:NKG2E","HLA-E - CD94:NKG2E","MHC-I","Cell-Cell Contact","PMID: 28484462","PBMC_Late"
"CD14+PPBP+ Monocytes","CD14+PPBP+ Monocytes","HLA-DPA1","CD4",0.0313916775959417,0,"HLA-DPA1_CD4","HLA-DPA1 - CD4","MHC-II","Cell-Cell Contact","KEGG: hsa04514","PBMC_Late"
"Classical Monocytes","CD14+PPBP+ Monocytes","HLA-DPA1","CD4",0.0306502190174356,0,"HLA-DPA1_CD4","HLA-DPA1 - CD4","MHC-II","Cell-Cell Contact","KEGG: hsa04514","PBMC_Late"
"CXCR5- Naïve B","CD14+PPBP+ Monocytes","HLA-DPA1","CD4",0.0663528436991734,0,"HLA-DPA1_CD4","HLA-DPA1 - CD4","MHC-II","Cell-Cell Contact","KEGG: hsa04514","PBMC_Late"
"CXCR5+ Naïve B","CD14+PPBP+ Monocytes","HLA-DPA1","CD4",0.0744222199305181,0,"HLA-DPA1_CD4","HLA-DPA1 - CD4","MHC-II","Cell-Cell Contact","KEGG: hsa04514","PBMC_Late"
"DC2","CD14+PPBP+ Monocytes","HLA-DPA1","CD4",0.098594567149726,0,"HLA-DPA1_CD4","HLA-DPA1 - CD4","MHC-II","Cell-Cell Contact","KEGG: hsa04514","PBMC_Late"
"HSC_MPP","CD14+PPBP+ Monocytes","HLA-DPA1","CD4",0.0375530571609371,0,"HLA-DPA1_CD4","HLA-DPA1 - CD4","MHC-II","Cell-Cell Contact","KEGG: hsa04514","PBMC_Late"
"MEMP","CD14+PPBP+ Monocytes","HLA-DPA1","CD4",0.0169993015012237,0,"HLA-DPA1_CD4","HLA-DPA1 - CD4","MHC-II","Cell-Cell Contact","KEGG: hsa04514","PBMC_Late"
"MEP","CD14+PPBP+ Monocytes","HLA-DPA1","CD4",0.0104553946202599,0,"HLA-DPA1_CD4","HLA-DPA1 - CD4","MHC-II","Cell-Cell Contact","KEGG: hsa04514","PBMC_Late"
"pDC","CD14+PPBP+ Monocytes","HLA-DPA1","CD4",0.0642852807709187,0,"HLA-DPA1_CD4","HLA-DPA1 - CD4","MHC-II","Cell-Cell Contact","KEGG: hsa04514","PBMC_Late"
"Pro-B","CD14+PPBP+ Monocytes","HLA-DPA1","CD4",0.0531453824768014,0,"HLA-DPA1_CD4","HLA-DPA1 - CD4","MHC-II","Cell-Cell Contact","KEGG: hsa04514","PBMC_Late"
"CD14+PPBP+ Monocytes","Classical Monocytes","HLA-DPA1","CD4",0.013267570951319,0,"HLA-DPA1_CD4","HLA-DPA1 - CD4","MHC-II","Cell-Cell Contact","KEGG: hsa04514","PBMC_Late"
"Classical Monocytes","Classical Monocytes","HLA-DPA1","CD4",0.0129484736762355,0,"HLA-DPA1_CD4","HLA-DPA1 - CD4","MHC-II","Cell-Cell Contact","KEGG: hsa04514","PBMC_Late"
"CXCR5- Naïve B","Classical Monocytes","HLA-DPA1","CD4",0.0286406182552098,0,"HLA-DPA1_CD4","HLA-DPA1 - CD4","MHC-II","Cell-Cell Contact","KEGG: hsa04514","PBMC_Late"
"CXCR5+ Naïve B","Classical Monocytes","HLA-DPA1","CD4",0.0322822715010066,0,"HLA-DPA1_CD4","HLA-DPA1 - CD4","MHC-II","Cell-Cell Contact","KEGG: hsa04514","PBMC_Late"
"DC2","Classical Monocytes","HLA-DPA1","CD4",0.0434094791081252,0,"HLA-DPA1_CD4","HLA-DPA1 - CD4","MHC-II","Cell-Cell Contact","KEGG: hsa04514","PBMC_Late"
"HSC_MPP","Classical Monocytes","HLA-DPA1","CD4",0.0159301590229491,0,"HLA-DPA1_CD4","HLA-DPA1 - CD4","MHC-II","Cell-Cell Contact","KEGG: hsa04514","PBMC_Late"
"MEMP","Classical Monocytes","HLA-DPA1","CD4",0.0071235772164813,0,"HLA-DPA1_CD4","HLA-DPA1 - CD4","MHC-II","Cell-Cell Contact","KEGG: hsa04514","PBMC_Late"
"MEP","Classical Monocytes","HLA-DPA1","CD4",0.00436446615195689,0,"HLA-DPA1_CD4","HLA-DPA1 - CD4","MHC-II","Cell-Cell Contact","KEGG: hsa04514","PBMC_Late"
"pDC","Classical Monocytes","HLA-DPA1","CD4",0.0277132921786532,0,"HLA-DPA1_CD4","HLA-DPA1 - CD4","MHC-II","Cell-Cell Contact","KEGG: hsa04514","PBMC_Late"
"Pro-B","Classical Monocytes","HLA-DPA1","CD4",0.0227567686640264,0,"HLA-DPA1_CD4","HLA-DPA1 - CD4","MHC-II","Cell-Cell Contact","KEGG: hsa04514","PBMC_Late"
"CD14+PPBP+ Monocytes","DC2","HLA-DPA1","CD4",0.0275532570704557,0,"HLA-DPA1_CD4","HLA-DPA1 - CD4","MHC-II","Cell-Cell Contact","KEGG: hsa04514","PBMC_Late"
"Classical Monocytes","DC2","HLA-DPA1","CD4",0.0268999425742692,0,"HLA-DPA1_CD4","HLA-DPA1 - CD4","MHC-II","Cell-Cell Contact","KEGG: hsa04514","PBMC_Late"
"CXCR5- Naïve B","DC2","HLA-DPA1","CD4",0.0584977183700609,0,"HLA-DPA1_CD4","HLA-DPA1 - CD4","MHC-II","Cell-Cell Contact","KEGG: hsa04514","PBMC_Late"
"CXCR5+ Naïve B","DC2","HLA-DPA1","CD4",0.0656790095666136,0,"HLA-DPA1_CD4","HLA-DPA1 - CD4","MHC-II","Cell-Cell Contact","KEGG: hsa04514","PBMC_Late"
"DC2","DC2","HLA-DPA1","CD4",0.0872793455212806,0,"HLA-DPA1_CD4","HLA-DPA1 - CD4","MHC-II","Cell-Cell Contact","KEGG: hsa04514","PBMC_Late"
"HSC_MPP","DC2","HLA-DPA1","CD4",0.0329869105419156,0,"HLA-DPA1_CD4","HLA-DPA1 - CD4","MHC-II","Cell-Cell Contact","KEGG: hsa04514","PBMC_Late"
"MEMP","DC2","HLA-DPA1","CD4",0.0148936504739278,0,"HLA-DPA1_CD4","HLA-DPA1 - CD4","MHC-II","Cell-Cell Contact","KEGG: hsa04514","PBMC_Late"
"MEP","DC2","HLA-DPA1","CD4",0.00915276985584426,0,"HLA-DPA1_CD4","HLA-DPA1 - CD4","MHC-II","Cell-Cell Contact","KEGG: hsa04514","PBMC_Late"
"pDC","DC2","HLA-DPA1","CD4",0.0566600680221218,0,"HLA-DPA1_CD4","HLA-DPA1 - CD4","MHC-II","Cell-Cell Contact","KEGG: hsa04514","PBMC_Late"
"Pro-B","DC2","HLA-DPA1","CD4",0.0467754776313143,0,"HLA-DPA1_CD4","HLA-DPA1 - CD4","MHC-II","Cell-Cell Contact","KEGG: hsa04514","PBMC_Late"
"CD14+PPBP+ Monocytes","Naïve CD4 T","HLA-DPA1","CD4",0.0116412757482379,0,"HLA-DPA1_CD4","HLA-DPA1 - CD4","MHC-II","Cell-Cell Contact","KEGG: hsa04514","PBMC_Late"
"Classical Monocytes","Naïve CD4 T","HLA-DPA1","CD4",0.0113608420257379,0,"HLA-DPA1_CD4","HLA-DPA1 - CD4","MHC-II","Cell-Cell Contact","KEGG: hsa04514","PBMC_Late"
"CXCR5- Naïve B","Naïve CD4 T","HLA-DPA1","CD4",0.0251780283382857,0,"HLA-DPA1_CD4","HLA-DPA1 - CD4","MHC-II","Cell-Cell Contact","KEGG: hsa04514","PBMC_Late"
"CXCR5+ Naïve B","Naïve CD4 T","HLA-DPA1","CD4",0.0283922822286097,0,"HLA-DPA1_CD4","HLA-DPA1 - CD4","MHC-II","Cell-Cell Contact","KEGG: hsa04514","PBMC_Late"
"DC2","Naïve CD4 T","HLA-DPA1","CD4",0.0382316415476112,0,"HLA-DPA1_CD4","HLA-DPA1 - CD4","MHC-II","Cell-Cell Contact","KEGG: hsa04514","PBMC_Late"
"HSC_MPP","Naïve CD4 T","HLA-DPA1","CD4",0.0139821172531339,0,"HLA-DPA1_CD4","HLA-DPA1 - CD4","MHC-II","Cell-Cell Contact","KEGG: hsa04514","PBMC_Late"
"MEMP","Naïve CD4 T","HLA-DPA1","CD4",0.0062456256629424,0,"HLA-DPA1_CD4","HLA-DPA1 - CD4","MHC-II","Cell-Cell Contact","KEGG: hsa04514","PBMC_Late"
"MEP","Naïve CD4 T","HLA-DPA1","CD4",0.00382525356716126,0,"HLA-DPA1_CD4","HLA-DPA1 - CD4","MHC-II","Cell-Cell Contact","KEGG: hsa04514","PBMC_Late"
"pDC","Naïve CD4 T","HLA-DPA1","CD4",0.0243600024472119,0,"HLA-DPA1_CD4","HLA-DPA1 - CD4","MHC-II","Cell-Cell Contact","KEGG: hsa04514","PBMC_Late"
"Pro-B","Naïve CD4 T","HLA-DPA1","CD4",0.0199908839620027,0,"HLA-DPA1_CD4","HLA-DPA1 - CD4","MHC-II","Cell-Cell Contact","KEGG: hsa04514","PBMC_Late"
"CD14+PPBP+ Monocytes","pDC","HLA-DPA1","CD4",0.0432894692048039,0,"HLA-DPA1_CD4","HLA-DPA1 - CD4","MHC-II","Cell-Cell Contact","KEGG: hsa04514","PBMC_Late"
"Classical Monocytes","pDC","HLA-DPA1","CD4",0.042279256078432,0,"HLA-DPA1_CD4","HLA-DPA1 - CD4","MHC-II","Cell-Cell Contact","KEGG: hsa04514","PBMC_Late"
"CXCR5- Naïve B","pDC","HLA-DPA1","CD4",0.0902664475727104,0,"HLA-DPA1_CD4","HLA-DPA1 - CD4","MHC-II","Cell-Cell Contact","KEGG: hsa04514","PBMC_Late"
"CXCR5+ Naïve B","pDC","HLA-DPA1","CD4",0.100929647020466,0,"HLA-DPA1_CD4","HLA-DPA1 - CD4","MHC-II","Cell-Cell Contact","KEGG: hsa04514","PBMC_Late"
"DC2","pDC","HLA-DPA1","CD4",0.132479303246469,0,"HLA-DPA1_CD4","HLA-DPA1 - CD4","MHC-II","Cell-Cell Contact","KEGG: hsa04514","PBMC_Late"
"HSC_MPP","pDC","HLA-DPA1","CD4",0.0516615280294378,0,"HLA-DPA1_CD4","HLA-DPA1 - CD4","MHC-II","Cell-Cell Contact","KEGG: hsa04514","PBMC_Late"
"MEMP","pDC","HLA-DPA1","CD4",0.0235749902692199,0,"HLA-DPA1_CD4","HLA-DPA1 - CD4","MHC-II","Cell-Cell Contact","KEGG: hsa04514","PBMC_Late"
"MEP","pDC","HLA-DPA1","CD4",0.0145371967093226,0,"HLA-DPA1_CD4","HLA-DPA1 - CD4","MHC-II","Cell-Cell Contact","KEGG: hsa04514","PBMC_Late"
"pDC","pDC","HLA-DPA1","CD4",0.0875235869900219,0,"HLA-DPA1_CD4","HLA-DPA1 - CD4","MHC-II","Cell-Cell Contact","KEGG: hsa04514","PBMC_Late"
"Pro-B","pDC","HLA-DPA1","CD4",0.0726694976201232,0,"HLA-DPA1_CD4","HLA-DPA1 - CD4","MHC-II","Cell-Cell Contact","KEGG: hsa04514","PBMC_Late"
"CD14+PPBP+ Monocytes","Tem","HLA-DPA1","CD4",0.011799207637563,0,"HLA-DPA1_CD4","HLA-DPA1 - CD4","MHC-II","Cell-Cell Contact","KEGG: hsa04514","PBMC_Late"
"Classical Monocytes","Tem","HLA-DPA1","CD4",0.0115150137234566,0,"HLA-DPA1_CD4","HLA-DPA1 - CD4","MHC-II","Cell-Cell Contact","KEGG: hsa04514","PBMC_Late"
"CXCR5- Naïve B","Tem","HLA-DPA1","CD4",0.0255148662705046,0,"HLA-DPA1_CD4","HLA-DPA1 - CD4","MHC-II","Cell-Cell Contact","KEGG: hsa04514","PBMC_Late"
"CXCR5+ Naïve B","Tem","HLA-DPA1","CD4",0.028770852117479,0,"HLA-DPA1_CD4","HLA-DPA1 - CD4","MHC-II","Cell-Cell Contact","KEGG: hsa04514","PBMC_Late"
"DC2","Tem","HLA-DPA1","CD4",0.038736174575362,0,"HLA-DPA1_CD4","HLA-DPA1 - CD4","MHC-II","Cell-Cell Contact","KEGG: hsa04514","PBMC_Late"
"HSC_MPP","Tem","HLA-DPA1","CD4",0.0141713509314613,0,"HLA-DPA1_CD4","HLA-DPA1 - CD4","MHC-II","Cell-Cell Contact","KEGG: hsa04514","PBMC_Late"
"MEMP","Tem","HLA-DPA1","CD4",0.00633082610037149,0,"HLA-DPA1_CD4","HLA-DPA1 - CD4","MHC-II","Cell-Cell Contact","KEGG: hsa04514","PBMC_Late"
"MEP","Tem","HLA-DPA1","CD4",0.00387756504710656,0.03,"HLA-DPA1_CD4","HLA-DPA1 - CD4","MHC-II","Cell-Cell Contact","KEGG: hsa04514","PBMC_Late"
"pDC","Tem","HLA-DPA1","CD4",0.0246861737625607,0,"HLA-DPA1_CD4","HLA-DPA1 - CD4","MHC-II","Cell-Cell Contact","KEGG: hsa04514","PBMC_Late"
"Pro-B","Tem","HLA-DPA1","CD4",0.0202597692227416,0,"HLA-DPA1_CD4","HLA-DPA1 - CD4","MHC-II","Cell-Cell Contact","KEGG: hsa04514","PBMC_Late"
"CD14+PPBP+ Monocytes","Treg","HLA-DPA1","CD4",0.0123858215134129,0,"HLA-DPA1_CD4","HLA-DPA1 - CD4","MHC-II","Cell-Cell Contact","KEGG: hsa04514","PBMC_Late"
"Classical Monocytes","Treg","HLA-DPA1","CD4",0.0120876713340803,0,"HLA-DPA1_CD4","HLA-DPA1 - CD4","MHC-II","Cell-Cell Contact","KEGG: hsa04514","PBMC_Late"
"CXCR5- Naïve B","Treg","HLA-DPA1","CD4",0.0267649043118874,0,"HLA-DPA1_CD4","HLA-DPA1 - CD4","MHC-II","Cell-Cell Contact","KEGG: hsa04514","PBMC_Late"
"CXCR5+ Naïve B","Treg","HLA-DPA1","CD4",0.030175469573347,0,"HLA-DPA1_CD4","HLA-DPA1 - CD4","MHC-II","Cell-Cell Contact","KEGG: hsa04514","PBMC_Late"
"DC2","Treg","HLA-DPA1","CD4",0.0406069663928972,0,"HLA-DPA1_CD4","HLA-DPA1 - CD4","MHC-II","Cell-Cell Contact","KEGG: hsa04514","PBMC_Late"
"HSC_MPP","Treg","HLA-DPA1","CD4",0.0148741240662848,0,"HLA-DPA1_CD4","HLA-DPA1 - CD4","MHC-II","Cell-Cell Contact","KEGG: hsa04514","PBMC_Late"
"MEMP","Treg","HLA-DPA1","CD4",0.00664740064326797,0,"HLA-DPA1_CD4","HLA-DPA1 - CD4","MHC-II","Cell-Cell Contact","KEGG: hsa04514","PBMC_Late"
"MEP","Treg","HLA-DPA1","CD4",0.00407196637218893,0,"HLA-DPA1_CD4","HLA-DPA1 - CD4","MHC-II","Cell-Cell Contact","KEGG: hsa04514","PBMC_Late"
"pDC","Treg","HLA-DPA1","CD4",0.0258966909830571,0,"HLA-DPA1_CD4","HLA-DPA1 - CD4","MHC-II","Cell-Cell Contact","KEGG: hsa04514","PBMC_Late"
"Pro-B","Treg","HLA-DPA1","CD4",0.0212579631132185,0,"HLA-DPA1_CD4","HLA-DPA1 - CD4","MHC-II","Cell-Cell Contact","KEGG: hsa04514","PBMC_Late"
"CD14+PPBP+ Monocytes","CD14+PPBP+ Monocytes","HLA-DPB1","CD4",0.0269907643119252,0,"HLA-DPB1_CD4","HLA-DPB1 - CD4","MHC-II","Cell-Cell Contact","KEGG: hsa04514","PBMC_Late"
"Classical Monocytes","CD14+PPBP+ Monocytes","HLA-DPB1","CD4",0.0131671626902071,0,"HLA-DPB1_CD4","HLA-DPB1 - CD4","MHC-II","Cell-Cell Contact","KEGG: hsa04514","PBMC_Late"
"CXCR5- Naïve B","CD14+PPBP+ Monocytes","HLA-DPB1","CD4",0.0723516858744405,0,"HLA-DPB1_CD4","HLA-DPB1 - CD4","MHC-II","Cell-Cell Contact","KEGG: hsa04514","PBMC_Late"
"CXCR5+ Naïve B","CD14+PPBP+ Monocytes","HLA-DPB1","CD4",0.0777364394712922,0,"HLA-DPB1_CD4","HLA-DPB1 - CD4","MHC-II","Cell-Cell Contact","KEGG: hsa04514","PBMC_Late"
"DC2","CD14+PPBP+ Monocytes","HLA-DPB1","CD4",0.0956916874491857,0,"HLA-DPB1_CD4","HLA-DPB1 - CD4","MHC-II","Cell-Cell Contact","KEGG: hsa04514","PBMC_Late"
"HSC_MPP","CD14+PPBP+ Monocytes","HLA-DPB1","CD4",0.0369291727079835,0,"HLA-DPB1_CD4","HLA-DPB1 - CD4","MHC-II","Cell-Cell Contact","KEGG: hsa04514","PBMC_Late"
"MEMP","CD14+PPBP+ Monocytes","HLA-DPB1","CD4",0.017564935061249,0,"HLA-DPB1_CD4","HLA-DPB1 - CD4","MHC-II","Cell-Cell Contact","KEGG: hsa04514","PBMC_Late"
"MEP","CD14+PPBP+ Monocytes","HLA-DPB1","CD4",0.00425186251121333,0,"HLA-DPB1_CD4","HLA-DPB1 - CD4","MHC-II","Cell-Cell Contact","KEGG: hsa04514","PBMC_Late"
"pDC","CD14+PPBP+ Monocytes","HLA-DPB1","CD4",0.0584202875551552,0,"HLA-DPB1_CD4","HLA-DPB1 - CD4","MHC-II","Cell-Cell Contact","KEGG: hsa04514","PBMC_Late"
"Pro-B","CD14+PPBP+ Monocytes","HLA-DPB1","CD4",0.0505369482624559,0,"HLA-DPB1_CD4","HLA-DPB1 - CD4","MHC-II","Cell-Cell Contact","KEGG: hsa04514","PBMC_Late"
"CD14+PPBP+ Monocytes","Classical Monocytes","HLA-DPB1","CD4",0.0113776956620682,0,"HLA-DPB1_CD4","HLA-DPB1 - CD4","MHC-II","Cell-Cell Contact","KEGG: hsa04514","PBMC_Late"
"Classical Monocytes","Classical Monocytes","HLA-DPB1","CD4",0.00550524680489496,0,"HLA-DPB1_CD4","HLA-DPB1 - CD4","MHC-II","Cell-Cell Contact","KEGG: hsa04514","PBMC_Late"
"CXCR5- Naïve B","Classical Monocytes","HLA-DPB1","CD4",0.0313444290989064,0,"HLA-DPB1_CD4","HLA-DPB1 - CD4","MHC-II","Cell-Cell Contact","KEGG: hsa04514","PBMC_Late"
"CXCR5+ Naïve B","Classical Monocytes","HLA-DPB1","CD4",0.0337883927637222,0,"HLA-DPB1_CD4","HLA-DPB1 - CD4","MHC-II","Cell-Cell Contact","KEGG: hsa04514","PBMC_Late"
"DC2","Classical Monocytes","HLA-DPB1","CD4",0.0420555858841745,0,"HLA-DPB1_CD4","HLA-DPB1 - CD4","MHC-II","Cell-Cell Contact","KEGG: hsa04514","PBMC_Late"
"HSC_MPP","Classical Monocytes","HLA-DPB1","CD4",0.0156596597936035,0,"HLA-DPB1_CD4","HLA-DPB1 - CD4","MHC-II","Cell-Cell Contact","KEGG: hsa04514","PBMC_Late"
"MEMP","Classical Monocytes","HLA-DPB1","CD4",0.00736306799911514,0,"HLA-DPB1_CD4","HLA-DPB1 - CD4","MHC-II","Cell-Cell Contact","KEGG: hsa04514","PBMC_Late"
"MEP","Classical Monocytes","HLA-DPB1","CD4",0.00176842522389483,0,"HLA-DPB1_CD4","HLA-DPB1 - CD4","MHC-II","Cell-Cell Contact","KEGG: hsa04514","PBMC_Late"
"pDC","Classical Monocytes","HLA-DPB1","CD4",0.0250954159502724,0,"HLA-DPB1_CD4","HLA-DPB1 - CD4","MHC-II","Cell-Cell Contact","KEGG: hsa04514","PBMC_Late"
"Pro-B","Classical Monocytes","HLA-DPB1","CD4",0.0216058073053729,0,"HLA-DPB1_CD4","HLA-DPB1 - CD4","MHC-II","Cell-Cell Contact","KEGG: hsa04514","PBMC_Late"
"CD14+PPBP+ Monocytes","DC2","HLA-DPB1","CD4",0.0236773116815309,0,"HLA-DPB1_CD4","HLA-DPB1 - CD4","MHC-II","Cell-Cell Contact","KEGG: hsa04514","PBMC_Late"
"Classical Monocytes","DC2","HLA-DPB1","CD4",0.0115306189235138,0,"HLA-DPB1_CD4","HLA-DPB1 - CD4","MHC-II","Cell-Cell Contact","KEGG: hsa04514","PBMC_Late"
"CXCR5- Naïve B","DC2","HLA-DPB1","CD4",0.0638349479953014,0,"HLA-DPB1_CD4","HLA-DPB1 - CD4","MHC-II","Cell-Cell Contact","KEGG: hsa04514","PBMC_Late"
"CXCR5+ Naïve B","DC2","HLA-DPB1","CD4",0.068632742089507,0,"HLA-DPB1_CD4","HLA-DPB1 - CD4","MHC-II","Cell-Cell Contact","KEGG: hsa04514","PBMC_Late"
"DC2","DC2","HLA-DPB1","CD4",0.0846783191156463,0,"HLA-DPB1_CD4","HLA-DPB1 - CD4","MHC-II","Cell-Cell Contact","KEGG: hsa04514","PBMC_Late"
"HSC_MPP","DC2","HLA-DPB1","CD4",0.0324363287642798,0,"HLA-DPB1_CD4","HLA-DPB1 - CD4","MHC-II","Cell-Cell Contact","KEGG: hsa04514","PBMC_Late"
"MEMP","DC2","HLA-DPB1","CD4",0.0153903176935494,0,"HLA-DPB1_CD4","HLA-DPB1 - CD4","MHC-II","Cell-Cell Contact","KEGG: hsa04514","PBMC_Late"
"MEP","DC2","HLA-DPB1","CD4",0.0037192232629136,0,"HLA-DPB1_CD4","HLA-DPB1 - CD4","MHC-II","Cell-Cell Contact","KEGG: hsa04514","PBMC_Late"
"pDC","DC2","HLA-DPB1","CD4",0.0514524987899461,0,"HLA-DPB1_CD4","HLA-DPB1 - CD4","MHC-II","Cell-Cell Contact","KEGG: hsa04514","PBMC_Late"
"Pro-B","DC2","HLA-DPB1","CD4",0.0444650034973689,0,"HLA-DPB1_CD4","HLA-DPB1 - CD4","MHC-II","Cell-Cell Contact","KEGG: hsa04514","PBMC_Late"
"CD14+PPBP+ Monocytes","Naïve CD4 T","HLA-DPB1","CD4",0.00998071198819709,0,"HLA-DPB1_CD4","HLA-DPB1 - CD4","MHC-II","Cell-Cell Contact","KEGG: hsa04514","PBMC_Late"
"Classical Monocytes","Naïve CD4 T","HLA-DPB1","CD4",0.00482577838992382,0,"HLA-DPB1_CD4","HLA-DPB1 - CD4","MHC-II","Cell-Cell Contact","KEGG: hsa04514","PBMC_Late"
"CXCR5- Naïve B","Naïve CD4 T","HLA-DPB1","CD4",0.0275642301971769,0,"HLA-DPB1_CD4","HLA-DPB1 - CD4","MHC-II","Cell-Cell Contact","KEGG: hsa04514","PBMC_Late"
"CXCR5+ Naïve B","Naïve CD4 T","HLA-DPB1","CD4",0.0297224911967317,0,"HLA-DPB1_CD4","HLA-DPB1 - CD4","MHC-II","Cell-Cell Contact","KEGG: hsa04514","PBMC_Late"
"DC2","Naïve CD4 T","HLA-DPB1","CD4",0.0370329874162019,0,"HLA-DPB1_CD4","HLA-DPB1 - CD4","MHC-II","Cell-Cell Contact","KEGG: hsa04514","PBMC_Late"
"HSC_MPP","Naïve CD4 T","HLA-DPB1","CD4",0.0137442344036234,0,"HLA-DPB1_CD4","HLA-DPB1 - CD4","MHC-II","Cell-Cell Contact","KEGG: hsa04514","PBMC_Late"
"MEMP","Naïve CD4 T","HLA-DPB1","CD4",0.00645579211089039,0,"HLA-DPB1_CD4","HLA-DPB1 - CD4","MHC-II","Cell-Cell Contact","KEGG: hsa04514","PBMC_Late"
"MEP","Naïve CD4 T","HLA-DPB1","CD4",0.00154944412742994,0,"HLA-DPB1_CD4","HLA-DPB1 - CD4","MHC-II","Cell-Cell Contact","KEGG: hsa04514","PBMC_Late"
"pDC","Naïve CD4 T","HLA-DPB1","CD4",0.022051703259456,0,"HLA-DPB1_CD4","HLA-DPB1 - CD4","MHC-II","Cell-Cell Contact","KEGG: hsa04514","PBMC_Late"
"Pro-B","Naïve CD4 T","HLA-DPB1","CD4",0.0189770953045249,0,"HLA-DPB1_CD4","HLA-DPB1 - CD4","MHC-II","Cell-Cell Contact","KEGG: hsa04514","PBMC_Late"
"CD14+PPBP+ Monocytes","pDC","HLA-DPB1","CD4",0.0372847676433916,0,"HLA-DPB1_CD4","HLA-DPB1 - CD4","MHC-II","Cell-Cell Contact","KEGG: hsa04514","PBMC_Late"
"Classical Monocytes","pDC","HLA-DPB1","CD4",0.0182880774307077,0,"HLA-DPB1_CD4","HLA-DPB1 - CD4","MHC-II","Cell-Cell Contact","KEGG: hsa04514","PBMC_Late"
"CXCR5- Naïve B","pDC","HLA-DPB1","CD4",0.098199880890616,0,"HLA-DPB1_CD4","HLA-DPB1 - CD4","MHC-II","Cell-Cell Contact","KEGG: hsa04514","PBMC_Late"
"CXCR5+ Naïve B","pDC","HLA-DPB1","CD4",0.105290029991093,0,"HLA-DPB1_CD4","HLA-DPB1 - CD4","MHC-II","Cell-Cell Contact","KEGG: hsa04514","PBMC_Late"
"DC2","pDC","HLA-DPB1","CD4",0.128721234713834,0,"HLA-DPB1_CD4","HLA-DPB1 - CD4","MHC-II","Cell-Cell Contact","KEGG: hsa04514","PBMC_Late"
"HSC_MPP","pDC","HLA-DPB1","CD4",0.0508156291234319,0,"HLA-DPB1_CD4","HLA-DPB1 - CD4","MHC-II","Cell-Cell Contact","KEGG: hsa04514","PBMC_Late"
"MEMP","pDC","HLA-DPB1","CD4",0.0243540020529548,0,"HLA-DPB1_CD4","HLA-DPB1 - CD4","MHC-II","Cell-Cell Contact","KEGG: hsa04514","PBMC_Late"
"MEP","pDC","HLA-DPB1","CD4",0.00592630052332412,0,"HLA-DPB1_CD4","HLA-DPB1 - CD4","MHC-II","Cell-Cell Contact","KEGG: hsa04514","PBMC_Late"
"pDC","pDC","HLA-DPB1","CD4",0.0797190994167296,0,"HLA-DPB1_CD4","HLA-DPB1 - CD4","MHC-II","Cell-Cell Contact","KEGG: hsa04514","PBMC_Late"
"Pro-B","pDC","HLA-DPB1","CD4",0.0691728046254857,0,"HLA-DPB1_CD4","HLA-DPB1 - CD4","MHC-II","Cell-Cell Contact","KEGG: hsa04514","PBMC_Late"
"CD14+PPBP+ Monocytes","Tem","HLA-DPB1","CD4",0.0101163463513392,0,"HLA-DPB1_CD4","HLA-DPB1 - CD4","MHC-II","Cell-Cell Contact","KEGG: hsa04514","PBMC_Late"
"Classical Monocytes","Tem","HLA-DPB1","CD4",0.00489170515667939,0,"HLA-DPB1_CD4","HLA-DPB1 - CD4","MHC-II","Cell-Cell Contact","KEGG: hsa04514","PBMC_Late"
"CXCR5- Naïve B","Tem","HLA-DPB1","CD4",0.0279320766200219,0,"HLA-DPB1_CD4","HLA-DPB1 - CD4","MHC-II","Cell-Cell Contact","KEGG: hsa04514","PBMC_Late"
"CXCR5+ Naïve B","Tem","HLA-DPB1","CD4",0.0301182476926269,0,"HLA-DPB1_CD4","HLA-DPB1 - CD4","MHC-II","Cell-Cell Contact","KEGG: hsa04514","PBMC_Late"
"DC2","Tem","HLA-DPB1","CD4",0.03752231925157,0,"HLA-DPB1_CD4","HLA-DPB1 - CD4","MHC-II","Cell-Cell Contact","KEGG: hsa04514","PBMC_Late"
"HSC_MPP","Tem","HLA-DPB1","CD4",0.0139302940650838,0,"HLA-DPB1_CD4","HLA-DPB1 - CD4","MHC-II","Cell-Cell Contact","KEGG: hsa04514","PBMC_Late"
"MEMP","Tem","HLA-DPB1","CD4",0.00654384067947924,0,"HLA-DPB1_CD4","HLA-DPB1 - CD4","MHC-II","Cell-Cell Contact","KEGG: hsa04514","PBMC_Late"
"pDC","Tem","HLA-DPB1","CD4",0.0223476752637771,0,"HLA-DPB1_CD4","HLA-DPB1 - CD4","MHC-II","Cell-Cell Contact","KEGG: hsa04514","PBMC_Late"
"Pro-B","Tem","HLA-DPB1","CD4",0.0192326123113991,0,"HLA-DPB1_CD4","HLA-DPB1 - CD4","MHC-II","Cell-Cell Contact","KEGG: hsa04514","PBMC_Late"
"CD14+PPBP+ Monocytes","Treg","HLA-DPB1","CD4",0.0106201936140955,0,"HLA-DPB1_CD4","HLA-DPB1 - CD4","MHC-II","Cell-Cell Contact","KEGG: hsa04514","PBMC_Late"
"Classical Monocytes","Treg","HLA-DPB1","CD4",0.00513668810648113,0,"HLA-DPB1_CD4","HLA-DPB1 - CD4","MHC-II","Cell-Cell Contact","KEGG: hsa04514","PBMC_Late"
"CXCR5- Naïve B","Treg","HLA-DPB1","CD4",0.0292969795855998,0,"HLA-DPB1_CD4","HLA-DPB1 - CD4","MHC-II","Cell-Cell Contact","KEGG: hsa04514","PBMC_Late"
"CXCR5+ Naïve B","Treg","HLA-DPB1","CD4",0.031586506803144,0,"HLA-DPB1_CD4","HLA-DPB1 - CD4","MHC-II","Cell-Cell Contact","KEGG: hsa04514","PBMC_Late"
"DC2","Treg","HLA-DPB1","CD4",0.039336886055887,0,"HLA-DPB1_CD4","HLA-DPB1 - CD4","MHC-II","Cell-Cell Contact","KEGG: hsa04514","PBMC_Late"
"HSC_MPP","Treg","HLA-DPB1","CD4",0.0146212902199904,0,"HLA-DPB1_CD4","HLA-DPB1 - CD4","MHC-II","Cell-Cell Contact","KEGG: hsa04514","PBMC_Late"
"MEMP","Treg","HLA-DPB1","CD4",0.00687099341462246,0,"HLA-DPB1_CD4","HLA-DPB1 - CD4","MHC-II","Cell-Cell Contact","KEGG: hsa04514","PBMC_Late"
"MEP","Treg","HLA-DPB1","CD4",0.00164961983370307,0.01,"HLA-DPB1_CD4","HLA-DPB1 - CD4","MHC-II","Cell-Cell Contact","KEGG: hsa04514","PBMC_Late"
"pDC","Treg","HLA-DPB1","CD4",0.0234462779670164,0,"HLA-DPB1_CD4","HLA-DPB1 - CD4","MHC-II","Cell-Cell Contact","KEGG: hsa04514","PBMC_Late"
"Pro-B","Treg","HLA-DPB1","CD4",0.0201812408786165,0,"HLA-DPB1_CD4","HLA-DPB1 - CD4","MHC-II","Cell-Cell Contact","KEGG: hsa04514","PBMC_Late"
"CXCR5- Naïve B","CD14+PPBP+ Monocytes","HLA-DQA1","CD4",0.056235871167041,0,"HLA-DQA1_CD4","HLA-DQA1 - CD4","MHC-II","Cell-Cell Contact","KEGG: hsa04514","PBMC_Late"
"CXCR5+ Naïve B","CD14+PPBP+ Monocytes","HLA-DQA1","CD4",0.0642371665490067,0,"HLA-DQA1_CD4","HLA-DQA1 - CD4","MHC-II","Cell-Cell Contact","KEGG: hsa04514","PBMC_Late"
"DC2","CD14+PPBP+ Monocytes","HLA-DQA1","CD4",0.0768335931093718,0,"HLA-DQA1_CD4","HLA-DQA1 - CD4","MHC-II","Cell-Cell Contact","KEGG: hsa04514","PBMC_Late"
"HSC_MPP","CD14+PPBP+ Monocytes","HLA-DQA1","CD4",0.00466282413130986,0,"HLA-DQA1_CD4","HLA-DQA1 - CD4","MHC-II","Cell-Cell Contact","KEGG: hsa04514","PBMC_Late"
"pDC","CD14+PPBP+ Monocytes","HLA-DQA1","CD4",0.0298454691940736,0,"HLA-DQA1_CD4","HLA-DQA1 - CD4","MHC-II","Cell-Cell Contact","KEGG: hsa04514","PBMC_Late"
"CXCR5- Naïve B","Classical Monocytes","HLA-DQA1","CD4",0.0241251365762136,0,"HLA-DQA1_CD4","HLA-DQA1 - CD4","MHC-II","Cell-Cell Contact","KEGG: hsa04514","PBMC_Late"
"CXCR5+ Naïve B","Classical Monocytes","HLA-DQA1","CD4",0.0276917401465353,0,"HLA-DQA1_CD4","HLA-DQA1 - CD4","MHC-II","Cell-Cell Contact","KEGG: hsa04514","PBMC_Late"
"DC2","Classical Monocytes","HLA-DQA1","CD4",0.0333774951199345,0,"HLA-DQA1_CD4","HLA-DQA1 - CD4","MHC-II","Cell-Cell Contact","KEGG: hsa04514","PBMC_Late"
"HSC_MPP","Classical Monocytes","HLA-DQA1","CD4",0.00193981908273087,0,"HLA-DQA1_CD4","HLA-DQA1 - CD4","MHC-II","Cell-Cell Contact","KEGG: hsa04514","PBMC_Late"
"pDC","Classical Monocytes","HLA-DQA1","CD4",0.0126024570144086,0,"HLA-DQA1_CD4","HLA-DQA1 - CD4","MHC-II","Cell-Cell Contact","KEGG: hsa04514","PBMC_Late"
"CXCR5- Naïve B","DC2","HLA-DQA1","CD4",0.0495149169923426,0,"HLA-DQA1_CD4","HLA-DQA1 - CD4","MHC-II","Cell-Cell Contact","KEGG: hsa04514","PBMC_Late"
"CXCR5+ Naïve B","DC2","HLA-DQA1","CD4",0.0566173155608635,0,"HLA-DQA1_CD4","HLA-DQA1 - CD4","MHC-II","Cell-Cell Contact","KEGG: hsa04514","PBMC_Late"
"DC2","DC2","HLA-DQA1","CD4",0.0678278517993668,0,"HLA-DQA1_CD4","HLA-DQA1 - CD4","MHC-II","Cell-Cell Contact","KEGG: hsa04514","PBMC_Late"
"HSC_MPP","DC2","HLA-DQA1","CD4",0.00407891379312622,0,"HLA-DQA1_CD4","HLA-DQA1 - CD4","MHC-II","Cell-Cell Contact","KEGG: hsa04514","PBMC_Late"
"pDC","DC2","HLA-DQA1","CD4",0.0261909992313286,0,"HLA-DQA1_CD4","HLA-DQA1 - CD4","MHC-II","Cell-Cell Contact","KEGG: hsa04514","PBMC_Late"
"CXCR5- Naïve B","Naïve CD4 T","HLA-DQA1","CD4",0.0211965461665275,0,"HLA-DQA1_CD4","HLA-DQA1 - CD4","MHC-II","Cell-Cell Contact","KEGG: hsa04514","PBMC_Late"
"CXCR5+ Naïve B","Naïve CD4 T","HLA-DQA1","CD4",0.0243409929112402,0,"HLA-DQA1_CD4","HLA-DQA1 - CD4","MHC-II","Cell-Cell Contact","KEGG: hsa04514","PBMC_Late"
"DC2","Naïve CD4 T","HLA-DQA1","CD4",0.029359536171207,0,"HLA-DQA1_CD4","HLA-DQA1 - CD4","MHC-II","Cell-Cell Contact","KEGG: hsa04514","PBMC_Late"
"HSC_MPP","Naïve CD4 T","HLA-DQA1","CD4",0.00169965071167685,0,"HLA-DQA1_CD4","HLA-DQA1 - CD4","MHC-II","Cell-Cell Contact","KEGG: hsa04514","PBMC_Late"
"pDC","Naïve CD4 T","HLA-DQA1","CD4",0.0110567757381414,0,"HLA-DQA1_CD4","HLA-DQA1 - CD4","MHC-II","Cell-Cell Contact","KEGG: hsa04514","PBMC_Late"
"CXCR5- Naïve B","pDC","HLA-DQA1","CD4",0.0768032511570694,0,"HLA-DQA1_CD4","HLA-DQA1 - CD4","MHC-II","Cell-Cell Contact","KEGG: hsa04514","PBMC_Late"
"CXCR5+ Naïve B","pDC","HLA-DQA1","CD4",0.0874597057572747,0,"HLA-DQA1_CD4","HLA-DQA1 - CD4","MHC-II","Cell-Cell Contact","KEGG: hsa04514","PBMC_Late"
"DC2","pDC","HLA-DQA1","CD4",0.104103293205711,0,"HLA-DQA1_CD4","HLA-DQA1 - CD4","MHC-II","Cell-Cell Contact","KEGG: hsa04514","PBMC_Late"
"HSC_MPP","pDC","HLA-DQA1","CD4",0.00649804795501517,0,"HLA-DQA1_CD4","HLA-DQA1 - CD4","MHC-II","Cell-Cell Contact","KEGG: hsa04514","PBMC_Late"
"pDC","pDC","HLA-DQA1","CD4",0.0411821469196048,0,"HLA-DQA1_CD4","HLA-DQA1 - CD4","MHC-II","Cell-Cell Contact","KEGG: hsa04514","PBMC_Late"
"CXCR5- Naïve B","Tem","HLA-DQA1","CD4",0.0214812925984825,0,"HLA-DQA1_CD4","HLA-DQA1 - CD4","MHC-II","Cell-Cell Contact","KEGG: hsa04514","PBMC_Late"
"CXCR5+ Naïve B","Tem","HLA-DQA1","CD4",0.0246669161312641,0,"HLA-DQA1_CD4","HLA-DQA1 - CD4","MHC-II","Cell-Cell Contact","KEGG: hsa04514","PBMC_Late"
"DC2","Tem","HLA-DQA1","CD4",0.0297506080843379,0,"HLA-DQA1_CD4","HLA-DQA1 - CD4","MHC-II","Cell-Cell Contact","KEGG: hsa04514","PBMC_Late"
"HSC_MPP","Tem","HLA-DQA1","CD4",0.00172294421582997,0,"HLA-DQA1_CD4","HLA-DQA1 - CD4","MHC-II","Cell-Cell Contact","KEGG: hsa04514","PBMC_Late"
"pDC","Tem","HLA-DQA1","CD4",0.0112068678950709,0,"HLA-DQA1_CD4","HLA-DQA1 - CD4","MHC-II","Cell-Cell Contact","KEGG: hsa04514","PBMC_Late"
"CXCR5- Naïve B","Treg","HLA-DQA1","CD4",0.0225382861504937,0,"HLA-DQA1_CD4","HLA-DQA1 - CD4","MHC-II","Cell-Cell Contact","KEGG: hsa04514","PBMC_Late"
"CXCR5+ Naïve B","Treg","HLA-DQA1","CD4",0.0258765140841209,0,"HLA-DQA1_CD4","HLA-DQA1 - CD4","MHC-II","Cell-Cell Contact","KEGG: hsa04514","PBMC_Late"
"DC2","Treg","HLA-DQA1","CD4",0.0312015214009713,0,"HLA-DQA1_CD4","HLA-DQA1 - CD4","MHC-II","Cell-Cell Contact","KEGG: hsa04514","PBMC_Late"
"HSC_MPP","Treg","HLA-DQA1","CD4",0.00180952007531007,0,"HLA-DQA1_CD4","HLA-DQA1 - CD4","MHC-II","Cell-Cell Contact","KEGG: hsa04514","PBMC_Late"
"pDC","Treg","HLA-DQA1","CD4",0.0117643833697422,0,"HLA-DQA1_CD4","HLA-DQA1 - CD4","MHC-II","Cell-Cell Contact","KEGG: hsa04514","PBMC_Late"
"CD14+PPBP+ Monocytes","CD14+PPBP+ Monocytes","HLA-DMA","CD4",0.018033906252586,0,"HLA-DMA_CD4","HLA-DMA - CD4","MHC-II","Cell-Cell Contact","KEGG: hsa04514","PBMC_Late"
"Classical Monocytes","CD14+PPBP+ Monocytes","HLA-DMA","CD4",0.00861161827617708,0,"HLA-DMA_CD4","HLA-DMA - CD4","MHC-II","Cell-Cell Contact","KEGG: hsa04514","PBMC_Late"
"CXCR5- Naïve B","CD14+PPBP+ Monocytes","HLA-DMA","CD4",0.0409090233183472,0,"HLA-DMA_CD4","HLA-DMA - CD4","MHC-II","Cell-Cell Contact","KEGG: hsa04514","PBMC_Late"
"CXCR5+ Naïve B","CD14+PPBP+ Monocytes","HLA-DMA","CD4",0.0408195016319271,0,"HLA-DMA_CD4","HLA-DMA - CD4","MHC-II","Cell-Cell Contact","KEGG: hsa04514","PBMC_Late"
"DC2","CD14+PPBP+ Monocytes","HLA-DMA","CD4",0.0570331989572827,0,"HLA-DMA_CD4","HLA-DMA - CD4","MHC-II","Cell-Cell Contact","KEGG: hsa04514","PBMC_Late"
"HSC_MPP","CD14+PPBP+ Monocytes","HLA-DMA","CD4",0.0197650721902322,0,"HLA-DMA_CD4","HLA-DMA - CD4","MHC-II","Cell-Cell Contact","KEGG: hsa04514","PBMC_Late"
"MEMP","CD14+PPBP+ Monocytes","HLA-DMA","CD4",0.0121097611159123,0,"HLA-DMA_CD4","HLA-DMA - CD4","MHC-II","Cell-Cell Contact","KEGG: hsa04514","PBMC_Late"
"MEP","CD14+PPBP+ Monocytes","HLA-DMA","CD4",0.00470420724139893,0,"HLA-DMA_CD4","HLA-DMA - CD4","MHC-II","Cell-Cell Contact","KEGG: hsa04514","PBMC_Late"
"pDC","CD14+PPBP+ Monocytes","HLA-DMA","CD4",0.0422530914280299,0,"HLA-DMA_CD4","HLA-DMA - CD4","MHC-II","Cell-Cell Contact","KEGG: hsa04514","PBMC_Late"
"Pro-B","CD14+PPBP+ Monocytes","HLA-DMA","CD4",0.0190139932894487,0,"HLA-DMA_CD4","HLA-DMA - CD4","MHC-II","Cell-Cell Contact","KEGG: hsa04514","PBMC_Late"
"CD14+PPBP+ Monocytes","Classical Monocytes","HLA-DMA","CD4",0.00756175315817554,0,"HLA-DMA_CD4","HLA-DMA - CD4","MHC-II","Cell-Cell Contact","KEGG: hsa04514","PBMC_Late"
"Classical Monocytes","Classical Monocytes","HLA-DMA","CD4",0.00359090830532699,0,"HLA-DMA_CD4","HLA-DMA - CD4","MHC-II","Cell-Cell Contact","KEGG: hsa04514","PBMC_Late"
"CXCR5- Naïve B","Classical Monocytes","HLA-DMA","CD4",0.0173886855791763,0,"HLA-DMA_CD4","HLA-DMA - CD4","MHC-II","Cell-Cell Contact","KEGG: hsa04514","PBMC_Late"
"CXCR5+ Naïve B","Classical Monocytes","HLA-DMA","CD4",0.0173497026428891,0,"HLA-DMA_CD4","HLA-DMA - CD4","MHC-II","Cell-Cell Contact","KEGG: hsa04514","PBMC_Late"
"DC2","Classical Monocytes","HLA-DMA","CD4",0.0244789982077,0,"HLA-DMA_CD4","HLA-DMA - CD4","MHC-II","Cell-Cell Contact","KEGG: hsa04514","PBMC_Late"
"HSC_MPP","Classical Monocytes","HLA-DMA","CD4",0.00829613717895527,0,"HLA-DMA_CD4","HLA-DMA - CD4","MHC-II","Cell-Cell Contact","KEGG: hsa04514","PBMC_Late"
"MEMP","Classical Monocytes","HLA-DMA","CD4",0.00505998776351453,0,"HLA-DMA_CD4","HLA-DMA - CD4","MHC-II","Cell-Cell Contact","KEGG: hsa04514","PBMC_Late"
"MEP","Classical Monocytes","HLA-DMA","CD4",0.00195708272256988,0,"HLA-DMA_CD4","HLA-DMA - CD4","MHC-II","Cell-Cell Contact","KEGG: hsa04514","PBMC_Late"
"pDC","Classical Monocytes","HLA-DMA","CD4",0.0179744742095354,0,"HLA-DMA_CD4","HLA-DMA - CD4","MHC-II","Cell-Cell Contact","KEGG: hsa04514","PBMC_Late"
"Pro-B","Classical Monocytes","HLA-DMA","CD4",0.00797733457194064,0,"HLA-DMA_CD4","HLA-DMA - CD4","MHC-II","Cell-Cell Contact","KEGG: hsa04514","PBMC_Late"
"CD14+PPBP+ Monocytes","DC2","HLA-DMA","CD4",0.0158021620466945,0,"HLA-DMA_CD4","HLA-DMA - CD4","MHC-II","Cell-Cell Contact","KEGG: hsa04514","PBMC_Late"
"Classical Monocytes","DC2","HLA-DMA","CD4",0.00753695770363062,0,"HLA-DMA_CD4","HLA-DMA - CD4","MHC-II","Cell-Cell Contact","KEGG: hsa04514","PBMC_Late"
"CXCR5- Naïve B","DC2","HLA-DMA","CD4",0.0359500605882364,0,"HLA-DMA_CD4","HLA-DMA - CD4","MHC-II","Cell-Cell Contact","KEGG: hsa04514","PBMC_Late"
"CXCR5+ Naïve B","DC2","HLA-DMA","CD4",0.0358709847902572,0,"HLA-DMA_CD4","HLA-DMA - CD4","MHC-II","Cell-Cell Contact","KEGG: hsa04514","PBMC_Late"
"DC2","DC2","HLA-DMA","CD4",0.0502220241300888,0,"HLA-DMA_CD4","HLA-DMA - CD4","MHC-II","Cell-Cell Contact","KEGG: hsa04514","PBMC_Late"
"HSC_MPP","DC2","HLA-DMA","CD4",0.0173228709085696,0,"HLA-DMA_CD4","HLA-DMA - CD4","MHC-II","Cell-Cell Contact","KEGG: hsa04514","PBMC_Late"
"MEMP","DC2","HLA-DMA","CD4",0.0106032294446834,0,"HLA-DMA_CD4","HLA-DMA - CD4","MHC-II","Cell-Cell Contact","KEGG: hsa04514","PBMC_Late"
"MEP","DC2","HLA-DMA","CD4",0.00411513605626064,0,"HLA-DMA_CD4","HLA-DMA - CD4","MHC-II","Cell-Cell Contact","KEGG: hsa04514","PBMC_Late"
"pDC","DC2","HLA-DMA","CD4",0.0371375105058315,0,"HLA-DMA_CD4","HLA-DMA - CD4","MHC-II","Cell-Cell Contact","KEGG: hsa04514","PBMC_Late"
"Pro-B","DC2","HLA-DMA","CD4",0.0166630188346664,0,"HLA-DMA_CD4","HLA-DMA - CD4","MHC-II","Cell-Cell Contact","KEGG: hsa04514","PBMC_Late"
"CD14+PPBP+ Monocytes","Naïve CD4 T","HLA-DMA","CD4",0.00663015884433916,0,"HLA-DMA_CD4","HLA-DMA - CD4","MHC-II","Cell-Cell Contact","KEGG: hsa04514","PBMC_Late"
"Classical Monocytes","Naïve CD4 T","HLA-DMA","CD4",0.00314696366871002,0,"HLA-DMA_CD4","HLA-DMA - CD4","MHC-II","Cell-Cell Contact","KEGG: hsa04514","PBMC_Late"
"CXCR5- Naïve B","Naïve CD4 T","HLA-DMA","CD4",0.0152650525679874,0,"HLA-DMA_CD4","HLA-DMA - CD4","MHC-II","Cell-Cell Contact","KEGG: hsa04514","PBMC_Late"
"CXCR5+ Naïve B","Naïve CD4 T","HLA-DMA","CD4",0.0152307567169786,0,"HLA-DMA_CD4","HLA-DMA - CD4","MHC-II","Cell-Cell Contact","KEGG: hsa04514","PBMC_Late"
"DC2","Naïve CD4 T","HLA-DMA","CD4",0.0215083986987746,0,"HLA-DMA_CD4","HLA-DMA - CD4","MHC-II","Cell-Cell Contact","KEGG: hsa04514","PBMC_Late"
"HSC_MPP","Naïve CD4 T","HLA-DMA","CD4",0.00727473127652452,0,"HLA-DMA_CD4","HLA-DMA - CD4","MHC-II","Cell-Cell Contact","KEGG: hsa04514","PBMC_Late"
"MEMP","Naïve CD4 T","HLA-DMA","CD4",0.00443522901116092,0,"HLA-DMA_CD4","HLA-DMA - CD4","MHC-II","Cell-Cell Contact","KEGG: hsa04514","PBMC_Late"
"MEP","Naïve CD4 T","HLA-DMA","CD4",0.00171478061817579,0,"HLA-DMA_CD4","HLA-DMA - CD4","MHC-II","Cell-Cell Contact","KEGG: hsa04514","PBMC_Late"
"pDC","Naïve CD4 T","HLA-DMA","CD4",0.0157804493454754,0,"HLA-DMA_CD4","HLA-DMA - CD4","MHC-II","Cell-Cell Contact","KEGG: hsa04514","PBMC_Late"
"Pro-B","Naïve CD4 T","HLA-DMA","CD4",0.0069949022393815,0,"HLA-DMA_CD4","HLA-DMA - CD4","MHC-II","Cell-Cell Contact","KEGG: hsa04514","PBMC_Late"
"CD14+PPBP+ Monocytes","pDC","HLA-DMA","CD4",0.0249996239412963,0,"HLA-DMA_CD4","HLA-DMA - CD4","MHC-II","Cell-Cell Contact","KEGG: hsa04514","PBMC_Late"
"Classical Monocytes","pDC","HLA-DMA","CD4",0.0119823234182311,0,"HLA-DMA_CD4","HLA-DMA - CD4","MHC-II","Cell-Cell Contact","KEGG: hsa04514","PBMC_Late"
"CXCR5- Naïve B","pDC","HLA-DMA","CD4",0.0562046828292314,0,"HLA-DMA_CD4","HLA-DMA - CD4","MHC-II","Cell-Cell Contact","KEGG: hsa04514","PBMC_Late"
"CXCR5+ Naïve B","pDC","HLA-DMA","CD4",0.0560836467588685,0,"HLA-DMA_CD4","HLA-DMA - CD4","MHC-II","Cell-Cell Contact","KEGG: hsa04514","PBMC_Late"
"DC2","pDC","HLA-DMA","CD4",0.0778681287980251,0,"HLA-DMA_CD4","HLA-DMA - CD4","MHC-II","Cell-Cell Contact","KEGG: hsa04514","PBMC_Late"
"HSC_MPP","pDC","HLA-DMA","CD4",0.0273808192764925,0,"HLA-DMA_CD4","HLA-DMA - CD4","MHC-II","Cell-Cell Contact","KEGG: hsa04514","PBMC_Late"
"MEMP","pDC","HLA-DMA","CD4",0.0168264479439843,0,"HLA-DMA_CD4","HLA-DMA - CD4","MHC-II","Cell-Cell Contact","KEGG: hsa04514","PBMC_Late"
"MEP","pDC","HLA-DMA","CD4",0.00655561161453122,0,"HLA-DMA_CD4","HLA-DMA - CD4","MHC-II","Cell-Cell Contact","KEGG: hsa04514","PBMC_Late"
"pDC","pDC","HLA-DMA","CD4",0.0580208891399668,0,"HLA-DMA_CD4","HLA-DMA - CD4","MHC-II","Cell-Cell Contact","KEGG: hsa04514","PBMC_Late"
"Pro-B","pDC","HLA-DMA","CD4",0.0263481185302637,0,"HLA-DMA_CD4","HLA-DMA - CD4","MHC-II","Cell-Cell Contact","KEGG: hsa04514","PBMC_Late"
"CD14+PPBP+ Monocytes","Tem","HLA-DMA","CD4",0.00672056946105969,0,"HLA-DMA_CD4","HLA-DMA - CD4","MHC-II","Cell-Cell Contact","KEGG: hsa04514","PBMC_Late"
"Classical Monocytes","Tem","HLA-DMA","CD4",0.00319002903635578,0,"HLA-DMA_CD4","HLA-DMA - CD4","MHC-II","Cell-Cell Contact","KEGG: hsa04514","PBMC_Late"
"CXCR5- Naïve B","Tem","HLA-DMA","CD4",0.0154713770234216,0,"HLA-DMA_CD4","HLA-DMA - CD4","MHC-II","Cell-Cell Contact","KEGG: hsa04514","PBMC_Late"
"CXCR5+ Naïve B","Tem","HLA-DMA","CD4",0.0154366248917148,0,"HLA-DMA_CD4","HLA-DMA - CD4","MHC-II","Cell-Cell Contact","KEGG: hsa04514","PBMC_Late"
"DC2","Tem","HLA-DMA","CD4",0.0217972411475209,0,"HLA-DMA_CD4","HLA-DMA - CD4","MHC-II","Cell-Cell Contact","KEGG: hsa04514","PBMC_Late"
"HSC_MPP","Tem","HLA-DMA","CD4",0.00737386620943458,0,"HLA-DMA_CD4","HLA-DMA - CD4","MHC-II","Cell-Cell Contact","KEGG: hsa04514","PBMC_Late"
"MEMP","Tem","HLA-DMA","CD4",0.0044958444401516,0,"HLA-DMA_CD4","HLA-DMA - CD4","MHC-II","Cell-Cell Contact","KEGG: hsa04514","PBMC_Late"
"MEP","Tem","HLA-DMA","CD4",0.00173828111478598,0,"HLA-DMA_CD4","HLA-DMA - CD4","MHC-II","Cell-Cell Contact","KEGG: hsa04514","PBMC_Late"
"pDC","Tem","HLA-DMA","CD4",0.0159936268300048,0,"HLA-DMA_CD4","HLA-DMA - CD4","MHC-II","Cell-Cell Contact","KEGG: hsa04514","PBMC_Late"
"Pro-B","Tem","HLA-DMA","CD4",0.00709025109402176,0,"HLA-DMA_CD4","HLA-DMA - CD4","MHC-II","Cell-Cell Contact","KEGG: hsa04514","PBMC_Late"
"CD14+PPBP+ Monocytes","Treg","HLA-DMA","CD4",0.00705649481647063,0,"HLA-DMA_CD4","HLA-DMA - CD4","MHC-II","Cell-Cell Contact","KEGG: hsa04514","PBMC_Late"
"Classical Monocytes","Treg","HLA-DMA","CD4",0.00335007673934298,0,"HLA-DMA_CD4","HLA-DMA - CD4","MHC-II","Cell-Cell Contact","KEGG: hsa04514","PBMC_Late"
"CXCR5- Naïve B","Treg","HLA-DMA","CD4",0.0162375580259141,0,"HLA-DMA_CD4","HLA-DMA - CD4","MHC-II","Cell-Cell Contact","KEGG: hsa04514","PBMC_Late"
"CXCR5+ Naïve B","Treg","HLA-DMA","CD4",0.0162011132028269,0,"HLA-DMA_CD4","HLA-DMA - CD4","MHC-II","Cell-Cell Contact","KEGG: hsa04514","PBMC_Late"
"DC2","Treg","HLA-DMA","CD4",0.0228694177033389,0,"HLA-DMA_CD4","HLA-DMA - CD4","MHC-II","Cell-Cell Contact","KEGG: hsa04514","PBMC_Late"
"HSC_MPP","Treg","HLA-DMA","CD4",0.00774219184792852,0,"HLA-DMA_CD4","HLA-DMA - CD4","MHC-II","Cell-Cell Contact","KEGG: hsa04514","PBMC_Late"
"MEMP","Treg","HLA-DMA","CD4",0.00472109622781212,0,"HLA-DMA_CD4","HLA-DMA - CD4","MHC-II","Cell-Cell Contact","KEGG: hsa04514","PBMC_Late"
"MEP","Treg","HLA-DMA","CD4",0.00182562622549136,0.01,"HLA-DMA_CD4","HLA-DMA - CD4","MHC-II","Cell-Cell Contact","KEGG: hsa04514","PBMC_Late"
"pDC","Treg","HLA-DMA","CD4",0.0167852299994078,0,"HLA-DMA_CD4","HLA-DMA - CD4","MHC-II","Cell-Cell Contact","KEGG: hsa04514","PBMC_Late"
"Pro-B","Treg","HLA-DMA","CD4",0.00744451636526159,0,"HLA-DMA_CD4","HLA-DMA - CD4","MHC-II","Cell-Cell Contact","KEGG: hsa04514","PBMC_Late"
"CD14+PPBP+ Monocytes","CD14+PPBP+ Monocytes","HLA-DMB","CD4",0.0060569723547009,0,"HLA-DMB_CD4","HLA-DMB - CD4","MHC-II","Cell-Cell Contact","KEGG: hsa04514","PBMC_Late"
"Classical Monocytes","CD14+PPBP+ Monocytes","HLA-DMB","CD4",0.00634956973357854,0,"HLA-DMB_CD4","HLA-DMB - CD4","MHC-II","Cell-Cell Contact","KEGG: hsa04514","PBMC_Late"
"CXCR5- Naïve B","CD14+PPBP+ Monocytes","HLA-DMB","CD4",0.0250241914453005,0,"HLA-DMB_CD4","HLA-DMB - CD4","MHC-II","Cell-Cell Contact","KEGG: hsa04514","PBMC_Late"
"CXCR5+ Naïve B","CD14+PPBP+ Monocytes","HLA-DMB","CD4",0.0261080169573328,0,"HLA-DMB_CD4","HLA-DMB - CD4","MHC-II","Cell-Cell Contact","KEGG: hsa04514","PBMC_Late"
"DC2","CD14+PPBP+ Monocytes","HLA-DMB","CD4",0.0370104091093562,0,"HLA-DMB_CD4","HLA-DMB - CD4","MHC-II","Cell-Cell Contact","KEGG: hsa04514","PBMC_Late"
"HSC_MPP","CD14+PPBP+ Monocytes","HLA-DMB","CD4",0.00214656436062616,0,"HLA-DMB_CD4","HLA-DMB - CD4","MHC-II","Cell-Cell Contact","KEGG: hsa04514","PBMC_Late"
"pDC","CD14+PPBP+ Monocytes","HLA-DMB","CD4",0.019050867073322,0,"HLA-DMB_CD4","HLA-DMB - CD4","MHC-II","Cell-Cell Contact","KEGG: hsa04514","PBMC_Late"
"CD14+PPBP+ Monocytes","Classical Monocytes","HLA-DMB","CD4",0.00252187275185912,0,"HLA-DMB_CD4","HLA-DMB - CD4","MHC-II","Cell-Cell Contact","KEGG: hsa04514","PBMC_Late"
"Classical Monocytes","Classical Monocytes","HLA-DMB","CD4",0.00264415249632536,0,"HLA-DMB_CD4","HLA-DMB - CD4","MHC-II","Cell-Cell Contact","KEGG: hsa04514","PBMC_Late"
"CXCR5- Naïve B","Classical Monocytes","HLA-DMB","CD4",0.0105363873873568,0,"HLA-DMB_CD4","HLA-DMB - CD4","MHC-II","Cell-Cell Contact","KEGG: hsa04514","PBMC_Late"
"CXCR5+ Naïve B","Classical Monocytes","HLA-DMB","CD4",0.0109998093690112,0,"HLA-DMB_CD4","HLA-DMB - CD4","MHC-II","Cell-Cell Contact","KEGG: hsa04514","PBMC_Late"
"DC2","Classical Monocytes","HLA-DMB","CD4",0.0156948702436821,0,"HLA-DMB_CD4","HLA-DMB - CD4","MHC-II","Cell-Cell Contact","KEGG: hsa04514","PBMC_Late"
"HSC_MPP","Classical Monocytes","HLA-DMB","CD4",0.000891693119409447,0,"HLA-DMB_CD4","HLA-DMB - CD4","MHC-II","Cell-Cell Contact","KEGG: hsa04514","PBMC_Late"
"pDC","Classical Monocytes","HLA-DMB","CD4",0.00799297938703256,0,"HLA-DMB_CD4","HLA-DMB - CD4","MHC-II","Cell-Cell Contact","KEGG: hsa04514","PBMC_Late"
"CD14+PPBP+ Monocytes","DC2","HLA-DMB","CD4",0.00529940688696677,0,"HLA-DMB_CD4","HLA-DMB - CD4","MHC-II","Cell-Cell Contact","KEGG: hsa04514","PBMC_Late"
"Classical Monocytes","DC2","HLA-DMB","CD4",0.00555561270146589,0,"HLA-DMB_CD4","HLA-DMB - CD4","MHC-II","Cell-Cell Contact","KEGG: hsa04514","PBMC_Late"
"CXCR5- Naïve B","DC2","HLA-DMB","CD4",0.021946714758348,0,"HLA-DMB_CD4","HLA-DMB - CD4","MHC-II","Cell-Cell Contact","KEGG: hsa04514","PBMC_Late"
"CXCR5+ Naïve B","DC2","HLA-DMB","CD4",0.0229003820495873,0,"HLA-DMB_CD4","HLA-DMB - CD4","MHC-II","Cell-Cell Contact","KEGG: hsa04514","PBMC_Late"
"DC2","DC2","HLA-DMB","CD4",0.032508015461949,0,"HLA-DMB_CD4","HLA-DMB - CD4","MHC-II","Cell-Cell Contact","KEGG: hsa04514","PBMC_Late"
"HSC_MPP","DC2","HLA-DMB","CD4",0.00187716279922814,0,"HLA-DMB_CD4","HLA-DMB - CD4","MHC-II","Cell-Cell Contact","KEGG: hsa04514","PBMC_Late"
"pDC","DC2","HLA-DMB","CD4",0.0166954109740929,0,"HLA-DMB_CD4","HLA-DMB - CD4","MHC-II","Cell-Cell Contact","KEGG: hsa04514","PBMC_Late"
"CD14+PPBP+ Monocytes","Naïve CD4 T","HLA-DMB","CD4",0.00220980006120662,0,"HLA-DMB_CD4","HLA-DMB - CD4","MHC-II","Cell-Cell Contact","KEGG: hsa04514","PBMC_Late"
"Classical Monocytes","Naïve CD4 T","HLA-DMB","CD4",0.00231698327519648,0,"HLA-DMB_CD4","HLA-DMB - CD4","MHC-II","Cell-Cell Contact","KEGG: hsa04514","PBMC_Late"
"CXCR5- Naïve B","Naïve CD4 T","HLA-DMB","CD4",0.00924173613638555,0,"HLA-DMB_CD4","HLA-DMB - CD4","MHC-II","Cell-Cell Contact","KEGG: hsa04514","PBMC_Late"
"CXCR5+ Naïve B","Naïve CD4 T","HLA-DMB","CD4",0.00964877074250404,0,"HLA-DMB_CD4","HLA-DMB - CD4","MHC-II","Cell-Cell Contact","KEGG: hsa04514","PBMC_Late"
"DC2","Naïve CD4 T","HLA-DMB","CD4",0.0137751983266076,0,"HLA-DMB_CD4","HLA-DMB - CD4","MHC-II","Cell-Cell Contact","KEGG: hsa04514","PBMC_Late"
"HSC_MPP","Naïve CD4 T","HLA-DMB","CD4",0.0007811913129303,0,"HLA-DMB_CD4","HLA-DMB - CD4","MHC-II","Cell-Cell Contact","KEGG: hsa04514","PBMC_Late"
"pDC","Naïve CD4 T","HLA-DMB","CD4",0.00700863396141111,0,"HLA-DMB_CD4","HLA-DMB - CD4","MHC-II","Cell-Cell Contact","KEGG: hsa04514","PBMC_Late"
"CD14+PPBP+ Monocytes","pDC","HLA-DMB","CD4",0.00843626304447313,0,"HLA-DMB_CD4","HLA-DMB - CD4","MHC-II","Cell-Cell Contact","KEGG: hsa04514","PBMC_Late"
"Classical Monocytes","pDC","HLA-DMB","CD4",0.00884277552020725,0,"HLA-DMB_CD4","HLA-DMB - CD4","MHC-II","Cell-Cell Contact","KEGG: hsa04514","PBMC_Late"
"CXCR5- Naïve B","pDC","HLA-DMB","CD4",0.0345948308163088,0,"HLA-DMB_CD4","HLA-DMB - CD4","MHC-II","Cell-Cell Contact","KEGG: hsa04514","PBMC_Late"
"CXCR5+ Naïve B","pDC","HLA-DMB","CD4",0.0360778327038427,0,"HLA-DMB_CD4","HLA-DMB - CD4","MHC-II","Cell-Cell Contact","KEGG: hsa04514","PBMC_Late"
"DC2","pDC","HLA-DMB","CD4",0.0509257975078412,0,"HLA-DMB_CD4","HLA-DMB - CD4","MHC-II","Cell-Cell Contact","KEGG: hsa04514","PBMC_Late"
"HSC_MPP","pDC","HLA-DMB","CD4",0.0029944021882582,0,"HLA-DMB_CD4","HLA-DMB - CD4","MHC-II","Cell-Cell Contact","KEGG: hsa04514","PBMC_Late"
"pDC","pDC","HLA-DMB","CD4",0.0263988326131797,0,"HLA-DMB_CD4","HLA-DMB - CD4","MHC-II","Cell-Cell Contact","KEGG: hsa04514","PBMC_Late"
"CD14+PPBP+ Monocytes","Tem","HLA-DMB","CD4",0.00224006941132247,0,"HLA-DMB_CD4","HLA-DMB - CD4","MHC-II","Cell-Cell Contact","KEGG: hsa04514","PBMC_Late"
"Classical Monocytes","Tem","HLA-DMB","CD4",0.00234871734119871,0,"HLA-DMB_CD4","HLA-DMB - CD4","MHC-II","Cell-Cell Contact","KEGG: hsa04514","PBMC_Late"
"CXCR5- Naïve B","Tem","HLA-DMB","CD4",0.00936742309776935,0,"HLA-DMB_CD4","HLA-DMB - CD4","MHC-II","Cell-Cell Contact","KEGG: hsa04514","PBMC_Late"
"CXCR5+ Naïve B","Tem","HLA-DMB","CD4",0.00977993870266198,0,"HLA-DMB_CD4","HLA-DMB - CD4","MHC-II","Cell-Cell Contact","KEGG: hsa04514","PBMC_Late"
"DC2","Tem","HLA-DMB","CD4",0.0139616712217801,0,"HLA-DMB_CD4","HLA-DMB - CD4","MHC-II","Cell-Cell Contact","KEGG: hsa04514","PBMC_Late"
"HSC_MPP","Tem","HLA-DMB","CD4",0.000791907428887815,0,"HLA-DMB_CD4","HLA-DMB - CD4","MHC-II","Cell-Cell Contact","KEGG: hsa04514","PBMC_Late"
"pDC","Tem","HLA-DMB","CD4",0.00710416865666579,0,"HLA-DMB_CD4","HLA-DMB - CD4","MHC-II","Cell-Cell Contact","KEGG: hsa04514","PBMC_Late"
"CD14+PPBP+ Monocytes","Treg","HLA-DMB","CD4",0.0023525689485626,0,"HLA-DMB_CD4","HLA-DMB - CD4","MHC-II","Cell-Cell Contact","KEGG: hsa04514","PBMC_Late"
"Classical Monocytes","Treg","HLA-DMB","CD4",0.0024666598457369,0,"HLA-DMB_CD4","HLA-DMB - CD4","MHC-II","Cell-Cell Contact","KEGG: hsa04514","PBMC_Late"
"CXCR5- Naïve B","Treg","HLA-DMB","CD4",0.00983434061584955,0,"HLA-DMB_CD4","HLA-DMB - CD4","MHC-II","Cell-Cell Contact","KEGG: hsa04514","PBMC_Late"
"CXCR5+ Naïve B","Treg","HLA-DMB","CD4",0.0102672048786722,0,"HLA-DMB_CD4","HLA-DMB - CD4","MHC-II","Cell-Cell Contact","KEGG: hsa04514","PBMC_Late"
"DC2","Treg","HLA-DMB","CD4",0.0146542006739041,0,"HLA-DMB_CD4","HLA-DMB - CD4","MHC-II","Cell-Cell Contact","KEGG: hsa04514","PBMC_Late"
"HSC_MPP","Treg","HLA-DMB","CD4",0.000831738796570899,0,"HLA-DMB_CD4","HLA-DMB - CD4","MHC-II","Cell-Cell Contact","KEGG: hsa04514","PBMC_Late"
"pDC","Treg","HLA-DMB","CD4",0.00745912409658071,0,"HLA-DMB_CD4","HLA-DMB - CD4","MHC-II","Cell-Cell Contact","KEGG: hsa04514","PBMC_Late"
"DC2","CD14+PPBP+ Monocytes","HLA-DQA2","CD4",0.00448285459105801,0,"HLA-DQA2_CD4","HLA-DQA2 - CD4","MHC-II","Cell-Cell Contact","KEGG: hsa04514","PBMC_Late"
"DC2","Classical Monocytes","HLA-DQA2","CD4",0.00186475160087189,0,"HLA-DQA2_CD4","HLA-DQA2 - CD4","MHC-II","Cell-Cell Contact","KEGG: hsa04514","PBMC_Late"
"DC2","DC2","HLA-DQA2","CD4",0.00392139246407536,0,"HLA-DQA2_CD4","HLA-DQA2 - CD4","MHC-II","Cell-Cell Contact","KEGG: hsa04514","PBMC_Late"
"DC2","Naïve CD4 T","HLA-DQA2","CD4",0.00163386209562344,0,"HLA-DQA2_CD4","HLA-DQA2 - CD4","MHC-II","Cell-Cell Contact","KEGG: hsa04514","PBMC_Late"
"DC2","pDC","HLA-DQA2","CD4",0.00624768948363636,0,"HLA-DQA2_CD4","HLA-DQA2 - CD4","MHC-II","Cell-Cell Contact","KEGG: hsa04514","PBMC_Late"
"DC2","Tem","HLA-DQA2","CD4",0.00165625547074117,0,"HLA-DQA2_CD4","HLA-DQA2 - CD4","MHC-II","Cell-Cell Contact","KEGG: hsa04514","PBMC_Late"
"DC2","Treg","HLA-DQA2","CD4",0.00173948614070306,0,"HLA-DQA2_CD4","HLA-DQA2 - CD4","MHC-II","Cell-Cell Contact","KEGG: hsa04514","PBMC_Late"
"DC2","CD14+PPBP+ Monocytes","HLA-DOA","CD4",0.00512664658164838,0,"HLA-DOA_CD4","HLA-DOA - CD4","MHC-II","Cell-Cell Contact","KEGG: hsa04514","PBMC_Late"
"DC2","Classical Monocytes","HLA-DOA","CD4",0.0021333581588492,0,"HLA-DOA_CD4","HLA-DOA - CD4","MHC-II","Cell-Cell Contact","KEGG: hsa04514","PBMC_Late"
"DC2","DC2","HLA-DOA","CD4",0.004484914980379,0,"HLA-DOA_CD4","HLA-DOA - CD4","MHC-II","Cell-Cell Contact","KEGG: hsa04514","PBMC_Late"
"DC2","Naïve CD4 T","HLA-DOA","CD4",0.00186927265618193,0,"HLA-DOA_CD4","HLA-DOA - CD4","MHC-II","Cell-Cell Contact","KEGG: hsa04514","PBMC_Late"
"DC2","pDC","HLA-DOA","CD4",0.00714311446580613,0,"HLA-DOA_CD4","HLA-DOA - CD4","MHC-II","Cell-Cell Contact","KEGG: hsa04514","PBMC_Late"
"DC2","Tem","HLA-DOA","CD4",0.00189488639579831,0,"HLA-DOA_CD4","HLA-DOA - CD4","MHC-II","Cell-Cell Contact","KEGG: hsa04514","PBMC_Late"
"DC2","Treg","HLA-DOA","CD4",0.00199008491772912,0,"HLA-DOA_CD4","HLA-DOA - CD4","MHC-II","Cell-Cell Contact","KEGG: hsa04514","PBMC_Late"
"CXCR5- Naïve B","CD14+PPBP+ Monocytes","HLA-DOB","CD4",0.00670136805761096,0,"HLA-DOB_CD4","HLA-DOB - CD4","MHC-II","Cell-Cell Contact","KEGG: hsa04514","PBMC_Late"
"CXCR5+ Naïve B","CD14+PPBP+ Monocytes","HLA-DOB","CD4",0.00817009192595903,0,"HLA-DOB_CD4","HLA-DOB - CD4","MHC-II","Cell-Cell Contact","KEGG: hsa04514","PBMC_Late"
"CXCR5- Naïve B","Classical Monocytes","HLA-DOB","CD4",0.00279122863525101,0,"HLA-DOB_CD4","HLA-DOB - CD4","MHC-II","Cell-Cell Contact","KEGG: hsa04514","PBMC_Late"
"CXCR5+ Naïve B","Classical Monocytes","HLA-DOB","CD4",0.00340591446104735,0,"HLA-DOB_CD4","HLA-DOB - CD4","MHC-II","Cell-Cell Contact","KEGG: hsa04514","PBMC_Late"
"CXCR5- Naïve B","DC2","HLA-DOB","CD4",0.00586368137165898,0,"HLA-DOB_CD4","HLA-DOB - CD4","MHC-II","Cell-Cell Contact","KEGG: hsa04514","PBMC_Late"
"CXCR5+ Naïve B","DC2","HLA-DOB","CD4",0.0071501328974886,0,"HLA-DOB_CD4","HLA-DOB - CD4","MHC-II","Cell-Cell Contact","KEGG: hsa04514","PBMC_Late"
"CXCR5- Naïve B","Naïve CD4 T","HLA-DOB","CD4",0.00244590585458284,0,"HLA-DOB_CD4","HLA-DOB - CD4","MHC-II","Cell-Cell Contact","KEGG: hsa04514","PBMC_Late"
"CXCR5+ Naïve B","Naïve CD4 T","HLA-DOB","CD4",0.00298477213630913,0,"HLA-DOB_CD4","HLA-DOB - CD4","MHC-II","Cell-Cell Contact","KEGG: hsa04514","PBMC_Late"
"CXCR5- Naïve B","pDC","HLA-DOB","CD4",0.00933141282988029,0,"HLA-DOB_CD4","HLA-DOB - CD4","MHC-II","Cell-Cell Contact","KEGG: hsa04514","PBMC_Late"
"CXCR5+ Naïve B","pDC","HLA-DOB","CD4",0.0113699596360048,0,"HLA-DOB_CD4","HLA-DOB - CD4","MHC-II","Cell-Cell Contact","KEGG: hsa04514","PBMC_Late"
"CXCR5- Naïve B","Tem","HLA-DOB","CD4",0.00247940129293055,0,"HLA-DOB_CD4","HLA-DOB - CD4","MHC-II","Cell-Cell Contact","KEGG: hsa04514","PBMC_Late"
"CXCR5+ Naïve B","Tem","HLA-DOB","CD4",0.00302562469234014,0,"HLA-DOB_CD4","HLA-DOB - CD4","MHC-II","Cell-Cell Contact","KEGG: hsa04514","PBMC_Late"
"CXCR5- Naïve B","Treg","HLA-DOB","CD4",0.00260388905669222,0,"HLA-DOB_CD4","HLA-DOB - CD4","MHC-II","Cell-Cell Contact","KEGG: hsa04514","PBMC_Late"
"CXCR5+ Naïve B","Treg","HLA-DOB","CD4",0.00317745031866933,0,"HLA-DOB_CD4","HLA-DOB - CD4","MHC-II","Cell-Cell Contact","KEGG: hsa04514","PBMC_Late"
"CD14+PPBP+ Monocytes","CD14+PPBP+ Monocytes","HLA-DQB1","CD4",0.00607873450082632,0,"HLA-DQB1_CD4","HLA-DQB1 - CD4","MHC-II","Cell-Cell Contact","KEGG: hsa04514","PBMC_Late"
"Classical Monocytes","CD14+PPBP+ Monocytes","HLA-DQB1","CD4",0.00957919390290332,0,"HLA-DQB1_CD4","HLA-DQB1 - CD4","MHC-II","Cell-Cell Contact","KEGG: hsa04514","PBMC_Late"
"CXCR5- Naïve B","CD14+PPBP+ Monocytes","HLA-DQB1","CD4",0.0567158576876881,0,"HLA-DQB1_CD4","HLA-DQB1 - CD4","MHC-II","Cell-Cell Contact","KEGG: hsa04514","PBMC_Late"
"CXCR5+ Naïve B","CD14+PPBP+ Monocytes","HLA-DQB1","CD4",0.0597106894603548,0,"HLA-DQB1_CD4","HLA-DQB1 - CD4","MHC-II","Cell-Cell Contact","KEGG: hsa04514","PBMC_Late"
"DC2","CD14+PPBP+ Monocytes","HLA-DQB1","CD4",0.0699768756053202,0,"HLA-DQB1_CD4","HLA-DQB1 - CD4","MHC-II","Cell-Cell Contact","KEGG: hsa04514","PBMC_Late"
"HSC_MPP","CD14+PPBP+ Monocytes","HLA-DQB1","CD4",0.0132287855573442,0,"HLA-DQB1_CD4","HLA-DQB1 - CD4","MHC-II","Cell-Cell Contact","KEGG: hsa04514","PBMC_Late"
"MEMP","CD14+PPBP+ Monocytes","HLA-DQB1","CD4",0.00251967103736276,0,"HLA-DQB1_CD4","HLA-DQB1 - CD4","MHC-II","Cell-Cell Contact","KEGG: hsa04514","PBMC_Late"
"pDC","CD14+PPBP+ Monocytes","HLA-DQB1","CD4",0.0253190180188381,0,"HLA-DQB1_CD4","HLA-DQB1 - CD4","MHC-II","Cell-Cell Contact","KEGG: hsa04514","PBMC_Late"
"Pro-B","CD14+PPBP+ Monocytes","HLA-DQB1","CD4",0.0170981573583427,0,"HLA-DQB1_CD4","HLA-DQB1 - CD4","MHC-II","Cell-Cell Contact","KEGG: hsa04514","PBMC_Late"
"CD14+PPBP+ Monocytes","Classical Monocytes","HLA-DQB1","CD4",0.00253096595177684,0,"HLA-DQB1_CD4","HLA-DQB1 - CD4","MHC-II","Cell-Cell Contact","KEGG: hsa04514","PBMC_Late"
"Classical Monocytes","Classical Monocytes","HLA-DQB1","CD4",0.00399664614294979,0,"HLA-DQB1_CD4","HLA-DQB1 - CD4","MHC-II","Cell-Cell Contact","KEGG: hsa04514","PBMC_Late"
"CXCR5- Naïve B","Classical Monocytes","HLA-DQB1","CD4",0.0243381182319647,0,"HLA-DQB1_CD4","HLA-DQB1 - CD4","MHC-II","Cell-Cell Contact","KEGG: hsa04514","PBMC_Late"
"CXCR5+ Naïve B","Classical Monocytes","HLA-DQB1","CD4",0.0256697973529727,0,"HLA-DQB1_CD4","HLA-DQB1 - CD4","MHC-II","Cell-Cell Contact","KEGG: hsa04514","PBMC_Late"
"DC2","Classical Monocytes","HLA-DQB1","CD4",0.0302716829658279,0,"HLA-DQB1_CD4","HLA-DQB1 - CD4","MHC-II","Cell-Cell Contact","KEGG: hsa04514","PBMC_Late"
"HSC_MPP","Classical Monocytes","HLA-DQB1","CD4",0.00553121257320892,0,"HLA-DQB1_CD4","HLA-DQB1 - CD4","MHC-II","Cell-Cell Contact","KEGG: hsa04514","PBMC_Late"
"MEMP","Classical Monocytes","HLA-DQB1","CD4",0.00104691226037538,0,"HLA-DQB1_CD4","HLA-DQB1 - CD4","MHC-II","Cell-Cell Contact","KEGG: hsa04514","PBMC_Late"
"pDC","Classical Monocytes","HLA-DQB1","CD4",0.0106623902256405,0,"HLA-DQB1_CD4","HLA-DQB1 - CD4","MHC-II","Cell-Cell Contact","KEGG: hsa04514","PBMC_Late"
"Pro-B","Classical Monocytes","HLA-DQB1","CD4",0.00716542150719362,0,"HLA-DQB1_CD4","HLA-DQB1 - CD4","MHC-II","Cell-Cell Contact","KEGG: hsa04514","PBMC_Late"
"CD14+PPBP+ Monocytes","DC2","HLA-DQB1","CD4",0.00531846173419177,0,"HLA-DQB1_CD4","HLA-DQB1 - CD4","MHC-II","Cell-Cell Contact","KEGG: hsa04514","PBMC_Late"
"Classical Monocytes","DC2","HLA-DQB1","CD4",0.00838480891192706,0,"HLA-DQB1_CD4","HLA-DQB1 - CD4","MHC-II","Cell-Cell Contact","KEGG: hsa04514","PBMC_Late"
"CXCR5- Naïve B","DC2","HLA-DQB1","CD4",0.0499405741169393,0,"HLA-DQB1_CD4","HLA-DQB1 - CD4","MHC-II","Cell-Cell Contact","KEGG: hsa04514","PBMC_Late"
"CXCR5+ Naïve B","DC2","HLA-DQB1","CD4",0.0525975917950583,0,"HLA-DQB1_CD4","HLA-DQB1 - CD4","MHC-II","Cell-Cell Contact","KEGG: hsa04514","PBMC_Late"
"DC2","DC2","HLA-DQB1","CD4",0.0617210842892948,0,"HLA-DQB1_CD4","HLA-DQB1 - CD4","MHC-II","Cell-Cell Contact","KEGG: hsa04514","PBMC_Late"
"HSC_MPP","DC2","HLA-DQB1","CD4",0.0115846726099585,0,"HLA-DQB1_CD4","HLA-DQB1 - CD4","MHC-II","Cell-Cell Contact","KEGG: hsa04514","PBMC_Late"
"MEMP","DC2","HLA-DQB1","CD4",0.00220354664947338,0,"HLA-DQB1_CD4","HLA-DQB1 - CD4","MHC-II","Cell-Cell Contact","KEGG: hsa04514","PBMC_Late"
"pDC","DC2","HLA-DQB1","CD4",0.0222061093504448,0,"HLA-DQB1_CD4","HLA-DQB1 - CD4","MHC-II","Cell-Cell Contact","KEGG: hsa04514","PBMC_Late"
"Pro-B","DC2","HLA-DQB1","CD4",0.0149804479683659,0,"HLA-DQB1_CD4","HLA-DQB1 - CD4","MHC-II","Cell-Cell Contact","KEGG: hsa04514","PBMC_Late"
"CD14+PPBP+ Monocytes","Naïve CD4 T","HLA-DQB1","CD4",0.00221777051216853,0,"HLA-DQB1_CD4","HLA-DQB1 - CD4","MHC-II","Cell-Cell Contact","KEGG: hsa04514","PBMC_Late"
"Classical Monocytes","Naïve CD4 T","HLA-DQB1","CD4",0.0035027163993388,0,"HLA-DQB1_CD4","HLA-DQB1 - CD4","MHC-II","Cell-Cell Contact","KEGG: hsa04514","PBMC_Late"
"CXCR5- Naïve B","Naïve CD4 T","HLA-DQB1","CD4",0.0213842401654651,0,"HLA-DQB1_CD4","HLA-DQB1 - CD4","MHC-II","Cell-Cell Contact","KEGG: hsa04514","PBMC_Late"
"CXCR5+ Naïve B","Naïve CD4 T","HLA-DQB1","CD4",0.0225580324060552,0,"HLA-DQB1_CD4","HLA-DQB1 - CD4","MHC-II","Cell-Cell Contact","KEGG: hsa04514","PBMC_Late"
"DC2","Naïve CD4 T","HLA-DQB1","CD4",0.026617304275159,0,"HLA-DQB1_CD4","HLA-DQB1 - CD4","MHC-II","Cell-Cell Contact","KEGG: hsa04514","PBMC_Late"
"HSC_MPP","Naïve CD4 T","HLA-DQB1","CD4",0.0048485550363227,0,"HLA-DQB1_CD4","HLA-DQB1 - CD4","MHC-II","Cell-Cell Contact","KEGG: hsa04514","PBMC_Late"
"MEMP","Naïve CD4 T","HLA-DQB1","CD4",0.000917192800000788,0,"HLA-DQB1_CD4","HLA-DQB1 - CD4","MHC-II","Cell-Cell Contact","KEGG: hsa04514","PBMC_Late"
"pDC","Naïve CD4 T","HLA-DQB1","CD4",0.00935240280438262,0,"HLA-DQB1_CD4","HLA-DQB1 - CD4","MHC-II","Cell-Cell Contact","KEGG: hsa04514","PBMC_Late"
"Pro-B","Naïve CD4 T","HLA-DQB1","CD4",0.00628234544852482,0,"HLA-DQB1_CD4","HLA-DQB1 - CD4","MHC-II","Cell-Cell Contact","KEGG: hsa04514","PBMC_Late"
"CD14+PPBP+ Monocytes","pDC","HLA-DQB1","CD4",0.00846650094626136,0,"HLA-DQB1_CD4","HLA-DQB1 - CD4","MHC-II","Cell-Cell Contact","KEGG: hsa04514","PBMC_Late"
"Classical Monocytes","pDC","HLA-DQB1","CD4",0.0133235316252286,0,"HLA-DQB1_CD4","HLA-DQB1 - CD4","MHC-II","Cell-Cell Contact","KEGG: hsa04514","PBMC_Late"
"CXCR5- Naïve B","pDC","HLA-DQB1","CD4",0.0774443798947154,0,"HLA-DQB1_CD4","HLA-DQB1 - CD4","MHC-II","Cell-Cell Contact","KEGG: hsa04514","PBMC_Late"
"CXCR5+ Naïve B","pDC","HLA-DQB1","CD4",0.0814392642609178,0,"HLA-DQB1_CD4","HLA-DQB1 - CD4","MHC-II","Cell-Cell Contact","KEGG: hsa04514","PBMC_Late"
"DC2","pDC","HLA-DQB1","CD4",0.0950635957777122,0,"HLA-DQB1_CD4","HLA-DQB1 - CD4","MHC-II","Cell-Cell Contact","KEGG: hsa04514","PBMC_Late"
"HSC_MPP","pDC","HLA-DQB1","CD4",0.0183732201814573,0,"HLA-DQB1_CD4","HLA-DQB1 - CD4","MHC-II","Cell-Cell Contact","KEGG: hsa04514","PBMC_Late"
"MEMP","pDC","HLA-DQB1","CD4",0.00351435740957767,0,"HLA-DQB1_CD4","HLA-DQB1 - CD4","MHC-II","Cell-Cell Contact","KEGG: hsa04514","PBMC_Late"
"pDC","pDC","HLA-DQB1","CD4",0.0349983677949148,0,"HLA-DQB1_CD4","HLA-DQB1 - CD4","MHC-II","Cell-Cell Contact","KEGG: hsa04514","PBMC_Late"
"Pro-B","pDC","HLA-DQB1","CD4",0.0237111632755681,0,"HLA-DQB1_CD4","HLA-DQB1 - CD4","MHC-II","Cell-Cell Contact","KEGG: hsa04514","PBMC_Late"
"CD14+PPBP+ Monocytes","Tem","HLA-DQB1","CD4",0.00224814879375946,0.02,"HLA-DQB1_CD4","HLA-DQB1 - CD4","MHC-II","Cell-Cell Contact","KEGG: hsa04514","PBMC_Late"
"Classical Monocytes","Tem","HLA-DQB1","CD4",0.00355063280884916,0,"HLA-DQB1_CD4","HLA-DQB1 - CD4","MHC-II","Cell-Cell Contact","KEGG: hsa04514","PBMC_Late"
"CXCR5- Naïve B","Tem","HLA-DQB1","CD4",0.0216714521820879,0,"HLA-DQB1_CD4","HLA-DQB1 - CD4","MHC-II","Cell-Cell Contact","KEGG: hsa04514","PBMC_Late"
"CXCR5+ Naïve B","Tem","HLA-DQB1","CD4",0.0228606413636343,0,"HLA-DQB1_CD4","HLA-DQB1 - CD4","MHC-II","Cell-Cell Contact","KEGG: hsa04514","PBMC_Late"
"DC2","Tem","HLA-DQB1","CD4",0.0269728644226809,0,"HLA-DQB1_CD4","HLA-DQB1 - CD4","MHC-II","Cell-Cell Contact","KEGG: hsa04514","PBMC_Late"
"HSC_MPP","Tem","HLA-DQB1","CD4",0.00491479142667514,0,"HLA-DQB1_CD4","HLA-DQB1 - CD4","MHC-II","Cell-Cell Contact","KEGG: hsa04514","PBMC_Late"
"pDC","Tem","HLA-DQB1","CD4",0.00947958042425512,0,"HLA-DQB1_CD4","HLA-DQB1 - CD4","MHC-II","Cell-Cell Contact","KEGG: hsa04514","PBMC_Late"
"Pro-B","Tem","HLA-DQB1","CD4",0.00636804359331894,0,"HLA-DQB1_CD4","HLA-DQB1 - CD4","MHC-II","Cell-Cell Contact","KEGG: hsa04514","PBMC_Late"
"CD14+PPBP+ Monocytes","Treg","HLA-DQB1","CD4",0.00236105312914481,0,"HLA-DQB1_CD4","HLA-DQB1 - CD4","MHC-II","Cell-Cell Contact","KEGG: hsa04514","PBMC_Late"
"Classical Monocytes","Treg","HLA-DQB1","CD4",0.00372870477380854,0,"HLA-DQB1_CD4","HLA-DQB1 - CD4","MHC-II","Cell-Cell Contact","KEGG: hsa04514","PBMC_Late"
"CXCR5- Naïve B","Treg","HLA-DQB1","CD4",0.0227375851714571,0,"HLA-DQB1_CD4","HLA-DQB1 - CD4","MHC-II","Cell-Cell Contact","KEGG: hsa04514","PBMC_Late"
"CXCR5+ Naïve B","Treg","HLA-DQB1","CD4",0.0239838426429978,0,"HLA-DQB1_CD4","HLA-DQB1 - CD4","MHC-II","Cell-Cell Contact","KEGG: hsa04514","PBMC_Late"
"DC2","Treg","HLA-DQB1","CD4",0.0282922596336739,0,"HLA-DQB1_CD4","HLA-DQB1 - CD4","MHC-II","Cell-Cell Contact","KEGG: hsa04514","PBMC_Late"
"HSC_MPP","Treg","HLA-DQB1","CD4",0.00516092457052936,0,"HLA-DQB1_CD4","HLA-DQB1 - CD4","MHC-II","Cell-Cell Contact","KEGG: hsa04514","PBMC_Late"
"MEMP","Treg","HLA-DQB1","CD4",0.000976531746604506,0,"HLA-DQB1_CD4","HLA-DQB1 - CD4","MHC-II","Cell-Cell Contact","KEGG: hsa04514","PBMC_Late"
"pDC","Treg","HLA-DQB1","CD4",0.0099520322415306,0,"HLA-DQB1_CD4","HLA-DQB1 - CD4","MHC-II","Cell-Cell Contact","KEGG: hsa04514","PBMC_Late"
"Pro-B","Treg","HLA-DQB1","CD4",0.00668646668299529,0,"HLA-DQB1_CD4","HLA-DQB1 - CD4","MHC-II","Cell-Cell Contact","KEGG: hsa04514","PBMC_Late"
"CD14+PPBP+ Monocytes","CD14+PPBP+ Monocytes","HLA-DRA","CD4",0.0566402392688051,0,"HLA-DRA_CD4","HLA-DRA - CD4","MHC-II","Cell-Cell Contact","KEGG: hsa04514","PBMC_Late"
"Classical Monocytes","CD14+PPBP+ Monocytes","HLA-DRA","CD4",0.0568399094305489,0,"HLA-DRA_CD4","HLA-DRA - CD4","MHC-II","Cell-Cell Contact","KEGG: hsa04514","PBMC_Late"
"CXCR5- Naïve B","CD14+PPBP+ Monocytes","HLA-DRA","CD4",0.0956287090517941,0,"HLA-DRA_CD4","HLA-DRA - CD4","MHC-II","Cell-Cell Contact","KEGG: hsa04514","PBMC_Late"
"CXCR5+ Naïve B","CD14+PPBP+ Monocytes","HLA-DRA","CD4",0.0975487738937616,0,"HLA-DRA_CD4","HLA-DRA - CD4","MHC-II","Cell-Cell Contact","KEGG: hsa04514","PBMC_Late"
"CXCR6+ NK","CD14+PPBP+ Monocytes","HLA-DRA","CD4",0.00439039198484686,0.02,"HLA-DRA_CD4","HLA-DRA - CD4","MHC-II","Cell-Cell Contact","KEGG: hsa04514","PBMC_Late"
"DC2","CD14+PPBP+ Monocytes","HLA-DRA","CD4",0.111141199134867,0,"HLA-DRA_CD4","HLA-DRA - CD4","MHC-II","Cell-Cell Contact","KEGG: hsa04514","PBMC_Late"
"HSC_MPP","CD14+PPBP+ Monocytes","HLA-DRA","CD4",0.0576275998853845,0,"HLA-DRA_CD4","HLA-DRA - CD4","MHC-II","Cell-Cell Contact","KEGG: hsa04514","PBMC_Late"
"MEMP","CD14+PPBP+ Monocytes","HLA-DRA","CD4",0.0377569274606032,0,"HLA-DRA_CD4","HLA-DRA - CD4","MHC-II","Cell-Cell Contact","KEGG: hsa04514","PBMC_Late"
"MEP","CD14+PPBP+ Monocytes","HLA-DRA","CD4",0.0121634607712998,0,"HLA-DRA_CD4","HLA-DRA - CD4","MHC-II","Cell-Cell Contact","KEGG: hsa04514","PBMC_Late"
"pDC","CD14+PPBP+ Monocytes","HLA-DRA","CD4",0.0832836330803221,0,"HLA-DRA_CD4","HLA-DRA - CD4","MHC-II","Cell-Cell Contact","KEGG: hsa04514","PBMC_Late"
"Pro-B","CD14+PPBP+ Monocytes","HLA-DRA","CD4",0.083584095424486,0,"HLA-DRA_CD4","HLA-DRA - CD4","MHC-II","Cell-Cell Contact","KEGG: hsa04514","PBMC_Late"
"CD14+PPBP+ Monocytes","Classical Monocytes","HLA-DRA","CD4",0.0243045562952306,0,"HLA-DRA_CD4","HLA-DRA - CD4","MHC-II","Cell-Cell Contact","KEGG: hsa04514","PBMC_Late"
"Classical Monocytes","Classical Monocytes","HLA-DRA","CD4",0.0243931831216365,0,"HLA-DRA_CD4","HLA-DRA - CD4","MHC-II","Cell-Cell Contact","KEGG: hsa04514","PBMC_Late"
"CXCR5- Naïve B","Classical Monocytes","HLA-DRA","CD4",0.0420262669678965,0,"HLA-DRA_CD4","HLA-DRA - CD4","MHC-II","Cell-Cell Contact","KEGG: hsa04514","PBMC_Late"
"CXCR5+ Naïve B","Classical Monocytes","HLA-DRA","CD4",0.0429211626063296,0,"HLA-DRA_CD4","HLA-DRA - CD4","MHC-II","Cell-Cell Contact","KEGG: hsa04514","PBMC_Late"
"CXCR6+ NK","Classical Monocytes","HLA-DRA","CD4",0.00182619048804329,0,"HLA-DRA_CD4","HLA-DRA - CD4","MHC-II","Cell-Cell Contact","KEGG: hsa04514","PBMC_Late"
"DC2","Classical Monocytes","HLA-DRA","CD4",0.0493177629603754,0,"HLA-DRA_CD4","HLA-DRA - CD4","MHC-II","Cell-Cell Contact","KEGG: hsa04514","PBMC_Late"
"HSC_MPP","Classical Monocytes","HLA-DRA","CD4",0.0247430212896927,0,"HLA-DRA_CD4","HLA-DRA - CD4","MHC-II","Cell-Cell Contact","KEGG: hsa04514","PBMC_Late"
"MEMP","Classical Monocytes","HLA-DRA","CD4",0.0160185953856434,0,"HLA-DRA_CD4","HLA-DRA - CD4","MHC-II","Cell-Cell Contact","KEGG: hsa04514","PBMC_Late"
"MEP","Classical Monocytes","HLA-DRA","CD4",0.00508258666531206,0,"HLA-DRA_CD4","HLA-DRA - CD4","MHC-II","Cell-Cell Contact","KEGG: hsa04514","PBMC_Late"
"pDC","Classical Monocytes","HLA-DRA","CD4",0.0363230119387523,0,"HLA-DRA_CD4","HLA-DRA - CD4","MHC-II","Cell-Cell Contact","KEGG: hsa04514","PBMC_Late"
"Pro-B","Classical Monocytes","HLA-DRA","CD4",0.0364607928382904,0,"HLA-DRA_CD4","HLA-DRA - CD4","MHC-II","Cell-Cell Contact","KEGG: hsa04514","PBMC_Late"
"CD14+PPBP+ Monocytes","DC2","HLA-DRA","CD4",0.0498735114689682,0,"HLA-DRA_CD4","HLA-DRA - CD4","MHC-II","Cell-Cell Contact","KEGG: hsa04514","PBMC_Late"
"Classical Monocytes","DC2","HLA-DRA","CD4",0.0500505929305386,0,"HLA-DRA_CD4","HLA-DRA - CD4","MHC-II","Cell-Cell Contact","KEGG: hsa04514","PBMC_Late"
"CXCR5- Naïve B","DC2","HLA-DRA","CD4",0.0846219107695971,0,"HLA-DRA_CD4","HLA-DRA - CD4","MHC-II","Cell-Cell Contact","KEGG: hsa04514","PBMC_Late"
"CXCR5+ Naïve B","DC2","HLA-DRA","CD4",0.086342076595534,0,"HLA-DRA_CD4","HLA-DRA - CD4","MHC-II","Cell-Cell Contact","KEGG: hsa04514","PBMC_Late"
"DC2","DC2","HLA-DRA","CD4",0.0985434758104614,0,"HLA-DRA_CD4","HLA-DRA - CD4","MHC-II","Cell-Cell Contact","KEGG: hsa04514","PBMC_Late"
"HSC_MPP","DC2","HLA-DRA","CD4",0.0507492592677962,0,"HLA-DRA_CD4","HLA-DRA - CD4","MHC-II","Cell-Cell Contact","KEGG: hsa04514","PBMC_Late"
"MEMP","DC2","HLA-DRA","CD4",0.0331668461214433,0,"HLA-DRA_CD4","HLA-DRA - CD4","MHC-II","Cell-Cell Contact","KEGG: hsa04514","PBMC_Late"
"MEP","DC2","HLA-DRA","CD4",0.0106503205422656,0,"HLA-DRA_CD4","HLA-DRA - CD4","MHC-II","Cell-Cell Contact","KEGG: hsa04514","PBMC_Late"
"pDC","DC2","HLA-DRA","CD4",0.0735821353840091,0,"HLA-DRA_CD4","HLA-DRA - CD4","MHC-II","Cell-Cell Contact","KEGG: hsa04514","PBMC_Late"
"Pro-B","DC2","HLA-DRA","CD4",0.0738504172347992,0,"HLA-DRA_CD4","HLA-DRA - CD4","MHC-II","Cell-Cell Contact","KEGG: hsa04514","PBMC_Late"
"CD14+PPBP+ Monocytes","Naïve CD4 T","HLA-DRA","CD4",0.0213546624316871,0,"HLA-DRA_CD4","HLA-DRA - CD4","MHC-II","Cell-Cell Contact","KEGG: hsa04514","PBMC_Late"
"Classical Monocytes","Naïve CD4 T","HLA-DRA","CD4",0.0214327687297227,0,"HLA-DRA_CD4","HLA-DRA - CD4","MHC-II","Cell-Cell Contact","KEGG: hsa04514","PBMC_Late"
"CXCR5- Naïve B","Naïve CD4 T","HLA-DRA","CD4",0.037007034719776,0,"HLA-DRA_CD4","HLA-DRA - CD4","MHC-II","Cell-Cell Contact","KEGG: hsa04514","PBMC_Late"
"CXCR5+ Naïve B","Naïve CD4 T","HLA-DRA","CD4",0.0377992693692536,0,"HLA-DRA_CD4","HLA-DRA - CD4","MHC-II","Cell-Cell Contact","KEGG: hsa04514","PBMC_Late"
"CXCR6+ NK","Naïve CD4 T","HLA-DRA","CD4",0.00160006788240197,0,"HLA-DRA_CD4","HLA-DRA - CD4","MHC-II","Cell-Cell Contact","KEGG: hsa04514","PBMC_Late"
"DC2","Naïve CD4 T","HLA-DRA","CD4",0.0434672143616933,0,"HLA-DRA_CD4","HLA-DRA - CD4","MHC-II","Cell-Cell Contact","KEGG: hsa04514","PBMC_Late"
"HSC_MPP","Naïve CD4 T","HLA-DRA","CD4",0.0217410958556358,0,"HLA-DRA_CD4","HLA-DRA - CD4","MHC-II","Cell-Cell Contact","KEGG: hsa04514","PBMC_Late"
"MEMP","Naïve CD4 T","HLA-DRA","CD4",0.0140598935646034,0,"HLA-DRA_CD4","HLA-DRA - CD4","MHC-II","Cell-Cell Contact","KEGG: hsa04514","PBMC_Late"
"MEP","Naïve CD4 T","HLA-DRA","CD4",0.00445505011146582,0,"HLA-DRA_CD4","HLA-DRA - CD4","MHC-II","Cell-Cell Contact","KEGG: hsa04514","PBMC_Late"
"pDC","Naïve CD4 T","HLA-DRA","CD4",0.0319621982498004,0,"HLA-DRA_CD4","HLA-DRA - CD4","MHC-II","Cell-Cell Contact","KEGG: hsa04514","PBMC_Late"
"Pro-B","Naïve CD4 T","HLA-DRA","CD4",0.0320839883776476,0,"HLA-DRA_CD4","HLA-DRA - CD4","MHC-II","Cell-Cell Contact","KEGG: hsa04514","PBMC_Late"
"CD14+PPBP+ Monocytes","pDC","HLA-DRA","CD4",0.0773433905056865,0,"HLA-DRA_CD4","HLA-DRA - CD4","MHC-II","Cell-Cell Contact","KEGG: hsa04514","PBMC_Late"
"Classical Monocytes","pDC","HLA-DRA","CD4",0.0776100398060415,0,"HLA-DRA_CD4","HLA-DRA - CD4","MHC-II","Cell-Cell Contact","KEGG: hsa04514","PBMC_Late"
"CXCR5- Naïve B","pDC","HLA-DRA","CD4",0.128639610570695,0,"HLA-DRA_CD4","HLA-DRA - CD4","MHC-II","Cell-Cell Contact","KEGG: hsa04514","PBMC_Late"
"CXCR5+ Naïve B","pDC","HLA-DRA","CD4",0.131126378125282,0,"HLA-DRA_CD4","HLA-DRA - CD4","MHC-II","Cell-Cell Contact","KEGG: hsa04514","PBMC_Late"
"CXCR6+ NK","pDC","HLA-DRA","CD4",0.00611904943289278,0.01,"HLA-DRA_CD4","HLA-DRA - CD4","MHC-II","Cell-Cell Contact","KEGG: hsa04514","PBMC_Late"
"DC2","pDC","HLA-DRA","CD4",0.148626953346744,0,"HLA-DRA_CD4","HLA-DRA - CD4","MHC-II","Cell-Cell Contact","KEGG: hsa04514","PBMC_Late"
"HSC_MPP","pDC","HLA-DRA","CD4",0.0786615578890506,0,"HLA-DRA_CD4","HLA-DRA - CD4","MHC-II","Cell-Cell Contact","KEGG: hsa04514","PBMC_Late"
"MEMP","pDC","HLA-DRA","CD4",0.0519378579562337,0,"HLA-DRA_CD4","HLA-DRA - CD4","MHC-II","Cell-Cell Contact","KEGG: hsa04514","PBMC_Late"
"MEP","pDC","HLA-DRA","CD4",0.0169007055026458,0,"HLA-DRA_CD4","HLA-DRA - CD4","MHC-II","Cell-Cell Contact","KEGG: hsa04514","PBMC_Late"
"pDC","pDC","HLA-DRA","CD4",0.112563443153209,0,"HLA-DRA_CD4","HLA-DRA - CD4","MHC-II","Cell-Cell Contact","KEGG: hsa04514","PBMC_Late"
"Pro-B","pDC","HLA-DRA","CD4",0.112956522338486,0,"HLA-DRA_CD4","HLA-DRA - CD4","MHC-II","Cell-Cell Contact","KEGG: hsa04514","PBMC_Late"
"CD14+PPBP+ Monocytes","Tem","HLA-DRA","CD4",0.0216414859745079,0,"HLA-DRA_CD4","HLA-DRA - CD4","MHC-II","Cell-Cell Contact","KEGG: hsa04514","PBMC_Late"
"Classical Monocytes","Tem","HLA-DRA","CD4",0.0217206180675524,0,"HLA-DRA_CD4","HLA-DRA - CD4","MHC-II","Cell-Cell Contact","KEGG: hsa04514","PBMC_Late"
"CXCR5- Naïve B","Tem","HLA-DRA","CD4",0.0374960369844373,0,"HLA-DRA_CD4","HLA-DRA - CD4","MHC-II","Cell-Cell Contact","KEGG: hsa04514","PBMC_Late"
"CXCR5+ Naïve B","Tem","HLA-DRA","CD4",0.0382983237071081,0,"HLA-DRA_CD4","HLA-DRA - CD4","MHC-II","Cell-Cell Contact","KEGG: hsa04514","PBMC_Late"
"DC2","Tem","HLA-DRA","CD4",0.0440376762585397,0,"HLA-DRA_CD4","HLA-DRA - CD4","MHC-II","Cell-Cell Contact","KEGG: hsa04514","PBMC_Late"
"HSC_MPP","Tem","HLA-DRA","CD4",0.0220329928955722,0,"HLA-DRA_CD4","HLA-DRA - CD4","MHC-II","Cell-Cell Contact","KEGG: hsa04514","PBMC_Late"
"MEMP","Tem","HLA-DRA","CD4",0.0142501646531236,0,"HLA-DRA_CD4","HLA-DRA - CD4","MHC-II","Cell-Cell Contact","KEGG: hsa04514","PBMC_Late"
"MEP","Tem","HLA-DRA","CD4",0.00451593520287701,0.04,"HLA-DRA_CD4","HLA-DRA - CD4","MHC-II","Cell-Cell Contact","KEGG: hsa04514","PBMC_Late"
"pDC","Tem","HLA-DRA","CD4",0.032386781141163,0,"HLA-DRA_CD4","HLA-DRA - CD4","MHC-II","Cell-Cell Contact","KEGG: hsa04514","PBMC_Late"
"Pro-B","Tem","HLA-DRA","CD4",0.032510134784739,0,"HLA-DRA_CD4","HLA-DRA - CD4","MHC-II","Cell-Cell Contact","KEGG: hsa04514","PBMC_Late"
"CD14+PPBP+ Monocytes","Treg","HLA-DRA","CD4",0.0227061789829755,0,"HLA-DRA_CD4","HLA-DRA - CD4","MHC-II","Cell-Cell Contact","KEGG: hsa04514","PBMC_Late"
"Classical Monocytes","Treg","HLA-DRA","CD4",0.022789113444342,0,"HLA-DRA_CD4","HLA-DRA - CD4","MHC-II","Cell-Cell Contact","KEGG: hsa04514","PBMC_Late"
"CXCR5- Naïve B","Treg","HLA-DRA","CD4",0.0393093846971888,0,"HLA-DRA_CD4","HLA-DRA - CD4","MHC-II","Cell-Cell Contact","KEGG: hsa04514","PBMC_Late"
"CXCR5+ Naïve B","Treg","HLA-DRA","CD4",0.0401488524105189,0,"HLA-DRA_CD4","HLA-DRA - CD4","MHC-II","Cell-Cell Contact","KEGG: hsa04514","PBMC_Late"
"CXCR6+ NK","Treg","HLA-DRA","CD4",0.00170351096563163,0.02,"HLA-DRA_CD4","HLA-DRA - CD4","MHC-II","Cell-Cell Contact","KEGG: hsa04514","PBMC_Late"
"DC2","Treg","HLA-DRA","CD4",0.0461522149768307,0,"HLA-DRA_CD4","HLA-DRA - CD4","MHC-II","Cell-Cell Contact","KEGG: hsa04514","PBMC_Late"
"HSC_MPP","Treg","HLA-DRA","CD4",0.0231164917190286,0,"HLA-DRA_CD4","HLA-DRA - CD4","MHC-II","Cell-Cell Contact","KEGG: hsa04514","PBMC_Late"
"MEMP","Treg","HLA-DRA","CD4",0.0149567869501604,0,"HLA-DRA_CD4","HLA-DRA - CD4","MHC-II","Cell-Cell Contact","KEGG: hsa04514","PBMC_Late"
"MEP","Treg","HLA-DRA","CD4",0.00474218878734748,0.01,"HLA-DRA_CD4","HLA-DRA - CD4","MHC-II","Cell-Cell Contact","KEGG: hsa04514","PBMC_Late"
"pDC","Treg","HLA-DRA","CD4",0.0339617583622583,0,"HLA-DRA_CD4","HLA-DRA - CD4","MHC-II","Cell-Cell Contact","KEGG: hsa04514","PBMC_Late"
"Pro-B","Treg","HLA-DRA","CD4",0.0340908993776596,0,"HLA-DRA_CD4","HLA-DRA - CD4","MHC-II","Cell-Cell Contact","KEGG: hsa04514","PBMC_Late"
"CD14+PPBP+ Monocytes","CD14+PPBP+ Monocytes","HLA-DRB1","CD4",0.0530021711717278,0,"HLA-DRB1_CD4","HLA-DRB1 - CD4","MHC-II","Cell-Cell Contact","KEGG: hsa04514","PBMC_Late"
"Classical Monocytes","CD14+PPBP+ Monocytes","HLA-DRB1","CD4",0.045880738231212,0,"HLA-DRB1_CD4","HLA-DRB1 - CD4","MHC-II","Cell-Cell Contact","KEGG: hsa04514","PBMC_Late"
"CXCR5- Naïve B","CD14+PPBP+ Monocytes","HLA-DRB1","CD4",0.0759788068198513,0,"HLA-DRB1_CD4","HLA-DRB1 - CD4","MHC-II","Cell-Cell Contact","KEGG: hsa04514","PBMC_Late"
"CXCR5+ Naïve B","CD14+PPBP+ Monocytes","HLA-DRB1","CD4",0.0847178845749883,0,"HLA-DRB1_CD4","HLA-DRB1 - CD4","MHC-II","Cell-Cell Contact","KEGG: hsa04514","PBMC_Late"
"CXCR6+ NK","CD14+PPBP+ Monocytes","HLA-DRB1","CD4",0.00412077241862506,0,"HLA-DRB1_CD4","HLA-DRB1 - CD4","MHC-II","Cell-Cell Contact","KEGG: hsa04514","PBMC_Late"
"DC2","CD14+PPBP+ Monocytes","HLA-DRB1","CD4",0.104517424742974,0,"HLA-DRB1_CD4","HLA-DRB1 - CD4","MHC-II","Cell-Cell Contact","KEGG: hsa04514","PBMC_Late"
"HSC_MPP","CD14+PPBP+ Monocytes","HLA-DRB1","CD4",0.0442929596014716,0,"HLA-DRB1_CD4","HLA-DRB1 - CD4","MHC-II","Cell-Cell Contact","KEGG: hsa04514","PBMC_Late"
"MEMP","CD14+PPBP+ Monocytes","HLA-DRB1","CD4",0.0272929712429884,0,"HLA-DRB1_CD4","HLA-DRB1 - CD4","MHC-II","Cell-Cell Contact","KEGG: hsa04514","PBMC_Late"
"MEP","CD14+PPBP+ Monocytes","HLA-DRB1","CD4",0.0157596893833436,0,"HLA-DRB1_CD4","HLA-DRB1 - CD4","MHC-II","Cell-Cell Contact","KEGG: hsa04514","PBMC_Late"
"pDC","CD14+PPBP+ Monocytes","HLA-DRB1","CD4",0.0702722737117699,0,"HLA-DRB1_CD4","HLA-DRB1 - CD4","MHC-II","Cell-Cell Contact","KEGG: hsa04514","PBMC_Late"
"Pro-B","CD14+PPBP+ Monocytes","HLA-DRB1","CD4",0.052275129470634,0,"HLA-DRB1_CD4","HLA-DRB1 - CD4","MHC-II","Cell-Cell Contact","KEGG: hsa04514","PBMC_Late"
"CD14+PPBP+ Monocytes","Classical Monocytes","HLA-DRB1","CD4",0.0226934831704485,0,"HLA-DRB1_CD4","HLA-DRB1 - CD4","MHC-II","Cell-Cell Contact","KEGG: hsa04514","PBMC_Late"
"Classical Monocytes","Classical Monocytes","HLA-DRB1","CD4",0.0195602469597135,0,"HLA-DRB1_CD4","HLA-DRB1 - CD4","MHC-II","Cell-Cell Contact","KEGG: hsa04514","PBMC_Late"
"CXCR5- Naïve B","Classical Monocytes","HLA-DRB1","CD4",0.0329888889628563,0,"HLA-DRB1_CD4","HLA-DRB1 - CD4","MHC-II","Cell-Cell Contact","KEGG: hsa04514","PBMC_Late"
"CXCR5+ Naïve B","Classical Monocytes","HLA-DRB1","CD4",0.0369811656083714,0,"HLA-DRB1_CD4","HLA-DRB1 - CD4","MHC-II","Cell-Cell Contact","KEGG: hsa04514","PBMC_Late"
"CXCR6+ NK","Classical Monocytes","HLA-DRB1","CD4",0.00171377074411463,0,"HLA-DRB1_CD4","HLA-DRB1 - CD4","MHC-II","Cell-Cell Contact","KEGG: hsa04514","PBMC_Late"
"DC2","Classical Monocytes","HLA-DRB1","CD4",0.0461870742546259,0,"HLA-DRB1_CD4","HLA-DRB1 - CD4","MHC-II","Cell-Cell Contact","KEGG: hsa04514","PBMC_Late"
"HSC_MPP","Classical Monocytes","HLA-DRB1","CD4",0.018865322289763,0,"HLA-DRB1_CD4","HLA-DRB1 - CD4","MHC-II","Cell-Cell Contact","KEGG: hsa04514","PBMC_Late"
"MEMP","Classical Monocytes","HLA-DRB1","CD4",0.0115071554902564,0,"HLA-DRB1_CD4","HLA-DRB1 - CD4","MHC-II","Cell-Cell Contact","KEGG: hsa04514","PBMC_Late"
"MEP","Classical Monocytes","HLA-DRB1","CD4",0.0065992816391221,0,"HLA-DRB1_CD4","HLA-DRB1 - CD4","MHC-II","Cell-Cell Contact","KEGG: hsa04514","PBMC_Late"
"pDC","Classical Monocytes","HLA-DRB1","CD4",0.0304049504909064,0,"HLA-DRB1_CD4","HLA-DRB1 - CD4","MHC-II","Cell-Cell Contact","KEGG: hsa04514","PBMC_Late"
"Pro-B","Classical Monocytes","HLA-DRB1","CD4",0.0223723700798288,0,"HLA-DRB1_CD4","HLA-DRB1 - CD4","MHC-II","Cell-Cell Contact","KEGG: hsa04514","PBMC_Late"
"CD14+PPBP+ Monocytes","DC2","HLA-DRB1","CD4",0.0466485856939284,0,"HLA-DRB1_CD4","HLA-DRB1 - CD4","MHC-II","Cell-Cell Contact","KEGG: hsa04514","PBMC_Late"
"Classical Monocytes","DC2","HLA-DRB1","CD4",0.0403444591586542,0,"HLA-DRB1_CD4","HLA-DRB1 - CD4","MHC-II","Cell-Cell Contact","KEGG: hsa04514","PBMC_Late"
"CXCR5- Naïve B","DC2","HLA-DRB1","CD4",0.0670659772500622,0,"HLA-DRB1_CD4","HLA-DRB1 - CD4","MHC-II","Cell-Cell Contact","KEGG: hsa04514","PBMC_Late"
"CXCR5+ Naïve B","DC2","HLA-DRB1","CD4",0.0748629584196237,0,"HLA-DRB1_CD4","HLA-DRB1 - CD4","MHC-II","Cell-Cell Contact","KEGG: hsa04514","PBMC_Late"
"CXCR6+ NK","DC2","HLA-DRB1","CD4",0.00360449564069978,0.02,"HLA-DRB1_CD4","HLA-DRB1 - CD4","MHC-II","Cell-Cell Contact","KEGG: hsa04514","PBMC_Late"
"DC2","DC2","HLA-DRB1","CD4",0.0925922879936873,0,"HLA-DRB1_CD4","HLA-DRB1 - CD4","MHC-II","Cell-Cell Contact","KEGG: hsa04514","PBMC_Late"
"HSC_MPP","DC2","HLA-DRB1","CD4",0.0389404531547958,0,"HLA-DRB1_CD4","HLA-DRB1 - CD4","MHC-II","Cell-Cell Contact","KEGG: hsa04514","PBMC_Late"
"MEMP","DC2","HLA-DRB1","CD4",0.0239433318765494,0,"HLA-DRB1_CD4","HLA-DRB1 - CD4","MHC-II","Cell-Cell Contact","KEGG: hsa04514","PBMC_Late"
"MEP","DC2","HLA-DRB1","CD4",0.0138054288452362,0,"HLA-DRB1_CD4","HLA-DRB1 - CD4","MHC-II","Cell-Cell Contact","KEGG: hsa04514","PBMC_Late"
"pDC","DC2","HLA-DRB1","CD4",0.0619839543897118,0,"HLA-DRB1_CD4","HLA-DRB1 - CD4","MHC-II","Cell-Cell Contact","KEGG: hsa04514","PBMC_Late"
"Pro-B","DC2","HLA-DRB1","CD4",0.0460044635831826,0,"HLA-DRB1_CD4","HLA-DRB1 - CD4","MHC-II","Cell-Cell Contact","KEGG: hsa04514","PBMC_Late"
"CD14+PPBP+ Monocytes","Naïve CD4 T","HLA-DRB1","CD4",0.0199351333548554,0,"HLA-DRB1_CD4","HLA-DRB1 - CD4","MHC-II","Cell-Cell Contact","KEGG: hsa04514","PBMC_Late"
"Classical Monocytes","Naïve CD4 T","HLA-DRB1","CD4",0.0171760428623158,0,"HLA-DRB1_CD4","HLA-DRB1 - CD4","MHC-II","Cell-Cell Contact","KEGG: hsa04514","PBMC_Late"
"CXCR5- Naïve B","Naïve CD4 T","HLA-DRB1","CD4",0.0290163058877246,0,"HLA-DRB1_CD4","HLA-DRB1 - CD4","MHC-II","Cell-Cell Contact","KEGG: hsa04514","PBMC_Late"
"CXCR5+ Naïve B","Naïve CD4 T","HLA-DRB1","CD4",0.0325440047028539,0,"HLA-DRB1_CD4","HLA-DRB1 - CD4","MHC-II","Cell-Cell Contact","KEGG: hsa04514","PBMC_Late"
"CXCR6+ NK","Naïve CD4 T","HLA-DRB1","CD4",0.00150154723906284,0,"HLA-DRB1_CD4","HLA-DRB1 - CD4","MHC-II","Cell-Cell Contact","KEGG: hsa04514","PBMC_Late"
"DC2","Naïve CD4 T","HLA-DRB1","CD4",0.0406920214379342,0,"HLA-DRB1_CD4","HLA-DRB1 - CD4","MHC-II","Cell-Cell Contact","KEGG: hsa04514","PBMC_Late"
"HSC_MPP","Naïve CD4 T","HLA-DRB1","CD4",0.0165643916874393,0,"HLA-DRB1_CD4","HLA-DRB1 - CD4","MHC-II","Cell-Cell Contact","KEGG: hsa04514","PBMC_Late"
"MEMP","Naïve CD4 T","HLA-DRB1","CD4",0.0100944386970263,0,"HLA-DRB1_CD4","HLA-DRB1 - CD4","MHC-II","Cell-Cell Contact","KEGG: hsa04514","PBMC_Late"
"MEP","Naïve CD4 T","HLA-DRB1","CD4",0.00578557082614937,0,"HLA-DRB1_CD4","HLA-DRB1 - CD4","MHC-II","Cell-Cell Contact","KEGG: hsa04514","PBMC_Late"
"pDC","Naïve CD4 T","HLA-DRB1","CD4",0.0267349273651141,0,"HLA-DRB1_CD4","HLA-DRB1 - CD4","MHC-II","Cell-Cell Contact","KEGG: hsa04514","PBMC_Late"
"Pro-B","Naïve CD4 T","HLA-DRB1","CD4",0.0196522660985677,0,"HLA-DRB1_CD4","HLA-DRB1 - CD4","MHC-II","Cell-Cell Contact","KEGG: hsa04514","PBMC_Late"
"CD14+PPBP+ Monocytes","pDC","HLA-DRB1","CD4",0.0724777017288983,0,"HLA-DRB1_CD4","HLA-DRB1 - CD4","MHC-II","Cell-Cell Contact","KEGG: hsa04514","PBMC_Late"
"Classical Monocytes","pDC","HLA-DRB1","CD4",0.062913356884268,0,"HLA-DRB1_CD4","HLA-DRB1 - CD4","MHC-II","Cell-Cell Contact","KEGG: hsa04514","PBMC_Late"
"CXCR5- Naïve B","pDC","HLA-DRB1","CD4",0.10297896898745,0,"HLA-DRB1_CD4","HLA-DRB1 - CD4","MHC-II","Cell-Cell Contact","KEGG: hsa04514","PBMC_Late"
"CXCR5+ Naïve B","pDC","HLA-DRB1","CD4",0.114438984020014,0,"HLA-DRB1_CD4","HLA-DRB1 - CD4","MHC-II","Cell-Cell Contact","KEGG: hsa04514","PBMC_Late"
"CXCR6+ NK","pDC","HLA-DRB1","CD4",0.00574388326419682,0,"HLA-DRB1_CD4","HLA-DRB1 - CD4","MHC-II","Cell-Cell Contact","KEGG: hsa04514","PBMC_Late"
"DC2","pDC","HLA-DRB1","CD4",0.14012129205042,0,"HLA-DRB1_CD4","HLA-DRB1 - CD4","MHC-II","Cell-Cell Contact","KEGG: hsa04514","PBMC_Late"
"HSC_MPP","pDC","HLA-DRB1","CD4",0.0607736815410807,0,"HLA-DRB1_CD4","HLA-DRB1 - CD4","MHC-II","Cell-Cell Contact","KEGG: hsa04514","PBMC_Late"
"MEMP","pDC","HLA-DRB1","CD4",0.0376977677062919,0,"HLA-DRB1_CD4","HLA-DRB1 - CD4","MHC-II","Cell-Cell Contact","KEGG: hsa04514","PBMC_Late"
"MEP","pDC","HLA-DRB1","CD4",0.0218665365146589,0,"HLA-DRB1_CD4","HLA-DRB1 - CD4","MHC-II","Cell-Cell Contact","KEGG: hsa04514","PBMC_Late"
"pDC","pDC","HLA-DRB1","CD4",0.0954540249495861,0,"HLA-DRB1_CD4","HLA-DRB1 - CD4","MHC-II","Cell-Cell Contact","KEGG: hsa04514","PBMC_Late"
"Pro-B","pDC","HLA-DRB1","CD4",0.0715036814856884,0,"HLA-DRB1_CD4","HLA-DRB1 - CD4","MHC-II","Cell-Cell Contact","KEGG: hsa04514","PBMC_Late"
"CD14+PPBP+ Monocytes","Tem","HLA-DRB1","CD4",0.0202032842068004,0,"HLA-DRB1_CD4","HLA-DRB1 - CD4","MHC-II","Cell-Cell Contact","KEGG: hsa04514","PBMC_Late"
"Classical Monocytes","Tem","HLA-DRB1","CD4",0.0174077399156453,0,"HLA-DRB1_CD4","HLA-DRB1 - CD4","MHC-II","Cell-Cell Contact","KEGG: hsa04514","PBMC_Late"
"CXCR5- Naïve B","Tem","HLA-DRB1","CD4",0.0294029444319264,0,"HLA-DRB1_CD4","HLA-DRB1 - CD4","MHC-II","Cell-Cell Contact","KEGG: hsa04514","PBMC_Late"
"CXCR5+ Naïve B","Tem","HLA-DRB1","CD4",0.0329760529817595,0,"HLA-DRB1_CD4","HLA-DRB1 - CD4","MHC-II","Cell-Cell Contact","KEGG: hsa04514","PBMC_Late"
"DC2","Tem","HLA-DRB1","CD4",0.0412276316273347,0,"HLA-DRB1_CD4","HLA-DRB1 - CD4","MHC-II","Cell-Cell Contact","KEGG: hsa04514","PBMC_Late"
"HSC_MPP","Tem","HLA-DRB1","CD4",0.0167879787795642,0,"HLA-DRB1_CD4","HLA-DRB1 - CD4","MHC-II","Cell-Cell Contact","KEGG: hsa04514","PBMC_Late"
"MEMP","Tem","HLA-DRB1","CD4",0.0102316025936958,0,"HLA-DRB1_CD4","HLA-DRB1 - CD4","MHC-II","Cell-Cell Contact","KEGG: hsa04514","PBMC_Late"
"MEP","Tem","HLA-DRB1","CD4",0.00586453240787504,0.01,"HLA-DRB1_CD4","HLA-DRB1 - CD4","MHC-II","Cell-Cell Contact","KEGG: hsa04514","PBMC_Late"
"pDC","Tem","HLA-DRB1","CD4",0.0270920150172626,0,"HLA-DRB1_CD4","HLA-DRB1 - CD4","MHC-II","Cell-Cell Contact","KEGG: hsa04514","PBMC_Late"
"Pro-B","Tem","HLA-DRB1","CD4",0.0199166893775347,0,"HLA-DRB1_CD4","HLA-DRB1 - CD4","MHC-II","Cell-Cell Contact","KEGG: hsa04514","PBMC_Late"
"CD14+PPBP+ Monocytes","Treg","HLA-DRB1","CD4",0.0211987553104769,0,"HLA-DRB1_CD4","HLA-DRB1 - CD4","MHC-II","Cell-Cell Contact","KEGG: hsa04514","PBMC_Late"
"Classical Monocytes","Treg","HLA-DRB1","CD4",0.0182680351019281,0,"HLA-DRB1_CD4","HLA-DRB1 - CD4","MHC-II","Cell-Cell Contact","KEGG: hsa04514","PBMC_Late"
"CXCR5- Naïve B","Treg","HLA-DRB1","CD4",0.0308374413604988,0,"HLA-DRB1_CD4","HLA-DRB1 - CD4","MHC-II","Cell-Cell Contact","KEGG: hsa04514","PBMC_Late"
"CXCR5+ Naïve B","Treg","HLA-DRB1","CD4",0.034578662571522,0,"HLA-DRB1_CD4","HLA-DRB1 - CD4","MHC-II","Cell-Cell Contact","KEGG: hsa04514","PBMC_Late"
"CXCR6+ NK","Treg","HLA-DRB1","CD4",0.0015986312415227,0.02,"HLA-DRB1_CD4","HLA-DRB1 - CD4","MHC-II","Cell-Cell Contact","KEGG: hsa04514","PBMC_Late"
"DC2","Treg","HLA-DRB1","CD4",0.043213340927159,0,"HLA-DRB1_CD4","HLA-DRB1 - CD4","MHC-II","Cell-Cell Contact","KEGG: hsa04514","PBMC_Late"
"HSC_MPP","Treg","HLA-DRB1","CD4",0.0176181943874199,0,"HLA-DRB1_CD4","HLA-DRB1 - CD4","MHC-II","Cell-Cell Contact","KEGG: hsa04514","PBMC_Late"
"MEMP","Treg","HLA-DRB1","CD4",0.0107411279354512,0,"HLA-DRB1_CD4","HLA-DRB1 - CD4","MHC-II","Cell-Cell Contact","KEGG: hsa04514","PBMC_Late"
"MEP","Treg","HLA-DRB1","CD4",0.00615793431820556,0,"HLA-DRB1_CD4","HLA-DRB1 - CD4","MHC-II","Cell-Cell Contact","KEGG: hsa04514","PBMC_Late"
"pDC","Treg","HLA-DRB1","CD4",0.0284170683418944,0,"HLA-DRB1_CD4","HLA-DRB1 - CD4","MHC-II","Cell-Cell Contact","KEGG: hsa04514","PBMC_Late"
"Pro-B","Treg","HLA-DRB1","CD4",0.0208983403667895,0,"HLA-DRB1_CD4","HLA-DRB1 - CD4","MHC-II","Cell-Cell Contact","KEGG: hsa04514","PBMC_Late"
"CD14+PPBP+ Monocytes","CD14+PPBP+ Monocytes","HLA-DRB5","CD4",0.00505060895017702,0,"HLA-DRB5_CD4","HLA-DRB5 - CD4","MHC-II","Cell-Cell Contact","KEGG: hsa04514","PBMC_Late"
"Classical Monocytes","CD14+PPBP+ Monocytes","HLA-DRB5","CD4",0.00826386988598821,0,"HLA-DRB5_CD4","HLA-DRB5 - CD4","MHC-II","Cell-Cell Contact","KEGG: hsa04514","PBMC_Late"
"CXCR5- Naïve B","CD14+PPBP+ Monocytes","HLA-DRB5","CD4",0.0382073839844909,0,"HLA-DRB5_CD4","HLA-DRB5 - CD4","MHC-II","Cell-Cell Contact","KEGG: hsa04514","PBMC_Late"
"CXCR5+ Naïve B","CD14+PPBP+ Monocytes","HLA-DRB5","CD4",0.0340595088084677,0,"HLA-DRB5_CD4","HLA-DRB5 - CD4","MHC-II","Cell-Cell Contact","KEGG: hsa04514","PBMC_Late"
"DC2","CD14+PPBP+ Monocytes","HLA-DRB5","CD4",0.0532203333953408,0,"HLA-DRB5_CD4","HLA-DRB5 - CD4","MHC-II","Cell-Cell Contact","KEGG: hsa04514","PBMC_Late"
"HSC_MPP","CD14+PPBP+ Monocytes","HLA-DRB5","CD4",0.0183055872064452,0,"HLA-DRB5_CD4","HLA-DRB5 - CD4","MHC-II","Cell-Cell Contact","KEGG: hsa04514","PBMC_Late"
"MEMP","CD14+PPBP+ Monocytes","HLA-DRB5","CD4",0.0114389411407894,0,"HLA-DRB5_CD4","HLA-DRB5 - CD4","MHC-II","Cell-Cell Contact","KEGG: hsa04514","PBMC_Late"
"MEP","CD14+PPBP+ Monocytes","HLA-DRB5","CD4",0.00584600777762311,0,"HLA-DRB5_CD4","HLA-DRB5 - CD4","MHC-II","Cell-Cell Contact","KEGG: hsa04514","PBMC_Late"
"pDC","CD14+PPBP+ Monocytes","HLA-DRB5","CD4",0.0294259521699122,0,"HLA-DRB5_CD4","HLA-DRB5 - CD4","MHC-II","Cell-Cell Contact","KEGG: hsa04514","PBMC_Late"
"Pro-B","CD14+PPBP+ Monocytes","HLA-DRB5","CD4",0.00517411124954956,0,"HLA-DRB5_CD4","HLA-DRB5 - CD4","MHC-II","Cell-Cell Contact","KEGG: hsa04514","PBMC_Late"
"CD14+PPBP+ Monocytes","Classical Monocytes","HLA-DRB5","CD4",0.00210162273521577,0,"HLA-DRB5_CD4","HLA-DRB5 - CD4","MHC-II","Cell-Cell Contact","KEGG: hsa04514","PBMC_Late"
"Classical Monocytes","Classical Monocytes","HLA-DRB5","CD4",0.00344519818272434,0,"HLA-DRB5_CD4","HLA-DRB5 - CD4","MHC-II","Cell-Cell Contact","KEGG: hsa04514","PBMC_Late"
"CXCR5- Naïve B","Classical Monocytes","HLA-DRB5","CD4",0.0162140742619425,0,"HLA-DRB5_CD4","HLA-DRB5 - CD4","MHC-II","Cell-Cell Contact","KEGG: hsa04514","PBMC_Late"
"CXCR5+ Naïve B","Classical Monocytes","HLA-DRB5","CD4",0.0144180470846018,0,"HLA-DRB5_CD4","HLA-DRB5 - CD4","MHC-II","Cell-Cell Contact","KEGG: hsa04514","PBMC_Late"
"DC2","Classical Monocytes","HLA-DRB5","CD4",0.0227898940574253,0,"HLA-DRB5_CD4","HLA-DRB5 - CD4","MHC-II","Cell-Cell Contact","KEGG: hsa04514","PBMC_Late"
"HSC_MPP","Classical Monocytes","HLA-DRB5","CD4",0.00767690440960846,0,"HLA-DRB5_CD4","HLA-DRB5 - CD4","MHC-II","Cell-Cell Contact","KEGG: hsa04514","PBMC_Late"
"MEMP","Classical Monocytes","HLA-DRB5","CD4",0.00477780113390657,0,"HLA-DRB5_CD4","HLA-DRB5 - CD4","MHC-II","Cell-Cell Contact","KEGG: hsa04514","PBMC_Late"
"MEP","Classical Monocytes","HLA-DRB5","CD4",0.00243373434207313,0,"HLA-DRB5_CD4","HLA-DRB5 - CD4","MHC-II","Cell-Cell Contact","KEGG: hsa04514","PBMC_Late"
"pDC","Classical Monocytes","HLA-DRB5","CD4",0.0124222096000877,0,"HLA-DRB5_CD4","HLA-DRB5 - CD4","MHC-II","Cell-Cell Contact","KEGG: hsa04514","PBMC_Late"
"Pro-B","Classical Monocytes","HLA-DRB5","CD4",0.00215316967185756,0,"HLA-DRB5_CD4","HLA-DRB5 - CD4","MHC-II","Cell-Cell Contact","KEGG: hsa04514","PBMC_Late"
"CD14+PPBP+ Monocytes","DC2","HLA-DRB5","CD4",0.00441835314217384,0,"HLA-DRB5_CD4","HLA-DRB5 - CD4","MHC-II","Cell-Cell Contact","KEGG: hsa04514","PBMC_Late"
"Classical Monocytes","DC2","HLA-DRB5","CD4",0.0072322889304434,0,"HLA-DRB5_CD4","HLA-DRB5 - CD4","MHC-II","Cell-Cell Contact","KEGG: hsa04514","PBMC_Late"
"CXCR5- Naïve B","DC2","HLA-DRB5","CD4",0.033564451150896,0,"HLA-DRB5_CD4","HLA-DRB5 - CD4","MHC-II","Cell-Cell Contact","KEGG: hsa04514","PBMC_Late"
"CXCR5+ Naïve B","DC2","HLA-DRB5","CD4",0.0299049503869601,0,"HLA-DRB5_CD4","HLA-DRB5 - CD4","MHC-II","Cell-Cell Contact","KEGG: hsa04514","PBMC_Late"
"DC2","DC2","HLA-DRB5","CD4",0.0468418894966922,0,"HLA-DRB5_CD4","HLA-DRB5 - CD4","MHC-II","Cell-Cell Contact","KEGG: hsa04514","PBMC_Late"
"HSC_MPP","DC2","HLA-DRB5","CD4",0.0160407709699651,0,"HLA-DRB5_CD4","HLA-DRB5 - CD4","MHC-II","Cell-Cell Contact","KEGG: hsa04514","PBMC_Late"
"MEMP","DC2","HLA-DRB5","CD4",0.0100150177198224,0,"HLA-DRB5_CD4","HLA-DRB5 - CD4","MHC-II","Cell-Cell Contact","KEGG: hsa04514","PBMC_Late"
"MEP","DC2","HLA-DRB5","CD4",0.00511469256503172,0,"HLA-DRB5_CD4","HLA-DRB5 - CD4","MHC-II","Cell-Cell Contact","KEGG: hsa04514","PBMC_Late"
"pDC","DC2","HLA-DRB5","CD4",0.025821483340397,0,"HLA-DRB5_CD4","HLA-DRB5 - CD4","MHC-II","Cell-Cell Contact","KEGG: hsa04514","PBMC_Late"
"Pro-B","DC2","HLA-DRB5","CD4",0.00452646525723338,0,"HLA-DRB5_CD4","HLA-DRB5 - CD4","MHC-II","Cell-Cell Contact","KEGG: hsa04514","PBMC_Late"
"CD14+PPBP+ Monocytes","Naïve CD4 T","HLA-DRB5","CD4",0.00184145846783568,0,"HLA-DRB5_CD4","HLA-DRB5 - CD4","MHC-II","Cell-Cell Contact","KEGG: hsa04514","PBMC_Late"
"Classical Monocytes","Naïve CD4 T","HLA-DRB5","CD4",0.00301921313002659,0,"HLA-DRB5_CD4","HLA-DRB5 - CD4","MHC-II","Cell-Cell Contact","KEGG: hsa04514","PBMC_Late"
"CXCR5- Naïve B","Naïve CD4 T","HLA-DRB5","CD4",0.014231815632898,0,"HLA-DRB5_CD4","HLA-DRB5 - CD4","MHC-II","Cell-Cell Contact","KEGG: hsa04514","PBMC_Late"
"CXCR5+ Naïve B","Naïve CD4 T","HLA-DRB5","CD4",0.0126525385739949,0,"HLA-DRB5_CD4","HLA-DRB5 - CD4","MHC-II","Cell-Cell Contact","KEGG: hsa04514","PBMC_Late"
"DC2","Naïve CD4 T","HLA-DRB5","CD4",0.0200200657354825,0,"HLA-DRB5_CD4","HLA-DRB5 - CD4","MHC-II","Cell-Cell Contact","KEGG: hsa04514","PBMC_Late"
"HSC_MPP","Naïve CD4 T","HLA-DRB5","CD4",0.00673121988938463,0,"HLA-DRB5_CD4","HLA-DRB5 - CD4","MHC-II","Cell-Cell Contact","KEGG: hsa04514","PBMC_Late"
"MEMP","Naïve CD4 T","HLA-DRB5","CD4",0.00418773742984067,0,"HLA-DRB5_CD4","HLA-DRB5 - CD4","MHC-II","Cell-Cell Contact","KEGG: hsa04514","PBMC_Late"
"MEP","Naïve CD4 T","HLA-DRB5","CD4",0.00213254514483178,0,"HLA-DRB5_CD4","HLA-DRB5 - CD4","MHC-II","Cell-Cell Contact","KEGG: hsa04514","PBMC_Late"
"pDC","Naïve CD4 T","HLA-DRB5","CD4",0.0108983915170312,0,"HLA-DRB5_CD4","HLA-DRB5 - CD4","MHC-II","Cell-Cell Contact","KEGG: hsa04514","PBMC_Late"
"Pro-B","Naïve CD4 T","HLA-DRB5","CD4",0.00188663636571617,0,"HLA-DRB5_CD4","HLA-DRB5 - CD4","MHC-II","Cell-Cell Contact","KEGG: hsa04514","PBMC_Late"
"CD14+PPBP+ Monocytes","pDC","HLA-DRB5","CD4",0.00703738045179604,0,"HLA-DRB5_CD4","HLA-DRB5 - CD4","MHC-II","Cell-Cell Contact","KEGG: hsa04514","PBMC_Late"
"Classical Monocytes","pDC","HLA-DRB5","CD4",0.0115000404606888,0,"HLA-DRB5_CD4","HLA-DRB5 - CD4","MHC-II","Cell-Cell Contact","KEGG: hsa04514","PBMC_Late"
"CXCR5- Naïve B","pDC","HLA-DRB5","CD4",0.0525482599297244,0,"HLA-DRB5_CD4","HLA-DRB5 - CD4","MHC-II","Cell-Cell Contact","KEGG: hsa04514","PBMC_Late"
"CXCR5+ Naïve B","pDC","HLA-DRB5","CD4",0.046919458264043,0,"HLA-DRB5_CD4","HLA-DRB5 - CD4","MHC-II","Cell-Cell Contact","KEGG: hsa04514","PBMC_Late"
"DC2","pDC","HLA-DRB5","CD4",0.0727698672204828,0,"HLA-DRB5_CD4","HLA-DRB5 - CD4","MHC-II","Cell-Cell Contact","KEGG: hsa04514","PBMC_Late"
"HSC_MPP","pDC","HLA-DRB5","CD4",0.0253735319295346,0,"HLA-DRB5_CD4","HLA-DRB5 - CD4","MHC-II","Cell-Cell Contact","KEGG: hsa04514","PBMC_Late"
"MEMP","pDC","HLA-DRB5","CD4",0.0158985521026253,0,"HLA-DRB5_CD4","HLA-DRB5 - CD4","MHC-II","Cell-Cell Contact","KEGG: hsa04514","PBMC_Late"
"MEP","pDC","HLA-DRB5","CD4",0.00814310662028345,0,"HLA-DRB5_CD4","HLA-DRB5 - CD4","MHC-II","Cell-Cell Contact","KEGG: hsa04514","PBMC_Late"
"pDC","pDC","HLA-DRB5","CD4",0.0406099484413941,0,"HLA-DRB5_CD4","HLA-DRB5 - CD4","MHC-II","Cell-Cell Contact","KEGG: hsa04514","PBMC_Late"
"Pro-B","pDC","HLA-DRB5","CD4",0.00720911316567094,0,"HLA-DRB5_CD4","HLA-DRB5 - CD4","MHC-II","Cell-Cell Contact","KEGG: hsa04514","PBMC_Late"
"CD14+PPBP+ Monocytes","Tem","HLA-DRB5","CD4",0.00186669179584842,0,"HLA-DRB5_CD4","HLA-DRB5 - CD4","MHC-II","Cell-Cell Contact","KEGG: hsa04514","PBMC_Late"
"Classical Monocytes","Tem","HLA-DRB5","CD4",0.0030605356326694,0,"HLA-DRB5_CD4","HLA-DRB5 - CD4","MHC-II","Cell-Cell Contact","KEGG: hsa04514","PBMC_Late"
"CXCR5- Naïve B","Tem","HLA-DRB5","CD4",0.0144243792866358,0,"HLA-DRB5_CD4","HLA-DRB5 - CD4","MHC-II","Cell-Cell Contact","KEGG: hsa04514","PBMC_Late"
"CXCR5+ Naïve B","Tem","HLA-DRB5","CD4",0.0128240117965168,0,"HLA-DRB5_CD4","HLA-DRB5 - CD4","MHC-II","Cell-Cell Contact","KEGG: hsa04514","PBMC_Late"
"DC2","Tem","HLA-DRB5","CD4",0.0202893353764236,0,"HLA-DRB5_CD4","HLA-DRB5 - CD4","MHC-II","Cell-Cell Contact","KEGG: hsa04514","PBMC_Late"
"HSC_MPP","Tem","HLA-DRB5","CD4",0.0068229991360043,0,"HLA-DRB5_CD4","HLA-DRB5 - CD4","MHC-II","Cell-Cell Contact","KEGG: hsa04514","PBMC_Late"
"MEMP","Tem","HLA-DRB5","CD4",0.00424498486088092,0,"HLA-DRB5_CD4","HLA-DRB5 - CD4","MHC-II","Cell-Cell Contact","KEGG: hsa04514","PBMC_Late"
"MEP","Tem","HLA-DRB5","CD4",0.00216175856695682,0.01,"HLA-DRB5_CD4","HLA-DRB5 - CD4","MHC-II","Cell-Cell Contact","KEGG: hsa04514","PBMC_Late"
"pDC","Tem","HLA-DRB5","CD4",0.0110463576747141,0,"HLA-DRB5_CD4","HLA-DRB5 - CD4","MHC-II","Cell-Cell Contact","KEGG: hsa04514","PBMC_Late"
"Pro-B","Tem","HLA-DRB5","CD4",0.00191248757596713,0.01,"HLA-DRB5_CD4","HLA-DRB5 - CD4","MHC-II","Cell-Cell Contact","KEGG: hsa04514","PBMC_Late"
"CD14+PPBP+ Monocytes","Treg","HLA-DRB5","CD4",0.00196047661183188,0,"HLA-DRB5_CD4","HLA-DRB5 - CD4","MHC-II","Cell-Cell Contact","KEGG: hsa04514","PBMC_Late"
"Classical Monocytes","Treg","HLA-DRB5","CD4",0.00321410743978492,0,"HLA-DRB5_CD4","HLA-DRB5 - CD4","MHC-II","Cell-Cell Contact","KEGG: hsa04514","PBMC_Late"
"CXCR5- Naïve B","Treg","HLA-DRB5","CD4",0.0151395076797009,0,"HLA-DRB5_CD4","HLA-DRB5 - CD4","MHC-II","Cell-Cell Contact","KEGG: hsa04514","PBMC_Late"
"CXCR5+ Naïve B","Treg","HLA-DRB5","CD4",0.0134608812093903,0,"HLA-DRB5_CD4","HLA-DRB5 - CD4","MHC-II","Cell-Cell Contact","KEGG: hsa04514","PBMC_Late"
"DC2","Treg","HLA-DRB5","CD4",0.0212889543308108,0,"HLA-DRB5_CD4","HLA-DRB5 - CD4","MHC-II","Cell-Cell Contact","KEGG: hsa04514","PBMC_Late"
"HSC_MPP","Treg","HLA-DRB5","CD4",0.00716400747626301,0,"HLA-DRB5_CD4","HLA-DRB5 - CD4","MHC-II","Cell-Cell Contact","KEGG: hsa04514","PBMC_Late"
"MEMP","Treg","HLA-DRB5","CD4",0.0044577243071669,0,"HLA-DRB5_CD4","HLA-DRB5 - CD4","MHC-II","Cell-Cell Contact","KEGG: hsa04514","PBMC_Late"
"MEP","Treg","HLA-DRB5","CD4",0.00227033416893466,0,"HLA-DRB5_CD4","HLA-DRB5 - CD4","MHC-II","Cell-Cell Contact","KEGG: hsa04514","PBMC_Late"
"pDC","Treg","HLA-DRB5","CD4",0.0115959817846755,0,"HLA-DRB5_CD4","HLA-DRB5 - CD4","MHC-II","Cell-Cell Contact","KEGG: hsa04514","PBMC_Late"
"Pro-B","Treg","HLA-DRB5","CD4",0.00200856859638455,0,"HLA-DRB5_CD4","HLA-DRB5 - CD4","MHC-II","Cell-Cell Contact","KEGG: hsa04514","PBMC_Late"
"MEMP","MEMP","MPZL1","MPZL1",0.0003665587705095,0,"MPZL1_MPZL1","MPZL1 - MPZL1","MPZ","Cell-Cell Contact","KEGG: hsa04514","PBMC_Late"
"MEP","MEMP","MPZL1","MPZL1",0.000400870947590124,0,"MPZL1_MPZL1","MPZL1 - MPZL1","MPZ","Cell-Cell Contact","KEGG: hsa04514","PBMC_Late"
"MEMP","MEP","MPZL1","MPZL1",0.000400870947590124,0,"MPZL1_MPZL1","MPZL1 - MPZL1","MPZ","Cell-Cell Contact","KEGG: hsa04514","PBMC_Late"
"MEP","MEP","MPZL1","MPZL1",0.000438393548945174,0.01,"MPZL1_MPZL1","MPZL1 - MPZL1","MPZ","Cell-Cell Contact","KEGG: hsa04514","PBMC_Late"
"CXCR6+ NK","CXCR6+ NK","NCAM1","NCAM1",0.00118321164831489,0,"NCAM1_NCAM1","NCAM1 - NCAM1","NCAM","Cell-Cell Contact","KEGG: hsa04514","PBMC_Late"
"MEP","CD14+PPBP+ Monocytes","NECTIN2","CD226",0.00101826394157484,0,"NECTIN2_CD226","NECTIN2 - CD226","NECTIN","Cell-Cell Contact","KEGG: hsa04514","PBMC_Late"
"MEP","CXCR6+ NK","NECTIN2","CD226",0.000610160690904621,0,"NECTIN2_CD226","NECTIN2 - CD226","NECTIN","Cell-Cell Contact","KEGG: hsa04514","PBMC_Late"
"MEP","Megakaryocytes","NECTIN2","CD226",0.00204324055852352,0,"NECTIN2_CD226","NECTIN2 - CD226","NECTIN","Cell-Cell Contact","KEGG: hsa04514","PBMC_Late"
"MEP","Th17like_INNATE_T","NECTIN2","CD226",0.000799484692097396,0,"NECTIN2_CD226","NECTIN2 - CD226","NECTIN","Cell-Cell Contact","KEGG: hsa04514","PBMC_Late"
"MEP","CX3CR1+ NK","NECTIN2","TIGIT",0.00128810948962825,0,"NECTIN2_TIGIT","NECTIN2 - TIGIT","NECTIN","Cell-Cell Contact","KEGG: hsa04514","PBMC_Late"
"MEP","CXCR6+ NK","NECTIN2","TIGIT",0.00112878804057223,0,"NECTIN2_TIGIT","NECTIN2 - TIGIT","NECTIN","Cell-Cell Contact","KEGG: hsa04514","PBMC_Late"
"MEP","Treg","NECTIN2","TIGIT",0.00111672577699618,0,"NECTIN2_TIGIT","NECTIN2 - TIGIT","NECTIN","Cell-Cell Contact","KEGG: hsa04514","PBMC_Late"
"DC2","DC2","NEGR1","NEGR1",0.00106013365685721,0,"NEGR1_NEGR1","NEGR1 - NEGR1","NEGR","Cell-Cell Contact","KEGG: hsa04514","PBMC_Late"
"HSC_MPP","DC2","NEGR1","NEGR1",8.00369208407149e-05,0,"NEGR1_NEGR1","NEGR1 - NEGR1","NEGR","Cell-Cell Contact","KEGG: hsa04514","PBMC_Late"
"Pro-B","DC2","NEGR1","NEGR1",0.00242845524330058,0,"NEGR1_NEGR1","NEGR1 - NEGR1","NEGR","Cell-Cell Contact","KEGG: hsa04514","PBMC_Late"
"DC2","HSC_MPP","NEGR1","NEGR1",8.00369208407149e-05,0,"NEGR1_NEGR1","NEGR1 - NEGR1","NEGR","Cell-Cell Contact","KEGG: hsa04514","PBMC_Late"
"HSC_MPP","HSC_MPP","NEGR1","NEGR1",6.03707216826544e-06,0,"NEGR1_NEGR1","NEGR1 - NEGR1","NEGR","Cell-Cell Contact","KEGG: hsa04514","PBMC_Late"
"Pro-B","HSC_MPP","NEGR1","NEGR1",0.000183573578972585,0,"NEGR1_NEGR1","NEGR1 - NEGR1","NEGR","Cell-Cell Contact","KEGG: hsa04514","PBMC_Late"
"DC2","Pro-B","NEGR1","NEGR1",0.00242845524330058,0,"NEGR1_NEGR1","NEGR1 - NEGR1","NEGR","Cell-Cell Contact","KEGG: hsa04514","PBMC_Late"
"HSC_MPP","Pro-B","NEGR1","NEGR1",0.000183573578972585,0,"NEGR1_NEGR1","NEGR1 - NEGR1","NEGR","Cell-Cell Contact","KEGG: hsa04514","PBMC_Late"
"Pro-B","Pro-B","NEGR1","NEGR1",0.00555306095478795,0,"NEGR1_NEGR1","NEGR1 - NEGR1","NEGR","Cell-Cell Contact","KEGG: hsa04514","PBMC_Late"
"MEP","CD14+PPBP+ Monocytes","DLK1","NOTCH1",0.000103097225612465,0,"DLK1_NOTCH1","DLK1 - NOTCH1","NOTCH","Cell-Cell Contact","PMID: 22353464","PBMC_Late"
"MEP","CD14+PPBP+ Monocytes","DLK1","NOTCH2",0.00149570386970915,0,"DLK1_NOTCH2","DLK1 - NOTCH2","NOTCH","Cell-Cell Contact","PMID: 22353464","PBMC_Late"
"MEP","Classical Monocytes","DLK1","NOTCH2",0.00124708967425481,0,"DLK1_NOTCH2","DLK1 - NOTCH2","NOTCH","Cell-Cell Contact","PMID: 22353464","PBMC_Late"
"MEP","CXCR5- Naïve B","DLK1","NOTCH2",0.000592223538622913,0,"DLK1_NOTCH2","DLK1 - NOTCH2","NOTCH","Cell-Cell Contact","PMID: 22353464","PBMC_Late"
"MEP","CXCR5+ Naïve B","DLK1","NOTCH2",0.000553903780094337,0,"DLK1_NOTCH2","DLK1 - NOTCH2","NOTCH","Cell-Cell Contact","PMID: 22353464","PBMC_Late"
"MEP","DC2","DLK1","NOTCH2",0.00103014403996033,0,"DLK1_NOTCH2","DLK1 - NOTCH2","NOTCH","Cell-Cell Contact","PMID: 22353464","PBMC_Late"
"MEP","HSC_MPP","DLK1","NOTCH2",0.000185211646207747,0,"DLK1_NOTCH2","DLK1 - NOTCH2","NOTCH","Cell-Cell Contact","PMID: 22353464","PBMC_Late"
"MEP","MEMP","DLK1","NOTCH2",0.000510153886692139,0,"DLK1_NOTCH2","DLK1 - NOTCH2","NOTCH","Cell-Cell Contact","PMID: 22353464","PBMC_Late"
"MEP","MEP","DLK1","NOTCH2",0.00075400774254625,0,"DLK1_NOTCH2","DLK1 - NOTCH2","NOTCH","Cell-Cell Contact","PMID: 22353464","PBMC_Late"
"MEP","Myeloid-CD177","DLK1","NOTCH2",0.000861023821946897,0,"DLK1_NOTCH2","DLK1 - NOTCH2","NOTCH","Cell-Cell Contact","PMID: 22353464","PBMC_Late"
"MEP","pDC","DLK1","NOTCH2",0.000421494412667398,0,"DLK1_NOTCH2","DLK1 - NOTCH2","NOTCH","Cell-Cell Contact","PMID: 22353464","PBMC_Late"
"CD14+PPBP+ Monocytes","CD14+PPBP+ Monocytes","PECAM1","PECAM1",0.0592499318256007,0,"PECAM1_PECAM1","PECAM1 - PECAM1","PECAM1","Cell-Cell Contact","KEGG: hsa04514","PBMC_Late"
"Classical Monocytes","CD14+PPBP+ Monocytes","PECAM1","PECAM1",0.0419030966782999,0,"PECAM1_PECAM1","PECAM1 - PECAM1","PECAM1","Cell-Cell Contact","KEGG: hsa04514","PBMC_Late"
"CXCR6+ NK","CD14+PPBP+ Monocytes","PECAM1","PECAM1",0.00801234312861176,0,"PECAM1_PECAM1","PECAM1 - PECAM1","PECAM1","Cell-Cell Contact","KEGG: hsa04514","PBMC_Late"
"DC2","CD14+PPBP+ Monocytes","PECAM1","PECAM1",0.00832432527081103,0,"PECAM1_PECAM1","PECAM1 - PECAM1","PECAM1","Cell-Cell Contact","KEGG: hsa04514","PBMC_Late"
"Gamma Delta V2 T","CD14+PPBP+ Monocytes","PECAM1","PECAM1",0.00827249721963734,0,"PECAM1_PECAM1","PECAM1 - PECAM1","PECAM1","Cell-Cell Contact","KEGG: hsa04514","PBMC_Late"
"HSC_MPP","CD14+PPBP+ Monocytes","PECAM1","PECAM1",0.0270132422246354,0,"PECAM1_PECAM1","PECAM1 - PECAM1","PECAM1","Cell-Cell Contact","KEGG: hsa04514","PBMC_Late"
"Megakaryocytes","CD14+PPBP+ Monocytes","PECAM1","PECAM1",0.0229098821804428,0,"PECAM1_PECAM1","PECAM1 - PECAM1","PECAM1","Cell-Cell Contact","KEGG: hsa04514","PBMC_Late"
"MEMP","CD14+PPBP+ Monocytes","PECAM1","PECAM1",0.00470383460155029,0,"PECAM1_PECAM1","PECAM1 - PECAM1","PECAM1","Cell-Cell Contact","KEGG: hsa04514","PBMC_Late"
"MEP","CD14+PPBP+ Monocytes","PECAM1","PECAM1",0.0367372264911209,0,"PECAM1_PECAM1","PECAM1 - PECAM1","PECAM1","Cell-Cell Contact","KEGG: hsa04514","PBMC_Late"
"Myeloid-CD177","CD14+PPBP+ Monocytes","PECAM1","PECAM1",0.0211792472309172,0,"PECAM1_PECAM1","PECAM1 - PECAM1","PECAM1","Cell-Cell Contact","KEGG: hsa04514","PBMC_Late"
"Naïve CD8 T","CD14+PPBP+ Monocytes","PECAM1","PECAM1",0.0137990377578864,0,"PECAM1_PECAM1","PECAM1 - PECAM1","PECAM1","Cell-Cell Contact","KEGG: hsa04514","PBMC_Late"
"NK T","CD14+PPBP+ Monocytes","PECAM1","PECAM1",0.0121552096255297,0,"PECAM1_PECAM1","PECAM1 - PECAM1","PECAM1","Cell-Cell Contact","KEGG: hsa04514","PBMC_Late"
"Pro-B","CD14+PPBP+ Monocytes","PECAM1","PECAM1",0.0219682011206439,0,"PECAM1_PECAM1","PECAM1 - PECAM1","PECAM1","Cell-Cell Contact","KEGG: hsa04514","PBMC_Late"
"CD14+PPBP+ Monocytes","Classical Monocytes","PECAM1","PECAM1",0.0419030966782999,0,"PECAM1_PECAM1","PECAM1 - PECAM1","PECAM1","Cell-Cell Contact","KEGG: hsa04514","PBMC_Late"
"Classical Monocytes","Classical Monocytes","PECAM1","PECAM1",0.0294758353254128,0,"PECAM1_PECAM1","PECAM1 - PECAM1","PECAM1","Cell-Cell Contact","KEGG: hsa04514","PBMC_Late"
"CXCR6+ NK","Classical Monocytes","PECAM1","PECAM1",0.0055775985996949,0,"PECAM1_PECAM1","PECAM1 - PECAM1","PECAM1","Cell-Cell Contact","KEGG: hsa04514","PBMC_Late"
"DC2","Classical Monocytes","PECAM1","PECAM1",0.00579533126575367,0,"PECAM1_PECAM1","PECAM1 - PECAM1","PECAM1","Cell-Cell Contact","KEGG: hsa04514","PBMC_Late"
"Gamma Delta V2 T","Classical Monocytes","PECAM1","PECAM1",0.0057591575314008,0,"PECAM1_PECAM1","PECAM1 - PECAM1","PECAM1","Cell-Cell Contact","KEGG: hsa04514","PBMC_Late"
"HSC_MPP","Classical Monocytes","PECAM1","PECAM1",0.0189147077025189,0,"PECAM1_PECAM1","PECAM1 - PECAM1","PECAM1","Cell-Cell Contact","KEGG: hsa04514","PBMC_Late"
"Megakaryocytes","Classical Monocytes","PECAM1","PECAM1",0.0160212733387837,0,"PECAM1_PECAM1","PECAM1 - PECAM1","PECAM1","Cell-Cell Contact","KEGG: hsa04514","PBMC_Late"
"MEMP","Classical Monocytes","PECAM1","PECAM1",0.0032711452490196,0,"PECAM1_PECAM1","PECAM1 - PECAM1","PECAM1","Cell-Cell Contact","KEGG: hsa04514","PBMC_Late"
"MEP","Classical Monocytes","PECAM1","PECAM1",0.0258007578256212,0,"PECAM1_PECAM1","PECAM1 - PECAM1","PECAM1","Cell-Cell Contact","KEGG: hsa04514","PBMC_Late"
"Myeloid-CD177","Classical Monocytes","PECAM1","PECAM1",0.0148031268989004,0,"PECAM1_PECAM1","PECAM1 - PECAM1","PECAM1","Cell-Cell Contact","KEGG: hsa04514","PBMC_Late"
"Naïve CD8 T","Classical Monocytes","PECAM1","PECAM1",0.00962292379042118,0,"PECAM1_PECAM1","PECAM1 - PECAM1","PECAM1","Cell-Cell Contact","KEGG: hsa04514","PBMC_Late"
"NK T","Classical Monocytes","PECAM1","PECAM1",0.00847230678939547,0,"PECAM1_PECAM1","PECAM1 - PECAM1","PECAM1","Cell-Cell Contact","KEGG: hsa04514","PBMC_Late"
"Pro-B","Classical Monocytes","PECAM1","PECAM1",0.0153582890089156,0,"PECAM1_PECAM1","PECAM1 - PECAM1","PECAM1","Cell-Cell Contact","KEGG: hsa04514","PBMC_Late"
"CD14+PPBP+ Monocytes","CXCR6+ NK","PECAM1","PECAM1",0.00801234312861176,0,"PECAM1_PECAM1","PECAM1 - PECAM1","PECAM1","Cell-Cell Contact","KEGG: hsa04514","PBMC_Late"
"Classical Monocytes","CXCR6+ NK","PECAM1","PECAM1",0.0055775985996949,0,"PECAM1_PECAM1","PECAM1 - PECAM1","PECAM1","Cell-Cell Contact","KEGG: hsa04514","PBMC_Late"
"HSC_MPP","CXCR6+ NK","PECAM1","PECAM1",0.00354785534562641,0.01,"PECAM1_PECAM1","PECAM1 - PECAM1","PECAM1","Cell-Cell Contact","KEGG: hsa04514","PBMC_Late"
"MEP","CXCR6+ NK","PECAM1","PECAM1",0.00486723471232623,0.01,"PECAM1_PECAM1","PECAM1 - PECAM1","PECAM1","Cell-Cell Contact","KEGG: hsa04514","PBMC_Late"
"CD14+PPBP+ Monocytes","DC2","PECAM1","PECAM1",0.00832432527081103,0,"PECAM1_PECAM1","PECAM1 - PECAM1","PECAM1","Cell-Cell Contact","KEGG: hsa04514","PBMC_Late"
"Classical Monocytes","DC2","PECAM1","PECAM1",0.00579533126575367,0,"PECAM1_PECAM1","PECAM1 - PECAM1","PECAM1","Cell-Cell Contact","KEGG: hsa04514","PBMC_Late"
"HSC_MPP","DC2","PECAM1","PECAM1",0.00368664669277089,0,"PECAM1_PECAM1","PECAM1 - PECAM1","PECAM1","Cell-Cell Contact","KEGG: hsa04514","PBMC_Late"
"Megakaryocytes","DC2","PECAM1","PECAM1",0.00311529338732849,0.01,"PECAM1_PECAM1","PECAM1 - PECAM1","PECAM1","Cell-Cell Contact","KEGG: hsa04514","PBMC_Late"
"MEP","DC2","PECAM1","PECAM1",0.0050573779398121,0.01,"PECAM1_PECAM1","PECAM1 - PECAM1","PECAM1","Cell-Cell Contact","KEGG: hsa04514","PBMC_Late"
"Myeloid-CD177","DC2","PECAM1","PECAM1",0.00287556042066447,0.02,"PECAM1_PECAM1","PECAM1 - PECAM1","PECAM1","Cell-Cell Contact","KEGG: hsa04514","PBMC_Late"
"CD14+PPBP+ Monocytes","Gamma Delta V2 T","PECAM1","PECAM1",0.00827249721963734,0,"PECAM1_PECAM1","PECAM1 - PECAM1","PECAM1","Cell-Cell Contact","KEGG: hsa04514","PBMC_Late"
"Classical Monocytes","Gamma Delta V2 T","PECAM1","PECAM1",0.0057591575314008,0,"PECAM1_PECAM1","PECAM1 - PECAM1","PECAM1","Cell-Cell Contact","KEGG: hsa04514","PBMC_Late"
"HSC_MPP","Gamma Delta V2 T","PECAM1","PECAM1",0.00366358660255893,0,"PECAM1_PECAM1","PECAM1 - PECAM1","PECAM1","Cell-Cell Contact","KEGG: hsa04514","PBMC_Late"
"Megakaryocytes","Gamma Delta V2 T","PECAM1","PECAM1",0.00309579602509096,0.03,"PECAM1_PECAM1","PECAM1 - PECAM1","PECAM1","Cell-Cell Contact","KEGG: hsa04514","PBMC_Late"
"MEP","Gamma Delta V2 T","PECAM1","PECAM1",0.00502578713321722,0.02,"PECAM1_PECAM1","PECAM1 - PECAM1","PECAM1","Cell-Cell Contact","KEGG: hsa04514","PBMC_Late"
"CD14+PPBP+ Monocytes","HSC_MPP","PECAM1","PECAM1",0.0270132422246354,0,"PECAM1_PECAM1","PECAM1 - PECAM1","PECAM1","Cell-Cell Contact","KEGG: hsa04514","PBMC_Late"
"Classical Monocytes","HSC_MPP","PECAM1","PECAM1",0.0189147077025189,0,"PECAM1_PECAM1","PECAM1 - PECAM1","PECAM1","Cell-Cell Contact","KEGG: hsa04514","PBMC_Late"
"CXCR6+ NK","HSC_MPP","PECAM1","PECAM1",0.00354785534562641,0.01,"PECAM1_PECAM1","PECAM1 - PECAM1","PECAM1","Cell-Cell Contact","KEGG: hsa04514","PBMC_Late"
"DC2","HSC_MPP","PECAM1","PECAM1",0.00368664669277089,0,"PECAM1_PECAM1","PECAM1 - PECAM1","PECAM1","Cell-Cell Contact","KEGG: hsa04514","PBMC_Late"
"Gamma Delta V2 T","HSC_MPP","PECAM1","PECAM1",0.00366358660255893,0,"PECAM1_PECAM1","PECAM1 - PECAM1","PECAM1","Cell-Cell Contact","KEGG: hsa04514","PBMC_Late"
"HSC_MPP","HSC_MPP","PECAM1","PECAM1",0.0120904689317281,0,"PECAM1_PECAM1","PECAM1 - PECAM1","PECAM1","Cell-Cell Contact","KEGG: hsa04514","PBMC_Late"
"Megakaryocytes","HSC_MPP","PECAM1","PECAM1",0.0102300716699483,0,"PECAM1_PECAM1","PECAM1 - PECAM1","PECAM1","Cell-Cell Contact","KEGG: hsa04514","PBMC_Late"
"MEP","HSC_MPP","PECAM1","PECAM1",0.0165339697743047,0,"PECAM1_PECAM1","PECAM1 - PECAM1","PECAM1","Cell-Cell Contact","KEGG: hsa04514","PBMC_Late"
"Myeloid-CD177","HSC_MPP","PECAM1","PECAM1",0.00944802009994342,0,"PECAM1_PECAM1","PECAM1 - PECAM1","PECAM1","Cell-Cell Contact","KEGG: hsa04514","PBMC_Late"
"Naïve CD8 T","HSC_MPP","PECAM1","PECAM1",0.00613012169535363,0,"PECAM1_PECAM1","PECAM1 - PECAM1","PECAM1","Cell-Cell Contact","KEGG: hsa04514","PBMC_Late"
"NK T","HSC_MPP","PECAM1","PECAM1",0.00539486551299784,0,"PECAM1_PECAM1","PECAM1 - PECAM1","PECAM1","Cell-Cell Contact","KEGG: hsa04514","PBMC_Late"
"Pro-B","HSC_MPP","PECAM1","PECAM1",0.00980434809962742,0,"PECAM1_PECAM1","PECAM1 - PECAM1","PECAM1","Cell-Cell Contact","KEGG: hsa04514","PBMC_Late"
"CD14+PPBP+ Monocytes","Megakaryocytes","PECAM1","PECAM1",0.0229098821804428,0,"PECAM1_PECAM1","PECAM1 - PECAM1","PECAM1","Cell-Cell Contact","KEGG: hsa04514","PBMC_Late"
"Classical Monocytes","Megakaryocytes","PECAM1","PECAM1",0.0160212733387837,0,"PECAM1_PECAM1","PECAM1 - PECAM1","PECAM1","Cell-Cell Contact","KEGG: hsa04514","PBMC_Late"
"DC2","Megakaryocytes","PECAM1","PECAM1",0.00311529338732849,0.01,"PECAM1_PECAM1","PECAM1 - PECAM1","PECAM1","Cell-Cell Contact","KEGG: hsa04514","PBMC_Late"
"Gamma Delta V2 T","Megakaryocytes","PECAM1","PECAM1",0.00309579602509096,0.03,"PECAM1_PECAM1","PECAM1 - PECAM1","PECAM1","Cell-Cell Contact","KEGG: hsa04514","PBMC_Late"
"HSC_MPP","Megakaryocytes","PECAM1","PECAM1",0.0102300716699483,0,"PECAM1_PECAM1","PECAM1 - PECAM1","PECAM1","Cell-Cell Contact","KEGG: hsa04514","PBMC_Late"
"Megakaryocytes","Megakaryocytes","PECAM1","PECAM1",0.00865343190713569,0,"PECAM1_PECAM1","PECAM1 - PECAM1","PECAM1","Cell-Cell Contact","KEGG: hsa04514","PBMC_Late"
"MEP","Megakaryocytes","PECAM1","PECAM1",0.0139995266227153,0,"PECAM1_PECAM1","PECAM1 - PECAM1","PECAM1","Cell-Cell Contact","KEGG: hsa04514","PBMC_Late"
"Myeloid-CD177","Megakaryocytes","PECAM1","PECAM1",0.00799093559255894,0,"PECAM1_PECAM1","PECAM1 - PECAM1","PECAM1","Cell-Cell Contact","KEGG: hsa04514","PBMC_Late"
"Naïve CD8 T","Megakaryocytes","PECAM1","PECAM1",0.00518205039405783,0,"PECAM1_PECAM1","PECAM1 - PECAM1","PECAM1","Cell-Cell Contact","KEGG: hsa04514","PBMC_Late"
"NK T","Megakaryocytes","PECAM1","PECAM1",0.00455998560676551,0,"PECAM1_PECAM1","PECAM1 - PECAM1","PECAM1","Cell-Cell Contact","KEGG: hsa04514","PBMC_Late"
"Pro-B","Megakaryocytes","PECAM1","PECAM1",0.00829277034090012,0.01,"PECAM1_PECAM1","PECAM1 - PECAM1","PECAM1","Cell-Cell Contact","KEGG: hsa04514","PBMC_Late"
"CD14+PPBP+ Monocytes","MEMP","PECAM1","PECAM1",0.00470383460155029,0,"PECAM1_PECAM1","PECAM1 - PECAM1","PECAM1","Cell-Cell Contact","KEGG: hsa04514","PBMC_Late"
"Classical Monocytes","MEMP","PECAM1","PECAM1",0.0032711452490196,0,"PECAM1_PECAM1","PECAM1 - PECAM1","PECAM1","Cell-Cell Contact","KEGG: hsa04514","PBMC_Late"
"CD14+PPBP+ Monocytes","MEP","PECAM1","PECAM1",0.0367372264911209,0,"PECAM1_PECAM1","PECAM1 - PECAM1","PECAM1","Cell-Cell Contact","KEGG: hsa04514","PBMC_Late"
"Classical Monocytes","MEP","PECAM1","PECAM1",0.0258007578256212,0,"PECAM1_PECAM1","PECAM1 - PECAM1","PECAM1","Cell-Cell Contact","KEGG: hsa04514","PBMC_Late"
"CXCR6+ NK","MEP","PECAM1","PECAM1",0.00486723471232623,0.01,"PECAM1_PECAM1","PECAM1 - PECAM1","PECAM1","Cell-Cell Contact","KEGG: hsa04514","PBMC_Late"
"DC2","MEP","PECAM1","PECAM1",0.0050573779398121,0.01,"PECAM1_PECAM1","PECAM1 - PECAM1","PECAM1","Cell-Cell Contact","KEGG: hsa04514","PBMC_Late"
"Gamma Delta V2 T","MEP","PECAM1","PECAM1",0.00502578713321722,0.02,"PECAM1_PECAM1","PECAM1 - PECAM1","PECAM1","Cell-Cell Contact","KEGG: hsa04514","PBMC_Late"
"HSC_MPP","MEP","PECAM1","PECAM1",0.0165339697743047,0,"PECAM1_PECAM1","PECAM1 - PECAM1","PECAM1","Cell-Cell Contact","KEGG: hsa04514","PBMC_Late"
"Megakaryocytes","MEP","PECAM1","PECAM1",0.0139995266227153,0,"PECAM1_PECAM1","PECAM1 - PECAM1","PECAM1","Cell-Cell Contact","KEGG: hsa04514","PBMC_Late"
"MEP","MEP","PECAM1","PECAM1",0.0225732352973803,0,"PECAM1_PECAM1","PECAM1 - PECAM1","PECAM1","Cell-Cell Contact","KEGG: hsa04514","PBMC_Late"
"Myeloid-CD177","MEP","PECAM1","PECAM1",0.0129330793349251,0,"PECAM1_PECAM1","PECAM1 - PECAM1","PECAM1","Cell-Cell Contact","KEGG: hsa04514","PBMC_Late"
"Naïve CD8 T","MEP","PECAM1","PECAM1",0.00840169955872289,0,"PECAM1_PECAM1","PECAM1 - PECAM1","PECAM1","Cell-Cell Contact","KEGG: hsa04514","PBMC_Late"
"NK T","MEP","PECAM1","PECAM1",0.00739601437062106,0.01,"PECAM1_PECAM1","PECAM1 - PECAM1","PECAM1","Cell-Cell Contact","KEGG: hsa04514","PBMC_Late"
"Pro-B","MEP","PECAM1","PECAM1",0.0134190642478933,0,"PECAM1_PECAM1","PECAM1 - PECAM1","PECAM1","Cell-Cell Contact","KEGG: hsa04514","PBMC_Late"
"CD14+PPBP+ Monocytes","Myeloid-CD177","PECAM1","PECAM1",0.0211792472309172,0,"PECAM1_PECAM1","PECAM1 - PECAM1","PECAM1","Cell-Cell Contact","KEGG: hsa04514","PBMC_Late"
"Classical Monocytes","Myeloid-CD177","PECAM1","PECAM1",0.0148031268989004,0,"PECAM1_PECAM1","PECAM1 - PECAM1","PECAM1","Cell-Cell Contact","KEGG: hsa04514","PBMC_Late"
"DC2","Myeloid-CD177","PECAM1","PECAM1",0.00287556042066447,0.02,"PECAM1_PECAM1","PECAM1 - PECAM1","PECAM1","Cell-Cell Contact","KEGG: hsa04514","PBMC_Late"
"HSC_MPP","Myeloid-CD177","PECAM1","PECAM1",0.00944802009994342,0,"PECAM1_PECAM1","PECAM1 - PECAM1","PECAM1","Cell-Cell Contact","KEGG: hsa04514","PBMC_Late"
"Megakaryocytes","Myeloid-CD177","PECAM1","PECAM1",0.00799093559255894,0,"PECAM1_PECAM1","PECAM1 - PECAM1","PECAM1","Cell-Cell Contact","KEGG: hsa04514","PBMC_Late"
"MEP","Myeloid-CD177","PECAM1","PECAM1",0.0129330793349251,0,"PECAM1_PECAM1","PECAM1 - PECAM1","PECAM1","Cell-Cell Contact","KEGG: hsa04514","PBMC_Late"
"Myeloid-CD177","Myeloid-CD177","PECAM1","PECAM1",0.00737878167911003,0,"PECAM1_PECAM1","PECAM1 - PECAM1","PECAM1","Cell-Cell Contact","KEGG: hsa04514","PBMC_Late"
"Naïve CD8 T","Myeloid-CD177","PECAM1","PECAM1",0.0047840363365237,0,"PECAM1_PECAM1","PECAM1 - PECAM1","PECAM1","Cell-Cell Contact","KEGG: hsa04514","PBMC_Late"
"NK T","Myeloid-CD177","PECAM1","PECAM1",0.00420954786324014,0,"PECAM1_PECAM1","PECAM1 - PECAM1","PECAM1","Cell-Cell Contact","KEGG: hsa04514","PBMC_Late"
"Pro-B","Myeloid-CD177","PECAM1","PECAM1",0.00765767255312707,0.01,"PECAM1_PECAM1","PECAM1 - PECAM1","PECAM1","Cell-Cell Contact","KEGG: hsa04514","PBMC_Late"
"CD14+PPBP+ Monocytes","Naïve CD8 T","PECAM1","PECAM1",0.0137990377578864,0,"PECAM1_PECAM1","PECAM1 - PECAM1","PECAM1","Cell-Cell Contact","KEGG: hsa04514","PBMC_Late"
"Classical Monocytes","Naïve CD8 T","PECAM1","PECAM1",0.00962292379042118,0,"PECAM1_PECAM1","PECAM1 - PECAM1","PECAM1","Cell-Cell Contact","KEGG: hsa04514","PBMC_Late"
"HSC_MPP","Naïve CD8 T","PECAM1","PECAM1",0.00613012169535363,0,"PECAM1_PECAM1","PECAM1 - PECAM1","PECAM1","Cell-Cell Contact","KEGG: hsa04514","PBMC_Late"
"Megakaryocytes","Naïve CD8 T","PECAM1","PECAM1",0.00518205039405783,0,"PECAM1_PECAM1","PECAM1 - PECAM1","PECAM1","Cell-Cell Contact","KEGG: hsa04514","PBMC_Late"
"MEP","Naïve CD8 T","PECAM1","PECAM1",0.00840169955872289,0,"PECAM1_PECAM1","PECAM1 - PECAM1","PECAM1","Cell-Cell Contact","KEGG: hsa04514","PBMC_Late"
"Myeloid-CD177","Naïve CD8 T","PECAM1","PECAM1",0.0047840363365237,0,"PECAM1_PECAM1","PECAM1 - PECAM1","PECAM1","Cell-Cell Contact","KEGG: hsa04514","PBMC_Late"
"Naïve CD8 T","Naïve CD8 T","PECAM1","PECAM1",0.00309888348861669,0,"PECAM1_PECAM1","PECAM1 - PECAM1","PECAM1","Cell-Cell Contact","KEGG: hsa04514","PBMC_Late"
"Pro-B","Naïve CD8 T","PECAM1","PECAM1",0.00496534593752564,0.02,"PECAM1_PECAM1","PECAM1 - PECAM1","PECAM1","Cell-Cell Contact","KEGG: hsa04514","PBMC_Late"
"CD14+PPBP+ Monocytes","NK T","PECAM1","PECAM1",0.0121552096255297,0,"PECAM1_PECAM1","PECAM1 - PECAM1","PECAM1","Cell-Cell Contact","KEGG: hsa04514","PBMC_Late"
"Classical Monocytes","NK T","PECAM1","PECAM1",0.00847230678939547,0,"PECAM1_PECAM1","PECAM1 - PECAM1","PECAM1","Cell-Cell Contact","KEGG: hsa04514","PBMC_Late"
"HSC_MPP","NK T","PECAM1","PECAM1",0.00539486551299784,0,"PECAM1_PECAM1","PECAM1 - PECAM1","PECAM1","Cell-Cell Contact","KEGG: hsa04514","PBMC_Late"
"Megakaryocytes","NK T","PECAM1","PECAM1",0.00455998560676551,0,"PECAM1_PECAM1","PECAM1 - PECAM1","PECAM1","Cell-Cell Contact","KEGG: hsa04514","PBMC_Late"
"MEP","NK T","PECAM1","PECAM1",0.00739601437062106,0.01,"PECAM1_PECAM1","PECAM1 - PECAM1","PECAM1","Cell-Cell Contact","KEGG: hsa04514","PBMC_Late"
"Myeloid-CD177","NK T","PECAM1","PECAM1",0.00420954786324014,0,"PECAM1_PECAM1","PECAM1 - PECAM1","PECAM1","Cell-Cell Contact","KEGG: hsa04514","PBMC_Late"
"Pro-B","NK T","PECAM1","PECAM1",0.00436918058182216,0.02,"PECAM1_PECAM1","PECAM1 - PECAM1","PECAM1","Cell-Cell Contact","KEGG: hsa04514","PBMC_Late"
"CD14+PPBP+ Monocytes","Pro-B","PECAM1","PECAM1",0.0219682011206439,0,"PECAM1_PECAM1","PECAM1 - PECAM1","PECAM1","Cell-Cell Contact","KEGG: hsa04514","PBMC_Late"
"Classical Monocytes","Pro-B","PECAM1","PECAM1",0.0153582890089156,0,"PECAM1_PECAM1","PECAM1 - PECAM1","PECAM1","Cell-Cell Contact","KEGG: hsa04514","PBMC_Late"
"HSC_MPP","Pro-B","PECAM1","PECAM1",0.00980434809962742,0,"PECAM1_PECAM1","PECAM1 - PECAM1","PECAM1","Cell-Cell Contact","KEGG: hsa04514","PBMC_Late"
"Megakaryocytes","Pro-B","PECAM1","PECAM1",0.00829277034090012,0.01,"PECAM1_PECAM1","PECAM1 - PECAM1","PECAM1","Cell-Cell Contact","KEGG: hsa04514","PBMC_Late"
"MEP","Pro-B","PECAM1","PECAM1",0.0134190642478933,0,"PECAM1_PECAM1","PECAM1 - PECAM1","PECAM1","Cell-Cell Contact","KEGG: hsa04514","PBMC_Late"
"Myeloid-CD177","Pro-B","PECAM1","PECAM1",0.00765767255312707,0.01,"PECAM1_PECAM1","PECAM1 - PECAM1","PECAM1","Cell-Cell Contact","KEGG: hsa04514","PBMC_Late"
"Naïve CD8 T","Pro-B","PECAM1","PECAM1",0.00496534593752564,0.02,"PECAM1_PECAM1","PECAM1 - PECAM1","PECAM1","Cell-Cell Contact","KEGG: hsa04514","PBMC_Late"
"NK T","Pro-B","PECAM1","PECAM1",0.00436918058182216,0.02,"PECAM1_PECAM1","PECAM1 - PECAM1","PECAM1","Cell-Cell Contact","KEGG: hsa04514","PBMC_Late"
"Pro-B","Pro-B","PECAM1","PECAM1",0.00794702008623963,0.03,"PECAM1_PECAM1","PECAM1 - PECAM1","PECAM1","Cell-Cell Contact","KEGG: hsa04514","PBMC_Late"
"HSC_MPP","HSC_MPP","PTPRM","PTPRM",0.000185221453266973,0,"PTPRM_PTPRM","PTPRM - PTPRM","PTPRM","Cell-Cell Contact","KEGG: hsa04514","PBMC_Late"
"abTentry","HSC_MPP","SELL","CD34",0.0790275770600882,0,"SELL_CD34","SELL - CD34","SELL","Cell-Cell Contact","PMID: 7692600; PMID: 8977216","PBMC_Late"
"CD14+PPBP+ Monocytes","HSC_MPP","SELL","CD34",0.0383735115028769,0,"SELL_CD34","SELL - CD34","SELL","Cell-Cell Contact","PMID: 7692600; PMID: 8977216","PBMC_Late"
"Classical Monocytes","HSC_MPP","SELL","CD34",0.0436573128163198,0,"SELL_CD34","SELL - CD34","SELL","Cell-Cell Contact","PMID: 7692600; PMID: 8977216","PBMC_Late"
"CXCR5+ Naïve B","HSC_MPP","SELL","CD34",0.0536199935224819,0,"SELL_CD34","SELL - CD34","SELL","Cell-Cell Contact","PMID: 7692600; PMID: 8977216","PBMC_Late"
"CXCR6+ NK","HSC_MPP","SELL","CD34",0.0146156320970768,0,"SELL_CD34","SELL - CD34","SELL","Cell-Cell Contact","PMID: 7692600; PMID: 8977216","PBMC_Late"
"DC2","HSC_MPP","SELL","CD34",0.0414078985119795,0,"SELL_CD34","SELL - CD34","SELL","Cell-Cell Contact","PMID: 7692600; PMID: 8977216","PBMC_Late"
"Gamma Delta V1 T","HSC_MPP","SELL","CD34",0.0579569744387599,0,"SELL_CD34","SELL - CD34","SELL","Cell-Cell Contact","PMID: 7692600; PMID: 8977216","PBMC_Late"
"Gamma Delta V2 T","HSC_MPP","SELL","CD34",0.0554316093204208,0,"SELL_CD34","SELL - CD34","SELL","Cell-Cell Contact","PMID: 7692600; PMID: 8977216","PBMC_Late"
"HSC_MPP","HSC_MPP","SELL","CD34",0.0803779514745195,0,"SELL_CD34","SELL - CD34","SELL","Cell-Cell Contact","PMID: 7692600; PMID: 8977216","PBMC_Late"
"ILC2/3","HSC_MPP","SELL","CD34",0.0812591054691761,0,"SELL_CD34","SELL - CD34","SELL","Cell-Cell Contact","PMID: 7692600; PMID: 8977216","PBMC_Late"
"MEMP","HSC_MPP","SELL","CD34",0.00644894233232742,0,"SELL_CD34","SELL - CD34","SELL","Cell-Cell Contact","PMID: 7692600; PMID: 8977216","PBMC_Late"
"Myeloid-CD177","HSC_MPP","SELL","CD34",0.00571063387508523,0,"SELL_CD34","SELL - CD34","SELL","Cell-Cell Contact","PMID: 7692600; PMID: 8977216","PBMC_Late"
"Naïve CD4 T","HSC_MPP","SELL","CD34",0.0951923802179982,0,"SELL_CD34","SELL - CD34","SELL","Cell-Cell Contact","PMID: 7692600; PMID: 8977216","PBMC_Late"
"Naïve CD8 T","HSC_MPP","SELL","CD34",0.0957734714679765,0,"SELL_CD34","SELL - CD34","SELL","Cell-Cell Contact","PMID: 7692600; PMID: 8977216","PBMC_Late"
"NK T","HSC_MPP","SELL","CD34",0.0460973866742,0,"SELL_CD34","SELL - CD34","SELL","Cell-Cell Contact","PMID: 7692600; PMID: 8977216","PBMC_Late"
"pDC","HSC_MPP","SELL","CD34",0.0838084590342713,0,"SELL_CD34","SELL - CD34","SELL","Cell-Cell Contact","PMID: 7692600; PMID: 8977216","PBMC_Late"
"Pro-B","HSC_MPP","SELL","CD34",0.0139589736496569,0,"SELL_CD34","SELL - CD34","SELL","Cell-Cell Contact","PMID: 7692600; PMID: 8977216","PBMC_Late"
"Tem","HSC_MPP","SELL","CD34",0.0487316748731798,0,"SELL_CD34","SELL - CD34","SELL","Cell-Cell Contact","PMID: 7692600; PMID: 8977216","PBMC_Late"
"Th17like_INNATE_T","HSC_MPP","SELL","CD34",0.0480804319678755,0,"SELL_CD34","SELL - CD34","SELL","Cell-Cell Contact","PMID: 7692600; PMID: 8977216","PBMC_Late"
"Treg","HSC_MPP","SELL","CD34",0.0934452548519253,0,"SELL_CD34","SELL - CD34","SELL","Cell-Cell Contact","PMID: 7692600; PMID: 8977216","PBMC_Late"
"abTentry","MEMP","SELL","CD34",0.00897786306184808,0,"SELL_CD34","SELL - CD34","SELL","Cell-Cell Contact","PMID: 7692600; PMID: 8977216","PBMC_Late"
"CD14+PPBP+ Monocytes","MEMP","SELL","CD34",0.00419524088932871,0,"SELL_CD34","SELL - CD34","SELL","Cell-Cell Contact","PMID: 7692600; PMID: 8977216","PBMC_Late"
"Classical Monocytes","MEMP","SELL","CD34",0.00479637344304071,0,"SELL_CD34","SELL - CD34","SELL","Cell-Cell Contact","PMID: 7692600; PMID: 8977216","PBMC_Late"
"CXCR5+ Naïve B","MEMP","SELL","CD34",0.00594605244281287,0,"SELL_CD34","SELL - CD34","SELL","Cell-Cell Contact","PMID: 7692600; PMID: 8977216","PBMC_Late"
"CXCR6+ NK","MEMP","SELL","CD34",0.00156347152556739,0,"SELL_CD34","SELL - CD34","SELL","Cell-Cell Contact","PMID: 7692600; PMID: 8977216","PBMC_Late"
"DC2","MEMP","SELL","CD34",0.00453973865709308,0,"SELL_CD34","SELL - CD34","SELL","Cell-Cell Contact","PMID: 7692600; PMID: 8977216","PBMC_Late"
"Gamma Delta V1 T","MEMP","SELL","CD34",0.0064532849078256,0,"SELL_CD34","SELL - CD34","SELL","Cell-Cell Contact","PMID: 7692600; PMID: 8977216","PBMC_Late"
"Gamma Delta V2 T","MEMP","SELL","CD34",0.00615742678344794,0,"SELL_CD34","SELL - CD34","SELL","Cell-Cell Contact","PMID: 7692600; PMID: 8977216","PBMC_Late"
"HSC_MPP","MEMP","SELL","CD34",0.00914315438252489,0,"SELL_CD34","SELL - CD34","SELL","Cell-Cell Contact","PMID: 7692600; PMID: 8977216","PBMC_Late"
"ILC2/3","MEMP","SELL","CD34",0.00925124336335399,0,"SELL_CD34","SELL - CD34","SELL","Cell-Cell Contact","PMID: 7692600; PMID: 8977216","PBMC_Late"
"MEMP","MEMP","SELL","CD34",0.00068479153119483,0,"SELL_CD34","SELL - CD34","SELL","Cell-Cell Contact","PMID: 7692600; PMID: 8977216","PBMC_Late"
"Myeloid-CD177","MEMP","SELL","CD34",0.000605990540445623,0,"SELL_CD34","SELL - CD34","SELL","Cell-Cell Contact","PMID: 7692600; PMID: 8977216","PBMC_Late"
"Naïve CD4 T","MEMP","SELL","CD34",0.0109851584646562,0,"SELL_CD34","SELL - CD34","SELL","Cell-Cell Contact","PMID: 7692600; PMID: 8977216","PBMC_Late"
"Naïve CD8 T","MEMP","SELL","CD34",0.0110584986214575,0,"SELL_CD34","SELL - CD34","SELL","Cell-Cell Contact","PMID: 7692600; PMID: 8977216","PBMC_Late"
"NK T","MEMP","SELL","CD34",0.00507597838243202,0,"SELL_CD34","SELL - CD34","SELL","Cell-Cell Contact","PMID: 7692600; PMID: 8977216","PBMC_Late"
"pDC","MEMP","SELL","CD34",0.0095650035534589,0,"SELL_CD34","SELL - CD34","SELL","Cell-Cell Contact","PMID: 7692600; PMID: 8977216","PBMC_Late"
"Pro-B","MEMP","SELL","CD34",0.00149233898414557,0,"SELL_CD34","SELL - CD34","SELL","Cell-Cell Contact","PMID: 7692600; PMID: 8977216","PBMC_Late"
"Tem","MEMP","SELL","CD34",0.0053792705641359,0,"SELL_CD34","SELL - CD34","SELL","Cell-Cell Contact","PMID: 7692600; PMID: 8977216","PBMC_Late"
"Th17like_INNATE_T","MEMP","SELL","CD34",0.00530415237561041,0,"SELL_CD34","SELL - CD34","SELL","Cell-Cell Contact","PMID: 7692600; PMID: 8977216","PBMC_Late"
"Treg","MEMP","SELL","CD34",0.0107651529432941,0,"SELL_CD34","SELL - CD34","SELL","Cell-Cell Contact","PMID: 7692600; PMID: 8977216","PBMC_Late"
"abTentry","Pro-B","SELL","CD34",0.0225212776726815,0,"SELL_CD34","SELL - CD34","SELL","Cell-Cell Contact","PMID: 7692600; PMID: 8977216","PBMC_Late"
"CD14+PPBP+ Monocytes","Pro-B","SELL","CD34",0.0106010828246886,0,"SELL_CD34","SELL - CD34","SELL","Cell-Cell Contact","PMID: 7692600; PMID: 8977216","PBMC_Late"
"Classical Monocytes","Pro-B","SELL","CD34",0.0121089416307489,0,"SELL_CD34","SELL - CD34","SELL","Cell-Cell Contact","PMID: 7692600; PMID: 8977216","PBMC_Late"
"CXCR5+ Naïve B","Pro-B","SELL","CD34",0.0149850329404977,0,"SELL_CD34","SELL - CD34","SELL","Cell-Cell Contact","PMID: 7692600; PMID: 8977216","PBMC_Late"
"CXCR6+ NK","Pro-B","SELL","CD34",0.00396679195877874,0,"SELL_CD34","SELL - CD34","SELL","Cell-Cell Contact","PMID: 7692600; PMID: 8977216","PBMC_Late"
"DC2","Pro-B","SELL","CD34",0.011465548231349,0,"SELL_CD34","SELL - CD34","SELL","Cell-Cell Contact","PMID: 7692600; PMID: 8977216","PBMC_Late"
"Gamma Delta V1 T","Pro-B","SELL","CD34",0.0162507368961261,0,"SELL_CD34","SELL - CD34","SELL","Cell-Cell Contact","PMID: 7692600; PMID: 8977216","PBMC_Late"
"Gamma Delta V2 T","Pro-B","SELL","CD34",0.0155127167224152,0,"SELL_CD34","SELL - CD34","SELL","Cell-Cell Contact","PMID: 7692600; PMID: 8977216","PBMC_Late"
"HSC_MPP","Pro-B","SELL","CD34",0.0229301472499808,0,"SELL_CD34","SELL - CD34","SELL","Cell-Cell Contact","PMID: 7692600; PMID: 8977216","PBMC_Late"
"ILC2/3","Pro-B","SELL","CD34",0.0231974081828249,0,"SELL_CD34","SELL - CD34","SELL","Cell-Cell Contact","PMID: 7692600; PMID: 8977216","PBMC_Late"
"MEMP","Pro-B","SELL","CD34",0.00173978562426456,0,"SELL_CD34","SELL - CD34","SELL","Cell-Cell Contact","PMID: 7692600; PMID: 8977216","PBMC_Late"
"Myeloid-CD177","Pro-B","SELL","CD34",0.00153977039516181,0,"SELL_CD34","SELL - CD34","SELL","Cell-Cell Contact","PMID: 7692600; PMID: 8977216","PBMC_Late"
"Naïve CD4 T","Pro-B","SELL","CD34",0.0274727040844853,0,"SELL_CD34","SELL - CD34","SELL","Cell-Cell Contact","PMID: 7692600; PMID: 8977216","PBMC_Late"
"Naïve CD8 T","Pro-B","SELL","CD34",0.0276530422192191,0,"SELL_CD34","SELL - CD34","SELL","Cell-Cell Contact","PMID: 7692600; PMID: 8977216","PBMC_Late"
"NK T","Pro-B","SELL","CD34",0.0128093464949479,0,"SELL_CD34","SELL - CD34","SELL","Cell-Cell Contact","PMID: 7692600; PMID: 8977216","PBMC_Late"
"pDC","Pro-B","SELL","CD34",0.0239727142448436,0,"SELL_CD34","SELL - CD34","SELL","Cell-Cell Contact","PMID: 7692600; PMID: 8977216","PBMC_Late"
"Pro-B","Pro-B","SELL","CD34",0.00378673135835626,0,"SELL_CD34","SELL - CD34","SELL","Cell-Cell Contact","PMID: 7692600; PMID: 8977216","PBMC_Late"
"Tem","Pro-B","SELL","CD34",0.0135684096137956,0,"SELL_CD34","SELL - CD34","SELL","Cell-Cell Contact","PMID: 7692600; PMID: 8977216","PBMC_Late"
"Th17like_INNATE_T","Pro-B","SELL","CD34",0.0133804735766544,0,"SELL_CD34","SELL - CD34","SELL","Cell-Cell Contact","PMID: 7692600; PMID: 8977216","PBMC_Late"
"Treg","Pro-B","SELL","CD34",0.0269314855310666,0,"SELL_CD34","SELL - CD34","SELL","Cell-Cell Contact","PMID: 7692600; PMID: 8977216","PBMC_Late"
"CD14+PPBP+ Monocytes","abTentry","SELPLG","SELL",0.0409871439120479,0,"SELPLG_SELL","SELPLG - SELL","SELPLG","Cell-Cell Contact","PMC2431087; PMID:  8892633,PMID:  8896607","PBMC_Late"
"Classical Monocytes","abTentry","SELPLG","SELL",0.0206962251569586,0,"SELPLG_SELL","SELPLG - SELL","SELPLG","Cell-Cell Contact","PMC2431087; PMID:  8892633,PMID:  8896607","PBMC_Late"
"CX3CR1+ NK","abTentry","SELPLG","SELL",0.0755510960083096,0,"SELPLG_SELL","SELPLG - SELL","SELPLG","Cell-Cell Contact","PMC2431087; PMID:  8892633,PMID:  8896607","PBMC_Late"
"CXCR6+ NK","abTentry","SELPLG","SELL",0.0398347781716894,0,"SELPLG_SELL","SELPLG - SELL","SELPLG","Cell-Cell Contact","PMC2431087; PMID:  8892633,PMID:  8896607","PBMC_Late"
"DC2","abTentry","SELPLG","SELL",0.0430870054671146,0,"SELPLG_SELL","SELPLG - SELL","SELPLG","Cell-Cell Contact","PMC2431087; PMID:  8892633,PMID:  8896607","PBMC_Late"
"Gamma Delta V1 T","abTentry","SELPLG","SELL",0.0238376044393123,0,"SELPLG_SELL","SELPLG - SELL","SELPLG","Cell-Cell Contact","PMC2431087; PMID:  8892633,PMID:  8896607","PBMC_Late"
"Gamma Delta V2 T","abTentry","SELPLG","SELL",0.0225142509460738,0,"SELPLG_SELL","SELPLG - SELL","SELPLG","Cell-Cell Contact","PMC2431087; PMID:  8892633,PMID:  8896607","PBMC_Late"
"ILC2/3","abTentry","SELPLG","SELL",0.027835148290129,0.03,"SELPLG_SELL","SELPLG - SELL","SELPLG","Cell-Cell Contact","PMC2431087; PMID:  8892633,PMID:  8896607","PBMC_Late"
"Naïve CD4 T","abTentry","SELPLG","SELL",0.0246620778696157,0,"SELPLG_SELL","SELPLG - SELL","SELPLG","Cell-Cell Contact","PMC2431087; PMID:  8892633,PMID:  8896607","PBMC_Late"
"Naïve CD8 T","abTentry","SELPLG","SELL",0.0547343671858833,0,"SELPLG_SELL","SELPLG - SELL","SELPLG","Cell-Cell Contact","PMC2431087; PMID:  8892633,PMID:  8896607","PBMC_Late"
"NK T","abTentry","SELPLG","SELL",0.0253058546369437,0,"SELPLG_SELL","SELPLG - SELL","SELPLG","Cell-Cell Contact","PMC2431087; PMID:  8892633,PMID:  8896607","PBMC_Late"
"pDC","abTentry","SELPLG","SELL",0.0973080321262988,0,"SELPLG_SELL","SELPLG - SELL","SELPLG","Cell-Cell Contact","PMC2431087; PMID:  8892633,PMID:  8896607","PBMC_Late"
"Tem","abTentry","SELPLG","SELL",0.0610542005508644,0,"SELPLG_SELL","SELPLG - SELL","SELPLG","Cell-Cell Contact","PMC2431087; PMID:  8892633,PMID:  8896607","PBMC_Late"
"Th17like_INNATE_T","abTentry","SELPLG","SELL",0.0602728505103932,0,"SELPLG_SELL","SELPLG - SELL","SELPLG","Cell-Cell Contact","PMC2431087; PMID:  8892633,PMID:  8896607","PBMC_Late"
"Treg","abTentry","SELPLG","SELL",0.0566871265881057,0,"SELPLG_SELL","SELPLG - SELL","SELPLG","Cell-Cell Contact","PMC2431087; PMID:  8892633,PMID:  8896607","PBMC_Late"
"CD14+PPBP+ Monocytes","CD14+PPBP+ Monocytes","SELPLG","SELL",0.0194880859659331,0,"SELPLG_SELL","SELPLG - SELL","SELPLG","Cell-Cell Contact","PMC2431087; PMID:  8892633,PMID:  8896607","PBMC_Late"
"CX3CR1+ NK","CD14+PPBP+ Monocytes","SELPLG","SELL",0.0366143325865798,0,"SELPLG_SELL","SELPLG - SELL","SELPLG","Cell-Cell Contact","PMC2431087; PMID:  8892633,PMID:  8896607","PBMC_Late"
"DC2","CD14+PPBP+ Monocytes","SELPLG","SELL",0.0205100596677116,0,"SELPLG_SELL","SELPLG - SELL","SELPLG","Cell-Cell Contact","PMC2431087; PMID:  8892633,PMID:  8896607","PBMC_Late"
"Naïve CD8 T","CD14+PPBP+ Monocytes","SELPLG","SELL",0.0262216156324745,0,"SELPLG_SELL","SELPLG - SELL","SELPLG","Cell-Cell Contact","PMC2431087; PMID:  8892633,PMID:  8896607","PBMC_Late"
"pDC","CD14+PPBP+ Monocytes","SELPLG","SELL",0.0477374169634377,0,"SELPLG_SELL","SELPLG - SELL","SELPLG","Cell-Cell Contact","PMC2431087; PMID:  8892633,PMID:  8896607","PBMC_Late"
"Tem","CD14+PPBP+ Monocytes","SELPLG","SELL",0.0293514866704232,0,"SELPLG_SELL","SELPLG - SELL","SELPLG","Cell-Cell Contact","PMC2431087; PMID:  8892633,PMID:  8896607","PBMC_Late"
"Th17like_INNATE_T","CD14+PPBP+ Monocytes","SELPLG","SELL",0.0289633416267384,0,"SELPLG_SELL","SELPLG - SELL","SELPLG","Cell-Cell Contact","PMC2431087; PMID:  8892633,PMID:  8896607","PBMC_Late"
"Treg","CD14+PPBP+ Monocytes","SELPLG","SELL",0.0271863815742882,0,"SELPLG_SELL","SELPLG - SELL","SELPLG","Cell-Cell Contact","PMC2431087; PMID:  8892633,PMID:  8896607","PBMC_Late"
"CD14+PPBP+ Monocytes","Classical Monocytes","SELPLG","SELL",0.0222315961732788,0,"SELPLG_SELL","SELPLG - SELL","SELPLG","Cell-Cell Contact","PMC2431087; PMID:  8892633,PMID:  8896607","PBMC_Late"
"CX3CR1+ NK","Classical Monocytes","SELPLG","SELL",0.041666401096737,0,"SELPLG_SELL","SELPLG - SELL","SELPLG","Cell-Cell Contact","PMC2431087; PMID:  8892633,PMID:  8896607","PBMC_Late"
"CXCR6+ NK","Classical Monocytes","SELPLG","SELL",0.0215946743004821,0.02,"SELPLG_SELL","SELPLG - SELL","SELPLG","Cell-Cell Contact","PMC2431087; PMID:  8892633,PMID:  8896607","PBMC_Late"
"DC2","Classical Monocytes","SELPLG","SELL",0.0233940095059659,0,"SELPLG_SELL","SELPLG - SELL","SELPLG","Cell-Cell Contact","PMC2431087; PMID:  8892633,PMID:  8896607","PBMC_Late"
"Naïve CD8 T","Classical Monocytes","SELPLG","SELL",0.0298841729632784,0,"SELPLG_SELL","SELPLG - SELL","SELPLG","Cell-Cell Contact","PMC2431087; PMID:  8892633,PMID:  8896607","PBMC_Late"
"pDC","Classical Monocytes","SELPLG","SELL",0.0542378492706602,0,"SELPLG_SELL","SELPLG - SELL","SELPLG","Cell-Cell Contact","PMC2431087; PMID:  8892633,PMID:  8896607","PBMC_Late"
"Tem","Classical Monocytes","SELPLG","SELL",0.0334362041316003,0,"SELPLG_SELL","SELPLG - SELL","SELPLG","Cell-Cell Contact","PMC2431087; PMID:  8892633,PMID:  8896607","PBMC_Late"
"Th17like_INNATE_T","Classical Monocytes","SELPLG","SELL",0.0329958788628655,0,"SELPLG_SELL","SELPLG - SELL","SELPLG","Cell-Cell Contact","PMC2431087; PMID:  8892633,PMID:  8896607","PBMC_Late"
"Treg","Classical Monocytes","SELPLG","SELL",0.0309794074806012,0,"SELPLG_SELL","SELPLG - SELL","SELPLG","Cell-Cell Contact","PMC2431087; PMID:  8892633,PMID:  8896607","PBMC_Late"
"CD14+PPBP+ Monocytes","CXCR5+ Naïve B","SELPLG","SELL",0.0274452042331889,0,"SELPLG_SELL","SELPLG - SELL","SELPLG","Cell-Cell Contact","PMC2431087; PMID:  8892633,PMID:  8896607","PBMC_Late"
"CX3CR1+ NK","CXCR5+ Naïve B","SELPLG","SELL",0.0511990751609898,0,"SELPLG_SELL","SELPLG - SELL","SELPLG","Cell-Cell Contact","PMC2431087; PMID:  8892633,PMID:  8896607","PBMC_Late"
"CXCR6+ NK","CXCR5+ Naïve B","SELPLG","SELL",0.0266629887375278,0.01,"SELPLG_SELL","SELPLG - SELL","SELPLG","Cell-Cell Contact","PMC2431087; PMID:  8892633,PMID:  8896607","PBMC_Late"
"DC2","CXCR5+ Naïve B","SELPLG","SELL",0.028872169560874,0,"SELPLG_SELL","SELPLG - SELL","SELPLG","Cell-Cell Contact","PMC2431087; PMID:  8892633,PMID:  8896607","PBMC_Late"
"Naïve CD4 T","CXCR5+ Naïve B","SELPLG","SELL",0.0164214968889025,0,"SELPLG_SELL","SELPLG - SELL","SELPLG","Cell-Cell Contact","PMC2431087; PMID:  8892633,PMID:  8896607","PBMC_Late"
"Naïve CD8 T","CXCR5+ Naïve B","SELPLG","SELL",0.0368248234832715,0,"SELPLG_SELL","SELPLG - SELL","SELPLG","Cell-Cell Contact","PMC2431087; PMID:  8892633,PMID:  8896607","PBMC_Late"
"NK T","CXCR5+ Naïve B","SELPLG","SELL",0.0168538793706466,0.02,"SELPLG_SELL","SELPLG - SELL","SELPLG","Cell-Cell Contact","PMC2431087; PMID:  8892633,PMID:  8896607","PBMC_Late"
"pDC","CXCR5+ Naïve B","SELPLG","SELL",0.0664472674515797,0,"SELPLG_SELL","SELPLG - SELL","SELPLG","Cell-Cell Contact","PMC2431087; PMID:  8892633,PMID:  8896607","PBMC_Late"
"Tem","CXCR5+ Naïve B","SELPLG","SELL",0.041166812634144,0,"SELPLG_SELL","SELPLG - SELL","SELPLG","Cell-Cell Contact","PMC2431087; PMID:  8892633,PMID:  8896607","PBMC_Late"
"Th17like_INNATE_T","CXCR5+ Naïve B","SELPLG","SELL",0.0406289614085751,0,"SELPLG_SELL","SELPLG - SELL","SELPLG","Cell-Cell Contact","PMC2431087; PMID:  8892633,PMID:  8896607","PBMC_Late"
"Treg","CXCR5+ Naïve B","SELPLG","SELL",0.0381644211625615,0,"SELPLG_SELL","SELPLG - SELL","SELPLG","Cell-Cell Contact","PMC2431087; PMID:  8892633,PMID:  8896607","PBMC_Late"
"CD14+PPBP+ Monocytes","DC2","SELPLG","SELL",0.0210618152898367,0,"SELPLG_SELL","SELPLG - SELL","SELPLG","Cell-Cell Contact","PMC2431087; PMID:  8892633,PMID:  8896607","PBMC_Late"
"CX3CR1+ NK","DC2","SELPLG","SELL",0.0395153286659733,0,"SELPLG_SELL","SELPLG - SELL","SELPLG","Cell-Cell Contact","PMC2431087; PMID:  8892633,PMID:  8896607","PBMC_Late"
"CXCR6+ NK","DC2","SELPLG","SELL",0.0204577057380219,0.03,"SELPLG_SELL","SELPLG - SELL","SELPLG","Cell-Cell Contact","PMC2431087; PMID:  8892633,PMID:  8896607","PBMC_Late"
"DC2","DC2","SELPLG","SELL",0.0221644513086828,0,"SELPLG_SELL","SELPLG - SELL","SELPLG","Cell-Cell Contact","PMC2431087; PMID:  8892633,PMID:  8896607","PBMC_Late"
"Naïve CD8 T","DC2","SELPLG","SELL",0.0283233933123266,0,"SELPLG_SELL","SELPLG - SELL","SELPLG","Cell-Cell Contact","PMC2431087; PMID:  8892633,PMID:  8896607","PBMC_Late"
"pDC","DC2","SELPLG","SELL",0.0514726213290806,0,"SELPLG_SELL","SELPLG - SELL","SELPLG","Cell-Cell Contact","PMC2431087; PMID:  8892633,PMID:  8896607","PBMC_Late"
"Tem","DC2","SELPLG","SELL",0.0316959714822888,0,"SELPLG_SELL","SELPLG - SELL","SELPLG","Cell-Cell Contact","PMC2431087; PMID:  8892633,PMID:  8896607","PBMC_Late"
"Th17like_INNATE_T","DC2","SELPLG","SELL",0.0312778219397523,0,"SELPLG_SELL","SELPLG - SELL","SELPLG","Cell-Cell Contact","PMC2431087; PMID:  8892633,PMID:  8896607","PBMC_Late"
"Treg","DC2","SELPLG","SELL",0.0293631576790852,0,"SELPLG_SELL","SELPLG - SELL","SELPLG","Cell-Cell Contact","PMC2431087; PMID:  8892633,PMID:  8896607","PBMC_Late"
"CD14+PPBP+ Monocytes","Gamma Delta V1 T","SELPLG","SELL",0.0297315840453331,0,"SELPLG_SELL","SELPLG - SELL","SELPLG","Cell-Cell Contact","PMC2431087; PMID:  8892633,PMID:  8896607","PBMC_Late"
"CX3CR1+ NK","Gamma Delta V1 T","SELPLG","SELL",0.0553516960156252,0,"SELPLG_SELL","SELPLG - SELL","SELPLG","Cell-Cell Contact","PMC2431087; PMID:  8892633,PMID:  8896607","PBMC_Late"
"CXCR6+ NK","Gamma Delta V1 T","SELPLG","SELL",0.0288861399191739,0.01,"SELPLG_SELL","SELPLG - SELL","SELPLG","Cell-Cell Contact","PMC2431087; PMID:  8892633,PMID:  8896607","PBMC_Late"
"DC2","Gamma Delta V1 T","SELPLG","SELL",0.0312736030843017,0,"SELPLG_SELL","SELPLG - SELL","SELPLG","Cell-Cell Contact","PMC2431087; PMID:  8892633,PMID:  8896607","PBMC_Late"
"Naïve CD4 T","Gamma Delta V1 T","SELPLG","SELL",0.017806337800454,0.01,"SELPLG_SELL","SELPLG - SELL","SELPLG","Cell-Cell Contact","PMC2431087; PMID:  8892633,PMID:  8896607","PBMC_Late"
"Naïve CD8 T","Gamma Delta V1 T","SELPLG","SELL",0.0398605664391246,0,"SELPLG_SELL","SELPLG - SELL","SELPLG","Cell-Cell Contact","PMC2431087; PMID:  8892633,PMID:  8896607","PBMC_Late"
"NK T","Gamma Delta V1 T","SELPLG","SELL",0.0182745060474644,0,"SELPLG_SELL","SELPLG - SELL","SELPLG","Cell-Cell Contact","PMC2431087; PMID:  8892633,PMID:  8896607","PBMC_Late"
"pDC","Gamma Delta V1 T","SELPLG","SELL",0.0717431131306838,0,"SELPLG_SELL","SELPLG - SELL","SELPLG","Cell-Cell Contact","PMC2431087; PMID:  8892633,PMID:  8896607","PBMC_Late"
"Tem","Gamma Delta V1 T","SELPLG","SELL",0.0445439441642008,0,"SELPLG_SELL","SELPLG - SELL","SELPLG","Cell-Cell Contact","PMC2431087; PMID:  8892633,PMID:  8896607","PBMC_Late"
"Th17like_INNATE_T","Gamma Delta V1 T","SELPLG","SELL",0.0439639932540649,0,"SELPLG_SELL","SELPLG - SELL","SELPLG","Cell-Cell Contact","PMC2431087; PMID:  8892633,PMID:  8896607","PBMC_Late"
"Treg","Gamma Delta V1 T","SELPLG","SELL",0.0413058611491377,0,"SELPLG_SELL","SELPLG - SELL","SELPLG","Cell-Cell Contact","PMC2431087; PMID:  8892633,PMID:  8896607","PBMC_Late"
"CD14+PPBP+ Monocytes","Gamma Delta V2 T","SELPLG","SELL",0.0283990108899323,0,"SELPLG_SELL","SELPLG - SELL","SELPLG","Cell-Cell Contact","PMC2431087; PMID:  8892633,PMID:  8896607","PBMC_Late"
"CX3CR1+ NK","Gamma Delta V2 T","SELPLG","SELL",0.052933472256732,0,"SELPLG_SELL","SELPLG - SELL","SELPLG","Cell-Cell Contact","PMC2431087; PMID:  8892633,PMID:  8896607","PBMC_Late"
"CXCR6+ NK","Gamma Delta V2 T","SELPLG","SELL",0.0275903821546546,0.01,"SELPLG_SELL","SELPLG - SELL","SELPLG","Cell-Cell Contact","PMC2431087; PMID:  8892633,PMID:  8896607","PBMC_Late"
"DC2","Gamma Delta V2 T","SELPLG","SELL",0.0298740444179504,0,"SELPLG_SELL","SELPLG - SELL","SELPLG","Cell-Cell Contact","PMC2431087; PMID:  8892633,PMID:  8896607","PBMC_Late"
"Naïve CD4 T","Gamma Delta V2 T","SELPLG","SELL",0.0169988914437041,0.03,"SELPLG_SELL","SELPLG - SELL","SELPLG","Cell-Cell Contact","PMC2431087; PMID:  8892633,PMID:  8896607","PBMC_Late"
"Naïve CD8 T","Gamma Delta V2 T","SELPLG","SELL",0.0380918339988414,0,"SELPLG_SELL","SELPLG - SELL","SELPLG","Cell-Cell Contact","PMC2431087; PMID:  8892633,PMID:  8896607","PBMC_Late"
"pDC","Gamma Delta V2 T","SELPLG","SELL",0.0686608255777473,0,"SELPLG_SELL","SELPLG - SELL","SELPLG","Cell-Cell Contact","PMC2431087; PMID:  8892633,PMID:  8896607","PBMC_Late"
"Tem","Gamma Delta V2 T","SELPLG","SELL",0.0425766116696182,0,"SELPLG_SELL","SELPLG - SELL","SELPLG","Cell-Cell Contact","PMC2431087; PMID:  8892633,PMID:  8896607","PBMC_Late"
"Th17like_INNATE_T","Gamma Delta V2 T","SELPLG","SELL",0.0420211484155772,0,"SELPLG_SELL","SELPLG - SELL","SELPLG","Cell-Cell Contact","PMC2431087; PMID:  8892633,PMID:  8896607","PBMC_Late"
"Treg","Gamma Delta V2 T","SELPLG","SELL",0.0394756334195576,0,"SELPLG_SELL","SELPLG - SELL","SELPLG","Cell-Cell Contact","PMC2431087; PMID:  8892633,PMID:  8896607","PBMC_Late"
"CD14+PPBP+ Monocytes","HSC_MPP","SELPLG","SELL",0.0417169502348515,0,"SELPLG_SELL","SELPLG - SELL","SELPLG","Cell-Cell Contact","PMC2431087; PMID:  8892633,PMID:  8896607","PBMC_Late"
"Classical Monocytes","HSC_MPP","SELPLG","SELL",0.0210726755458347,0,"SELPLG_SELL","SELPLG - SELL","SELPLG","Cell-Cell Contact","PMC2431087; PMID:  8892633,PMID:  8896607","PBMC_Late"
"CX3CR1+ NK","HSC_MPP","SELPLG","SELL",0.0768470231986568,0,"SELPLG_SELL","SELPLG - SELL","SELPLG","Cell-Cell Contact","PMC2431087; PMID:  8892633,PMID:  8896607","PBMC_Late"
"CXCR6+ NK","HSC_MPP","SELPLG","SELL",0.0405449332586672,0.01,"SELPLG_SELL","SELPLG - SELL","SELPLG","Cell-Cell Contact","PMC2431087; PMID:  8892633,PMID:  8896607","PBMC_Late"
"DC2","HSC_MPP","SELPLG","SELL",0.0438524916712127,0,"SELPLG_SELL","SELPLG - SELL","SELPLG","Cell-Cell Contact","PMC2431087; PMID:  8892633,PMID:  8896607","PBMC_Late"
"Gamma Delta V1 T","HSC_MPP","SELPLG","SELL",0.0242697783283293,0,"SELPLG_SELL","SELPLG - SELL","SELPLG","Cell-Cell Contact","PMC2431087; PMID:  8892633,PMID:  8896607","PBMC_Late"
"Gamma Delta V2 T","HSC_MPP","SELPLG","SELL",0.0229229959461047,0,"SELPLG_SELL","SELPLG - SELL","SELPLG","Cell-Cell Contact","PMC2431087; PMID:  8892633,PMID:  8896607","PBMC_Late"
"ILC2/3","HSC_MPP","SELPLG","SELL",0.0283376934025749,0.03,"SELPLG_SELL","SELPLG - SELL","SELPLG","Cell-Cell Contact","PMC2431087; PMID:  8892633,PMID:  8896607","PBMC_Late"
"Naïve CD4 T","HSC_MPP","SELPLG","SELL",0.0251088149142908,0,"SELPLG_SELL","SELPLG - SELL","SELPLG","Cell-Cell Contact","PMC2431087; PMID:  8892633,PMID:  8896607","PBMC_Late"
"Naïve CD8 T","HSC_MPP","SELPLG","SELL",0.0556947373735605,0,"SELPLG_SELL","SELPLG - SELL","SELPLG","Cell-Cell Contact","PMC2431087; PMID:  8892633,PMID:  8896607","PBMC_Late"
"NK T","HSC_MPP","SELPLG","SELL",0.0257639452216578,0,"SELPLG_SELL","SELPLG - SELL","SELPLG","Cell-Cell Contact","PMC2431087; PMID:  8892633,PMID:  8896607","PBMC_Late"
"pDC","HSC_MPP","SELPLG","SELL",0.0989372152456648,0,"SELPLG_SELL","SELPLG - SELL","SELPLG","Cell-Cell Contact","PMC2431087; PMID:  8892633,PMID:  8896607","PBMC_Late"
"Tem","HSC_MPP","SELPLG","SELL",0.062118171644304,0,"SELPLG_SELL","SELPLG - SELL","SELPLG","Cell-Cell Contact","PMC2431087; PMID:  8892633,PMID:  8896607","PBMC_Late"
"Th17like_INNATE_T","HSC_MPP","SELPLG","SELL",0.0613240945831152,0,"SELPLG_SELL","SELPLG - SELL","SELPLG","Cell-Cell Contact","PMC2431087; PMID:  8892633,PMID:  8896607","PBMC_Late"
"Treg","HSC_MPP","SELPLG","SELL",0.0576796692056901,0,"SELPLG_SELL","SELPLG - SELL","SELPLG","Cell-Cell Contact","PMC2431087; PMID:  8892633,PMID:  8896607","PBMC_Late"
"CD14+PPBP+ Monocytes","ILC2/3","SELPLG","SELL",0.0421937236848198,0,"SELPLG_SELL","SELPLG - SELL","SELPLG","Cell-Cell Contact","PMC2431087; PMID:  8892633,PMID:  8896607","PBMC_Late"
"Classical Monocytes","ILC2/3","SELPLG","SELL",0.0213187592057824,0,"SELPLG_SELL","SELPLG - SELL","SELPLG","Cell-Cell Contact","PMC2431087; PMID:  8892633,PMID:  8896607","PBMC_Late"
"CX3CR1+ NK","ILC2/3","SELPLG","SELL",0.077692739125896,0,"SELPLG_SELL","SELPLG - SELL","SELPLG","Cell-Cell Contact","PMC2431087; PMID:  8892633,PMID:  8896607","PBMC_Late"
"CXCR6+ NK","ILC2/3","SELPLG","SELL",0.0410088852106312,0.01,"SELPLG_SELL","SELPLG - SELL","SELPLG","Cell-Cell Contact","PMC2431087; PMID:  8892633,PMID:  8896607","PBMC_Late"
"DC2","ILC2/3","SELPLG","SELL",0.0443525421145245,0,"SELPLG_SELL","SELPLG - SELL","SELPLG","Cell-Cell Contact","PMC2431087; PMID:  8892633,PMID:  8896607","PBMC_Late"
"Gamma Delta V1 T","ILC2/3","SELPLG","SELL",0.0245522608940236,0,"SELPLG_SELL","SELPLG - SELL","SELPLG","Cell-Cell Contact","PMC2431087; PMID:  8892633,PMID:  8896607","PBMC_Late"
"Gamma Delta V2 T","ILC2/3","SELPLG","SELL",0.0231901755056633,0,"SELPLG_SELL","SELPLG - SELL","SELPLG","Cell-Cell Contact","PMC2431087; PMID:  8892633,PMID:  8896607","PBMC_Late"
"ILC2/3","ILC2/3","SELPLG","SELL",0.0286661325088776,0.04,"SELPLG_SELL","SELPLG - SELL","SELPLG","Cell-Cell Contact","PMC2431087; PMID:  8892633,PMID:  8896607","PBMC_Late"
"Naïve CD4 T","ILC2/3","SELPLG","SELL",0.0254008090268502,0,"SELPLG_SELL","SELPLG - SELL","SELPLG","Cell-Cell Contact","PMC2431087; PMID:  8892633,PMID:  8896607","PBMC_Late"
"Naïve CD8 T","ILC2/3","SELPLG","SELL",0.0563218707045494,0,"SELPLG_SELL","SELPLG - SELL","SELPLG","Cell-Cell Contact","PMC2431087; PMID:  8892633,PMID:  8896607","PBMC_Late"
"NK T","ILC2/3","SELPLG","SELL",0.0260633542605708,0,"SELPLG_SELL","SELPLG - SELL","SELPLG","Cell-Cell Contact","PMC2431087; PMID:  8892633,PMID:  8896607","PBMC_Late"
"pDC","ILC2/3","SELPLG","SELL",0.0999997035735429,0,"SELPLG_SELL","SELPLG - SELL","SELPLG","Cell-Cell Contact","PMC2431087; PMID:  8892633,PMID:  8896607","PBMC_Late"
"Tem","ILC2/3","SELPLG","SELL",0.0628128229162138,0,"SELPLG_SELL","SELPLG - SELL","SELPLG","Cell-Cell Contact","PMC2431087; PMID:  8892633,PMID:  8896607","PBMC_Late"
"Th17like_INNATE_T","ILC2/3","SELPLG","SELL",0.0620104530198573,0,"SELPLG_SELL","SELPLG - SELL","SELPLG","Cell-Cell Contact","PMC2431087; PMID:  8892633,PMID:  8896607","PBMC_Late"
"Treg","ILC2/3","SELPLG","SELL",0.0583277726895931,0,"SELPLG_SELL","SELPLG - SELL","SELPLG","Cell-Cell Contact","PMC2431087; PMID:  8892633,PMID:  8896607","PBMC_Late"
"CD14+PPBP+ Monocytes","Naïve CD4 T","SELPLG","SELL",0.0497915898450739,0,"SELPLG_SELL","SELPLG - SELL","SELPLG","Cell-Cell Contact","PMC2431087; PMID:  8892633,PMID:  8896607","PBMC_Late"
"Classical Monocytes","Naïve CD4 T","SELPLG","SELL",0.0252567714822614,0,"SELPLG_SELL","SELPLG - SELL","SELPLG","Cell-Cell Contact","PMC2431087; PMID:  8892633,PMID:  8896607","PBMC_Late"
"CX3CR1+ NK","Naïve CD4 T","SELPLG","SELL",0.091075118576176,0,"SELPLG_SELL","SELPLG - SELL","SELPLG","Cell-Cell Contact","PMC2431087; PMID:  8892633,PMID:  8896607","PBMC_Late"
"CXCR6+ NK","Naïve CD4 T","SELPLG","SELL",0.0484041785359938,0,"SELPLG_SELL","SELPLG - SELL","SELPLG","Cell-Cell Contact","PMC2431087; PMID:  8892633,PMID:  8896607","PBMC_Late"
"DC2","Naïve CD4 T","SELPLG","SELL",0.052317914834633,0,"SELPLG_SELL","SELPLG - SELL","SELPLG","Cell-Cell Contact","PMC2431087; PMID:  8892633,PMID:  8896607","PBMC_Late"
"Gamma Delta V1 T","Naïve CD4 T","SELPLG","SELL",0.0290698258205495,0,"SELPLG_SELL","SELPLG - SELL","SELPLG","Cell-Cell Contact","PMC2431087; PMID:  8892633,PMID:  8896607","PBMC_Late"
"Gamma Delta V2 T","Naïve CD4 T","SELPLG","SELL",0.0274641758994809,0,"SELPLG_SELL","SELPLG - SELL","SELPLG","Cell-Cell Contact","PMC2431087; PMID:  8892633,PMID:  8896607","PBMC_Late"
"ILC2/3","Naïve CD4 T","SELPLG","SELL",0.0339143238649081,0.03,"SELPLG_SELL","SELPLG - SELL","SELPLG","Cell-Cell Contact","PMC2431087; PMID:  8892633,PMID:  8896607","PBMC_Late"
"Naïve CD4 T","Naïve CD4 T","SELPLG","SELL",0.0300696920610585,0,"SELPLG_SELL","SELPLG - SELL","SELPLG","Cell-Cell Contact","PMC2431087; PMID:  8892633,PMID:  8896607","PBMC_Late"
"Naïve CD8 T","Naïve CD4 T","SELPLG","SELL",0.0662877368235901,0,"SELPLG_SELL","SELPLG - SELL","SELPLG","Cell-Cell Contact","PMC2431087; PMID:  8892633,PMID:  8896607","PBMC_Late"
"NK T","Naïve CD4 T","SELPLG","SELL",0.0308501638056743,0,"SELPLG_SELL","SELPLG - SELL","SELPLG","Cell-Cell Contact","PMC2431087; PMID:  8892633,PMID:  8896607","PBMC_Late"
"pDC","Naïve CD4 T","SELPLG","SELL",0.116738072583065,0,"SELPLG_SELL","SELPLG - SELL","SELPLG","Cell-Cell Contact","PMC2431087; PMID:  8892633,PMID:  8896607","PBMC_Late"
"Tem","Naïve CD4 T","SELPLG","SELL",0.073837363058025,0,"SELPLG_SELL","SELPLG - SELL","SELPLG","Cell-Cell Contact","PMC2431087; PMID:  8892633,PMID:  8896607","PBMC_Late"
"Th17like_INNATE_T","Naïve CD4 T","SELPLG","SELL",0.0729051210337961,0,"SELPLG_SELL","SELPLG - SELL","SELPLG","Cell-Cell Contact","PMC2431087; PMID:  8892633,PMID:  8896607","PBMC_Late"
"Treg","Naïve CD4 T","SELPLG","SELL",0.0686227626385776,0,"SELPLG_SELL","SELPLG - SELL","SELPLG","Cell-Cell Contact","PMC2431087; PMID:  8892633,PMID:  8896607","PBMC_Late"
"CD14+PPBP+ Monocytes","Naïve CD8 T","SELPLG","SELL",0.050110886088778,0,"SELPLG_SELL","SELPLG - SELL","SELPLG","Cell-Cell Contact","PMC2431087; PMID:  8892633,PMID:  8896607","PBMC_Late"
"Classical Monocytes","Naïve CD8 T","SELPLG","SELL",0.0254229438940037,0,"SELPLG_SELL","SELPLG - SELL","SELPLG","Cell-Cell Contact","PMC2431087; PMID:  8892633,PMID:  8896607","PBMC_Late"
"CX3CR1+ NK","Naïve CD8 T","SELPLG","SELL",0.0916336218224737,0,"SELPLG_SELL","SELPLG - SELL","SELPLG","Cell-Cell Contact","PMC2431087; PMID:  8892633,PMID:  8896607","PBMC_Late"
"CXCR6+ NK","Naïve CD8 T","SELPLG","SELL",0.0487150339193276,0,"SELPLG_SELL","SELPLG - SELL","SELPLG","Cell-Cell Contact","PMC2431087; PMID:  8892633,PMID:  8896607","PBMC_Late"
"DC2","Naïve CD8 T","SELPLG","SELL",0.0526525138348525,0,"SELPLG_SELL","SELPLG - SELL","SELPLG","Cell-Cell Contact","PMC2431087; PMID:  8892633,PMID:  8896607","PBMC_Late"
"Gamma Delta V1 T","Naïve CD8 T","SELPLG","SELL",0.0292603324580244,0,"SELPLG_SELL","SELPLG - SELL","SELPLG","Cell-Cell Contact","PMC2431087; PMID:  8892633,PMID:  8896607","PBMC_Late"
"Gamma Delta V2 T","Naïve CD8 T","SELPLG","SELL",0.0276444596442297,0,"SELPLG_SELL","SELPLG - SELL","SELPLG","Cell-Cell Contact","PMC2431087; PMID:  8892633,PMID:  8896607","PBMC_Late"
"ILC2/3","Naïve CD8 T","SELPLG","SELL",0.0341354623292945,0.02,"SELPLG_SELL","SELPLG - SELL","SELPLG","Cell-Cell Contact","PMC2431087; PMID:  8892633,PMID:  8896607","PBMC_Late"
"Naïve CD4 T","Naïve CD8 T","SELPLG","SELL",0.0302665469765852,0,"SELPLG_SELL","SELPLG - SELL","SELPLG","Cell-Cell Contact","PMC2431087; PMID:  8892633,PMID:  8896607","PBMC_Late"
"Naïve CD8 T","Naïve CD8 T","SELPLG","SELL",0.0667053910247245,0,"SELPLG_SELL","SELPLG - SELL","SELPLG","Cell-Cell Contact","PMC2431087; PMID:  8892633,PMID:  8896607","PBMC_Late"
"NK T","Naïve CD8 T","SELPLG","SELL",0.0310519645976066,0,"SELPLG_SELL","SELPLG - SELL","SELPLG","Cell-Cell Contact","PMC2431087; PMID:  8892633,PMID:  8896607","PBMC_Late"
"pDC","Naïve CD8 T","SELPLG","SELL",0.117433616897783,0,"SELPLG_SELL","SELPLG - SELL","SELPLG","Cell-Cell Contact","PMC2431087; PMID:  8892633,PMID:  8896607","PBMC_Late"
"Tem","Naïve CD8 T","SELPLG","SELL",0.074298799522021,0,"SELPLG_SELL","SELPLG - SELL","SELPLG","Cell-Cell Contact","PMC2431087; PMID:  8892633,PMID:  8896607","PBMC_Late"
"Th17like_INNATE_T","Naïve CD8 T","SELPLG","SELL",0.0733611930493089,0,"SELPLG_SELL","SELPLG - SELL","SELPLG","Cell-Cell Contact","PMC2431087; PMID:  8892633,PMID:  8896607","PBMC_Late"
"Treg","Naïve CD8 T","SELPLG","SELL",0.0690540409064302,0,"SELPLG_SELL","SELPLG - SELL","SELPLG","Cell-Cell Contact","PMC2431087; PMID:  8892633,PMID:  8896607","PBMC_Late"
"CD14+PPBP+ Monocytes","NK T","SELPLG","SELL",0.0235035848090329,0,"SELPLG_SELL","SELPLG - SELL","SELPLG","Cell-Cell Contact","PMC2431087; PMID:  8892633,PMID:  8896607","PBMC_Late"
"CX3CR1+ NK","NK T","SELPLG","SELL",0.0440003195093059,0,"SELPLG_SELL","SELPLG - SELL","SELPLG","Cell-Cell Contact","PMC2431087; PMID:  8892633,PMID:  8896607","PBMC_Late"
"CXCR6+ NK","NK T","SELPLG","SELL",0.0228310721467175,0.01,"SELPLG_SELL","SELPLG - SELL","SELPLG","Cell-Cell Contact","PMC2431087; PMID:  8892633,PMID:  8896607","PBMC_Late"
"DC2","NK T","SELPLG","SELL",0.0247308238388214,0,"SELPLG_SELL","SELPLG - SELL","SELPLG","Cell-Cell Contact","PMC2431087; PMID:  8892633,PMID:  8896607","PBMC_Late"
"Naïve CD8 T","NK T","SELPLG","SELL",0.0315798650160159,0,"SELPLG_SELL","SELPLG - SELL","SELPLG","Cell-Cell Contact","PMC2431087; PMID:  8892633,PMID:  8896607","PBMC_Late"
"pDC","NK T","SELPLG","SELL",0.0572338944151566,0,"SELPLG_SELL","SELPLG - SELL","SELPLG","Cell-Cell Contact","PMC2431087; PMID:  8892633,PMID:  8896607","PBMC_Late"
"Tem","NK T","SELPLG","SELL",0.0353261067482489,0,"SELPLG_SELL","SELPLG - SELL","SELPLG","Cell-Cell Contact","PMC2431087; PMID:  8892633,PMID:  8896607","PBMC_Late"
"Th17like_INNATE_T","NK T","SELPLG","SELL",0.0348617907986633,0,"SELPLG_SELL","SELPLG - SELL","SELPLG","Cell-Cell Contact","PMC2431087; PMID:  8892633,PMID:  8896607","PBMC_Late"
"Treg","NK T","SELPLG","SELL",0.0327351484633787,0,"SELPLG_SELL","SELPLG - SELL","SELPLG","Cell-Cell Contact","PMC2431087; PMID:  8892633,PMID:  8896607","PBMC_Late"
"CD14+PPBP+ Monocytes","pDC","SELPLG","SELL",0.043575603446395,0,"SELPLG_SELL","SELPLG - SELL","SELPLG","Cell-Cell Contact","PMC2431087; PMID:  8892633,PMID:  8896607","PBMC_Late"
"Classical Monocytes","pDC","SELPLG","SELL",0.022032693127281,0,"SELPLG_SELL","SELPLG - SELL","SELPLG","Cell-Cell Contact","PMC2431087; PMID:  8892633,PMID:  8896607","PBMC_Late"
"CX3CR1+ NK","pDC","SELPLG","SELL",0.0801399643496799,0,"SELPLG_SELL","SELPLG - SELL","SELPLG","Cell-Cell Contact","PMC2431087; PMID:  8892633,PMID:  8896607","PBMC_Late"
"CXCR6+ NK","pDC","SELPLG","SELL",0.0423536764325138,0,"SELPLG_SELL","SELPLG - SELL","SELPLG","Cell-Cell Contact","PMC2431087; PMID:  8892633,PMID:  8896607","PBMC_Late"
"DC2","pDC","SELPLG","SELL",0.0458017440043604,0,"SELPLG_SELL","SELPLG - SELL","SELPLG","Cell-Cell Contact","PMC2431087; PMID:  8892633,PMID:  8896607","PBMC_Late"
"Gamma Delta V1 T","pDC","SELPLG","SELL",0.0253716728122686,0,"SELPLG_SELL","SELPLG - SELL","SELPLG","Cell-Cell Contact","PMC2431087; PMID:  8892633,PMID:  8896607","PBMC_Late"
"Gamma Delta V2 T","pDC","SELPLG","SELL",0.0239652457671595,0,"SELPLG_SELL","SELPLG - SELL","SELPLG","Cell-Cell Contact","PMC2431087; PMID:  8892633,PMID:  8896607","PBMC_Late"
"ILC2/3","pDC","SELPLG","SELL",0.0296186726608641,0.03,"SELPLG_SELL","SELPLG - SELL","SELPLG","Cell-Cell Contact","PMC2431087; PMID:  8892633,PMID:  8896607","PBMC_Late"
"Naïve CD4 T","pDC","SELPLG","SELL",0.0262477785185277,0,"SELPLG_SELL","SELPLG - SELL","SELPLG","Cell-Cell Contact","PMC2431087; PMID:  8892633,PMID:  8896607","PBMC_Late"
"Naïve CD8 T","pDC","SELPLG","SELL",0.0581383729162855,0,"SELPLG_SELL","SELPLG - SELL","SELPLG","Cell-Cell Contact","PMC2431087; PMID:  8892633,PMID:  8896607","PBMC_Late"
"NK T","pDC","SELPLG","SELL",0.0269318053034907,0,"SELPLG_SELL","SELPLG - SELL","SELPLG","Cell-Cell Contact","PMC2431087; PMID:  8892633,PMID:  8896607","PBMC_Late"
"pDC","pDC","SELPLG","SELL",0.103071047929492,0,"SELPLG_SELL","SELPLG - SELL","SELPLG","Cell-Cell Contact","PMC2431087; PMID:  8892633,PMID:  8896607","PBMC_Late"
"Tem","pDC","SELPLG","SELL",0.0648242916457311,0,"SELPLG_SELL","SELPLG - SELL","SELPLG","Cell-Cell Contact","PMC2431087; PMID:  8892633,PMID:  8896607","PBMC_Late"
"Th17like_INNATE_T","pDC","SELPLG","SELL",0.0639979818888855,0,"SELPLG_SELL","SELPLG - SELL","SELPLG","Cell-Cell Contact","PMC2431087; PMID:  8892633,PMID:  8896607","PBMC_Late"
"Treg","pDC","SELPLG","SELL",0.0602048421855217,0,"SELPLG_SELL","SELPLG - SELL","SELPLG","Cell-Cell Contact","PMC2431087; PMID:  8892633,PMID:  8896607","PBMC_Late"
"CD14+PPBP+ Monocytes","Tem","SELPLG","SELL",0.0248804009131538,0,"SELPLG_SELL","SELPLG - SELL","SELPLG","Cell-Cell Contact","PMC2431087; PMID:  8892633,PMID:  8896607","PBMC_Late"
"CX3CR1+ NK","Tem","SELPLG","SELL",0.0465206128028248,0,"SELPLG_SELL","SELPLG - SELL","SELPLG","Cell-Cell Contact","PMC2431087; PMID:  8892633,PMID:  8896607","PBMC_Late"
"CXCR6+ NK","Tem","SELPLG","SELL",0.0241694682193718,0.01,"SELPLG_SELL","SELPLG - SELL","SELPLG","Cell-Cell Contact","PMC2431087; PMID:  8892633,PMID:  8896607","PBMC_Late"
"DC2","Tem","SELPLG","SELL",0.0261776031424701,0,"SELPLG_SELL","SELPLG - SELL","SELPLG","Cell-Cell Contact","PMC2431087; PMID:  8892633,PMID:  8896607","PBMC_Late"
"Naïve CD8 T","Tem","SELPLG","SELL",0.0334135929369045,0,"SELPLG_SELL","SELPLG - SELL","SELPLG","Cell-Cell Contact","PMC2431087; PMID:  8892633,PMID:  8896607","PBMC_Late"
"pDC","Tem","SELPLG","SELL",0.0604642516494209,0,"SELPLG_SELL","SELPLG - SELL","SELPLG","Cell-Cell Contact","PMC2431087; PMID:  8892633,PMID:  8896607","PBMC_Late"
"Tem","Tem","SELPLG","SELL",0.0373689713265912,0,"SELPLG_SELL","SELPLG - SELL","SELPLG","Cell-Cell Contact","PMC2431087; PMID:  8892633,PMID:  8896607","PBMC_Late"
"Th17like_INNATE_T","Tem","SELPLG","SELL",0.0368788310546131,0,"SELPLG_SELL","SELPLG - SELL","SELPLG","Cell-Cell Contact","PMC2431087; PMID:  8892633,PMID:  8896607","PBMC_Late"
"Treg","Tem","SELPLG","SELL",0.0346335604030262,0,"SELPLG_SELL","SELPLG - SELL","SELPLG","Cell-Cell Contact","PMC2431087; PMID:  8892633,PMID:  8896607","PBMC_Late"
"CD14+PPBP+ Monocytes","Th17like_INNATE_T","SELPLG","SELL",0.0245396803111753,0,"SELPLG_SELL","SELPLG - SELL","SELPLG","Cell-Cell Contact","PMC2431087; PMID:  8892633,PMID:  8896607","PBMC_Late"
"CX3CR1+ NK","Th17like_INNATE_T","SELPLG","SELL",0.0458974925360472,0,"SELPLG_SELL","SELPLG - SELL","SELPLG","Cell-Cell Contact","PMC2431087; PMID:  8892633,PMID:  8896607","PBMC_Late"
"CXCR6+ NK","Th17like_INNATE_T","SELPLG","SELL",0.0238382453645866,0.01,"SELPLG_SELL","SELPLG - SELL","SELPLG","Cell-Cell Contact","PMC2431087; PMID:  8892633,PMID:  8896607","PBMC_Late"
"DC2","Th17like_INNATE_T","SELPLG","SELL",0.0258195885861996,0,"SELPLG_SELL","SELPLG - SELL","SELPLG","Cell-Cell Contact","PMC2431087; PMID:  8892633,PMID:  8896607","PBMC_Late"
"Naïve CD8 T","Th17like_INNATE_T","SELPLG","SELL",0.032959965782504,0,"SELPLG_SELL","SELPLG - SELL","SELPLG","Cell-Cell Contact","PMC2431087; PMID:  8892633,PMID:  8896607","PBMC_Late"
"pDC","Th17like_INNATE_T","SELPLG","SELL",0.0596660507540596,0,"SELPLG_SELL","SELPLG - SELL","SELPLG","Cell-Cell Contact","PMC2431087; PMID:  8892633,PMID:  8896607","PBMC_Late"
"Tem","Th17like_INNATE_T","SELPLG","SELL",0.0368636934188217,0,"SELPLG_SELL","SELPLG - SELL","SELPLG","Cell-Cell Contact","PMC2431087; PMID:  8892633,PMID:  8896607","PBMC_Late"
"Th17like_INNATE_T","Th17like_INNATE_T","SELPLG","SELL",0.0363799300296305,0,"SELPLG_SELL","SELPLG - SELL","SELPLG","Cell-Cell Contact","PMC2431087; PMID:  8892633,PMID:  8896607","PBMC_Late"
"Treg","Th17like_INNATE_T","SELPLG","SELL",0.0341639562148272,0,"SELPLG_SELL","SELPLG - SELL","SELPLG","Cell-Cell Contact","PMC2431087; PMID:  8892633,PMID:  8896607","PBMC_Late"
"CD14+PPBP+ Monocytes","Treg","SELPLG","SELL",0.048832761809269,0,"SELPLG_SELL","SELPLG - SELL","SELPLG","Cell-Cell Contact","PMC2431087; PMID:  8892633,PMID:  8896607","PBMC_Late"
"Classical Monocytes","Treg","SELPLG","SELL",0.0247580959773242,0,"SELPLG_SELL","SELPLG - SELL","SELPLG","Cell-Cell Contact","PMC2431087; PMID:  8892633,PMID:  8896607","PBMC_Late"
"CX3CR1+ NK","Treg","SELPLG","SELL",0.0893960938112938,0,"SELPLG_SELL","SELPLG - SELL","SELPLG","Cell-Cell Contact","PMC2431087; PMID:  8892633,PMID:  8896607","PBMC_Late"
"CXCR6+ NK","Treg","SELPLG","SELL",0.0474707328987785,0,"SELPLG_SELL","SELPLG - SELL","SELPLG","Cell-Cell Contact","PMC2431087; PMID:  8892633,PMID:  8896607","PBMC_Late"
"DC2","Treg","SELPLG","SELL",0.0513130649342471,0,"SELPLG_SELL","SELPLG - SELL","SELPLG","Cell-Cell Contact","PMC2431087; PMID:  8892633,PMID:  8896607","PBMC_Late"
"Gamma Delta V1 T","Treg","SELPLG","SELL",0.0284980655865802,0,"SELPLG_SELL","SELPLG - SELL","SELPLG","Cell-Cell Contact","PMC2431087; PMID:  8892633,PMID:  8896607","PBMC_Late"
"Gamma Delta V2 T","Treg","SELPLG","SELL",0.0269231207022021,0,"SELPLG_SELL","SELPLG - SELL","SELPLG","Cell-Cell Contact","PMC2431087; PMID:  8892633,PMID:  8896607","PBMC_Late"
"ILC2/3","Treg","SELPLG","SELL",0.033250542665303,0.03,"SELPLG_SELL","SELPLG - SELL","SELPLG","Cell-Cell Contact","PMC2431087; PMID:  8892633,PMID:  8896607","PBMC_Late"
"Naïve CD4 T","Treg","SELPLG","SELL",0.0294788630303794,0,"SELPLG_SELL","SELPLG - SELL","SELPLG","Cell-Cell Contact","PMC2431087; PMID:  8892633,PMID:  8896607","PBMC_Late"
"Naïve CD8 T","Treg","SELPLG","SELL",0.0650329864660684,0,"SELPLG_SELL","SELPLG - SELL","SELPLG","Cell-Cell Contact","PMC2431087; PMID:  8892633,PMID:  8896607","PBMC_Late"
"NK T","Treg","SELPLG","SELL",0.0302444777388934,0,"SELPLG_SELL","SELPLG - SELL","SELPLG","Cell-Cell Contact","PMC2431087; PMID:  8892633,PMID:  8896607","PBMC_Late"
"pDC","Treg","SELPLG","SELL",0.114645610915745,0,"SELPLG_SELL","SELPLG - SELL","SELPLG","Cell-Cell Contact","PMC2431087; PMID:  8892633,PMID:  8896607","PBMC_Late"
"Tem","Treg","SELPLG","SELL",0.0724507956644138,0,"SELPLG_SELL","SELPLG - SELL","SELPLG","Cell-Cell Contact","PMC2431087; PMID:  8892633,PMID:  8896607","PBMC_Late"
"Th17like_INNATE_T","Treg","SELPLG","SELL",0.0715347077602276,0,"SELPLG_SELL","SELPLG - SELL","SELPLG","Cell-Cell Contact","PMC2431087; PMID:  8892633,PMID:  8896607","PBMC_Late"
"Treg","Treg","SELPLG","SELL",0.0673270000102458,0,"SELPLG_SELL","SELPLG - SELL","SELPLG","Cell-Cell Contact","PMC2431087; PMID:  8892633,PMID:  8896607","PBMC_Late"
"CD14+PPBP+ Monocytes","CD14+PPBP+ Monocytes","SELPLG","SELP",0.00456168943287335,0,"SELPLG_SELP","SELPLG - SELP","SELPLG","Cell-Cell Contact","PMID: 19118202; PMID: 9829984","PBMC_Late"
"Classical Monocytes","CD14+PPBP+ Monocytes","SELPLG","SELP",0.00226088694194905,0,"SELPLG_SELP","SELPLG - SELP","SELPLG","Cell-Cell Contact","PMID: 19118202; PMID: 9829984","PBMC_Late"
"CX3CR1+ NK","CD14+PPBP+ Monocytes","SELPLG","SELP",0.0086867416950171,0,"SELPLG_SELP","SELPLG - SELP","SELPLG","Cell-Cell Contact","PMID: 19118202; PMID: 9829984","PBMC_Late"
"CXCR6+ NK","CD14+PPBP+ Monocytes","SELPLG","SELP",0.00442870684191201,0,"SELPLG_SELP","SELPLG - SELP","SELPLG","Cell-Cell Contact","PMID: 19118202; PMID: 9829984","PBMC_Late"
"DC2","CD14+PPBP+ Monocytes","SELPLG","SELP",0.0048047444359125,0,"SELPLG_SELP","SELPLG - SELP","SELPLG","Cell-Cell Contact","PMID: 19118202; PMID: 9829984","PBMC_Late"
"Gamma Delta V1 T","CD14+PPBP+ Monocytes","SELPLG","SELP",0.0026115179783822,0,"SELPLG_SELP","SELPLG - SELP","SELPLG","Cell-Cell Contact","PMID: 19118202; PMID: 9829984","PBMC_Late"
"Gamma Delta V2 T","CD14+PPBP+ Monocytes","SELPLG","SELP",0.00246356469339131,0,"SELPLG_SELP","SELPLG - SELP","SELPLG","Cell-Cell Contact","PMID: 19118202; PMID: 9829984","PBMC_Late"
"HSC_MPP","CD14+PPBP+ Monocytes","SELPLG","SELP",0.000929174280838577,0,"SELPLG_SELP","SELPLG - SELP","SELPLG","Cell-Cell Contact","PMID: 19118202; PMID: 9829984","PBMC_Late"
"ILC2/3","CD14+PPBP+ Monocytes","SELPLG","SELP",0.0030606277250494,0,"SELPLG_SELP","SELPLG - SELP","SELPLG","Cell-Cell Contact","PMID: 19118202; PMID: 9829984","PBMC_Late"
"MEMP","CD14+PPBP+ Monocytes","SELPLG","SELP",0.00103756062447948,0,"SELPLG_SELP","SELPLG - SELP","SELPLG","Cell-Cell Contact","PMID: 19118202; PMID: 9829984","PBMC_Late"
"MEP","CD14+PPBP+ Monocytes","SELPLG","SELP",0.000783636263959781,0,"SELPLG_SELP","SELPLG - SELP","SELPLG","Cell-Cell Contact","PMID: 19118202; PMID: 9829984","PBMC_Late"
"Naïve CD4 T","CD14+PPBP+ Monocytes","SELPLG","SELP",0.00270387631366133,0,"SELPLG_SELP","SELPLG - SELP","SELPLG","Cell-Cell Contact","PMID: 19118202; PMID: 9829984","PBMC_Late"
"Naïve CD8 T","CD14+PPBP+ Monocytes","SELPLG","SELP",0.00617030084900615,0,"SELPLG_SELP","SELPLG - SELP","SELPLG","Cell-Cell Contact","PMID: 19118202; PMID: 9829984","PBMC_Late"
"NK T","CD14+PPBP+ Monocytes","SELPLG","SELP",0.00277608954552301,0,"SELPLG_SELP","SELPLG - SELP","SELPLG","Cell-Cell Contact","PMID: 19118202; PMID: 9829984","PBMC_Late"
"pDC","CD14+PPBP+ Monocytes","SELPLG","SELP",0.0114263176246552,0,"SELPLG_SELP","SELPLG - SELP","SELPLG","Cell-Cell Contact","PMID: 19118202; PMID: 9829984","PBMC_Late"
"Tem","CD14+PPBP+ Monocytes","SELPLG","SELP",0.00692381932872363,0,"SELPLG_SELP","SELPLG - SELP","SELPLG","Cell-Cell Contact","PMID: 19118202; PMID: 9829984","PBMC_Late"
"Th17like_INNATE_T","CD14+PPBP+ Monocytes","SELPLG","SELP",0.00683017153280522,0,"SELPLG_SELP","SELPLG - SELP","SELPLG","Cell-Cell Contact","PMID: 19118202; PMID: 9829984","PBMC_Late"
"Treg","CD14+PPBP+ Monocytes","SELPLG","SELP",0.00640217367086071,0,"SELPLG_SELP","SELPLG - SELP","SELPLG","Cell-Cell Contact","PMID: 19118202; PMID: 9829984","PBMC_Late"
"CD14+PPBP+ Monocytes","Megakaryocytes","SELPLG","SELP",0.0109940401361609,0,"SELPLG_SELP","SELPLG - SELP","SELPLG","Cell-Cell Contact","PMID: 19118202; PMID: 9829984","PBMC_Late"
"Classical Monocytes","Megakaryocytes","SELPLG","SELP",0.00546673732617904,0,"SELPLG_SELP","SELPLG - SELP","SELPLG","Cell-Cell Contact","PMID: 19118202; PMID: 9829984","PBMC_Late"
"CX3CR1+ NK","Megakaryocytes","SELPLG","SELP",0.0208141259687209,0,"SELPLG_SELP","SELPLG - SELP","SELPLG","Cell-Cell Contact","PMID: 19118202; PMID: 9829984","PBMC_Late"
"CXCR6+ NK","Megakaryocytes","SELPLG","SELP",0.0106755523590268,0,"SELPLG_SELP","SELPLG - SELP","SELPLG","Cell-Cell Contact","PMID: 19118202; PMID: 9829984","PBMC_Late"
"DC2","Megakaryocytes","SELPLG","SELP",0.0115758367984739,0,"SELPLG_SELP","SELPLG - SELP","SELPLG","Cell-Cell Contact","PMID: 19118202; PMID: 9829984","PBMC_Late"
"Gamma Delta V1 T","Megakaryocytes","SELPLG","SELP",0.00631140461067965,0,"SELPLG_SELP","SELPLG - SELP","SELPLG","Cell-Cell Contact","PMID: 19118202; PMID: 9829984","PBMC_Late"
"Gamma Delta V2 T","Megakaryocytes","SELPLG","SELP",0.00595508899665693,0,"SELPLG_SELP","SELPLG - SELP","SELPLG","Cell-Cell Contact","PMID: 19118202; PMID: 9829984","PBMC_Late"
"HSC_MPP","Megakaryocytes","SELPLG","SELP",0.00225096770558362,0,"SELPLG_SELP","SELPLG - SELP","SELPLG","Cell-Cell Contact","PMID: 19118202; PMID: 9829984","PBMC_Late"
"ILC2/3","Megakaryocytes","SELPLG","SELP",0.00739207803631469,0,"SELPLG_SELP","SELPLG - SELP","SELPLG","Cell-Cell Contact","PMID: 19118202; PMID: 9829984","PBMC_Late"
"MEMP","Megakaryocytes","SELPLG","SELP",0.00251315079060834,0,"SELPLG_SELP","SELPLG - SELP","SELPLG","Cell-Cell Contact","PMID: 19118202; PMID: 9829984","PBMC_Late"
"MEP","Megakaryocytes","SELPLG","SELP",0.00189878860341781,0,"SELPLG_SELP","SELPLG - SELP","SELPLG","Cell-Cell Contact","PMID: 19118202; PMID: 9829984","PBMC_Late"
"Naïve CD4 T","Megakaryocytes","SELPLG","SELP",0.00653375509703221,0,"SELPLG_SELP","SELPLG - SELP","SELPLG","Cell-Cell Contact","PMID: 19118202; PMID: 9829984","PBMC_Late"
"Naïve CD8 T","Megakaryocytes","SELPLG","SELP",0.0148371147927026,0,"SELPLG_SELP","SELPLG - SELP","SELPLG","Cell-Cell Contact","PMID: 19118202; PMID: 9829984","PBMC_Late"
"NK T","Megakaryocytes","SELPLG","SELP",0.0067075660965172,0,"SELPLG_SELP","SELPLG - SELP","SELPLG","Cell-Cell Contact","PMID: 19118202; PMID: 9829984","PBMC_Late"
"pDC","Megakaryocytes","SELPLG","SELP",0.0272731436694341,0,"SELPLG_SELP","SELPLG - SELP","SELPLG","Cell-Cell Contact","PMID: 19118202; PMID: 9829984","PBMC_Late"
"Tem","Megakaryocytes","SELPLG","SELP",0.0166313147161513,0,"SELPLG_SELP","SELPLG - SELP","SELPLG","Cell-Cell Contact","PMID: 19118202; PMID: 9829984","PBMC_Late"
"Th17like_INNATE_T","Megakaryocytes","SELPLG","SELP",0.0164085380769469,0,"SELPLG_SELP","SELPLG - SELP","SELPLG","Cell-Cell Contact","PMID: 19118202; PMID: 9829984","PBMC_Late"
"Treg","Megakaryocytes","SELPLG","SELP",0.0153896331803185,0,"SELPLG_SELP","SELPLG - SELP","SELPLG","Cell-Cell Contact","PMID: 19118202; PMID: 9829984","PBMC_Late"
"CD14+PPBP+ Monocytes","pDC","SEMA4A","NRP1_PLXNA4",0.00177893077071745,0,"SEMA4A_NRP1_PLXNA4","SEMA4A - (NRP1+PLXNA4)","SEMA4","Cell-Cell Contact","PMID: 27533782","PBMC_Late"
"DC2","pDC","SEMA4A","NRP1_PLXNA4",0.0022123309003002,0,"SEMA4A_NRP1_PLXNA4","SEMA4A - (NRP1+PLXNA4)","SEMA4","Cell-Cell Contact","PMID: 27533782","PBMC_Late"
"CD14+PPBP+ Monocytes","CD14+PPBP+ Monocytes","SEMA4A","PLXNB2",0.00274898527601347,0,"SEMA4A_PLXNB2","SEMA4A - PLXNB2","SEMA4","Cell-Cell Contact","PMID: 27533782","PBMC_Late"
"DC2","CD14+PPBP+ Monocytes","SEMA4A","PLXNB2",0.00341791015485404,0,"SEMA4A_PLXNB2","SEMA4A - PLXNB2","SEMA4","Cell-Cell Contact","PMID: 27533782","PBMC_Late"
"CD14+PPBP+ Monocytes","Classical Monocytes","SEMA4A","PLXNB2",0.00137782835685549,0,"SEMA4A_PLXNB2","SEMA4A - PLXNB2","SEMA4","Cell-Cell Contact","PMID: 27533782","PBMC_Late"
"DC2","Classical Monocytes","SEMA4A","PLXNB2",0.00171367583941781,0,"SEMA4A_PLXNB2","SEMA4A - PLXNB2","SEMA4","Cell-Cell Contact","PMID: 27533782","PBMC_Late"
"CD14+PPBP+ Monocytes","DC2","SEMA4A","PLXNB2",0.00101171268436141,0,"SEMA4A_PLXNB2","SEMA4A - PLXNB2","SEMA4","Cell-Cell Contact","PMID: 27533782","PBMC_Late"
"DC2","DC2","SEMA4A","PLXNB2",0.00125843144684518,0,"SEMA4A_PLXNB2","SEMA4A - PLXNB2","SEMA4","Cell-Cell Contact","PMID: 27533782","PBMC_Late"
"CD14+PPBP+ Monocytes","pDC","SEMA4A","PLXNB2",0.00133365619502227,0,"SEMA4A_PLXNB2","SEMA4A - PLXNB2","SEMA4","Cell-Cell Contact","PMID: 27533782","PBMC_Late"
"DC2","pDC","SEMA4A","PLXNB2",0.00165875453926105,0,"SEMA4A_PLXNB2","SEMA4A - PLXNB2","SEMA4","Cell-Cell Contact","PMID: 27533782","PBMC_Late"
"abTentry","CD14+PPBP+ Monocytes","SEMA4D","PLXNB2",0.0099783058613201,0,"SEMA4D_PLXNB2","SEMA4D - PLXNB2","SEMA4","Cell-Cell Contact","PMID: 27533782","PBMC_Late"
"CD14+PPBP+ Monocytes","CD14+PPBP+ Monocytes","SEMA4D","PLXNB2",0.00991090601061397,0,"SEMA4D_PLXNB2","SEMA4D - PLXNB2","SEMA4","Cell-Cell Contact","PMID: 27533782","PBMC_Late"
"CD56highCD16low NK","CD14+PPBP+ Monocytes","SEMA4D","PLXNB2",0.00981080697544837,0,"SEMA4D_PLXNB2","SEMA4D - PLXNB2","SEMA4","Cell-Cell Contact","PMID: 27533782","PBMC_Late"
"Classical Monocytes","CD14+PPBP+ Monocytes","SEMA4D","PLXNB2",0.00389094477106705,0,"SEMA4D_PLXNB2","SEMA4D - PLXNB2","SEMA4","Cell-Cell Contact","PMID: 27533782","PBMC_Late"
"CX3CR1+ NK","CD14+PPBP+ Monocytes","SEMA4D","PLXNB2",0.00547134566097418,0,"SEMA4D_PLXNB2","SEMA4D - PLXNB2","SEMA4","Cell-Cell Contact","PMID: 27533782","PBMC_Late"
"CXCR6+ NK","CD14+PPBP+ Monocytes","SEMA4D","PLXNB2",0.00367477177990842,0,"SEMA4D_PLXNB2","SEMA4D - PLXNB2","SEMA4","Cell-Cell Contact","PMID: 27533782","PBMC_Late"
"Gamma Delta V1 T","CD14+PPBP+ Monocytes","SEMA4D","PLXNB2",0.0105514986299581,0,"SEMA4D_PLXNB2","SEMA4D - PLXNB2","SEMA4","Cell-Cell Contact","PMID: 27533782","PBMC_Late"
"Gamma Delta V2 T","CD14+PPBP+ Monocytes","SEMA4D","PLXNB2",0.00951126156395682,0,"SEMA4D_PLXNB2","SEMA4D - PLXNB2","SEMA4","Cell-Cell Contact","PMID: 27533782","PBMC_Late"
"HSC_MPP","CD14+PPBP+ Monocytes","SEMA4D","PLXNB2",0.00221132940339578,0,"SEMA4D_PLXNB2","SEMA4D - PLXNB2","SEMA4","Cell-Cell Contact","PMID: 27533782","PBMC_Late"
"ILC2/3","CD14+PPBP+ Monocytes","SEMA4D","PLXNB2",0.00113618715921669,0,"SEMA4D_PLXNB2","SEMA4D - PLXNB2","SEMA4","Cell-Cell Contact","PMID: 27533782","PBMC_Late"
"MEMP","CD14+PPBP+ Monocytes","SEMA4D","PLXNB2",0.00214299493670782,0,"SEMA4D_PLXNB2","SEMA4D - PLXNB2","SEMA4","Cell-Cell Contact","PMID: 27533782","PBMC_Late"
"MEP","CD14+PPBP+ Monocytes","SEMA4D","PLXNB2",0.00515916677929062,0,"SEMA4D_PLXNB2","SEMA4D - PLXNB2","SEMA4","Cell-Cell Contact","PMID: 27533782","PBMC_Late"
"Myeloid-CD177","CD14+PPBP+ Monocytes","SEMA4D","PLXNB2",0.00881835110253387,0,"SEMA4D_PLXNB2","SEMA4D - PLXNB2","SEMA4","Cell-Cell Contact","PMID: 27533782","PBMC_Late"
"Naïve CD4 T","CD14+PPBP+ Monocytes","SEMA4D","PLXNB2",0.00422115237612748,0,"SEMA4D_PLXNB2","SEMA4D - PLXNB2","SEMA4","Cell-Cell Contact","PMID: 27533782","PBMC_Late"
"Naïve CD8 T","CD14+PPBP+ Monocytes","SEMA4D","PLXNB2",0.00463296103438841,0,"SEMA4D_PLXNB2","SEMA4D - PLXNB2","SEMA4","Cell-Cell Contact","PMID: 27533782","PBMC_Late"
"NK T","CD14+PPBP+ Monocytes","SEMA4D","PLXNB2",0.00588518751454154,0,"SEMA4D_PLXNB2","SEMA4D - PLXNB2","SEMA4","Cell-Cell Contact","PMID: 27533782","PBMC_Late"
"pDC","CD14+PPBP+ Monocytes","SEMA4D","PLXNB2",0.0030389002040209,0,"SEMA4D_PLXNB2","SEMA4D - PLXNB2","SEMA4","Cell-Cell Contact","PMID: 27533782","PBMC_Late"
"Pro-B","CD14+PPBP+ Monocytes","SEMA4D","PLXNB2",0.00210091079744276,0,"SEMA4D_PLXNB2","SEMA4D - PLXNB2","SEMA4","Cell-Cell Contact","PMID: 27533782","PBMC_Late"
"Tem","CD14+PPBP+ Monocytes","SEMA4D","PLXNB2",0.00502741634261941,0,"SEMA4D_PLXNB2","SEMA4D - PLXNB2","SEMA4","Cell-Cell Contact","PMID: 27533782","PBMC_Late"
"Th17like_INNATE_T","CD14+PPBP+ Monocytes","SEMA4D","PLXNB2",0.00469515589432633,0,"SEMA4D_PLXNB2","SEMA4D - PLXNB2","SEMA4","Cell-Cell Contact","PMID: 27533782","PBMC_Late"
"Treg","CD14+PPBP+ Monocytes","SEMA4D","PLXNB2",0.00510298951090788,0,"SEMA4D_PLXNB2","SEMA4D - PLXNB2","SEMA4","Cell-Cell Contact","PMID: 27533782","PBMC_Late"
"abTentry","Classical Monocytes","SEMA4D","PLXNB2",0.0050194102938172,0,"SEMA4D_PLXNB2","SEMA4D - PLXNB2","SEMA4","Cell-Cell Contact","PMID: 27533782","PBMC_Late"
"CD14+PPBP+ Monocytes","Classical Monocytes","SEMA4D","PLXNB2",0.00498533732126687,0,"SEMA4D_PLXNB2","SEMA4D - PLXNB2","SEMA4","Cell-Cell Contact","PMID: 27533782","PBMC_Late"
"CD56highCD16low NK","Classical Monocytes","SEMA4D","PLXNB2",0.00493473802624081,0,"SEMA4D_PLXNB2","SEMA4D - PLXNB2","SEMA4","Cell-Cell Contact","PMID: 27533782","PBMC_Late"
"Classical Monocytes","Classical Monocytes","SEMA4D","PLXNB2",0.00195130831702591,0,"SEMA4D_PLXNB2","SEMA4D - PLXNB2","SEMA4","Cell-Cell Contact","PMID: 27533782","PBMC_Late"
"CX3CR1+ NK","Classical Monocytes","SEMA4D","PLXNB2",0.00274605103818633,0,"SEMA4D_PLXNB2","SEMA4D - PLXNB2","SEMA4","Cell-Cell Contact","PMID: 27533782","PBMC_Late"
"CXCR6+ NK","Classical Monocytes","SEMA4D","PLXNB2",0.00184269823995397,0,"SEMA4D_PLXNB2","SEMA4D - PLXNB2","SEMA4","Cell-Cell Contact","PMID: 27533782","PBMC_Late"
"Gamma Delta V1 T","Classical Monocytes","SEMA4D","PLXNB2",0.00530927241239165,0,"SEMA4D_PLXNB2","SEMA4D - PLXNB2","SEMA4","Cell-Cell Contact","PMID: 27533782","PBMC_Late"
"Gamma Delta V2 T","Classical Monocytes","SEMA4D","PLXNB2",0.00478335048587233,0,"SEMA4D_PLXNB2","SEMA4D - PLXNB2","SEMA4","Cell-Cell Contact","PMID: 27533782","PBMC_Late"
"HSC_MPP","Classical Monocytes","SEMA4D","PLXNB2",0.00110805003831122,0,"SEMA4D_PLXNB2","SEMA4D - PLXNB2","SEMA4","Cell-Cell Contact","PMID: 27533782","PBMC_Late"
"ILC2/3","Classical Monocytes","SEMA4D","PLXNB2",0.000569013270511109,0,"SEMA4D_PLXNB2","SEMA4D - PLXNB2","SEMA4","Cell-Cell Contact","PMID: 27533782","PBMC_Late"
"MEMP","Classical Monocytes","SEMA4D","PLXNB2",0.00107377240351645,0,"SEMA4D_PLXNB2","SEMA4D - PLXNB2","SEMA4","Cell-Cell Contact","PMID: 27533782","PBMC_Late"
"MEP","Classical Monocytes","SEMA4D","PLXNB2",0.00258896465560984,0,"SEMA4D_PLXNB2","SEMA4D - PLXNB2","SEMA4","Cell-Cell Contact","PMID: 27533782","PBMC_Late"
"Myeloid-CD177","Classical Monocytes","SEMA4D","PLXNB2",0.00443333416866973,0,"SEMA4D_PLXNB2","SEMA4D - PLXNB2","SEMA4","Cell-Cell Contact","PMID: 27533782","PBMC_Late"
"Naïve CD4 T","Classical Monocytes","SEMA4D","PLXNB2",0.00211725726972291,0,"SEMA4D_PLXNB2","SEMA4D - PLXNB2","SEMA4","Cell-Cell Contact","PMID: 27533782","PBMC_Late"
"Naïve CD8 T","Classical Monocytes","SEMA4D","PLXNB2",0.00232429248338229,0,"SEMA4D_PLXNB2","SEMA4D - PLXNB2","SEMA4","Cell-Cell Contact","PMID: 27533782","PBMC_Late"
"NK T","Classical Monocytes","SEMA4D","PLXNB2",0.00295436930432529,0,"SEMA4D_PLXNB2","SEMA4D - PLXNB2","SEMA4","Cell-Cell Contact","PMID: 27533782","PBMC_Late"
"pDC","Classical Monocytes","SEMA4D","PLXNB2",0.00152335850770291,0,"SEMA4D_PLXNB2","SEMA4D - PLXNB2","SEMA4","Cell-Cell Contact","PMID: 27533782","PBMC_Late"
"Pro-B","Classical Monocytes","SEMA4D","PLXNB2",0.00105266350804255,0,"SEMA4D_PLXNB2","SEMA4D - PLXNB2","SEMA4","Cell-Cell Contact","PMID: 27533782","PBMC_Late"
"Tem","Classical Monocytes","SEMA4D","PLXNB2",0.00252268342980566,0,"SEMA4D_PLXNB2","SEMA4D - PLXNB2","SEMA4","Cell-Cell Contact","PMID: 27533782","PBMC_Late"
"Th17like_INNATE_T","Classical Monocytes","SEMA4D","PLXNB2",0.00235556812943025,0,"SEMA4D_PLXNB2","SEMA4D - PLXNB2","SEMA4","Cell-Cell Contact","PMID: 27533782","PBMC_Late"
"Treg","Classical Monocytes","SEMA4D","PLXNB2",0.00256070183375932,0,"SEMA4D_PLXNB2","SEMA4D - PLXNB2","SEMA4","Cell-Cell Contact","PMID: 27533782","PBMC_Late"
"abTentry","DC2","SEMA4D","PLXNB2",0.00368923055903017,0,"SEMA4D_PLXNB2","SEMA4D - PLXNB2","SEMA4","Cell-Cell Contact","PMID: 27533782","PBMC_Late"
"CD14+PPBP+ Monocytes","DC2","SEMA4D","PLXNB2",0.00366415391594173,0,"SEMA4D_PLXNB2","SEMA4D - PLXNB2","SEMA4","Cell-Cell Contact","PMID: 27533782","PBMC_Late"
"CD56highCD16low NK","DC2","SEMA4D","PLXNB2",0.00362691525572854,0,"SEMA4D_PLXNB2","SEMA4D - PLXNB2","SEMA4","Cell-Cell Contact","PMID: 27533782","PBMC_Late"
"Classical Monocytes","DC2","SEMA4D","PLXNB2",0.00143302658782258,0,"SEMA4D_PLXNB2","SEMA4D - PLXNB2","SEMA4","Cell-Cell Contact","PMID: 27533782","PBMC_Late"
"CX3CR1+ NK","DC2","SEMA4D","PLXNB2",0.00201710646479196,0,"SEMA4D_PLXNB2","SEMA4D - PLXNB2","SEMA4","Cell-Cell Contact","PMID: 27533782","PBMC_Late"
"CXCR6+ NK","DC2","SEMA4D","PLXNB2",0.001353225026176,0,"SEMA4D_PLXNB2","SEMA4D - PLXNB2","SEMA4","Cell-Cell Contact","PMID: 27533782","PBMC_Late"
"Gamma Delta V1 T","DC2","SEMA4D","PLXNB2",0.00390257842782107,0,"SEMA4D_PLXNB2","SEMA4D - PLXNB2","SEMA4","Cell-Cell Contact","PMID: 27533782","PBMC_Late"
"Gamma Delta V2 T","DC2","SEMA4D","PLXNB2",0.00351550726263453,0,"SEMA4D_PLXNB2","SEMA4D - PLXNB2","SEMA4","Cell-Cell Contact","PMID: 27533782","PBMC_Late"
"HSC_MPP","DC2","SEMA4D","PLXNB2",0.000813561287742866,0,"SEMA4D_PLXNB2","SEMA4D - PLXNB2","SEMA4","Cell-Cell Contact","PMID: 27533782","PBMC_Late"
"ILC2/3","DC2","SEMA4D","PLXNB2",0.000417725526537256,0,"SEMA4D_PLXNB2","SEMA4D - PLXNB2","SEMA4","Cell-Cell Contact","PMID: 27533782","PBMC_Late"
"MEMP","DC2","SEMA4D","PLXNB2",0.000788386500649228,0,"SEMA4D_PLXNB2","SEMA4D - PLXNB2","SEMA4","Cell-Cell Contact","PMID: 27533782","PBMC_Late"
"MEP","DC2","SEMA4D","PLXNB2",0.00190163945250603,0,"SEMA4D_PLXNB2","SEMA4D - PLXNB2","SEMA4","Cell-Cell Contact","PMID: 27533782","PBMC_Late"
"Myeloid-CD177","DC2","SEMA4D","PLXNB2",0.00325796025054261,0,"SEMA4D_PLXNB2","SEMA4D - PLXNB2","SEMA4","Cell-Cell Contact","PMID: 27533782","PBMC_Late"
"Naïve CD4 T","DC2","SEMA4D","PLXNB2",0.00155496696029932,0,"SEMA4D_PLXNB2","SEMA4D - PLXNB2","SEMA4","Cell-Cell Contact","PMID: 27533782","PBMC_Late"
"Naïve CD8 T","DC2","SEMA4D","PLXNB2",0.00170711288738315,0,"SEMA4D_PLXNB2","SEMA4D - PLXNB2","SEMA4","Cell-Cell Contact","PMID: 27533782","PBMC_Late"
"NK T","DC2","SEMA4D","PLXNB2",0.00217024658501992,0,"SEMA4D_PLXNB2","SEMA4D - PLXNB2","SEMA4","Cell-Cell Contact","PMID: 27533782","PBMC_Late"
"pDC","DC2","SEMA4D","PLXNB2",0.00111861597307708,0,"SEMA4D_PLXNB2","SEMA4D - PLXNB2","SEMA4","Cell-Cell Contact","PMID: 27533782","PBMC_Late"
"Pro-B","DC2","SEMA4D","PLXNB2",0.00077288356056977,0,"SEMA4D_PLXNB2","SEMA4D - PLXNB2","SEMA4","Cell-Cell Contact","PMID: 27533782","PBMC_Late"
"Tem","DC2","SEMA4D","PLXNB2",0.00185292205271228,0,"SEMA4D_PLXNB2","SEMA4D - PLXNB2","SEMA4","Cell-Cell Contact","PMID: 27533782","PBMC_Late"
"Th17like_INNATE_T","DC2","SEMA4D","PLXNB2",0.00173009817523453,0,"SEMA4D_PLXNB2","SEMA4D - PLXNB2","SEMA4","Cell-Cell Contact","PMID: 27533782","PBMC_Late"
"Treg","DC2","SEMA4D","PLXNB2",0.0018808657702464,0,"SEMA4D_PLXNB2","SEMA4D - PLXNB2","SEMA4","Cell-Cell Contact","PMID: 27533782","PBMC_Late"
"abTentry","pDC","SEMA4D","PLXNB2",0.00485905975906351,0,"SEMA4D_PLXNB2","SEMA4D - PLXNB2","SEMA4","Cell-Cell Contact","PMID: 27533782","PBMC_Late"
"CD14+PPBP+ Monocytes","pDC","SEMA4D","PLXNB2",0.00482607000510317,0,"SEMA4D_PLXNB2","SEMA4D - PLXNB2","SEMA4","Cell-Cell Contact","PMID: 27533782","PBMC_Late"
"CD56highCD16low NK","pDC","SEMA4D","PLXNB2",0.00477707945245947,0,"SEMA4D_PLXNB2","SEMA4D - PLXNB2","SEMA4","Cell-Cell Contact","PMID: 27533782","PBMC_Late"
"Classical Monocytes","pDC","SEMA4D","PLXNB2",0.00188878558413972,0,"SEMA4D_PLXNB2","SEMA4D - PLXNB2","SEMA4","Cell-Cell Contact","PMID: 27533782","PBMC_Late"
"CX3CR1+ NK","pDC","SEMA4D","PLXNB2",0.0026581314231086,0,"SEMA4D_PLXNB2","SEMA4D - PLXNB2","SEMA4","Cell-Cell Contact","PMID: 27533782","PBMC_Late"
"CXCR6+ NK","pDC","SEMA4D","PLXNB2",0.00178364931131024,0,"SEMA4D_PLXNB2","SEMA4D - PLXNB2","SEMA4","Cell-Cell Contact","PMID: 27533782","PBMC_Late"
"Gamma Delta V1 T","pDC","SEMA4D","PLXNB2",0.00513970974981928,0,"SEMA4D_PLXNB2","SEMA4D - PLXNB2","SEMA4","Cell-Cell Contact","PMID: 27533782","PBMC_Late"
"Gamma Delta V2 T","pDC","SEMA4D","PLXNB2",0.00463050604339544,0,"SEMA4D_PLXNB2","SEMA4D - PLXNB2","SEMA4","Cell-Cell Contact","PMID: 27533782","PBMC_Late"
"HSC_MPP","pDC","SEMA4D","PLXNB2",0.00107251748168896,0,"SEMA4D_PLXNB2","SEMA4D - PLXNB2","SEMA4","Cell-Cell Contact","PMID: 27533782","PBMC_Late"
"ILC2/3","pDC","SEMA4D","PLXNB2",0.000550756823513134,0,"SEMA4D_PLXNB2","SEMA4D - PLXNB2","SEMA4","Cell-Cell Contact","PMID: 27533782","PBMC_Late"
"MEMP","pDC","SEMA4D","PLXNB2",0.00103933790624933,0,"SEMA4D_PLXNB2","SEMA4D - PLXNB2","SEMA4","Cell-Cell Contact","PMID: 27533782","PBMC_Late"
"MEP","pDC","SEMA4D","PLXNB2",0.0025060617964619,0,"SEMA4D_PLXNB2","SEMA4D - PLXNB2","SEMA4","Cell-Cell Contact","PMID: 27533782","PBMC_Late"
"Myeloid-CD177","pDC","SEMA4D","PLXNB2",0.00429162571798573,0,"SEMA4D_PLXNB2","SEMA4D - PLXNB2","SEMA4","Cell-Cell Contact","PMID: 27533782","PBMC_Late"
"Naïve CD4 T","pDC","SEMA4D","PLXNB2",0.00204942821165605,0,"SEMA4D_PLXNB2","SEMA4D - PLXNB2","SEMA4","Cell-Cell Contact","PMID: 27533782","PBMC_Late"
"Naïve CD8 T","pDC","SEMA4D","PLXNB2",0.00224984574020834,0,"SEMA4D_PLXNB2","SEMA4D - PLXNB2","SEMA4","Cell-Cell Contact","PMID: 27533782","PBMC_Late"
"NK T","pDC","SEMA4D","PLXNB2",0.00285979914294668,0,"SEMA4D_PLXNB2","SEMA4D - PLXNB2","SEMA4","Cell-Cell Contact","PMID: 27533782","PBMC_Late"
"pDC","pDC","SEMA4D","PLXNB2",0.00147452764550354,0,"SEMA4D_PLXNB2","SEMA4D - PLXNB2","SEMA4","Cell-Cell Contact","PMID: 27533782","PBMC_Late"
"Pro-B","pDC","SEMA4D","PLXNB2",0.00101890525537725,0,"SEMA4D_PLXNB2","SEMA4D - PLXNB2","SEMA4","Cell-Cell Contact","PMID: 27533782","PBMC_Late"
"Tem","pDC","SEMA4D","PLXNB2",0.00244189780709597,0,"SEMA4D_PLXNB2","SEMA4D - PLXNB2","SEMA4","Cell-Cell Contact","PMID: 27533782","PBMC_Late"
"Th17like_INNATE_T","pDC","SEMA4D","PLXNB2",0.0022801219213999,0,"SEMA4D_PLXNB2","SEMA4D - PLXNB2","SEMA4","Cell-Cell Contact","PMID: 27533782","PBMC_Late"
"Treg","pDC","SEMA4D","PLXNB2",0.0024787017470344,0,"SEMA4D_PLXNB2","SEMA4D - PLXNB2","SEMA4","Cell-Cell Contact","PMID: 27533782","PBMC_Late"
"abTentry","CXCR5- Naïve B","SEMA4D","CD72",0.0198102844708501,0,"SEMA4D_CD72","SEMA4D - CD72","SEMA4","Cell-Cell Contact","PMID: 22325954","PBMC_Late"
"CD14+PPBP+ Monocytes","CXCR5- Naïve B","SEMA4D","CD72",0.0196777931595724,0,"SEMA4D_CD72","SEMA4D - CD72","SEMA4","Cell-Cell Contact","PMID: 22325954","PBMC_Late"
"CD56highCD16low NK","CXCR5- Naïve B","SEMA4D","CD72",0.0194809905917045,0,"SEMA4D_CD72","SEMA4D - CD72","SEMA4","Cell-Cell Contact","PMID: 22325954","PBMC_Late"
"Classical Monocytes","CXCR5- Naïve B","SEMA4D","CD72",0.00777191715589074,0,"SEMA4D_CD72","SEMA4D - CD72","SEMA4","Cell-Cell Contact","PMID: 22325954","PBMC_Late"
"CX3CR1+ NK","CXCR5- Naïve B","SEMA4D","CD72",0.0109114010335402,0,"SEMA4D_CD72","SEMA4D - CD72","SEMA4","Cell-Cell Contact","PMID: 22325954","PBMC_Late"
"CXCR6+ NK","CXCR5- Naïve B","SEMA4D","CD72",0.0073417144153008,0,"SEMA4D_CD72","SEMA4D - CD72","SEMA4","Cell-Cell Contact","PMID: 22325954","PBMC_Late"
"Gamma Delta V1 T","CXCR5- Naïve B","SEMA4D","CD72",0.0209363206571927,0,"SEMA4D_CD72","SEMA4D - CD72","SEMA4","Cell-Cell Contact","PMID: 22325954","PBMC_Late"
"Gamma Delta V2 T","CXCR5- Naïve B","SEMA4D","CD72",0.0188918264201886,0,"SEMA4D_CD72","SEMA4D - CD72","SEMA4","Cell-Cell Contact","PMID: 22325954","PBMC_Late"
"HSC_MPP","CXCR5- Naïve B","SEMA4D","CD72",0.00442443248127483,0,"SEMA4D_CD72","SEMA4D - CD72","SEMA4","Cell-Cell Contact","PMID: 22325954","PBMC_Late"
"ILC2/3","CXCR5- Naïve B","SEMA4D","CD72",0.00227573977064347,0,"SEMA4D_CD72","SEMA4D - CD72","SEMA4","Cell-Cell Contact","PMID: 22325954","PBMC_Late"
"MEMP","CXCR5- Naïve B","SEMA4D","CD72",0.0042880026411541,0,"SEMA4D_CD72","SEMA4D - CD72","SEMA4","Cell-Cell Contact","PMID: 22325954","PBMC_Late"
"MEP","CXCR5- Naïve B","SEMA4D","CD72",0.0102920407598383,0,"SEMA4D_CD72","SEMA4D - CD72","SEMA4","Cell-Cell Contact","PMID: 22325954","PBMC_Late"
"Myeloid-CD177","CXCR5- Naïve B","SEMA4D","CD72",0.0175276201638312,0,"SEMA4D_CD72","SEMA4D - CD72","SEMA4","Cell-Cell Contact","PMID: 22325954","PBMC_Late"
"Naïve CD4 T","CXCR5- Naïve B","SEMA4D","CD72",0.00842869912182164,0,"SEMA4D_CD72","SEMA4D - CD72","SEMA4","Cell-Cell Contact","PMID: 22325954","PBMC_Late"
"Naïve CD8 T","CXCR5- Naïve B","SEMA4D","CD72",0.00924717721148739,0,"SEMA4D_CD72","SEMA4D - CD72","SEMA4","Cell-Cell Contact","PMID: 22325954","PBMC_Late"
"NK T","CXCR5- Naïve B","SEMA4D","CD72",0.0117318640769707,0,"SEMA4D_CD72","SEMA4D - CD72","SEMA4","Cell-Cell Contact","PMID: 22325954","PBMC_Late"
"pDC","CXCR5- Naïve B","SEMA4D","CD72",0.00607519502678263,0,"SEMA4D_CD72","SEMA4D - CD72","SEMA4","Cell-Cell Contact","PMID: 22325954","PBMC_Late"
"Pro-B","CXCR5- Naïve B","SEMA4D","CD72",0.00420397230292285,0,"SEMA4D_CD72","SEMA4D - CD72","SEMA4","Cell-Cell Contact","PMID: 22325954","PBMC_Late"
"Tem","CXCR5- Naïve B","SEMA4D","CD72",0.0100305329403177,0,"SEMA4D_CD72","SEMA4D - CD72","SEMA4","Cell-Cell Contact","PMID: 22325954","PBMC_Late"
"Th17like_INNATE_T","CXCR5- Naïve B","SEMA4D","CD72",0.00937073213727773,0,"SEMA4D_CD72","SEMA4D - CD72","SEMA4","Cell-Cell Contact","PMID: 22325954","PBMC_Late"
"Treg","CXCR5- Naïve B","SEMA4D","CD72",0.0101805444720831,0,"SEMA4D_CD72","SEMA4D - CD72","SEMA4","Cell-Cell Contact","PMID: 22325954","PBMC_Late"
"abTentry","CXCR5+ Naïve B","SEMA4D","CD72",0.00666305959179878,0,"SEMA4D_CD72","SEMA4D - CD72","SEMA4","Cell-Cell Contact","PMID: 22325954","PBMC_Late"
"CD14+PPBP+ Monocytes","CXCR5+ Naïve B","SEMA4D","CD72",0.00661790334148129,0,"SEMA4D_CD72","SEMA4D - CD72","SEMA4","Cell-Cell Contact","PMID: 22325954","PBMC_Late"
"CD56highCD16low NK","CXCR5+ Naïve B","SEMA4D","CD72",0.00655084320746955,0,"SEMA4D_CD72","SEMA4D - CD72","SEMA4","Cell-Cell Contact","PMID: 22325954","PBMC_Late"
"Classical Monocytes","CXCR5+ Naïve B","SEMA4D","CD72",0.00259289926289148,0,"SEMA4D_CD72","SEMA4D - CD72","SEMA4","Cell-Cell Contact","PMID: 22325954","PBMC_Late"
"CX3CR1+ NK","CXCR5+ Naïve B","SEMA4D","CD72",0.00364799857634463,0,"SEMA4D_CD72","SEMA4D - CD72","SEMA4","Cell-Cell Contact","PMID: 22325954","PBMC_Late"
"CXCR6+ NK","CXCR5+ Naïve B","SEMA4D","CD72",0.00244866576490817,0,"SEMA4D_CD72","SEMA4D - CD72","SEMA4","Cell-Cell Contact","PMID: 22325954","PBMC_Late"
"Gamma Delta V1 T","CXCR5+ Naïve B","SEMA4D","CD72",0.00704716729076915,0,"SEMA4D_CD72","SEMA4D - CD72","SEMA4","Cell-Cell Contact","PMID: 22325954","PBMC_Late"
"Gamma Delta V2 T","CXCR5+ Naïve B","SEMA4D","CD72",0.00635019330392827,0,"SEMA4D_CD72","SEMA4D - CD72","SEMA4","Cell-Cell Contact","PMID: 22325954","PBMC_Late"
"HSC_MPP","CXCR5+ Naïve B","SEMA4D","CD72",0.00147278647738648,0,"SEMA4D_CD72","SEMA4D - CD72","SEMA4","Cell-Cell Contact","PMID: 22325954","PBMC_Late"
"ILC2/3","CXCR5+ Naïve B","SEMA4D","CD72",0.000756449536609426,0,"SEMA4D_CD72","SEMA4D - CD72","SEMA4","Cell-Cell Contact","PMID: 22325954","PBMC_Late"
"MEMP","CXCR5+ Naïve B","SEMA4D","CD72",0.00142724180733085,0,"SEMA4D_CD72","SEMA4D - CD72","SEMA4","Cell-Cell Contact","PMID: 22325954","PBMC_Late"
"MEP","CXCR5+ Naïve B","SEMA4D","CD72",0.00343949471756937,0,"SEMA4D_CD72","SEMA4D - CD72","SEMA4","Cell-Cell Contact","PMID: 22325954","PBMC_Late"
"Myeloid-CD177","CXCR5+ Naïve B","SEMA4D","CD72",0.00588620312588709,0,"SEMA4D_CD72","SEMA4D - CD72","SEMA4","Cell-Cell Contact","PMID: 22325954","PBMC_Late"
"Naïve CD4 T","CXCR5+ Naïve B","SEMA4D","CD72",0.00281325849384224,0,"SEMA4D_CD72","SEMA4D - CD72","SEMA4","Cell-Cell Contact","PMID: 22325954","PBMC_Late"
"Naïve CD8 T","CXCR5+ Naïve B","SEMA4D","CD72",0.0030881413086758,0,"SEMA4D_CD72","SEMA4D - CD72","SEMA4","Cell-Cell Contact","PMID: 22325954","PBMC_Late"
"NK T","CXCR5+ Naïve B","SEMA4D","CD72",0.00392447025154313,0,"SEMA4D_CD72","SEMA4D - CD72","SEMA4","Cell-Cell Contact","PMID: 22325954","PBMC_Late"
"pDC","CXCR5+ Naïve B","SEMA4D","CD72",0.00202452481510112,0,"SEMA4D_CD72","SEMA4D - CD72","SEMA4","Cell-Cell Contact","PMID: 22325954","PBMC_Late"
"Pro-B","CXCR5+ Naïve B","SEMA4D","CD72",0.00139919392033687,0,"SEMA4D_CD72","SEMA4D - CD72","SEMA4","Cell-Cell Contact","PMID: 22325954","PBMC_Late"
"Tem","CXCR5+ Naïve B","SEMA4D","CD72",0.00335151186450418,0,"SEMA4D_CD72","SEMA4D - CD72","SEMA4","Cell-Cell Contact","PMID: 22325954","PBMC_Late"
"Th17like_INNATE_T","CXCR5+ Naïve B","SEMA4D","CD72",0.00312966305079352,0,"SEMA4D_CD72","SEMA4D - CD72","SEMA4","Cell-Cell Contact","PMID: 22325954","PBMC_Late"
"Treg","CXCR5+ Naïve B","SEMA4D","CD72",0.00340197862559635,0,"SEMA4D_CD72","SEMA4D - CD72","SEMA4","Cell-Cell Contact","PMID: 22325954","PBMC_Late"
"abTentry","Pro-B","SEMA4D","CD72",0.00247254448853835,0,"SEMA4D_CD72","SEMA4D - CD72","SEMA4","Cell-Cell Contact","PMID: 22325954","PBMC_Late"
"CD14+PPBP+ Monocytes","Pro-B","SEMA4D","CD72",0.002455717587363,0,"SEMA4D_CD72","SEMA4D - CD72","SEMA4","Cell-Cell Contact","PMID: 22325954","PBMC_Late"
"CD56highCD16low NK","Pro-B","SEMA4D","CD72",0.00243073025839473,0,"SEMA4D_CD72","SEMA4D - CD72","SEMA4","Cell-Cell Contact","PMID: 22325954","PBMC_Late"
"Classical Monocytes","Pro-B","SEMA4D","CD72",0.000959706285038503,0.01,"SEMA4D_CD72","SEMA4D - CD72","SEMA4","Cell-Cell Contact","PMID: 22325954","PBMC_Late"
"CX3CR1+ NK","Pro-B","SEMA4D","CD72",0.00135112902527028,0.01,"SEMA4D_CD72","SEMA4D - CD72","SEMA4","Cell-Cell Contact","PMID: 22325954","PBMC_Late"
"CXCR6+ NK","Pro-B","SEMA4D","CD72",0.000906238791677587,0.01,"SEMA4D_CD72","SEMA4D - CD72","SEMA4","Cell-Cell Contact","PMID: 22325954","PBMC_Late"
"Gamma Delta V1 T","Pro-B","SEMA4D","CD72",0.00261571623766843,0,"SEMA4D_CD72","SEMA4D - CD72","SEMA4","Cell-Cell Contact","PMID: 22325954","PBMC_Late"
"Gamma Delta V2 T","Pro-B","SEMA4D","CD72",0.00235597861075948,0,"SEMA4D_CD72","SEMA4D - CD72","SEMA4","Cell-Cell Contact","PMID: 22325954","PBMC_Late"
"HSC_MPP","Pro-B","SEMA4D","CD72",0.000544735135547485,0,"SEMA4D_CD72","SEMA4D - CD72","SEMA4","Cell-Cell Contact","PMID: 22325954","PBMC_Late"
"ILC2/3","Pro-B","SEMA4D","CD72",0.000279659309863056,0.01,"SEMA4D_CD72","SEMA4D - CD72","SEMA4","Cell-Cell Contact","PMID: 22325954","PBMC_Late"
"MEMP","Pro-B","SEMA4D","CD72",0.000527874492544411,0,"SEMA4D_CD72","SEMA4D - CD72","SEMA4","Cell-Cell Contact","PMID: 22325954","PBMC_Late"
"MEP","Pro-B","SEMA4D","CD72",0.00127373649255695,0,"SEMA4D_CD72","SEMA4D - CD72","SEMA4","Cell-Cell Contact","PMID: 22325954","PBMC_Late"
"Myeloid-CD177","Pro-B","SEMA4D","CD72",0.00218319287026173,0,"SEMA4D_CD72","SEMA4D - CD72","SEMA4","Cell-Cell Contact","PMID: 22325954","PBMC_Late"
"Naïve CD4 T","Pro-B","SEMA4D","CD72",0.00104141246981619,0.01,"SEMA4D_CD72","SEMA4D - CD72","SEMA4","Cell-Cell Contact","PMID: 22325954","PBMC_Late"
"Naïve CD8 T","Pro-B","SEMA4D","CD72",0.00114336713903099,0.01,"SEMA4D_CD72","SEMA4D - CD72","SEMA4","Cell-Cell Contact","PMID: 22325954","PBMC_Late"
"NK T","Pro-B","SEMA4D","CD72",0.00145378133079744,0.01,"SEMA4D_CD72","SEMA4D - CD72","SEMA4","Cell-Cell Contact","PMID: 22325954","PBMC_Late"
"pDC","Pro-B","SEMA4D","CD72",0.000749065757320795,0.01,"SEMA4D_CD72","SEMA4D - CD72","SEMA4","Cell-Cell Contact","PMID: 22325954","PBMC_Late"
"Pro-B","Pro-B","SEMA4D","CD72",0.000517491643187866,0,"SEMA4D_CD72","SEMA4D - CD72","SEMA4","Cell-Cell Contact","PMID: 22325954","PBMC_Late"
"Tem","Pro-B","SEMA4D","CD72",0.00124108510496876,0.01,"SEMA4D_CD72","SEMA4D - CD72","SEMA4","Cell-Cell Contact","PMID: 22325954","PBMC_Late"
"Th17like_INNATE_T","Pro-B","SEMA4D","CD72",0.00115877072708197,0,"SEMA4D_CD72","SEMA4D - CD72","SEMA4","Cell-Cell Contact","PMID: 22325954","PBMC_Late"
"Treg","Pro-B","SEMA4D","CD72",0.00125981342145195,0.01,"SEMA4D_CD72","SEMA4D - CD72","SEMA4","Cell-Cell Contact","PMID: 22325954","PBMC_Late"
"Pro-B","pDC","SEMA6A","PLXNA4",0.00341482773135854,0,"SEMA6A_PLXNA4","SEMA6A - PLXNA4","SEMA6","Cell-Cell Contact","PMID: 27533782","PBMC_Late"
"pDC","CD14+PPBP+ Monocytes","SEMA7A","PLXNC1",0.00105896571278382,0,"SEMA7A_PLXNC1","SEMA7A - PLXNC1","SEMA7","Cell-Cell Contact","PMID: 27533782","PBMC_Late"
"pDC","Classical Monocytes","SEMA7A","PLXNC1",0.00114407102349421,0,"SEMA7A_PLXNC1","SEMA7A - PLXNC1","SEMA7","Cell-Cell Contact","PMID: 27533782","PBMC_Late"
"pDC","CXCR6+ NK","SEMA7A","PLXNC1",0.000118670267565504,0,"SEMA7A_PLXNC1","SEMA7A - PLXNC1","SEMA7","Cell-Cell Contact","PMID: 27533782","PBMC_Late"
"pDC","DC2","SEMA7A","PLXNC1",0.000790976375962002,0,"SEMA7A_PLXNC1","SEMA7A - PLXNC1","SEMA7","Cell-Cell Contact","PMID: 27533782","PBMC_Late"
"pDC","HSC_MPP","SEMA7A","PLXNC1",0.000551262776769146,0,"SEMA7A_PLXNC1","SEMA7A - PLXNC1","SEMA7","Cell-Cell Contact","PMID: 27533782","PBMC_Late"
"pDC","MEMP","SEMA7A","PLXNC1",0.00327295446112754,0,"SEMA7A_PLXNC1","SEMA7A - PLXNC1","SEMA7","Cell-Cell Contact","PMID: 27533782","PBMC_Late"
"pDC","MEP","SEMA7A","PLXNC1",0.00139009184906798,0,"SEMA7A_PLXNC1","SEMA7A - PLXNC1","SEMA7","Cell-Cell Contact","PMID: 27533782","PBMC_Late"
"pDC","Myeloid-CD177","SEMA7A","PLXNC1",0.00290012492813773,0,"SEMA7A_PLXNC1","SEMA7A - PLXNC1","SEMA7","Cell-Cell Contact","PMID: 27533782","PBMC_Late"
"pDC","Pro-B","SEMA7A","PLXNC1",0.000589921810592285,0,"SEMA7A_PLXNC1","SEMA7A - PLXNC1","SEMA7","Cell-Cell Contact","PMID: 27533782","PBMC_Late"
"CX3CR1+ NK","MEP","TIGIT","NECTIN2",0.00128810948962825,0,"TIGIT_NECTIN2","TIGIT - NECTIN2","TIGIT","Cell-Cell Contact","PMID: 1313846; PMID:24987108","PBMC_Late"
"CXCR6+ NK","MEP","TIGIT","NECTIN2",0.00112878804057223,0,"TIGIT_NECTIN2","TIGIT - NECTIN2","TIGIT","Cell-Cell Contact","PMID: 1313846; PMID:24987108","PBMC_Late"
"Treg","MEP","TIGIT","NECTIN2",0.00111672577699618,0,"TIGIT_NECTIN2","TIGIT - NECTIN2","TIGIT","Cell-Cell Contact","PMID: 1313846; PMID:24987108","PBMC_Late"
