Gene,C,Z,Pval,FDR,Module,M2
PPBP,0.8460101084091177,4640.372985294769,0.0,0.0,M3-MK,2.0
SOX6,0.7532127289931385,4296.198670772204,0.0,0.0,M1-ERY,1.0
SLC26A3,0.5488022989364808,4241.0356199900725,0.0,0.0,M7-Tcell,14.0
NRGN,0.8588492093643016,4115.877390954736,0.0,0.0,M3-MK,2.0
RGS6,0.5907344391604453,3525.2085567190697,0.0,0.0,M1-ERY,1.0
XPO7,0.748272959018832,3150.339561651303,0.0,0.0,M1-ERY,1.0
TSPAN5,0.6813255162731603,3127.369463718413,0.0,0.0,M1-ERY,1.0
NKG7,0.8921194515932708,2910.9196214032327,0.0,0.0,M6-NK,3.0
SPARC,0.6518714801903267,2840.5454160301247,0.0,0.0,M3-MK,2.0
TUBB1,0.7455538593696419,2765.9034462333634,0.0,0.0,M3-MK,2.0
MYL9,0.5949047490644146,2652.7462268245554,0.0,0.0,M3-MK,2.0
MARCH3,0.691414194732173,2650.928389996676,0.0,0.0,M1-ERY,1.0
RAPGEF2,0.6909168371758067,2636.0639319194465,0.0,0.0,M1-ERY,1.0
GNG11,0.7436679748327826,2628.06618838883,0.0,0.0,M3-MK,2.0
PF4,0.7280639492844234,2545.188761551367,0.0,0.0,M3-MK,2.0
CST7,0.7696750582549037,2448.4096053818935,0.0,0.0,M6-NK,3.0
SPTA1,0.710199806801575,2427.4663269950556,0.0,0.0,M1-ERY,1.0
HECTD4,0.6809569544130991,2374.9374918487156,0.0,0.0,M1-ERY,1.0
ACRBP,0.6917889213271488,2315.496777714206,0.0,0.0,M3-MK,2.0
IL1R2,0.3956671213509478,2297.261535273781,0.0,0.0,M2-Mono,5.0
GP9,0.7257844350430266,2272.4649782387282,0.0,0.0,M3-MK,2.0
CCL5,0.608110053412743,2240.151025285171,0.0,0.0,M6-NK,3.0
CPEB4,0.6003250612232514,2220.1182932965626,0.0,0.0,M1-ERY,1.0
ABCC4,0.553177710269282,2192.2615217079997,0.0,0.0,M1-ERY,1.0
CLU,0.6186128810899115,2163.7888887039117,0.0,0.0,M3-MK,2.0
MCTP2,0.6649099961538847,2158.509899987481,0.0,0.0,M2-Mono,5.0
PRF1,0.7168125911090336,2151.752011881499,0.0,0.0,M6-NK,3.0
CAVIN2,0.706409887009886,2131.340693470659,0.0,0.0,M3-MK,2.0
GP1BB,0.7051926552927699,2111.0944517059456,0.0,0.0,M3-MK,2.0
AC079804.3,0.5104011356276318,2108.865546097071,0.0,0.0,M1-ERY,1.0
MGAM,0.5293210661230278,2083.968577912564,0.0,0.0,M2-Mono,5.0
ANK1,0.7040931401929936,2024.056576881326,0.0,0.0,M1-ERY,1.0
MAN1A1,0.6710821517718973,2021.911273978291,0.0,0.0,M1-ERY,1.0
SPON2,0.6297991315395202,1994.4612499700997,0.0,0.0,M6-NK,3.0
SLC22A23,0.5591612931986562,1978.1353476491088,0.0,0.0,M1-ERY,1.0
ACSL1,0.6465228868996379,1943.2275398802324,0.0,0.0,M2-Mono,5.0
ARHGEF12,0.5564189995106522,1939.9800138461444,0.0,0.0,M1-ERY,1.0
FGFBP2,0.5804795884721295,1933.5104967533066,0.0,0.0,M6-NK,3.0
RGS18,0.5700210663907136,1929.089150231351,0.0,0.0,M3-MK,2.0
ALPL,0.3730098396981753,1895.4170835100851,0.0,0.0,M2-Mono,5.0
KLRB1,0.6499521051079395,1894.4332486979204,0.0,0.0,M6-NK,3.0
WDFY3,0.5944518393740102,1894.3238334367213,0.0,0.0,M2-Mono,5.0
GZMB,0.7111551691912165,1873.778999239224,0.0,0.0,M6-NK,3.0
GNLY,0.6088126794332548,1855.535535007519,0.0,0.0,M6-NK,3.0
MPIG6B,0.6423506900678057,1847.1780074058106,0.0,0.0,M3-MK,2.0
AC069410.1,0.4827852473315609,1835.382898832669,0.0,0.0,M1-ERY,1.0
KCNJ15,0.40503376584607587,1785.3921938095407,0.0,0.0,M2-Mono,5.0
TSC22D1,0.6248050379633666,1770.5453481597324,0.0,0.0,M3-MK,2.0
GYPE,0.5785293127369303,1765.6596750590693,0.0,0.0,M1-ERY,1.0
CTSW,0.7229969164439208,1744.1496648912223,0.0,0.0,M6-NK,3.0
DYSF,0.6014513074584288,1736.2293588101124,0.0,0.0,M2-Mono,5.0
SLC25A37,0.8471934232617168,1717.5737300991595,0.0,0.0,M1-ERY,4.0
SLC2A1,0.5812731929918901,1694.6231418112961,0.0,0.0,M1-ERY,1.0
TMCC2,0.6379920269535968,1676.668536922873,0.0,0.0,M1-ERY,4.0
CLIC3,0.5839229482089064,1646.8313115802898,0.0,0.0,M6-NK,3.0
TMEM40,0.5777263543467156,1635.5400589674273,0.0,0.0,M3-MK,2.0
MACO1,0.5412813302244266,1618.7454420475085,0.0,0.0,M1-ERY,1.0
PF4V1,0.41562325840382447,1617.212907476674,0.0,0.0,M3-MK,2.0
GZMA,0.6273790086355555,1611.9137436674946,0.0,0.0,M6-NK,3.0
NAMPT,0.7454373423349943,1594.485867464372,0.0,0.0,M2-Mono,5.0
KLRD1,0.6334266260960945,1593.9844670206646,0.0,0.0,M6-NK,3.0
SLC4A1,0.7625734313595703,1584.7465767861695,0.0,0.0,M1-ERY,4.0
TREML1,0.5900822761301946,1578.9502155063024,0.0,0.0,M3-MK,2.0
SPECC1,0.5946366073164503,1566.8645669521484,0.0,0.0,M1-ERY,1.0
NEAT1,0.6072491321660022,1538.1036730704177,0.0,0.0,M2-Mono,5.0
TRPM6,0.2803070096701827,1527.555283498308,0.0,0.0,M2-Mono,5.0
FHDC1,0.5103831040499822,1514.4796400031862,0.0,0.0,M1-ERY,1.0
ITGA2B,0.5870634643384064,1511.1139936423717,0.0,0.0,M3-MK,2.0
TRAK2,0.5866418338370483,1486.6660261672369,0.0,0.0,M1-ERY,1.0
PTCRA,0.5591687197263497,1458.9317570455414,0.0,0.0,M3-MK,2.0
PRKAR2B,0.7091131182421837,1454.80241806424,0.0,0.0,M3-MK,2.0
PPME1,0.5513599441154896,1452.8438563378731,0.0,0.0,M1-ERY,1.0
SNCA,0.8156287978716192,1441.0562735023937,0.0,0.0,M1-ERY,4.0
HIST1H2AC,0.5683785266419721,1425.176442662568,0.0,0.0,M3-MK,2.0
SGMS1,0.4949445929037073,1380.5318991344973,0.0,0.0,M1-ERY,1.0
NCOA4,0.7429354147475574,1375.246756341947,0.0,0.0,M1-ERY,4.0
HOPX,0.5694147783488521,1372.4349546846515,0.0,0.0,M6-NK,3.0
KLRF1,0.5337356307033486,1354.3957798540446,0.0,0.0,M6-NK,3.0
UBE2H,0.5680916588705625,1344.7996742997752,0.0,0.0,M1-ERY,1.0
ARHGAP26,0.6386736822689136,1338.2235020693818,0.0,0.0,M2-Mono,5.0
GCLC,0.5355116987658276,1335.2020996361878,0.0,0.0,M1-ERY,1.0
GZMH,0.4526346572782687,1313.9780877591945,0.0,0.0,M6-NK,3.0
ARHGAP15,0.550408491537819,1300.2380787239601,0.0,0.0,M2-Mono,5.0
RIPOR3,0.41614166605017605,1275.6553697287968,0.0,0.0,M1-ERY,1.0
S1PR5,0.5152823233250577,1272.4795868686967,0.0,0.0,M6-NK,3.0
RHAG,0.6753481652389376,1260.7484469495446,0.0,0.0,M1-ERY,1.0
AP001189.1,0.43623668780956787,1255.058441112762,0.0,0.0,M3-MK,2.0
CSF3R,0.6227352742050807,1253.8571504908612,0.0,0.0,M2-Mono,5.0
RNF19A,0.5293757583058546,1252.2199747115735,0.0,0.0,M1-ERY,1.0
TRIM58,0.764763155499392,1245.7345776962986,0.0,0.0,M1-ERY,4.0
TCL1A,0.6942143909062918,1237.9209717908636,0.0,0.0,M5-Bcell,8.0
PROK2,0.47340459577033384,1236.3392511027641,0.0,0.0,M2-Mono,5.0
MARCH8,0.5298785000034784,1232.5831533986964,0.0,0.0,M1-ERY,1.0
CD79A,0.7811249135570375,1225.7486545921706,0.0,0.0,M5-Bcell,8.0
DNAJC6,0.4602554034619882,1222.2371465555366,0.0,0.0,M1-ERY,1.0
DENND4A,0.5351769257050341,1214.4846304600107,0.0,0.0,M1-ERY,1.0
LAIR2,0.42258723905193757,1213.4185796722415,0.0,0.0,M6-NK,3.0
SORL1,0.5152353138150696,1185.196769776233,0.0,0.0,M2-Mono,5.0
RBM47,0.5594020704209958,1181.2655635682895,0.0,0.0,M2-Mono,5.0
ESAM,0.4817936061058082,1179.9940829045406,0.0,0.0,M3-MK,2.0
IFITM1,0.6578269819257148,1179.8403211665006,0.0,0.0,M6-NK,3.0
ARL4A,0.6031619648121349,1169.018824510285,0.0,0.0,M1-ERY,4.0
ALAS2,0.8770401990157111,1158.3415501224076,0.0,0.0,M1-ERY,4.0
GYPA,0.7008152720961862,1158.0889547355423,0.0,0.0,M1-ERY,4.0
FECH,0.6403897339487872,1156.8763371037287,0.0,0.0,M1-ERY,4.0
DUSP2,0.5094158453374275,1139.7021089870605,0.0,0.0,M6-NK,3.0
UBB,0.7756442580411551,1136.033764357492,0.0,0.0,M1-ERY,4.0
MYOM2,0.42996922038696117,1135.7669494091645,0.0,0.0,M6-NK,3.0
CD247,0.5562640090558787,1125.1332977415248,0.0,0.0,M6-NK,3.0
BNIP3L,0.73721412680206,1113.8500280562967,0.0,0.0,M1-ERY,4.0
BPGM,0.767578071956677,1111.7177822248748,0.0,0.0,M1-ERY,4.0
MOB1B,0.5115667332318041,1107.47723714938,0.0,0.0,M1-ERY,1.0
KLRC1,0.44053273550144667,1106.0689931530476,0.0,0.0,M6-NK,3.0
PRDM5,0.28227486209933544,1104.1184809541692,0.0,0.0,M2-Mono,5.0
MMP9,0.24203262962798486,1096.2391081071512,0.0,0.0,M2-Mono,6.0
CMTM5,0.4917827923297466,1086.7637194599365,0.0,0.0,M3-MK,2.0
NIBAN1,0.4627917977805391,1083.2641668577176,0.0,0.0,M2-Mono,5.0
CD79B,0.6536288438358429,1083.2605539726574,0.0,0.0,M5-Bcell,8.0
ITGB3,0.5008135772298533,1081.758168766403,0.0,0.0,M3-MK,2.0
IL1RAP,0.4915378795124718,1080.6411279059603,0.0,0.0,M2-Mono,5.0
CD160,0.4414052419332346,1077.4814613249093,0.0,0.0,M6-NK,3.0
CD177,0.33858965930050283,1077.0566697857216,0.0,0.0,M2-Mono,6.0
CMC1,0.48167971237973783,1074.4925313038407,0.0,0.0,M6-NK,3.0
SLC25A39,0.7795252665028316,1072.4350024269481,0.0,0.0,M1-ERY,4.0
GYPB,0.6579642707324778,1070.1177804069255,0.0,0.0,M1-ERY,4.0
CLEC1B,0.41812676035683843,1067.2114697883878,0.0,0.0,M3-MK,2.0
HERC1,0.4826932348386593,1060.8373423694425,0.0,0.0,M1-ERY,1.0
ADGRG3,0.36707479678150284,1059.816190333089,0.0,0.0,M2-Mono,5.0
BSG,0.652703743407945,1057.8436964438424,0.0,0.0,M1-ERY,4.0
SH2D1B,0.4434891298185368,1054.8675925414332,0.0,0.0,M6-NK,3.0
NRXN3,0.1433151961341752,1047.2540212811887,0.0,0.0,M1-ERY,1.0
OAZ1,0.6738591652757692,1038.7868731971932,0.0,0.0,M3-MK,2.0
TFRC,0.6177559858773453,1037.8051217108566,0.0,0.0,M1-ERY,1.0
GZMK,0.45377452762778686,1025.7107675134725,0.0,0.0,M6-NK,3.0
EPHB1,0.31672807630387695,1024.6875662892137,0.0,0.0,M2-Mono,6.0
CTSA,0.5123903338227221,1023.421654061798,0.0,0.0,M3-MK,2.0
AC114752.2,0.35478387415678037,1022.7147816592136,0.0,0.0,M3-MK,2.0
EPB42,0.6396262773793305,1020.9442233764996,0.0,0.0,M1-ERY,4.0
FNDC3B,0.5063762364094673,1013.3031190153255,0.0,0.0,M2-Mono,5.0
SELENBP1,0.7602902750494667,1011.0401310240047,0.0,0.0,M1-ERY,4.0
MAP3K7CL,0.39517399428073213,1002.8221020190662,0.0,0.0,M3-MK,2.0
TOP1,0.5026277719979889,1000.9999825854471,0.0,0.0,M1-ERY,1.0
BMP2K,0.48443106950611037,996.0631832571877,0.0,0.0,M1-ERY,1.0
CAMK4,0.6059822620465619,995.1123112710584,0.0,0.0,M7-Tcell,11.0
HMBS,0.6723259823551812,995.102247985451,0.0,0.0,M1-ERY,4.0
ZFP36,0.56043541868785,991.1992652915366,0.0,0.0,M6-NK,3.0
BLVRB,0.8085152456052785,986.7594623081276,0.0,0.0,M1-ERY,4.0
MS4A1,0.7398816775133183,975.1388032739198,0.0,0.0,M5-Bcell,8.0
DPYD,0.6138224091277806,973.5910388927102,0.0,0.0,M2-Mono,7.0
HIST1H3H,0.3673492758113095,968.842582662329,0.0,0.0,M3-MK,2.0
DCAF12,0.6982808915527411,968.7390509418417,0.0,0.0,M1-ERY,4.0
S100A6,0.8315206609016954,968.5451873213452,0.0,0.0,M2-Mono,6.0
FCRL1,0.6034086624942347,967.6847542383211,0.0,0.0,M5-Bcell,8.0
C19orf33,0.38070219081375667,966.5550062847312,0.0,0.0,M3-MK,2.0
CR1L,0.48221890587440713,965.9470209316889,0.0,0.0,M1-ERY,1.0
IL2RB,0.4566800326754679,965.5862385271619,0.0,0.0,M6-NK,3.0
TYROBP,0.8171019242145424,964.5542018138899,0.0,0.0,M2-Mono,6.0
UBR2,0.4627565982789279,950.9408999198236,0.0,0.0,M1-ERY,1.0
AFF3,0.6500012267059165,950.7334608474491,0.0,0.0,M5-Bcell,8.0
S100A4,0.817638725349682,945.7273576677213,0.0,0.0,M2-Mono,6.0
ST6GALNAC3,0.4012149623489541,944.9850911787059,0.0,0.0,M2-Mono,5.0
MMD,0.44888001825095714,942.2197240489351,0.0,0.0,M3-MK,2.0
SIPA1L2,0.32231392102957984,942.0939530953918,0.0,0.0,M2-Mono,5.0
AHSP,0.8330480116147673,941.1035420096588,0.0,0.0,M1-ERY,4.0
TBX21,0.42640781484189905,940.3978183935392,0.0,0.0,M6-NK,3.0
BCL2L1,0.6227255818240728,933.9852241406053,0.0,0.0,M1-ERY,4.0
ANKRD9,0.4513892964629505,932.960182818143,0.0,0.0,M1-ERY,4.0
C2orf88,0.45400362184284176,930.828600495659,0.0,0.0,M3-MK,2.0
CA8,0.3863910165591846,928.1887521401171,0.0,0.0,M1-ERY,1.0
FOXO3,0.46248781332038585,927.7953739527292,0.0,0.0,M1-ERY,1.0
BANK1,0.6854625463624363,919.746298757958,0.0,0.0,M5-Bcell,8.0
LINGO2,0.3632123339627235,918.4363823126994,0.0,0.0,M6-NK,3.0
CCL4,0.32220590045697656,917.2935899914612,0.0,0.0,M6-NK,3.0
IL18RAP,0.34293787099808537,915.7712771014458,0.0,0.0,M6-NK,3.0
GZMM,0.5019330231659176,914.5237989552463,0.0,0.0,M6-NK,3.0
TENT5C,0.6249958513712324,914.0009738426957,0.0,0.0,M1-ERY,4.0
LYN,0.5719736381830035,905.4224246547374,0.0,0.0,M2-Mono,5.0
AL159156.1,0.19919592369248443,902.2857376821914,0.0,0.0,M1-ERY,1.0
IL7R,0.6056277264940149,901.4633266665834,0.0,0.0,M7-Tcell,11.0
TUBA4A,0.4547299158758462,896.8381397555207,0.0,0.0,M3-MK,2.0
IGLC3,0.592720884512487,895.6567189829486,0.0,0.0,M5-Bcell,8.0
STRADB,0.5906177079891705,885.8319557598094,0.0,0.0,M1-ERY,4.0
LIMK2,0.38097675823815746,885.8099422629659,0.0,0.0,M2-Mono,5.0
SLC8A1,0.5020131165552342,879.6327260028652,0.0,0.0,M2-Mono,7.0
IGF1R,0.3563379826036681,878.1337290605466,0.0,0.0,M2-Mono,5.0
AQP9,0.49701951097771596,877.6630562738573,0.0,0.0,M2-Mono,5.0
XCL2,0.44821212917723413,874.9940831277445,0.0,0.0,M6-NK,3.0
NCEH1,0.41929724542988384,873.6057062973262,0.0,0.0,M1-ERY,1.0
NAIP,0.5083869840877707,872.4051664955599,0.0,0.0,M2-Mono,5.0
CD8B,0.6936017582259183,870.6235916185951,0.0,0.0,M7-Tcell,11.0
AC107223.1,0.4850529568666038,870.3154935434706,0.0,0.0,M1-ERY,1.0
IFITM2,0.589516166600735,869.4838696466024,0.0,0.0,M6-NK,3.0
PRKCH,0.4798548694211029,867.6674689962969,0.0,0.0,M7-Tcell,11.0
LINC02506,0.25283818968297866,867.5527615517204,0.0,0.0,M1-ERY,1.0
GMPR,0.5414770286789309,865.8792976826376,0.0,0.0,M1-ERY,4.0
VPREB3,0.534008599890508,865.4176013689984,0.0,0.0,M5-Bcell,8.0
HEMGN,0.5624406061329911,863.7854782159799,0.0,0.0,M1-ERY,4.0
ADGRG1,0.3866969772877901,863.7720600870467,0.0,0.0,M6-NK,3.0
PYHIN1,0.41261648074725016,860.1376147380696,0.0,0.0,M6-NK,3.0
VCAN,0.7450761995387921,855.984287196285,0.0,0.0,M2-Mono,7.0
FAM210B,0.6470289263836254,855.7607597229073,0.0,0.0,M1-ERY,4.0
PCDH9,0.484609193251026,855.7000683314869,0.0,0.0,M5-Bcell,8.0
FCGR3B,0.37788175492399784,854.7273131154528,0.0,0.0,M2-Mono,6.0
SYTL3,0.4208822663547667,851.5608295069302,0.0,0.0,M6-NK,3.0
TBCEL,0.39133744811670995,850.5057912638398,0.0,0.0,M1-ERY,1.0
BACH2,0.5342186430154372,849.7985953132487,0.0,0.0,M5-Bcell,8.0
IL32,0.4818261906416357,849.4257793621823,0.0,0.0,M7-Tcell,11.0
RUNX3,0.44773202551309804,846.126880352673,0.0,0.0,M6-NK,3.0
IGHM,0.6309130028831588,839.8984851058301,0.0,0.0,M5-Bcell,8.0
BCL2,0.4276320359387221,838.1474395792991,0.0,0.0,M7-Tcell,11.0
VPS13B,0.4180643333069756,835.8431038747178,0.0,0.0,M1-ERY,1.0
MPP1,0.5723346548823977,832.1017778553789,0.0,0.0,M1-ERY,4.0
S100A11,0.7651989097325274,828.7193545647636,0.0,0.0,M2-Mono,6.0
TTC38,0.3842018658076574,822.5768064637631,0.0,0.0,M6-NK,3.0
APMAP,0.4193627986424873,821.0850767616777,0.0,0.0,M6-NK,3.0
WNK1,0.4279893708954319,820.9588616873374,0.0,0.0,M1-ERY,1.0
CTSS,0.7375903009383286,819.3081496659091,0.0,0.0,M2-Mono,6.0
SIPA1L1,0.5441811281537788,816.0731695676177,0.0,0.0,M2-Mono,7.0
HLA-DRA,0.8327327637145188,815.2515101165192,0.0,0.0,M5-Bcell,8.0
AC147651.1,0.34116144210299604,814.7513131089455,0.0,0.0,M3-MK,2.0
STAM,0.3769670684322493,812.641560832187,0.0,0.0,M1-ERY,1.0
PFKFB3,0.33700201037828176,809.1915316316359,0.0,0.0,M2-Mono,5.0
MAPK14,0.4030968564412416,807.8400005036232,0.0,0.0,M2-Mono,5.0
LTB,0.5462123581725838,807.4826204024879,0.0,0.0,M7-Tcell,11.0
FCGR3A,0.654203336299843,806.6945439092032,0.0,0.0,M6-NK,3.0
XCL1,0.41648256906682285,805.3915634394847,0.0,0.0,M6-NK,3.0
FCRL6,0.3675884194672942,803.5224369665785,0.0,0.0,M6-NK,3.0
MATK,0.4359738612016457,801.1933430646169,0.0,0.0,M6-NK,3.0
SH3BGRL3,0.6554508060755097,800.9467086757994,0.0,0.0,M2-Mono,6.0
SRGN,0.6987931887162812,800.0454258583485,0.0,0.0,M6-NK,3.0
IRAK3,0.5521549429544077,794.7904470977803,0.0,0.0,M2-Mono,7.0
STAT4,0.4085474407951161,794.7513120359565,0.0,0.0,M6-NK,3.0
PTGS1,0.3945681053730281,794.7269519818242,0.0,0.0,M3-MK,2.0
RHCE,0.4075465950385341,793.2234315913188,0.0,0.0,M1-ERY,1.0
STOM,0.45235328510936856,792.7799685664978,0.0,0.0,M1-ERY,4.0
HBQ1,0.5563691330607753,783.0930229056457,0.0,0.0,M1-ERY,4.0
ANXA3,0.392899318178201,780.8424797389453,0.0,0.0,M2-Mono,5.0
LYZ,0.8313139406761417,777.8770103475863,0.0,0.0,M2-Mono,6.0
KLRK1,0.4497957285468604,775.4981594862701,0.0,0.0,M6-NK,3.0
S100A10,0.6429455956760394,768.9561301009193,0.0,0.0,M2-Mono,6.0
SH2D2A,0.3846784605190915,767.6519082579483,0.0,0.0,M6-NK,3.0
LINC00926,0.503708026591897,765.972167954122,0.0,0.0,M5-Bcell,8.0
LST1,0.7212127435123521,765.8240902636147,0.0,0.0,M2-Mono,6.0
ADIPOR1,0.5350900607823394,765.4295786406617,0.0,0.0,M1-ERY,4.0
PLXDC2,0.5953968875746836,764.9998248976557,0.0,0.0,M2-Mono,7.0
IGLC1,0.3917098984536449,762.7953833108576,0.0,0.0,M5-Bcell,8.0
BCL11B,0.44008544338333555,762.5958205794965,0.0,0.0,M7-Tcell,11.0
EFHD2,0.5109536495016864,759.6539220595158,0.0,0.0,M6-NK,3.0
PDGFA,0.3947503114692692,759.4138380029141,0.0,0.0,M3-MK,2.0
CR1,0.3912883612249429,757.7744850162724,0.0,0.0,M2-Mono,5.0
CDC27,0.4179234911712092,756.1768640004276,0.0,0.0,M1-ERY,1.0
AOAH,0.48394331390359935,755.6810335960356,0.0,0.0,M6-NK,3.0
RHD,0.5062714393707582,751.3787692279212,0.0,0.0,M1-ERY,1.0
PTGDR,0.3530150446855026,750.1030670327806,0.0,0.0,M6-NK,3.0
FCAR,0.44483082074947033,749.3736357825873,0.0,0.0,M2-Mono,5.0
FCRLA,0.5254887616507286,747.7575235308519,0.0,0.0,M5-Bcell,8.0
RALGPS2,0.5955778774266215,747.3953089882261,0.0,0.0,M5-Bcell,8.0
MYL4,0.6050911891638967,747.3948927343018,0.0,0.0,M1-ERY,4.0
TGFB1,0.43212653015604763,742.7766712405684,0.0,0.0,M3-MK,2.0
ASAP1,0.4104210907276499,741.2003841862597,0.0,0.0,M2-Mono,7.0
AIF1,0.6833687569000803,740.9386647516744,0.0,0.0,M2-Mono,6.0
TCF7,0.5202552657005833,739.7774410082317,0.0,0.0,M7-Tcell,11.0
PIM1,0.4624001371580311,739.5127767124466,0.0,0.0,M1-ERY,4.0
FCER1G,0.6965563079149393,738.5012241886748,0.0,0.0,M6-NK,3.0
TSPO,0.7251695810987979,738.4734101108166,0.0,0.0,M2-Mono,6.0
MICAL3,0.3792990590765221,737.9352035950715,0.0,0.0,M1-ERY,1.0
LINC00989,0.2858682939559698,737.3848795860706,0.0,0.0,M3-MK,2.0
GAB2,0.4843857703818959,734.7846599086122,0.0,0.0,M2-Mono,7.0
CX3CR1,0.434625099545967,732.4738716186982,0.0,0.0,M6-NK,3.0
SLC11A1,0.5582179899897506,731.9216869878798,0.0,0.0,M2-Mono,7.0
XPO6,0.3508955840461241,729.538670686333,0.0,0.0,M2-Mono,5.0
SH3BGRL2,0.3005648291310804,726.191936198109,0.0,0.0,M3-MK,2.0
SMIM5,0.35272434672863967,724.9150708423713,0.0,0.0,M3-MK,2.0
MNDA,0.6978388137109504,724.8675939542218,0.0,0.0,M2-Mono,6.0
CLDN5,0.294190207692739,724.206723049688,0.0,0.0,M3-MK,2.0
PHOSPHO1,0.5804795526744267,719.2511631911643,0.0,0.0,M1-ERY,4.0
LY6G6F,0.3863113248966032,717.5807254586235,0.0,0.0,M3-MK,2.0
F13A1,0.48006758031227276,716.3748600981611,0.0,0.0,M3-MK,2.0
TNFSF4,0.3194197818642119,716.1260323675119,0.0,0.0,M3-MK,9.0
FCN1,0.7218116026748312,714.0758163184897,0.0,0.0,M2-Mono,6.0
WDR26,0.3687213318691546,710.7537108684643,0.0,0.0,M1-ERY,1.0
LIMS1,0.5169470444283626,710.1212106548377,0.0,0.0,M3-MK,2.0
SORBS1,0.2956841499785476,709.3060734344737,0.0,0.0,M1-ERY,1.0
VCL,0.4362473460184826,709.2276897121569,0.0,0.0,M3-MK,2.0
TRDC,0.4260839730324411,706.4294090351686,0.0,0.0,M6-NK,3.0
NIBAN3,0.5688774083206694,703.2436750640438,0.0,0.0,M5-Bcell,8.0
ALOX12,0.37781582452495566,702.8011136742145,0.0,0.0,M3-MK,2.0
TGFBR3,0.32119052154271516,701.0718975355123,0.0,0.0,M6-NK,3.0
MKRN1,0.5180915306831817,700.1531301287497,0.0,0.0,M1-ERY,4.0
SPI1,0.6422902107746075,698.2620161774987,0.0,0.0,M2-Mono,6.0
P2RY12,0.3112403938128747,696.2255516318356,0.0,0.0,M3-MK,2.0
PRSS23,0.2963712031901297,694.5006431297388,0.0,0.0,M6-NK,3.0
PICALM,0.44612578402747316,693.9692074126507,0.0,0.0,M2-Mono,7.0
IFI30,0.7455245193664706,693.2737699348645,0.0,0.0,M2-Mono,6.0
TRBC1,0.35335150450319125,690.4197224935145,0.0,0.0,M6-NK,3.0
TMEM131L,0.36249269704135195,689.9721249818848,0.0,0.0,M1-ERY,1.0
CEMIP2,0.36952759395233237,689.6798969225335,0.0,0.0,M6-NK,3.0
MAML2,0.3897581551552617,687.3487472766586,0.0,0.0,M7-Tcell,11.0
C1orf21,0.34744802974353634,687.299049519498,0.0,0.0,M6-NK,3.0
CD8A,0.5389864845938895,685.6728337294361,0.0,0.0,M7-Tcell,11.0
PGRMC1,0.3552255394432607,682.5437324088949,0.0,0.0,M3-MK,2.0
CNST,0.4151505921551562,682.1711037332113,0.0,0.0,M3-MK,9.0
RELN,0.11387868595104537,681.6194121503845,0.0,0.0,M1-ERY,1.0
MAP3K8,0.45440517997359764,679.7726760833455,0.0,0.0,M6-NK,3.0
LINC00299,0.30529669874059345,676.6822831726087,0.0,0.0,M6-NK,3.0
ATG14,0.3522560354389032,675.401706903088,0.0,0.0,M1-ERY,1.0
SAT1,0.6305321128783791,674.9658482003999,0.0,0.0,M2-Mono,6.0
LGALS2,0.6016630725528582,674.4741131619227,0.0,0.0,M2-Mono,6.0
GPCPD1,0.3760216708815581,672.0091551237308,0.0,0.0,M1-ERY,1.0
PTEN,0.3700612390623593,670.1942695702777,0.0,0.0,M2-Mono,5.0
MAML3,0.3525916298128889,667.2212078567824,0.0,0.0,M2-Mono,5.0
BEX3,0.4294898154194856,666.4275960015688,0.0,0.0,M3-MK,2.0
EBF1,0.51700966782511,665.9373377605634,0.0,0.0,M5-Bcell,8.0
HLA-DPB1,0.7592460048581684,665.4231580291653,0.0,0.0,M5-Bcell,8.0
RGS10,0.4291487509894516,664.7935026314277,0.0,0.0,M3-MK,2.0
FOS,0.6535177213139108,663.1108404520453,0.0,0.0,M2-Mono,6.0
G0S2,0.5416082841587638,663.0495621590966,0.0,0.0,M2-Mono,6.0
LINC02446,0.545875046647447,662.7678741594522,0.0,0.0,M7-Tcell,11.0
MAL,0.408605501627406,659.5262712206799,0.0,0.0,M7-Tcell,11.0
RNF149,0.45833890141293404,659.2750631710719,0.0,0.0,M2-Mono,7.0
DOCK5,0.41892880305058905,657.5020481940461,0.0,0.0,M2-Mono,7.0
CSTA,0.5997386239792895,655.519087404873,0.0,0.0,M2-Mono,6.0
DUSP1,0.5992962053850708,654.0586730898117,0.0,0.0,M2-Mono,6.0
TSPO2,0.3826078500979899,653.6143664830253,0.0,0.0,M1-ERY,4.0
IGHD,0.4435683113594572,653.5405208052579,0.0,0.0,M5-Bcell,8.0
CCL3,0.305513019217352,653.2339561408503,0.0,0.0,M6-NK,3.0
IFIT1B,0.5000402820109832,652.0997333974019,0.0,0.0,M1-ERY,4.0
ERMAP,0.358767039065098,648.6418320472113,0.0,0.0,M1-ERY,1.0
PLD4,0.5570992912565845,648.148239711936,0.0,0.0,M5-Bcell,12.0
PNP,0.45170976980017624,647.1526351123507,0.0,0.0,M1-ERY,4.0
SPIB,0.45734199257270114,644.0824645158676,0.0,0.0,M5-Bcell,8.0
IGLC2,0.4898008172541346,643.9096628655655,0.0,0.0,M5-Bcell,8.0
ART4,0.3434822930337262,642.4502468760486,0.0,0.0,M1-ERY,1.0
TLN1,0.45792786157159343,641.5973312595984,0.0,0.0,M3-MK,2.0
KLRC2,0.3225836311763677,641.3267549001678,0.0,0.0,M6-NK,3.0
THEMIS,0.4586542936494944,641.0095765762899,0.0,0.0,M7-Tcell,11.0
SYNE1,0.3309767774886645,640.8693486097601,0.0,0.0,M6-NK,3.0
ARHGAP24,0.42278740946115656,639.8470312938655,0.0,0.0,M2-Mono,5.0
COL19A1,0.471149330769721,639.1092684630476,0.0,0.0,M5-Bcell,8.0
KLHL2,0.3383301193881224,638.9628087970001,0.0,0.0,M2-Mono,5.0
PDE3B,0.4112368572177004,638.8681326355323,0.0,0.0,M7-Tcell,11.0
SERPINA1,0.6620490187840975,638.596165037389,0.0,0.0,M2-Mono,6.0
MS4A6A,0.593493924361645,638.5065556280994,0.0,0.0,M2-Mono,6.0
LRRK2,0.49496401860489797,637.3108864424172,0.0,0.0,M2-Mono,7.0
SAMSN1,0.551228838439387,635.3116621366028,0.0,0.0,M2-Mono,5.0
METRNL,0.3816825458898837,634.4157150635501,0.0,0.0,M6-NK,3.0
KIF1B,0.33161113052782737,634.3617824229127,0.0,0.0,M2-Mono,5.0
AP003068.2,0.29531867457294186,634.2466126722887,0.0,0.0,M3-MK,2.0
KIR2DL3,0.25025471210807454,633.3733981400168,0.0,0.0,M6-NK,3.0
ACSL6,0.33209064604578376,632.5616217956253,0.0,0.0,M1-ERY,1.0
PTPRJ,0.34979018436237846,632.2415809842673,0.0,0.0,M2-Mono,5.0
PRDM1,0.31387073445374664,632.1639568504194,0.0,0.0,M6-NK,3.0
CXCR4,0.4114152963840946,631.289725155178,0.0,0.0,M5-Bcell,8.0
NCF1,0.47751037491797743,628.1497317119909,0.0,0.0,M2-Mono,6.0
FAM49B,0.37171471328884226,627.8975214744263,0.0,0.0,M2-Mono,5.0
SPTB,0.49285498505616493,624.2430318347181,0.0,0.0,M1-ERY,1.0
FOXP3,0.2937450010879438,624.1074151946073,0.0,0.0,M7-Tcell,11.0
RBMS3,0.3121588668379651,622.6568144979908,0.0,0.0,M7-Tcell,11.0
IL2RA,0.3034888914131961,622.356417335666,0.0,0.0,M7-Tcell,11.0
MEGF9,0.4934407033921489,621.8635605091727,0.0,0.0,M2-Mono,7.0
GLT1D1,0.3763000351081073,621.808657820239,0.0,0.0,M2-Mono,5.0
HLA-DQA1,0.6875985618375017,620.195286940376,0.0,0.0,M5-Bcell,8.0
PDLIM1,0.4270418594547508,618.9815105494143,0.0,0.0,M5-Bcell,8.0
KIR2DL1,0.24716077084698646,618.4643963785774,0.0,0.0,M6-NK,3.0
VMP1,0.44695032366106935,617.1043271085016,0.0,0.0,M2-Mono,7.0
GNAQ,0.41240848576520767,616.690394933154,0.0,0.0,M2-Mono,5.0
RUBCNL,0.4351014273172138,616.3229414424948,0.0,0.0,M5-Bcell,8.0
GRAP2,0.3558562526680145,613.725617202846,0.0,0.0,M3-MK,2.0
SBF2,0.3942833867890069,613.1187042024665,0.0,0.0,M2-Mono,7.0
CEACAM1,0.2368031930408245,611.3994026258047,0.0,0.0,M2-Mono,5.0
GALNT14,0.20266813362767974,609.5876414804917,0.0,0.0,M2-Mono,5.0
RTKN2,0.3413787965292868,609.4927464402838,0.0,0.0,M7-Tcell,11.0
CD83,0.4990302133690703,608.7953410263142,0.0,0.0,M5-Bcell,8.0
ZEB2,0.5157570664897021,608.7491020241248,0.0,0.0,M2-Mono,7.0
PLCL1,0.3423582698834407,607.170607523783,0.0,0.0,M7-Tcell,11.0
CTLA4,0.3771780948563783,606.9186167964122,0.0,0.0,M7-Tcell,11.0
PADI4,0.39799167562707366,606.2257736613341,0.0,0.0,M2-Mono,6.0
AGTPBP1,0.35894412523260655,606.1039804335394,0.0,0.0,M2-Mono,5.0
TCF4,0.541595284981516,605.2651133552275,0.0,0.0,M5-Bcell,12.0
CISH,0.4386296111291223,605.2569654816041,0.0,0.0,M7-Tcell,11.0
FCER2,0.4210929812369002,605.1889642626721,0.0,0.0,M5-Bcell,8.0
EIF1AY,0.3882190605381975,604.9852461569435,0.0,0.0,M1-ERY,4.0
TYMP,0.5144965385729787,604.6784643189341,0.0,0.0,M2-Mono,6.0
DDIT4,0.36893657887561854,604.3543244588799,0.0,0.0,M6-NK,3.0
CFD,0.5349413843693972,604.0897930229503,0.0,0.0,M2-Mono,6.0
RHOC,0.4225455759815821,603.431760517012,0.0,0.0,M6-NK,3.0
PBX1,0.26494772700858604,601.4924534187633,0.0,0.0,M1-ERY,1.0
FAM157C,0.3206179695413844,601.0732413231152,0.0,0.0,M2-Mono,5.0
BASP1,0.37390725786131906,600.7945404159512,0.0,0.0,M2-Mono,5.0
NELL2,0.4706911370457612,599.7820647969495,0.0,0.0,M7-Tcell,11.0
TIMP1,0.4738612983454265,598.3817332611235,0.0,0.0,M2-Mono,6.0
MYO1F,0.4632084421364833,597.7828648090934,0.0,0.0,M2-Mono,6.0
NFIX,0.4118769602027165,597.613078537865,0.0,0.0,M1-ERY,4.0
MYBL1,0.28750270049250887,597.1580183698718,0.0,0.0,M6-NK,3.0
PTPRE,0.46420092205392943,595.908591897709,0.0,0.0,M2-Mono,7.0
FPR1,0.5632529440093477,595.5927040119929,0.0,0.0,M2-Mono,6.0
HLA-DRB1,0.7557807526779292,595.5219344013303,0.0,0.0,M5-Bcell,8.0
NCF2,0.5340120952710069,594.8978788235846,0.0,0.0,M2-Mono,6.0
DMXL2,0.46763274643744174,593.1299151407303,0.0,0.0,M2-Mono,7.0
SLCO3A1,0.38257581651978273,592.9487643377674,0.0,0.0,M2-Mono,7.0
CEBPD,0.610145016918873,591.8269515007748,0.0,0.0,M2-Mono,6.0
USP32,0.3476438933933417,591.1318670779765,0.0,0.0,M1-ERY,1.0
NT5C3A,0.33630108581368634,589.8373320632714,0.0,0.0,M3-MK,9.0
PHF21A,0.3404248587049385,588.3036083996085,0.0,0.0,M2-Mono,5.0
GNG7,0.41250727830459744,587.116958485783,0.0,0.0,M5-Bcell,8.0
YWHAH,0.40919530890181943,586.6382225567145,0.0,0.0,M3-MK,2.0
HCK,0.4987197493142259,584.6385514000435,0.0,0.0,M2-Mono,6.0
ZNF683,0.3364686347509689,584.4521178981463,0.0,0.0,M7-Tcell,11.0
OSBP2,0.3772068516681361,583.9888418303971,0.0,0.0,M1-ERY,4.0
ANK3,0.34071691609718474,581.757622894806,0.0,0.0,M7-Tcell,11.0
TRPS1,0.33458154102586357,581.1827548343452,0.0,0.0,M2-Mono,5.0
KYNU,0.4414832372396695,581.0990788907712,0.0,0.0,M2-Mono,7.0
LILRA4,0.5973528855030316,580.9420834067874,0.0,0.0,M5-Bcell,12.0
PCNX1,0.3331172768824952,579.9034159031886,0.0,0.0,M2-Mono,5.0
STXBP2,0.5278236796157356,579.6428373331278,0.0,0.0,M2-Mono,6.0
SAMD3,0.34307828208763075,579.6130754272035,0.0,0.0,M6-NK,3.0
LCN2,0.15466958453088908,579.1214376956251,0.0,0.0,M2-Mono,6.0
CYSTM1,0.3838255768892117,578.1520428030907,0.0,0.0,M2-Mono,5.0
GCA,0.57429690793279,578.0122652913997,0.0,0.0,M2-Mono,6.0
TBXAS1,0.45944461264049896,575.3703462269547,0.0,0.0,M2-Mono,7.0
PLEKHG1,0.4341252608224871,574.9971580380319,0.0,0.0,M5-Bcell,8.0
ZNF451,0.32477494941986623,574.4807697167429,0.0,0.0,M1-ERY,1.0
PREX1,0.3443774483348935,574.0470600449768,0.0,0.0,M2-Mono,5.0
CD14,0.5657296349188563,573.3559473065467,0.0,0.0,M2-Mono,6.0
LRMDA,0.4450467912268995,572.1588437882062,0.0,0.0,M2-Mono,7.0
BCL2A1,0.6286723544155894,571.4678443080168,0.0,0.0,M2-Mono,6.0
CD69,0.4294754673278957,569.001235463321,0.0,0.0,M5-Bcell,8.0
IFITM3,0.5375699060138844,567.6521121804652,0.0,0.0,M2-Mono,6.0
ALPK1,0.2959876427365233,567.0174603878667,0.0,0.0,M2-Mono,5.0
THBS1,0.557093456937278,566.9714092393986,0.0,0.0,M2-Mono,7.0
HLA-DPA1,0.7443101555371003,566.7759340299876,0.0,0.0,M5-Bcell,8.0
DTHD1,0.2748999061999341,566.5901524162075,0.0,0.0,M6-NK,3.0
NUDT4,0.3715377856837219,565.5709151528991,0.0,0.0,M1-ERY,4.0
NCAM1,0.30059523312160746,565.3616194538464,0.0,0.0,M6-NK,3.0
SMOX,0.3796029370478826,565.2565696591837,0.0,0.0,M1-ERY,4.0
SEPTIN5,0.2672939694437121,563.927935173069,0.0,0.0,M3-MK,2.0
IGKC,0.4617433601350096,563.857833235477,0.0,0.0,M5-Bcell,8.0
RGS2,0.489667079537512,563.5129072393767,0.0,0.0,M2-Mono,6.0
NCR1,0.27450289527236926,562.8173120416553,0.0,0.0,M6-NK,3.0
RGS1,0.33626690359381667,562.3342230106039,0.0,0.0,M7-Tcell,11.0
CD68,0.5449532393306278,561.5381885910213,0.0,0.0,M2-Mono,6.0
YPEL4,0.30472250947825974,560.6061121544351,0.0,0.0,M1-ERY,4.0
SLC40A1,0.3773432888425911,559.6237917331015,0.0,0.0,M1-ERY,4.0
HLA-DQB1,0.6346806252053065,559.1066217535179,0.0,0.0,M5-Bcell,8.0
CLEC4C,0.5927581783416228,557.997857998071,0.0,0.0,M5-Bcell,12.0
DAB2,0.33997412625449025,556.170234979119,0.0,0.0,M3-MK,9.0
RASA3,0.3284680907690807,556.1495166288274,0.0,0.0,M7-Tcell,11.0
RABGEF1,0.39340540823305503,555.9675381004172,0.0,0.0,M2-Mono,5.0
ZFAND3,0.3482101621944251,555.7429785176334,0.0,0.0,M2-Mono,7.0
PELI1,0.3774696961032879,554.6024945482758,0.0,0.0,M2-Mono,5.0
CHST11,0.31512705337983776,553.403918696105,0.0,0.0,M1-ERY,1.0
NCR3,0.2920488221862987,553.300602071914,0.0,0.0,M6-NK,3.0
ATXN1,0.32067484819282577,551.1939964076978,0.0,0.0,M2-Mono,5.0
MAP2K3,0.4054423347202551,549.7158123160755,0.0,0.0,M1-ERY,4.0
FRMD4B,0.40762770944811055,548.421794696808,0.0,0.0,M3-MK,9.0
NUMB,0.36979372601197086,547.3570758699244,0.0,0.0,M2-Mono,7.0
DACH1,0.27103285066788857,547.0472165388692,0.0,0.0,M2-Mono,5.0
IL12RB2,0.34919271866651885,546.3597549311849,0.0,0.0,M6-NK,3.0
EIF2AK1,0.3720076716346601,546.1425928600883,0.0,0.0,M1-ERY,4.0
ZSWIM6,0.3770057230604822,545.8484098320147,0.0,0.0,M2-Mono,7.0
CD9,0.33829682309029274,544.9763787356472,0.0,0.0,M3-MK,2.0
LGALSL,0.3521323418495079,543.3301005493025,0.0,0.0,M3-MK,2.0
PAX5,0.4255501535836769,543.0524079950568,0.0,0.0,M5-Bcell,8.0
JCHAIN,0.5685029651768089,541.4845254215443,0.0,0.0,M5-Bcell,12.0
H3F3B,0.37874784544579937,540.8937206120634,0.0,0.0,M6-NK,3.0
CPPED1,0.42879438583431234,540.4886644469435,0.0,0.0,M2-Mono,6.0
ALOX5,0.4000497003740955,538.4017139269897,0.0,0.0,M2-Mono,5.0
CD19,0.3986651548555225,537.6071622877752,0.0,0.0,M5-Bcell,8.0
LGALS1,0.7165473443142495,537.5979316241163,0.0,0.0,M2-Mono,6.0
CD24,0.41481572874020906,535.9657150877833,0.0,0.0,M5-Bcell,8.0
LINC01781,0.31616725127614304,535.924283407978,0.0,0.0,M5-Bcell,8.0
PTGDS,0.23904723832214242,535.8307649040619,0.0,0.0,M6-NK,3.0
CDKN1C,0.6629575232621915,535.3029293943538,0.0,0.0,M2-Mono,6.0
RIOK3,0.3556424888387929,535.0206974234608,0.0,0.0,M1-ERY,4.0
LRP12,0.2841205227584335,533.6980945962042,0.0,0.0,M3-MK,9.0
ZBTB20,0.3144493125711055,533.4432135663955,0.0,0.0,M7-Tcell,11.0
AL163541.1,0.34736815333316945,532.7110040435264,0.0,0.0,M2-Mono,7.0
MLLT3,0.3350582736868113,530.1343072134049,0.0,0.0,M7-Tcell,11.0
CTTN,0.266492188992408,528.6458289126491,0.0,0.0,M3-MK,2.0
MED13L,0.36078847720820956,526.1113227170863,0.0,0.0,M2-Mono,7.0
TIGIT,0.2879687731326695,525.9563200230481,0.0,0.0,M6-NK,3.0
MARK3,0.31198619965046653,525.0638652904946,0.0,0.0,M1-ERY,1.0
ARG1,0.22482955471307808,524.7595396843143,0.0,0.0,M1-ERY,4.0
AHNAK,0.4895320847032223,521.6697726969968,0.0,0.0,M2-Mono,6.0
OSBPL10,0.4050969420843544,521.3889001212943,0.0,0.0,M5-Bcell,8.0
IL18R1,0.2602027304835021,520.9475521693093,0.0,0.0,M6-NK,3.0
ALOX5AP,0.3432187939360859,519.2588661280163,0.0,0.0,M6-NK,3.0
LGALS3,0.4654690129340244,519.1330144489805,0.0,0.0,M2-Mono,6.0
LILRA5,0.5118263127491264,517.7681935194477,0.0,0.0,M2-Mono,6.0
TPM4,0.3834536411774356,516.6074036488632,0.0,0.0,M3-MK,2.0
RNF24,0.33131268873445746,515.7976246821562,0.0,0.0,M2-Mono,5.0
HIST1H2BJ,0.30806925164732196,515.3409382378926,0.0,0.0,M3-MK,2.0
PPP1R14A,0.3602543420471015,515.2140006272188,0.0,0.0,M5-Bcell,8.0
NXF3,0.21018340857426676,514.824275817457,0.0,0.0,M3-MK,2.0
TAL1,0.35819959188222456,512.5616997167535,0.0,0.0,M1-ERY,4.0
UGCG,0.427509321554024,511.67019955612585,0.0,0.0,M5-Bcell,12.0
RBP7,0.4229104892626938,510.9556851742126,0.0,0.0,M2-Mono,6.0
PITHD1,0.35814783579164533,510.50360292052943,0.0,0.0,M1-ERY,4.0
PARVB,0.4184685805077313,509.74256668780885,0.0,0.0,M3-MK,2.0
FAXDC2,0.29197814137793743,509.3037261416332,0.0,0.0,M1-ERY,4.0
TPD52,0.363098357492337,509.0597581111701,0.0,0.0,M5-Bcell,8.0
ZBTB16,0.4151115012131258,508.97500422664,0.0,0.0,M2-Mono,6.0
CPQ,0.32405532715675145,508.57684157039273,0.0,0.0,M2-Mono,7.0
CEBPB,0.46264304967776787,507.9501984911869,0.0,0.0,M2-Mono,6.0
S100A12,0.8339594546675837,505.27729829563657,0.0,0.0,M2-Mono,6.0
CYBB,0.47250908840811956,504.271542946851,0.0,0.0,M2-Mono,6.0
JAML,0.43552564580735675,503.96349523714383,0.0,0.0,M2-Mono,6.0
CXCL5,0.21663204723271662,503.82933159940166,0.0,0.0,M3-MK,2.0
SP140,0.4085096345249706,503.44923171194273,0.0,0.0,M5-Bcell,8.0
FCGR2A,0.4564862959568266,502.3659510304698,0.0,0.0,M2-Mono,6.0
ANXA2,0.5491671233244001,501.05947260976245,0.0,0.0,M2-Mono,6.0
TXK,0.3262132493260604,500.8548426564222,0.0,0.0,M7-Tcell,11.0
TNFRSF1B,0.4403051390855721,500.33682020658557,0.0,0.0,M2-Mono,6.0
MEF2C,0.3945483631372569,500.23269003550337,0.0,0.0,M5-Bcell,8.0
RUFY1,0.3400483667084675,499.7454355728425,0.0,0.0,M3-MK,2.0
TNS1,0.30962140463003857,499.5123670308902,0.0,0.0,M1-ERY,4.0
FGL2,0.49176307205909187,499.2547449982552,0.0,0.0,M2-Mono,6.0
IGF2,0.15212025034130294,498.4477224145998,0.0,0.0,M1-ERY,4.0
KEL,0.3556668672790012,495.68621569636565,0.0,0.0,M1-ERY,1.0
FGD4,0.3975200095713353,495.450980564007,0.0,0.0,M2-Mono,7.0
FKBP5,0.3655355647467287,495.38456705916894,0.0,0.0,M2-Mono,7.0
NFE2,0.41428815780872397,494.58691176914147,0.0,0.0,M1-ERY,4.0
RNF130,0.49141448068889804,492.9405204458262,0.0,0.0,M2-Mono,6.0
ITM2C,0.45503613796528464,492.5578282364163,0.0,0.0,M5-Bcell,12.0
CDA,0.4302424252603763,491.8053310233279,0.0,0.0,M2-Mono,6.0
FRMD3,0.22718618343820546,491.21259779662785,0.0,0.0,M3-MK,2.0
BLK,0.3835919699770373,490.9830920311052,0.0,0.0,M5-Bcell,8.0
ZYX,0.4163135182146381,490.4049924915226,0.0,0.0,M2-Mono,6.0
KIR3DL1,0.19373177141086764,489.2397769599214,0.0,0.0,M6-NK,3.0
MCTP1,0.3430591399192424,488.4795486420104,0.0,0.0,M2-Mono,7.0
PLBD1,0.48761326204100086,488.30208358617864,0.0,0.0,M2-Mono,6.0
SNX9,0.4146222391556316,487.93904973337754,0.0,0.0,M5-Bcell,8.0
CST3,0.7956871065018803,487.8032233231665,0.0,0.0,M2-Mono,6.0
SELP,0.22622499101335913,487.51208404744006,0.0,0.0,M3-MK,2.0
SOD2,0.37962589046809203,487.1407137504614,0.0,0.0,M2-Mono,6.0
CLEC7A,0.4603226975906223,486.8659912243113,0.0,0.0,M2-Mono,6.0
ALDH2,0.4313448159299557,486.6376267391926,0.0,0.0,M2-Mono,6.0
ATP9A,0.18496077679286177,486.1659036688936,0.0,0.0,M2-Mono,5.0
CREB5,0.3190622252730616,486.11232204379195,0.0,0.0,M2-Mono,7.0
GUCY1B1,0.35636360572920006,486.04748111387636,0.0,0.0,M3-MK,2.0
FCHO2,0.287086302696323,485.8433610207795,0.0,0.0,M1-ERY,1.0
CCDC191,0.311476220087595,485.74695637161096,0.0,0.0,M5-Bcell,8.0
SVIL,0.29536212996515954,485.68224434147976,0.0,0.0,M2-Mono,5.0
SMIM14,0.3836920672814725,484.28605386160996,0.0,0.0,M5-Bcell,8.0
JARID2,0.3807857138916496,484.1022303363319,0.0,0.0,M2-Mono,7.0
TNFRSF13C,0.37593897210688826,483.88574251368084,0.0,0.0,M5-Bcell,8.0
TREM1,0.4191425038902999,483.5760767497929,0.0,0.0,M2-Mono,7.0
ALDOA,0.46089711021762503,483.35517118673255,0.0,0.0,M2-Mono,6.0
LINC00996,0.4082621337795134,483.2271436719082,0.0,0.0,M5-Bcell,12.0
TNFAIP3,0.38773350134816675,482.97597604744175,0.0,0.0,M7-Tcell,11.0
NFKBIA,0.4169836880187557,482.42930980887223,0.0,0.0,M2-Mono,6.0
EP300,0.28285468061770114,482.0904144689865,0.0,0.0,M1-ERY,1.0
RAB32,0.4312137111958898,482.0895049325661,0.0,0.0,M3-MK,2.0
C5AR1,0.5121382053839234,481.0799008068758,0.0,0.0,M2-Mono,7.0
TLN2,0.2245430975044552,479.8726841499232,0.0,0.0,M1-ERY,1.0
FLNA,0.3827710234889404,479.78771651548533,0.0,0.0,M2-Mono,6.0
CCDC50,0.44684546930093094,479.49836952551414,0.0,0.0,M5-Bcell,12.0
BLNK,0.3902717432188791,479.4559619854969,0.0,0.0,M5-Bcell,8.0
TLCD4,0.3981609385002749,479.11126043725903,0.0,0.0,M1-ERY,4.0
LINC00278,0.2866503334235425,478.8267544938368,0.0,0.0,M2-Mono,7.0
PLCB1,0.40660500045242,478.45849181475444,0.0,0.0,M2-Mono,7.0
MFAP3L,0.23685999019528087,477.80250474495523,0.0,0.0,M3-MK,2.0
PRKCA,0.2782598068991714,477.2893742590525,0.0,0.0,M7-Tcell,11.0
RAB31,0.4165472624730594,477.1619086084412,0.0,0.0,M2-Mono,7.0
ESPN,0.2812670539480732,476.3338094491377,0.0,0.0,M1-ERY,4.0
TET2,0.3503926903347732,476.2965737431123,0.0,0.0,M2-Mono,7.0
FP671120.4,0.26344367116165085,475.41269224123477,0.0,0.0,M2-Mono,6.0
LYST,0.3799743846575577,475.18226291727444,0.0,0.0,M2-Mono,7.0
IFNG-AS1,0.25180742720548094,475.043858718511,0.0,0.0,M7-Tcell,11.0
NCALD,0.2807370833922627,474.16447207905804,0.0,0.0,M6-NK,3.0
UBE2O,0.3002330110510787,473.73802751023436,0.0,0.0,M1-ERY,4.0
TLR2,0.3950181515791554,472.75064520032845,0.0,0.0,M2-Mono,7.0
CLCN3,0.2732578958300963,471.80663253543645,0.0,0.0,M1-ERY,1.0
MYLK,0.2709770703171062,470.95909067423605,0.0,0.0,M3-MK,2.0
GP1BA,0.3659838145860113,470.8125508300364,0.0,0.0,M3-MK,2.0
PLEK,0.40225144801460677,470.5391806934562,0.0,0.0,M6-NK,3.0
TSPAN13,0.3385507622732729,470.4537859867537,0.0,0.0,M5-Bcell,12.0
FBXL5,0.34025703615222497,469.4815262734928,0.0,0.0,M2-Mono,7.0
CDKN2D,0.33593144372087,468.83956801186235,0.0,0.0,M1-ERY,4.0
CD72,0.3525728542950178,468.06957185610327,0.0,0.0,M5-Bcell,8.0
TPM1,0.305760834179245,468.00671827160863,0.0,0.0,M3-MK,2.0
IRF7,0.42527980508292224,467.9955193314627,0.0,0.0,M5-Bcell,12.0
DOCK4,0.32174487007172886,467.5296296641523,0.0,0.0,M2-Mono,7.0
IRF8,0.4480342128373321,466.65089856869986,0.0,0.0,M5-Bcell,12.0
KIF2A,0.30650223300993673,466.4895044318993,0.0,0.0,M3-MK,2.0
PDGFD,0.26455559102489806,465.64087623068826,0.0,0.0,M6-NK,3.0
PASK,0.3048944016453397,464.97273091499227,0.0,0.0,M7-Tcell,11.0
ANXA1,0.4296737723786866,464.6558010167521,0.0,0.0,M2-Mono,6.0
PSTPIP2,0.3136276327021641,463.28410675844566,0.0,0.0,M2-Mono,5.0
IL1R1,0.15695526984425517,463.1871777914072,0.0,0.0,M1-ERY,1.0
DYRK3,0.2634208792112668,462.0416852839392,0.0,0.0,M1-ERY,1.0
CNOT6L,0.26600485208826274,461.5116351556686,0.0,0.0,M7-Tcell,11.0
LRP1,0.4235770119900218,460.12522265329767,0.0,0.0,M2-Mono,6.0
EOMES,0.25058875333392294,459.8772398969639,0.0,0.0,M6-NK,3.0
TMOD1,0.2962966459364317,459.5256491492149,0.0,0.0,M1-ERY,4.0
IGF2BP2,0.2939160121089402,459.14990620158426,0.0,0.0,M1-ERY,1.0
CHST12,0.2780914406011935,458.8068880352659,0.0,0.0,M6-NK,3.0
SMIM25,0.5005847976616288,458.0633923281286,0.0,0.0,M2-Mono,6.0
CD22,0.34484316476567883,457.0619461223811,0.0,0.0,M5-Bcell,8.0
STON2,0.3108364125529931,456.9172840119084,0.0,0.0,M3-MK,2.0
TOX,0.33197245351253757,456.4573393485582,0.0,0.0,M7-Tcell,11.0
MXD1,0.3402509778295902,452.6114594982563,0.0,0.0,M2-Mono,7.0
CLIC2,0.2856244414052073,452.471949661966,0.0,0.0,M1-ERY,1.0
CLEC12A,0.423510949993486,452.1674886447338,0.0,0.0,M2-Mono,6.0
LINC01478,0.5806407061591603,451.92201719048927,0.0,0.0,M5-Bcell,12.0
PFKFB2,0.22056210355041458,450.70615415494876,0.0,0.0,M2-Mono,5.0
C12orf75,0.27628689206334167,450.26370687021756,0.0,0.0,M6-NK,3.0
PILRA,0.43398762562131904,450.10211506213085,0.0,0.0,M2-Mono,6.0
HRK,0.27504986691508077,449.16253432835106,0.0,0.0,M5-Bcell,8.0
FAM49A,0.39020674477995765,448.16172325713495,0.0,0.0,M2-Mono,7.0
CDC14A,0.28850143959201846,447.67057226551134,0.0,0.0,M7-Tcell,11.0
GLUL,0.3667096149260225,447.18878619205407,0.0,0.0,M1-ERY,4.0
IKZF2,0.3188890270176055,446.4860091063585,0.0,0.0,M7-Tcell,11.0
RAB27B,0.41818305742556267,446.4146715984178,0.0,0.0,M3-MK,2.0
TCL1B,0.22701009957237006,445.9072287991619,0.0,0.0,M5-Bcell,8.0
FTX,0.26207720650931376,444.11611038852266,0.0,0.0,M1-ERY,1.0
ABCC3,0.24000544832642057,443.23053500227223,0.0,0.0,M3-MK,2.0
DMTN,0.2978317055064355,442.40982564344705,0.0,0.0,M1-ERY,4.0
ZDHHC17,0.25036193715028565,442.24528397262503,0.0,0.0,M1-ERY,1.0
CD36,0.5049831074308545,442.2112846030881,0.0,0.0,M1-ERY,1.0
PYGL,0.3517376125985153,441.44237752852894,0.0,0.0,M2-Mono,6.0
AC006296.3,0.1355257689482209,440.9015537130303,0.0,0.0,M1-ERY,1.0
AL034397.3,0.34941206364883487,440.1168712404237,0.0,0.0,M2-Mono,6.0
MAP4K5,0.2708361675825928,439.0137632940574,0.0,0.0,M1-ERY,1.0
SYNE2,0.254106157663968,438.9222153283858,0.0,0.0,M6-NK,3.0
MPEG1,0.41491514002265645,438.8532774407318,0.0,0.0,M2-Mono,6.0
MARCH1,0.384153143762186,438.80904955192295,0.0,0.0,M5-Bcell,8.0
KLF1,0.542631415315935,437.83051688358967,0.0,0.0,M1-ERY,4.0
LTBP1,0.3567718115025159,437.6781155688375,0.0,0.0,M1-ERY,1.0
TMEM140,0.2448643037696943,437.20020165671104,0.0,0.0,M3-MK,2.0
INPP4B,0.3378277322198544,436.6205474413148,0.0,0.0,M7-Tcell,11.0
CA2,0.32184354243538094,435.84871758635273,0.0,0.0,M3-MK,9.0
STXBP5L,0.15028554176917333,435.81665804338854,0.0,0.0,M7-Tcell,14.0
MCEMP1,0.5853660779161441,435.67373344597576,0.0,0.0,M2-Mono,6.0
TRIM10,0.2946355671471695,434.73349817576207,0.0,0.0,M1-ERY,4.0
TNFAIP2,0.4012182303083365,434.11863689571487,0.0,0.0,M2-Mono,6.0
MICAL2,0.287828733684226,434.04208269876085,0.0,0.0,M1-ERY,1.0
CPVL,0.49066204532374236,432.26893488465385,0.0,0.0,M2-Mono,6.0
VNN2,0.3590074089770796,431.9929100443269,0.0,0.0,M2-Mono,6.0
LILRB2,0.4335659594280957,431.01312996992215,0.0,0.0,M2-Mono,6.0
LILRB3,0.38796753699829917,429.1397585907401,0.0,0.0,M2-Mono,6.0
ENTPD1,0.2946780419854905,427.78542936836607,0.0,0.0,M2-Mono,7.0
AP000547.3,0.2558835810474201,427.2688794818261,0.0,0.0,M3-MK,2.0
CMIP,0.29936966344556454,426.87160850832805,0.0,0.0,M2-Mono,7.0
DENND3,0.26582246780929714,426.40284717722704,0.0,0.0,M2-Mono,7.0
TLE1,0.2704777567924037,425.865859615218,0.0,0.0,M5-Bcell,8.0
MARCH2,0.2862890219720321,425.789914779461,0.0,0.0,M3-MK,2.0
DUSP6,0.3747060588533266,425.63206944826413,0.0,0.0,M2-Mono,6.0
C17orf99,0.3534119726517116,425.3604480572195,0.0,0.0,M1-ERY,4.0
TPST2,0.27807084179416,424.92052170344317,0.0,0.0,M6-NK,3.0
KHDRBS2,0.3537533456728323,424.7723657889894,0.0,0.0,M5-Bcell,8.0
FCRL3,0.2574864234980857,424.51216380954503,0.0,0.0,M6-NK,3.0
TRDV1,0.2730140125852011,421.9403041828221,0.0,0.0,M7-Tcell,11.0
STX11,0.3587620626852124,421.8247360023768,0.0,0.0,M2-Mono,7.0
MS4A7,0.4600297955268178,421.2203353705725,0.0,0.0,M2-Mono,6.0
AL031599.1,0.1536683926527563,420.7218048062238,0.0,0.0,M1-ERY,1.0
P2RY1,0.2580789073141153,419.82798796402705,0.0,0.0,M3-MK,9.0
P2RX5,0.33804943858446734,418.398700978914,0.0,0.0,M5-Bcell,8.0
RETN,0.7844517004784661,418.14075881567084,0.0,0.0,M2-Mono,6.0
ATG7,0.3112466434689093,418.0218068006334,0.0,0.0,M2-Mono,7.0
SLC7A7,0.39612787667238164,417.95509505064564,0.0,0.0,M2-Mono,6.0
CLEC4E,0.3903310675019422,416.56854079048986,0.0,0.0,M2-Mono,7.0
COBLL1,0.34273644083233185,415.5867030002851,0.0,0.0,M5-Bcell,12.0
SULF2,0.3679282346857454,415.38793021203844,0.0,0.0,M2-Mono,6.0
ZEB1,0.27924932355226195,415.3482860838944,0.0,0.0,M7-Tcell,11.0
FCHSD2,0.3612395677380162,414.31508547518524,0.0,0.0,M5-Bcell,12.0
ANKH,0.2376395298179865,414.16498142590297,0.0,0.0,M1-ERY,1.0
TNFRSF10C,0.24816213231817114,413.1976900161496,0.0,0.0,M2-Mono,5.0
PLAUR,0.4332306416776124,412.7906697332884,0.0,0.0,M2-Mono,7.0
MAX,0.2702739098996915,412.4995072396232,0.0,0.0,M3-MK,2.0
ENKUR,0.17659379375981488,412.4559240444419,0.0,0.0,M3-MK,2.0
HLA-G,0.12261177182009513,412.1379841374094,0.0,0.0,M7-Tcell,14.0
TFR2,0.3278872465808672,411.77916154113757,0.0,0.0,M1-ERY,1.0
FLACC1,0.1770736003027304,411.7349161776858,0.0,0.0,M1-ERY,1.0
SLC45A4,0.17299910491628773,411.3164643431397,0.0,0.0,M2-Mono,6.0
RNF144B,0.3359343632050956,411.135108037586,0.0,0.0,M2-Mono,7.0
CCNJL,0.15848597142643756,409.79463231122804,0.0,0.0,M6-NK,3.0
MSRB1,0.4103523053803746,409.7268343774847,0.0,0.0,M2-Mono,6.0
UBAP1,0.266125796216328,409.62925204430815,0.0,0.0,M1-ERY,1.0
RAB11FIP1,0.29456294644331577,408.91916480222875,0.0,0.0,M2-Mono,7.0
PTPRS,0.42259154366847074,408.30787336939875,0.0,0.0,M5-Bcell,12.0
DENND1A,0.3096685665763453,407.5797869084573,0.0,0.0,M2-Mono,7.0
NEDD9,0.2777544468986189,407.06069000688507,0.0,0.0,M2-Mono,7.0
GAS7,0.3170331718318103,406.2665779250888,0.0,0.0,M2-Mono,7.0
S100P,0.5570714387443451,406.1931327288081,0.0,0.0,M2-Mono,6.0
CEP78,0.2461531898104292,406.19126322895767,0.0,0.0,M6-NK,3.0
TMEM176B,0.4384174353107331,405.88411199770223,0.0,0.0,M2-Mono,6.0
RUNX1,0.2840600940329795,405.71641046317916,0.0,0.0,M7-Tcell,11.0
F2R,0.26902008688967205,404.56988296700524,0.0,0.0,M3-MK,9.0
PTPN12,0.27463642364662905,403.4035361220263,0.0,0.0,M2-Mono,7.0
ATP11A,0.27409581961584156,402.313256240719,0.0,0.0,M2-Mono,7.0
KIR2DL4,0.24761092710730712,401.9799507870797,0.0,0.0,M6-NK,3.0
CSGALNACT1,0.25247807055839605,401.954387483341,0.0,0.0,M7-Tcell,11.0
DIAPH2,0.31404508734378167,401.7683056432458,0.0,0.0,M2-Mono,7.0
IGLV2-14,0.22669326453959837,401.30376505887943,0.0,0.0,M5-Bcell,8.0
AGFG1,0.31400828988030005,401.1102929470022,0.0,0.0,M2-Mono,7.0
FASLG,0.21009338591470011,400.8311935878066,0.0,0.0,M6-NK,3.0
CPD,0.2579370024403765,400.66086657569787,0.0,0.0,M2-Mono,7.0
MGAT5,0.2799443014450651,400.5978476360428,0.0,0.0,M5-Bcell,8.0
BCL6,0.2555842392074963,399.11806264670025,0.0,0.0,M2-Mono,7.0
TUBA8,0.23032393934764628,398.44031074789626,0.0,0.0,M3-MK,2.0
IGF2R,0.2530486998918373,397.768130418804,0.0,0.0,M2-Mono,7.0
ADAMTSL4-AS1,0.3144056371394084,396.94719432097645,0.0,0.0,M2-Mono,7.0
RORA,0.2423953082877358,396.9254064013773,0.0,0.0,M7-Tcell,11.0
MMP25,0.24288626655665513,395.51678977685583,0.0,0.0,M2-Mono,5.0
MME,0.2629384300397606,395.49866973607254,0.0,0.0,M5-Bcell,8.0
PID1,0.37043291218551033,395.42110448683843,0.0,0.0,M2-Mono,6.0
ELL2,0.31877321346002463,394.73723312287444,0.0,0.0,M2-Mono,6.0
YES1,0.23890213481769557,394.05811480153716,0.0,0.0,M6-NK,3.0
RALGAPA2,0.23573598226150105,394.02821594042,0.0,0.0,M2-Mono,5.0
SGIP1,0.14733157120793383,393.99505392003215,0.0,0.0,M1-ERY,1.0
GP6,0.26435632534639375,393.82739156308764,0.0,0.0,M3-MK,2.0
ETV6,0.3635438719602046,393.73926122070145,0.0,0.0,M2-Mono,7.0
CD63,0.3646285376576808,393.08875106686565,0.0,0.0,M6-NK,3.0
ATP2B1,0.3309242962323045,391.9094534224961,0.0,0.0,M2-Mono,7.0
TSPAN33,0.24895875786013966,388.5520789181129,0.0,0.0,M3-MK,2.0
AC090409.1,0.17858746883853077,387.21950204757934,0.0,0.0,M3-MK,2.0
RTN1,0.37316440566999437,386.72045518112435,0.0,0.0,M2-Mono,6.0
MZB1,0.41215309778784137,386.54881752061186,0.0,0.0,M5-Bcell,12.0
ABCB10,0.35660686309727657,386.46970939514586,0.0,0.0,M1-ERY,1.0
PGLYRP1,0.24848669018291814,386.34564141463557,0.0,0.0,M2-Mono,6.0
ATG2B,0.2185626156855449,385.371209480908,0.0,0.0,M1-ERY,1.0
PLXNC1,0.28536434062692334,385.17112016294163,0.0,0.0,M2-Mono,7.0
ABCB6,0.22742152384365175,384.95454176770596,0.0,0.0,M1-ERY,1.0
ITGAX,0.2933442071960991,383.8326955620483,0.0,0.0,M2-Mono,7.0
LTF,0.1684822232129747,383.589086461158,0.0,0.0,M2-Mono,6.0
PDE4D,0.258176630557569,383.0381283266347,0.0,0.0,M6-NK,3.0
HLA-DRB5,0.5226647837874089,383.01353394681047,0.0,0.0,M5-Bcell,8.0
PIP5K1B,0.2684181373161254,382.5831468848278,0.0,0.0,M1-ERY,1.0
CDKN1A,0.31634683311209794,382.3975162062343,0.0,0.0,M3-MK,2.0
LINC00937,0.27654309027496377,382.25546374517984,0.0,0.0,M2-Mono,7.0
PAM,0.21245963243824592,382.15891925810416,0.0,0.0,M6-NK,3.0
IGLJ3,0.3017028838484276,382.0679870073538,0.0,0.0,M5-Bcell,8.0
HK3,0.3238961769772169,380.32936474264716,0.0,0.0,M2-Mono,6.0
NABP1,0.22579238795330067,379.475955214114,0.0,0.0,M2-Mono,5.0
CPB1,0.25361175086274523,379.47065222487606,0.0,0.0,M1-ERY,1.0
ITGAM,0.2773848071623222,378.38081417997137,0.0,0.0,M2-Mono,7.0
RAB27A,0.2615281188146277,378.15003061813474,0.0,0.0,M2-Mono,7.0
PLPP5,0.2812279533328237,377.54752197997834,0.0,0.0,M5-Bcell,8.0
FAM13A,0.26578691960579226,377.49393357976135,0.0,0.0,M7-Tcell,11.0
KIF13A,0.3104097079175991,376.73791430919687,0.0,0.0,M2-Mono,7.0
SERPINB1,0.4712388419459209,376.22283352040074,0.0,0.0,M2-Mono,6.0
LINC01374,0.39729765383685495,376.2038033474198,0.0,0.0,M5-Bcell,12.0
AC023590.1,0.4465791330297755,375.2492950930109,0.0,0.0,M5-Bcell,12.0
ALDH1A2,0.2169533428643866,374.83915363817454,0.0,0.0,M2-Mono,5.0
EXT1,0.22763685533977754,374.6024877161619,0.0,0.0,M2-Mono,7.0
IGLJ1,0.2699961453487358,374.54862328136625,0.0,0.0,M5-Bcell,8.0
HERPUD1,0.30403810949915977,374.3391911235859,0.0,0.0,M5-Bcell,8.0
VCAN-AS1,0.2934570791183071,374.02393184883505,0.0,0.0,M2-Mono,6.0
CCDC200,0.3058697174952393,373.760192255713,0.0,0.0,M2-Mono,6.0
TNNC2,0.19249964050875454,371.3254345907265,0.0,0.0,M3-MK,2.0
TCF7L2,0.33632494136321167,369.6246283723173,0.0,0.0,M2-Mono,6.0
ABCA13,0.1320990090637154,368.2725108994414,0.0,0.0,M2-Mono,6.0
BACH1,0.2840464505212469,368.1010553123679,0.0,0.0,M2-Mono,7.0
CDK14,0.2877647096845618,367.4132735886938,0.0,0.0,M5-Bcell,8.0
TRGC2,0.2879820460758463,367.28773262477563,0.0,0.0,M7-Tcell,11.0
CPOX,0.4151366200903282,366.63873987100135,0.0,0.0,M1-ERY,1.0
APBA2,0.2491953857959134,366.5331476021326,0.0,0.0,M7-Tcell,11.0
ZNF516,0.2412235207091278,365.21082194357336,0.0,0.0,M2-Mono,7.0
SKAP2,0.269653547736975,364.99204269553775,0.0,0.0,M2-Mono,5.0
CSF1R,0.40994289772722853,363.7003753089803,0.0,0.0,M2-Mono,6.0
SLA,0.2590497910931898,363.0599043857928,0.0,0.0,M2-Mono,7.0
KLF12,0.24040056686280242,362.8603787225898,0.0,0.0,M7-Tcell,11.0
CSF2RA,0.3158390881056058,362.3339549045096,0.0,0.0,M2-Mono,6.0
ELOVL7,0.21826895378498778,362.09552965898,0.0,0.0,M3-MK,2.0
PAG1,0.24587503791559742,361.35994154274175,0.0,0.0,M7-Tcell,11.0
MYO18B,0.13102388022853445,360.8844208983789,0.0,0.0,M1-ERY,1.0
ASGR1,0.34364442478612117,360.36962971250375,0.0,0.0,M2-Mono,6.0
MAFB,0.35022779197825865,359.1513218174352,0.0,0.0,M2-Mono,6.0
AL731557.1,0.16311324657187604,358.4220200049762,0.0,0.0,M3-MK,2.0
NLRP3,0.3765901579630126,358.3554155089137,0.0,0.0,M2-Mono,7.0
CD300E,0.3294152605700145,358.1966484263372,0.0,0.0,M2-Mono,6.0
SLC2A3,0.2824420221743487,357.8980483249317,0.0,0.0,M2-Mono,7.0
CXCR3,0.3109991323899394,357.88968190391455,0.0,0.0,M5-Bcell,12.0
RAP1GAP,0.17861673931998848,357.0717178374804,0.0,0.0,M1-ERY,1.0
BAMBI,0.1976759233631983,356.4393408453476,0.0,0.0,M3-MK,9.0
TMEM170B,0.34822177367001633,355.996030018297,0.0,0.0,M2-Mono,7.0
TIMP2,0.31803913737277595,355.8652525219867,0.0,0.0,M2-Mono,6.0
CAMK1D,0.23674177565192528,355.8293579805963,0.0,0.0,M5-Bcell,8.0
EGR1,0.4724284728417121,355.40763383231734,0.0,0.0,M2-Mono,6.0
BNC2,0.17169551178515846,355.0729290376431,0.0,0.0,M6-NK,3.0
ZNF438,0.1998210690233975,354.98784238528697,0.0,0.0,M2-Mono,7.0
JUN,0.2638699457131145,354.567086269673,0.0,0.0,M7-Tcell,11.0
LINC01857,0.3144658610759268,354.50504531658197,0.0,0.0,M5-Bcell,8.0
GAB1,0.2515685289332391,354.439436360966,0.0,0.0,M1-ERY,1.0
STEAP4,0.24678076318289557,354.0812014331497,0.0,0.0,M2-Mono,5.0
TRGV9,0.1927101420956058,353.06587582082284,0.0,0.0,M6-NK,3.0
AC100835.2,0.14079441903963325,352.554781539031,0.0,0.0,M1-ERY,1.0
LIX1-AS1,0.25718251623821275,352.2670087806263,0.0,0.0,M5-Bcell,8.0
SCT,0.3710864833747617,352.0320977856444,0.0,0.0,M5-Bcell,12.0
ADGRE2,0.29480506182625354,351.36402929137546,0.0,0.0,M2-Mono,6.0
DPF3,0.19695742331742078,350.68873227080564,0.0,0.0,M1-ERY,1.0
GSN,0.29554627842327524,350.6660409678753,0.0,0.0,M3-MK,2.0
PRDX2,0.69717060199473,350.13223960538784,0.0,0.0,M1-ERY,4.0
HP,0.7036869608587081,349.4839396015361,0.0,0.0,M2-Mono,6.0
EMILIN2,0.3209627504211274,348.73175963648265,0.0,0.0,M2-Mono,6.0
FOSL2,0.25757406634263563,348.7205986278324,0.0,0.0,M2-Mono,7.0
CFLAR,0.2443677401036329,348.52666752480474,0.0,0.0,M2-Mono,7.0
AC020656.1,0.3904158547608397,348.52485654202775,0.0,0.0,M2-Mono,6.0
ARHGAP6,0.326989061388219,348.3184010234551,0.0,0.0,M3-MK,2.0
AC124947.1,0.1393866468774984,347.96511584174505,0.0,0.0,M1-ERY,1.0
TCL6,0.2178888373583196,347.90991264432733,0.0,0.0,M5-Bcell,8.0
GTDC1,0.19969240873838529,346.93189368563117,0.0,0.0,M2-Mono,5.0
IL1B,0.37468609061908353,346.8690749454967,0.0,0.0,M2-Mono,6.0
TGFBI,0.37423935161988053,346.78836998656567,0.0,0.0,M2-Mono,6.0
SUSD6,0.22642261703760877,346.4684530283706,0.0,0.0,M2-Mono,7.0
FERMT3,0.27780737309370446,345.328246989398,0.0,0.0,M3-MK,2.0
AL627309.5,0.18686899607680435,345.1397594815991,0.0,0.0,M2-Mono,5.0
IRS2,0.28770966910852996,344.23506813507186,0.0,0.0,M2-Mono,7.0
SLC12A6,0.225535573797622,343.4737128580514,0.0,0.0,M2-Mono,5.0
TMEM176A,0.3682689202085607,343.4070558239383,0.0,0.0,M2-Mono,6.0
GFI1B,0.26815531632126666,342.8762915387208,0.0,0.0,M3-MK,2.0
PADI2,0.23821208328664448,342.8518804863539,0.0,0.0,M2-Mono,5.0
TNIK,0.2296083427724835,342.60357169139087,0.0,0.0,M7-Tcell,11.0
FBXO30,0.21614323019556433,342.2866312292897,0.0,0.0,M1-ERY,1.0
CD93,0.29683363965713655,341.354991663204,0.0,0.0,M2-Mono,6.0
SLC7A5,0.23172083551207345,341.31755688070734,0.0,0.0,M1-ERY,1.0
LIN7A,0.21334234639174587,341.27463747560114,0.0,0.0,M2-Mono,5.0
ARMC9,0.1716241621555133,340.7734350717732,0.0,0.0,M7-Tcell,14.0
ATP13A3,0.2792121614299367,339.87189394468373,0.0,0.0,M2-Mono,7.0
CHST15,0.2546710954549616,339.4180209125954,0.0,0.0,M2-Mono,6.0
TMCC3,0.2331818748363096,338.5104484284799,0.0,0.0,M2-Mono,7.0
GSTO1,0.2664893603076123,338.4161146183001,0.0,0.0,M3-MK,2.0
CCR4,0.2180904986087808,338.2971226177025,0.0,0.0,M6-NK,3.0
BEND2,0.14456703760515205,338.0696686367657,0.0,0.0,M3-MK,2.0
RASD1,0.3929431086223195,338.0269377278404,0.0,0.0,M5-Bcell,12.0
PRKCE,0.2798294101178222,337.9299129369677,0.0,0.0,M5-Bcell,8.0
ZDHHC19,0.26054404900097605,337.902235317957,0.0,0.0,M2-Mono,6.0
NFIL3,0.3107793821087568,336.9077066043575,0.0,0.0,M2-Mono,7.0
BMP6,0.1825443840960563,336.63080390837996,0.0,0.0,M3-MK,2.0
ADAM28,0.3152726500507212,336.6005879903398,0.0,0.0,M5-Bcell,8.0
KLRC3,0.2126307936668815,336.51791882263393,0.0,0.0,M6-NK,3.0
MGST3,0.4107964349055825,335.831669194302,0.0,0.0,M1-ERY,10.0
PVALB,0.15163043507288362,335.75593883096985,0.0,0.0,M3-MK,2.0
ANGPTL1,0.2664503935765253,335.65031106314586,0.0,0.0,M5-Bcell,8.0
FBXW7,0.24565610885553713,335.5947011072594,0.0,0.0,M2-Mono,7.0
HDAC4,0.21982926489398813,335.3609179369464,0.0,0.0,M2-Mono,5.0
TBC1D8,0.2546081266172373,335.22191929545994,0.0,0.0,M2-Mono,6.0
IL3RA,0.31271488677557413,335.16681921949845,0.0,0.0,M5-Bcell,12.0
SULT1A1,0.2987145217388542,334.8646794889402,0.0,0.0,M2-Mono,6.0
FHL1,0.22767781416318794,334.77054829126223,0.0,0.0,M3-MK,2.0
ACSL4,0.22471771192515835,334.6757319602317,0.0,0.0,M2-Mono,7.0
ETS2,0.358808402211418,334.5228386422324,0.0,0.0,M2-Mono,7.0
RHOB,0.3938023853438486,334.31175334393043,0.0,0.0,M2-Mono,6.0
CYP27A1,0.28652556697273124,333.50467734996374,0.0,0.0,M2-Mono,6.0
TRAPPC3L,0.14119638736458792,333.07135739817727,0.0,0.0,M3-MK,2.0
TRGV2,0.19654366232515327,332.1474307515171,0.0,0.0,M7-Tcell,11.0
CALD1,0.26247355844552933,331.4849562802202,0.0,0.0,M3-MK,2.0
PDE4B,0.26191867646495737,331.2734324841724,0.0,0.0,M5-Bcell,8.0
HBEGF,0.41083675561676153,330.89700994624764,0.0,0.0,M2-Mono,6.0
IFNGR1,0.257640660195134,329.87012990418486,0.0,0.0,M2-Mono,6.0
DISC1,0.2224036062629285,329.6751544443716,0.0,0.0,M2-Mono,7.0
RSU1,0.23332329430642726,329.4361269848346,0.0,0.0,M3-MK,2.0
FLCN,0.19590460167415952,328.8914898327072,0.0,0.0,M1-ERY,1.0
ANPEP,0.2738063513707861,328.7728527123433,0.0,0.0,M2-Mono,6.0
RAP1GAP2,0.2313370574479072,327.90787272594656,0.0,0.0,M2-Mono,7.0
IQSEC1,0.2406775388327209,327.4535114777049,0.0,0.0,M2-Mono,5.0
AC020916.1,0.255063965941684,326.88466623005127,0.0,0.0,M2-Mono,6.0
PTPN18,0.26554981720264065,326.6660645310032,0.0,0.0,M3-MK,2.0
BMP3,0.20291331867340773,326.58134789061836,0.0,0.0,M5-Bcell,8.0
CRIP2,0.21807566875750867,326.0254256729066,0.0,0.0,M6-NK,3.0
FOSB,0.31951492167552764,325.20265916734854,0.0,0.0,M2-Mono,6.0
C5orf30,0.21234088368892098,324.9054738917617,0.0,0.0,M3-MK,9.0
ITGB5,0.18792641808769472,324.18516177207465,0.0,0.0,M3-MK,2.0
CD1C,0.4571450569114605,324.0421369846552,0.0,0.0,M5-Bcell,8.0
WDFY4,0.2661879385186573,322.1061166900156,0.0,0.0,M5-Bcell,8.0
H1F0,0.3401498040728189,321.91859188704444,0.0,0.0,M1-ERY,10.0
PELI2,0.2165097238338923,321.8784498712651,0.0,0.0,M2-Mono,7.0
FAM110A,0.24829551752840368,319.9607388528217,0.0,0.0,M3-MK,2.0
ZNF185,0.1883319833791139,319.07810369410697,0.0,0.0,M3-MK,2.0
BAZ2B,0.2420680551084642,318.9275663711014,0.0,0.0,M2-Mono,7.0
DNM3,0.2918072326067683,318.2878719263483,0.0,0.0,M3-MK,9.0
ODF3B,0.2949891592333021,316.7579027669876,0.0,0.0,M2-Mono,6.0
PECAM1,0.2826258742380973,315.7261127151349,0.0,0.0,M2-Mono,6.0
MAP3K5,0.23989364449634687,315.4749898129432,0.0,0.0,M2-Mono,7.0
CALM3,0.22774846407631766,315.244060437794,0.0,0.0,M3-MK,2.0
APOBEC3A,0.3191637931435208,315.1886293471844,0.0,0.0,M2-Mono,6.0
BST1,0.3037258357006765,314.86256898605626,0.0,0.0,M2-Mono,6.0
ILK,0.24798381076066128,314.59174329503963,0.0,0.0,M3-MK,2.0
CREM,0.20174409566125784,314.3572291104222,0.0,0.0,M6-NK,3.0
ABHD5,0.24251880221942276,314.3132927104217,0.0,0.0,M2-Mono,6.0
KLRC4,0.20601210221663727,314.17804521594604,0.0,0.0,M6-NK,3.0
ELOVL6,0.14513715504684163,314.01776021173754,0.0,0.0,M1-ERY,1.0
GRIP1,0.2257983813216902,313.84244195819645,0.0,0.0,M7-Tcell,11.0
ZNF331,0.24378422524848017,313.7195296256126,0.0,0.0,M6-NK,3.0
RFESD,0.2983926509154368,313.4578437997224,0.0,0.0,M1-ERY,10.0
BEST3,0.17164417752787448,311.7707096804265,0.0,0.0,M1-ERY,1.0
NARF,0.23319097575591494,311.7559661979167,0.0,0.0,M1-ERY,4.0
GYG1,0.2567461515517267,311.53964159961583,0.0,0.0,M2-Mono,5.0
PTTG1,0.49524147608833363,310.74107600347475,0.0,0.0,M1-ERY,10.0
TRIB1,0.29148958367679306,310.6482121861514,0.0,0.0,M2-Mono,7.0
ITGB1,0.23302354001012024,310.4823542464692,0.0,0.0,M3-MK,2.0
LDLRAD4,0.22155854360282962,310.43656578685227,0.0,0.0,M7-Tcell,11.0
NEXN,0.23831015745289902,310.01318247232774,0.0,0.0,M3-MK,2.0
JDP2,0.29960800107132574,309.17275434625566,0.0,0.0,M2-Mono,6.0
CXCL8,0.3859916868728681,309.1052903339383,0.0,0.0,M2-Mono,6.0
XK,0.24933565299634966,308.8513047029836,0.0,0.0,M1-ERY,4.0
HSPB1,0.26426499217955074,307.89037940788927,0.0,0.0,M7-Tcell,11.0
TGFB1I1,0.17887954636168063,307.13256825605276,0.0,0.0,M3-MK,2.0
AL139020.1,0.1991548725446804,307.12178172776436,0.0,0.0,M5-Bcell,8.0
LPCAT1,0.20171075636816826,307.10344550881655,0.0,0.0,M6-NK,3.0
CD86,0.3537554000612399,306.86411787491716,0.0,0.0,M2-Mono,6.0
ATP1B1,0.25062266208530193,306.82510845194855,0.0,0.0,M3-MK,9.0
HAVCR2,0.21208152980567177,306.7427967848374,0.0,0.0,M6-NK,3.0
CD300A,0.23895653819290857,306.20784600496637,0.0,0.0,M6-NK,3.0
B4GALT5,0.18762489892193496,306.0567293482887,0.0,0.0,M2-Mono,5.0
KLF4,0.32687571895648715,304.7700928386947,0.0,0.0,M2-Mono,6.0
SLAMF7,0.1999306854708177,303.856319512394,0.0,0.0,M6-NK,3.0
FPR2,0.3284544291184756,303.2382516965489,0.0,0.0,M2-Mono,6.0
GTPBP1,0.17856378858693628,302.9345052630244,0.0,0.0,M2-Mono,5.0
EVI5,0.24928220276956248,302.63860650997543,0.0,0.0,M2-Mono,7.0
MARCKS,0.2958235035250955,302.0364044300886,0.0,0.0,M2-Mono,6.0
GALNT5,0.14935069208824964,301.9374971206764,0.0,0.0,M1-ERY,1.0
AP001636.3,0.22897488749639514,301.64987499715085,0.0,0.0,M5-Bcell,8.0
FRY,0.23560901701783965,301.33128888236615,0.0,0.0,M2-Mono,7.0
KDM6A,0.20183406055324382,301.24026146108866,0.0,0.0,M2-Mono,6.0
SLC22A15,0.22648167137171815,301.2047560668222,0.0,0.0,M2-Mono,7.0
ACTN1,0.2357688295453982,301.12330034072295,0.0,0.0,M3-MK,2.0
S100B,0.2710849727639802,301.11140821987857,0.0,0.0,M7-Tcell,11.0
IVNS1ABP,0.21161506248793205,301.0517998305067,0.0,0.0,M2-Mono,7.0
AGPAT4,0.1896484820168975,300.73122362092585,0.0,0.0,M1-ERY,1.0
AMMECR1,0.19613996628334043,298.52309522366295,0.0,0.0,M1-ERY,1.0
SMIM3,0.21524752032647718,297.20327352170415,0.0,0.0,M3-MK,2.0
EDIL3,0.11985021364822751,296.71591000051546,0.0,0.0,M1-ERY,1.0
MMRN1,0.2904149115975282,296.6695059495247,0.0,0.0,M3-MK,2.0
APP,0.2697120959376061,296.5096860915851,0.0,0.0,M5-Bcell,12.0
BEST1,0.2500115517477721,296.4275791535635,0.0,0.0,M2-Mono,6.0
NFAM1,0.25205404341299253,296.2925331002891,0.0,0.0,M2-Mono,6.0
HRH2,0.2654757535678226,296.185055831655,0.0,0.0,M2-Mono,6.0
CTSL,0.2072251629707919,295.5445826023726,0.0,0.0,M1-ERY,4.0
HDAC9,0.2885033075742466,294.7469304361022,0.0,0.0,M5-Bcell,8.0
TLR4,0.2707476878571923,294.5454010210642,0.0,0.0,M2-Mono,6.0
AC007384.1,0.21552435948725143,294.2183365982885,0.0,0.0,M5-Bcell,8.0
PDE5A,0.23736835685991914,293.9081506220562,0.0,0.0,M3-MK,9.0
MINPP1,0.3767936871846315,293.81103358161056,0.0,0.0,M1-ERY,10.0
NFKBIZ,0.2457727943775008,293.69865593242184,0.0,0.0,M2-Mono,7.0
SCN3A,0.24792430598556037,293.39466590579025,0.0,0.0,M5-Bcell,8.0
NCOA1,0.19993534608630525,293.0107634306005,0.0,0.0,M2-Mono,7.0
RHEX,0.43848042590478836,292.7429837137032,0.0,0.0,M5-Bcell,12.0
LINC01871,0.159336120021005,292.469753545155,0.0,0.0,M6-NK,3.0
MFSD1,0.23564187166293027,292.34375286479417,0.0,0.0,M3-MK,2.0
TPM2,0.2514995167327493,292.21708951772007,0.0,0.0,M5-Bcell,12.0
MFSD2B,0.2217402168598975,291.87938666126314,0.0,0.0,M1-ERY,4.0
PPP2R2B,0.1324777420465663,291.8580573668392,0.0,0.0,M6-NK,3.0
SLC24A4,0.25554040879496825,291.81947744473956,0.0,0.0,M2-Mono,6.0
ADAM19,0.21635212063380904,291.7170285260692,0.0,0.0,M5-Bcell,8.0
SMC4,0.22190401086213962,291.16445473867986,0.0,0.0,M7-Tcell,11.0
LINC01934,0.18098023214374234,291.0387548246561,0.0,0.0,M7-Tcell,11.0
HGD,0.12573238731715206,291.0025976381148,0.0,0.0,M3-MK,2.0
CYP1B1,0.31708032575892464,290.7981342415313,0.0,0.0,M2-Mono,6.0
SPX,0.1499333057523875,290.74511119121917,0.0,0.0,M3-MK,2.0
BGLT3,0.11594949642394897,290.689617608307,0.0,0.0,M1-ERY,1.0
PHLPP2,0.16467800790630552,290.6375830373058,0.0,0.0,M1-ERY,1.0
SIRPA,0.24410241416435136,289.32023723039856,0.0,0.0,M2-Mono,6.0
FAAH2,0.1908651303478349,289.0546984595856,0.0,0.0,M7-Tcell,11.0
MYO10,0.1367931139715341,289.048715414978,0.0,0.0,M2-Mono,5.0
IER3,0.28177017384774855,288.424812374948,0.0,0.0,M2-Mono,6.0
CD163,0.33430525921134807,287.4335138857204,0.0,0.0,M2-Mono,6.0
RAB20,0.27202655893877375,287.42162930608777,0.0,0.0,M2-Mono,7.0
SLC43A2,0.24025715397516045,287.29125079814315,0.0,0.0,M2-Mono,6.0
CXCL16,0.3049837555859122,286.6594373408864,0.0,0.0,M2-Mono,6.0
AGTR1,0.18061172728347233,285.0802783988181,0.0,0.0,M1-ERY,1.0
AL136454.1,0.11892935118464916,284.9389898986926,0.0,0.0,M7-Tcell,14.0
AHR,0.2728565312220898,284.66945379612804,0.0,0.0,M2-Mono,6.0
STK3,0.20462188021892236,284.2829234184047,0.0,0.0,M2-Mono,7.0
CHST2,0.17289334404632586,284.1913816942599,0.0,0.0,M6-NK,3.0
CENPF,0.5213358468050562,283.0649688340462,0.0,0.0,M1-ERY,10.0
AC024267.1,0.13701624709897167,282.9332275920598,0.0,0.0,M1-ERY,4.0
SLA2,0.170033403444646,282.78383884310347,0.0,0.0,M6-NK,3.0
AC005050.3,0.14195176987993355,282.39432089324885,0.0,0.0,M2-Mono,6.0
AUTS2,0.20836841934342643,282.2404499508558,0.0,0.0,M6-NK,3.0
CHSY1,0.18159491428889865,281.9795735412301,0.0,0.0,M2-Mono,7.0
FHIT,0.20266252775499474,281.6122649973951,0.0,0.0,M7-Tcell,11.0
SEL1L3,0.24368845968426658,280.86286201482335,0.0,0.0,M5-Bcell,12.0
PTAFR,0.24217355229322327,280.6734383864057,0.0,0.0,M2-Mono,6.0
ANKRD55,0.18787387623449067,280.517377527334,0.0,0.0,M7-Tcell,11.0
TNFRSF18,0.19716871035172892,279.8793798097692,0.0,0.0,M6-NK,3.0
MAPKAPK2,0.1906308046190698,279.63908747433936,0.0,0.0,M2-Mono,7.0
TRDV2,0.15510535426282177,279.38368461904093,0.0,0.0,M7-Tcell,11.0
TBL1X,0.1823071211644335,279.13936349745404,0.0,0.0,M2-Mono,6.0
MIR646HG,0.14124339661778798,278.8778608737771,0.0,0.0,M2-Mono,5.0
NR4A1,0.3506329101429228,278.857457087726,0.0,0.0,M2-Mono,6.0
GAS2L1,0.20900500340073006,278.21395070524625,0.0,0.0,M3-MK,2.0
DUSP5,0.23269366545580789,278.1952166092606,0.0,0.0,M5-Bcell,8.0
IGKV3-20,0.17617937630691152,277.58709966084456,0.0,0.0,M5-Bcell,8.0
HJURP,0.3705836979210699,276.82624391848196,0.0,0.0,M1-ERY,10.0
LINC02432,0.2576696196671715,276.7298516378698,0.0,0.0,M2-Mono,6.0
GK,0.21151744317241739,276.5853588891363,0.0,0.0,M2-Mono,7.0
RANBP10,0.17921143938920325,275.49865920715825,0.0,0.0,M1-ERY,1.0
MLC1,0.18376973343993055,274.6818576233358,0.0,0.0,M6-NK,3.0
PLEKHF2,0.18558574496722074,272.95399512340964,0.0,0.0,M3-MK,9.0
SIRPB1,0.24634684870864146,272.6049753390517,0.0,0.0,M2-Mono,6.0
AF165147.1,0.1454999161190535,271.99129195218035,0.0,0.0,M6-NK,3.0
ZFAT,0.25879014553302987,271.4106897050706,0.0,0.0,M5-Bcell,12.0
GNG8,0.14021754535958927,271.0060566912031,0.0,0.0,M7-Tcell,11.0
TOX2,0.2078988729729718,270.87617906098365,0.0,0.0,M7-Tcell,11.0
LDB2,0.1677816986939648,270.59445598050206,0.0,0.0,M6-NK,3.0
JAZF1,0.19983014611512817,270.2565110306453,0.0,0.0,M5-Bcell,8.0
ACER3,0.21400344936125168,270.1864320493016,0.0,0.0,M2-Mono,7.0
RAMP1,0.19205873178059585,269.58715349064846,0.0,0.0,M6-NK,3.0
ANK2,0.13649829778468975,269.101506517517,0.0,0.0,M7-Tcell,14.0
KRT1,0.25905745984376893,268.43844519071627,0.0,0.0,M1-ERY,4.0
SLC25A21,0.32667320603676164,268.05747644725653,0.0,0.0,M1-ERY,10.0
TAFA1,0.1604738105486026,267.9438243095011,0.0,0.0,M7-Tcell,11.0
NUSAP1,0.5028251383604079,267.6911109224851,0.0,0.0,M1-ERY,10.0
TUBB2A,0.19167023345380838,267.6179803130523,0.0,0.0,M1-ERY,4.0
LINC02772,0.12321953827233778,267.35228840541726,0.0,0.0,M1-ERY,1.0
KCNE3,0.2599530037419072,267.2963758770756,0.0,0.0,M2-Mono,6.0
SLC6A9,0.14903860243391703,266.3394993149249,0.0,0.0,M1-ERY,1.0
SYTL4,0.1889246404440692,265.99702481288233,0.0,0.0,M3-MK,2.0
ZNF462,0.2015503050029395,265.3664940849568,0.0,0.0,M6-NK,3.0
HDC,0.4598014961831929,264.4624570131891,0.0,0.0,M4-STEM,13.0
CD226,0.17875403171717677,264.2011321430653,0.0,0.0,M3-MK,9.0
MPL,0.19049377322157363,264.028920071657,0.0,0.0,M3-MK,2.0
VPREB1,0.2514530028487592,263.92881640065747,0.0,0.0,M5-Bcell,8.0
SLC6A8,0.22879289164675415,263.8983525921666,0.0,0.0,M1-ERY,4.0
SPINK2,0.6710821799729944,263.89360812854983,0.0,0.0,M4-STEM,13.0
A2M,0.21025097337069043,263.87555695867167,0.0,0.0,M7-Tcell,11.0
ANTXR2,0.20089795124189885,263.8462249626917,0.0,0.0,M2-Mono,7.0
SEC14L1,0.19865291281112768,263.693529830974,0.0,0.0,M2-Mono,6.0
SETBP1,0.21538011938382404,263.61237711119526,0.0,0.0,M5-Bcell,8.0
SYTL2,0.17742039875903629,263.2209434096245,0.0,0.0,M6-NK,3.0
SIPA1L3,0.2153024698024041,263.0812011762645,0.0,0.0,M5-Bcell,8.0
ADAM23,0.19481616727179432,262.85544776772986,0.0,0.0,M5-Bcell,8.0
LCN8,0.16186095636311806,262.6682651933755,0.0,0.0,M5-Bcell,8.0
JAK2,0.23377943027862202,262.44485190924576,0.0,0.0,M2-Mono,7.0
PTPRK,0.20623794672304913,262.35067764149585,0.0,0.0,M5-Bcell,8.0
PRKCD,0.23789508274152718,261.26010924602616,0.0,0.0,M2-Mono,6.0
ARRB1,0.2286134549879959,261.203245007491,0.0,0.0,M2-Mono,6.0
LINC01001,0.1642256870286957,259.7043560600337,0.0,0.0,M2-Mono,5.0
SOCS3,0.2633102530949377,259.4906309169904,0.0,0.0,M2-Mono,7.0
RUNDC3A,0.1992475919193644,259.0054919629401,0.0,0.0,M1-ERY,4.0
ASPH,0.1849277272119665,258.08670841609904,0.0,0.0,M2-Mono,7.0
EPB41L3,0.28325786170792705,257.31099162877064,0.0,0.0,M2-Mono,6.0
ID3,0.22263227981866673,257.25199119356546,0.0,0.0,M7-Tcell,11.0
AQP10,0.12134881495385681,257.11420723805236,0.0,0.0,M3-MK,2.0
LINC01505,0.14836192029607517,257.0958261241666,0.0,0.0,M6-NK,3.0
AC093865.1,0.17802904745913345,256.7671993622484,0.0,0.0,M7-Tcell,11.0
RSAD2,0.1817654999544263,256.57893741113287,0.0,0.0,M1-ERY,1.0
IRF4,0.246971514627133,256.4173047500539,0.0,0.0,M5-Bcell,12.0
SERPINI1,0.1767297087817417,255.84028185236275,0.0,0.0,M1-ERY,4.0
DSC2,0.22517901458502745,255.62038230623034,0.0,0.0,M2-Mono,6.0
DNASE1L3,0.26883947621505344,254.66123069927767,0.0,0.0,M5-Bcell,12.0
MFSD14B,0.18177612688271994,253.45277181707456,0.0,0.0,M2-Mono,7.0
CLEC10A,0.6255310907452767,253.08404936457828,0.0,0.0,M5-Bcell,8.0
SOCS2,0.2615979984422066,252.51372653658552,0.0,0.0,M4-STEM,13.0
MACROD2,0.1697475677905191,252.33318456003485,0.0,0.0,M5-Bcell,8.0
RUNX2,0.25736431343583926,252.16186380391565,0.0,0.0,M5-Bcell,12.0
IL4R,0.15752532615476916,251.3032431818328,0.0,0.0,M2-Mono,7.0
PTGER2,0.1952142656950656,251.17374742762323,0.0,0.0,M6-NK,3.0
AC089983.1,0.18925890202094936,250.027130735387,0.0,0.0,M7-Tcell,14.0
NBEAL2,0.1802475339828249,249.97708508125277,0.0,0.0,M2-Mono,6.0
SRGAP2,0.23504106934045663,249.6931413722925,0.0,0.0,M2-Mono,6.0
CCL4L2,0.11708340837080412,249.6489161490402,0.0,0.0,M6-NK,3.0
DENND2C,0.13666030294533577,249.5632014993315,0.0,0.0,M3-MK,9.0
HHEX,0.21187389458893377,249.36637034646114,0.0,0.0,M5-Bcell,8.0
LGALS12,0.15754938676992808,249.2440763247992,0.0,0.0,M3-MK,2.0
TNFRSF4,0.15257416878064417,249.14050787800127,0.0,0.0,M6-NK,3.0
E2F2,0.1900858092468304,248.97538426516476,0.0,0.0,M1-ERY,4.0
SLC49A4,0.18958175600611715,248.94768908444357,0.0,0.0,M2-Mono,7.0
PZP,0.2023444542090803,248.36793982228423,0.0,0.0,M7-Tcell,11.0
NLRP12,0.20543664732933944,248.13273312717612,0.0,0.0,M2-Mono,6.0
PTGS2,0.26015414657923425,248.0355298080049,0.0,0.0,M2-Mono,6.0
ASPM,0.557966689387361,247.86024178838568,0.0,0.0,M1-ERY,10.0
SRGAP2B,0.2291526484907065,247.85411847741113,0.0,0.0,M2-Mono,6.0
MSRA,0.16289552590279666,247.84350591517048,0.0,0.0,M2-Mono,5.0
KIFC3,0.14827900792920526,247.80467838512277,0.0,0.0,M3-MK,2.0
SLC1A3,0.11982617597208554,247.8022667407338,0.0,0.0,M2-Mono,7.0
SPOCD1,0.10624006444130865,247.5126765155677,0.0,0.0,M3-MK,2.0
SLFN12L,0.15862091049229382,247.45829284433566,0.0,0.0,M6-NK,3.0
IFRD1,0.16696266159253956,247.31216151179228,0.0,0.0,M5-Bcell,8.0
C9orf153,0.11731366935448165,247.2494721440178,0.0,0.0,M1-ERY,1.0
TMPRSS9,0.21062048775631534,246.81566692467695,0.0,0.0,M1-ERY,4.0
NT5M,0.1910082914020769,246.10453270953923,0.0,0.0,M3-MK,2.0
DAPP1,0.20478658524181678,245.54633814051255,0.0,0.0,M5-Bcell,8.0
TMTC2,0.1999918046620481,245.39913474632095,0.0,0.0,M2-Mono,6.0
QSOX2,0.16168245841713041,244.91740105335685,0.0,0.0,M1-ERY,1.0
OSBPL5,0.15332749630349382,244.85601915501806,0.0,0.0,M6-NK,3.0
SLC2A1-AS1,0.13011522884664783,244.45444560883377,0.0,0.0,M1-ERY,1.0
GBP5,0.17842360023832335,244.2650539632147,0.0,0.0,M6-NK,3.0
SH3BP5,0.2045192606861079,244.13474613433246,0.0,0.0,M5-Bcell,8.0
ARL15,0.176013102178079,244.1080019946687,0.0,0.0,M2-Mono,6.0
GK5,0.15591101856473827,243.84982721815612,0.0,0.0,M6-NK,3.0
ENHO,0.4744905607930801,243.81301235910652,0.0,0.0,M5-Bcell,8.0
ZNF385B,0.11585494004484809,243.19271054814894,0.0,0.0,M1-ERY,10.0
BTBD11,0.1800314969553815,243.0417835213495,0.0,0.0,M7-Tcell,11.0
TUBB3,0.1881362659925047,243.0416185717864,0.0,0.0,M5-Bcell,8.0
SLCO4C1,0.1452555335074366,241.39599466842895,0.0,0.0,M2-Mono,6.0
PCSK5,0.17535889970728094,241.20874576247184,0.0,0.0,M2-Mono,6.0
MAP1A,0.22637122512700664,241.03630658597586,0.0,0.0,M5-Bcell,12.0
CAMKMT,0.14647371540624612,240.42241057763854,0.0,0.0,M1-ERY,1.0
PTPRF,0.11576202180331863,240.38747527567202,0.0,0.0,M1-ERY,1.0
CPNE5,0.1645676505154682,240.36436382897222,0.0,0.0,M5-Bcell,8.0
F5,0.20918022569142605,240.24094004219182,0.0,0.0,M2-Mono,6.0
MX1,0.26001772843742854,239.79301921805364,0.0,0.0,M2-Mono,6.0
ATP10A,0.16992720412903442,238.9630067747522,0.0,0.0,M7-Tcell,11.0
S100Z,0.21678818048397763,238.85475867400902,0.0,0.0,M2-Mono,6.0
LMNA,0.2769239428942804,238.84337843081835,0.0,0.0,M3-MK,2.0
AL136018.1,0.13202736691933528,238.57506372964656,0.0,0.0,M6-NK,3.0
ARHGAP18,0.2043728774987715,238.0965567391367,0.0,0.0,M3-MK,2.0
SLC24A3,0.2761899865575207,238.09485499873276,0.0,0.0,M4-STEM,13.0
KCNE1,0.1819620087706392,237.62151081274322,0.0,0.0,M2-Mono,7.0
CTBP2,0.18003291864997967,236.98387336521415,0.0,0.0,M2-Mono,7.0
SLC6A6,0.15923648415401848,236.62550372164532,0.0,0.0,M2-Mono,7.0
ODC1,0.20737742196626463,236.25529538287435,0.0,0.0,M5-Bcell,8.0
ATP8B4,0.2718637359654052,235.64024116858448,0.0,0.0,M2-Mono,6.0
CLEC4D,0.2106103802775756,235.58920039538097,0.0,0.0,M2-Mono,6.0
ZNF407,0.15359717832429717,234.97901666610625,0.0,0.0,M2-Mono,6.0
SORT1,0.1800040894128837,234.81249936177554,0.0,0.0,M2-Mono,7.0
CARD19,0.18093038475866385,234.67956470593035,0.0,0.0,M3-MK,2.0
BCAS3,0.14765426165403395,234.6180144141258,0.0,0.0,M2-Mono,6.0
CASC15,0.23893238560694724,234.5555715020873,0.0,0.0,M7-Tcell,11.0
CTDSPL,0.21945123165549832,234.50898838582754,0.0,0.0,M3-MK,2.0
KLF10,0.23805682923272967,233.8988131835976,0.0,0.0,M2-Mono,6.0
SDC2,0.15266403323802788,233.33747495794844,0.0,0.0,M2-Mono,6.0
TLE3,0.17121650090547286,233.09804175620926,0.0,0.0,M2-Mono,7.0
LANCL3,0.13192174541231874,232.83607448645975,0.0,0.0,M3-MK,9.0
NCAM2,0.11448913299863106,232.26375668857324,0.0,0.0,M5-Bcell,8.0
PLOD2,0.13998065168655668,232.00361449534165,0.0,0.0,M3-MK,2.0
MEIS1,0.34958664976249654,231.4413261270041,0.0,0.0,M4-STEM,13.0
RRM2,0.5238111648892637,230.8324061264243,0.0,0.0,M1-ERY,10.0
ACSM3,0.20079703239695257,230.2076611908295,0.0,0.0,M5-Bcell,8.0
SERPINE1,0.14943935943291597,229.50276258805118,0.0,0.0,M3-MK,9.0
NACC2,0.19707449808724992,229.3623228828885,0.0,0.0,M2-Mono,6.0
SAV1,0.18081882095373153,228.73465130595204,0.0,0.0,M5-Bcell,8.0
SASH1,0.26140162604010186,228.56441445047915,0.0,0.0,M2-Mono,6.0
GATA1,0.3552111155826979,228.22035123347823,0.0,0.0,M1-ERY,4.0
XIST,0.1850779948109083,228.0756756921015,0.0,0.0,M6-NK,3.0
EGLN3,0.1594294047819317,227.93652035342802,0.0,0.0,M3-MK,9.0
KNL1,0.3560332361856649,227.84325216486403,0.0,0.0,M1-ERY,10.0
AREG,0.32908724573884546,226.7065246754727,0.0,0.0,M6-NK,3.0
TBC1D9,0.21042020744489573,226.59102280649336,0.0,0.0,M5-Bcell,8.0
EGF,0.1390671142818971,226.45188912706467,0.0,0.0,M3-MK,2.0
CENPE,0.3977712667846835,226.12059501488073,0.0,0.0,M1-ERY,10.0
EGFL7,0.3736466125847263,226.10270078956526,0.0,0.0,M4-STEM,13.0
AC010615.2,0.16698249175130625,225.8227165454781,0.0,0.0,M1-ERY,1.0
GRB10,0.16482408597479525,225.69687355981918,0.0,0.0,M2-Mono,6.0
TAB3,0.14524230287714252,225.4156697336121,0.0,0.0,M1-ERY,1.0
HIST1H1E,0.2571700910219626,224.65149824680077,0.0,0.0,M1-ERY,10.0
FAR2,0.16678510272943423,224.64632455453136,0.0,0.0,M2-Mono,7.0
MYO1C,0.16947493709554298,224.43651186613303,0.0,0.0,M5-Bcell,8.0
CD58,0.1848272348615952,224.38687360262674,0.0,0.0,M2-Mono,7.0
ABLIM3,0.11706713675208166,224.01330919004945,0.0,0.0,M3-MK,2.0
IGFBP4,0.17876841565681023,223.51498560387134,0.0,0.0,M5-Bcell,8.0
ISG15,0.21505538545026215,223.21097274081916,0.0,0.0,M2-Mono,6.0
MARC1,0.20029855308006228,223.0494880111098,0.0,0.0,M2-Mono,6.0
AL163932.1,0.12692953777594193,222.98658621319777,0.0,0.0,M7-Tcell,11.0
LUCAT1,0.17840081141218253,222.73754967527705,0.0,0.0,M2-Mono,6.0
SPINT2,0.21259273378323235,222.50505868423997,0.0,0.0,M3-MK,2.0
TENM1,0.14531060707774385,222.3640899841349,0.0,0.0,M7-Tcell,11.0
AL589693.1,0.36503274346110576,221.90927818226868,0.0,0.0,M7-Tcell,11.0
DOK3,0.19840824112362826,221.75247614900877,0.0,0.0,M2-Mono,6.0
LINC00877,0.1960091750066271,221.7215905438597,0.0,0.0,M2-Mono,6.0
FRMD4A,0.14360003334042368,221.6109880969914,0.0,0.0,M1-ERY,1.0
UBE2S,0.2793119373398772,221.3324754398128,0.0,0.0,M1-ERY,10.0
MGLL,0.20183000354275304,220.94497573083885,0.0,0.0,M3-MK,2.0
FCER1A,0.54602052896439,220.68441450572368,0.0,0.0,M5-Bcell,8.0
ORM1,0.19544863081195166,220.49094816132185,0.0,0.0,M2-Mono,6.0
TUBA1C,0.2665386493414535,220.41650187026374,0.0,0.0,M3-MK,2.0
REPS2,0.14881746358215076,220.40277207974464,0.0,0.0,M2-Mono,7.0
AC005392.2,0.20538335273651917,219.8954783935935,0.0,0.0,M2-Mono,6.0
BTK,0.1966034555326016,219.81636712095525,0.0,0.0,M5-Bcell,8.0
SLC16A3,0.1891403863288346,219.6750285667049,0.0,0.0,M2-Mono,7.0
BHLHE40,0.1813087468594847,219.59862335332576,0.0,0.0,M6-NK,3.0
AL109809.5,0.11570324769214288,218.6369021142242,0.0,0.0,M2-Mono,5.0
MBOAT2,0.24299208911127895,218.6240870267334,0.0,0.0,M1-ERY,10.0
TFPI,0.21592395852279456,218.36115509014493,0.0,0.0,M4-STEM,13.0
PDGFC,0.17353544577526203,218.3572328939272,0.0,0.0,M2-Mono,6.0
STRN3,0.15151527722814592,218.31998059570427,0.0,0.0,M1-ERY,1.0
FAM160A1,0.21692654246724988,218.04053667816126,0.0,0.0,M5-Bcell,12.0
AGO4,0.16731947051823373,217.90595531867783,0.0,0.0,M2-Mono,6.0
PPARG,0.16794027247291243,217.89583669514144,0.0,0.0,M2-Mono,6.0
TTTY10,0.10316788837529048,217.70417881942691,0.0,0.0,M1-ERY,1.0
AP001189.3,0.10876701152679277,216.96027844966065,0.0,0.0,M3-MK,2.0
QSOX1,0.1650777396364227,216.9022683498535,0.0,0.0,M2-Mono,7.0
AC008763.1,0.1125034172371005,216.82197804072644,0.0,0.0,M3-MK,2.0
P2RX1,0.18260659964017886,216.23233958940415,0.0,0.0,M3-MK,9.0
CMTM2,0.14996245980550205,216.04763016485404,0.0,0.0,M2-Mono,6.0
CYB5R3,0.16373080657889025,215.76126680126563,0.0,0.0,M3-MK,2.0
SERPINB6,0.24056277805894333,215.70811392267902,0.0,0.0,M3-MK,9.0
RYBP,0.15687715801749358,215.64166894546315,0.0,0.0,M2-Mono,7.0
IL23R,0.16384344374041554,214.70793406445594,0.0,0.0,M6-NK,3.0
FCRL5,0.22262575749885455,214.69716304455818,0.0,0.0,M5-Bcell,8.0
STEAP1B,0.13247307066228123,214.02879461717677,0.0,0.0,M7-Tcell,14.0
HIST1H2AJ,0.4150981337208055,213.92859016287517,0.0,0.0,M1-ERY,10.0
DTX1,0.16505879845044993,213.9275095798565,0.0,0.0,M5-Bcell,8.0
CRISPLD2,0.1691983645858908,213.8555669720356,0.0,0.0,M2-Mono,6.0
NRG1,0.20562512305709754,213.8286444066001,0.0,0.0,M2-Mono,6.0
FOLR3,0.1895619204223167,213.3349226870558,0.0,0.0,M2-Mono,6.0
LINC01002,0.12263103795924098,212.96305153084248,0.0,0.0,M2-Mono,5.0
ARHGAP42,0.1411934318555305,212.86647922886533,0.0,0.0,M1-ERY,1.0
LNX2,0.13245661827192176,212.65759053703442,0.0,0.0,M1-ERY,1.0
ATP1B3,0.3007075856104478,212.55730206635144,0.0,0.0,M2-Mono,6.0
LINC02284,0.1768159655849105,212.46875706135407,0.0,0.0,M3-MK,9.0
GPRIN3,0.16029019987600304,212.43144393113454,0.0,0.0,M6-NK,3.0
SCART1,0.1500190056957036,212.3626114866631,0.0,0.0,M6-NK,3.0
ANKS1A,0.1591100810590447,212.33060390374277,0.0,0.0,M2-Mono,7.0
DDI2,0.152431427962897,212.18941472255935,0.0,0.0,M1-ERY,1.0
AP003086.1,0.19070908708097822,212.08149934853006,0.0,0.0,M2-Mono,6.0
RFX2,0.16771686176173112,211.81266070412372,0.0,0.0,M2-Mono,7.0
PRC1,0.36734008060394946,211.61582961247515,0.0,0.0,M1-ERY,10.0
NRIP1,0.3789676065069817,211.06487064977023,0.0,0.0,M4-STEM,13.0
ALDH1A1,0.23689632894619875,210.63469911065215,0.0,0.0,M2-Mono,6.0
DGAT2,0.16991055118516457,210.42621441207757,0.0,0.0,M2-Mono,6.0
ACSL3,0.1845629105730067,210.39455276033013,0.0,0.0,M2-Mono,7.0
TPX2,0.5325303962722883,210.30410784430342,0.0,0.0,M1-ERY,10.0
PRDM16,0.21675108832953788,210.2728644766387,0.0,0.0,M6-NK,3.0
CKB,0.3518202381738636,209.98880074435885,0.0,0.0,M2-Mono,6.0
CYP4F3,0.09293682349109388,209.4511834183968,0.0,0.0,M2-Mono,6.0
EHD3,0.1419302761626379,209.27094587810564,0.0,0.0,M3-MK,2.0
KIAA0513,0.18000097677749136,208.57939714068405,0.0,0.0,M2-Mono,6.0
TRIO,0.17947091276014424,208.5463841883225,0.0,0.0,M5-Bcell,8.0
CORO1C,0.18561705044498383,208.24528920745482,0.0,0.0,M3-MK,9.0
LINC00910,0.16799274057255634,207.99822295621192,0.0,0.0,M2-Mono,6.0
GSAP,0.1517593638478759,207.9426366436518,0.0,0.0,M6-NK,3.0
RIN2,0.18423310946321375,206.55121685231515,0.0,0.0,M2-Mono,6.0
TEX14,0.17423277514148752,206.40715102905665,0.0,0.0,M2-Mono,6.0
ITSN1,0.15060622587732322,206.1951667773933,0.0,0.0,M1-ERY,4.0
TRIM25,0.14212926746140092,206.0818844880221,0.0,0.0,M2-Mono,7.0
IFI44L,0.22062432111802244,206.07530260202245,0.0,0.0,M2-Mono,6.0
NKAIN2,0.7172704192073911,206.06149492797533,0.0,0.0,M4-STEM,13.0
AC099489.1,0.07932659363380018,205.59480606546066,0.0,0.0,M2-Mono,6.0
ZNF710,0.16999146303014515,205.05504532081713,0.0,0.0,M2-Mono,6.0
MSI2,0.20416994656142587,204.90012430362324,0.0,0.0,M7-Tcell,11.0
KLHL14,0.2760327178734209,204.8944591417955,0.0,0.0,M5-Bcell,8.0
AMN,0.1490793548741364,204.75788109699442,0.0,0.0,M5-Bcell,8.0
DLGAP5,0.46857596380774624,204.1544937368382,0.0,0.0,M1-ERY,10.0
PGS1,0.14665402026647523,203.8475464023457,0.0,0.0,M2-Mono,7.0
SMYD3,0.15814501618761595,203.7096673807469,0.0,0.0,M7-Tcell,11.0
KSR1,0.15489424005864902,203.68697173682412,0.0,0.0,M2-Mono,6.0
PEG10,0.12811761117522596,203.41155468051323,0.0,0.0,M5-Bcell,8.0
KIAA0232,0.1406856485190049,203.37121904037014,0.0,0.0,M1-ERY,4.0
SGMS2,0.19545589010575234,202.92933677778083,0.0,0.0,M2-Mono,6.0
FXYD2,0.19624062912629947,202.7264422583201,0.0,0.0,M6-NK,3.0
LAPTM4B,0.44410013906854423,202.27013281339595,0.0,0.0,M4-STEM,13.0
ARG2,0.1289245289822252,201.9665913766103,0.0,0.0,M3-MK,2.0
CXCL3,0.20223637950443055,201.8666534353527,0.0,0.0,M3-MK,9.0
GADD45A,0.1582625634514791,201.71600106232117,0.0,0.0,M1-ERY,4.0
FCGR2B,0.1890397565474493,201.03133154727556,0.0,0.0,M5-Bcell,8.0
DGKD,0.147212976509297,200.92817750687303,0.0,0.0,M5-Bcell,8.0
CD34,0.6516764454023143,200.50084815246674,0.0,0.0,M4-STEM,13.0
B3GNT5,0.16333178166865314,199.81701726425794,0.0,0.0,M2-Mono,7.0
CSF2RB,0.1809995595592191,199.66702801220754,0.0,0.0,M2-Mono,6.0
TSHZ3,0.1417510279351411,198.85910638246767,0.0,0.0,M2-Mono,7.0
HMGB2,0.36222859590622164,198.7634857971546,0.0,0.0,M1-ERY,10.0
PRR5L,0.12024255630640072,198.55346079208428,0.0,0.0,M6-NK,3.0
NEDD4L,0.11767453748696541,198.3698386707664,0.0,0.0,M1-ERY,1.0
GADD45B,0.15073540368900842,198.0183853644019,0.0,0.0,M6-NK,3.0
IFI6,0.18508613199714494,197.94123941108472,0.0,0.0,M2-Mono,6.0
SAMD14,0.1171868439516413,197.68394848750327,0.0,0.0,M3-MK,9.0
PMAIP1,0.15374129994496094,197.5159964837561,0.0,0.0,M5-Bcell,8.0
AC009093.2,0.183946748669636,197.43044996719618,0.0,0.0,M2-Mono,6.0
AC127502.2,0.1358978863950352,196.74229128559492,0.0,0.0,M3-MK,2.0
TNFRSF11A,0.13726705350863846,196.64163398104688,0.0,0.0,M6-NK,3.0
CRHBP,0.510641852440349,196.48764818861167,0.0,0.0,M4-STEM,13.0
FSIP1,0.17672037919266745,196.43159614280694,0.0,0.0,M2-Mono,6.0
KCNH8,0.1567784105385409,196.0718187945989,0.0,0.0,M5-Bcell,8.0
TMEM91,0.15296588749013082,195.34620806482872,0.0,0.0,M3-MK,9.0
RBPMS2,0.21024245824265858,195.3299877849718,0.0,0.0,M3-MK,9.0
PERP,0.10441745809613354,195.0369432597252,0.0,0.0,M7-Tcell,11.0
MKI67,0.5091095420553386,194.62814887577616,0.0,0.0,M1-ERY,10.0
LPAR1,0.16306647681761796,194.41362439916452,0.0,0.0,M2-Mono,6.0
TRGV4,0.10910989431991286,193.74840428891986,0.0,0.0,M7-Tcell,11.0
AC243829.1,0.1059517957837738,193.51041133469442,0.0,0.0,M6-NK,3.0
ABHD2,0.14501792616163406,193.4361464674371,0.0,0.0,M2-Mono,7.0
STMN1,0.39121053623645996,193.4224231560735,0.0,0.0,M1-ERY,10.0
PLD1,0.16514618892051602,193.30193256237908,0.0,0.0,M2-Mono,6.0
TTN,0.17098808957244702,193.2571518109496,0.0,0.0,M5-Bcell,8.0
CHSY3,0.11543682471167428,192.70198209187723,0.0,0.0,M6-NK,3.0
NORAD,0.15091664031344393,192.08221107654018,0.0,0.0,M3-MK,2.0
PLXNA4,0.12875910247273742,192.02237795256232,0.0,0.0,M6-NK,3.0
CD151,0.15673671615828302,191.92930691214866,0.0,0.0,M3-MK,2.0
TECPR2,0.11756245212752436,191.39106288332775,0.0,0.0,M2-Mono,7.0
FMN1,0.1913496655989729,191.09504434736408,0.0,0.0,M2-Mono,6.0
LPCAT2,0.1793334855187059,190.63429714672336,0.0,0.0,M2-Mono,6.0
CASP3,0.15069195730537766,190.55323561459883,0.0,0.0,M3-MK,9.0
E2F1,0.18716300011646064,190.4305998823666,0.0,0.0,M3-MK,9.0
AC108879.1,0.12823652973836425,189.835720039926,0.0,0.0,M5-Bcell,8.0
KCNQ5,0.21778271369196514,189.72129200810045,0.0,0.0,M5-Bcell,8.0
ATP6V0A1,0.1418668080898813,189.71492791868812,0.0,0.0,M1-ERY,4.0
PARD3,0.1354308573229321,189.6611791069764,0.0,0.0,M7-Tcell,11.0
HMMR,0.42520526917109075,189.60581888501122,0.0,0.0,M1-ERY,10.0
SLC22A4,0.1380497964462523,189.49053297822329,0.0,0.0,M1-ERY,4.0
IL1RN,0.18607752810920392,188.9527637264631,0.0,0.0,M2-Mono,6.0
FGF13,0.0696315183857694,188.23585820765211,0.0,0.0,M2-Mono,6.0
ANO6,0.1478490541440923,187.49606100023885,0.0,0.0,M3-MK,9.0
IPMK,0.1476077855926356,187.1997565159859,0.0,0.0,M2-Mono,7.0
PDZK1IP1,0.09530378066157084,186.87544722942914,0.0,0.0,M3-MK,2.0
AC103876.1,0.16750247790363934,186.85904533224826,0.0,0.0,M1-ERY,10.0
AC243829.4,0.10822653154203116,186.7030256876611,0.0,0.0,M6-NK,3.0
FAM153CP,0.08298059943337625,186.66342604670695,0.0,0.0,M7-Tcell,14.0
TPK1,0.12255397920321456,186.43846166669167,0.0,0.0,M2-Mono,7.0
NHSL2,0.15351179576021445,186.2532008149645,0.0,0.0,M2-Mono,6.0
DAPK1,0.1883568657397993,186.23003490323717,0.0,0.0,M2-Mono,6.0
SLC4A4,0.10728497654494472,185.70470928326378,0.0,0.0,M6-NK,3.0
TBC1D22B,0.12483196387988958,185.5009336162199,0.0,0.0,M1-ERY,1.0
GFOD1,0.12063142899021083,184.57923640938398,0.0,0.0,M6-NK,3.0
CLIC4,0.16181089543341648,184.5194324321766,0.0,0.0,M5-Bcell,8.0
EPHA4,0.12747929695271717,184.129016164775,0.0,0.0,M5-Bcell,8.0
PFKFB4,0.1473583100519254,183.6137809241781,0.0,0.0,M2-Mono,6.0
IGKV1D-39,0.1254176286461519,183.45343472427703,0.0,0.0,M5-Bcell,8.0
ADAM9,0.1359043987471215,183.40733089346472,0.0,0.0,M2-Mono,7.0
MLH3,0.12498737404937987,183.23269371396836,0.0,0.0,M3-MK,2.0
CDK1,0.41008427894498284,182.98364508285007,0.0,0.0,M1-ERY,10.0
HBZ,0.19684339917443133,182.85644208432862,0.0,0.0,M1-ERY,4.0
DGKG,0.17902912779765406,181.97682373071285,0.0,0.0,M2-Mono,6.0
BTRC,0.12240137044690294,181.4636666249185,0.0,0.0,M1-ERY,1.0
FAM30A,0.2518262378350354,180.76073086309808,0.0,0.0,M4-STEM,13.0
GPAT3,0.17791748114517447,180.67075901121677,0.0,0.0,M2-Mono,6.0
OXTR,0.10071119731419509,180.01326224138967,0.0,0.0,M3-MK,2.0
DIAPH3,0.3666962433580715,179.79485392487197,0.0,0.0,M1-ERY,10.0
ECE1,0.126261203904649,179.79407537075443,0.0,0.0,M2-Mono,7.0
LIPH,0.08965545267230203,179.5636276866421,0.0,0.0,M3-MK,9.0
KREMEN1,0.11328120127654184,179.08233661138115,0.0,0.0,M1-ERY,10.0
ZMAT4,0.10877081088312154,178.70894742437858,0.0,0.0,M6-NK,3.0
KLF7,0.1266455861634331,178.31282597119923,0.0,0.0,M2-Mono,7.0
LGR6,0.08114225069405817,177.77616138799726,0.0,0.0,M6-NK,3.0
PKHD1L1,0.21282750181564497,177.73844627798735,0.0,0.0,M3-MK,9.0
AP001977.1,0.05344055435168444,177.18000339863437,0.0,0.0,M2-Mono,6.0
CDCA2,0.30275778059543346,176.81136147418934,0.0,0.0,M1-ERY,10.0
IMMP2L,0.15013373172645933,176.60274262346545,0.0,0.0,M7-Tcell,11.0
KLHL35,0.10605601357040524,176.21565990416462,0.0,0.0,M3-MK,2.0
SPDYC,0.0756071829069117,176.19393215440016,0.0,0.0,M3-MK,2.0
CIT,0.252928875838633,176.04006191855942,0.0,0.0,M1-ERY,10.0
TLR8,0.15101486231545355,175.88710208711564,0.0,0.0,M2-Mono,6.0
ABR,0.14590867427051918,175.41173729252114,0.0,0.0,M2-Mono,6.0
CD82,0.1725278539761684,175.31225031292095,0.0,0.0,M5-Bcell,8.0
SGK1,0.18991717793424423,174.84646799123672,0.0,0.0,M2-Mono,6.0
APOBR,0.14614760219995265,174.79141966272135,0.0,0.0,M2-Mono,6.0
MAST4,0.1275665551478424,174.74809164008911,0.0,0.0,M7-Tcell,11.0
AC015849.1,0.08049443228929816,174.45320101641062,0.0,0.0,M6-NK,3.0
MEG3,0.17137780373765532,174.18866557777272,0.0,0.0,M4-STEM,13.0
KLK1,0.12646885945793118,174.0087234855671,0.0,0.0,M5-Bcell,8.0
CDC14B,0.12722867836444424,173.56757464422813,0.0,0.0,M3-MK,2.0
ABCA1,0.13272161314326217,173.40365129312633,0.0,0.0,M5-Bcell,8.0
PROS1,0.12385407239968632,173.2401770316406,0.0,0.0,M3-MK,9.0
PCNX2,0.10176140373835356,173.22904891786874,0.0,0.0,M7-Tcell,14.0
INPP5A,0.13206583133061311,173.15399619776852,0.0,0.0,M5-Bcell,8.0
CCPG1,0.13677908709400735,172.5179391106872,0.0,0.0,M2-Mono,6.0
DNAJB1,0.14170052106248626,172.4485375759854,0.0,0.0,M7-Tcell,11.0
CXCR6,0.150304320905714,172.36163437531002,0.0,0.0,M6-NK,3.0
ICAM1,0.15017431989073052,172.15754019701143,0.0,0.0,M2-Mono,6.0
MKNK1,0.120115733374121,171.40673480585005,0.0,0.0,M2-Mono,7.0
NRP1,0.1847003942094387,171.39436885275072,0.0,0.0,M5-Bcell,12.0
VNN3,0.1307754127739979,171.0622751569738,0.0,0.0,M2-Mono,6.0
IGKV1-39,0.13685181272385594,170.8374556864412,0.0,0.0,M5-Bcell,8.0
PPP1R16B,0.12578703134889768,170.66904429420146,0.0,0.0,M6-NK,3.0
RAB37,0.12286031534344061,170.55205241672317,0.0,0.0,M3-MK,2.0
HIST1H2AM,0.19040451382058146,169.92149259731798,0.0,0.0,M1-ERY,10.0
PPP1R9A,0.13893739381157508,169.90061711338853,0.0,0.0,M6-NK,3.0
GCLM,0.15117471028962834,169.56692621564844,0.0,0.0,M1-ERY,10.0
LMTK2,0.11144735903618992,169.1002079725327,0.0,0.0,M2-Mono,7.0
SPC25,0.3012409753981479,169.06313471006737,0.0,0.0,M1-ERY,10.0
B3GNT2,0.1266352387801445,168.9768455665576,0.0,0.0,M3-MK,9.0
C1QTNF4,0.761007780512885,168.754222999749,0.0,0.0,M4-STEM,13.0
ERN1,0.1255641869663716,168.51273226662732,0.0,0.0,M6-NK,3.0
HSPA6,0.145159193110873,168.35267077244143,0.0,0.0,M2-Mono,6.0
AL512353.1,0.10577920741785764,168.2800742438848,0.0,0.0,M1-ERY,4.0
ROR1,0.15260013552996274,168.23942096512638,0.0,0.0,M5-Bcell,8.0
COL6A2,0.09522484330011494,168.19287391921597,0.0,0.0,M6-NK,3.0
FFAR2,0.1571633241962721,167.68429741926386,0.0,0.0,M2-Mono,6.0
ZNF778,0.11551927334105362,166.83695652765132,0.0,0.0,M3-MK,9.0
XPNPEP1,0.12483437269343989,165.1361819513948,0.0,0.0,M3-MK,9.0
CDK6,0.3907390421812563,164.72297748460562,0.0,0.0,M7-Tcell,11.0
IL15,0.14428609966463535,164.70696418802316,0.0,0.0,M2-Mono,6.0
NRIR,0.092843028246303,164.42073433860912,0.0,0.0,M1-ERY,1.0
TSPYL2,0.11505564550255994,163.9967078531828,0.0,0.0,M6-NK,3.0
SSX2IP,0.12799076658616684,163.9340414319516,0.0,0.0,M3-MK,9.0
ENDOD1,0.1191212377037488,163.89465845288493,0.0,0.0,M3-MK,2.0
ADGRB3,0.1305613226058419,163.27309644219952,0.0,0.0,M2-Mono,6.0
LARGE1,0.11912202004666891,162.9009630041975,0.0,0.0,M5-Bcell,8.0
CAV2,0.07751130783920447,162.88947282371888,0.0,0.0,M3-MK,9.0
MISP3,0.1029720025579216,162.67307453311514,0.0,0.0,M3-MK,2.0
PTGIR,0.12296639360262314,162.51704533385183,0.0,0.0,M7-Tcell,11.0
HPGD,0.17039868934170035,161.41346836001466,0.0,0.0,M7-Tcell,11.0
SPOPL,0.1324369503024523,161.32361720294983,0.0,0.0,M2-Mono,6.0
PDZD8,0.16036870898080058,161.31309275532382,0.0,0.0,M2-Mono,6.0
AL050309.1,0.13568571033959234,161.3005547101778,0.0,0.0,M5-Bcell,8.0
EIF4E3,0.1229060400745748,161.2679223584749,0.0,0.0,M2-Mono,6.0
IFIT1,0.1914672103264266,161.01234124469636,0.0,0.0,M2-Mono,6.0
FBN2,0.1439742594554195,160.75829761547197,0.0,0.0,M2-Mono,6.0
CXCR2,0.10291198715555488,160.66796092780524,0.0,0.0,M2-Mono,6.0
AC133919.2,0.10560843915630523,160.22157976228908,0.0,0.0,M2-Mono,7.0
DIPK1B,0.1867655379550676,160.2058224673075,0.0,0.0,M4-STEM,13.0
LIPN,0.13956731226359748,159.9227496427357,0.0,0.0,M2-Mono,6.0
GALNT2,0.11678332919859305,159.83258564962387,0.0,0.0,M2-Mono,6.0
GULP1,0.039223447586587176,159.43097914739573,0.0,0.0,M1-ERY,1.0
HIST1H1C,0.18118230451151734,159.23988748622207,0.0,0.0,M1-ERY,10.0
INKA1,0.18374064983171304,159.20960685466235,0.0,0.0,M3-MK,2.0
TET3,0.12500854484971713,158.786658233859,0.0,0.0,M2-Mono,6.0
DNAJB6,0.1162829605468342,158.2976283694344,0.0,0.0,M3-MK,9.0
AC253572.2,0.1459146969237857,158.0376787100448,0.0,0.0,M2-Mono,6.0
TUBA1B,0.5111256270425126,157.99439216892253,0.0,0.0,M1-ERY,10.0
LINC02384,0.11744149442719888,157.47600818440253,0.0,0.0,M6-NK,3.0
ARHGAP8,0.06570225130784706,157.34510414684357,0.0,0.0,M1-ERY,1.0
XYLT1,0.13744943246879127,157.1776796111687,0.0,0.0,M2-Mono,6.0
PLVAP,0.1166599247883346,157.05357141989256,0.0,0.0,M1-ERY,4.0
MGAT4B,0.11832962045222088,156.56735301362485,0.0,0.0,M3-MK,2.0
AC011472.2,0.1361217173197363,155.94892381019125,0.0,0.0,M2-Mono,6.0
SMAD3,0.12431157331643473,155.87506656945794,0.0,0.0,M5-Bcell,8.0
NCKAP1,0.13052426804192707,155.8262343819115,0.0,0.0,M3-MK,9.0
SLC2A4,0.0746354293666253,155.674670916255,0.0,0.0,M1-ERY,1.0
IFIT3,0.21114769267406233,155.34030559452276,0.0,0.0,M2-Mono,6.0
TBXA2R,0.11015979787354262,154.6314966544628,0.0,0.0,M3-MK,2.0
LINC02649,0.08914039371881463,154.49924602310358,0.0,0.0,M2-Mono,7.0
KALRN,0.16990948640478107,154.45490691137968,0.0,0.0,M3-MK,9.0
NLRC4,0.13177200449143459,154.42004479223755,0.0,0.0,M2-Mono,6.0
IFIT2,0.16342113585324122,154.19768374927688,0.0,0.0,M2-Mono,6.0
DDX60L,0.11950277768687252,153.49882740978165,0.0,0.0,M2-Mono,7.0
MYCT1,0.17025108964546992,153.32344584536895,0.0,0.0,M4-STEM,13.0
TSPAN18,0.11327454429875763,152.9928055025859,0.0,0.0,M3-MK,2.0
AC215522.2,0.09082392825765273,152.5950720689728,0.0,0.0,M2-Mono,7.0
RAD51B,0.1122501270612801,152.41938848331304,0.0,0.0,M2-Mono,6.0
WRN,0.12340613872619102,152.2188098602303,0.0,0.0,M1-ERY,4.0
RAB6B,0.128301108440923,151.85440475291125,0.0,0.0,M1-ERY,10.0
DEPDC1,0.28161237137364625,151.83029375229535,0.0,0.0,M1-ERY,10.0
PLA2G12A,0.11680814310453945,151.40865340999198,0.0,0.0,M3-MK,2.0
INHBA-AS1,0.09135234207734984,151.2498891225806,0.0,0.0,M3-MK,9.0
C12orf76,0.10955783629335888,151.23730566456595,0.0,0.0,M3-MK,9.0
AP002478.1,0.08469473445263376,151.21496148039773,0.0,0.0,M3-MK,9.0
FLVCR2,0.13386515715688663,151.08345555390054,0.0,0.0,M2-Mono,6.0
GCH1,0.12226417589065032,150.93040136573455,0.0,0.0,M2-Mono,6.0
AL627309.1,0.091580386542559,150.73716073517116,0.0,0.0,M2-Mono,6.0
RRP12,0.12625835303127955,150.70492084609006,0.0,0.0,M2-Mono,6.0
HPSE,0.11090919945096285,150.55689998818858,0.0,0.0,M3-MK,9.0
VNN1,0.14216338867928302,150.46615318336683,0.0,0.0,M2-Mono,6.0
CYTOR,0.146620231694647,150.40685945590067,0.0,0.0,M3-MK,9.0
NR4A3,0.18860292410743765,150.30423269247032,0.0,0.0,M2-Mono,6.0
HIP1,0.13217166974480676,150.16103097594143,0.0,0.0,M2-Mono,6.0
MDK,0.4013980016658366,149.52704388371473,0.0,0.0,M4-STEM,13.0
CLC,0.09151200484313814,149.49428158039655,0.0,0.0,M4-STEM,13.0
AC123912.4,0.09444949820522995,149.3157713327008,0.0,0.0,M3-MK,2.0
TTN-AS1,0.11355106309638541,149.23652769722673,0.0,0.0,M2-Mono,6.0
HMOX1,0.21771860757616343,149.21380403676324,0.0,0.0,M2-Mono,6.0
OSM,0.173704449477757,149.0359382310484,0.0,0.0,M2-Mono,6.0
ADARB2,0.11472730767509942,148.97333349080145,0.0,0.0,M5-Bcell,8.0
TSPAN9,0.0729918591417181,148.955865192197,0.0,0.0,M3-MK,2.0
COL24A1,0.21605126964958038,148.94812588034378,0.0,0.0,M4-STEM,13.0
ASAP2,0.18523195885571728,148.77191079506554,0.0,0.0,M3-MK,9.0
MAP2K6,0.09939332002445951,148.18348715714393,0.0,0.0,M2-Mono,6.0
TMPRSS15,0.10023375915026708,148.02359214916243,0.0,0.0,M5-Bcell,8.0
TRGV8,0.09376259516149309,147.83245655162165,0.0,0.0,M7-Tcell,11.0
SLC16A1,0.1184950207290978,147.35505237158148,0.0,0.0,M1-ERY,4.0
ANXA4,0.1236201787695614,146.8150956091124,0.0,0.0,M5-Bcell,8.0
HBD,0.16251781813942492,146.53869309260688,0.0,0.0,M1-ERY,4.0
MITF,0.14555710035822234,146.51557349624153,0.0,0.0,M3-MK,9.0
AC015871.1,0.12026995573014075,146.33383805636967,0.0,0.0,M2-Mono,6.0
GABRE,0.11666472844366735,146.23940823233207,0.0,0.0,M3-MK,9.0
DNAJC5,0.11025149728648904,146.20435325352662,0.0,0.0,M2-Mono,6.0
TG,0.11787219598001147,146.15310739088264,0.0,0.0,M2-Mono,6.0
AATK,0.09053959067766355,145.05901252073937,0.0,0.0,M2-Mono,7.0
HIST1H4C,0.48499288836731047,144.76750584095396,0.0,0.0,M1-ERY,10.0
ERG,0.46715829534704273,144.41761677939638,0.0,0.0,M4-STEM,13.0
LINC02757,0.08435511683131074,144.2298335156553,0.0,0.0,M3-MK,2.0
AC127526.2,0.1267523182666846,144.21167313752954,0.0,0.0,M1-ERY,10.0
AL603840.1,0.09105613170604601,143.6516834529365,0.0,0.0,M3-MK,9.0
WLS,0.12332224554560782,143.5662855681988,0.0,0.0,M2-Mono,6.0
EPOR,0.1342084219737421,143.31452312582078,0.0,0.0,M1-ERY,10.0
ARPP21,0.1283679357640695,142.8926246386896,0.0,0.0,M5-Bcell,12.0
AL138720.1,0.12025444970212759,142.8499676130916,0.0,0.0,M2-Mono,6.0
TST,0.1440409742037099,142.84683280379966,0.0,0.0,M3-MK,9.0
EVA1B,0.14081038810415353,142.82266041992222,0.0,0.0,M3-MK,9.0
ADM,0.1896270694938771,142.7663583650268,0.0,0.0,M2-Mono,6.0
ADGRE3,0.12989889745861954,142.6518363266356,0.0,0.0,M2-Mono,6.0
HPGDS,0.4282327344005592,142.57687591331043,0.0,0.0,M4-STEM,13.0
ABCB5,0.07042329183651277,142.3862266616296,0.0,0.0,M1-ERY,4.0
ID1,0.17784886315017207,141.73368451147516,0.0,0.0,M2-Mono,6.0
ELL,0.10127094981263135,141.4350277870422,0.0,0.0,M2-Mono,7.0
HIST1H2AI,0.36629493943753516,141.372868597858,0.0,0.0,M1-ERY,10.0
GPM6A,0.10998534058231457,140.48246298889543,0.0,0.0,M5-Bcell,8.0
UST,0.10663758583170627,140.2782490609311,0.0,0.0,M6-NK,3.0
ANKRD22,0.12011734314454467,140.22081740672675,0.0,0.0,M2-Mono,6.0
PDLIM5,0.12031062350414212,139.9808081847172,0.0,0.0,M2-Mono,6.0
VIM-AS1,0.11523987698762023,139.90886345093236,0.0,0.0,M3-MK,9.0
ST3GAL4,0.09544152902640038,139.88594986523077,0.0,0.0,M2-Mono,6.0
AC092746.1,0.08481637569322291,139.86191796777294,0.0,0.0,M2-Mono,6.0
TRBV20-1,0.06580287558092306,139.54983265233696,0.0,0.0,M7-Tcell,11.0
TAX1BP3,0.1042502192445255,139.38541258401492,0.0,0.0,M3-MK,2.0
ANO10,0.10952263458969279,139.10783874410785,0.0,0.0,M2-Mono,6.0
PTMS,0.15628108975193333,138.98810400730767,0.0,0.0,M5-Bcell,12.0
DPYD-AS1,0.1162213925805166,138.93389999788317,0.0,0.0,M2-Mono,6.0
NATD1,0.10029046513766074,138.9241719276288,0.0,0.0,M1-ERY,4.0
BACE2,0.15585487423538927,138.8281121447679,0.0,0.0,M4-STEM,13.0
SUSD1,0.12036274082908115,138.77294676788244,0.0,0.0,M2-Mono,6.0
TMCC1,0.09630109423771895,138.68600303429878,0.0,0.0,M2-Mono,6.0
IGKV3-15,0.07404334030628967,138.48538196028963,0.0,0.0,M5-Bcell,8.0
F2RL3,0.10441436061101075,138.44992340510657,0.0,0.0,M3-MK,9.0
TRDV3,0.0639297557865401,138.2321849974556,0.0,0.0,M7-Tcell,11.0
ZHX2,0.10099407521661542,137.72203075163355,0.0,0.0,M5-Bcell,8.0
LGMN,0.13429206089718265,137.4079224408154,0.0,0.0,M5-Bcell,12.0
FNBP1L,0.1115859117545224,137.32813581798294,0.0,0.0,M3-MK,9.0
GNAZ,0.09787397612032497,136.20248969494924,0.0,0.0,M3-MK,2.0
IGLV1-44,0.07259357152789914,136.1485262970605,0.0,0.0,M5-Bcell,8.0
RIMBP2,0.07576783237804655,135.89102870902076,0.0,0.0,M5-Bcell,8.0
GRIK4,0.0768472565100075,135.72915314970425,0.0,0.0,M6-NK,3.0
KIR3DL2,0.07590366661720102,135.60708366954103,0.0,0.0,M6-NK,3.0
PPM1L,0.1108894944173924,135.55151719775992,0.0,0.0,M2-Mono,6.0
LINC00892,0.07758807132099058,135.1334290546435,0.0,0.0,M6-NK,3.0
CCNB1,0.3849494618683438,134.86839980752637,0.0,0.0,M1-ERY,10.0
AC004448.2,0.08425032437946896,134.74474685606486,0.0,0.0,M7-Tcell,14.0
ST7,0.10235724739673978,134.7225746306043,0.0,0.0,M1-ERY,4.0
TRGV5,0.09073271796933029,134.5696861020794,0.0,0.0,M7-Tcell,11.0
CDK19,0.102598755474694,134.53427983257265,0.0,0.0,M2-Mono,6.0
CEACAM3,0.11079674710740224,134.41081471049753,0.0,0.0,M2-Mono,6.0
CA1,0.16814115167154428,134.31072274101706,0.0,0.0,M1-ERY,4.0
PEAR1,0.14116231173684307,134.1109231084508,0.0,0.0,M3-MK,2.0
C1orf198,0.09505323717846163,134.10331907039279,0.0,0.0,M3-MK,2.0
ITPRIP,0.09374219928338094,133.9730731035051,0.0,0.0,M2-Mono,6.0
MIR222HG,0.10971996628721263,133.87723062709355,0.0,0.0,M2-Mono,6.0
CDKL1,0.08712145127381542,133.87486735405122,0.0,0.0,M1-ERY,4.0
CCSER1,0.174649438492351,133.86218479344598,0.0,0.0,M5-Bcell,8.0
ST8SIA6,0.32450541888638507,133.57353543542675,0.0,0.0,M4-STEM,13.0
AURKA,0.18989653979560034,133.5473603522116,0.0,0.0,M1-ERY,10.0
BBS12,0.09117367427992724,133.41070968508393,0.0,0.0,M3-MK,9.0
SPRED1,0.1495275086184515,133.2380740921025,0.0,0.0,M2-Mono,6.0
SEMA7A,0.1003783185115679,133.18863454894924,0.0,0.0,M1-ERY,4.0
SH3RF3,0.07977586509687368,133.1590176602414,0.0,0.0,M7-Tcell,11.0
EMCN,0.09987874174694643,133.08475638434268,0.0,0.0,M4-STEM,13.0
TOP2A,0.5068449922546109,132.9314892208546,0.0,0.0,M1-ERY,10.0
PIK3CB,0.12217746471045543,132.25108092876883,0.0,0.0,M2-Mono,6.0
PDLIM7,0.11483831960121463,132.18070692584132,0.0,0.0,M3-MK,9.0
MIR924HG,0.171587162680241,132.01968902088646,0.0,0.0,M7-Tcell,14.0
LINC00211,0.07837003716363672,131.9189245918803,0.0,0.0,M3-MK,2.0
IFNG,0.07432640363321431,131.69912388792102,0.0,0.0,M6-NK,3.0
BIRC5,0.2811592753819248,131.65796904719753,0.0,0.0,M1-ERY,10.0
DLK1,0.05967804078745233,131.16575059031575,0.0,0.0,M3-MK,2.0
MXD3,0.11010778024490835,131.12058800727758,0.0,0.0,M2-Mono,6.0
STXBP5,0.1829993131436052,130.07750090163867,0.0,0.0,M2-Mono,6.0
UBASH3B,0.10415963043880311,129.93553918891286,0.0,0.0,M7-Tcell,11.0
E2F3,0.10319525208250892,129.83185054571356,0.0,0.0,M2-Mono,6.0
ST8SIA4,0.10191612593001406,129.61218343698764,0.0,0.0,M2-Mono,6.0
HAL,0.10498007033309582,129.32337132337872,0.0,0.0,M2-Mono,6.0
AC011287.1,0.04712490322349445,129.09123220025916,0.0,0.0,M1-ERY,4.0
PLK1,0.3237634355588431,128.94521056854364,0.0,0.0,M1-ERY,10.0
PIGK,0.08619375639529539,128.4909263909293,0.0,0.0,M7-Tcell,14.0
SLC36A1,0.09641475773516821,128.34425221169778,0.0,0.0,M1-ERY,4.0
FBXL13,0.0656171304744449,128.3085833269204,0.0,0.0,M2-Mono,6.0
MIR181A1HG,0.16834655356436976,128.29693713446477,0.0,0.0,M7-Tcell,11.0
CDKN3,0.28301251485827006,127.76519540251402,0.0,0.0,M1-ERY,10.0
AL139294.1,0.08260689707705597,127.66662811588142,0.0,0.0,M1-ERY,4.0
TWSG1,0.1086965078367889,127.60189911616558,0.0,0.0,M3-MK,9.0
TRPM2,0.10329759628123641,127.42415230604627,0.0,0.0,M2-Mono,6.0
PRSS57,0.5978387431806717,127.3671528213036,0.0,0.0,M4-STEM,13.0
PCSK6,0.08668503826630826,127.239856211792,0.0,0.0,M3-MK,9.0
ANKRD33B,0.11957903244472473,126.79867056864663,0.0,0.0,M5-Bcell,8.0
SV2C,0.08957895071742505,126.64638797542179,0.0,0.0,M3-MK,2.0
WWOX,0.10049255579241005,126.63275769694299,0.0,0.0,M7-Tcell,11.0
BPI,0.12550340729918869,126.334004184331,0.0,0.0,M2-Mono,6.0
PPIF,0.1321478742545931,126.01078856314057,0.0,0.0,M3-MK,9.0
ANKRD28,0.18601536464472143,125.24922840725777,0.0,0.0,M4-STEM,13.0
INAFM2,0.10883719560184088,125.18432920859223,0.0,0.0,M3-MK,2.0
RNF19B,0.10080377834551704,125.08814081096354,0.0,0.0,M2-Mono,6.0
PIGQ,0.09606507742534999,124.97980295239729,0.0,0.0,M1-ERY,10.0
AC244502.1,0.11543374413969723,124.80503991962125,0.0,0.0,M7-Tcell,11.0
LINC00534,0.09790175768175424,124.68408999485906,0.0,0.0,M3-MK,9.0
CCNB2,0.37010184903929233,124.59106909760176,0.0,0.0,M1-ERY,10.0
DEPP1,0.07741224625749993,124.35242815265666,0.0,0.0,M3-MK,9.0
AC013652.1,0.1337713802091369,124.30870260905795,0.0,0.0,M2-Mono,6.0
TBPL1,0.09487437759136415,124.23726616885187,0.0,0.0,M3-MK,9.0
CPEB2,0.09163316296886026,124.19944300839302,0.0,0.0,M2-Mono,7.0
MINDY4,0.1021684618906311,124.11431333865583,0.0,0.0,M3-MK,9.0
TUBB4B,0.21571837248973558,123.99877465103756,0.0,0.0,M1-ERY,10.0
CCNA2,0.4013867095242841,123.86087503267363,0.0,0.0,M1-ERY,10.0
XRCC4,0.09638182034062866,123.57889446908784,0.0,0.0,M2-Mono,6.0
AGBL5,0.07629726700139479,123.56197197576385,0.0,0.0,M7-Tcell,14.0
CXCR1,0.08426134036614384,123.37310757132332,0.0,0.0,M2-Mono,6.0
RNF165,0.07014131058225727,123.05916609825921,0.0,0.0,M6-NK,3.0
RAB13,0.1363331932699371,123.03547591930958,0.0,0.0,M3-MK,9.0
DHRSX,0.09422651742831684,122.53370596500088,0.0,0.0,M2-Mono,6.0
MS4A3,0.21690251468674035,122.09421643738605,0.0,0.0,M4-STEM,13.0
PDE3A,0.10631159229343765,121.6078107688503,0.0,0.0,M3-MK,9.0
CENPA,0.1903731867668166,121.59082291615711,0.0,0.0,M1-ERY,10.0
LINC01013,0.08262676453933133,121.55297814146215,0.0,0.0,M5-Bcell,8.0
LRRC8B,0.10680282278680399,121.25737217881209,0.0,0.0,M3-MK,9.0
WNT11,0.07990117541830175,121.15668080523363,0.0,0.0,M3-MK,9.0
DAPK2,0.08014561597709735,121.05489695618958,0.0,0.0,M2-Mono,6.0
PTPRD,0.14980912253030365,120.69259828801331,0.0,0.0,M4-STEM,13.0
SRC,0.1109776903291504,120.59983125322539,0.0,0.0,M3-MK,9.0
SLCO5A1,0.08942450514299406,120.35843349030495,0.0,0.0,M2-Mono,6.0
STAT1,0.10769664839464112,120.27637218012671,0.0,0.0,M2-Mono,6.0
AC068587.4,0.10577512008361217,120.25467078150152,0.0,0.0,M7-Tcell,11.0
MECOM,0.2086064185595863,120.22931933293442,0.0,0.0,M4-STEM,13.0
TMEM158,0.11176144820209472,120.18521782297886,0.0,0.0,M1-ERY,4.0
TNFRSF10D,0.0751329697352814,120.13668118259154,0.0,0.0,M2-Mono,6.0
FHL2,0.1489952425735721,120.04950918473308,0.0,0.0,M3-MK,9.0
SLC39A11,0.10364489404804582,120.01697535117495,0.0,0.0,M2-Mono,6.0
GBE1,0.09165181204810084,119.96104385428362,0.0,0.0,M2-Mono,6.0
STX3,0.09483257165875217,118.97219594939683,0.0,0.0,M2-Mono,6.0
TDRP,0.06084510803070046,118.79524978576924,0.0,0.0,M3-MK,2.0
MS4A4E,0.14050643220660017,118.62613659385838,0.0,0.0,M2-Mono,6.0
C22orf34,0.0900611065851277,118.58005572186612,0.0,0.0,M7-Tcell,11.0
PHLPP1,0.0958969287136232,118.39047152355643,0.0,0.0,M2-Mono,6.0
LOXHD1,0.07746241525774655,118.33594852830144,0.0,0.0,M2-Mono,6.0
TRGV10,0.08523787298321957,117.89689224243509,0.0,0.0,M7-Tcell,11.0
PRKN,0.07179984000055559,117.54647473126766,0.0,0.0,M1-ERY,4.0
CRYM,0.09606705872306301,117.40282638586042,0.0,0.0,M3-MK,9.0
HSD11B1-AS1,0.09305802594057003,117.17989111184684,0.0,0.0,M2-Mono,6.0
GPLD1,0.06207656577296486,117.12178451172156,0.0,0.0,M1-ERY,1.0
CITED2,0.09715928094021375,117.09645817161963,0.0,0.0,M1-ERY,4.0
CTNNAL1,0.13295273845241268,116.98766901183522,0.0,0.0,M1-ERY,10.0
NRP2,0.100284122819136,116.49891449119637,0.0,0.0,M7-Tcell,11.0
CYP1B1-AS1,0.09920357869969164,116.4652400033573,0.0,0.0,M2-Mono,6.0
LEPROT,0.10847526176532636,116.43044374553294,0.0,0.0,M3-MK,9.0
RGPD2,0.09326497250904289,116.17500776718896,0.0,0.0,M2-Mono,6.0
LNCAROD,0.22153602824667942,115.6822029309149,0.0,0.0,M4-STEM,13.0
DOK6,0.14187912599335362,115.59737710665541,0.0,0.0,M3-MK,9.0
ZGLP1,0.08005585488123625,115.11115265771411,0.0,0.0,M3-MK,2.0
HIST1H2AG,0.12368919249922632,115.08110461295841,0.0,0.0,M1-ERY,10.0
SLC37A3,0.07556521203891822,115.06835165948343,0.0,0.0,M2-Mono,6.0
F11R,0.09565160987046671,114.68421122688748,0.0,0.0,M3-MK,9.0
SLC8A1-AS1,0.11598795708633505,114.63392860742927,0.0,0.0,M2-Mono,6.0
SNN,0.09330775104031566,114.23271298141813,0.0,0.0,M3-MK,9.0
AC004053.1,0.2786051697021885,113.77323195605115,0.0,0.0,M3-MK,9.0
ANGPT1,0.3645034589539413,113.3988703809896,0.0,0.0,M4-STEM,13.0
HIVEP3,0.08396735799320479,113.28106921466983,0.0,0.0,M7-Tcell,11.0
ZNF521,0.3667344574729907,112.90238850597919,0.0,0.0,M4-STEM,13.0
AC099329.1,0.05719604226981023,112.85676296202962,0.0,0.0,M1-ERY,4.0
AL138963.4,0.08053244069923303,112.8383750385062,0.0,0.0,M7-Tcell,14.0
NR6A1,0.08536494998343966,112.76812324262431,0.0,0.0,M2-Mono,6.0
HIST1H4H,0.06427092808458937,112.70194762754362,0.0,0.0,M4-STEM,13.0
IGLV1-47,0.06218784979535025,112.39126372765242,0.0,0.0,M5-Bcell,8.0
CCR9,0.08165030079040989,112.35751500749865,0.0,0.0,M7-Tcell,11.0
ATXN7,0.08207458264449854,112.13471700412202,0.0,0.0,M2-Mono,6.0
RHOBTB1,0.09152054903687015,111.85369964754642,0.0,0.0,M3-MK,2.0
AC016074.2,0.07562392356986716,111.29004681448814,0.0,0.0,M7-Tcell,11.0
RHBDD1,0.08248548588874846,111.19160972348853,0.0,0.0,M1-ERY,4.0
FSTL4,0.07302089785608257,111.18440276029055,0.0,0.0,M6-NK,3.0
IGHV4-34,0.07042276969323791,110.99593898953978,0.0,0.0,M5-Bcell,8.0
IGLC6,0.10986430145780457,110.86464163798519,0.0,0.0,M5-Bcell,8.0
ROPN1L,0.05758611195385745,110.79645779052923,0.0,0.0,M2-Mono,6.0
AK1,0.11256733193065419,110.69827797874431,0.0,0.0,M1-ERY,10.0
SLC46A2,0.10346016298968475,110.65256055791193,0.0,0.0,M2-Mono,6.0
LINC02814,0.05803252487446741,110.39054644407615,0.0,0.0,M1-ERY,4.0
NF1,0.08543406893162225,110.09001507372025,0.0,0.0,M2-Mono,6.0
BX284613.2,0.09425953319728425,109.66695196151521,0.0,0.0,M5-Bcell,12.0
BBC3,0.08119540939052249,109.54775275661996,0.0,0.0,M3-MK,9.0
TYMS,0.5244494678433256,109.32883684925649,0.0,0.0,M1-ERY,10.0
AL627171.2,0.06923809336439136,108.78864189878962,0.0,0.0,M2-Mono,6.0
HIVEP1,0.0864391971322789,108.74130578856304,0.0,0.0,M7-Tcell,11.0
GPD2,0.08937018727705436,108.35645110531048,0.0,0.0,M2-Mono,6.0
ITGA9,0.23964278629482647,108.1784854425922,0.0,0.0,M4-STEM,13.0
EEPD1,0.08163034688259996,107.68132545460058,0.0,0.0,M2-Mono,6.0
NSUN7,0.06608083713867187,107.48901379534593,0.0,0.0,M2-Mono,6.0
SNX13,0.0780055162827996,107.45171412628397,0.0,0.0,M2-Mono,6.0
HIST1H2AH,0.21156488228574066,107.0540356415592,0.0,0.0,M1-ERY,10.0
KIT,0.28305987838389096,106.94239042546397,0.0,0.0,M4-STEM,13.0
WDR49,0.1273075267762474,106.86319071607853,0.0,0.0,M2-Mono,6.0
AP001033.1,0.06583957387236875,106.75489514155666,0.0,0.0,M3-MK,9.0
TTLL7,0.08835277760020971,106.68180115529938,0.0,0.0,M3-MK,9.0
NFKBID,0.09042290847068822,106.53870763990112,0.0,0.0,M5-Bcell,8.0
TSPOAP1-AS1,0.07642604726406094,106.50561117575806,0.0,0.0,M3-MK,9.0
IGLV1-40,0.05925364929098945,106.35711455162956,0.0,0.0,M5-Bcell,8.0
TTC7B,0.09853903370984675,106.1314500709621,0.0,0.0,M3-MK,9.0
FAM53B,0.08307323650148801,106.02543956163638,0.0,0.0,M5-Bcell,8.0
PHTF1,0.09408306260404548,105.866258947032,0.0,0.0,M2-Mono,6.0
AC084871.1,0.09267417012531057,105.83419568260273,0.0,0.0,M2-Mono,6.0
TGFA,0.06877882029366524,105.81236204181046,0.0,0.0,M2-Mono,6.0
GATA2,0.3798213845299604,105.64117056423179,0.0,0.0,M4-STEM,13.0
AL450992.3,0.09397086339346339,105.43694897194625,0.0,0.0,M2-Mono,6.0
ARNTL,0.07198880391266681,105.27126560398989,0.0,0.0,M2-Mono,6.0
THBD,0.12682785143527991,105.04476883682538,0.0,0.0,M2-Mono,6.0
PIP4P2,0.08299547815781474,104.90746321927153,0.0,0.0,M3-MK,9.0
GRK5,0.07708049289751716,104.83855154111043,0.0,0.0,M6-NK,3.0
NECAB3,0.07810927930891226,104.65665831752383,0.0,0.0,M3-MK,9.0
COLGALT2,0.05346104515643517,104.6077075794412,0.0,0.0,M6-NK,3.0
VDR,0.10034181106650819,104.24269795804281,0.0,0.0,M2-Mono,6.0
IGKV3-11,0.05356046403752307,104.09567263640542,0.0,0.0,M5-Bcell,8.0
HIST1H2AL,0.17259468434053551,104.06132917848862,0.0,0.0,M1-ERY,10.0
ALCAM,0.11426821714628345,103.67027511410794,0.0,0.0,M2-Mono,6.0
HIST1H3C,0.22404816287522683,103.50868813872003,0.0,0.0,M1-ERY,10.0
NFIA,0.2282782820614238,102.85534863222442,0.0,0.0,M1-ERY,10.0
AL133415.1,0.09182827865531765,102.81331716059518,0.0,0.0,M2-Mono,6.0
TANC2,0.07735991108371448,102.7884181683449,0.0,0.0,M2-Mono,6.0
TLR5,0.08901322849839946,102.78285030103538,0.0,0.0,M2-Mono,6.0
CROCC,0.08331403406770298,102.78206850912989,0.0,0.0,M2-Mono,6.0
TMEM164,0.08568250617381167,102.75098803302734,0.0,0.0,M2-Mono,6.0
CLEC2L,0.07071424663807942,102.6634962664681,0.0,0.0,M3-MK,2.0
CPB2-AS1,0.08359957367064047,102.30449627304404,0.0,0.0,M2-Mono,6.0
NUP153,0.08064568211688457,102.17304402886916,0.0,0.0,M1-ERY,4.0
AGAP1,0.07697673406767877,101.61764733794935,0.0,0.0,M6-NK,3.0
LINC01876,0.06974709120285874,101.37342306211818,0.0,0.0,M7-Tcell,11.0
LGR4,0.07539351305016016,101.36345337584538,0.0,0.0,M1-ERY,10.0
MINK1,0.07890102045063628,100.98996975629537,0.0,0.0,M2-Mono,6.0
FANK1,0.07012625808822763,100.98377456870281,0.0,0.0,M1-ERY,4.0
NPIPB4,0.07115878761828194,100.68648354970031,0.0,0.0,M1-ERY,4.0
ARHGAP21,0.09097451340722659,100.52423893570368,0.0,0.0,M3-MK,9.0
DBN1,0.10986925883638504,100.25160581863639,0.0,0.0,M7-Tcell,11.0
PAPSS2,0.11526205419233763,100.10239789173487,0.0,0.0,M2-Mono,6.0
HIST1H3B,0.31431748193004616,99.80143668171722,0.0,0.0,M1-ERY,10.0
PEAK1,0.07961691524753373,99.70019057334488,0.0,0.0,M2-Mono,6.0
HSPA1A,0.08559749751968954,99.6507893823287,0.0,0.0,M2-Mono,6.0
EPN2,0.07084256675048564,99.61628333781856,0.0,0.0,M1-ERY,4.0
NDST1,0.07711327075214469,99.55314763101646,0.0,0.0,M2-Mono,6.0
DCLRE1A,0.08161024309262274,99.41443154243497,0.0,0.0,M3-MK,9.0
MYB,0.34675758644833093,99.38853832358346,0.0,0.0,M4-STEM,13.0
AL078604.4,0.05793952616001863,99.3656980186887,0.0,0.0,M2-Mono,6.0
AC021660.4,0.06323055282253275,99.36043371615973,0.0,0.0,M1-ERY,4.0
SFXN5,0.07659933694228022,99.20000324080135,0.0,0.0,M2-Mono,6.0
EXOC6B,0.0699882249817421,99.00475663660534,0.0,0.0,M1-ERY,4.0
TSPOAP1,0.06913818483119062,98.90753410930249,0.0,0.0,M6-NK,3.0
INSIG1,0.08563516844584468,98.75290634617664,0.0,0.0,M3-MK,9.0
ATP2C1,0.11598649674601924,98.60117250004478,0.0,0.0,M3-MK,9.0
SEC14L5,0.05782857264831942,98.51557173747274,0.0,0.0,M3-MK,2.0
DAAM1,0.09154924254817488,98.39544179234798,0.0,0.0,M3-MK,9.0
TDRD9,0.07986484644778723,98.29671815167006,0.0,0.0,M2-Mono,6.0
DSE,0.08550684133655939,98.29620582333175,0.0,0.0,M3-MK,9.0
SLC18A2,0.0867326561004304,98.09857006254143,0.0,0.0,M7-Tcell,11.0
ZNF804A,0.12120095071044824,98.02838487339797,0.0,0.0,M2-Mono,6.0
CCDC26,0.19226020919838427,97.74888100180432,0.0,0.0,M2-Mono,6.0
EGR3,0.10338522275326477,97.69412338088817,0.0,0.0,M2-Mono,6.0
LINC00853,0.05164137130669079,97.4409541861634,0.0,0.0,M3-MK,2.0
NEK6,0.08050189373555165,97.42840238300484,0.0,0.0,M2-Mono,6.0
AC092490.1,0.06985628251757973,97.35733923864025,0.0,0.0,M1-ERY,4.0
SLC39A3,0.12013119579929799,97.32762746723301,0.0,0.0,M3-MK,9.0
IGKV1-5,0.052669258572390056,97.30810137489276,0.0,0.0,M5-Bcell,8.0
BET1,0.0734120278754332,97.22948632635573,0.0,0.0,M3-MK,9.0
INKA2,0.07779904627930216,97.0489767198786,0.0,0.0,M3-MK,9.0
CKS2,0.2135284403575123,96.69918822327506,0.0,0.0,M1-ERY,10.0
PTK2,0.08340836240516049,96.27849789672557,0.0,0.0,M5-Bcell,8.0
ULK1,0.07510858505399887,96.27261731411089,0.0,0.0,M2-Mono,6.0
SYCP2L,0.1193656735532631,96.25279253707285,0.0,0.0,M5-Bcell,12.0
BEX1,0.09941764488427965,96.18356384652265,0.0,0.0,M3-MK,9.0
WFDC1,0.12899883045131735,96.0913249224234,0.0,0.0,M3-MK,9.0
TRAV8-3,0.06450320868253338,95.88578233074344,0.0,0.0,M7-Tcell,14.0
ITGA9-AS1,0.07955311269305226,95.844410651524,0.0,0.0,M3-MK,2.0
FAM126B,0.06874834544662077,95.79100466504848,0.0,0.0,M2-Mono,6.0
TSPAN2,0.09775173412943387,95.5612213518912,0.0,0.0,M4-STEM,13.0
HIST1H4F,0.1597639233348145,95.4444681918097,0.0,0.0,M1-ERY,10.0
IGLV3-21,0.05732281405519726,95.32431345940839,0.0,0.0,M5-Bcell,8.0
HIST1H2AB,0.11029620338396369,95.07160987325315,0.0,0.0,M1-ERY,10.0
WIPI1,0.07098140964349944,94.96572817332914,0.0,0.0,M2-Mono,6.0
NET1,0.08965328019627912,94.44271233811463,0.0,0.0,M7-Tcell,11.0
AL450352.1,0.04701852802261957,94.3710099028767,0.0,0.0,M6-NK,3.0
TRGV7,0.060071232748765226,94.23398912552577,0.0,0.0,M7-Tcell,11.0
AKAP5,0.0572355219332966,94.23392862559814,0.0,0.0,M6-NK,3.0
SLC35D2,0.07113548289371074,94.21526533756548,0.0,0.0,M3-MK,9.0
NDRG1,0.07941231712589154,93.840701901224,0.0,0.0,M2-Mono,6.0
FMNL2,0.09728355546698461,93.8225922671861,0.0,0.0,M2-Mono,6.0
HNRNPLL,0.08242361792969985,93.68486033329317,0.0,0.0,M3-MK,9.0
KRT72,0.053156953510587815,93.48199278157567,0.0,0.0,M6-NK,3.0
AP000487.1,0.04637927848370316,93.39682744418245,0.0,0.0,M3-MK,2.0
ZNF267,0.07287873505688973,93.37137841908815,0.0,0.0,M3-MK,9.0
H1FX-AS1,0.05310897770223866,93.2930641684442,0.0,0.0,M7-Tcell,14.0
SLC4A10,0.06989580640897723,93.24409931722249,0.0,0.0,M6-NK,3.0
LMO4,0.11038266673863112,93.04868425119149,0.0,0.0,M4-STEM,13.0
IGHV1-2,0.044698485507092885,93.01088800574861,0.0,0.0,M5-Bcell,8.0
C2CD3,0.0656341193340109,92.94041490731318,0.0,0.0,M1-ERY,4.0
AL137789.1,0.0729719902459983,92.81637689585396,0.0,0.0,M5-Bcell,8.0
SERPINB2,0.10996451121073449,92.70332904589947,0.0,0.0,M2-Mono,6.0
MAGI2-AS3,0.08818011515918363,92.6495992120227,0.0,0.0,M4-STEM,13.0
WDR11-AS1,0.05840295164758424,92.61445822758884,0.0,0.0,M3-MK,2.0
VIPR2,0.05040348647119506,92.25552090372987,0.0,0.0,M6-NK,3.0
CDC42BPA,0.23116728035576428,91.96066688698468,0.0,0.0,M1-ERY,10.0
MIR3945HG,0.08380253831731414,91.94314904352053,0.0,0.0,M2-Mono,6.0
HIST1H2BK,0.07215585040044918,91.85188754650433,0.0,0.0,M5-Bcell,8.0
IGHV4-39,0.05222925665703085,91.85082158475838,0.0,0.0,M5-Bcell,8.0
MYCN,0.23894376602359144,91.6472265128885,0.0,0.0,M4-STEM,13.0
AC012447.1,0.07517493718422817,91.51320326793132,0.0,0.0,M2-Mono,6.0
STRN4,0.07336388054098408,91.02654510053523,0.0,0.0,M3-MK,9.0
TNFAIP6,0.08531342868370306,90.85765044631906,0.0,0.0,M2-Mono,6.0
SPHK1,0.0826556657514456,90.68980717028462,0.0,0.0,M3-MK,2.0
PCLAF,0.4381832442279613,90.62222717446672,0.0,0.0,M1-ERY,10.0
JAM3,0.06399507207096267,90.47745896765373,0.0,0.0,M3-MK,2.0
NLK,0.08596598212026924,90.42119238119004,0.0,0.0,M3-MK,9.0
HIST1H2BC,0.09733353167178216,90.25432745033736,0.0,0.0,M1-ERY,10.0
KIAA0825,0.059682222989801144,90.11148406373302,0.0,0.0,M2-Mono,6.0
RDH11,0.0703294345468233,89.81092742371068,0.0,0.0,M3-MK,2.0
IGHV3-30,0.07577481773866815,89.75329863122833,0.0,0.0,M5-Bcell,8.0
KIFAP3,0.07140618146144435,89.72142498043749,0.0,0.0,M4-STEM,13.0
P4HA2,0.06632110406863385,89.25459720299253,0.0,0.0,M2-Mono,6.0
PROSER2,0.09836785936537301,89.22456533181345,0.0,0.0,M3-MK,9.0
EFHC2,0.07346379851335527,89.0413889074152,0.0,0.0,M3-MK,9.0
TRIM13,0.0699646429362095,89.00023680848464,0.0,0.0,M3-MK,9.0
PTCH2,0.08024109125029324,88.98656385581565,0.0,0.0,M2-Mono,6.0
TTTY14,0.07125358718636185,88.79127200045386,0.0,0.0,M7-Tcell,11.0
RTN2,0.06974630094623949,88.77365574762702,0.0,0.0,M3-MK,2.0
RAB3IP,0.06444370803096228,88.66773117781256,0.0,0.0,M1-ERY,4.0
FAM83D,0.08237181633833297,88.14860383115857,0.0,0.0,M1-ERY,10.0
IGHV3-23,0.05179044022251353,87.88911893249889,0.0,0.0,M5-Bcell,8.0
SHOC1,0.06100160289375489,87.73569206388925,0.0,0.0,M2-Mono,6.0
ENTPD1-AS1,0.06967093302523386,87.7326169867733,0.0,0.0,M2-Mono,6.0
IGLV3-19,0.056510867663481276,87.64274707460861,0.0,0.0,M5-Bcell,8.0
IGLL1,0.4801689390383075,87.64242596303563,0.0,0.0,M4-STEM,13.0
TRAV8-2,0.06004109284818523,87.61834704653342,0.0,0.0,M7-Tcell,14.0
UBE2C,0.3824087613872114,87.52761715615749,0.0,0.0,M1-ERY,10.0
HIST1H3G,0.12459006917508261,86.96989195155066,0.0,0.0,M1-ERY,10.0
MS4A14,0.07334352966908113,86.5468753233894,0.0,0.0,M2-Mono,6.0
AFF2,0.07447167134331255,86.41474746831626,0.0,0.0,M7-Tcell,11.0
TMEM163,0.09655462129672221,86.11683612386283,0.0,0.0,M4-STEM,13.0
IGLV2-11,0.04363601671392604,86.0280892838594,0.0,0.0,M5-Bcell,8.0
AL157895.1,0.16194238623513976,86.00525552175013,0.0,0.0,M3-MK,9.0
IGLVI-70,0.036747794716018,85.76146273559088,0.0,0.0,M5-Bcell,8.0
AC002454.1,0.4387080986229108,85.54557132024395,0.0,0.0,M4-STEM,13.0
MYO1D,0.07123621719127662,85.46153569722708,0.0,0.0,M1-ERY,10.0
PTGER3,0.06505037239524948,85.03540749946148,0.0,0.0,M3-MK,9.0
CNRIP1,0.6025834567711186,85.01378705677753,0.0,0.0,M4-STEM,13.0
CPED1,0.08434321378801916,85.00836140879674,0.0,0.0,M2-Mono,6.0
CDH1,0.07176665291988975,84.88028070961657,0.0,0.0,M1-ERY,4.0
AC138035.1,0.05053108184299175,84.81294002645602,0.0,0.0,M2-Mono,6.0
SLC9A1,0.06316436223351209,84.6792163305183,0.0,0.0,M2-Mono,6.0
AC005580.1,0.03731401005644959,84.37232669696013,0.0,0.0,M7-Tcell,11.0
PLCB4,0.18320891864570912,84.2611701979713,0.0,0.0,M4-STEM,13.0
NLGN1,0.2100820898942558,83.90468224141539,0.0,0.0,M4-STEM,13.0
SVIP,0.06272457939540875,83.63735184642657,0.0,0.0,M3-MK,9.0
LEFTY1,0.04777835424412317,83.5887716904184,0.0,0.0,M3-MK,2.0
IGHV3-15,0.043788480302827504,82.6210514540541,0.0,0.0,M5-Bcell,8.0
HCAR3,0.08302652088046035,82.58801660916409,0.0,0.0,M2-Mono,6.0
IL5RA,0.07010742630071821,82.46031794851774,0.0,0.0,M4-STEM,13.0
SAMD4A,0.08154315997394629,82.29189355382853,0.0,0.0,M2-Mono,6.0
AC105402.3,0.047069899204198726,82.20906069112516,0.0,0.0,M2-Mono,6.0
SENCR,0.06412980655699382,81.92142109194255,0.0,0.0,M3-MK,9.0
TRBV5-1,0.04744319587106246,81.61734796996559,0.0,0.0,M7-Tcell,14.0
SKI,0.06209337857198667,81.42925512553234,0.0,0.0,M2-Mono,6.0
CCDC170,0.07734978749785165,81.0579508486057,0.0,0.0,M2-Mono,6.0
VIL1,0.05159161404508756,80.97382114013153,0.0,0.0,M3-MK,2.0
SESN2,0.058546123222095334,80.82654352864199,0.0,0.0,M2-Mono,6.0
KAZN,0.05043832305017538,80.44508770634509,0.0,0.0,M2-Mono,6.0
CLDN15,0.07685930439531499,80.29730255716419,0.0,0.0,M4-STEM,13.0
CENPP,0.10640287871413646,80.19548322327459,0.0,0.0,M1-ERY,10.0
EPHB6,0.05841440793832227,80.14644970252667,0.0,0.0,M7-Tcell,14.0
AC011246.1,0.041564980660544426,79.8367397884952,0.0,0.0,M6-NK,3.0
CDC20,0.43022806423772336,79.7539644375756,0.0,0.0,M1-ERY,10.0
EPDR1,0.06530092310130038,79.70732244886729,0.0,0.0,M2-Mono,6.0
DGKH,0.058568291087974636,79.69247927739706,0.0,0.0,M7-Tcell,11.0
CCDC92,0.055947151043917995,79.2558666851882,0.0,0.0,M3-MK,9.0
SLC45A3,0.0863109798525525,79.16949868825796,0.0,0.0,M4-STEM,13.0
ATP10D,0.06597254737893267,79.09519064647895,0.0,0.0,M5-Bcell,8.0
SEMA3C,0.0768691166342699,79.03182405500377,0.0,0.0,M2-Mono,6.0
TRAV4,0.051791933505612835,78.91179625098589,0.0,0.0,M7-Tcell,14.0
OTUD7B,0.05154074620165912,78.01571449384211,0.0,0.0,M1-ERY,4.0
TECTA,0.03932624386128832,77.85290701935675,0.0,0.0,M1-ERY,4.0
GALNT10,0.05683845585252862,77.66931670271418,0.0,0.0,M1-ERY,4.0
LRRC32,0.06639538090099403,77.4654863030034,0.0,0.0,M3-MK,9.0
TNFSF9,0.04816620390790952,77.21119711109141,0.0,0.0,M6-NK,3.0
HIST1H2BH,0.10506365152045108,76.88162908161853,0.0,0.0,M1-ERY,10.0
DMD,0.07795279584721017,76.82696777884033,0.0,0.0,M5-Bcell,8.0
ACTR3B,0.06804296097298324,76.60734358693587,0.0,0.0,M3-MK,9.0
HIST1H1B,0.38300301187093966,76.58581288485301,0.0,0.0,M1-ERY,10.0
DLG5,0.04544676518210505,76.54197835205866,0.0,0.0,M6-NK,3.0
AC139720.1,0.062346689930449936,76.37574261951465,0.0,0.0,M7-Tcell,11.0
CAPN3,0.06275750106062687,76.3247563151762,0.0,0.0,M2-Mono,6.0
HECW2-AS1,0.06079477351478692,75.7942992009495,0.0,0.0,M7-Tcell,11.0
MINDY1,0.059544158793601636,75.78700601062533,0.0,0.0,M3-MK,9.0
CPA3,0.3983412919394306,75.6905816383984,0.0,0.0,M4-STEM,13.0
RCL1,0.0641080590757277,75.65440687872973,0.0,0.0,M1-ERY,4.0
CXCL1,0.07151329765605122,75.55305678626456,0.0,0.0,M2-Mono,6.0
HIST1H4D,0.0947859093280839,75.25796846012864,0.0,0.0,M1-ERY,10.0
AP000282.1,0.05621640219862083,75.14179607100934,0.0,0.0,M2-Mono,6.0
AC092650.1,0.047882488289268145,75.11770983413574,0.0,0.0,M1-ERY,4.0
AC246787.2,0.08078466692401647,74.74760353484082,0.0,0.0,M4-STEM,13.0
MIR497HG,0.054613719242311835,74.14287949967192,0.0,0.0,M7-Tcell,14.0
IGHV4-59,0.04516271018083835,74.10348254241738,0.0,0.0,M5-Bcell,8.0
TRPC6,0.15714633890591453,74.10141323480956,0.0,0.0,M3-MK,9.0
RGS16,0.06535617689445844,73.80358194585553,0.0,0.0,M1-ERY,4.0
AC005632.3,0.05458000264206537,73.67754418336024,0.0,0.0,M2-Mono,6.0
CDKL5,0.05246746110730174,73.42624982179171,0.0,0.0,M2-Mono,6.0
HIST1H2BN,0.06636939164689624,73.41998776656297,0.0,0.0,M4-STEM,13.0
SUGCT,0.04957655428979772,73.32152785226212,0.0,0.0,M5-Bcell,8.0
SH3TC2,0.04592955996146439,73.31730678988556,0.0,0.0,M3-MK,2.0
XACT,0.39654841580901135,73.24687899923015,0.0,0.0,M4-STEM,13.0
NAALADL2,0.07476306555247708,73.06013883327734,0.0,0.0,M7-Tcell,11.0
HIST2H2AA3,0.054854986015023005,73.02872462256826,0.0,0.0,M3-MK,9.0
MEIS2,0.19836829561290442,73.02720803244706,0.0,0.0,M4-STEM,13.0
ENTPD7,0.0540972355975878,72.97888028340742,0.0,0.0,M2-Mono,6.0
TRBV7-2,0.03243322355394072,72.8046496108828,0.0,0.0,M7-Tcell,14.0
LHFPL2,0.06705105603660112,72.60145243418899,0.0,0.0,M5-Bcell,12.0
ABHD4,0.055208145574315054,72.45473647598392,0.0,0.0,M3-MK,9.0
SPOCK1,0.06700758524827895,72.24631580653983,0.0,0.0,M2-Mono,6.0
TRBV28,0.03888106996462578,72.06812311070179,0.0,0.0,M7-Tcell,14.0
RIT1,0.05740931782095968,71.84129906110444,0.0,0.0,M3-MK,9.0
IGKV2-30,0.045893675357301184,71.49540223383367,0.0,0.0,M5-Bcell,8.0
AC068234.2,0.06629820346648387,71.29934719447512,0.0,0.0,M3-MK,9.0
ADAMTS17,0.047615823733807815,71.0029420539001,0.0,0.0,M7-Tcell,11.0
AL356356.1,0.05227326059505652,70.96466643504743,0.0,0.0,M2-Mono,6.0
ITLN1,0.06339856534647288,70.69662912632991,0.0,0.0,M1-ERY,4.0
C1QA,0.15705195711870695,70.69133938505149,0.0,0.0,M2-Mono,6.0
AC011446.2,0.05905796900565705,70.68722635638856,0.0,0.0,M2-Mono,6.0
MEPCE,0.05489929985400688,70.3440618761322,0.0,0.0,M3-MK,9.0
THSD7A,0.14330275556217706,70.28513143018705,0.0,0.0,M4-STEM,13.0
FN3K,0.12280397225335819,70.12897400881565,0.0,0.0,M1-ERY,10.0
AC066613.2,0.061585804485808755,70.09058438429571,0.0,0.0,M2-Mono,6.0
PDGFB,0.048217506667991274,70.05550813291778,0.0,0.0,M3-MK,9.0
RUFY4,0.04814592355282651,69.99051720196478,0.0,0.0,M3-MK,9.0
FAH,0.08424908423509468,69.97020712070893,0.0,0.0,M3-MK,9.0
RGS9,0.0423230184725334,69.93969449007228,0.0,0.0,M6-NK,3.0
SMTN,0.052311195692154325,68.55420149066074,0.0,0.0,M3-MK,9.0
EPAS1,0.03662193844098295,68.54246069625297,0.0,0.0,M2-Mono,6.0
SERPINE2,0.06466206754265685,68.46860584650446,0.0,0.0,M4-STEM,13.0
AL390957.1,0.05230977252203228,68.46466874892586,0.0,0.0,M2-Mono,6.0
LRRC2,0.0439612610034533,68.36360998806587,0.0,0.0,M1-ERY,4.0
GADD45G,0.05215321076542775,68.33069616232669,0.0,0.0,M3-MK,9.0
CD84,0.07110047722592502,68.28572503123308,0.0,0.0,M3-MK,9.0
FADS2,0.14932696266196677,68.16122594173444,0.0,0.0,M3-MK,9.0
PRUNE1,0.05221962538675382,67.98701030389483,0.0,0.0,M3-MK,9.0
PCAT1,0.04658964662101515,67.95335261079235,0.0,0.0,M7-Tcell,11.0
VWF,0.060588892762616586,67.95197028158167,0.0,0.0,M3-MK,9.0
DAP,0.05592383978756135,67.71751484369851,0.0,0.0,M3-MK,9.0
GRTP1,0.07149682198334004,67.52949278482656,0.0,0.0,M3-MK,9.0
AC069287.3,0.047672515871565034,67.00884418850518,0.0,0.0,M2-Mono,6.0
LINC02694,0.08179572003823826,66.73158319027812,0.0,0.0,M3-MK,9.0
UBTD1,0.053244799703101676,66.68594511454488,0.0,0.0,M2-Mono,6.0
LRRN2,0.038487557365072964,66.56350059031791,0.0,0.0,M1-ERY,4.0
MAGI2,0.0794974177470882,66.34429511992677,0.0,0.0,M4-STEM,13.0
CLNK,0.10033362249980741,66.32779996363169,0.0,0.0,M4-STEM,13.0
ABTB2,0.03697001925171021,66.2864662657417,0.0,0.0,M2-Mono,6.0
PNMA1,0.050790948634048885,66.14751991351255,0.0,0.0,M3-MK,9.0
AIG1,0.05868041007104392,66.13981723887501,0.0,0.0,M3-MK,9.0
PPP1R12B,0.048858889431560984,66.09116930741405,0.0,0.0,M2-Mono,6.0
TRAV13-1,0.04348950598945439,66.0336955621958,0.0,0.0,M7-Tcell,14.0
IGHV5-51,0.03520993088180544,66.01696666459114,0.0,0.0,M5-Bcell,8.0
AFAP1L2,0.054037170344238265,65.93469433990528,0.0,0.0,M3-MK,9.0
IGLV3-1,0.043127869442647376,65.74251177156405,0.0,0.0,M5-Bcell,8.0
ACY3,0.1514140014175675,65.67143481762594,0.0,0.0,M4-STEM,13.0
NEGR1,0.12466871340939085,65.51696129918989,0.0,0.0,M4-STEM,13.0
KCTD10,0.04754943220628293,65.42418524886772,0.0,0.0,M6-NK,3.0
EPX,0.12013924371446466,65.26458397513774,0.0,0.0,M4-STEM,13.0
EFNA5,0.04149565859766609,65.17791620862326,0.0,0.0,M6-NK,3.0
MRVI1-AS1,0.048386044241504056,65.0716999659072,0.0,0.0,M5-Bcell,8.0
AC092919.1,0.044421064394617724,65.01727727486116,0.0,0.0,M3-MK,9.0
AL512603.2,0.052738560440295935,64.68898001339471,0.0,0.0,M2-Mono,6.0
UBL4A,0.05001623569992265,64.68362728453577,0.0,0.0,M3-MK,9.0
CACNB4,0.05630117708285449,64.6831051480651,0.0,0.0,M2-Mono,6.0
IGLC7,0.04670506905325738,64.57320407666587,0.0,0.0,M5-Bcell,8.0
IGHV1-69D,0.035057998547097305,64.5659395169844,0.0,0.0,M5-Bcell,8.0
LINC01089,0.04580871984483809,64.53200196402194,0.0,0.0,M7-Tcell,11.0
CLTCL1,0.050532888473547706,64.41990171078022,0.0,0.0,M2-Mono,6.0
MCU,0.05230365002891774,63.91429648485493,0.0,0.0,M2-Mono,6.0
IGKV4-1,0.0761575158958267,63.80302167332545,0.0,0.0,M5-Bcell,8.0
LY86-AS1,0.05440928460748036,63.75895977744793,0.0,0.0,M5-Bcell,8.0
RILPL1,0.04114342567077137,63.548919188792375,0.0,0.0,M2-Mono,6.0
AC011476.3,0.05548303432071602,63.41264746979442,0.0,0.0,M2-Mono,6.0
IGLV2-8,0.033279241043795885,63.404638379607015,0.0,0.0,M5-Bcell,8.0
SLC66A2,0.05458089987386227,63.3793248746732,0.0,0.0,M2-Mono,6.0
HIST1H2AE,0.06686853799599805,63.358717876924,0.0,0.0,M1-ERY,10.0
EREG,0.10790867562852839,63.02712539015276,0.0,0.0,M2-Mono,6.0
IL1RL1,0.06905341405358154,62.669802266458646,0.0,0.0,M4-STEM,13.0
ZFPM1,0.045665706860293295,62.6097844777477,0.0,0.0,M6-NK,3.0
ROCK2,0.05846165599757843,62.36017552512853,0.0,0.0,M3-MK,9.0
CFAP161,0.04190912002146127,62.20484013882497,0.0,0.0,M3-MK,9.0
CASS4,0.051267761634179565,62.1421866795981,0.0,0.0,M3-MK,9.0
AFDN,0.0466148410705065,62.06699174560685,0.0,0.0,M2-Mono,6.0
UHRF1,0.22446021154272885,61.858006473620705,0.0,0.0,M1-ERY,10.0
RAB3C,0.05654463345748135,61.5266102480453,0.0,0.0,M3-MK,9.0
GP5,0.04392075820046028,61.432758594098964,0.0,0.0,M3-MK,9.0
RUNX1T1,0.015197129159863858,61.191832806616304,0.0,0.0,M1-ERY,4.0
IGHV3-43,0.03376332528063614,61.17349171676671,0.0,0.0,M5-Bcell,8.0
LINC01814,0.03920936237602577,61.0337560139319,0.0,0.0,M6-NK,3.0
FAM110B,0.05734707718556759,60.93371719365179,0.0,0.0,M2-Mono,6.0
IRAK2,0.042116018667216655,60.82390260062433,0.0,0.0,M6-NK,3.0
ATG10,0.04712307342860901,60.79694409901874,0.0,0.0,M7-Tcell,14.0
PRTFDC1,0.04553440936725665,60.78615871261552,0.0,0.0,M3-MK,9.0
VWA5A,0.06600145926078688,60.61482387520338,0.0,0.0,M4-STEM,13.0
AL133351.1,0.03740543465488893,60.562589480943224,0.0,0.0,M3-MK,9.0
SLC5A4-AS1,0.05887809133420825,60.33348649943867,0.0,0.0,M1-ERY,4.0
TAFA2,0.047356768880950036,60.292091561120856,0.0,0.0,M2-Mono,6.0
CCL3L1,0.07265824846686912,59.974052353736234,0.0,0.0,M2-Mono,6.0
GCSAML,0.09075555871010259,59.80375391469344,0.0,0.0,M3-MK,9.0
IGHV3-7,0.0321892710277179,59.63180386718416,0.0,0.0,M5-Bcell,8.0
PGA3,0.06687482366133285,59.587708200139254,0.0,0.0,M2-Mono,6.0
AL136456.1,0.07333475887516747,59.30674261574587,0.0,0.0,M6-NK,3.0
IKBKG,0.04643536612152022,58.776243400779414,0.0,0.0,M3-MK,9.0
PLCH1,0.057970388850471295,58.55351051906492,0.0,0.0,M3-MK,9.0
SLC51A,0.03484498878947801,58.08616340966232,0.0,0.0,M2-Mono,6.0
AGPAT1,0.04714798062327495,57.97906504625115,0.0,0.0,M3-MK,9.0
HIST1H2BB,0.05292582985991548,57.88827145165626,0.0,0.0,M1-ERY,10.0
TJP2,0.05046634735897899,57.45144085929923,0.0,0.0,M3-MK,9.0
AC083837.1,0.054862805741428676,57.31667423642862,0.0,0.0,M5-Bcell,8.0
TRAV9-2,0.0336905955649932,57.17535925801156,0.0,0.0,M7-Tcell,14.0
XIRP2,0.058208641357835045,57.14921023198409,0.0,0.0,M4-STEM,13.0
TCEAL9,0.08354485129462258,57.02675451560375,0.0,0.0,M4-STEM,13.0
KCNT2,0.0715209335893275,56.80126320127981,0.0,0.0,M3-MK,9.0
SDC4,0.051880736289178594,56.710530319555964,0.0,0.0,M3-MK,9.0
TNFSF11,0.04150228082305389,56.50264023693897,0.0,0.0,M6-NK,3.0
HIST2H2BE,0.04391599615245273,55.908639276960045,0.0,0.0,M3-MK,9.0
ATG16L1,0.036078786635729346,55.823501064682624,0.0,0.0,M2-Mono,6.0
MED12L,0.11861372193596313,55.81906754991162,0.0,0.0,M4-STEM,13.0
AC016831.7,0.038675138602728205,55.14945362570211,0.0,0.0,M2-Mono,6.0
AC098617.1,0.08222775314271083,55.1186206620292,0.0,0.0,M3-MK,9.0
LONRF3,0.04513752313748341,54.98951800071306,0.0,0.0,M2-Mono,6.0
CPEB3,0.04396110153466011,54.949414789648685,0.0,0.0,M2-Mono,6.0
CLCN7,0.04506153717376498,54.76077894254317,0.0,0.0,M2-Mono,6.0
LINC00504,0.03511093468150019,54.537721578878035,0.0,0.0,M6-NK,3.0
PHLDA1,0.04119815014003444,54.488342556169,0.0,0.0,M6-NK,3.0
RASSF6,0.03350590946531147,54.4065349383813,0.0,0.0,M7-Tcell,11.0
BX293535.1,0.03920457932606008,54.39503732247839,0.0,0.0,M3-MK,9.0
EDA,0.03936512765691361,54.25523626306096,0.0,0.0,M6-NK,3.0
MIR4422HG,0.03496928437618965,54.2502317009692,0.0,0.0,M6-NK,3.0
AC112253.1,0.04472031482482016,54.13624788914326,0.0,0.0,M1-ERY,4.0
TRAV29DV5,0.033807351042594455,54.12507854260169,0.0,0.0,M7-Tcell,14.0
LINC01004,0.04339874624504382,53.742900923440274,0.0,0.0,M5-Bcell,8.0
PBX3,0.0432570341899646,53.13209861778008,0.0,0.0,M2-Mono,6.0
LINC01163,0.0336964271842872,53.12712584065141,0.0,0.0,M7-Tcell,11.0
THRB,0.07886074518233473,53.01578442711039,0.0,0.0,M4-STEM,13.0
MPO,0.3940338588123655,52.93039135951097,0.0,0.0,M4-STEM,13.0
AKAP12,0.06256547751597263,52.807393158664276,0.0,0.0,M4-STEM,13.0
IGHV3-48,0.028312403486128283,52.79592289187393,0.0,0.0,M5-Bcell,8.0
ZEB2-AS1,0.042938576022095935,52.71131721111538,0.0,0.0,M2-Mono,6.0
TKTL1,0.024116955057514686,52.70503105221623,0.0,0.0,M6-NK,3.0
HIST2H2BF,0.07334867553690243,52.65413468762795,0.0,0.0,M1-ERY,10.0
ABO,0.04883970109493106,52.52173278182183,0.0,0.0,M3-MK,9.0
DAB1,0.042233310021369506,52.22883046383435,0.0,0.0,M7-Tcell,11.0
LINC02613,0.027615005225459604,52.183305657518716,0.0,0.0,M7-Tcell,14.0
ARRDC3,0.04036500974514041,52.023181113774996,0.0,0.0,M7-Tcell,14.0
CTNNA3,0.07613436132063472,51.49958855497115,0.0,0.0,M4-STEM,13.0
IGKV1D-16,0.013952372917571456,51.492499462234214,0.0,0.0,M5-Bcell,8.0
TRBV19,0.026922524540120372,51.22544033745537,0.0,0.0,M7-Tcell,14.0
AZIN1-AS1,0.040687350428934954,51.025954434672165,0.0,0.0,M2-Mono,6.0
PSD3,0.039771098467616034,50.95207895479832,0.0,0.0,M5-Bcell,8.0
RNF217,0.05359027693142839,50.785836132940815,0.0,0.0,M2-Mono,6.0
TRAV26-1,0.02986404611036526,50.676219533572585,0.0,0.0,M7-Tcell,14.0
AP001631.2,0.041303227192061295,50.54342471867471,0.0,0.0,M5-Bcell,12.0
FP671120.6,0.030350412554836937,50.44850152791035,0.0,0.0,M7-Tcell,14.0
CXCL2,0.08183888286872114,50.22622177820766,0.0,0.0,M3-MK,9.0
HIST2H2AB,0.05879097613358498,50.11812516593684,0.0,0.0,M1-ERY,10.0
AC024909.1,0.038118265352483735,50.0383562266718,0.0,0.0,M2-Mono,6.0
GDF15,0.028254876820280158,49.89622079333375,0.0,0.0,M1-ERY,4.0
TNF,0.04097483422680891,49.70124825685398,0.0,0.0,M6-NK,3.0
ERVMER61-1,0.05568231187371097,49.48517776577316,0.0,0.0,M1-ERY,10.0
AC008875.3,0.03550721536715095,49.391852417673945,0.0,0.0,M6-NK,3.0
ENPP3,0.10920765321717543,49.337969433539186,0.0,0.0,M4-STEM,13.0
STX1A,0.03491873869769498,49.2941588391575,0.0,0.0,M3-MK,9.0
UBA7,0.03973672658878613,49.27578737032611,0.0,0.0,M3-MK,9.0
INSYN2B,0.040802579104107936,49.243542207245554,0.0,0.0,M2-Mono,6.0
TBC1D30,0.038385347191573035,49.19818009755104,0.0,0.0,M2-Mono,6.0
PPP1R3B,0.03387631364215022,49.18990387564072,0.0,0.0,M2-Mono,6.0
CDK5RAP2,0.03999181427758308,49.14451929054323,0.0,0.0,M1-ERY,10.0
NHS,0.04087655144671877,48.968646946551715,0.0,0.0,M2-Mono,6.0
SLC8A3,0.1002642626941474,48.942514322695246,0.0,0.0,M4-STEM,13.0
SOX5,0.04143826156229952,48.81028696253704,0.0,0.0,M5-Bcell,8.0
MIAT,0.027196119884570543,48.69283942115127,0.0,0.0,M1-ERY,4.0
MYOM1,0.04548967166819449,48.66412027345288,0.0,0.0,M3-MK,9.0
CD27-AS1,0.039213462313250014,48.58038431408162,0.0,0.0,M3-MK,9.0
SDK1,0.027686496379902267,48.35250307765699,0.0,0.0,M2-Mono,6.0
TRBV27,0.029846933726770365,48.08183262732584,0.0,0.0,M7-Tcell,14.0
MCF2L2,0.04320162067295207,47.86471575102882,0.0,0.0,M2-Mono,6.0
CCR3,0.030463144953476257,47.83000953163306,0.0,0.0,M4-STEM,13.0
HYI,0.04321020067876347,47.78717114456295,0.0,0.0,M3-MK,9.0
CRADD,0.03307281066468498,47.27805039589534,0.0,0.0,M2-Mono,6.0
SLC10A3,0.03488822647384922,46.9873591980841,0.0,0.0,M3-MK,9.0
AL645568.1,0.03187866072007953,46.61467773311947,0.0,0.0,M2-Mono,6.0
AC078778.1,0.03657620982854743,46.52710774874893,0.0,0.0,M1-ERY,4.0
IGHV1-18,0.0238971311995106,46.45466860138016,0.0,0.0,M5-Bcell,8.0
AL118516.1,0.03794993654759455,46.33274111593604,0.0,0.0,M7-Tcell,14.0
HIST1H2BO,0.04794367039605125,46.31010638424258,0.0,0.0,M4-STEM,13.0
AL160272.1,0.03255007575241844,46.07868976775267,0.0,0.0,M2-Mono,6.0
AFAP1,0.03294085174371659,45.88741417338757,0.0,0.0,M3-MK,9.0
DLC1,0.2221620202053769,45.46460296924726,0.0,0.0,M4-STEM,13.0
THEM5,0.04771579515115826,45.46052467192486,0.0,0.0,M1-ERY,4.0
HIST1H2AK,0.042358106801101914,45.38462172727716,0.0,0.0,M4-STEM,13.0
TRAV12-2,0.02523879584413689,45.36003468936133,0.0,0.0,M7-Tcell,14.0
PTPRN,0.029220026750222925,45.27327019539201,0.0,0.0,M3-MK,9.0
HIST1H2BF,0.06804746003533452,45.205391638045796,0.0,0.0,M1-ERY,10.0
IGHV6-1,0.025674631200407725,44.87041928160633,0.0,0.0,M5-Bcell,8.0
NPIPB3,0.03084277955662009,44.60400297390023,0.0,0.0,M1-ERY,4.0
TRBV30,0.025184441073949525,44.32116820722704,0.0,0.0,M7-Tcell,14.0
TMEM45A,0.03440376268038985,44.295562773879446,0.0,0.0,M3-MK,9.0
IGKV1-33,0.025171488248161667,44.263699501858774,0.0,0.0,M5-Bcell,8.0
HIST1H3F,0.09254536410940584,44.245855495433936,0.0,0.0,M1-ERY,10.0
PKP4,0.04121410582313013,43.9140662664361,0.0,0.0,M2-Mono,6.0
CNTNAP2,0.03407145494564153,43.90917871090919,0.0,0.0,M4-STEM,13.0
GRHL1,0.0234123330076489,43.58455397241399,0.0,0.0,M3-MK,9.0
GET1,0.034163380076389006,43.25263308220414,0.0,0.0,M3-MK,9.0
KLHDC8B,0.03941407618297053,43.17318864848804,0.0,0.0,M3-MK,9.0
ARRDC4,0.039573275089873565,42.89001473936499,0.0,0.0,M2-Mono,6.0
PIEZO2,0.3330202262923549,42.86718220697011,0.0,0.0,M4-STEM,13.0
KRT23,0.030233026608071267,42.72892267964594,0.0,0.0,M2-Mono,6.0
OPHN1,0.047429988853055736,42.571977636617376,0.0,0.0,M3-MK,9.0
HEXIM2,0.03335281301820904,42.517193686579105,0.0,0.0,M3-MK,9.0
AC004917.1,0.04145128267840201,42.45584650158729,0.0,0.0,M2-Mono,6.0
TRBV7-9,0.023091974363995856,42.287566923758185,0.0,0.0,M7-Tcell,14.0
LEPR,0.05135047138631879,42.01389774946046,0.0,0.0,M1-ERY,4.0
ADAM12,0.031242609415485106,42.002366729476414,0.0,0.0,M6-NK,3.0
CAMP,0.039177209814911663,41.89635498359125,0.0,0.0,M2-Mono,6.0
IGHV3-21,0.032674254573631156,41.87052583918775,0.0,0.0,M5-Bcell,8.0
PTGES3L,0.031773327431801876,41.69013557705396,0.0,0.0,M3-MK,9.0
TRAV12-1,0.02653088481676512,41.6406124465258,0.0,0.0,M7-Tcell,14.0
SWI5,0.032475848878335475,41.51656694618922,0.0,0.0,M3-MK,9.0
IGHV1-3,0.02666992706553326,41.40523434804727,0.0,0.0,M5-Bcell,8.0
ADORA2B,0.044238488526417194,41.34675007740158,0.0,0.0,M3-MK,9.0
MAP1LC3A,0.029377708924126212,41.32674389482882,0.0,0.0,M3-MK,9.0
AC008040.1,0.032482874839924084,41.32616380066806,0.0,0.0,M1-ERY,4.0
NTNG2,0.026645525347273196,41.113866506719326,0.0,0.0,M2-Mono,6.0
LINC01811,0.02627451068038878,40.963575322549694,0.0,0.0,M5-Bcell,8.0
VEPH1,0.031771859992320114,40.872859342065226,0.0,0.0,M3-MK,9.0
EPB41L4A,0.037246606502955186,40.78905829450764,0.0,0.0,M1-ERY,4.0
IGLV3-10,0.023878518306588395,40.768584069073675,0.0,0.0,M5-Bcell,8.0
TRBV9,0.024373078480350443,40.7294756980043,0.0,0.0,M7-Tcell,14.0
HIST1H2BD,0.034219540522374824,40.45102551924011,0.0,0.0,M3-MK,9.0
SMARCA5-AS1,0.03415399652715956,40.14187519043718,0.0,0.0,M7-Tcell,14.0
TRBV4-1,0.023076239324631282,40.12464322445964,0.0,0.0,M7-Tcell,14.0
AP000943.2,0.03774078077352014,39.857564830843195,0.0,0.0,M2-Mono,6.0
DEC1,0.031655924594284957,39.747044898028534,0.0,0.0,M7-Tcell,14.0
IGKV1-17,0.020320471139495713,39.71835220240712,0.0,0.0,M5-Bcell,8.0
DLG2,0.03127288505616105,39.666175387934565,0.0,0.0,M7-Tcell,14.0
IGHV2-5,0.02386811648261393,39.453645411999126,0.0,0.0,M5-Bcell,8.0
TRBV6-5,0.022653048970215254,39.23315004815627,0.0,0.0,M7-Tcell,14.0
AL109955.1,0.024614054230727826,39.209079713733516,0.0,0.0,M6-NK,3.0
DHRS9,0.17203766354711697,38.939098767575196,0.0,0.0,M4-STEM,13.0
FP236383.4,0.02082598298138383,38.73781623358627,0.0,0.0,M7-Tcell,14.0
CABLES1,0.049255010649026314,38.677865866660014,0.0,0.0,M4-STEM,13.0
HIST1H4E,0.03367786724261171,38.466634564070056,0.0,0.0,M1-ERY,10.0
AC010168.1,0.023333091009172694,38.412966487436115,0.0,0.0,M2-Mono,6.0
MRVI1,0.03920289480028842,38.39979946018082,0.0,0.0,M2-Mono,6.0
TRBV10-3,0.019183305377245847,38.30983918134493,0.0,0.0,M7-Tcell,14.0
PTX3,0.044612524166802635,38.21702550978768,0.0,0.0,M2-Mono,6.0
DIRC3,0.026332395188927864,38.19950667759279,0.0,0.0,M7-Tcell,11.0
CRPPA,0.06594605651688865,38.102732051324075,0.0,0.0,M4-STEM,13.0
IGKV1-8,0.026693471456616314,38.09987554039083,0.0,0.0,M5-Bcell,8.0
HIST1H2BG,0.03153791105953054,37.935895079716545,0.0,0.0,M3-MK,9.0
RYR3,0.26074204960196895,37.8860575104374,0.0,0.0,M4-STEM,13.0
AL035701.1,0.022192502269733898,37.73421638271614,0.0,0.0,M6-NK,3.0
IGLV2-23,0.044187745796952116,37.43480550413337,5.307071773945864e-307,6.053378742157001e-307,M5-Bcell,8.0
IGKV1-27,0.023213851192854632,37.430111577086336,6.3272814720430205e-307,7.213639879863529e-307,M5-Bcell,8.0
CXCL10,0.026982890625792788,37.34535705842448,1.5079386605159837e-305,1.7183652947885548e-305,M2-Mono,6.0
HFM1,0.026075230956049227,37.33595730483145,2.142531211460512e-305,2.4403582451103423e-305,M2-Mono,6.0
HES1,0.04262123664437163,37.33330465408558,2.3657488846922737e-305,2.6933313153231035e-305,M5-Bcell,8.0
AC098829.1,0.03004350158510478,37.23452196521273,9.432492858649464e-304,1.0733526356394218e-303,M2-Mono,6.0
LRRN1,0.02874505307665953,37.07488749034276,3.567507597636774e-301,4.057660907793668e-301,M7-Tcell,14.0
AL359644.1,0.02828698572448245,37.01260294468532,3.590221444449999e-300,4.08156840947619e-300,M3-MK,9.0
TRAV8-4,0.023604606373508606,36.94304489407129,4.7096447143099104e-299,5.351667036213478e-299,M7-Tcell,14.0
TRBV3-1,0.018588315420502797,36.93309905944898,6.802303412031562e-299,7.725954228941081e-299,M7-Tcell,14.0
FP236383.5,0.025583026792386325,36.83855042817744,2.2303418599968504e-297,2.531995071033182e-297,M7-Tcell,14.0
IGHV7-4-1,0.02086220534032625,36.71239171915528,2.316265299310409e-295,2.628301039113884e-295,M5-Bcell,8.0
COL6A3,0.0357653791718711,36.38888459017994,3.190764158910243e-290,3.618903417521081e-290,M7-Tcell,11.0
MIGA2,0.027857184947156194,36.07491976088213,2.805355530596703e-285,3.180283046215274e-285,M1-ERY,4.0
CYP4A22-AS1,0.020497263616912863,35.827326951517534,2.0736407500082365e-281,2.3496710097694458e-281,M1-ERY,4.0
IGLV10-54,0.03426934454904098,35.72776607572213,7.3268310516659e-280,8.298230373043326e-280,M5-Bcell,8.0
C1QB,0.08944417733575334,35.66718517717442,6.380443213591303e-279,7.222973543957448e-279,M2-Mono,6.0
PRKG1,0.06539345904916924,35.63735602517957,1.8495915440033098e-278,2.0928445418055298e-278,M3-MK,9.0
STS,0.026465338145769637,35.614517275250776,4.1755945296298287e-278,4.722538601820778e-278,M2-Mono,6.0
IGHV7-81,0.02105712203112097,35.52355008494244,1.0642337721082207e-276,1.203068586113892e-276,M5-Bcell,8.0
HSPA1B,0.05180274762784001,35.48556688931749,4.103744252408992e-276,4.636923031919916e-276,M1-ERY,10.0
TRBV6-1,0.019727618817664896,35.29862110428192,3.0827469068180063e-273,3.4816396148732196e-273,M7-Tcell,14.0
TPSAB1,0.10036163742259761,35.167020217614976,3.193286044145317e-271,3.6047919776691983e-271,M4-STEM,13.0
MCF2L,0.02704582976655523,35.03644625487231,3.136057942921904e-269,3.53853095292687e-269,M3-MK,9.0
HSBP1L1,0.024915150587986455,34.964905996085285,3.8434851992519697e-268,4.334717155897938e-268,M7-Tcell,14.0
IGLV2-5,0.020510442572071935,34.77862721433598,2.5595400281622613e-265,2.8853214449428583e-265,M5-Bcell,8.0
TRBV4-2,0.018500118416741623,34.41892033510027,6.571212436191518e-260,7.404139737504848e-260,M7-Tcell,14.0
DPY19L1,0.028160522192117402,34.35870749724173,5.220062288478995e-259,5.87897618183539e-259,M2-Mono,6.0
TRBV5-4,0.01616938921850933,34.349822569732126,7.085161582395353e-259,7.975773014948789e-259,M7-Tcell,14.0
TRBV2,0.017837875048550215,34.27824701018739,8.277543094283919e-258,9.313685807627258e-258,M7-Tcell,14.0
MSANTD3,0.026419187149076685,34.210367756419046,8.477520171269702e-257,9.534241873290716e-257,M3-MK,9.0
IGKV1-12,0.020544760588827298,34.20055753505716,1.1861139276158588e-256,1.333340388066544e-256,M5-Bcell,8.0
AL021707.1,0.02166884051076444,34.02452386791252,4.8337345396556774e-254,5.431187736021701e-254,M2-Mono,6.0
ZFPM2,0.07490499204052835,33.99763229834365,1.2073584266551447e-253,1.3559563868588548e-253,M3-MK,9.0
ENO2,0.02696025411517415,33.995384834027774,1.3033094877338733e-253,1.463034741822414e-253,M3-MK,9.0
TRAV10,0.020813998975115367,33.957025795600494,4.8034211529902445e-253,5.3895861935507674e-253,M7-Tcell,14.0
SGO1-AS1,0.02387552044547343,33.6860317701591,4.629360923522733e-249,5.191867069258036e-249,M7-Tcell,11.0
ZFAND2A,0.02700722675456719,33.461223019268836,8.837402301099087e-246,9.906608721892835e-246,M6-NK,3.0
TRAV19,0.020494647973919346,33.439720518189645,1.8154227499124504e-245,2.0341178625763223e-245,M7-Tcell,14.0
SIAE,0.028121314951651436,33.402981992540816,6.204450299071373e-245,6.94863820105204e-245,M3-MK,9.0
TRAV8-6,0.020515250664556145,33.372208442079085,1.735085406466277e-244,1.942295884840735e-244,M7-Tcell,14.0
IGHV1-46,0.020131775434740738,32.95924420548224,1.559295458175088e-238,1.7447016993700824e-238,M5-Bcell,8.0
TRAV21,0.022943509336171352,32.69383880592787,9.553335567341149e-235,1.0684301477123875e-234,M7-Tcell,14.0
IGKV2-28,0.01980064397132678,32.65205341896584,3.7465427636227634e-234,4.1881306346019663e-234,M5-Bcell,8.0
PARD3B,0.0361087626379766,32.589620706942796,2.87705162697901e-233,3.214664828104098e-233,M4-STEM,13.0
IGLV8-61,0.011577905005758454,32.56807241991721,5.809209743157185e-233,6.487893496182503e-233,M5-Bcell,8.0
OSBPL6,0.015596903987220348,32.32912527358153,1.3633627356067238e-229,1.521937363334846e-229,M1-ERY,4.0
TNNI3,0.04832209794593223,32.294655755937754,4.157002531059915e-229,4.638359933915394e-229,M3-MK,9.0
GCOM1,0.021609245506689082,32.054054028540605,9.637946528730543e-226,1.0748987586903646e-225,M3-MK,9.0
TRAV2,0.016145483801070636,31.913220022625588,8.752298611866814e-224,9.756727142983412e-224,M7-Tcell,14.0
PRSS2,0.042891995044064726,31.840628266316912,8.872938018363764e-223,9.886636302607913e-223,M4-STEM,13.0
CMTM1,0.02477378608427617,31.593203648199054,2.2887299465936218e-219,2.5490293302561417e-219,M2-Mono,6.0
FAM222B,0.022832783571738676,31.56651638192103,5.32078354056208e-219,5.923182786143277e-219,M1-ERY,4.0
GJA4,0.04712854376277222,31.53144412016682,1.6106519405634191e-218,1.7921757620403125e-218,M3-MK,9.0
PDZD2,0.06722647717935887,31.490662112878937,5.829986274498765e-218,6.484042906402366e-218,M4-STEM,13.0
IGLV4-69,0.03029468170050783,31.323380198128035,1.1212022292120957e-215,1.2464126304439032e-215,M5-Bcell,8.0
LSS,0.02427044624499907,31.31102624818818,1.6515039657356086e-215,1.8350890467975467e-215,M1-ERY,4.0
IGKV1-16,0.014271210618734048,31.14185056773514,3.2696299420616586e-213,3.631414721266268e-213,M5-Bcell,8.0
AP002762.2,0.02438068437080821,31.096825193324747,1.3293571060438911e-212,1.4757701697971123e-212,M3-MK,9.0
TRAV30,0.019287267842783652,30.960867937262524,9.070975255719852e-211,1.0065398153398952e-210,M7-Tcell,14.0
IGHV3-33,0.018586582861396004,30.943480020197878,1.554647956514817e-210,1.7242849572947488e-210,M5-Bcell,8.0
JSRP1,0.01859762177850357,30.81730899763376,7.682555681374759e-209,8.516924360990242e-209,M3-MK,9.0
MEG8,0.08502877494774322,30.735287196625055,9.615285464775488e-208,1.0654656248686363e-207,M3-MK,9.0
AC007448.4,0.01915815020836552,30.641423490953336,1.7190276078302321e-206,1.90397126770714e-206,M6-NK,3.0
ACSBG1,0.03151060761313373,30.60642837840967,5.025811004910285e-206,5.563960804608859e-206,M5-Bcell,12.0
Z83843.1,0.022249685264496586,30.32662766040419,2.5547825996552667e-202,2.8270423897884877e-202,M1-ERY,4.0
IGLV6-57,0.026087255035780244,30.208936105891095,9.038780336660699e-201,9.997438857215623e-201,M5-Bcell,8.0
TMSB4Y,0.022842439847940668,30.06558283396678,6.830344308106477e-199,7.551307681610144e-199,M3-MK,9.0
TRBV18,0.015937376224397927,30.06183136755613,7.64676421638743e-199,8.450025228108863e-199,M7-Tcell,14.0
LRRC6,0.026837300641836506,29.963454072942188,1.469534399965579e-197,1.6231583537446493e-197,M2-Mono,6.0
IGLV3-25,0.03652530248771467,29.935742270010106,3.373079778814379e-197,3.723991378168579e-197,M5-Bcell,8.0
AC144652.1,0.02246421761107984,29.826036953796567,8.97997236709632e-196,9.909644265842892e-196,M3-MK,9.0
TRAV41,0.01844895275283279,29.811129687216805,1.4013332383881439e-195,1.5457013604748347e-195,M7-Tcell,14.0
TRAV3,0.018314474039375486,29.6264433488158,3.4113505373161066e-193,3.7610725145970255e-193,M7-Tcell,14.0
C3orf52,0.02277598159043158,29.422673902220357,1.4083825711604376e-190,1.5520556330857705e-190,M7-Tcell,14.0
AC116903.2,0.016541831023685744,29.08199125457971,3.0327902850410957e-186,3.340645540312757e-186,M3-MK,9.0
GCNA,0.021129351292863512,28.895251346983418,6.848789864930824e-184,7.540555203207657e-184,M1-ERY,4.0
REEP1,0.017626766533304205,28.7340614523296,7.164325097901481e-182,7.884357771057409e-182,M3-MK,9.0
TRAV13-2,0.01919451546270827,28.676269310103415,3.7714902471104486e-181,4.1486392718214936e-181,M7-Tcell,14.0
TRAV38-2DV8,0.01733237753292704,28.655855243081653,6.775895545136486e-181,7.450083235159194e-181,M7-Tcell,14.0
IGHV3-74,0.01470517252681272,28.625206038011424,1.6317670157514034e-180,1.7933059949567202e-180,M5-Bcell,8.0
FKBP1B,0.027680498254722498,28.598556904229973,3.50109046980154e-180,3.845931117989927e-180,M3-MK,9.0
FP671120.7,0.019210381016319084,28.394557911164505,1.1802537426082093e-177,1.2959121540306182e-177,M7-Tcell,14.0
TRAV5,0.01870880667706719,28.382386078984815,1.6681193774909461e-177,1.8307515172554392e-177,M7-Tcell,14.0
AC015871.4,0.01942648222965882,28.36098759964216,3.063506523106269e-177,3.3606499153747736e-177,M2-Mono,6.0
TRBV6-2,0.014483147874576741,28.147620734655437,1.2812934792916805e-174,1.404932176428611e-174,M7-Tcell,14.0
DGKI,0.017024711311562756,28.147053566128516,1.3019387264419398e-174,1.4269201055498784e-174,M7-Tcell,14.0
DDTL,0.017435049179247666,28.12535736329031,2.3990491704070183e-174,2.628153456803323e-174,M7-Tcell,14.0
TRBV12-3,0.013230599577326604,28.029253974878657,3.575931805591233e-173,3.9156453271224006e-173,M7-Tcell,14.0
LINC02458,0.022291116092649464,27.894349990047875,1.5620927661127256e-171,1.7097144359679946e-171,M4-STEM,13.0
TRBV11-2,0.014211074935834596,27.8528425453739,4.9752395320139e-171,5.44293916104518e-171,M7-Tcell,14.0
PDE2A,0.025257872721403608,27.73584256527459,1.2910289337110089e-169,1.4117515666408627e-169,M2-Mono,6.0
PLXNA2,0.021782188153988687,27.649507009307193,1.4145712198575227e-168,1.5461443142635082e-168,M2-Mono,6.0
TRAV1-2,0.018023015526147636,27.56463139934715,1.4776819473637004e-167,1.614392658140206e-167,M7-Tcell,14.0
TRAV23DV6,0.01394944710094375,27.53943474482736,2.9612331454186926e-167,3.2337310277940304e-167,M7-Tcell,14.0
TMPO-AS1,0.021183320795329495,27.483976793285223,1.3644808694932512e-166,1.489367655010984e-166,M7-Tcell,14.0
IGHV3-20,0.012452301474656183,27.213622573860494,2.2405948488168137e-163,2.4445620429346487e-163,M5-Bcell,8.0
PRG2,0.23009757374718173,27.190215465084,4.238959550405075e-163,4.622749459903045e-163,M4-STEM,13.0
BTBD19,0.02210609062277753,27.124408329626704,2.5377917594029663e-162,2.766307849955541e-162,M2-Mono,6.0
IGLV5-45,0.017249543969633935,27.01604322787751,4.7882703903547976e-161,5.217070723819406e-161,M5-Bcell,8.0
TRAV8-1,0.014225718221963014,26.882285536276054,1.769340466639225e-159,1.9269173526825918e-159,M7-Tcell,14.0
SNHG22,0.016672062326467486,26.770068582836927,3.6058055625445844e-158,3.925162946303617e-158,M6-NK,3.0
AC009432.2,0.018286723599103088,26.73706924510277,8.728777205181626e-158,9.4975719454754e-158,M2-Mono,6.0
TRAV22,0.016911364447486994,26.487279984907477,6.7914566393290975e-155,7.386283992841443e-155,M7-Tcell,14.0
SPINK4,0.030493731579233775,26.44028872185124,2.359424307897904e-154,2.5649156848944273e-154,M4-STEM,13.0
TRAV14DV4,0.017386682722460554,26.41510593187562,4.5946426699486816e-154,4.992554890350191e-154,M7-Tcell,14.0
AC116366.1,0.02022592456415467,26.222675510193515,7.32700331808076e-152,7.957958067293306e-152,M2-Mono,6.0
KCNG2,0.02970156343762556,26.190112279989805,1.7221703522052615e-151,1.869629733421575e-151,M5-Bcell,12.0
APOC1,0.4414698775636361,26.162231491872607,3.5767682334415e-151,3.8812768803426004e-151,M4-STEM,13.0
SYNM,0.0192965374538669,26.102661794867483,1.7003760008093378e-150,1.8443069725122445e-150,M3-MK,9.0
IGHV3-11,0.01414336266854628,25.66977845433187,1.2716442649815312e-145,1.3786638318364126e-145,M5-Bcell,8.0
IGKV2D-29,0.013886241850858579,25.41006350644359,9.760834935532115e-143,1.057753097602198e-142,M5-Bcell,8.0
TRAV12-3,0.014708516097134543,25.385281018761837,1.8334200934377383e-142,1.9859303080447444e-142,M7-Tcell,14.0
AC112721.2,0.019683397059796676,25.24632684798583,6.214010024326176e-141,6.727887707236746e-141,M7-Tcell,11.0
TRBV6-6,0.012645866470999583,25.18163768114444,3.18308367629554e-140,3.4447657575004294e-140,M7-Tcell,14.0
MAPK10,0.021069371883972295,25.16345453897068,5.034360460636317e-140,5.445790008833806e-140,M4-STEM,13.0
CECR2,0.018809041671321202,25.002428370044225,2.876360569313982e-138,3.110032590429705e-138,M2-Mono,6.0
TRBV7-3,0.013846605479014205,24.9728281499896,6.03361256290157e-138,6.520849109030902e-138,M7-Tcell,14.0
ARRDC3-AS1,0.020957677244020007,24.90050998730835,3.6730623755744427e-137,3.96789563352414e-137,M7-Tcell,14.0
SPIRE1,0.024387291763451585,24.84923362929048,1.317832380894803e-136,1.4229754395228959e-136,M2-Mono,6.0
TP63,0.020729859893061364,24.74128061266637,1.9241141819640086e-135,2.076698505533735e-135,M6-NK,3.0
FAM178B,0.3404170189085957,24.584979159223245,9.143840267179736e-134,9.86453703700671e-134,M4-STEM,13.0
HIST1H2AD,0.022136398344841275,24.344020716263337,3.3537185277457903e-131,3.6164314831421705e-131,M4-STEM,13.0
TRAV17,0.015296498893268987,24.0602485027294,3.2605415278824057e-128,3.514382344818217e-128,M7-Tcell,14.0
TRAV1-1,0.014761125577056528,24.000064665134197,1.3882322242434424e-127,1.4956401736146926e-127,M7-Tcell,14.0
GPR135,0.0185184377297121,23.907313148987406,1.2853689134106798e-126,1.3841992455996101e-126,M3-MK,9.0
COL1A2,0.017248492308366274,23.70254981378539,1.6969362591352457e-124,1.8265949277286893e-124,M7-Tcell,14.0
AC002066.1,0.016145114411542674,23.638621836923768,7.727058568231906e-124,8.31374903567247e-124,M7-Tcell,14.0
AC007608.3,0.014918218677364278,23.635673865735125,8.285725166381831e-124,8.910853538309745e-124,M3-MK,9.0
IGLV7-46,0.012458605818029713,23.475757479670733,3.60771114854728e-122,3.8781687446900476e-122,M5-Bcell,8.0
TRAV20,0.01204660386327735,23.382390233556364,3.228337407472108e-121,3.468806786173197e-121,M7-Tcell,14.0
ZNF682,0.01888783404589844,23.376043787368275,3.745715619251198e-121,4.022928634318384e-121,M6-NK,3.0
AL589935.1,0.018973496267445447,23.269696996558395,4.494629186267374e-120,4.825116626434093e-120,M2-Mono,6.0
GPC5,0.04470683992526652,23.048269732936962,7.654312591810052e-118,8.213469502748515e-118,M3-MK,9.0
FREM1,0.1817384618280187,22.991177300410122,2.8559571065500022e-117,3.063223806624646e-117,M4-STEM,13.0
IGHV3-66,0.013284728678485291,22.885818591717374,3.216096200735074e-116,3.447964284633197e-116,M5-Bcell,8.0
IGLV9-49,0.014441995223588397,22.764466583633443,5.159070606208856e-115,5.528559203895522e-115,M5-Bcell,8.0
TRBV21-1,0.013636271529994451,22.757751914533976,6.012758590616194e-115,6.440522652198494e-115,M7-Tcell,14.0
ACER2,0.016435999459155554,22.68491563091367,3.1563913524278323e-114,3.379443007999399e-114,M3-MK,9.0
AZU1,0.122523347310862,22.584259974860984,3.094336138147753e-113,3.3115307671248054e-113,M4-STEM,13.0
TRAV35,0.014985780763464648,22.473073083195814,3.8068299249666094e-112,4.072226149753358e-112,M7-Tcell,14.0
TRAV36DV7,0.01386831674197678,22.465454621806703,4.519113076674512e-112,4.832021039373679e-112,M7-Tcell,14.0
TRAV27,0.012591805407368664,22.425515423673236,1.1095535481723834e-111,1.1858538143510522e-111,M7-Tcell,14.0
IGKV1D-8,0.011801218821410329,22.38616548496529,2.6841805407055018e-111,2.8674904312902677e-111,M5-Bcell,8.0
AL450992.1,0.019045164120785146,22.24169971310113,6.785842117859777e-110,7.246052155108246e-110,M2-Mono,6.0
C1QC,0.06490903910017715,22.24120612537358,6.860899885963083e-110,7.322954286790016e-110,M2-Mono,6.0
EFNB1,0.020789621904899965,22.219900826318845,1.1027826288355801e-109,1.1765293856797665e-109,M5-Bcell,8.0
RMRP,0.017821838636703807,22.168889448669535,3.4290816087926512e-109,3.6567762707310744e-109,M2-Mono,6.0
HOMER2,0.018128133516213896,22.12775442362925,8.543869490244284e-109,9.107160000884283e-109,M3-MK,9.0
KIF3C,0.014224187052098774,21.998389097960978,1.491943878773762e-107,1.589603186185755e-107,M3-MK,9.0
IGHV4-4,0.01236165775860493,21.905553184419333,1.1498572090596017e-106,1.224582677552865e-106,M5-Bcell,8.0
BX255925.3,0.017591231143142472,21.797394615290408,1.2280235810468487e-105,1.3072509088563228e-105,M3-MK,9.0
AC072022.2,0.01748826385412415,21.770859278666407,2.1916796159966507e-105,2.332047789282655e-105,M2-Mono,6.0
AL136962.1,0.018499566672516097,21.52490209300915,4.550620883198699e-103,4.839931879746431e-103,M7-Tcell,11.0
IGKV1-9,0.012573074807223496,21.442680775443893,2.6722343475541454e-102,2.840870495700766e-102,M5-Bcell,8.0
TRAV6,0.013096748479954016,21.40552506151337,5.933828471814003e-102,6.3055107139832085e-102,M7-Tcell,14.0
IGKV2-24,0.01147252975446758,21.33664415529432,2.5943949432607364e-101,2.7556866923787982e-101,M5-Bcell,8.0
AC104041.1,0.017408773780140614,21.3085619867726,4.727750666272081e-101,5.019458508175163e-101,M7-Tcell,14.0
AC055854.1,0.018602241379176248,21.11896605118205,2.662381353924341e-99,2.825408229781382e-99,M2-Mono,6.0
IGHV2-26,0.012940996771656828,21.104097807695197,3.646666676466828e-99,3.868260688511048e-99,M5-Bcell,8.0
HIST1H4I,0.01894973124201742,21.02359255703324,1.9952781920129278e-98,2.11559206186582e-98,M1-ERY,10.0
TRBV12-4,0.010807340122723467,20.697687127147926,1.8169809467254815e-95,1.9256960407662495e-95,M7-Tcell,14.0
LINC02211,0.01758141234513666,20.572613487717362,2.4146096309403833e-94,2.557957168397266e-94,M7-Tcell,14.0
COL23A1,0.02770207407900175,20.374914472752664,1.3960141900535914e-92,1.4782409599292755e-92,M4-STEM,13.0
AC139769.2,0.015115022230382394,20.334293571878025,3.1976931659074964e-92,3.384553091683286e-92,M7-Tcell,14.0
IGHV3-64D,0.011497254150962501,20.19306658371574,5.632531741902511e-91,5.959055321143236e-91,M5-Bcell,8.0
LINC01011,0.014556057245482604,20.07756351239239,5.797188561942884e-90,6.13056507713802e-90,M3-MK,9.0
TRAV16,0.011217439066291768,19.993975484330644,3.1071001209784686e-89,3.2843370739083506e-89,M7-Tcell,14.0
IGLV3-27,0.010970421238424186,19.901264803561926,1.9839441265237018e-88,2.0961935968401745e-88,M5-Bcell,8.0
HIST1H4B,0.017268722128298296,19.695055808534352,1.1886742087214752e-86,1.2553775400307031e-86,M1-ERY,10.0
TRBV29-1,0.011598035448590711,19.46343159606139,1.121272932227575e-84,1.1836750629869536e-84,M7-Tcell,14.0
HIST4H4,0.01587273210714301,19.4493641219181,1.4753366714042881e-84,1.5567612971585327e-84,M6-NK,3.0
PLCXD1,0.021323787430189905,19.400219314854766,3.8421443162266633e-84,4.0524192897504518e-84,M4-STEM,13.0
IGLV4-3,0.00942740207434574,19.232141117085014,9.961520654207892e-83,1.0502102081394666e-82,M5-Bcell,8.0
LINC00862,0.01272717933925777,19.190232963549963,2.2331648642859227e-82,2.3533220288997322e-82,M2-Mono,6.0
LINC01088,0.02105295411319871,19.062945163728088,2.5651970391481197e-81,2.7020374583768344e-81,M4-STEM,13.0
AC073529.1,0.02062350627585905,18.972504426239833,1.4393000607582443e-80,1.5154168908944976e-80,M1-ERY,10.0
TRAV25,0.011421747777857925,18.87107085637636,9.863021364781965e-80,1.0380086705006445e-79,M7-Tcell,14.0
IGHV3-13,0.009755256144530511,18.750312708838383,9.622803455272644e-79,1.0122853067140524e-78,M5-Bcell,8.0
C16orf95,0.019211287815541336,18.692548728232854,2.8463657312733426e-78,2.992970338994973e-78,M1-ERY,10.0
AC018450.1,0.012164533772958635,18.689071313041453,3.0380738253076335e-78,3.1931587457094627e-78,M7-Tcell,14.0
IGHV3-49,0.010581993411746654,18.58891799170227,1.97533631412322e-77,2.0752661058538322e-77,M5-Bcell,8.0
PTH2R,0.11409448466287662,18.50785607315594,8.923174471226434e-77,9.370500131292276e-77,M4-STEM,13.0
EYS,0.016168293354472382,18.441482431593435,3.052221495845875e-76,3.20383511263299e-76,M7-Tcell,14.0
IGHV3-73,0.010514824488926025,18.435002165598203,3.440799370207076e-76,3.6101418479219714e-76,M5-Bcell,8.0
C3orf62,0.014896750671924525,18.284521292458976,5.496217091344903e-75,5.764208521136209e-75,M2-Mono,6.0
AL162493.1,0.01889089626241345,18.272936462008797,6.796760340541125e-75,7.125063385710866e-75,M4-STEM,13.0
CDH12,0.01885172676832476,18.2299997351244,1.4916126923095832e-74,1.5629817206497547e-74,M4-STEM,13.0
SLX4,0.014624119119742306,17.97101035007614,1.6433699202225428e-72,1.721251364267872e-72,M3-MK,9.0
MEIKIN,0.014102560563512546,17.82751843155062,2.1609135157149764e-71,2.2623384004160705e-71,M1-ERY,10.0
IGHV1-24,0.008935780438190963,17.709533784328926,1.769961776360273e-70,1.85223193712072e-70,M5-Bcell,8.0
ARMH4,0.014244891987176461,17.468919671683622,1.2356495032671324e-68,1.292522645840435e-68,M7-Tcell,14.0
AL049828.1,0.011607725229279428,17.140035773192857,3.7302380209818954e-66,3.9002358474589345e-66,M2-Mono,6.0
TRBV24-1,0.008692203477117104,17.126931270400682,4.672795730840253e-66,4.883629030626537e-66,M7-Tcell,14.0
TMEM185A,0.013411863085927692,16.922605463146457,1.532817123661312e-64,1.6012820689072424e-64,M3-MK,9.0
RGS17,0.013353870204533769,16.603453455098826,3.289705540809678e-62,3.4351541602993123e-62,M6-NK,3.0
CA13,0.011888140414812629,16.444881579773558,4.5631290902975436e-61,4.762815415306231e-61,M3-MK,9.0
AC069277.1,0.01861034464675004,16.30041231163573,4.90143027737272e-60,5.113705300212596e-60,M7-Tcell,11.0
TRAV38-1,0.010276178026330575,15.994123696012206,7.021012499545817e-58,7.321913035240638e-58,M7-Tcell,14.0
NECTIN1,0.014112061014277043,15.686656372678804,9.331528026929254e-56,9.727239730364592e-56,M2-Mono,6.0
TRBV5-6,0.009933258495018974,15.678645891193902,1.0585986288363602e-55,1.1030121526240449e-55,M7-Tcell,14.0
C3orf20,0.011579312932550004,15.661928813449618,1.3770805037500113e-55,1.4342355959938511e-55,M2-Mono,6.0
IGLV3-9,0.008962725967218784,15.608494671935967,3.1861393472666046e-55,3.316944549509615e-55,M5-Bcell,8.0
AC100778.3,0.011462781778168571,15.00709180417727,3.298883643862378e-51,3.432833994844263e-51,M7-Tcell,14.0
TRAV39,0.009477613954613925,14.950942025781735,7.678072011114594e-51,7.986388374255207e-51,M7-Tcell,14.0
IGHV2-70,0.00765908264565283,14.932589747274761,1.0112794594373547e-50,1.051433844533702e-50,M5-Bcell,8.0
AL162497.1,0.012233176972709075,14.827728556691483,4.847932563960614e-50,5.038252608533702e-50,M3-MK,9.0
AC015971.1,0.011713354098202249,14.805175966845956,6.781581128499348e-50,7.044773151597641e-50,M4-STEM,13.0
TRAV26-2,0.01022567989788924,14.72708374219317,2.1597366617078416e-49,2.2425886284716337e-49,M7-Tcell,14.0
TRBV25-1,0.006805706010490492,14.705030141521249,2.9922135134756986e-49,3.1056623670671943e-49,M7-Tcell,14.0
TIMP3,0.18959027964970843,13.710945381597762,4.3656361204904834e-43,4.5292064660902565e-43,M3-MK,9.0
AC007262.2,0.011714166093542562,13.704848952124438,4.748236401285555e-43,4.9240213046478266e-43,M3-MK,9.0
AC239868.1,0.012608747303337747,13.65742557877997,9.115800211592638e-43,9.449209427593229e-43,M4-STEM,13.0
TRBV7-6,0.006768091356707286,13.63117312786429,1.3067254161049643e-42,1.3539361408158534e-42,M7-Tcell,14.0
AC116366.2,0.00982133456035991,13.607185653926873,1.814766552859538e-42,1.8795239148059445e-42,M2-Mono,6.0
LINC02055,0.009035669185602587,13.523780668167925,5.660255514599992e-42,5.859714454091698e-42,M7-Tcell,11.0
C5orf17,0.009950864753502525,13.22543716415151,3.1286181049124807e-40,3.2374746626864975e-40,M7-Tcell,11.0
TEX41,0.01406824709293818,13.175794854730738,6.047343640687515e-40,6.255066908723153e-40,M2-Mono,6.0
GLT8D2,0.010551286397894717,12.990609445764537,6.916058773376208e-39,7.150551753246045e-39,M7-Tcell,14.0
ZNF441,0.00976816068921309,12.764144680196349,1.2999538338697376e-37,1.3434529325577855e-37,M6-NK,3.0
TRBV5-5,0.0062492623034509235,12.619894519188135,8.20204275139466e-37,8.472864917714296e-37,M7-Tcell,14.0
HSPA2,0.01236532228512071,12.596945155950769,1.09740829526934e-36,1.1331575582099613e-36,M4-STEM,13.0
STXBP5-AS1,0.008567581190063655,12.00180494315011,1.7381576657068117e-33,1.7940110611344084e-33,M2-Mono,6.0
IGLV1-51,0.06335738612470132,11.88320867934772,7.235203534698711e-33,7.464499064278028e-33,M5-Bcell,8.0
AC125611.3,0.012051313462259468,11.729496762378934,4.499605217184599e-32,4.640217880221618e-32,M3-MK,9.0
KLF5,0.008232094425424,11.57379147441938,2.7977086563334805e-31,2.8839025045388766e-31,M7-Tcell,14.0
HBE1,0.01396732355489632,11.525733479251635,4.893755298979338e-31,5.042368056133972e-31,M1-ERY,10.0
AC233755.1,0.006950549415206996,11.508852602615729,5.9525896230440335e-31,6.1307346737550564e-31,M5-Bcell,8.0
LINC01191,0.00794433569964344,11.364433441170238,3.1435523164460105e-30,3.236246807828393e-30,M2-Mono,6.0
LINC00598,0.008274091886509167,11.346126541767932,3.876069188432342e-30,3.9886589811762125e-30,M7-Tcell,14.0
AC113414.1,0.011155378503822163,11.151680930092098,3.5133132859683964e-29,3.613822248461941e-29,M4-STEM,13.0
AP001831.1,0.009493608017232523,11.130962914816138,4.43361984019636e-29,4.558510539920201e-29,M7-Tcell,11.0
HIST1H4J,0.008007145335262688,11.001686069925187,1.875264067903852e-28,1.9272658445308785e-28,M4-STEM,13.0
C5orf66,0.010072662642999074,10.874005438673654,7.665934996243248e-28,7.875154544115132e-28,M2-Mono,6.0
GPC3,0.00662408711918378,10.670339983070777,7.00563862971579e-27,7.193769590360332e-27,M7-Tcell,14.0
AC109927.1,0.008298746675272192,10.60274615301204,1.446782531572384e-26,1.4850017548180113e-26,M2-Mono,6.0
IGLV4-60,0.005416167269235544,10.48613085305321,5.002080776531114e-26,5.132032619532987e-26,M5-Bcell,8.0
CCDC153,0.0076103482506373376,10.282745085474087,4.214599218575757e-25,4.322251816751383e-25,M2-Mono,6.0
IGLV5-37,0.0047165308980897614,10.09971511858527,2.7701449009096985e-24,2.8396932196984953e-24,M5-Bcell,8.0
THSD4,0.00855599112554495,10.09068669401878,3.0371542375309355e-24,3.1120819048115795e-24,M7-Tcell,14.0
IGKV6-21,0.0056791309154001655,9.996208074539984,7.917228254832382e-24,8.109099857946943e-24,M5-Bcell,8.0
TRBV11-3,0.005414084892618046,9.812602776934114,4.9685874996976865e-23,5.086836925954835e-23,M7-Tcell,14.0
TRBV14,0.004584811041779645,9.621547352855295,3.242409731519975e-22,3.3181669682377316e-22,M7-Tcell,14.0
IGHV5-10-1,0.006202116675539093,9.564366307871044,5.64454628703424e-22,5.773975373870694e-22,M5-Bcell,8.0
TRBV23-1,0.004818141305980135,9.544872890564593,6.813730635979667e-22,6.967010654530992e-22,M7-Tcell,14.0
C8orf37-AS1,0.008109592209920753,9.542041251079146,7.002406972648938e-22,7.1568936771791645e-22,M2-Mono,6.0
AKAP6,0.006856777506624422,9.498335336267518,1.0663612286395916e-21,1.0894250211165292e-21,M7-Tcell,14.0
PLAAT2,0.00584222929205451,9.283541934247761,8.19681403556641e-21,8.370548966375364e-21,M6-NK,3.0
AC008467.1,0.00612152895084648,9.177246680739223,2.2112716430598095e-20,2.2571836390385936e-20,M2-Mono,6.0
MCF2,0.006212727826083356,9.009691377889897,1.0331858564890785e-19,1.0541909056680178e-19,M6-NK,3.0
TRBV15,0.004550015626887915,8.603338388747362,3.8715127031892875e-18,3.948549577469514e-18,M7-Tcell,14.0
PKN2-AS1,0.0066385669419468185,8.358270677449928,3.182214339147297e-17,3.244161804065103e-17,M2-Mono,6.0
AL022345.4,0.006023650668843841,8.340956110648683,3.6846122679837205e-17,3.754750826384426e-17,M3-MK,9.0
TRBV12-5,0.004996533472655605,8.237149964117352,8.818068486330338e-17,8.982125574448111e-17,M7-Tcell,14.0
IGLV7-43,0.005148559202271877,8.1931980406454,1.2718755577620703e-16,1.2949907940189466e-16,M5-Bcell,8.0
DEFA3,0.002597351483027144,8.07733774078809,3.3098010780751606e-16,3.3685301212856197e-16,M2-Mono,6.0
TRBV7-5,0.004496450587967436,8.073864062407965,3.405384974972675e-16,3.4643464546913745e-16,M7-Tcell,14.0
TRAV24,0.005638046914535707,7.944886986017505,9.71839545258744e-16,9.882488241993729e-16,M7-Tcell,14.0
TCTE3,0.00610956625894529,7.790875613722705,3.3273200670073222e-15,3.382073435198582e-15,M6-NK,3.0
IGKV5-2,0.004275747141720637,7.767835506126782,3.9919324483041144e-15,4.0559111210310466e-15,M5-Bcell,8.0
TRBV13,0.005137099251905453,7.517452830679744,2.7926849794205043e-14,2.836247097564922e-14,M7-Tcell,14.0
IGKV1-6,0.0025385071249487304,6.40375421980634,7.58010460190146e-11,7.695099867669876e-11,M5-Bcell,8.0
PRTN3,0.08512031120190956,6.397624607952622,7.890634132235058e-11,8.006966143451666e-11,M4-STEM,13.0
ZNF471,0.00513611592137056,6.3958024675894825,7.985317921314561e-11,8.099634051556538e-11,M7-Tcell,14.0
IGLV3-16,0.002579734134668275,6.271681493938108,1.7858481954762592e-10,1.8106516426356518e-10,M5-Bcell,8.0
EHHADH,0.006612063968447903,6.249919992278046,2.0533149910338783e-10,2.080957430963657e-10,M4-STEM,13.0
MUSTN1,0.004399884613108746,6.128915335309266,4.424009560880388e-10,4.4816816787892577e-10,M2-Mono,6.0
TRBV7-4,0.0038628521834265157,6.008468235515556,9.364214935320192e-10,9.482300873974924e-10,M7-Tcell,14.0
TRBV10-2,0.003557745305472213,5.9895914024371475,1.0518443901372176e-09,1.0646609814456122e-09,M7-Tcell,14.0
PXDNL,0.004295375379058503,5.80354372118547,3.2463906213389195e-09,3.284567411510062e-09,M7-Tcell,14.0
FAM229A,0.00389867480808537,5.7156476487540475,5.464349045453625e-09,5.526287510704359e-09,M1-ERY,10.0
IGLV1-36,0.003505554177179455,5.673139730103262,7.010188885185261e-09,7.0866743702942895e-09,M5-Bcell,8.0
TNXB,0.004148201018232312,5.598388907599374,1.0817648634655323e-08,1.0931088741981825e-08,M4-STEM,13.0
IGHV3-72,0.002509151686802293,5.455386740891363,2.4433185412672216e-08,2.467905394512678e-08,M5-Bcell,8.0
ZNF442,0.004507254400164151,5.366357223699577,4.017137188352514e-08,4.0558606398747714e-08,M6-NK,3.0
IGHV4-31,0.019984042943973622,5.079434531638127,1.8927997455692607e-07,1.9102449045145994e-07,M5-Bcell,8.0
IGLV2-18,0.0032944355239245444,5.017318458953069,2.6198837075235806e-07,2.6429228858560743e-07,M5-Bcell,8.0
TRBV10-1,0.0022750179609045563,4.924334070630875,4.2324059802927105e-07,4.267838428851042e-07,M7-Tcell,14.0
AL139011.1,0.0037146609382390666,4.869703586291646,5.588288929199858e-07,5.632714657088895e-07,M7-Tcell,14.0
TRBV7-7,0.002005154517874947,4.635109729559452,1.7837409439658214e-06,1.7971693575966808e-06,M7-Tcell,14.0
MEIOC,0.0032742934329479914,4.580569442957231,2.3185580548329576e-06,2.3350361012092786e-06,M7-Tcell,14.0
IGKV2-29,0.02405636811080939,4.572685729112944,2.4075604017594327e-06,2.423657755051598e-06,M5-Bcell,8.0
IGHV4-61,0.021235656938541698,4.526252022442151,3.0019487497718966e-06,3.020757952464703e-06,M5-Bcell,8.0
IGKV2D-30,0.002621806789501697,4.265002952976077,9.994977896748718e-06,1.0053403654809044e-05,M5-Bcell,8.0
SOX2-OT,0.0026104301869419935,4.135272688736031,1.7726669749916042e-05,1.7822849510662664e-05,M7-Tcell,14.0
TRBV6-4,0.002396897536668783,4.119576524555259,1.8978467566741798e-05,1.9073478668452645e-05,M7-Tcell,14.0
OVCH1-AS1,0.0024375218987861542,2.873145583925803,0.0020320339447610254,0.00204135520138837,M4-STEM,13.0
IGKV1D-13,0.0021352186713656522,2.8137279192250015,0.0024485328610934567,0.002458739334045076,M5-Bcell,8.0
MYRFL,0.001677011229723219,2.640474778828016,0.004139497729450707,0.004155020845936147,M1-ERY,10.0
IGHV3-53,0.011617253214290682,2.495679280883136,0.006285810464343872,0.00630675443923548,M5-Bcell,8.0
AL356804.1,0.0016319186231115049,1.998739454327419,0.02281827587177573,0.022884773761493643,M1-ERY,10.0
