"source","target","ligand","receptor","prob","pval","interaction_name","interaction_name_2","pathway_name","annotation","evidence","source.target","prob.original","group.names","dataset","signif"
"CD14+PPBP+ Monocytes","NK T","HLA-A","CD8A",0.31174574788571,"p<0.01","HLA-A_CD8A","HLA-A - CD8A","MHC-I","Cell-Cell Contact","KEGG: hsa04514","CD14+PPBP+ Monocytes -> NK T (PBMC_Early)",0.0404478322266023,"CD14+PPBP+ Monocytes -> NK T","PBMC_Early","p<0.01"
"CD56highCD16low NK","NK T","HLA-A","CD8A",0.291351848619621,"p<0.01","HLA-A_CD8A","HLA-A - CD8A","MHC-I","Cell-Cell Contact","KEGG: hsa04514","CD56highCD16low NK -> NK T (PBMC_Early)",0.0323133072116008,"CD56highCD16low NK -> NK T","PBMC_Early","p<0.01"
"Classical Monocytes","NK T","HLA-A","CD8A",0.304506608860738,"p<0.01","HLA-A_CD8A","HLA-A - CD8A","MHC-I","Cell-Cell Contact","KEGG: hsa04514","Classical Monocytes -> NK T (PBMC_Early)",0.0374780079122807,"Classical Monocytes -> NK T","PBMC_Early","p<0.01"
"CX3CR1+ NK","NK T","HLA-A","CD8A",0.345599347900921,"p<0.01","HLA-A_CD8A","HLA-A - CD8A","MHC-I","Cell-Cell Contact","KEGG: hsa04514","CX3CR1+ NK -> NK T (PBMC_Early)",0.0553807079294984,"CX3CR1+ NK -> NK T","PBMC_Early","p<0.01"
"CXCR5- Naïve B","NK T","HLA-A","CD8A",0.309729846083807,"p<0.01","HLA-A_CD8A","HLA-A - CD8A","MHC-I","Cell-Cell Contact","KEGG: hsa04514","CXCR5- Naïve B -> NK T (PBMC_Early)",0.0396121227082027,"CXCR5- Naïve B -> NK T","PBMC_Early","p<0.01"
"CXCR5+ Naïve B","NK T","HLA-A","CD8A",0.316353200564844,"p<0.01","HLA-A_CD8A","HLA-A - CD8A","MHC-I","Cell-Cell Contact","KEGG: hsa04514","CXCR5+ Naïve B -> NK T (PBMC_Early)",0.0423823273236152,"CXCR5+ Naïve B -> NK T","PBMC_Early","p<0.01"
"CXCR6+ NK","NK T","HLA-A","CD8A",0.340493663834593,"p<0.01","HLA-A_CD8A","HLA-A - CD8A","MHC-I","Cell-Cell Contact","KEGG: hsa04514","CXCR6+ NK -> NK T (PBMC_Early)",0.0530292190935385,"CXCR6+ NK -> NK T","PBMC_Early","p<0.01"
"DC2","NK T","HLA-A","CD8A",0.287809120317801,"p<0.01","HLA-A_CD8A","HLA-A - CD8A","MHC-I","Cell-Cell Contact","KEGG: hsa04514","DC2 -> NK T (PBMC_Early)",0.0309765424411003,"DC2 -> NK T","PBMC_Early","p<0.01"
"Gamma Delta V1 T","NK T","HLA-A","CD8A",0.337590073460463,"p<0.01","HLA-A_CD8A","HLA-A - CD8A","MHC-I","Cell-Cell Contact","KEGG: hsa04514","Gamma Delta V1 T -> NK T (PBMC_Early)",0.0517064676554677,"Gamma Delta V1 T -> NK T","PBMC_Early","p<0.01"
"Gamma Delta V2 T","NK T","HLA-A","CD8A",0.341395345473478,"p<0.01","HLA-A_CD8A","HLA-A - CD8A","MHC-I","Cell-Cell Contact","KEGG: hsa04514","Gamma Delta V2 T -> NK T (PBMC_Early)",0.0534421594226513,"Gamma Delta V2 T -> NK T","PBMC_Early","p<0.01"
"HSC_MPP","NK T","HLA-A","CD8A",0.264665621679171,"p<0.01","HLA-A_CD8A","HLA-A - CD8A","MHC-I","Cell-Cell Contact","KEGG: hsa04514","HSC_MPP -> NK T (PBMC_Early)",0.0228603239513982,"HSC_MPP -> NK T","PBMC_Early","p<0.01"
"ILC2/3","NK T","HLA-A","CD8A",0.319053968433588,"p<0.01","HLA-A_CD8A","HLA-A - CD8A","MHC-I","Cell-Cell Contact","KEGG: hsa04514","ILC2/3 -> NK T (PBMC_Early)",0.0435316951097446,"ILC2/3 -> NK T","PBMC_Early","p<0.01"
"Late_ERY","NK T","HLA-A","CD8A",0.190062719049294,"p<0.01","HLA-A_CD8A","HLA-A - CD8A","MHC-I","Cell-Cell Contact","KEGG: hsa04514","Late_ERY -> NK T (PBMC_Early)",0.00518792692369907,"Late_ERY -> NK T","PBMC_Early","p<0.01"
"Megakaryocytes","NK T","HLA-A","CD8A",0.306501371488684,"p<0.01","HLA-A_CD8A","HLA-A - CD8A","MHC-I","Cell-Cell Contact","KEGG: hsa04514","Megakaryocytes -> NK T (PBMC_Early)",0.0382876403397344,"Megakaryocytes -> NK T","PBMC_Early","p<0.01"
"MEMP","NK T","HLA-A","CD8A",0.220014641181333,"p<0.01","HLA-A_CD8A","HLA-A - CD8A","MHC-I","Cell-Cell Contact","KEGG: hsa04514","MEMP -> NK T (PBMC_Early)",0.0106185579160413,"MEMP -> NK T","PBMC_Early","p<0.01"
"MEP","NK T","HLA-A","CD8A",0.21676125476824,"p<0.01","HLA-A_CD8A","HLA-A - CD8A","MHC-I","Cell-Cell Contact","KEGG: hsa04514","MEP -> NK T (PBMC_Early)",0.00991833117511193,"MEP -> NK T","PBMC_Early","p<0.01"
"Myeloid-CD177","NK T","HLA-A","CD8A",0.217951363629837,"p<0.01","HLA-A_CD8A","HLA-A - CD8A","MHC-I","Cell-Cell Contact","KEGG: hsa04514","Myeloid-CD177 -> NK T (PBMC_Early)",0.0101713574881232,"Myeloid-CD177 -> NK T","PBMC_Early","p<0.01"
"Naïve CD4 T","NK T","HLA-A","CD8A",0.335577039924866,"p<0.01","HLA-A_CD8A","HLA-A - CD8A","MHC-I","Cell-Cell Contact","KEGG: hsa04514","Naïve CD4 T -> NK T (PBMC_Early)",0.0507957974189367,"Naïve CD4 T -> NK T","PBMC_Early","p<0.01"
"Naïve CD8 T","NK T","HLA-A","CD8A",0.340804553263809,"p<0.01","HLA-A_CD8A","HLA-A - CD8A","MHC-I","Cell-Cell Contact","KEGG: hsa04514","Naïve CD8 T -> NK T (PBMC_Early)",0.0531714810105897,"Naïve CD8 T -> NK T","PBMC_Early","p<0.01"
"NK T","NK T","HLA-A","CD8A",0.34792503605177,"p<0.01","HLA-A_CD8A","HLA-A - CD8A","MHC-I","Cell-Cell Contact","KEGG: hsa04514","NK T -> NK T (PBMC_Early)",0.0564622866576771,"NK T -> NK T","PBMC_Early","p<0.01"
"pDC","NK T","HLA-A","CD8A",0.263716237221468,"p<0.01","HLA-A_CD8A","HLA-A - CD8A","MHC-I","Cell-Cell Contact","KEGG: hsa04514","pDC -> NK T (PBMC_Early)",0.0225514795221057,"pDC -> NK T","PBMC_Early","p<0.01"
"Pro-B","NK T","HLA-A","CD8A",0.2910947892832,"p<0.01","HLA-A_CD8A","HLA-A - CD8A","MHC-I","Cell-Cell Contact","KEGG: hsa04514","Pro-B -> NK T (PBMC_Early)",0.0322155149291943,"Pro-B -> NK T","PBMC_Early","p<0.01"
"Tem","NK T","HLA-A","CD8A",0.339812622650087,"p<0.01","HLA-A_CD8A","HLA-A - CD8A","MHC-I","Cell-Cell Contact","KEGG: hsa04514","Tem -> NK T (PBMC_Early)",0.0527180026391745,"Tem -> NK T","PBMC_Early","p<0.01"
"Th17like_INNATE_T","NK T","HLA-A","CD8A",0.346822483069522,"p<0.01","HLA-A_CD8A","HLA-A - CD8A","MHC-I","Cell-Cell Contact","KEGG: hsa04514","Th17like_INNATE_T -> NK T (PBMC_Early)",0.055948737016876,"Th17like_INNATE_T -> NK T","PBMC_Early","p<0.01"
"Treg","NK T","HLA-A","CD8A",0.350657742393209,"p<0.01","HLA-A_CD8A","HLA-A - CD8A","MHC-I","Cell-Cell Contact","KEGG: hsa04514","Treg -> NK T (PBMC_Early)",0.0577412415278542,"Treg -> NK T","PBMC_Early","p<0.01"
"CD14+PPBP+ Monocytes","NK T","HLA-A","CD8A",0.459420054211701,"p<0.01","HLA-A_CD8A","HLA-A - CD8A","MHC-I","Cell-Cell Contact","KEGG: hsa04514","CD14+PPBP+ Monocytes -> NK T (PBMC_Late)",0.113420030457518,"CD14+PPBP+ Monocytes -> NK T","PBMC_Late","p<0.01"
"CD56highCD16low NK","NK T","HLA-A","CD8A",0.423711745427341,"p<0.01","HLA-A_CD8A","HLA-A - CD8A","MHC-I","Cell-Cell Contact","KEGG: hsa04514","CD56highCD16low NK -> NK T (PBMC_Late)",0.0944112474230691,"CD56highCD16low NK -> NK T","PBMC_Late","p<0.01"
"Classical Monocytes","NK T","HLA-A","CD8A",0.442572462056697,"p<0.01","HLA-A_CD8A","HLA-A - CD8A","MHC-I","Cell-Cell Contact","KEGG: hsa04514","Classical Monocytes -> NK T (PBMC_Late)",0.104400898625344,"Classical Monocytes -> NK T","PBMC_Late","p<0.01"
"CX3CR1+ NK","NK T","HLA-A","CD8A",0.517461002654634,"p<0.01","HLA-A_CD8A","HLA-A - CD8A","MHC-I","Cell-Cell Contact","KEGG: hsa04514","CX3CR1+ NK -> NK T (PBMC_Late)",0.144783931066036,"CX3CR1+ NK -> NK T","PBMC_Late","p<0.01"
"CXCR5- Naïve B","NK T","HLA-A","CD8A",0.444373491307516,"p<0.01","HLA-A_CD8A","HLA-A - CD8A","MHC-I","Cell-Cell Contact","KEGG: hsa04514","CXCR5- Naïve B -> NK T (PBMC_Late)",0.105361365889349,"CXCR5- Naïve B -> NK T","PBMC_Late","p<0.01"
"CXCR5+ Naïve B","NK T","HLA-A","CD8A",0.450746833258095,"p<0.01","HLA-A_CD8A","HLA-A - CD8A","MHC-I","Cell-Cell Contact","KEGG: hsa04514","CXCR5+ Naïve B -> NK T (PBMC_Late)",0.108767764847932,"CXCR5+ Naïve B -> NK T","PBMC_Late","p<0.01"
"CXCR6+ NK","NK T","HLA-A","CD8A",0.493901274673688,"p<0.01","HLA-A_CD8A","HLA-A - CD8A","MHC-I","Cell-Cell Contact","KEGG: hsa04514","CXCR6+ NK -> NK T (PBMC_Late)",0.132033958100194,"CXCR6+ NK -> NK T","PBMC_Late","p<0.01"
"DC2","NK T","HLA-A","CD8A",0.436251078222649,"p<0.01","HLA-A_CD8A","HLA-A - CD8A","MHC-I","Cell-Cell Contact","KEGG: hsa04514","DC2 -> NK T (PBMC_Late)",0.101038065719053,"DC2 -> NK T","PBMC_Late","p<0.01"
"Early_ERY","NK T","HLA-A","CD8A",0.212254584605335,"p<0.01","HLA-A_CD8A","HLA-A - CD8A","MHC-I","Cell-Cell Contact","KEGG: hsa04514","Early_ERY -> NK T (PBMC_Late)",0.00899286816924891,"Early_ERY -> NK T","PBMC_Late","p<0.01"
"Gamma Delta V1 T","NK T","HLA-A","CD8A",0.488280047324734,"p<0.01","HLA-A_CD8A","HLA-A - CD8A","MHC-I","Cell-Cell Contact","KEGG: hsa04514","Gamma Delta V1 T -> NK T (PBMC_Late)",0.128991980347977,"Gamma Delta V1 T -> NK T","PBMC_Late","p<0.01"
"Gamma Delta V2 T","NK T","HLA-A","CD8A",0.49339739081043,"p<0.01","HLA-A_CD8A","HLA-A - CD8A","MHC-I","Cell-Cell Contact","KEGG: hsa04514","Gamma Delta V2 T -> NK T (PBMC_Late)",0.131761229820228,"Gamma Delta V2 T -> NK T","PBMC_Late","p<0.01"
"HSC_MPP","NK T","HLA-A","CD8A",0.384202979255663,"p<0.01","HLA-A_CD8A","HLA-A - CD8A","MHC-I","Cell-Cell Contact","KEGG: hsa04514","HSC_MPP -> NK T (PBMC_Late)",0.0740665805797835,"HSC_MPP -> NK T","PBMC_Late","p<0.01"
"ILC2/3","NK T","HLA-A","CD8A",0.479246351703092,"p<0.01","HLA-A_CD8A","HLA-A - CD8A","MHC-I","Cell-Cell Contact","KEGG: hsa04514","ILC2/3 -> NK T (PBMC_Late)",0.124107206266813,"ILC2/3 -> NK T","PBMC_Late","p<0.01"
"Megakaryocytes","NK T","HLA-A","CD8A",0.484225696336909,"p<0.01","HLA-A_CD8A","HLA-A - CD8A","MHC-I","Cell-Cell Contact","KEGG: hsa04514","Megakaryocytes -> NK T (PBMC_Late)",0.126798927993169,"Megakaryocytes -> NK T","PBMC_Late","p<0.01"
"MEMP","NK T","HLA-A","CD8A",0.331369420440455,"p<0.01","HLA-A_CD8A","HLA-A - CD8A","MHC-I","Cell-Cell Contact","KEGG: hsa04514","MEMP -> NK T (PBMC_Late)",0.0489096788312037,"MEMP -> NK T","PBMC_Late","p<0.01"
"MEP","NK T","HLA-A","CD8A",0.360964063890453,"p<0.01","HLA-A_CD8A","HLA-A - CD8A","MHC-I","Cell-Cell Contact","KEGG: hsa04514","MEP -> NK T (PBMC_Late)",0.0626395205949982,"MEP -> NK T","PBMC_Late","p<0.01"
"Naïve CD4 T","NK T","HLA-A","CD8A",0.47061583609977,"p<0.01","HLA-A_CD8A","HLA-A - CD8A","MHC-I","Cell-Cell Contact","KEGG: hsa04514","Naïve CD4 T -> NK T (PBMC_Late)",0.119447853835893,"Naïve CD4 T -> NK T","PBMC_Late","p<0.01"
"Naïve CD8 T","NK T","HLA-A","CD8A",0.47804869629474,"p<0.01","HLA-A_CD8A","HLA-A - CD8A","MHC-I","Cell-Cell Contact","KEGG: hsa04514","Naïve CD8 T -> NK T (PBMC_Late)",0.123460118387337,"Naïve CD8 T -> NK T","PBMC_Late","p<0.01"
"NK T","NK T","HLA-A","CD8A",0.504931138015469,"p<0.01","HLA-A_CD8A","HLA-A - CD8A","MHC-I","Cell-Cell Contact","KEGG: hsa04514","NK T -> NK T (PBMC_Late)",0.138004625378287,"NK T -> NK T","PBMC_Late","p<0.01"
"pDC","NK T","HLA-A","CD8A",0.413380812544979,"p<0.01","HLA-A_CD8A","HLA-A - CD8A","MHC-I","Cell-Cell Contact","KEGG: hsa04514","pDC -> NK T (PBMC_Late)",0.0890037334180867,"pDC -> NK T","PBMC_Late","p<0.01"
"Pro-B","NK T","HLA-A","CD8A",0.434113369572898,"p<0.01","HLA-A_CD8A","HLA-A - CD8A","MHC-I","Cell-Cell Contact","KEGG: hsa04514","Pro-B -> NK T (PBMC_Late)",0.0999039821532273,"Pro-B -> NK T","PBMC_Late","p<0.01"
"Tem","NK T","HLA-A","CD8A",0.482219976537063,"p<0.01","HLA-A_CD8A","HLA-A - CD8A","MHC-I","Cell-Cell Contact","KEGG: hsa04514","Tem -> NK T (PBMC_Late)",0.125714429576138,"Tem -> NK T","PBMC_Late","p<0.01"
"Th17like_INNATE_T","NK T","HLA-A","CD8A",0.482465180548925,"p<0.01","HLA-A_CD8A","HLA-A - CD8A","MHC-I","Cell-Cell Contact","KEGG: hsa04514","Th17like_INNATE_T -> NK T (PBMC_Late)",0.125846995043655,"Th17like_INNATE_T -> NK T","PBMC_Late","p<0.01"
"Treg","NK T","HLA-A","CD8A",0.491353065986418,"p<0.01","HLA-A_CD8A","HLA-A - CD8A","MHC-I","Cell-Cell Contact","KEGG: hsa04514","Treg -> NK T (PBMC_Late)",0.130654816990809,"Treg -> NK T","PBMC_Late","p<0.01"
"CD14+PPBP+ Monocytes","NK T","HLA-A","CD8B",0.296506158616273,"p<0.01","HLA-A_CD8B","HLA-A - CD8B","MHC-I","Cell-Cell Contact","KEGG: hsa04514","CD14+PPBP+ Monocytes -> NK T (PBMC_Early)",0.0342999552682751,"CD14+PPBP+ Monocytes -> NK T","PBMC_Early","p<0.01"
"CD56highCD16low NK","NK T","HLA-A","CD8B",0.277898752988328,"p<0.01","HLA-A_CD8B","HLA-A - CD8B","MHC-I","Cell-Cell Contact","KEGG: hsa04514","CD56highCD16low NK -> NK T (PBMC_Early)",0.0273665765595253,"CD56highCD16low NK -> NK T","PBMC_Early","p<0.01"
"Classical Monocytes","NK T","HLA-A","CD8B",0.289910509191374,"p<0.01","HLA-A_CD8B","HLA-A - CD8B","MHC-I","Cell-Cell Contact","KEGG: hsa04514","Classical Monocytes -> NK T (PBMC_Early)",0.0317665861848562,"Classical Monocytes -> NK T","PBMC_Early","p<0.01"
"CX3CR1+ NK","NK T","HLA-A","CD8B",0.327222478009163,"p<0.01","HLA-A_CD8B","HLA-A - CD8B","MHC-I","Cell-Cell Contact","KEGG: hsa04514","CX3CR1+ NK -> NK T (PBMC_Early)",0.0470744552805622,"CX3CR1+ NK -> NK T","PBMC_Early","p<0.01"
"CXCR5- Naïve B","NK T","HLA-A","CD8B",0.294670461960633,"p<0.01","HLA-A_CD8B","HLA-A - CD8B","MHC-I","Cell-Cell Contact","KEGG: hsa04514","CXCR5- Naïve B -> NK T (PBMC_Early)",0.0335868234325571,"CXCR5- Naïve B -> NK T","PBMC_Early","p<0.01"
"CXCR5+ Naïve B","NK T","HLA-A","CD8B",0.30069885384693,"p<0.01","HLA-A_CD8B","HLA-A - CD8B","MHC-I","Cell-Cell Contact","KEGG: hsa04514","CXCR5+ Naïve B -> NK T (PBMC_Early)",0.0359514329056394,"CXCR5+ Naïve B -> NK T","PBMC_Early","p<0.01"
"CXCR6+ NK","NK T","HLA-A","CD8B",0.322602883334314,"p<0.01","HLA-A_CD8B","HLA-A - CD8B","MHC-I","Cell-Cell Contact","KEGG: hsa04514","CXCR6+ NK -> NK T (PBMC_Early)",0.0450588301714794,"CXCR6+ NK -> NK T","PBMC_Early","p<0.01"
"DC2","NK T","HLA-A","CD8B",0.274657877437101,"p<0.01","HLA-A_CD8B","HLA-A - CD8B","MHC-I","Cell-Cell Contact","KEGG: hsa04514","DC2 -> NK T (PBMC_Early)",0.0262289056775133,"DC2 -> NK T","PBMC_Early","p<0.01"
"Gamma Delta V1 T","NK T","HLA-A","CD8B",0.319973744650711,"p<0.01","HLA-A_CD8B","HLA-A - CD8B","MHC-I","Cell-Cell Contact","KEGG: hsa04514","Gamma Delta V1 T -> NK T (PBMC_Early)",0.0439256687181815,"Gamma Delta V1 T -> NK T","PBMC_Early","p<0.01"
"Gamma Delta V2 T","NK T","HLA-A","CD8B",0.323419042156483,"p<0.01","HLA-A_CD8B","HLA-A - CD8B","MHC-I","Cell-Cell Contact","KEGG: hsa04514","Gamma Delta V2 T -> NK T (PBMC_Early)",0.0454126812173379,"Gamma Delta V2 T -> NK T","PBMC_Early","p<0.01"
"HSC_MPP","NK T","HLA-A","CD8B",0.253420962676298,"p<0.01","HLA-A_CD8B","HLA-A - CD8B","MHC-I","Cell-Cell Contact","KEGG: hsa04514","HSC_MPP -> NK T (PBMC_Early)",0.0193318075986089,"HSC_MPP -> NK T","PBMC_Early","p<0.01"
"ILC2/3","NK T","HLA-A","CD8B",0.303154653997079,"p<0.01","HLA-A_CD8B","HLA-A - CD8B","MHC-I","Cell-Cell Contact","KEGG: hsa04514","ILC2/3 -> NK T (PBMC_Early)",0.0369331272419755,"ILC2/3 -> NK T","PBMC_Early","p<0.01"
"Late_ERY","NK T","HLA-A","CD8B",0.18409900761095,"p<0.01","HLA-A_CD8B","HLA-A - CD8B","MHC-I","Cell-Cell Contact","KEGG: hsa04514","Late_ERY -> NK T (PBMC_Early)",0.00437495166484574,"Late_ERY -> NK T","PBMC_Early","p<0.01"
"Megakaryocytes","NK T","HLA-A","CD8B",0.291728964912771,"p<0.01","HLA-A_CD8B","HLA-A - CD8B","MHC-I","Cell-Cell Contact","KEGG: hsa04514","Megakaryocytes -> NK T (PBMC_Early)",0.032456996101618,"Megakaryocytes -> NK T","PBMC_Early","p<0.01"
"MEMP","NK T","HLA-A","CD8B",0.212101000120757,"p<0.01","HLA-A_CD8B","HLA-A - CD8B","MHC-I","Cell-Cell Contact","KEGG: hsa04514","MEMP -> NK T (PBMC_Early)",0.00896224111804135,"MEMP -> NK T","PBMC_Early","p<0.01"
"MEP","NK T","HLA-A","CD8B",0.209071010489125,"p<0.01","HLA-A_CD8B","HLA-A - CD8B","MHC-I","Cell-Cell Contact","KEGG: hsa04514","MEP -> NK T (PBMC_Early)",0.0083703139470699,"MEP -> NK T","PBMC_Early","p<0.01"
"Myeloid-CD177","NK T","HLA-A","CD8B",0.210179718515239,"p<0.01","HLA-A_CD8B","HLA-A - CD8B","MHC-I","Cell-Cell Contact","KEGG: hsa04514","Myeloid-CD177 -> NK T (PBMC_Early)",0.00858419122704837,"Myeloid-CD177 -> NK T","PBMC_Early","p<0.01"
"Naïve CD4 T","NK T","HLA-A","CD8B",0.318150130508688,"p<0.01","HLA-A_CD8B","HLA-A - CD8B","MHC-I","Cell-Cell Contact","KEGG: hsa04514","Naïve CD4 T -> NK T (PBMC_Early)",0.0431458013128743,"Naïve CD4 T -> NK T","PBMC_Early","p<0.01"
"Naïve CD8 T","NK T","HLA-A","CD8B",0.322884301187888,"p<0.01","HLA-A_CD8B","HLA-A - CD8B","MHC-I","Cell-Cell Contact","KEGG: hsa04514","Naïve CD8 T -> NK T (PBMC_Early)",0.0451807300244743,"Naïve CD8 T -> NK T","PBMC_Early","p<0.01"
"NK T","NK T","HLA-A","CD8B",0.329325289920058,"p<0.01","HLA-A_CD8B","HLA-A - CD8B","MHC-I","Cell-Cell Contact","KEGG: hsa04514","NK T -> NK T (PBMC_Early)",0.0480020572963378,"NK T -> NK T","PBMC_Early","p<0.01"
"pDC","NK T","HLA-A","CD8B",0.252547291937439,"p<0.01","HLA-A_CD8B","HLA-A - CD8B","MHC-I","Cell-Cell Contact","KEGG: hsa04514","pDC -> NK T (PBMC_Early)",0.0190697033199213,"pDC -> NK T","PBMC_Early","p<0.01"
"Pro-B","NK T","HLA-A","CD8B",0.277663682608239,"p<0.01","HLA-A_CD8B","HLA-A - CD8B","MHC-I","Cell-Cell Contact","KEGG: hsa04514","Pro-B -> NK T (PBMC_Early)",0.0272833328649369,"Pro-B -> NK T","PBMC_Early","p<0.01"
"Tem","NK T","HLA-A","CD8B",0.32198634535422,"p<0.01","HLA-A_CD8B","HLA-A - CD8B","MHC-I","Cell-Cell Contact","KEGG: hsa04514","Tem -> NK T (PBMC_Early)",0.0447921775745757,"Tem -> NK T","PBMC_Early","p<0.01"
"Th17like_INNATE_T","NK T","HLA-A","CD8B",0.32832851010827,"p<0.01","HLA-A_CD8B","HLA-A - CD8B","MHC-I","Cell-Cell Contact","KEGG: hsa04514","Th17like_INNATE_T -> NK T (PBMC_Early)",0.0475615783580491,"Th17like_INNATE_T -> NK T","PBMC_Early","p<0.01"
"Treg","NK T","HLA-A","CD8B",0.331794962678149,"p<0.01","HLA-A_CD8B","HLA-A - CD8B","MHC-I","Cell-Cell Contact","KEGG: hsa04514","Treg -> NK T (PBMC_Early)",0.0490993476738591,"Treg -> NK T","PBMC_Early","p<0.01"
"CD14+PPBP+ Monocytes","NK T","HLA-A","CD8B",0.432868130047892,"p<0.01","HLA-A_CD8B","HLA-A - CD8B","MHC-I","Cell-Cell Contact","KEGG: hsa04514","CD14+PPBP+ Monocytes -> NK T (PBMC_Late)",0.0992441419714268,"CD14+PPBP+ Monocytes -> NK T","PBMC_Late","p<0.01"
"CD56highCD16low NK","NK T","HLA-A","CD8B",0.400595065555658,"p<0.01","HLA-A_CD8B","HLA-A - CD8B","MHC-I","Cell-Cell Contact","KEGG: hsa04514","CD56highCD16low NK -> NK T (PBMC_Late)",0.0823903990764327,"CD56highCD16low NK -> NK T","PBMC_Late","p<0.01"
"Classical Monocytes","NK T","HLA-A","CD8B",0.417658121218302,"p<0.01","HLA-A_CD8B","HLA-A - CD8B","MHC-I","Cell-Cell Contact","KEGG: hsa04514","Classical Monocytes -> NK T (PBMC_Late)",0.0912362686610246,"Classical Monocytes -> NK T","PBMC_Late","p<0.01"
"CX3CR1+ NK","NK T","HLA-A","CD8B",0.485060956885233,"p<0.01","HLA-A_CD8B","HLA-A - CD8B","MHC-I","Cell-Cell Contact","KEGG: hsa04514","CX3CR1+ NK -> NK T (PBMC_Late)",0.127250644366081,"CX3CR1+ NK -> NK T","PBMC_Late","p<0.01"
"CXCR5- Naïve B","NK T","HLA-A","CD8B",0.419285488784958,"p<0.01","HLA-A_CD8B","HLA-A - CD8B","MHC-I","Cell-Cell Contact","KEGG: hsa04514","CXCR5- Naïve B -> NK T (PBMC_Late)",0.0920880770567771,"CXCR5- Naïve B -> NK T","PBMC_Late","p<0.01"
"CXCR5+ Naïve B","NK T","HLA-A","CD8B",0.425041575605387,"p<0.01","HLA-A_CD8B","HLA-A - CD8B","MHC-I","Cell-Cell Contact","KEGG: hsa04514","CXCR5+ Naïve B -> NK T (PBMC_Late)",0.095110964407399,"CXCR5+ Naïve B -> NK T","PBMC_Late","p<0.01"
"CXCR6+ NK","NK T","HLA-A","CD8B",0.463911469291321,"p<0.01","HLA-A_CD8B","HLA-A - CD8B","MHC-I","Cell-Cell Contact","KEGG: hsa04514","CXCR6+ NK -> NK T (PBMC_Late)",0.115835558022527,"CXCR6+ NK -> NK T","PBMC_Late","p<0.01"
"DC2","NK T","HLA-A","CD8B",0.41194354699425,"p<0.01","HLA-A_CD8B","HLA-A - CD8B","MHC-I","Cell-Cell Contact","KEGG: hsa04514","DC2 -> NK T (PBMC_Late)",0.0882556918007487,"DC2 -> NK T","PBMC_Late","p<0.01"
"Early_ERY","NK T","HLA-A","CD8B",0.205784483174786,"p<0.01","HLA-A_CD8B","HLA-A - CD8B","MHC-I","Cell-Cell Contact","KEGG: hsa04514","Early_ERY -> NK T (PBMC_Late)",0.00775472547436829,"Early_ERY -> NK T","PBMC_Late","p<0.01"
"Gamma Delta V1 T","NK T","HLA-A","CD8B",0.458858202444706,"p<0.01","HLA-A_CD8B","HLA-A - CD8B","MHC-I","Cell-Cell Contact","KEGG: hsa04514","Gamma Delta V1 T -> NK T (PBMC_Late)",0.113118143433991,"Gamma Delta V1 T -> NK T","PBMC_Late","p<0.01"
"Gamma Delta V2 T","NK T","HLA-A","CD8B",0.463458611902146,"p<0.01","HLA-A_CD8B","HLA-A - CD8B","MHC-I","Cell-Cell Contact","KEGG: hsa04514","Gamma Delta V2 T -> NK T (PBMC_Late)",0.115591833069446,"Gamma Delta V2 T -> NK T","PBMC_Late","p<0.01"
"HSC_MPP","NK T","HLA-A","CD8B",0.364718783280316,"p<0.01","HLA-A_CD8B","HLA-A - CD8B","MHC-I","Cell-Cell Contact","KEGG: hsa04514","HSC_MPP -> NK T (PBMC_Late)",0.0644517436654168,"HSC_MPP -> NK T","PBMC_Late","p<0.01"
"ILC2/3","NK T","HLA-A","CD8B",0.450731269430445,"p<0.01","HLA-A_CD8B","HLA-A - CD8B","MHC-I","Cell-Cell Contact","KEGG: hsa04514","ILC2/3 -> NK T (PBMC_Late)",0.108759432841249,"ILC2/3 -> NK T","PBMC_Late","p<0.01"
"Megakaryocytes","NK T","HLA-A","CD8B",0.455211732569115,"p<0.01","HLA-A_CD8B","HLA-A - CD8B","MHC-I","Cell-Cell Contact","KEGG: hsa04514","Megakaryocytes -> NK T (PBMC_Late)",0.111160526869929,"Megakaryocytes -> NK T","PBMC_Late","p<0.01"
"MEMP","NK T","HLA-A","CD8B",0.316420815804534,"p<0.01","HLA-A_CD8B","HLA-A - CD8B","MHC-I","Cell-Cell Contact","KEGG: hsa04514","MEMP -> NK T (PBMC_Late)",0.0424109650674363,"MEMP -> NK T","PBMC_Late","p<0.01"
"MEP","NK T","HLA-A","CD8B",0.343523702287454,"p<0.01","HLA-A_CD8B","HLA-A - CD8B","MHC-I","Cell-Cell Contact","KEGG: hsa04514","MEP -> NK T (PBMC_Late)",0.0544208848992624,"MEP -> NK T","PBMC_Late","p<0.01"
"Naïve CD4 T","NK T","HLA-A","CD8B",0.442959966682775,"p<0.01","HLA-A_CD8B","HLA-A - CD8B","MHC-I","Cell-Cell Contact","KEGG: hsa04514","Naïve CD4 T -> NK T (PBMC_Late)",0.104607465917292,"Naïve CD4 T -> NK T","PBMC_Late","p<0.01"
"Naïve CD8 T","NK T","HLA-A","CD8B",0.449653265104275,"p<0.01","HLA-A_CD8B","HLA-A - CD8B","MHC-I","Cell-Cell Contact","KEGG: hsa04514","Naïve CD8 T -> NK T (PBMC_Late)",0.108182483718716,"Naïve CD8 T -> NK T","PBMC_Late","p<0.01"
"NK T","NK T","HLA-A","CD8B",0.473818819812538,"p<0.01","HLA-A_CD8B","HLA-A - CD8B","MHC-I","Cell-Cell Contact","KEGG: hsa04514","NK T -> NK T (PBMC_Late)",0.12117598649472,"NK T -> NK T","PBMC_Late","p<0.01"
"pDC","NK T","HLA-A","CD8B",0.391231981297059,"p<0.01","HLA-A_CD8B","HLA-A - CD8B","MHC-I","Cell-Cell Contact","KEGG: hsa04514","pDC -> NK T (PBMC_Late)",0.0776123853929535,"pDC -> NK T","PBMC_Late","p<0.01"
"Pro-B","NK T","HLA-A","CD8B",0.41001007399887,"p<0.01","HLA-A_CD8B","HLA-A - CD8B","MHC-I","Cell-Cell Contact","KEGG: hsa04514","Pro-B -> NK T (PBMC_Late)",0.0872511564881306,"Pro-B -> NK T","PBMC_Late","p<0.01"
"Tem","NK T","HLA-A","CD8B",0.453407240839188,"p<0.01","HLA-A_CD8B","HLA-A - CD8B","MHC-I","Cell-Cell Contact","KEGG: hsa04514","Tem -> NK T (PBMC_Late)",0.11019290318179,"Tem -> NK T","PBMC_Late","p<0.01"
"Th17like_INNATE_T","NK T","HLA-A","CD8B",0.453627864045473,"p<0.01","HLA-A_CD8B","HLA-A - CD8B","MHC-I","Cell-Cell Contact","KEGG: hsa04514","Th17like_INNATE_T -> NK T (PBMC_Late)",0.110311166371678,"Th17like_INNATE_T -> NK T","PBMC_Late","p<0.01"
"Treg","NK T","HLA-A","CD8B",0.4616210772558,"p<0.01","HLA-A_CD8B","HLA-A - CD8B","MHC-I","Cell-Cell Contact","KEGG: hsa04514","Treg -> NK T (PBMC_Late)",0.114603274572153,"Treg -> NK T","PBMC_Late","p<0.01"
"CD14+PPBP+ Monocytes","NK T","HLA-B","CD8A",0.341176664576986,"p<0.01","HLA-B_CD8A","HLA-B - CD8A","MHC-I","Cell-Cell Contact","KEGG: hsa04514","CD14+PPBP+ Monocytes -> NK T (PBMC_Early)",0.053341917288426,"CD14+PPBP+ Monocytes -> NK T","PBMC_Early","p<0.01"
"CD56highCD16low NK","NK T","HLA-B","CD8A",0.306421052604764,"p<0.01","HLA-B_CD8A","HLA-B - CD8A","MHC-I","Cell-Cell Contact","KEGG: hsa04514","CD56highCD16low NK -> NK T (PBMC_Early)",0.0382549108259389,"CD56highCD16low NK -> NK T","PBMC_Early","p<0.01"
"Classical Monocytes","NK T","HLA-B","CD8A",0.33912675325788,"p<0.01","HLA-B_CD8A","HLA-B - CD8A","MHC-I","Cell-Cell Contact","KEGG: hsa04514","Classical Monocytes -> NK T (PBMC_Early)",0.0524051736006004,"Classical Monocytes -> NK T","PBMC_Early","p<0.01"
"CX3CR1+ NK","NK T","HLA-B","CD8A",0.371743453892584,"p<0.01","HLA-B_CD8A","HLA-B - CD8A","MHC-I","Cell-Cell Contact","KEGG: hsa04514","CX3CR1+ NK -> NK T (PBMC_Early)",0.0678790934722737,"CX3CR1+ NK -> NK T","PBMC_Early","p<0.01"
"CXCR5- Naïve B","NK T","HLA-B","CD8A",0.359620374015205,"p<0.01","HLA-B_CD8A","HLA-B - CD8A","MHC-I","Cell-Cell Contact","KEGG: hsa04514","CXCR5- Naïve B -> NK T (PBMC_Early)",0.0619944705378401,"CXCR5- Naïve B -> NK T","PBMC_Early","p<0.01"
"CXCR5+ Naïve B","NK T","HLA-B","CD8A",0.352405744339251,"p<0.01","HLA-B_CD8A","HLA-B - CD8A","MHC-I","Cell-Cell Contact","KEGG: hsa04514","CXCR5+ Naïve B -> NK T (PBMC_Early)",0.0585638191212501,"CXCR5+ Naïve B -> NK T","PBMC_Early","p<0.01"
"CXCR6+ NK","NK T","HLA-B","CD8A",0.361652942736338,"p<0.01","HLA-B_CD8A","HLA-B - CD8A","MHC-I","Cell-Cell Contact","KEGG: hsa04514","CXCR6+ NK -> NK T (PBMC_Early)",0.0629709428687113,"CXCR6+ NK -> NK T","PBMC_Early","p<0.01"
"DC2","NK T","HLA-B","CD8A",0.332321832850644,"p<0.01","HLA-B_CD8A","HLA-B - CD8A","MHC-I","Cell-Cell Contact","KEGG: hsa04514","DC2 -> NK T (PBMC_Early)",0.0493345213368679,"DC2 -> NK T","PBMC_Early","p<0.01"
"Gamma Delta V1 T","NK T","HLA-B","CD8A",0.354919906107356,"p<0.01","HLA-B_CD8A","HLA-B - CD8A","MHC-I","Cell-Cell Contact","KEGG: hsa04514","Gamma Delta V1 T -> NK T (PBMC_Early)",0.0597529276175949,"Gamma Delta V1 T -> NK T","PBMC_Early","p<0.01"
"Gamma Delta V2 T","NK T","HLA-B","CD8A",0.361304111108094,"p<0.01","HLA-B_CD8A","HLA-B - CD8A","MHC-I","Cell-Cell Contact","KEGG: hsa04514","Gamma Delta V2 T -> NK T (PBMC_Early)",0.0628030579939434,"Gamma Delta V2 T -> NK T","PBMC_Early","p<0.01"
"HSC_MPP","NK T","HLA-B","CD8A",0.274489291160114,"p<0.01","HLA-B_CD8A","HLA-B - CD8A","MHC-I","Cell-Cell Contact","KEGG: hsa04514","HSC_MPP -> NK T (PBMC_Early)",0.0261703189232565,"HSC_MPP -> NK T","PBMC_Early","p<0.01"
"ILC2/3","NK T","HLA-B","CD8A",0.342737603143465,"p<0.01","HLA-B_CD8A","HLA-B - CD8A","MHC-I","Cell-Cell Contact","KEGG: hsa04514","ILC2/3 -> NK T (PBMC_Early)",0.0540587457730503,"ILC2/3 -> NK T","PBMC_Early","p<0.01"
"Megakaryocytes","NK T","HLA-B","CD8A",0.35296072619761,"p<0.01","HLA-B_CD8A","HLA-B - CD8A","MHC-I","Cell-Cell Contact","KEGG: hsa04514","Megakaryocytes -> NK T (PBMC_Early)",0.0588257025633421,"Megakaryocytes -> NK T","PBMC_Early","p<0.01"
"MEMP","NK T","HLA-B","CD8A",0.223125257107258,"p<0.01","HLA-B_CD8A","HLA-B - CD8A","MHC-I","Cell-Cell Contact","KEGG: hsa04514","MEMP -> NK T (PBMC_Early)",0.011313172177491,"MEMP -> NK T","PBMC_Early","p<0.01"
"MEP","NK T","HLA-B","CD8A",0.254268523648294,"p<0.01","HLA-B_CD8A","HLA-B - CD8A","MHC-I","Cell-Cell Contact","KEGG: hsa04514","MEP -> NK T (PBMC_Early)",0.0195877649558296,"MEP -> NK T","PBMC_Early","p<0.01"
"Myeloid-CD177","NK T","HLA-B","CD8A",0.291372291970409,"p<0.01","HLA-B_CD8A","HLA-B - CD8A","MHC-I","Cell-Cell Contact","KEGG: hsa04514","Myeloid-CD177 -> NK T (PBMC_Early)",0.032321089722827,"Myeloid-CD177 -> NK T","PBMC_Early","p<0.01"
"Naïve CD4 T","NK T","HLA-B","CD8A",0.350824392245457,"p<0.01","HLA-B_CD8A","HLA-B - CD8A","MHC-I","Cell-Cell Contact","KEGG: hsa04514","Naïve CD4 T -> NK T (PBMC_Early)",0.0578195145372284,"Naïve CD4 T -> NK T","PBMC_Early","p<0.01"
"Naïve CD8 T","NK T","HLA-B","CD8A",0.352301080778401,"p<0.01","HLA-B_CD8A","HLA-B - CD8A","MHC-I","Cell-Cell Contact","KEGG: hsa04514","Naïve CD8 T -> NK T (PBMC_Early)",0.0585144693782375,"Naïve CD8 T -> NK T","PBMC_Early","p<0.01"
"NK T","NK T","HLA-B","CD8A",0.368511006401017,"p<0.01","HLA-B_CD8A","HLA-B - CD8A","MHC-I","Cell-Cell Contact","KEGG: hsa04514","NK T -> NK T (PBMC_Early)",0.0662961697184451,"NK T -> NK T","PBMC_Early","p<0.01"
"pDC","NK T","HLA-B","CD8A",0.324779587222169,"p<0.01","HLA-B_CD8A","HLA-B - CD8A","MHC-I","Cell-Cell Contact","KEGG: hsa04514","pDC -> NK T (PBMC_Early)",0.0460047217374578,"pDC -> NK T","PBMC_Early","p<0.01"
"Pro-B","NK T","HLA-B","CD8A",0.331196406675836,"p<0.01","HLA-B_CD8A","HLA-B - CD8A","MHC-I","Cell-Cell Contact","KEGG: hsa04514","Pro-B -> NK T (PBMC_Early)",0.048832635483792,"Pro-B -> NK T","PBMC_Early","p<0.01"
"Tem","NK T","HLA-B","CD8A",0.365359863919887,"p<0.01","HLA-B_CD8A","HLA-B - CD8A","MHC-I","Cell-Cell Contact","KEGG: hsa04514","Tem -> NK T (PBMC_Early)",0.064762566900055,"Tem -> NK T","PBMC_Early","p<0.01"
"Th17like_INNATE_T","NK T","HLA-B","CD8A",0.363491114480904,"p<0.01","HLA-B_CD8A","HLA-B - CD8A","MHC-I","Cell-Cell Contact","KEGG: hsa04514","Th17like_INNATE_T -> NK T (PBMC_Early)",0.0638576503799024,"Th17like_INNATE_T -> NK T","PBMC_Early","p<0.01"
"Treg","NK T","HLA-B","CD8A",0.36062216730076,"p<0.01","HLA-B_CD8A","HLA-B - CD8A","MHC-I","Cell-Cell Contact","KEGG: hsa04514","Treg -> NK T (PBMC_Early)",0.0624752133953568,"Treg -> NK T","PBMC_Early","p<0.01"
"CD14+PPBP+ Monocytes","NK T","HLA-B","CD8A",0.50394640288967,"p<0.01","HLA-B_CD8A","HLA-B - CD8A","MHC-I","Cell-Cell Contact","KEGG: hsa04514","CD14+PPBP+ Monocytes -> NK T (PBMC_Late)",0.13747158943416,"CD14+PPBP+ Monocytes -> NK T","PBMC_Late","p<0.01"
"CD56highCD16low NK","NK T","HLA-B","CD8A",0.42493100634748,"p<0.01","HLA-B_CD8A","HLA-B - CD8A","MHC-I","Cell-Cell Contact","KEGG: hsa04514","CD56highCD16low NK -> NK T (PBMC_Late)",0.0950527564690429,"CD56highCD16low NK -> NK T","PBMC_Late","p<0.01"
"Classical Monocytes","NK T","HLA-B","CD8A",0.493915001665003,"p<0.01","HLA-B_CD8A","HLA-B - CD8A","MHC-I","Cell-Cell Contact","KEGG: hsa04514","Classical Monocytes -> NK T (PBMC_Late)",0.132041387964062,"Classical Monocytes -> NK T","PBMC_Late","p<0.01"
"CX3CR1+ NK","NK T","HLA-B","CD8A",0.545265008891058,"p<0.01","HLA-B_CD8A","HLA-B - CD8A","MHC-I","Cell-Cell Contact","KEGG: hsa04514","CX3CR1+ NK -> NK T (PBMC_Late)",0.159777891189985,"CX3CR1+ NK -> NK T","PBMC_Late","p<0.01"
"CXCR5- Naïve B","NK T","HLA-B","CD8A",0.518146409537683,"p<0.01","HLA-B_CD8A","HLA-B - CD8A","MHC-I","Cell-Cell Contact","KEGG: hsa04514","CXCR5- Naïve B -> NK T (PBMC_Late)",0.145154521262888,"CXCR5- Naïve B -> NK T","PBMC_Late","p<0.01"
"CXCR5+ Naïve B","NK T","HLA-B","CD8A",0.499785162470162,"p<0.01","HLA-B_CD8A","HLA-B - CD8A","MHC-I","Cell-Cell Contact","KEGG: hsa04514","CXCR5+ Naïve B -> NK T (PBMC_Late)",0.135218982851971,"CXCR5+ Naïve B -> NK T","PBMC_Late","p<0.01"
"CXCR6+ NK","NK T","HLA-B","CD8A",0.536467858142909,"p<0.01","HLA-B_CD8A","HLA-B - CD8A","MHC-I","Cell-Cell Contact","KEGG: hsa04514","CXCR6+ NK -> NK T (PBMC_Late)",0.155044272499236,"CXCR6+ NK -> NK T","PBMC_Late","p<0.01"
"DC2","NK T","HLA-B","CD8A",0.484518732336845,"p<0.01","HLA-B_CD8A","HLA-B - CD8A","MHC-I","Cell-Cell Contact","KEGG: hsa04514","DC2 -> NK T (PBMC_Late)",0.126957398847711,"DC2 -> NK T","PBMC_Late","p<0.01"
"Gamma Delta V1 T","NK T","HLA-B","CD8A",0.514980613991976,"p<0.01","HLA-B_CD8A","HLA-B - CD8A","MHC-I","Cell-Cell Contact","KEGG: hsa04514","Gamma Delta V1 T -> NK T (PBMC_Late)",0.143442550591108,"Gamma Delta V1 T -> NK T","PBMC_Late","p<0.01"
"Gamma Delta V2 T","NK T","HLA-B","CD8A",0.518404004582084,"p<0.01","HLA-B_CD8A","HLA-B - CD8A","MHC-I","Cell-Cell Contact","KEGG: hsa04514","Gamma Delta V2 T -> NK T (PBMC_Late)",0.145293790594301,"Gamma Delta V2 T -> NK T","PBMC_Late","p<0.01"
"HSC_MPP","NK T","HLA-B","CD8A",0.414327680041587,"p<0.01","HLA-B_CD8A","HLA-B - CD8A","MHC-I","Cell-Cell Contact","KEGG: hsa04514","HSC_MPP -> NK T (PBMC_Late)",0.0894971391467078,"HSC_MPP -> NK T","PBMC_Late","p<0.01"
"ILC2/3","NK T","HLA-B","CD8A",0.506322923565311,"p<0.01","HLA-B_CD8A","HLA-B - CD8A","MHC-I","Cell-Cell Contact","KEGG: hsa04514","ILC2/3 -> NK T (PBMC_Late)",0.138757961674602,"ILC2/3 -> NK T","PBMC_Late","p<0.01"
"Megakaryocytes","NK T","HLA-B","CD8A",0.513540878140912,"p<0.01","HLA-B_CD8A","HLA-B - CD8A","MHC-I","Cell-Cell Contact","KEGG: hsa04514","Megakaryocytes -> NK T (PBMC_Late)",0.142663773248208,"Megakaryocytes -> NK T","PBMC_Late","p<0.01"
"MEMP","NK T","HLA-B","CD8A",0.350654166056777,"p<0.01","HLA-B_CD8A","HLA-B - CD8A","MHC-I","Cell-Cell Contact","KEGG: hsa04514","MEMP -> NK T (PBMC_Late)",0.0577395621217272,"MEMP -> NK T","PBMC_Late","p<0.01"
"MEP","NK T","HLA-B","CD8A",0.377741068861392,"p<0.01","HLA-B_CD8A","HLA-B - CD8A","MHC-I","Cell-Cell Contact","KEGG: hsa04514","MEP -> NK T (PBMC_Late)",0.0708410910213424,"MEP -> NK T","PBMC_Late","p<0.01"
"Myeloid-CD177","NK T","HLA-B","CD8A",0.281106003503755,"p<0.01","HLA-B_CD8A","HLA-B - CD8A","MHC-I","Cell-Cell Contact","KEGG: hsa04514","Myeloid-CD177 -> NK T (PBMC_Late)",0.0285135208560563,"Myeloid-CD177 -> NK T","PBMC_Late","p<0.01"
"Naïve CD4 T","NK T","HLA-B","CD8A",0.497866738068019,"p<0.01","HLA-B_CD8A","HLA-B - CD8A","MHC-I","Cell-Cell Contact","KEGG: hsa04514","Naïve CD4 T -> NK T (PBMC_Late)",0.13418046784262,"Naïve CD4 T -> NK T","PBMC_Late","p<0.01"
"Naïve CD8 T","NK T","HLA-B","CD8A",0.507912760894749,"p<0.01","HLA-B_CD8A","HLA-B - CD8A","MHC-I","Cell-Cell Contact","KEGG: hsa04514","Naïve CD8 T -> NK T (PBMC_Late)",0.139618434192708,"Naïve CD8 T -> NK T","PBMC_Late","p<0.01"
"NK T","NK T","HLA-B","CD8A",0.526053848254063,"p<0.01","HLA-B_CD8A","HLA-B - CD8A","MHC-I","Cell-Cell Contact","KEGG: hsa04514","NK T -> NK T (PBMC_Late)",0.149427182460212,"NK T -> NK T","PBMC_Late","p<0.01"
"pDC","NK T","HLA-B","CD8A",0.478435258708382,"p<0.01","HLA-B_CD8A","HLA-B - CD8A","MHC-I","Cell-Cell Contact","KEGG: hsa04514","pDC -> NK T (PBMC_Late)",0.123668960491216,"pDC -> NK T","PBMC_Late","p<0.01"
"Pro-B","NK T","HLA-B","CD8A",0.480804718499211,"p<0.01","HLA-B_CD8A","HLA-B - CD8A","MHC-I","Cell-Cell Contact","KEGG: hsa04514","Pro-B -> NK T (PBMC_Late)",0.124949393304743,"Pro-B -> NK T","PBMC_Late","p<0.01"
"Tem","NK T","HLA-B","CD8A",0.515672257976939,"p<0.01","HLA-B_CD8A","HLA-B - CD8A","MHC-I","Cell-Cell Contact","KEGG: hsa04514","Tem -> NK T (PBMC_Late)",0.143816628127253,"Tem -> NK T","PBMC_Late","p<0.01"
"Th17like_INNATE_T","NK T","HLA-B","CD8A",0.518699789919134,"p<0.01","HLA-B_CD8A","HLA-B - CD8A","MHC-I","Cell-Cell Contact","KEGG: hsa04514","Th17like_INNATE_T -> NK T (PBMC_Late)",0.145453701527979,"Th17like_INNATE_T -> NK T","PBMC_Late","p<0.01"
"Treg","NK T","HLA-B","CD8A",0.516822262095941,"p<0.01","HLA-B_CD8A","HLA-B - CD8A","MHC-I","Cell-Cell Contact","KEGG: hsa04514","Treg -> NK T (PBMC_Late)",0.144438542870795,"Treg -> NK T","PBMC_Late","p<0.01"
"CD14+PPBP+ Monocytes","NK T","HLA-B","CD8B",0.323221115499486,"p<0.01","HLA-B_CD8B","HLA-B - CD8B","MHC-I","Cell-Cell Contact","KEGG: hsa04514","CD14+PPBP+ Monocytes -> NK T (PBMC_Early)",0.0453267788675989,"CD14+PPBP+ Monocytes -> NK T","PBMC_Early","p<0.01"
"CD56highCD16low NK","NK T","HLA-B","CD8B",0.291655759919421,"p<0.01","HLA-B_CD8B","HLA-B - CD8B","MHC-I","Cell-Cell Contact","KEGG: hsa04514","CD56highCD16low NK -> NK T (PBMC_Early)",0.0324290827424261,"CD56highCD16low NK -> NK T","PBMC_Early","p<0.01"
"Classical Monocytes","NK T","HLA-B","CD8B",0.321365355979086,"p<0.01","HLA-B_CD8B","HLA-B - CD8B","MHC-I","Cell-Cell Contact","KEGG: hsa04514","Classical Monocytes -> NK T (PBMC_Early)",0.044524169848924,"Classical Monocytes -> NK T","PBMC_Early","p<0.01"
"CX3CR1+ NK","NK T","HLA-B","CD8B",0.350810532436957,"p<0.01","HLA-B_CD8B","HLA-B - CD8B","MHC-I","Cell-Cell Contact","KEGG: hsa04514","CX3CR1+ NK -> NK T (PBMC_Early)",0.0578130035804618,"CX3CR1+ NK -> NK T","PBMC_Early","p<0.01"
"CXCR5- Naïve B","NK T","HLA-B","CD8B",0.339886317762729,"p<0.01","HLA-B_CD8B","HLA-B - CD8B","MHC-I","Cell-Cell Contact","KEGG: hsa04514","CXCR5- Naïve B -> NK T (PBMC_Early)",0.0527516509298248,"CXCR5- Naïve B -> NK T","PBMC_Early","p<0.01"
"CXCR5+ Naïve B","NK T","HLA-B","CD8B",0.333374065350143,"p<0.01","HLA-B_CD8B","HLA-B - CD8B","MHC-I","Cell-Cell Contact","KEGG: hsa04514","CXCR5+ Naïve B -> NK T (PBMC_Early)",0.0498053208322002,"CXCR5+ Naïve B -> NK T","PBMC_Early","p<0.01"
"CXCR6+ NK","NK T","HLA-B","CD8B",0.341719495016348,"p<0.01","HLA-B_CD8B","HLA-B - CD8B","MHC-I","Cell-Cell Contact","KEGG: hsa04514","CXCR6+ NK -> NK T (PBMC_Early)",0.0535908575687776,"CXCR6+ NK -> NK T","PBMC_Early","p<0.01"
"DC2","NK T","HLA-B","CD8B",0.315199729968951,"p<0.01","HLA-B_CD8B","HLA-B - CD8B","MHC-I","Cell-Cell Contact","KEGG: hsa04514","DC2 -> NK T (PBMC_Early)",0.0418948843900002,"DC2 -> NK T","PBMC_Early","p<0.01"
"Gamma Delta V1 T","NK T","HLA-B","CD8B",0.335644420076581,"p<0.01","HLA-B_CD8B","HLA-B - CD8B","MHC-I","Cell-Cell Contact","KEGG: hsa04514","Gamma Delta V1 T -> NK T (PBMC_Early)",0.0508261935287327,"Gamma Delta V1 T -> NK T","PBMC_Early","p<0.01"
"Gamma Delta V2 T","NK T","HLA-B","CD8B",0.34140492989763,"p<0.01","HLA-B_CD8B","HLA-B - CD8B","MHC-I","Cell-Cell Contact","KEGG: hsa04514","Gamma Delta V2 T -> NK T (PBMC_Early)",0.0534465542366157,"Gamma Delta V2 T -> NK T","PBMC_Early","p<0.01"
"HSC_MPP","NK T","HLA-B","CD8B",0.262449459861675,"p<0.01","HLA-B_CD8B","HLA-B - CD8B","MHC-I","Cell-Cell Contact","KEGG: hsa04514","HSC_MPP -> NK T (PBMC_Early)",0.0221424784595275,"HSC_MPP -> NK T","PBMC_Early","p<0.01"
"ILC2/3","NK T","HLA-B","CD8B",0.324633732252849,"p<0.01","HLA-B_CD8B","HLA-B - CD8B","MHC-I","Cell-Cell Contact","KEGG: hsa04514","ILC2/3 -> NK T (PBMC_Early)",0.0459411241110157,"ILC2/3 -> NK T","PBMC_Early","p<0.01"
"Megakaryocytes","NK T","HLA-B","CD8B",0.333875317542665,"p<0.01","HLA-B_CD8B","HLA-B - CD8B","MHC-I","Cell-Cell Contact","KEGG: hsa04514","Megakaryocytes -> NK T (PBMC_Early)",0.0500301197256819,"Megakaryocytes -> NK T","PBMC_Early","p<0.01"
"MEMP","NK T","HLA-B","CD8B",0.214995463497532,"p<0.01","HLA-B_CD8B","HLA-B - CD8B","MHC-I","Cell-Cell Contact","KEGG: hsa04514","MEMP -> NK T (PBMC_Early)",0.00954955299532963,"MEMP -> NK T","PBMC_Early","p<0.01"
"MEP","NK T","HLA-B","CD8B",0.24384189608511,"p<0.01","HLA-B_CD8B","HLA-B - CD8B","MHC-I","Cell-Cell Contact","KEGG: hsa04514","MEP -> NK T (PBMC_Early)",0.0165558133420414,"MEP -> NK T","PBMC_Early","p<0.01"
"Myeloid-CD177","NK T","HLA-B","CD8B",0.277917447027578,"p<0.01","HLA-B_CD8B","HLA-B - CD8B","MHC-I","Cell-Cell Contact","KEGG: hsa04514","Myeloid-CD177 -> NK T (PBMC_Early)",0.0273732013748162,"Myeloid-CD177 -> NK T","PBMC_Early","p<0.01"
"Naïve CD4 T","NK T","HLA-B","CD8B",0.331945531827183,"p<0.01","HLA-B_CD8B","HLA-B - CD8B","MHC-I","Cell-Cell Contact","KEGG: hsa04514","Naïve CD4 T -> NK T (PBMC_Early)",0.0491665171556689,"Naïve CD4 T -> NK T","PBMC_Early","p<0.01"
"Naïve CD8 T","NK T","HLA-B","CD8B",0.333279528961423,"p<0.01","HLA-B_CD8B","HLA-B - CD8B","MHC-I","Cell-Cell Contact","KEGG: hsa04514","Naïve CD8 T -> NK T (PBMC_Early)",0.0497629614564359,"Naïve CD8 T -> NK T","PBMC_Early","p<0.01"
"NK T","NK T","HLA-B","CD8B",0.347899984996494,"p<0.01","HLA-B_CD8B","HLA-B - CD8B","MHC-I","Cell-Cell Contact","KEGG: hsa04514","NK T -> NK T (PBMC_Early)",0.0564506024449058,"NK T -> NK T","PBMC_Early","p<0.01"
"pDC","NK T","HLA-B","CD8B",0.308356495200449,"p<0.01","HLA-B_CD8B","HLA-B - CD8B","MHC-I","Cell-Cell Contact","KEGG: hsa04514","pDC -> NK T (PBMC_Early)",0.0390465939024883,"pDC -> NK T","PBMC_Early","p<0.01"
"Pro-B","NK T","HLA-B","CD8B",0.314179251192576,"p<0.01","HLA-B_CD8B","HLA-B - CD8B","MHC-I","Cell-Cell Contact","KEGG: hsa04514","Pro-B -> NK T (PBMC_Early)",0.0414653816950078,"Pro-B -> NK T","PBMC_Early","p<0.01"
"Tem","NK T","HLA-B","CD8B",0.345061089072096,"p<0.01","HLA-B_CD8B","HLA-B - CD8B","MHC-I","Cell-Cell Contact","KEGG: hsa04514","Tem -> NK T (PBMC_Early)",0.0551313053064625,"Tem -> NK T","PBMC_Early","p<0.01"
"Th17like_INNATE_T","NK T","HLA-B","CD8B",0.343376780674795,"p<0.01","HLA-B_CD8B","HLA-B - CD8B","MHC-I","Cell-Cell Contact","KEGG: hsa04514","Th17like_INNATE_T -> NK T (PBMC_Early)",0.0543531436477524,"Th17like_INNATE_T -> NK T","PBMC_Early","p<0.01"
"Treg","NK T","HLA-B","CD8B",0.340789919091647,"p<0.01","HLA-B_CD8B","HLA-B - CD8B","MHC-I","Cell-Cell Contact","KEGG: hsa04514","Treg -> NK T (PBMC_Early)",0.0531647817414057,"Treg -> NK T","PBMC_Early","p<0.01"
"CD14+PPBP+ Monocytes","NK T","HLA-B","CD8B",0.472934728678893,"p<0.01","HLA-B_CD8B","HLA-B - CD8B","MHC-I","Cell-Cell Contact","KEGG: hsa04514","CD14+PPBP+ Monocytes -> NK T (PBMC_Late)",0.120698848885802,"CD14+PPBP+ Monocytes -> NK T","PBMC_Late","p<0.01"
"CD56highCD16low NK","NK T","HLA-B","CD8B",0.401699298987499,"p<0.01","HLA-B_CD8B","HLA-B - CD8B","MHC-I","Cell-Cell Contact","KEGG: hsa04514","CD56highCD16low NK -> NK T (PBMC_Late)",0.0829577107986878,"CD56highCD16low NK -> NK T","PBMC_Late","p<0.01"
"Classical Monocytes","NK T","HLA-B","CD8B",0.463923805886164,"p<0.01","HLA-B_CD8B","HLA-B - CD8B","MHC-I","Cell-Cell Contact","KEGG: hsa04514","Classical Monocytes -> NK T (PBMC_Late)",0.115842198019417,"Classical Monocytes -> NK T","PBMC_Late","p<0.01"
"CX3CR1+ NK","NK T","HLA-B","CD8B",0.509962377999398,"p<0.01","HLA-B_CD8B","HLA-B - CD8B","MHC-I","Cell-Cell Contact","KEGG: hsa04514","CX3CR1+ NK -> NK T (PBMC_Late)",0.140727628607923,"CX3CR1+ NK -> NK T","PBMC_Late","p<0.01"
"CXCR5- Naïve B","NK T","HLA-B","CD8B",0.48567554757247,"p<0.01","HLA-B_CD8B","HLA-B - CD8B","MHC-I","Cell-Cell Contact","KEGG: hsa04514","CXCR5- Naïve B -> NK T (PBMC_Late)",0.127583051264448,"CXCR5- Naïve B -> NK T","PBMC_Late","p<0.01"
"CXCR5+ Naïve B","NK T","HLA-B","CD8B",0.469197865531936,"p<0.01","HLA-B_CD8B","HLA-B - CD8B","MHC-I","Cell-Cell Contact","KEGG: hsa04514","CXCR5+ Naïve B -> NK T (PBMC_Late)",0.118683262606801,"CXCR5+ Naïve B -> NK T","PBMC_Late","p<0.01"
"CXCR6+ NK","NK T","HLA-B","CD8B",0.502090095278917,"p<0.01","HLA-B_CD8B","HLA-B - CD8B","MHC-I","Cell-Cell Contact","KEGG: hsa04514","CXCR6+ NK -> NK T (PBMC_Late)",0.136466731220005,"CXCR6+ NK -> NK T","PBMC_Late","p<0.01"
"DC2","NK T","HLA-B","CD8B",0.455475338282684,"p<0.01","HLA-B_CD8B","HLA-B - CD8B","MHC-I","Cell-Cell Contact","KEGG: hsa04514","DC2 -> NK T (PBMC_Late)",0.111301944387151,"DC2 -> NK T","PBMC_Late","p<0.01"
"Gamma Delta V1 T","NK T","HLA-B","CD8B",0.482836520243694,"p<0.01","HLA-B_CD8B","HLA-B - CD8B","MHC-I","Cell-Cell Contact","KEGG: hsa04514","Gamma Delta V1 T -> NK T (PBMC_Late)",0.126047762968967,"Gamma Delta V1 T -> NK T","PBMC_Late","p<0.01"
"Gamma Delta V2 T","NK T","HLA-B","CD8B",0.485906518002681,"p<0.01","HLA-B_CD8B","HLA-B - CD8B","MHC-I","Cell-Cell Contact","KEGG: hsa04514","Gamma Delta V2 T -> NK T (PBMC_Late)",0.12770798017355,"Gamma Delta V2 T -> NK T","PBMC_Late","p<0.01"
"HSC_MPP","NK T","HLA-B","CD8B",0.3920906540655,"p<0.01","HLA-B_CD8B","HLA-B - CD8B","MHC-I","Cell-Cell Contact","KEGG: hsa04514","HSC_MPP -> NK T (PBMC_Late)",0.0780480516920919,"HSC_MPP -> NK T","PBMC_Late","p<0.01"
"ILC2/3","NK T","HLA-B","CD8B",0.475068218268343,"p<0.01","HLA-B_CD8B","HLA-B - CD8B","MHC-I","Cell-Cell Contact","KEGG: hsa04514","ILC2/3 -> NK T (PBMC_Late)",0.121850444757603,"ILC2/3 -> NK T","PBMC_Late","p<0.01"
"Megakaryocytes","NK T","HLA-B","CD8B",0.481545118836826,"p<0.01","HLA-B_CD8B","HLA-B - CD8B","MHC-I","Cell-Cell Contact","KEGG: hsa04514","Megakaryocytes -> NK T (PBMC_Late)",0.125349604881946,"Megakaryocytes -> NK T","PBMC_Late","p<0.01"
"MEMP","NK T","HLA-B","CD8B",0.334096552367445,"p<0.01","HLA-B_CD8B","HLA-B - CD8B","MHC-I","Cell-Cell Contact","KEGG: hsa04514","MEMP -> NK T (PBMC_Late)",0.0501294449312946,"MEMP -> NK T","PBMC_Late","p<0.01"
"MEP","NK T","HLA-B","CD8B",0.358832469729251,"p<0.01","HLA-B_CD8B","HLA-B - CD8B","MHC-I","Cell-Cell Contact","KEGG: hsa04514","MEP -> NK T (PBMC_Late)",0.0616171024004708,"MEP -> NK T","PBMC_Late","p<0.01"
"Myeloid-CD177","NK T","HLA-B","CD8B",0.270066578515883,"p<0.01","HLA-B_CD8B","HLA-B - CD8B","MHC-I","Cell-Cell Contact","KEGG: hsa04514","Myeloid-CD177 -> NK T (PBMC_Late)",0.0246546281066287,"Myeloid-CD177 -> NK T","PBMC_Late","p<0.01"
"Naïve CD4 T","NK T","HLA-B","CD8B",0.467474584164866,"p<0.01","HLA-B_CD8B","HLA-B - CD8B","MHC-I","Cell-Cell Contact","KEGG: hsa04514","Naïve CD4 T -> NK T (PBMC_Late)",0.117754453028146,"Naïve CD4 T -> NK T","PBMC_Late","p<0.01"
"Naïve CD8 T","NK T","HLA-B","CD8B",0.476495205750351,"p<0.01","HLA-B_CD8B","HLA-B - CD8B","MHC-I","Cell-Cell Contact","KEGG: hsa04514","Naïve CD8 T -> NK T (PBMC_Late)",0.122620997466157,"Naïve CD8 T -> NK T","PBMC_Late","p<0.01"
"NK T","NK T","HLA-B","CD8B",0.492763241229578,"p<0.01","HLA-B_CD8B","HLA-B - CD8B","MHC-I","Cell-Cell Contact","KEGG: hsa04514","NK T -> NK T (PBMC_Late)",0.131418005592102,"NK T -> NK T","PBMC_Late","p<0.01"
"pDC","NK T","HLA-B","CD8B",0.45000122282016,"p<0.01","HLA-B_CD8B","HLA-B - CD8B","MHC-I","Cell-Cell Contact","KEGG: hsa04514","pDC -> NK T (PBMC_Late)",0.108368677615197,"pDC -> NK T","PBMC_Late","p<0.01"
"Pro-B","NK T","HLA-B","CD8B",0.452133749018088,"p<0.01","HLA-B_CD8B","HLA-B - CD8B","MHC-I","Cell-Cell Contact","KEGG: hsa04514","Pro-B -> NK T (PBMC_Late)",0.109510491961542,"Pro-B -> NK T","PBMC_Late","p<0.01"
"Tem","NK T","HLA-B","CD8B",0.483456844090702,"p<0.01","HLA-B_CD8B","HLA-B - CD8B","MHC-I","Cell-Cell Contact","KEGG: hsa04514","Tem -> NK T (PBMC_Late)",0.126383170627756,"Tem -> NK T","PBMC_Late","p<0.01"
"Th17like_INNATE_T","NK T","HLA-B","CD8B",0.486171724768739,"p<0.01","HLA-B_CD8B","HLA-B - CD8B","MHC-I","Cell-Cell Contact","KEGG: hsa04514","Th17like_INNATE_T -> NK T (PBMC_Late)",0.127851431317519,"Th17like_INNATE_T -> NK T","PBMC_Late","p<0.01"
"Treg","NK T","HLA-B","CD8B",0.484488176393582,"p<0.01","HLA-B_CD8B","HLA-B - CD8B","MHC-I","Cell-Cell Contact","KEGG: hsa04514","Treg -> NK T (PBMC_Late)",0.126940874219749,"Treg -> NK T","PBMC_Late","p<0.01"
"CD14+PPBP+ Monocytes","NK T","HLA-C","CD8A",0.325645446804541,"p<0.01","HLA-C_CD8A","HLA-C - CD8A","MHC-I","Cell-Cell Contact","KEGG: hsa04514","CD14+PPBP+ Monocytes -> NK T (PBMC_Early)",0.0463828987198064,"CD14+PPBP+ Monocytes -> NK T","PBMC_Early","p<0.01"
"CD56highCD16low NK","NK T","HLA-C","CD8A",0.294305409568328,"p<0.01","HLA-C_CD8A","HLA-C - CD8A","MHC-I","Cell-Cell Contact","KEGG: hsa04514","CD56highCD16low NK -> NK T (PBMC_Early)",0.0334457401544872,"CD56highCD16low NK -> NK T","PBMC_Early","p<0.01"
"Classical Monocytes","NK T","HLA-C","CD8A",0.316829263763547,"p<0.01","HLA-C_CD8A","HLA-C - CD8A","MHC-I","Cell-Cell Contact","KEGG: hsa04514","Classical Monocytes -> NK T (PBMC_Early)",0.0425841099105205,"Classical Monocytes -> NK T","PBMC_Early","p<0.01"
"CX3CR1+ NK","NK T","HLA-C","CD8A",0.348099198213869,"p<0.01","HLA-C_CD8A","HLA-C - CD8A","MHC-I","Cell-Cell Contact","KEGG: hsa04514","CX3CR1+ NK -> NK T (PBMC_Early)",0.0565435389955654,"CX3CR1+ NK -> NK T","PBMC_Early","p<0.01"
"CXCR5- Naïve B","NK T","HLA-C","CD8A",0.324033103107384,"p<0.01","HLA-C_CD8A","HLA-C - CD8A","MHC-I","Cell-Cell Contact","KEGG: hsa04514","CXCR5- Naïve B -> NK T (PBMC_Early)",0.045679555448971,"CXCR5- Naïve B -> NK T","PBMC_Early","p<0.01"
"CXCR5+ Naïve B","NK T","HLA-C","CD8A",0.316113980304998,"p<0.01","HLA-C_CD8A","HLA-C - CD8A","MHC-I","Cell-Cell Contact","KEGG: hsa04514","CXCR5+ Naïve B -> NK T (PBMC_Early)",0.042281065093965,"CXCR5+ Naïve B -> NK T","PBMC_Early","p<0.01"
"CXCR6+ NK","NK T","HLA-C","CD8A",0.343471992956569,"p<0.01","HLA-C_CD8A","HLA-C - CD8A","MHC-I","Cell-Cell Contact","KEGG: hsa04514","CXCR6+ NK -> NK T (PBMC_Early)",0.054397040229143,"CXCR6+ NK -> NK T","PBMC_Early","p<0.01"
"DC2","NK T","HLA-C","CD8A",0.306430756578292,"p<0.01","HLA-C_CD8A","HLA-C - CD8A","MHC-I","Cell-Cell Contact","KEGG: hsa04514","DC2 -> NK T (PBMC_Early)",0.0382588645675664,"DC2 -> NK T","PBMC_Early","p<0.01"
"Early_ERY","NK T","HLA-C","CD8A",0.162295768253205,"p<0.01","HLA-C_CD8A","HLA-C - CD8A","MHC-I","Cell-Cell Contact","KEGG: hsa04514","Early_ERY -> NK T (PBMC_Early)",0.00210889723295727,"Early_ERY -> NK T","PBMC_Early","p<0.01"
"Gamma Delta V1 T","NK T","HLA-C","CD8A",0.331132174371187,"p<0.01","HLA-C_CD8A","HLA-C - CD8A","MHC-I","Cell-Cell Contact","KEGG: hsa04514","Gamma Delta V1 T -> NK T (PBMC_Early)",0.0488040431571339,"Gamma Delta V1 T -> NK T","PBMC_Early","p<0.01"
"Gamma Delta V2 T","NK T","HLA-C","CD8A",0.336435811648243,"p<0.01","HLA-C_CD8A","HLA-C - CD8A","MHC-I","Cell-Cell Contact","KEGG: hsa04514","Gamma Delta V2 T -> NK T (PBMC_Early)",0.0511836474525107,"Gamma Delta V2 T -> NK T","PBMC_Early","p<0.01"
"HSC_MPP","NK T","HLA-C","CD8A",0.268356585192097,"p<0.01","HLA-C_CD8A","HLA-C - CD8A","MHC-I","Cell-Cell Contact","KEGG: hsa04514","HSC_MPP -> NK T (PBMC_Early)",0.0240797227457059,"HSC_MPP -> NK T","PBMC_Early","p<0.01"
"ILC2/3","NK T","HLA-C","CD8A",0.313794650740048,"p<0.01","HLA-C_CD8A","HLA-C - CD8A","MHC-I","Cell-Cell Contact","KEGG: hsa04514","ILC2/3 -> NK T (PBMC_Early)",0.0413039363285414,"ILC2/3 -> NK T","PBMC_Early","p<0.01"
"Megakaryocytes","NK T","HLA-C","CD8A",0.324982384619689,"p<0.01","HLA-C_CD8A","HLA-C - CD8A","MHC-I","Cell-Cell Contact","KEGG: hsa04514","Megakaryocytes -> NK T (PBMC_Early)",0.0460931993772036,"Megakaryocytes -> NK T","PBMC_Early","p<0.01"
"MEMP","NK T","HLA-C","CD8A",0.241130655125939,"p<0.01","HLA-C_CD8A","HLA-C - CD8A","MHC-I","Cell-Cell Contact","KEGG: hsa04514","MEMP -> NK T (PBMC_Early)",0.015809736741984,"MEMP -> NK T","PBMC_Early","p<0.01"
"MEP","NK T","HLA-C","CD8A",0.26021129412975,"p<0.01","HLA-C_CD8A","HLA-C - CD8A","MHC-I","Cell-Cell Contact","KEGG: hsa04514","MEP -> NK T (PBMC_Early)",0.0214285586257212,"MEP -> NK T","PBMC_Early","p<0.01"
"Myeloid-CD177","NK T","HLA-C","CD8A",0.220249958357699,"p<0.01","HLA-C_CD8A","HLA-C - CD8A","MHC-I","Cell-Cell Contact","KEGG: hsa04514","Myeloid-CD177 -> NK T (PBMC_Early)",0.0106702479316356,"Myeloid-CD177 -> NK T","PBMC_Early","p<0.01"
"Naïve CD4 T","NK T","HLA-C","CD8A",0.3232575941313,"p<0.01","HLA-C_CD8A","HLA-C - CD8A","MHC-I","Cell-Cell Contact","KEGG: hsa04514","Naïve CD4 T -> NK T (PBMC_Early)",0.0453426066748365,"Naïve CD4 T -> NK T","PBMC_Early","p<0.01"
"Naïve CD8 T","NK T","HLA-C","CD8A",0.326508126867217,"p<0.01","HLA-C_CD8A","HLA-C - CD8A","MHC-I","Cell-Cell Contact","KEGG: hsa04514","Naïve CD8 T -> NK T (PBMC_Early)",0.0467607593701391,"Naïve CD8 T -> NK T","PBMC_Early","p<0.01"
"NK T","NK T","HLA-C","CD8A",0.341758723023537,"p<0.01","HLA-C_CD8A","HLA-C - CD8A","MHC-I","Cell-Cell Contact","KEGG: hsa04514","NK T -> NK T (PBMC_Early)",0.0536088616320304,"NK T -> NK T","PBMC_Early","p<0.01"
"pDC","NK T","HLA-C","CD8A",0.292819601822389,"p<0.01","HLA-C_CD8A","HLA-C - CD8A","MHC-I","Cell-Cell Contact","KEGG: hsa04514","pDC -> NK T (PBMC_Early)",0.0328740422939496,"pDC -> NK T","PBMC_Early","p<0.01"
"Pro-B","NK T","HLA-C","CD8A",0.301725999933092,"p<0.01","HLA-C_CD8A","HLA-C - CD8A","MHC-I","Cell-Cell Contact","KEGG: hsa04514","Pro-B -> NK T (PBMC_Early)",0.0363607544197788,"Pro-B -> NK T","PBMC_Early","p<0.01"
"Tem","NK T","HLA-C","CD8A",0.338454366609843,"p<0.01","HLA-C_CD8A","HLA-C - CD8A","MHC-I","Cell-Cell Contact","KEGG: hsa04514","Tem -> NK T (PBMC_Early)",0.0520990762140854,"Tem -> NK T","PBMC_Early","p<0.01"
"Th17like_INNATE_T","NK T","HLA-C","CD8A",0.335289184170935,"p<0.01","HLA-C_CD8A","HLA-C - CD8A","MHC-I","Cell-Cell Contact","KEGG: hsa04514","Th17like_INNATE_T -> NK T (PBMC_Early)",0.0506660091349993,"Th17like_INNATE_T -> NK T","PBMC_Early","p<0.01"
"Treg","NK T","HLA-C","CD8A",0.332667450984034,"p<0.01","HLA-C_CD8A","HLA-C - CD8A","MHC-I","Cell-Cell Contact","KEGG: hsa04514","Treg -> NK T (PBMC_Early)",0.0494889960129977,"Treg -> NK T","PBMC_Early","p<0.01"
"CD14+PPBP+ Monocytes","NK T","HLA-C","CD8A",0.44834505963989,"p<0.01","HLA-C_CD8A","HLA-C - CD8A","MHC-I","Cell-Cell Contact","KEGG: hsa04514","CD14+PPBP+ Monocytes -> NK T (PBMC_Late)",0.107482747370185,"CD14+PPBP+ Monocytes -> NK T","PBMC_Late","p<0.01"
"CD56highCD16low NK","NK T","HLA-C","CD8A",0.409833524342187,"p<0.01","HLA-C_CD8A","HLA-C - CD8A","MHC-I","Cell-Cell Contact","KEGG: hsa04514","CD56highCD16low NK -> NK T (PBMC_Late)",0.0871595327657389,"CD56highCD16low NK -> NK T","PBMC_Late","p<0.01"
"Classical Monocytes","NK T","HLA-C","CD8A",0.437631734129241,"p<0.01","HLA-C_CD8A","HLA-C - CD8A","MHC-I","Cell-Cell Contact","KEGG: hsa04514","Classical Monocytes -> NK T (PBMC_Late)",0.101771390646247,"Classical Monocytes -> NK T","PBMC_Late","p<0.01"
"CX3CR1+ NK","NK T","HLA-C","CD8A",0.508557382338237,"p<0.01","HLA-C_CD8A","HLA-C - CD8A","MHC-I","Cell-Cell Contact","KEGG: hsa04514","CX3CR1+ NK -> NK T (PBMC_Late)",0.13996730164235,"CX3CR1+ NK -> NK T","PBMC_Late","p<0.01"
"CXCR5- Naïve B","NK T","HLA-C","CD8A",0.451195078659759,"p<0.01","HLA-C_CD8A","HLA-C - CD8A","MHC-I","Cell-Cell Contact","KEGG: hsa04514","CXCR5- Naïve B -> NK T (PBMC_Late)",0.109007757363038,"CXCR5- Naïve B -> NK T","PBMC_Late","p<0.01"
"CXCR5+ Naïve B","NK T","HLA-C","CD8A",0.439870733906255,"p<0.01","HLA-C_CD8A","HLA-C - CD8A","MHC-I","Cell-Cell Contact","KEGG: hsa04514","CXCR5+ Naïve B -> NK T (PBMC_Late)",0.102962012886007,"CXCR5+ Naïve B -> NK T","PBMC_Late","p<0.01"
"CXCR6+ NK","NK T","HLA-C","CD8A",0.489092008093859,"p<0.01","HLA-C_CD8A","HLA-C - CD8A","MHC-I","Cell-Cell Contact","KEGG: hsa04514","CXCR6+ NK -> NK T (PBMC_Late)",0.129431296039998,"CXCR6+ NK -> NK T","PBMC_Late","p<0.01"
"DC2","NK T","HLA-C","CD8A",0.432628865952723,"p<0.01","HLA-C_CD8A","HLA-C - CD8A","MHC-I","Cell-Cell Contact","KEGG: hsa04514","DC2 -> NK T (PBMC_Late)",0.0991174252573106,"DC2 -> NK T","PBMC_Late","p<0.01"
"Early_ERY","NK T","HLA-C","CD8A",0.21548862197061,"p<0.01","HLA-C_CD8A","HLA-C - CD8A","MHC-I","Cell-Cell Contact","KEGG: hsa04514","Early_ERY -> NK T (PBMC_Late)",0.00965174794096338,"Early_ERY -> NK T","PBMC_Late","p<0.01"
"Gamma Delta V1 T","NK T","HLA-C","CD8A",0.452759160086346,"p<0.01","HLA-C_CD8A","HLA-C - CD8A","MHC-I","Cell-Cell Contact","KEGG: hsa04514","Gamma Delta V1 T -> NK T (PBMC_Late)",0.109845573658513,"Gamma Delta V1 T -> NK T","PBMC_Late","p<0.01"
"Gamma Delta V2 T","NK T","HLA-C","CD8A",0.466332034808926,"p<0.01","HLA-C_CD8A","HLA-C - CD8A","MHC-I","Cell-Cell Contact","KEGG: hsa04514","Gamma Delta V2 T -> NK T (PBMC_Late)",0.117138905681669,"Gamma Delta V2 T -> NK T","PBMC_Late","p<0.01"
"HSC_MPP","NK T","HLA-C","CD8A",0.368229751722183,"p<0.01","HLA-C_CD8A","HLA-C - CD8A","MHC-I","Cell-Cell Contact","KEGG: hsa04514","HSC_MPP -> NK T (PBMC_Late)",0.0661589018601281,"HSC_MPP -> NK T","PBMC_Late","p<0.01"
"ILC2/3","NK T","HLA-C","CD8A",0.451336922806073,"p<0.01","HLA-C_CD8A","HLA-C - CD8A","MHC-I","Cell-Cell Contact","KEGG: hsa04514","ILC2/3 -> NK T (PBMC_Late)",0.109083712100293,"ILC2/3 -> NK T","PBMC_Late","p<0.01"
"Megakaryocytes","NK T","HLA-C","CD8A",0.422393737719623,"p<0.01","HLA-C_CD8A","HLA-C - CD8A","MHC-I","Cell-Cell Contact","KEGG: hsa04514","Megakaryocytes -> NK T (PBMC_Late)",0.0937185308765227,"Megakaryocytes -> NK T","PBMC_Late","p<0.01"
"MEMP","NK T","HLA-C","CD8A",0.320435015284489,"p<0.01","HLA-C_CD8A","HLA-C - CD8A","MHC-I","Cell-Cell Contact","KEGG: hsa04514","MEMP -> NK T (PBMC_Late)",0.0441237288923071,"MEMP -> NK T","PBMC_Late","p<0.01"
"MEP","NK T","HLA-C","CD8A",0.344148363157345,"p<0.01","HLA-C_CD8A","HLA-C - CD8A","MHC-I","Cell-Cell Contact","KEGG: hsa04514","MEP -> NK T (PBMC_Late)",0.0547091920013778,"MEP -> NK T","PBMC_Late","p<0.01"
"Myeloid-CD177","NK T","HLA-C","CD8A",0.262102322017216,"p<0.01","HLA-C_CD8A","HLA-C - CD8A","MHC-I","Cell-Cell Contact","KEGG: hsa04514","Myeloid-CD177 -> NK T (PBMC_Late)",0.0220310191672676,"Myeloid-CD177 -> NK T","PBMC_Late","p<0.01"
"Naïve CD4 T","NK T","HLA-C","CD8A",0.442579742993622,"p<0.01","HLA-C_CD8A","HLA-C - CD8A","MHC-I","Cell-Cell Contact","KEGG: hsa04514","Naïve CD4 T -> NK T (PBMC_Late)",0.104404779446754,"Naïve CD4 T -> NK T","PBMC_Late","p<0.01"
"Naïve CD8 T","NK T","HLA-C","CD8A",0.445958347762288,"p<0.01","HLA-C_CD8A","HLA-C - CD8A","MHC-I","Cell-Cell Contact","KEGG: hsa04514","Naïve CD8 T -> NK T (PBMC_Late)",0.10620735865472,"Naïve CD8 T -> NK T","PBMC_Late","p<0.01"
"NK T","NK T","HLA-C","CD8A",0.471228836537031,"p<0.01","HLA-C_CD8A","HLA-C - CD8A","MHC-I","Cell-Cell Contact","KEGG: hsa04514","NK T -> NK T (PBMC_Late)",0.119778482959764,"NK T -> NK T","PBMC_Late","p<0.01"
"pDC","NK T","HLA-C","CD8A",0.407836944976027,"p<0.01","HLA-C_CD8A","HLA-C - CD8A","MHC-I","Cell-Cell Contact","KEGG: hsa04514","pDC -> NK T (PBMC_Late)",0.0861245904449769,"pDC -> NK T","PBMC_Late","p<0.01"
"Pro-B","NK T","HLA-C","CD8A",0.401690390664775,"p<0.01","HLA-C_CD8A","HLA-C - CD8A","MHC-I","Cell-Cell Contact","KEGG: hsa04514","Pro-B -> NK T (PBMC_Late)",0.0829531309809316,"Pro-B -> NK T","PBMC_Late","p<0.01"
"Tem","NK T","HLA-C","CD8A",0.47431305138373,"p<0.01","HLA-C_CD8A","HLA-C - CD8A","MHC-I","Cell-Cell Contact","KEGG: hsa04514","Tem -> NK T (PBMC_Late)",0.121442762823444,"Tem -> NK T","PBMC_Late","p<0.01"
"Th17like_INNATE_T","NK T","HLA-C","CD8A",0.468840132630033,"p<0.01","HLA-C_CD8A","HLA-C - CD8A","MHC-I","Cell-Cell Contact","KEGG: hsa04514","Th17like_INNATE_T -> NK T (PBMC_Late)",0.118490414902251,"Th17like_INNATE_T -> NK T","PBMC_Late","p<0.01"
"Treg","NK T","HLA-C","CD8A",0.460789977641287,"p<0.01","HLA-C_CD8A","HLA-C - CD8A","MHC-I","Cell-Cell Contact","KEGG: hsa04514","Treg -> NK T (PBMC_Late)",0.114156371547324,"Treg -> NK T","PBMC_Late","p<0.01"
"CD14+PPBP+ Monocytes","NK T","HLA-C","CD8B",0.309142626036293,"p<0.01","HLA-C_CD8B","HLA-C - CD8B","MHC-I","Cell-Cell Contact","KEGG: hsa04514","CD14+PPBP+ Monocytes -> NK T (PBMC_Early)",0.0393699328233565,"CD14+PPBP+ Monocytes -> NK T","PBMC_Early","p<0.01"
"CD56highCD16low NK","NK T","HLA-C","CD8B",0.280598700175869,"p<0.01","HLA-C_CD8B","HLA-C - CD8B","MHC-I","Cell-Cell Contact","KEGG: hsa04514","CD56highCD16low NK -> NK T (PBMC_Early)",0.0283307247458023,"CD56highCD16low NK -> NK T","PBMC_Early","p<0.01"
"Classical Monocytes","NK T","HLA-C","CD8B",0.301131835238394,"p<0.01","HLA-C_CD8B","HLA-C - CD8B","MHC-I","Cell-Cell Contact","KEGG: hsa04514","Classical Monocytes -> NK T (PBMC_Early)",0.0361237529253967,"Classical Monocytes -> NK T","PBMC_Early","p<0.01"
"CX3CR1+ NK","NK T","HLA-C","CD8B",0.329482725317017,"p<0.01","HLA-C_CD8B","HLA-C - CD8B","MHC-I","Cell-Cell Contact","KEGG: hsa04514","CX3CR1+ NK -> NK T (PBMC_Early)",0.0480717551821075,"CX3CR1+ NK -> NK T","PBMC_Early","p<0.01"
"CXCR5- Naïve B","NK T","HLA-C","CD8B",0.307678638631708,"p<0.01","HLA-C_CD8B","HLA-C - CD8B","MHC-I","Cell-Cell Contact","KEGG: hsa04514","CXCR5- Naïve B -> NK T (PBMC_Early)",0.0387686097882619,"CXCR5- Naïve B -> NK T","PBMC_Early","p<0.01"
"CXCR5+ Naïve B","NK T","HLA-C","CD8B",0.300481266082111,"p<0.01","HLA-C_CD8B","HLA-C - CD8B","MHC-I","Cell-Cell Contact","KEGG: hsa04514","CXCR5+ Naïve B -> NK T (PBMC_Early)",0.0358649602728426,"CXCR5+ Naïve B -> NK T","PBMC_Early","p<0.01"
"CXCR6+ NK","NK T","HLA-C","CD8B",0.325298196347707,"p<0.01","HLA-C_CD8B","HLA-C - CD8B","MHC-I","Cell-Cell Contact","KEGG: hsa04514","CXCR6+ NK -> NK T (PBMC_Early)",0.046231101988167,"CXCR6+ NK -> NK T","PBMC_Early","p<0.01"
"DC2","NK T","HLA-C","CD8B",0.291664604472643,"p<0.01","HLA-C_CD8B","HLA-C - CD8B","MHC-I","Cell-Cell Contact","KEGG: hsa04514","DC2 -> NK T (PBMC_Early)",0.0324324546748055,"DC2 -> NK T","PBMC_Early","p<0.01"
"Early_ERY","NK T","HLA-C","CD8B",0.157915173204441,"p<0.01","HLA-C_CD8B","HLA-C - CD8B","MHC-I","Cell-Cell Contact","KEGG: hsa04514","Early_ERY -> NK T (PBMC_Early)",0.00177755987088833,"Early_ERY -> NK T","PBMC_Early","p<0.01"
"Gamma Delta V1 T","NK T","HLA-C","CD8B",0.314121001872745,"p<0.01","HLA-C_CD8B","HLA-C - CD8B","MHC-I","Cell-Cell Contact","KEGG: hsa04514","Gamma Delta V1 T -> NK T (PBMC_Early)",0.0414409150797465,"Gamma Delta V1 T -> NK T","PBMC_Early","p<0.01"
"Gamma Delta V2 T","NK T","HLA-C","CD8B",0.318928180928755,"p<0.01","HLA-C_CD8B","HLA-C - CD8B","MHC-I","Cell-Cell Contact","KEGG: hsa04514","Gamma Delta V2 T -> NK T (PBMC_Early)",0.0434779155020425,"Gamma Delta V2 T -> NK T","PBMC_Early","p<0.01"
"HSC_MPP","NK T","HLA-C","CD8B",0.256815658828793,"p<0.01","HLA-C_CD8B","HLA-C - CD8B","MHC-I","Cell-Cell Contact","KEGG: hsa04514","HSC_MPP -> NK T (PBMC_Early)",0.0203669138890368,"HSC_MPP -> NK T","PBMC_Early","p<0.01"
"ILC2/3","NK T","HLA-C","CD8B",0.298371115500735,"p<0.01","HLA-C_CD8B","HLA-C - CD8B","MHC-I","Cell-Cell Contact","KEGG: hsa04514","ILC2/3 -> NK T (PBMC_Early)",0.0350306861127577,"ILC2/3 -> NK T","PBMC_Early","p<0.01"
"Megakaryocytes","NK T","HLA-C","CD8B",0.308540631090543,"p<0.01","HLA-C_CD8B","HLA-C - CD8B","MHC-I","Cell-Cell Contact","KEGG: hsa04514","Megakaryocytes -> NK T (PBMC_Early)",0.0391222382486839,"Megakaryocytes -> NK T","PBMC_Early","p<0.01"
"MEMP","NK T","HLA-C","CD8B",0.231701736855454,"p<0.01","HLA-C_CD8B","HLA-C - CD8B","MHC-I","Cell-Cell Contact","KEGG: hsa04514","MEMP -> NK T (PBMC_Early)",0.0133546129627671,"MEMP -> NK T","PBMC_Early","p<0.01"
"MEP","NK T","HLA-C","CD8B",0.249320110384258,"p<0.01","HLA-C_CD8B","HLA-C - CD8B","MHC-I","Cell-Cell Contact","KEGG: hsa04514","MEP -> NK T (PBMC_Early)",0.0181169394253441,"MEP -> NK T","PBMC_Early","p<0.01"
"Myeloid-CD177","NK T","HLA-C","CD8B",0.212320052588562,"p<0.01","HLA-C_CD8B","HLA-C - CD8B","MHC-I","Cell-Cell Contact","KEGG: hsa04514","Myeloid-CD177 -> NK T (PBMC_Early)",0.00900594175104078,"Myeloid-CD177 -> NK T","PBMC_Early","p<0.01"
"Naïve CD4 T","NK T","HLA-C","CD8B",0.306974318333093,"p<0.01","HLA-C_CD8B","HLA-C - CD8B","MHC-I","Cell-Cell Contact","KEGG: hsa04514","Naïve CD4 T -> NK T (PBMC_Early)",0.0384805830818343,"Naïve CD4 T -> NK T","PBMC_Early","p<0.01"
"Naïve CD8 T","NK T","HLA-C","CD8B",0.309925735414224,"p<0.01","HLA-C_CD8B","HLA-C - CD8B","MHC-I","Cell-Cell Contact","KEGG: hsa04514","Naïve CD8 T -> NK T (PBMC_Early)",0.0396930400111367,"Naïve CD8 T -> NK T","PBMC_Early","p<0.01"
"NK T","NK T","HLA-C","CD8B",0.323747914763695,"p<0.01","HLA-C_CD8B","HLA-C - CD8B","MHC-I","Cell-Cell Contact","KEGG: hsa04514","NK T -> NK T (PBMC_Early)",0.0455555424840891,"NK T -> NK T","PBMC_Early","p<0.01"
"pDC","NK T","HLA-C","CD8B",0.279240695932979,"p<0.01","HLA-C_CD8B","HLA-C - CD8B","MHC-I","Cell-Cell Contact","KEGG: hsa04514","pDC -> NK T (PBMC_Early)",0.0278439406419132,"pDC -> NK T","PBMC_Early","p<0.01"
"Pro-B","NK T","HLA-C","CD8B",0.287374369058274,"p<0.01","HLA-C_CD8B","HLA-C - CD8B","MHC-I","Cell-Cell Contact","KEGG: hsa04514","Pro-B -> NK T (PBMC_Early)",0.0308141445839497,"Pro-B -> NK T","PBMC_Early","p<0.01"
"Tem","NK T","HLA-C","CD8B",0.320756495353489,"p<0.01","HLA-C_CD8B","HLA-C - CD8B","MHC-I","Cell-Cell Contact","KEGG: hsa04514","Tem -> NK T (PBMC_Early)",0.0442619550395498,"Tem -> NK T","PBMC_Early","p<0.01"
"Th17like_INNATE_T","NK T","HLA-C","CD8B",0.317889303360244,"p<0.01","HLA-C_CD8B","HLA-C - CD8B","MHC-I","Cell-Cell Contact","KEGG: hsa04514","Th17like_INNATE_T -> NK T (PBMC_Early)",0.0430346733333373,"Th17like_INNATE_T -> NK T","PBMC_Early","p<0.01"
"Treg","NK T","HLA-C","CD8B",0.315513073898427,"p<0.01","HLA-C_CD8B","HLA-C - CD8B","MHC-I","Cell-Cell Contact","KEGG: hsa04514","Treg -> NK T (PBMC_Early)",0.0420270941290321,"Treg -> NK T","PBMC_Early","p<0.01"
"CD14+PPBP+ Monocytes","NK T","HLA-C","CD8B",0.422872906343744,"p<0.01","HLA-C_CD8B","HLA-C - CD8B","MHC-I","Cell-Cell Contact","KEGG: hsa04514","CD14+PPBP+ Monocytes -> NK T (PBMC_Late)",0.0939702806970579,"CD14+PPBP+ Monocytes -> NK T","PBMC_Late","p<0.01"
"CD56highCD16low NK","NK T","HLA-C","CD8B",0.388014166649785,"p<0.01","HLA-C_CD8B","HLA-C - CD8B","MHC-I","Cell-Cell Contact","KEGG: hsa04514","CD56highCD16low NK -> NK T (PBMC_Late)",0.0759845318262047,"CD56highCD16low NK -> NK T","PBMC_Late","p<0.01"
"Classical Monocytes","NK T","HLA-C","CD8B",0.413192033697239,"p<0.01","HLA-C_CD8B","HLA-C - CD8B","MHC-I","Cell-Cell Contact","KEGG: hsa04514","Classical Monocytes -> NK T (PBMC_Late)",0.0889054185216229,"Classical Monocytes -> NK T","PBMC_Late","p<0.01"
"CX3CR1+ NK","NK T","HLA-C","CD8B",0.477073736650469,"p<0.01","HLA-C_CD8B","HLA-C - CD8B","MHC-I","Cell-Cell Contact","KEGG: hsa04514","CX3CR1+ NK -> NK T (PBMC_Late)",0.122933461554403,"CX3CR1+ NK -> NK T","PBMC_Late","p<0.01"
"CXCR5- Naïve B","NK T","HLA-C","CD8B",0.425446250905657,"p<0.01","HLA-C_CD8B","HLA-C - CD8B","MHC-I","Cell-Cell Contact","KEGG: hsa04514","CXCR5- Naïve B -> NK T (PBMC_Late)",0.0953240466222697,"CXCR5- Naïve B -> NK T","PBMC_Late","p<0.01"
"CXCR5+ Naïve B","NK T","HLA-C","CD8B",0.415216261425486,"p<0.01","HLA-C_CD8B","HLA-C - CD8B","MHC-I","Cell-Cell Contact","KEGG: hsa04514","CXCR5+ Naïve B -> NK T (PBMC_Late)",0.0899605968784024,"CXCR5+ Naïve B -> NK T","PBMC_Late","p<0.01"
"CXCR6+ NK","NK T","HLA-C","CD8B",0.459588298583399,"p<0.01","HLA-C_CD8B","HLA-C - CD8B","MHC-I","Cell-Cell Contact","KEGG: hsa04514","CXCR6+ NK -> NK T (PBMC_Late)",0.113510442115205,"CXCR6+ NK -> NK T","PBMC_Late","p<0.01"
"DC2","NK T","HLA-C","CD8B",0.408667107416856,"p<0.01","HLA-C_CD8B","HLA-C - CD8B","MHC-I","Cell-Cell Contact","KEGG: hsa04514","DC2 -> NK T (PBMC_Late)",0.0865546375581806,"DC2 -> NK T","PBMC_Late","p<0.01"
"Early_ERY","NK T","HLA-C","CD8B",0.20882694169301,"p<0.01","HLA-C_CD8B","HLA-C - CD8B","MHC-I","Cell-Cell Contact","KEGG: hsa04514","Early_ERY -> NK T (PBMC_Late)",0.0083236522729617,"Early_ERY -> NK T","PBMC_Late","p<0.01"
"Gamma Delta V1 T","NK T","HLA-C","CD8B",0.426858140548479,"p<0.01","HLA-C_CD8B","HLA-C - CD8B","MHC-I","Cell-Cell Contact","KEGG: hsa04514","Gamma Delta V1 T -> NK T (PBMC_Late)",0.0960680317578703,"Gamma Delta V1 T -> NK T","PBMC_Late","p<0.01"
"Gamma Delta V2 T","NK T","HLA-C","CD8B",0.43910000603755,"p<0.01","HLA-C_CD8B","HLA-C - CD8B","MHC-I","Cell-Cell Contact","KEGG: hsa04514","Gamma Delta V2 T -> NK T (PBMC_Late)",0.102551975583441,"Gamma Delta V2 T -> NK T","PBMC_Late","p<0.01"
"HSC_MPP","NK T","HLA-C","CD8B",0.35015826388282,"p<0.01","HLA-C_CD8B","HLA-C - CD8B","MHC-I","Cell-Cell Contact","KEGG: hsa04514","HSC_MPP -> NK T (PBMC_Late)",0.0575068337156326,"HSC_MPP -> NK T","PBMC_Late","p<0.01"
"ILC2/3","NK T","HLA-C","CD8B",0.425574303312383,"p<0.01","HLA-C_CD8B","HLA-C - CD8B","MHC-I","Cell-Cell Contact","KEGG: hsa04514","ILC2/3 -> NK T (PBMC_Late)",0.0953914875758777,"ILC2/3 -> NK T","PBMC_Late","p<0.01"
"Megakaryocytes","NK T","HLA-C","CD8B",0.399401212965474,"p<0.01","HLA-C_CD8B","HLA-C - CD8B","MHC-I","Cell-Cell Contact","KEGG: hsa04514","Megakaryocytes -> NK T (PBMC_Late)",0.0817779174498276,"Megakaryocytes -> NK T","PBMC_Late","p<0.01"
"MEMP","NK T","HLA-C","CD8B",0.30637308064541,"p<0.01","HLA-C_CD8B","HLA-C - CD8B","MHC-I","Cell-Cell Contact","KEGG: hsa04514","MEMP -> NK T (PBMC_Late)",0.0382353676793083,"MEMP -> NK T","PBMC_Late","p<0.01"
"MEP","NK T","HLA-C","CD8B",0.328139824777487,"p<0.01","HLA-C_CD8B","HLA-C - CD8B","MHC-I","Cell-Cell Contact","KEGG: hsa04514","MEP -> NK T (PBMC_Late)",0.0474783547356547,"MEP -> NK T","PBMC_Late","p<0.01"
"Myeloid-CD177","NK T","HLA-C","CD8B",0.25242197200467,"p<0.01","HLA-C_CD8B","HLA-C - CD8B","MHC-I","Cell-Cell Contact","KEGG: hsa04514","Myeloid-CD177 -> NK T (PBMC_Late)",0.0190322519757508,"Myeloid-CD177 -> NK T","PBMC_Late","p<0.01"
"Naïve CD4 T","NK T","HLA-C","CD8B",0.417664700788232,"p<0.01","HLA-C_CD8B","HLA-C - CD8B","MHC-I","Cell-Cell Contact","KEGG: hsa04514","Naïve CD4 T -> NK T (PBMC_Late)",0.0912397099766807,"Naïve CD4 T -> NK T","PBMC_Late","p<0.01"
"Naïve CD8 T","NK T","HLA-C","CD8B",0.420717246542658,"p<0.01","HLA-C_CD8B","HLA-C - CD8B","MHC-I","Cell-Cell Contact","KEGG: hsa04514","Naïve CD8 T -> NK T (PBMC_Late)",0.092838552475623,"Naïve CD8 T -> NK T","PBMC_Late","p<0.01"
"NK T","NK T","HLA-C","CD8B",0.443512172432591,"p<0.01","HLA-C_CD8B","HLA-C - CD8B","MHC-I","Cell-Cell Contact","KEGG: hsa04514","NK T -> NK T (PBMC_Late)",0.104901910850995,"NK T -> NK T","PBMC_Late","p<0.01"
"pDC","NK T","HLA-C","CD8B",0.386202376941991,"p<0.01","HLA-C_CD8B","HLA-C - CD8B","MHC-I","Cell-Cell Contact","KEGG: hsa04514","pDC -> NK T (PBMC_Late)",0.0750713701513402,"pDC -> NK T","PBMC_Late","p<0.01"
"Pro-B","NK T","HLA-C","CD8B",0.380621709483928,"p<0.01","HLA-C_CD8B","HLA-C - CD8B","MHC-I","Cell-Cell Contact","KEGG: hsa04514","Pro-B -> NK T (PBMC_Late)",0.0722747454824987,"Pro-B -> NK T","PBMC_Late","p<0.01"
"Tem","NK T","HLA-C","CD8B",0.446289965473862,"p<0.01","HLA-C_CD8B","HLA-C - CD8B","MHC-I","Cell-Cell Contact","KEGG: hsa04514","Tem -> NK T (PBMC_Late)",0.106384468525656,"Tem -> NK T","PBMC_Late","p<0.01"
"Th17like_INNATE_T","NK T","HLA-C","CD8B",0.441360166450133,"p<0.01","HLA-C_CD8B","HLA-C - CD8B","MHC-I","Cell-Cell Contact","KEGG: hsa04514","Th17like_INNATE_T -> NK T (PBMC_Late)",0.10375496444352,"Th17like_INNATE_T -> NK T","PBMC_Late","p<0.01"
"Treg","NK T","HLA-C","CD8B",0.434103633750943,"p<0.01","HLA-C_CD8B","HLA-C - CD8B","MHC-I","Cell-Cell Contact","KEGG: hsa04514","Treg -> NK T (PBMC_Late)",0.099898820989673,"Treg -> NK T","PBMC_Late","p<0.01"
"CD14+PPBP+ Monocytes","NK T","HLA-E","CD8A",0.315864061329512,"p<0.01","HLA-E_CD8A","HLA-E - CD8A","MHC-I","Cell-Cell Contact","KEGG: hsa04514","CD14+PPBP+ Monocytes -> NK T (PBMC_Early)",0.0421753692688837,"CD14+PPBP+ Monocytes -> NK T","PBMC_Early","p<0.01"
"CD56highCD16low NK","NK T","HLA-E","CD8A",0.28263323929024,"p<0.01","HLA-E_CD8A","HLA-E - CD8A","MHC-I","Cell-Cell Contact","KEGG: hsa04514","CD56highCD16low NK -> NK T (PBMC_Early)",0.029066927551745,"CD56highCD16low NK -> NK T","PBMC_Early","p<0.01"
"Classical Monocytes","NK T","HLA-E","CD8A",0.285888463287619,"p<0.01","HLA-E_CD8A","HLA-E - CD8A","MHC-I","Cell-Cell Contact","KEGG: hsa04514","Classical Monocytes -> NK T (PBMC_Early)",0.0302618442807498,"Classical Monocytes -> NK T","PBMC_Early","p<0.01"
"CX3CR1+ NK","NK T","HLA-E","CD8A",0.31981913839275,"p<0.01","HLA-E_CD8A","HLA-E - CD8A","MHC-I","Cell-Cell Contact","KEGG: hsa04514","CX3CR1+ NK -> NK T (PBMC_Early)",0.0438593557248621,"CX3CR1+ NK -> NK T","PBMC_Early","p<0.01"
"CXCR5- Naïve B","NK T","HLA-E","CD8A",0.302087401823207,"p<0.01","HLA-E_CD8A","HLA-E - CD8A","MHC-I","Cell-Cell Contact","KEGG: hsa04514","CXCR5- Naïve B -> NK T (PBMC_Early)",0.0365052116331379,"CXCR5- Naïve B -> NK T","PBMC_Early","p<0.01"
"CXCR5+ Naïve B","NK T","HLA-E","CD8A",0.298346184688341,"p<0.01","HLA-E_CD8A","HLA-E - CD8A","MHC-I","Cell-Cell Contact","KEGG: hsa04514","CXCR5+ Naïve B -> NK T (PBMC_Early)",0.0350208766099946,"CXCR5+ Naïve B -> NK T","PBMC_Early","p<0.01"
"CXCR6+ NK","NK T","HLA-E","CD8A",0.312252885987679,"p<0.01","HLA-E_CD8A","HLA-E - CD8A","MHC-I","Cell-Cell Contact","KEGG: hsa04514","CXCR6+ NK -> NK T (PBMC_Early)",0.0406591063324306,"CXCR6+ NK -> NK T","PBMC_Early","p<0.01"
"DC2","NK T","HLA-E","CD8A",0.268502734104545,"p<0.01","HLA-E_CD8A","HLA-E - CD8A","MHC-I","Cell-Cell Contact","KEGG: hsa04514","DC2 -> NK T (PBMC_Early)",0.0241286134864679,"DC2 -> NK T","PBMC_Early","p<0.01"
"Gamma Delta V1 T","NK T","HLA-E","CD8A",0.310024982736776,"p<0.01","HLA-E_CD8A","HLA-E - CD8A","MHC-I","Cell-Cell Contact","KEGG: hsa04514","Gamma Delta V1 T -> NK T (PBMC_Early)",0.039734060718286,"Gamma Delta V1 T -> NK T","PBMC_Early","p<0.01"
"Gamma Delta V2 T","NK T","HLA-E","CD8A",0.313843097315002,"p<0.01","HLA-E_CD8A","HLA-E - CD8A","MHC-I","Cell-Cell Contact","KEGG: hsa04514","Gamma Delta V2 T -> NK T (PBMC_Early)",0.0413242600498279,"Gamma Delta V2 T -> NK T","PBMC_Early","p<0.01"
"HSC_MPP","NK T","HLA-E","CD8A",0.252649319183214,"p<0.01","HLA-E_CD8A","HLA-E - CD8A","MHC-I","Cell-Cell Contact","KEGG: hsa04514","HSC_MPP -> NK T (PBMC_Early)",0.0191002206490444,"HSC_MPP -> NK T","PBMC_Early","p<0.01"
"ILC2/3","NK T","HLA-E","CD8A",0.300790590896115,"p<0.01","HLA-E_CD8A","HLA-E - CD8A","MHC-I","Cell-Cell Contact","KEGG: hsa04514","ILC2/3 -> NK T (PBMC_Early)",0.0359879154579297,"ILC2/3 -> NK T","PBMC_Early","p<0.01"
"Megakaryocytes","NK T","HLA-E","CD8A",0.335038477896671,"p<0.01","HLA-E_CD8A","HLA-E - CD8A","MHC-I","Cell-Cell Contact","KEGG: hsa04514","Megakaryocytes -> NK T (PBMC_Early)",0.0505530599413941,"Megakaryocytes -> NK T","PBMC_Early","p<0.01"
"MEMP","NK T","HLA-E","CD8A",0.221698589656287,"p<0.01","HLA-E_CD8A","HLA-E - CD8A","MHC-I","Cell-Cell Contact","KEGG: hsa04514","MEMP -> NK T (PBMC_Early)",0.0109915486707915,"MEMP -> NK T","PBMC_Early","p<0.01"
"MEP","NK T","HLA-E","CD8A",0.274628187447905,"p<0.01","HLA-E_CD8A","HLA-E - CD8A","MHC-I","Cell-Cell Contact","KEGG: hsa04514","MEP -> NK T (PBMC_Early)",0.0262185835891879,"MEP -> NK T","PBMC_Early","p<0.01"
"Myeloid-CD177","NK T","HLA-E","CD8A",0.256638416610939,"p<0.01","HLA-E_CD8A","HLA-E - CD8A","MHC-I","Cell-Cell Contact","KEGG: hsa04514","Myeloid-CD177 -> NK T (PBMC_Early)",0.0203122166490224,"Myeloid-CD177 -> NK T","PBMC_Early","p<0.01"
"Naïve CD4 T","NK T","HLA-E","CD8A",0.315589764390663,"p<0.01","HLA-E_CD8A","HLA-E - CD8A","MHC-I","Cell-Cell Contact","KEGG: hsa04514","Naïve CD4 T -> NK T (PBMC_Early)",0.0420594756971141,"Naïve CD4 T -> NK T","PBMC_Early","p<0.01"
"Naïve CD8 T","NK T","HLA-E","CD8A",0.314638263963275,"p<0.01","HLA-E_CD8A","HLA-E - CD8A","MHC-I","Cell-Cell Contact","KEGG: hsa04514","Naïve CD8 T -> NK T (PBMC_Early)",0.0416583695990867,"Naïve CD8 T -> NK T","PBMC_Early","p<0.01"
"NK T","NK T","HLA-E","CD8A",0.318716004892651,"p<0.01","HLA-E_CD8A","HLA-E - CD8A","MHC-I","Cell-Cell Contact","KEGG: hsa04514","NK T -> NK T (PBMC_Early)",0.0433872556326268,"NK T -> NK T","PBMC_Early","p<0.01"
"pDC","NK T","HLA-E","CD8A",0.260950244994107,"p<0.01","HLA-E_CD8A","HLA-E - CD8A","MHC-I","Cell-Cell Contact","KEGG: hsa04514","pDC -> NK T (PBMC_Early)",0.0216630300566852,"pDC -> NK T","PBMC_Early","p<0.01"
"Pro-B","NK T","HLA-E","CD8A",0.249871056654576,"p<0.01","HLA-E_CD8A","HLA-E - CD8A","MHC-I","Cell-Cell Contact","KEGG: hsa04514","Pro-B -> NK T (PBMC_Early)",0.0182778715055177,"Pro-B -> NK T","PBMC_Early","p<0.01"
"Tem","NK T","HLA-E","CD8A",0.315778770005315,"p<0.01","HLA-E_CD8A","HLA-E - CD8A","MHC-I","Cell-Cell Contact","KEGG: hsa04514","Tem -> NK T (PBMC_Early)",0.0421393201266403,"Tem -> NK T","PBMC_Early","p<0.01"
"Th17like_INNATE_T","NK T","HLA-E","CD8A",0.320882895703676,"p<0.01","HLA-E_CD8A","HLA-E - CD8A","MHC-I","Cell-Cell Contact","KEGG: hsa04514","Th17like_INNATE_T -> NK T (PBMC_Early)",0.0443163456011754,"Th17like_INNATE_T -> NK T","PBMC_Early","p<0.01"
"Treg","NK T","HLA-E","CD8A",0.322986123624776,"p<0.01","HLA-E_CD8A","HLA-E - CD8A","MHC-I","Cell-Cell Contact","KEGG: hsa04514","Treg -> NK T (PBMC_Early)",0.0452248644998901,"Treg -> NK T","PBMC_Early","p<0.01"
"CD14+PPBP+ Monocytes","NK T","HLA-E","CD8A",0.450924691521497,"p<0.01","HLA-E_CD8A","HLA-E - CD8A","MHC-I","Cell-Cell Contact","KEGG: hsa04514","CD14+PPBP+ Monocytes -> NK T (PBMC_Late)",0.108862984717217,"CD14+PPBP+ Monocytes -> NK T","PBMC_Late","p<0.01"
"CD56highCD16low NK","NK T","HLA-E","CD8A",0.28549679055105,"p<0.01","HLA-E_CD8A","HLA-E - CD8A","MHC-I","Cell-Cell Contact","KEGG: hsa04514","CD56highCD16low NK -> NK T (PBMC_Late)",0.030116974013397,"CD56highCD16low NK -> NK T","PBMC_Late","p<0.01"
"Classical Monocytes","NK T","HLA-E","CD8A",0.381314768141542,"p<0.01","HLA-E_CD8A","HLA-E - CD8A","MHC-I","Cell-Cell Contact","KEGG: hsa04514","Classical Monocytes -> NK T (PBMC_Late)",0.0726206981790075,"Classical Monocytes -> NK T","PBMC_Late","p<0.01"
"CX3CR1+ NK","NK T","HLA-E","CD8A",0.458768139912879,"p<0.01","HLA-E_CD8A","HLA-E - CD8A","MHC-I","Cell-Cell Contact","KEGG: hsa04514","CX3CR1+ NK -> NK T (PBMC_Late)",0.113069758319624,"CX3CR1+ NK -> NK T","PBMC_Late","p<0.01"
"CXCR5- Naïve B","NK T","HLA-E","CD8A",0.410641628276744,"p<0.01","HLA-E_CD8A","HLA-E - CD8A","MHC-I","Cell-Cell Contact","KEGG: hsa04514","CXCR5- Naïve B -> NK T (PBMC_Late)",0.0875790547826962,"CXCR5- Naïve B -> NK T","PBMC_Late","p<0.01"
"CXCR5+ Naïve B","NK T","HLA-E","CD8A",0.400783028110694,"p<0.01","HLA-E_CD8A","HLA-E - CD8A","MHC-I","Cell-Cell Contact","KEGG: hsa04514","CXCR5+ Naïve B -> NK T (PBMC_Late)",0.0824869124005923,"CXCR5+ Naïve B -> NK T","PBMC_Late","p<0.01"
"CXCR6+ NK","NK T","HLA-E","CD8A",0.432479930293474,"p<0.01","HLA-E_CD8A","HLA-E - CD8A","MHC-I","Cell-Cell Contact","KEGG: hsa04514","CXCR6+ NK -> NK T (PBMC_Late)",0.099038558422191,"CXCR6+ NK -> NK T","PBMC_Late","p<0.01"
"DC2","NK T","HLA-E","CD8A",0.359269436527758,"p<0.01","HLA-E_CD8A","HLA-E - CD8A","MHC-I","Cell-Cell Contact","KEGG: hsa04514","DC2 -> NK T (PBMC_Late)",0.061826308303178,"DC2 -> NK T","PBMC_Late","p<0.01"
"Gamma Delta V1 T","NK T","HLA-E","CD8A",0.432886183563429,"p<0.01","HLA-E_CD8A","HLA-E - CD8A","MHC-I","Cell-Cell Contact","KEGG: hsa04514","Gamma Delta V1 T -> NK T (PBMC_Late)",0.09925370418083,"Gamma Delta V1 T -> NK T","PBMC_Late","p<0.01"
"Gamma Delta V2 T","NK T","HLA-E","CD8A",0.436119477745495,"p<0.01","HLA-E_CD8A","HLA-E - CD8A","MHC-I","Cell-Cell Contact","KEGG: hsa04514","Gamma Delta V2 T -> NK T (PBMC_Late)",0.100968202225423,"Gamma Delta V2 T -> NK T","PBMC_Late","p<0.01"
"HSC_MPP","NK T","HLA-E","CD8A",0.343592271219638,"p<0.01","HLA-E_CD8A","HLA-E - CD8A","MHC-I","Cell-Cell Contact","KEGG: hsa04514","HSC_MPP -> NK T (PBMC_Late)",0.0544525090627206,"HSC_MPP -> NK T","PBMC_Late","p<0.01"
"ILC2/3","NK T","HLA-E","CD8A",0.39964006061929,"p<0.01","HLA-E_CD8A","HLA-E - CD8A","MHC-I","Cell-Cell Contact","KEGG: hsa04514","ILC2/3 -> NK T (PBMC_Late)",0.0819003800866909,"ILC2/3 -> NK T","PBMC_Late","p<0.01"
"Megakaryocytes","NK T","HLA-E","CD8A",0.509768522995455,"p<0.01","HLA-E_CD8A","HLA-E - CD8A","MHC-I","Cell-Cell Contact","KEGG: hsa04514","Megakaryocytes -> NK T (PBMC_Late)",0.14062272671738,"Megakaryocytes -> NK T","PBMC_Late","p<0.01"
"MEMP","NK T","HLA-E","CD8A",0.2905617030471,"p<0.01","HLA-E_CD8A","HLA-E - CD8A","MHC-I","Cell-Cell Contact","KEGG: hsa04514","MEMP -> NK T (PBMC_Late)",0.0320131096413532,"MEMP -> NK T","PBMC_Late","p<0.01"
"MEP","NK T","HLA-E","CD8A",0.312517010250223,"p<0.01","HLA-E_CD8A","HLA-E - CD8A","MHC-I","Cell-Cell Contact","KEGG: hsa04514","MEP -> NK T (PBMC_Late)",0.0407693043732075,"MEP -> NK T","PBMC_Late","p<0.01"
"Myeloid-CD177","NK T","HLA-E","CD8A",0.267647131720932,"p<0.01","HLA-E_CD8A","HLA-E - CD8A","MHC-I","Cell-Cell Contact","KEGG: hsa04514","Myeloid-CD177 -> NK T (PBMC_Late)",0.0238430449950093,"Myeloid-CD177 -> NK T","PBMC_Late","p<0.01"
"Naïve CD4 T","NK T","HLA-E","CD8A",0.432287943335236,"p<0.01","HLA-E_CD8A","HLA-E - CD8A","MHC-I","Cell-Cell Contact","KEGG: hsa04514","Naïve CD4 T -> NK T (PBMC_Late)",0.0989369068769289,"Naïve CD4 T -> NK T","PBMC_Late","p<0.01"
"Naïve CD8 T","NK T","HLA-E","CD8A",0.432153813816719,"p<0.01","HLA-E_CD8A","HLA-E - CD8A","MHC-I","Cell-Cell Contact","KEGG: hsa04514","Naïve CD8 T -> NK T (PBMC_Late)",0.0988658975619832,"Naïve CD8 T -> NK T","PBMC_Late","p<0.01"
"NK T","NK T","HLA-E","CD8A",0.450006999285801,"p<0.01","HLA-E_CD8A","HLA-E - CD8A","MHC-I","Cell-Cell Contact","KEGG: hsa04514","NK T -> NK T (PBMC_Late)",0.108371768901289,"NK T -> NK T","PBMC_Late","p<0.01"
"pDC","NK T","HLA-E","CD8A",0.345044603987466,"p<0.01","HLA-E_CD8A","HLA-E - CD8A","MHC-I","Cell-Cell Contact","KEGG: hsa04514","pDC -> NK T (PBMC_Late)",0.0551236724312581,"pDC -> NK T","PBMC_Late","p<0.01"
"Pro-B","NK T","HLA-E","CD8A",0.297166405801311,"p<0.01","HLA-E_CD8A","HLA-E - CD8A","MHC-I","Cell-Cell Contact","KEGG: hsa04514","Pro-B -> NK T (PBMC_Late)",0.0345579405011281,"Pro-B -> NK T","PBMC_Late","p<0.01"
"Tem","NK T","HLA-E","CD8A",0.438126326611166,"p<0.01","HLA-E_CD8A","HLA-E - CD8A","MHC-I","Cell-Cell Contact","KEGG: hsa04514","Tem -> NK T (PBMC_Late)",0.102034251139931,"Tem -> NK T","PBMC_Late","p<0.01"
"Th17like_INNATE_T","NK T","HLA-E","CD8A",0.447417837041423,"p<0.01","HLA-E_CD8A","HLA-E - CD8A","MHC-I","Cell-Cell Contact","KEGG: hsa04514","Th17like_INNATE_T -> NK T (PBMC_Late)",0.106987076096182,"Th17like_INNATE_T -> NK T","PBMC_Late","p<0.01"
"Treg","NK T","HLA-E","CD8A",0.439163632545745,"p<0.01","HLA-E_CD8A","HLA-E - CD8A","MHC-I","Cell-Cell Contact","KEGG: hsa04514","Treg -> NK T (PBMC_Late)",0.102585818201999,"Treg -> NK T","PBMC_Late","p<0.01"
"CD14+PPBP+ Monocytes","NK T","HLA-E","CD8B",0.300253935649943,"p<0.01","HLA-E_CD8B","HLA-E - CD8B","MHC-I","Cell-Cell Contact","KEGG: hsa04514","CD14+PPBP+ Monocytes -> NK T (PBMC_Early)",0.0357747045418211,"CD14+PPBP+ Monocytes -> NK T","PBMC_Early","p<0.01"
"CD56highCD16low NK","NK T","HLA-E","CD8B",0.269918325970527,"p<0.01","HLA-E_CD8B","HLA-E - CD8B","MHC-I","Cell-Cell Contact","KEGG: hsa04514","CD56highCD16low NK -> NK T (PBMC_Early)",0.0246045375508296,"CD56highCD16low NK -> NK T","PBMC_Early","p<0.01"
"Classical Monocytes","NK T","HLA-E","CD8B",0.272899784465417,"p<0.01","HLA-E_CD8B","HLA-E - CD8B","MHC-I","Cell-Cell Contact","KEGG: hsa04514","Classical Monocytes -> NK T (PBMC_Early)",0.0256208499366207,"Classical Monocytes -> NK T","PBMC_Early","p<0.01"
"CX3CR1+ NK","NK T","HLA-E","CD8B",0.303850174865752,"p<0.01","HLA-E_CD8B","HLA-E - CD8B","MHC-I","Cell-Cell Contact","KEGG: hsa04514","CX3CR1+ NK -> NK T (PBMC_Early)",0.0372130531911213,"CX3CR1+ NK -> NK T","PBMC_Early","p<0.01"
"CXCR5- Naïve B","NK T","HLA-E","CD8B",0.287704082517977,"p<0.01","HLA-E_CD8B","HLA-E - CD8B","MHC-I","Cell-Cell Contact","KEGG: hsa04514","CXCR5- Naïve B -> NK T (PBMC_Early)",0.0309372731957569,"CXCR5- Naïve B -> NK T","PBMC_Early","p<0.01"
"CXCR5+ Naïve B","NK T","HLA-E","CD8B",0.284289653888222,"p<0.01","HLA-E_CD8B","HLA-E - CD8B","MHC-I","Cell-Cell Contact","KEGG: hsa04514","CXCR5+ Naïve B -> NK T (PBMC_Early)",0.0296723633298309,"CXCR5+ Naïve B -> NK T","PBMC_Early","p<0.01"
"CXCR6+ NK","NK T","HLA-E","CD8B",0.296967840999128,"p<0.01","HLA-E_CD8B","HLA-E - CD8B","MHC-I","Cell-Cell Contact","KEGG: hsa04514","CXCR6+ NK -> NK T (PBMC_Early)",0.0344802706477596,"CXCR6+ NK -> NK T","PBMC_Early","p<0.01"
"DC2","NK T","HLA-E","CD8B",0.25695001435836,"p<0.01","HLA-E_CD8B","HLA-E - CD8B","MHC-I","Cell-Cell Contact","KEGG: hsa04514","DC2 -> NK T (PBMC_Early)",0.0204084238973239,"DC2 -> NK T","PBMC_Early","p<0.01"
"Gamma Delta V1 T","NK T","HLA-E","CD8B",0.29493926424826,"p<0.01","HLA-E_CD8B","HLA-E - CD8B","MHC-I","Cell-Cell Contact","KEGG: hsa04514","Gamma Delta V1 T -> NK T (PBMC_Early)",0.0336908644234188,"Gamma Delta V1 T -> NK T","PBMC_Early","p<0.01"
"Gamma Delta V2 T","NK T","HLA-E","CD8B",0.298415203048445,"p<0.01","HLA-E_CD8B","HLA-E - CD8B","MHC-I","Cell-Cell Contact","KEGG: hsa04514","Gamma Delta V2 T -> NK T (PBMC_Early)",0.0350480359093905,"Gamma Delta V2 T -> NK T","PBMC_Early","p<0.01"
"HSC_MPP","NK T","HLA-E","CD8B",0.242347854534149,"p<0.01","HLA-E_CD8B","HLA-E - CD8B","MHC-I","Cell-Cell Contact","KEGG: hsa04514","HSC_MPP -> NK T (PBMC_Early)",0.0161424925111575,"HSC_MPP -> NK T","PBMC_Early","p<0.01"
"ILC2/3","NK T","HLA-E","CD8B",0.286520859075293,"p<0.01","HLA-E_CD8B","HLA-E - CD8B","MHC-I","Cell-Cell Contact","KEGG: hsa04514","ILC2/3 -> NK T (PBMC_Early)",0.0304963800105043,"ILC2/3 -> NK T","PBMC_Early","p<0.01"
"Megakaryocytes","NK T","HLA-E","CD8B",0.317662125710208,"p<0.01","HLA-E_CD8B","HLA-E - CD8B","MHC-I","Cell-Cell Contact","KEGG: hsa04514","Megakaryocytes -> NK T (PBMC_Early)",0.0429379671291884,"Megakaryocytes -> NK T","PBMC_Early","p<0.01"
"MEMP","NK T","HLA-E","CD8B",0.213668242322436,"p<0.01","HLA-E_CD8B","HLA-E - CD8B","MHC-I","Cell-Cell Contact","KEGG: hsa04514","MEMP -> NK T (PBMC_Early)",0.00927759714234104,"MEMP -> NK T","PBMC_Early","p<0.01"
"MEP","NK T","HLA-E","CD8B",0.262576961760932,"p<0.01","HLA-E_CD8B","HLA-E - CD8B","MHC-I","Cell-Cell Contact","KEGG: hsa04514","MEP -> NK T (PBMC_Early)",0.0221834839873501,"MEP -> NK T","PBMC_Early","p<0.01"
"Myeloid-CD177","NK T","HLA-E","CD8B",0.246027503380039,"p<0.01","HLA-E_CD8B","HLA-E - CD8B","MHC-I","Cell-Cell Contact","KEGG: hsa04514","Myeloid-CD177 -> NK T (PBMC_Early)",0.0171700924433479,"Myeloid-CD177 -> NK T","PBMC_Early","p<0.01"
"Naïve CD4 T","NK T","HLA-E","CD8B",0.300004417164886,"p<0.01","HLA-E_CD8B","HLA-E - CD8B","MHC-I","Cell-Cell Contact","KEGG: hsa04514","Naïve CD4 T -> NK T (PBMC_Early)",0.0356757442301137,"Naïve CD4 T -> NK T","PBMC_Early","p<0.01"
"Naïve CD8 T","NK T","HLA-E","CD8B",0.299138760646586,"p<0.01","HLA-E_CD8B","HLA-E - CD8B","MHC-I","Cell-Cell Contact","KEGG: hsa04514","Naïve CD8 T -> NK T (PBMC_Early)",0.0353332719721931,"Naïve CD8 T -> NK T","PBMC_Early","p<0.01"
"NK T","NK T","HLA-E","CD8B",0.302847418895419,"p<0.01","HLA-E_CD8B","HLA-E - CD8B","MHC-I","Cell-Cell Contact","KEGG: hsa04514","NK T -> NK T (PBMC_Early)",0.0368097394106294,"NK T -> NK T","PBMC_Early","p<0.01"
"pDC","NK T","HLA-E","CD8B",0.250000731716942,"p<0.01","HLA-E_CD8B","HLA-E - CD8B","MHC-I","Cell-Cell Contact","KEGG: hsa04514","pDC -> NK T (PBMC_Early)",0.0183158533191743,"pDC -> NK T","PBMC_Early","p<0.01"
"Pro-B","NK T","HLA-E","CD8B",0.2397829228865,"p<0.01","HLA-E_CD8B","HLA-E - CD8B","MHC-I","Cell-Cell Contact","KEGG: hsa04514","Pro-B -> NK T (PBMC_Early)",0.0154454814934579,"Pro-B -> NK T","PBMC_Early","p<0.01"
"Tem","NK T","HLA-E","CD8B",0.300176350576697,"p<0.01","HLA-E_CD8B","HLA-E - CD8B","MHC-I","Cell-Cell Contact","KEGG: hsa04514","Tem -> NK T (PBMC_Early)",0.0357439221659735,"Tem -> NK T","PBMC_Early","p<0.01"
"Th17like_INNATE_T","NK T","HLA-E","CD8B",0.304816924960739,"p<0.01","HLA-E_CD8B","HLA-E - CD8B","MHC-I","Cell-Cell Contact","KEGG: hsa04514","Th17like_INNATE_T -> NK T (PBMC_Early)",0.0376035158477974,"Th17like_INNATE_T -> NK T","PBMC_Early","p<0.01"
"Treg","NK T","HLA-E","CD8B",0.306727741870768,"p<0.01","HLA-E_CD8B","HLA-E - CD8B","MHC-I","Cell-Cell Contact","KEGG: hsa04514","Treg -> NK T (PBMC_Early)",0.0383799433138143,"Treg -> NK T","PBMC_Early","p<0.01"
"CD14+PPBP+ Monocytes","NK T","HLA-E","CD8B",0.425202148250544,"p<0.01","HLA-E_CD8B","HLA-E - CD8B","MHC-I","Cell-Cell Contact","KEGG: hsa04514","CD14+PPBP+ Monocytes -> NK T (PBMC_Late)",0.0951955055723817,"CD14+PPBP+ Monocytes -> NK T","PBMC_Late","p<0.01"
"CD56highCD16low NK","NK T","HLA-E","CD8B",0.274133575307865,"p<0.01","HLA-E_CD8B","HLA-E - CD8B","MHC-I","Cell-Cell Contact","KEGG: hsa04514","CD56highCD16low NK -> NK T (PBMC_Late)",0.0260468952471744,"CD56highCD16low NK -> NK T","PBMC_Late","p<0.01"
"Classical Monocytes","NK T","HLA-E","CD8B",0.362088516867676,"p<0.01","HLA-E_CD8B","HLA-E - CD8B","MHC-I","Cell-Cell Contact","KEGG: hsa04514","Classical Monocytes -> NK T (PBMC_Late)",0.0631807489184853,"Classical Monocytes -> NK T","PBMC_Late","p<0.01"
"CX3CR1+ NK","NK T","HLA-E","CD8B",0.432280117446613,"p<0.01","HLA-E_CD8B","HLA-E - CD8B","MHC-I","Cell-Cell Contact","KEGG: hsa04514","CX3CR1+ NK -> NK T (PBMC_Late)",0.0989327635947337,"CX3CR1+ NK -> NK T","PBMC_Late","p<0.01"
"CXCR5- Naïve B","NK T","HLA-E","CD8B",0.388747343807941,"p<0.01","HLA-E_CD8B","HLA-E - CD8B","MHC-I","Cell-Cell Contact","KEGG: hsa04514","CXCR5- Naïve B -> NK T (PBMC_Late)",0.0763547647224689,"CXCR5- Naïve B -> NK T","PBMC_Late","p<0.01"
"CXCR5+ Naïve B","NK T","HLA-E","CD8B",0.379797496667186,"p<0.01","HLA-E_CD8B","HLA-E - CD8B","MHC-I","Cell-Cell Contact","KEGG: hsa04514","CXCR5+ Naïve B -> NK T (PBMC_Late)",0.0718638391904886,"CXCR5+ Naïve B -> NK T","PBMC_Late","p<0.01"
"CXCR6+ NK","NK T","HLA-E","CD8B",0.408532358474691,"p<0.01","HLA-E_CD8B","HLA-E - CD8B","MHC-I","Cell-Cell Contact","KEGG: hsa04514","CXCR6+ NK -> NK T (PBMC_Late)",0.0864848071930297,"CXCR6+ NK -> NK T","PBMC_Late","p<0.01"
"DC2","NK T","HLA-E","CD8B",0.341975214534189,"p<0.01","HLA-E_CD8B","HLA-E - CD8B","MHC-I","Cell-Cell Contact","KEGG: hsa04514","DC2 -> NK T (PBMC_Late)",0.0537082568556803,"DC2 -> NK T","PBMC_Late","p<0.01"
"Gamma Delta V1 T","NK T","HLA-E","CD8B",0.408899908791778,"p<0.01","HLA-E_CD8B","HLA-E - CD8B","MHC-I","Cell-Cell Contact","KEGG: hsa04514","Gamma Delta V1 T -> NK T (PBMC_Late)",0.0866753054540917,"Gamma Delta V1 T -> NK T","PBMC_Late","p<0.01"
"Gamma Delta V2 T","NK T","HLA-E","CD8B",0.411824533827802,"p<0.01","HLA-E_CD8B","HLA-E - CD8B","MHC-I","Cell-Cell Contact","KEGG: hsa04514","Gamma Delta V2 T -> NK T (PBMC_Late)",0.0881937996623397,"Gamma Delta V2 T -> NK T","PBMC_Late","p<0.01"
"HSC_MPP","NK T","HLA-E","CD8B",0.327630374007437,"p<0.01","HLA-E_CD8B","HLA-E - CD8B","MHC-I","Cell-Cell Contact","KEGG: hsa04514","HSC_MPP -> NK T (PBMC_Late)",0.0472539013320207,"HSC_MPP -> NK T","PBMC_Late","p<0.01"
"ILC2/3","NK T","HLA-E","CD8B",0.378759126334131,"p<0.01","HLA-E_CD8B","HLA-E - CD8B","MHC-I","Cell-Cell Contact","KEGG: hsa04514","ILC2/3 -> NK T (PBMC_Late)",0.0713469695976377,"ILC2/3 -> NK T","PBMC_Late","p<0.01"
"Megakaryocytes","NK T","HLA-E","CD8B",0.478160609183349,"p<0.01","HLA-E_CD8B","HLA-E - CD8B","MHC-I","Cell-Cell Contact","KEGG: hsa04514","Megakaryocytes -> NK T (PBMC_Late)",0.123520578253048,"Megakaryocytes -> NK T","PBMC_Late","p<0.01"
"MEMP","NK T","HLA-E","CD8B",0.278820574442163,"p<0.01","HLA-E_CD8B","HLA-E - CD8B","MHC-I","Cell-Cell Contact","KEGG: hsa04514","MEMP -> NK T (PBMC_Late)",0.0276940995704835,"MEMP -> NK T","PBMC_Late","p<0.01"
"MEP","NK T","HLA-E","CD8B",0.299085027519059,"p<0.01","HLA-E_CD8B","HLA-E - CD8B","MHC-I","Cell-Cell Contact","KEGG: hsa04514","MEP -> NK T (PBMC_Late)",0.0353120576967024,"MEP -> NK T","PBMC_Late","p<0.01"
"Myeloid-CD177","NK T","HLA-E","CD8B",0.257577485601753,"p<0.01","HLA-E_CD8B","HLA-E - CD8B","MHC-I","Cell-Cell Contact","KEGG: hsa04514","Myeloid-CD177 -> NK T (PBMC_Late)",0.0206028287346986,"Myeloid-CD177 -> NK T","PBMC_Late","p<0.01"
"Naïve CD4 T","NK T","HLA-E","CD8B",0.408358655467722,"p<0.01","HLA-E_CD8B","HLA-E - CD8B","MHC-I","Cell-Cell Contact","KEGG: hsa04514","Naïve CD4 T -> NK T (PBMC_Late)",0.0863948050490663,"Naïve CD4 T -> NK T","PBMC_Late","p<0.01"
"Naïve CD8 T","NK T","HLA-E","CD8B",0.408237297435166,"p<0.01","HLA-E_CD8B","HLA-E - CD8B","MHC-I","Cell-Cell Contact","KEGG: hsa04514","Naïve CD8 T -> NK T (PBMC_Late)",0.086331935022584,"Naïve CD8 T -> NK T","PBMC_Late","p<0.01"
"NK T","NK T","HLA-E","CD8B",0.424373609514113,"p<0.01","HLA-E_CD8B","HLA-E - CD8B","MHC-I","Cell-Cell Contact","KEGG: hsa04514","NK T -> NK T (PBMC_Late)",0.0947594028873662,"NK T -> NK T","PBMC_Late","p<0.01"
"pDC","NK T","HLA-E","CD8B",0.328960797735277,"p<0.01","HLA-E_CD8B","HLA-E - CD8B","MHC-I","Cell-Cell Contact","KEGG: hsa04514","pDC -> NK T (PBMC_Late)",0.0478408263294479,"pDC -> NK T","PBMC_Late","p<0.01"
"Pro-B","NK T","HLA-E","CD8B",0.284925506486328,"p<0.01","HLA-E_CD8B","HLA-E - CD8B","MHC-I","Cell-Cell Contact","KEGG: hsa04514","Pro-B -> NK T (PBMC_Late)",0.029906204999654,"Pro-B -> NK T","PBMC_Late","p<0.01"
"Tem","NK T","HLA-E","CD8B",0.413639229402679,"p<0.01","HLA-E_CD8B","HLA-E - CD8B","MHC-I","Cell-Cell Contact","KEGG: hsa04514","Tem -> NK T (PBMC_Late)",0.0891383458731822,"Tem -> NK T","PBMC_Late","p<0.01"
"Th17like_INNATE_T","NK T","HLA-E","CD8B",0.42203551621401,"p<0.01","HLA-E_CD8B","HLA-E - CD8B","MHC-I","Cell-Cell Contact","KEGG: hsa04514","Th17like_INNATE_T -> NK T (PBMC_Late)",0.093530393807352,"Th17like_INNATE_T -> NK T","PBMC_Late","p<0.01"
"Treg","NK T","HLA-E","CD8B",0.4145770453353,"p<0.01","HLA-E_CD8B","HLA-E - CD8B","MHC-I","Cell-Cell Contact","KEGG: hsa04514","Treg -> NK T (PBMC_Late)",0.0896271594694022,"Treg -> NK T","PBMC_Late","p<0.01"
"CD14+PPBP+ Monocytes","NK T","HLA-E","CD94:NKG2C",0.296604523427286,"p<0.01","HLA-E_CD94:NKG2C","HLA-E - CD94:NKG2C","MHC-I","Cell-Cell Contact","PMID: 28484462","CD14+PPBP+ Monocytes -> NK T (PBMC_Early)",0.034338340549315,"CD14+PPBP+ Monocytes -> NK T","PBMC_Early","p<0.01"
"CD56highCD16low NK","NK T","HLA-E","CD94:NKG2C",0.266932321058859,"p<0.01","HLA-E_CD94:NKG2C","HLA-E - CD94:NKG2C","MHC-I","Cell-Cell Contact","PMID: 28484462","CD56highCD16low NK -> NK T (PBMC_Early)",0.0236056791726898,"CD56highCD16low NK -> NK T","PBMC_Early","p<0.01"
"Classical Monocytes","NK T","HLA-E","CD94:NKG2C",0.269850902919772,"p<0.01","HLA-E_CD94:NKG2C","HLA-E - CD94:NKG2C","MHC-I","Cell-Cell Contact","PMID: 28484462","Classical Monocytes -> NK T (PBMC_Early)",0.0245817726181845,"Classical Monocytes -> NK T","PBMC_Early","p<0.01"
"CX3CR1+ NK","NK T","HLA-E","CD94:NKG2C",0.300118757387537,"p<0.01","HLA-E_CD94:NKG2C","HLA-E - CD94:NKG2C","MHC-I","Cell-Cell Contact","PMID: 28484462","CX3CR1+ NK -> NK T (PBMC_Early)",0.0357210785470455,"CX3CR1+ NK -> NK T","PBMC_Early","p<0.01"
"CXCR5- Naïve B","NK T","HLA-E","CD94:NKG2C",0.284335379667502,"p<0.01","HLA-E_CD94:NKG2C","HLA-E - CD94:NKG2C","MHC-I","Cell-Cell Contact","PMID: 28484462","CXCR5- Naïve B -> NK T (PBMC_Early)",0.0296891530763003,"CXCR5- Naïve B -> NK T","PBMC_Early","p<0.01"
"CXCR5+ Naïve B","NK T","HLA-E","CD94:NKG2C",0.280995820025811,"p<0.01","HLA-E_CD94:NKG2C","HLA-E - CD94:NKG2C","MHC-I","Cell-Cell Contact","PMID: 28484462","CXCR5+ Naïve B -> NK T (PBMC_Early)",0.0284737747599877,"CXCR5+ Naïve B -> NK T","PBMC_Early","p<0.01"
"CXCR6+ NK","NK T","HLA-E","CD94:NKG2C",0.293392758211681,"p<0.01","HLA-E_CD94:NKG2C","HLA-E - CD94:NKG2C","MHC-I","Cell-Cell Contact","PMID: 28484462","CXCR6+ NK -> NK T (PBMC_Early)",0.0330940947476468,"CXCR6+ NK -> NK T","PBMC_Early","p<0.01"
"DC2","NK T","HLA-E","CD94:NKG2C",0.254231317373848,"p<0.01","HLA-E_CD94:NKG2C","HLA-E - CD94:NKG2C","MHC-I","Cell-Cell Contact","PMID: 28484462","DC2 -> NK T (PBMC_Early)",0.0195764941636081,"DC2 -> NK T","PBMC_Early","p<0.01"
"Gamma Delta V1 T","NK T","HLA-E","CD94:NKG2C",0.291409775938462,"p<0.01","HLA-E_CD94:NKG2C","HLA-E - CD94:NKG2C","MHC-I","Cell-Cell Contact","PMID: 28484462","Gamma Delta V1 T -> NK T (PBMC_Early)",0.0323353614012856,"Gamma Delta V1 T -> NK T","PBMC_Early","p<0.01"
"Gamma Delta V2 T","NK T","HLA-E","CD94:NKG2C",0.294807453291831,"p<0.01","HLA-E_CD94:NKG2C","HLA-E - CD94:NKG2C","MHC-I","Cell-Cell Contact","PMID: 28484462","Gamma Delta V2 T -> NK T (PBMC_Early)",0.033639829969241,"Gamma Delta V2 T -> NK T","PBMC_Early","p<0.01"
"HSC_MPP","NK T","HLA-E","CD94:NKG2C",0.239917705326799,"p<0.01","HLA-E_CD94:NKG2C","HLA-E - CD94:NKG2C","MHC-I","Cell-Cell Contact","PMID: 28484462","HSC_MPP -> NK T (PBMC_Early)",0.0154817110543434,"HSC_MPP -> NK T","PBMC_Early","p<0.01"
"ILC2/3","NK T","HLA-E","CD94:NKG2C",0.2831781749954,"p<0.01","HLA-E_CD94:NKG2C","HLA-E - CD94:NKG2C","MHC-I","Cell-Cell Contact","PMID: 28484462","ILC2/3 -> NK T (PBMC_Early)",0.0292655099269256,"ILC2/3 -> NK T","PBMC_Early","p<0.01"
"Megakaryocytes","NK T","HLA-E","CD94:NKG2C",0.313609487250127,"p<0.01","HLA-E_CD94:NKG2C","HLA-E - CD94:NKG2C","MHC-I","Cell-Cell Contact","PMID: 28484462","Megakaryocytes -> NK T (PBMC_Early)",0.0412262931049662,"Megakaryocytes -> NK T","PBMC_Early","p<0.01"
"MEMP","NK T","HLA-E","CD94:NKG2C",0.211764179506411,"p<0.01","HLA-E_CD94:NKG2C","HLA-E - CD94:NKG2C","MHC-I","Cell-Cell Contact","PMID: 28484462","MEMP -> NK T (PBMC_Early)",0.00889528462457864,"MEMP -> NK T","PBMC_Early","p<0.01"
"MEP","NK T","HLA-E","CD94:NKG2C",0.259743528779112,"p<0.01","HLA-E_CD94:NKG2C","HLA-E - CD94:NKG2C","MHC-I","Cell-Cell Contact","PMID: 28484462","MEP -> NK T (PBMC_Early)",0.0212807675669985,"MEP -> NK T","PBMC_Early","p<0.01"
"Myeloid-CD177","NK T","HLA-E","CD94:NKG2C",0.243525915216837,"p<0.01","HLA-E_CD94:NKG2C","HLA-E - CD94:NKG2C","MHC-I","Cell-Cell Contact","PMID: 28484462","Myeloid-CD177 -> NK T (PBMC_Early)",0.016467950988339,"Myeloid-CD177 -> NK T","PBMC_Early","p<0.01"
"Naïve CD4 T","NK T","HLA-E","CD94:NKG2C",0.296360669206718,"p<0.01","HLA-E_CD94:NKG2C","HLA-E - CD94:NKG2C","MHC-I","Cell-Cell Contact","PMID: 28484462","Naïve CD4 T -> NK T (PBMC_Early)",0.0342432124146902,"Naïve CD4 T -> NK T","PBMC_Early","p<0.01"
"Naïve CD8 T","NK T","HLA-E","CD94:NKG2C",0.295514637954702,"p<0.01","HLA-E_CD94:NKG2C","HLA-E - CD94:NKG2C","MHC-I","Cell-Cell Contact","PMID: 28484462","Naïve CD8 T -> NK T (PBMC_Early)",0.0339140082350698,"Naïve CD8 T -> NK T","PBMC_Early","p<0.01"
"NK T","NK T","HLA-E","CD94:NKG2C",0.299138936259341,"p<0.01","HLA-E_CD94:NKG2C","HLA-E - CD94:NKG2C","MHC-I","Cell-Cell Contact","PMID: 28484462","NK T -> NK T (PBMC_Early)",0.0353333413139281,"NK T -> NK T","PBMC_Early","p<0.01"
"pDC","NK T","HLA-E","CD94:NKG2C",0.247421034671716,"p<0.01","HLA-E_CD94:NKG2C","HLA-E - CD94:NKG2C","MHC-I","Cell-Cell Contact","PMID: 28484462","pDC -> NK T (PBMC_Early)",0.0175676954353883,"pDC -> NK T","PBMC_Early","p<0.01"
"Pro-B","NK T","HLA-E","CD94:NKG2C",0.237402054390036,"p<0.01","HLA-E_CD94:NKG2C","HLA-E - CD94:NKG2C","MHC-I","Cell-Cell Contact","PMID: 28484462","Pro-B -> NK T (PBMC_Early)",0.0148128021192237,"Pro-B -> NK T","PBMC_Early","p<0.01"
"Tem","NK T","HLA-E","CD94:NKG2C",0.296528699952058,"p<0.01","HLA-E_CD94:NKG2C","HLA-E - CD94:NKG2C","MHC-I","Cell-Cell Contact","PMID: 28484462","Tem -> NK T (PBMC_Early)",0.0343087501179965,"Tem -> NK T","PBMC_Early","p<0.01"
"Th17like_INNATE_T","NK T","HLA-E","CD94:NKG2C",0.301063345951613,"p<0.01","HLA-E_CD94:NKG2C","HLA-E - CD94:NKG2C","MHC-I","Cell-Cell Contact","PMID: 28484462","Th17like_INNATE_T -> NK T (PBMC_Early)",0.036096473393267,"Th17like_INNATE_T -> NK T","PBMC_Early","p<0.01"
"Treg","NK T","HLA-E","CD94:NKG2C",0.302930215438383,"p<0.01","HLA-E_CD94:NKG2C","HLA-E - CD94:NKG2C","MHC-I","Cell-Cell Contact","PMID: 28484462","Treg -> NK T (PBMC_Early)",0.0368429750827555,"Treg -> NK T","PBMC_Early","p<0.01"
"CD14+PPBP+ Monocytes","NK T","HLA-E","CD94:NKG2C",0.347236840187439,"p<0.01","HLA-E_CD94:NKG2C","HLA-E - CD94:NKG2C","MHC-I","Cell-Cell Contact","PMID: 28484462","CD14+PPBP+ Monocytes -> NK T (PBMC_Late)",0.0561415691458668,"CD14+PPBP+ Monocytes -> NK T","PBMC_Late","p<0.01"
"CD56highCD16low NK","NK T","HLA-E","CD94:NKG2C",0.237711260709191,"p<0.01","HLA-E_CD94:NKG2C","HLA-E - CD94:NKG2C","MHC-I","Cell-Cell Contact","PMID: 28484462","CD56highCD16low NK -> NK T (PBMC_Late)",0.014894186615924,"CD56highCD16low NK -> NK T","PBMC_Late","p<0.01"
"Classical Monocytes","NK T","HLA-E","CD94:NKG2C",0.302642976204629,"p<0.01","HLA-E_CD94:NKG2C","HLA-E - CD94:NKG2C","MHC-I","Cell-Cell Contact","PMID: 28484462","Classical Monocytes -> NK T (PBMC_Late)",0.036727723977651,"Classical Monocytes -> NK T","PBMC_Late","p<0.01"
"CX3CR1+ NK","NK T","HLA-E","CD94:NKG2C",0.352152966940526,"p<0.01","HLA-E_CD94:NKG2C","HLA-E - CD94:NKG2C","MHC-I","Cell-Cell Contact","PMID: 28484462","CX3CR1+ NK -> NK T (PBMC_Late)",0.0584446534746081,"CX3CR1+ NK -> NK T","PBMC_Late","p<0.01"
"CXCR5- Naïve B","NK T","HLA-E","CD94:NKG2C",0.321654342872758,"p<0.01","HLA-E_CD94:NKG2C","HLA-E - CD94:NKG2C","MHC-I","Cell-Cell Contact","PMID: 28484462","CXCR5- Naïve B -> NK T (PBMC_Late)",0.0446488199743867,"CXCR5- Naïve B -> NK T","PBMC_Late","p<0.01"
"CXCR5+ Naïve B","NK T","HLA-E","CD94:NKG2C",0.315302090705427,"p<0.01","HLA-E_CD94:NKG2C","HLA-E - CD94:NKG2C","MHC-I","Cell-Cell Contact","PMID: 28484462","CXCR5+ Naïve B -> NK T (PBMC_Late)",0.041938056709593,"CXCR5+ Naïve B -> NK T","PBMC_Late","p<0.01"
"CXCR6+ NK","NK T","HLA-E","CD94:NKG2C",0.335594739513773,"p<0.01","HLA-E_CD94:NKG2C","HLA-E - CD94:NKG2C","MHC-I","Cell-Cell Contact","PMID: 28484462","CXCR6+ NK -> NK T (PBMC_Late)",0.0508037813670688,"CXCR6+ NK -> NK T","PBMC_Late","p<0.01"
"DC2","NK T","HLA-E","CD94:NKG2C",0.288111302075495,"p<0.01","HLA-E_CD94:NKG2C","HLA-E - CD94:NKG2C","MHC-I","Cell-Cell Contact","PMID: 28484462","DC2 -> NK T (PBMC_Late)",0.0310896334053443,"DC2 -> NK T","PBMC_Late","p<0.01"
"Gamma Delta V1 T","NK T","HLA-E","CD94:NKG2C",0.335852428504914,"p<0.01","HLA-E_CD94:NKG2C","HLA-E - CD94:NKG2C","MHC-I","Cell-Cell Contact","PMID: 28484462","Gamma Delta V1 T -> NK T (PBMC_Late)",0.0509200666685729,"Gamma Delta V1 T -> NK T","PBMC_Late","p<0.01"
"Gamma Delta V2 T","NK T","HLA-E","CD94:NKG2C",0.337901256015272,"p<0.01","HLA-E_CD94:NKG2C","HLA-E - CD94:NKG2C","MHC-I","Cell-Cell Contact","PMID: 28484462","Gamma Delta V2 T -> NK T (PBMC_Late)",0.051847712673454,"Gamma Delta V2 T -> NK T","PBMC_Late","p<0.01"
"HSC_MPP","NK T","HLA-E","CD94:NKG2C",0.277640445082248,"p<0.01","HLA-E_CD94:NKG2C","HLA-E - CD94:NKG2C","MHC-I","Cell-Cell Contact","PMID: 28484462","HSC_MPP -> NK T (PBMC_Late)",0.02727511005891,"HSC_MPP -> NK T","PBMC_Late","p<0.01"
"ILC2/3","NK T","HLA-E","CD94:NKG2C",0.314563160769527,"p<0.01","HLA-E_CD94:NKG2C","HLA-E - CD94:NKG2C","MHC-I","Cell-Cell Contact","PMID: 28484462","ILC2/3 -> NK T (PBMC_Late)",0.0416267703682175,"ILC2/3 -> NK T","PBMC_Late","p<0.01"
"Megakaryocytes","NK T","HLA-E","CD94:NKG2C",0.383659542475691,"p<0.01","HLA-E_CD94:NKG2C","HLA-E - CD94:NKG2C","MHC-I","Cell-Cell Contact","PMID: 28484462","Megakaryocytes -> NK T (PBMC_Late)",0.0737940192298459,"Megakaryocytes -> NK T","PBMC_Late","p<0.01"
"MEMP","NK T","HLA-E","CD94:NKG2C",0.241269711049232,"p<0.01","HLA-E_CD94:NKG2C","HLA-E - CD94:NKG2C","MHC-I","Cell-Cell Contact","PMID: 28484462","MEMP -> NK T (PBMC_Late)",0.0158475703735159,"MEMP -> NK T","PBMC_Late","p<0.01"
"MEP","NK T","HLA-E","CD94:NKG2C",0.256517017278398,"p<0.01","HLA-E_CD94:NKG2C","HLA-E - CD94:NKG2C","MHC-I","Cell-Cell Contact","PMID: 28484462","MEP -> NK T (PBMC_Late)",0.0202747939250444,"MEP -> NK T","PBMC_Late","p<0.01"
"Myeloid-CD177","NK T","HLA-E","CD94:NKG2C",0.225040478885107,"p<0.01","HLA-E_CD94:NKG2C","HLA-E - CD94:NKG2C","MHC-I","Cell-Cell Contact","PMID: 28484462","Myeloid-CD177 -> NK T (PBMC_Late)",0.0117530205263814,"Myeloid-CD177 -> NK T","PBMC_Late","p<0.01"
"Naïve CD4 T","NK T","HLA-E","CD94:NKG2C",0.335472940675128,"p<0.01","HLA-E_CD94:NKG2C","HLA-E - CD94:NKG2C","MHC-I","Cell-Cell Contact","PMID: 28484462","Naïve CD4 T -> NK T (PBMC_Late)",0.0507488485787226,"Naïve CD4 T -> NK T","PBMC_Late","p<0.01"
"Naïve CD8 T","NK T","HLA-E","CD94:NKG2C",0.335387839551302,"p<0.01","HLA-E_CD94:NKG2C","HLA-E - CD94:NKG2C","MHC-I","Cell-Cell Contact","PMID: 28484462","Naïve CD8 T -> NK T (PBMC_Late)",0.050710478521311,"Naïve CD8 T -> NK T","PBMC_Late","p<0.01"
"NK T","NK T","HLA-E","CD94:NKG2C",0.346660328544848,"p<0.01","HLA-E_CD94:NKG2C","HLA-E - CD94:NKG2C","MHC-I","Cell-Cell Contact","PMID: 28484462","NK T -> NK T (PBMC_Late)",0.0558733294138577,"NK T -> NK T","PBMC_Late","p<0.01"
"pDC","NK T","HLA-E","CD94:NKG2C",0.278615477252583,"p<0.01","HLA-E_CD94:NKG2C","HLA-E - CD94:NKG2C","MHC-I","Cell-Cell Contact","PMID: 28484462","pDC -> NK T (PBMC_Late)",0.0276210792513967,"pDC -> NK T","PBMC_Late","p<0.01"
"Pro-B","NK T","HLA-E","CD94:NKG2C",0.24588639502562,"p<0.01","HLA-E_CD94:NKG2C","HLA-E - CD94:NKG2C","MHC-I","Cell-Cell Contact","PMID: 28484462","Pro-B -> NK T (PBMC_Late)",0.0171300886855862,"Pro-B -> NK T","PBMC_Late","p<0.01"
"Tem","NK T","HLA-E","CD94:NKG2C",0.339171088951002,"p<0.01","HLA-E_CD94:NKG2C","HLA-E - CD94:NKG2C","MHC-I","Cell-Cell Contact","PMID: 28484462","Tem -> NK T (PBMC_Late)",0.0524253772810803,"Tem -> NK T","PBMC_Late","p<0.01"
"Th17like_INNATE_T","NK T","HLA-E","CD94:NKG2C",0.345032257546217,"p<0.01","HLA-E_CD94:NKG2C","HLA-E - CD94:NKG2C","MHC-I","Cell-Cell Contact","PMID: 28484462","Th17like_INNATE_T -> NK T (PBMC_Late)",0.0551179560329999,"Th17like_INNATE_T -> NK T","PBMC_Late","p<0.01"
"Treg","NK T","HLA-E","CD94:NKG2C",0.339826896130639,"p<0.01","HLA-E_CD94:NKG2C","HLA-E - CD94:NKG2C","MHC-I","Cell-Cell Contact","PMID: 28484462","Treg -> NK T (PBMC_Late)",0.0527245191994966,"Treg -> NK T","PBMC_Late","p<0.01"
"CD14+PPBP+ Monocytes","NK T","HLA-E","CD94:NKG2E",0.286885048060157,"p<0.01","HLA-E_CD94:NKG2E","HLA-E - CD94:NKG2E","MHC-I","Cell-Cell Contact","PMID: 28484462","CD14+PPBP+ Monocytes -> NK T (PBMC_Late)",0.0306317970721514,"CD14+PPBP+ Monocytes -> NK T","PBMC_Late","p<0.01"
"CD56highCD16low NK","NK T","HLA-E","CD94:NKG2E",0.20694145534599,"p<0.01","HLA-E_CD94:NKG2E","HLA-E - CD94:NKG2E","MHC-I","Cell-Cell Contact","PMID: 28484462","CD56highCD16low NK -> NK T (PBMC_Late)",0.00796829638520641,"CD56highCD16low NK -> NK T","PBMC_Late","p<0.01"
"Classical Monocytes","NK T","HLA-E","CD94:NKG2E",0.255143440715221,"p<0.01","HLA-E_CD94:NKG2E","HLA-E - CD94:NKG2E","MHC-I","Cell-Cell Contact","PMID: 28484462","Classical Monocytes -> NK T (PBMC_Late)",0.0198537189685327,"Classical Monocytes -> NK T","PBMC_Late","p<0.01"
"CX3CR1+ NK","NK T","HLA-E","CD94:NKG2E",0.29032601866197,"p<0.01","HLA-E_CD94:NKG2E","HLA-E - CD94:NKG2E","MHC-I","Cell-Cell Contact","PMID: 28484462","CX3CR1+ NK -> NK T (PBMC_Late)",0.0319237939424645,"CX3CR1+ NK -> NK T","PBMC_Late","p<0.01"
"CXCR5- Naïve B","NK T","HLA-E","CD94:NKG2E",0.268796769393092,"p<0.01","HLA-E_CD94:NKG2E","HLA-E - CD94:NKG2E","MHC-I","Cell-Cell Contact","PMID: 28484462","CXCR5- Naïve B -> NK T (PBMC_Late)",0.0242271152564601,"CXCR5- Naïve B -> NK T","PBMC_Late","p<0.01"
"CXCR5+ Naïve B","NK T","HLA-E","CD94:NKG2E",0.264255670925648,"p<0.01","HLA-E_CD94:NKG2E","HLA-E - CD94:NKG2E","MHC-I","Cell-Cell Contact","PMID: 28484462","CXCR5+ Naïve B -> NK T (PBMC_Late)",0.0227267197761363,"CXCR5+ Naïve B -> NK T","PBMC_Late","p<0.01"
"CXCR6+ NK","NK T","HLA-E","CD94:NKG2E",0.278692136381993,"p<0.01","HLA-E_CD94:NKG2E","HLA-E - CD94:NKG2E","MHC-I","Cell-Cell Contact","PMID: 28484462","CXCR6+ NK -> NK T (PBMC_Late)",0.0276483620535434,"CXCR6+ NK -> NK T","PBMC_Late","p<0.01"
"DC2","NK T","HLA-E","CD94:NKG2E",0.244576103808112,"p<0.01","HLA-E_CD94:NKG2E","HLA-E - CD94:NKG2E","MHC-I","Cell-Cell Contact","PMID: 28484462","DC2 -> NK T (PBMC_Late)",0.016760893282778,"DC2 -> NK T","PBMC_Late","p<0.01"
"Gamma Delta V1 T","NK T","HLA-E","CD94:NKG2E",0.27887416710747,"p<0.01","HLA-E_CD94:NKG2E","HLA-E - CD94:NKG2E","MHC-I","Cell-Cell Contact","PMID: 28484462","Gamma Delta V1 T -> NK T (PBMC_Late)",0.027713194109475,"Gamma Delta V1 T -> NK T","PBMC_Late","p<0.01"
"Gamma Delta V2 T","NK T","HLA-E","CD94:NKG2E",0.280320332759146,"p<0.01","HLA-E_CD94:NKG2E","HLA-E - CD94:NKG2E","MHC-I","Cell-Cell Contact","PMID: 28484462","Gamma Delta V2 T -> NK T (PBMC_Late)",0.0282306400725458,"Gamma Delta V2 T -> NK T","PBMC_Late","p<0.01"
"HSC_MPP","NK T","HLA-E","CD94:NKG2E",0.236887137638481,"p<0.01","HLA-E_CD94:NKG2E","HLA-E - CD94:NKG2E","MHC-I","Cell-Cell Contact","PMID: 28484462","HSC_MPP -> NK T (PBMC_Late)",0.014677793473285,"HSC_MPP -> NK T","PBMC_Late","p<0.01"
"ILC2/3","NK T","HLA-E","CD94:NKG2E",0.263726085489914,"p<0.01","HLA-E_CD94:NKG2E","HLA-E - CD94:NKG2E","MHC-I","Cell-Cell Contact","PMID: 28484462","ILC2/3 -> NK T (PBMC_Late)",0.0225546730867215,"ILC2/3 -> NK T","PBMC_Late","p<0.01"
"Megakaryocytes","NK T","HLA-E","CD94:NKG2E",0.312131183757715,"p<0.01","HLA-E_CD94:NKG2E","HLA-E - CD94:NKG2E","MHC-I","Cell-Cell Contact","PMID: 28484462","Megakaryocytes -> NK T (PBMC_Late)",0.0406083673652404,"Megakaryocytes -> NK T","PBMC_Late","p<0.01"
"MEMP","NK T","HLA-E","CD94:NKG2E",0.20965287077577,"p<0.01","HLA-E_CD94:NKG2E","HLA-E - CD94:NKG2E","MHC-I","Cell-Cell Contact","PMID: 28484462","MEMP -> NK T (PBMC_Late)",0.00848216796297348,"MEMP -> NK T","PBMC_Late","p<0.01"
"MEP","NK T","HLA-E","CD94:NKG2E",0.221173661125649,"p<0.01","HLA-E_CD94:NKG2E","HLA-E - CD94:NKG2E","MHC-I","Cell-Cell Contact","PMID: 28484462","MEP -> NK T (PBMC_Late)",0.0108745070981177,"MEP -> NK T","PBMC_Late","p<0.01"
"Myeloid-CD177","NK T","HLA-E","CD94:NKG2E",0.197214272913493,"p<0.01","HLA-E_CD94:NKG2E","HLA-E - CD94:NKG2E","MHC-I","Cell-Cell Contact","PMID: 28484462","Myeloid-CD177 -> NK T (PBMC_Late)",0.00627848283987837,"Myeloid-CD177 -> NK T","PBMC_Late","p<0.01"
"Naïve CD4 T","NK T","HLA-E","CD94:NKG2E",0.27860608706162,"p<0.01","HLA-E_CD94:NKG2E","HLA-E - CD94:NKG2E","MHC-I","Cell-Cell Contact","PMID: 28484462","Naïve CD4 T -> NK T (PBMC_Late)",0.0276177381245705,"Naïve CD4 T -> NK T","PBMC_Late","p<0.01"
"Naïve CD8 T","NK T","HLA-E","CD94:NKG2E",0.278545960018565,"p<0.01","HLA-E_CD94:NKG2E","HLA-E - CD94:NKG2E","MHC-I","Cell-Cell Contact","PMID: 28484462","Naïve CD8 T -> NK T (PBMC_Late)",0.0275963485445657,"Naïve CD8 T -> NK T","PBMC_Late","p<0.01"
"NK T","NK T","HLA-E","CD94:NKG2E",0.2864808116358,"p<0.01","HLA-E_CD94:NKG2E","HLA-E - CD94:NKG2E","MHC-I","Cell-Cell Contact","PMID: 28484462","NK T -> NK T (PBMC_Late)",0.0304815047246025,"NK T -> NK T","PBMC_Late","p<0.01"
"pDC","NK T","HLA-E","CD94:NKG2E",0.237605847195103,"p<0.01","HLA-E_CD94:NKG2E","HLA-E - CD94:NKG2E","MHC-I","Cell-Cell Contact","PMID: 28484462","pDC -> NK T (PBMC_Late)",0.0148664150098246,"pDC -> NK T","PBMC_Late","p<0.01"
"Pro-B","NK T","HLA-E","CD94:NKG2E",0.213157665763139,"p<0.01","HLA-E_CD94:NKG2E","HLA-E - CD94:NKG2E","MHC-I","Cell-Cell Contact","PMID: 28484462","Pro-B -> NK T (PBMC_Late)",0.00917417264405498,"Pro-B -> NK T","PBMC_Late","p<0.01"
"Tem","NK T","HLA-E","CD94:NKG2E",0.281215650737475,"p<0.01","HLA-E_CD94:NKG2E","HLA-E - CD94:NKG2E","MHC-I","Cell-Cell Contact","PMID: 28484462","Tem -> NK T (PBMC_Late)",0.0285530976076353,"Tem -> NK T","PBMC_Late","p<0.01"
"Th17like_INNATE_T","NK T","HLA-E","CD94:NKG2E",0.285338427904725,"p<0.01","HLA-E_CD94:NKG2E","HLA-E - CD94:NKG2E","MHC-I","Cell-Cell Contact","PMID: 28484462","Th17like_INNATE_T -> NK T (PBMC_Late)",0.0300584841605003,"Th17like_INNATE_T -> NK T","PBMC_Late","p<0.01"
"Treg","NK T","HLA-E","CD94:NKG2E",0.281677742733049,"p<0.01","HLA-E_CD94:NKG2E","HLA-E - CD94:NKG2E","MHC-I","Cell-Cell Contact","PMID: 28484462","Treg -> NK T (PBMC_Late)",0.0287201516626244,"Treg -> NK T","PBMC_Late","p<0.01"
"CD14+PPBP+ Monocytes","NK T","HLA-E","KLRC2",0.315984087504676,"p<0.01","HLA-E_KLRC2","HLA-E - KLRC2","MHC-I","Cell-Cell Contact","PMID: 26697006","CD14+PPBP+ Monocytes -> NK T (PBMC_Early)",0.0422261186316843,"CD14+PPBP+ Monocytes -> NK T","PBMC_Early","p<0.01"
"CD56highCD16low NK","NK T","HLA-E","KLRC2",0.282730651531979,"p<0.01","HLA-E_KLRC2","HLA-E - KLRC2","MHC-I","Cell-Cell Contact","PMID: 26697006","CD56highCD16low NK -> NK T (PBMC_Early)",0.0291023828606648,"CD56highCD16low NK -> NK T","PBMC_Early","p<0.01"
"Classical Monocytes","NK T","HLA-E","KLRC2",0.285988009955438,"p<0.01","HLA-E_KLRC2","HLA-E - KLRC2","MHC-I","Cell-Cell Contact","PMID: 26697006","Classical Monocytes -> NK T (PBMC_Early)",0.0302987116437549,"Classical Monocytes -> NK T","PBMC_Early","p<0.01"
"CX3CR1+ NK","NK T","HLA-E","KLRC2",0.319941973222014,"p<0.01","HLA-E_KLRC2","HLA-E - KLRC2","MHC-I","Cell-Cell Contact","PMID: 26697006","CX3CR1+ NK -> NK T (PBMC_Early)",0.0439120385198954,"CX3CR1+ NK -> NK T","PBMC_Early","p<0.01"
"CXCR5- Naïve B","NK T","HLA-E","KLRC2",0.302197834962213,"p<0.01","HLA-E_KLRC2","HLA-E - KLRC2","MHC-I","Cell-Cell Contact","PMID: 26697006","CXCR5- Naïve B -> NK T (PBMC_Early)",0.03654939848217,"CXCR5- Naïve B -> NK T","PBMC_Early","p<0.01"
"CXCR5+ Naïve B","NK T","HLA-E","KLRC2",0.298454065050089,"p<0.01","HLA-E_KLRC2","HLA-E - KLRC2","MHC-I","Cell-Cell Contact","PMID: 26697006","CXCR5+ Naïve B -> NK T (PBMC_Early)",0.0350633321660235,"CXCR5+ Naïve B -> NK T","PBMC_Early","p<0.01"
"CXCR6+ NK","NK T","HLA-E","KLRC2",0.3123703687638,"p<0.01","HLA-E_KLRC2","HLA-E - KLRC2","MHC-I","Cell-Cell Contact","PMID: 26697006","CXCR6+ NK -> NK T (PBMC_Early)",0.040708108728093,"CXCR6+ NK -> NK T","PBMC_Early","p<0.01"
"DC2","NK T","HLA-E","KLRC2",0.268591095459607,"p<0.01","HLA-E_KLRC2","HLA-E - KLRC2","MHC-I","Cell-Cell Contact","PMID: 26697006","DC2 -> NK T (PBMC_Early)",0.0241581950071793,"DC2 -> NK T","PBMC_Early","p<0.01"
"Gamma Delta V1 T","NK T","HLA-E","KLRC2",0.310140906500356,"p<0.01","HLA-E_KLRC2","HLA-E - KLRC2","MHC-I","Cell-Cell Contact","PMID: 26697006","Gamma Delta V1 T -> NK T (PBMC_Early)",0.0397819944793609,"Gamma Delta V1 T -> NK T","PBMC_Early","p<0.01"
"Gamma Delta V2 T","NK T","HLA-E","KLRC2",0.313961697606756,"p<0.01","HLA-E_KLRC2","HLA-E - KLRC2","MHC-I","Cell-Cell Contact","PMID: 26697006","Gamma Delta V2 T -> NK T (PBMC_Early)",0.0413740295164719,"Gamma Delta V2 T -> NK T","PBMC_Early","p<0.01"
"HSC_MPP","NK T","HLA-E","KLRC2",0.252727956174019,"p<0.01","HLA-E_KLRC2","HLA-E - KLRC2","MHC-I","Cell-Cell Contact","PMID: 26697006","HSC_MPP -> NK T (PBMC_Early)",0.019123758201999,"HSC_MPP -> NK T","PBMC_Early","p<0.01"
"ILC2/3","NK T","HLA-E","KLRC2",0.300900136596276,"p<0.01","HLA-E_KLRC2","HLA-E - KLRC2","MHC-I","Cell-Cell Contact","PMID: 26697006","ILC2/3 -> NK T (PBMC_Early)",0.036031499574214,"ILC2/3 -> NK T","PBMC_Early","p<0.01"
"Megakaryocytes","NK T","HLA-E","KLRC2",0.335172339434485,"p<0.01","HLA-E_KLRC2","HLA-E - KLRC2","MHC-I","Cell-Cell Contact","PMID: 26697006","Megakaryocytes -> NK T (PBMC_Early)",0.0506133574371609,"Megakaryocytes -> NK T","PBMC_Early","p<0.01"
"MEMP","NK T","HLA-E","KLRC2",0.221759638646059,"p<0.01","HLA-E_KLRC2","HLA-E - KLRC2","MHC-I","Cell-Cell Contact","PMID: 26697006","MEMP -> NK T (PBMC_Early)",0.0110052058687104,"MEMP -> NK T","PBMC_Early","p<0.01"
"MEP","NK T","HLA-E","KLRC2",0.274720428965371,"p<0.01","HLA-E_KLRC2","HLA-E - KLRC2","MHC-I","Cell-Cell Contact","PMID: 26697006","MEP -> NK T (PBMC_Early)",0.0262506584745879,"MEP -> NK T","PBMC_Early","p<0.01"
"Myeloid-CD177","NK T","HLA-E","KLRC2",0.256719456464074,"p<0.01","HLA-E_KLRC2","HLA-E - KLRC2","MHC-I","Cell-Cell Contact","PMID: 26697006","Myeloid-CD177 -> NK T (PBMC_Early)",0.0203372168005038,"Myeloid-CD177 -> NK T","PBMC_Early","p<0.01"
"Naïve CD4 T","NK T","HLA-E","KLRC2",0.315709596666674,"p<0.01","HLA-E_KLRC2","HLA-E - KLRC2","MHC-I","Cell-Cell Contact","PMID: 26697006","Naïve CD4 T -> NK T (PBMC_Early)",0.0421100917368905,"Naïve CD4 T -> NK T","PBMC_Early","p<0.01"
"Naïve CD8 T","NK T","HLA-E","KLRC2",0.314757424528239,"p<0.01","HLA-E_KLRC2","HLA-E - KLRC2","MHC-I","Cell-Cell Contact","PMID: 26697006","Naïve CD8 T -> NK T (PBMC_Early)",0.0417085239488474,"Naïve CD8 T -> NK T","PBMC_Early","p<0.01"
"NK T","NK T","HLA-E","KLRC2",0.318838053939617,"p<0.01","HLA-E_KLRC2","HLA-E - KLRC2","MHC-I","Cell-Cell Contact","PMID: 26697006","NK T -> NK T (PBMC_Early)",0.0434393971158411,"NK T -> NK T","PBMC_Early","p<0.01"
"pDC","NK T","HLA-E","KLRC2",0.261033915663774,"p<0.01","HLA-E_KLRC2","HLA-E - KLRC2","MHC-I","Cell-Cell Contact","PMID: 26697006","pDC -> NK T (PBMC_Early)",0.0216896559727202,"pDC -> NK T","PBMC_Early","p<0.01"
"Pro-B","NK T","HLA-E","KLRC2",0.2499480379689,"p<0.01","HLA-E_KLRC2","HLA-E - KLRC2","MHC-I","Cell-Cell Contact","PMID: 26697006","Pro-B -> NK T (PBMC_Early)",0.0183004145691966,"Pro-B -> NK T","PBMC_Early","p<0.01"
"Tem","NK T","HLA-E","KLRC2",0.315898735876041,"p<0.01","HLA-E_KLRC2","HLA-E - KLRC2","MHC-I","Cell-Cell Contact","PMID: 26697006","Tem -> NK T (PBMC_Early)",0.0421900280224205,"Tem -> NK T","PBMC_Early","p<0.01"
"Th17like_INNATE_T","NK T","HLA-E","KLRC2",0.321006490018226,"p<0.01","HLA-E_KLRC2","HLA-E - KLRC2","MHC-I","Cell-Cell Contact","PMID: 26697006","Th17like_INNATE_T -> NK T (PBMC_Early)",0.0443695518485883,"Th17like_INNATE_T -> NK T","PBMC_Early","p<0.01"
"Treg","NK T","HLA-E","KLRC2",0.323111224606074,"p<0.01","HLA-E_KLRC2","HLA-E - KLRC2","MHC-I","Cell-Cell Contact","PMID: 26697006","Treg -> NK T (PBMC_Early)",0.0452791098367011,"Treg -> NK T","PBMC_Early","p<0.01"
"CD14+PPBP+ Monocytes","NK T","HLA-E","KLRC2",0.435199312192233,"p<0.01","HLA-E_KLRC2","HLA-E - KLRC2","MHC-I","Cell-Cell Contact","PMID: 26697006","CD14+PPBP+ Monocytes -> NK T (PBMC_Late)",0.100479882145293,"CD14+PPBP+ Monocytes -> NK T","PBMC_Late","p<0.01"
"CD56highCD16low NK","NK T","HLA-E","KLRC2",0.278584082673219,"p<0.01","HLA-E_KLRC2","HLA-E - KLRC2","MHC-I","Cell-Cell Contact","PMID: 26697006","CD56highCD16low NK -> NK T (PBMC_Late)",0.0276099094372289,"CD56highCD16low NK -> NK T","PBMC_Late","p<0.01"
"Classical Monocytes","NK T","HLA-E","KLRC2",0.369581279090754,"p<0.01","HLA-E_KLRC2","HLA-E - KLRC2","MHC-I","Cell-Cell Contact","PMID: 26697006","Classical Monocytes -> NK T (PBMC_Late)",0.0668192038138027,"Classical Monocytes -> NK T","PBMC_Late","p<0.01"
"CX3CR1+ NK","NK T","HLA-E","KLRC2",0.442572015792818,"p<0.01","HLA-E_KLRC2","HLA-E - KLRC2","MHC-I","Cell-Cell Contact","PMID: 26697006","CX3CR1+ NK -> NK T (PBMC_Late)",0.104400660762208,"CX3CR1+ NK -> NK T","PBMC_Late","p<0.01"
"CXCR5- Naïve B","NK T","HLA-E","KLRC2",0.397269412528238,"p<0.01","HLA-E_KLRC2","HLA-E - KLRC2","MHC-I","Cell-Cell Contact","PMID: 26697006","CXCR5- Naïve B -> NK T (PBMC_Late)",0.0806865427476313,"CXCR5- Naïve B -> NK T","PBMC_Late","p<0.01"
"CXCR5+ Naïve B","NK T","HLA-E","KLRC2",0.387969105401367,"p<0.01","HLA-E_KLRC2","HLA-E - KLRC2","MHC-I","Cell-Cell Contact","PMID: 26697006","CXCR5+ Naïve B -> NK T (PBMC_Late)",0.0759617903481552,"CXCR5+ Naïve B -> NK T","PBMC_Late","p<0.01"
"CXCR6+ NK","NK T","HLA-E","KLRC2",0.417845833470934,"p<0.01","HLA-E_KLRC2","HLA-E - KLRC2","MHC-I","Cell-Cell Contact","PMID: 26697006","CXCR6+ NK -> NK T (PBMC_Late)",0.0913344562774714,"CXCR6+ NK -> NK T","PBMC_Late","p<0.01"
"DC2","NK T","HLA-E","KLRC2",0.348721823352931,"p<0.01","HLA-E_KLRC2","HLA-E - KLRC2","MHC-I","Cell-Cell Contact","PMID: 26697006","DC2 -> NK T (PBMC_Late)",0.0568343037378834,"DC2 -> NK T","PBMC_Late","p<0.01"
"Gamma Delta V1 T","NK T","HLA-E","KLRC2",0.41822829570911,"p<0.01","HLA-E_KLRC2","HLA-E - KLRC2","MHC-I","Cell-Cell Contact","PMID: 26697006","Gamma Delta V1 T -> NK T (PBMC_Late)",0.0915345663958604,"Gamma Delta V1 T -> NK T","PBMC_Late","p<0.01"
"Gamma Delta V2 T","NK T","HLA-E","KLRC2",0.421271841454146,"p<0.01","HLA-E_KLRC2","HLA-E - KLRC2","MHC-I","Cell-Cell Contact","PMID: 26697006","Gamma Delta V2 T -> NK T (PBMC_Late)",0.0931295110450338,"Gamma Delta V2 T -> NK T","PBMC_Late","p<0.01"
"HSC_MPP","NK T","HLA-E","KLRC2",0.333861986488129,"p<0.01","HLA-E_KLRC2","HLA-E - KLRC2","MHC-I","Cell-Cell Contact","PMID: 26697006","HSC_MPP -> NK T (PBMC_Late)",0.0500241367286059,"HSC_MPP -> NK T","PBMC_Late","p<0.01"
"ILC2/3","NK T","HLA-E","KLRC2",0.386890388973025,"p<0.01","HLA-E_KLRC2","HLA-E - KLRC2","MHC-I","Cell-Cell Contact","PMID: 26697006","ILC2/3 -> NK T (PBMC_Late)",0.0754178418410997,"ILC2/3 -> NK T","PBMC_Late","p<0.01"
"Megakaryocytes","NK T","HLA-E","KLRC2",0.490422302836178,"p<0.01","HLA-E_KLRC2","HLA-E - KLRC2","MHC-I","Cell-Cell Contact","PMID: 26697006","Megakaryocytes -> NK T (PBMC_Late)",0.130151128242104,"Megakaryocytes -> NK T","PBMC_Late","p<0.01"
"MEMP","NK T","HLA-E","KLRC2",0.283417694281285,"p<0.01","HLA-E_KLRC2","HLA-E - KLRC2","MHC-I","Cell-Cell Contact","PMID: 26697006","MEMP -> NK T (PBMC_Late)",0.0293529797111791,"MEMP -> NK T","PBMC_Late","p<0.01"
"MEP","NK T","HLA-E","KLRC2",0.304337542199798,"p<0.01","HLA-E_KLRC2","HLA-E - KLRC2","MHC-I","Cell-Cell Contact","PMID: 26697006","MEP -> NK T (PBMC_Late)",0.0374096976218003,"MEP -> NK T","PBMC_Late","p<0.01"
"Myeloid-CD177","NK T","HLA-E","KLRC2",0.261525750560288,"p<0.01","HLA-E_KLRC2","HLA-E - KLRC2","MHC-I","Cell-Cell Contact","PMID: 26697006","Myeloid-CD177 -> NK T (PBMC_Late)",0.0218464848375968,"Myeloid-CD177 -> NK T","PBMC_Late","p<0.01"
"Naïve CD4 T","NK T","HLA-E","KLRC2",0.417665085744191,"p<0.01","HLA-E_KLRC2","HLA-E - KLRC2","MHC-I","Cell-Cell Contact","PMID: 26697006","Naïve CD4 T -> NK T (PBMC_Late)",0.0912399113210446,"Naïve CD4 T -> NK T","PBMC_Late","p<0.01"
"Naïve CD8 T","NK T","HLA-E","KLRC2",0.417538806892824,"p<0.01","HLA-E_KLRC2","HLA-E - KLRC2","MHC-I","Cell-Cell Contact","PMID: 26697006","Naïve CD8 T -> NK T (PBMC_Late)",0.0911738673421864,"Naïve CD8 T -> NK T","PBMC_Late","p<0.01"
"NK T","NK T","HLA-E","KLRC2",0.434336442102914,"p<0.01","HLA-E_KLRC2","HLA-E - KLRC2","MHC-I","Cell-Cell Contact","PMID: 26697006","NK T -> NK T (PBMC_Late)",0.100022247195435,"NK T -> NK T","PBMC_Late","p<0.01"
"pDC","NK T","HLA-E","KLRC2",0.335239549475284,"p<0.01","HLA-E_KLRC2","HLA-E - KLRC2","MHC-I","Cell-Cell Contact","PMID: 26697006","pDC -> NK T (PBMC_Late)",0.0506436409171762,"pDC -> NK T","PBMC_Late","p<0.01"
"Pro-B","NK T","HLA-E","KLRC2",0.289716438579154,"p<0.01","HLA-E_KLRC2","HLA-E - KLRC2","MHC-I","Cell-Cell Contact","PMID: 26697006","Pro-B -> NK T (PBMC_Late)",0.0316932713967809,"Pro-B -> NK T","PBMC_Late","p<0.01"
"Tem","NK T","HLA-E","KLRC2",0.423160561642445,"p<0.01","HLA-E_KLRC2","HLA-E - KLRC2","MHC-I","Cell-Cell Contact","PMID: 26697006","Tem -> NK T (PBMC_Late)",0.094121461613266,"Tem -> NK T","PBMC_Late","p<0.01"
"Th17like_INNATE_T","NK T","HLA-E","KLRC2",0.431901661830801,"p<0.01","HLA-E_KLRC2","HLA-E - KLRC2","MHC-I","Cell-Cell Contact","PMID: 26697006","Th17like_INNATE_T -> NK T (PBMC_Late)",0.0987324248885687,"Th17like_INNATE_T -> NK T","PBMC_Late","p<0.01"
"Treg","NK T","HLA-E","KLRC2",0.424136703010465,"p<0.01","HLA-E_KLRC2","HLA-E - KLRC2","MHC-I","Cell-Cell Contact","PMID: 26697006","Treg -> NK T (PBMC_Late)",0.0946347623549258,"Treg -> NK T","PBMC_Late","p<0.01"
"CD14+PPBP+ Monocytes","NK T","HLA-E","KLRK1",0.308372159149054,"p<0.01","HLA-E_KLRK1","HLA-E - KLRK1","MHC-I","Cell-Cell Contact","PMID: 28484462","CD14+PPBP+ Monocytes -> NK T (PBMC_Early)",0.0390530265819905,"CD14+PPBP+ Monocytes -> NK T","PBMC_Early","p<0.01"
"CD56highCD16low NK","NK T","HLA-E","KLRK1",0.276542329973073,"p<0.01","HLA-E_KLRK1","HLA-E - KLRK1","MHC-I","Cell-Cell Contact","PMID: 28484462","CD56highCD16low NK -> NK T (PBMC_Early)",0.026887791735975,"CD56highCD16low NK -> NK T","PBMC_Early","p<0.01"
"Classical Monocytes","NK T","HLA-E","KLRK1",0.279665204920648,"p<0.01","HLA-E_KLRK1","HLA-E - KLRK1","MHC-I","Cell-Cell Contact","PMID: 28484462","Classical Monocytes -> NK T (PBMC_Early)",0.0279957090440069,"Classical Monocytes -> NK T","PBMC_Early","p<0.01"
"CX3CR1+ NK","NK T","HLA-E","KLRK1",0.312153405985817,"p<0.01","HLA-E_KLRK1","HLA-E - KLRK1","MHC-I","Cell-Cell Contact","PMID: 28484462","CX3CR1+ NK -> NK T (PBMC_Early)",0.0406176302747273,"CX3CR1+ NK -> NK T","PBMC_Early","p<0.01"
"CXCR5- Naïve B","NK T","HLA-E","KLRK1",0.295189496397718,"p<0.01","HLA-E_KLRK1","HLA-E - KLRK1","MHC-I","Cell-Cell Contact","PMID: 28484462","CXCR5- Naïve B -> NK T (PBMC_Early)",0.0337878363516391,"CXCR5- Naïve B -> NK T","PBMC_Early","p<0.01"
"CXCR5+ Naïve B","NK T","HLA-E","KLRK1",0.291606421766629,"p<0.01","HLA-E_KLRK1","HLA-E - KLRK1","MHC-I","Cell-Cell Contact","PMID: 28484462","CXCR5+ Naïve B -> NK T (PBMC_Early)",0.032410275551032,"CXCR5+ Naïve B -> NK T","PBMC_Early","p<0.01"
"CXCR6+ NK","NK T","HLA-E","KLRK1",0.304918427795171,"p<0.01","HLA-E_KLRK1","HLA-E - KLRK1","MHC-I","Cell-Cell Contact","PMID: 28484462","CXCR6+ NK -> NK T (PBMC_Early)",0.037644604418786,"CXCR6+ NK -> NK T","PBMC_Early","p<0.01"
"DC2","NK T","HLA-E","KLRK1",0.262973345016942,"p<0.01","HLA-E_KLRK1","HLA-E - KLRK1","MHC-I","Cell-Cell Contact","PMID: 28484462","DC2 -> NK T (PBMC_Early)",0.0223111936706398,"DC2 -> NK T","PBMC_Early","p<0.01"
"Gamma Delta V1 T","NK T","HLA-E","KLRK1",0.302787046827947,"p<0.01","HLA-E_KLRK1","HLA-E - KLRK1","MHC-I","Cell-Cell Contact","PMID: 28484462","Gamma Delta V1 T -> NK T (PBMC_Early)",0.0367855126880687,"Gamma Delta V1 T -> NK T","PBMC_Early","p<0.01"
"Gamma Delta V2 T","NK T","HLA-E","KLRK1",0.306439457929832,"p<0.01","HLA-E_KLRK1","HLA-E - KLRK1","MHC-I","Cell-Cell Contact","PMID: 28484462","Gamma Delta V2 T -> NK T (PBMC_Early)",0.0382624099400911,"Gamma Delta V2 T -> NK T","PBMC_Early","p<0.01"
"HSC_MPP","NK T","HLA-E","KLRK1",0.247723830608593,"p<0.01","HLA-E_KLRK1","HLA-E - KLRK1","MHC-I","Cell-Cell Contact","PMID: 28484462","HSC_MPP -> NK T (PBMC_Early)",0.0176546983148455,"HSC_MPP -> NK T","PBMC_Early","p<0.01"
"ILC2/3","NK T","HLA-E","KLRK1",0.293947657850313,"p<0.01","HLA-E_KLRK1","HLA-E - KLRK1","MHC-I","Cell-Cell Contact","PMID: 28484462","ILC2/3 -> NK T (PBMC_Early)",0.0333077155162545,"ILC2/3 -> NK T","PBMC_Early","p<0.01"
"Megakaryocytes","NK T","HLA-E","KLRK1",0.326690616727852,"p<0.01","HLA-E_KLRK1","HLA-E - KLRK1","MHC-I","Cell-Cell Contact","PMID: 28484462","Megakaryocytes -> NK T (PBMC_Early)",0.0468408277783393,"Megakaryocytes -> NK T","PBMC_Early","p<0.01"
"MEMP","NK T","HLA-E","KLRK1",0.21786720325232,"p<0.01","HLA-E_KLRK1","HLA-E - KLRK1","MHC-I","Cell-Cell Contact","PMID: 28484462","MEMP -> NK T (PBMC_Early)",0.0101533459693774,"MEMP -> NK T","PBMC_Early","p<0.01"
"MEP","NK T","HLA-E","KLRK1",0.268858009796138,"p<0.01","HLA-E_KLRK1","HLA-E - KLRK1","MHC-I","Cell-Cell Contact","PMID: 28484462","MEP -> NK T (PBMC_Early)",0.024247654135922,"MEP -> NK T","PBMC_Early","p<0.01"
"Myeloid-CD177","NK T","HLA-E","KLRK1",0.251563644205833,"p<0.01","HLA-E_KLRK1","HLA-E - KLRK1","MHC-I","Cell-Cell Contact","PMID: 28484462","Myeloid-CD177 -> NK T (PBMC_Early)",0.0187767251699334,"Myeloid-CD177 -> NK T","PBMC_Early","p<0.01"
"Naïve CD4 T","NK T","HLA-E","KLRK1",0.308109864109738,"p<0.01","HLA-E_KLRK1","HLA-E - KLRK1","MHC-I","Cell-Cell Contact","PMID: 28484462","Naïve CD4 T -> NK T (PBMC_Early)",0.038945364026716,"Naïve CD4 T -> NK T","PBMC_Early","p<0.01"
"Naïve CD8 T","NK T","HLA-E","KLRK1",0.307199942324242,"p<0.01","HLA-E_KLRK1","HLA-E - KLRK1","MHC-I","Cell-Cell Contact","PMID: 28484462","Naïve CD8 T -> NK T (PBMC_Early)",0.0385727602556811,"Naïve CD8 T -> NK T","PBMC_Early","p<0.01"
"NK T","NK T","HLA-E","KLRK1",0.311098901765408,"p<0.01","HLA-E_KLRK1","HLA-E - KLRK1","MHC-I","Cell-Cell Contact","PMID: 28484462","NK T -> NK T (PBMC_Early)",0.0401789576593123,"NK T -> NK T","PBMC_Early","p<0.01"
"pDC","NK T","HLA-E","KLRK1",0.25571207398691,"p<0.01","HLA-E_KLRK1","HLA-E - KLRK1","MHC-I","Cell-Cell Contact","PMID: 28484462","pDC -> NK T (PBMC_Early)",0.0200275120306032,"pDC -> NK T","PBMC_Early","p<0.01"
"Pro-B","NK T","HLA-E","KLRK1",0.24504845594141,"p<0.01","HLA-E_KLRK1","HLA-E - KLRK1","MHC-I","Cell-Cell Contact","PMID: 28484462","Pro-B -> NK T (PBMC_Early)",0.0168935134539163,"Pro-B -> NK T","PBMC_Early","p<0.01"
"Tem","NK T","HLA-E","KLRK1",0.308290600508952,"p<0.01","HLA-E_KLRK1","HLA-E - KLRK1","MHC-I","Cell-Cell Contact","PMID: 28484462","Tem -> NK T (PBMC_Early)",0.0390195375224858,"Tem -> NK T","PBMC_Early","p<0.01"
"Th17like_INNATE_T","NK T","HLA-E","KLRK1",0.313170164013209,"p<0.01","HLA-E_KLRK1","HLA-E - KLRK1","MHC-I","Cell-Cell Contact","PMID: 28484462","Th17like_INNATE_T -> NK T (PBMC_Early)",0.0410422930653044,"Th17like_INNATE_T -> NK T","PBMC_Early","p<0.01"
"Treg","NK T","HLA-E","KLRK1",0.315180162155672,"p<0.01","HLA-E_KLRK1","HLA-E - KLRK1","MHC-I","Cell-Cell Contact","PMID: 28484462","Treg -> NK T (PBMC_Early)",0.0418866332147773,"Treg -> NK T","PBMC_Early","p<0.01"
"CD14+PPBP+ Monocytes","NK T","HLA-E","KLRK1",0.404819416115215,"p<0.01","HLA-E_KLRK1","HLA-E - KLRK1","MHC-I","Cell-Cell Contact","PMID: 28484462","CD14+PPBP+ Monocytes -> NK T (PBMC_Late)",0.0845647938770995,"CD14+PPBP+ Monocytes -> NK T","PBMC_Late","p<0.01"
"CD56highCD16low NK","NK T","HLA-E","KLRK1",0.264916829558421,"p<0.01","HLA-E_KLRK1","HLA-E - KLRK1","MHC-I","Cell-Cell Contact","PMID: 28484462","CD56highCD16low NK -> NK T (PBMC_Late)",0.0229423755014072,"CD56highCD16low NK -> NK T","PBMC_Late","p<0.01"
"Classical Monocytes","NK T","HLA-E","KLRK1",0.346726949909272,"p<0.01","HLA-E_KLRK1","HLA-E - KLRK1","MHC-I","Cell-Cell Contact","PMID: 28484462","Classical Monocytes -> NK T (PBMC_Late)",0.0559043069373094,"Classical Monocytes -> NK T","PBMC_Late","p<0.01"
"CX3CR1+ NK","NK T","HLA-E","KLRK1",0.411307983656584,"p<0.01","HLA-E_KLRK1","HLA-E - KLRK1","MHC-I","Cell-Cell Contact","PMID: 28484462","CX3CR1+ NK -> NK T (PBMC_Late)",0.0879252595417779,"CX3CR1+ NK -> NK T","PBMC_Late","p<0.01"
"CXCR5- Naïve B","NK T","HLA-E","KLRK1",0.371318994674213,"p<0.01","HLA-E_KLRK1","HLA-E - KLRK1","MHC-I","Cell-Cell Contact","PMID: 28484462","CXCR5- Naïve B -> NK T (PBMC_Late)",0.0676706856810496,"CXCR5- Naïve B -> NK T","PBMC_Late","p<0.01"
"CXCR5+ Naïve B","NK T","HLA-E","KLRK1",0.363072312406041,"p<0.01","HLA-E_KLRK1","HLA-E - KLRK1","MHC-I","Cell-Cell Contact","PMID: 28484462","CXCR5+ Naïve B -> NK T (PBMC_Late)",0.0636553270701206,"CXCR5+ Naïve B -> NK T","PBMC_Late","p<0.01"
"CXCR6+ NK","NK T","HLA-E","KLRK1",0.389517958167521,"p<0.01","HLA-E_KLRK1","HLA-E - KLRK1","MHC-I","Cell-Cell Contact","PMID: 28484462","CXCR6+ NK -> NK T (PBMC_Late)",0.0767443332615559,"CXCR6+ NK -> NK T","PBMC_Late","p<0.01"
"DC2","NK T","HLA-E","KLRK1",0.328115144701777,"p<0.01","HLA-E_KLRK1","HLA-E - KLRK1","MHC-I","Cell-Cell Contact","PMID: 28484462","DC2 -> NK T (PBMC_Late)",0.0474674727748886,"DC2 -> NK T","PBMC_Late","p<0.01"
"Gamma Delta V1 T","NK T","HLA-E","KLRK1",0.389855646414854,"p<0.01","HLA-E_KLRK1","HLA-E - KLRK1","MHC-I","Cell-Cell Contact","PMID: 28484462","Gamma Delta V1 T -> NK T (PBMC_Late)",0.0769151828429091,"Gamma Delta V1 T -> NK T","PBMC_Late","p<0.01"
"Gamma Delta V2 T","NK T","HLA-E","KLRK1",0.392542153812458,"p<0.01","HLA-E_KLRK1","HLA-E - KLRK1","MHC-I","Cell-Cell Contact","PMID: 28484462","Gamma Delta V2 T -> NK T (PBMC_Late)",0.0782773410726897,"Gamma Delta V2 T -> NK T","PBMC_Late","p<0.01"
"HSC_MPP","NK T","HLA-E","KLRK1",0.314808495498823,"p<0.01","HLA-E_KLRK1","HLA-E - KLRK1","MHC-I","Cell-Cell Contact","PMID: 28484462","HSC_MPP -> NK T (PBMC_Late)",0.0417300264227668,"HSC_MPP -> NK T","PBMC_Late","p<0.01"
"ILC2/3","NK T","HLA-E","KLRK1",0.362114926900955,"p<0.01","HLA-E_KLRK1","HLA-E - KLRK1","MHC-I","Cell-Cell Contact","PMID: 28484462","ILC2/3 -> NK T (PBMC_Late)",0.063193476218382,"ILC2/3 -> NK T","PBMC_Late","p<0.01"
"Megakaryocytes","NK T","HLA-E","KLRK1",0.453255703288489,"p<0.01","HLA-E_KLRK1","HLA-E - KLRK1","MHC-I","Cell-Cell Contact","PMID: 28484462","Megakaryocytes -> NK T (PBMC_Late)",0.110111679616159,"Megakaryocytes -> NK T","PBMC_Late","p<0.01"
"MEMP","NK T","HLA-E","KLRK1",0.269306065943351,"p<0.01","HLA-E_KLRK1","HLA-E - KLRK1","MHC-I","Cell-Cell Contact","PMID: 28484462","MEMP -> NK T (PBMC_Late)",0.0243981683426312,"MEMP -> NK T","PBMC_Late","p<0.01"
"MEP","NK T","HLA-E","KLRK1",0.288241818475382,"p<0.01","HLA-E_KLRK1","HLA-E - KLRK1","MHC-I","Cell-Cell Contact","PMID: 28484462","MEP -> NK T (PBMC_Late)",0.031138532939361,"MEP -> NK T","PBMC_Late","p<0.01"
"Myeloid-CD177","NK T","HLA-E","KLRK1",0.249382415631745,"p<0.01","HLA-E_KLRK1","HLA-E - KLRK1","MHC-I","Cell-Cell Contact","PMID: 28484462","Myeloid-CD177 -> NK T (PBMC_Late)",0.0181351031092899,"Myeloid-CD177 -> NK T","PBMC_Late","p<0.01"
"Naïve CD4 T","NK T","HLA-E","KLRK1",0.389358362940157,"p<0.01","HLA-E_KLRK1","HLA-E - KLRK1","MHC-I","Cell-Cell Contact","PMID: 28484462","Naïve CD4 T -> NK T (PBMC_Late)",0.076663617055717,"Naïve CD4 T -> NK T","PBMC_Late","p<0.01"
"Naïve CD8 T","NK T","HLA-E","KLRK1",0.389246859462905,"p<0.01","HLA-E_KLRK1","HLA-E - KLRK1","MHC-I","Cell-Cell Contact","PMID: 28484462","Naïve CD8 T -> NK T (PBMC_Late)",0.076607234683775,"Naïve CD8 T -> NK T","PBMC_Late","p<0.01"
"NK T","NK T","HLA-E","KLRK1",0.404059550357117,"p<0.01","HLA-E_KLRK1","HLA-E - KLRK1","MHC-I","Cell-Cell Contact","PMID: 28484462","NK T -> NK T (PBMC_Late)",0.0841728612695343,"NK T -> NK T","PBMC_Late","p<0.01"
"pDC","NK T","HLA-E","KLRK1",0.316043821930335,"p<0.01","HLA-E_KLRK1","HLA-E - KLRK1","MHC-I","Cell-Cell Contact","PMID: 28484462","pDC -> NK T (PBMC_Late)",0.0422513838602625,"pDC -> NK T","PBMC_Late","p<0.01"
"Pro-B","NK T","HLA-E","KLRK1",0.275017684283051,"p<0.01","HLA-E_KLRK1","HLA-E - KLRK1","MHC-I","Cell-Cell Contact","PMID: 28484462","Pro-B -> NK T (PBMC_Late)",0.0263541423967976,"Pro-B -> NK T","PBMC_Late","p<0.01"
"Tem","NK T","HLA-E","KLRK1",0.394208653631418,"p<0.01","HLA-E_KLRK1","HLA-E - KLRK1","MHC-I","Cell-Cell Contact","PMID: 28484462","Tem -> NK T (PBMC_Late)",0.0791248992776709,"Tem -> NK T","PBMC_Late","p<0.01"
"Th17like_INNATE_T","NK T","HLA-E","KLRK1",0.401914880682256,"p<0.01","HLA-E_KLRK1","HLA-E - KLRK1","MHC-I","Cell-Cell Contact","PMID: 28484462","Th17like_INNATE_T -> NK T (PBMC_Late)",0.0830685576774505,"Th17like_INNATE_T -> NK T","PBMC_Late","p<0.01"
"Treg","NK T","HLA-E","KLRK1",0.395069750393378,"p<0.01","HLA-E_KLRK1","HLA-E - KLRK1","MHC-I","Cell-Cell Contact","PMID: 28484462","Treg -> NK T (PBMC_Late)",0.079563598000433,"Treg -> NK T","PBMC_Late","p<0.01"
"CX3CR1+ NK","NK T","HLA-F","CD8A",0.204508829404756,"p<0.01","HLA-F_CD8A","HLA-F - CD8A","MHC-I","Cell-Cell Contact","KEGG: hsa04514","CX3CR1+ NK -> NK T (PBMC_Early)",0.00752319449211155,"CX3CR1+ NK -> NK T","PBMC_Early","p<0.01"
"CXCR5- Naïve B","NK T","HLA-F","CD8A",0.189869632114395,"p<0.01","HLA-F_CD8A","HLA-F - CD8A","MHC-I","Cell-Cell Contact","KEGG: hsa04514","CXCR5- Naïve B -> NK T (PBMC_Early)",0.00516024266192598,"CXCR5- Naïve B -> NK T","PBMC_Early","p<0.01"
"CXCR5+ Naïve B","NK T","HLA-F","CD8A",0.187611278400653,"p<0.01","HLA-F_CD8A","HLA-F - CD8A","MHC-I","Cell-Cell Contact","KEGG: hsa04514","CXCR5+ Naïve B -> NK T (PBMC_Early)",0.00484324679151367,"CXCR5+ Naïve B -> NK T","PBMC_Early","p<0.01"
"CXCR6+ NK","NK T","HLA-F","CD8A",0.23483646676325,"p<0.01","HLA-F_CD8A","HLA-F - CD8A","MHC-I","Cell-Cell Contact","KEGG: hsa04514","CXCR6+ NK -> NK T (PBMC_Early)",0.0141465793163271,"CXCR6+ NK -> NK T","PBMC_Early","p<0.01"
"Gamma Delta V1 T","NK T","HLA-F","CD8A",0.193508033967773,"p<0.01","HLA-F_CD8A","HLA-F - CD8A","MHC-I","Cell-Cell Contact","KEGG: hsa04514","Gamma Delta V1 T -> NK T (PBMC_Early)",0.00569740713824723,"Gamma Delta V1 T -> NK T","PBMC_Early","p<0.01"
"Gamma Delta V2 T","NK T","HLA-F","CD8A",0.194817655760156,"p<0.01","HLA-F_CD8A","HLA-F - CD8A","MHC-I","Cell-Cell Contact","KEGG: hsa04514","Gamma Delta V2 T -> NK T (PBMC_Early)",0.0058988079295278,"Gamma Delta V2 T -> NK T","PBMC_Early","p<0.01"
"Naïve CD4 T","NK T","HLA-F","CD8A",0.190471376829631,"p<0.01","HLA-F_CD8A","HLA-F - CD8A","MHC-I","Cell-Cell Contact","KEGG: hsa04514","Naïve CD4 T -> NK T (PBMC_Early)",0.00524682220732193,"Naïve CD4 T -> NK T","PBMC_Early","p<0.01"
"Naïve CD8 T","NK T","HLA-F","CD8A",0.22180549996902,"p<0.01","HLA-F_CD8A","HLA-F - CD8A","MHC-I","Cell-Cell Contact","KEGG: hsa04514","Naïve CD8 T -> NK T (PBMC_Early)",0.0110154716595752,"Naïve CD8 T -> NK T","PBMC_Early","p<0.01"
"NK T","NK T","HLA-F","CD8A",0.196173973214247,"p<0.01","HLA-F_CD8A","HLA-F - CD8A","MHC-I","Cell-Cell Contact","KEGG: hsa04514","NK T -> NK T (PBMC_Early)",0.00611190868825522,"NK T -> NK T","PBMC_Early","p<0.01"
"Tem","NK T","HLA-F","CD8A",0.219869355945425,"p<0.01","HLA-F_CD8A","HLA-F - CD8A","MHC-I","Cell-Cell Contact","KEGG: hsa04514","Tem -> NK T (PBMC_Early)",0.0105867145674248,"Tem -> NK T","PBMC_Early","p<0.01"
"Th17like_INNATE_T","NK T","HLA-F","CD8A",0.193771880895669,"p<0.01","HLA-F_CD8A","HLA-F - CD8A","MHC-I","Cell-Cell Contact","KEGG: hsa04514","Th17like_INNATE_T -> NK T (PBMC_Early)",0.00573763884101018,"Th17like_INNATE_T -> NK T","PBMC_Early","p<0.01"
"Treg","NK T","HLA-F","CD8A",0.196420953984382,"p<0.01","HLA-F_CD8A","HLA-F - CD8A","MHC-I","Cell-Cell Contact","KEGG: hsa04514","Treg -> NK T (PBMC_Early)",0.0061512096676812,"Treg -> NK T","PBMC_Early","p<0.01"
"CD14+PPBP+ Monocytes","NK T","HLA-F","CD8A",0.260429269708263,"p<0.01","HLA-F_CD8A","HLA-F - CD8A","MHC-I","Cell-Cell Contact","KEGG: hsa04514","CD14+PPBP+ Monocytes -> NK T (PBMC_Late)",0.0214975958811275,"CD14+PPBP+ Monocytes -> NK T","PBMC_Late","p<0.01"
"CD56highCD16low NK","NK T","HLA-F","CD8A",0.264076294045202,"p<0.01","HLA-F_CD8A","HLA-F - CD8A","MHC-I","Cell-Cell Contact","KEGG: hsa04514","CD56highCD16low NK -> NK T (PBMC_Late)",0.0226683764156557,"CD56highCD16low NK -> NK T","PBMC_Late","p<0.01"
"Classical Monocytes","NK T","HLA-F","CD8A",0.217638760339558,"p<0.01","HLA-F_CD8A","HLA-F - CD8A","MHC-I","Cell-Cell Contact","KEGG: hsa04514","Classical Monocytes -> NK T (PBMC_Late)",0.0101045467339234,"Classical Monocytes -> NK T","PBMC_Late","p<0.01"
"CX3CR1+ NK","NK T","HLA-F","CD8A",0.336793940441166,"p<0.01","HLA-F_CD8A","HLA-F - CD8A","MHC-I","Cell-Cell Contact","KEGG: hsa04514","CX3CR1+ NK -> NK T (PBMC_Late)",0.0513456756068088,"CX3CR1+ NK -> NK T","PBMC_Late","p<0.01"
"CXCR5- Naïve B","NK T","HLA-F","CD8A",0.237265947163991,"p<0.01","HLA-F_CD8A","HLA-F - CD8A","MHC-I","Cell-Cell Contact","KEGG: hsa04514","CXCR5- Naïve B -> NK T (PBMC_Late)",0.0147770522942874,"CXCR5- Naïve B -> NK T","PBMC_Late","p<0.01"
"CXCR5+ Naïve B","NK T","HLA-F","CD8A",0.231163450332045,"p<0.01","HLA-F_CD8A","HLA-F - CD8A","MHC-I","Cell-Cell Contact","KEGG: hsa04514","CXCR5+ Naïve B -> NK T (PBMC_Late)",0.0132210715831771,"CXCR5+ Naïve B -> NK T","PBMC_Late","p<0.01"
"CXCR6+ NK","NK T","HLA-F","CD8A",0.300948638826619,"p<0.01","HLA-F_CD8A","HLA-F - CD8A","MHC-I","Cell-Cell Contact","KEGG: hsa04514","CXCR6+ NK -> NK T (PBMC_Late)",0.0360508034977951,"CXCR6+ NK -> NK T","PBMC_Late","p<0.01"
"DC2","NK T","HLA-F","CD8A",0.207866192354078,"p<0.01","HLA-F_CD8A","HLA-F - CD8A","MHC-I","Cell-Cell Contact","KEGG: hsa04514","DC2 -> NK T (PBMC_Late)",0.00814144891142867,"DC2 -> NK T","PBMC_Late","p<0.01"
"Gamma Delta V1 T","NK T","HLA-F","CD8A",0.244339012648127,"p<0.01","HLA-F_CD8A","HLA-F - CD8A","MHC-I","Cell-Cell Contact","KEGG: hsa04514","Gamma Delta V1 T -> NK T (PBMC_Late)",0.0166945274642143,"Gamma Delta V1 T -> NK T","PBMC_Late","p<0.01"
"Gamma Delta V2 T","NK T","HLA-F","CD8A",0.247643061722188,"p<0.01","HLA-F_CD8A","HLA-F - CD8A","MHC-I","Cell-Cell Contact","KEGG: hsa04514","Gamma Delta V2 T -> NK T (PBMC_Late)",0.0176314696321345,"Gamma Delta V2 T -> NK T","PBMC_Late","p<0.01"
"ILC2/3","NK T","HLA-F","CD8A",0.232832599226784,"p<0.01","HLA-F_CD8A","HLA-F - CD8A","MHC-I","Cell-Cell Contact","KEGG: hsa04514","ILC2/3 -> NK T (PBMC_Late)",0.0136375096208918,"ILC2/3 -> NK T","PBMC_Late","p<0.01"
"Naïve CD4 T","NK T","HLA-F","CD8A",0.235143188087254,"p<0.01","HLA-F_CD8A","HLA-F - CD8A","MHC-I","Cell-Cell Contact","KEGG: hsa04514","Naïve CD4 T -> NK T (PBMC_Late)",0.0142253753169667,"Naïve CD4 T -> NK T","PBMC_Late","p<0.01"
"Naïve CD8 T","NK T","HLA-F","CD8A",0.297062642669831,"p<0.01","HLA-F_CD8A","HLA-F - CD8A","MHC-I","Cell-Cell Contact","KEGG: hsa04514","Naïve CD8 T -> NK T (PBMC_Late)",0.0345173440607297,"Naïve CD8 T -> NK T","PBMC_Late","p<0.01"
"NK T","NK T","HLA-F","CD8A",0.319415275375187,"p<0.01","HLA-F_CD8A","HLA-F - CD8A","MHC-I","Cell-Cell Contact","KEGG: hsa04514","NK T -> NK T (PBMC_Late)",0.0436863031722194,"NK T -> NK T","PBMC_Late","p<0.01"
"Tem","NK T","HLA-F","CD8A",0.245269848566842,"p<0.01","HLA-F_CD8A","HLA-F - CD8A","MHC-I","Cell-Cell Contact","KEGG: hsa04514","Tem -> NK T (PBMC_Late)",0.0169558563708287,"Tem -> NK T","PBMC_Late","p<0.01"
"Th17like_INNATE_T","NK T","HLA-F","CD8A",0.283937349214197,"p<0.01","HLA-F_CD8A","HLA-F - CD8A","MHC-I","Cell-Cell Contact","KEGG: hsa04514","Th17like_INNATE_T -> NK T (PBMC_Late)",0.0295431404040779,"Th17like_INNATE_T -> NK T","PBMC_Late","p<0.01"
"Treg","NK T","HLA-F","CD8A",0.246062192752013,"p<0.01","HLA-F_CD8A","HLA-F - CD8A","MHC-I","Cell-Cell Contact","KEGG: hsa04514","Treg -> NK T (PBMC_Late)",0.0171799340262791,"Treg -> NK T","PBMC_Late","p<0.01"
"CX3CR1+ NK","NK T","HLA-F","CD8B",0.197634894676853,"p<0.01","HLA-F_CD8B","HLA-F - CD8B","MHC-I","Cell-Cell Contact","KEGG: hsa04514","CX3CR1+ NK -> NK T (PBMC_Early)",0.00634660524562972,"CX3CR1+ NK -> NK T","PBMC_Early","p<0.01"
"CXCR5- Naïve B","NK T","HLA-F","CD8B",0.183917694494634,"p<0.01","HLA-F_CD8B","HLA-F - CD8B","MHC-I","Cell-Cell Contact","KEGG: hsa04514","CXCR5- Naïve B -> NK T (PBMC_Early)",0.00435158669475704,"CXCR5- Naïve B -> NK T","PBMC_Early","p<0.01"
"CXCR5+ Naïve B","NK T","HLA-F","CD8B",0.181796268398555,"p<0.01","HLA-F_CD8B","HLA-F - CD8B","MHC-I","Cell-Cell Contact","KEGG: hsa04514","CXCR5+ Naïve B -> NK T (PBMC_Early)",0.00408406296691714,"CXCR5+ Naïve B -> NK T","PBMC_Early","p<0.01"
"CXCR6+ NK","NK T","HLA-F","CD8B",0.22587084181841,"p<0.01","HLA-F_CD8B","HLA-F - CD8B","MHC-I","Cell-Cell Contact","KEGG: hsa04514","CXCR6+ NK -> NK T (PBMC_Early)",0.0119465953147917,"CXCR6+ NK -> NK T","PBMC_Early","p<0.01"
"Gamma Delta V1 T","NK T","HLA-F","CD8B",0.187332482135492,"p<0.01","HLA-F_CD8B","HLA-F - CD8B","MHC-I","Cell-Cell Contact","KEGG: hsa04514","Gamma Delta V1 T -> NK T (PBMC_Early)",0.0048049792889775,"Gamma Delta V1 T -> NK T","PBMC_Early","p<0.01"
"Gamma Delta V2 T","NK T","HLA-F","CD8B",0.188560711133514,"p<0.01","HLA-F_CD8B","HLA-F - CD8B","MHC-I","Cell-Cell Contact","KEGG: hsa04514","Gamma Delta V2 T -> NK T (PBMC_Early)",0.00497499100035205,"Gamma Delta V2 T -> NK T","PBMC_Early","p<0.01"
"Naïve CD4 T","NK T","HLA-F","CD8B",0.184482712217111,"p<0.01","HLA-F_CD8B","HLA-F - CD8B","MHC-I","Cell-Cell Contact","KEGG: hsa04514","Naïve CD4 T -> NK T (PBMC_Early)",0.00442465879877762,"Naïve CD4 T -> NK T","PBMC_Early","p<0.01"
"Naïve CD8 T","NK T","HLA-F","CD8B",0.213767718538739,"p<0.01","HLA-F_CD8B","HLA-F - CD8B","MHC-I","Cell-Cell Contact","KEGG: hsa04514","Naïve CD8 T -> NK T (PBMC_Early)",0.00929782480390595,"Naïve CD8 T -> NK T","PBMC_Early","p<0.01"
"NK T","NK T","HLA-F","CD8B",0.189832231905837,"p<0.01","HLA-F_CD8B","HLA-F - CD8B","MHC-I","Cell-Cell Contact","KEGG: hsa04514","NK T -> NK T (PBMC_Early)",0.00515489094191653,"NK T -> NK T","PBMC_Early","p<0.01"
"Tem","NK T","HLA-F","CD8B",0.211965749597286,"p<0.01","HLA-F_CD8B","HLA-F - CD8B","MHC-I","Cell-Cell Contact","KEGG: hsa04514","Tem -> NK T (PBMC_Early)",0.00893531993899136,"Tem -> NK T","PBMC_Early","p<0.01"
"Th17like_INNATE_T","NK T","HLA-F","CD8B",0.187579969386502,"p<0.01","HLA-F_CD8B","HLA-F - CD8B","MHC-I","Cell-Cell Contact","KEGG: hsa04514","Th17like_INNATE_T -> NK T (PBMC_Early)",0.00483893986545317,"Th17like_INNATE_T -> NK T","PBMC_Early","p<0.01"
"Treg","NK T","HLA-F","CD8B",0.19006371668128,"p<0.01","HLA-F_CD8B","HLA-F - CD8B","MHC-I","Cell-Cell Contact","KEGG: hsa04514","Treg -> NK T (PBMC_Early)",0.00518807019989962,"Treg -> NK T","PBMC_Early","p<0.01"
"CD14+PPBP+ Monocytes","NK T","HLA-F","CD8B",0.250865182606516,"p<0.01","HLA-F_CD8B","HLA-F - CD8B","MHC-I","Cell-Cell Contact","KEGG: hsa04514","CD14+PPBP+ Monocytes -> NK T (PBMC_Late)",0.0185700572685119,"CD14+PPBP+ Monocytes -> NK T","PBMC_Late","p<0.01"
"CD56highCD16low NK","NK T","HLA-F","CD8B",0.254258051155946,"p<0.01","HLA-F_CD8B","HLA-F - CD8B","MHC-I","Cell-Cell Contact","KEGG: hsa04514","CD56highCD16low NK -> NK T (PBMC_Late)",0.0195845922307201,"CD56highCD16low NK -> NK T","PBMC_Late","p<0.01"
"Classical Monocytes","NK T","HLA-F","CD8B",0.2108483691916,"p<0.01","HLA-F_CD8B","HLA-F - CD8B","MHC-I","Cell-Cell Contact","KEGG: hsa04514","Classical Monocytes -> NK T (PBMC_Late)",0.00871469350911623,"Classical Monocytes -> NK T","PBMC_Late","p<0.01"
"CX3CR1+ NK","NK T","HLA-F","CD8B",0.321398463711302,"p<0.01","HLA-F_CD8B","HLA-F - CD8B","MHC-I","Cell-Cell Contact","KEGG: hsa04514","CX3CR1+ NK -> NK T (PBMC_Late)",0.0445384440568362,"CX3CR1+ NK -> NK T","PBMC_Late","p<0.01"
"CXCR5- Naïve B","NK T","HLA-F","CD8B",0.229252355519635,"p<0.01","HLA-F_CD8B","HLA-F - CD8B","MHC-I","Cell-Cell Contact","KEGG: hsa04514","CXCR5- Naïve B -> NK T (PBMC_Late)",0.0127527882574061,"CXCR5- Naïve B -> NK T","PBMC_Late","p<0.01"
"CXCR5+ Naïve B","NK T","HLA-F","CD8B",0.223539354095217,"p<0.01","HLA-F_CD8B","HLA-F - CD8B","MHC-I","Cell-Cell Contact","KEGG: hsa04514","CXCR5+ Naïve B -> NK T (PBMC_Late)",0.0114074887077423,"CXCR5+ Naïve B -> NK T","PBMC_Late","p<0.01"
"CXCR6+ NK","NK T","HLA-F","CD8B",0.288418054246796,"p<0.01","HLA-F_CD8B","HLA-F - CD8B","MHC-I","Cell-Cell Contact","KEGG: hsa04514","CXCR6+ NK -> NK T (PBMC_Late)",0.0312046134195938,"CXCR6+ NK -> NK T","PBMC_Late","p<0.01"
"DC2","NK T","HLA-F","CD8B",0.20165214254413,"p<0.01","HLA-F_CD8B","HLA-F - CD8B","MHC-I","Cell-Cell Contact","KEGG: hsa04514","DC2 -> NK T (PBMC_Late)",0.0070196997126651,"DC2 -> NK T","PBMC_Late","p<0.01"
"Gamma Delta V1 T","NK T","HLA-F","CD8B",0.235863898903048,"p<0.01","HLA-F_CD8B","HLA-F - CD8B","MHC-I","Cell-Cell Contact","KEGG: hsa04514","Gamma Delta V1 T -> NK T (PBMC_Late)",0.0144114364762344,"Gamma Delta V1 T -> NK T","PBMC_Late","p<0.01"
"Gamma Delta V2 T","NK T","HLA-F","CD8B",0.238948712433916,"p<0.01","HLA-F_CD8B","HLA-F - CD8B","MHC-I","Cell-Cell Contact","KEGG: hsa04514","Gamma Delta V2 T -> NK T (PBMC_Late)",0.015222228973547,"Gamma Delta V2 T -> NK T","PBMC_Late","p<0.01"
"ILC2/3","NK T","HLA-F","CD8B",0.225102778646087,"p<0.01","HLA-F_CD8B","HLA-F - CD8B","MHC-I","Cell-Cell Contact","KEGG: hsa04514","ILC2/3 -> NK T (PBMC_Late)",0.0117674836286553,"ILC2/3 -> NK T","PBMC_Late","p<0.01"
"Naïve CD4 T","NK T","HLA-F","CD8B",0.227266005344531,"p<0.01","HLA-F_CD8B","HLA-F - CD8B","MHC-I","Cell-Cell Contact","KEGG: hsa04514","Naïve CD4 T -> NK T (PBMC_Late)",0.0122757422293639,"Naïve CD4 T -> NK T","PBMC_Late","p<0.01"
"Naïve CD8 T","NK T","HLA-F","CD8B",0.284829655158483,"p<0.01","HLA-F_CD8B","HLA-F - CD8B","MHC-I","Cell-Cell Contact","KEGG: hsa04514","Naïve CD8 T -> NK T (PBMC_Late)",0.0298709040440337,"Naïve CD8 T -> NK T","PBMC_Late","p<0.01"
"NK T","NK T","HLA-F","CD8B",0.30543504987945,"p<0.01","HLA-F_CD8B","HLA-F - CD8B","MHC-I","Cell-Cell Contact","KEGG: hsa04514","NK T -> NK T (PBMC_Late)",0.0378540051853411,"NK T -> NK T","PBMC_Late","p<0.01"
"Tem","NK T","HLA-F","CD8B",0.236733203297266,"p<0.01","HLA-F_CD8B","HLA-F - CD8B","MHC-I","Cell-Cell Contact","KEGG: hsa04514","Tem -> NK T (PBMC_Late)",0.0146375588710258,"Tem -> NK T","PBMC_Late","p<0.01"
"Th17like_INNATE_T","NK T","HLA-F","CD8B",0.272689541800919,"p<0.01","HLA-F_CD8B","HLA-F - CD8B","MHC-I","Cell-Cell Contact","KEGG: hsa04514","Th17like_INNATE_T -> NK T (PBMC_Late)",0.0255485680682385,"Th17like_INNATE_T -> NK T","PBMC_Late","p<0.01"
"Treg","NK T","HLA-F","CD8B",0.237473026625196,"p<0.01","HLA-F_CD8B","HLA-F - CD8B","MHC-I","Cell-Cell Contact","KEGG: hsa04514","Treg -> NK T (PBMC_Late)",0.0148314616336602,"Treg -> NK T","PBMC_Late","p<0.01"
"CX3CR1+ NK","NK T","LCK","CD8 receptor",0.260546353661774,"p<0.01","LCK_CD8A_CD8B1","LCK - (CD8A+CD8B1)","LCK","Cell-Cell Contact","PMID: 25427562","CX3CR1+ NK -> NK T (PBMC_Early)",0.0215347226563369,"CX3CR1+ NK -> NK T","PBMC_Early","p<0.01"
"CXCR6+ NK","NK T","LCK","CD8 receptor",0.258287951622721,"p<0.01","LCK_CD8A_CD8B1","LCK - (CD8A+CD8B1)","LCK","Cell-Cell Contact","PMID: 25427562","CXCR6+ NK -> NK T (PBMC_Early)",0.0208240256669737,"CXCR6+ NK -> NK T","PBMC_Early","p<0.01"
"Gamma Delta V1 T","NK T","LCK","CD8 receptor",0.290313960515872,"p<0.01","LCK_CD8A_CD8B1","LCK - (CD8A+CD8B1)","LCK","Cell-Cell Contact","PMID: 25427562","Gamma Delta V1 T -> NK T (PBMC_Early)",0.0319192271624049,"Gamma Delta V1 T -> NK T","PBMC_Early","p<0.01"
"Gamma Delta V2 T","NK T","LCK","CD8 receptor",0.279254865532093,"p<0.01","LCK_CD8A_CD8B1","LCK - (CD8A+CD8B1)","LCK","Cell-Cell Contact","PMID: 25427562","Gamma Delta V2 T -> NK T (PBMC_Early)",0.0278490006156258,"Gamma Delta V2 T -> NK T","PBMC_Early","p<0.01"
"ILC2/3","NK T","LCK","CD8 receptor",0.238544587307816,"p<0.01","LCK_CD8A_CD8B1","LCK - (CD8A+CD8B1)","LCK","Cell-Cell Contact","PMID: 25427562","ILC2/3 -> NK T (PBMC_Early)",0.0151146862095468,"ILC2/3 -> NK T","PBMC_Early","p<0.01"
"Naïve CD4 T","NK T","LCK","CD8 receptor",0.278030252494426,"p<0.01","LCK_CD8A_CD8B1","LCK - (CD8A+CD8B1)","LCK","Cell-Cell Contact","PMID: 25427562","Naïve CD4 T -> NK T (PBMC_Early)",0.0274131926198451,"Naïve CD4 T -> NK T","PBMC_Early","p<0.01"
"Naïve CD8 T","NK T","LCK","CD8 receptor",0.279709814122748,"p<0.01","LCK_CD8A_CD8B1","LCK - (CD8A+CD8B1)","LCK","Cell-Cell Contact","PMID: 25427562","Naïve CD8 T -> NK T (PBMC_Early)",0.0280116786287608,"Naïve CD8 T -> NK T","PBMC_Early","p<0.01"
"NK T","NK T","LCK","CD8 receptor",0.281759618903744,"p<0.01","LCK_CD8A_CD8B1","LCK - (CD8A+CD8B1)","LCK","Cell-Cell Contact","PMID: 25427562","NK T -> NK T (PBMC_Early)",0.0287497956762855,"NK T -> NK T","PBMC_Early","p<0.01"
"Tem","NK T","LCK","CD8 receptor",0.280934757208097,"p<0.01","LCK_CD8A_CD8B1","LCK - (CD8A+CD8B1)","LCK","Cell-Cell Contact","PMID: 25427562","Tem -> NK T (PBMC_Early)",0.0284517582439406,"Tem -> NK T","PBMC_Early","p<0.01"
"Th17like_INNATE_T","NK T","LCK","CD8 receptor",0.278072022256107,"p<0.01","LCK_CD8A_CD8B1","LCK - (CD8A+CD8B1)","LCK","Cell-Cell Contact","PMID: 25427562","Th17like_INNATE_T -> NK T (PBMC_Early)",0.0274280072082388,"Th17like_INNATE_T -> NK T","PBMC_Early","p<0.01"
"Treg","NK T","LCK","CD8 receptor",0.279479216700692,"p<0.01","LCK_CD8A_CD8B1","LCK - (CD8A+CD8B1)","LCK","Cell-Cell Contact","PMID: 25427562","Treg -> NK T (PBMC_Early)",0.0279291706457259,"Treg -> NK T","PBMC_Early","p<0.01"
"CX3CR1+ NK","NK T","LCK","CD8 receptor",0.331942177251205,"p<0.01","LCK_CD8A_CD8B1","LCK - (CD8A+CD8B1)","LCK","Cell-Cell Contact","PMID: 25427562","CX3CR1+ NK -> NK T (PBMC_Late)",0.049165020330072,"CX3CR1+ NK -> NK T","PBMC_Late","p<0.01"
"CXCR6+ NK","NK T","LCK","CD8 receptor",0.299508591557358,"p<0.01","LCK_CD8A_CD8B1","LCK - (CD8A+CD8B1)","LCK","Cell-Cell Contact","PMID: 25427562","CXCR6+ NK -> NK T (PBMC_Late)",0.0354794229558001,"CXCR6+ NK -> NK T","PBMC_Late","p<0.01"
"Gamma Delta V1 T","NK T","LCK","CD8 receptor",0.381394190431304,"p<0.01","LCK_CD8A_CD8B1","LCK - (CD8A+CD8B1)","LCK","Cell-Cell Contact","PMID: 25427562","Gamma Delta V1 T -> NK T (PBMC_Late)",0.0726603683175832,"Gamma Delta V1 T -> NK T","PBMC_Late","p<0.01"
"Gamma Delta V2 T","NK T","LCK","CD8 receptor",0.36805444722415,"p<0.01","LCK_CD8A_CD8B1","LCK - (CD8A+CD8B1)","LCK","Cell-Cell Contact","PMID: 25427562","Gamma Delta V2 T -> NK T (PBMC_Late)",0.0660733814931551,"Gamma Delta V2 T -> NK T","PBMC_Late","p<0.01"
"ILC2/3","NK T","LCK","CD8 receptor",0.235975758512384,"p<0.01","LCK_CD8A_CD8B1","LCK - (CD8A+CD8B1)","LCK","Cell-Cell Contact","PMID: 25427562","ILC2/3 -> NK T (PBMC_Late)",0.0144404291449523,"ILC2/3 -> NK T","PBMC_Late","p<0.01"
"Naïve CD4 T","NK T","LCK","CD8 receptor",0.330265093550216,"p<0.01","LCK_CD8A_CD8B1","LCK - (CD8A+CD8B1)","LCK","Cell-Cell Contact","PMID: 25427562","Naïve CD4 T -> NK T (PBMC_Late)",0.0484186262207348,"Naïve CD4 T -> NK T","PBMC_Late","p<0.01"
"Naïve CD8 T","NK T","LCK","CD8 receptor",0.358503121632493,"p<0.01","LCK_CD8A_CD8B1","LCK - (CD8A+CD8B1)","LCK","Cell-Cell Contact","PMID: 25427562","Naïve CD8 T -> NK T (PBMC_Late)",0.0614595532969772,"Naïve CD8 T -> NK T","PBMC_Late","p<0.01"
"NK T","NK T","LCK","CD8 receptor",0.370289500252954,"p<0.01","LCK_CD8A_CD8B1","LCK - (CD8A+CD8B1)","LCK","Cell-Cell Contact","PMID: 25427562","NK T -> NK T (PBMC_Late)",0.0671658952184794,"NK T -> NK T","PBMC_Late","p<0.01"
"Tem","NK T","LCK","CD8 receptor",0.322030362168135,"p<0.01","LCK_CD8A_CD8B1","LCK - (CD8A+CD8B1)","LCK","Cell-Cell Contact","PMID: 25427562","Tem -> NK T (PBMC_Late)",0.0448111961808789,"Tem -> NK T","PBMC_Late","p<0.01"
"Th17like_INNATE_T","NK T","LCK","CD8 receptor",0.331752331129743,"p<0.01","LCK_CD8A_CD8B1","LCK - (CD8A+CD8B1)","LCK","Cell-Cell Contact","PMID: 25427562","Th17like_INNATE_T -> NK T (PBMC_Late)",0.0490803351855887,"Th17like_INNATE_T -> NK T","PBMC_Late","p<0.01"
"Treg","NK T","LCK","CD8 receptor",0.334588218602518,"p<0.01","LCK_CD8A_CD8B1","LCK - (CD8A+CD8B1)","LCK","Cell-Cell Contact","PMID: 25427562","Treg -> NK T (PBMC_Late)",0.0503504163360585,"Treg -> NK T","PBMC_Late","p<0.01"
