Vgene,Jgene,component,combo,frequency,percentage,age_basis,n_samples,rho,p_value,p_adjusted_bh,legacy_display,standardized_fdr10,standardized_fdr05,direction,Per
TRAV1-1,TRAJ58,TRA,TRAV1-1_TRAJ58,0,0,NA,NA,NA,NA,NA,FALSE,NA,NA,NA,0
TRAV1-2,TRAJ58,TRA,TRAV1-2_TRAJ58,0,0,NA,NA,NA,NA,NA,FALSE,NA,NA,NA,0
TRAV2,TRAJ58,TRA,TRAV2_TRAJ58,0,0,NA,NA,NA,NA,NA,FALSE,NA,NA,NA,0
TRAV3,TRAJ58,TRA,TRAV3_TRAJ58,0,0,NA,NA,NA,NA,NA,FALSE,NA,NA,NA,0
TRAV4,TRAJ58,TRA,TRAV4_TRAJ58,0,0,NA,NA,NA,NA,NA,FALSE,NA,NA,NA,0
TRAV5,TRAJ58,TRA,TRAV5_TRAJ58,0,0,NA,NA,NA,NA,NA,FALSE,NA,NA,NA,0
TRAV6,TRAJ58,TRA,TRAV6_TRAJ58,0,0,NA,NA,NA,NA,NA,FALSE,NA,NA,NA,0
TRAV8-1,TRAJ58,TRA,TRAV8-1_TRAJ58,0,0,NA,NA,NA,NA,NA,FALSE,NA,NA,NA,0
TRAV9-1,TRAJ58,TRA,TRAV9-1_TRAJ58,0,0,NA,NA,NA,NA,NA,FALSE,NA,NA,NA,0
TRAV10,TRAJ58,TRA,TRAV10_TRAJ58,0,0,NA,NA,NA,NA,NA,FALSE,NA,NA,NA,0
TRAV12-1,TRAJ58,TRA,TRAV12-1_TRAJ58,0,0,NA,NA,NA,NA,NA,FALSE,NA,NA,NA,0
TRAV8-2,TRAJ58,TRA,TRAV8-2_TRAJ58,0,0,NA,NA,NA,NA,NA,FALSE,NA,NA,NA,0
TRAV8-3,TRAJ58,TRA,TRAV8-3_TRAJ58,1,0.002348796241926,legacy_plot_age,20,-0.2985052461265474,0.2011136244258678,0.7474189055763873,FALSE,FALSE,FALSE,-,0.002348796241926
TRAV13-1,TRAJ58,TRA,TRAV13-1_TRAJ58,1,0.002348796241926,legacy_plot_age,20,0.3383059456100871,0.1445764933214944,0.7387368079116571,FALSE,FALSE,FALSE,+,0.002348796241926
TRAV12-2,TRAJ58,TRA,TRAV12-2_TRAJ58,1,0.002348796241926,legacy_plot_age,20,-0.2189038471594681,0.3537977887689535,0.8304822298446632,FALSE,FALSE,FALSE,-,0.002348796241926
TRAV8-4,TRAJ58,TRA,TRAV8-4_TRAJ58,6,0.014092777451556,legacy_plot_age,20,0.4549291808202309,0.0438629809832879,0.6930623776207202,FALSE,FALSE,FALSE,+,0.014092777451556
TRAV13-2,TRAJ58,TRA,TRAV13-2_TRAJ58,0,0,NA,NA,NA,NA,NA,FALSE,NA,NA,NA,0
TRAV14/DV4,TRAJ58,TRA,TRAV14/DV4_TRAJ58,4,0.009395184967704,legacy_plot_age,20,0.3884078807533859,0.0905770388070853,0.6930623776207202,FALSE,FALSE,FALSE,+,0.009395184967704
TRAV9-2,TRAJ58,TRA,TRAV9-2_TRAJ58,11,0.0258367586611861,legacy_plot_age,20,0.6128918360725967,0.0040629832022252,0.4817376957840667,TRUE,FALSE,FALSE,+,0.0258367586611861
TRAV12-3,TRAJ58,TRA,TRAV12-3_TRAJ58,5,0.01174398120963,legacy_plot_age,20,0.2807440023300281,0.2305347122374359,0.7667833814744837,FALSE,FALSE,FALSE,+,0.01174398120963
TRAV8-6,TRAJ58,TRA,TRAV8-6_TRAJ58,2,0.004697592483852,legacy_plot_age,20,-0.1194020984506189,0.616089875618355,0.9357275255362292,FALSE,FALSE,FALSE,-,0.004697592483852
TRAV16,TRAJ58,TRA,TRAV16_TRAJ58,5,0.01174398120963,legacy_plot_age,20,0.2891704101490298,0.2162470587837469,0.7589944018208977,FALSE,FALSE,FALSE,+,0.01174398120963
TRAV17,TRAJ58,TRA,TRAV17_TRAJ58,11,0.0258367586611861,legacy_plot_age,20,0.1800441910088695,0.447507698378226,0.8629670393973627,FALSE,FALSE,FALSE,+,0.0258367586611861
TRAV18,TRAJ58,TRA,TRAV18_TRAJ58,0,0,NA,NA,NA,NA,NA,FALSE,NA,NA,NA,0
TRAV19,TRAJ58,TRA,TRAV19_TRAJ58,17,0.0399295361127422,legacy_plot_age,20,0.3715617863467356,0.106735149451505,0.6930623776207202,FALSE,FALSE,FALSE,+,0.0399295361127422
TRAV20,TRAJ58,TRA,TRAV20_TRAJ58,7,0.016441573693482,legacy_plot_age,20,0.4112700720053318,0.0716216860677831,0.6930623776207202,FALSE,FALSE,FALSE,+,0.016441573693482
TRAV21,TRAJ58,TRA,TRAV21_TRAJ58,14,0.0328831473869641,legacy_plot_age,20,0.1808284932794988,0.4454984527921121,0.8629670393973627,FALSE,FALSE,FALSE,+,0.0328831473869641
TRAV22,TRAJ58,TRA,TRAV22_TRAJ58,3,0.007046388725778,legacy_plot_age,20,0.2044761477622846,0.3871735706129596,0.8437605842221145,FALSE,FALSE,FALSE,+,0.007046388725778
TRAV23/DV6,TRAJ58,TRA,TRAV23/DV6_TRAJ58,18,0.0422783323546682,legacy_plot_age,20,0.3434043452185786,0.1382393956816368,0.7387368079116571,FALSE,FALSE,FALSE,+,0.0422783323546682
TRAV24,TRAJ58,TRA,TRAV24_TRAJ58,1,0.002348796241926,legacy_plot_age,20,-0.2189038471594681,0.3537977887689535,0.8304822298446632,FALSE,FALSE,FALSE,-,0.002348796241926
TRAV25,TRAJ58,TRA,TRAV25_TRAJ58,3,0.007046388725778,legacy_plot_age,20,0.1862402812743262,0.4317632824020566,0.8623775129663037,FALSE,FALSE,FALSE,+,0.007046388725778
TRAV26-1,TRAJ58,TRA,TRAV26-1_TRAJ58,16,0.0375807398708162,legacy_plot_age,20,-0.0304633558914567,0.898550176903165,0.984030607834076,FALSE,FALSE,FALSE,-,0.0375807398708162
TRAV27,TRAJ58,TRA,TRAV27_TRAJ58,21,0.0493247210804462,legacy_plot_age,20,0.3950777304200973,0.0847040807800031,0.6930623776207202,FALSE,FALSE,FALSE,+,0.0493247210804462
TRAV29/DV5,TRAJ58,TRA,TRAV29/DV5_TRAJ58,42,0.0986494421608925,legacy_plot_age,20,0.1955336771935289,0.4087092095560133,0.851528244498423,FALSE,FALSE,FALSE,+,0.0986494421608925
TRAV30,TRAJ58,TRA,TRAV30_TRAJ58,6,0.014092777451556,legacy_plot_age,20,0.3005147067194668,0.1979507634853159,0.7474189055763873,FALSE,FALSE,FALSE,+,0.014092777451556
TRAV26-2,TRAJ58,TRA,TRAV26-2_TRAJ58,4,0.009395184967704,legacy_plot_age,20,0.5013797020251463,0.0243118110082989,0.6186841642182179,FALSE,FALSE,FALSE,+,0.009395184967704
TRAV34,TRAJ58,TRA,TRAV34_TRAJ58,4,0.009395184967704,legacy_plot_age,20,0.0102212600198259,0.9658861299802032,0.9919531703851348,FALSE,FALSE,FALSE,+,0.009395184967704
TRAV35,TRAJ58,TRA,TRAV35_TRAJ58,45,0.1056958308866705,legacy_plot_age,20,-0.4200047714094648,0.0652254820163374,0.6930623776207202,FALSE,FALSE,FALSE,-,0.1056958308866705
TRAV36/DV7,TRAJ58,TRA,TRAV36/DV7_TRAJ58,17,0.0399295361127422,legacy_plot_age,20,0.5244045723141013,0.0176123296498434,0.6186841642182179,FALSE,FALSE,FALSE,+,0.0399295361127422
TRAV38-1,TRAJ58,TRA,TRAV38-1_TRAJ58,16,0.0375807398708162,legacy_plot_age,20,-0.2619944834466586,0.2644803259064471,0.7667833814744837,FALSE,FALSE,FALSE,-,0.0375807398708162
TRAV38-2/DV8,TRAJ58,TRA,TRAV38-2/DV8_TRAJ58,43,0.1009982384028185,legacy_plot_age,20,0.3318284424379232,0.1529173910047208,0.7474189055763873,FALSE,FALSE,FALSE,+,0.1009982384028185
TRAV39,TRAJ58,TRA,TRAV39_TRAJ58,19,0.0446271285965942,legacy_plot_age,20,0.3512504773968762,0.1288730546327684,0.7306070030392695,FALSE,FALSE,FALSE,+,0.0446271285965942
TRAV40,TRAJ58,TRA,TRAV40_TRAJ58,3,0.007046388725778,legacy_plot_age,20,0.0653355738412033,0.7843399293658042,0.9769790843883056,FALSE,FALSE,FALSE,+,0.007046388725778
TRAV41,TRAJ58,TRA,TRAV41_TRAJ58,49,0.1150910158543746,legacy_plot_age,20,0.3524153484301975,0.1275218978514697,0.7306070030392695,FALSE,FALSE,FALSE,+,0.1150910158543746
TRAV1-1,TRAJ57,TRA,TRAV1-1_TRAJ57,0,0,NA,NA,NA,NA,NA,FALSE,NA,NA,NA,0
TRAV1-2,TRAJ57,TRA,TRAV1-2_TRAJ57,0,0,NA,NA,NA,NA,NA,FALSE,NA,NA,NA,0
TRAV2,TRAJ57,TRA,TRAV2_TRAJ57,0,0,NA,NA,NA,NA,NA,FALSE,NA,NA,NA,0
TRAV3,TRAJ57,TRA,TRAV3_TRAJ57,0,0,NA,NA,NA,NA,NA,FALSE,NA,NA,NA,0
TRAV4,TRAJ57,TRA,TRAV4_TRAJ57,0,0,NA,NA,NA,NA,NA,FALSE,NA,NA,NA,0
TRAV5,TRAJ57,TRA,TRAV5_TRAJ57,0,0,NA,NA,NA,NA,NA,FALSE,NA,NA,NA,0
TRAV6,TRAJ57,TRA,TRAV6_TRAJ57,0,0,NA,NA,NA,NA,NA,FALSE,NA,NA,NA,0
TRAV8-1,TRAJ57,TRA,TRAV8-1_TRAJ57,0,0,NA,NA,NA,NA,NA,FALSE,NA,NA,NA,0
TRAV9-1,TRAJ57,TRA,TRAV9-1_TRAJ57,0,0,NA,NA,NA,NA,NA,FALSE,NA,NA,NA,0
TRAV10,TRAJ57,TRA,TRAV10_TRAJ57,0,0,NA,NA,NA,NA,NA,FALSE,NA,NA,NA,0
TRAV12-1,TRAJ57,TRA,TRAV12-1_TRAJ57,1,0.002348796241926,legacy_plot_age,20,-0.0597010492253094,0.8025700622016751,0.9769790843883056,FALSE,FALSE,FALSE,-,0.002348796241926
TRAV8-2,TRAJ57,TRA,TRAV8-2_TRAJ57,0,0,NA,NA,NA,NA,NA,FALSE,NA,NA,NA,0
TRAV8-3,TRAJ57,TRA,TRAV8-3_TRAJ57,2,0.004697592483852,legacy_plot_age,20,-0.2988506839053141,0.2005675283785591,0.7474189055763873,FALSE,FALSE,FALSE,-,0.004697592483852
TRAV13-1,TRAJ57,TRA,TRAV13-1_TRAJ57,6,0.014092777451556,legacy_plot_age,20,0.0301381676215857,0.8996278597783025,0.984109402787109,FALSE,FALSE,FALSE,+,0.014092777451556
TRAV12-2,TRAJ57,TRA,TRAV12-2_TRAJ57,6,0.014092777451556,legacy_plot_age,20,0.1245554376534632,0.6008301275172194,0.9357275255362292,FALSE,FALSE,FALSE,+,0.014092777451556
TRAV8-4,TRAJ57,TRA,TRAV8-4_TRAJ57,4,0.009395184967704,legacy_plot_age,20,0.2492431150238499,0.2892733159024465,0.775735566621833,FALSE,FALSE,FALSE,+,0.009395184967704
TRAV13-2,TRAJ57,TRA,TRAV13-2_TRAJ57,3,0.007046388725778,legacy_plot_age,20,0.145094172620696,0.5416341607012242,0.91269287641805,FALSE,FALSE,FALSE,+,0.007046388725778
TRAV14/DV4,TRAJ57,TRA,TRAV14/DV4_TRAJ57,4,0.009395184967704,legacy_plot_age,20,0.3363874847823101,0.1470128697917573,0.7459011152070912,FALSE,FALSE,FALSE,+,0.009395184967704
TRAV9-2,TRAJ57,TRA,TRAV9-2_TRAJ57,20,0.0469759248385202,legacy_plot_age,20,0.4042569660190608,0.0770879103306621,0.6930623776207202,FALSE,FALSE,FALSE,+,0.0469759248385202
TRAV12-3,TRAJ57,TRA,TRAV12-3_TRAJ57,4,0.009395184967704,legacy_plot_age,20,0.3073191806604751,0.1874882436177465,0.7474189055763873,FALSE,FALSE,FALSE,+,0.009395184967704
TRAV8-6,TRAJ57,TRA,TRAV8-6_TRAJ57,4,0.009395184967704,legacy_plot_age,20,0.0710108590851065,0.7660866263635155,0.9769790843883056,FALSE,FALSE,FALSE,+,0.009395184967704
TRAV16,TRAJ57,TRA,TRAV16_TRAJ57,11,0.0258367586611861,legacy_plot_age,20,0.2980468873704684,0.2018397635132756,0.7474189055763873,FALSE,FALSE,FALSE,+,0.0258367586611861
TRAV17,TRAJ57,TRA,TRAV17_TRAJ57,4,0.009395184967704,legacy_plot_age,20,0.3424068036492695,0.1394636309837301,0.7387368079116571,FALSE,FALSE,FALSE,+,0.009395184967704
TRAV18,TRAJ57,TRA,TRAV18_TRAJ57,0,0,NA,NA,NA,NA,NA,FALSE,NA,NA,NA,0
TRAV19,TRAJ57,TRA,TRAV19_TRAJ57,10,0.0234879624192601,legacy_plot_age,20,0.4578048566774673,0.0423807747418397,0.6930623776207202,FALSE,FALSE,FALSE,+,0.0234879624192601
TRAV20,TRAJ57,TRA,TRAV20_TRAJ57,9,0.0211391661773341,legacy_plot_age,20,0.0658403046502335,0.7827120240666313,0.9769790843883056,FALSE,FALSE,FALSE,+,0.0211391661773341
TRAV21,TRAJ57,TRA,TRAV21_TRAJ57,29,0.0681150910158543,legacy_plot_age,20,0.1667679266392654,0.4822227650378279,0.884105365445429,FALSE,FALSE,FALSE,+,0.0681150910158543
TRAV22,TRAJ57,TRA,TRAV22_TRAJ57,12,0.0281855549031121,legacy_plot_age,20,0.4245159601728737,0.0620954894290628,0.6930623776207202,FALSE,FALSE,FALSE,+,0.0281855549031121
TRAV23/DV6,TRAJ57,TRA,TRAV23/DV6_TRAJ57,10,0.0234879624192601,legacy_plot_age,20,0.3300810168495941,0.1552235925341586,0.7474189055763873,FALSE,FALSE,FALSE,+,0.0234879624192601
TRAV24,TRAJ57,TRA,TRAV24_TRAJ57,2,0.004697592483852,legacy_plot_age,20,0.032483769989708,0.8918583698515252,0.9835748455116716,FALSE,FALSE,FALSE,+,0.004697592483852
TRAV25,TRAJ57,TRA,TRAV25_TRAJ57,8,0.0187903699354081,legacy_plot_age,20,-0.027166721995042,0.909482920592616,0.9880965328196084,FALSE,FALSE,FALSE,-,0.0187903699354081
TRAV26-1,TRAJ57,TRA,TRAV26-1_TRAJ57,17,0.0399295361127422,legacy_plot_age,20,0.2093544875394312,0.3756976434761098,0.8400154874741859,FALSE,FALSE,FALSE,+,0.0399295361127422
TRAV27,TRAJ57,TRA,TRAV27_TRAJ57,10,0.0234879624192601,legacy_plot_age,20,0.0141211130203034,0.9528821390339334,0.9901782203442352,FALSE,FALSE,FALSE,+,0.0234879624192601
TRAV29/DV5,TRAJ57,TRA,TRAV29/DV5_TRAJ57,62,0.1456253669994127,legacy_plot_age,20,0.1803760277986817,0.4466570165338137,0.8629670393973627,FALSE,FALSE,FALSE,+,0.1456253669994127
TRAV30,TRAJ57,TRA,TRAV30_TRAJ57,10,0.0234879624192601,legacy_plot_age,20,0.0496641636471862,0.8352825780824984,0.9806093259447052,FALSE,FALSE,FALSE,+,0.0234879624192601
TRAV26-2,TRAJ57,TRA,TRAV26-2_TRAJ57,2,0.004697592483852,legacy_plot_age,20,-0.2743073910242014,0.2418520272098511,0.7667833814744837,FALSE,FALSE,FALSE,-,0.004697592483852
TRAV34,TRAJ57,TRA,TRAV34_TRAJ57,3,0.007046388725778,legacy_plot_age,20,0.1559220959505987,0.511541499649356,0.9026931603370512,FALSE,FALSE,FALSE,+,0.007046388725778
TRAV35,TRAJ57,TRA,TRAV35_TRAJ57,25,0.0587199060481503,legacy_plot_age,20,0.0307406316385742,0.89763141240871,0.9835748455116716,FALSE,FALSE,FALSE,+,0.0587199060481503
TRAV36/DV7,TRAJ57,TRA,TRAV36/DV7_TRAJ57,20,0.0469759248385202,legacy_plot_age,20,-0.0598729724440983,0.8020123106650188,0.9769790843883056,FALSE,FALSE,FALSE,-,0.0469759248385202
TRAV38-1,TRAJ57,TRA,TRAV38-1_TRAJ57,41,0.0963006459189665,legacy_plot_age,20,0.0279757017395742,0.9067985474415824,0.9880965328196084,FALSE,FALSE,FALSE,+,0.0963006459189665
TRAV38-2/DV8,TRAJ57,TRA,TRAV38-2/DV8_TRAJ57,56,0.1315325895478567,legacy_plot_age,20,0.281932278744158,0.228483682731974,0.7667833814744837,FALSE,FALSE,FALSE,+,0.1315325895478567
TRAV39,TRAJ57,TRA,TRAV39_TRAJ57,8,0.0187903699354081,legacy_plot_age,20,0.2999906838640921,0.198772343330856,0.7474189055763873,FALSE,FALSE,FALSE,+,0.0187903699354081
TRAV40,TRAJ57,TRA,TRAV40_TRAJ57,0,0,NA,NA,NA,NA,NA,FALSE,NA,NA,NA,0
TRAV41,TRAJ57,TRA,TRAV41_TRAJ57,17,0.0399295361127422,legacy_plot_age,20,0.2423047139851767,0.3033445343662824,0.7891692387409849,FALSE,FALSE,FALSE,+,0.0399295361127422
TRAV1-1,TRAJ56,TRA,TRAV1-1_TRAJ56,0,0,NA,NA,NA,NA,NA,FALSE,NA,NA,NA,0
TRAV1-2,TRAJ56,TRA,TRAV1-2_TRAJ56,0,0,NA,NA,NA,NA,NA,FALSE,NA,NA,NA,0
TRAV2,TRAJ56,TRA,TRAV2_TRAJ56,0,0,NA,NA,NA,NA,NA,FALSE,NA,NA,NA,0
TRAV3,TRAJ56,TRA,TRAV3_TRAJ56,0,0,NA,NA,NA,NA,NA,FALSE,NA,NA,NA,0
TRAV4,TRAJ56,TRA,TRAV4_TRAJ56,1,0.002348796241926,legacy_plot_age,20,-0.0199003497417698,0.9336333733712294,0.9892368769288012,FALSE,FALSE,FALSE,-,0.002348796241926
TRAV5,TRAJ56,TRA,TRAV5_TRAJ56,1,0.002348796241926,legacy_plot_age,20,0.0199003497417698,0.9336333733712294,0.9892368769288012,FALSE,FALSE,FALSE,+,0.002348796241926
TRAV6,TRAJ56,TRA,TRAV6_TRAJ56,1,0.002348796241926,legacy_plot_age,20,0.2985052461265474,0.2011136244258678,0.7474189055763873,FALSE,FALSE,FALSE,+,0.002348796241926
TRAV8-1,TRAJ56,TRA,TRAV8-1_TRAJ56,0,0,NA,NA,NA,NA,NA,FALSE,NA,NA,NA,0
TRAV9-1,TRAJ56,TRA,TRAV9-1_TRAJ56,0,0,NA,NA,NA,NA,NA,FALSE,NA,NA,NA,0
TRAV10,TRAJ56,TRA,TRAV10_TRAJ56,0,0,NA,NA,NA,NA,NA,FALSE,NA,NA,NA,0
TRAV12-1,TRAJ56,TRA,TRAV12-1_TRAJ56,0,0,NA,NA,NA,NA,NA,FALSE,NA,NA,NA,0
TRAV8-2,TRAJ56,TRA,TRAV8-2_TRAJ56,0,0,NA,NA,NA,NA,NA,FALSE,NA,NA,NA,0
TRAV8-3,TRAJ56,TRA,TRAV8-3_TRAJ56,5,0.01174398120963,legacy_plot_age,20,-0.3437571132983567,0.1378082762851948,0.7387368079116571,FALSE,FALSE,FALSE,-,0.01174398120963
TRAV13-1,TRAJ56,TRA,TRAV13-1_TRAJ56,3,0.007046388725778,legacy_plot_age,20,-0.0943736066595159,0.6922811777717848,0.9677101892138448,FALSE,FALSE,FALSE,-,0.007046388725778
TRAV12-2,TRAJ56,TRA,TRAV12-2_TRAJ56,2,0.004697592483852,legacy_plot_age,20,0.3781066450936268,0.1002274023195977,0.6930623776207202,FALSE,FALSE,FALSE,+,0.004697592483852
TRAV8-4,TRAJ56,TRA,TRAV8-4_TRAJ56,10,0.0234879624192601,legacy_plot_age,20,0.278009412587225,0.2353000538021948,0.7667833814744837,FALSE,FALSE,FALSE,+,0.0234879624192601
TRAV13-2,TRAJ56,TRA,TRAV13-2_TRAJ56,6,0.014092777451556,legacy_plot_age,20,0.3143541997920738,0.1770701896384485,0.7474189055763873,FALSE,FALSE,FALSE,+,0.014092777451556
TRAV14/DV4,TRAJ56,TRA,TRAV14/DV4_TRAJ56,6,0.014092777451556,legacy_plot_age,20,0.0907438525572269,0.7035928785447341,0.968896788059294,FALSE,FALSE,FALSE,+,0.014092777451556
TRAV9-2,TRAJ56,TRA,TRAV9-2_TRAJ56,12,0.0281855549031121,legacy_plot_age,20,0.2443509897934722,0.2991521717241627,0.7868827957851969,FALSE,FALSE,FALSE,+,0.0281855549031121
TRAV12-3,TRAJ56,TRA,TRAV12-3_TRAJ56,4,0.009395184967704,legacy_plot_age,20,-0.269811721603488,0.2499647943505856,0.7667833814744837,FALSE,FALSE,FALSE,-,0.009395184967704
TRAV8-6,TRAJ56,TRA,TRAV8-6_TRAJ56,3,0.007046388725778,legacy_plot_age,20,0.0145190164091563,0.9515559281411864,0.9901782203442352,FALSE,FALSE,FALSE,+,0.007046388725778
TRAV16,TRAJ56,TRA,TRAV16_TRAJ56,3,0.007046388725778,legacy_plot_age,20,-0.0411372131592761,0.8632821881363195,0.9818968142732016,FALSE,FALSE,FALSE,-,0.007046388725778
TRAV17,TRAJ56,TRA,TRAV17_TRAJ56,16,0.0375807398708162,legacy_plot_age,20,0.4001402963039991,0.080437835259915,0.6930623776207202,FALSE,FALSE,FALSE,+,0.0375807398708162
TRAV18,TRAJ56,TRA,TRAV18_TRAJ56,0,0,NA,NA,NA,NA,NA,FALSE,NA,NA,NA,0
TRAV19,TRAJ56,TRA,TRAV19_TRAJ56,12,0.0281855549031121,legacy_plot_age,20,0.1619383080199439,0.4951741494213011,0.89207662571824,FALSE,FALSE,FALSE,+,0.0281855549031121
TRAV20,TRAJ56,TRA,TRAV20_TRAJ56,8,0.0187903699354081,legacy_plot_age,20,0.0682089301435631,0.7750842222838983,0.9769790843883056,FALSE,FALSE,FALSE,+,0.0187903699354081
TRAV21,TRAJ56,TRA,TRAV21_TRAJ56,22,0.0516735173223722,legacy_plot_age,20,0.3745074517979845,0.1037693960752242,0.6930623776207202,FALSE,FALSE,FALSE,+,0.0516735173223722
TRAV22,TRAJ56,TRA,TRAV22_TRAJ56,6,0.014092777451556,legacy_plot_age,20,0.0603006483877877,0.8006252491886302,0.9769790843883056,FALSE,FALSE,FALSE,+,0.014092777451556
TRAV23/DV6,TRAJ56,TRA,TRAV23/DV6_TRAJ56,5,0.01174398120963,legacy_plot_age,20,0.0494267609735965,0.8360597085887249,0.9806093259447052,FALSE,FALSE,FALSE,+,0.01174398120963
TRAV24,TRAJ56,TRA,TRAV24_TRAJ56,1,0.002348796241926,legacy_plot_age,20,-0.2985052461265474,0.2011136244258678,0.7474189055763873,FALSE,FALSE,FALSE,-,0.002348796241926
TRAV25,TRAJ56,TRA,TRAV25_TRAJ56,3,0.007046388725778,legacy_plot_age,20,0.1147759872969684,0.6299190460776452,0.9410317352472912,FALSE,FALSE,FALSE,+,0.007046388725778
TRAV26-1,TRAJ56,TRA,TRAV26-1_TRAJ56,27,0.0634174985320023,legacy_plot_age,20,-0.1913604319501248,0.4189777180179788,0.8541035355845672,FALSE,FALSE,FALSE,-,0.0634174985320023
TRAV27,TRAJ56,TRA,TRAV27_TRAJ56,11,0.0258367586611861,legacy_plot_age,20,0.2449249779865512,0.2979825753077707,0.7859190025300637,FALSE,FALSE,FALSE,+,0.0258367586611861
TRAV29/DV5,TRAJ56,TRA,TRAV29/DV5_TRAJ56,59,0.1385789782736347,legacy_plot_age,20,-0.510713605888097,0.0213880949200637,0.6186841642182179,FALSE,FALSE,FALSE,-,0.1385789782736347
TRAV30,TRAJ56,TRA,TRAV30_TRAJ56,4,0.009395184967704,legacy_plot_age,20,-0.0801561969975824,0.7369244827648006,0.968896788059294,FALSE,FALSE,FALSE,-,0.009395184967704
TRAV26-2,TRAJ56,TRA,TRAV26-2_TRAJ56,2,0.004697592483852,legacy_plot_age,20,0.0346493546556886,0.8846935618869357,0.98229559546794,FALSE,FALSE,FALSE,+,0.004697592483852
TRAV34,TRAJ56,TRA,TRAV34_TRAJ56,2,0.004697592483852,legacy_plot_age,20,-0.0259870159917664,0.913399131017257,0.988127197015352,FALSE,FALSE,FALSE,-,0.004697592483852
TRAV35,TRAJ56,TRA,TRAV35_TRAJ56,18,0.0422783323546682,legacy_plot_age,20,-0.1284400951099256,0.5894315232556937,0.9351431070614472,FALSE,FALSE,FALSE,-,0.0422783323546682
TRAV36/DV7,TRAJ56,TRA,TRAV36/DV7_TRAJ56,10,0.0234879624192601,legacy_plot_age,20,0.2275212967084773,0.3346837147516267,0.8176979148176448,FALSE,FALSE,FALSE,+,0.0234879624192601
TRAV38-1,TRAJ56,TRA,TRAV38-1_TRAJ56,27,0.0634174985320023,legacy_plot_age,20,0.1936138147695173,0.4134160245620077,0.851528244498423,FALSE,FALSE,FALSE,+,0.0634174985320023
TRAV38-2/DV8,TRAJ56,TRA,TRAV38-2/DV8_TRAJ56,34,0.0798590722254844,legacy_plot_age,20,0.1800207493621213,0.4475678241349848,0.8629670393973627,FALSE,FALSE,FALSE,+,0.0798590722254844
TRAV39,TRAJ56,TRA,TRAV39_TRAJ56,5,0.01174398120963,legacy_plot_age,20,0.012850957853135,0.9571163442368688,0.991019643929726,FALSE,FALSE,FALSE,+,0.01174398120963
TRAV40,TRAJ56,TRA,TRAV40_TRAJ56,4,0.009395184967704,legacy_plot_age,20,-0.0102212600198259,0.9658861299802032,0.9919531703851348,FALSE,FALSE,FALSE,-,0.009395184967704
TRAV41,TRAJ56,TRA,TRAV41_TRAJ56,4,0.009395184967704,legacy_plot_age,20,-0.2114186940942945,0.3709002075211273,0.8400154874741859,FALSE,FALSE,FALSE,-,0.009395184967704
TRAV1-1,TRAJ54,TRA,TRAV1-1_TRAJ54,0,0,NA,NA,NA,NA,NA,FALSE,NA,NA,NA,0
TRAV1-2,TRAJ54,TRA,TRAV1-2_TRAJ54,1,0.002348796241926,legacy_plot_age,20,-0.1194020984506189,0.616089875618355,0.9357275255362292,FALSE,FALSE,FALSE,-,0.002348796241926
TRAV2,TRAJ54,TRA,TRAV2_TRAJ54,0,0,NA,NA,NA,NA,NA,FALSE,NA,NA,NA,0
TRAV3,TRAJ54,TRA,TRAV3_TRAJ54,1,0.002348796241926,legacy_plot_age,20,-0.1194020984506189,0.616089875618355,0.9357275255362292,FALSE,FALSE,FALSE,-,0.002348796241926
TRAV4,TRAJ54,TRA,TRAV4_TRAJ54,0,0,NA,NA,NA,NA,NA,FALSE,NA,NA,NA,0
TRAV5,TRAJ54,TRA,TRAV5_TRAJ54,0,0,NA,NA,NA,NA,NA,FALSE,NA,NA,NA,0
TRAV6,TRAJ54,TRA,TRAV6_TRAJ54,0,0,NA,NA,NA,NA,NA,FALSE,NA,NA,NA,0
TRAV8-1,TRAJ54,TRA,TRAV8-1_TRAJ54,1,0.002348796241926,legacy_plot_age,20,0.2985052461265474,0.2011136244258678,0.7474189055763873,FALSE,FALSE,FALSE,+,0.002348796241926
TRAV9-1,TRAJ54,TRA,TRAV9-1_TRAJ54,0,0,NA,NA,NA,NA,NA,FALSE,NA,NA,NA,0
TRAV10,TRAJ54,TRA,TRAV10_TRAJ54,0,0,NA,NA,NA,NA,NA,FALSE,NA,NA,NA,0
TRAV12-1,TRAJ54,TRA,TRAV12-1_TRAJ54,4,0.009395184967704,legacy_plot_age,20,-0.0263600916300774,0.9121604386878652,0.988127197015352,FALSE,FALSE,FALSE,-,0.009395184967704
TRAV8-2,TRAJ54,TRA,TRAV8-2_TRAJ54,3,0.007046388725778,legacy_plot_age,20,-0.0241983606819271,0.9193404788991076,0.9892368769288012,FALSE,FALSE,FALSE,-,0.007046388725778
TRAV8-3,TRAJ54,TRA,TRAV8-3_TRAJ54,5,0.01174398120963,legacy_plot_age,20,-0.0790828175577544,0.7403301760361307,0.9692922059852886,FALSE,FALSE,FALSE,-,0.01174398120963
TRAV13-1,TRAJ54,TRA,TRAV13-1_TRAJ54,15,0.0352319436288901,legacy_plot_age,20,-0.2799335406241969,0.2319404493174706,0.7667833814744837,FALSE,FALSE,FALSE,-,0.0352319436288901
TRAV12-2,TRAJ54,TRA,TRAV12-2_TRAJ54,6,0.014092777451556,legacy_plot_age,20,0.2926064249636913,0.2105920936789357,0.7513724707488281,FALSE,FALSE,FALSE,+,0.014092777451556
TRAV8-4,TRAJ54,TRA,TRAV8-4_TRAJ54,9,0.0211391661773341,legacy_plot_age,20,0.0052954173826138,0.9823227273778816,0.9941772448809498,FALSE,FALSE,FALSE,+,0.0211391661773341
TRAV13-2,TRAJ54,TRA,TRAV13-2_TRAJ54,8,0.0187903699354081,legacy_plot_age,20,0.381131904383746,0.0973189982840127,0.6930623776207202,FALSE,FALSE,FALSE,+,0.0187903699354081
TRAV14/DV4,TRAJ54,TRA,TRAV14/DV4_TRAJ54,7,0.016441573693482,legacy_plot_age,20,0.183867550821779,0.4377574790644467,0.8629670393973627,FALSE,FALSE,FALSE,+,0.016441573693482
TRAV9-2,TRAJ54,TRA,TRAV9-2_TRAJ54,26,0.0610687022900763,legacy_plot_age,20,0.525193150618333,0.0174122911044142,0.6186841642182179,FALSE,FALSE,FALSE,+,0.0610687022900763
TRAV12-3,TRAJ54,TRA,TRAV12-3_TRAJ54,20,0.0469759248385202,legacy_plot_age,20,0.5299246204437233,0.0162499106759842,0.6186841642182179,FALSE,FALSE,FALSE,+,0.0469759248385202
TRAV8-6,TRAJ54,TRA,TRAV8-6_TRAJ54,14,0.0328831473869641,legacy_plot_age,20,0.3795569477286905,0.0988253275156533,0.6930623776207202,FALSE,FALSE,FALSE,+,0.0328831473869641
TRAV16,TRAJ54,TRA,TRAV16_TRAJ54,2,0.004697592483852,legacy_plot_age,20,0.2587045466430078,0.2707446686759674,0.7667833814744837,FALSE,FALSE,FALSE,+,0.004697592483852
TRAV17,TRAJ54,TRA,TRAV17_TRAJ54,31,0.0728126834997063,legacy_plot_age,20,-0.0192128947741089,0.935921408008275,0.9899644777713532,FALSE,FALSE,FALSE,-,0.0728126834997063
TRAV18,TRAJ54,TRA,TRAV18_TRAJ54,0,0,NA,NA,NA,NA,NA,FALSE,NA,NA,NA,0
TRAV19,TRAJ54,TRA,TRAV19_TRAJ54,20,0.0469759248385202,legacy_plot_age,20,-0.0110400962592442,0.9631549411025369,0.9919531703851348,FALSE,FALSE,FALSE,-,0.0469759248385202
TRAV20,TRAJ54,TRA,TRAV20_TRAJ54,10,0.0234879624192601,legacy_plot_age,20,0.0802138922851436,0.7367415561522708,0.968896788059294,FALSE,FALSE,FALSE,+,0.0234879624192601
TRAV21,TRAJ54,TRA,TRAV21_TRAJ54,26,0.0610687022900763,legacy_plot_age,20,0.0134058311719394,0.9552664690904016,0.9901782203442352,FALSE,FALSE,FALSE,+,0.0610687022900763
TRAV22,TRAJ54,TRA,TRAV22_TRAJ54,19,0.0446271285965942,legacy_plot_age,20,-0.1857275754377288,0.4330548288415247,0.8623775129663037,FALSE,FALSE,FALSE,-,0.0446271285965942
TRAV23/DV6,TRAJ54,TRA,TRAV23/DV6_TRAJ54,23,0.0540223135642983,legacy_plot_age,20,0.1025775730451054,0.6669475352671193,0.9563543306206,FALSE,FALSE,FALSE,+,0.0540223135642983
TRAV24,TRAJ54,TRA,TRAV24_TRAJ54,7,0.016441573693482,legacy_plot_age,20,-0.1680509873102281,0.4788105854202363,0.8834008501789498,FALSE,FALSE,FALSE,-,0.016441573693482
TRAV25,TRAJ54,TRA,TRAV25_TRAJ54,19,0.0446271285965942,legacy_plot_age,20,0.290420722154276,0.2141778698331558,0.7579495321220359,FALSE,FALSE,FALSE,+,0.0446271285965942
TRAV26-1,TRAJ54,TRA,TRAV26-1_TRAJ54,51,0.1197886083382266,legacy_plot_age,20,0.1051917576306826,0.6589458222923927,0.9502999073148214,FALSE,FALSE,FALSE,+,0.1197886083382266
TRAV27,TRAJ54,TRA,TRAV27_TRAJ54,29,0.0681150910158543,legacy_plot_age,20,0.2960761767438271,0.204981675047209,0.7474189055763873,FALSE,FALSE,FALSE,+,0.0681150910158543
TRAV29/DV5,TRAJ54,TRA,TRAV29/DV5_TRAJ54,104,0.2442748091603053,legacy_plot_age,20,-0.3671933784800601,0.1112455947950018,0.6973377316204429,FALSE,FALSE,FALSE,-,0.2442748091603053
TRAV30,TRAJ54,TRA,TRAV30_TRAJ54,11,0.0258367586611861,legacy_plot_age,20,0.1970572498334453,0.4049948033161029,0.8489172941666808,FALSE,FALSE,FALSE,+,0.0258367586611861
TRAV26-2,TRAJ54,TRA,TRAV26-2_TRAJ54,13,0.0305343511450381,legacy_plot_age,20,-0.1067909172160451,0.6540684452199916,0.9502999073148214,FALSE,FALSE,FALSE,-,0.0305343511450381
TRAV34,TRAJ54,TRA,TRAV34_TRAJ54,2,0.004697592483852,legacy_plot_age,20,-0.0115497848852295,0.9614550968423394,0.9918460955600318,FALSE,FALSE,FALSE,-,0.004697592483852
TRAV35,TRAJ54,TRA,TRAV35_TRAJ54,35,0.0822078684674104,legacy_plot_age,20,0.2949942768338709,0.206720287587805,0.7474189055763873,FALSE,FALSE,FALSE,+,0.0822078684674104
TRAV36/DV7,TRAJ54,TRA,TRAV36/DV7_TRAJ54,21,0.0493247210804462,legacy_plot_age,20,0.1204509380453889,0.6129715313418203,0.9357275255362292,FALSE,FALSE,FALSE,+,0.0493247210804462
TRAV38-1,TRAJ54,TRA,TRAV38-1_TRAJ54,37,0.0869054609512624,legacy_plot_age,20,-0.1515350510893603,0.5236369613182064,0.9108955851553154,FALSE,FALSE,FALSE,-,0.0869054609512624
TRAV38-2/DV8,TRAJ54,TRA,TRAV38-2/DV8_TRAJ54,61,0.1432765707574868,legacy_plot_age,20,0.0474576574149654,0.8425110843231913,0.9806093259447052,FALSE,FALSE,FALSE,+,0.1432765707574868
TRAV39,TRAJ54,TRA,TRAV39_TRAJ54,11,0.0258367586611861,legacy_plot_age,20,0.1590367922185217,0.5030357670233732,0.8973937976889164,FALSE,FALSE,FALSE,+,0.0258367586611861
TRAV40,TRAJ54,TRA,TRAV40_TRAJ54,2,0.004697592483852,legacy_plot_age,20,0.4273420407534927,0.0601933335804261,0.6930623776207202,FALSE,FALSE,FALSE,+,0.004697592483852
TRAV41,TRAJ54,TRA,TRAV41_TRAJ54,59,0.1385789782736347,legacy_plot_age,20,0.1348400107504572,0.570854443340211,0.926336770826528,FALSE,FALSE,FALSE,+,0.1385789782736347
TRAV1-1,TRAJ53,TRA,TRAV1-1_TRAJ53,0,0,NA,NA,NA,NA,NA,FALSE,NA,NA,NA,0
TRAV1-2,TRAJ53,TRA,TRAV1-2_TRAJ53,0,0,NA,NA,NA,NA,NA,FALSE,NA,NA,NA,0
TRAV2,TRAJ53,TRA,TRAV2_TRAJ53,0,0,NA,NA,NA,NA,NA,FALSE,NA,NA,NA,0
TRAV3,TRAJ53,TRA,TRAV3_TRAJ53,2,0.004697592483852,legacy_plot_age,20,0.3811429012125746,0.0973085399145359,0.6930623776207202,FALSE,FALSE,FALSE,+,0.004697592483852
TRAV4,TRAJ53,TRA,TRAV4_TRAJ53,0,0,NA,NA,NA,NA,NA,FALSE,NA,NA,NA,0
TRAV5,TRAJ53,TRA,TRAV5_TRAJ53,2,0.004697592483852,legacy_plot_age,20,-0.1194020984506189,0.616089875618355,0.9357275255362292,FALSE,FALSE,FALSE,-,0.004697592483852
TRAV6,TRAJ53,TRA,TRAV6_TRAJ53,1,0.002348796241926,legacy_plot_age,20,-0.0597010492253094,0.8025700622016751,0.9769790843883056,FALSE,FALSE,FALSE,-,0.002348796241926
TRAV8-1,TRAJ53,TRA,TRAV8-1_TRAJ53,1,0.002348796241926,legacy_plot_age,20,-0.1194020984506189,0.616089875618355,0.9357275255362292,FALSE,FALSE,FALSE,-,0.002348796241926
TRAV9-1,TRAJ53,TRA,TRAV9-1_TRAJ53,0,0,NA,NA,NA,NA,NA,FALSE,NA,NA,NA,0
TRAV10,TRAJ53,TRA,TRAV10_TRAJ53,1,0.002348796241926,legacy_plot_age,20,0.1791031476759284,0.4499246852756275,0.8629670393973627,FALSE,FALSE,FALSE,+,0.002348796241926
TRAV12-1,TRAJ53,TRA,TRAV12-1_TRAJ53,9,0.0211391661773341,legacy_plot_age,20,-0.0070605565101517,0.9764316738631704,0.9934447573962428,FALSE,FALSE,FALSE,-,0.0211391661773341
TRAV8-2,TRAJ53,TRA,TRAV8-2_TRAJ53,3,0.007046388725778,legacy_plot_age,20,0.369593116327345,0.1087511428292822,0.6947222648648491,FALSE,FALSE,FALSE,+,0.007046388725778
TRAV8-3,TRAJ53,TRA,TRAV8-3_TRAJ53,9,0.0211391661773341,legacy_plot_age,20,0.1765139127537936,0.4566096512561109,0.8709406310996191,FALSE,FALSE,FALSE,+,0.0211391661773341
TRAV13-1,TRAJ53,TRA,TRAV13-1_TRAJ53,22,0.0516735173223722,legacy_plot_age,20,0.2119080334878969,0.3697680491435225,0.8400154874741859,FALSE,FALSE,FALSE,+,0.0516735173223722
TRAV12-2,TRAJ53,TRA,TRAV12-2_TRAJ53,20,0.0469759248385202,legacy_plot_age,20,-0.020799521527454,0.9306414471626316,0.9892368769288012,FALSE,FALSE,FALSE,-,0.0469759248385202
TRAV8-4,TRAJ53,TRA,TRAV8-4_TRAJ53,22,0.0516735173223722,legacy_plot_age,20,0.3881697408120741,0.0907921137379763,0.6930623776207202,FALSE,FALSE,FALSE,+,0.0516735173223722
TRAV13-2,TRAJ53,TRA,TRAV13-2_TRAJ53,24,0.0563711098062243,legacy_plot_age,20,0.378517586031231,0.0998286650398613,0.6930623776207202,FALSE,FALSE,FALSE,+,0.0563711098062243
TRAV14/DV4,TRAJ53,TRA,TRAV14/DV4_TRAJ53,12,0.0281855549031121,legacy_plot_age,20,0.4371903237395545,0.0539079378554874,0.6930623776207202,FALSE,FALSE,FALSE,+,0.0281855549031121
TRAV9-2,TRAJ53,TRA,TRAV9-2_TRAJ53,29,0.0681150910158543,legacy_plot_age,20,0.1080172928278004,0.6503371570727681,0.9502999073148214,FALSE,FALSE,FALSE,+,0.0681150910158543
TRAV12-3,TRAJ53,TRA,TRAV12-3_TRAJ53,21,0.0493247210804462,legacy_plot_age,20,0.0820121436401,0.731046963748371,0.968896788059294,FALSE,FALSE,FALSE,+,0.0493247210804462
TRAV8-6,TRAJ53,TRA,TRAV8-6_TRAJ53,10,0.0234879624192601,legacy_plot_age,20,0.0123559738927655,0.9587667345159115,0.991019643929726,FALSE,FALSE,FALSE,+,0.0234879624192601
TRAV16,TRAJ53,TRA,TRAV16_TRAJ53,8,0.0187903699354081,legacy_plot_age,20,0.1641579388610281,0.4892008709482902,0.8887028587254445,FALSE,FALSE,FALSE,+,0.0187903699354081
TRAV17,TRAJ53,TRA,TRAV17_TRAJ53,27,0.0634174985320023,legacy_plot_age,20,0.028965846304101,0.9035143560239084,0.9867062470640564,FALSE,FALSE,FALSE,+,0.0634174985320023
TRAV18,TRAJ53,TRA,TRAV18_TRAJ53,0,0,NA,NA,NA,NA,NA,FALSE,NA,NA,NA,0
TRAV19,TRAJ53,TRA,TRAV19_TRAJ53,15,0.0352319436288901,legacy_plot_age,20,0.267620131864225,0.2539818790093023,0.7667833814744837,FALSE,FALSE,FALSE,+,0.0352319436288901
TRAV20,TRAJ53,TRA,TRAV20_TRAJ53,39,0.0916030534351145,legacy_plot_age,20,-0.0843778785527952,0.7235759231530069,0.968896788059294,FALSE,FALSE,FALSE,-,0.0916030534351145
TRAV21,TRAJ53,TRA,TRAV21_TRAJ53,59,0.1385789782736347,legacy_plot_age,20,-0.1834665175495761,0.4387749054994321,0.8629670393973627,FALSE,FALSE,FALSE,-,0.1385789782736347
TRAV22,TRAJ53,TRA,TRAV22_TRAJ53,20,0.0469759248385202,legacy_plot_age,20,-8.036640596523e-4,0.997316995898939,0.99796517084499,FALSE,FALSE,FALSE,-,0.0469759248385202
TRAV23/DV6,TRAJ53,TRA,TRAV23/DV6_TRAJ53,24,0.0563711098062243,legacy_plot_age,20,-0.3154313216926925,0.1755106237668201,0.7474189055763873,FALSE,FALSE,FALSE,-,0.0563711098062243
TRAV24,TRAJ53,TRA,TRAV24_TRAJ53,10,0.0234879624192601,legacy_plot_age,20,-0.2174584709926726,0.3570642109778013,0.8345199632589121,FALSE,FALSE,FALSE,-,0.0234879624192601
TRAV25,TRAJ53,TRA,TRAV25_TRAJ53,35,0.0822078684674104,legacy_plot_age,20,0.2568813211705801,0.2742559190315813,0.7686775857063849,FALSE,FALSE,FALSE,+,0.0822078684674104
TRAV26-1,TRAJ53,TRA,TRAV26-1_TRAJ53,68,0.1597181444509688,legacy_plot_age,20,0.1623263426878965,0.4941273434927582,0.89207662571824,FALSE,FALSE,FALSE,+,0.1597181444509688
TRAV27,TRAJ53,TRA,TRAV27_TRAJ53,42,0.0986494421608925,legacy_plot_age,20,0.2027609241287071,0.391254396103421,0.8437605842221145,FALSE,FALSE,FALSE,+,0.0986494421608925
TRAV29/DV5,TRAJ53,TRA,TRAV29/DV5_TRAJ53,143,0.3358778625954198,legacy_plot_age,20,-0.0361582151733069,0.8797065730351913,0.98229559546794,FALSE,FALSE,FALSE,-,0.3358778625954198
TRAV30,TRAJ53,TRA,TRAV30_TRAJ53,31,0.0728126834997063,legacy_plot_age,20,-0.2804165138046733,0.2311020698165135,0.7667833814744837,FALSE,FALSE,FALSE,-,0.0728126834997063
TRAV26-2,TRAJ53,TRA,TRAV26-2_TRAJ53,13,0.0305343511450381,legacy_plot_age,20,-0.0441284781884484,0.8534402799827979,0.9806093259447052,FALSE,FALSE,FALSE,-,0.0305343511450381
TRAV34,TRAJ53,TRA,TRAV34_TRAJ53,4,0.009395184967704,legacy_plot_age,20,0.0844598854269828,0.7233173705090845,0.968896788059294,FALSE,FALSE,FALSE,+,0.009395184967704
TRAV35,TRAJ53,TRA,TRAV35_TRAJ53,96,0.2254844392248972,legacy_plot_age,20,-0.1940179122540442,0.4124228938510327,0.851528244498423,FALSE,FALSE,FALSE,-,0.2254844392248972
TRAV36/DV7,TRAJ53,TRA,TRAV36/DV7_TRAJ53,34,0.0798590722254844,legacy_plot_age,20,0.1088238059839789,0.6478876664222071,0.9502999073148214,FALSE,FALSE,FALSE,+,0.0798590722254844
TRAV38-1,TRAJ53,TRA,TRAV38-1_TRAJ53,31,0.0728126834997063,legacy_plot_age,20,-0.1936659793230178,0.4132877495993202,0.851528244498423,FALSE,FALSE,FALSE,-,0.0728126834997063
TRAV38-2/DV8,TRAJ53,TRA,TRAV38-2/DV8_TRAJ53,58,0.1362301820317087,legacy_plot_age,20,-0.1062147570715892,0.6558241696254988,0.9502999073148214,FALSE,FALSE,FALSE,-,0.1362301820317087
TRAV39,TRAJ53,TRA,TRAV39_TRAJ53,18,0.0422783323546682,legacy_plot_age,20,0.3264714179519367,0.1600635592756849,0.7474189055763873,FALSE,FALSE,FALSE,+,0.0422783323546682
TRAV40,TRAJ53,TRA,TRAV40_TRAJ53,9,0.0211391661773341,legacy_plot_age,20,0.2188494633444381,0.3539203779716142,0.8304822298446632,FALSE,FALSE,FALSE,+,0.0211391661773341
TRAV41,TRAJ53,TRA,TRAV41_TRAJ53,74,0.1738109219025249,legacy_plot_age,20,-0.0271802248221594,0.9094381074045788,0.9880965328196084,FALSE,FALSE,FALSE,-,0.1738109219025249
TRAV1-1,TRAJ52,TRA,TRAV1-1_TRAJ52,0,0,NA,NA,NA,NA,NA,FALSE,NA,NA,NA,0
TRAV1-2,TRAJ52,TRA,TRAV1-2_TRAJ52,0,0,NA,NA,NA,NA,NA,FALSE,NA,NA,NA,0
TRAV2,TRAJ52,TRA,TRAV2_TRAJ52,2,0.004697592483852,legacy_plot_age,20,0.0086623386639221,0.971086823930188,0.9934447573962428,FALSE,FALSE,FALSE,+,0.004697592483852
TRAV3,TRAJ52,TRA,TRAV3_TRAJ52,1,0.002348796241926,legacy_plot_age,20,0.0199003497417698,0.9336333733712294,0.9892368769288012,FALSE,FALSE,FALSE,+,0.002348796241926
TRAV4,TRAJ52,TRA,TRAV4_TRAJ52,1,0.002348796241926,legacy_plot_age,20,-0.2587045466430078,0.2707446686759674,0.7667833814744837,FALSE,FALSE,FALSE,-,0.002348796241926
TRAV5,TRAJ52,TRA,TRAV5_TRAJ52,0,0,NA,NA,NA,NA,NA,FALSE,NA,NA,NA,0
TRAV6,TRAJ52,TRA,TRAV6_TRAJ52,0,0,NA,NA,NA,NA,NA,FALSE,NA,NA,NA,0
TRAV8-1,TRAJ52,TRA,TRAV8-1_TRAJ52,2,0.004697592483852,legacy_plot_age,20,0.0086623386639221,0.971086823930188,0.9934447573962428,FALSE,FALSE,FALSE,+,0.004697592483852
TRAV9-1,TRAJ52,TRA,TRAV9-1_TRAJ52,0,0,NA,NA,NA,NA,NA,FALSE,NA,NA,NA,0
TRAV10,TRAJ52,TRA,TRAV10_TRAJ52,0,0,NA,NA,NA,NA,NA,FALSE,NA,NA,NA,0
TRAV12-1,TRAJ52,TRA,TRAV12-1_TRAJ52,10,0.0234879624192601,legacy_plot_age,20,0.2531606080213203,0.2815091894641945,0.7703108658939515,FALSE,FALSE,FALSE,+,0.0234879624192601
TRAV8-2,TRAJ52,TRA,TRAV8-2_TRAJ52,3,0.007046388725778,legacy_plot_age,20,0.0883240164890342,0.7111676261523998,0.968896788059294,FALSE,FALSE,FALSE,+,0.007046388725778
TRAV8-3,TRAJ52,TRA,TRAV8-3_TRAJ52,11,0.0258367586611861,legacy_plot_age,20,0.3795049124206564,0.0988753837645848,0.6930623776207202,FALSE,FALSE,FALSE,+,0.0258367586611861
TRAV13-1,TRAJ52,TRA,TRAV13-1_TRAJ52,30,0.0704638872577803,legacy_plot_age,20,0.1424819043115637,0.5490128398834782,0.914247245892324,FALSE,FALSE,FALSE,+,0.0704638872577803
TRAV12-2,TRAJ52,TRA,TRAV12-2_TRAJ52,11,0.0258367586611861,legacy_plot_age,20,0.5936237729118999,0.0057914562937591,0.5666939983443313,FALSE,FALSE,FALSE,+,0.0258367586611861
TRAV8-4,TRAJ52,TRA,TRAV8-4_TRAJ52,16,0.0375807398708162,legacy_plot_age,20,0.1826918997001764,0.4407436307779808,0.8629670393973627,FALSE,FALSE,FALSE,+,0.0375807398708162
TRAV13-2,TRAJ52,TRA,TRAV13-2_TRAJ52,8,0.0187903699354081,legacy_plot_age,20,-0.0759009824841312,0.7504528703090241,0.9717854439622732,FALSE,FALSE,FALSE,-,0.0187903699354081
TRAV14/DV4,TRAJ52,TRA,TRAV14/DV4_TRAJ52,19,0.0446271285965942,legacy_plot_age,20,0.5683747990672157,0.0089295682356388,0.6025918978325971,FALSE,FALSE,FALSE,+,0.0446271285965942
TRAV9-2,TRAJ52,TRA,TRAV9-2_TRAJ52,40,0.0939518496770405,legacy_plot_age,20,0.0722404843506495,0.7621470478438408,0.9769790843883056,FALSE,FALSE,FALSE,+,0.0939518496770405
TRAV12-3,TRAJ52,TRA,TRAV12-3_TRAJ52,16,0.0375807398708162,legacy_plot_age,20,0.1607328119304654,0.4984331219500503,0.8948131050641034,FALSE,FALSE,FALSE,+,0.0375807398708162
TRAV8-6,TRAJ52,TRA,TRAV8-6_TRAJ52,12,0.0281855549031121,legacy_plot_age,20,-0.1473767757992095,0.535223947236767,0.91269287641805,FALSE,FALSE,FALSE,-,0.0281855549031121
TRAV16,TRAJ52,TRA,TRAV16_TRAJ52,8,0.0187903699354081,legacy_plot_age,20,0.5030646513483119,0.0237618952320204,0.6186841642182179,FALSE,FALSE,FALSE,+,0.0187903699354081
TRAV17,TRAJ52,TRA,TRAV17_TRAJ52,34,0.0798590722254844,legacy_plot_age,20,-0.0358261783234933,0.8808036322254976,0.98229559546794,FALSE,FALSE,FALSE,-,0.0798590722254844
TRAV18,TRAJ52,TRA,TRAV18_TRAJ52,0,0,NA,NA,NA,NA,NA,FALSE,NA,NA,NA,0
TRAV19,TRAJ52,TRA,TRAV19_TRAJ52,22,0.0516735173223722,legacy_plot_age,20,0.2463415958734729,0.2951079451872516,0.7825558925900424,FALSE,FALSE,FALSE,+,0.0516735173223722
TRAV20,TRAJ52,TRA,TRAV20_TRAJ52,18,0.0422783323546682,legacy_plot_age,20,0.0772806738147096,0.746058589154855,0.9707690551702468,FALSE,FALSE,FALSE,+,0.0422783323546682
TRAV21,TRAJ52,TRA,TRAV21_TRAJ52,42,0.0986494421608925,legacy_plot_age,20,0.2000766549408957,0.3976883919471627,0.8489172941666808,FALSE,FALSE,FALSE,+,0.0986494421608925
TRAV22,TRAJ52,TRA,TRAV22_TRAJ52,10,0.0234879624192601,legacy_plot_age,20,-0.0806775564023987,0.735271975064791,0.968896788059294,FALSE,FALSE,FALSE,-,0.0234879624192601
TRAV23/DV6,TRAJ52,TRA,TRAV23/DV6_TRAJ52,34,0.0798590722254844,legacy_plot_age,20,0.1985050227341248,0.4014823511213167,0.8489172941666808,FALSE,FALSE,FALSE,+,0.0798590722254844
TRAV24,TRAJ52,TRA,TRAV24_TRAJ52,14,0.0328831473869641,legacy_plot_age,20,-0.4017869641900237,0.0790851537893169,0.6930623776207202,FALSE,FALSE,FALSE,-,0.0328831473869641
TRAV25,TRAJ52,TRA,TRAV25_TRAJ52,31,0.0728126834997063,legacy_plot_age,20,0.6250524728779694,0.0032106559089427,0.4817376957840667,TRUE,FALSE,FALSE,+,0.0728126834997063
TRAV26-1,TRAJ52,TRA,TRAV26-1_TRAJ52,79,0.185554903112155,legacy_plot_age,20,-0.1298610741503172,0.5852849037797575,0.9331325204020672,FALSE,FALSE,FALSE,-,0.185554903112155
TRAV27,TRAJ52,TRA,TRAV27_TRAJ52,44,0.1033470346447445,legacy_plot_age,20,0.0777656432411783,0.744515757587819,0.9706546605732114,FALSE,FALSE,FALSE,+,0.1033470346447445
TRAV29/DV5,TRAJ52,TRA,TRAV29/DV5_TRAJ52,104,0.2442748091603053,legacy_plot_age,20,0.3397365633991968,0.1427781548802902,0.7387368079116571,FALSE,FALSE,FALSE,+,0.2442748091603053
TRAV30,TRAJ52,TRA,TRAV30_TRAJ52,30,0.0704638872577803,legacy_plot_age,20,0.1468724341327646,0.5366372713855332,0.91269287641805,FALSE,FALSE,FALSE,+,0.0704638872577803
TRAV26-2,TRAJ52,TRA,TRAV26-2_TRAJ52,15,0.0352319436288901,legacy_plot_age,20,0.0339584024938025,0.8869786581743337,0.9829089660516256,FALSE,FALSE,FALSE,+,0.0352319436288901
TRAV34,TRAJ52,TRA,TRAV34_TRAJ52,0,0,NA,NA,NA,NA,NA,FALSE,NA,NA,NA,0
TRAV35,TRAJ52,TRA,TRAV35_TRAJ52,45,0.1056958308866705,legacy_plot_age,20,0.2417645078478129,0.3044572178075848,0.7891692387409849,FALSE,FALSE,FALSE,+,0.1056958308866705
TRAV36/DV7,TRAJ52,TRA,TRAV36/DV7_TRAJ52,20,0.0469759248385202,legacy_plot_age,20,0.3879898886523005,0.0909547947843694,0.6930623776207202,FALSE,FALSE,FALSE,+,0.0469759248385202
TRAV38-1,TRAJ52,TRA,TRAV38-1_TRAJ52,25,0.0587199060481503,legacy_plot_age,20,-0.1960940305551678,0.4073409426616677,0.851528244498423,FALSE,FALSE,FALSE,-,0.0587199060481503
TRAV38-2/DV8,TRAJ52,TRA,TRAV38-2/DV8_TRAJ52,50,0.1174398120963006,legacy_plot_age,20,0.3016372229574593,0.1961984921120804,0.7474189055763873,FALSE,FALSE,FALSE,+,0.1174398120963006
TRAV39,TRAJ52,TRA,TRAV39_TRAJ52,19,0.0446271285965942,legacy_plot_age,20,0.0252345057354154,0.915898211152944,0.988931345470361,FALSE,FALSE,FALSE,+,0.0446271285965942
TRAV40,TRAJ52,TRA,TRAV40_TRAJ52,1,0.002348796241926,legacy_plot_age,20,0.0199003497417698,0.9336333733712294,0.9892368769288012,FALSE,FALSE,FALSE,+,0.002348796241926
TRAV41,TRAJ52,TRA,TRAV41_TRAJ52,20,0.0469759248385202,legacy_plot_age,20,-0.2783681413938011,0.2346713257470605,0.7667833814744837,FALSE,FALSE,FALSE,-,0.0469759248385202
TRAV1-1,TRAJ50,TRA,TRAV1-1_TRAJ50,0,0,NA,NA,NA,NA,NA,FALSE,NA,NA,NA,0
TRAV1-2,TRAJ50,TRA,TRAV1-2_TRAJ50,0,0,NA,NA,NA,NA,NA,FALSE,NA,NA,NA,0
TRAV2,TRAJ50,TRA,TRAV2_TRAJ50,0,0,NA,NA,NA,NA,NA,FALSE,NA,NA,NA,0
TRAV3,TRAJ50,TRA,TRAV3_TRAJ50,1,0.002348796241926,legacy_plot_age,20,-0.2985052461265474,0.2011136244258678,0.7474189055763873,FALSE,FALSE,FALSE,-,0.002348796241926
TRAV4,TRAJ50,TRA,TRAV4_TRAJ50,0,0,NA,NA,NA,NA,NA,FALSE,NA,NA,NA,0
TRAV5,TRAJ50,TRA,TRAV5_TRAJ50,0,0,NA,NA,NA,NA,NA,FALSE,NA,NA,NA,0
TRAV6,TRAJ50,TRA,TRAV6_TRAJ50,0,0,NA,NA,NA,NA,NA,FALSE,NA,NA,NA,0
TRAV8-1,TRAJ50,TRA,TRAV8-1_TRAJ50,0,0,NA,NA,NA,NA,NA,FALSE,NA,NA,NA,0
TRAV9-1,TRAJ50,TRA,TRAV9-1_TRAJ50,0,0,NA,NA,NA,NA,NA,FALSE,NA,NA,NA,0
TRAV10,TRAJ50,TRA,TRAV10_TRAJ50,4,0.009395184967704,legacy_plot_age,20,0.2637621314330062,0.2611525894627453,0.7667833814744837,FALSE,FALSE,FALSE,+,0.009395184967704
TRAV12-1,TRAJ50,TRA,TRAV12-1_TRAJ50,7,0.016441573693482,legacy_plot_age,20,0.5160153845643476,0.0198563300603157,0.6186841642182179,FALSE,FALSE,FALSE,+,0.016441573693482
TRAV8-2,TRAJ50,TRA,TRAV8-2_TRAJ50,1,0.002348796241926,legacy_plot_age,20,0.2587045466430078,0.2707446686759674,0.7667833814744837,FALSE,FALSE,FALSE,+,0.002348796241926
TRAV8-3,TRAJ50,TRA,TRAV8-3_TRAJ50,5,0.01174398120963,legacy_plot_age,20,-0.1280347307746618,0.5906166991967035,0.9351431070614472,FALSE,FALSE,FALSE,-,0.01174398120963
TRAV13-1,TRAJ50,TRA,TRAV13-1_TRAJ50,8,0.0187903699354081,legacy_plot_age,20,-0.0177936339504947,0.9406465999032676,0.9901782203442352,FALSE,FALSE,FALSE,-,0.0187903699354081
TRAV12-2,TRAJ50,TRA,TRAV12-2_TRAJ50,5,0.01174398120963,legacy_plot_age,20,0.1269588086673117,0.5937672530358944,0.9357275255362292,FALSE,FALSE,FALSE,+,0.01174398120963
TRAV8-4,TRAJ50,TRA,TRAV8-4_TRAJ50,8,0.0187903699354081,legacy_plot_age,20,0.4518756166497118,0.0454802871936455,0.6930623776207202,FALSE,FALSE,FALSE,+,0.0187903699354081
TRAV13-2,TRAJ50,TRA,TRAV13-2_TRAJ50,6,0.014092777451556,legacy_plot_age,20,0.1549327834584143,0.5142574260515751,0.9027759825667409,FALSE,FALSE,FALSE,+,0.014092777451556
TRAV14/DV4,TRAJ50,TRA,TRAV14/DV4_TRAJ50,5,0.01174398120963,legacy_plot_age,20,-0.155200029457093,0.5135230897794305,0.9027759825667409,FALSE,FALSE,FALSE,-,0.01174398120963
TRAV9-2,TRAJ50,TRA,TRAV9-2_TRAJ50,12,0.0281855549031121,legacy_plot_age,20,-0.0127344009351759,0.9575049569059272,0.991019643929726,FALSE,FALSE,FALSE,-,0.0281855549031121
TRAV12-3,TRAJ50,TRA,TRAV12-3_TRAJ50,6,0.014092777451556,legacy_plot_age,20,-0.2194548187227685,0.3525572000410796,0.8304822298446632,FALSE,FALSE,FALSE,-,0.014092777451556
TRAV8-6,TRAJ50,TRA,TRAV8-6_TRAJ50,6,0.014092777451556,legacy_plot_age,20,-0.087687651749033,0.7131639905422289,0.968896788059294,FALSE,FALSE,FALSE,-,0.014092777451556
TRAV16,TRAJ50,TRA,TRAV16_TRAJ50,4,0.009395184967704,legacy_plot_age,20,0.0688590148704063,0.7729941552237691,0.9769790843883056,FALSE,FALSE,FALSE,+,0.009395184967704
TRAV17,TRAJ50,TRA,TRAV17_TRAJ50,4,0.009395184967704,legacy_plot_age,20,-0.1560794263984302,0.5111102172730575,0.9026931603370512,FALSE,FALSE,FALSE,-,0.009395184967704
TRAV18,TRAJ50,TRA,TRAV18_TRAJ50,0,0,NA,NA,NA,NA,NA,FALSE,NA,NA,NA,0
TRAV19,TRAJ50,TRA,TRAV19_TRAJ50,10,0.0234879624192601,legacy_plot_age,20,0.2661489795451778,0.2567013254654856,0.7667833814744837,FALSE,FALSE,FALSE,+,0.0234879624192601
TRAV20,TRAJ50,TRA,TRAV20_TRAJ50,4,0.009395184967704,legacy_plot_age,20,0.173761420337041,0.4637716487174784,0.8767029163052338,FALSE,FALSE,FALSE,+,0.009395184967704
TRAV21,TRAJ50,TRA,TRAV21_TRAJ50,6,0.014092777451556,legacy_plot_age,20,-0.2016611847722737,0.3938833744457742,0.8452080743315572,FALSE,FALSE,FALSE,-,0.014092777451556
TRAV22,TRAJ50,TRA,TRAV22_TRAJ50,5,0.01174398120963,legacy_plot_age,20,0.2044252003965189,0.3872944405566971,0.8437605842221145,FALSE,FALSE,FALSE,+,0.01174398120963
TRAV23/DV6,TRAJ50,TRA,TRAV23/DV6_TRAJ50,4,0.009395184967704,legacy_plot_age,20,0.1379306558869849,0.5619755335446698,0.921457412143848,FALSE,FALSE,FALSE,+,0.009395184967704
TRAV24,TRAJ50,TRA,TRAV24_TRAJ50,7,0.016441573693482,legacy_plot_age,20,-0.0632662540462035,0.791023046919286,0.9769790843883056,FALSE,FALSE,FALSE,-,0.016441573693482
TRAV25,TRAJ50,TRA,TRAV25_TRAJ50,4,0.009395184967704,legacy_plot_age,20,-0.0376572737572534,0.874756295202429,0.98229559546794,FALSE,FALSE,FALSE,-,0.009395184967704
TRAV26-1,TRAJ50,TRA,TRAV26-1_TRAJ50,16,0.0375807398708162,legacy_plot_age,20,-0.1076909839934118,0.6513291850957905,0.9502999073148214,FALSE,FALSE,FALSE,-,0.0375807398708162
TRAV27,TRAJ50,TRA,TRAV27_TRAJ50,4,0.009395184967704,legacy_plot_age,20,0.0519740319835329,0.827729067191264,0.980577174620276,FALSE,FALSE,FALSE,+,0.009395184967704
TRAV29/DV5,TRAJ50,TRA,TRAV29/DV5_TRAJ50,23,0.0540223135642983,legacy_plot_age,20,0.1690077907525463,0.4762739243219566,0.8818051749272177,FALSE,FALSE,FALSE,+,0.0540223135642983
TRAV30,TRAJ50,TRA,TRAV30_TRAJ50,8,0.0187903699354081,legacy_plot_age,20,0.0579580146568956,0.8082299444506007,0.9774706427824436,FALSE,FALSE,FALSE,+,0.0187903699354081
TRAV26-2,TRAJ50,TRA,TRAV26-2_TRAJ50,5,0.01174398120963,legacy_plot_age,20,-0.0193586885455417,0.9354361262084708,0.9899644777713532,FALSE,FALSE,FALSE,-,0.01174398120963
TRAV34,TRAJ50,TRA,TRAV34_TRAJ50,1,0.002348796241926,legacy_plot_age,20,-0.2985052461265474,0.2011136244258678,0.7474189055763873,FALSE,FALSE,FALSE,-,0.002348796241926
TRAV35,TRAJ50,TRA,TRAV35_TRAJ50,13,0.0305343511450381,legacy_plot_age,20,-0.2140668251832094,0.3647968454546154,0.8379195147355427,FALSE,FALSE,FALSE,-,0.0305343511450381
TRAV36/DV7,TRAJ50,TRA,TRAV36/DV7_TRAJ50,11,0.0258367586611861,legacy_plot_age,20,-0.0042448003117253,0.9858295404366684,0.9950530667977164,FALSE,FALSE,FALSE,-,0.0258367586611861
TRAV38-1,TRAJ50,TRA,TRAV38-1_TRAJ50,7,0.016441573693482,legacy_plot_age,20,-0.2758613117739698,0.2390877115121467,0.7667833814744837,FALSE,FALSE,FALSE,-,0.016441573693482
TRAV38-2/DV8,TRAJ50,TRA,TRAV38-2/DV8_TRAJ50,13,0.0305343511450381,legacy_plot_age,20,-0.2841873995336078,0.2246239586428797,0.7667833814744837,FALSE,FALSE,FALSE,-,0.0305343511450381
TRAV39,TRAJ50,TRA,TRAV39_TRAJ50,3,0.007046388725778,legacy_plot_age,20,0.0943736066595159,0.6922811777717848,0.9677101892138448,FALSE,FALSE,FALSE,+,0.007046388725778
TRAV40,TRAJ50,TRA,TRAV40_TRAJ50,0,0,NA,NA,NA,NA,NA,FALSE,NA,NA,NA,0
TRAV41,TRAJ50,TRA,TRAV41_TRAJ50,8,0.0187903699354081,legacy_plot_age,20,-0.1447414084581108,0.5426279386752795,0.91269287641805,FALSE,FALSE,FALSE,-,0.0187903699354081
TRAV1-1,TRAJ49,TRA,TRAV1-1_TRAJ49,0,0,NA,NA,NA,NA,NA,FALSE,NA,NA,NA,0
TRAV1-2,TRAJ49,TRA,TRAV1-2_TRAJ49,0,0,NA,NA,NA,NA,NA,FALSE,NA,NA,NA,0
TRAV2,TRAJ49,TRA,TRAV2_TRAJ49,1,0.002348796241926,legacy_plot_age,20,0.3383059456100871,0.1445764933214944,0.7387368079116571,FALSE,FALSE,FALSE,+,0.002348796241926
TRAV3,TRAJ49,TRA,TRAV3_TRAJ49,2,0.004697592483852,legacy_plot_age,20,0.2208896359300148,0.3493383362168607,0.8304822298446632,FALSE,FALSE,FALSE,+,0.004697592483852
TRAV4,TRAJ49,TRA,TRAV4_TRAJ49,4,0.009395184967704,legacy_plot_age,20,-0.1199653149695361,0.6144145638620389,0.9357275255362292,FALSE,FALSE,FALSE,-,0.009395184967704
TRAV5,TRAJ49,TRA,TRAV5_TRAJ49,7,0.016441573693482,legacy_plot_age,20,0.197707043894386,0.4034162619240252,0.8489172941666808,FALSE,FALSE,FALSE,+,0.016441573693482
TRAV6,TRAJ49,TRA,TRAV6_TRAJ49,2,0.004697592483852,legacy_plot_age,20,-0.2685324985815867,0.2523045952979368,0.7667833814744837,FALSE,FALSE,FALSE,-,0.004697592483852
TRAV8-1,TRAJ49,TRA,TRAV8-1_TRAJ49,2,0.004697592483852,legacy_plot_age,20,0.30895674567989,0.1850271343474646,0.7474189055763873,FALSE,FALSE,FALSE,+,0.004697592483852
TRAV9-1,TRAJ49,TRA,TRAV9-1_TRAJ49,0,0,NA,NA,NA,NA,NA,FALSE,NA,NA,NA,0
TRAV10,TRAJ49,TRA,TRAV10_TRAJ49,5,0.01174398120963,legacy_plot_age,20,0.0098853521947193,0.9670066418430426,0.9919531703851348,FALSE,FALSE,FALSE,+,0.01174398120963
TRAV12-1,TRAJ49,TRA,TRAV12-1_TRAJ49,23,0.0540223135642983,legacy_plot_age,20,0.1519638511597666,0.5224488430993661,0.9096373540440033,FALSE,FALSE,FALSE,+,0.0540223135642983
TRAV8-2,TRAJ49,TRA,TRAV8-2_TRAJ49,7,0.016441573693482,legacy_plot_age,20,0.3588382846683107,0.1202522049262926,0.7145152159383996,FALSE,FALSE,FALSE,+,0.016441573693482
TRAV8-3,TRAJ49,TRA,TRAV8-3_TRAJ49,12,0.0281855549031121,legacy_plot_age,20,0.3046335589145672,0.1915720958800232,0.7474189055763873,FALSE,FALSE,FALSE,+,0.0281855549031121
TRAV13-1,TRAJ49,TRA,TRAV13-1_TRAJ49,47,0.1103934233705226,legacy_plot_age,20,0.1500607290089873,0.5277316458265647,0.9122436022960736,FALSE,FALSE,FALSE,+,0.1103934233705226
TRAV12-2,TRAJ49,TRA,TRAV12-2_TRAJ49,24,0.0563711098062243,legacy_plot_age,20,0.0407978983702123,0.8643998598053421,0.9818968142732016,FALSE,FALSE,FALSE,+,0.0563711098062243
TRAV8-4,TRAJ49,TRA,TRAV8-4_TRAJ49,21,0.0493247210804462,legacy_plot_age,20,0.2453494580177237,0.2971194246214808,0.7847000188721159,FALSE,FALSE,FALSE,+,0.0493247210804462
TRAV13-2,TRAJ49,TRA,TRAV13-2_TRAJ49,17,0.0399295361127422,legacy_plot_age,20,0.3319914660815588,0.1527034583575107,0.7474189055763873,FALSE,FALSE,FALSE,+,0.0399295361127422
TRAV14/DV4,TRAJ49,TRA,TRAV14/DV4_TRAJ49,27,0.0634174985320023,legacy_plot_age,20,0.3201663643529049,0.1687658380308119,0.7474189055763873,FALSE,FALSE,FALSE,+,0.0634174985320023
TRAV9-2,TRAJ49,TRA,TRAV9-2_TRAJ49,65,0.1526717557251908,legacy_plot_age,20,0.4203392513896936,0.0649894131353604,0.6930623776207202,FALSE,FALSE,FALSE,+,0.1526717557251908
TRAV12-3,TRAJ49,TRA,TRAV12-3_TRAJ49,17,0.0399295361127422,legacy_plot_age,20,0.311220230458666,0.1816614134731125,0.7474189055763873,FALSE,FALSE,FALSE,+,0.0399295361127422
TRAV8-6,TRAJ49,TRA,TRAV8-6_TRAJ49,14,0.0328831473869641,legacy_plot_age,20,0.1086668879801682,0.6483639759513127,0.9502999073148214,FALSE,FALSE,FALSE,+,0.0328831473869641
TRAV16,TRAJ49,TRA,TRAV16_TRAJ49,6,0.014092777451556,legacy_plot_age,20,0.1920520961619927,0.4172663230206326,0.8541035355845672,FALSE,FALSE,FALSE,+,0.014092777451556
TRAV17,TRAJ49,TRA,TRAV17_TRAJ49,28,0.0657662947739283,legacy_plot_age,20,0.30517980373768,0.19073665549763,0.7474189055763873,FALSE,FALSE,FALSE,+,0.0657662947739283
TRAV18,TRAJ49,TRA,TRAV18_TRAJ49,0,0,NA,NA,NA,NA,NA,FALSE,NA,NA,NA,0
TRAV19,TRAJ49,TRA,TRAV19_TRAJ49,46,0.1080446271285966,legacy_plot_age,20,0.0286902373122793,0.9044283688995108,0.9871535515540114,FALSE,FALSE,FALSE,+,0.1080446271285966
TRAV20,TRAJ49,TRA,TRAV20_TRAJ49,47,0.1103934233705226,legacy_plot_age,20,-0.0730697264960578,0.7594934211025395,0.9769790843883056,FALSE,FALSE,FALSE,-,0.1103934233705226
TRAV21,TRAJ49,TRA,TRAV21_TRAJ49,80,0.187903699354081,legacy_plot_age,20,0.0917638274747376,0.7004080669112372,0.968896788059294,FALSE,FALSE,FALSE,+,0.187903699354081
TRAV22,TRAJ49,TRA,TRAV22_TRAJ49,61,0.1432765707574868,legacy_plot_age,20,-0.2622171349634408,0.2640597038404185,0.7667833814744837,FALSE,FALSE,FALSE,-,0.1432765707574868
TRAV23/DV6,TRAJ49,TRA,TRAV23/DV6_TRAJ49,47,0.1103934233705226,legacy_plot_age,20,0.0143997669251048,0.9519533736271454,0.9901782203442352,FALSE,FALSE,FALSE,+,0.1103934233705226
TRAV24,TRAJ49,TRA,TRAV24_TRAJ49,30,0.0704638872577803,legacy_plot_age,20,0.1849504726116295,0.435016299884822,0.8629670393973627,FALSE,FALSE,FALSE,+,0.0704638872577803
TRAV25,TRAJ49,TRA,TRAV25_TRAJ49,25,0.0587199060481503,legacy_plot_age,20,0.1722705595980745,0.4676745951995865,0.8772597867835029,FALSE,FALSE,FALSE,+,0.0587199060481503
TRAV26-1,TRAJ49,TRA,TRAV26-1_TRAJ49,101,0.2372284204345273,legacy_plot_age,20,0.3856876285152744,0.0930562004372933,0.6930623776207202,FALSE,FALSE,FALSE,+,0.2372284204345273
TRAV27,TRAJ49,TRA,TRAV27_TRAJ49,30,0.0704638872577803,legacy_plot_age,20,0.4603409587876496,0.0411059615455708,0.6930623776207202,FALSE,FALSE,FALSE,+,0.0704638872577803
TRAV29/DV5,TRAJ49,TRA,TRAV29/DV5_TRAJ49,212,0.4979448032883147,legacy_plot_age,20,0.0188040630071183,0.9372823403483928,0.9899644777713532,FALSE,FALSE,FALSE,+,0.4979448032883147
TRAV30,TRAJ49,TRA,TRAV30_TRAJ49,33,0.0775102759835584,legacy_plot_age,20,-0.0457375416454404,0.8481546318342856,0.9806093259447052,FALSE,FALSE,FALSE,-,0.0775102759835584
TRAV26-2,TRAJ49,TRA,TRAV26-2_TRAJ49,26,0.0610687022900763,legacy_plot_age,20,0.3415572253522391,0.1405122719661934,0.7387368079116571,FALSE,FALSE,FALSE,+,0.0610687022900763
TRAV34,TRAJ49,TRA,TRAV34_TRAJ49,7,0.016441573693482,legacy_plot_age,20,0.426107323757497,0.0610188837152859,0.6930623776207202,FALSE,FALSE,FALSE,+,0.016441573693482
TRAV35,TRAJ49,TRA,TRAV35_TRAJ49,58,0.1362301820317087,legacy_plot_age,20,-0.1429646350639578,0.5476459003350409,0.9137746503784232,FALSE,FALSE,FALSE,-,0.1362301820317087
TRAV36/DV7,TRAJ49,TRA,TRAV36/DV7_TRAJ49,44,0.1033470346447445,legacy_plot_age,20,0.1389211490910371,0.5591429805303598,0.921457412143848,FALSE,FALSE,FALSE,+,0.1033470346447445
TRAV38-1,TRAJ49,TRA,TRAV38-1_TRAJ49,41,0.0963006459189665,legacy_plot_age,20,0.1600744137858214,0.5002174435054313,0.8948131050641034,FALSE,FALSE,FALSE,+,0.0963006459189665
TRAV38-2/DV8,TRAJ49,TRA,TRAV38-2/DV8_TRAJ49,106,0.2489724016441573,legacy_plot_age,20,0.1932815987353559,0.4142334638541127,0.851528244498423,FALSE,FALSE,FALSE,+,0.2489724016441573
TRAV39,TRAJ49,TRA,TRAV39_TRAJ49,43,0.1009982384028185,legacy_plot_age,20,0.0253610211018237,0.91547800095145,0.988931345470361,FALSE,FALSE,FALSE,+,0.1009982384028185
TRAV40,TRAJ49,TRA,TRAV40_TRAJ49,0,0,NA,NA,NA,NA,NA,FALSE,NA,NA,NA,0
TRAV41,TRAJ49,TRA,TRAV41_TRAJ49,229,0.537874339401057,legacy_plot_age,20,0.4996237772761474,0.0248955540087271,0.6186841642182179,FALSE,FALSE,FALSE,+,0.537874339401057
TRAV1-1,TRAJ48,TRA,TRAV1-1_TRAJ48,0,0,NA,NA,NA,NA,NA,FALSE,NA,NA,NA,0
TRAV1-2,TRAJ48,TRA,TRAV1-2_TRAJ48,0,0,NA,NA,NA,NA,NA,FALSE,NA,NA,NA,0
TRAV2,TRAJ48,TRA,TRAV2_TRAJ48,0,0,NA,NA,NA,NA,NA,FALSE,NA,NA,NA,0
TRAV3,TRAJ48,TRA,TRAV3_TRAJ48,5,0.01174398120963,legacy_plot_age,20,0.3341249041815123,0.1499229441798896,0.7474189055763873,FALSE,FALSE,FALSE,+,0.01174398120963
TRAV4,TRAJ48,TRA,TRAV4_TRAJ48,2,0.004697592483852,legacy_plot_age,20,0.463435118519835,0.0395910258806428,0.6930623776207202,FALSE,FALSE,FALSE,+,0.004697592483852
TRAV5,TRAJ48,TRA,TRAV5_TRAJ48,2,0.004697592483852,legacy_plot_age,20,0.3811429012125746,0.0973085399145359,0.6930623776207202,FALSE,FALSE,FALSE,+,0.004697592483852
TRAV6,TRAJ48,TRA,TRAV6_TRAJ48,1,0.002348796241926,legacy_plot_age,20,-0.1194020984506189,0.616089875618355,0.9357275255362292,FALSE,FALSE,FALSE,-,0.002348796241926
TRAV8-1,TRAJ48,TRA,TRAV8-1_TRAJ48,6,0.014092777451556,legacy_plot_age,20,0.5896053148278545,0.006218939776467,0.5795459591688563,FALSE,FALSE,FALSE,+,0.014092777451556
TRAV9-1,TRAJ48,TRA,TRAV9-1_TRAJ48,0,0,NA,NA,NA,NA,NA,FALSE,NA,NA,NA,0
TRAV10,TRAJ48,TRA,TRAV10_TRAJ48,0,0,NA,NA,NA,NA,NA,FALSE,NA,NA,NA,0
TRAV12-1,TRAJ48,TRA,TRAV12-1_TRAJ48,11,0.0258367586611861,legacy_plot_age,20,0.4615838818511704,0.0404921174676762,0.6930623776207202,FALSE,FALSE,FALSE,+,0.0258367586611861
TRAV8-2,TRAJ48,TRA,TRAV8-2_TRAJ48,2,0.004697592483852,legacy_plot_age,20,0.1862402812743262,0.4317632824020566,0.8623775129663037,FALSE,FALSE,FALSE,+,0.004697592483852
TRAV8-3,TRAJ48,TRA,TRAV8-3_TRAJ48,44,0.1033470346447445,legacy_plot_age,20,0.1661724866919479,0.4838103744658492,0.884105365445429,FALSE,FALSE,FALSE,+,0.1033470346447445
TRAV13-1,TRAJ48,TRA,TRAV13-1_TRAJ48,39,0.0916030534351145,legacy_plot_age,20,0.2886936998958839,0.2170394343123296,0.7598321519664206,FALSE,FALSE,FALSE,+,0.0916030534351145
TRAV12-2,TRAJ48,TRA,TRAV12-2_TRAJ48,12,0.0281855549031121,legacy_plot_age,20,-0.0049426760973596,0.9835000967912793,0.9941772448809498,FALSE,FALSE,FALSE,-,0.0281855549031121
TRAV8-4,TRAJ48,TRA,TRAV8-4_TRAJ48,32,0.0751614797416324,legacy_plot_age,20,0.0667041169511431,0.7799279952982797,0.9769790843883056,FALSE,FALSE,FALSE,+,0.0751614797416324
TRAV13-2,TRAJ48,TRA,TRAV13-2_TRAJ48,15,0.0352319436288901,legacy_plot_age,20,0.0518363318475751,0.8281789597821306,0.980577174620276,FALSE,FALSE,FALSE,+,0.0352319436288901
TRAV14/DV4,TRAJ48,TRA,TRAV14/DV4_TRAJ48,23,0.0540223135642983,legacy_plot_age,20,0.5400864641390022,0.0139633903387073,0.6186841642182179,FALSE,FALSE,FALSE,+,0.0540223135642983
TRAV9-2,TRAJ48,TRA,TRAV9-2_TRAJ48,41,0.0963006459189665,legacy_plot_age,20,-0.178860262859197,0.4505496091263007,0.8629670393973627,FALSE,FALSE,FALSE,-,0.0963006459189665
TRAV12-3,TRAJ48,TRA,TRAV12-3_TRAJ48,18,0.0422783323546682,legacy_plot_age,20,0.6071681970673333,0.0045245677150035,0.4919210565701105,TRUE,FALSE,FALSE,+,0.0422783323546682
TRAV8-6,TRAJ48,TRA,TRAV8-6_TRAJ48,20,0.0469759248385202,legacy_plot_age,20,0.2018760458833232,0.3933689724940369,0.8450308223609552,FALSE,FALSE,FALSE,+,0.0469759248385202
TRAV16,TRAJ48,TRA,TRAV16_TRAJ48,12,0.0281855549031121,legacy_plot_age,20,-0.3578366662784448,0.1213658967929887,0.7175621148757674,FALSE,FALSE,FALSE,-,0.0281855549031121
TRAV17,TRAJ48,TRA,TRAV17_TRAJ48,28,0.0657662947739283,legacy_plot_age,20,0.4405857674676418,0.0518611824015828,0.6930623776207202,FALSE,FALSE,FALSE,+,0.0657662947739283
TRAV18,TRAJ48,TRA,TRAV18_TRAJ48,0,0,NA,NA,NA,NA,NA,FALSE,NA,NA,NA,0
TRAV19,TRAJ48,TRA,TRAV19_TRAJ48,41,0.0963006459189665,legacy_plot_age,20,0.0234943565620131,0.921680104396086,0.9892368769288012,FALSE,FALSE,FALSE,+,0.0963006459189665
TRAV20,TRAJ48,TRA,TRAV20_TRAJ48,22,0.0516735173223722,legacy_plot_age,20,0.2167214530519485,0.3587364635863942,0.8346462692779834,FALSE,FALSE,FALSE,+,0.0516735173223722
TRAV21,TRAJ48,TRA,TRAV21_TRAJ48,44,0.1033470346447445,legacy_plot_age,20,0.0803355417926901,0.736355903265796,0.968896788059294,FALSE,FALSE,FALSE,+,0.1033470346447445
TRAV22,TRAJ48,TRA,TRAV22_TRAJ48,21,0.0493247210804462,legacy_plot_age,20,-0.336156268950225,0.1473084296872427,0.7459011152070912,FALSE,FALSE,FALSE,-,0.0493247210804462
TRAV23/DV6,TRAJ48,TRA,TRAV23/DV6_TRAJ48,28,0.0657662947739283,legacy_plot_age,20,-0.2828897489976192,0.2268397012612882,0.7667833814744837,FALSE,FALSE,FALSE,-,0.0657662947739283
TRAV24,TRAJ48,TRA,TRAV24_TRAJ48,17,0.0399295361127422,legacy_plot_age,20,0.2921305256075285,0.2113694334740318,0.7513724707488281,FALSE,FALSE,FALSE,+,0.0399295361127422
TRAV25,TRAJ48,TRA,TRAV25_TRAJ48,20,0.0469759248385202,legacy_plot_age,20,0.2036566846055545,0.3891202528894242,0.8437605842221145,FALSE,FALSE,FALSE,+,0.0469759248385202
TRAV26-1,TRAJ48,TRA,TRAV26-1_TRAJ48,97,0.2278332354668232,legacy_plot_age,20,-0.20113007190152,0.395156514475448,0.846084572022376,FALSE,FALSE,FALSE,-,0.2278332354668232
TRAV27,TRAJ48,TRA,TRAV27_TRAJ48,37,0.0869054609512624,legacy_plot_age,20,0.2113418425151981,0.3710781933430678,0.8400154874741859,FALSE,FALSE,FALSE,+,0.0869054609512624
TRAV29/DV5,TRAJ48,TRA,TRAV29/DV5_TRAJ48,153,0.3593658250146799,legacy_plot_age,20,-0.3619262603461249,0.1168647266913882,0.7076381974944421,FALSE,FALSE,FALSE,-,0.3593658250146799
TRAV30,TRAJ48,TRA,TRAV30_TRAJ48,24,0.0563711098062243,legacy_plot_age,20,0.0178733650002835,0.9403810966297084,0.9901782203442352,FALSE,FALSE,FALSE,+,0.0563711098062243
TRAV26-2,TRAJ48,TRA,TRAV26-2_TRAJ48,21,0.0493247210804462,legacy_plot_age,20,0.2074801536391106,0.3800839593694789,0.8418268786176194,FALSE,FALSE,FALSE,+,0.0493247210804462
TRAV34,TRAJ48,TRA,TRAV34_TRAJ48,2,0.004697592483852,legacy_plot_age,20,-0.0736298786433382,0.7577023604825539,0.9768270879211844,FALSE,FALSE,FALSE,-,0.004697592483852
TRAV35,TRAJ48,TRA,TRAV35_TRAJ48,47,0.1103934233705226,legacy_plot_age,20,-0.2553673946614805,0.2771930013725768,0.7694563172852946,FALSE,FALSE,FALSE,-,0.1103934233705226
TRAV36/DV7,TRAJ48,TRA,TRAV36/DV7_TRAJ48,23,0.0540223135642983,legacy_plot_age,20,0.3672744752611136,0.1111606299530346,0.6973377316204429,FALSE,FALSE,FALSE,+,0.0540223135642983
TRAV38-1,TRAJ48,TRA,TRAV38-1_TRAJ48,53,0.1244862008220786,legacy_plot_age,20,-0.2538906273636907,0.2800767810150019,0.7703108658939515,FALSE,FALSE,FALSE,-,0.1244862008220786
TRAV38-2/DV8,TRAJ48,TRA,TRAV38-2/DV8_TRAJ48,113,0.2654139753376394,legacy_plot_age,20,0.3909607015613816,0.0882949276520348,0.6930623776207202,FALSE,FALSE,FALSE,+,0.2654139753376394
TRAV39,TRAJ48,TRA,TRAV39_TRAJ48,47,0.1103934233705226,legacy_plot_age,20,-0.0777656432411783,0.744515757587819,0.9706546605732114,FALSE,FALSE,FALSE,-,0.1103934233705226
TRAV40,TRAJ48,TRA,TRAV40_TRAJ48,9,0.0211391661773341,legacy_plot_age,20,-0.1182643215450417,0.6194798163550095,0.9366706081900316,FALSE,FALSE,FALSE,-,0.0211391661773341
TRAV41,TRAJ48,TRA,TRAV41_TRAJ48,66,0.1550205519671168,legacy_plot_age,20,0.2733122607117142,0.2436330408193326,0.7667833814744837,FALSE,FALSE,FALSE,+,0.1550205519671168
TRAV1-1,TRAJ47,TRA,TRAV1-1_TRAJ47,2,0.004697592483852,legacy_plot_age,20,-0.2685324985815867,0.2523045952979368,0.7667833814744837,FALSE,FALSE,FALSE,-,0.004697592483852
TRAV1-2,TRAJ47,TRA,TRAV1-2_TRAJ47,4,0.009395184967704,legacy_plot_age,20,0.2867332416088015,0.2203181006583453,0.7629876448031567,FALSE,FALSE,FALSE,+,0.009395184967704
TRAV2,TRAJ47,TRA,TRAV2_TRAJ47,1,0.002348796241926,legacy_plot_age,20,0.2587045466430078,0.2707446686759674,0.7667833814744837,FALSE,FALSE,FALSE,+,0.002348796241926
TRAV3,TRAJ47,TRA,TRAV3_TRAJ47,2,0.004697592483852,legacy_plot_age,20,0.145094172620696,0.5416341607012242,0.91269287641805,FALSE,FALSE,FALSE,+,0.004697592483852
TRAV4,TRAJ47,TRA,TRAV4_TRAJ47,5,0.01174398120963,legacy_plot_age,20,-0.0266181967501199,0.9113035874770088,0.988127197015352,FALSE,FALSE,FALSE,-,0.01174398120963
TRAV5,TRAJ47,TRA,TRAV5_TRAJ47,4,0.009395184967704,legacy_plot_age,20,0.6218978695255284,0.0034159817984704,0.4817376957840667,TRUE,FALSE,FALSE,+,0.009395184967704
TRAV6,TRAJ47,TRA,TRAV6_TRAJ47,1,0.002348796241926,legacy_plot_age,20,0.3383059456100871,0.1445764933214944,0.7387368079116571,FALSE,FALSE,FALSE,+,0.002348796241926
TRAV8-1,TRAJ47,TRA,TRAV8-1_TRAJ47,3,0.007046388725778,legacy_plot_age,20,0.1621290165689121,0.4946595373760551,0.89207662571824,FALSE,FALSE,FALSE,+,0.007046388725778
TRAV9-1,TRAJ47,TRA,TRAV9-1_TRAJ47,0,0,NA,NA,NA,NA,NA,FALSE,NA,NA,NA,0
TRAV10,TRAJ47,TRA,TRAV10_TRAJ47,9,0.0211391661773341,legacy_plot_age,20,0.2047561387944006,0.3865096819398201,0.8437605842221145,FALSE,FALSE,FALSE,+,0.0211391661773341
TRAV12-1,TRAJ47,TRA,TRAV12-1_TRAJ47,11,0.0258367586611861,legacy_plot_age,20,0.2964002194844438,0.2044628345158662,0.7474189055763873,FALSE,FALSE,FALSE,+,0.0258367586611861
TRAV8-2,TRAJ47,TRA,TRAV8-2_TRAJ47,2,0.004697592483852,legacy_plot_age,20,0.205730543268151,0.3842042196376062,0.8437605842221145,FALSE,FALSE,FALSE,+,0.004697592483852
TRAV8-3,TRAJ47,TRA,TRAV8-3_TRAJ47,33,0.0775102759835584,legacy_plot_age,20,0.2035231832419729,0.3894379077734028,0.8437605842221145,FALSE,FALSE,FALSE,+,0.0775102759835584
TRAV13-1,TRAJ47,TRA,TRAV13-1_TRAJ47,33,0.0775102759835584,legacy_plot_age,20,-0.0341047111384062,0.8864947183389775,0.9829089660516256,FALSE,FALSE,FALSE,-,0.0775102759835584
TRAV12-2,TRAJ47,TRA,TRAV12-2_TRAJ47,12,0.0281855549031121,legacy_plot_age,20,-0.373966907463001,0.1043090937968232,0.6930623776207202,FALSE,FALSE,FALSE,-,0.0281855549031121
TRAV8-4,TRAJ47,TRA,TRAV8-4_TRAJ47,7,0.016441573693482,legacy_plot_age,20,0.098853521947193,0.6784062836251556,0.9659659848865496,FALSE,FALSE,FALSE,+,0.016441573693482
TRAV13-2,TRAJ47,TRA,TRAV13-2_TRAJ47,15,0.0352319436288901,legacy_plot_age,20,0.3235702396038511,0.1640284238641034,0.7474189055763873,FALSE,FALSE,FALSE,+,0.0352319436288901
TRAV14/DV4,TRAJ47,TRA,TRAV14/DV4_TRAJ47,17,0.0399295361127422,legacy_plot_age,20,-0.0872733979593084,0.7144645284767085,0.968896788059294,FALSE,FALSE,FALSE,-,0.0399295361127422
TRAV9-2,TRAJ47,TRA,TRAV9-2_TRAJ47,23,0.0540223135642983,legacy_plot_age,20,-0.2385705676124801,0.3110863930511371,0.794309564628464,FALSE,FALSE,FALSE,-,0.0540223135642983
TRAV12-3,TRAJ47,TRA,TRAV12-3_TRAJ47,20,0.0469759248385202,legacy_plot_age,20,0.331511424606585,0.1533340032223556,0.7474189055763873,FALSE,FALSE,FALSE,+,0.0469759248385202
TRAV8-6,TRAJ47,TRA,TRAV8-6_TRAJ47,8,0.0187903699354081,legacy_plot_age,20,0.1729467157361767,0.4659024184759546,0.8767029163052338,FALSE,FALSE,FALSE,+,0.0187903699354081
TRAV16,TRAJ47,TRA,TRAV16_TRAJ47,8,0.0187903699354081,legacy_plot_age,20,-0.2352713822343193,0.3180245714009231,0.7979154951687263,FALSE,FALSE,FALSE,-,0.0187903699354081
TRAV17,TRAJ47,TRA,TRAV17_TRAJ47,30,0.0704638872577803,legacy_plot_age,20,-0.1356354683278577,0.5685634026124262,0.9256893335378686,FALSE,FALSE,FALSE,-,0.0704638872577803
TRAV18,TRAJ47,TRA,TRAV18_TRAJ47,1,0.002348796241926,legacy_plot_age,20,0.0199003497417698,0.9336333733712294,0.9892368769288012,FALSE,FALSE,FALSE,+,0.002348796241926
TRAV19,TRAJ47,TRA,TRAV19_TRAJ47,31,0.0728126834997063,legacy_plot_age,20,-0.3455944062025162,0.1355782119662967,0.7387368079116571,FALSE,FALSE,FALSE,-,0.0728126834997063
TRAV20,TRAJ47,TRA,TRAV20_TRAJ47,17,0.0399295361127422,legacy_plot_age,20,0.0172900128032592,0.9423237894409636,0.9901782203442352,FALSE,FALSE,FALSE,+,0.0399295361127422
TRAV21,TRAJ47,TRA,TRAV21_TRAJ47,49,0.1150910158543746,legacy_plot_age,20,0.1547762802372967,0.5146876958005341,0.9027759825667409,FALSE,FALSE,FALSE,+,0.1150910158543746
TRAV22,TRAJ47,TRA,TRAV22_TRAJ47,19,0.0446271285965942,legacy_plot_age,20,-0.1643493001989009,0.4886875623501786,0.8887028587254445,FALSE,FALSE,FALSE,-,0.0446271285965942
TRAV23/DV6,TRAJ47,TRA,TRAV23/DV6_TRAJ47,23,0.0540223135642983,legacy_plot_age,20,0.0040183202982616,0.986585534000173,0.9950530667977164,FALSE,FALSE,FALSE,+,0.0540223135642983
TRAV24,TRAJ47,TRA,TRAV24_TRAJ47,8,0.0187903699354081,legacy_plot_age,20,0.0688404259739795,0.7730538989839593,0.9769790843883056,FALSE,FALSE,FALSE,+,0.0187903699354081
TRAV25,TRAJ47,TRA,TRAV25_TRAJ47,20,0.0469759248385202,legacy_plot_age,20,0.3434794491358834,0.1381475314262647,0.7387368079116571,FALSE,FALSE,FALSE,+,0.0469759248385202
TRAV26-1,TRAJ47,TRA,TRAV26-1_TRAJ47,66,0.1550205519671168,legacy_plot_age,20,0.2317267704328082,0.3255811910747597,0.8075568959864444,FALSE,FALSE,FALSE,+,0.1550205519671168
TRAV27,TRAJ47,TRA,TRAV27_TRAJ47,30,0.0704638872577803,legacy_plot_age,20,0.1052866633621168,0.6586559906485254,0.9502999073148214,FALSE,FALSE,FALSE,+,0.0704638872577803
TRAV29/DV5,TRAJ47,TRA,TRAV29/DV5_TRAJ47,92,0.2160892542571932,legacy_plot_age,20,-0.3208776541504932,0.1677682240684229,0.7474189055763873,FALSE,FALSE,FALSE,-,0.2160892542571932
TRAV30,TRAJ47,TRA,TRAV30_TRAJ47,10,0.0234879624192601,legacy_plot_age,20,9.885352194719e-4,0.996699812971996,0.99796517084499,FALSE,FALSE,FALSE,+,0.0234879624192601
TRAV26-2,TRAJ47,TRA,TRAV26-2_TRAJ47,18,0.0422783323546682,legacy_plot_age,20,0.0536233246877577,0.8223445653712824,0.9801025057439704,FALSE,FALSE,FALSE,+,0.0422783323546682
TRAV34,TRAJ47,TRA,TRAV34_TRAJ47,3,0.007046388725778,legacy_plot_age,20,-0.1299350799588322,0.5850692840348093,0.9331325204020672,FALSE,FALSE,FALSE,-,0.007046388725778
TRAV35,TRAJ47,TRA,TRAV35_TRAJ47,35,0.0822078684674104,legacy_plot_age,20,-0.1485449640695026,0.531956917395616,0.9122436022960736,FALSE,FALSE,FALSE,-,0.0822078684674104
TRAV36/DV7,TRAJ47,TRA,TRAV36/DV7_TRAJ47,21,0.0493247210804462,legacy_plot_age,20,-0.0891408065462318,0.7086078946484553,0.968896788059294,FALSE,FALSE,FALSE,-,0.0493247210804462
TRAV38-1,TRAJ47,TRA,TRAV38-1_TRAJ47,34,0.0798590722254844,legacy_plot_age,20,-0.1437640228283675,0.5453856775423307,0.9137746503784232,FALSE,FALSE,FALSE,-,0.0798590722254844
TRAV38-2/DV8,TRAJ47,TRA,TRAV38-2/DV8_TRAJ47,68,0.1597181444509688,legacy_plot_age,20,0.18947061743559,0.4236728979298225,0.8600911423741314,FALSE,FALSE,FALSE,+,0.1597181444509688
TRAV39,TRAJ47,TRA,TRAV39_TRAJ47,26,0.0610687022900763,legacy_plot_age,20,0.1245953720686135,0.6007124879371186,0.9357275255362292,FALSE,FALSE,FALSE,+,0.0610687022900763
TRAV40,TRAJ47,TRA,TRAV40_TRAJ47,7,0.016441573693482,legacy_plot_age,20,0.3718586220386426,0.1064335415605278,0.6930623776207202,FALSE,FALSE,FALSE,+,0.016441573693482
TRAV41,TRAJ47,TRA,TRAV41_TRAJ47,29,0.0681150910158543,legacy_plot_age,20,0.2896584630410102,0.2154378031798082,0.7589944018208977,FALSE,FALSE,FALSE,+,0.0681150910158543
TRAV1-1,TRAJ46,TRA,TRAV1-1_TRAJ46,0,0,NA,NA,NA,NA,NA,FALSE,NA,NA,NA,0
TRAV1-2,TRAJ46,TRA,TRAV1-2_TRAJ46,0,0,NA,NA,NA,NA,NA,FALSE,NA,NA,NA,0
TRAV2,TRAJ46,TRA,TRAV2_TRAJ46,0,0,NA,NA,NA,NA,NA,FALSE,NA,NA,NA,0
TRAV3,TRAJ46,TRA,TRAV3_TRAJ46,1,0.002348796241926,legacy_plot_age,20,0.1791031476759284,0.4499246852756275,0.8629670393973627,FALSE,FALSE,FALSE,+,0.002348796241926
TRAV4,TRAJ46,TRA,TRAV4_TRAJ46,0,0,NA,NA,NA,NA,NA,FALSE,NA,NA,NA,0
TRAV5,TRAJ46,TRA,TRAV5_TRAJ46,0,0,NA,NA,NA,NA,NA,FALSE,NA,NA,NA,0
TRAV6,TRAJ46,TRA,TRAV6_TRAJ46,0,0,NA,NA,NA,NA,NA,FALSE,NA,NA,NA,0
TRAV8-1,TRAJ46,TRA,TRAV8-1_TRAJ46,0,0,NA,NA,NA,NA,NA,FALSE,NA,NA,NA,0
TRAV9-1,TRAJ46,TRA,TRAV9-1_TRAJ46,0,0,NA,NA,NA,NA,NA,FALSE,NA,NA,NA,0
TRAV10,TRAJ46,TRA,TRAV10_TRAJ46,0,0,NA,NA,NA,NA,NA,FALSE,NA,NA,NA,0
TRAV12-1,TRAJ46,TRA,TRAV12-1_TRAJ46,0,0,NA,NA,NA,NA,NA,FALSE,NA,NA,NA,0
TRAV8-2,TRAJ46,TRA,TRAV8-2_TRAJ46,0,0,NA,NA,NA,NA,NA,FALSE,NA,NA,NA,0
TRAV8-3,TRAJ46,TRA,TRAV8-3_TRAJ46,2,0.004697592483852,legacy_plot_age,20,0.2468766519217813,0.2940266305855725,0.7810325524398717,FALSE,FALSE,FALSE,+,0.004697592483852
TRAV13-1,TRAJ46,TRA,TRAV13-1_TRAJ46,0,0,NA,NA,NA,NA,NA,FALSE,NA,NA,NA,0
TRAV12-2,TRAJ46,TRA,TRAV12-2_TRAJ46,0,0,NA,NA,NA,NA,NA,FALSE,NA,NA,NA,0
TRAV8-4,TRAJ46,TRA,TRAV8-4_TRAJ46,5,0.01174398120963,legacy_plot_age,20,0.3944255525693002,0.0852655912076237,0.6930623776207202,FALSE,FALSE,FALSE,+,0.01174398120963
TRAV13-2,TRAJ46,TRA,TRAV13-2_TRAJ46,0,0,NA,NA,NA,NA,NA,FALSE,NA,NA,NA,0
TRAV14/DV4,TRAJ46,TRA,TRAV14/DV4_TRAJ46,0,0,NA,NA,NA,NA,NA,FALSE,NA,NA,NA,0
TRAV9-2,TRAJ46,TRA,TRAV9-2_TRAJ46,2,0.004697592483852,legacy_plot_age,20,-0.2382143132578591,0.3118311662162801,0.794309564628464,FALSE,FALSE,FALSE,-,0.004697592483852
TRAV12-3,TRAJ46,TRA,TRAV12-3_TRAJ46,2,0.004697592483852,legacy_plot_age,20,-0.2685324985815867,0.2523045952979368,0.7667833814744837,FALSE,FALSE,FALSE,-,0.004697592483852
TRAV8-6,TRAJ46,TRA,TRAV8-6_TRAJ46,0,0,NA,NA,NA,NA,NA,FALSE,NA,NA,NA,0
TRAV16,TRAJ46,TRA,TRAV16_TRAJ46,1,0.002348796241926,legacy_plot_age,20,-0.1194020984506189,0.616089875618355,0.9357275255362292,FALSE,FALSE,FALSE,-,0.002348796241926
TRAV17,TRAJ46,TRA,TRAV17_TRAJ46,5,0.01174398120963,legacy_plot_age,20,-0.1640968464323404,0.4893648014396534,0.8887028587254445,FALSE,FALSE,FALSE,-,0.01174398120963
TRAV18,TRAJ46,TRA,TRAV18_TRAJ46,0,0,NA,NA,NA,NA,NA,FALSE,NA,NA,NA,0
TRAV19,TRAJ46,TRA,TRAV19_TRAJ46,0,0,NA,NA,NA,NA,NA,FALSE,NA,NA,NA,0
TRAV20,TRAJ46,TRA,TRAV20_TRAJ46,1,0.002348796241926,legacy_plot_age,20,0.2985052461265474,0.2011136244258678,0.7474189055763873,FALSE,FALSE,FALSE,+,0.002348796241926
TRAV21,TRAJ46,TRA,TRAV21_TRAJ46,2,0.004697592483852,legacy_plot_age,20,0.1862402812743262,0.4317632824020566,0.8623775129663037,FALSE,FALSE,FALSE,+,0.004697592483852
TRAV22,TRAJ46,TRA,TRAV22_TRAJ46,0,0,NA,NA,NA,NA,NA,FALSE,NA,NA,NA,0
TRAV23/DV6,TRAJ46,TRA,TRAV23/DV6_TRAJ46,0,0,NA,NA,NA,NA,NA,FALSE,NA,NA,NA,0
TRAV24,TRAJ46,TRA,TRAV24_TRAJ46,1,0.002348796241926,legacy_plot_age,20,-0.0597010492253094,0.8025700622016751,0.9769790843883056,FALSE,FALSE,FALSE,-,0.002348796241926
TRAV25,TRAJ46,TRA,TRAV25_TRAJ46,3,0.007046388725778,legacy_plot_age,20,0.1147759872969684,0.6299190460776452,0.9410317352472912,FALSE,FALSE,FALSE,+,0.007046388725778
TRAV26-1,TRAJ46,TRA,TRAV26-1_TRAJ46,2,0.004697592483852,legacy_plot_age,20,-0.2685324985815867,0.2523045952979368,0.7667833814744837,FALSE,FALSE,FALSE,-,0.004697592483852
TRAV27,TRAJ46,TRA,TRAV27_TRAJ46,1,0.002348796241926,legacy_plot_age,20,0.0597010492253094,0.8025700622016751,0.9769790843883056,FALSE,FALSE,FALSE,+,0.002348796241926
TRAV29/DV5,TRAJ46,TRA,TRAV29/DV5_TRAJ46,8,0.0187903699354081,legacy_plot_age,20,0.0751286766798667,0.7529158877835869,0.9736263563895732,FALSE,FALSE,FALSE,+,0.0187903699354081
TRAV30,TRAJ46,TRA,TRAV30_TRAJ46,1,0.002348796241926,legacy_plot_age,20,0.3781066450936268,0.1002274023195977,0.6930623776207202,FALSE,FALSE,FALSE,+,0.002348796241926
TRAV26-2,TRAJ46,TRA,TRAV26-2_TRAJ46,1,0.002348796241926,legacy_plot_age,20,0.1791031476759284,0.4499246852756275,0.8629670393973627,FALSE,FALSE,FALSE,+,0.002348796241926
TRAV34,TRAJ46,TRA,TRAV34_TRAJ46,1,0.002348796241926,legacy_plot_age,20,-0.0597010492253094,0.8025700622016751,0.9769790843883056,FALSE,FALSE,FALSE,-,0.002348796241926
TRAV35,TRAJ46,TRA,TRAV35_TRAJ46,3,0.007046388725778,legacy_plot_age,20,0.1294612296483104,0.5864504543845956,0.9338352638166424,FALSE,FALSE,FALSE,+,0.007046388725778
TRAV36/DV7,TRAJ46,TRA,TRAV36/DV7_TRAJ46,4,0.009395184967704,legacy_plot_age,20,0.065093287494681,0.7851216809826606,0.9769790843883056,FALSE,FALSE,FALSE,+,0.009395184967704
TRAV38-1,TRAJ46,TRA,TRAV38-1_TRAJ46,2,0.004697592483852,legacy_plot_age,20,-0.1321006646248128,0.5787747417041612,0.9299360997660456,FALSE,FALSE,FALSE,-,0.004697592483852
TRAV38-2/DV8,TRAJ46,TRA,TRAV38-2/DV8_TRAJ46,9,0.0211391661773341,legacy_plot_age,20,0.307134208191601,0.1877676208799554,0.7474189055763873,FALSE,FALSE,FALSE,+,0.0211391661773341
TRAV39,TRAJ46,TRA,TRAV39_TRAJ46,0,0,NA,NA,NA,NA,NA,FALSE,NA,NA,NA,0
TRAV40,TRAJ46,TRA,TRAV40_TRAJ46,0,0,NA,NA,NA,NA,NA,FALSE,NA,NA,NA,0
TRAV41,TRAJ46,TRA,TRAV41_TRAJ46,1,0.002348796241926,legacy_plot_age,20,0.2985052461265474,0.2011136244258678,0.7474189055763873,FALSE,FALSE,FALSE,+,0.002348796241926
TRAV1-1,TRAJ45,TRA,TRAV1-1_TRAJ45,0,0,NA,NA,NA,NA,NA,FALSE,NA,NA,NA,0
TRAV1-2,TRAJ45,TRA,TRAV1-2_TRAJ45,1,0.002348796241926,legacy_plot_age,20,-0.1194020984506189,0.616089875618355,0.9357275255362292,FALSE,FALSE,FALSE,-,0.002348796241926
TRAV2,TRAJ45,TRA,TRAV2_TRAJ45,1,0.002348796241926,legacy_plot_age,20,-0.3781066450936268,0.1002274023195977,0.6930623776207202,FALSE,FALSE,FALSE,-,0.002348796241926
TRAV3,TRAJ45,TRA,TRAV3_TRAJ45,5,0.01174398120963,legacy_plot_age,20,0.5614019678207105,0.0100053991101594,0.6135926641385017,FALSE,FALSE,FALSE,+,0.01174398120963
TRAV4,TRAJ45,TRA,TRAV4_TRAJ45,1,0.002348796241926,legacy_plot_age,20,-0.2587045466430078,0.2707446686759674,0.7667833814744837,FALSE,FALSE,FALSE,-,0.002348796241926
TRAV5,TRAJ45,TRA,TRAV5_TRAJ45,5,0.01174398120963,legacy_plot_age,20,0.0024198360681927,0.9919215749153836,0.9953547826744688,FALSE,FALSE,FALSE,+,0.01174398120963
TRAV6,TRAJ45,TRA,TRAV6_TRAJ45,5,0.01174398120963,legacy_plot_age,20,0.2629503683795334,0.2626774971757638,0.7667833814744837,FALSE,FALSE,FALSE,+,0.01174398120963
TRAV8-1,TRAJ45,TRA,TRAV8-1_TRAJ45,10,0.0234879624192601,legacy_plot_age,20,0.4562884644685566,0.0431574672198286,0.6930623776207202,FALSE,FALSE,FALSE,+,0.0234879624192601
TRAV9-1,TRAJ45,TRA,TRAV9-1_TRAJ45,0,0,NA,NA,NA,NA,NA,FALSE,NA,NA,NA,0
TRAV10,TRAJ45,TRA,TRAV10_TRAJ45,4,0.009395184967704,legacy_plot_age,20,-0.1321006646248128,0.5787747417041612,0.9299360997660456,FALSE,FALSE,FALSE,-,0.009395184967704
TRAV12-1,TRAJ45,TRA,TRAV12-1_TRAJ45,9,0.0211391661773341,legacy_plot_age,20,0.3742094950380425,0.1040666349101104,0.6930623776207202,FALSE,FALSE,FALSE,+,0.0211391661773341
TRAV8-2,TRAJ45,TRA,TRAV8-2_TRAJ45,8,0.0187903699354081,legacy_plot_age,20,-0.0820484232161702,0.7309322139578617,0.968896788059294,FALSE,FALSE,FALSE,-,0.0187903699354081
TRAV8-3,TRAJ45,TRA,TRAV8-3_TRAJ45,28,0.0657662947739283,legacy_plot_age,20,0.2136473898880911,0.3657597094704704,0.8381636433650007,FALSE,FALSE,FALSE,+,0.0657662947739283
TRAV13-1,TRAJ45,TRA,TRAV13-1_TRAJ45,51,0.1197886083382266,legacy_plot_age,20,0.0113250936758997,0.9622044371203502,0.9918460955600318,FALSE,FALSE,FALSE,+,0.1197886083382266
TRAV12-2,TRAJ45,TRA,TRAV12-2_TRAJ45,27,0.0634174985320023,legacy_plot_age,20,-0.0891093483781856,0.7087064256718685,0.968896788059294,FALSE,FALSE,FALSE,-,0.0634174985320023
TRAV8-4,TRAJ45,TRA,TRAV8-4_TRAJ45,16,0.0375807398708162,legacy_plot_age,20,0.1150340884477562,0.6291442999108061,0.9410317352472912,FALSE,FALSE,FALSE,+,0.0375807398708162
TRAV13-2,TRAJ45,TRA,TRAV13-2_TRAJ45,22,0.0516735173223722,legacy_plot_age,20,0.1732939302201402,0.4649937104522846,0.8767029163052338,FALSE,FALSE,FALSE,+,0.0516735173223722
TRAV14/DV4,TRAJ45,TRA,TRAV14/DV4_TRAJ45,24,0.0563711098062243,legacy_plot_age,20,0.4103874323749664,0.0722932049562793,0.6930623776207202,FALSE,FALSE,FALSE,+,0.0563711098062243
TRAV9-2,TRAJ45,TRA,TRAV9-2_TRAJ45,38,0.0892542571931885,legacy_plot_age,20,-0.299721158476099,0.1991957993627664,0.7474189055763873,FALSE,FALSE,FALSE,-,0.0892542571931885
TRAV12-3,TRAJ45,TRA,TRAV12-3_TRAJ45,16,0.0375807398708162,legacy_plot_age,20,0.3552897860914096,0.1242309034386833,0.7306070030392695,FALSE,FALSE,FALSE,+,0.0375807398708162
TRAV8-6,TRAJ45,TRA,TRAV8-6_TRAJ45,15,0.0352319436288901,legacy_plot_age,20,0.1987217326663962,0.4009580316096712,0.8489172941666808,FALSE,FALSE,FALSE,+,0.0352319436288901
TRAV16,TRAJ45,TRA,TRAV16_TRAJ45,5,0.01174398120963,legacy_plot_age,20,0.3098655669168286,0.1836707246318153,0.7474189055763873,FALSE,FALSE,FALSE,+,0.01174398120963
TRAV17,TRAJ45,TRA,TRAV17_TRAJ45,28,0.0657662947739283,legacy_plot_age,20,0.5510258221214437,0.0117991633911773,0.6186841642182179,FALSE,FALSE,FALSE,+,0.0657662947739283
TRAV18,TRAJ45,TRA,TRAV18_TRAJ45,0,0,NA,NA,NA,NA,NA,FALSE,NA,NA,NA,0
TRAV19,TRAJ45,TRA,TRAV19_TRAJ45,40,0.0939518496770405,legacy_plot_age,20,0.0480223241357464,0.8406600597851226,0.9806093259447052,FALSE,FALSE,FALSE,+,0.0939518496770405
TRAV20,TRAJ45,TRA,TRAV20_TRAJ45,37,0.0869054609512624,legacy_plot_age,20,0.0483203996838389,0.8396832672730841,0.9806093259447052,FALSE,FALSE,FALSE,+,0.0869054609512624
TRAV21,TRAJ45,TRA,TRAV21_TRAJ45,56,0.1315325895478567,legacy_plot_age,20,0.3487761171925235,0.1317767599115157,0.7347211371704738,FALSE,FALSE,FALSE,+,0.1315325895478567
TRAV22,TRAJ45,TRA,TRAV22_TRAJ45,18,0.0422783323546682,legacy_plot_age,20,-0.1169134199077528,0.6235143672371286,0.9383529255477644,FALSE,FALSE,FALSE,-,0.0422783323546682
TRAV23/DV6,TRAJ45,TRA,TRAV23/DV6_TRAJ45,36,0.0845566647093364,legacy_plot_age,20,-0.0197049442133013,0.9342836852028228,0.9893902445573184,FALSE,FALSE,FALSE,-,0.0845566647093364
TRAV24,TRAJ45,TRA,TRAV24_TRAJ45,17,0.0399295361127422,legacy_plot_age,20,0.2949282857826674,0.2068266505918587,0.7474189055763873,FALSE,FALSE,FALSE,+,0.0399295361127422
TRAV25,TRAJ45,TRA,TRAV25_TRAJ45,10,0.0234879624192601,legacy_plot_age,20,0.3106644864466769,0.1824839128483437,0.7474189055763873,FALSE,FALSE,FALSE,+,0.0234879624192601
TRAV26-1,TRAJ45,TRA,TRAV26-1_TRAJ45,69,0.1620669406928949,legacy_plot_age,20,0.3133711981686604,0.1785016853138532,0.7474189055763873,FALSE,FALSE,FALSE,+,0.1620669406928949
TRAV27,TRAJ45,TRA,TRAV27_TRAJ45,29,0.0681150910158543,legacy_plot_age,20,0.3220081164140654,0.1661910402808695,0.7474189055763873,FALSE,FALSE,FALSE,+,0.0681150910158543
TRAV29/DV5,TRAJ45,TRA,TRAV29/DV5_TRAJ45,169,0.3969465648854962,legacy_plot_age,20,-0.0827378772313207,0.728752566908127,0.968896788059294,FALSE,FALSE,FALSE,-,0.3969465648854962
TRAV30,TRAJ45,TRA,TRAV30_TRAJ45,24,0.0563711098062243,legacy_plot_age,20,0.1703329137140539,0.4727719284698859,0.8800530088617496,FALSE,FALSE,FALSE,+,0.0563711098062243
TRAV26-2,TRAJ45,TRA,TRAV26-2_TRAJ45,14,0.0328831473869641,legacy_plot_age,20,0.3885505302598286,0.090448384983537,0.6930623776207202,FALSE,FALSE,FALSE,+,0.0328831473869641
TRAV34,TRAJ45,TRA,TRAV34_TRAJ45,4,0.009395184967704,legacy_plot_age,20,-0.4093883618467128,0.0730589728516734,0.6930623776207202,FALSE,FALSE,FALSE,-,0.009395184967704
TRAV35,TRAJ45,TRA,TRAV35_TRAJ45,40,0.0939518496770405,legacy_plot_age,20,-0.0251545507377719,0.9161637860693738,0.988931345470361,FALSE,FALSE,FALSE,-,0.0939518496770405
TRAV36/DV7,TRAJ45,TRA,TRAV36/DV7_TRAJ45,25,0.0587199060481503,legacy_plot_age,20,0.1498298778040289,0.5283741443190746,0.9122436022960736,FALSE,FALSE,FALSE,+,0.0587199060481503
TRAV38-1,TRAJ45,TRA,TRAV38-1_TRAJ45,46,0.1080446271285966,legacy_plot_age,20,0.1554205652198567,0.5129174794036298,0.9027759825667409,FALSE,FALSE,FALSE,+,0.1080446271285966
TRAV38-2/DV8,TRAJ45,TRA,TRAV38-2/DV8_TRAJ45,82,0.192601291837933,legacy_plot_age,20,0.3691151132275087,0.1092447586198435,0.6947222648648491,FALSE,FALSE,FALSE,+,0.192601291837933
TRAV39,TRAJ45,TRA,TRAV39_TRAJ45,18,0.0422783323546682,legacy_plot_age,20,0.0898979266824173,0.706237844579763,0.968896788059294,FALSE,FALSE,FALSE,+,0.0422783323546682
TRAV40,TRAJ45,TRA,TRAV40_TRAJ45,5,0.01174398120963,legacy_plot_age,20,-0.0098853521947193,0.9670066418430426,0.9919531703851348,FALSE,FALSE,FALSE,-,0.01174398120963
TRAV41,TRAJ45,TRA,TRAV41_TRAJ45,44,0.1033470346447445,legacy_plot_age,20,0.5156692653759691,0.0199535824332589,0.6186841642182179,FALSE,FALSE,FALSE,+,0.1033470346447445
TRAV1-1,TRAJ44,TRA,TRAV1-1_TRAJ44,3,0.007046388725778,legacy_plot_age,20,0.0362975410228907,0.8792462992006638,0.98229559546794,FALSE,FALSE,FALSE,+,0.007046388725778
TRAV1-2,TRAJ44,TRA,TRAV1-2_TRAJ44,0,0,NA,NA,NA,NA,NA,FALSE,NA,NA,NA,0
TRAV2,TRAJ44,TRA,TRAV2_TRAJ44,0,0,NA,NA,NA,NA,NA,FALSE,NA,NA,NA,0
TRAV3,TRAJ44,TRA,TRAV3_TRAJ44,6,0.014092777451556,legacy_plot_age,20,0.1463032124818456,0.5382344672078587,0.91269287641805,FALSE,FALSE,FALSE,+,0.014092777451556
TRAV4,TRAJ44,TRA,TRAV4_TRAJ44,8,0.0187903699354081,legacy_plot_age,20,0.2109341257407834,0.372023262215257,0.8400154874741859,FALSE,FALSE,FALSE,+,0.0187903699354081
TRAV5,TRAJ44,TRA,TRAV5_TRAJ44,2,0.004697592483852,legacy_plot_age,20,-0.4027987478723799,0.0782624317023139,0.6930623776207202,FALSE,FALSE,FALSE,-,0.004697592483852
TRAV6,TRAJ44,TRA,TRAV6_TRAJ44,1,0.002348796241926,legacy_plot_age,20,-0.2985052461265474,0.2011136244258678,0.7474189055763873,FALSE,FALSE,FALSE,-,0.002348796241926
TRAV8-1,TRAJ44,TRA,TRAV8-1_TRAJ44,5,0.01174398120963,legacy_plot_age,20,0.0952191065004838,0.6896551580734054,0.9674947271323688,FALSE,FALSE,FALSE,+,0.01174398120963
TRAV9-1,TRAJ44,TRA,TRAV9-1_TRAJ44,0,0,NA,NA,NA,NA,NA,FALSE,NA,NA,NA,0
TRAV10,TRAJ44,TRA,TRAV10_TRAJ44,7,0.016441573693482,legacy_plot_age,20,0.1957299734554421,0.4082296104912528,0.851528244498423,FALSE,FALSE,FALSE,+,0.016441573693482
TRAV12-1,TRAJ44,TRA,TRAV12-1_TRAJ44,8,0.0187903699354081,legacy_plot_age,20,-0.1670624520907561,0.481438435762012,0.8838414810377652,FALSE,FALSE,FALSE,-,0.0187903699354081
TRAV8-2,TRAJ44,TRA,TRAV8-2_TRAJ44,4,0.009395184967704,legacy_plot_age,20,0.5057457382522781,0.0229072191860184,0.6186841642182179,FALSE,FALSE,FALSE,+,0.009395184967704
TRAV8-3,TRAJ44,TRA,TRAV8-3_TRAJ44,21,0.0493247210804462,legacy_plot_age,20,0.2985611981608396,0.2010251037341019,0.7474189055763873,FALSE,FALSE,FALSE,+,0.0493247210804462
TRAV13-1,TRAJ44,TRA,TRAV13-1_TRAJ44,25,0.0587199060481503,legacy_plot_age,20,0.0613911232618434,0.7970911708846931,0.9769790843883056,FALSE,FALSE,FALSE,+,0.0587199060481503
TRAV12-2,TRAJ44,TRA,TRAV12-2_TRAJ44,14,0.0328831473869641,legacy_plot_age,20,0.054247324026532,0.820309352401974,0.9792882511805724,FALSE,FALSE,FALSE,+,0.0328831473869641
TRAV8-4,TRAJ44,TRA,TRAV8-4_TRAJ44,23,0.0540223135642983,legacy_plot_age,20,0.090686504986649,0.7037720847107762,0.968896788059294,FALSE,FALSE,FALSE,+,0.0540223135642983
TRAV13-2,TRAJ44,TRA,TRAV13-2_TRAJ44,11,0.0258367586611861,legacy_plot_age,20,-0.3750920646018115,0.1031879831477763,0.6930623776207202,FALSE,FALSE,FALSE,-,0.0258367586611861
TRAV14/DV4,TRAJ44,TRA,TRAV14/DV4_TRAJ44,14,0.0328831473869641,legacy_plot_age,20,0.3532102615522955,0.1266056596792826,0.7306070030392695,FALSE,FALSE,FALSE,+,0.0328831473869641
TRAV9-2,TRAJ44,TRA,TRAV9-2_TRAJ44,33,0.0775102759835584,legacy_plot_age,20,0.0363783585476332,0.8789793292705994,0.98229559546794,FALSE,FALSE,FALSE,+,0.0775102759835584
TRAV12-3,TRAJ44,TRA,TRAV12-3_TRAJ44,9,0.0211391661773341,legacy_plot_age,20,-0.1168433575483016,0.6237238959269251,0.9383529255477644,FALSE,FALSE,FALSE,-,0.0211391661773341
TRAV8-6,TRAJ44,TRA,TRAV8-6_TRAJ44,13,0.0305343511450381,legacy_plot_age,20,-0.033756691663506,0.8876459129458423,0.9830917100367932,FALSE,FALSE,FALSE,-,0.0305343511450381
TRAV16,TRAJ44,TRA,TRAV16_TRAJ44,4,0.009395184967704,legacy_plot_age,20,-0.1742281969098756,0.4625530851807053,0.8767029163052338,FALSE,FALSE,FALSE,-,0.009395184967704
TRAV17,TRAJ44,TRA,TRAV17_TRAJ44,30,0.0704638872577803,legacy_plot_age,20,0.1094759055336977,0.6459096932897503,0.9497740468392502,FALSE,FALSE,FALSE,+,0.0704638872577803
TRAV18,TRAJ44,TRA,TRAV18_TRAJ44,0,0,NA,NA,NA,NA,NA,FALSE,NA,NA,NA,0
TRAV19,TRAJ44,TRA,TRAV19_TRAJ44,33,0.0775102759835584,legacy_plot_age,20,0.2510042128300686,0.2857668311900914,0.7703108658939515,FALSE,FALSE,FALSE,+,0.0775102759835584
TRAV20,TRAJ44,TRA,TRAV20_TRAJ44,18,0.0422783323546682,legacy_plot_age,20,-0.1135552758093692,0.633588306043138,0.9436318987263478,FALSE,FALSE,FALSE,-,0.0422783323546682
TRAV21,TRAJ44,TRA,TRAV21_TRAJ44,44,0.1033470346447445,legacy_plot_age,20,0.0228677733979744,0.9237629575795236,0.9892368769288012,FALSE,FALSE,FALSE,+,0.1033470346447445
TRAV22,TRAJ44,TRA,TRAV22_TRAJ44,13,0.0305343511450381,legacy_plot_age,20,0.2126644956174387,0.3680217304894162,0.8400154874741859,FALSE,FALSE,FALSE,+,0.0305343511450381
TRAV23/DV6,TRAJ44,TRA,TRAV23/DV6_TRAJ44,26,0.0610687022900763,legacy_plot_age,20,0.0839271052187226,0.7249976429963261,0.968896788059294,FALSE,FALSE,FALSE,+,0.0610687022900763
TRAV24,TRAJ44,TRA,TRAV24_TRAJ44,15,0.0352319436288901,legacy_plot_age,20,0.0450110477522173,0.8505403486245903,0.9806093259447052,FALSE,FALSE,FALSE,+,0.0352319436288901
TRAV25,TRAJ44,TRA,TRAV25_TRAJ44,16,0.0375807398708162,legacy_plot_age,20,-0.0246198418080068,0.9179400696658676,0.9892118482027,FALSE,FALSE,FALSE,-,0.0375807398708162
TRAV26-1,TRAJ44,TRA,TRAV26-1_TRAJ44,82,0.192601291837933,legacy_plot_age,20,-0.018811136192626,0.9372587934668314,0.9899644777713532,FALSE,FALSE,FALSE,-,0.192601291837933
TRAV27,TRAJ44,TRA,TRAV27_TRAJ44,26,0.0610687022900763,legacy_plot_age,20,0.5108127846063508,0.0213586038736922,0.6186841642182179,FALSE,FALSE,FALSE,+,0.0610687022900763
TRAV29/DV5,TRAJ44,TRA,TRAV29/DV5_TRAJ44,93,0.2184380504991192,legacy_plot_age,20,-0.0037664807472194,0.9874261909663596,0.9950530667977164,FALSE,FALSE,FALSE,-,0.2184380504991192
TRAV30,TRAJ44,TRA,TRAV30_TRAJ44,7,0.016441573693482,legacy_plot_age,20,-0.0029656056584157,0.9900996453090244,0.9953547826744688,FALSE,FALSE,FALSE,-,0.016441573693482
TRAV26-2,TRAJ44,TRA,TRAV26-2_TRAJ44,4,0.009395184967704,legacy_plot_age,20,0.0779610479752993,0.7438943815265227,0.9706546605732114,FALSE,FALSE,FALSE,+,0.009395184967704
TRAV34,TRAJ44,TRA,TRAV34_TRAJ44,6,0.014092777451556,legacy_plot_age,20,-0.0064555326441005,0.9784507897996576,0.9934447573962428,FALSE,FALSE,FALSE,-,0.014092777451556
TRAV35,TRAJ44,TRA,TRAV35_TRAJ44,36,0.0845566647093364,legacy_plot_age,20,0.4916571280564515,0.027684560462234,0.6186841642182179,FALSE,FALSE,FALSE,+,0.0845566647093364
TRAV36/DV7,TRAJ44,TRA,TRAV36/DV7_TRAJ44,26,0.0610687022900763,legacy_plot_age,20,0.3455755456505007,0.1356009743145217,0.7387368079116571,FALSE,FALSE,FALSE,+,0.0610687022900763
TRAV38-1,TRAJ44,TRA,TRAV38-1_TRAJ44,18,0.0422783323546682,legacy_plot_age,20,0.3310458039182948,0.1539473317974009,0.7474189055763873,FALSE,FALSE,FALSE,+,0.0422783323546682
TRAV38-2/DV8,TRAJ44,TRA,TRAV38-2/DV8_TRAJ44,47,0.1103934233705226,legacy_plot_age,20,0.4182734597632312,0.0664577401561751,0.6930623776207202,FALSE,FALSE,FALSE,+,0.1103934233705226
TRAV39,TRAJ44,TRA,TRAV39_TRAJ44,14,0.0328831473869641,legacy_plot_age,20,-0.0469300347517036,0.8442413945714935,0.9806093259447052,FALSE,FALSE,FALSE,-,0.0328831473869641
TRAV40,TRAJ44,TRA,TRAV40_TRAJ44,3,0.007046388725778,legacy_plot_age,20,-0.0943736066595159,0.6922811777717848,0.9677101892138448,FALSE,FALSE,FALSE,-,0.007046388725778
TRAV41,TRAJ44,TRA,TRAV41_TRAJ44,10,0.0234879624192601,legacy_plot_age,20,-0.0441284781884484,0.8534402799827979,0.9806093259447052,FALSE,FALSE,FALSE,-,0.0234879624192601
TRAV1-1,TRAJ43,TRA,TRAV1-1_TRAJ43,1,0.002348796241926,legacy_plot_age,20,-0.2985052461265474,0.2011136244258678,0.7474189055763873,FALSE,FALSE,FALSE,-,0.002348796241926
TRAV1-2,TRAJ43,TRA,TRAV1-2_TRAJ43,1,0.002348796241926,legacy_plot_age,20,-0.0597010492253094,0.8025700622016751,0.9769790843883056,FALSE,FALSE,FALSE,-,0.002348796241926
TRAV2,TRAJ43,TRA,TRAV2_TRAJ43,2,0.004697592483852,legacy_plot_age,20,0.1791031476759284,0.4499246852756275,0.8629670393973627,FALSE,FALSE,FALSE,+,0.004697592483852
TRAV3,TRAJ43,TRA,TRAV3_TRAJ43,6,0.014092777451556,legacy_plot_age,20,0.1191616781345775,0.616805573807734,0.9357275255362292,FALSE,FALSE,FALSE,+,0.014092777451556
TRAV4,TRAJ43,TRA,TRAV4_TRAJ43,13,0.0305343511450381,legacy_plot_age,20,0.2865240210414593,0.2206699064683631,0.7629876448031567,FALSE,FALSE,FALSE,+,0.0305343511450381
TRAV5,TRAJ43,TRA,TRAV5_TRAJ43,4,0.009395184967704,legacy_plot_age,20,0.3460365577515586,0.1350453619276051,0.7387368079116571,FALSE,FALSE,FALSE,+,0.009395184967704
TRAV6,TRAJ43,TRA,TRAV6_TRAJ43,0,0,NA,NA,NA,NA,NA,FALSE,NA,NA,NA,0
TRAV8-1,TRAJ43,TRA,TRAV8-1_TRAJ43,9,0.0211391661773341,legacy_plot_age,20,-0.1200294606725796,0.6142238760768004,0.9357275255362292,FALSE,FALSE,FALSE,-,0.0211391661773341
TRAV9-1,TRAJ43,TRA,TRAV9-1_TRAJ43,0,0,NA,NA,NA,NA,NA,FALSE,NA,NA,NA,0
TRAV10,TRAJ43,TRA,TRAV10_TRAJ43,2,0.004697592483852,legacy_plot_age,20,0.0541396166495134,0.820660568184026,0.9792882511805724,FALSE,FALSE,FALSE,+,0.004697592483852
TRAV12-1,TRAJ43,TRA,TRAV12-1_TRAJ43,30,0.0704638872577803,legacy_plot_age,20,0.1001494446374298,0.6744109156860296,0.9633738408741314,FALSE,FALSE,FALSE,+,0.0704638872577803
TRAV8-2,TRAJ43,TRA,TRAV8-2_TRAJ43,3,0.007046388725778,legacy_plot_age,20,0.0024198360681927,0.9919215749153836,0.9953547826744688,FALSE,FALSE,FALSE,+,0.007046388725778
TRAV8-3,TRAJ43,TRA,TRAV8-3_TRAJ43,23,0.0540223135642983,legacy_plot_age,20,0.0667041169511431,0.7799279952982797,0.9769790843883056,FALSE,FALSE,FALSE,+,0.0540223135642983
TRAV13-1,TRAJ43,TRA,TRAV13-1_TRAJ43,39,0.0916030534351145,legacy_plot_age,20,0.1250104945755938,0.599490175789422,0.9357275255362292,FALSE,FALSE,FALSE,+,0.0916030534351145
TRAV12-2,TRAJ43,TRA,TRAV12-2_TRAJ43,24,0.0563711098062243,legacy_plot_age,20,0.275897168956204,0.2390241655072283,0.7667833814744837,FALSE,FALSE,FALSE,+,0.0563711098062243
TRAV8-4,TRAJ43,TRA,TRAV8-4_TRAJ43,33,0.0775102759835584,legacy_plot_age,20,0.0153703158192871,0.9487189656029368,0.9901782203442352,FALSE,FALSE,FALSE,+,0.0775102759835584
TRAV13-2,TRAJ43,TRA,TRAV13-2_TRAJ43,12,0.0281855549031121,legacy_plot_age,20,0.139445991075497,0.5576446413721488,0.9212318165168584,FALSE,FALSE,FALSE,+,0.0281855549031121
TRAV14/DV4,TRAJ43,TRA,TRAV14/DV4_TRAJ43,16,0.0375807398708162,legacy_plot_age,20,0.0792644882621269,0.7397534294983995,0.9692922059852886,FALSE,FALSE,FALSE,+,0.0375807398708162
TRAV9-2,TRAJ43,TRA,TRAV9-2_TRAJ43,34,0.0798590722254844,legacy_plot_age,20,-0.2812767794929545,0.2296136366147035,0.7667833814744837,FALSE,FALSE,FALSE,-,0.0798590722254844
TRAV12-3,TRAJ43,TRA,TRAV12-3_TRAJ43,11,0.0258367586611861,legacy_plot_age,20,0.2708347881028343,0.2481035239673353,0.7667833814744837,FALSE,FALSE,FALSE,+,0.0258367586611861
TRAV8-6,TRAJ43,TRA,TRAV8-6_TRAJ43,17,0.0399295361127422,legacy_plot_age,20,0.1416134381981231,0.5514759247513995,0.9157441054943444,FALSE,FALSE,FALSE,+,0.0399295361127422
TRAV16,TRAJ43,TRA,TRAV16_TRAJ43,9,0.0211391661773341,legacy_plot_age,20,0.0600147303362898,0.8015524904997471,0.9769790843883056,FALSE,FALSE,FALSE,+,0.0211391661773341
TRAV17,TRAJ43,TRA,TRAV17_TRAJ43,29,0.0681150910158543,legacy_plot_age,20,0.2051937161874832,0.3854734115802855,0.8437605842221145,FALSE,FALSE,FALSE,+,0.0681150910158543
TRAV18,TRAJ43,TRA,TRAV18_TRAJ43,0,0,NA,NA,NA,NA,NA,FALSE,NA,NA,NA,0
TRAV19,TRAJ43,TRA,TRAV19_TRAJ43,33,0.0775102759835584,legacy_plot_age,20,0.3041413861930607,0.1923269399041076,0.7474189055763873,FALSE,FALSE,FALSE,+,0.0775102759835584
TRAV20,TRAJ43,TRA,TRAV20_TRAJ43,19,0.0446271285965942,legacy_plot_age,20,-0.2615926514168326,0.265240514177565,0.7667833814744837,FALSE,FALSE,FALSE,-,0.0446271285965942
TRAV21,TRAJ43,TRA,TRAV21_TRAJ43,38,0.0892542571931885,legacy_plot_age,20,0.2758692189862191,0.239073697435569,0.7667833814744837,FALSE,FALSE,FALSE,+,0.0892542571931885
TRAV22,TRAJ43,TRA,TRAV22_TRAJ43,29,0.0681150910158543,legacy_plot_age,20,0.1096123842882106,0.6454960095767321,0.9497740468392502,FALSE,FALSE,FALSE,+,0.0681150910158543
TRAV23/DV6,TRAJ43,TRA,TRAV23/DV6_TRAJ43,27,0.0634174985320023,legacy_plot_age,20,0.0491850106217188,0.8368512214006225,0.9806093259447052,FALSE,FALSE,FALSE,+,0.0634174985320023
TRAV24,TRAJ43,TRA,TRAV24_TRAJ43,11,0.0258367586611861,legacy_plot_age,20,0.0700392051434678,0.7692036141356747,0.9769790843883056,FALSE,FALSE,FALSE,+,0.0258367586611861
TRAV25,TRAJ43,TRA,TRAV25_TRAJ43,12,0.0281855549031121,legacy_plot_age,20,0.2074038474857075,0.3802631378119445,0.8418268786176194,FALSE,FALSE,FALSE,+,0.0281855549031121
TRAV26-1,TRAJ43,TRA,TRAV26-1_TRAJ43,62,0.1456253669994127,legacy_plot_age,20,0.1858540255831452,0.4327361013517524,0.8623775129663037,FALSE,FALSE,FALSE,+,0.1456253669994127
TRAV27,TRAJ43,TRA,TRAV27_TRAJ43,14,0.0328831473869641,legacy_plot_age,20,0.432969631795983,0.0565372988100636,0.6930623776207202,FALSE,FALSE,FALSE,+,0.0328831473869641
TRAV29/DV5,TRAJ43,TRA,TRAV29/DV5_TRAJ43,98,0.2301820317087492,legacy_plot_age,20,0.4349134687735138,0.0553145078455527,0.6930623776207202,FALSE,FALSE,FALSE,+,0.2301820317087492
TRAV30,TRAJ43,TRA,TRAV30_TRAJ43,13,0.0305343511450381,legacy_plot_age,20,0.1300867629959503,0.5846274531389677,0.9331325204020672,FALSE,FALSE,FALSE,+,0.0305343511450381
TRAV26-2,TRAJ43,TRA,TRAV26-2_TRAJ43,13,0.0305343511450381,legacy_plot_age,20,0.1623927997334901,0.4939481700744408,0.89207662571824,FALSE,FALSE,FALSE,+,0.0305343511450381
TRAV34,TRAJ43,TRA,TRAV34_TRAJ43,1,0.002348796241926,legacy_plot_age,20,-0.1194020984506189,0.616089875618355,0.9357275255362292,FALSE,FALSE,FALSE,-,0.002348796241926
TRAV35,TRAJ43,TRA,TRAV35_TRAJ43,34,0.0798590722254844,legacy_plot_age,20,0.2917847508508087,0.2119354133129039,0.7513724707488281,FALSE,FALSE,FALSE,+,0.0798590722254844
TRAV36/DV7,TRAJ43,TRA,TRAV36/DV7_TRAJ43,14,0.0328831473869641,legacy_plot_age,20,0.1354091299440378,0.5692148831349175,0.9259796561055972,FALSE,FALSE,FALSE,+,0.0328831473869641
TRAV38-1,TRAJ43,TRA,TRAV38-1_TRAJ43,37,0.0869054609512624,legacy_plot_age,20,0.2401116206787321,0.3078770845968508,0.794309564628464,FALSE,FALSE,FALSE,+,0.0869054609512624
TRAV38-2/DV8,TRAJ43,TRA,TRAV38-2/DV8_TRAJ43,44,0.1033470346447445,legacy_plot_age,20,0.0356204760778909,0.8814833833057708,0.98229559546794,FALSE,FALSE,FALSE,+,0.1033470346447445
TRAV39,TRAJ43,TRA,TRAV39_TRAJ43,18,0.0422783323546682,legacy_plot_age,20,0.3499956979785885,0.130339829735512,0.7329742723919456,FALSE,FALSE,FALSE,+,0.0422783323546682
TRAV40,TRAJ43,TRA,TRAV40_TRAJ43,4,0.009395184967704,legacy_plot_age,20,-0.0312017411131528,0.8961037856001239,0.9835748455116716,FALSE,FALSE,FALSE,-,0.009395184967704
TRAV41,TRAJ43,TRA,TRAV41_TRAJ43,8,0.0187903699354081,legacy_plot_age,20,0.1752650363224525,0.4598521697449474,0.8738626264233391,FALSE,FALSE,FALSE,+,0.0187903699354081
TRAV1-1,TRAJ42,TRA,TRAV1-1_TRAJ42,4,0.009395184967704,legacy_plot_age,20,-0.1935868854554174,0.4134822533754021,0.851528244498423,FALSE,FALSE,FALSE,-,0.009395184967704
TRAV1-2,TRAJ42,TRA,TRAV1-2_TRAJ42,6,0.014092777451556,legacy_plot_age,20,-0.2669045092574211,0.2553024202758703,0.7667833814744837,FALSE,FALSE,FALSE,-,0.014092777451556
TRAV2,TRAJ42,TRA,TRAV2_TRAJ42,16,0.0375807398708162,legacy_plot_age,20,-0.0238766843473579,0.9204094317446606,0.9892368769288012,FALSE,FALSE,FALSE,-,0.0375807398708162
TRAV3,TRAJ42,TRA,TRAV3_TRAJ42,5,0.01174398120963,legacy_plot_age,20,0.0516442611528047,0.8288065773760123,0.980577174620276,FALSE,FALSE,FALSE,+,0.01174398120963
TRAV4,TRAJ42,TRA,TRAV4_TRAJ42,9,0.0211391661773341,legacy_plot_age,20,0.1844570388277144,0.4362641948644324,0.8629670393973627,FALSE,FALSE,FALSE,+,0.0211391661773341
TRAV5,TRAJ42,TRA,TRAV5_TRAJ42,6,0.014092777451556,legacy_plot_age,20,0.2085809313085772,0.3775044459171954,0.8404734933560314,FALSE,FALSE,FALSE,+,0.014092777451556
TRAV6,TRAJ42,TRA,TRAV6_TRAJ42,1,0.002348796241926,legacy_plot_age,20,-0.2985052461265474,0.2011136244258678,0.7474189055763873,FALSE,FALSE,FALSE,-,0.002348796241926
TRAV8-1,TRAJ42,TRA,TRAV8-1_TRAJ42,16,0.0375807398708162,legacy_plot_age,20,0.5296146153108837,0.0163241117742111,0.6186841642182179,FALSE,FALSE,FALSE,+,0.0375807398708162
TRAV9-1,TRAJ42,TRA,TRAV9-1_TRAJ42,1,0.002348796241926,legacy_plot_age,20,-0.2985052461265474,0.2011136244258678,0.7474189055763873,FALSE,FALSE,FALSE,-,0.002348796241926
TRAV10,TRAJ42,TRA,TRAV10_TRAJ42,9,0.0211391661773341,legacy_plot_age,20,0.1381719069420393,0.5612850349002763,0.921457412143848,FALSE,FALSE,FALSE,+,0.0211391661773341
TRAV12-1,TRAJ42,TRA,TRAV12-1_TRAJ42,32,0.0751614797416324,legacy_plot_age,20,-0.0318310637291791,0.8940194481681348,0.9835748455116716,FALSE,FALSE,FALSE,-,0.0751614797416324
TRAV8-2,TRAJ42,TRA,TRAV8-2_TRAJ42,9,0.0211391661773341,legacy_plot_age,20,0.2945834954026352,0.2073829666468974,0.7474189055763873,FALSE,FALSE,FALSE,+,0.0211391661773341
TRAV8-3,TRAJ42,TRA,TRAV8-3_TRAJ42,35,0.0822078684674104,legacy_plot_age,20,-0.1553659062971838,0.5130675458546105,0.9027759825667409,FALSE,FALSE,FALSE,-,0.0822078684674104
TRAV13-1,TRAJ42,TRA,TRAV13-1_TRAJ42,46,0.1080446271285966,legacy_plot_age,20,-0.1974251103358464,0.4041007476966465,0.8489172941666808,FALSE,FALSE,FALSE,-,0.1080446271285966
TRAV12-2,TRAJ42,TRA,TRAV12-2_TRAJ42,33,0.0775102759835584,legacy_plot_age,20,-0.0307545538650375,0.8975852838408394,0.9835748455116716,FALSE,FALSE,FALSE,-,0.0775102759835584
TRAV8-4,TRAJ42,TRA,TRAV8-4_TRAJ42,46,0.1080446271285966,legacy_plot_age,20,-0.0159155318645895,0.9469023384654492,0.9901782203442352,FALSE,FALSE,FALSE,-,0.1080446271285966
TRAV13-2,TRAJ42,TRA,TRAV13-2_TRAJ42,32,0.0751614797416324,legacy_plot_age,20,-0.1915558466334734,0.4184938185887992,0.8541035355845672,FALSE,FALSE,FALSE,-,0.0751614797416324
TRAV14/DV4,TRAJ42,TRA,TRAV14/DV4_TRAJ42,38,0.0892542571931885,legacy_plot_age,20,0.2793679650119217,0.232924720422937,0.7667833814744837,FALSE,FALSE,FALSE,+,0.0892542571931885
TRAV9-2,TRAJ42,TRA,TRAV9-2_TRAJ42,64,0.1503229594832648,legacy_plot_age,20,-0.0700565418982822,0.769147969187047,0.9769790843883056,FALSE,FALSE,FALSE,-,0.1503229594832648
TRAV12-3,TRAJ42,TRA,TRAV12-3_TRAJ42,22,0.0516735173223722,legacy_plot_age,20,0.3595917067296694,0.119419310319409,0.7145152159383996,FALSE,FALSE,FALSE,+,0.0516735173223722
TRAV8-6,TRAJ42,TRA,TRAV8-6_TRAJ42,30,0.0704638872577803,legacy_plot_age,20,0.1543574704363278,0.5158399576031025,0.902950623460887,FALSE,FALSE,FALSE,+,0.0704638872577803
TRAV16,TRAJ42,TRA,TRAV16_TRAJ42,16,0.0375807398708162,legacy_plot_age,20,0.0831567282442467,0.7274293836609254,0.968896788059294,FALSE,FALSE,FALSE,+,0.0375807398708162
TRAV17,TRAJ42,TRA,TRAV17_TRAJ42,13,0.0305343511450381,legacy_plot_age,20,0.1702164925001855,0.473079082944589,0.8800530088617496,FALSE,FALSE,FALSE,+,0.0305343511450381
TRAV18,TRAJ42,TRA,TRAV18_TRAJ42,0,0,NA,NA,NA,NA,NA,FALSE,NA,NA,NA,0
TRAV19,TRAJ42,TRA,TRAV19_TRAJ42,53,0.1244862008220786,legacy_plot_age,20,0.2111457743746311,0.3715325002874704,0.8400154874741859,FALSE,FALSE,FALSE,+,0.1244862008220786
TRAV20,TRAJ42,TRA,TRAV20_TRAJ42,69,0.1620669406928949,legacy_plot_age,20,-0.5167611585185121,0.0196480663604838,0.6186841642182179,FALSE,FALSE,FALSE,-,0.1620669406928949
TRAV21,TRAJ42,TRA,TRAV21_TRAJ42,59,0.1385789782736347,legacy_plot_age,20,-0.075788246974236,0.7508122592084604,0.9717854439622732,FALSE,FALSE,FALSE,-,0.1385789782736347
TRAV22,TRAJ42,TRA,TRAV22_TRAJ42,29,0.0681150910158543,legacy_plot_age,20,-0.1333873146746554,0.5750487636561035,0.9285234574876192,FALSE,FALSE,FALSE,-,0.0681150910158543
TRAV23/DV6,TRAJ42,TRA,TRAV23/DV6_TRAJ42,36,0.0845566647093364,legacy_plot_age,20,0.2313232530802713,0.3264481400377329,0.8076599368569448,FALSE,FALSE,FALSE,+,0.0845566647093364
TRAV24,TRAJ42,TRA,TRAV24_TRAJ42,28,0.0657662947739283,legacy_plot_age,20,-0.0853052527970435,0.7206537686805339,0.968896788059294,FALSE,FALSE,FALSE,-,0.0657662947739283
TRAV25,TRAJ42,TRA,TRAV25_TRAJ42,23,0.0540223135642983,legacy_plot_age,20,0.1052866633621168,0.6586559906485254,0.9502999073148214,FALSE,FALSE,FALSE,+,0.0540223135642983
TRAV26-1,TRAJ42,TRA,TRAV26-1_TRAJ42,89,0.2090428655314151,legacy_plot_age,20,-0.0571858540255831,0.810740212233289,0.9774706427824436,FALSE,FALSE,FALSE,-,0.2090428655314151
TRAV27,TRAJ42,TRA,TRAV27_TRAJ42,47,0.1103934233705226,legacy_plot_age,20,0.0750303645044936,0.7532295879273447,0.9736263563895732,FALSE,FALSE,FALSE,+,0.1103934233705226
TRAV29/DV5,TRAJ42,TRA,TRAV29/DV5_TRAJ42,124,0.2912507339988255,legacy_plot_age,20,0.2226401060042813,0.3454345170953778,0.8304822298446632,FALSE,FALSE,FALSE,+,0.2912507339988255
TRAV30,TRAJ42,TRA,TRAV30_TRAJ42,23,0.0540223135642983,legacy_plot_age,20,0.0876108001699366,0.7134052064421719,0.968896788059294,FALSE,FALSE,FALSE,+,0.0540223135642983
TRAV26-2,TRAJ42,TRA,TRAV26-2_TRAJ42,15,0.0352319436288901,legacy_plot_age,20,0.0458936173159863,0.8476422636331028,0.9806093259447052,FALSE,FALSE,FALSE,+,0.0352319436288901
TRAV34,TRAJ42,TRA,TRAV34_TRAJ42,3,0.007046388725778,legacy_plot_age,20,0.3133687708309569,0.1785052298279551,0.7474189055763873,FALSE,FALSE,FALSE,+,0.007046388725778
TRAV35,TRAJ42,TRA,TRAV35_TRAJ42,51,0.1197886083382266,legacy_plot_age,20,0.0137206640387846,0.954216954777003,0.9901782203442352,FALSE,FALSE,FALSE,+,0.1197886083382266
TRAV36/DV7,TRAJ42,TRA,TRAV36/DV7_TRAJ42,32,0.0751614797416324,legacy_plot_age,20,0.2576800397124025,0.2727142292028049,0.7686775857063849,FALSE,FALSE,FALSE,+,0.0751614797416324
TRAV38-1,TRAJ42,TRA,TRAV38-1_TRAJ42,41,0.0963006459189665,legacy_plot_age,20,0.2713642443226306,0.2471437699533651,0.7667833814744837,FALSE,FALSE,FALSE,+,0.0963006459189665
TRAV38-2/DV8,TRAJ42,TRA,TRAV38-2/DV8_TRAJ42,60,0.1409277745155607,legacy_plot_age,20,0.4436348039207051,0.0500743129708355,0.6930623776207202,FALSE,FALSE,FALSE,+,0.1409277745155607
TRAV39,TRAJ42,TRA,TRAV39_TRAJ42,11,0.0258367586611861,legacy_plot_age,20,0.3243935735468635,0.1628964232607655,0.7474189055763873,FALSE,FALSE,FALSE,+,0.0258367586611861
TRAV40,TRAJ42,TRA,TRAV40_TRAJ42,3,0.007046388725778,legacy_plot_age,20,-0.4089522955245692,0.0733951022550605,0.6930623776207202,FALSE,FALSE,FALSE,-,0.007046388725778
TRAV41,TRAJ42,TRA,TRAV41_TRAJ42,28,0.0657662947739283,legacy_plot_age,20,0.3431645534715438,0.1385329875920969,0.7387368079116571,FALSE,FALSE,FALSE,+,0.0657662947739283
TRAV1-1,TRAJ41,TRA,TRAV1-1_TRAJ41,4,0.009395184967704,legacy_plot_age,20,0.0731627032998067,0.759196050192152,0.9769790843883056,FALSE,FALSE,FALSE,+,0.009395184967704
TRAV1-2,TRAJ41,TRA,TRAV1-2_TRAJ41,4,0.009395184967704,legacy_plot_age,20,0.4137919676609548,0.0697287224272488,0.6930623776207202,FALSE,FALSE,FALSE,+,0.009395184967704
TRAV2,TRAJ41,TRA,TRAV2_TRAJ41,5,0.01174398120963,legacy_plot_age,20,0.0217477748283824,0.9274871768863624,0.9892368769288012,FALSE,FALSE,FALSE,+,0.01174398120963
TRAV3,TRAJ41,TRA,TRAV3_TRAJ41,3,0.007046388725778,legacy_plot_age,20,0.2032662297281882,0.3900497118535762,0.8437605842221145,FALSE,FALSE,FALSE,+,0.007046388725778
TRAV4,TRAJ41,TRA,TRAV4_TRAJ41,3,0.007046388725778,legacy_plot_age,20,-0.2032662297281882,0.3900497118535762,0.8437605842221145,FALSE,FALSE,FALSE,-,0.007046388725778
TRAV5,TRAJ41,TRA,TRAV5_TRAJ41,9,0.0211391661773341,legacy_plot_age,20,-0.3247855994669803,0.1623593233715674,0.7474189055763873,FALSE,FALSE,FALSE,-,0.0211391661773341
TRAV6,TRAJ41,TRA,TRAV6_TRAJ41,7,0.016441573693482,legacy_plot_age,20,0.0290498968984526,0.903235638949925,0.9867062470640564,FALSE,FALSE,FALSE,+,0.016441573693482
TRAV8-1,TRAJ41,TRA,TRAV8-1_TRAJ41,5,0.01174398120963,legacy_plot_age,20,0.3873319586460358,0.0915517340096341,0.6930623776207202,FALSE,FALSE,FALSE,+,0.01174398120963
TRAV9-1,TRAJ41,TRA,TRAV9-1_TRAJ41,0,0,NA,NA,NA,NA,NA,FALSE,NA,NA,NA,0
TRAV10,TRAJ41,TRA,TRAV10_TRAJ41,7,0.016441573693482,legacy_plot_age,20,-0.1611312407739246,0.4973548463579204,0.8945987447816638,FALSE,FALSE,FALSE,-,0.016441573693482
TRAV12-1,TRAJ41,TRA,TRAV12-1_TRAJ41,13,0.0305343511450381,legacy_plot_age,20,-0.2712709366557155,0.2473127376185781,0.7667833814744837,FALSE,FALSE,FALSE,-,0.0305343511450381
TRAV8-2,TRAJ41,TRA,TRAV8-2_TRAJ41,4,0.009395184967704,legacy_plot_age,20,0.0710108590851065,0.7660866263635155,0.9769790843883056,FALSE,FALSE,FALSE,+,0.009395184967704
TRAV8-3,TRAJ41,TRA,TRAV8-3_TRAJ41,17,0.0399295361127422,legacy_plot_age,20,-0.3106998518673021,0.1824314971233682,0.7474189055763873,FALSE,FALSE,FALSE,-,0.0399295361127422
TRAV13-1,TRAJ41,TRA,TRAV13-1_TRAJ41,42,0.0986494421608925,legacy_plot_age,20,-0.086897538912303,0.7156451834290811,0.968896788059294,FALSE,FALSE,FALSE,-,0.0986494421608925
TRAV12-2,TRAJ41,TRA,TRAV12-2_TRAJ41,25,0.0587199060481503,legacy_plot_age,20,0.0618821325932292,0.7955011136905445,0.9769790843883056,FALSE,FALSE,FALSE,+,0.0587199060481503
TRAV8-4,TRAJ41,TRA,TRAV8-4_TRAJ41,10,0.0234879624192601,legacy_plot_age,20,-0.1887112957228523,0.4255672950845166,0.8621482365221522,FALSE,FALSE,FALSE,-,0.0234879624192601
TRAV13-2,TRAJ41,TRA,TRAV13-2_TRAJ41,18,0.0422783323546682,legacy_plot_age,20,-0.2515323256741559,0.2847204555425935,0.7703108658939515,FALSE,FALSE,FALSE,-,0.0422783323546682
TRAV14/DV4,TRAJ41,TRA,TRAV14/DV4_TRAJ41,12,0.0281855549031121,legacy_plot_age,20,0.1867712137159142,0.430427974434637,0.8623775129663037,FALSE,FALSE,FALSE,+,0.0281855549031121
TRAV9-2,TRAJ41,TRA,TRAV9-2_TRAJ41,23,0.0540223135642983,legacy_plot_age,20,0.0610784685335768,0.7981040561008124,0.9769790843883056,FALSE,FALSE,FALSE,+,0.0540223135642983
TRAV12-3,TRAJ41,TRA,TRAV12-3_TRAJ41,18,0.0422783323546682,legacy_plot_age,20,-0.2065722196950362,0.3822189992984713,0.8437605842221145,FALSE,FALSE,FALSE,-,0.0422783323546682
TRAV8-6,TRAJ41,TRA,TRAV8-6_TRAJ41,14,0.0328831473869641,legacy_plot_age,20,-0.3930685088657649,0.0864427770562781,0.6930623776207202,FALSE,FALSE,FALSE,-,0.0328831473869641
TRAV16,TRAJ41,TRA,TRAV16_TRAJ41,1,0.002348796241926,legacy_plot_age,20,-0.1194020984506189,0.616089875618355,0.9357275255362292,FALSE,FALSE,FALSE,-,0.002348796241926
TRAV17,TRAJ41,TRA,TRAV17_TRAJ41,24,0.0563711098062243,legacy_plot_age,20,0.1973841178292181,0.404200323243676,0.8489172941666808,FALSE,FALSE,FALSE,+,0.0563711098062243
TRAV18,TRAJ41,TRA,TRAV18_TRAJ41,0,0,NA,NA,NA,NA,NA,FALSE,NA,NA,NA,0
TRAV19,TRAJ41,TRA,TRAV19_TRAJ41,30,0.0704638872577803,legacy_plot_age,20,0.0818513067321749,0.731555745974589,0.968896788059294,FALSE,FALSE,FALSE,+,0.0704638872577803
TRAV20,TRAJ41,TRA,TRAV20_TRAJ41,47,0.1103934233705226,legacy_plot_age,20,-0.5593172626698618,0.0103467337335567,0.6135926641385017,FALSE,FALSE,FALSE,-,0.1103934233705226
TRAV21,TRAJ41,TRA,TRAV21_TRAJ41,64,0.1503229594832648,legacy_plot_age,20,-0.1721414238736763,0.4680134422129239,0.8772597867835029,FALSE,FALSE,FALSE,-,0.1503229594832648
TRAV22,TRAJ41,TRA,TRAV22_TRAJ41,6,0.014092777451556,legacy_plot_age,20,0.1108199770570602,0.6418400268153557,0.9478613143517702,FALSE,FALSE,FALSE,+,0.014092777451556
TRAV23/DV6,TRAJ41,TRA,TRAV23/DV6_TRAJ41,28,0.0657662947739283,legacy_plot_age,20,-0.1916245279283106,0.41832381661325,0.8541035355845672,FALSE,FALSE,FALSE,-,0.0657662947739283
TRAV24,TRAJ41,TRA,TRAV24_TRAJ41,13,0.0305343511450381,legacy_plot_age,20,-0.2147868957733014,0.3631472157106088,0.8367242014210802,FALSE,FALSE,FALSE,-,0.0305343511450381
TRAV25,TRAJ41,TRA,TRAV25_TRAJ41,19,0.0446271285965942,legacy_plot_age,20,-0.0477918238051059,0.8414155623784603,0.9806093259447052,FALSE,FALSE,FALSE,-,0.0446271285965942
TRAV26-1,TRAJ41,TRA,TRAV26-1_TRAJ41,50,0.1174398120963006,legacy_plot_age,20,-0.2443880215266654,0.2990766290658616,0.7868827957851969,FALSE,FALSE,FALSE,-,0.1174398120963006
TRAV27,TRAJ41,TRA,TRAV27_TRAJ41,22,0.0516735173223722,legacy_plot_age,20,-0.1529841910209558,0.5196267879602847,0.9063365633139726,FALSE,FALSE,FALSE,-,0.0516735173223722
TRAV29/DV5,TRAJ41,TRA,TRAV29/DV5_TRAJ41,58,0.1362301820317087,legacy_plot_age,20,0.2082677793513406,0.3782372667405786,0.8411481034219459,FALSE,FALSE,FALSE,+,0.1362301820317087
TRAV30,TRAJ41,TRA,TRAV30_TRAJ41,12,0.0281855549031121,legacy_plot_age,20,-0.2524148952379249,0.2829770708585767,0.7703108658939515,FALSE,FALSE,FALSE,-,0.0281855549031121
TRAV26-2,TRAJ41,TRA,TRAV26-2_TRAJ41,6,0.014092777451556,legacy_plot_age,20,0.0952857253031436,0.6894483928120254,0.9674947271323688,FALSE,FALSE,FALSE,+,0.014092777451556
TRAV34,TRAJ41,TRA,TRAV34_TRAJ41,3,0.007046388725778,legacy_plot_age,20,-0.2966850992393336,0.2040074211775885,0.7474189055763873,FALSE,FALSE,FALSE,-,0.007046388725778
TRAV35,TRAJ41,TRA,TRAV35_TRAJ41,11,0.0258367586611861,legacy_plot_age,20,0.1311643296323125,0.5814927475163207,0.9320076223500736,FALSE,FALSE,FALSE,+,0.0258367586611861
TRAV36/DV7,TRAJ41,TRA,TRAV36/DV7_TRAJ41,9,0.0211391661773341,legacy_plot_age,20,-0.1597267849443946,0.501160797945043,0.8956819009848851,FALSE,FALSE,FALSE,-,0.0211391661773341
TRAV38-1,TRAJ41,TRA,TRAV38-1_TRAJ41,14,0.0328831473869641,legacy_plot_age,20,-0.1968130127204799,0.4055889984904683,0.8489172941666808,FALSE,FALSE,FALSE,-,0.0328831473869641
TRAV38-2/DV8,TRAJ41,TRA,TRAV38-2/DV8_TRAJ41,15,0.0352319436288901,legacy_plot_age,20,0.262798147506311,0.2629640701672675,0.7667833814744837,FALSE,FALSE,FALSE,+,0.0352319436288901
TRAV39,TRAJ41,TRA,TRAV39_TRAJ41,5,0.01174398120963,legacy_plot_age,20,-0.1619262771561899,0.495206622523119,0.89207662571824,FALSE,FALSE,FALSE,-,0.01174398120963
TRAV40,TRAJ41,TRA,TRAV40_TRAJ41,0,0,NA,NA,NA,NA,NA,FALSE,NA,NA,NA,0
TRAV41,TRAJ41,TRA,TRAV41_TRAJ41,3,0.007046388725778,legacy_plot_age,20,-0.0387173770910834,0.8712582520258145,0.98229559546794,FALSE,FALSE,FALSE,-,0.007046388725778
TRAV1-1,TRAJ40,TRA,TRAV1-1_TRAJ40,5,0.01174398120963,legacy_plot_age,20,0.1423490716039579,0.5493892494478145,0.914247245892324,FALSE,FALSE,FALSE,+,0.01174398120963
TRAV1-2,TRAJ40,TRA,TRAV1-2_TRAJ40,10,0.0234879624192601,legacy_plot_age,20,0.066218884862915,0.7814915616174611,0.9769790843883056,FALSE,FALSE,FALSE,+,0.0234879624192601
TRAV2,TRAJ40,TRA,TRAV2_TRAJ40,7,0.016441573693482,legacy_plot_age,20,0.1312169451832118,0.5813398698609964,0.9320076223500736,FALSE,FALSE,FALSE,+,0.016441573693482
TRAV3,TRAJ40,TRA,TRAV3_TRAJ40,17,0.0399295361127422,legacy_plot_age,20,-0.1462668588567235,0.5383365469106884,0.91269287641805,FALSE,FALSE,FALSE,-,0.0399295361127422
TRAV4,TRAJ40,TRA,TRAV4_TRAJ40,5,0.01174398120963,legacy_plot_age,20,0.2105257379327664,0.3729712518471244,0.8400154874741859,FALSE,FALSE,FALSE,+,0.01174398120963
TRAV5,TRAJ40,TRA,TRAV5_TRAJ40,22,0.0516735173223722,legacy_plot_age,20,-0.0334154215222692,0.8887749922073334,0.9832293158562756,FALSE,FALSE,FALSE,-,0.0516735173223722
TRAV6,TRAJ40,TRA,TRAV6_TRAJ40,4,0.009395184967704,legacy_plot_age,20,-0.3726547545016785,0.1056276571758002,0.6930623776207202,FALSE,FALSE,FALSE,-,0.009395184967704
TRAV8-1,TRAJ40,TRA,TRAV8-1_TRAJ40,18,0.0422783323546682,legacy_plot_age,20,0.3897770689313787,0.0893477194971927,0.6930623776207202,FALSE,FALSE,FALSE,+,0.0422783323546682
TRAV9-1,TRAJ40,TRA,TRAV9-1_TRAJ40,0,0,NA,NA,NA,NA,NA,FALSE,NA,NA,NA,0
TRAV10,TRAJ40,TRA,TRAV10_TRAJ40,17,0.0399295361127422,legacy_plot_age,20,0.1238067937643818,0.603037255003184,0.9357275255362292,FALSE,FALSE,FALSE,+,0.0399295361127422
TRAV12-1,TRAJ40,TRA,TRAV12-1_TRAJ40,34,0.0798590722254844,legacy_plot_age,20,0.265137947882703,0.2585808979432986,0.7667833814744837,FALSE,FALSE,FALSE,+,0.0798590722254844
TRAV8-2,TRAJ40,TRA,TRAV8-2_TRAJ40,30,0.0704638872577803,legacy_plot_age,20,-0.2347758068858714,0.3190747026398735,0.7985028044325224,FALSE,FALSE,FALSE,-,0.0704638872577803
TRAV8-3,TRAJ40,TRA,TRAV8-3_TRAJ40,78,0.183206106870229,legacy_plot_age,20,-0.4522487407909304,0.0452802397731123,0.6930623776207202,FALSE,FALSE,FALSE,-,0.183206106870229
TRAV13-1,TRAJ40,TRA,TRAV13-1_TRAJ40,73,0.1714621256605989,legacy_plot_age,20,-0.150659229888779,0.5260676123455258,0.9110746171329148,FALSE,FALSE,FALSE,-,0.1714621256605989
TRAV12-2,TRAJ40,TRA,TRAV12-2_TRAJ40,45,0.1056958308866705,legacy_plot_age,20,-0.0335394009836959,0.8883647869183013,0.9832293158562756,FALSE,FALSE,FALSE,-,0.1056958308866705
TRAV8-4,TRAJ40,TRA,TRAV8-4_TRAJ40,50,0.1174398120963006,legacy_plot_age,20,-0.0099093684724556,0.9669265270199376,0.9919531703851348,FALSE,FALSE,FALSE,-,0.1174398120963006
TRAV13-2,TRAJ40,TRA,TRAV13-2_TRAJ40,39,0.0916030534351145,legacy_plot_age,20,-0.0564071743816704,0.8132734756116828,0.9774706427824436,FALSE,FALSE,FALSE,-,0.0916030534351145
TRAV14/DV4,TRAJ40,TRA,TRAV14/DV4_TRAJ40,41,0.0963006459189665,legacy_plot_age,20,0.3719616428267486,0.1063290088966086,0.6930623776207202,FALSE,FALSE,FALSE,+,0.0963006459189665
TRAV9-2,TRAJ40,TRA,TRAV9-2_TRAJ40,91,0.2137404580152672,legacy_plot_age,20,-0.2365349909253831,0.3153563443649113,0.794309564628464,FALSE,FALSE,FALSE,-,0.2137404580152672
TRAV12-3,TRAJ40,TRA,TRAV12-3_TRAJ40,45,0.1056958308866705,legacy_plot_age,20,0.1997118876756438,0.3985671842746395,0.8489172941666808,FALSE,FALSE,FALSE,+,0.1056958308866705
TRAV8-6,TRAJ40,TRA,TRAV8-6_TRAJ40,36,0.0845566647093364,legacy_plot_age,20,-0.3178576291702533,0.1720319293234346,0.7474189055763873,FALSE,FALSE,FALSE,-,0.0845566647093364
TRAV16,TRAJ40,TRA,TRAV16_TRAJ40,22,0.0516735173223722,legacy_plot_age,20,0.1185081809801407,0.6187526253839378,0.9366706081900316,FALSE,FALSE,FALSE,+,0.0516735173223722
TRAV17,TRAJ40,TRA,TRAV17_TRAJ40,78,0.183206106870229,legacy_plot_age,20,-0.0430368842940039,0.857029521296151,0.9808226743722616,FALSE,FALSE,FALSE,-,0.183206106870229
TRAV18,TRAJ40,TRA,TRAV18_TRAJ40,0,0,NA,NA,NA,NA,NA,FALSE,NA,NA,NA,0
TRAV19,TRAJ40,TRA,TRAV19_TRAJ40,73,0.1714621256605989,legacy_plot_age,20,0.1444695259593679,0.5433944296829465,0.9128093552699796,FALSE,FALSE,FALSE,+,0.1714621256605989
TRAV20,TRAJ40,TRA,TRAV20_TRAJ40,68,0.1597181444509688,legacy_plot_age,20,-0.2197859162252844,0.3518128997509434,0.8304822298446632,FALSE,FALSE,FALSE,-,0.1597181444509688
TRAV21,TRAJ40,TRA,TRAV21_TRAJ40,117,0.2748091603053435,legacy_plot_age,20,-0.2528216704288938,0.2821757771726702,0.7703108658939515,FALSE,FALSE,FALSE,-,0.2748091603053435
TRAV22,TRAJ40,TRA,TRAV22_TRAJ40,31,0.0728126834997063,legacy_plot_age,20,0.076933179783829,0.7471646435756651,0.9709367836962832,FALSE,FALSE,FALSE,+,0.0728126834997063
TRAV23/DV6,TRAJ40,TRA,TRAV23/DV6_TRAJ40,56,0.1315325895478567,legacy_plot_age,20,-0.1856812050868782,0.433171740033662,0.8623775129663037,FALSE,FALSE,FALSE,-,0.1315325895478567
TRAV24,TRAJ40,TRA,TRAV24_TRAJ40,32,0.0751614797416324,legacy_plot_age,20,0.4744344260587175,0.0345531417208472,0.644004746168552,FALSE,FALSE,FALSE,+,0.0751614797416324
TRAV25,TRAJ40,TRA,TRAV25_TRAJ40,49,0.1150910158543746,legacy_plot_age,20,-0.0317102622925193,0.8944194950904732,0.9835748455116716,FALSE,FALSE,FALSE,-,0.1150910158543746
TRAV26-1,TRAJ40,TRA,TRAV26-1_TRAJ40,91,0.2137404580152672,legacy_plot_age,20,0.1054614609221453,0.6581223008066808,0.9502999073148214,FALSE,FALSE,FALSE,+,0.2137404580152672
TRAV27,TRAJ40,TRA,TRAV27_TRAJ40,60,0.1409277745155607,legacy_plot_age,20,0.2634971795259344,0.2616496890306605,0.7667833814744837,FALSE,FALSE,FALSE,+,0.1409277745155607
TRAV29/DV5,TRAJ40,TRA,TRAV29/DV5_TRAJ40,227,0.533176746917205,legacy_plot_age,20,-0.4377585868057154,0.0535611720120522,0.6930623776207202,FALSE,FALSE,FALSE,-,0.533176746917205
TRAV30,TRAJ40,TRA,TRAV30_TRAJ40,30,0.0704638872577803,legacy_plot_age,20,-0.0682094222768124,0.7750826394763454,0.9769790843883056,FALSE,FALSE,FALSE,-,0.0704638872577803
TRAV26-2,TRAJ40,TRA,TRAV26-2_TRAJ40,9,0.0211391661773341,legacy_plot_age,20,0.2293401709174878,0.3307286397905548,0.8110726166292177,FALSE,FALSE,FALSE,+,0.0211391661773341
TRAV34,TRAJ40,TRA,TRAV34_TRAJ40,4,0.009395184967704,legacy_plot_age,20,-0.1778579510121647,0.4531332247821731,0.8651528984377687,FALSE,FALSE,FALSE,-,0.009395184967704
TRAV35,TRAJ40,TRA,TRAV35_TRAJ40,47,0.1103934233705226,legacy_plot_age,20,0.2372172130293587,0.3139213727143373,0.794309564628464,FALSE,FALSE,FALSE,+,0.1103934233705226
TRAV36/DV7,TRAJ40,TRA,TRAV36/DV7_TRAJ40,34,0.0798590722254844,legacy_plot_age,20,0.3405078165220528,0.1418151953904166,0.7387368079116571,FALSE,FALSE,FALSE,+,0.0798590722254844
TRAV38-1,TRAJ40,TRA,TRAV38-1_TRAJ40,36,0.0845566647093364,legacy_plot_age,20,0.5416406697912007,0.0136377724200869,0.6186841642182179,FALSE,FALSE,FALSE,+,0.0845566647093364
TRAV38-2/DV8,TRAJ40,TRA,TRAV38-2/DV8_TRAJ40,46,0.1080446271285966,legacy_plot_age,20,0.4126929797478595,0.0705489682923375,0.6930623776207202,FALSE,FALSE,FALSE,+,0.1080446271285966
TRAV39,TRAJ40,TRA,TRAV39_TRAJ40,19,0.0446271285965942,legacy_plot_age,20,0.1910134747788637,0.419837618115905,0.8542138266606893,FALSE,FALSE,FALSE,+,0.0446271285965942
TRAV40,TRAJ40,TRA,TRAV40_TRAJ40,0,0,NA,NA,NA,NA,NA,FALSE,NA,NA,NA,0
TRAV41,TRAJ40,TRA,TRAV41_TRAJ40,7,0.016441573693482,legacy_plot_age,20,0.0176513912753793,0.9411202809635352,0.9901782203442352,FALSE,FALSE,FALSE,+,0.016441573693482
TRAV1-1,TRAJ39,TRA,TRAV1-1_TRAJ39,6,0.014092777451556,legacy_plot_age,20,0.1318004581503871,0.5796455908494516,0.9305713054080204,FALSE,FALSE,FALSE,+,0.014092777451556
TRAV1-2,TRAJ39,TRA,TRAV1-2_TRAJ39,13,0.0305343511450381,legacy_plot_age,20,-0.0394766428990455,0.8687542980845402,0.98229559546794,FALSE,FALSE,FALSE,-,0.0305343511450381
TRAV2,TRAJ39,TRA,TRAV2_TRAJ39,11,0.0258367586611861,legacy_plot_age,20,0.2100515561770144,0.3740736819964602,0.8400154874741859,FALSE,FALSE,FALSE,+,0.0258367586611861
TRAV3,TRAJ39,TRA,TRAV3_TRAJ39,9,0.0211391661773341,legacy_plot_age,20,0.3053690690640631,0.1904477608479015,0.7474189055763873,FALSE,FALSE,FALSE,+,0.0211391661773341
TRAV4,TRAJ39,TRA,TRAV4_TRAJ39,9,0.0211391661773341,legacy_plot_age,20,0.361853521145277,0.1169437248619403,0.7076381974944421,FALSE,FALSE,FALSE,+,0.0211391661773341
TRAV5,TRAJ39,TRA,TRAV5_TRAJ39,4,0.009395184967704,legacy_plot_age,20,0.367965360713734,0.110438687511313,0.6971887466439984,FALSE,FALSE,FALSE,+,0.009395184967704
TRAV6,TRAJ39,TRA,TRAV6_TRAJ39,3,0.007046388725778,legacy_plot_age,20,0.4234713119337256,0.0628099874857073,0.6930623776207202,FALSE,FALSE,FALSE,+,0.007046388725778
TRAV8-1,TRAJ39,TRA,TRAV8-1_TRAJ39,15,0.0352319436288901,legacy_plot_age,20,0.1383201024260737,0.5608610620723844,0.921457412143848,FALSE,FALSE,FALSE,+,0.0352319436288901
TRAV9-1,TRAJ39,TRA,TRAV9-1_TRAJ39,0,0,NA,NA,NA,NA,NA,FALSE,NA,NA,NA,0
TRAV10,TRAJ39,TRA,TRAV10_TRAJ39,10,0.0234879624192601,legacy_plot_age,20,-0.0909046650682037,0.7030904337174273,0.968896788059294,FALSE,FALSE,FALSE,-,0.0234879624192601
TRAV12-1,TRAJ39,TRA,TRAV12-1_TRAJ39,35,0.0822078684674104,legacy_plot_age,20,0.1289990691324811,0.5877988803836934,0.9351431070614472,FALSE,FALSE,FALSE,+,0.0822078684674104
TRAV8-2,TRAJ39,TRA,TRAV8-2_TRAJ39,5,0.01174398120963,legacy_plot_age,20,-0.1323384192040622,0.578085454027703,0.9299360997660456,FALSE,FALSE,FALSE,-,0.01174398120963
TRAV8-3,TRAJ39,TRA,TRAV8-3_TRAJ39,44,0.1033470346447445,legacy_plot_age,20,-0.0827689992475545,0.7286542245598829,0.968896788059294,FALSE,FALSE,FALSE,-,0.1033470346447445
TRAV13-1,TRAJ39,TRA,TRAV13-1_TRAJ39,45,0.1056958308866705,legacy_plot_age,20,-0.1114087230521269,0.6400604668266638,0.9478613143517702,FALSE,FALSE,FALSE,-,0.1056958308866705
TRAV12-2,TRAJ39,TRA,TRAV12-2_TRAJ39,31,0.0728126834997063,legacy_plot_age,20,0.1170259679842975,0.6231778389283906,0.9383529255477644,FALSE,FALSE,FALSE,+,0.0728126834997063
TRAV8-4,TRAJ39,TRA,TRAV8-4_TRAJ39,28,0.0657662947739283,legacy_plot_age,20,0.1022126001982594,0.6680674577941046,0.9563543306206,FALSE,FALSE,FALSE,+,0.0657662947739283
TRAV13-2,TRAJ39,TRA,TRAV13-2_TRAJ39,48,0.1127422196124486,legacy_plot_age,20,-0.1129244879916116,0.6354875904929399,0.9443046428205644,FALSE,FALSE,FALSE,-,0.1127422196124486
TRAV14/DV4,TRAJ39,TRA,TRAV14/DV4_TRAJ39,18,0.0422783323546682,legacy_plot_age,20,0.3227766322050298,0.1651246665936936,0.7474189055763873,FALSE,FALSE,FALSE,+,0.0422783323546682
TRAV9-2,TRAJ39,TRA,TRAV9-2_TRAJ39,55,0.1291837933059307,legacy_plot_age,20,-0.2680272169962943,0.2532326249616303,0.7667833814744837,FALSE,FALSE,FALSE,-,0.1291837933059307
TRAV12-3,TRAJ39,TRA,TRAV12-3_TRAJ39,17,0.0399295361127422,legacy_plot_age,20,0.4918424045072243,0.0276170211973033,0.6186841642182179,FALSE,FALSE,FALSE,+,0.0399295361127422
TRAV8-6,TRAJ39,TRA,TRAV8-6_TRAJ39,16,0.0375807398708162,legacy_plot_age,20,0.3004483339122896,0.1980546991847921,0.7474189055763873,FALSE,FALSE,FALSE,+,0.0375807398708162
TRAV16,TRAJ39,TRA,TRAV16_TRAJ39,15,0.0352319436288901,legacy_plot_age,20,-0.1791305731548086,0.4498541498586763,0.8629670393973627,FALSE,FALSE,FALSE,-,0.0352319436288901
TRAV17,TRAJ39,TRA,TRAV17_TRAJ39,39,0.0916030534351145,legacy_plot_age,20,0.1985652070724984,0.401336700238264,0.8489172941666808,FALSE,FALSE,FALSE,+,0.0916030534351145
TRAV18,TRAJ39,TRA,TRAV18_TRAJ39,0,0,NA,NA,NA,NA,NA,FALSE,NA,NA,NA,0
TRAV19,TRAJ39,TRA,TRAV19_TRAJ39,44,0.1033470346447445,legacy_plot_age,20,-0.0369115113227508,0.8772184464663926,0.98229559546794,FALSE,FALSE,FALSE,-,0.1033470346447445
TRAV20,TRAJ39,TRA,TRAV20_TRAJ39,37,0.0869054609512624,legacy_plot_age,20,0.0983700212434376,0.6798990561452974,0.966188778516916,FALSE,FALSE,FALSE,+,0.0869054609512624
TRAV21,TRAJ39,TRA,TRAV21_TRAJ39,66,0.1550205519671168,legacy_plot_age,20,0.0564972112082921,0.812980468754912,0.9774706427824436,FALSE,FALSE,FALSE,+,0.1550205519671168
TRAV22,TRAJ39,TRA,TRAV22_TRAJ39,6,0.014092777451556,legacy_plot_age,20,0.2560306218432299,0.2759039119548269,0.7686775857063849,FALSE,FALSE,FALSE,+,0.014092777451556
TRAV23/DV6,TRAJ39,TRA,TRAV23/DV6_TRAJ39,28,0.0657662947739283,legacy_plot_age,20,0.4352952239359156,0.0550767437470414,0.6930623776207202,FALSE,FALSE,FALSE,+,0.0657662947739283
TRAV24,TRAJ39,TRA,TRAV24_TRAJ39,18,0.0422783323546682,legacy_plot_age,20,0.2797397479110258,0.2322774024226371,0.7667833814744837,FALSE,FALSE,FALSE,+,0.0422783323546682
TRAV25,TRAJ39,TRA,TRAV25_TRAJ39,9,0.0211391661773341,legacy_plot_age,20,0.3592058124539701,0.1198453922175814,0.7145152159383996,FALSE,FALSE,FALSE,+,0.0211391661773341
TRAV26-1,TRAJ39,TRA,TRAV26-1_TRAJ39,71,0.1667645331767469,legacy_plot_age,20,0.439171655125791,0.0527062609232231,0.6930623776207202,FALSE,FALSE,FALSE,+,0.1667645331767469
TRAV27,TRAJ39,TRA,TRAV27_TRAJ39,24,0.0563711098062243,legacy_plot_age,20,-0.0512575897750625,0.8300703822318647,0.980577174620276,FALSE,FALSE,FALSE,-,0.0563711098062243
TRAV29/DV5,TRAJ39,TRA,TRAV29/DV5_TRAJ39,54,0.1268349970640047,legacy_plot_age,20,0.5073641966803093,0.0224032046051271,0.6186841642182179,FALSE,FALSE,FALSE,+,0.1268349970640047
TRAV30,TRAJ39,TRA,TRAV30_TRAJ39,17,0.0399295361127422,legacy_plot_age,20,0.0341557225352239,0.8863259988641939,0.9829089660516256,FALSE,FALSE,FALSE,+,0.0399295361127422
TRAV26-2,TRAJ39,TRA,TRAV26-2_TRAJ39,14,0.0328831473869641,legacy_plot_age,20,0.3463757054367864,0.1346376478663751,0.7387368079116571,FALSE,FALSE,FALSE,+,0.0328831473869641
TRAV34,TRAJ39,TRA,TRAV34_TRAJ39,3,0.007046388725778,legacy_plot_age,20,0.2891704101490298,0.2162470587837469,0.7589944018208977,FALSE,FALSE,FALSE,+,0.007046388725778
TRAV35,TRAJ39,TRA,TRAV35_TRAJ39,13,0.0305343511450381,legacy_plot_age,20,0.1035731276060978,0.6638961188864754,0.9546250585311038,FALSE,FALSE,FALSE,+,0.0305343511450381
TRAV36/DV7,TRAJ39,TRA,TRAV36/DV7_TRAJ39,7,0.016441573693482,legacy_plot_age,20,-0.0642547892656754,0.7878286714150158,0.9769790843883056,FALSE,FALSE,FALSE,-,0.016441573693482
TRAV38-1,TRAJ39,TRA,TRAV38-1_TRAJ39,14,0.0328831473869641,legacy_plot_age,20,-0.081510060358222,0.7326355822253727,0.968896788059294,FALSE,FALSE,FALSE,-,0.0328831473869641
TRAV38-2/DV8,TRAJ39,TRA,TRAV38-2/DV8_TRAJ39,16,0.0375807398708162,legacy_plot_age,20,0.3706780480493583,0.1076367574952444,0.6930623776207202,FALSE,FALSE,FALSE,+,0.0375807398708162
TRAV39,TRAJ39,TRA,TRAV39_TRAJ39,2,0.004697592483852,legacy_plot_age,20,0.4937533038435626,0.0269279772915676,0.6186841642182179,FALSE,FALSE,FALSE,+,0.004697592483852
TRAV40,TRAJ39,TRA,TRAV40_TRAJ39,1,0.002348796241926,legacy_plot_age,20,-0.2189038471594681,0.3537977887689535,0.8304822298446632,FALSE,FALSE,FALSE,-,0.002348796241926
TRAV41,TRAJ39,TRA,TRAV41_TRAJ39,1,0.002348796241926,legacy_plot_age,20,0.2985052461265474,0.2011136244258678,0.7474189055763873,FALSE,FALSE,FALSE,+,0.002348796241926
TRAV1-1,TRAJ38,TRA,TRAV1-1_TRAJ38,2,0.004697592483852,legacy_plot_age,20,-0.3781066450936268,0.1002274023195977,0.6930623776207202,FALSE,FALSE,FALSE,-,0.004697592483852
TRAV1-2,TRAJ38,TRA,TRAV1-2_TRAJ38,8,0.0187903699354081,legacy_plot_age,20,-0.1281929694141047,0.5901539328672227,0.9351431070614472,FALSE,FALSE,FALSE,-,0.0187903699354081
TRAV2,TRAJ38,TRA,TRAV2_TRAJ38,3,0.007046388725778,legacy_plot_age,20,-0.128251311614214,0.5899833505674208,0.9351431070614472,FALSE,FALSE,FALSE,-,0.007046388725778
TRAV3,TRAJ38,TRA,TRAV3_TRAJ38,9,0.0211391661773341,legacy_plot_age,20,-0.1482716867131867,0.5327203541847811,0.9122436022960736,FALSE,FALSE,FALSE,-,0.0211391661773341
TRAV4,TRAJ38,TRA,TRAV4_TRAJ38,6,0.014092777451556,legacy_plot_age,20,0.0208648852764824,0.9304239886768648,0.9892368769288012,FALSE,FALSE,FALSE,+,0.014092777451556
TRAV5,TRAJ38,TRA,TRAV5_TRAJ38,4,0.009395184967704,legacy_plot_age,20,0.0500303779917796,0.8340840748728339,0.9806093259447052,FALSE,FALSE,FALSE,+,0.009395184967704
TRAV6,TRAJ38,TRA,TRAV6_TRAJ38,0,0,NA,NA,NA,NA,NA,FALSE,NA,NA,NA,0
TRAV8-1,TRAJ38,TRA,TRAV8-1_TRAJ38,8,0.0187903699354081,legacy_plot_age,20,-0.2258044251032656,0.3384424160155271,0.8248216788821752,FALSE,FALSE,FALSE,-,0.0187903699354081
TRAV9-1,TRAJ38,TRA,TRAV9-1_TRAJ38,1,0.002348796241926,legacy_plot_age,20,-0.2587045466430078,0.2707446686759674,0.7667833814744837,FALSE,FALSE,FALSE,-,0.002348796241926
TRAV10,TRAJ38,TRA,TRAV10_TRAJ38,5,0.01174398120963,legacy_plot_age,20,0.1479392897606386,0.5336496317564162,0.9122436022960736,FALSE,FALSE,FALSE,+,0.01174398120963
TRAV12-1,TRAJ38,TRA,TRAV12-1_TRAJ38,23,0.0540223135642983,legacy_plot_age,20,0,1,1,FALSE,FALSE,FALSE,+,0.0540223135642983
TRAV8-2,TRAJ38,TRA,TRAV8-2_TRAJ38,9,0.0211391661773341,legacy_plot_age,20,-0.0972059271385099,0.6834978082312475,0.966188778516916,FALSE,FALSE,FALSE,-,0.0211391661773341
TRAV8-3,TRAJ38,TRA,TRAV8-3_TRAJ38,41,0.0963006459189665,legacy_plot_age,20,-0.4527819132798949,0.0449955597099967,0.6930623776207202,FALSE,FALSE,FALSE,-,0.0963006459189665
TRAV13-1,TRAJ38,TRA,TRAV13-1_TRAJ38,34,0.0798590722254844,legacy_plot_age,20,-0.3925634433318954,0.0868839491275212,0.6930623776207202,FALSE,FALSE,FALSE,-,0.0798590722254844
TRAV12-2,TRAJ38,TRA,TRAV12-2_TRAJ38,17,0.0399295361127422,legacy_plot_age,20,-0.019950561465109,0.9334662747030824,0.9892368769288012,FALSE,FALSE,FALSE,-,0.0399295361127422
TRAV8-4,TRAJ38,TRA,TRAV8-4_TRAJ38,13,0.0305343511450381,legacy_plot_age,20,-0.4813603553496516,0.0316472238268197,0.6186841642182179,FALSE,FALSE,FALSE,-,0.0305343511450381
TRAV13-2,TRAJ38,TRA,TRAV13-2_TRAJ38,13,0.0305343511450381,legacy_plot_age,20,-0.1683676204971625,0.4779703873020618,0.8834008501789498,FALSE,FALSE,FALSE,-,0.0305343511450381
TRAV14/DV4,TRAJ38,TRA,TRAV14/DV4_TRAJ38,17,0.0399295361127422,legacy_plot_age,20,0.2688256279537035,0.2517672108228477,0.7667833814744837,FALSE,FALSE,FALSE,+,0.0399295361127422
TRAV9-2,TRAJ38,TRA,TRAV9-2_TRAJ38,40,0.0939518496770405,legacy_plot_age,20,-0.0030490364530632,0.9898211342186264,0.9953547826744688,FALSE,FALSE,FALSE,-,0.0939518496770405
TRAV12-3,TRAJ38,TRA,TRAV12-3_TRAJ38,14,0.0328831473869641,legacy_plot_age,20,-0.0827736060786438,0.7286396677974589,0.968896788059294,FALSE,FALSE,FALSE,-,0.0328831473869641
TRAV8-6,TRAJ38,TRA,TRAV8-6_TRAJ38,18,0.0422783323546682,legacy_plot_age,20,-0.1068873199337595,0.6537748490671427,0.9502999073148214,FALSE,FALSE,FALSE,-,0.0422783323546682
TRAV16,TRAJ38,TRA,TRAV16_TRAJ38,5,0.01174398120963,legacy_plot_age,20,0.3297701259028055,0.1556364105913983,0.7474189055763873,FALSE,FALSE,FALSE,+,0.01174398120963
TRAV17,TRAJ38,TRA,TRAV17_TRAJ38,23,0.0540223135642983,legacy_plot_age,20,-0.3650450007080694,0.1135135243442117,0.6998127268005091,FALSE,FALSE,FALSE,-,0.0540223135642983
TRAV18,TRAJ38,TRA,TRAV18_TRAJ38,0,0,NA,NA,NA,NA,NA,FALSE,NA,NA,NA,0
TRAV19,TRAJ38,TRA,TRAV19_TRAJ38,24,0.0563711098062243,legacy_plot_age,20,0.2611065495693593,0.2661619606240589,0.7667833814744837,FALSE,FALSE,FALSE,+,0.0563711098062243
TRAV20,TRAJ38,TRA,TRAV20_TRAJ38,19,0.0446271285965942,legacy_plot_age,20,-0.0642931247721861,0.787704858497315,0.9769790843883056,FALSE,FALSE,FALSE,-,0.0446271285965942
TRAV21,TRAJ38,TRA,TRAV21_TRAJ38,36,0.0845566647093364,legacy_plot_age,20,-0.1750643835394443,0.4603742298632921,0.8738626264233391,FALSE,FALSE,FALSE,-,0.0845566647093364
TRAV22,TRAJ38,TRA,TRAV22_TRAJ38,6,0.014092777451556,legacy_plot_age,20,-0.1324637194092386,0.5777223312036742,0.9299360997660456,FALSE,FALSE,FALSE,-,0.014092777451556
TRAV23/DV6,TRAJ38,TRA,TRAV23/DV6_TRAJ38,17,0.0399295361127422,legacy_plot_age,20,0.056658316205489,0.8124562444650258,0.9774706427824436,FALSE,FALSE,FALSE,+,0.0399295361127422
TRAV24,TRAJ38,TRA,TRAV24_TRAJ38,14,0.0328831473869641,legacy_plot_age,20,0.0848033961302714,0.7222346581161802,0.968896788059294,FALSE,FALSE,FALSE,+,0.0328831473869641
TRAV25,TRAJ38,TRA,TRAV25_TRAJ38,17,0.0399295361127422,legacy_plot_age,20,-0.1446595307374189,0.5428587164796168,0.91269287641805,FALSE,FALSE,FALSE,-,0.0399295361127422
TRAV26-1,TRAJ38,TRA,TRAV26-1_TRAJ38,30,0.0704638872577803,legacy_plot_age,20,-0.2559157583911308,0.2761268997197693,0.7686775857063849,FALSE,FALSE,FALSE,-,0.0704638872577803
TRAV27,TRAJ38,TRA,TRAV27_TRAJ38,27,0.0634174985320023,legacy_plot_age,20,-0.094735308717795,0.6911573593257283,0.9677101892138448,FALSE,FALSE,FALSE,-,0.0634174985320023
TRAV29/DV5,TRAJ38,TRA,TRAV29/DV5_TRAJ38,23,0.0540223135642983,legacy_plot_age,20,-0.0963607504363111,0.6861147686317315,0.9673822782509356,FALSE,FALSE,FALSE,-,0.0540223135642983
TRAV30,TRAJ38,TRA,TRAV30_TRAJ38,5,0.01174398120963,legacy_plot_age,20,0.0909452401914175,0.7029636789548473,0.968896788059294,FALSE,FALSE,FALSE,+,0.01174398120963
TRAV26-2,TRAJ38,TRA,TRAV26-2_TRAJ38,1,0.002348796241926,legacy_plot_age,20,-0.0597010492253094,0.8025700622016751,0.9769790843883056,FALSE,FALSE,FALSE,-,0.002348796241926
TRAV34,TRAJ38,TRA,TRAV34_TRAJ38,1,0.002348796241926,legacy_plot_age,20,-0.2985052461265474,0.2011136244258678,0.7474189055763873,FALSE,FALSE,FALSE,-,0.002348796241926
TRAV35,TRAJ38,TRA,TRAV35_TRAJ38,20,0.0469759248385202,legacy_plot_age,20,0.2791567196980328,0.2332930437813133,0.7667833814744837,FALSE,FALSE,FALSE,+,0.0469759248385202
TRAV36/DV7,TRAJ38,TRA,TRAV36/DV7_TRAJ38,9,0.0211391661773341,legacy_plot_age,20,0.2062972951498507,0.3828668170929535,0.8437605842221145,FALSE,FALSE,FALSE,+,0.0211391661773341
TRAV38-1,TRAJ38,TRA,TRAV38-1_TRAJ38,9,0.0211391661773341,legacy_plot_age,20,0.0523923666320122,0.8263626055355362,0.980577174620276,FALSE,FALSE,FALSE,+,0.0211391661773341
TRAV38-2/DV8,TRAJ38,TRA,TRAV38-2/DV8_TRAJ38,6,0.014092777451556,legacy_plot_age,20,-0.366746566424086,0.11171455801818,0.6973377316204429,FALSE,FALSE,FALSE,-,0.014092777451556
TRAV39,TRAJ38,TRA,TRAV39_TRAJ38,0,0,NA,NA,NA,NA,NA,FALSE,NA,NA,NA,0
TRAV40,TRAJ38,TRA,TRAV40_TRAJ38,0,0,NA,NA,NA,NA,NA,FALSE,NA,NA,NA,0
TRAV41,TRAJ38,TRA,TRAV41_TRAJ38,0,0,NA,NA,NA,NA,NA,FALSE,NA,NA,NA,0
TRAV1-1,TRAJ37,TRA,TRAV1-1_TRAJ37,4,0.009395184967704,legacy_plot_age,20,-0.4287549597790146,0.0592590394720537,0.6930623776207202,FALSE,FALSE,FALSE,-,0.009395184967704
TRAV1-2,TRAJ37,TRA,TRAV1-2_TRAJ37,7,0.016441573693482,legacy_plot_age,20,0.3941144996668906,0.0855343665938767,0.6930623776207202,FALSE,FALSE,FALSE,+,0.016441573693482
TRAV2,TRAJ37,TRA,TRAV2_TRAJ37,15,0.0352319436288901,legacy_plot_age,20,0.2651135296499747,0.2586264004781432,0.7667833814744837,FALSE,FALSE,FALSE,+,0.0352319436288901
TRAV3,TRAJ37,TRA,TRAV3_TRAJ37,22,0.0516735173223722,legacy_plot_age,20,-0.1833962669594309,0.4389532598205209,0.8629670393973627,FALSE,FALSE,FALSE,-,0.0516735173223722
TRAV4,TRAJ37,TRA,TRAV4_TRAJ37,9,0.0211391661773341,legacy_plot_age,20,0.0049426760973596,0.9835000967912793,0.9941772448809498,FALSE,FALSE,FALSE,+,0.0211391661773341
TRAV5,TRAJ37,TRA,TRAV5_TRAJ37,27,0.0634174985320023,legacy_plot_age,20,0.1683049582211941,0.4781366055292279,0.8834008501789498,FALSE,FALSE,FALSE,+,0.0634174985320023
TRAV6,TRAJ37,TRA,TRAV6_TRAJ37,6,0.014092777451556,legacy_plot_age,20,-0.1453146772623737,0.5410133952682108,0.91269287641805,FALSE,FALSE,FALSE,-,0.014092777451556
TRAV8-1,TRAJ37,TRA,TRAV8-1_TRAJ37,19,0.0446271285965942,legacy_plot_age,20,0.4083497899879761,0.0738614252795925,0.6930623776207202,FALSE,FALSE,FALSE,+,0.0446271285965942
TRAV9-1,TRAJ37,TRA,TRAV9-1_TRAJ37,0,0,NA,NA,NA,NA,NA,FALSE,NA,NA,NA,0
TRAV10,TRAJ37,TRA,TRAV10_TRAJ37,6,0.014092777451556,legacy_plot_age,20,0.3217828973750848,0.1665044429106085,0.7474189055763873,FALSE,FALSE,FALSE,+,0.014092777451556
TRAV12-1,TRAJ37,TRA,TRAV12-1_TRAJ37,28,0.0657662947739283,legacy_plot_age,20,0.3099112735630703,0.1836026859588235,0.7474189055763873,FALSE,FALSE,FALSE,+,0.0657662947739283
TRAV8-2,TRAJ37,TRA,TRAV8-2_TRAJ37,19,0.0446271285965942,legacy_plot_age,20,-0.0582656443247937,0.8072303518654719,0.9774706427824436,FALSE,FALSE,FALSE,-,0.0446271285965942
TRAV8-3,TRAJ37,TRA,TRAV8-3_TRAJ37,43,0.1009982384028185,legacy_plot_age,20,-0.2843226492481495,0.2243938353666424,0.7667833814744837,FALSE,FALSE,FALSE,-,0.1009982384028185
TRAV13-1,TRAJ37,TRA,TRAV13-1_TRAJ37,47,0.1103934233705226,legacy_plot_age,20,-0.1652308950573366,0.4863261986527454,0.8861642185879169,FALSE,FALSE,FALSE,-,0.1103934233705226
TRAV12-2,TRAJ37,TRA,TRAV12-2_TRAJ37,37,0.0869054609512624,legacy_plot_age,20,-0.238581973438955,0.3110625661480621,0.794309564628464,FALSE,FALSE,FALSE,-,0.0869054609512624
TRAV8-4,TRAJ37,TRA,TRAV8-4_TRAJ37,60,0.1409277745155607,legacy_plot_age,20,-0.1192909867194775,0.6164205985444744,0.9357275255362292,FALSE,FALSE,FALSE,-,0.1409277745155607
TRAV13-2,TRAJ37,TRA,TRAV13-2_TRAJ37,37,0.0869054609512624,legacy_plot_age,20,0.0527307304610726,0.8252577143901052,0.980577174620276,FALSE,FALSE,FALSE,+,0.0869054609512624
TRAV14/DV4,TRAJ37,TRA,TRAV14/DV4_TRAJ37,19,0.0446271285965942,legacy_plot_age,20,-0.353612186247024,0.1261441766183959,0.7306070030392695,FALSE,FALSE,FALSE,-,0.0446271285965942
TRAV9-2,TRAJ37,TRA,TRAV9-2_TRAJ37,78,0.183206106870229,legacy_plot_age,20,-0.3984936630558205,0.0818075736965968,0.6930623776207202,FALSE,FALSE,FALSE,-,0.183206106870229
TRAV12-3,TRAJ37,TRA,TRAV12-3_TRAJ37,30,0.0704638872577803,legacy_plot_age,20,0.4857642354067464,0.0299014143766291,0.6186841642182179,FALSE,FALSE,FALSE,+,0.0704638872577803
TRAV8-6,TRAJ37,TRA,TRAV8-6_TRAJ37,26,0.0610687022900763,legacy_plot_age,20,0.1806012108766238,0.4460802266569132,0.8629670393973627,FALSE,FALSE,FALSE,+,0.0610687022900763
TRAV16,TRAJ37,TRA,TRAV16_TRAJ37,24,0.0563711098062243,legacy_plot_age,20,-0.0568701685313623,0.811767008883896,0.9774706427824436,FALSE,FALSE,FALSE,-,0.0563711098062243
TRAV17,TRAJ37,TRA,TRAV17_TRAJ37,68,0.1597181444509688,legacy_plot_age,20,-0.2076267173914956,0.3797399384368171,0.8418268786176194,FALSE,FALSE,FALSE,-,0.1597181444509688
TRAV18,TRAJ37,TRA,TRAV18_TRAJ37,0,0,NA,NA,NA,NA,NA,FALSE,NA,NA,NA,0
TRAV19,TRAJ37,TRA,TRAV19_TRAJ37,39,0.0916030534351145,legacy_plot_age,20,0.3166285058773149,0.1737882328900429,0.7474189055763873,FALSE,FALSE,FALSE,+,0.0916030534351145
TRAV20,TRAJ37,TRA,TRAV20_TRAJ37,44,0.1033470346447445,legacy_plot_age,20,0.1494027862001,0.5295637724373858,0.9122436022960736,FALSE,FALSE,FALSE,+,0.1033470346447445
TRAV21,TRAJ37,TRA,TRAV21_TRAJ37,71,0.1667645331767469,legacy_plot_age,20,-0.107559240400717,0.6517298655038586,0.9502999073148214,FALSE,FALSE,FALSE,-,0.1667645331767469
TRAV22,TRAJ37,TRA,TRAV22_TRAJ37,14,0.0328831473869641,legacy_plot_age,20,0.0930367355603948,0.6964402336482891,0.968896788059294,FALSE,FALSE,FALSE,+,0.0328831473869641
TRAV23/DV6,TRAJ37,TRA,TRAV23/DV6_TRAJ37,43,0.1009982384028185,legacy_plot_age,20,0.4676134838310363,0.0376143275667839,0.6815855467425578,FALSE,FALSE,FALSE,+,0.1009982384028185
TRAV24,TRAJ37,TRA,TRAV24_TRAJ37,22,0.0516735173223722,legacy_plot_age,20,0.1811334674627156,0.4447184328159886,0.8629670393973627,FALSE,FALSE,FALSE,+,0.0516735173223722
TRAV25,TRAJ37,TRA,TRAV25_TRAJ37,31,0.0728126834997063,legacy_plot_age,20,0.1488151911980128,0.5312025002428447,0.9122436022960736,FALSE,FALSE,FALSE,+,0.0728126834997063
TRAV26-1,TRAJ37,TRA,TRAV26-1_TRAJ37,60,0.1409277745155607,legacy_plot_age,20,0.0689673047465547,0.77264614156442335,0.9769790843883056,FALSE,FALSE,FALSE,+,0.1409277745155607
TRAV27,TRAJ37,TRA,TRAV27_TRAJ37,34,0.0798590722254844,legacy_plot_age,20,0.4299141398819204,0.0585007705458692,0.6930623776207202,FALSE,FALSE,FALSE,+,0.0798590722254844
TRAV29/DV5,TRAJ37,TRA,TRAV29/DV5_TRAJ37,59,0.1385789782736347,legacy_plot_age,20,0.5747433714024256,0.0080311804336013,0.6025918978325971,FALSE,FALSE,FALSE,+,0.1385789782736347
TRAV30,TRAJ37,TRA,TRAV30_TRAJ37,17,0.0399295361127422,legacy_plot_age,20,0.5252870556418753,0.0173885918698895,0.6186841642182179,FALSE,FALSE,FALSE,+,0.0399295361127422
TRAV26-2,TRAJ37,TRA,TRAV26-2_TRAJ37,6,0.014092777451556,legacy_plot_age,20,0.3819523481092853,0.096540978407816,0.6930623776207202,FALSE,FALSE,FALSE,+,0.014092777451556
TRAV34,TRAJ37,TRA,TRAV34_TRAJ37,6,0.014092777451556,legacy_plot_age,20,0.3420331859372879,0.1399241101753928,0.7387368079116571,FALSE,FALSE,FALSE,+,0.014092777451556
TRAV35,TRAJ37,TRA,TRAV35_TRAJ37,23,0.0540223135642983,legacy_plot_age,20,0.1783450985897856,0.4518765723121529,0.8639215519641983,FALSE,FALSE,FALSE,+,0.0540223135642983
TRAV36/DV7,TRAJ37,TRA,TRAV36/DV7_TRAJ37,8,0.0187903699354081,legacy_plot_age,20,0.013839493072607,0.953820849808923,0.9901782203442352,FALSE,FALSE,FALSE,+,0.0187903699354081
TRAV38-1,TRAJ37,TRA,TRAV38-1_TRAJ37,9,0.0211391661773341,legacy_plot_age,20,0.0987604569753502,0.6786935254057259,0.9659659848865496,FALSE,FALSE,FALSE,+,0.0211391661773341
TRAV38-2/DV8,TRAJ37,TRA,TRAV38-2/DV8_TRAJ37,13,0.0305343511450381,legacy_plot_age,20,0.1410430424689834,0.5530963376056797,0.9157441054943444,FALSE,FALSE,FALSE,+,0.0305343511450381
TRAV39,TRAJ37,TRA,TRAV39_TRAJ37,1,0.002348796241926,legacy_plot_age,20,0.1791031476759284,0.4499246852756275,0.8629670393973627,FALSE,FALSE,FALSE,+,0.002348796241926
TRAV40,TRAJ37,TRA,TRAV40_TRAJ37,0,0,NA,NA,NA,NA,NA,FALSE,NA,NA,NA,0
TRAV41,TRAJ37,TRA,TRAV41_TRAJ37,1,0.002348796241926,legacy_plot_age,20,0.1791031476759284,0.4499246852756275,0.8629670393973627,FALSE,FALSE,FALSE,+,0.002348796241926
TRAV1-1,TRAJ36,TRA,TRAV1-1_TRAJ36,3,0.007046388725778,legacy_plot_age,20,0.1270413935801177,0.5935251760863935,0.9357275255362292,FALSE,FALSE,FALSE,+,0.007046388725778
TRAV1-2,TRAJ36,TRA,TRAV1-2_TRAJ36,10,0.0234879624192601,legacy_plot_age,20,0.2824222604060699,0.227641416053605,0.7667833814744837,FALSE,FALSE,FALSE,+,0.0234879624192601
TRAV2,TRAJ36,TRA,TRAV2_TRAJ36,8,0.0187903699354081,legacy_plot_age,20,-0.3509937367621603,0.1291722141295795,0.7306070030392695,FALSE,FALSE,FALSE,-,0.0187903699354081
TRAV3,TRAJ36,TRA,TRAV3_TRAJ36,14,0.0328831473869641,legacy_plot_age,20,0.1111500823066664,0.6408420092353473,0.9478613143517702,FALSE,FALSE,FALSE,+,0.0328831473869641
TRAV4,TRAJ36,TRA,TRAV4_TRAJ36,6,0.014092777451556,legacy_plot_age,20,0.0880961822784814,0.7118821664021293,0.968896788059294,FALSE,FALSE,FALSE,+,0.014092777451556
TRAV5,TRAJ36,TRA,TRAV5_TRAJ36,5,0.01174398120963,legacy_plot_age,20,0.0514038314125403,0.8295923555773514,0.980577174620276,FALSE,FALSE,FALSE,+,0.01174398120963
TRAV6,TRAJ36,TRA,TRAV6_TRAJ36,5,0.01174398120963,legacy_plot_age,20,-0.0395414087788772,0.8685407644817793,0.98229559546794,FALSE,FALSE,FALSE,-,0.01174398120963
TRAV8-1,TRAJ36,TRA,TRAV8-1_TRAJ36,6,0.014092777451556,legacy_plot_age,20,0.3018453403331127,0.1958747611476249,0.7474189055763873,FALSE,FALSE,FALSE,+,0.014092777451556
TRAV9-1,TRAJ36,TRA,TRAV9-1_TRAJ36,0,0,NA,NA,NA,NA,NA,FALSE,NA,NA,NA,0
TRAV10,TRAJ36,TRA,TRAV10_TRAJ36,13,0.0305343511450381,legacy_plot_age,20,-0.1358192260812433,0.5680347236367672,0.9256893335378686,FALSE,FALSE,FALSE,-,0.0305343511450381
TRAV12-1,TRAJ36,TRA,TRAV12-1_TRAJ36,10,0.0234879624192601,legacy_plot_age,20,-0.054719312953676,0.8187706644291228,0.9792882511805724,FALSE,FALSE,FALSE,-,0.0234879624192601
TRAV8-2,TRAJ36,TRA,TRAV8-2_TRAJ36,3,0.007046388725778,legacy_plot_age,20,-0.22262491827373,0.345468278377259,0.8304822298446632,FALSE,FALSE,FALSE,-,0.007046388725778
TRAV8-3,TRAJ36,TRA,TRAV8-3_TRAJ36,25,0.0587199060481503,legacy_plot_age,20,0.0038425789548217,0.987172168765842,0.9950530667977164,FALSE,FALSE,FALSE,+,0.0587199060481503
TRAV13-1,TRAJ36,TRA,TRAV13-1_TRAJ36,35,0.0822078684674104,legacy_plot_age,20,-0.364276484917105,0.1143328257007799,0.6998127268005091,FALSE,FALSE,FALSE,-,0.0822078684674104
TRAV12-2,TRAJ36,TRA,TRAV12-2_TRAJ36,16,0.0375807398708162,legacy_plot_age,20,-0.1968976946148201,0.4053829252569975,0.8489172941666808,FALSE,FALSE,FALSE,-,0.0375807398708162
TRAV8-4,TRAJ36,TRA,TRAV8-4_TRAJ36,19,0.0446271285965942,legacy_plot_age,20,0.3769404294227675,0.1013652987132776,0.6930623776207202,FALSE,FALSE,FALSE,+,0.0446271285965942
TRAV13-2,TRAJ36,TRA,TRAV13-2_TRAJ36,12,0.0281855549031121,legacy_plot_age,20,0.1479088534043977,0.5337347596469106,0.9122436022960736,FALSE,FALSE,FALSE,+,0.0281855549031121
TRAV14/DV4,TRAJ36,TRA,TRAV14/DV4_TRAJ36,25,0.0587199060481503,legacy_plot_age,20,0.409618916584002,0.0728817217116872,0.6930623776207202,FALSE,FALSE,FALSE,+,0.0587199060481503
TRAV9-2,TRAJ36,TRA,TRAV9-2_TRAJ36,19,0.0446271285965942,legacy_plot_age,20,0.4926831917469458,0.0273121552137133,0.6186841642182179,FALSE,FALSE,FALSE,+,0.0446271285965942
TRAV12-3,TRAJ36,TRA,TRAV12-3_TRAJ36,9,0.0211391661773341,legacy_plot_age,20,0.0379504912420656,0.8737885333310675,0.98229559546794,FALSE,FALSE,FALSE,+,0.0211391661773341
TRAV8-6,TRAJ36,TRA,TRAV8-6_TRAJ36,19,0.0446271285965942,legacy_plot_age,20,0.090686504986649,0.7037720847107762,0.968896788059294,FALSE,FALSE,FALSE,+,0.0446271285965942
TRAV16,TRAJ36,TRA,TRAV16_TRAJ36,13,0.0305343511450381,legacy_plot_age,20,-0.0938100868891296,0.6940332831145128,0.968775417300358,FALSE,FALSE,FALSE,-,0.0305343511450381
TRAV17,TRAJ36,TRA,TRAV17_TRAJ36,25,0.0587199060481503,legacy_plot_age,20,0.40454067007087807,0.076860933684705,0.6930623776207202,FALSE,FALSE,FALSE,+,0.0587199060481503
TRAV18,TRAJ36,TRA,TRAV18_TRAJ36,0,0,NA,NA,NA,NA,NA,FALSE,NA,NA,NA,0
TRAV19,TRAJ36,TRA,TRAV19_TRAJ36,26,0.0610687022900763,legacy_plot_age,20,0.2836425315262386,0.2255525951135461,0.7667833814744837,FALSE,FALSE,FALSE,+,0.0610687022900763
TRAV20,TRAJ36,TRA,TRAV20_TRAJ36,23,0.0540223135642983,legacy_plot_age,20,0.1468724341327646,0.5366372713855332,0.91269287641805,FALSE,FALSE,FALSE,+,0.0540223135642983
TRAV21,TRAJ36,TRA,TRAV21_TRAJ36,48,0.1127422196124486,legacy_plot_age,20,0.0415253434782991,0.8620040292750082,0.9818968142732016,FALSE,FALSE,FALSE,+,0.1127422196124486
TRAV22,TRAJ36,TRA,TRAV22_TRAJ36,10,0.0234879624192601,legacy_plot_age,20,-0.0573048042082918,0.8103533927054005,0.9774706427824436,FALSE,FALSE,FALSE,-,0.0234879624192601
TRAV23/DV6,TRAJ36,TRA,TRAV23/DV6_TRAJ36,22,0.0516735173223722,legacy_plot_age,20,0.0731334294283617,0.7592896743146569,0.9769790843883056,FALSE,FALSE,FALSE,+,0.0516735173223722
TRAV24,TRAJ36,TRA,TRAV24_TRAJ36,7,0.016441573693482,legacy_plot_age,20,0.338938469713526,0.1437794429032001,0.7387368079116571,FALSE,FALSE,FALSE,+,0.016441573693482
TRAV25,TRAJ36,TRA,TRAV25_TRAJ36,8,0.0187903699354081,legacy_plot_age,20,0.4262810993004117,0.0609021799226211,0.6930623776207202,FALSE,FALSE,FALSE,+,0.0187903699354081
TRAV26-1,TRAJ36,TRA,TRAV26-1_TRAJ36,35,0.0822078684674104,legacy_plot_age,20,-0.0307406316385742,0.89763141240871,0.9835748455116716,FALSE,FALSE,FALSE,-,0.0822078684674104
TRAV27,TRAJ36,TRA,TRAV27_TRAJ36,20,0.0469759248385202,legacy_plot_age,20,0.1864500618393399,0.4312354172818582,0.8623775129663037,FALSE,FALSE,FALSE,+,0.0469759248385202
TRAV29/DV5,TRAJ36,TRA,TRAV29/DV5_TRAJ36,39,0.0916030534351145,legacy_plot_age,20,-0.0310731812594367,0.8965296611784639,0.9835748455116716,FALSE,FALSE,FALSE,-,0.0916030534351145
TRAV30,TRAJ36,TRA,TRAV30_TRAJ36,9,0.0211391661773341,legacy_plot_age,20,0.0862415258094607,0.7177073515668397,0.968896788059294,FALSE,FALSE,FALSE,+,0.0211391661773341
TRAV26-2,TRAJ36,TRA,TRAV26-2_TRAJ36,4,0.009395184967704,legacy_plot_age,20,-0.0459768852956616,0.8473689339721342,0.9806093259447052,FALSE,FALSE,FALSE,-,0.009395184967704
TRAV34,TRAJ36,TRA,TRAV34_TRAJ36,1,0.002348796241926,legacy_plot_age,20,-0.0597010492253094,0.8025700622016751,0.9769790843883056,FALSE,FALSE,FALSE,-,0.002348796241926
TRAV35,TRAJ36,TRA,TRAV35_TRAJ36,10,0.0234879624192601,legacy_plot_age,20,0.2091125168820796,0.3762622913461322,0.8400154874741859,FALSE,FALSE,FALSE,+,0.0234879624192601
TRAV36/DV7,TRAJ36,TRA,TRAV36/DV7_TRAJ36,3,0.007046388725778,legacy_plot_age,20,0.0871140984549378,0.7149648467599898,0.968896788059294,FALSE,FALSE,FALSE,+,0.007046388725778
TRAV38-1,TRAJ36,TRA,TRAV38-1_TRAJ36,3,0.007046388725778,legacy_plot_age,20,-0.0653355738412033,0.7843399293658042,0.9769790843883056,FALSE,FALSE,FALSE,-,0.007046388725778
TRAV38-2/DV8,TRAJ36,TRA,TRAV38-2/DV8_TRAJ36,3,0.007046388725778,legacy_plot_age,20,0.4791275415021581,0.0325623244325377,0.6186841642182179,FALSE,FALSE,FALSE,+,0.007046388725778
TRAV39,TRAJ36,TRA,TRAV39_TRAJ36,2,0.004697592483852,legacy_plot_age,20,-0.2490422365877617,0.2896749555652101,0.775735566621833,FALSE,FALSE,FALSE,-,0.004697592483852
TRAV40,TRAJ36,TRA,TRAV40_TRAJ36,0,0,NA,NA,NA,NA,NA,FALSE,NA,NA,NA,0
TRAV41,TRAJ36,TRA,TRAV41_TRAJ36,1,0.002348796241926,legacy_plot_age,20,0.2189038471594681,0.3537977887689535,0.8304822298446632,FALSE,FALSE,FALSE,+,0.002348796241926
TRAV1-1,TRAJ35,TRA,TRAV1-1_TRAJ35,3,0.007046388725778,legacy_plot_age,20,-0.1194020984506189,0.616089875618355,0.9357275255362292,FALSE,FALSE,FALSE,-,0.007046388725778
TRAV1-2,TRAJ35,TRA,TRAV1-2_TRAJ35,14,0.0328831473869641,legacy_plot_age,20,-0.0494238955710622,0.8360690892924363,0.9806093259447052,FALSE,FALSE,FALSE,-,0.0328831473869641
TRAV2,TRAJ35,TRA,TRAV2_TRAJ35,5,0.01174398120963,legacy_plot_age,20,0.0079082817557754,0.9736028375405786,0.9934447573962428,FALSE,FALSE,FALSE,+,0.01174398120963
TRAV3,TRAJ35,TRA,TRAV3_TRAJ35,16,0.0375807398708162,legacy_plot_age,20,0.2032123890249627,0.3901779737183493,0.8437605842221145,FALSE,FALSE,FALSE,+,0.0375807398708162
TRAV4,TRAJ35,TRA,TRAV4_TRAJ35,3,0.007046388725778,legacy_plot_age,20,-0.0433116933196107,0.856125671636043,0.9806093259447052,FALSE,FALSE,FALSE,-,0.007046388725778
TRAV5,TRAJ35,TRA,TRAV5_TRAJ35,4,0.009395184967704,legacy_plot_age,20,0.3222386711513548,0.1658706327696769,0.7474189055763873,FALSE,FALSE,FALSE,+,0.009395184967704
TRAV6,TRAJ35,TRA,TRAV6_TRAJ35,5,0.01174398120963,legacy_plot_age,20,-0.1635401603172151,0.4908598123305661,0.8898209374654832,FALSE,FALSE,FALSE,-,0.01174398120963
TRAV8-1,TRAJ35,TRA,TRAV8-1_TRAJ35,11,0.0258367586611861,legacy_plot_age,20,-0.0169792012469012,0.9433589899226243,0.9901782203442352,FALSE,FALSE,FALSE,-,0.0258367586611861
TRAV9-1,TRAJ35,TRA,TRAV9-1_TRAJ35,0,0,NA,NA,NA,NA,NA,FALSE,NA,NA,NA,0
TRAV10,TRAJ35,TRA,TRAV10_TRAJ35,16,0.0375807398708162,legacy_plot_age,20,0.1107892881360309,0.6419328396734869,0.9478613143517702,FALSE,FALSE,FALSE,+,0.0375807398708162
TRAV12-1,TRAJ35,TRA,TRAV12-1_TRAJ35,16,0.0375807398708162,legacy_plot_age,20,-0.004940003658074,0.9835090169082876,0.9941772448809498,FALSE,FALSE,FALSE,-,0.0375807398708162
TRAV8-2,TRAJ35,TRA,TRAV8-2_TRAJ35,4,0.009395184967704,legacy_plot_age,20,-0.0217785246137344,0.9273849079684798,0.9892368769288012,FALSE,FALSE,FALSE,-,0.009395184967704
TRAV8-3,TRAJ35,TRA,TRAV8-3_TRAJ35,35,0.0822078684674104,legacy_plot_age,20,-0.2690774669828331,0.251306105441635,0.7667833814744837,FALSE,FALSE,FALSE,-,0.0822078684674104
TRAV13-1,TRAJ35,TRA,TRAV13-1_TRAJ35,32,0.0751614797416324,legacy_plot_age,20,-0.2489991162724515,0.2897612157386611,0.775735566621833,FALSE,FALSE,FALSE,-,0.0751614797416324
TRAV12-2,TRAJ35,TRA,TRAV12-2_TRAJ35,20,0.0469759248385202,legacy_plot_age,20,0.1037400768195553,0.6633849092584222,0.954591373102009,FALSE,FALSE,FALSE,+,0.0469759248385202
TRAV8-4,TRAJ35,TRA,TRAV8-4_TRAJ35,11,0.0258367586611861,legacy_plot_age,20,0.2457739380488962,0.2962578030032141,0.7834817844287703,FALSE,FALSE,FALSE,+,0.0258367586611861
TRAV13-2,TRAJ35,TRA,TRAV13-2_TRAJ35,12,0.0281855549031121,legacy_plot_age,20,0.0891408065462318,0.7086078946484553,0.968896788059294,FALSE,FALSE,FALSE,+,0.0281855549031121
TRAV14/DV4,TRAJ35,TRA,TRAV14/DV4_TRAJ35,16,0.0375807398708162,legacy_plot_age,20,0.0646949568020123,0.7864073494720036,0.9769790843883056,FALSE,FALSE,FALSE,+,0.0375807398708162
TRAV9-2,TRAJ35,TRA,TRAV9-2_TRAJ35,38,0.0892542571931885,legacy_plot_age,20,-0.0371362410173756,0.8764763810635681,0.98229559546794,FALSE,FALSE,FALSE,-,0.0892542571931885
TRAV12-3,TRAJ35,TRA,TRAV12-3_TRAJ35,13,0.0305343511450381,legacy_plot_age,20,0.400605797308463,0.0800537148355406,0.6930623776207202,FALSE,FALSE,FALSE,+,0.0305343511450381
TRAV8-6,TRAJ35,TRA,TRAV8-6_TRAJ35,6,0.014092777451556,legacy_plot_age,20,-0.3324599311711808,0.1520898590066499,0.7474189055763873,FALSE,FALSE,FALSE,-,0.014092777451556
TRAV16,TRAJ35,TRA,TRAV16_TRAJ35,3,0.007046388725778,legacy_plot_age,20,-0.0145190164091563,0.9515559281411864,0.9901782203442352,FALSE,FALSE,FALSE,-,0.007046388725778
TRAV17,TRAJ35,TRA,TRAV17_TRAJ35,8,0.0187903699354081,legacy_plot_age,20,-0.1099403280736858,0.644502381950229,0.9497674408709323,FALSE,FALSE,FALSE,-,0.0187903699354081
TRAV18,TRAJ35,TRA,TRAV18_TRAJ35,0,0,NA,NA,NA,NA,NA,FALSE,NA,NA,NA,0
TRAV19,TRAJ35,TRA,TRAV19_TRAJ35,33,0.0775102759835584,legacy_plot_age,20,0.0270601985209364,0.9098364599595986,0.9880965328196084,FALSE,FALSE,FALSE,+,0.0775102759835584
TRAV20,TRAJ35,TRA,TRAV20_TRAJ35,12,0.0281855549031121,legacy_plot_age,20,0.0601033778399011,0.8012649764484678,0.9769790843883056,FALSE,FALSE,FALSE,+,0.0281855549031121
TRAV21,TRAJ35,TRA,TRAV21_TRAJ35,58,0.1362301820317087,legacy_plot_age,20,0.4129884160478113,0.070327758377851,0.6930623776207202,FALSE,FALSE,FALSE,+,0.1362301820317087
TRAV22,TRAJ35,TRA,TRAV22_TRAJ35,4,0.009395184967704,legacy_plot_age,20,-0.0059175715904255,0.9802462067103448,0.9934447573962428,FALSE,FALSE,FALSE,-,0.009395184967704
TRAV23/DV6,TRAJ35,TRA,TRAV23/DV6_TRAJ35,23,0.0540223135642983,legacy_plot_age,20,-0.1106662738988673,0.6423049243522747,0.9478613143517702,FALSE,FALSE,FALSE,-,0.0540223135642983
TRAV24,TRAJ35,TRA,TRAV24_TRAJ35,4,0.009395184967704,legacy_plot_age,20,0.1968937456450682,0.4053925337964955,0.8489172941666808,FALSE,FALSE,FALSE,+,0.009395184967704
TRAV25,TRAJ35,TRA,TRAV25_TRAJ35,4,0.009395184967704,legacy_plot_age,20,0.2093158198986701,0.375787843794909,0.8400154874741859,FALSE,FALSE,FALSE,+,0.009395184967704
TRAV26-1,TRAJ35,TRA,TRAV26-1_TRAJ35,9,0.0211391661773341,legacy_plot_age,20,0.3724443559105046,0.1058402017891982,0.6930623776207202,FALSE,FALSE,FALSE,+,0.0211391661773341
TRAV27,TRAJ35,TRA,TRAV27_TRAJ35,9,0.0211391661773341,legacy_plot_age,20,0.2365286430900835,0.3153697147247402,0.794309564628464,FALSE,FALSE,FALSE,+,0.0211391661773341
TRAV29/DV5,TRAJ35,TRA,TRAV29/DV5_TRAJ35,16,0.0375807398708162,legacy_plot_age,20,-0.0798633924721973,0.737853048132438,0.968896788059294,FALSE,FALSE,FALSE,-,0.0375807398708162
TRAV30,TRAJ35,TRA,TRAV30_TRAJ35,2,0.004697592483852,legacy_plot_age,20,0.0649675399794161,0.7855274911243607,0.9769790843883056,FALSE,FALSE,FALSE,+,0.004697592483852
TRAV26-2,TRAJ35,TRA,TRAV26-2_TRAJ35,1,0.002348796241926,legacy_plot_age,20,-0.2587045466430078,0.2707446686759674,0.7667833814744837,FALSE,FALSE,FALSE,-,0.002348796241926
TRAV34,TRAJ35,TRA,TRAV34_TRAJ35,0,0,NA,NA,NA,NA,NA,FALSE,NA,NA,NA,0
TRAV35,TRAJ35,TRA,TRAV35_TRAJ35,10,0.0234879624192601,legacy_plot_age,20,-0.0520716042623691,0.8274103112184048,0.980577174620276,FALSE,FALSE,FALSE,-,0.0234879624192601
TRAV36/DV7,TRAJ35,TRA,TRAV36/DV7_TRAJ35,4,0.009395184967704,legacy_plot_age,20,0.0844598854269828,0.7233173705090845,0.968896788059294,FALSE,FALSE,FALSE,+,0.009395184967704
TRAV38-1,TRAJ35,TRA,TRAV38-1_TRAJ35,4,0.009395184967704,legacy_plot_age,20,0.364185328263004,0.1144302874686576,0.6998127268005091,FALSE,FALSE,FALSE,+,0.009395184967704
TRAV38-2/DV8,TRAJ35,TRA,TRAV38-2/DV8_TRAJ35,5,0.01174398120963,legacy_plot_age,20,-0.0532363935002398,0.8236071155015314,0.980577174620276,FALSE,FALSE,FALSE,-,0.01174398120963
TRAV39,TRAJ35,TRA,TRAV39_TRAJ35,1,0.002348796241926,legacy_plot_age,20,0.1791031476759284,0.4499246852756275,0.8629670393973627,FALSE,FALSE,FALSE,+,0.002348796241926
TRAV40,TRAJ35,TRA,TRAV40_TRAJ35,0,0,NA,NA,NA,NA,NA,FALSE,NA,NA,NA,0
TRAV41,TRAJ35,TRA,TRAV41_TRAJ35,11,0.0258367586611861,legacy_plot_age,20,-0.1047880904996673,0.6601790998405699,0.9506773350905044,FALSE,FALSE,FALSE,-,0.0258367586611861
TRAV1-1,TRAJ34,TRA,TRAV1-1_TRAJ34,6,0.014092777451556,legacy_plot_age,20,0.1285726918283369,0.5890440639072687,0.9351431070614472,FALSE,FALSE,FALSE,+,0.014092777451556
TRAV1-2,TRAJ34,TRA,TRAV1-2_TRAJ34,17,0.0399295361127422,legacy_plot_age,20,-0.1441525742414171,0.5442886010323928,0.9135272660552252,FALSE,FALSE,FALSE,-,0.0399295361127422
TRAV2,TRAJ34,TRA,TRAV2_TRAJ34,8,0.0187903699354081,legacy_plot_age,20,-0.0061779869463827,0.9793770721317518,0.9934447573962428,FALSE,FALSE,FALSE,-,0.0187903699354081
TRAV3,TRAJ34,TRA,TRAV3_TRAJ34,15,0.0352319436288901,legacy_plot_age,20,0.2412368453026167,0.3055464514851888,0.789900139440574,FALSE,FALSE,FALSE,+,0.0352319436288901
TRAV4,TRAJ34,TRA,TRAV4_TRAJ34,16,0.0375807398708162,legacy_plot_age,20,0.0063086264338538,0.9789410720492172,0.9934447573962428,FALSE,FALSE,FALSE,+,0.0375807398708162
TRAV5,TRAJ34,TRA,TRAV5_TRAJ34,16,0.0375807398708162,legacy_plot_age,20,0.2848261009167692,0.2235385809842546,0.7667833814744837,FALSE,FALSE,FALSE,+,0.0375807398708162
TRAV6,TRAJ34,TRA,TRAV6_TRAJ34,4,0.009395184967704,legacy_plot_age,20,0.1560087055657644,0.5113040594067421,0.9026931603370512,FALSE,FALSE,FALSE,+,0.009395184967704
TRAV8-1,TRAJ34,TRA,TRAV8-1_TRAJ34,17,0.0399295361127422,legacy_plot_age,20,0.2181834948982711,0.3554235580155007,0.833010662318964,FALSE,FALSE,FALSE,+,0.0399295361127422
TRAV9-1,TRAJ34,TRA,TRAV9-1_TRAJ34,0,0,NA,NA,NA,NA,NA,FALSE,NA,NA,NA,0
TRAV10,TRAJ34,TRA,TRAV10_TRAJ34,17,0.0399295361127422,legacy_plot_age,20,-0.0230533504043456,0.9231460223473948,0.9892368769288012,FALSE,FALSE,FALSE,-,0.0399295361127422
TRAV12-1,TRAJ34,TRA,TRAV12-1_TRAJ34,30,0.0704638872577803,legacy_plot_age,20,0.4380560675110842,0.05338032265023,0.6930623776207202,FALSE,FALSE,FALSE,+,0.0704638872577803
TRAV8-2,TRAJ34,TRA,TRAV8-2_TRAJ34,8,0.0187903699354081,legacy_plot_age,20,-0.0843868693404401,0.7235475754397414,0.968896788059294,FALSE,FALSE,FALSE,-,0.0187903699354081
TRAV8-3,TRAJ34,TRA,TRAV8-3_TRAJ34,70,0.1644157369348209,legacy_plot_age,20,0.3057775292492935,0.189825290515685,0.7474189055763873,FALSE,FALSE,FALSE,+,0.1644157369348209
TRAV13-1,TRAJ34,TRA,TRAV13-1_TRAJ34,45,0.1056958308866705,legacy_plot_age,20,-0.2218174019603525,0.3472660981963725,0.8304822298446632,FALSE,FALSE,FALSE,-,0.1056958308866705
TRAV12-2,TRAJ34,TRA,TRAV12-2_TRAJ34,34,0.0798590722254844,legacy_plot_age,20,0.0575056091313469,0.8097004820883255,0.9774706427824436,FALSE,FALSE,FALSE,+,0.0798590722254844
TRAV8-4,TRAJ34,TRA,TRAV8-4_TRAJ34,49,0.1150910158543746,legacy_plot_age,20,-0.0876597980255688,0.713251412667048,0.968896788059294,FALSE,FALSE,FALSE,-,0.1150910158543746
TRAV13-2,TRAJ34,TRA,TRAV13-2_TRAJ34,24,0.0563711098062243,legacy_plot_age,20,0.0502290037282704,0.8334341830822487,0.9806093259447052,FALSE,FALSE,FALSE,+,0.0563711098062243
TRAV14/DV4,TRAJ34,TRA,TRAV14/DV4_TRAJ34,32,0.0751614797416324,legacy_plot_age,20,0.4042393060472516,0.0771020556146512,0.6930623776207202,FALSE,FALSE,FALSE,+,0.0751614797416324
TRAV9-2,TRAJ34,TRA,TRAV9-2_TRAJ34,33,0.0775102759835584,legacy_plot_age,20,0.1674920258130616,0.4802956078642834,0.8834008501789498,FALSE,FALSE,FALSE,+,0.0775102759835584
TRAV12-3,TRAJ34,TRA,TRAV12-3_TRAJ34,27,0.0634174985320023,legacy_plot_age,20,0.1414069055374416,0.5520624082335164,0.9157441054943444,FALSE,FALSE,FALSE,+,0.0634174985320023
TRAV8-6,TRAJ34,TRA,TRAV8-6_TRAJ34,44,0.1033470346447445,legacy_plot_age,20,0.0087659798025568,0.970741031191316,0.9934447573962428,FALSE,FALSE,FALSE,+,0.1033470346447445
TRAV16,TRAJ34,TRA,TRAV16_TRAJ34,10,0.0234879624192601,legacy_plot_age,20,0.1712534601465674,0.4703467847735881,0.8782649125908961,FALSE,FALSE,FALSE,+,0.0234879624192601
TRAV17,TRAJ34,TRA,TRAV17_TRAJ34,47,0.1103934233705226,legacy_plot_age,20,0.3712201881604525,0.1070830044896822,0.6930623776207202,FALSE,FALSE,FALSE,+,0.1103934233705226
TRAV18,TRAJ34,TRA,TRAV18_TRAJ34,0,0,NA,NA,NA,NA,NA,FALSE,NA,NA,NA,0
TRAV19,TRAJ34,TRA,TRAV19_TRAJ34,49,0.1150910158543746,legacy_plot_age,20,0.0203389960349851,0.9321737015044528,0.9892368769288012,FALSE,FALSE,FALSE,+,0.1150910158543746
TRAV20,TRAJ34,TRA,TRAV20_TRAJ34,15,0.0352319436288901,legacy_plot_age,20,-0.0607006444576721,0.7993284802380611,0.9769790843883056,FALSE,FALSE,FALSE,-,0.0352319436288901
TRAV21,TRAJ34,TRA,TRAV21_TRAJ34,47,0.1103934233705226,legacy_plot_age,20,0.3503228977078326,0.1299562144752225,0.7329230885533444,FALSE,FALSE,FALSE,+,0.1103934233705226
TRAV22,TRAJ34,TRA,TRAV22_TRAJ34,8,0.0187903699354081,legacy_plot_age,20,0.3706551659821093,0.1076601751643837,0.6930623776207202,FALSE,FALSE,FALSE,+,0.0187903699354081
TRAV23/DV6,TRAJ34,TRA,TRAV23/DV6_TRAJ34,17,0.0399295361127422,legacy_plot_age,20,0.321100237774814,0.1674568739891617,0.7474189055763873,FALSE,FALSE,FALSE,+,0.0399295361127422
TRAV24,TRAJ34,TRA,TRAV24_TRAJ34,18,0.0422783323546682,legacy_plot_age,20,0.2144803800034023,0.3638488990338984,0.8367242014210802,FALSE,FALSE,FALSE,+,0.0422783323546682
TRAV25,TRAJ34,TRA,TRAV25_TRAJ34,13,0.0305343511450381,legacy_plot_age,20,0.3989214428235737,0.0814500793064475,0.6930623776207202,FALSE,FALSE,FALSE,+,0.0305343511450381
TRAV26-1,TRAJ34,TRA,TRAV26-1_TRAJ34,39,0.0916030534351145,legacy_plot_age,20,0.2251751267525565,0.3398262974426743,0.8257527915956068,FALSE,FALSE,FALSE,+,0.0916030534351145
TRAV27,TRAJ34,TRA,TRAV27_TRAJ34,9,0.0211391661773341,legacy_plot_age,20,0.082961538994283,0.7280459096766321,0.968896788059294,FALSE,FALSE,FALSE,+,0.0211391661773341
TRAV29/DV5,TRAJ34,TRA,TRAV29/DV5_TRAJ34,55,0.1291837933059307,legacy_plot_age,20,0.4386586283798507,0.053015431116363,0.6930623776207202,FALSE,FALSE,FALSE,+,0.1291837933059307
TRAV30,TRAJ34,TRA,TRAV30_TRAJ34,7,0.016441573693482,legacy_plot_age,20,0.0817700801586075,0.7318127344655142,0.968896788059294,FALSE,FALSE,FALSE,+,0.016441573693482
TRAV26-2,TRAJ34,TRA,TRAV26-2_TRAJ34,5,0.01174398120963,legacy_plot_age,20,0.300059672455897,0.1986640508566357,0.7474189055763873,FALSE,FALSE,FALSE,+,0.01174398120963
TRAV34,TRAJ34,TRA,TRAV34_TRAJ34,0,0,NA,NA,NA,NA,NA,FALSE,NA,NA,NA,0
TRAV35,TRAJ34,TRA,TRAV35_TRAJ34,15,0.0352319436288901,legacy_plot_age,20,-0.1655547962883794,0.4854600434387353,0.8854103494963699,FALSE,FALSE,FALSE,-,0.0352319436288901
TRAV36/DV7,TRAJ34,TRA,TRAV36/DV7_TRAJ34,7,0.016441573693482,legacy_plot_age,20,0.4626344827128633,0.0399788096134927,0.6930623776207202,FALSE,FALSE,FALSE,+,0.016441573693482
TRAV38-1,TRAJ34,TRA,TRAV38-1_TRAJ34,11,0.0258367586611861,legacy_plot_age,20,0.0848960062345064,0.7219428469509057,0.968896788059294,FALSE,FALSE,FALSE,+,0.0258367586611861
TRAV38-2/DV8,TRAJ34,TRA,TRAV38-2/DV8_TRAJ34,18,0.0422783323546682,legacy_plot_age,20,0.1795550531859812,0.4487631630257043,0.8629670393973627,FALSE,FALSE,FALSE,+,0.0422783323546682
TRAV39,TRAJ34,TRA,TRAV39_TRAJ34,2,0.004697592483852,legacy_plot_age,20,-0.0368149393216691,0.877537360963514,0.98229559546794,FALSE,FALSE,FALSE,-,0.004697592483852
TRAV40,TRAJ34,TRA,TRAV40_TRAJ34,2,0.004697592483852,legacy_plot_age,20,-0.3724805625486524,0.1058036038000395,0.6930623776207202,FALSE,FALSE,FALSE,-,0.004697592483852
TRAV41,TRAJ34,TRA,TRAV41_TRAJ34,20,0.0469759248385202,legacy_plot_age,20,0.34618587555773,0.134865748917743,0.7387368079116571,FALSE,FALSE,FALSE,+,0.0469759248385202
TRAV1-1,TRAJ33,TRA,TRAV1-1_TRAJ33,11,0.0258367586611861,legacy_plot_age,20,-0.0152812811222111,0.9490156472407918,0.9901782203442352,FALSE,FALSE,FALSE,-,0.0258367586611861
TRAV1-2,TRAJ33,TRA,TRAV1-2_TRAJ33,30,0.0704638872577803,legacy_plot_age,20,0.0350639192102275,0.8833229458832789,0.98229559546794,FALSE,FALSE,FALSE,+,0.0704638872577803
TRAV2,TRAJ33,TRA,TRAV2_TRAJ33,23,0.0540223135642983,legacy_plot_age,20,-0.0594711404142722,0.803316073625202,0.9770600099965944,FALSE,FALSE,FALSE,-,0.0540223135642983
TRAV3,TRAJ33,TRA,TRAV3_TRAJ33,33,0.0775102759835584,legacy_plot_age,20,-0.0438054000849683,0.8545022989778199,0.9806093259447052,FALSE,FALSE,FALSE,-,0.0775102759835584
TRAV4,TRAJ33,TRA,TRAV4_TRAJ33,15,0.0352319436288901,legacy_plot_age,20,-0.0568803241771193,0.8117339720788812,0.9774706427824436,FALSE,FALSE,FALSE,-,0.0352319436288901
TRAV5,TRAJ33,TRA,TRAV5_TRAJ33,14,0.0328831473869641,legacy_plot_age,20,0.4618094607861448,0.0403814752891675,0.6930623776207202,FALSE,FALSE,FALSE,+,0.0328831473869641
TRAV6,TRAJ33,TRA,TRAV6_TRAJ33,10,0.0234879624192601,legacy_plot_age,20,-0.1080337393204535,0.6502871722249783,0.9502999073148214,FALSE,FALSE,FALSE,-,0.0234879624192601
TRAV8-1,TRAJ33,TRA,TRAV8-1_TRAJ33,19,0.0446271285965942,legacy_plot_age,20,-0.1788152532726428,0.4506654646214127,0.8629670393973627,FALSE,FALSE,FALSE,-,0.0446271285965942
TRAV9-1,TRAJ33,TRA,TRAV9-1_TRAJ33,1,0.002348796241926,legacy_plot_age,20,-0.2587045466430078,0.2707446686759674,0.7667833814744837,FALSE,FALSE,FALSE,-,0.002348796241926
TRAV10,TRAJ33,TRA,TRAV10_TRAJ33,22,0.0516735173223722,legacy_plot_age,20,-0.1383243030456725,0.560849046574606,0.921457412143848,FALSE,FALSE,FALSE,-,0.0516735173223722
TRAV12-1,TRAJ33,TRA,TRAV12-1_TRAJ33,54,0.1268349970640047,legacy_plot_age,20,0.141186167826217,0.5526895385178849,0.9157441054943444,FALSE,FALSE,FALSE,+,0.1268349970640047
TRAV8-2,TRAJ33,TRA,TRAV8-2_TRAJ33,17,0.0399295361127422,legacy_plot_age,20,0.1663900221928952,0.4832300637836548,0.884105365445429,FALSE,FALSE,FALSE,+,0.0399295361127422
TRAV8-3,TRAJ33,TRA,TRAV8-3_TRAJ33,42,0.0986494421608925,legacy_plot_age,20,0.2706019852093648,0.2485262826532545,0.7667833814744837,FALSE,FALSE,FALSE,+,0.0986494421608925
TRAV13-1,TRAJ33,TRA,TRAV13-1_TRAJ33,90,0.2113916617733411,legacy_plot_age,20,-0.3488128852177126,0.1317332759994056,0.7347211371704738,FALSE,FALSE,FALSE,-,0.2113916617733411
TRAV12-2,TRAJ33,TRA,TRAV12-2_TRAJ33,76,0.178508514386377,legacy_plot_age,20,0.1933057677131767,0.4141739650529747,0.851528244498423,FALSE,FALSE,FALSE,+,0.178508514386377
TRAV8-4,TRAJ33,TRA,TRAV8-4_TRAJ33,23,0.0540223135642983,legacy_plot_age,20,0.0101023367392906,0.966282823975299,0.9919531703851348,FALSE,FALSE,FALSE,+,0.0540223135642983
TRAV13-2,TRAJ33,TRA,TRAV13-2_TRAJ33,22,0.0516735173223722,legacy_plot_age,20,0.2519486827010046,0.2838971789396607,0.7703108658939515,FALSE,FALSE,FALSE,+,0.0516735173223722
TRAV14/DV4,TRAJ33,TRA,TRAV14/DV4_TRAJ33,34,0.0798590722254844,legacy_plot_age,20,-0.0981508118577979,0.6805762272101319,0.966188778516916,FALSE,FALSE,FALSE,-,0.0798590722254844
TRAV9-2,TRAJ33,TRA,TRAV9-2_TRAJ33,65,0.1526717557251908,legacy_plot_age,20,-0.1909863823750747,0.4199048039078095,0.8542138266606893,FALSE,FALSE,FALSE,-,0.1526717557251908
TRAV12-3,TRAJ33,TRA,TRAV12-3_TRAJ33,25,0.0587199060481503,legacy_plot_age,20,0.3125262364389847,0.179738429962759,0.7474189055763873,FALSE,FALSE,FALSE,+,0.0587199060481503
TRAV8-6,TRAJ33,TRA,TRAV8-6_TRAJ33,11,0.0258367586611861,legacy_plot_age,20,0.2295137380413068,0.3303526748447154,0.8110726166292177,FALSE,FALSE,FALSE,+,0.0258367586611861
TRAV16,TRAJ33,TRA,TRAV16_TRAJ33,14,0.0328831473869641,legacy_plot_age,20,-0.2648755394516602,0.2590701525057571,0.7667833814744837,FALSE,FALSE,FALSE,-,0.0328831473869641
TRAV17,TRAJ33,TRA,TRAV17_TRAJ33,50,0.1174398120963006,legacy_plot_age,20,0.1970494421330136,0.4050137910116826,0.8489172941666808,FALSE,FALSE,FALSE,+,0.1174398120963006
TRAV18,TRAJ33,TRA,TRAV18_TRAJ33,0,0,NA,NA,NA,NA,NA,FALSE,NA,NA,NA,0
TRAV19,TRAJ33,TRA,TRAV19_TRAJ33,35,0.0822078684674104,legacy_plot_age,20,0.2267121583344852,0.3364520661172647,0.820993383281156,FALSE,FALSE,FALSE,+,0.0822078684674104
TRAV20,TRAJ33,TRA,TRAV20_TRAJ33,27,0.0634174985320023,legacy_plot_age,20,-0.222101063588699,0.3466339474032626,0.8304822298446632,FALSE,FALSE,FALSE,-,0.0634174985320023
TRAV21,TRAJ33,TRA,TRAV21_TRAJ33,87,0.2043452730475631,legacy_plot_age,20,0.0112866817155756,0.9623325432402872,0.9918460955600318,FALSE,FALSE,FALSE,+,0.2043452730475631
TRAV22,TRAJ33,TRA,TRAV22_TRAJ33,18,0.0422783323546682,legacy_plot_age,20,-0.1663961722196327,0.4832136626266686,0.884105365445429,FALSE,FALSE,FALSE,-,0.0422783323546682
TRAV23/DV6,TRAJ33,TRA,TRAV23/DV6_TRAJ33,34,0.0798590722254844,legacy_plot_age,20,0.3469764118533302,0.1339176294277584,0.7387368079116571,FALSE,FALSE,FALSE,+,0.0798590722254844
TRAV24,TRAJ33,TRA,TRAV24_TRAJ33,13,0.0305343511450381,legacy_plot_age,20,0.2865444244636922,0.2206355817904891,0.7629876448031567,FALSE,FALSE,FALSE,+,0.0305343511450381
TRAV25,TRAJ33,TRA,TRAV25_TRAJ33,18,0.0422783323546682,legacy_plot_age,20,0.4930717431599955,0.0271721665725706,0.6186841642182179,FALSE,FALSE,FALSE,+,0.0422783323546682
TRAV26-1,TRAJ33,TRA,TRAV26-1_TRAJ33,21,0.0493247210804462,legacy_plot_age,20,-0.0039428915211586,0.9868373188243637,0.9950530667977164,FALSE,FALSE,FALSE,-,0.0493247210804462
TRAV27,TRAJ33,TRA,TRAV27_TRAJ33,31,0.0728126834997063,legacy_plot_age,20,0.3239601231379719,0.1634917007231445,0.7474189055763873,FALSE,FALSE,FALSE,+,0.0728126834997063
TRAV29/DV5,TRAJ33,TRA,TRAV29/DV5_TRAJ33,46,0.1080446271285966,legacy_plot_age,20,0.1129718212717604,0.6353449950527541,0.9443046428205644,FALSE,FALSE,FALSE,+,0.1080446271285966
TRAV30,TRAJ33,TRA,TRAV30_TRAJ33,6,0.014092777451556,legacy_plot_age,20,-0.0563465075099,0.8134709172924728,0.9774706427824436,FALSE,FALSE,FALSE,-,0.014092777451556
TRAV26-2,TRAJ33,TRA,TRAV26-2_TRAJ33,8,0.0187903699354081,legacy_plot_age,20,0.4606574122739195,0.0409489957902256,0.6930623776207202,FALSE,FALSE,FALSE,+,0.0187903699354081
TRAV34,TRAJ33,TRA,TRAV34_TRAJ33,4,0.009395184967704,legacy_plot_age,20,-0.0967934427277087,0.6847745711818919,0.966188778516916,FALSE,FALSE,FALSE,-,0.009395184967704
TRAV35,TRAJ33,TRA,TRAV35_TRAJ33,10,0.0234879624192601,legacy_plot_age,20,0.1601427055544526,0.5000322225209657,0.8948131050641034,FALSE,FALSE,FALSE,+,0.0234879624192601
TRAV36/DV7,TRAJ33,TRA,TRAV36/DV7_TRAJ33,11,0.0258367586611861,legacy_plot_age,20,0.2101176154304035,0.373919989828024,0.8400154874741859,FALSE,FALSE,FALSE,+,0.0258367586611861
TRAV38-1,TRAJ33,TRA,TRAV38-1_TRAJ33,7,0.016441573693482,legacy_plot_age,20,-0.0850140288745859,0.7215710153710198,0.968896788059294,FALSE,FALSE,FALSE,-,0.016441573693482
TRAV38-2/DV8,TRAJ33,TRA,TRAV38-2/DV8_TRAJ33,16,0.0375807398708162,legacy_plot_age,20,-0.079040058529185,0.7404659417210049,0.9692922059852886,FALSE,FALSE,FALSE,-,0.0375807398708162
TRAV39,TRAJ33,TRA,TRAV39_TRAJ33,10,0.0234879624192601,legacy_plot_age,20,0.1867712137159142,0.430427974434637,0.8623775129663037,FALSE,FALSE,FALSE,+,0.0234879624192601
TRAV40,TRAJ33,TRA,TRAV40_TRAJ33,2,0.004697592483852,legacy_plot_age,20,-0.0259870159917664,0.913399131017257,0.988127197015352,FALSE,FALSE,FALSE,-,0.004697592483852
TRAV41,TRAJ33,TRA,TRAV41_TRAJ33,11,0.0258367586611861,legacy_plot_age,20,-0.0291247956043759,0.9029872792966852,0.9867062470640564,FALSE,FALSE,FALSE,-,0.0258367586611861
TRAV1-1,TRAJ32,TRA,TRAV1-1_TRAJ32,11,0.0258367586611861,legacy_plot_age,20,0.0803138303029761,0.7364247285154523,0.968896788059294,FALSE,FALSE,FALSE,+,0.0258367586611861
TRAV1-2,TRAJ32,TRA,TRAV1-2_TRAJ32,15,0.0352319436288901,legacy_plot_age,20,0.0164666788602468,0.9450662061843124,0.9901782203442352,FALSE,FALSE,FALSE,+,0.0352319436288901
TRAV2,TRAJ32,TRA,TRAV2_TRAJ32,12,0.0281855549031121,legacy_plot_age,20,0.083980062187259,0.7248305739559792,0.968896788059294,FALSE,FALSE,FALSE,+,0.0281855549031121
TRAV3,TRAJ32,TRA,TRAV3_TRAJ32,17,0.0399295361127422,legacy_plot_age,20,0.2749935369661228,0.2406289000058985,0.7667833814744837,FALSE,FALSE,FALSE,+,0.0399295361127422
TRAV4,TRAJ32,TRA,TRAV4_TRAJ32,13,0.0305343511450381,legacy_plot_age,20,0.2796750927590098,0.2323898908141497,0.7667833814744837,FALSE,FALSE,FALSE,+,0.0305343511450381
TRAV5,TRAJ32,TRA,TRAV5_TRAJ32,21,0.0493247210804462,legacy_plot_age,20,0.0741263605977827,0.7561158751995521,0.9767120579310388,FALSE,FALSE,FALSE,+,0.0493247210804462
TRAV6,TRAJ32,TRA,TRAV6_TRAJ32,6,0.014092777451556,legacy_plot_age,20,-0.0774319075816126,0.7455773695455812,0.9707690551702468,FALSE,FALSE,FALSE,-,0.014092777451556
TRAV8-1,TRAJ32,TRA,TRAV8-1_TRAJ32,16,0.0375807398708162,legacy_plot_age,20,0.1237642651864584,0.6031627363733634,0.9357275255362292,FALSE,FALSE,FALSE,+,0.0375807398708162
TRAV9-1,TRAJ32,TRA,TRAV9-1_TRAJ32,0,0,NA,NA,NA,NA,NA,FALSE,NA,NA,NA,0
TRAV10,TRAJ32,TRA,TRAV10_TRAJ32,10,0.0234879624192601,legacy_plot_age,20,0.0551760299533646,0.8172823700150377,0.9784757343689796,FALSE,FALSE,FALSE,+,0.0234879624192601
TRAV12-1,TRAJ32,TRA,TRAV12-1_TRAJ32,19,0.0446271285965942,legacy_plot_age,20,-0.0912158707705391,0.7021184350069384,0.968896788059294,FALSE,FALSE,FALSE,-,0.0446271285965942
TRAV8-2,TRAJ32,TRA,TRAV8-2_TRAJ32,16,0.0375807398708162,legacy_plot_age,20,0.1020653355758455,0.6685195320843029,0.9563543306206,FALSE,FALSE,FALSE,+,0.0375807398708162
TRAV8-3,TRAJ32,TRA,TRAV8-3_TRAJ32,57,0.1338813857897827,legacy_plot_age,20,-0.0818513067321749,0.731555745974589,0.968896788059294,FALSE,FALSE,FALSE,-,0.1338813857897827
TRAV13-1,TRAJ32,TRA,TRAV13-1_TRAJ32,42,0.0986494421608925,legacy_plot_age,20,-0.4168353583582981,0.0674945503545316,0.6930623776207202,FALSE,FALSE,FALSE,-,0.0986494421608925
TRAV12-2,TRAJ32,TRA,TRAV12-2_TRAJ32,31,0.0728126834997063,legacy_plot_age,20,-0.3780805201798449,0.1002527905477613,0.6930623776207202,FALSE,FALSE,FALSE,-,0.0728126834997063
TRAV8-4,TRAJ32,TRA,TRAV8-4_TRAJ32,32,0.0751614797416324,legacy_plot_age,20,0.2622171349634408,0.2640597038404185,0.7667833814744837,FALSE,FALSE,FALSE,+,0.0751614797416324
TRAV13-2,TRAJ32,TRA,TRAV13-2_TRAJ32,26,0.0610687022900763,legacy_plot_age,20,-0.3865634428550714,0.0922526428087322,0.6930623776207202,FALSE,FALSE,FALSE,-,0.0610687022900763
TRAV14/DV4,TRAJ32,TRA,TRAV14/DV4_TRAJ32,19,0.0446271285965942,legacy_plot_age,20,0.2648073076554418,0.2591974650535876,0.7667833814744837,FALSE,FALSE,FALSE,+,0.0446271285965942
TRAV9-2,TRAJ32,TRA,TRAV9-2_TRAJ32,66,0.1550205519671168,legacy_plot_age,20,-0.0226501873517995,0.9244863575423856,0.9892368769288012,FALSE,FALSE,FALSE,-,0.1550205519671168
TRAV12-3,TRAJ32,TRA,TRAV12-3_TRAJ32,15,0.0352319436288901,legacy_plot_age,20,0.1430522026181142,0.5473981018574733,0.9137746503784232,FALSE,FALSE,FALSE,+,0.0352319436288901
TRAV8-6,TRAJ32,TRA,TRAV8-6_TRAJ32,27,0.0634174985320023,legacy_plot_age,20,0.1367958107916555,0.5652286607104897,0.9243048898868312,FALSE,FALSE,FALSE,+,0.0634174985320023
TRAV16,TRAJ32,TRA,TRAV16_TRAJ32,14,0.0328831473869641,legacy_plot_age,20,0.167178600497127,0.481129303935523,0.8838414810377652,FALSE,FALSE,FALSE,+,0.0328831473869641
TRAV17,TRAJ32,TRA,TRAV17_TRAJ32,19,0.0446271285965942,legacy_plot_age,20,0.0212916142142567,0.9290044226205048,0.9892368769288012,FALSE,FALSE,FALSE,+,0.0446271285965942
TRAV18,TRAJ32,TRA,TRAV18_TRAJ32,0,0,NA,NA,NA,NA,NA,FALSE,NA,NA,NA,0
TRAV19,TRAJ32,TRA,TRAV19_TRAJ32,31,0.0728126834997063,legacy_plot_age,20,0.3127859269224931,0.1793577114643756,0.7474189055763873,FALSE,FALSE,FALSE,+,0.0728126834997063
TRAV20,TRAJ32,TRA,TRAV20_TRAJ32,25,0.0587199060481503,legacy_plot_age,20,0.3815574876147483,0.0969148520177661,0.6930623776207202,FALSE,FALSE,FALSE,+,0.0587199060481503
TRAV21,TRAJ32,TRA,TRAV21_TRAJ32,38,0.0892542571931885,legacy_plot_age,20,-0.1023033462056278,0.6677889396407806,0.9563543306206,FALSE,FALSE,FALSE,-,0.0892542571931885
TRAV22,TRAJ32,TRA,TRAV22_TRAJ32,11,0.0258367586611861,legacy_plot_age,20,0.1506908381079287,0.5259797990630308,0.9110746171329148,FALSE,FALSE,FALSE,+,0.0258367586611861
TRAV23/DV6,TRAJ32,TRA,TRAV23/DV6_TRAJ32,11,0.0258367586611861,legacy_plot_age,20,0.4210070184676902,0.0645200428971578,0.6930623776207202,FALSE,FALSE,FALSE,+,0.0258367586611861
TRAV24,TRAJ32,TRA,TRAV24_TRAJ32,11,0.0258367586611861,legacy_plot_age,20,0.1844570388277144,0.4362641948644324,0.8629670393973627,FALSE,FALSE,FALSE,+,0.0258367586611861
TRAV25,TRAJ32,TRA,TRAV25_TRAJ32,8,0.0187903699354081,legacy_plot_age,20,0.0908781669820124,0.7031732165550272,0.968896788059294,FALSE,FALSE,FALSE,+,0.0187903699354081
TRAV26-1,TRAJ32,TRA,TRAV26-1_TRAJ32,23,0.0540223135642983,legacy_plot_age,20,-0.0764920955104779,0.7485692759445086,0.9717854439622732,FALSE,FALSE,FALSE,-,0.0540223135642983
TRAV27,TRAJ32,TRA,TRAV27_TRAJ32,15,0.0352319436288901,legacy_plot_age,20,0.4452795526999864,0.049130192981633,0.6930623776207202,FALSE,FALSE,FALSE,+,0.0352319436288901
TRAV29/DV5,TRAJ32,TRA,TRAV29/DV5_TRAJ32,21,0.0493247210804462,legacy_plot_age,20,0.3146427433884607,0.1766514856519616,0.7474189055763873,FALSE,FALSE,FALSE,+,0.0493247210804462
TRAV30,TRAJ32,TRA,TRAV30_TRAJ32,6,0.014092777451556,legacy_plot_age,20,0.2237917983288206,0.3428799849158945,0.8294389746358537,FALSE,FALSE,FALSE,+,0.014092777451556
TRAV26-2,TRAJ32,TRA,TRAV26-2_TRAJ32,2,0.004697592483852,legacy_plot_age,20,0.0664112630900698,0.780871563153055,0.9769790843883056,FALSE,FALSE,FALSE,+,0.004697592483852
TRAV34,TRAJ32,TRA,TRAV34_TRAJ32,0,0,NA,NA,NA,NA,NA,FALSE,NA,NA,NA,0
TRAV35,TRAJ32,TRA,TRAV35_TRAJ32,10,0.0234879624192601,legacy_plot_age,20,0.1111500823066664,0.6408420092353473,0.9478613143517702,FALSE,FALSE,FALSE,+,0.0234879624192601
TRAV36/DV7,TRAJ32,TRA,TRAV36/DV7_TRAJ32,3,0.007046388725778,legacy_plot_age,20,0.2129455740009592,0.367374049174152,0.8398960446656725,FALSE,FALSE,FALSE,+,0.007046388725778
TRAV38-1,TRAJ32,TRA,TRAV38-1_TRAJ32,12,0.0281855549031121,legacy_plot_age,20,0.1867712137159142,0.430427974434637,0.8623775129663037,FALSE,FALSE,FALSE,+,0.0281855549031121
TRAV38-2/DV8,TRAJ32,TRA,TRAV38-2/DV8_TRAJ32,19,0.0446271285965942,legacy_plot_age,20,0.2304109879384376,0.3284131689690189,0.8104723476322447,FALSE,FALSE,FALSE,+,0.0446271285965942
TRAV39,TRAJ32,TRA,TRAV39_TRAJ32,8,0.0187903699354081,legacy_plot_age,20,0.2883990809327129,0.2175300951641159,0.7601899932788836,FALSE,FALSE,FALSE,+,0.0187903699354081
TRAV40,TRAJ32,TRA,TRAV40_TRAJ32,0,0,NA,NA,NA,NA,NA,FALSE,NA,NA,NA,0
TRAV41,TRAJ32,TRA,TRAV41_TRAJ32,6,0.014092777451556,legacy_plot_age,20,0.1265803040106601,0.5948772722940419,0.9357275255362292,FALSE,FALSE,FALSE,+,0.014092777451556
TRAV1-1,TRAJ31,TRA,TRAV1-1_TRAJ31,23,0.0540223135642983,legacy_plot_age,20,-0.1841733697855302,0.4369824468636615,0.8629670393973627,FALSE,FALSE,FALSE,-,0.0540223135642983
TRAV1-2,TRAJ31,TRA,TRAV1-2_TRAJ31,27,0.0634174985320023,legacy_plot_age,20,-0.1734872269309808,0.464488216949895,0.8767029163052338,FALSE,FALSE,FALSE,-,0.0634174985320023
TRAV2,TRAJ31,TRA,TRAV2_TRAJ31,31,0.0728126834997063,legacy_plot_age,20,0.2920360005664555,0.2115240571032822,0.7513724707488281,FALSE,FALSE,FALSE,+,0.0728126834997063
TRAV3,TRAJ31,TRA,TRAV3_TRAJ31,28,0.0657662947739283,legacy_plot_age,20,-0.1168144002265822,0.6238105039027295,0.9383529255477644,FALSE,FALSE,FALSE,-,0.0657662947739283
TRAV4,TRAJ31,TRA,TRAV4_TRAJ31,16,0.0375807398708162,legacy_plot_age,20,0.132604569842634,0.5773142606371418,0.9299360997660456,FALSE,FALSE,FALSE,+,0.0375807398708162
TRAV5,TRAJ31,TRA,TRAV5_TRAJ31,13,0.0305343511450381,legacy_plot_age,20,-0.2156358558356464,0.3612077998984769,0.8355598869991955,FALSE,FALSE,FALSE,-,0.0305343511450381
TRAV6,TRAJ31,TRA,TRAV6_TRAJ31,6,0.014092777451556,legacy_plot_age,20,-0.2340130583486466,0.320695024106048,0.801532774170544,FALSE,FALSE,FALSE,-,0.014092777451556
TRAV8-1,TRAJ31,TRA,TRAV8-1_TRAJ31,19,0.0446271285965942,legacy_plot_age,20,0.2428821177033732,0.3021579678337072,0.7891692387409849,FALSE,FALSE,FALSE,+,0.0446271285965942
TRAV9-1,TRAJ31,TRA,TRAV9-1_TRAJ31,0,0,NA,NA,NA,NA,NA,FALSE,NA,NA,NA,0
TRAV10,TRAJ31,TRA,TRAV10_TRAJ31,26,0.0610687022900763,legacy_plot_age,20,-0.1333873146746554,0.5750487636561035,0.9285234574876192,FALSE,FALSE,FALSE,-,0.0610687022900763
TRAV12-1,TRAJ31,TRA,TRAV12-1_TRAJ31,89,0.2090428655314151,legacy_plot_age,20,-0.0955246400761613,0.6887070456650782,0.9674947271323688,FALSE,FALSE,FALSE,-,0.2090428655314151
TRAV8-2,TRAJ31,TRA,TRAV8-2_TRAJ31,29,0.0681150910158543,legacy_plot_age,20,0.1545613476294193,0.515278882231502,0.9027759825667409,FALSE,FALSE,FALSE,+,0.0681150910158543
TRAV8-3,TRAJ31,TRA,TRAV8-3_TRAJ31,47,0.1103934233705226,legacy_plot_age,20,-0.1932815987353559,0.4142334638541127,0.851528244498423,FALSE,FALSE,FALSE,-,0.1103934233705226
TRAV13-1,TRAJ31,TRA,TRAV13-1_TRAJ31,70,0.1644157369348209,legacy_plot_age,20,-0.5204964640370363,0.0186309973284095,0.6186841642182179,FALSE,FALSE,FALSE,-,0.1644157369348209
TRAV12-2,TRAJ31,TRA,TRAV12-2_TRAJ31,59,0.1385789782736347,legacy_plot_age,20,-0.2952920905820069,0.2062407288652114,0.7474189055763873,FALSE,FALSE,FALSE,-,0.1385789782736347
TRAV8-4,TRAJ31,TRA,TRAV8-4_TRAJ31,32,0.0751614797416324,legacy_plot_age,20,0.082372899566524,0.7299061626209682,0.968896788059294,FALSE,FALSE,FALSE,+,0.0751614797416324
TRAV13-2,TRAJ31,TRA,TRAV13-2_TRAJ31,29,0.0681150910158543,legacy_plot_age,20,0.2965187950604026,0.2042731957040169,0.7474189055763873,FALSE,FALSE,FALSE,+,0.0681150910158543
TRAV14/DV4,TRAJ31,TRA,TRAV14/DV4_TRAJ31,13,0.0305343511450381,legacy_plot_age,20,0.0432459086246794,0.8563420225035775,0.9806093259447052,FALSE,FALSE,FALSE,+,0.0305343511450381
TRAV9-2,TRAJ31,TRA,TRAV9-2_TRAJ31,61,0.1432765707574868,legacy_plot_age,20,-0.0416835358358298,0.8614831777339663,0.9818968142732016,FALSE,FALSE,FALSE,-,0.1432765707574868
TRAV12-3,TRAJ31,TRA,TRAV12-3_TRAJ31,16,0.0375807398708162,legacy_plot_age,20,0.223418608583347,0.3437065340552666,0.82943962999011,FALSE,FALSE,FALSE,+,0.0375807398708162
TRAV8-6,TRAJ31,TRA,TRAV8-6_TRAJ31,21,0.0493247210804462,legacy_plot_age,20,0.2499395225518738,0.2878835624030999,0.7749492869640531,FALSE,FALSE,FALSE,+,0.0493247210804462
TRAV16,TRAJ31,TRA,TRAV16_TRAJ31,15,0.0352319436288901,legacy_plot_age,20,0.2766402048521475,0.2377098090042849,0.7667833814744837,FALSE,FALSE,FALSE,+,0.0352319436288901
TRAV17,TRAJ31,TRA,TRAV17_TRAJ31,55,0.1291837933059307,legacy_plot_age,20,0.3903094719173156,0.0888730329318981,0.6930623776207202,FALSE,FALSE,FALSE,+,0.1291837933059307
TRAV18,TRAJ31,TRA,TRAV18_TRAJ31,0,0,NA,NA,NA,NA,NA,FALSE,NA,NA,NA,0
TRAV19,TRAJ31,TRA,TRAV19_TRAJ31,30,0.0704638872577803,legacy_plot_age,20,0.453439499028932,0.0446463507846209,0.6930623776207202,FALSE,FALSE,FALSE,+,0.0704638872577803
TRAV20,TRAJ31,TRA,TRAV20_TRAJ31,25,0.0587199060481503,legacy_plot_age,20,0.3066378005947783,0.1885187679822567,0.7474189055763873,FALSE,FALSE,FALSE,+,0.0587199060481503
TRAV21,TRAJ31,TRA,TRAV21_TRAJ31,42,0.0986494421608925,legacy_plot_age,20,-0.0234051935968595,0.9219764653556448,0.9892368769288012,FALSE,FALSE,FALSE,-,0.0986494421608925
TRAV22,TRAJ31,TRA,TRAV22_TRAJ31,13,0.0305343511450381,legacy_plot_age,20,-0.4812833537108618,0.0316784433703984,0.6186841642182179,FALSE,FALSE,FALSE,-,0.0305343511450381
TRAV23/DV6,TRAJ31,TRA,TRAV23/DV6_TRAJ31,25,0.0587199060481503,legacy_plot_age,20,0.346379209710153,0.1346334396666469,0.7387368079116571,FALSE,FALSE,FALSE,+,0.0587199060481503
TRAV24,TRAJ31,TRA,TRAV24_TRAJ31,12,0.0281855549031121,legacy_plot_age,20,-0.0657944048317425,0.7828600286502594,0.9769790843883056,FALSE,FALSE,FALSE,-,0.0281855549031121
TRAV25,TRAJ31,TRA,TRAV25_TRAJ31,18,0.0422783323546682,legacy_plot_age,20,0.5983691760964486,0.0053180596377828,0.5477601426916321,FALSE,FALSE,FALSE,+,0.0422783323546682
TRAV26-1,TRAJ31,TRA,TRAV26-1_TRAJ31,31,0.0728126834997063,legacy_plot_age,20,0.1821615882775299,0.4420941035754807,0.8629670393973627,FALSE,FALSE,FALSE,+,0.0728126834997063
TRAV27,TRAJ31,TRA,TRAV27_TRAJ31,12,0.0281855549031121,legacy_plot_age,20,-0.2782868727381721,0.2348136663838279,0.7667833814744837,FALSE,FALSE,FALSE,-,0.0281855549031121
TRAV29/DV5,TRAJ31,TRA,TRAV29/DV5_TRAJ31,28,0.0657662947739283,legacy_plot_age,20,0.1452494844922634,0.541196892353533,0.91269287641805,FALSE,FALSE,FALSE,+,0.0657662947739283
TRAV30,TRAJ31,TRA,TRAV30_TRAJ31,6,0.014092777451556,legacy_plot_age,20,0.0357021370286477,0.8812135219378308,0.98229559546794,FALSE,FALSE,FALSE,+,0.014092777451556
TRAV26-2,TRAJ31,TRA,TRAV26-2_TRAJ31,6,0.014092777451556,legacy_plot_age,20,0.4606574122739195,0.0409489957902256,0.6930623776207202,FALSE,FALSE,FALSE,+,0.014092777451556
TRAV34,TRAJ31,TRA,TRAV34_TRAJ31,0,0,NA,NA,NA,NA,NA,FALSE,NA,NA,NA,0
TRAV35,TRAJ31,TRA,TRAV35_TRAJ31,13,0.0305343511450381,legacy_plot_age,20,0.243227057861861,0.3014504630400338,0.7891692387409849,FALSE,FALSE,FALSE,+,0.0305343511450381
TRAV36/DV7,TRAJ31,TRA,TRAV36/DV7_TRAJ31,9,0.0211391661773341,legacy_plot_age,20,-0.2890709012284945,0.2164123026142365,0.7589944018208977,FALSE,FALSE,FALSE,-,0.0211391661773341
TRAV38-1,TRAJ31,TRA,TRAV38-1_TRAJ31,12,0.0281855549031121,legacy_plot_age,20,0.0273561829180547,0.9088541617283756,0.9880965328196084,FALSE,FALSE,FALSE,+,0.0281855549031121
TRAV38-2/DV8,TRAJ31,TRA,TRAV38-2/DV8_TRAJ31,14,0.0328831473869641,legacy_plot_age,20,0.261019418700703,0.2663273368913273,0.7667833814744837,FALSE,FALSE,FALSE,+,0.0328831473869641
TRAV39,TRAJ31,TRA,TRAV39_TRAJ31,4,0.009395184967704,legacy_plot_age,20,0.0634794043336558,0.7903339950122386,0.9769790843883056,FALSE,FALSE,FALSE,+,0.009395184967704
TRAV40,TRAJ31,TRA,TRAV40_TRAJ31,1,0.002348796241926,legacy_plot_age,20,0.0199003497417698,0.9336333733712294,0.9892368769288012,FALSE,FALSE,FALSE,+,0.002348796241926
TRAV41,TRAJ31,TRA,TRAV41_TRAJ31,7,0.016441573693482,legacy_plot_age,20,0.1275076322451705,0.5921592897741339,0.9357275255362292,FALSE,FALSE,FALSE,+,0.016441573693482
TRAV1-1,TRAJ30,TRA,TRAV1-1_TRAJ30,20,0.0469759248385202,legacy_plot_age,20,0.2365734912695193,0.3152752588993932,0.794309564628464,FALSE,FALSE,FALSE,+,0.0469759248385202
TRAV1-2,TRAJ30,TRA,TRAV1-2_TRAJ30,14,0.0328831473869641,legacy_plot_age,20,0.085992054382799,0.7184920560593143,0.968896788059294,FALSE,FALSE,FALSE,+,0.0328831473869641
TRAV2,TRAJ30,TRA,TRAV2_TRAJ30,13,0.0305343511450381,legacy_plot_age,20,-0.3353392246263005,0.1483561689447609,0.7459011152070912,FALSE,FALSE,FALSE,-,0.0305343511450381
TRAV3,TRAJ30,TRA,TRAV3_TRAJ30,19,0.0446271285965942,legacy_plot_age,20,0.2595523439171607,0.2691215764306165,0.7667833814744837,FALSE,FALSE,FALSE,+,0.0446271285965942
TRAV4,TRAJ30,TRA,TRAV4_TRAJ30,23,0.0540223135642983,legacy_plot_age,20,0.041161992116354,0.8632005783044682,0.9818968142732016,FALSE,FALSE,FALSE,+,0.0540223135642983
TRAV5,TRAJ30,TRA,TRAV5_TRAJ30,23,0.0540223135642983,legacy_plot_age,20,-0.0675133833270121,0.7773221030088057,0.9769790843883056,FALSE,FALSE,FALSE,-,0.0540223135642983
TRAV6,TRAJ30,TRA,TRAV6_TRAJ30,7,0.016441573693482,legacy_plot_age,20,0.0187821691699666,0.93735522601447,0.9899644777713532,FALSE,FALSE,FALSE,+,0.016441573693482
TRAV8-1,TRAJ30,TRA,TRAV8-1_TRAJ30,8,0.0187903699354081,legacy_plot_age,20,-0.0476587564435242,0.8418517732655788,0.9806093259447052,FALSE,FALSE,FALSE,-,0.0187903699354081
TRAV9-1,TRAJ30,TRA,TRAV9-1_TRAJ30,0,0,NA,NA,NA,NA,NA,FALSE,NA,NA,NA,0
TRAV10,TRAJ30,TRA,TRAV10_TRAJ30,7,0.016441573693482,legacy_plot_age,20,0.2250552387610869,0.3400903168247619,0.8257527915956068,FALSE,FALSE,FALSE,+,0.016441573693482
TRAV12-1,TRAJ30,TRA,TRAV12-1_TRAJ30,49,0.1150910158543746,legacy_plot_age,20,-0.0376648074721947,0.8747314280900733,0.98229559546794,FALSE,FALSE,FALSE,-,0.1150910158543746
TRAV8-2,TRAJ30,TRA,TRAV8-2_TRAJ30,13,0.0305343511450381,legacy_plot_age,20,-0.007216160529933,0.9759124061758666,0.9934447573962428,FALSE,FALSE,FALSE,-,0.0305343511450381
TRAV8-3,TRAJ30,TRA,TRAV8-3_TRAJ30,31,0.0728126834997063,legacy_plot_age,20,-0.1336616860890768,0.5742555613414453,0.9285234574876192,FALSE,FALSE,FALSE,-,0.0728126834997063
TRAV13-1,TRAJ30,TRA,TRAV13-1_TRAJ30,61,0.1432765707574868,legacy_plot_age,20,-0.2516169799544636,0.2845529464321507,0.7703108658939515,FALSE,FALSE,FALSE,-,0.1432765707574868
TRAV12-2,TRAJ30,TRA,TRAV12-2_TRAJ30,49,0.1150910158543746,legacy_plot_age,20,0.3163476166801333,0.1741913087842953,0.7474189055763873,FALSE,FALSE,FALSE,+,0.1150910158543746
TRAV8-4,TRAJ30,TRA,TRAV8-4_TRAJ30,28,0.0657662947739283,legacy_plot_age,20,0.4274094408935983,0.0601485134852207,0.6930623776207202,FALSE,FALSE,FALSE,+,0.0657662947739283
TRAV13-2,TRAJ30,TRA,TRAV13-2_TRAJ30,26,0.0610687022900763,legacy_plot_age,20,-0.2097618289256405,0.3747481773647607,0.8400154874741859,FALSE,FALSE,FALSE,-,0.0610687022900763
TRAV14/DV4,TRAJ30,TRA,TRAV14/DV4_TRAJ30,31,0.0728126834997063,legacy_plot_age,20,0.4169557349564015,0.0674073008113257,0.6930623776207202,FALSE,FALSE,FALSE,+,0.0728126834997063
TRAV9-2,TRAJ30,TRA,TRAV9-2_TRAJ30,39,0.0916030534351145,legacy_plot_age,20,0.5183361970207552,0.0192139443464437,0.6186841642182179,FALSE,FALSE,FALSE,+,0.0916030534351145
TRAV12-3,TRAJ30,TRA,TRAV12-3_TRAJ30,22,0.0516735173223722,legacy_plot_age,20,0.4106988435934715,0.0720557457257805,0.6930623776207202,FALSE,FALSE,FALSE,+,0.0516735173223722
TRAV8-6,TRAJ30,TRA,TRAV8-6_TRAJ30,26,0.0610687022900763,legacy_plot_age,20,0.5368475918477547,0.0146620874406858,0.6186841642182179,FALSE,FALSE,FALSE,+,0.0610687022900763
TRAV16,TRAJ30,TRA,TRAV16_TRAJ30,9,0.0211391661773341,legacy_plot_age,20,0.0794312607392071,0.7392240977830378,0.9692922059852886,FALSE,FALSE,FALSE,+,0.0211391661773341
TRAV17,TRAJ30,TRA,TRAV17_TRAJ30,37,0.0869054609512624,legacy_plot_age,20,0.396554148137608,0.0834430162197176,0.6930623776207202,FALSE,FALSE,FALSE,+,0.0869054609512624
TRAV18,TRAJ30,TRA,TRAV18_TRAJ30,0,0,NA,NA,NA,NA,NA,FALSE,NA,NA,NA,0
TRAV19,TRAJ30,TRA,TRAV19_TRAJ30,45,0.1056958308866705,legacy_plot_age,20,-0.0457355467959489,0.8481611809444063,0.9806093259447052,FALSE,FALSE,FALSE,-,0.1056958308866705
TRAV20,TRAJ30,TRA,TRAV20_TRAJ30,9,0.0211391661773341,legacy_plot_age,20,0.1455905328181219,0.5402372634504014,0.91269287641805,FALSE,FALSE,FALSE,+,0.0211391661773341
TRAV21,TRAJ30,TRA,TRAV21_TRAJ30,26,0.0610687022900763,legacy_plot_age,20,-0.0023657349126951,0.99210218175184,0.9953547826744688,FALSE,FALSE,FALSE,-,0.0610687022900763
TRAV22,TRAJ30,TRA,TRAV22_TRAJ30,5,0.01174398120963,legacy_plot_age,20,-0.0869910993135298,0.7153512316514706,0.968896788059294,FALSE,FALSE,FALSE,-,0.01174398120963
TRAV23/DV6,TRAJ30,TRA,TRAV23/DV6_TRAJ30,15,0.0352319436288901,legacy_plot_age,20,0.1285862495443723,0.5890044531144168,0.9351431070614472,FALSE,FALSE,FALSE,+,0.0352319436288901
TRAV24,TRAJ30,TRA,TRAV24_TRAJ30,11,0.0258367586611861,legacy_plot_age,20,0.3608080264966525,0.1180834154829464,0.7110438280003885,FALSE,FALSE,FALSE,+,0.0258367586611861
TRAV25,TRAJ30,TRA,TRAV25_TRAJ30,6,0.014092777451556,legacy_plot_age,20,0.267893044476893,0.2534794184944517,0.7667833814744837,FALSE,FALSE,FALSE,+,0.014092777451556
TRAV26-1,TRAJ30,TRA,TRAV26-1_TRAJ30,42,0.0986494421608925,legacy_plot_age,20,0.5053777920952361,0.0230230481051993,0.6186841642182179,FALSE,FALSE,FALSE,+,0.0986494421608925
TRAV27,TRAJ30,TRA,TRAV27_TRAJ30,9,0.0211391661773341,legacy_plot_age,20,0.390978316749653,0.0882793289667646,0.6930623776207202,FALSE,FALSE,FALSE,+,0.0211391661773341
TRAV29/DV5,TRAJ30,TRA,TRAV29/DV5_TRAJ30,35,0.0822078684674104,legacy_plot_age,20,0.1483993414404473,0.5323636706119113,0.9122436022960736,FALSE,FALSE,FALSE,+,0.0822078684674104
TRAV30,TRAJ30,TRA,TRAV30_TRAJ30,3,0.007046388725778,legacy_plot_age,20,0.0447669672615652,0.8513421607481724,0.9806093259447052,FALSE,FALSE,FALSE,+,0.007046388725778
TRAV26-2,TRAJ30,TRA,TRAV26-2_TRAJ30,6,0.014092777451556,legacy_plot_age,20,0.2985376362805229,0.2010623773889819,0.7474189055763873,FALSE,FALSE,FALSE,+,0.014092777451556
TRAV34,TRAJ30,TRA,TRAV34_TRAJ30,0,0,NA,NA,NA,NA,NA,FALSE,NA,NA,NA,0
TRAV35,TRAJ30,TRA,TRAV35_TRAJ30,11,0.0258367586611861,legacy_plot_age,20,0.4094154155363111,0.0730381572358247,0.6930623776207202,FALSE,FALSE,FALSE,+,0.0258367586611861
TRAV36/DV7,TRAJ30,TRA,TRAV36/DV7_TRAJ30,5,0.01174398120963,legacy_plot_age,20,-0.4018569070952621,0.079028074588331,0.6930623776207202,FALSE,FALSE,FALSE,-,0.01174398120963
TRAV38-1,TRAJ30,TRA,TRAV38-1_TRAJ30,15,0.0352319436288901,legacy_plot_age,20,-0.0458936173159863,0.8476422636331028,0.9806093259447052,FALSE,FALSE,FALSE,-,0.0352319436288901
TRAV38-2/DV8,TRAJ30,TRA,TRAV38-2/DV8_TRAJ30,13,0.0305343511450381,legacy_plot_age,20,0.5388567519968855,0.0142254370297986,0.6186841642182179,FALSE,FALSE,FALSE,+,0.0305343511450381
TRAV39,TRAJ30,TRA,TRAV39_TRAJ30,3,0.007046388725778,legacy_plot_age,20,0.0943736066595159,0.6922811777717848,0.9677101892138448,FALSE,FALSE,FALSE,+,0.007046388725778
TRAV40,TRAJ30,TRA,TRAV40_TRAJ30,0,0,NA,NA,NA,NA,NA,FALSE,NA,NA,NA,0
TRAV41,TRAJ30,TRA,TRAV41_TRAJ30,9,0.0211391661773341,legacy_plot_age,20,0.3765137876500362,0.1017839185567788,0.6930623776207202,FALSE,FALSE,FALSE,+,0.0211391661773341
TRAV1-1,TRAJ29,TRA,TRAV1-1_TRAJ29,18,0.0422783323546682,legacy_plot_age,20,0.0164666788602468,0.9450662061843124,0.9901782203442352,FALSE,FALSE,FALSE,+,0.0422783323546682
TRAV1-2,TRAJ29,TRA,TRAV1-2_TRAJ29,27,0.0634174985320023,legacy_plot_age,20,0.381946039027798,0.0965469438646588,0.6930623776207202,FALSE,FALSE,FALSE,+,0.0634174985320023
TRAV2,TRAJ29,TRA,TRAV2_TRAJ29,30,0.0704638872577803,legacy_plot_age,20,0.368330880294787,0.1100581079710567,0.6970346838166928,FALSE,FALSE,FALSE,+,0.0704638872577803
TRAV3,TRAJ29,TRA,TRAV3_TRAJ29,31,0.0728126834997063,legacy_plot_age,20,0.0480223241357464,0.8406600597851226,0.9806093259447052,FALSE,FALSE,FALSE,+,0.0728126834997063
TRAV4,TRAJ29,TRA,TRAV4_TRAJ29,18,0.0422783323546682,legacy_plot_age,20,0.0249135858492221,0.916964215795583,0.9892118482027,FALSE,FALSE,FALSE,+,0.0422783323546682
TRAV5,TRAJ29,TRA,TRAV5_TRAJ29,18,0.0422783323546682,legacy_plot_age,20,-0.1092983121127165,0.6464481504291677,0.9497740468392502,FALSE,FALSE,FALSE,-,0.0422783323546682
TRAV6,TRAJ29,TRA,TRAV6_TRAJ29,6,0.014092777451556,legacy_plot_age,20,0.4481215577113164,0.0475310374236576,0.6930623776207202,FALSE,FALSE,FALSE,+,0.014092777451556
TRAV8-1,TRAJ29,TRA,TRAV8-1_TRAJ29,10,0.0234879624192601,legacy_plot_age,20,-0.2397143486209205,0.3087024983920591,0.794309564628464,FALSE,FALSE,FALSE,-,0.0234879624192601
TRAV9-1,TRAJ29,TRA,TRAV9-1_TRAJ29,0,0,NA,NA,NA,NA,NA,FALSE,NA,NA,NA,0
TRAV10,TRAJ29,TRA,TRAV10_TRAJ29,15,0.0352319436288901,legacy_plot_age,20,0.14867785103568051,0.5315858630371353,0.9122436022960736,FALSE,FALSE,FALSE,+,0.0352319436288901
TRAV12-1,TRAJ29,TRA,TRAV12-1_TRAJ29,58,0.1362301820317087,legacy_plot_age,20,-0.4534842819652249,0.0446226450782865,0.6930623776207202,FALSE,FALSE,FALSE,-,0.1362301820317087
TRAV8-2,TRAJ29,TRA,TRAV8-2_TRAJ29,15,0.0352319436288901,legacy_plot_age,20,0.6146883354445334,0.0039264150336274,0.4817376957840667,TRUE,FALSE,FALSE,+,0.0352319436288901
TRAV8-3,TRAJ29,TRA,TRAV8-3_TRAJ29,46,0.1080446271285966,legacy_plot_age,20,0.1250104945755938,0.599490175789422,0.9357275255362292,FALSE,FALSE,FALSE,+,0.1080446271285966
TRAV13-1,TRAJ29,TRA,TRAV13-1_TRAJ29,59,0.1385789782736347,legacy_plot_age,20,0.0838056932016582,0.7253807196874713,0.968896788059294,FALSE,FALSE,FALSE,+,0.1385789782736347
TRAV12-2,TRAJ29,TRA,TRAV12-2_TRAJ29,46,0.1080446271285966,legacy_plot_age,20,0.6113318088391847,0.004184742375232,0.4817376957840667,TRUE,FALSE,FALSE,+,0.1080446271285966
TRAV8-4,TRAJ29,TRA,TRAV8-4_TRAJ29,56,0.1315325895478567,legacy_plot_age,20,-0.1117409242688776,0.6390571797889766,0.9478613143517702,FALSE,FALSE,FALSE,-,0.1315325895478567
TRAV13-2,TRAJ29,TRA,TRAV13-2_TRAJ29,31,0.0728126834997063,legacy_plot_age,20,-0.2297862214983426,0.3297629566660504,0.8110726166292177,FALSE,FALSE,FALSE,-,0.0728126834997063
TRAV14/DV4,TRAJ29,TRA,TRAV14/DV4_TRAJ29,20,0.0469759248385202,legacy_plot_age,20,0.5609575136373245,0.0100773923307671,0.6135926641385017,FALSE,FALSE,FALSE,+,0.0469759248385202
TRAV9-2,TRAJ29,TRA,TRAV9-2_TRAJ29,51,0.1197886083382266,legacy_plot_age,20,0.4069483660873315,0.0749546414074564,0.6930623776207202,FALSE,FALSE,FALSE,+,0.1197886083382266
TRAV12-3,TRAJ29,TRA,TRAV12-3_TRAJ29,28,0.0657662947739283,legacy_plot_age,20,0.1105275714235433,0.6427245601148692,0.9478613143517702,FALSE,FALSE,FALSE,+,0.0657662947739283
TRAV8-6,TRAJ29,TRA,TRAV8-6_TRAJ29,31,0.0728126834997063,legacy_plot_age,20,-0.0689673047465547,0.77264614156442335,0.9769790843883056,FALSE,FALSE,FALSE,-,0.0728126834997063
TRAV16,TRAJ29,TRA,TRAV16_TRAJ29,11,0.0258367586611861,legacy_plot_age,20,0.1978076945264,0.4031720534405821,0.8489172941666808,FALSE,FALSE,FALSE,+,0.0258367586611861
TRAV17,TRAJ29,TRA,TRAV17_TRAJ29,56,0.1315325895478567,legacy_plot_age,20,0.1821799280705301,0.4420473640018156,0.8629670393973627,FALSE,FALSE,FALSE,+,0.1315325895478567
TRAV18,TRAJ29,TRA,TRAV18_TRAJ29,0,0,NA,NA,NA,NA,NA,FALSE,NA,NA,NA,0
TRAV19,TRAJ29,TRA,TRAV19_TRAJ29,21,0.0493247210804462,legacy_plot_age,20,0.4266208625893666,0.0606744903077093,0.6930623776207202,FALSE,FALSE,FALSE,+,0.0493247210804462
TRAV20,TRAJ29,TRA,TRAV20_TRAJ29,22,0.0516735173223722,legacy_plot_age,20,0.4705453069264376,0.0362737452285149,0.6634366300205964,FALSE,FALSE,FALSE,+,0.0516735173223722
TRAV21,TRAJ29,TRA,TRAV21_TRAJ29,64,0.1503229594832648,legacy_plot_age,20,0.2561206908109244,0.2757291369685278,0.7686775857063849,FALSE,FALSE,FALSE,+,0.1503229594832648
TRAV22,TRAJ29,TRA,TRAV22_TRAJ29,14,0.0328831473869641,legacy_plot_age,20,0.3103968965156536,0.1828808432777682,0.7474189055763873,FALSE,FALSE,FALSE,+,0.0328831473869641
TRAV23/DV6,TRAJ29,TRA,TRAV23/DV6_TRAJ29,26,0.0610687022900763,legacy_plot_age,20,0.3335686226900223,0.1506445215044879,0.7474189055763873,FALSE,FALSE,FALSE,+,0.0610687022900763
TRAV24,TRAJ29,TRA,TRAV24_TRAJ29,9,0.0211391661773341,legacy_plot_age,20,0.2967450350433058,0.2039116927696552,0.7474189055763873,FALSE,FALSE,FALSE,+,0.0211391661773341
TRAV25,TRAJ29,TRA,TRAV25_TRAJ29,6,0.014092777451556,legacy_plot_age,20,0.2036382552112176,0.3891640954562103,0.8437605842221145,FALSE,FALSE,FALSE,+,0.014092777451556
TRAV26-1,TRAJ29,TRA,TRAV26-1_TRAJ29,43,0.1009982384028185,legacy_plot_age,20,0.0416835358358298,0.8614831777339663,0.9818968142732016,FALSE,FALSE,FALSE,+,0.1009982384028185
TRAV27,TRAJ29,TRA,TRAV27_TRAJ29,16,0.0375807398708162,legacy_plot_age,20,0.1675364424302297,0.4801775200670759,0.8834008501789498,FALSE,FALSE,FALSE,+,0.0375807398708162
TRAV29/DV5,TRAJ29,TRA,TRAV29/DV5_TRAJ29,50,0.1174398120963006,legacy_plot_age,20,0.2990585713292265,0.2002393600787392,0.7474189055763873,FALSE,FALSE,FALSE,+,0.1174398120963006
TRAV30,TRAJ29,TRA,TRAV30_TRAJ29,6,0.014092777451556,legacy_plot_age,20,0.1418812198800806,0.5507159315077734,0.915676361903749,FALSE,FALSE,FALSE,+,0.014092777451556
TRAV26-2,TRAJ29,TRA,TRAV26-2_TRAJ29,7,0.016441573693482,legacy_plot_age,20,0.4310013556897615,0.0577962850202453,0.6930623776207202,FALSE,FALSE,FALSE,+,0.016441573693482
TRAV34,TRAJ29,TRA,TRAV34_TRAJ29,1,0.002348796241926,legacy_plot_age,20,0.3781066450936268,0.1002274023195977,0.6930623776207202,FALSE,FALSE,FALSE,+,0.002348796241926
TRAV35,TRAJ29,TRA,TRAV35_TRAJ29,8,0.0187903699354081,legacy_plot_age,20,0.5789656338324433,0.00747733343648,0.6025918978325971,FALSE,FALSE,FALSE,+,0.0187903699354081
TRAV36/DV7,TRAJ29,TRA,TRAV36/DV7_TRAJ29,6,0.014092777451556,legacy_plot_age,20,0.157182135749501,0.5080922932796736,0.9014837878044616,FALSE,FALSE,FALSE,+,0.014092777451556
TRAV38-1,TRAJ29,TRA,TRAV38-1_TRAJ29,6,0.014092777451556,legacy_plot_age,20,0.6146383613209503,0.0039301619257101,0.4817376957840667,TRUE,FALSE,FALSE,+,0.014092777451556
TRAV38-2/DV8,TRAJ29,TRA,TRAV38-2/DV8_TRAJ29,15,0.0352319436288901,legacy_plot_age,20,0.5656304188494802,0.0093411441159119,0.6093539678279912,FALSE,FALSE,FALSE,+,0.0352319436288901
TRAV39,TRAJ29,TRA,TRAV39_TRAJ29,4,0.009395184967704,legacy_plot_age,20,0.2415445131000973,0.3049110579180277,0.789300185642302,FALSE,FALSE,FALSE,+,0.009395184967704
TRAV40,TRAJ29,TRA,TRAV40_TRAJ29,0,0,NA,NA,NA,NA,NA,FALSE,NA,NA,NA,0
TRAV41,TRAJ29,TRA,TRAV41_TRAJ29,9,0.0211391661773341,legacy_plot_age,20,-0.0890235105129917,0.7089753035496507,0.968896788059294,FALSE,FALSE,FALSE,-,0.0211391661773341
TRAV1-1,TRAJ28,TRA,TRAV1-1_TRAJ28,19,0.0446271285965942,legacy_plot_age,20,-0.1021890216320558,0.6681398320997258,0.9563543306206,FALSE,FALSE,FALSE,-,0.0446271285965942
TRAV1-2,TRAJ28,TRA,TRAV1-2_TRAJ28,30,0.0704638872577803,legacy_plot_age,20,-0.2978478106087476,0.2021556871970756,0.7474189055763873,FALSE,FALSE,FALSE,-,0.0704638872577803
TRAV2,TRAJ28,TRA,TRAV2_TRAJ28,11,0.0258367586611861,legacy_plot_age,20,0.1235597389276555,0.6037663448171544,0.9357275255362292,FALSE,FALSE,FALSE,+,0.0258367586611861
TRAV3,TRAJ28,TRA,TRAV3_TRAJ28,48,0.1127422196124486,legacy_plot_age,20,-0.0060630597579388,0.9797606381830012,0.9934447573962428,FALSE,FALSE,FALSE,-,0.1127422196124486
TRAV4,TRAJ28,TRA,TRAV4_TRAJ28,23,0.0540223135642983,legacy_plot_age,20,-0.0445739158759326,0.8519764401767878,0.9806093259447052,FALSE,FALSE,FALSE,-,0.0540223135642983
TRAV5,TRAJ28,TRA,TRAV5_TRAJ28,31,0.0728126834997063,legacy_plot_age,20,0.4908948689431857,0.0279637974716618,0.6186841642182179,FALSE,FALSE,FALSE,+,0.0728126834997063
TRAV6,TRAJ28,TRA,TRAV6_TRAJ28,13,0.0305343511450381,legacy_plot_age,20,0.2099501554681476,0.3743096683632562,0.8400154874741859,FALSE,FALSE,FALSE,+,0.0305343511450381
TRAV8-1,TRAJ28,TRA,TRAV8-1_TRAJ28,15,0.0352319436288901,legacy_plot_age,20,0.0908387266709219,0.7032964382346513,0.968896788059294,FALSE,FALSE,FALSE,+,0.0352319436288901
TRAV9-1,TRAJ28,TRA,TRAV9-1_TRAJ28,0,0,NA,NA,NA,NA,NA,FALSE,NA,NA,NA,0
TRAV10,TRAJ28,TRA,TRAV10_TRAJ28,19,0.0446271285965942,legacy_plot_age,20,-0.1364240466320894,0.5662961486838582,0.9243048898868312,FALSE,FALSE,FALSE,-,0.0446271285965942
TRAV12-1,TRAJ28,TRA,TRAV12-1_TRAJ28,49,0.1150910158543746,legacy_plot_age,20,-0.1508186114787296,0.5256248915975044,0.9110746171329148,FALSE,FALSE,FALSE,-,0.1150910158543746
TRAV8-2,TRAJ28,TRA,TRAV8-2_TRAJ28,8,0.0187903699354081,legacy_plot_age,20,0.4349554965676492,0.0552882939745566,0.6930623776207202,FALSE,FALSE,FALSE,+,0.0187903699354081
TRAV8-3,TRAJ28,TRA,TRAV8-3_TRAJ28,49,0.1150910158543746,legacy_plot_age,20,-0.0075329614944389,0.97485523564435,0.9934447573962428,FALSE,FALSE,FALSE,-,0.1150910158543746
TRAV13-1,TRAJ28,TRA,TRAV13-1_TRAJ28,56,0.1315325895478567,legacy_plot_age,20,0.0233521806327607,0.9221526751931924,0.9892368769288012,FALSE,FALSE,FALSE,+,0.1315325895478567
TRAV12-2,TRAJ28,TRA,TRAV12-2_TRAJ28,45,0.1056958308866705,legacy_plot_age,20,0.06745153980707,0.7775211629141017,0.9769790843883056,FALSE,FALSE,FALSE,+,0.1056958308866705
TRAV8-4,TRAJ28,TRA,TRAV8-4_TRAJ28,21,0.0493247210804462,legacy_plot_age,20,0.2697490426284892,0.2500791154254068,0.7667833814744837,FALSE,FALSE,FALSE,+,0.0493247210804462
TRAV13-2,TRAJ28,TRA,TRAV13-2_TRAJ28,18,0.0422783323546682,legacy_plot_age,20,0.2349963346610559,0.3186071453477397,0.7983536279712248,FALSE,FALSE,FALSE,+,0.0422783323546682
TRAV14/DV4,TRAJ28,TRA,TRAV14/DV4_TRAJ28,28,0.0657662947739283,legacy_plot_age,20,0.3542857796345684,0.1253734534350141,0.7306070030392695,FALSE,FALSE,FALSE,+,0.0657662947739283
TRAV9-2,TRAJ28,TRA,TRAV9-2_TRAJ28,58,0.1362301820317087,legacy_plot_age,20,0.489642497138532,0.028427383142921,0.6186841642182179,FALSE,FALSE,FALSE,+,0.1362301820317087
TRAV12-3,TRAJ28,TRA,TRAV12-3_TRAJ28,28,0.0657662947739283,legacy_plot_age,20,0.5122381241146285,0.0209383340197938,0.6186841642182179,FALSE,FALSE,FALSE,+,0.0657662947739283
TRAV8-6,TRAJ28,TRA,TRAV8-6_TRAJ28,19,0.0446271285965942,legacy_plot_age,20,0.0960644738705445,0.6870329603791412,0.9674947271323688,FALSE,FALSE,FALSE,+,0.0446271285965942
TRAV16,TRAJ28,TRA,TRAV16_TRAJ28,15,0.0352319436288901,legacy_plot_age,20,0.3099112735630703,0.1836026859588235,0.7474189055763873,FALSE,FALSE,FALSE,+,0.0352319436288901
TRAV17,TRAJ28,TRA,TRAV17_TRAJ28,55,0.1291837933059307,legacy_plot_age,20,0.2327685101781636,0.3233493670643625,0.8058994507618016,FALSE,FALSE,FALSE,+,0.1291837933059307
TRAV18,TRAJ28,TRA,TRAV18_TRAJ28,0,0,NA,NA,NA,NA,NA,FALSE,NA,NA,NA,0
TRAV19,TRAJ28,TRA,TRAV19_TRAJ28,35,0.0822078684674104,legacy_plot_age,20,0.2475072501126219,0.2927553521696273,0.7805479893677938,FALSE,FALSE,FALSE,+,0.0822078684674104
TRAV20,TRAJ28,TRA,TRAV20_TRAJ28,19,0.0446271285965942,legacy_plot_age,20,-0.1632357089759683,0.4916783804842938,0.8901152549563024,FALSE,FALSE,FALSE,-,0.0446271285965942
TRAV21,TRAJ28,TRA,TRAV21_TRAJ28,37,0.0869054609512624,legacy_plot_age,20,0.4479085396177349,0.0476494960187795,0.6930623776207202,FALSE,FALSE,FALSE,+,0.0869054609512624
TRAV22,TRAJ28,TRA,TRAV22_TRAJ28,7,0.016441573693482,legacy_plot_age,20,-0.087687651749033,0.7131639905422289,0.968896788059294,FALSE,FALSE,FALSE,-,0.016441573693482
TRAV23/DV6,TRAJ28,TRA,TRAV23/DV6_TRAJ28,28,0.0657662947739283,legacy_plot_age,20,0.2037288391218649,0.388948627492227,0.8437605842221145,FALSE,FALSE,FALSE,+,0.0657662947739283
TRAV24,TRAJ28,TRA,TRAV24_TRAJ28,8,0.0187903699354081,legacy_plot_age,20,0.1393834659455421,0.5578230467922725,0.9212318165168584,FALSE,FALSE,FALSE,+,0.0187903699354081
TRAV25,TRAJ28,TRA,TRAV25_TRAJ28,14,0.0328831473869641,legacy_plot_age,20,0.3753111158576368,0.1029707412655061,0.6930623776207202,FALSE,FALSE,FALSE,+,0.0328831473869641
TRAV26-1,TRAJ28,TRA,TRAV26-1_TRAJ28,30,0.0704638872577803,legacy_plot_age,20,0.1402556768409102,0.5553366283558121,0.9186760622927508,FALSE,FALSE,FALSE,+,0.0704638872577803
TRAV27,TRAJ28,TRA,TRAV27_TRAJ28,16,0.0375807398708162,legacy_plot_age,20,-0.0551743006530491,0.817288004118894,0.9784757343689796,FALSE,FALSE,FALSE,-,0.0375807398708162
TRAV29/DV5,TRAJ28,TRA,TRAV29/DV5_TRAJ28,43,0.1009982384028185,legacy_plot_age,20,0.531294601946274,0.0159252313280478,0.6186841642182179,FALSE,FALSE,FALSE,+,0.1009982384028185
TRAV30,TRAJ28,TRA,TRAV30_TRAJ28,13,0.0305343511450381,legacy_plot_age,20,0.1711214920182856,0.4706940636667305,0.8782649125908961,FALSE,FALSE,FALSE,+,0.0305343511450381
TRAV26-2,TRAJ28,TRA,TRAV26-2_TRAJ28,5,0.01174398120963,legacy_plot_age,20,0.0936052233394586,0.694670619522985,0.968896788059294,FALSE,FALSE,FALSE,+,0.01174398120963
TRAV34,TRAJ28,TRA,TRAV34_TRAJ28,1,0.002348796241926,legacy_plot_age,20,-0.1194020984506189,0.616089875618355,0.9357275255362292,FALSE,FALSE,FALSE,-,0.002348796241926
TRAV35,TRAJ28,TRA,TRAV35_TRAJ28,13,0.0305343511450381,legacy_plot_age,20,0.2669979396075228,0.2551297658721108,0.7667833814744837,FALSE,FALSE,FALSE,+,0.0305343511450381
TRAV36/DV7,TRAJ28,TRA,TRAV36/DV7_TRAJ28,6,0.014092777451556,legacy_plot_age,20,-0.2775879036963257,0.2360402043020653,0.7667833814744837,FALSE,FALSE,FALSE,-,0.014092777451556
TRAV38-1,TRAJ28,TRA,TRAV38-1_TRAJ28,9,0.0211391661773341,legacy_plot_age,20,0.0931964875682882,0.695942797450917,0.968896788059294,FALSE,FALSE,FALSE,+,0.0211391661773341
TRAV38-2/DV8,TRAJ28,TRA,TRAV38-2/DV8_TRAJ28,13,0.0305343511450381,legacy_plot_age,20,0.1163075285412738,0.6253272668597352,0.939912028605608,FALSE,FALSE,FALSE,+,0.0305343511450381
TRAV39,TRAJ28,TRA,TRAV39_TRAJ28,4,0.009395184967704,legacy_plot_age,20,0.043574845347679,0.8552603235632437,0.9806093259447052,FALSE,FALSE,FALSE,+,0.009395184967704
TRAV40,TRAJ28,TRA,TRAV40_TRAJ28,1,0.002348796241926,legacy_plot_age,20,0.3383059456100871,0.1445764933214944,0.7387368079116571,FALSE,FALSE,FALSE,+,0.002348796241926
TRAV41,TRAJ28,TRA,TRAV41_TRAJ28,5,0.01174398120963,legacy_plot_age,20,0.3351134394009843,0.1486466197908868,0.7459011152070912,FALSE,FALSE,FALSE,+,0.01174398120963
TRAV1-1,TRAJ27,TRA,TRAV1-1_TRAJ27,6,0.014092777451556,legacy_plot_age,20,-0.1536595903302375,0.5177627317993669,0.9055064040494738,FALSE,FALSE,FALSE,-,0.014092777451556
TRAV1-2,TRAJ27,TRA,TRAV1-2_TRAJ27,29,0.0681150910158543,legacy_plot_age,20,-0.2597583373459525,0.2687281293332031,0.7667833814744837,FALSE,FALSE,FALSE,-,0.0681150910158543
TRAV2,TRAJ27,TRA,TRAV2_TRAJ27,11,0.0258367586611861,legacy_plot_age,20,0.103270831665324,0.6648221329426623,0.9552547093750297,FALSE,FALSE,FALSE,+,0.0258367586611861
TRAV3,TRAJ27,TRA,TRAV3_TRAJ27,39,0.0916030534351145,legacy_plot_age,20,-0.0474032723920563,0.8426894051078685,0.9806093259447052,FALSE,FALSE,FALSE,-,0.0916030534351145
TRAV4,TRAJ27,TRA,TRAV4_TRAJ27,13,0.0305343511450381,legacy_plot_age,20,0.378517586031231,0.0998286650398613,0.6930623776207202,FALSE,FALSE,FALSE,+,0.0305343511450381
TRAV5,TRAJ27,TRA,TRAV5_TRAJ27,11,0.0258367586611861,legacy_plot_age,20,0.0682089301435631,0.7750842222838983,0.9769790843883056,FALSE,FALSE,FALSE,+,0.0258367586611861
TRAV6,TRAJ27,TRA,TRAV6_TRAJ27,3,0.007046388725778,legacy_plot_age,20,-0.2793604219114893,0.2329378659395745,0.7667833814744837,FALSE,FALSE,FALSE,-,0.007046388725778
TRAV8-1,TRAJ27,TRA,TRAV8-1_TRAJ27,13,0.0305343511450381,legacy_plot_age,20,0.0510467044667653,0.8307598137559619,0.980577174620276,FALSE,FALSE,FALSE,+,0.0305343511450381
TRAV9-1,TRAJ27,TRA,TRAV9-1_TRAJ27,0,0,NA,NA,NA,NA,NA,FALSE,NA,NA,NA,0
TRAV10,TRAJ27,TRA,TRAV10_TRAJ27,25,0.0587199060481503,legacy_plot_age,20,0.297415611103206,0.2028426964559434,0.7474189055763873,FALSE,FALSE,FALSE,+,0.0587199060481503
TRAV12-1,TRAJ27,TRA,TRAV12-1_TRAJ27,67,0.1573693482090428,legacy_plot_age,20,0.0644200099281006,0.7872950900696163,0.9769790843883056,FALSE,FALSE,FALSE,+,0.1573693482090428
TRAV8-2,TRAJ27,TRA,TRAV8-2_TRAJ27,17,0.0399295361127422,legacy_plot_age,20,0.0820121436401,0.731046963748371,0.968896788059294,FALSE,FALSE,FALSE,+,0.0399295361127422
TRAV8-3,TRAJ27,TRA,TRAV8-3_TRAJ27,55,0.1291837933059307,legacy_plot_age,20,-0.0971752032782624,0.6835928793371834,0.966188778516916,FALSE,FALSE,FALSE,-,0.1291837933059307
TRAV13-1,TRAJ27,TRA,TRAV13-1_TRAJ27,57,0.1338813857897827,legacy_plot_age,20,0.0378517586031231,0.8741143803829625,0.98229559546794,FALSE,FALSE,FALSE,+,0.1338813857897827
TRAV12-2,TRAJ27,TRA,TRAV12-2_TRAJ27,32,0.0751614797416324,legacy_plot_age,20,-0.0361202421753247,0.8798320262505057,0.98229559546794,FALSE,FALSE,FALSE,-,0.0751614797416324
TRAV8-4,TRAJ27,TRA,TRAV8-4_TRAJ27,22,0.0516735173223722,legacy_plot_age,20,-0.0322776632205029,0.8925407006434132,0.9835748455116716,FALSE,FALSE,FALSE,-,0.0516735173223722
TRAV13-2,TRAJ27,TRA,TRAV13-2_TRAJ27,11,0.0258367586611861,legacy_plot_age,20,-0.1367809145902738,0.5652714168335098,0.9243048898868312,FALSE,FALSE,FALSE,-,0.0258367586611861
TRAV14/DV4,TRAJ27,TRA,TRAV14/DV4_TRAJ27,26,0.0610687022900763,legacy_plot_age,20,0.0968329896615089,0.6846521258182425,0.966188778516916,FALSE,FALSE,FALSE,+,0.0610687022900763
TRAV9-2,TRAJ27,TRA,TRAV9-2_TRAJ27,56,0.1315325895478567,legacy_plot_age,20,-0.0564972112082921,0.812980468754912,0.9774706427824436,FALSE,FALSE,FALSE,-,0.1315325895478567
TRAV12-3,TRAJ27,TRA,TRAV12-3_TRAJ27,14,0.0328831473869641,legacy_plot_age,20,0.4141369733352089,0.0694727027163162,0.6930623776207202,FALSE,FALSE,FALSE,+,0.0328831473869641
TRAV8-6,TRAJ27,TRA,TRAV8-6_TRAJ27,13,0.0305343511450381,legacy_plot_age,20,0.2008934820950118,0.3957243789649759,0.8463744367589704,FALSE,FALSE,FALSE,+,0.0305343511450381
TRAV16,TRAJ27,TRA,TRAV16_TRAJ27,11,0.0258367586611861,legacy_plot_age,20,0.4942389557106222,0.0267550357178877,0.6186841642182179,FALSE,FALSE,FALSE,+,0.0258367586611861
TRAV17,TRAJ27,TRA,TRAV17_TRAJ27,13,0.0305343511450381,legacy_plot_age,20,0.2741702030231105,0.2420970577661099,0.7667833814744837,FALSE,FALSE,FALSE,+,0.0305343511450381
TRAV18,TRAJ27,TRA,TRAV18_TRAJ27,0,0,NA,NA,NA,NA,NA,FALSE,NA,NA,NA,0
TRAV19,TRAJ27,TRA,TRAV19_TRAJ27,19,0.0446271285965942,legacy_plot_age,20,0.3194564637118001,0.1697655501600206,0.7474189055763873,FALSE,FALSE,FALSE,+,0.0446271285965942
TRAV20,TRAJ27,TRA,TRAV20_TRAJ27,14,0.0328831473869641,legacy_plot_age,20,-0.0724533869850862,0.7614655009391695,0.9769790843883056,FALSE,FALSE,FALSE,-,0.0328831473869641
TRAV21,TRAJ27,TRA,TRAV21_TRAJ27,29,0.0681150910158543,legacy_plot_age,20,0.4337180673274521,0.0560640796344167,0.6930623776207202,FALSE,FALSE,FALSE,+,0.0681150910158543
TRAV22,TRAJ27,TRA,TRAV22_TRAJ27,13,0.0305343511450381,legacy_plot_age,20,-0.0041166697150617,0.986257240834491,0.9950530667977164,FALSE,FALSE,FALSE,-,0.0305343511450381
TRAV23/DV6,TRAJ27,TRA,TRAV23/DV6_TRAJ27,10,0.0234879624192601,legacy_plot_age,20,0.0926698041957416,0.6975832369981642,0.968896788059294,FALSE,FALSE,FALSE,+,0.0234879624192601
TRAV24,TRAJ27,TRA,TRAV24_TRAJ27,6,0.014092777451556,legacy_plot_age,20,0.3024917771584106,0.1948714963268405,0.7474189055763873,FALSE,FALSE,FALSE,+,0.014092777451556
TRAV25,TRAJ27,TRA,TRAV25_TRAJ27,5,0.01174398120963,legacy_plot_age,20,0.1937529030164983,0.4130740482155083,0.851528244498423,FALSE,FALSE,FALSE,+,0.01174398120963
TRAV26-1,TRAJ27,TRA,TRAV26-1_TRAJ27,23,0.0540223135642983,legacy_plot_age,20,0.0321100237774814,0.8930957363175933,0.9835748455116716,FALSE,FALSE,FALSE,+,0.0540223135642983
TRAV27,TRAJ27,TRA,TRAV27_TRAJ27,13,0.0305343511450381,legacy_plot_age,20,0.2160345856556008,0.3602989698955507,0.8348746473428984,FALSE,FALSE,FALSE,+,0.0305343511450381
TRAV29/DV5,TRAJ27,TRA,TRAV29/DV5_TRAJ27,14,0.0328831473869641,legacy_plot_age,20,0.3013740223696227,0.1966084187181151,0.7474189055763873,FALSE,FALSE,FALSE,+,0.0328831473869641
TRAV30,TRAJ27,TRA,TRAV30_TRAJ27,2,0.004697592483852,legacy_plot_age,20,0.1862402812743262,0.4317632824020566,0.8623775129663037,FALSE,FALSE,FALSE,+,0.004697592483852
TRAV26-2,TRAJ27,TRA,TRAV26-2_TRAJ27,8,0.0187903699354081,legacy_plot_age,20,0.4191389330560983,0.0658395714709256,0.6930623776207202,FALSE,FALSE,FALSE,+,0.0187903699354081
TRAV34,TRAJ27,TRA,TRAV34_TRAJ27,2,0.004697592483852,legacy_plot_age,20,-0.0086623386639221,0.971086823930188,0.9934447573962428,FALSE,FALSE,FALSE,-,0.004697592483852
TRAV35,TRAJ27,TRA,TRAV35_TRAJ27,7,0.016441573693482,legacy_plot_age,20,0.3732496143904082,0.1050284031690714,0.6930623776207202,FALSE,FALSE,FALSE,+,0.016441573693482
TRAV36/DV7,TRAJ27,TRA,TRAV36/DV7_TRAJ27,8,0.0187903699354081,legacy_plot_age,20,0.224125456459097,0.3421419750883555,0.8286780262969206,FALSE,FALSE,FALSE,+,0.0187903699354081
TRAV38-1,TRAJ27,TRA,TRAV38-1_TRAJ27,9,0.0211391661773341,legacy_plot_age,20,0.0579580146568956,0.8082299444506007,0.9774706427824436,FALSE,FALSE,FALSE,+,0.0211391661773341
TRAV38-2/DV8,TRAJ27,TRA,TRAV38-2/DV8_TRAJ27,9,0.0211391661773341,legacy_plot_age,20,0.0922691593337779,0.6988319754660208,0.968896788059294,FALSE,FALSE,FALSE,+,0.0211391661773341
TRAV39,TRAJ27,TRA,TRAV39_TRAJ27,4,0.009395184967704,legacy_plot_age,20,-0.3932233610813166,0.0863078459771236,0.6930623776207202,FALSE,FALSE,FALSE,-,0.009395184967704
TRAV40,TRAJ27,TRA,TRAV40_TRAJ27,0,0,NA,NA,NA,NA,NA,FALSE,NA,NA,NA,0
TRAV41,TRAJ27,TRA,TRAV41_TRAJ27,1,0.002348796241926,legacy_plot_age,20,-0.1194020984506189,0.616089875618355,0.9357275255362292,FALSE,FALSE,FALSE,-,0.002348796241926
TRAV1-1,TRAJ26,TRA,TRAV1-1_TRAJ26,48,0.1127422196124486,legacy_plot_age,20,-0.0879143664901137,0.7124525483099966,0.968896788059294,FALSE,FALSE,FALSE,-,0.1127422196124486
TRAV1-2,TRAJ26,TRA,TRAV1-2_TRAJ26,41,0.0963006459189665,legacy_plot_age,20,-0.0738247684794319,0.757079487371547,0.9768270879211844,FALSE,FALSE,FALSE,-,0.0963006459189665
TRAV2,TRAJ26,TRA,TRAV2_TRAJ26,24,0.0563711098062243,legacy_plot_age,20,0.1157883210887932,0.6268824477212508,0.9410317352472912,FALSE,FALSE,FALSE,+,0.0563711098062243
TRAV3,TRAJ26,TRA,TRAV3_TRAJ26,30,0.0704638872577803,legacy_plot_age,20,0.0396322441310634,0.8682412943956901,0.98229559546794,FALSE,FALSE,FALSE,+,0.0704638872577803
TRAV4,TRAJ26,TRA,TRAV4_TRAJ26,24,0.0563711098062243,legacy_plot_age,20,-0.10538674470558,0.6583504040119836,0.9502999073148214,FALSE,FALSE,FALSE,-,0.0563711098062243
TRAV5,TRAJ26,TRA,TRAV5_TRAJ26,32,0.0751614797416324,legacy_plot_age,20,-0.1303463083684546,0.5838717638895469,0.9331325204020672,FALSE,FALSE,FALSE,-,0.0751614797416324
TRAV6,TRAJ26,TRA,TRAV6_TRAJ26,14,0.0328831473869641,legacy_plot_age,20,0.1432601060841478,0.5468099801867525,0.9137746503784232,FALSE,FALSE,FALSE,+,0.0328831473869641
TRAV8-1,TRAJ26,TRA,TRAV8-1_TRAJ26,21,0.0493247210804462,legacy_plot_age,20,0.5196731024887108,0.0188514918999959,0.6186841642182179,FALSE,FALSE,FALSE,+,0.0493247210804462
TRAV9-1,TRAJ26,TRA,TRAV9-1_TRAJ26,0,0,NA,NA,NA,NA,NA,FALSE,NA,NA,NA,0
TRAV10,TRAJ26,TRA,TRAV10_TRAJ26,19,0.0446271285965942,legacy_plot_age,20,-0.2313232530802713,0.3264481400377329,0.8076599368569448,FALSE,FALSE,FALSE,-,0.0446271285965942
TRAV12-1,TRAJ26,TRA,TRAV12-1_TRAJ26,50,0.1174398120963006,legacy_plot_age,20,-0.3730093565276562,0.1052701383488376,0.6930623776207202,FALSE,FALSE,FALSE,-,0.1174398120963006
TRAV8-2,TRAJ26,TRA,TRAV8-2_TRAJ26,18,0.0422783323546682,legacy_plot_age,20,0.1510888432146375,0.5248746560087072,0.9110746171329148,FALSE,FALSE,FALSE,+,0.0422783323546682
TRAV8-3,TRAJ26,TRA,TRAV8-3_TRAJ26,47,0.1103934233705226,legacy_plot_age,20,-0.2023546194212102,0.3922245503866219,0.8444262322405051,FALSE,FALSE,FALSE,-,0.1103934233705226
TRAV13-1,TRAJ26,TRA,TRAV13-1_TRAJ26,75,0.1761597181444509,legacy_plot_age,20,-0.2850849083614153,0.2230997537604738,0.7667833814744837,FALSE,FALSE,FALSE,-,0.1761597181444509
TRAV12-2,TRAJ26,TRA,TRAV12-2_TRAJ26,37,0.0869054609512624,legacy_plot_age,20,0.1581687660026569,0.505399320045943,0.899151335754464,FALSE,FALSE,FALSE,+,0.0869054609512624
TRAV8-4,TRAJ26,TRA,TRAV8-4_TRAJ26,17,0.0399295361127422,legacy_plot_age,20,0.3746406067421737,0.103636761360824,0.6930623776207202,FALSE,FALSE,FALSE,+,0.0399295361127422
TRAV13-2,TRAJ26,TRA,TRAV13-2_TRAJ26,31,0.0728126834997063,legacy_plot_age,20,0.1898234003681961,0.4227942923889507,0.8591987852597888,FALSE,FALSE,FALSE,+,0.0728126834997063
TRAV14/DV4,TRAJ26,TRA,TRAV14/DV4_TRAJ26,35,0.0822078684674104,legacy_plot_age,20,-0.2606404677075877,0.267047345397534,0.7667833814744837,FALSE,FALSE,FALSE,-,0.0822078684674104
TRAV9-2,TRAJ26,TRA,TRAV9-2_TRAJ26,36,0.0845566647093364,legacy_plot_age,20,-0.0682221906372905,0.7750415739508907,0.9769790843883056,FALSE,FALSE,FALSE,-,0.0845566647093364
TRAV12-3,TRAJ26,TRA,TRAV12-3_TRAJ26,23,0.0540223135642983,legacy_plot_age,20,0.4086631743332084,0.0736185990402978,0.6930623776207202,FALSE,FALSE,FALSE,+,0.0540223135642983
TRAV8-6,TRAJ26,TRA,TRAV8-6_TRAJ26,6,0.014092777451556,legacy_plot_age,20,0.4072765104224352,0.0746975890173672,0.6930623776207202,FALSE,FALSE,FALSE,+,0.014092777451556
TRAV16,TRAJ26,TRA,TRAV16_TRAJ26,22,0.0516735173223722,legacy_plot_age,20,0.4050466860647729,0.0764573323698931,0.6930623776207202,FALSE,FALSE,FALSE,+,0.0516735173223722
TRAV17,TRAJ26,TRA,TRAV17_TRAJ26,45,0.1056958308866705,legacy_plot_age,20,0.0996608243479179,0.6759163682792328,0.9648163203571904,FALSE,FALSE,FALSE,+,0.1056958308866705
TRAV18,TRAJ26,TRA,TRAV18_TRAJ26,0,0,NA,NA,NA,NA,NA,FALSE,NA,NA,NA,0
TRAV19,TRAJ26,TRA,TRAV19_TRAJ26,38,0.0892542571931885,legacy_plot_age,20,0.431137358731004,0.0577086139643662,0.6930623776207202,FALSE,FALSE,FALSE,+,0.0892542571931885
TRAV20,TRAJ26,TRA,TRAV20_TRAJ26,18,0.0422783323546682,legacy_plot_age,20,0.395200292645925,0.0845988631181145,0.6930623776207202,FALSE,FALSE,FALSE,+,0.0422783323546682
TRAV21,TRAJ26,TRA,TRAV21_TRAJ26,44,0.1033470346447445,legacy_plot_age,20,0.365122115254326,0.1134315476644727,0.6998127268005091,FALSE,FALSE,FALSE,+,0.1033470346447445
TRAV22,TRAJ26,TRA,TRAV22_TRAJ26,11,0.0258367586611861,legacy_plot_age,20,0.5463105599729914,0.0126960432433732,0.6186841642182179,FALSE,FALSE,FALSE,+,0.0258367586611861
TRAV23/DV6,TRAJ26,TRA,TRAV23/DV6_TRAJ26,23,0.0540223135642983,legacy_plot_age,20,0.2570765271795443,0.2738786303743177,0.7686775857063849,FALSE,FALSE,FALSE,+,0.0540223135642983
TRAV24,TRAJ26,TRA,TRAV24_TRAJ26,5,0.01174398120963,legacy_plot_age,20,0.4066985565783376,0.075150771884418,0.6930623776207202,FALSE,FALSE,FALSE,+,0.01174398120963
TRAV25,TRAJ26,TRA,TRAV25_TRAJ26,10,0.0234879624192601,legacy_plot_age,20,-0.1144434180787157,0.6309178728672955,0.9415333138134528,FALSE,FALSE,FALSE,-,0.0234879624192601
TRAV26-1,TRAJ26,TRA,TRAV26-1_TRAJ26,26,0.0610687022900763,legacy_plot_age,20,0.3512504773968762,0.1288730546327684,0.7306070030392695,FALSE,FALSE,FALSE,+,0.0610687022900763
TRAV27,TRAJ26,TRA,TRAV27_TRAJ26,18,0.0422783323546682,legacy_plot_age,20,0.3745746945100723,0.1037024006886571,0.6930623776207202,FALSE,FALSE,FALSE,+,0.0422783323546682
TRAV29/DV5,TRAJ26,TRA,TRAV29/DV5_TRAJ26,31,0.0728126834997063,legacy_plot_age,20,0.239590177416592,0.3089607633668411,0.794309564628464,FALSE,FALSE,FALSE,+,0.0728126834997063
TRAV30,TRAJ26,TRA,TRAV30_TRAJ26,7,0.016441573693482,legacy_plot_age,20,0.3723222861558979,0.1059636585499514,0.6930623776207202,FALSE,FALSE,FALSE,+,0.016441573693482
TRAV26-2,TRAJ26,TRA,TRAV26-2_TRAJ26,4,0.009395184967704,legacy_plot_age,20,0.2323042625465009,0.324342843495532,0.8065297899882542,FALSE,FALSE,FALSE,+,0.009395184967704
TRAV34,TRAJ26,TRA,TRAV34_TRAJ26,1,0.002348796241926,legacy_plot_age,20,0.2985052461265474,0.2011136244258678,0.7474189055763873,FALSE,FALSE,FALSE,+,0.002348796241926
TRAV35,TRAJ26,TRA,TRAV35_TRAJ26,3,0.007046388725778,legacy_plot_age,20,0.2093158198986701,0.375787843794909,0.8400154874741859,FALSE,FALSE,FALSE,+,0.007046388725778
TRAV36/DV7,TRAJ26,TRA,TRAV36/DV7_TRAJ26,8,0.0187903699354081,legacy_plot_age,20,0.3262166224257369,0.1604090959694348,0.7474189055763873,FALSE,FALSE,FALSE,+,0.0187903699354081
TRAV38-1,TRAJ26,TRA,TRAV38-1_TRAJ26,5,0.01174398120963,legacy_plot_age,20,-0.2214318891617123,0.3481263017334435,0.8304822298446632,FALSE,FALSE,FALSE,-,0.01174398120963
TRAV38-2/DV8,TRAJ26,TRA,TRAV38-2/DV8_TRAJ26,16,0.0375807398708162,legacy_plot_age,20,0.5845670995387641,0.0067911753798198,0.5931159873467904,FALSE,FALSE,FALSE,+,0.0375807398708162
TRAV39,TRAJ26,TRA,TRAV39_TRAJ26,1,0.002348796241926,legacy_plot_age,20,-0.2587045466430078,0.2707446686759674,0.7667833814744837,FALSE,FALSE,FALSE,-,0.002348796241926
TRAV40,TRAJ26,TRA,TRAV40_TRAJ26,0,0,NA,NA,NA,NA,NA,FALSE,NA,NA,NA,0
TRAV41,TRAJ26,TRA,TRAV41_TRAJ26,7,0.016441573693482,legacy_plot_age,20,-0.1601427055544526,0.5000322225209657,0.8948131050641034,FALSE,FALSE,FALSE,-,0.016441573693482
TRAV1-1,TRAJ25,TRA,TRAV1-1_TRAJ25,0,0,NA,NA,NA,NA,NA,FALSE,NA,NA,NA,0
TRAV1-2,TRAJ25,TRA,TRAV1-2_TRAJ25,0,0,NA,NA,NA,NA,NA,FALSE,NA,NA,NA,0
TRAV2,TRAJ25,TRA,TRAV2_TRAJ25,0,0,NA,NA,NA,NA,NA,FALSE,NA,NA,NA,0
TRAV3,TRAJ25,TRA,TRAV3_TRAJ25,0,0,NA,NA,NA,NA,NA,FALSE,NA,NA,NA,0
TRAV4,TRAJ25,TRA,TRAV4_TRAJ25,0,0,NA,NA,NA,NA,NA,FALSE,NA,NA,NA,0
TRAV5,TRAJ25,TRA,TRAV5_TRAJ25,0,0,NA,NA,NA,NA,NA,FALSE,NA,NA,NA,0
TRAV6,TRAJ25,TRA,TRAV6_TRAJ25,0,0,NA,NA,NA,NA,NA,FALSE,NA,NA,NA,0
TRAV8-1,TRAJ25,TRA,TRAV8-1_TRAJ25,0,0,NA,NA,NA,NA,NA,FALSE,NA,NA,NA,0
TRAV9-1,TRAJ25,TRA,TRAV9-1_TRAJ25,0,0,NA,NA,NA,NA,NA,FALSE,NA,NA,NA,0
TRAV10,TRAJ25,TRA,TRAV10_TRAJ25,0,0,NA,NA,NA,NA,NA,FALSE,NA,NA,NA,0
TRAV12-1,TRAJ25,TRA,TRAV12-1_TRAJ25,0,0,NA,NA,NA,NA,NA,FALSE,NA,NA,NA,0
TRAV8-2,TRAJ25,TRA,TRAV8-2_TRAJ25,0,0,NA,NA,NA,NA,NA,FALSE,NA,NA,NA,0
TRAV8-3,TRAJ25,TRA,TRAV8-3_TRAJ25,1,0.002348796241926,legacy_plot_age,20,0.0995017487088491,0.6764067406898646,0.9648163203571904,FALSE,FALSE,FALSE,+,0.002348796241926
TRAV13-1,TRAJ25,TRA,TRAV13-1_TRAJ25,2,0.004697592483852,legacy_plot_age,20,0.145094172620696,0.5416341607012242,0.91269287641805,FALSE,FALSE,FALSE,+,0.004697592483852
TRAV12-2,TRAJ25,TRA,TRAV12-2_TRAJ25,0,0,NA,NA,NA,NA,NA,FALSE,NA,NA,NA,0
TRAV8-4,TRAJ25,TRA,TRAV8-4_TRAJ25,0,0,NA,NA,NA,NA,NA,FALSE,NA,NA,NA,0
TRAV13-2,TRAJ25,TRA,TRAV13-2_TRAJ25,0,0,NA,NA,NA,NA,NA,FALSE,NA,NA,NA,0
TRAV14/DV4,TRAJ25,TRA,TRAV14/DV4_TRAJ25,0,0,NA,NA,NA,NA,NA,FALSE,NA,NA,NA,0
TRAV9-2,TRAJ25,TRA,TRAV9-2_TRAJ25,0,0,NA,NA,NA,NA,NA,FALSE,NA,NA,NA,0
TRAV12-3,TRAJ25,TRA,TRAV12-3_TRAJ25,0,0,NA,NA,NA,NA,NA,FALSE,NA,NA,NA,0
TRAV8-6,TRAJ25,TRA,TRAV8-6_TRAJ25,2,0.004697592483852,legacy_plot_age,20,0.2165584665980537,0.3591068772263985,0.8346462692779834,FALSE,FALSE,FALSE,+,0.004697592483852
TRAV16,TRAJ25,TRA,TRAV16_TRAJ25,0,0,NA,NA,NA,NA,NA,FALSE,NA,NA,NA,0
TRAV17,TRAJ25,TRA,TRAV17_TRAJ25,0,0,NA,NA,NA,NA,NA,FALSE,NA,NA,NA,0
TRAV18,TRAJ25,TRA,TRAV18_TRAJ25,0,0,NA,NA,NA,NA,NA,FALSE,NA,NA,NA,0
TRAV19,TRAJ25,TRA,TRAV19_TRAJ25,0,0,NA,NA,NA,NA,NA,FALSE,NA,NA,NA,0
TRAV20,TRAJ25,TRA,TRAV20_TRAJ25,0,0,NA,NA,NA,NA,NA,FALSE,NA,NA,NA,0
TRAV21,TRAJ25,TRA,TRAV21_TRAJ25,0,0,NA,NA,NA,NA,NA,FALSE,NA,NA,NA,0
TRAV22,TRAJ25,TRA,TRAV22_TRAJ25,0,0,NA,NA,NA,NA,NA,FALSE,NA,NA,NA,0
TRAV23/DV6,TRAJ25,TRA,TRAV23/DV6_TRAJ25,0,0,NA,NA,NA,NA,NA,FALSE,NA,NA,NA,0
TRAV24,TRAJ25,TRA,TRAV24_TRAJ25,0,0,NA,NA,NA,NA,NA,FALSE,NA,NA,NA,0
TRAV25,TRAJ25,TRA,TRAV25_TRAJ25,0,0,NA,NA,NA,NA,NA,FALSE,NA,NA,NA,0
TRAV26-1,TRAJ25,TRA,TRAV26-1_TRAJ25,0,0,NA,NA,NA,NA,NA,FALSE,NA,NA,NA,0
TRAV27,TRAJ25,TRA,TRAV27_TRAJ25,0,0,NA,NA,NA,NA,NA,FALSE,NA,NA,NA,0
TRAV29/DV5,TRAJ25,TRA,TRAV29/DV5_TRAJ25,0,0,NA,NA,NA,NA,NA,FALSE,NA,NA,NA,0
TRAV30,TRAJ25,TRA,TRAV30_TRAJ25,0,0,NA,NA,NA,NA,NA,FALSE,NA,NA,NA,0
TRAV26-2,TRAJ25,TRA,TRAV26-2_TRAJ25,0,0,NA,NA,NA,NA,NA,FALSE,NA,NA,NA,0
TRAV34,TRAJ25,TRA,TRAV34_TRAJ25,0,0,NA,NA,NA,NA,NA,FALSE,NA,NA,NA,0
TRAV35,TRAJ25,TRA,TRAV35_TRAJ25,0,0,NA,NA,NA,NA,NA,FALSE,NA,NA,NA,0
TRAV36/DV7,TRAJ25,TRA,TRAV36/DV7_TRAJ25,0,0,NA,NA,NA,NA,NA,FALSE,NA,NA,NA,0
TRAV38-1,TRAJ25,TRA,TRAV38-1_TRAJ25,0,0,NA,NA,NA,NA,NA,FALSE,NA,NA,NA,0
TRAV38-2/DV8,TRAJ25,TRA,TRAV38-2/DV8_TRAJ25,0,0,NA,NA,NA,NA,NA,FALSE,NA,NA,NA,0
TRAV39,TRAJ25,TRA,TRAV39_TRAJ25,0,0,NA,NA,NA,NA,NA,FALSE,NA,NA,NA,0
TRAV40,TRAJ25,TRA,TRAV40_TRAJ25,0,0,NA,NA,NA,NA,NA,FALSE,NA,NA,NA,0
TRAV41,TRAJ25,TRA,TRAV41_TRAJ25,0,0,NA,NA,NA,NA,NA,FALSE,NA,NA,NA,0
TRAV1-1,TRAJ24,TRA,TRAV1-1_TRAJ24,21,0.0493247210804462,legacy_plot_age,20,-0.0202046734785813,0.9326206612494082,0.9892368769288012,FALSE,FALSE,FALSE,-,0.0493247210804462
TRAV1-2,TRAJ24,TRA,TRAV1-2_TRAJ24,51,0.1197886083382266,legacy_plot_age,20,-0.2114017486167955,0.3709394485483708,0.8400154874741859,FALSE,FALSE,FALSE,-,0.1197886083382266
TRAV2,TRAJ24,TRA,TRAV2_TRAJ24,26,0.0610687022900763,legacy_plot_age,20,-0.0181373009973298,0.9395022368247792,0.9901782203442352,FALSE,FALSE,FALSE,-,0.0610687022900763
TRAV3,TRAJ24,TRA,TRAV3_TRAJ24,20,0.0469759248385202,legacy_plot_age,20,-0.1253839503728452,0.5983914301892688,0.9357275255362292,FALSE,FALSE,FALSE,-,0.0469759248385202
TRAV4,TRAJ24,TRA,TRAV4_TRAJ24,7,0.016441573693482,legacy_plot_age,20,0.0019770704389438,0.9933996775427804,0.9954342902976044,FALSE,FALSE,FALSE,+,0.016441573693482
TRAV5,TRAJ24,TRA,TRAV5_TRAJ24,28,0.0657662947739283,legacy_plot_age,20,-0.407694983287805,0.0743707323042617,0.6930623776207202,FALSE,FALSE,FALSE,-,0.0657662947739283
TRAV6,TRAJ24,TRA,TRAV6_TRAJ24,6,0.014092777451556,legacy_plot_age,20,0.2392255231122071,0.3097199656854421,0.794309564628464,FALSE,FALSE,FALSE,+,0.014092777451556
TRAV8-1,TRAJ24,TRA,TRAV8-1_TRAJ24,23,0.0540223135642983,legacy_plot_age,20,0.0063086264338538,0.9789410720492172,0.9934447573962428,FALSE,FALSE,FALSE,+,0.0540223135642983
TRAV9-1,TRAJ24,TRA,TRAV9-1_TRAJ24,0,0,NA,NA,NA,NA,NA,FALSE,NA,NA,NA,0
TRAV10,TRAJ24,TRA,TRAV10_TRAJ24,23,0.0540223135642983,legacy_plot_age,20,-0.012196145812253,0.9592996728786968,0.991019643929726,FALSE,FALSE,FALSE,-,0.0540223135642983
TRAV12-1,TRAJ24,TRA,TRAV12-1_TRAJ24,63,0.1479741632413388,legacy_plot_age,20,-0.0413844996237772,0.8624678066741717,0.9818968142732016,FALSE,FALSE,FALSE,-,0.1479741632413388
TRAV8-2,TRAJ24,TRA,TRAV8-2_TRAJ24,9,0.0211391661773341,legacy_plot_age,20,0.3013816762158575,0.1965964900113012,0.7474189055763873,FALSE,FALSE,FALSE,+,0.0211391661773341
TRAV8-3,TRAJ24,TRA,TRAV8-3_TRAJ24,62,0.1456253669994127,legacy_plot_age,20,-0.3054928517682468,0.1902589781711569,0.7474189055763873,FALSE,FALSE,FALSE,-,0.1456253669994127
TRAV13-1,TRAJ24,TRA,TRAV13-1_TRAJ24,143,0.3358778625954198,legacy_plot_age,20,-0.7431365700413176,1.738919398367e-4,0.3403065262604697,TRUE,FALSE,FALSE,-,0.3358778625954198
TRAV12-2,TRAJ24,TRA,TRAV12-2_TRAJ24,47,0.1103934233705226,legacy_plot_age,20,0.2569221572426601,0.2741769654063967,0.7686775857063849,FALSE,FALSE,FALSE,+,0.1103934233705226
TRAV8-4,TRAJ24,TRA,TRAV8-4_TRAJ24,8,0.0187903699354081,legacy_plot_age,20,0.2234089596006562,0.3437279202462847,0.82943962999011,FALSE,FALSE,FALSE,+,0.0187903699354081
TRAV13-2,TRAJ24,TRA,TRAV13-2_TRAJ24,16,0.0375807398708162,legacy_plot_age,20,0.3518939458420293,0.1281254329226794,0.7306070030392695,FALSE,FALSE,FALSE,+,0.0375807398708162
TRAV14/DV4,TRAJ24,TRA,TRAV14/DV4_TRAJ24,20,0.0469759248385202,legacy_plot_age,20,0.3438201406450348,0.137731350085694,0.7387368079116571,FALSE,FALSE,FALSE,+,0.0469759248385202
TRAV9-2,TRAJ24,TRA,TRAV9-2_TRAJ24,35,0.0822078684674104,legacy_plot_age,20,0.2026646241875549,0.3914842158782218,0.8437605842221145,FALSE,FALSE,FALSE,+,0.0822078684674104
TRAV12-3,TRAJ24,TRA,TRAV12-3_TRAJ24,17,0.0399295361127422,legacy_plot_age,20,0.2642901957069624,0.2601636223724261,0.7667833814744837,FALSE,FALSE,FALSE,+,0.0399295361127422
TRAV8-6,TRAJ24,TRA,TRAV8-6_TRAJ24,8,0.0187903699354081,legacy_plot_age,20,-0.1942752651299143,0.4117910844516118,0.851528244498423,FALSE,FALSE,FALSE,-,0.0187903699354081
TRAV16,TRAJ24,TRA,TRAV16_TRAJ24,8,0.0187903699354081,legacy_plot_age,20,0.053836743389907,0.8216483632888439,0.9798694984498888,FALSE,FALSE,FALSE,+,0.0187903699354081
TRAV17,TRAJ24,TRA,TRAV17_TRAJ24,24,0.0563711098062243,legacy_plot_age,20,0.0433978592212256,0.855842306575061,0.9806093259447052,FALSE,FALSE,FALSE,+,0.0563711098062243
TRAV18,TRAJ24,TRA,TRAV18_TRAJ24,0,0,NA,NA,NA,NA,NA,FALSE,NA,NA,NA,0
TRAV19,TRAJ24,TRA,TRAV19_TRAJ24,27,0.0634174985320023,legacy_plot_age,20,0.0607205294258433,0.7992640272457407,0.9769790843883056,FALSE,FALSE,FALSE,+,0.0634174985320023
TRAV20,TRAJ24,TRA,TRAV20_TRAJ24,20,0.0469759248385202,legacy_plot_age,20,0.0576386843223267,0.8092678591226855,0.9774706427824436,FALSE,FALSE,FALSE,+,0.0469759248385202
TRAV21,TRAJ24,TRA,TRAV21_TRAJ24,54,0.1268349970640047,legacy_plot_age,20,-0.0384940852199237,0.87199486334021,0.98229559546794,FALSE,FALSE,FALSE,-,0.1268349970640047
TRAV22,TRAJ24,TRA,TRAV22_TRAJ24,6,0.014092777451556,legacy_plot_age,20,0.098853521947193,0.6784062836251556,0.9659659848865496,FALSE,FALSE,FALSE,+,0.014092777451556
TRAV23/DV6,TRAJ24,TRA,TRAV23/DV6_TRAJ24,8,0.0187903699354081,legacy_plot_age,20,-0.2817325375495001,0.2288276139430299,0.7667833814744837,FALSE,FALSE,FALSE,-,0.0187903699354081
TRAV24,TRAJ24,TRA,TRAV24_TRAJ24,7,0.016441573693482,legacy_plot_age,20,0.0612891836072596,0.7974213832830068,0.9769790843883056,FALSE,FALSE,FALSE,+,0.016441573693482
TRAV25,TRAJ24,TRA,TRAV25_TRAJ24,9,0.0211391661773341,legacy_plot_age,20,0.2947782342988354,0.2070686355049826,0.7474189055763873,FALSE,FALSE,FALSE,+,0.0211391661773341
TRAV26-1,TRAJ24,TRA,TRAV26-1_TRAJ24,20,0.0469759248385202,legacy_plot_age,20,0.3116182332658128,0.1810739170928171,0.7474189055763873,FALSE,FALSE,FALSE,+,0.0469759248385202
TRAV27,TRAJ24,TRA,TRAV27_TRAJ24,16,0.0375807398708162,legacy_plot_age,20,0.6732253294396363,0.0011402784250249,0.4817376957840667,TRUE,FALSE,FALSE,+,0.0375807398708162
TRAV29/DV5,TRAJ24,TRA,TRAV29/DV5_TRAJ24,20,0.0469759248385202,legacy_plot_age,20,0.2870425027403501,0.2197987494691607,0.7629876448031567,FALSE,FALSE,FALSE,+,0.0469759248385202
TRAV30,TRAJ24,TRA,TRAV30_TRAJ24,9,0.0211391661773341,legacy_plot_age,20,0.1782790518813316,0.4520468417022683,0.8639215519641983,FALSE,FALSE,FALSE,+,0.0211391661773341
TRAV26-2,TRAJ24,TRA,TRAV26-2_TRAJ24,1,0.002348796241926,legacy_plot_age,20,0.0199003497417698,0.9336333733712294,0.9892368769288012,FALSE,FALSE,FALSE,+,0.002348796241926
TRAV34,TRAJ24,TRA,TRAV34_TRAJ24,1,0.002348796241926,legacy_plot_age,20,0.2985052461265474,0.2011136244258678,0.7474189055763873,FALSE,FALSE,FALSE,+,0.002348796241926
TRAV35,TRAJ24,TRA,TRAV35_TRAJ24,4,0.009395184967704,legacy_plot_age,20,0.0134490263418762,0.9551224711582176,0.9901782203442352,FALSE,FALSE,FALSE,+,0.009395184967704
TRAV36/DV7,TRAJ24,TRA,TRAV36/DV7_TRAJ24,7,0.016441573693482,legacy_plot_age,20,0.3319835079546984,0.1527138968152299,0.7474189055763873,FALSE,FALSE,FALSE,+,0.016441573693482
TRAV38-1,TRAJ24,TRA,TRAV38-1_TRAJ24,0,0,NA,NA,NA,NA,NA,FALSE,NA,NA,NA,0
TRAV38-2/DV8,TRAJ24,TRA,TRAV38-2/DV8_TRAJ24,5,0.01174398120963,legacy_plot_age,20,-0.0079082817557754,0.9736028375405786,0.9934447573962428,FALSE,FALSE,FALSE,-,0.01174398120963
TRAV39,TRAJ24,TRA,TRAV39_TRAJ24,0,0,NA,NA,NA,NA,NA,FALSE,NA,NA,NA,0
TRAV40,TRAJ24,TRA,TRAV40_TRAJ24,0,0,NA,NA,NA,NA,NA,FALSE,NA,NA,NA,0
TRAV41,TRAJ24,TRA,TRAV41_TRAJ24,0,0,NA,NA,NA,NA,NA,FALSE,NA,NA,NA,0
TRAV1-1,TRAJ23,TRA,TRAV1-1_TRAJ23,47,0.1103934233705226,legacy_plot_age,20,-0.0682094222768124,0.7750826394763454,0.9769790843883056,FALSE,FALSE,FALSE,-,0.1103934233705226
TRAV1-2,TRAJ23,TRA,TRAV1-2_TRAJ23,27,0.0634174985320023,legacy_plot_age,20,0.6517789239784298,0.0018474490036869,0.4817376957840667,TRUE,FALSE,FALSE,+,0.0634174985320023
TRAV2,TRAJ23,TRA,TRAV2_TRAJ23,34,0.0798590722254844,legacy_plot_age,20,0.0160074413785821,0.946596126093424,0.9901782203442352,FALSE,FALSE,FALSE,+,0.0798590722254844
TRAV3,TRAJ23,TRA,TRAV3_TRAJ23,25,0.0587199060481503,legacy_plot_age,20,0.2774257089174443,0.2363254113617549,0.7667833814744837,FALSE,FALSE,FALSE,+,0.0587199060481503
TRAV4,TRAJ23,TRA,TRAV4_TRAJ23,49,0.1150910158543746,legacy_plot_age,20,0.0702155807905785,0.7686375604379222,0.9769790843883056,FALSE,FALSE,FALSE,+,0.1150910158543746
TRAV5,TRAJ23,TRA,TRAV5_TRAJ23,47,0.1103934233705226,legacy_plot_age,20,-0.1068614282336727,0.65385369788251,0.9502999073148214,FALSE,FALSE,FALSE,-,0.1103934233705226
TRAV6,TRAJ23,TRA,TRAV6_TRAJ23,28,0.0657662947739283,legacy_plot_age,20,-0.2160704553594943,0.3602172759762513,0.8348746473428984,FALSE,FALSE,FALSE,-,0.0657662947739283
TRAV8-1,TRAJ23,TRA,TRAV8-1_TRAJ23,35,0.0822078684674104,legacy_plot_age,20,-0.0161388316102514,0.946158389443207,0.9901782203442352,FALSE,FALSE,FALSE,-,0.0822078684674104
TRAV9-1,TRAJ23,TRA,TRAV9-1_TRAJ23,0,0,NA,NA,NA,NA,NA,FALSE,NA,NA,NA,0
TRAV10,TRAJ23,TRA,TRAV10_TRAJ23,12,0.0281855549031121,legacy_plot_age,20,-0.0926698041957416,0.6975832369981642,0.968896788059294,FALSE,FALSE,FALSE,-,0.0281855549031121
TRAV12-1,TRAJ23,TRA,TRAV12-1_TRAJ23,77,0.180857310628303,legacy_plot_age,20,-0.2301617312071287,0.3289512870243173,0.8107779202853765,FALSE,FALSE,FALSE,-,0.180857310628303
TRAV8-2,TRAJ23,TRA,TRAV8-2_TRAJ23,26,0.0610687022900763,legacy_plot_age,20,-0.1257727536888597,0.5972484188865864,0.9357275255362292,FALSE,FALSE,FALSE,-,0.0610687022900763
TRAV8-3,TRAJ23,TRA,TRAV8-3_TRAJ23,52,0.1221374045801526,legacy_plot_age,20,0.1182296652798081,0.6195831892795272,0.9366706081900316,FALSE,FALSE,FALSE,+,0.1221374045801526
TRAV13-1,TRAJ23,TRA,TRAV13-1_TRAJ23,63,0.1479741632413388,legacy_plot_age,20,-0.2787195752942412,0.2340564381697608,0.7667833814744837,FALSE,FALSE,FALSE,-,0.1479741632413388
TRAV12-2,TRAJ23,TRA,TRAV12-2_TRAJ23,64,0.1503229594832648,legacy_plot_age,20,-0.1182674954626915,0.6194703495172257,0.9366706081900316,FALSE,FALSE,FALSE,-,0.1503229594832648
TRAV8-4,TRAJ23,TRA,TRAV8-4_TRAJ23,59,0.1385789782736347,legacy_plot_age,20,0.2892657213864558,0.2160888634187229,0.7589944018208977,FALSE,FALSE,FALSE,+,0.1385789782736347
TRAV13-2,TRAJ23,TRA,TRAV13-2_TRAJ23,47,0.1103934233705226,legacy_plot_age,20,-0.0807856682214182,0.73492944227232615,0.968896788059294,FALSE,FALSE,FALSE,-,0.1103934233705226
TRAV14/DV4,TRAJ23,TRA,TRAV14/DV4_TRAJ23,32,0.0751614797416324,legacy_plot_age,20,-0.0137206640387846,0.954216954777003,0.9901782203442352,FALSE,FALSE,FALSE,-,0.0751614797416324
TRAV9-2,TRAJ23,TRA,TRAV9-2_TRAJ23,71,0.1667645331767469,legacy_plot_age,20,0.0346516228744191,0.8846860619354117,0.98229559546794,FALSE,FALSE,FALSE,+,0.1667645331767469
TRAV12-3,TRAJ23,TRA,TRAV12-3_TRAJ23,22,0.0516735173223722,legacy_plot_age,20,0.023823989519895,0.920584552899998,0.9892368769288012,FALSE,FALSE,FALSE,+,0.0516735173223722
TRAV8-6,TRAJ23,TRA,TRAV8-6_TRAJ23,30,0.0704638872577803,legacy_plot_age,20,-0.1151011261031382,0.6289431329326611,0.9410317352472912,FALSE,FALSE,FALSE,-,0.0704638872577803
TRAV16,TRAJ23,TRA,TRAV16_TRAJ23,12,0.0281855549031121,legacy_plot_age,20,0.2763365002933186,0.2382464673905552,0.7667833814744837,FALSE,FALSE,FALSE,+,0.0281855549031121
TRAV17,TRAJ23,TRA,TRAV17_TRAJ23,28,0.0657662947739283,legacy_plot_age,20,0.3893285158757411,0.089749091210772,0.6930623776207202,FALSE,FALSE,FALSE,+,0.0657662947739283
TRAV18,TRAJ23,TRA,TRAV18_TRAJ23,0,0,NA,NA,NA,NA,NA,FALSE,NA,NA,NA,0
TRAV19,TRAJ23,TRA,TRAV19_TRAJ23,39,0.0916030534351145,legacy_plot_age,20,-0.0136418844553624,0.954479564519927,0.9901782203442352,FALSE,FALSE,FALSE,-,0.0916030534351145
TRAV20,TRAJ23,TRA,TRAV20_TRAJ23,23,0.0540223135642983,legacy_plot_age,20,0.301515896526522,0.1963873830679273,0.7474189055763873,FALSE,FALSE,FALSE,+,0.0540223135642983
TRAV21,TRAJ23,TRA,TRAV21_TRAJ23,33,0.0775102759835584,legacy_plot_age,20,0.3733979079407058,0.1048793987633582,0.6930623776207202,FALSE,FALSE,FALSE,+,0.0775102759835584
TRAV22,TRAJ23,TRA,TRAV22_TRAJ23,16,0.0375807398708162,legacy_plot_age,20,-0.1575457371476931,0.5070990561176254,0.9013559062871872,FALSE,FALSE,FALSE,-,0.0375807398708162
TRAV23/DV6,TRAJ23,TRA,TRAV23/DV6_TRAJ23,24,0.0563711098062243,legacy_plot_age,20,0.0938600695034072,0.6938778157455958,0.968775417300358,FALSE,FALSE,FALSE,+,0.0563711098062243
TRAV24,TRAJ23,TRA,TRAV24_TRAJ23,12,0.0281855549031121,legacy_plot_age,20,0.3960236265889373,0.0838945459337322,0.6930623776207202,FALSE,FALSE,FALSE,+,0.0281855549031121
TRAV25,TRAJ23,TRA,TRAV25_TRAJ23,8,0.0187903699354081,legacy_plot_age,20,0.0445117552564958,0.8521806904648097,0.9806093259447052,FALSE,FALSE,FALSE,+,0.0187903699354081
TRAV26-1,TRAJ23,TRA,TRAV26-1_TRAJ23,41,0.0963006459189665,legacy_plot_age,20,0.385004294629119,0.093686711315061,0.6930623776207202,FALSE,FALSE,FALSE,+,0.0963006459189665
TRAV27,TRAJ23,TRA,TRAV27_TRAJ23,12,0.0281855549031121,legacy_plot_age,20,0.4511870007707643,0.0458512676318047,0.6930623776207202,FALSE,FALSE,FALSE,+,0.0281855549031121
TRAV29/DV5,TRAJ23,TRA,TRAV29/DV5_TRAJ23,34,0.0798590722254844,legacy_plot_age,20,-0.1546080238274415,0.5151504688631875,0.9027759825667409,FALSE,FALSE,FALSE,-,0.0798590722254844
TRAV30,TRAJ23,TRA,TRAV30_TRAJ23,4,0.009395184967704,legacy_plot_age,20,-0.2758613117739698,0.2390877115121467,0.7667833814744837,FALSE,FALSE,FALSE,-,0.009395184967704
TRAV26-2,TRAJ23,TRA,TRAV26-2_TRAJ23,2,0.004697592483852,legacy_plot_age,20,0.0952857253031436,0.6894483928120254,0.9674947271323688,FALSE,FALSE,FALSE,+,0.004697592483852
TRAV34,TRAJ23,TRA,TRAV34_TRAJ23,0,0,NA,NA,NA,NA,NA,FALSE,NA,NA,NA,0
TRAV35,TRAJ23,TRA,TRAV35_TRAJ23,5,0.01174398120963,legacy_plot_age,20,0.2468232789556572,0.2941343848483319,0.7810325524398717,FALSE,FALSE,FALSE,+,0.01174398120963
TRAV36/DV7,TRAJ23,TRA,TRAV36/DV7_TRAJ23,2,0.004697592483852,legacy_plot_age,20,-0.2966850992393336,0.2040074211775885,0.7474189055763873,FALSE,FALSE,FALSE,-,0.004697592483852
TRAV38-1,TRAJ23,TRA,TRAV38-1_TRAJ23,9,0.0211391661773341,legacy_plot_age,20,0.0573670216449829,0.8101510818368003,0.9774706427824436,FALSE,FALSE,FALSE,+,0.0211391661773341
TRAV38-2/DV8,TRAJ23,TRA,TRAV38-2/DV8_TRAJ23,8,0.0187903699354081,legacy_plot_age,20,-0.3894828764719405,0.0896108178287569,0.6930623776207202,FALSE,FALSE,FALSE,-,0.0187903699354081
TRAV39,TRAJ23,TRA,TRAV39_TRAJ23,1,0.002348796241926,legacy_plot_age,20,0.3383059456100871,0.1445764933214944,0.7387368079116571,FALSE,FALSE,FALSE,+,0.002348796241926
TRAV40,TRAJ23,TRA,TRAV40_TRAJ23,0,0,NA,NA,NA,NA,NA,FALSE,NA,NA,NA,0
TRAV41,TRAJ23,TRA,TRAV41_TRAJ23,1,0.002348796241926,legacy_plot_age,20,0.2587045466430078,0.2707446686759674,0.7667833814744837,FALSE,FALSE,FALSE,+,0.002348796241926
TRAV1-1,TRAJ22,TRA,TRAV1-1_TRAJ22,24,0.0563711098062243,legacy_plot_age,20,0.0906848633337941,0.7037772149544602,0.968896788059294,FALSE,FALSE,FALSE,+,0.0563711098062243
TRAV1-2,TRAJ22,TRA,TRAV1-2_TRAJ22,11,0.0258367586611861,legacy_plot_age,20,0.0369297627120103,0.8771581760455789,0.98229559546794,FALSE,FALSE,FALSE,+,0.0258367586611861
TRAV2,TRAJ22,TRA,TRAV2_TRAJ22,30,0.0704638872577803,legacy_plot_age,20,-0.0178733650002835,0.9403810966297084,0.9901782203442352,FALSE,FALSE,FALSE,-,0.0704638872577803
TRAV3,TRAJ22,TRA,TRAV3_TRAJ22,48,0.1127422196124486,legacy_plot_age,20,-0.3254076916208531,0.161509525823345,0.7474189055763873,FALSE,FALSE,FALSE,-,0.1127422196124486
TRAV4,TRAJ22,TRA,TRAV4_TRAJ22,26,0.0610687022900763,legacy_plot_age,20,-0.0445739158759326,0.8519764401767878,0.9806093259447052,FALSE,FALSE,FALSE,-,0.0610687022900763
TRAV5,TRAJ22,TRA,TRAV5_TRAJ22,23,0.0540223135642983,legacy_plot_age,20,0.224582716742693,0.3411320821084993,0.8272558670214786,FALSE,FALSE,FALSE,+,0.0540223135642983
TRAV6,TRAJ22,TRA,TRAV6_TRAJ22,4,0.009395184967704,legacy_plot_age,20,0.2480000457441979,0.291764232969439,0.7789667174913946,FALSE,FALSE,FALSE,+,0.009395184967704
TRAV8-1,TRAJ22,TRA,TRAV8-1_TRAJ22,15,0.0352319436288901,legacy_plot_age,20,-0.1169134199077528,0.6235143672371286,0.9383529255477644,FALSE,FALSE,FALSE,-,0.0352319436288901
TRAV9-1,TRAJ22,TRA,TRAV9-1_TRAJ22,0,0,NA,NA,NA,NA,NA,FALSE,NA,NA,NA,0
TRAV10,TRAJ22,TRA,TRAV10_TRAJ22,6,0.014092777451556,legacy_plot_age,20,0.1618187769220527,0.4954968278772237,0.89207662571824,FALSE,FALSE,FALSE,+,0.014092777451556
TRAV12-1,TRAJ22,TRA,TRAV12-1_TRAJ22,37,0.0869054609512624,legacy_plot_age,20,0.2061440317699219,0.3832282255907686,0.8437605842221145,FALSE,FALSE,FALSE,+,0.0869054609512624
TRAV8-2,TRAJ22,TRA,TRAV8-2_TRAJ22,17,0.0399295361127422,legacy_plot_age,20,0.2203086511991469,0.3506396551358117,0.8304822298446632,FALSE,FALSE,FALSE,+,0.0399295361127422
TRAV8-3,TRAJ22,TRA,TRAV8-3_TRAJ22,46,0.1080446271285966,legacy_plot_age,20,0.0098524721066506,0.9671163255466722,0.9919531703851348,FALSE,FALSE,FALSE,+,0.1080446271285966
TRAV13-1,TRAJ22,TRA,TRAV13-1_TRAJ22,77,0.180857310628303,legacy_plot_age,20,-0.1109859180238176,0.6413382582349479,0.9478613143517702,FALSE,FALSE,FALSE,-,0.180857310628303
TRAV12-2,TRAJ22,TRA,TRAV12-2_TRAJ22,48,0.1127422196124486,legacy_plot_age,20,-0.2372172130293587,0.3139213727143373,0.794309564628464,FALSE,FALSE,FALSE,-,0.1127422196124486
TRAV8-4,TRAJ22,TRA,TRAV8-4_TRAJ22,47,0.1103934233705226,legacy_plot_age,20,0.5137626423411602,0.0204961275708997,0.6186841642182179,FALSE,FALSE,FALSE,+,0.1103934233705226
TRAV13-2,TRAJ22,TRA,TRAV13-2_TRAJ22,24,0.0563711098062243,legacy_plot_age,20,0.1049088815234033,0.6598099723420907,0.9506773350905044,FALSE,FALSE,FALSE,+,0.0563711098062243
TRAV14/DV4,TRAJ22,TRA,TRAV14/DV4_TRAJ22,29,0.0681150910158543,legacy_plot_age,20,0.0543971978269498,0.8198206937530019,0.9792882511805724,FALSE,FALSE,FALSE,+,0.0681150910158543
TRAV9-2,TRAJ22,TRA,TRAV9-2_TRAJ22,68,0.1597181444509688,legacy_plot_age,20,-0.4868322046651617,0.0294896545634697,0.6186841642182179,FALSE,FALSE,FALSE,-,0.1597181444509688
TRAV12-3,TRAJ22,TRA,TRAV12-3_TRAJ22,28,0.0657662947739283,legacy_plot_age,20,0.6418869343580084,0.002280272492811,0.4817376957840667,TRUE,FALSE,FALSE,+,0.0657662947739283
TRAV8-6,TRAJ22,TRA,TRAV8-6_TRAJ22,19,0.0446271285965942,legacy_plot_age,20,-0.1592928174548097,0.5023396554622149,0.8969696220251411,FALSE,FALSE,FALSE,-,0.0446271285965942
TRAV16,TRAJ22,TRA,TRAV16_TRAJ22,20,0.0469759248385202,legacy_plot_age,20,-0.4005965068541808,0.0800613677622319,0.6930623776207202,FALSE,FALSE,FALSE,-,0.0469759248385202
TRAV17,TRAJ22,TRA,TRAV17_TRAJ22,22,0.0516735173223722,legacy_plot_age,20,0.150757948263261,0.5257933777602852,0.9110746171329148,FALSE,FALSE,FALSE,+,0.0516735173223722
TRAV18,TRAJ22,TRA,TRAV18_TRAJ22,0,0,NA,NA,NA,NA,NA,FALSE,NA,NA,NA,0
TRAV19,TRAJ22,TRA,TRAV19_TRAJ22,22,0.0516735173223722,legacy_plot_age,20,0.0647920246275944,0.7860940001913774,0.9769790843883056,FALSE,FALSE,FALSE,+,0.0516735173223722
TRAV20,TRAJ22,TRA,TRAV20_TRAJ22,21,0.0493247210804462,legacy_plot_age,20,0.1813730099732981,0.4441062643081643,0.8629670393973627,FALSE,FALSE,FALSE,+,0.0493247210804462
TRAV21,TRAJ22,TRA,TRAV21_TRAJ22,26,0.0610687022900763,legacy_plot_age,20,0.0481803752181555,0.8401420989345714,0.9806093259447052,FALSE,FALSE,FALSE,+,0.0610687022900763
TRAV22,TRAJ22,TRA,TRAV22_TRAJ22,8,0.0187903699354081,legacy_plot_age,20,0.1534728228114597,0.5182778810023824,0.9055980474300556,FALSE,FALSE,FALSE,+,0.0187903699354081
TRAV23/DV6,TRAJ22,TRA,TRAV23/DV6_TRAJ22,30,0.0704638872577803,legacy_plot_age,20,0.1569270825421145,0.5087895692370246,0.901903249091356,FALSE,FALSE,FALSE,+,0.0704638872577803
TRAV24,TRAJ22,TRA,TRAV24_TRAJ22,11,0.0258367586611861,legacy_plot_age,20,0.1871956937470867,0.4293619745189385,0.8623775129663037,FALSE,FALSE,FALSE,+,0.0258367586611861
TRAV25,TRAJ22,TRA,TRAV25_TRAJ22,5,0.01174398120963,legacy_plot_age,20,0.453737665737616,0.0444886997143667,0.6930623776207202,FALSE,FALSE,FALSE,+,0.01174398120963
TRAV26-1,TRAJ22,TRA,TRAV26-1_TRAJ22,23,0.0540223135642983,legacy_plot_age,20,-0.0409256533660874,0.8639790173962606,0.9818968142732016,FALSE,FALSE,FALSE,-,0.0540223135642983
TRAV27,TRAJ22,TRA,TRAV27_TRAJ22,12,0.0281855549031121,legacy_plot_age,20,0.5830582752777635,0.006970703990279,0.5931159873467904,FALSE,FALSE,FALSE,+,0.0281855549031121
TRAV29/DV5,TRAJ22,TRA,TRAV29/DV5_TRAJ22,31,0.0728126834997063,legacy_plot_age,20,-0.0262979394076706,0.9123667841303572,0.988127197015352,FALSE,FALSE,FALSE,-,0.0728126834997063
TRAV30,TRAJ22,TRA,TRAV30_TRAJ22,10,0.0234879624192601,legacy_plot_age,20,0.1243234253948639,0.6015137818160909,0.9357275255362292,FALSE,FALSE,FALSE,+,0.0234879624192601
TRAV26-2,TRAJ22,TRA,TRAV26-2_TRAJ22,5,0.01174398120963,legacy_plot_age,20,0.2367028636170218,0.3150028798602918,0.794309564628464,FALSE,FALSE,FALSE,+,0.01174398120963
TRAV34,TRAJ22,TRA,TRAV34_TRAJ22,1,0.002348796241926,legacy_plot_age,20,0.1791031476759284,0.4499246852756275,0.8629670393973627,FALSE,FALSE,FALSE,+,0.002348796241926
TRAV35,TRAJ22,TRA,TRAV35_TRAJ22,13,0.0305343511450381,legacy_plot_age,20,0.4299982715777752,0.0584460242351509,0.6930623776207202,FALSE,FALSE,FALSE,+,0.0305343511450381
TRAV36/DV7,TRAJ22,TRA,TRAV36/DV7_TRAJ22,7,0.016441573693482,legacy_plot_age,20,0.3494975472525115,0.1309254111862994,0.7341576781993924,FALSE,FALSE,FALSE,+,0.016441573693482
TRAV38-1,TRAJ22,TRA,TRAV38-1_TRAJ22,2,0.004697592483852,legacy_plot_age,20,-0.0597010492253094,0.8025700622016751,0.9769790843883056,FALSE,FALSE,FALSE,-,0.004697592483852
TRAV38-2/DV8,TRAJ22,TRA,TRAV38-2/DV8_TRAJ22,9,0.0211391661773341,legacy_plot_age,20,-0.1235669024339912,0.6037451993166778,0.9357275255362292,FALSE,FALSE,FALSE,-,0.0211391661773341
TRAV39,TRAJ22,TRA,TRAV39_TRAJ22,1,0.002348796241926,legacy_plot_age,20,0.2985052461265474,0.2011136244258678,0.7474189055763873,FALSE,FALSE,FALSE,+,0.002348796241926
TRAV40,TRAJ22,TRA,TRAV40_TRAJ22,0,0,NA,NA,NA,NA,NA,FALSE,NA,NA,NA,0
TRAV41,TRAJ22,TRA,TRAV41_TRAJ22,14,0.0328831473869641,legacy_plot_age,20,-0.10538674470558,0.6583504040119836,0.9502999073148214,FALSE,FALSE,FALSE,-,0.0328831473869641
TRAV1-1,TRAJ21,TRA,TRAV1-1_TRAJ21,24,0.0563711098062243,legacy_plot_age,20,-0.3913843970506834,0.0879202970302146,0.6930623776207202,FALSE,FALSE,FALSE,-,0.0563711098062243
TRAV1-2,TRAJ21,TRA,TRAV1-2_TRAJ21,15,0.0352319436288901,legacy_plot_age,20,0.0512575897750625,0.8300703822318647,0.980577174620276,FALSE,FALSE,FALSE,+,0.0352319436288901
TRAV2,TRAJ21,TRA,TRAV2_TRAJ21,43,0.1009982384028185,legacy_plot_age,20,-0.1796914863242762,0.4484127980236857,0.8629670393973627,FALSE,FALSE,FALSE,-,0.1009982384028185
TRAV3,TRAJ21,TRA,TRAV3_TRAJ21,63,0.1479741632413388,legacy_plot_age,20,-0.0317102622925193,0.8944194950904732,0.9835748455116716,FALSE,FALSE,FALSE,-,0.1479741632413388
TRAV4,TRAJ21,TRA,TRAV4_TRAJ21,39,0.0916030534351145,legacy_plot_age,20,-0.105345663294188,0.6584758349735556,0.9502999073148214,FALSE,FALSE,FALSE,-,0.0916030534351145
TRAV5,TRAJ21,TRA,TRAV5_TRAJ21,17,0.0399295361127422,legacy_plot_age,20,-0.1585042391505779,0.5044852254126485,0.899151335754464,FALSE,FALSE,FALSE,-,0.0399295361127422
TRAV6,TRAJ21,TRA,TRAV6_TRAJ21,20,0.0469759248385202,legacy_plot_age,20,-0.0633967136119504,0.7906012919319036,0.9769790843883056,FALSE,FALSE,FALSE,-,0.0469759248385202
TRAV8-1,TRAJ21,TRA,TRAV8-1_TRAJ21,13,0.0305343511450381,legacy_plot_age,20,0.2511168526187648,0.2855434535528798,0.7703108658939515,FALSE,FALSE,FALSE,+,0.0305343511450381
TRAV9-1,TRAJ21,TRA,TRAV9-1_TRAJ21,0,0,NA,NA,NA,NA,NA,FALSE,NA,NA,NA,0
TRAV10,TRAJ21,TRA,TRAV10_TRAJ21,13,0.0305343511450381,legacy_plot_age,20,0.0050937603740703,0.9829958080099256,0.9941772448809498,FALSE,FALSE,FALSE,+,0.0305343511450381
TRAV12-1,TRAJ21,TRA,TRAV12-1_TRAJ21,58,0.1362301820317087,legacy_plot_age,20,-0.1364651211499153,0.5661781634070583,0.9243048898868312,FALSE,FALSE,FALSE,-,0.1362301820317087
TRAV8-2,TRAJ21,TRA,TRAV8-2_TRAJ21,14,0.0328831473869641,legacy_plot_age,20,0.047117283460151,0.8436272434188319,0.9806093259447052,FALSE,FALSE,FALSE,+,0.0328831473869641
TRAV8-3,TRAJ21,TRA,TRAV8-3_TRAJ21,24,0.0563711098062243,legacy_plot_age,20,0.56935353565531,0.008786411625777,0.6025918978325971,FALSE,FALSE,FALSE,+,0.0563711098062243
TRAV13-1,TRAJ21,TRA,TRAV13-1_TRAJ21,64,0.1503229594832648,legacy_plot_age,20,0.0797592174567343,0.7381835007646437,0.968896788059294,FALSE,FALSE,FALSE,+,0.1503229594832648
TRAV12-2,TRAJ21,TRA,TRAV12-2_TRAJ21,41,0.0963006459189665,legacy_plot_age,20,0.4817477595839959,0.0314905198779222,0.6186841642182179,FALSE,FALSE,FALSE,+,0.0963006459189665
TRAV8-4,TRAJ21,TRA,TRAV8-4_TRAJ21,25,0.0587199060481503,legacy_plot_age,20,0.0484164948307544,0.8393684118424309,0.9806093259447052,FALSE,FALSE,FALSE,+,0.0587199060481503
TRAV13-2,TRAJ21,TRA,TRAV13-2_TRAJ21,17,0.0399295361127422,legacy_plot_age,20,0.3753111158576368,0.1029707412655061,0.6930623776207202,FALSE,FALSE,FALSE,+,0.0399295361127422
TRAV14/DV4,TRAJ21,TRA,TRAV14/DV4_TRAJ21,30,0.0704638872577803,legacy_plot_age,20,0.1690734740121584,0.4761000332084584,0.8818051749272177,FALSE,FALSE,FALSE,+,0.0704638872577803
TRAV9-2,TRAJ21,TRA,TRAV9-2_TRAJ21,41,0.0963006459189665,legacy_plot_age,20,0.3872276295390347,0.091646655191946,0.6930623776207202,FALSE,FALSE,FALSE,+,0.0963006459189665
TRAV12-3,TRAJ21,TRA,TRAV12-3_TRAJ21,17,0.0399295361127422,legacy_plot_age,20,-0.0441603850369769,0.853335409260804,0.9806093259447052,FALSE,FALSE,FALSE,-,0.0399295361127422
TRAV8-6,TRAJ21,TRA,TRAV8-6_TRAJ21,21,0.0493247210804462,legacy_plot_age,20,0.3901056187018404,0.0890545672031191,0.6930623776207202,FALSE,FALSE,FALSE,+,0.0493247210804462
TRAV16,TRAJ21,TRA,TRAV16_TRAJ21,7,0.016441573693482,legacy_plot_age,20,0.2530650161848141,0.2816970907631778,0.7703108658939515,FALSE,FALSE,FALSE,+,0.016441573693482
TRAV17,TRAJ21,TRA,TRAV17_TRAJ21,18,0.0422783323546682,legacy_plot_age,20,0.4418837124506061,0.0510946717087954,0.6930623776207202,FALSE,FALSE,FALSE,+,0.0422783323546682
TRAV18,TRAJ21,TRA,TRAV18_TRAJ21,0,0,NA,NA,NA,NA,NA,FALSE,NA,NA,NA,0
TRAV19,TRAJ21,TRA,TRAV19_TRAJ21,24,0.0563711098062243,legacy_plot_age,20,-0.2933563168524796,0.2093710498647505,0.7513724707488281,FALSE,FALSE,FALSE,-,0.0563711098062243
TRAV20,TRAJ21,TRA,TRAV20_TRAJ21,13,0.0305343511450381,legacy_plot_age,20,0.3283158777220562,0.1575775481254113,0.7474189055763873,FALSE,FALSE,FALSE,+,0.0305343511450381
TRAV21,TRAJ21,TRA,TRAV21_TRAJ21,20,0.0469759248385202,legacy_plot_age,20,0.0165601443888663,0.9447548543412992,0.9901782203442352,FALSE,FALSE,FALSE,+,0.0469759248385202
TRAV22,TRAJ21,TRA,TRAV22_TRAJ21,5,0.01174398120963,legacy_plot_age,20,0.1147759872969684,0.6299190460776452,0.9410317352472912,FALSE,FALSE,FALSE,+,0.01174398120963
TRAV23/DV6,TRAJ21,TRA,TRAV23/DV6_TRAJ21,17,0.0399295361127422,legacy_plot_age,20,-0.0607205294258433,0.7992640272457407,0.9769790843883056,FALSE,FALSE,FALSE,-,0.0399295361127422
TRAV24,TRAJ21,TRA,TRAV24_TRAJ21,3,0.007046388725778,legacy_plot_age,20,0.2165584665980537,0.3591068772263985,0.8346462692779834,FALSE,FALSE,FALSE,+,0.007046388725778
TRAV25,TRAJ21,TRA,TRAV25_TRAJ21,4,0.009395184967704,legacy_plot_age,20,-0.2189501488457452,0.3536934372131041,0.8304822298446632,FALSE,FALSE,FALSE,-,0.009395184967704
TRAV26-1,TRAJ21,TRA,TRAV26-1_TRAJ21,26,0.0610687022900763,legacy_plot_age,20,-0.1064580710712837,0.6550825097664874,0.9502999073148214,FALSE,FALSE,FALSE,-,0.0610687022900763
TRAV27,TRAJ21,TRA,TRAV27_TRAJ21,6,0.014092777451556,legacy_plot_age,20,-0.2972086991605611,0.20317214570935269,0.7474189055763873,FALSE,FALSE,FALSE,-,0.014092777451556
TRAV29/DV5,TRAJ21,TRA,TRAV29/DV5_TRAJ21,15,0.0352319436288901,legacy_plot_age,20,0.306251638627832,0.1891044933326396,0.7474189055763873,FALSE,FALSE,FALSE,+,0.0352319436288901
TRAV30,TRAJ21,TRA,TRAV30_TRAJ21,1,0.002348796241926,legacy_plot_age,20,0.2985052461265474,0.2011136244258678,0.7474189055763873,FALSE,FALSE,FALSE,+,0.002348796241926
TRAV26-2,TRAJ21,TRA,TRAV26-2_TRAJ21,4,0.009395184967704,legacy_plot_age,20,0.1693885247734902,0.4752664040715414,0.8818051749272177,FALSE,FALSE,FALSE,+,0.009395184967704
TRAV34,TRAJ21,TRA,TRAV34_TRAJ21,1,0.002348796241926,legacy_plot_age,20,0.2985052461265474,0.2011136244258678,0.7474189055763873,FALSE,FALSE,FALSE,+,0.002348796241926
TRAV35,TRAJ21,TRA,TRAV35_TRAJ21,7,0.016441573693482,legacy_plot_age,20,0.2036382552112176,0.3891640954562103,0.8437605842221145,FALSE,FALSE,FALSE,+,0.016441573693482
TRAV36/DV7,TRAJ21,TRA,TRAV36/DV7_TRAJ21,2,0.004697592483852,legacy_plot_age,20,0.1754123579444235,0.4594690599691932,0.8738626264233391,FALSE,FALSE,FALSE,+,0.004697592483852
TRAV38-1,TRAJ21,TRA,TRAV38-1_TRAJ21,6,0.014092777451556,legacy_plot_age,20,-0.098296792858095,0.6801252435279448,0.966188778516916,FALSE,FALSE,FALSE,-,0.014092777451556
TRAV38-2/DV8,TRAJ21,TRA,TRAV38-2/DV8_TRAJ21,4,0.009395184967704,legacy_plot_age,20,0.0266181967501199,0.9113035874770088,0.988127197015352,FALSE,FALSE,FALSE,+,0.009395184967704
TRAV39,TRAJ21,TRA,TRAV39_TRAJ21,2,0.004697592483852,legacy_plot_age,20,0.1147759872969684,0.6299190460776452,0.9410317352472912,FALSE,FALSE,FALSE,+,0.004697592483852
TRAV40,TRAJ21,TRA,TRAV40_TRAJ21,0,0,NA,NA,NA,NA,NA,FALSE,NA,NA,NA,0
TRAV41,TRAJ21,TRA,TRAV41_TRAJ21,2,0.004697592483852,legacy_plot_age,20,-0.0433116933196107,0.856125671636043,0.9806093259447052,FALSE,FALSE,FALSE,-,0.004697592483852
TRAV1-1,TRAJ20,TRA,TRAV1-1_TRAJ20,19,0.0446271285965942,legacy_plot_age,20,-0.169573116586641,0.47477831157961,0.8818051749272177,FALSE,FALSE,FALSE,-,0.0446271285965942
TRAV1-2,TRAJ20,TRA,TRAV1-2_TRAJ20,74,0.1738109219025249,legacy_plot_age,20,-0.5160078623690683,0.0198584396201322,0.6186841642182179,FALSE,FALSE,FALSE,-,0.1738109219025249
TRAV2,TRAJ20,TRA,TRAV2_TRAJ20,44,0.1033470346447445,legacy_plot_age,20,-0.1561237887669262,0.5109886402291421,0.9026931603370512,FALSE,FALSE,FALSE,-,0.1033470346447445
TRAV3,TRAJ20,TRA,TRAV3_TRAJ20,56,0.1315325895478567,legacy_plot_age,20,0.1760722347629796,0.4577550569169625,0.872275215566208,FALSE,FALSE,FALSE,+,0.1315325895478567
TRAV4,TRAJ20,TRA,TRAV4_TRAJ20,48,0.1127422196124486,legacy_plot_age,20,0.0954931911875373,0.6888046152580913,0.9674947271323688,FALSE,FALSE,FALSE,+,0.1127422196124486
TRAV5,TRAJ20,TRA,TRAV5_TRAJ20,48,0.1127422196124486,legacy_plot_age,20,0.1015562509454762,0.6700831703619066,0.9578909893340036,FALSE,FALSE,FALSE,+,0.1127422196124486
TRAV6,TRAJ20,TRA,TRAV6_TRAJ20,19,0.0446271285965942,legacy_plot_age,20,0.1080352276797471,0.6502826488139635,0.9502999073148214,FALSE,FALSE,FALSE,+,0.0446271285965942
TRAV8-1,TRAJ20,TRA,TRAV8-1_TRAJ20,28,0.0657662947739283,legacy_plot_age,20,-0.0489574780442548,0.8375963218353234,0.9806093259447052,FALSE,FALSE,FALSE,-,0.0657662947739283
TRAV9-1,TRAJ20,TRA,TRAV9-1_TRAJ20,0,0,NA,NA,NA,NA,NA,FALSE,NA,NA,NA,0
TRAV10,TRAJ20,TRA,TRAV10_TRAJ20,50,0.1174398120963006,legacy_plot_age,20,0.1379346094931095,0.5619642146765718,0.921457412143848,FALSE,FALSE,FALSE,+,0.1174398120963006
TRAV12-1,TRAJ20,TRA,TRAV12-1_TRAJ20,90,0.2113916617733411,legacy_plot_age,20,-0.0218455883338729,0.92716186845755,0.9892368769288012,FALSE,FALSE,FALSE,-,0.2113916617733411
TRAV8-2,TRAJ20,TRA,TRAV8-2_TRAJ20,32,0.0751614797416324,legacy_plot_age,20,-0.2304109879384376,0.3284131689690189,0.8104723476322447,FALSE,FALSE,FALSE,-,0.0751614797416324
TRAV8-3,TRAJ20,TRA,TRAV8-3_TRAJ20,114,0.2677627715795654,legacy_plot_age,20,0.2813087825864906,0.2295583853034244,0.7667833814744837,FALSE,FALSE,FALSE,+,0.2677627715795654
TRAV13-1,TRAJ20,TRA,TRAV13-1_TRAJ20,134,0.3147386964180857,legacy_plot_age,20,-0.3513920240782542,0.1287083319325326,0.7306070030392695,FALSE,FALSE,FALSE,-,0.3147386964180857
TRAV12-2,TRAJ20,TRA,TRAV12-2_TRAJ20,69,0.1620669406928949,legacy_plot_age,20,0.0788197768532054,0.7411654827502467,0.9695593915389256,FALSE,FALSE,FALSE,+,0.1620669406928949
TRAV8-4,TRAJ20,TRA,TRAV8-4_TRAJ20,41,0.0963006459189665,legacy_plot_age,20,-0.0370631802988913,0.8767176192846966,0.98229559546794,FALSE,FALSE,FALSE,-,0.0963006459189665
TRAV13-2,TRAJ20,TRA,TRAV13-2_TRAJ20,40,0.0939518496770405,legacy_plot_age,20,0.6523253957318264,0.0018257009766623,0.4817376957840667,TRUE,FALSE,FALSE,+,0.0939518496770405
TRAV14/DV4,TRAJ20,TRA,TRAV14/DV4_TRAJ20,17,0.0399295361127422,legacy_plot_age,20,0.1430497705051434,0.5474049835611676,0.9137746503784232,FALSE,FALSE,FALSE,+,0.0399295361127422
TRAV9-2,TRAJ20,TRA,TRAV9-2_TRAJ20,57,0.1338813857897827,legacy_plot_age,20,0.3849408521992373,0.0937454078681856,0.6930623776207202,FALSE,FALSE,FALSE,+,0.1338813857897827
TRAV12-3,TRAJ20,TRA,TRAV12-3_TRAJ20,24,0.0563711098062243,legacy_plot_age,20,0.3170084783011559,0.1732439861994461,0.7474189055763873,FALSE,FALSE,FALSE,+,0.0563711098062243
TRAV8-6,TRAJ20,TRA,TRAV8-6_TRAJ20,29,0.0681150910158543,legacy_plot_age,20,0.2649920636998557,0.2588528234212196,0.7667833814744837,FALSE,FALSE,FALSE,+,0.0681150910158543
TRAV16,TRAJ20,TRA,TRAV16_TRAJ20,10,0.0234879624192601,legacy_plot_age,20,-0.1719144126248756,0.4686094118124171,0.8772597867835029,FALSE,FALSE,FALSE,-,0.0234879624192601
TRAV17,TRAJ20,TRA,TRAV17_TRAJ20,56,0.1315325895478567,legacy_plot_age,20,0.0551154558893788,0.8174797269766385,0.9784757343689796,FALSE,FALSE,FALSE,+,0.1315325895478567
TRAV18,TRAJ20,TRA,TRAV18_TRAJ20,0,0,NA,NA,NA,NA,NA,FALSE,NA,NA,NA,0
TRAV19,TRAJ20,TRA,TRAV19_TRAJ20,33,0.0775102759835584,legacy_plot_age,20,0.2551472426001664,0.2776217298615338,0.7695548517549883,FALSE,FALSE,FALSE,+,0.0775102759835584
TRAV20,TRAJ20,TRA,TRAV20_TRAJ20,30,0.0704638872577803,legacy_plot_age,20,-0.023823989519895,0.920584552899998,0.9892368769288012,FALSE,FALSE,FALSE,-,0.0704638872577803
TRAV21,TRAJ20,TRA,TRAV21_TRAJ20,64,0.1503229594832648,legacy_plot_age,20,0.107559240400717,0.6517298655038586,0.9502999073148214,FALSE,FALSE,FALSE,+,0.1503229594832648
TRAV22,TRAJ20,TRA,TRAV22_TRAJ20,19,0.0446271285965942,legacy_plot_age,20,-0.0530418279370536,0.8242421376310746,0.980577174620276,FALSE,FALSE,FALSE,-,0.0446271285965942
TRAV23/DV6,TRAJ20,TRA,TRAV23/DV6_TRAJ20,15,0.0352319436288901,legacy_plot_age,20,0.0559867081248393,0.8146421146541469,0.9774706427824436,FALSE,FALSE,FALSE,+,0.0352319436288901
TRAV24,TRAJ20,TRA,TRAV24_TRAJ20,9,0.0211391661773341,legacy_plot_age,20,0.171092059267156,0.4707715346488759,0.8782649125908961,FALSE,FALSE,FALSE,+,0.0211391661773341
TRAV25,TRAJ20,TRA,TRAV25_TRAJ20,23,0.0540223135642983,legacy_plot_age,20,0.1173425267409918,0.622231687031914,0.9383529255477644,FALSE,FALSE,FALSE,+,0.0540223135642983
TRAV26-1,TRAJ20,TRA,TRAV26-1_TRAJ20,37,0.0869054609512624,legacy_plot_age,20,0.4654845928334709,0.0386116476255132,0.6930623776207202,FALSE,FALSE,FALSE,+,0.0869054609512624
TRAV27,TRAJ20,TRA,TRAV27_TRAJ20,17,0.0399295361127422,legacy_plot_age,20,0.4424170648386062,0.0507822195591248,0.6930623776207202,FALSE,FALSE,FALSE,+,0.0399295361127422
TRAV29/DV5,TRAJ20,TRA,TRAV29/DV5_TRAJ20,23,0.0540223135642983,legacy_plot_age,20,0.0384257895482178,0.8722201823120166,0.98229559546794,FALSE,FALSE,FALSE,+,0.0540223135642983
TRAV30,TRAJ20,TRA,TRAV30_TRAJ20,8,0.0187903699354081,legacy_plot_age,20,0.53776315939273,0.0144617895747654,0.6186841642182179,FALSE,FALSE,FALSE,+,0.0187903699354081
TRAV26-2,TRAJ20,TRA,TRAV26-2_TRAJ20,3,0.007046388725778,legacy_plot_age,20,0.2165584665980537,0.3591068772263985,0.8346462692779834,FALSE,FALSE,FALSE,+,0.007046388725778
TRAV34,TRAJ20,TRA,TRAV34_TRAJ20,0,0,NA,NA,NA,NA,NA,FALSE,NA,NA,NA,0
TRAV35,TRAJ20,TRA,TRAV35_TRAJ20,8,0.0187903699354081,legacy_plot_age,20,0.2087288888259192,0.3771584822974866,0.8404734933560314,FALSE,FALSE,FALSE,+,0.0187903699354081
TRAV36/DV7,TRAJ20,TRA,TRAV36/DV7_TRAJ20,8,0.0187903699354081,legacy_plot_age,20,0.3238782637846422,0.1636042898704269,0.7474189055763873,FALSE,FALSE,FALSE,+,0.0187903699354081
TRAV38-1,TRAJ20,TRA,TRAV38-1_TRAJ20,5,0.01174398120963,legacy_plot_age,20,-0.041518479217821,0.8620266312345801,0.9818968142732016,FALSE,FALSE,FALSE,-,0.01174398120963
TRAV38-2/DV8,TRAJ20,TRA,TRAV38-2/DV8_TRAJ20,1,0.002348796241926,legacy_plot_age,20,0.2985052461265474,0.2011136244258678,0.7474189055763873,FALSE,FALSE,FALSE,+,0.002348796241926
TRAV39,TRAJ20,TRA,TRAV39_TRAJ20,1,0.002348796241926,legacy_plot_age,20,-0.0597010492253094,0.8025700622016751,0.9769790843883056,FALSE,FALSE,FALSE,-,0.002348796241926
TRAV40,TRAJ20,TRA,TRAV40_TRAJ20,0,0,NA,NA,NA,NA,NA,FALSE,NA,NA,NA,0
TRAV41,TRAJ20,TRA,TRAV41_TRAJ20,0,0,NA,NA,NA,NA,NA,FALSE,NA,NA,NA,0
TRAV1-1,TRAJ18,TRA,TRAV1-1_TRAJ18,11,0.0258367586611861,legacy_plot_age,20,-0.257797249193872,0.2724884477177115,0.7686775857063849,FALSE,FALSE,FALSE,-,0.0258367586611861
TRAV1-2,TRAJ18,TRA,TRAV1-2_TRAJ18,26,0.0610687022900763,legacy_plot_age,20,-0.0847042080448219,0.7225472372318071,0.968896788059294,FALSE,FALSE,FALSE,-,0.0610687022900763
TRAV2,TRAJ18,TRA,TRAV2_TRAJ18,9,0.0211391661773341,legacy_plot_age,20,-0.3018387908089872,0.1958849436169958,0.7474189055763873,FALSE,FALSE,FALSE,-,0.0211391661773341
TRAV3,TRAJ18,TRA,TRAV3_TRAJ18,30,0.0704638872577803,legacy_plot_age,20,-0.0760830633054713,0.7498725204143921,0.9717854439622732,FALSE,FALSE,FALSE,-,0.0704638872577803
TRAV4,TRAJ18,TRA,TRAV4_TRAJ18,29,0.0681150910158543,legacy_plot_age,20,0.0030490364530632,0.9898211342186264,0.9953547826744688,FALSE,FALSE,FALSE,+,0.0681150910158543
TRAV5,TRAJ18,TRA,TRAV5_TRAJ18,18,0.0422783323546682,legacy_plot_age,20,0.107856746534617,0.6508251713636829,0.9502999073148214,FALSE,FALSE,FALSE,+,0.0422783323546682
TRAV6,TRAJ18,TRA,TRAV6_TRAJ18,6,0.014092777451556,legacy_plot_age,20,-0.3311592985230966,0.1537976768080492,0.7474189055763873,FALSE,FALSE,FALSE,-,0.014092777451556
TRAV8-1,TRAJ18,TRA,TRAV8-1_TRAJ18,11,0.0258367586611861,legacy_plot_age,20,0.2524148952379249,0.2829770708585767,0.7703108658939515,FALSE,FALSE,FALSE,+,0.0258367586611861
TRAV9-1,TRAJ18,TRA,TRAV9-1_TRAJ18,0,0,NA,NA,NA,NA,NA,FALSE,NA,NA,NA,0
TRAV10,TRAJ18,TRA,TRAV10_TRAJ18,97,0.2278332354668232,legacy_plot_age,20,-0.1993980436418359,0.3993241474341805,0.8489172941666808,FALSE,FALSE,FALSE,-,0.2278332354668232
TRAV12-1,TRAJ18,TRA,TRAV12-1_TRAJ18,37,0.0869054609512624,legacy_plot_age,20,-7.622591132658e-4,0.9974552244112418,0.99796517084499,FALSE,FALSE,FALSE,-,0.0869054609512624
TRAV8-2,TRAJ18,TRA,TRAV8-2_TRAJ18,9,0.0211391661773341,legacy_plot_age,20,0.2275212967084773,0.3346837147516267,0.8176979148176448,FALSE,FALSE,FALSE,+,0.0211391661773341
TRAV8-3,TRAJ18,TRA,TRAV8-3_TRAJ18,27,0.0634174985320023,legacy_plot_age,20,0.1204369398959989,0.6130131077933344,0.9357275255362292,FALSE,FALSE,FALSE,+,0.0634174985320023
TRAV13-1,TRAJ18,TRA,TRAV13-1_TRAJ18,49,0.1150910158543746,legacy_plot_age,20,0.0596454933597387,0.802750315634336,0.9769790843883056,FALSE,FALSE,FALSE,+,0.1150910158543746
TRAV12-2,TRAJ18,TRA,TRAV12-2_TRAJ18,26,0.0610687022900763,legacy_plot_age,20,0.002305547372893,0.9923031073060238,0.9953547826744688,FALSE,FALSE,FALSE,+,0.0610687022900763
TRAV8-4,TRAJ18,TRA,TRAV8-4_TRAJ18,11,0.0258367586611861,legacy_plot_age,20,0.3334502469199992,0.1507983834245169,0.7474189055763873,FALSE,FALSE,FALSE,+,0.0258367586611861
TRAV13-2,TRAJ18,TRA,TRAV13-2_TRAJ18,5,0.01174398120963,legacy_plot_age,20,0.0597136769579305,0.8025290923102384,0.9769790843883056,FALSE,FALSE,FALSE,+,0.01174398120963
TRAV14/DV4,TRAJ18,TRA,TRAV14/DV4_TRAJ18,11,0.0258367586611861,legacy_plot_age,20,0.3319433843769203,0.152766533370155,0.7474189055763873,FALSE,FALSE,FALSE,+,0.0258367586611861
TRAV9-2,TRAJ18,TRA,TRAV9-2_TRAJ18,38,0.0892542571931885,legacy_plot_age,20,-0.2332512886593398,0.3223181597044648,0.8045620389561706,FALSE,FALSE,FALSE,-,0.0892542571931885
TRAV12-3,TRAJ18,TRA,TRAV12-3_TRAJ18,16,0.0375807398708162,legacy_plot_age,20,0.1947788411452376,0.4105563085991448,0.851528244498423,FALSE,FALSE,FALSE,+,0.0375807398708162
TRAV8-6,TRAJ18,TRA,TRAV8-6_TRAJ18,4,0.009395184967704,legacy_plot_age,20,-0.2516629510920426,0.2844620068709104,0.7703108658939515,FALSE,FALSE,FALSE,-,0.009395184967704
TRAV16,TRAJ18,TRA,TRAV16_TRAJ18,4,0.009395184967704,legacy_plot_age,20,-0.1936659793230179,0.4132877495993202,0.851528244498423,FALSE,FALSE,FALSE,-,0.009395184967704
TRAV17,TRAJ18,TRA,TRAV17_TRAJ18,21,0.0493247210804462,legacy_plot_age,20,0.0823239842327081,0.730060813281671,0.968896788059294,FALSE,FALSE,FALSE,+,0.0493247210804462
TRAV18,TRAJ18,TRA,TRAV18_TRAJ18,0,0,NA,NA,NA,NA,NA,FALSE,NA,NA,NA,0
TRAV19,TRAJ18,TRA,TRAV19_TRAJ18,13,0.0305343511450381,legacy_plot_age,20,0.0461067008086912,0.8469428441037561,0.9806093259447052,FALSE,FALSE,FALSE,+,0.0305343511450381
TRAV20,TRAJ18,TRA,TRAV20_TRAJ18,5,0.01174398120963,legacy_plot_age,20,0.0667071706557061,0.7799181578963591,0.9769790843883056,FALSE,FALSE,FALSE,+,0.01174398120963
TRAV21,TRAJ18,TRA,TRAV21_TRAJ18,16,0.0375807398708162,legacy_plot_age,20,0.3193742132138511,0.1698816403601382,0.7474189055763873,FALSE,FALSE,FALSE,+,0.0375807398708162
TRAV22,TRAJ18,TRA,TRAV22_TRAJ18,3,0.007046388725778,legacy_plot_age,20,-0.1476100001597557,0.5345709595078281,0.91269287641805,FALSE,FALSE,FALSE,-,0.007046388725778
TRAV23/DV6,TRAJ18,TRA,TRAV23/DV6_TRAJ18,15,0.0352319436288901,legacy_plot_age,20,-0.1218534235658268,0.6088117411194954,0.9357275255362292,FALSE,FALSE,FALSE,-,0.0352319436288901
TRAV24,TRAJ18,TRA,TRAV24_TRAJ18,3,0.007046388725778,legacy_plot_age,20,0.316998524933246,0.1732582278671819,0.7474189055763873,FALSE,FALSE,FALSE,+,0.007046388725778
TRAV25,TRAJ18,TRA,TRAV25_TRAJ18,8,0.0187903699354081,legacy_plot_age,20,0.3718586220386426,0.1064335415605278,0.6930623776207202,FALSE,FALSE,FALSE,+,0.0187903699354081
TRAV26-1,TRAJ18,TRA,TRAV26-1_TRAJ18,11,0.0258367586611861,legacy_plot_age,20,0.1553274792804804,0.5131730600047955,0.9027759825667409,FALSE,FALSE,FALSE,+,0.0258367586611861
TRAV27,TRAJ18,TRA,TRAV27_TRAJ18,8,0.0187903699354081,legacy_plot_age,20,0.3472246654991314,0.133620863694853,0.7387368079116571,FALSE,FALSE,FALSE,+,0.0187903699354081
TRAV29/DV5,TRAJ18,TRA,TRAV29/DV5_TRAJ18,15,0.0352319436288901,legacy_plot_age,20,0.0424480031172532,0.8589669331343296,0.9818968142732016,FALSE,FALSE,FALSE,+,0.0352319436288901
TRAV30,TRAJ18,TRA,TRAV30_TRAJ18,2,0.004697592483852,legacy_plot_age,20,0.1147759872969684,0.6299190460776452,0.9410317352472912,FALSE,FALSE,FALSE,+,0.004697592483852
TRAV26-2,TRAJ18,TRA,TRAV26-2_TRAJ18,0,0,NA,NA,NA,NA,NA,FALSE,NA,NA,NA,0
TRAV34,TRAJ18,TRA,TRAV34_TRAJ18,0,0,NA,NA,NA,NA,NA,FALSE,NA,NA,NA,0
TRAV35,TRAJ18,TRA,TRAV35_TRAJ18,5,0.01174398120963,legacy_plot_age,20,0.1878216916996667,0.4277924628177095,0.8623775129663037,FALSE,FALSE,FALSE,+,0.01174398120963
TRAV36/DV7,TRAJ18,TRA,TRAV36/DV7_TRAJ18,3,0.007046388725778,legacy_plot_age,20,0.0541396166495134,0.820660568184026,0.9792882511805724,FALSE,FALSE,FALSE,+,0.007046388725778
TRAV38-1,TRAJ18,TRA,TRAV38-1_TRAJ18,3,0.007046388725778,legacy_plot_age,20,-0.0822744263185523,0.7302175057546695,0.968896788059294,FALSE,FALSE,FALSE,-,0.007046388725778
TRAV38-2/DV8,TRAJ18,TRA,TRAV38-2/DV8_TRAJ18,1,0.002348796241926,legacy_plot_age,20,0.2985052461265474,0.2011136244258678,0.7474189055763873,FALSE,FALSE,FALSE,+,0.002348796241926
TRAV39,TRAJ18,TRA,TRAV39_TRAJ18,1,0.002348796241926,legacy_plot_age,20,-0.2587045466430078,0.2707446686759674,0.7667833814744837,FALSE,FALSE,FALSE,-,0.002348796241926
TRAV40,TRAJ18,TRA,TRAV40_TRAJ18,0,0,NA,NA,NA,NA,NA,FALSE,NA,NA,NA,0
TRAV41,TRAJ18,TRA,TRAV41_TRAJ18,0,0,NA,NA,NA,NA,NA,FALSE,NA,NA,NA,0
TRAV1-1,TRAJ17,TRA,TRAV1-1_TRAJ17,20,0.0469759248385202,legacy_plot_age,20,-0.0112512968351325,0.962450554659428,0.9918460955600318,FALSE,FALSE,FALSE,-,0.0469759248385202
TRAV1-2,TRAJ17,TRA,TRAV1-2_TRAJ17,31,0.0728126834997063,legacy_plot_age,20,0.213703277177303,0.3656313298812793,0.8381636433650007,FALSE,FALSE,FALSE,+,0.0728126834997063
TRAV2,TRAJ17,TRA,TRAV2_TRAJ17,30,0.0704638872577803,legacy_plot_age,20,0.3517059236873521,0.1283435695061378,0.7306070030392695,FALSE,FALSE,FALSE,+,0.0704638872577803
TRAV3,TRAJ17,TRA,TRAV3_TRAJ17,36,0.0845566647093364,legacy_plot_age,20,-0.2035231832419729,0.3894379077734028,0.8437605842221145,FALSE,FALSE,FALSE,-,0.0845566647093364
TRAV4,TRAJ17,TRA,TRAV4_TRAJ17,25,0.0587199060481503,legacy_plot_age,20,0.0584072001132911,0.8067704858799207,0.9774706427824436,FALSE,FALSE,FALSE,+,0.0587199060481503
TRAV5,TRAJ17,TRA,TRAV5_TRAJ17,18,0.0422783323546682,legacy_plot_age,20,0.1521956127167241,0.5218072061741577,0.9093292096908516,FALSE,FALSE,FALSE,+,0.0422783323546682
TRAV6,TRAJ17,TRA,TRAV6_TRAJ17,15,0.0352319436288901,legacy_plot_age,20,-0.2215785762720619,0.3477988496746341,0.8304822298446632,FALSE,FALSE,FALSE,-,0.0352319436288901
TRAV8-1,TRAJ17,TRA,TRAV8-1_TRAJ17,16,0.0375807398708162,legacy_plot_age,20,0.2732457802817913,0.2437523219116046,0.7667833814744837,FALSE,FALSE,FALSE,+,0.0375807398708162
TRAV9-1,TRAJ17,TRA,TRAV9-1_TRAJ17,0,0,NA,NA,NA,NA,NA,FALSE,NA,NA,NA,0
TRAV10,TRAJ17,TRA,TRAV10_TRAJ17,18,0.0422783323546682,legacy_plot_age,20,-0.1076909839934118,0.6513291850957905,0.9502999073148214,FALSE,FALSE,FALSE,-,0.0422783323546682
TRAV12-1,TRAJ17,TRA,TRAV12-1_TRAJ17,35,0.0822078684674104,legacy_plot_age,20,0.4003967270924298,0.080226065892825,0.6930623776207202,FALSE,FALSE,FALSE,+,0.0822078684674104
TRAV8-2,TRAJ17,TRA,TRAV8-2_TRAJ17,8,0.0187903699354081,legacy_plot_age,20,0.5327500707261851,0.0155860155210739,0.6186841642182179,FALSE,FALSE,FALSE,+,0.0187903699354081
TRAV8-3,TRAJ17,TRA,TRAV8-3_TRAJ17,55,0.1291837933059307,legacy_plot_age,20,0.3291827228461531,0.1564184729077627,0.7474189055763873,FALSE,FALSE,FALSE,+,0.1291837933059307
TRAV13-1,TRAJ17,TRA,TRAV13-1_TRAJ17,51,0.1197886083382266,legacy_plot_age,20,0.2748222732018341,0.2409338221039713,0.7667833814744837,FALSE,FALSE,FALSE,+,0.1197886083382266
TRAV12-2,TRAJ17,TRA,TRAV12-2_TRAJ17,35,0.0822078684674104,legacy_plot_age,20,0.2763322856919542,0.2382539202560095,0.7667833814744837,FALSE,FALSE,FALSE,+,0.0822078684674104
TRAV8-4,TRAJ17,TRA,TRAV8-4_TRAJ17,28,0.0657662947739283,legacy_plot_age,20,0.281522454610728,0.2291897155591978,0.7667833814744837,FALSE,FALSE,FALSE,+,0.0657662947739283
TRAV13-2,TRAJ17,TRA,TRAV13-2_TRAJ17,17,0.0399295361127422,legacy_plot_age,20,0.2708182598880756,0.2481335232279374,0.7667833814744837,FALSE,FALSE,FALSE,+,0.0399295361127422
TRAV14/DV4,TRAJ17,TRA,TRAV14/DV4_TRAJ17,12,0.0281855549031121,legacy_plot_age,20,0.0494238955710622,0.8360690892924363,0.9806093259447052,FALSE,FALSE,FALSE,+,0.0281855549031121
TRAV9-2,TRAJ17,TRA,TRAV9-2_TRAJ17,27,0.0634174985320023,legacy_plot_age,20,0.3205842847010184,0.1681791957048368,0.7474189055763873,FALSE,FALSE,FALSE,+,0.0634174985320023
TRAV12-3,TRAJ17,TRA,TRAV12-3_TRAJ17,27,0.0634174985320023,legacy_plot_age,20,-0.0812235653358683,0.7335425376446194,0.968896788059294,FALSE,FALSE,FALSE,-,0.0634174985320023
TRAV8-6,TRAJ17,TRA,TRAV8-6_TRAJ17,19,0.0446271285965942,legacy_plot_age,20,0.3809367642752032,0.0975047198674258,0.6930623776207202,FALSE,FALSE,FALSE,+,0.0446271285965942
TRAV16,TRAJ17,TRA,TRAV16_TRAJ17,3,0.007046388725778,legacy_plot_age,20,0.1887472133190319,0.4254775842427898,0.8621482365221522,FALSE,FALSE,FALSE,+,0.007046388725778
TRAV17,TRAJ17,TRA,TRAV17_TRAJ17,25,0.0587199060481503,legacy_plot_age,20,0.449165433485386,0.0469538065654711,0.6930623776207202,FALSE,FALSE,FALSE,+,0.0587199060481503
TRAV18,TRAJ17,TRA,TRAV18_TRAJ17,0,0,NA,NA,NA,NA,NA,FALSE,NA,NA,NA,0
TRAV19,TRAJ17,TRA,TRAV19_TRAJ17,15,0.0352319436288901,legacy_plot_age,20,0.316643639503017,0.1737665342296614,0.7474189055763873,FALSE,FALSE,FALSE,+,0.0352319436288901
TRAV20,TRAJ17,TRA,TRAV20_TRAJ17,12,0.0281855549031121,legacy_plot_age,20,-0.0511890346986001,0.8302944911113581,0.980577174620276,FALSE,FALSE,FALSE,-,0.0281855549031121
TRAV21,TRAJ17,TRA,TRAV21_TRAJ17,30,0.0704638872577803,legacy_plot_age,20,-0.1029049802908852,0.6659434597916891,0.9561638670670108,FALSE,FALSE,FALSE,-,0.0704638872577803
TRAV22,TRAJ17,TRA,TRAV22_TRAJ17,7,0.016441573693482,legacy_plot_age,20,0.3384748055962708,0.1443634091216039,0.7387368079116571,FALSE,FALSE,FALSE,+,0.016441573693482
TRAV23/DV6,TRAJ17,TRA,TRAV23/DV6_TRAJ17,10,0.0234879624192601,legacy_plot_age,20,0.235541371565624,0.3174533319152714,0.7975047118847062,FALSE,FALSE,FALSE,+,0.0234879624192601
TRAV24,TRAJ17,TRA,TRAV24_TRAJ17,1,0.002348796241926,legacy_plot_age,20,0.2985052461265474,0.2011136244258678,0.7474189055763873,FALSE,FALSE,FALSE,+,0.002348796241926
TRAV25,TRAJ17,TRA,TRAV25_TRAJ17,6,0.014092777451556,legacy_plot_age,20,-0.0890235105129917,0.7089753035496507,0.968896788059294,FALSE,FALSE,FALSE,-,0.014092777451556
TRAV26-1,TRAJ17,TRA,TRAV26-1_TRAJ17,19,0.0446271285965942,legacy_plot_age,20,0.0724533869850862,0.7614655009391695,0.9769790843883056,FALSE,FALSE,FALSE,+,0.0446271285965942
TRAV27,TRAJ17,TRA,TRAV27_TRAJ17,10,0.0234879624192601,legacy_plot_age,20,0.3202854111089053,0.1685985872969155,0.7474189055763873,FALSE,FALSE,FALSE,+,0.0234879624192601
TRAV29/DV5,TRAJ17,TRA,TRAV29/DV5_TRAJ17,10,0.0234879624192601,legacy_plot_age,20,0.0158862521478414,0.9469998903911548,0.9901782203442352,FALSE,FALSE,FALSE,+,0.0234879624192601
TRAV30,TRAJ17,TRA,TRAV30_TRAJ17,7,0.016441573693482,legacy_plot_age,20,0.0769284306755321,0.7471797630284122,0.9709367836962832,FALSE,FALSE,FALSE,+,0.016441573693482
TRAV26-2,TRAJ17,TRA,TRAV26-2_TRAJ17,1,0.002348796241926,legacy_plot_age,20,-0.0597010492253094,0.8025700622016751,0.9769790843883056,FALSE,FALSE,FALSE,-,0.002348796241926
TRAV34,TRAJ17,TRA,TRAV34_TRAJ17,0,0,NA,NA,NA,NA,NA,FALSE,NA,NA,NA,0
TRAV35,TRAJ17,TRA,TRAV35_TRAJ17,2,0.004697592483852,legacy_plot_age,20,-0.0597010492253094,0.8025700622016751,0.9769790843883056,FALSE,FALSE,FALSE,-,0.004697592483852
TRAV36/DV7,TRAJ17,TRA,TRAV36/DV7_TRAJ17,2,0.004697592483852,legacy_plot_age,20,0.2985052461265474,0.2011136244258678,0.7474189055763873,FALSE,FALSE,FALSE,+,0.004697592483852
TRAV38-1,TRAJ17,TRA,TRAV38-1_TRAJ17,2,0.004697592483852,legacy_plot_age,20,-0.2382143132578591,0.3118311662162801,0.794309564628464,FALSE,FALSE,FALSE,-,0.004697592483852
TRAV38-2/DV8,TRAJ17,TRA,TRAV38-2/DV8_TRAJ17,6,0.014092777451556,legacy_plot_age,20,0.1225783672145193,0.6066660624221073,0.9357275255362292,FALSE,FALSE,FALSE,+,0.014092777451556
TRAV39,TRAJ17,TRA,TRAV39_TRAJ17,0,0,NA,NA,NA,NA,NA,FALSE,NA,NA,NA,0
TRAV40,TRAJ17,TRA,TRAV40_TRAJ17,0,0,NA,NA,NA,NA,NA,FALSE,NA,NA,NA,0
TRAV41,TRAJ17,TRA,TRAV41_TRAJ17,3,0.007046388725778,legacy_plot_age,20,0.3750745905698712,0.103205327164628,0.6930623776207202,FALSE,FALSE,FALSE,+,0.007046388725778
TRAV1-1,TRAJ16,TRA,TRAV1-1_TRAJ16,20,0.0469759248385202,legacy_plot_age,20,-0.0391943053391821,0.8696852692052124,0.98229559546794,FALSE,FALSE,FALSE,-,0.0469759248385202
TRAV1-2,TRAJ16,TRA,TRAV1-2_TRAJ16,34,0.0798590722254844,legacy_plot_age,20,-0.0394098884266027,0.868974397248331,0.98229559546794,FALSE,FALSE,FALSE,-,0.0798590722254844
TRAV2,TRAJ16,TRA,TRAV2_TRAJ16,19,0.0446271285965942,legacy_plot_age,20,0.2980468873704684,0.2018397635132756,0.7474189055763873,FALSE,FALSE,FALSE,+,0.0446271285965942
TRAV3,TRAJ16,TRA,TRAV3_TRAJ16,13,0.0305343511450381,legacy_plot_age,20,-0.0848960062345064,0.7219428469509057,0.968896788059294,FALSE,FALSE,FALSE,-,0.0305343511450381
TRAV4,TRAJ16,TRA,TRAV4_TRAJ16,7,0.016441573693482,legacy_plot_age,20,0.1659917539773492,0.4842927704432804,0.884105365445429,FALSE,FALSE,FALSE,+,0.016441573693482
TRAV5,TRAJ16,TRA,TRAV5_TRAJ16,21,0.0493247210804462,legacy_plot_age,20,0.21077348941116,0.3723959839551821,0.8400154874741859,FALSE,FALSE,FALSE,+,0.0493247210804462
TRAV6,TRAJ16,TRA,TRAV6_TRAJ16,4,0.009395184967704,legacy_plot_age,20,-0.1877484077325923,0.4279760435841021,0.8623775129663037,FALSE,FALSE,FALSE,-,0.009395184967704
TRAV8-1,TRAJ16,TRA,TRAV8-1_TRAJ16,5,0.01174398120963,legacy_plot_age,20,-0.1705336540149907,0.4722425503823017,0.8800530088617496,FALSE,FALSE,FALSE,-,0.01174398120963
TRAV9-1,TRAJ16,TRA,TRAV9-1_TRAJ16,0,0,NA,NA,NA,NA,NA,FALSE,NA,NA,NA,0
TRAV10,TRAJ16,TRA,TRAV10_TRAJ16,10,0.0234879624192601,legacy_plot_age,20,0.2614796992022799,0.2654544451964903,0.7667833814744837,FALSE,FALSE,FALSE,+,0.0234879624192601
TRAV12-1,TRAJ16,TRA,TRAV12-1_TRAJ16,21,0.0493247210804462,legacy_plot_age,20,0.3198582957416263,0.1691991764679191,0.7474189055763873,FALSE,FALSE,FALSE,+,0.0493247210804462
TRAV8-2,TRAJ16,TRA,TRAV8-2_TRAJ16,8,0.0187903699354081,legacy_plot_age,20,0.2665360082582284,0.255984114217239,0.7667833814744837,FALSE,FALSE,FALSE,+,0.0187903699354081
TRAV8-3,TRAJ16,TRA,TRAV8-3_TRAJ16,28,0.0657662947739283,legacy_plot_age,20,0.2144803800034023,0.3638488990338984,0.8367242014210802,FALSE,FALSE,FALSE,+,0.0657662947739283
TRAV13-1,TRAJ16,TRA,TRAV13-1_TRAJ16,24,0.0563711098062243,legacy_plot_age,20,0.0971378532624104,0.6837084604195763,0.966188778516916,FALSE,FALSE,FALSE,+,0.0563711098062243
TRAV12-2,TRAJ16,TRA,TRAV12-2_TRAJ16,13,0.0305343511450381,legacy_plot_age,20,0.6987858998676987,6.08857946076e-4,0.4817376957840667,TRUE,FALSE,FALSE,+,0.0305343511450381
TRAV8-4,TRAJ16,TRA,TRAV8-4_TRAJ16,11,0.0258367586611861,legacy_plot_age,20,-0.0353027825507587,0.8825333705643439,0.98229559546794,FALSE,FALSE,FALSE,-,0.0258367586611861
TRAV13-2,TRAJ16,TRA,TRAV13-2_TRAJ16,12,0.0281855549031121,legacy_plot_age,20,-0.2377088174566181,0.3128897795978045,0.794309564628464,FALSE,FALSE,FALSE,-,0.0281855549031121
TRAV14/DV4,TRAJ16,TRA,TRAV14/DV4_TRAJ16,13,0.0305343511450381,legacy_plot_age,20,0.4931770318643939,0.0271343302938192,0.6186841642182179,FALSE,FALSE,FALSE,+,0.0305343511450381
TRAV9-2,TRAJ16,TRA,TRAV9-2_TRAJ16,6,0.014092777451556,legacy_plot_age,20,0.400605797308463,0.0800537148355406,0.6930623776207202,FALSE,FALSE,FALSE,+,0.014092777451556
TRAV12-3,TRAJ16,TRA,TRAV12-3_TRAJ16,5,0.01174398120963,legacy_plot_age,20,0.1482802829207895,0.5326963318159078,0.9122436022960736,FALSE,FALSE,FALSE,+,0.01174398120963
TRAV8-6,TRAJ16,TRA,TRAV8-6_TRAJ16,8,0.0187903699354081,legacy_plot_age,20,0.0612891836072596,0.7974213832830068,0.9769790843883056,FALSE,FALSE,FALSE,+,0.0187903699354081
TRAV16,TRAJ16,TRA,TRAV16_TRAJ16,6,0.014092777451556,legacy_plot_age,20,0.1917758325775544,0.4179494339723972,0.8541035355845672,FALSE,FALSE,FALSE,+,0.014092777451556
TRAV17,TRAJ16,TRA,TRAV17_TRAJ16,7,0.016441573693482,legacy_plot_age,20,0.2559451734930008,0.2760697846330726,0.7686775857063849,FALSE,FALSE,FALSE,+,0.016441573693482
TRAV18,TRAJ16,TRA,TRAV18_TRAJ16,0,0,NA,NA,NA,NA,NA,FALSE,NA,NA,NA,0
TRAV19,TRAJ16,TRA,TRAV19_TRAJ16,8,0.0187903699354081,legacy_plot_age,20,-0.0899508387475021,0.7060723083626003,0.968896788059294,FALSE,FALSE,FALSE,-,0.0187903699354081
TRAV20,TRAJ16,TRA,TRAV20_TRAJ16,11,0.0258367586611861,legacy_plot_age,20,-0.0688404259739795,0.7730538989839593,0.9769790843883056,FALSE,FALSE,FALSE,-,0.0258367586611861
TRAV21,TRAJ16,TRA,TRAV21_TRAJ16,9,0.0211391661773341,legacy_plot_age,20,-0.013839493072607,0.953820849808923,0.9901782203442352,FALSE,FALSE,FALSE,-,0.0211391661773341
TRAV22,TRAJ16,TRA,TRAV22_TRAJ16,3,0.007046388725778,legacy_plot_age,20,0.0967934427277087,0.6847745711818919,0.966188778516916,FALSE,FALSE,FALSE,+,0.007046388725778
TRAV23/DV6,TRAJ16,TRA,TRAV23/DV6_TRAJ16,2,0.004697592483852,legacy_plot_age,20,0.4114610865363021,0.0714769771242343,0.6930623776207202,FALSE,FALSE,FALSE,+,0.004697592483852
TRAV24,TRAJ16,TRA,TRAV24_TRAJ16,3,0.007046388725778,legacy_plot_age,20,0.5251044267978198,0.0174347064738228,0.6186841642182179,FALSE,FALSE,FALSE,+,0.007046388725778
TRAV25,TRAJ16,TRA,TRAV25_TRAJ16,4,0.009395184967704,legacy_plot_age,20,0.2754360594816255,0.2398421727240574,0.7667833814744837,FALSE,FALSE,FALSE,+,0.009395184967704
TRAV26-1,TRAJ16,TRA,TRAV26-1_TRAJ16,4,0.009395184967704,legacy_plot_age,20,0.5401128978897499,0.0139578004049255,0.6186841642182179,FALSE,FALSE,FALSE,+,0.009395184967704
TRAV27,TRAJ16,TRA,TRAV27_TRAJ16,5,0.01174398120963,legacy_plot_age,20,-0.1729936634075877,0.4657794973003718,0.8767029163052338,FALSE,FALSE,FALSE,-,0.01174398120963
TRAV29/DV5,TRAJ16,TRA,TRAV29/DV5_TRAJ16,4,0.009395184967704,legacy_plot_age,20,-0.0145190164091563,0.9515559281411864,0.9901782203442352,FALSE,FALSE,FALSE,-,0.009395184967704
TRAV30,TRAJ16,TRA,TRAV30_TRAJ16,1,0.002348796241926,legacy_plot_age,20,-0.1194020984506189,0.616089875618355,0.9357275255362292,FALSE,FALSE,FALSE,-,0.002348796241926
TRAV26-2,TRAJ16,TRA,TRAV26-2_TRAJ16,0,0,NA,NA,NA,NA,NA,FALSE,NA,NA,NA,0
TRAV34,TRAJ16,TRA,TRAV34_TRAJ16,0,0,NA,NA,NA,NA,NA,FALSE,NA,NA,NA,0
TRAV35,TRAJ16,TRA,TRAV35_TRAJ16,1,0.002348796241926,legacy_plot_age,20,0.2985052461265474,0.2011136244258678,0.7474189055763873,FALSE,FALSE,FALSE,+,0.002348796241926
TRAV36/DV7,TRAJ16,TRA,TRAV36/DV7_TRAJ16,0,0,NA,NA,NA,NA,NA,FALSE,NA,NA,NA,0
TRAV38-1,TRAJ16,TRA,TRAV38-1_TRAJ16,0,0,NA,NA,NA,NA,NA,FALSE,NA,NA,NA,0
TRAV38-2/DV8,TRAJ16,TRA,TRAV38-2/DV8_TRAJ16,1,0.002348796241926,legacy_plot_age,20,0.0199003497417698,0.9336333733712294,0.9892368769288012,FALSE,FALSE,FALSE,+,0.002348796241926
TRAV39,TRAJ16,TRA,TRAV39_TRAJ16,0,0,NA,NA,NA,NA,NA,FALSE,NA,NA,NA,0
TRAV40,TRAJ16,TRA,TRAV40_TRAJ16,0,0,NA,NA,NA,NA,NA,FALSE,NA,NA,NA,0
TRAV41,TRAJ16,TRA,TRAV41_TRAJ16,0,0,NA,NA,NA,NA,NA,FALSE,NA,NA,NA,0
TRAV1-1,TRAJ15,TRA,TRAV1-1_TRAJ15,52,0.1221374045801526,legacy_plot_age,20,0.3872276295390347,0.091646655191946,0.6930623776207202,FALSE,FALSE,FALSE,+,0.1221374045801526
TRAV1-2,TRAJ15,TRA,TRAV1-2_TRAJ15,52,0.1221374045801526,legacy_plot_age,20,-0.3053779832356022,0.1904341615157756,0.7474189055763873,FALSE,FALSE,FALSE,-,0.1221374045801526
TRAV2,TRAJ15,TRA,TRAV2_TRAJ15,31,0.0728126834997063,legacy_plot_age,20,0.2027609241287071,0.391254396103421,0.8437605842221145,FALSE,FALSE,FALSE,+,0.0728126834997063
TRAV3,TRAJ15,TRA,TRAV3_TRAJ15,48,0.1127422196124486,legacy_plot_age,20,-0.2159529372609842,0.3604849652553649,0.8348746473428984,FALSE,FALSE,FALSE,-,0.1127422196124486
TRAV4,TRAJ15,TRA,TRAV4_TRAJ15,22,0.0516735173223722,legacy_plot_age,20,0.2020467347858137,0.3929605889950646,0.8450308223609552,FALSE,FALSE,FALSE,+,0.0516735173223722
TRAV5,TRAJ15,TRA,TRAV5_TRAJ15,50,0.1174398120963006,legacy_plot_age,20,-0.2515455073777194,0.2846943683263487,0.7703108658939515,FALSE,FALSE,FALSE,-,0.1174398120963006
TRAV6,TRAJ15,TRA,TRAV6_TRAJ15,19,0.0446271285965942,legacy_plot_age,20,0.1955674194494693,0.4086267472877611,0.851528244498423,FALSE,FALSE,FALSE,+,0.0446271285965942
TRAV8-1,TRAJ15,TRA,TRAV8-1_TRAJ15,15,0.0352319436288901,legacy_plot_age,20,-0.2326150570825477,0.3236775515067839,0.8058994507618016,FALSE,FALSE,FALSE,-,0.0352319436288901
TRAV9-1,TRAJ15,TRA,TRAV9-1_TRAJ15,1,0.002348796241926,legacy_plot_age,20,0.1791031476759284,0.4499246852756275,0.8629670393973627,FALSE,FALSE,FALSE,+,0.002348796241926
TRAV10,TRAJ15,TRA,TRAV10_TRAJ15,34,0.0798590722254844,legacy_plot_age,20,0.0391943053391821,0.8696852692052124,0.98229559546794,FALSE,FALSE,FALSE,+,0.0798590722254844
TRAV12-1,TRAJ15,TRA,TRAV12-1_TRAJ15,74,0.1738109219025249,legacy_plot_age,20,-0.0617702842543994,0.7958632490809899,0.9769790843883056,FALSE,FALSE,FALSE,-,0.1738109219025249
TRAV8-2,TRAJ15,TRA,TRAV8-2_TRAJ15,20,0.0469759248385202,legacy_plot_age,20,0.4440243929579108,0.0498494360401498,0.6930623776207202,FALSE,FALSE,FALSE,+,0.0469759248385202
TRAV8-3,TRAJ15,TRA,TRAV8-3_TRAJ15,46,0.1080446271285966,legacy_plot_age,20,-0.0396378278656491,0.8682228862508975,0.98229559546794,FALSE,FALSE,FALSE,-,0.1080446271285966
TRAV13-1,TRAJ15,TRA,TRAV13-1_TRAJ15,50,0.1174398120963006,legacy_plot_age,20,0.0489642497138532,0.8375741447385956,0.9806093259447052,FALSE,FALSE,FALSE,+,0.1174398120963006
TRAV12-2,TRAJ15,TRA,TRAV12-2_TRAJ15,42,0.0986494421608925,legacy_plot_age,20,-0.0687055683004585,0.7734873614162019,0.9769790843883056,FALSE,FALSE,FALSE,-,0.0986494421608925
TRAV8-4,TRAJ15,TRA,TRAV8-4_TRAJ15,26,0.0610687022900763,legacy_plot_age,20,-0.0076225911326581,0.974556147177741,0.9934447573962428,FALSE,FALSE,FALSE,-,0.0610687022900763
TRAV13-2,TRAJ15,TRA,TRAV13-2_TRAJ15,26,0.0610687022900763,legacy_plot_age,20,-0.0392563443331895,0.8694806895548349,0.98229559546794,FALSE,FALSE,FALSE,-,0.0610687022900763
TRAV14/DV4,TRAJ15,TRA,TRAV14/DV4_TRAJ15,17,0.0399295361127422,legacy_plot_age,20,0.0483907235536686,0.8394528490429934,0.9806093259447052,FALSE,FALSE,FALSE,+,0.0399295361127422
TRAV9-2,TRAJ15,TRA,TRAV9-2_TRAJ15,42,0.0986494421608925,legacy_plot_age,20,-0.0135593306899901,0.9547547602484604,0.9901782203442352,FALSE,FALSE,FALSE,-,0.0986494421608925
TRAV12-3,TRAJ15,TRA,TRAV12-3_TRAJ15,10,0.0234879624192601,legacy_plot_age,20,0.2795894627048648,0.2325389261351158,0.7667833814744837,FALSE,FALSE,FALSE,+,0.0234879624192601
TRAV8-6,TRAJ15,TRA,TRAV8-6_TRAJ15,14,0.0328831473869641,legacy_plot_age,20,0.2928912215090473,0.2101278084132207,0.7513724707488281,FALSE,FALSE,FALSE,+,0.0328831473869641
TRAV16,TRAJ15,TRA,TRAV16_TRAJ15,6,0.014092777451556,legacy_plot_age,20,-0.1985076288060933,0.4014760436195665,0.8489172941666808,FALSE,FALSE,FALSE,-,0.014092777451556
TRAV17,TRAJ15,TRA,TRAV17_TRAJ15,31,0.0728126834997063,legacy_plot_age,20,-0.0776200948874,0.7449786919677892,0.9706546605732114,FALSE,FALSE,FALSE,-,0.0728126834997063
TRAV18,TRAJ15,TRA,TRAV18_TRAJ15,0,0,NA,NA,NA,NA,NA,FALSE,NA,NA,NA,0
TRAV19,TRAJ15,TRA,TRAV19_TRAJ15,20,0.0469759248385202,legacy_plot_age,20,-0.0562564841756629,0.8137639201940363,0.9774706427824436,FALSE,FALSE,FALSE,-,0.0469759248385202
TRAV20,TRAJ15,TRA,TRAV20_TRAJ15,9,0.0211391661773341,legacy_plot_age,20,0.2030848833577624,0.3904818171489286,0.8437605842221145,FALSE,FALSE,FALSE,+,0.0211391661773341
TRAV21,TRAJ15,TRA,TRAV21_TRAJ15,21,0.0493247210804462,legacy_plot_age,20,-0.0252345057354154,0.915898211152944,0.988931345470361,FALSE,FALSE,FALSE,-,0.0493247210804462
TRAV22,TRAJ15,TRA,TRAV22_TRAJ15,8,0.0187903699354081,legacy_plot_age,20,0.193282734465404,0.4142306678286866,0.851528244498423,FALSE,FALSE,FALSE,+,0.0187903699354081
TRAV23/DV6,TRAJ15,TRA,TRAV23/DV6_TRAJ15,8,0.0187903699354081,legacy_plot_age,20,0.0345987326815175,0.8848609478261961,0.98229559546794,FALSE,FALSE,FALSE,+,0.0187903699354081
TRAV24,TRAJ15,TRA,TRAV24_TRAJ15,3,0.007046388725778,legacy_plot_age,20,-0.3871737709108348,0.0916956853512681,0.6930623776207202,FALSE,FALSE,FALSE,-,0.007046388725778
TRAV25,TRAJ15,TRA,TRAV25_TRAJ15,9,0.0211391661773341,legacy_plot_age,20,0.2012258605393247,0.3949267300050146,0.846084572022376,FALSE,FALSE,FALSE,+,0.0211391661773341
TRAV26-1,TRAJ15,TRA,TRAV26-1_TRAJ15,10,0.0234879624192601,legacy_plot_age,20,0.1349846499128653,0.570437561552548,0.926336770826528,FALSE,FALSE,FALSE,+,0.0234879624192601
TRAV27,TRAJ15,TRA,TRAV27_TRAJ15,3,0.007046388725778,legacy_plot_age,20,-0.0798545902503596,0.737880967869935,0.968896788059294,FALSE,FALSE,FALSE,-,0.007046388725778
TRAV29/DV5,TRAJ15,TRA,TRAV29/DV5_TRAJ15,10,0.0234879624192601,legacy_plot_age,20,0.0691974653630351,0.7719066079625685,0.9769790843883056,FALSE,FALSE,FALSE,+,0.0234879624192601
TRAV30,TRAJ15,TRA,TRAV30_TRAJ15,1,0.002348796241926,legacy_plot_age,20,-0.1194020984506189,0.616089875618355,0.9357275255362292,FALSE,FALSE,FALSE,-,0.002348796241926
TRAV26-2,TRAJ15,TRA,TRAV26-2_TRAJ15,1,0.002348796241926,legacy_plot_age,20,-0.2587045466430078,0.2707446686759674,0.7667833814744837,FALSE,FALSE,FALSE,-,0.002348796241926
TRAV34,TRAJ15,TRA,TRAV34_TRAJ15,0,0,NA,NA,NA,NA,NA,FALSE,NA,NA,NA,0
TRAV35,TRAJ15,TRA,TRAV35_TRAJ15,0,0,NA,NA,NA,NA,NA,FALSE,NA,NA,NA,0
TRAV36/DV7,TRAJ15,TRA,TRAV36/DV7_TRAJ15,0,0,NA,NA,NA,NA,NA,FALSE,NA,NA,NA,0
TRAV38-1,TRAJ15,TRA,TRAV38-1_TRAJ15,3,0.007046388725778,legacy_plot_age,20,-0.1367207378528885,0.565444154788514,0.9243048898868312,FALSE,FALSE,FALSE,-,0.007046388725778
TRAV38-2/DV8,TRAJ15,TRA,TRAV38-2/DV8_TRAJ15,4,0.009395184967704,legacy_plot_age,20,0.2974924626823025,0.2027204224535943,0.7474189055763873,FALSE,FALSE,FALSE,+,0.009395184967704
TRAV39,TRAJ15,TRA,TRAV39_TRAJ15,0,0,NA,NA,NA,NA,NA,FALSE,NA,NA,NA,0
TRAV40,TRAJ15,TRA,TRAV40_TRAJ15,2,0.004697592483852,legacy_plot_age,20,0.3811429012125746,0.0973085399145359,0.6930623776207202,FALSE,FALSE,FALSE,+,0.004697592483852
TRAV41,TRAJ15,TRA,TRAV41_TRAJ15,0,0,NA,NA,NA,NA,NA,FALSE,NA,NA,NA,0
TRAV1-1,TRAJ14,TRA,TRAV1-1_TRAJ14,0,0,NA,NA,NA,NA,NA,FALSE,NA,NA,NA,0
TRAV1-2,TRAJ14,TRA,TRAV1-2_TRAJ14,0,0,NA,NA,NA,NA,NA,FALSE,NA,NA,NA,0
TRAV2,TRAJ14,TRA,TRAV2_TRAJ14,0,0,NA,NA,NA,NA,NA,FALSE,NA,NA,NA,0
TRAV3,TRAJ14,TRA,TRAV3_TRAJ14,0,0,NA,NA,NA,NA,NA,FALSE,NA,NA,NA,0
TRAV4,TRAJ14,TRA,TRAV4_TRAJ14,0,0,NA,NA,NA,NA,NA,FALSE,NA,NA,NA,0
TRAV5,TRAJ14,TRA,TRAV5_TRAJ14,0,0,NA,NA,NA,NA,NA,FALSE,NA,NA,NA,0
TRAV6,TRAJ14,TRA,TRAV6_TRAJ14,0,0,NA,NA,NA,NA,NA,FALSE,NA,NA,NA,0
TRAV8-1,TRAJ14,TRA,TRAV8-1_TRAJ14,0,0,NA,NA,NA,NA,NA,FALSE,NA,NA,NA,0
TRAV9-1,TRAJ14,TRA,TRAV9-1_TRAJ14,0,0,NA,NA,NA,NA,NA,FALSE,NA,NA,NA,0
TRAV10,TRAJ14,TRA,TRAV10_TRAJ14,0,0,NA,NA,NA,NA,NA,FALSE,NA,NA,NA,0
TRAV12-1,TRAJ14,TRA,TRAV12-1_TRAJ14,0,0,NA,NA,NA,NA,NA,FALSE,NA,NA,NA,0
TRAV8-2,TRAJ14,TRA,TRAV8-2_TRAJ14,0,0,NA,NA,NA,NA,NA,FALSE,NA,NA,NA,0
TRAV8-3,TRAJ14,TRA,TRAV8-3_TRAJ14,0,0,NA,NA,NA,NA,NA,FALSE,NA,NA,NA,0
TRAV13-1,TRAJ14,TRA,TRAV13-1_TRAJ14,1,0.002348796241926,legacy_plot_age,20,0.1791031476759284,0.4499246852756275,0.8629670393973627,FALSE,FALSE,FALSE,+,0.002348796241926
TRAV12-2,TRAJ14,TRA,TRAV12-2_TRAJ14,0,0,NA,NA,NA,NA,NA,FALSE,NA,NA,NA,0
TRAV8-4,TRAJ14,TRA,TRAV8-4_TRAJ14,0,0,NA,NA,NA,NA,NA,FALSE,NA,NA,NA,0
TRAV13-2,TRAJ14,TRA,TRAV13-2_TRAJ14,0,0,NA,NA,NA,NA,NA,FALSE,NA,NA,NA,0
TRAV14/DV4,TRAJ14,TRA,TRAV14/DV4_TRAJ14,0,0,NA,NA,NA,NA,NA,FALSE,NA,NA,NA,0
TRAV9-2,TRAJ14,TRA,TRAV9-2_TRAJ14,0,0,NA,NA,NA,NA,NA,FALSE,NA,NA,NA,0
TRAV12-3,TRAJ14,TRA,TRAV12-3_TRAJ14,0,0,NA,NA,NA,NA,NA,FALSE,NA,NA,NA,0
TRAV8-6,TRAJ14,TRA,TRAV8-6_TRAJ14,0,0,NA,NA,NA,NA,NA,FALSE,NA,NA,NA,0
TRAV16,TRAJ14,TRA,TRAV16_TRAJ14,0,0,NA,NA,NA,NA,NA,FALSE,NA,NA,NA,0
TRAV17,TRAJ14,TRA,TRAV17_TRAJ14,0,0,NA,NA,NA,NA,NA,FALSE,NA,NA,NA,0
TRAV18,TRAJ14,TRA,TRAV18_TRAJ14,0,0,NA,NA,NA,NA,NA,FALSE,NA,NA,NA,0
TRAV19,TRAJ14,TRA,TRAV19_TRAJ14,0,0,NA,NA,NA,NA,NA,FALSE,NA,NA,NA,0
TRAV20,TRAJ14,TRA,TRAV20_TRAJ14,0,0,NA,NA,NA,NA,NA,FALSE,NA,NA,NA,0
TRAV21,TRAJ14,TRA,TRAV21_TRAJ14,0,0,NA,NA,NA,NA,NA,FALSE,NA,NA,NA,0
TRAV22,TRAJ14,TRA,TRAV22_TRAJ14,0,0,NA,NA,NA,NA,NA,FALSE,NA,NA,NA,0
TRAV23/DV6,TRAJ14,TRA,TRAV23/DV6_TRAJ14,0,0,NA,NA,NA,NA,NA,FALSE,NA,NA,NA,0
TRAV24,TRAJ14,TRA,TRAV24_TRAJ14,0,0,NA,NA,NA,NA,NA,FALSE,NA,NA,NA,0
TRAV25,TRAJ14,TRA,TRAV25_TRAJ14,0,0,NA,NA,NA,NA,NA,FALSE,NA,NA,NA,0
TRAV26-1,TRAJ14,TRA,TRAV26-1_TRAJ14,0,0,NA,NA,NA,NA,NA,FALSE,NA,NA,NA,0
TRAV27,TRAJ14,TRA,TRAV27_TRAJ14,0,0,NA,NA,NA,NA,NA,FALSE,NA,NA,NA,0
TRAV29/DV5,TRAJ14,TRA,TRAV29/DV5_TRAJ14,0,0,NA,NA,NA,NA,NA,FALSE,NA,NA,NA,0
TRAV30,TRAJ14,TRA,TRAV30_TRAJ14,0,0,NA,NA,NA,NA,NA,FALSE,NA,NA,NA,0
TRAV26-2,TRAJ14,TRA,TRAV26-2_TRAJ14,0,0,NA,NA,NA,NA,NA,FALSE,NA,NA,NA,0
TRAV34,TRAJ14,TRA,TRAV34_TRAJ14,0,0,NA,NA,NA,NA,NA,FALSE,NA,NA,NA,0
TRAV35,TRAJ14,TRA,TRAV35_TRAJ14,0,0,NA,NA,NA,NA,NA,FALSE,NA,NA,NA,0
TRAV36/DV7,TRAJ14,TRA,TRAV36/DV7_TRAJ14,0,0,NA,NA,NA,NA,NA,FALSE,NA,NA,NA,0
TRAV38-1,TRAJ14,TRA,TRAV38-1_TRAJ14,0,0,NA,NA,NA,NA,NA,FALSE,NA,NA,NA,0
TRAV38-2/DV8,TRAJ14,TRA,TRAV38-2/DV8_TRAJ14,0,0,NA,NA,NA,NA,NA,FALSE,NA,NA,NA,0
TRAV39,TRAJ14,TRA,TRAV39_TRAJ14,0,0,NA,NA,NA,NA,NA,FALSE,NA,NA,NA,0
TRAV40,TRAJ14,TRA,TRAV40_TRAJ14,0,0,NA,NA,NA,NA,NA,FALSE,NA,NA,NA,0
TRAV41,TRAJ14,TRA,TRAV41_TRAJ14,0,0,NA,NA,NA,NA,NA,FALSE,NA,NA,NA,0
TRAV1-1,TRAJ13,TRA,TRAV1-1_TRAJ13,57,0.1338813857897827,legacy_plot_age,20,0.141186167826217,0.5526895385178849,0.9157441054943444,FALSE,FALSE,FALSE,+,0.1338813857897827
TRAV1-2,TRAJ13,TRA,TRAV1-2_TRAJ13,51,0.1197886083382266,legacy_plot_age,20,0.1634652644293253,0.4910611203182022,0.8898209374654832,FALSE,FALSE,FALSE,+,0.1197886083382266
TRAV2,TRAJ13,TRA,TRAV2_TRAJ13,39,0.0916030534351145,legacy_plot_age,20,0.5194795856906538,0.018903616355599,0.6186841642182179,FALSE,FALSE,FALSE,+,0.0916030534351145
TRAV3,TRAJ13,TRA,TRAV3_TRAJ13,72,0.1691133294186729,legacy_plot_age,20,0.0851224648871601,0.7212294395565333,0.968896788059294,FALSE,FALSE,FALSE,+,0.1691133294186729
TRAV4,TRAJ13,TRA,TRAV4_TRAJ13,19,0.0446271285965942,legacy_plot_age,20,0.2365734912695193,0.3152752588993932,0.794309564628464,FALSE,FALSE,FALSE,+,0.0446271285965942
TRAV5,TRAJ13,TRA,TRAV5_TRAJ13,48,0.1127422196124486,legacy_plot_age,20,0.0626655183399786,0.7929658497042831,0.9769790843883056,FALSE,FALSE,FALSE,+,0.1127422196124486
TRAV6,TRAJ13,TRA,TRAV6_TRAJ13,26,0.0610687022900763,legacy_plot_age,20,-0.2921906626133306,0.2112711005006939,0.7513724707488281,FALSE,FALSE,FALSE,-,0.0610687022900763
TRAV8-1,TRAJ13,TRA,TRAV8-1_TRAJ13,38,0.0892542571931885,legacy_plot_age,20,-0.0261295368927881,0.9129259077553096,0.988127197015352,FALSE,FALSE,FALSE,-,0.0892542571931885
TRAV9-1,TRAJ13,TRA,TRAV9-1_TRAJ13,0,0,NA,NA,NA,NA,NA,FALSE,NA,NA,NA,0
TRAV10,TRAJ13,TRA,TRAV10_TRAJ13,27,0.0634174985320023,legacy_plot_age,20,0.4805911076720918,0.0319601913715641,0.6186841642182179,FALSE,FALSE,FALSE,+,0.0634174985320023
TRAV12-1,TRAJ13,TRA,TRAV12-1_TRAJ13,71,0.1667645331767469,legacy_plot_age,20,0.0806026879904967,0.7355092103227447,0.968896788059294,FALSE,FALSE,FALSE,+,0.1667645331767469
TRAV8-2,TRAJ13,TRA,TRAV8-2_TRAJ13,29,0.0681150910158543,legacy_plot_age,20,0.4797396033469139,0.0323094433746546,0.6186841642182179,FALSE,FALSE,FALSE,+,0.0681150910158543
TRAV8-3,TRAJ13,TRA,TRAV8-3_TRAJ13,70,0.1644157369348209,legacy_plot_age,20,-0.1692215231450112,0.4757082017559538,0.8818051749272177,FALSE,FALSE,FALSE,-,0.1644157369348209
TRAV13-1,TRAJ13,TRA,TRAV13-1_TRAJ13,60,0.1409277745155607,legacy_plot_age,20,0.1057008743083977,0.6573915850186847,0.9502999073148214,FALSE,FALSE,FALSE,+,0.1409277745155607
TRAV12-2,TRAJ13,TRA,TRAV12-2_TRAJ13,49,0.1150910158543746,legacy_plot_age,20,-0.3448365237327739,0.1364950058089591,0.7387368079116571,FALSE,FALSE,FALSE,-,0.1150910158543746
TRAV8-4,TRAJ13,TRA,TRAV8-4_TRAJ13,54,0.1268349970640047,legacy_plot_age,20,-0.0583569501701617,0.8069337236514971,0.9774706427824436,FALSE,FALSE,FALSE,-,0.1268349970640047
TRAV13-2,TRAJ13,TRA,TRAV13-2_TRAJ13,30,0.0704638872577803,legacy_plot_age,20,0.3773182610665791,0.1009956180326709,0.6930623776207202,FALSE,FALSE,FALSE,+,0.0704638872577803
TRAV14/DV4,TRAJ13,TRA,TRAV14/DV4_TRAJ13,13,0.0305343511450381,legacy_plot_age,20,0.5341410630779506,0.0152672720230711,0.6186841642182179,FALSE,FALSE,FALSE,+,0.0305343511450381
TRAV9-2,TRAJ13,TRA,TRAV9-2_TRAJ13,49,0.1150910158543746,legacy_plot_age,20,0.215442698740954,0.3616485371926664,0.8355917205266212,FALSE,FALSE,FALSE,+,0.1150910158543746
TRAV12-3,TRAJ13,TRA,TRAV12-3_TRAJ13,18,0.0422783323546682,legacy_plot_age,20,0.3933935571998142,0.0861597242007123,0.6930623776207202,FALSE,FALSE,FALSE,+,0.0422783323546682
TRAV8-6,TRAJ13,TRA,TRAV8-6_TRAJ13,34,0.0798590722254844,legacy_plot_age,20,-0.2799452980022646,0.2319200166235788,0.7667833814744837,FALSE,FALSE,FALSE,-,0.0798590722254844
TRAV16,TRAJ13,TRA,TRAV16_TRAJ13,8,0.0187903699354081,legacy_plot_age,20,0.0444840848762368,0.8522716140171304,0.9806093259447052,FALSE,FALSE,FALSE,+,0.0187903699354081
TRAV17,TRAJ13,TRA,TRAV17_TRAJ13,11,0.0258367586611861,legacy_plot_age,20,0.0759009824841312,0.7504528703090241,0.9717854439622732,FALSE,FALSE,FALSE,+,0.0258367586611861
TRAV18,TRAJ13,TRA,TRAV18_TRAJ13,0,0,NA,NA,NA,NA,NA,FALSE,NA,NA,NA,0
TRAV19,TRAJ13,TRA,TRAV19_TRAJ13,11,0.0258367586611861,legacy_plot_age,20,0.26346686176395,0.2617066089179014,0.7667833814744837,FALSE,FALSE,FALSE,+,0.0258367586611861
TRAV20,TRAJ13,TRA,TRAV20_TRAJ13,15,0.0352319436288901,legacy_plot_age,20,0.2791102066811846,0.2333741936566485,0.7667833814744837,FALSE,FALSE,FALSE,+,0.0352319436288901
TRAV21,TRAJ13,TRA,TRAV21_TRAJ13,21,0.0493247210804462,legacy_plot_age,20,0.199510310970628,0.399053278136726,0.8489172941666808,FALSE,FALSE,FALSE,+,0.0493247210804462
TRAV22,TRAJ13,TRA,TRAV22_TRAJ13,2,0.004697592483852,legacy_plot_age,20,-0.1321006646248128,0.5787747417041612,0.9299360997660456,FALSE,FALSE,FALSE,-,0.004697592483852
TRAV23/DV6,TRAJ13,TRA,TRAV23/DV6_TRAJ13,15,0.0352319436288901,legacy_plot_age,20,0.2511168526187648,0.2855434535528798,0.7703108658939515,FALSE,FALSE,FALSE,+,0.0352319436288901
TRAV24,TRAJ13,TRA,TRAV24_TRAJ13,6,0.014092777451556,legacy_plot_age,20,0.1790678690462611,0.4500154265840281,0.8629670393973627,FALSE,FALSE,FALSE,+,0.014092777451556
TRAV25,TRAJ13,TRA,TRAV25_TRAJ13,8,0.0187903699354081,legacy_plot_age,20,-0.1502573533597334,0.5271846937435729,0.9122019855492238,FALSE,FALSE,FALSE,-,0.0187903699354081
TRAV26-1,TRAJ13,TRA,TRAV26-1_TRAJ13,11,0.0258367586611861,legacy_plot_age,20,0.1349846499128653,0.570437561552548,0.926336770826528,FALSE,FALSE,FALSE,+,0.0258367586611861
TRAV27,TRAJ13,TRA,TRAV27_TRAJ13,7,0.016441573693482,legacy_plot_age,20,0.2856170962291819,0.222199160350202,0.7667833814744837,FALSE,FALSE,FALSE,+,0.016441573693482
TRAV29/DV5,TRAJ13,TRA,TRAV29/DV5_TRAJ13,10,0.0234879624192601,legacy_plot_age,20,0.0764064056110558,0.7488422439630039,0.9717854439622732,FALSE,FALSE,FALSE,+,0.0234879624192601
TRAV30,TRAJ13,TRA,TRAV30_TRAJ13,3,0.007046388725778,legacy_plot_age,20,0.2419836068192717,0.3040056331498419,0.7891692387409849,FALSE,FALSE,FALSE,+,0.007046388725778
TRAV26-2,TRAJ13,TRA,TRAV26-2_TRAJ13,1,0.002348796241926,legacy_plot_age,20,-0.0597010492253094,0.8025700622016751,0.9769790843883056,FALSE,FALSE,FALSE,-,0.002348796241926
TRAV34,TRAJ13,TRA,TRAV34_TRAJ13,2,0.004697592483852,legacy_plot_age,20,-0.0736298786433382,0.7577023604825539,0.9768270879211844,FALSE,FALSE,FALSE,-,0.004697592483852
TRAV35,TRAJ13,TRA,TRAV35_TRAJ13,5,0.01174398120963,legacy_plot_age,20,0.0355872679009894,0.8815931285122343,0.98229559546794,FALSE,FALSE,FALSE,+,0.01174398120963
TRAV36/DV7,TRAJ13,TRA,TRAV36/DV7_TRAJ13,3,0.007046388725778,legacy_plot_age,20,0.3690250003993894,0.109337995696665,0.6947222648648491,FALSE,FALSE,FALSE,+,0.007046388725778
TRAV38-1,TRAJ13,TRA,TRAV38-1_TRAJ13,1,0.002348796241926,legacy_plot_age,20,-0.2587045466430078,0.2707446686759674,0.7667833814744837,FALSE,FALSE,FALSE,-,0.002348796241926
TRAV38-2/DV8,TRAJ13,TRA,TRAV38-2/DV8_TRAJ13,2,0.004697592483852,legacy_plot_age,20,-0.173246773278443,0.4651170737698792,0.8767029163052338,FALSE,FALSE,FALSE,-,0.004697592483852
TRAV39,TRAJ13,TRA,TRAV39_TRAJ13,2,0.004697592483852,legacy_plot_age,20,-0.2490422365877617,0.2896749555652101,0.775735566621833,FALSE,FALSE,FALSE,-,0.004697592483852
TRAV40,TRAJ13,TRA,TRAV40_TRAJ13,0,0,NA,NA,NA,NA,NA,FALSE,NA,NA,NA,0
TRAV41,TRAJ13,TRA,TRAV41_TRAJ13,0,0,NA,NA,NA,NA,NA,FALSE,NA,NA,NA,0
TRAV1-1,TRAJ12,TRA,TRAV1-1_TRAJ12,38,0.0892542571931885,legacy_plot_age,20,-0.0416835358358298,0.8614831777339663,0.9818968142732016,FALSE,FALSE,FALSE,-,0.0892542571931885
TRAV1-2,TRAJ12,TRA,TRAV1-2_TRAJ12,43,0.1009982384028185,legacy_plot_age,20,-0.1856812050868782,0.433171740033662,0.8623775129663037,FALSE,FALSE,FALSE,-,0.1009982384028185
TRAV2,TRAJ12,TRA,TRAV2_TRAJ12,16,0.0375807398708162,legacy_plot_age,20,-0.3643231765550598,0.11428292761717,0.6998127268005091,FALSE,FALSE,FALSE,-,0.0375807398708162
TRAV3,TRAJ12,TRA,TRAV3_TRAJ12,30,0.0704638872577803,legacy_plot_age,20,0.1841733697855302,0.4369824468636615,0.8629670393973627,FALSE,FALSE,FALSE,+,0.0704638872577803
TRAV4,TRAJ12,TRA,TRAV4_TRAJ12,18,0.0422783323546682,legacy_plot_age,20,0.0552004812962211,0.8172027078495055,0.9784757343689796,FALSE,FALSE,FALSE,+,0.0422783323546682
TRAV5,TRAJ12,TRA,TRAV5_TRAJ12,52,0.1221374045801526,legacy_plot_age,20,0.3803672975196423,0.0980481800063532,0.6930623776207202,FALSE,FALSE,FALSE,+,0.1221374045801526
TRAV6,TRAJ12,TRA,TRAV6_TRAJ12,14,0.0328831473869641,legacy_plot_age,20,-0.0185339608391483,0.9381815572295772,0.9901782203442352,FALSE,FALSE,FALSE,-,0.0328831473869641
TRAV8-1,TRAJ12,TRA,TRAV8-1_TRAJ12,14,0.0328831473869641,legacy_plot_age,20,0.1297917456338508,0.585486926589722,0.9331325204020672,FALSE,FALSE,FALSE,+,0.0328831473869641
TRAV9-1,TRAJ12,TRA,TRAV9-1_TRAJ12,0,0,NA,NA,NA,NA,NA,FALSE,NA,NA,NA,0
TRAV10,TRAJ12,TRA,TRAV10_TRAJ12,15,0.0352319436288901,legacy_plot_age,20,0.4404079046894754,0.0519669010202729,0.6930623776207202,FALSE,FALSE,FALSE,+,0.0352319436288901
TRAV12-1,TRAJ12,TRA,TRAV12-1_TRAJ12,61,0.1432765707574868,legacy_plot_age,20,0.4975491154945295,0.0255994748493687,0.6186841642182179,FALSE,FALSE,FALSE,+,0.1432765707574868
TRAV8-2,TRAJ12,TRA,TRAV8-2_TRAJ12,13,0.0305343511450381,legacy_plot_age,20,-0.0080651205922781,0.973079502860596,0.9934447573962428,FALSE,FALSE,FALSE,-,0.0305343511450381
TRAV8-3,TRAJ12,TRA,TRAV8-3_TRAJ12,23,0.0540223135642983,legacy_plot_age,20,0.2626607552215579,0.2632228958977107,0.7667833814744837,FALSE,FALSE,FALSE,+,0.0540223135642983
TRAV13-1,TRAJ12,TRA,TRAV13-1_TRAJ12,28,0.0657662947739283,legacy_plot_age,20,0.2919452403808076,0.2116725924757565,0.7513724707488281,FALSE,FALSE,FALSE,+,0.0657662947739283
TRAV12-2,TRAJ12,TRA,TRAV12-2_TRAJ12,37,0.0869054609512624,legacy_plot_age,20,0.5043397341384351,0.0233523312011716,0.6186841642182179,FALSE,FALSE,FALSE,+,0.0869054609512624
TRAV8-4,TRAJ12,TRA,TRAV8-4_TRAJ12,18,0.0422783323546682,legacy_plot_age,20,-0.0432969631795983,0.8561741148510982,0.9806093259447052,FALSE,FALSE,FALSE,-,0.0422783323546682
TRAV13-2,TRAJ12,TRA,TRAV13-2_TRAJ12,17,0.0399295361127422,legacy_plot_age,20,0.4830020998510487,0.0309873070074387,0.6186841642182179,FALSE,FALSE,FALSE,+,0.0399295361127422
TRAV14/DV4,TRAJ12,TRA,TRAV14/DV4_TRAJ12,16,0.0375807398708162,legacy_plot_age,20,0.2615926514168326,0.265240514177565,0.7667833814744837,FALSE,FALSE,FALSE,+,0.0375807398708162
TRAV9-2,TRAJ12,TRA,TRAV9-2_TRAJ12,18,0.0422783323546682,legacy_plot_age,20,0.1918368087218761,0.4177986078491809,0.8541035355845672,FALSE,FALSE,FALSE,+,0.0422783323546682
TRAV12-3,TRAJ12,TRA,TRAV12-3_TRAJ12,16,0.0375807398708162,legacy_plot_age,20,0.5030910147554388,0.0237533699687713,0.6186841642182179,FALSE,FALSE,FALSE,+,0.0375807398708162
TRAV8-6,TRAJ12,TRA,TRAV8-6_TRAJ12,15,0.0352319436288901,legacy_plot_age,20,-0.0123500091451851,0.9587866233531032,0.991019643929726,FALSE,FALSE,FALSE,-,0.0352319436288901
TRAV16,TRAJ12,TRA,TRAV16_TRAJ12,3,0.007046388725778,legacy_plot_age,20,0.3750745905698712,0.103205327164628,0.6930623776207202,FALSE,FALSE,FALSE,+,0.007046388725778
TRAV17,TRAJ12,TRA,TRAV17_TRAJ12,17,0.0399295361127422,legacy_plot_age,20,0.2653806151129054,0.2581289714565287,0.7667833814744837,FALSE,FALSE,FALSE,+,0.0399295361127422
TRAV18,TRAJ12,TRA,TRAV18_TRAJ12,0,0,NA,NA,NA,NA,NA,FALSE,NA,NA,NA,0
TRAV19,TRAJ12,TRA,TRAV19_TRAJ12,12,0.0281855549031121,legacy_plot_age,20,0.191440494058812,0.4187794262960752,0.8541035355845672,FALSE,FALSE,FALSE,+,0.0281855549031121
TRAV20,TRAJ12,TRA,TRAV20_TRAJ12,8,0.0187903699354081,legacy_plot_age,20,-0.0357021370286477,0.8812135219378308,0.98229559546794,FALSE,FALSE,FALSE,-,0.0187903699354081
TRAV21,TRAJ12,TRA,TRAV21_TRAJ12,25,0.0587199060481503,legacy_plot_age,20,-0.1486405270868341,0.5316900689289634,0.9122436022960736,FALSE,FALSE,FALSE,-,0.0587199060481503
TRAV22,TRAJ12,TRA,TRAV22_TRAJ12,1,0.002348796241926,legacy_plot_age,20,0.2189038471594681,0.3537977887689535,0.8304822298446632,FALSE,FALSE,FALSE,+,0.002348796241926
TRAV23/DV6,TRAJ12,TRA,TRAV23/DV6_TRAJ12,4,0.009395184967704,legacy_plot_age,20,0.4258911480019184,0.0611642985335112,0.6930623776207202,FALSE,FALSE,FALSE,+,0.009395184967704
TRAV24,TRAJ12,TRA,TRAV24_TRAJ12,6,0.014092777451556,legacy_plot_age,20,-0.3389154638152813,0.1438083788284546,0.7387368079116571,FALSE,FALSE,FALSE,-,0.014092777451556
TRAV25,TRAJ12,TRA,TRAV25_TRAJ12,4,0.009395184967704,legacy_plot_age,20,-0.0302479508524089,0.899264016126417,0.984109402787109,FALSE,FALSE,FALSE,-,0.009395184967704
TRAV26-1,TRAJ12,TRA,TRAV26-1_TRAJ12,9,0.0211391661773341,legacy_plot_age,20,0.3537757214656912,0.1259567511927335,0.7306070030392695,FALSE,FALSE,FALSE,+,0.0211391661773341
TRAV27,TRAJ12,TRA,TRAV27_TRAJ12,5,0.01174398120963,legacy_plot_age,20,0.2991063458433276,0.200163994507274,0.7474189055763873,FALSE,FALSE,FALSE,+,0.01174398120963
TRAV29/DV5,TRAJ12,TRA,TRAV29/DV5_TRAJ12,1,0.002348796241926,legacy_plot_age,20,-0.2189038471594681,0.3537977887689535,0.8304822298446632,FALSE,FALSE,FALSE,-,0.002348796241926
TRAV30,TRAJ12,TRA,TRAV30_TRAJ12,2,0.004697592483852,legacy_plot_age,20,-0.1194020984506189,0.616089875618355,0.9357275255362292,FALSE,FALSE,FALSE,-,0.004697592483852
TRAV26-2,TRAJ12,TRA,TRAV26-2_TRAJ12,0,0,NA,NA,NA,NA,NA,FALSE,NA,NA,NA,0
TRAV34,TRAJ12,TRA,TRAV34_TRAJ12,0,0,NA,NA,NA,NA,NA,FALSE,NA,NA,NA,0
TRAV35,TRAJ12,TRA,TRAV35_TRAJ12,2,0.004697592483852,legacy_plot_age,20,0.4937533038435626,0.0269279772915676,0.6186841642182179,FALSE,FALSE,FALSE,+,0.004697592483852
TRAV36/DV7,TRAJ12,TRA,TRAV36/DV7_TRAJ12,0,0,NA,NA,NA,NA,NA,FALSE,NA,NA,NA,0
TRAV38-1,TRAJ12,TRA,TRAV38-1_TRAJ12,0,0,NA,NA,NA,NA,NA,FALSE,NA,NA,NA,0
TRAV38-2/DV8,TRAJ12,TRA,TRAV38-2/DV8_TRAJ12,1,0.002348796241926,legacy_plot_age,20,0.2985052461265474,0.2011136244258678,0.7474189055763873,FALSE,FALSE,FALSE,+,0.002348796241926
TRAV39,TRAJ12,TRA,TRAV39_TRAJ12,0,0,NA,NA,NA,NA,NA,FALSE,NA,NA,NA,0
TRAV40,TRAJ12,TRA,TRAV40_TRAJ12,0,0,NA,NA,NA,NA,NA,FALSE,NA,NA,NA,0
TRAV41,TRAJ12,TRA,TRAV41_TRAJ12,0,0,NA,NA,NA,NA,NA,FALSE,NA,NA,NA,0
TRAV1-1,TRAJ11,TRA,TRAV1-1_TRAJ11,36,0.0845566647093364,legacy_plot_age,20,-0.0350639192102275,0.8833229458832789,0.98229559546794,FALSE,FALSE,FALSE,-,0.0845566647093364
TRAV1-2,TRAJ11,TRA,TRAV1-2_TRAJ11,27,0.0634174985320023,legacy_plot_age,20,0.0514905579946119,0.8293088956954386,0.980577174620276,FALSE,FALSE,FALSE,+,0.0634174985320023
TRAV2,TRAJ11,TRA,TRAV2_TRAJ11,35,0.0822078684674104,legacy_plot_age,20,0.3132884955522505,0.1786224785641608,0.7474189055763873,FALSE,FALSE,FALSE,+,0.0822078684674104
TRAV3,TRAJ11,TRA,TRAV3_TRAJ11,39,0.0916030534351145,legacy_plot_age,20,0.236316954703775,0.3158157859677372,0.794410659561519,FALSE,FALSE,FALSE,+,0.0916030534351145
TRAV4,TRAJ11,TRA,TRAV4_TRAJ11,33,0.0775102759835584,legacy_plot_age,20,-0.0274413280775693,0.9085716097522014,0.9880965328196084,FALSE,FALSE,FALSE,-,0.0775102759835584
TRAV5,TRAJ11,TRA,TRAV5_TRAJ11,29,0.0681150910158543,legacy_plot_age,20,-0.1678542104374453,0.4793331113800637,0.8834008501789498,FALSE,FALSE,FALSE,-,0.0681150910158543
TRAV6,TRAJ11,TRA,TRAV6_TRAJ11,10,0.0234879624192601,legacy_plot_age,20,0.1138514737261969,0.6326972222048285,0.9430224401027032,FALSE,FALSE,FALSE,+,0.0234879624192601
TRAV8-1,TRAJ11,TRA,TRAV8-1_TRAJ11,21,0.0493247210804462,legacy_plot_age,20,0.1214410588516866,0.6100336282525881,0.9357275255362292,FALSE,FALSE,FALSE,+,0.0493247210804462
TRAV9-1,TRAJ11,TRA,TRAV9-1_TRAJ11,0,0,NA,NA,NA,NA,NA,FALSE,NA,NA,NA,0
TRAV10,TRAJ11,TRA,TRAV10_TRAJ11,14,0.0328831473869641,legacy_plot_age,20,0.2124201572971847,0.3685852800704102,0.8400154874741859,FALSE,FALSE,FALSE,+,0.0328831473869641
TRAV12-1,TRAJ11,TRA,TRAV12-1_TRAJ11,37,0.0869054609512624,legacy_plot_age,20,0.2805113536818204,0.2309376713113067,0.7667833814744837,FALSE,FALSE,FALSE,+,0.0869054609512624
TRAV8-2,TRAJ11,TRA,TRAV8-2_TRAJ11,19,0.0446271285965942,legacy_plot_age,20,0.032146562386093,0.8929747569344423,0.9835748455116716,FALSE,FALSE,FALSE,+,0.0446271285965942
TRAV8-3,TRAJ11,TRA,TRAV8-3_TRAJ11,23,0.0540223135642983,legacy_plot_age,20,-0.209036295142305,0.3764402567781609,0.8400154874741859,FALSE,FALSE,FALSE,-,0.0540223135642983
TRAV13-1,TRAJ11,TRA,TRAV13-1_TRAJ11,68,0.1597181444509688,legacy_plot_age,20,0.2204618235575153,0.3502962996959132,0.8304822298446632,FALSE,FALSE,FALSE,+,0.1597181444509688
TRAV12-2,TRAJ11,TRA,TRAV12-2_TRAJ11,34,0.0798590722254844,legacy_plot_age,20,-0.0560260448250375,0.8145140497072274,0.9774706427824436,FALSE,FALSE,FALSE,-,0.0798590722254844
TRAV8-4,TRAJ11,TRA,TRAV8-4_TRAJ11,32,0.0751614797416324,legacy_plot_age,20,-0.0317102622925193,0.8944194950904732,0.9835748455116716,FALSE,FALSE,FALSE,-,0.0751614797416324
TRAV13-2,TRAJ11,TRA,TRAV13-2_TRAJ11,26,0.0610687022900763,legacy_plot_age,20,0.1342118979619386,0.5726663380637445,0.9273271896184708,FALSE,FALSE,FALSE,+,0.0610687022900763
TRAV14/DV4,TRAJ11,TRA,TRAV14/DV4_TRAJ11,22,0.0516735173223722,legacy_plot_age,20,0.1971445760579328,0.4047824661438127,0.8489172941666808,FALSE,FALSE,FALSE,+,0.0516735173223722
TRAV9-2,TRAJ11,TRA,TRAV9-2_TRAJ11,37,0.0869054609512624,legacy_plot_age,20,0.4497328768268316,0.0466422953480482,0.6930623776207202,FALSE,FALSE,FALSE,+,0.0869054609512624
TRAV12-3,TRAJ11,TRA,TRAV12-3_TRAJ11,7,0.016441573693482,legacy_plot_age,20,0.0780942823382824,0.7434707910874653,0.9706546605732114,FALSE,FALSE,FALSE,+,0.016441573693482
TRAV8-6,TRAJ11,TRA,TRAV8-6_TRAJ11,16,0.0375807398708162,legacy_plot_age,20,0.3403517292627606,0.142009711632818,0.7387368079116571,FALSE,FALSE,FALSE,+,0.0375807398708162
TRAV16,TRAJ11,TRA,TRAV16_TRAJ11,3,0.007046388725778,legacy_plot_age,20,-0.2418236210344933,0.3043353396202709,0.7891692387409849,FALSE,FALSE,FALSE,-,0.007046388725778
TRAV17,TRAJ11,TRA,TRAV17_TRAJ11,17,0.0399295361127422,legacy_plot_age,20,0.11928528380624,0.616437575127432,0.9357275255362292,FALSE,FALSE,FALSE,+,0.0399295361127422
TRAV18,TRAJ11,TRA,TRAV18_TRAJ11,0,0,NA,NA,NA,NA,NA,FALSE,NA,NA,NA,0
TRAV19,TRAJ11,TRA,TRAV19_TRAJ11,23,0.0540223135642983,legacy_plot_age,20,0.5000419783023755,0.0247555317883902,0.6186841642182179,FALSE,FALSE,FALSE,+,0.0540223135642983
TRAV20,TRAJ11,TRA,TRAV20_TRAJ11,6,0.014092777451556,legacy_plot_age,20,0.0171555723384411,0.942771550999487,0.9901782203442352,FALSE,FALSE,FALSE,+,0.014092777451556
TRAV21,TRAJ11,TRA,TRAV21_TRAJ11,18,0.0422783323546682,legacy_plot_age,20,0.012456792924611,0.9584305673838428,0.991019643929726,FALSE,FALSE,FALSE,+,0.0422783323546682
TRAV22,TRAJ11,TRA,TRAV22_TRAJ11,1,0.002348796241926,legacy_plot_age,20,0.3383059456100871,0.1445764933214944,0.7387368079116571,FALSE,FALSE,FALSE,+,0.002348796241926
TRAV23/DV6,TRAJ11,TRA,TRAV23/DV6_TRAJ11,11,0.0258367586611861,legacy_plot_age,20,0.1256460892270695,0.5976206898046327,0.9357275255362292,FALSE,FALSE,FALSE,+,0.0258367586611861
TRAV24,TRAJ11,TRA,TRAV24_TRAJ11,4,0.009395184967704,legacy_plot_age,20,0.1559220959505987,0.511541499649356,0.9026931603370512,FALSE,FALSE,FALSE,+,0.009395184967704
TRAV25,TRAJ11,TRA,TRAV25_TRAJ11,1,0.002348796241926,legacy_plot_age,20,-0.2985052461265474,0.2011136244258678,0.7474189055763873,FALSE,FALSE,FALSE,-,0.002348796241926
TRAV26-1,TRAJ11,TRA,TRAV26-1_TRAJ11,12,0.0281855549031121,legacy_plot_age,20,-0.0679168049876051,0.7760239108326036,0.9769790843883056,FALSE,FALSE,FALSE,-,0.0281855549031121
TRAV27,TRAJ11,TRA,TRAV27_TRAJ11,5,0.01174398120963,legacy_plot_age,20,-0.0021518442147001,0.9928162203611572,0.9953592946960989,FALSE,FALSE,FALSE,-,0.01174398120963
TRAV29/DV5,TRAJ11,TRA,TRAV29/DV5_TRAJ11,3,0.007046388725778,legacy_plot_age,20,0.0120991803409635,0.959623007279934,0.991019643929726,FALSE,FALSE,FALSE,+,0.007046388725778
TRAV30,TRAJ11,TRA,TRAV30_TRAJ11,0,0,NA,NA,NA,NA,NA,FALSE,NA,NA,NA,0
TRAV26-2,TRAJ11,TRA,TRAV26-2_TRAJ11,0,0,NA,NA,NA,NA,NA,FALSE,NA,NA,NA,0
TRAV34,TRAJ11,TRA,TRAV34_TRAJ11,1,0.002348796241926,legacy_plot_age,20,-0.2587045466430078,0.2707446686759674,0.7667833814744837,FALSE,FALSE,FALSE,-,0.002348796241926
TRAV35,TRAJ11,TRA,TRAV35_TRAJ11,0,0,NA,NA,NA,NA,NA,FALSE,NA,NA,NA,0
TRAV36/DV7,TRAJ11,TRA,TRAV36/DV7_TRAJ11,0,0,NA,NA,NA,NA,NA,FALSE,NA,NA,NA,0
TRAV38-1,TRAJ11,TRA,TRAV38-1_TRAJ11,1,0.002348796241926,legacy_plot_age,20,-0.0597010492253094,0.8025700622016751,0.9769790843883056,FALSE,FALSE,FALSE,-,0.002348796241926
TRAV38-2/DV8,TRAJ11,TRA,TRAV38-2/DV8_TRAJ11,0,0,NA,NA,NA,NA,NA,FALSE,NA,NA,NA,0
TRAV39,TRAJ11,TRA,TRAV39_TRAJ11,0,0,NA,NA,NA,NA,NA,FALSE,NA,NA,NA,0
TRAV40,TRAJ11,TRA,TRAV40_TRAJ11,0,0,NA,NA,NA,NA,NA,FALSE,NA,NA,NA,0
TRAV41,TRAJ11,TRA,TRAV41_TRAJ11,0,0,NA,NA,NA,NA,NA,FALSE,NA,NA,NA,0
TRAV1-1,TRAJ10,TRA,TRAV1-1_TRAJ10,15,0.0352319436288901,legacy_plot_age,20,0.231842021444129,0.3253338280047558,0.8075568959864444,FALSE,FALSE,FALSE,+,0.0352319436288901
TRAV1-2,TRAJ10,TRA,TRAV1-2_TRAJ10,48,0.1127422196124486,legacy_plot_age,20,0.3586279664034925,0.1204854477566029,0.7145152159383996,FALSE,FALSE,FALSE,+,0.1127422196124486
TRAV2,TRAJ10,TRA,TRAV2_TRAJ10,24,0.0563711098062243,legacy_plot_age,20,0.0859550351612587,0.7186085219927614,0.968896788059294,FALSE,FALSE,FALSE,+,0.0563711098062243
TRAV3,TRAJ10,TRA,TRAV3_TRAJ10,39,0.0916030534351145,legacy_plot_age,20,0.1947916112254759,0.4105250223290095,0.851528244498423,FALSE,FALSE,FALSE,+,0.0916030534351145
TRAV4,TRAJ10,TRA,TRAV4_TRAJ10,23,0.0540223135642983,legacy_plot_age,20,0.2423047139851767,0.3033445343662824,0.7891692387409849,FALSE,FALSE,FALSE,+,0.0540223135642983
TRAV5,TRAJ10,TRA,TRAV5_TRAJ10,38,0.0892542571931885,legacy_plot_age,20,-0.0829997054241505,0.7279253442838696,0.968896788059294,FALSE,FALSE,FALSE,-,0.0892542571931885
TRAV6,TRAJ10,TRA,TRAV6_TRAJ10,21,0.0493247210804462,legacy_plot_age,20,-0.0887163265150592,0.7099377956737815,0.968896788059294,FALSE,FALSE,FALSE,-,0.0493247210804462
TRAV8-1,TRAJ10,TRA,TRAV8-1_TRAJ10,16,0.0375807398708162,legacy_plot_age,20,-0.0703206052195786,0.7683005523102026,0.9769790843883056,FALSE,FALSE,FALSE,-,0.0375807398708162
TRAV9-1,TRAJ10,TRA,TRAV9-1_TRAJ10,0,0,NA,NA,NA,NA,NA,FALSE,NA,NA,NA,0
TRAV10,TRAJ10,TRA,TRAV10_TRAJ10,20,0.0469759248385202,legacy_plot_age,20,-0.0812235653358683,0.7335425376446194,0.968896788059294,FALSE,FALSE,FALSE,-,0.0469759248385202
TRAV12-1,TRAJ10,TRA,TRAV12-1_TRAJ10,37,0.0869054609512624,legacy_plot_age,20,0.4111559481659308,0.0717082486360924,0.6930623776207202,FALSE,FALSE,FALSE,+,0.0869054609512624
TRAV8-2,TRAJ10,TRA,TRAV8-2_TRAJ10,14,0.0328831473869641,legacy_plot_age,20,0.2666068674217201,0.255852941465115,0.7667833814744837,FALSE,FALSE,FALSE,+,0.0328831473869641
TRAV8-3,TRAJ10,TRA,TRAV8-3_TRAJ10,66,0.1550205519671168,legacy_plot_age,20,0.4221405356464947,0.0637291538195444,0.6930623776207202,FALSE,FALSE,FALSE,+,0.1550205519671168
TRAV13-1,TRAJ10,TRA,TRAV13-1_TRAJ10,47,0.1103934233705226,legacy_plot_age,20,0.4744344260587175,0.0345531417208472,0.644004746168552,FALSE,FALSE,FALSE,+,0.1103934233705226
TRAV12-2,TRAJ10,TRA,TRAV12-2_TRAJ10,33,0.0775102759835584,legacy_plot_age,20,0.0677966534499505,0.7764104932759229,0.9769790843883056,FALSE,FALSE,FALSE,+,0.0775102759835584
TRAV8-4,TRAJ10,TRA,TRAV8-4_TRAJ10,29,0.0681150910158543,legacy_plot_age,20,0.2866094265879469,0.220526252037515,0.7629876448031567,FALSE,FALSE,FALSE,+,0.0681150910158543
TRAV13-2,TRAJ10,TRA,TRAV13-2_TRAJ10,11,0.0258367586611861,legacy_plot_age,20,0.6662853364956728,0.0013384669145404,0.4817376957840667,TRUE,FALSE,FALSE,+,0.0258367586611861
TRAV14/DV4,TRAJ10,TRA,TRAV14/DV4_TRAJ10,12,0.0281855549031121,legacy_plot_age,20,0.3625059466213426,0.1162365278133309,0.7076381974944421,FALSE,FALSE,FALSE,+,0.0281855549031121
TRAV9-2,TRAJ10,TRA,TRAV9-2_TRAJ10,28,0.0657662947739283,legacy_plot_age,20,0.5494647905632112,0.0120902172732486,0.6186841642182179,FALSE,FALSE,FALSE,+,0.0657662947739283
TRAV12-3,TRAJ10,TRA,TRAV12-3_TRAJ10,11,0.0258367586611861,legacy_plot_age,20,-0.2429599974417066,0.3019981409901648,0.7891692387409849,FALSE,FALSE,FALSE,-,0.0258367586611861
TRAV8-6,TRAJ10,TRA,TRAV8-6_TRAJ10,9,0.0211391661773341,legacy_plot_age,20,-0.1242619834243843,0.6016948822768122,0.9357275255362292,FALSE,FALSE,FALSE,-,0.0211391661773341
TRAV16,TRAJ10,TRA,TRAV16_TRAJ10,6,0.014092777451556,legacy_plot_age,20,0.2555315004956486,0.2768736866672496,0.7694563172852946,FALSE,FALSE,FALSE,+,0.014092777451556
TRAV17,TRAJ10,TRA,TRAV17_TRAJ10,15,0.0352319436288901,legacy_plot_age,20,0.3175110633170542,0.1725259067497731,0.7474189055763873,FALSE,FALSE,FALSE,+,0.0352319436288901
TRAV18,TRAJ10,TRA,TRAV18_TRAJ10,0,0,NA,NA,NA,NA,NA,FALSE,NA,NA,NA,0
TRAV19,TRAJ10,TRA,TRAV19_TRAJ10,13,0.0305343511450381,legacy_plot_age,20,0.31616023411674,0.1744605570553146,0.7474189055763873,FALSE,FALSE,FALSE,+,0.0305343511450381
TRAV20,TRAJ10,TRA,TRAV20_TRAJ10,8,0.0187903699354081,legacy_plot_age,20,-0.2063305321785486,0.3827884664505286,0.8437605842221145,FALSE,FALSE,FALSE,-,0.0187903699354081
TRAV21,TRAJ10,TRA,TRAV21_TRAJ10,16,0.0375807398708162,legacy_plot_age,20,0.1356354683278577,0.5685634026124262,0.9256893335378686,FALSE,FALSE,FALSE,+,0.0375807398708162
TRAV22,TRAJ10,TRA,TRAV22_TRAJ10,7,0.016441573693482,legacy_plot_age,20,0.027678986145214,0.9077830037272376,0.9880965328196084,FALSE,FALSE,FALSE,+,0.016441573693482
TRAV23/DV6,TRAJ10,TRA,TRAV23/DV6_TRAJ10,10,0.0234879624192601,legacy_plot_age,20,0.2109341257407834,0.372023262215257,0.8400154874741859,FALSE,FALSE,FALSE,+,0.0234879624192601
TRAV24,TRAJ10,TRA,TRAV24_TRAJ10,4,0.009395184967704,legacy_plot_age,20,0.2641388773544494,0.2604467713565371,0.7667833814744837,FALSE,FALSE,FALSE,+,0.009395184967704
TRAV25,TRAJ10,TRA,TRAV25_TRAJ10,2,0.004697592483852,legacy_plot_age,20,0.1862402812743262,0.4317632824020566,0.8623775129663037,FALSE,FALSE,FALSE,+,0.004697592483852
TRAV26-1,TRAJ10,TRA,TRAV26-1_TRAJ10,6,0.014092777451556,legacy_plot_age,20,-0.0247133804867982,0.9176293103332442,0.9892118482027,FALSE,FALSE,FALSE,-,0.014092777451556
TRAV27,TRAJ10,TRA,TRAV27_TRAJ10,3,0.007046388725778,legacy_plot_age,20,-0.1064727870004796,0.6550376632307118,0.9502999073148214,FALSE,FALSE,FALSE,-,0.007046388725778
TRAV29/DV5,TRAJ10,TRA,TRAV29/DV5_TRAJ10,6,0.014092777451556,legacy_plot_age,20,0.1107159445808561,0.6421546741390305,0.9478613143517702,FALSE,FALSE,FALSE,+,0.014092777451556
TRAV30,TRAJ10,TRA,TRAV30_TRAJ10,3,0.007046388725778,legacy_plot_age,20,0.0024198360681927,0.9919215749153836,0.9953547826744688,FALSE,FALSE,FALSE,+,0.007046388725778
TRAV26-2,TRAJ10,TRA,TRAV26-2_TRAJ10,1,0.002348796241926,legacy_plot_age,20,0.3383059456100871,0.1445764933214944,0.7387368079116571,FALSE,FALSE,FALSE,+,0.002348796241926
TRAV34,TRAJ10,TRA,TRAV34_TRAJ10,1,0.002348796241926,legacy_plot_age,20,0.1791031476759284,0.4499246852756275,0.8629670393973627,FALSE,FALSE,FALSE,+,0.002348796241926
TRAV35,TRAJ10,TRA,TRAV35_TRAJ10,2,0.004697592483852,legacy_plot_age,20,-0.2078961279341316,0.3791080226076501,0.8418268786176194,FALSE,FALSE,FALSE,-,0.004697592483852
TRAV36/DV7,TRAJ10,TRA,TRAV36/DV7_TRAJ10,0,0,NA,NA,NA,NA,NA,FALSE,NA,NA,NA,0
TRAV38-1,TRAJ10,TRA,TRAV38-1_TRAJ10,2,0.004697592483852,legacy_plot_age,20,0.3421623772249249,0.1397647628260121,0.7387368079116571,FALSE,FALSE,FALSE,+,0.004697592483852
TRAV38-2/DV8,TRAJ10,TRA,TRAV38-2/DV8_TRAJ10,2,0.004697592483852,legacy_plot_age,20,0.3421623772249249,0.1397647628260121,0.7387368079116571,FALSE,FALSE,FALSE,+,0.004697592483852
TRAV39,TRAJ10,TRA,TRAV39_TRAJ10,1,0.002348796241926,legacy_plot_age,20,0.1791031476759284,0.4499246852756275,0.8629670393973627,FALSE,FALSE,FALSE,+,0.002348796241926
TRAV40,TRAJ10,TRA,TRAV40_TRAJ10,2,0.004697592483852,legacy_plot_age,20,-0.1194020984506189,0.616089875618355,0.9357275255362292,FALSE,FALSE,FALSE,-,0.004697592483852
TRAV41,TRAJ10,TRA,TRAV41_TRAJ10,0,0,NA,NA,NA,NA,NA,FALSE,NA,NA,NA,0
TRAV1-1,TRAJ9,TRA,TRAV1-1_TRAJ9,69,0.1620669406928949,legacy_plot_age,20,-0.0798493918410529,0.7378974568351544,0.968896788059294,FALSE,FALSE,FALSE,-,0.1620669406928949
TRAV1-2,TRAJ9,TRA,TRAV1-2_TRAJ9,67,0.1573693482090428,legacy_plot_age,20,-0.2559471170753346,0.2760660110528501,0.7686775857063849,FALSE,FALSE,FALSE,-,0.1573693482090428
TRAV2,TRAJ9,TRA,TRAV2_TRAJ9,85,0.1996476805637111,legacy_plot_age,20,0.1981168873037444,0.4024223658025143,0.8489172941666808,FALSE,FALSE,FALSE,+,0.1996476805637111
TRAV3,TRAJ9,TRA,TRAV3_TRAJ9,114,0.2677627715795654,legacy_plot_age,20,0.1449611990515169,0.54200866531635,0.91269287641805,FALSE,FALSE,FALSE,+,0.2677627715795654
TRAV4,TRAJ9,TRA,TRAV4_TRAJ9,41,0.0963006459189665,legacy_plot_age,20,0.5691697347765126,0.0088131519397956,0.6025918978325971,FALSE,FALSE,FALSE,+,0.0963006459189665
TRAV5,TRAJ9,TRA,TRAV5_TRAJ9,40,0.0939518496770405,legacy_plot_age,20,-0.2531075062131488,0.2816135601076964,0.7703108658939515,FALSE,FALSE,FALSE,-,0.0939518496770405
TRAV6,TRAJ9,TRA,TRAV6_TRAJ9,30,0.0704638872577803,legacy_plot_age,20,-0.0512887865225527,0.8299684031834074,0.980577174620276,FALSE,FALSE,FALSE,-,0.0704638872577803
TRAV8-1,TRAJ9,TRA,TRAV8-1_TRAJ9,40,0.0939518496770405,legacy_plot_age,20,0.4040934695716275,0.0772189415579674,0.6930623776207202,FALSE,FALSE,FALSE,+,0.0939518496770405
TRAV9-1,TRAJ9,TRA,TRAV9-1_TRAJ9,0,0,NA,NA,NA,NA,NA,FALSE,NA,NA,NA,0
TRAV10,TRAJ9,TRA,TRAV10_TRAJ9,21,0.0493247210804462,legacy_plot_age,20,-0.2290177057073782,0.3314278050804173,0.8117699806537882,FALSE,FALSE,FALSE,-,0.0493247210804462
TRAV12-1,TRAJ9,TRA,TRAV12-1_TRAJ9,110,0.2583675866118614,legacy_plot_age,20,0.3924672938602694,0.0869681228983021,0.6930623776207202,FALSE,FALSE,FALSE,+,0.2583675866118614
TRAV8-2,TRAJ9,TRA,TRAV8-2_TRAJ9,31,0.0728126834997063,legacy_plot_age,20,0.2129649739976032,0.3673293702410266,0.8398960446656725,FALSE,FALSE,FALSE,+,0.0728126834997063
TRAV8-3,TRAJ9,TRA,TRAV8-3_TRAJ9,68,0.1597181444509688,legacy_plot_age,20,-0.0316027088036117,0.8947756906693063,0.9835748455116716,FALSE,FALSE,FALSE,-,0.1597181444509688
TRAV13-1,TRAJ9,TRA,TRAV13-1_TRAJ9,75,0.1761597181444509,legacy_plot_age,20,0.244067952419822,0.2997299362944098,0.7873442756082684,FALSE,FALSE,FALSE,+,0.1761597181444509
TRAV12-2,TRAJ9,TRA,TRAV12-2_TRAJ9,44,0.1033470346447445,legacy_plot_age,20,0.3084581651851406,0.1857741306579934,0.7474189055763873,FALSE,FALSE,FALSE,+,0.1033470346447445
TRAV8-4,TRAJ9,TRA,TRAV8-4_TRAJ9,63,0.1479741632413388,legacy_plot_age,20,0.0165475754462641,0.94479672348428,0.9901782203442352,FALSE,FALSE,FALSE,+,0.1479741632413388
TRAV13-2,TRAJ9,TRA,TRAV13-2_TRAJ9,20,0.0469759248385202,legacy_plot_age,20,0.332988560983543,0.1513995168340065,0.7474189055763873,FALSE,FALSE,FALSE,+,0.0469759248385202
TRAV14/DV4,TRAJ9,TRA,TRAV14/DV4_TRAJ9,41,0.0963006459189665,legacy_plot_age,20,0.2174417985772754,0.3571019900844904,0.8345199632589121,FALSE,FALSE,FALSE,+,0.0963006459189665
TRAV9-2,TRAJ9,TRA,TRAV9-2_TRAJ9,51,0.1197886083382266,legacy_plot_age,20,0.3532958940891869,0.126507237380692,0.7306070030392695,FALSE,FALSE,FALSE,+,0.1197886083382266
TRAV12-3,TRAJ9,TRA,TRAV12-3_TRAJ9,20,0.0469759248385202,legacy_plot_age,20,0.2460364309203001,0.2957257527757119,0.7831330151313507,FALSE,FALSE,FALSE,+,0.0469759248385202
TRAV8-6,TRAJ9,TRA,TRAV8-6_TRAJ9,19,0.0446271285965942,legacy_plot_age,20,0.428831811358111,0.0592085382824417,0.6930623776207202,FALSE,FALSE,FALSE,+,0.0446271285965942
TRAV16,TRAJ9,TRA,TRAV16_TRAJ9,12,0.0281855549031121,legacy_plot_age,20,0.3128668983446906,0.1792391156345958,0.7474189055763873,FALSE,FALSE,FALSE,+,0.0281855549031121
TRAV17,TRAJ9,TRA,TRAV17_TRAJ9,30,0.0704638872577803,legacy_plot_age,20,0.0906848633337941,0.7037772149544602,0.968896788059294,FALSE,FALSE,FALSE,+,0.0704638872577803
TRAV18,TRAJ9,TRA,TRAV18_TRAJ9,0,0,NA,NA,NA,NA,NA,FALSE,NA,NA,NA,0
TRAV19,TRAJ9,TRA,TRAV19_TRAJ9,16,0.0375807398708162,legacy_plot_age,20,0.0397156303696035,0.8679663980916265,0.98229559546794,FALSE,FALSE,FALSE,+,0.0375807398708162
TRAV20,TRAJ9,TRA,TRAV20_TRAJ9,10,0.0234879624192601,legacy_plot_age,20,-0.1862221779552523,0.4318088513208106,0.8623775129663037,FALSE,FALSE,FALSE,-,0.0234879624192601
TRAV21,TRAJ9,TRA,TRAV21_TRAJ9,18,0.0422783323546682,legacy_plot_age,20,0.2949282857826674,0.2068266505918587,0.7474189055763873,FALSE,FALSE,FALSE,+,0.0422783323546682
TRAV22,TRAJ9,TRA,TRAV22_TRAJ9,8,0.0187903699354081,legacy_plot_age,20,0.044975419373751,0.8506573801890094,0.9806093259447052,FALSE,FALSE,FALSE,+,0.0187903699354081
TRAV23/DV6,TRAJ9,TRA,TRAV23/DV6_TRAJ9,11,0.0258367586611861,legacy_plot_age,20,0.1341356898505202,0.5728863424878544,0.9273271896184708,FALSE,FALSE,FALSE,+,0.0258367586611861
TRAV24,TRAJ9,TRA,TRAV24_TRAJ9,5,0.01174398120963,legacy_plot_age,20,-0.0084694262386745,0.9717304784005169,0.9934447573962428,FALSE,FALSE,FALSE,-,0.01174398120963
TRAV25,TRAJ9,TRA,TRAV25_TRAJ9,6,0.014092777451556,legacy_plot_age,20,-0.0726247422461317,0.7609170788530748,0.9769790843883056,FALSE,FALSE,FALSE,-,0.014092777451556
TRAV26-1,TRAJ9,TRA,TRAV26-1_TRAJ9,17,0.0399295361127422,legacy_plot_age,20,0.6290271324614307,0.0029666537804778,0.4817376957840667,TRUE,FALSE,FALSE,+,0.0399295361127422
TRAV27,TRAJ9,TRA,TRAV27_TRAJ9,11,0.0258367586611861,legacy_plot_age,20,-0.0494238955710622,0.8360690892924363,0.9806093259447052,FALSE,FALSE,FALSE,-,0.0258367586611861
TRAV29/DV5,TRAJ9,TRA,TRAV29/DV5_TRAJ9,4,0.009395184967704,legacy_plot_age,20,-0.1209918034096358,0.6113659585095372,0.9357275255362292,FALSE,FALSE,FALSE,-,0.009395184967704
TRAV30,TRAJ9,TRA,TRAV30_TRAJ9,5,0.01174398120963,legacy_plot_age,20,-0.0613275601189556,0.7972970666295933,0.9769790843883056,FALSE,FALSE,FALSE,-,0.01174398120963
TRAV26-2,TRAJ9,TRA,TRAV26-2_TRAJ9,4,0.009395184967704,legacy_plot_age,20,0.3098655669168286,0.1836707246318153,0.7474189055763873,FALSE,FALSE,FALSE,+,0.009395184967704
TRAV34,TRAJ9,TRA,TRAV34_TRAJ9,0,0,NA,NA,NA,NA,NA,FALSE,NA,NA,NA,0
TRAV35,TRAJ9,TRA,TRAV35_TRAJ9,1,0.002348796241926,legacy_plot_age,20,-0.0199003497417698,0.9336333733712294,0.9892368769288012,FALSE,FALSE,FALSE,-,0.002348796241926
TRAV36/DV7,TRAJ9,TRA,TRAV36/DV7_TRAJ9,1,0.002348796241926,legacy_plot_age,20,-0.0597010492253094,0.8025700622016751,0.9769790843883056,FALSE,FALSE,FALSE,-,0.002348796241926
TRAV38-1,TRAJ9,TRA,TRAV38-1_TRAJ9,2,0.004697592483852,legacy_plot_age,20,-0.2793604219114893,0.2329378659395745,0.7667833814744837,FALSE,FALSE,FALSE,-,0.004697592483852
TRAV38-2/DV8,TRAJ9,TRA,TRAV38-2/DV8_TRAJ9,2,0.004697592483852,legacy_plot_age,20,-0.2382143132578591,0.3118311662162801,0.794309564628464,FALSE,FALSE,FALSE,-,0.004697592483852
TRAV39,TRAJ9,TRA,TRAV39_TRAJ9,1,0.002348796241926,legacy_plot_age,20,0.3781066450936268,0.1002274023195977,0.6930623776207202,FALSE,FALSE,FALSE,+,0.002348796241926
TRAV40,TRAJ9,TRA,TRAV40_TRAJ9,1,0.002348796241926,legacy_plot_age,20,0.3781066450936268,0.1002274023195977,0.6930623776207202,FALSE,FALSE,FALSE,+,0.002348796241926
TRAV41,TRAJ9,TRA,TRAV41_TRAJ9,1,0.002348796241926,legacy_plot_age,20,0.2189038471594681,0.3537977887689535,0.8304822298446632,FALSE,FALSE,FALSE,+,0.002348796241926
TRAV1-1,TRAJ8,TRA,TRAV1-1_TRAJ8,43,0.1009982384028185,legacy_plot_age,20,0.0060980729061265,0.9796437823922892,0.9934447573962428,FALSE,FALSE,FALSE,+,0.1009982384028185
TRAV1-2,TRAJ8,TRA,TRAV1-2_TRAJ8,64,0.1503229594832648,legacy_plot_age,20,-0.1275960554151373,0.591900395285518,0.9357275255362292,FALSE,FALSE,FALSE,-,0.1503229594832648
TRAV2,TRAJ8,TRA,TRAV2_TRAJ8,56,0.1315325895478567,legacy_plot_age,20,-0.2430398796087283,0.3018342581240447,0.7891692387409849,FALSE,FALSE,FALSE,-,0.1315325895478567
TRAV3,TRAJ8,TRA,TRAV3_TRAJ8,86,0.2019964768056371,legacy_plot_age,20,-0.1233546533266964,0.6043718529353507,0.9357275255362292,FALSE,FALSE,FALSE,-,0.2019964768056371
TRAV4,TRAJ8,TRA,TRAV4_TRAJ8,43,0.1009982384028185,legacy_plot_age,20,0.2529270920950947,0.2819683399578651,0.7703108658939515,FALSE,FALSE,FALSE,+,0.1009982384028185
TRAV5,TRAJ8,TRA,TRAV5_TRAJ8,27,0.0634174985320023,legacy_plot_age,20,0.3110017182124531,0.1819845105861602,0.7474189055763873,FALSE,FALSE,FALSE,+,0.0634174985320023
TRAV6,TRAJ8,TRA,TRAV6_TRAJ8,17,0.0399295361127422,legacy_plot_age,20,-0.1463032124818456,0.5382344672078587,0.91269287641805,FALSE,FALSE,FALSE,-,0.0399295361127422
TRAV8-1,TRAJ8,TRA,TRAV8-1_TRAJ8,31,0.0728126834997063,legacy_plot_age,20,0.2202928837338209,0.3506750109914065,0.8304822298446632,FALSE,FALSE,FALSE,+,0.0728126834997063
TRAV9-1,TRAJ8,TRA,TRAV9-1_TRAJ8,0,0,NA,NA,NA,NA,NA,FALSE,NA,NA,NA,0
TRAV10,TRAJ8,TRA,TRAV10_TRAJ8,19,0.0446271285965942,legacy_plot_age,20,0.1490412994997972,0.5305716348485524,0.9122436022960736,FALSE,FALSE,FALSE,+,0.0446271285965942
TRAV12-1,TRAJ8,TRA,TRAV12-1_TRAJ8,61,0.1432765707574868,legacy_plot_age,20,0.0160074413785821,0.946596126093424,0.9901782203442352,FALSE,FALSE,FALSE,+,0.1432765707574868
TRAV8-2,TRAJ8,TRA,TRAV8-2_TRAJ8,18,0.0422783323546682,legacy_plot_age,20,0.1460180002832277,0.5390355712859145,0.91269287641805,FALSE,FALSE,FALSE,+,0.0422783323546682
TRAV8-3,TRAJ8,TRA,TRAV8-3_TRAJ8,56,0.1315325895478567,legacy_plot_age,20,0.0780618943834631,0.743573755207656,0.9706546605732114,FALSE,FALSE,FALSE,+,0.1315325895478567
TRAV13-1,TRAJ8,TRA,TRAV13-1_TRAJ8,59,0.1385789782736347,legacy_plot_age,20,-0.0636621274583582,0.7897434243339992,0.9769790843883056,FALSE,FALSE,FALSE,-,0.1385789782736347
TRAV12-2,TRAJ8,TRA,TRAV12-2_TRAJ8,38,0.0892542571931885,legacy_plot_age,20,-0.3239601231379719,0.1634917007231445,0.7474189055763873,FALSE,FALSE,FALSE,-,0.0892542571931885
TRAV8-4,TRAJ8,TRA,TRAV8-4_TRAJ8,30,0.0704638872577803,legacy_plot_age,20,0.4802495465293574,0.0320999290971625,0.6186841642182179,FALSE,FALSE,FALSE,+,0.0704638872577803
TRAV13-2,TRAJ8,TRA,TRAV13-2_TRAJ8,15,0.0352319436288901,legacy_plot_age,20,0.2570765271795443,0.2738786303743177,0.7686775857063849,FALSE,FALSE,FALSE,+,0.0352319436288901
TRAV14/DV4,TRAJ8,TRA,TRAV14/DV4_TRAJ8,20,0.0469759248385202,legacy_plot_age,20,0.3359202487490363,0.1476105586276577,0.7459011152070912,FALSE,FALSE,FALSE,+,0.0469759248385202
TRAV9-2,TRAJ8,TRA,TRAV9-2_TRAJ8,45,0.1056958308866705,legacy_plot_age,20,0.1386064914976767,0.5600421325941378,0.921457412143848,FALSE,FALSE,FALSE,+,0.1056958308866705
TRAV12-3,TRAJ8,TRA,TRAV12-3_TRAJ8,10,0.0234879624192601,legacy_plot_age,20,0.0514667170153233,0.8293868162777476,0.980577174620276,FALSE,FALSE,FALSE,+,0.0234879624192601
TRAV8-6,TRAJ8,TRA,TRAV8-6_TRAJ8,21,0.0493247210804462,legacy_plot_age,20,0.4920728618406002,0.0275331931188406,0.6186841642182179,FALSE,FALSE,FALSE,+,0.0493247210804462
TRAV16,TRAJ8,TRA,TRAV16_TRAJ8,8,0.0187903699354081,legacy_plot_age,20,0.1460541969353771,0.538933871878297,0.91269287641805,FALSE,FALSE,FALSE,+,0.0187903699354081
TRAV17,TRAJ8,TRA,TRAV17_TRAJ8,21,0.0493247210804462,legacy_plot_age,20,0.3793061643354627,0.0990667429862242,0.6930623776207202,FALSE,FALSE,FALSE,+,0.0493247210804462
TRAV18,TRAJ8,TRA,TRAV18_TRAJ8,0,0,NA,NA,NA,NA,NA,FALSE,NA,NA,NA,0
TRAV19,TRAJ8,TRA,TRAV19_TRAJ8,12,0.0281855549031121,legacy_plot_age,20,0.5180683339323844,0.0192872294383224,0.6186841642182179,FALSE,FALSE,FALSE,+,0.0281855549031121
TRAV20,TRAJ8,TRA,TRAV20_TRAJ8,10,0.0234879624192601,legacy_plot_age,20,0.3595345864031349,0.1194823107925283,0.7145152159383996,FALSE,FALSE,FALSE,+,0.0234879624192601
TRAV21,TRAJ8,TRA,TRAV21_TRAJ8,10,0.0234879624192601,legacy_plot_age,20,0.1530091586942046,0.5195578226061772,0.9063365633139726,FALSE,FALSE,FALSE,+,0.0234879624192601
TRAV22,TRAJ8,TRA,TRAV22_TRAJ8,6,0.014092777451556,legacy_plot_age,20,0.3528483932311809,0.1270221765366069,0.7306070030392695,FALSE,FALSE,FALSE,+,0.014092777451556
TRAV23/DV6,TRAJ8,TRA,TRAV23/DV6_TRAJ8,9,0.0211391661773341,legacy_plot_age,20,0.0150036825840724,0.9499407030765056,0.9901782203442352,FALSE,FALSE,FALSE,+,0.0211391661773341
TRAV24,TRAJ8,TRA,TRAV24_TRAJ8,3,0.007046388725778,legacy_plot_age,20,0.1602532652825597,0.4997324328603443,0.8948131050641034,FALSE,FALSE,FALSE,+,0.007046388725778
TRAV25,TRAJ8,TRA,TRAV25_TRAJ8,7,0.016441573693482,legacy_plot_age,20,0.361658011459029,0.1171562473112924,0.7076381974944421,FALSE,FALSE,FALSE,+,0.016441573693482
TRAV26-1,TRAJ8,TRA,TRAV26-1_TRAJ8,10,0.0234879624192601,legacy_plot_age,20,0.3262166224257369,0.1604090959694348,0.7474189055763873,FALSE,FALSE,FALSE,+,0.0234879624192601
TRAV27,TRAJ8,TRA,TRAV27_TRAJ8,5,0.01174398120963,legacy_plot_age,20,0.636616681339923,0.0025434783975919,0.4817376957840667,TRUE,FALSE,FALSE,+,0.01174398120963
TRAV29/DV5,TRAJ8,TRA,TRAV29/DV5_TRAJ8,15,0.0352319436288901,legacy_plot_age,20,0.1583310516273545,0.5049570259332409,0.899151335754464,FALSE,FALSE,FALSE,+,0.0352319436288901
TRAV30,TRAJ8,TRA,TRAV30_TRAJ8,0,0,NA,NA,NA,NA,NA,FALSE,NA,NA,NA,0
TRAV26-2,TRAJ8,TRA,TRAV26-2_TRAJ8,0,0,NA,NA,NA,NA,NA,FALSE,NA,NA,NA,0
TRAV34,TRAJ8,TRA,TRAV34_TRAJ8,1,0.002348796241926,legacy_plot_age,20,-0.2985052461265474,0.2011136244258678,0.7474189055763873,FALSE,FALSE,FALSE,-,0.002348796241926
TRAV35,TRAJ8,TRA,TRAV35_TRAJ8,2,0.004697592483852,legacy_plot_age,20,-0.1342662492907933,0.5725094541595758,0.9273271896184708,FALSE,FALSE,FALSE,-,0.004697592483852
TRAV36/DV7,TRAJ8,TRA,TRAV36/DV7_TRAJ8,1,0.002348796241926,legacy_plot_age,20,-0.2985052461265474,0.2011136244258678,0.7474189055763873,FALSE,FALSE,FALSE,-,0.002348796241926
TRAV38-1,TRAJ8,TRA,TRAV38-1_TRAJ8,0,0,NA,NA,NA,NA,NA,FALSE,NA,NA,NA,0
TRAV38-2/DV8,TRAJ8,TRA,TRAV38-2/DV8_TRAJ8,1,0.002348796241926,legacy_plot_age,20,-0.2189038471594681,0.3537977887689535,0.8304822298446632,FALSE,FALSE,FALSE,-,0.002348796241926
TRAV39,TRAJ8,TRA,TRAV39_TRAJ8,0,0,NA,NA,NA,NA,NA,FALSE,NA,NA,NA,0
TRAV40,TRAJ8,TRA,TRAV40_TRAJ8,0,0,NA,NA,NA,NA,NA,FALSE,NA,NA,NA,0
TRAV41,TRAJ8,TRA,TRAV41_TRAJ8,0,0,NA,NA,NA,NA,NA,FALSE,NA,NA,NA,0
TRAV1-1,TRAJ7,TRA,TRAV1-1_TRAJ7,7,0.016441573693482,legacy_plot_age,20,0.370003965569622,0.1083281637127224,0.6947222648648491,FALSE,FALSE,FALSE,+,0.016441573693482
TRAV1-2,TRAJ7,TRA,TRAV1-2_TRAJ7,18,0.0422783323546682,legacy_plot_age,20,-0.0070972047380855,0.976309373876164,0.9934447573962428,FALSE,FALSE,FALSE,-,0.0422783323546682
TRAV2,TRAJ7,TRA,TRAV2_TRAJ7,5,0.01174398120963,legacy_plot_age,20,0.3948634133974865,0.0848883006994033,0.6930623776207202,FALSE,FALSE,FALSE,+,0.01174398120963
TRAV3,TRAJ7,TRA,TRAV3_TRAJ7,51,0.1197886083382266,legacy_plot_age,20,0.0135901124110797,0.9546521477772216,0.9901782203442352,FALSE,FALSE,FALSE,+,0.1197886083382266
TRAV4,TRAJ7,TRA,TRAV4_TRAJ7,14,0.0328831473869641,legacy_plot_age,20,0.0640964847070523,0.7883400025373266,0.9769790843883056,FALSE,FALSE,FALSE,+,0.0328831473869641
TRAV5,TRAJ7,TRA,TRAV5_TRAJ7,10,0.0234879624192601,legacy_plot_age,20,0.0082333394301234,0.9725182075442768,0.9934447573962428,FALSE,FALSE,FALSE,+,0.0234879624192601
TRAV6,TRAJ7,TRA,TRAV6_TRAJ7,6,0.014092777451556,legacy_plot_age,20,-0.2777783966716123,0.2357055211797533,0.7667833814744837,FALSE,FALSE,FALSE,-,0.014092777451556
TRAV8-1,TRAJ7,TRA,TRAV8-1_TRAJ7,26,0.0610687022900763,legacy_plot_age,20,0.002305547372893,0.9923031073060238,0.9953547826744688,FALSE,FALSE,FALSE,+,0.0610687022900763
TRAV9-1,TRAJ7,TRA,TRAV9-1_TRAJ7,0,0,NA,NA,NA,NA,NA,FALSE,NA,NA,NA,0
TRAV10,TRAJ7,TRA,TRAV10_TRAJ7,19,0.0446271285965942,legacy_plot_age,20,-0.0473146982539038,0.8429798429344175,0.9806093259447052,FALSE,FALSE,FALSE,-,0.0446271285965942
TRAV12-1,TRAJ7,TRA,TRAV12-1_TRAJ7,11,0.0258367586611861,legacy_plot_age,20,-0.020799521527454,0.9306414471626316,0.9892368769288012,FALSE,FALSE,FALSE,-,0.0258367586611861
TRAV8-2,TRAJ7,TRA,TRAV8-2_TRAJ7,2,0.004697592483852,legacy_plot_age,20,-0.173246773278443,0.4651170737698792,0.8767029163052338,FALSE,FALSE,FALSE,-,0.004697592483852
TRAV8-3,TRAJ7,TRA,TRAV8-3_TRAJ7,50,0.1174398120963006,legacy_plot_age,20,0.375238103794812,0.1030431133057165,0.6930623776207202,FALSE,FALSE,FALSE,+,0.1174398120963006
TRAV13-1,TRAJ7,TRA,TRAV13-1_TRAJ7,20,0.0469759248385202,legacy_plot_age,20,-0.0693948907723923,0.7712724073321032,0.9769790843883056,FALSE,FALSE,FALSE,-,0.0469759248385202
TRAV12-2,TRAJ7,TRA,TRAV12-2_TRAJ7,17,0.0399295361127422,legacy_plot_age,20,0.0275912020262146,0.9080742826880936,0.9880965328196084,FALSE,FALSE,FALSE,+,0.0399295361127422
TRAV8-4,TRAJ7,TRA,TRAV8-4_TRAJ7,13,0.0305343511450381,legacy_plot_age,20,0.1264950492894146,0.595127413451902,0.9357275255362292,FALSE,FALSE,FALSE,+,0.0305343511450381
TRAV13-2,TRAJ7,TRA,TRAV13-2_TRAJ7,5,0.01174398120963,legacy_plot_age,20,0.1986955791138579,0.4010212889558973,0.8489172941666808,FALSE,FALSE,FALSE,+,0.01174398120963
TRAV14/DV4,TRAJ7,TRA,TRAV14/DV4_TRAJ7,7,0.016441573693482,legacy_plot_age,20,0.257797249193872,0.2724884477177115,0.7686775857063849,FALSE,FALSE,FALSE,+,0.016441573693482
TRAV9-2,TRAJ7,TRA,TRAV9-2_TRAJ7,14,0.0328831473869641,legacy_plot_age,20,-0.2033270070920388,0.3899049532949125,0.8437605842221145,FALSE,FALSE,FALSE,-,0.0328831473869641
TRAV12-3,TRAJ7,TRA,TRAV12-3_TRAJ7,8,0.0187903699354081,legacy_plot_age,20,-0.2828351115256509,0.2269333061709678,0.7667833814744837,FALSE,FALSE,FALSE,-,0.0187903699354081
TRAV8-6,TRAJ7,TRA,TRAV8-6_TRAJ7,4,0.009395184967704,legacy_plot_age,20,-0.1479392897606386,0.5336496317564162,0.9122436022960736,FALSE,FALSE,FALSE,-,0.009395184967704
TRAV16,TRAJ7,TRA,TRAV16_TRAJ7,0,0,NA,NA,NA,NA,NA,FALSE,NA,NA,NA,0
TRAV17,TRAJ7,TRA,TRAV17_TRAJ7,14,0.0328831473869641,legacy_plot_age,20,-0.0602761644264995,0.8007046414190071,0.9769790843883056,FALSE,FALSE,FALSE,-,0.0328831473869641
TRAV18,TRAJ7,TRA,TRAV18_TRAJ7,0,0,NA,NA,NA,NA,NA,FALSE,NA,NA,NA,0
TRAV19,TRAJ7,TRA,TRAV19_TRAJ7,5,0.01174398120963,legacy_plot_age,20,0.3944255525693002,0.0852655912076237,0.6930623776207202,FALSE,FALSE,FALSE,+,0.01174398120963
TRAV20,TRAJ7,TRA,TRAV20_TRAJ7,7,0.016441573693482,legacy_plot_age,20,-0.056103358187875,0.8142623607689344,0.9774706427824436,FALSE,FALSE,FALSE,-,0.016441573693482
TRAV21,TRAJ7,TRA,TRAV21_TRAJ7,5,0.01174398120963,legacy_plot_age,20,0.0957570675541588,0.6879860905682431,0.9674947271323688,FALSE,FALSE,FALSE,+,0.01174398120963
TRAV22,TRAJ7,TRA,TRAV22_TRAJ7,1,0.002348796241926,legacy_plot_age,20,-0.2189038471594681,0.3537977887689535,0.8304822298446632,FALSE,FALSE,FALSE,-,0.002348796241926
TRAV23/DV6,TRAJ7,TRA,TRAV23/DV6_TRAJ7,3,0.007046388725778,legacy_plot_age,20,0.2468232789556572,0.2941343848483319,0.7810325524398717,FALSE,FALSE,FALSE,+,0.007046388725778
TRAV24,TRAJ7,TRA,TRAV24_TRAJ7,0,0,NA,NA,NA,NA,NA,FALSE,NA,NA,NA,0
TRAV25,TRAJ7,TRA,TRAV25_TRAJ7,1,0.002348796241926,legacy_plot_age,20,-0.0597010492253094,0.8025700622016751,0.9769790843883056,FALSE,FALSE,FALSE,-,0.002348796241926
TRAV26-1,TRAJ7,TRA,TRAV26-1_TRAJ7,3,0.007046388725778,legacy_plot_age,20,0.1572893444325266,0.5077993381697918,0.9014837878044616,FALSE,FALSE,FALSE,+,0.007046388725778
TRAV27,TRAJ7,TRA,TRAV27_TRAJ7,0,0,NA,NA,NA,NA,NA,FALSE,NA,NA,NA,0
TRAV29/DV5,TRAJ7,TRA,TRAV29/DV5_TRAJ7,3,0.007046388725778,legacy_plot_age,20,0.2516629510920426,0.2844620068709104,0.7703108658939515,FALSE,FALSE,FALSE,+,0.007046388725778
TRAV30,TRAJ7,TRA,TRAV30_TRAJ7,0,0,NA,NA,NA,NA,NA,FALSE,NA,NA,NA,0
TRAV26-2,TRAJ7,TRA,TRAV26-2_TRAJ7,0,0,NA,NA,NA,NA,NA,FALSE,NA,NA,NA,0
TRAV34,TRAJ7,TRA,TRAV34_TRAJ7,0,0,NA,NA,NA,NA,NA,FALSE,NA,NA,NA,0
TRAV35,TRAJ7,TRA,TRAV35_TRAJ7,1,0.002348796241926,legacy_plot_age,20,-0.1194020984506189,0.616089875618355,0.9357275255362292,FALSE,FALSE,FALSE,-,0.002348796241926
TRAV36/DV7,TRAJ7,TRA,TRAV36/DV7_TRAJ7,0,0,NA,NA,NA,NA,NA,FALSE,NA,NA,NA,0
TRAV38-1,TRAJ7,TRA,TRAV38-1_TRAJ7,0,0,NA,NA,NA,NA,NA,FALSE,NA,NA,NA,0
TRAV38-2/DV8,TRAJ7,TRA,TRAV38-2/DV8_TRAJ7,2,0.004697592483852,legacy_plot_age,20,-0.3724805625486524,0.1058036038000395,0.6930623776207202,FALSE,FALSE,FALSE,-,0.004697592483852
TRAV39,TRAJ7,TRA,TRAV39_TRAJ7,0,0,NA,NA,NA,NA,NA,FALSE,NA,NA,NA,0
TRAV40,TRAJ7,TRA,TRAV40_TRAJ7,0,0,NA,NA,NA,NA,NA,FALSE,NA,NA,NA,0
TRAV41,TRAJ7,TRA,TRAV41_TRAJ7,1,0.002348796241926,legacy_plot_age,20,-0.1194020984506189,0.616089875618355,0.9357275255362292,FALSE,FALSE,FALSE,-,0.002348796241926
TRAV1-1,TRAJ6,TRA,TRAV1-1_TRAJ6,38,0.0892542571931885,legacy_plot_age,20,-0.4451593221472367,0.0491987422208075,0.6930623776207202,FALSE,FALSE,FALSE,-,0.0892542571931885
TRAV1-2,TRAJ6,TRA,TRAV1-2_TRAJ6,115,0.2701115678214915,legacy_plot_age,20,-0.1722452171452042,0.4677410829901198,0.8772597867835029,FALSE,FALSE,FALSE,-,0.2701115678214915
TRAV2,TRAJ6,TRA,TRAV2_TRAJ6,49,0.1150910158543746,legacy_plot_age,20,0.2296383883319351,0.3300828249995812,0.8110726166292177,FALSE,FALSE,FALSE,+,0.1150910158543746
TRAV3,TRAJ6,TRA,TRAV3_TRAJ6,70,0.1644157369348209,legacy_plot_age,20,0.1378531953482328,0.5621973173734054,0.921457412143848,FALSE,FALSE,FALSE,+,0.1644157369348209
TRAV4,TRAJ6,TRA,TRAV4_TRAJ6,17,0.0399295361127422,legacy_plot_age,20,-0.0972059271385099,0.6834978082312475,0.966188778516916,FALSE,FALSE,FALSE,-,0.0399295361127422
TRAV5,TRAJ6,TRA,TRAV5_TRAJ6,76,0.178508514386377,legacy_plot_age,20,0.1423729722448962,0.5493215133489555,0.914247245892324,FALSE,FALSE,FALSE,+,0.178508514386377
TRAV6,TRAJ6,TRA,TRAV6_TRAJ6,28,0.0657662947739283,legacy_plot_age,20,-0.0831500023926233,0.7274506252991976,0.968896788059294,FALSE,FALSE,FALSE,-,0.0657662947739283
TRAV8-1,TRAJ6,TRA,TRAV8-1_TRAJ6,29,0.0681150910158543,legacy_plot_age,20,0.114343854113601,0.6312170197870466,0.9415333138134528,FALSE,FALSE,FALSE,+,0.0681150910158543
TRAV9-1,TRAJ6,TRA,TRAV9-1_TRAJ6,0,0,NA,NA,NA,NA,NA,FALSE,NA,NA,NA,0
TRAV10,TRAJ6,TRA,TRAV10_TRAJ6,71,0.1667645331767469,legacy_plot_age,20,0.2720798066375073,0.2458504381214764,0.7667833814744837,FALSE,FALSE,FALSE,+,0.1667645331767469
TRAV12-1,TRAJ6,TRA,TRAV12-1_TRAJ6,73,0.1714621256605989,legacy_plot_age,20,0.3653486324802892,0.1131909946604156,0.6998127268005091,FALSE,FALSE,FALSE,+,0.1714621256605989
TRAV8-2,TRAJ6,TRA,TRAV8-2_TRAJ6,18,0.0422783323546682,legacy_plot_age,20,0.1751987650042073,0.4600245615261175,0.8738626264233391,FALSE,FALSE,FALSE,+,0.0422783323546682
TRAV8-3,TRAJ6,TRA,TRAV8-3_TRAJ6,75,0.1761597181444509,legacy_plot_age,20,0.4975491154945295,0.0255994748493687,0.6186841642182179,FALSE,FALSE,FALSE,+,0.1761597181444509
TRAV13-1,TRAJ6,TRA,TRAV13-1_TRAJ6,76,0.178508514386377,legacy_plot_age,20,-0.2722828323430739,0.2454842735963573,0.7667833814744837,FALSE,FALSE,FALSE,-,0.178508514386377
TRAV12-2,TRAJ6,TRA,TRAV12-2_TRAJ6,57,0.1338813857897827,legacy_plot_age,20,0.5767485594739361,0.0077641194304447,0.6025918978325971,FALSE,FALSE,FALSE,+,0.1338813857897827
TRAV8-4,TRAJ6,TRA,TRAV8-4_TRAJ6,29,0.0681150910158543,legacy_plot_age,20,0.6355941132107753,0.0025973722529204,0.4817376957840667,TRUE,FALSE,FALSE,+,0.0681150910158543
TRAV13-2,TRAJ6,TRA,TRAV13-2_TRAJ6,15,0.0352319436288901,legacy_plot_age,20,0.3367435826920485,0.1465584855141885,0.7459011152070912,FALSE,FALSE,FALSE,+,0.0352319436288901
TRAV14/DV4,TRAJ6,TRA,TRAV14/DV4_TRAJ6,16,0.0375807398708162,legacy_plot_age,20,0.2253988965526147,0.3393338290705502,0.8257527915956068,FALSE,FALSE,FALSE,+,0.0375807398708162
TRAV9-2,TRAJ6,TRA,TRAV9-2_TRAJ6,28,0.0657662947739283,legacy_plot_age,20,-0.0345810757614181,0.8849193330659062,0.98229559546794,FALSE,FALSE,FALSE,-,0.0657662947739283
TRAV12-3,TRAJ6,TRA,TRAV12-3_TRAJ6,23,0.0540223135642983,legacy_plot_age,20,0.4204126289197125,0.064937711018708,0.6930623776207202,FALSE,FALSE,FALSE,+,0.0540223135642983
TRAV8-6,TRAJ6,TRA,TRAV8-6_TRAJ6,15,0.0352319436288901,legacy_plot_age,20,0.083581062203842,0.7260896363246871,0.968896788059294,FALSE,FALSE,FALSE,+,0.0352319436288901
TRAV16,TRAJ6,TRA,TRAV16_TRAJ6,8,0.0187903699354081,legacy_plot_age,20,-0.3005147067194668,0.1979507634853159,0.7474189055763873,FALSE,FALSE,FALSE,-,0.0187903699354081
TRAV17,TRAJ6,TRA,TRAV17_TRAJ6,17,0.0399295361127422,legacy_plot_age,20,0.3935005738116338,0.0860666836636363,0.6930623776207202,FALSE,FALSE,FALSE,+,0.0399295361127422
TRAV18,TRAJ6,TRA,TRAV18_TRAJ6,0,0,NA,NA,NA,NA,NA,FALSE,NA,NA,NA,0
TRAV19,TRAJ6,TRA,TRAV19_TRAJ6,10,0.0234879624192601,legacy_plot_age,20,0.2947782342988354,0.2070686355049826,0.7474189055763873,FALSE,FALSE,FALSE,+,0.0234879624192601
TRAV20,TRAJ6,TRA,TRAV20_TRAJ6,21,0.0493247210804462,legacy_plot_age,20,-0.0389777068931378,0.8703995861849882,0.98229559546794,FALSE,FALSE,FALSE,-,0.0493247210804462
TRAV21,TRAJ6,TRA,TRAV21_TRAJ6,25,0.0587199060481503,legacy_plot_age,20,0.3665820322899981,0.111887607424026,0.6973377316204429,FALSE,FALSE,FALSE,+,0.0587199060481503
TRAV22,TRAJ6,TRA,TRAV22_TRAJ6,10,0.0234879624192601,legacy_plot_age,20,-0.0500886436783588,0.8338934221994057,0.9806093259447052,FALSE,FALSE,FALSE,-,0.0234879624192601
TRAV23/DV6,TRAJ6,TRA,TRAV23/DV6_TRAJ6,5,0.01174398120963,legacy_plot_age,20,0.1199653149695361,0.6144145638620389,0.9357275255362292,FALSE,FALSE,FALSE,+,0.01174398120963
TRAV24,TRAJ6,TRA,TRAV24_TRAJ6,2,0.004697592483852,legacy_plot_age,20,0.2483203750324349,0.2911210873689869,0.7783114316681794,FALSE,FALSE,FALSE,+,0.004697592483852
TRAV25,TRAJ6,TRA,TRAV25_TRAJ6,9,0.0211391661773341,legacy_plot_age,20,0.086169446328024,0.7179340473785731,0.968896788059294,FALSE,FALSE,FALSE,+,0.0211391661773341
TRAV26-1,TRAJ6,TRA,TRAV26-1_TRAJ6,4,0.009395184967704,legacy_plot_age,20,-0.2587592668176989,0.2706397232785423,0.7667833814744837,FALSE,FALSE,FALSE,-,0.009395184967704
TRAV27,TRAJ6,TRA,TRAV27_TRAJ6,9,0.0211391661773341,legacy_plot_age,20,-0.0917872346319726,0.7003350356754878,0.968896788059294,FALSE,FALSE,FALSE,-,0.0211391661773341
TRAV29/DV5,TRAJ6,TRA,TRAV29/DV5_TRAJ6,11,0.0258367586611861,legacy_plot_age,20,0.0434955496567649,0.8555210624950155,0.9806093259447052,FALSE,FALSE,FALSE,+,0.0258367586611861
TRAV30,TRAJ6,TRA,TRAV30_TRAJ6,4,0.009395184967704,legacy_plot_age,20,0.2686018035693917,0.2521774748524114,0.7667833814744837,FALSE,FALSE,FALSE,+,0.009395184967704
TRAV26-2,TRAJ6,TRA,TRAV26-2_TRAJ6,0,0,NA,NA,NA,NA,NA,FALSE,NA,NA,NA,0
TRAV34,TRAJ6,TRA,TRAV34_TRAJ6,0,0,NA,NA,NA,NA,NA,FALSE,NA,NA,NA,0
TRAV35,TRAJ6,TRA,TRAV35_TRAJ6,2,0.004697592483852,legacy_plot_age,20,-0.0433116933196107,0.856125671636043,0.9806093259447052,FALSE,FALSE,FALSE,-,0.004697592483852
TRAV36/DV7,TRAJ6,TRA,TRAV36/DV7_TRAJ6,1,0.002348796241926,legacy_plot_age,20,0.1791031476759284,0.4499246852756275,0.8629670393973627,FALSE,FALSE,FALSE,+,0.002348796241926
TRAV38-1,TRAJ6,TRA,TRAV38-1_TRAJ6,1,0.002348796241926,legacy_plot_age,20,-0.1194020984506189,0.616089875618355,0.9357275255362292,FALSE,FALSE,FALSE,-,0.002348796241926
TRAV38-2/DV8,TRAJ6,TRA,TRAV38-2/DV8_TRAJ6,2,0.004697592483852,legacy_plot_age,20,0.145094172620696,0.5416341607012242,0.91269287641805,FALSE,FALSE,FALSE,+,0.004697592483852
TRAV39,TRAJ6,TRA,TRAV39_TRAJ6,0,0,NA,NA,NA,NA,NA,FALSE,NA,NA,NA,0
TRAV40,TRAJ6,TRA,TRAV40_TRAJ6,0,0,NA,NA,NA,NA,NA,FALSE,NA,NA,NA,0
TRAV41,TRAJ6,TRA,TRAV41_TRAJ6,0,0,NA,NA,NA,NA,NA,FALSE,NA,NA,NA,0
TRAV1-1,TRAJ5,TRA,TRAV1-1_TRAJ5,53,0.1244862008220786,legacy_plot_age,20,-0.2758692189862191,0.239073697435569,0.7667833814744837,FALSE,FALSE,FALSE,-,0.1244862008220786
TRAV1-2,TRAJ5,TRA,TRAV1-2_TRAJ5,14,0.0328831473869641,legacy_plot_age,20,-0.1073934478866507,0.6522342317340954,0.9502999073148214,FALSE,FALSE,FALSE,-,0.0328831473869641
TRAV2,TRAJ5,TRA,TRAV2_TRAJ5,33,0.0775102759835584,legacy_plot_age,20,-0.2390084109899149,0.3101725226331002,0.794309564628464,FALSE,FALSE,FALSE,-,0.0775102759835584
TRAV3,TRAJ5,TRA,TRAV3_TRAJ5,94,0.2207868467410452,legacy_plot_age,20,-0.164033107599699,0.48953586188351,0.8887028587254445,FALSE,FALSE,FALSE,-,0.2207868467410452
TRAV4,TRAJ5,TRA,TRAV4_TRAJ5,48,0.1127422196124486,legacy_plot_age,20,0.0407703372332391,0.8644906545696098,0.9818968142732016,FALSE,FALSE,FALSE,+,0.1127422196124486
TRAV5,TRAJ5,TRA,TRAV5_TRAJ5,52,0.1221374045801526,legacy_plot_age,20,0.3035125105141136,0.1932943479150147,0.7474189055763873,FALSE,FALSE,FALSE,+,0.1221374045801526
TRAV6,TRAJ5,TRA,TRAV6_TRAJ5,26,0.0610687022900763,legacy_plot_age,20,-0.2420824741537723,0.3038019909624272,0.7891692387409849,FALSE,FALSE,FALSE,-,0.0610687022900763
TRAV8-1,TRAJ5,TRA,TRAV8-1_TRAJ5,21,0.0493247210804462,legacy_plot_age,20,0.2144932987510308,0.3638193094961037,0.8367242014210802,FALSE,FALSE,FALSE,+,0.0493247210804462
TRAV9-1,TRAJ5,TRA,TRAV9-1_TRAJ5,0,0,NA,NA,NA,NA,NA,FALSE,NA,NA,NA,0
TRAV10,TRAJ5,TRA,TRAV10_TRAJ5,4,0.009395184967704,legacy_plot_age,20,0.0072595082045781,0.9757677518822367,0.9934447573962428,FALSE,FALSE,FALSE,+,0.009395184967704
TRAV12-1,TRAJ5,TRA,TRAV12-1_TRAJ5,64,0.1503229594832648,legacy_plot_age,20,0.1303202338537938,0.5839476633526427,0.9331325204020672,FALSE,FALSE,FALSE,+,0.1503229594832648
TRAV8-2,TRAJ5,TRA,TRAV8-2_TRAJ5,24,0.0563711098062243,legacy_plot_age,20,0.2523505147308308,0.2831040209855112,0.7703108658939515,FALSE,FALSE,FALSE,+,0.0563711098062243
TRAV8-3,TRAJ5,TRA,TRAV8-3_TRAJ5,14,0.0328831473869641,legacy_plot_age,20,0.275063060199801,0.2405051900849662,0.7667833814744837,FALSE,FALSE,FALSE,+,0.0328831473869641
TRAV13-1,TRAJ5,TRA,TRAV13-1_TRAJ5,37,0.0869054609512624,legacy_plot_age,20,0.0416835358358298,0.8614831777339663,0.9818968142732016,FALSE,FALSE,FALSE,+,0.0869054609512624
TRAV12-2,TRAJ5,TRA,TRAV12-2_TRAJ5,30,0.0704638872577803,legacy_plot_age,20,0.0709705870356385,0.7662157475021748,0.9769790843883056,FALSE,FALSE,FALSE,+,0.0704638872577803
TRAV8-4,TRAJ5,TRA,TRAV8-4_TRAJ5,33,0.0775102759835584,legacy_plot_age,20,0.5152871605676917,0.0200613862990253,0.6186841642182179,FALSE,FALSE,FALSE,+,0.0775102759835584
TRAV13-2,TRAJ5,TRA,TRAV13-2_TRAJ5,17,0.0399295361127422,legacy_plot_age,20,-0.0709720473808558,0.7662110652072134,0.9769790843883056,FALSE,FALSE,FALSE,-,0.0399295361127422
TRAV14/DV4,TRAJ5,TRA,TRAV14/DV4_TRAJ5,19,0.0446271285965942,legacy_plot_age,20,-0.0102515179550125,0.9657851994044035,0.9919531703851348,FALSE,FALSE,FALSE,-,0.0446271285965942
TRAV9-2,TRAJ5,TRA,TRAV9-2_TRAJ5,25,0.0587199060481503,legacy_plot_age,20,-0.0350639192102275,0.8833229458832789,0.98229559546794,FALSE,FALSE,FALSE,-,0.0587199060481503
TRAV12-3,TRAJ5,TRA,TRAV12-3_TRAJ5,7,0.016441573693482,legacy_plot_age,20,0.3094115236947141,0.1843475375482142,0.7474189055763873,FALSE,FALSE,FALSE,+,0.016441573693482
TRAV8-6,TRAJ5,TRA,TRAV8-6_TRAJ5,15,0.0352319436288901,legacy_plot_age,20,-0.0875993825021036,0.7134410455857252,0.968896788059294,FALSE,FALSE,FALSE,-,0.0352319436288901
TRAV16,TRAJ5,TRA,TRAV16_TRAJ5,4,0.009395184967704,legacy_plot_age,20,0.2879604921149334,0.2182618733875655,0.7613876759705274,FALSE,FALSE,FALSE,+,0.009395184967704
TRAV17,TRAJ5,TRA,TRAV17_TRAJ5,21,0.0493247210804462,legacy_plot_age,20,-0.1297761719585803,0.58553231224003,0.9331325204020672,FALSE,FALSE,FALSE,-,0.0493247210804462
TRAV18,TRAJ5,TRA,TRAV18_TRAJ5,0,0,NA,NA,NA,NA,NA,FALSE,NA,NA,NA,0
TRAV19,TRAJ5,TRA,TRAV19_TRAJ5,7,0.016441573693482,legacy_plot_age,20,0.0565670223051301,0.8127532989569425,0.9774706427824436,FALSE,FALSE,FALSE,+,0.016441573693482
TRAV20,TRAJ5,TRA,TRAV20_TRAJ5,14,0.0328831473869641,legacy_plot_age,20,-0.0972433512179316,0.6833820103386963,0.966188778516916,FALSE,FALSE,FALSE,-,0.0328831473869641
TRAV21,TRAJ5,TRA,TRAV21_TRAJ5,7,0.016441573693482,legacy_plot_age,20,-0.109424731672219,0.6460648333017909,0.9497740468392502,FALSE,FALSE,FALSE,-,0.016441573693482
TRAV22,TRAJ5,TRA,TRAV22_TRAJ5,3,0.007046388725778,legacy_plot_age,20,0.0216558466598053,0.9277929219439622,0.9892368769288012,FALSE,FALSE,FALSE,+,0.007046388725778
TRAV23/DV6,TRAJ5,TRA,TRAV23/DV6_TRAJ5,3,0.007046388725778,legacy_plot_age,20,-0.173246773278443,0.4651170737698792,0.8767029163052338,FALSE,FALSE,FALSE,-,0.007046388725778
TRAV24,TRAJ5,TRA,TRAV24_TRAJ5,3,0.007046388725778,legacy_plot_age,20,0.0387173770910834,0.8712582520258145,0.98229559546794,FALSE,FALSE,FALSE,+,0.007046388725778
TRAV25,TRAJ5,TRA,TRAV25_TRAJ5,2,0.004697592483852,legacy_plot_age,20,0.1256039106268711,0.5977446754468221,0.9357275255362292,FALSE,FALSE,FALSE,+,0.004697592483852
TRAV26-1,TRAJ5,TRA,TRAV26-1_TRAJ5,6,0.014092777451556,legacy_plot_age,20,-0.1269588086673117,0.5937672530358944,0.9357275255362292,FALSE,FALSE,FALSE,-,0.014092777451556
TRAV27,TRAJ5,TRA,TRAV27_TRAJ5,6,0.014092777451556,legacy_plot_age,20,0.4715464072485032,0.0358246068895472,0.6614033554985281,FALSE,FALSE,FALSE,+,0.014092777451556
TRAV29/DV5,TRAJ5,TRA,TRAV29/DV5_TRAJ5,10,0.0234879624192601,legacy_plot_age,20,0.445423663169678,0.0490481250976768,0.6930623776207202,FALSE,FALSE,FALSE,+,0.0234879624192601
TRAV30,TRAJ5,TRA,TRAV30_TRAJ5,1,0.002348796241926,legacy_plot_age,20,-0.3781066450936268,0.1002274023195977,0.6930623776207202,FALSE,FALSE,FALSE,-,0.002348796241926
TRAV26-2,TRAJ5,TRA,TRAV26-2_TRAJ5,1,0.002348796241926,legacy_plot_age,20,-0.1791031476759284,0.4499246852756275,0.8629670393973627,FALSE,FALSE,FALSE,-,0.002348796241926
TRAV34,TRAJ5,TRA,TRAV34_TRAJ5,0,0,NA,NA,NA,NA,NA,FALSE,NA,NA,NA,0
TRAV35,TRAJ5,TRA,TRAV35_TRAJ5,3,0.007046388725778,legacy_plot_age,20,0.2371439346828863,0.3140753164035643,0.794309564628464,FALSE,FALSE,FALSE,+,0.007046388725778
TRAV36/DV7,TRAJ5,TRA,TRAV36/DV7_TRAJ5,0,0,NA,NA,NA,NA,NA,FALSE,NA,NA,NA,0
TRAV38-1,TRAJ5,TRA,TRAV38-1_TRAJ5,0,0,NA,NA,NA,NA,NA,FALSE,NA,NA,NA,0
TRAV38-2/DV8,TRAJ5,TRA,TRAV38-2/DV8_TRAJ5,3,0.007046388725778,legacy_plot_age,20,-0.0822744263185523,0.7302175057546695,0.968896788059294,FALSE,FALSE,FALSE,-,0.007046388725778
TRAV39,TRAJ5,TRA,TRAV39_TRAJ5,2,0.004697592483852,legacy_plot_age,20,0.032483769989708,0.8918583698515252,0.9835748455116716,FALSE,FALSE,FALSE,+,0.004697592483852
TRAV40,TRAJ5,TRA,TRAV40_TRAJ5,0,0,NA,NA,NA,NA,NA,FALSE,NA,NA,NA,0
TRAV41,TRAJ5,TRA,TRAV41_TRAJ5,0,0,NA,NA,NA,NA,NA,FALSE,NA,NA,NA,0
TRAV1-1,TRAJ4,TRA,TRAV1-1_TRAJ4,26,0.0610687022900763,legacy_plot_age,20,0.1924131062325424,0.4163745684323648,0.8541035355845672,FALSE,FALSE,FALSE,+,0.0610687022900763
TRAV1-2,TRAJ4,TRA,TRAV1-2_TRAJ4,73,0.1714621256605989,legacy_plot_age,20,0.2942061700526711,0.2079929131149489,0.7482392113344761,FALSE,FALSE,FALSE,+,0.1714621256605989
TRAV2,TRAJ4,TRA,TRAV2_TRAJ4,45,0.1056958308866705,legacy_plot_age,20,-0.4180813204414146,0.0665955667511415,0.6930623776207202,FALSE,FALSE,FALSE,-,0.1056958308866705
TRAV3,TRAJ4,TRA,TRAV3_TRAJ4,77,0.180857310628303,legacy_plot_age,20,0.2606926167369092,0.266948189519717,0.7667833814744837,FALSE,FALSE,FALSE,+,0.180857310628303
TRAV4,TRAJ4,TRA,TRAV4_TRAJ4,40,0.0939518496770405,legacy_plot_age,20,0.0282035871908352,0.9060425476497724,0.9880965328196084,FALSE,FALSE,FALSE,+,0.0939518496770405
TRAV5,TRAJ4,TRA,TRAV5_TRAJ4,64,0.1503229594832648,legacy_plot_age,20,0.2629003561559194,0.2627716290969599,0.7667833814744837,FALSE,FALSE,FALSE,+,0.1503229594832648
TRAV6,TRAJ4,TRA,TRAV6_TRAJ4,24,0.0563711098062243,legacy_plot_age,20,0.1181501625562015,0.6198203564670878,0.9366706081900316,FALSE,FALSE,FALSE,+,0.0563711098062243
TRAV8-1,TRAJ4,TRA,TRAV8-1_TRAJ4,29,0.0681150910158543,legacy_plot_age,20,0.3988596955105011,0.0815016097494383,0.6930623776207202,FALSE,FALSE,FALSE,+,0.0681150910158543
TRAV9-1,TRAJ4,TRA,TRAV9-1_TRAJ4,1,0.002348796241926,legacy_plot_age,20,0.2587045466430078,0.2707446686759674,0.7667833814744837,FALSE,FALSE,FALSE,+,0.002348796241926
TRAV10,TRAJ4,TRA,TRAV10_TRAJ4,29,0.0681150910158543,legacy_plot_age,20,0.2645009819400837,0.2597695208101264,0.7667833814744837,FALSE,FALSE,FALSE,+,0.0681150910158543
TRAV12-1,TRAJ4,TRA,TRAV12-1_TRAJ4,46,0.1080446271285966,legacy_plot_age,20,0.3757937428400474,0.1024932732693257,0.6930623776207202,FALSE,FALSE,FALSE,+,0.1080446271285966
TRAV8-2,TRAJ4,TRA,TRAV8-2_TRAJ4,43,0.1009982384028185,legacy_plot_age,20,0.535868156625869,0.014878821568367,0.6186841642182179,FALSE,FALSE,FALSE,+,0.1009982384028185
TRAV8-3,TRAJ4,TRA,TRAV8-3_TRAJ4,55,0.1291837933059307,legacy_plot_age,20,0.172504818222652,0.4670602271092433,0.8772597867835029,FALSE,FALSE,FALSE,+,0.1291837933059307
TRAV13-1,TRAJ4,TRA,TRAV13-1_TRAJ4,56,0.1315325895478567,legacy_plot_age,20,0.2967174543085737,0.2039557405223824,0.7474189055763873,FALSE,FALSE,FALSE,+,0.1315325895478567
TRAV12-2,TRAJ4,TRA,TRAV12-2_TRAJ4,29,0.0681150910158543,legacy_plot_age,20,0.1430736834388669,0.5473373232196209,0.9137746503784232,FALSE,FALSE,FALSE,+,0.0681150910158543
TRAV8-4,TRAJ4,TRA,TRAV8-4_TRAJ4,41,0.0963006459189665,legacy_plot_age,20,0.3258506953688872,0.1609062421817382,0.7474189055763873,FALSE,FALSE,FALSE,+,0.0963006459189665
TRAV13-2,TRAJ4,TRA,TRAV13-2_TRAJ4,22,0.0516735173223722,legacy_plot_age,20,0.0433978592212256,0.855842306575061,0.9806093259447052,FALSE,FALSE,FALSE,+,0.0516735173223722
TRAV14/DV4,TRAJ4,TRA,TRAV14/DV4_TRAJ4,11,0.0258367586611861,legacy_plot_age,20,0.4865903603202952,0.029582506377384,0.6186841642182179,FALSE,FALSE,FALSE,+,0.0258367586611861
TRAV9-2,TRAJ4,TRA,TRAV9-2_TRAJ4,26,0.0610687022900763,legacy_plot_age,20,0.165999410848301,0.4842723285595545,0.884105365445429,FALSE,FALSE,FALSE,+,0.0610687022900763
TRAV12-3,TRAJ4,TRA,TRAV12-3_TRAJ4,11,0.0258367586611861,legacy_plot_age,20,-0.2047561387944006,0.3865096819398201,0.8437605842221145,FALSE,FALSE,FALSE,-,0.0258367586611861
TRAV8-6,TRAJ4,TRA,TRAV8-6_TRAJ4,14,0.0328831473869641,legacy_plot_age,20,0.2665734595763503,0.2559147799350422,0.7667833814744837,FALSE,FALSE,FALSE,+,0.0328831473869641
TRAV16,TRAJ4,TRA,TRAV16_TRAJ4,6,0.014092777451556,legacy_plot_age,20,0.263361218600934,0.2619050090769229,0.7667833814744837,FALSE,FALSE,FALSE,+,0.014092777451556
TRAV17,TRAJ4,TRA,TRAV17_TRAJ4,11,0.0258367586611861,legacy_plot_age,20,0.2173337759603365,0.3573468212626307,0.8345199632589121,FALSE,FALSE,FALSE,+,0.0258367586611861
TRAV18,TRAJ4,TRA,TRAV18_TRAJ4,0,0,NA,NA,NA,NA,NA,FALSE,NA,NA,NA,0
TRAV19,TRAJ4,TRA,TRAV19_TRAJ4,7,0.016441573693482,legacy_plot_age,20,0.4236333906091048,0.0626987272550261,0.6930623776207202,FALSE,FALSE,FALSE,+,0.016441573693482
TRAV20,TRAJ4,TRA,TRAV20_TRAJ4,11,0.0258367586611861,legacy_plot_age,20,0.1676696123131502,0.4798235559909344,0.8834008501789498,FALSE,FALSE,FALSE,+,0.0258367586611861
TRAV21,TRAJ4,TRA,TRAV21_TRAJ4,17,0.0399295361127422,legacy_plot_age,20,0.2981593661310134,0.2016614114691343,0.7474189055763873,FALSE,FALSE,FALSE,+,0.0399295361127422
TRAV22,TRAJ4,TRA,TRAV22_TRAJ4,4,0.009395184967704,legacy_plot_age,20,0.0064555326441005,0.9784507897996576,0.9934447573962428,FALSE,FALSE,FALSE,+,0.009395184967704
TRAV23/DV6,TRAJ4,TRA,TRAV23/DV6_TRAJ4,5,0.01174398120963,legacy_plot_age,20,-0.0217477748283824,0.9274871768863624,0.9892368769288012,FALSE,FALSE,FALSE,-,0.01174398120963
TRAV24,TRAJ4,TRA,TRAV24_TRAJ4,0,0,NA,NA,NA,NA,NA,FALSE,NA,NA,NA,0
TRAV25,TRAJ4,TRA,TRAV25_TRAJ4,5,0.01174398120963,legacy_plot_age,20,0.3351134394009843,0.1486466197908868,0.7459011152070912,FALSE,FALSE,FALSE,+,0.01174398120963
TRAV26-1,TRAJ4,TRA,TRAV26-1_TRAJ4,8,0.0187903699354081,legacy_plot_age,20,0.2647522109526994,0.2593002979431149,0.7667833814744837,FALSE,FALSE,FALSE,+,0.0187903699354081
TRAV27,TRAJ4,TRA,TRAV27_TRAJ4,2,0.004697592483852,legacy_plot_age,20,-0.2966850992393336,0.2040074211775885,0.7474189055763873,FALSE,FALSE,FALSE,-,0.004697592483852
TRAV29/DV5,TRAJ4,TRA,TRAV29/DV5_TRAJ4,4,0.009395184967704,legacy_plot_age,20,0.1718083608416829,0.4688879596195933,0.8772597867835029,FALSE,FALSE,FALSE,+,0.009395184967704
TRAV30,TRAJ4,TRA,TRAV30_TRAJ4,3,0.007046388725778,legacy_plot_age,20,0.4258911480019184,0.0611642985335112,0.6930623776207202,FALSE,FALSE,FALSE,+,0.007046388725778
TRAV26-2,TRAJ4,TRA,TRAV26-2_TRAJ4,0,0,NA,NA,NA,NA,NA,FALSE,NA,NA,NA,0
TRAV34,TRAJ4,TRA,TRAV34_TRAJ4,0,0,NA,NA,NA,NA,NA,FALSE,NA,NA,NA,0
TRAV35,TRAJ4,TRA,TRAV35_TRAJ4,2,0.004697592483852,legacy_plot_age,20,0.2540952674750497,0.2796760596313399,0.7703108658939515,FALSE,FALSE,FALSE,+,0.004697592483852
TRAV36/DV7,TRAJ4,TRA,TRAV36/DV7_TRAJ4,1,0.002348796241926,legacy_plot_age,20,0.1791031476759284,0.4499246852756275,0.8629670393973627,FALSE,FALSE,FALSE,+,0.002348796241926
TRAV38-1,TRAJ4,TRA,TRAV38-1_TRAJ4,2,0.004697592483852,legacy_plot_age,20,-0.1602532652825597,0.4997324328603443,0.8948131050641034,FALSE,FALSE,FALSE,-,0.004697592483852
TRAV38-2/DV8,TRAJ4,TRA,TRAV38-2/DV8_TRAJ4,1,0.002348796241926,legacy_plot_age,20,-0.2587045466430078,0.2707446686759674,0.7667833814744837,FALSE,FALSE,FALSE,-,0.002348796241926
TRAV39,TRAJ4,TRA,TRAV39_TRAJ4,0,0,NA,NA,NA,NA,NA,FALSE,NA,NA,NA,0
TRAV40,TRAJ4,TRA,TRAV40_TRAJ4,0,0,NA,NA,NA,NA,NA,FALSE,NA,NA,NA,0
TRAV41,TRAJ4,TRA,TRAV41_TRAJ4,0,0,NA,NA,NA,NA,NA,FALSE,NA,NA,NA,0
TRAV1-1,TRAJ3,TRA,TRAV1-1_TRAJ3,33,0.0775102759835584,legacy_plot_age,20,0.1429439371193703,0.5477044787398521,0.9137746503784232,FALSE,FALSE,FALSE,+,0.0775102759835584
TRAV1-2,TRAJ3,TRA,TRAV1-2_TRAJ3,18,0.0422783323546682,legacy_plot_age,20,0.3856147907693165,0.0931232591943848,0.6930623776207202,FALSE,FALSE,FALSE,+,0.0422783323546682
TRAV2,TRAJ3,TRA,TRAV2_TRAJ3,26,0.0610687022900763,legacy_plot_age,20,0.0969951314205029,0.6841501811061184,0.966188778516916,FALSE,FALSE,FALSE,+,0.0610687022900763
TRAV3,TRAJ3,TRA,TRAV3_TRAJ3,69,0.1620669406928949,legacy_plot_age,20,0.3775031225299921,0.1008151024059397,0.6930623776207202,FALSE,FALSE,FALSE,+,0.1620669406928949
TRAV4,TRAJ3,TRA,TRAV4_TRAJ3,41,0.0963006459189665,legacy_plot_age,20,0.2793523106721941,0.2329520020999372,0.7667833814744837,FALSE,FALSE,FALSE,+,0.0963006459189665
TRAV5,TRAJ3,TRA,TRAV5_TRAJ3,55,0.1291837933059307,legacy_plot_age,20,0.3103580135708849,0.1829385690289711,0.7474189055763873,FALSE,FALSE,FALSE,+,0.1291837933059307
TRAV6,TRAJ3,TRA,TRAV6_TRAJ3,15,0.0352319436288901,legacy_plot_age,20,-0.0436366989796542,0.8550569473796888,0.9806093259447052,FALSE,FALSE,FALSE,-,0.0352319436288901
TRAV8-1,TRAJ3,TRA,TRAV8-1_TRAJ3,25,0.0587199060481503,legacy_plot_age,20,0.0310841130439713,0.8964934467896362,0.9835748455116716,FALSE,FALSE,FALSE,+,0.0587199060481503
TRAV9-1,TRAJ3,TRA,TRAV9-1_TRAJ3,1,0.002348796241926,legacy_plot_age,20,0.0597010492253094,0.8025700622016751,0.9769790843883056,FALSE,FALSE,FALSE,+,0.002348796241926
TRAV10,TRAJ3,TRA,TRAV10_TRAJ3,10,0.0234879624192601,legacy_plot_age,20,0.3159599038292907,0.1747487235866492,0.7474189055763873,FALSE,FALSE,FALSE,+,0.0234879624192601
TRAV12-1,TRAJ3,TRA,TRAV12-1_TRAJ3,41,0.0963006459189665,legacy_plot_age,20,0.2372172130293587,0.3139213727143373,0.794309564628464,FALSE,FALSE,FALSE,+,0.0963006459189665
TRAV8-2,TRAJ3,TRA,TRAV8-2_TRAJ3,17,0.0399295361127422,legacy_plot_age,20,0.4882259162387888,0.0289590138813743,0.6186841642182179,FALSE,FALSE,FALSE,+,0.0399295361127422
TRAV8-3,TRAJ3,TRA,TRAV8-3_TRAJ3,23,0.0540223135642983,legacy_plot_age,20,0.3519802322616753,0.1280254146873563,0.7306070030392695,FALSE,FALSE,FALSE,+,0.0540223135642983
TRAV13-1,TRAJ3,TRA,TRAV13-1_TRAJ3,26,0.0610687022900763,legacy_plot_age,20,0.2539222139626174,0.2800149056414326,0.7703108658939515,FALSE,FALSE,FALSE,+,0.0610687022900763
TRAV12-2,TRAJ3,TRA,TRAV12-2_TRAJ3,34,0.0798590722254844,legacy_plot_age,20,0.4818594009346516,0.031445474211367,0.6186841642182179,FALSE,FALSE,FALSE,+,0.0798590722254844
TRAV8-4,TRAJ3,TRA,TRAV8-4_TRAJ3,25,0.0587199060481503,legacy_plot_age,20,0.6489999443827147,0.0019614311062797,0.4817376957840667,TRUE,FALSE,FALSE,+,0.0587199060481503
TRAV13-2,TRAJ3,TRA,TRAV13-2_TRAJ3,7,0.016441573693482,legacy_plot_age,20,0.4066334308327801,0.0752019662396347,0.6930623776207202,FALSE,FALSE,FALSE,+,0.016441573693482
TRAV14/DV4,TRAJ3,TRA,TRAV14/DV4_TRAJ3,21,0.0493247210804462,legacy_plot_age,20,0.4816503566622211,0.0315298617984426,0.6186841642182179,FALSE,FALSE,FALSE,+,0.0493247210804462
TRAV9-2,TRAJ3,TRA,TRAV9-2_TRAJ3,35,0.0822078684674104,legacy_plot_age,20,0.3727301586177129,0.1055515592797052,0.6930623776207202,FALSE,FALSE,FALSE,+,0.0822078684674104
TRAV12-3,TRAJ3,TRA,TRAV12-3_TRAJ3,15,0.0352319436288901,legacy_plot_age,20,0.2093544875394312,0.3756976434761098,0.8400154874741859,FALSE,FALSE,FALSE,+,0.0352319436288901
TRAV8-6,TRAJ3,TRA,TRAV8-6_TRAJ3,9,0.0211391661773341,legacy_plot_age,20,0.3936260254409598,0.0859577100722245,0.6930623776207202,FALSE,FALSE,FALSE,+,0.0211391661773341
TRAV16,TRAJ3,TRA,TRAV16_TRAJ3,4,0.009395184967704,legacy_plot_age,20,0.1379306558869849,0.5619755335446698,0.921457412143848,FALSE,FALSE,FALSE,+,0.009395184967704
TRAV17,TRAJ3,TRA,TRAV17_TRAJ3,9,0.0211391661773341,legacy_plot_age,20,0.3088993473191389,0.1851130276613111,0.7474189055763873,FALSE,FALSE,FALSE,+,0.0211391661773341
TRAV18,TRAJ3,TRA,TRAV18_TRAJ3,0,0,NA,NA,NA,NA,NA,FALSE,NA,NA,NA,0
TRAV19,TRAJ3,TRA,TRAV19_TRAJ3,16,0.0375807398708162,legacy_plot_age,20,0.3209513698223146,0.167665066604527,0.7474189055763873,FALSE,FALSE,FALSE,+,0.0375807398708162
TRAV20,TRAJ3,TRA,TRAV20_TRAJ3,12,0.0281855549031121,legacy_plot_age,20,0.5225349183733874,0.0180939548950555,0.6186841642182179,FALSE,FALSE,FALSE,+,0.0281855549031121
TRAV21,TRAJ3,TRA,TRAV21_TRAJ3,12,0.0281855549031121,legacy_plot_age,20,0.1129689041624279,0.6353537827297783,0.9443046428205644,FALSE,FALSE,FALSE,+,0.0281855549031121
TRAV22,TRAJ3,TRA,TRAV22_TRAJ3,3,0.007046388725778,legacy_plot_age,20,0.269811721603488,0.2499647943505856,0.7667833814744837,FALSE,FALSE,FALSE,+,0.007046388725778
TRAV23/DV6,TRAJ3,TRA,TRAV23/DV6_TRAJ3,7,0.016441573693482,legacy_plot_age,20,0.0316331270231017,0.8946749496591908,0.9835748455116716,FALSE,FALSE,FALSE,+,0.016441573693482
TRAV24,TRAJ3,TRA,TRAV24_TRAJ3,0,0,NA,NA,NA,NA,NA,FALSE,NA,NA,NA,0
TRAV25,TRAJ3,TRA,TRAV25_TRAJ3,4,0.009395184967704,legacy_plot_age,20,0.0617058197389143,0.7960719864221124,0.9769790843883056,FALSE,FALSE,FALSE,+,0.009395184967704
TRAV26-1,TRAJ3,TRA,TRAV26-1_TRAJ3,5,0.01174398120963,legacy_plot_age,20,0.3756433833993335,0.1026418526004849,0.6930623776207202,FALSE,FALSE,FALSE,+,0.01174398120963
TRAV27,TRAJ3,TRA,TRAV27_TRAJ3,11,0.0258367586611861,legacy_plot_age,20,0.4516467531675744,0.045603326471997,0.6930623776207202,FALSE,FALSE,FALSE,+,0.0258367586611861
TRAV29/DV5,TRAJ3,TRA,TRAV29/DV5_TRAJ3,5,0.01174398120963,legacy_plot_age,20,-0.0603006483877877,0.8006252491886302,0.9769790843883056,FALSE,FALSE,FALSE,-,0.01174398120963
TRAV30,TRAJ3,TRA,TRAV30_TRAJ3,1,0.002348796241926,legacy_plot_age,20,0.2587045466430078,0.2707446686759674,0.7667833814744837,FALSE,FALSE,FALSE,+,0.002348796241926
TRAV26-2,TRAJ3,TRA,TRAV26-2_TRAJ3,0,0,NA,NA,NA,NA,NA,FALSE,NA,NA,NA,0
TRAV34,TRAJ3,TRA,TRAV34_TRAJ3,0,0,NA,NA,NA,NA,NA,FALSE,NA,NA,NA,0
TRAV35,TRAJ3,TRA,TRAV35_TRAJ3,2,0.004697592483852,legacy_plot_age,20,0.0837359404179141,0.7256008306456372,0.968896788059294,FALSE,FALSE,FALSE,+,0.004697592483852
TRAV36/DV7,TRAJ3,TRA,TRAV36/DV7_TRAJ3,0,0,NA,NA,NA,NA,NA,FALSE,NA,NA,NA,0
TRAV38-1,TRAJ3,TRA,TRAV38-1_TRAJ3,0,0,NA,NA,NA,NA,NA,FALSE,NA,NA,NA,0
TRAV38-2/DV8,TRAJ3,TRA,TRAV38-2/DV8_TRAJ3,0,0,NA,NA,NA,NA,NA,FALSE,NA,NA,NA,0
TRAV39,TRAJ3,TRA,TRAV39_TRAJ3,0,0,NA,NA,NA,NA,NA,FALSE,NA,NA,NA,0
TRAV40,TRAJ3,TRA,TRAV40_TRAJ3,0,0,NA,NA,NA,NA,NA,FALSE,NA,NA,NA,0
TRAV41,TRAJ3,TRA,TRAV41_TRAJ3,0,0,NA,NA,NA,NA,NA,FALSE,NA,NA,NA,0
