component,MainID,length,frequency,sample_total,percentage,canonical_week,legacy_plot_age,rho,p_value,p_adjusted_bh,legacy_display,standardized_fdr10,standardized_fdr05,direction
IGH,B11.6_P24,0,0,964,0.0,13.57,11.0,,,,False,False,False,-
IGH,B11.6_P24,1,0,964,0.0,13.57,11.0,,,,False,False,False,-
IGH,B11.6_P24,2,0,964,0.0,13.57,11.0,,,,False,False,False,-
IGH,B11.6_P24,3,0,964,0.0,13.57,11.0,,,,False,False,False,-
IGH,B11.6_P24,4,0,964,0.0,13.57,11.0,,,,False,False,False,-
IGH,B11.6_P24,5,0,964,0.0,13.57,11.0,,,,False,False,False,-
IGH,B11.6_P24,6,0,964,0.0,13.57,11.0,,,,False,False,False,-
IGH,B11.6_P24,7,4,964,0.4149377593360996,13.57,11.0,-0.5870385992390047,0.0065053008211593,0.0160719196758055,True,True,True,-
IGH,B11.6_P24,8,7,964,0.7261410788381742,13.57,11.0,-0.1926260891424546,0.415848947789863,0.5136957590345367,False,False,False,-
IGH,B11.6_P24,9,26,964,2.6970954356846475,13.57,11.0,-0.7577127803377024,0.0001089765309163,0.0004577014298487,True,True,True,-
IGH,B11.6_P24,10,31,964,3.2157676348547715,13.57,11.0,-0.5741160391238003,0.0081162556033604,0.0189379297411744,True,True,True,-
IGH,B11.6_P24,11,73,964,7.572614107883817,13.57,11.0,-0.8615502815160567,1.0622558319506483e-06,8.922948988385448e-06,True,True,True,-
IGH,B11.6_P24,12,91,964,9.439834024896266,13.57,11.0,-0.821670661498283,8.889442620212626e-06,4.666957375611629e-05,True,True,True,-
IGH,B11.6_P24,13,120,964,12.448132780082988,13.57,11.0,-0.8886383253017145,1.6591682817945666e-07,1.742126695884295e-06,True,True,True,-
IGH,B11.6_P24,14,142,964,14.730290456431536,13.57,11.0,-0.8502635966053661,2.0595820987367702e-06,1.4417074691157392e-05,True,True,True,-
IGH,B11.6_P24,15,129,964,13.381742738589212,13.57,11.0,-0.3807375043206329,0.0976946292662243,0.1825852794566184,False,False,False,-
IGH,B11.6_P24,16,116,964,12.033195020746888,13.57,11.0,-0.5432657670345791,0.0133038756798684,0.0294085672923408,True,True,True,-
IGH,B11.6_P24,17,79,964,8.195020746887966,13.57,11.0,0.3295711993921684,0.1559009550819026,0.2619136045375965,False,False,False,+
IGH,B11.6_P24,18,59,964,6.1203319502074685,13.57,11.0,0.745673649766299,0.0001606623513513,0.0005623182297297,True,True,True,+
IGH,B11.6_P24,19,45,964,4.668049792531121,13.57,11.0,0.6185103331058505,0.0036484873588475,0.0095772793169749,True,True,True,+
IGH,B11.6_P24,20,18,964,1.867219917012448,13.57,11.0,0.9014299015338304,5.806134470002117e-08,8.128588258002962e-07,True,True,True,+
IGH,B11.6_P24,21,8,964,0.8298755186721992,13.57,11.0,0.8367195747125372,4.261822676727164e-06,2.5570936060362988e-05,True,True,True,+
IGH,B11.6_P24,22,2,964,0.2074688796680498,13.57,11.0,0.9465766411765932,2.7711185029141615e-10,1.1638697712239481e-08,True,True,True,+
IGH,B11.6_P24,23,3,964,0.3112033195020747,13.57,11.0,0.9179837060695102,1.1807917343989557e-08,2.479662642237807e-07,True,True,True,+
IGH,B11.6_P24,24,1,964,0.1037344398340249,13.57,11.0,0.6884877795521327,0.0007897705031942,0.0025515662410889,True,True,True,+
IGH,B11.6_P24,25,1,964,0.1037344398340249,13.57,11.0,0.7458493252664141,0.0001597791310397,0.0005623182297297,True,True,True,+
IGH,B11.6_P24,26,1,964,0.1037344398340249,13.57,11.0,0.7938016482384426,2.945106306176228e-05,0.0001374382942882,True,True,True,+
IGH,B11.6_P24,27,0,964,0.0,13.57,11.0,0.6759452611164878,0.0010696624222403,0.0032089872667209,True,True,True,+
IGH,B11.6_P24,28,3,964,0.3112033195020747,13.57,11.0,0.6347433073049019,0.0026429358687331,0.0074002204324528,True,True,True,+
IGH,B11.6_P24,29,0,964,0.0,13.57,11.0,0.3002203530130698,0.1984119808459414,0.2910105783972195,False,False,False,+
IGH,B11.6_P24,30,0,964,0.0,13.57,11.0,0.4362479595214145,0.0544867558503378,0.1089735117006755,False,False,False,+
IGH,B11.6_P24,31,1,964,0.1037344398340249,13.57,11.0,-0.2895171810928736,0.2156718618757633,0.3019406066260687,False,False,False,-
IGH,B11.6_P24,32,1,964,0.1037344398340249,13.57,11.0,-0.3143130386621632,0.1771299733133637,0.2861330338138952,False,False,False,-
IGH,B11.6_P24,33,1,964,0.1037344398340249,13.57,11.0,-0.078246168112375,0.7429879889808404,0.7611096472486658,False,False,False,-
IGH,B11.6_P24,34,0,964,0.0,13.57,11.0,-0.1544582726934441,0.5155625109566682,0.5852331205454071,False,False,False,-
IGH,B11.6_P24,35,0,964,0.0,13.57,11.0,0.3783540799641375,0.099987176845291,0.1825852794566184,False,False,False,+
IGH,B11.6_P24,36,1,964,0.1037344398340249,13.57,11.0,-0.0153066756723232,0.9489310267979428,0.9489310267979428,False,False,False,-
IGH,B11.6_P24,37,0,964,0.0,13.57,11.0,0.3713328571845452,0.1069681812430296,0.1871943171753019,False,False,False,+
IGH,B11.6_P24,38,1,964,0.1037344398340249,13.57,11.0,0.1101434224287483,0.6438873228372797,0.7116649357675197,False,False,False,+
IGH,B11.6_P24,39,0,964,0.0,13.57,11.0,0.084726144286006,0.7224781042048394,0.7586020094150814,False,False,False,+
IGH,B11.6_P24,40,0,964,0.0,13.57,11.0,0.0995392046667761,0.6762912662798355,0.7283136713782844,False,False,False,+
IGH,B11.6_P24,41,0,964,0.0,13.57,11.0,0.2816319828682844,0.2290008848123576,0.3102592632941619,False,False,False,+
IGH,B11.6_P24,42,0,964,0.0,13.57,11.0,0.2323932246409531,0.3241523266992246,0.4125575067081041,False,False,False,+
IGH,B11.6_P24,43,0,964,0.0,13.57,11.0,0.1791705684001971,0.4497512966056953,0.5247098460399778,False,False,False,+
IGH,B11.6_P24,44,0,964,0.0,13.57,11.0,,,,False,False,False,-
IGH,B11.6_P24,45,0,964,0.0,13.57,11.0,0.4390570399587614,0.0527752128983353,0.1089735117006755,False,False,False,+
IGH,B11.6_P24,46,0,964,0.0,13.57,11.0,0.2986176140003285,0.2009358755599849,0.2910105783972195,False,False,False,+
IGH,B11.6_P24,47,0,964,0.0,13.57,11.0,0.2986176140003285,0.2009358755599849,0.2910105783972195,False,False,False,+
IGH,B11.6_P24,48,0,964,0.0,13.57,11.0,0.2588019321336181,0.2705579150377114,0.3551072634869962,False,False,False,+
IGH,B11.6_P24,49,0,964,0.0,13.57,11.0,,,,False,False,False,-
IGH,B11.6_P24,50,0,964,0.0,13.57,11.0,0.1791705684001971,0.4497512966056953,0.5247098460399778,False,False,False,+
IGH,B17.4_P3,0,0,90,0.0,19.43,17.0,,,,False,False,False,-
IGH,B17.4_P3,1,0,90,0.0,19.43,17.0,,,,False,False,False,-
IGH,B17.4_P3,2,0,90,0.0,19.43,17.0,,,,False,False,False,-
IGH,B17.4_P3,3,0,90,0.0,19.43,17.0,,,,False,False,False,-
IGH,B17.4_P3,4,0,90,0.0,19.43,17.0,,,,False,False,False,-
IGH,B17.4_P3,5,0,90,0.0,19.43,17.0,,,,False,False,False,-
IGH,B17.4_P3,6,0,90,0.0,19.43,17.0,,,,False,False,False,-
IGH,B17.4_P3,7,1,90,1.1111111111111112,19.43,17.0,-0.5870385992390047,0.0065053008211593,0.0160719196758055,True,True,True,-
IGH,B17.4_P3,8,0,90,0.0,19.43,17.0,-0.1926260891424546,0.415848947789863,0.5136957590345367,False,False,False,-
IGH,B17.4_P3,9,1,90,1.1111111111111112,19.43,17.0,-0.7577127803377024,0.0001089765309163,0.0004577014298487,True,True,True,-
IGH,B17.4_P3,10,2,90,2.2222222222222223,19.43,17.0,-0.5741160391238003,0.0081162556033604,0.0189379297411744,True,True,True,-
IGH,B17.4_P3,11,3,90,3.333333333333333,19.43,17.0,-0.8615502815160567,1.0622558319506483e-06,8.922948988385448e-06,True,True,True,-
IGH,B17.4_P3,12,6,90,6.666666666666667,19.43,17.0,-0.821670661498283,8.889442620212626e-06,4.666957375611629e-05,True,True,True,-
IGH,B17.4_P3,13,20,90,22.22222222222222,19.43,17.0,-0.8886383253017145,1.6591682817945666e-07,1.742126695884295e-06,True,True,True,-
IGH,B17.4_P3,14,11,90,12.22222222222222,19.43,17.0,-0.8502635966053661,2.0595820987367702e-06,1.4417074691157392e-05,True,True,True,-
IGH,B17.4_P3,15,9,90,10.0,19.43,17.0,-0.3807375043206329,0.0976946292662243,0.1825852794566184,False,False,False,-
IGH,B17.4_P3,16,13,90,14.444444444444445,19.43,17.0,-0.5432657670345791,0.0133038756798684,0.0294085672923408,True,True,True,-
IGH,B17.4_P3,17,5,90,5.555555555555555,19.43,17.0,0.3295711993921684,0.1559009550819026,0.2619136045375965,False,False,False,+
IGH,B17.4_P3,18,7,90,7.777777777777778,19.43,17.0,0.745673649766299,0.0001606623513513,0.0005623182297297,True,True,True,+
IGH,B17.4_P3,19,7,90,7.777777777777778,19.43,17.0,0.6185103331058505,0.0036484873588475,0.0095772793169749,True,True,True,+
IGH,B17.4_P3,20,1,90,1.1111111111111112,19.43,17.0,0.9014299015338304,5.806134470002117e-08,8.128588258002962e-07,True,True,True,+
IGH,B17.4_P3,21,2,90,2.2222222222222223,19.43,17.0,0.8367195747125372,4.261822676727164e-06,2.5570936060362988e-05,True,True,True,+
IGH,B17.4_P3,22,1,90,1.1111111111111112,19.43,17.0,0.9465766411765932,2.7711185029141615e-10,1.1638697712239481e-08,True,True,True,+
IGH,B17.4_P3,23,0,90,0.0,19.43,17.0,0.9179837060695102,1.1807917343989557e-08,2.479662642237807e-07,True,True,True,+
IGH,B17.4_P3,24,1,90,1.1111111111111112,19.43,17.0,0.6884877795521327,0.0007897705031942,0.0025515662410889,True,True,True,+
IGH,B17.4_P3,25,0,90,0.0,19.43,17.0,0.7458493252664141,0.0001597791310397,0.0005623182297297,True,True,True,+
IGH,B17.4_P3,26,0,90,0.0,19.43,17.0,0.7938016482384426,2.945106306176228e-05,0.0001374382942882,True,True,True,+
IGH,B17.4_P3,27,0,90,0.0,19.43,17.0,0.6759452611164878,0.0010696624222403,0.0032089872667209,True,True,True,+
IGH,B17.4_P3,28,0,90,0.0,19.43,17.0,0.6347433073049019,0.0026429358687331,0.0074002204324528,True,True,True,+
IGH,B17.4_P3,29,0,90,0.0,19.43,17.0,0.3002203530130698,0.1984119808459414,0.2910105783972195,False,False,False,+
IGH,B17.4_P3,30,0,90,0.0,19.43,17.0,0.4362479595214145,0.0544867558503378,0.1089735117006755,False,False,False,+
IGH,B17.4_P3,31,0,90,0.0,19.43,17.0,-0.2895171810928736,0.2156718618757633,0.3019406066260687,False,False,False,-
IGH,B17.4_P3,32,0,90,0.0,19.43,17.0,-0.3143130386621632,0.1771299733133637,0.2861330338138952,False,False,False,-
IGH,B17.4_P3,33,0,90,0.0,19.43,17.0,-0.078246168112375,0.7429879889808404,0.7611096472486658,False,False,False,-
IGH,B17.4_P3,34,0,90,0.0,19.43,17.0,-0.1544582726934441,0.5155625109566682,0.5852331205454071,False,False,False,-
IGH,B17.4_P3,35,0,90,0.0,19.43,17.0,0.3783540799641375,0.099987176845291,0.1825852794566184,False,False,False,+
IGH,B17.4_P3,36,0,90,0.0,19.43,17.0,-0.0153066756723232,0.9489310267979428,0.9489310267979428,False,False,False,-
IGH,B17.4_P3,37,0,90,0.0,19.43,17.0,0.3713328571845452,0.1069681812430296,0.1871943171753019,False,False,False,+
IGH,B17.4_P3,38,0,90,0.0,19.43,17.0,0.1101434224287483,0.6438873228372797,0.7116649357675197,False,False,False,+
IGH,B17.4_P3,39,0,90,0.0,19.43,17.0,0.084726144286006,0.7224781042048394,0.7586020094150814,False,False,False,+
IGH,B17.4_P3,40,0,90,0.0,19.43,17.0,0.0995392046667761,0.6762912662798355,0.7283136713782844,False,False,False,+
IGH,B17.4_P3,41,0,90,0.0,19.43,17.0,0.2816319828682844,0.2290008848123576,0.3102592632941619,False,False,False,+
IGH,B17.4_P3,42,0,90,0.0,19.43,17.0,0.2323932246409531,0.3241523266992246,0.4125575067081041,False,False,False,+
IGH,B17.4_P3,43,0,90,0.0,19.43,17.0,0.1791705684001971,0.4497512966056953,0.5247098460399778,False,False,False,+
IGH,B17.4_P3,44,0,90,0.0,19.43,17.0,,,,False,False,False,-
IGH,B17.4_P3,45,0,90,0.0,19.43,17.0,0.4390570399587614,0.0527752128983353,0.1089735117006755,False,False,False,+
IGH,B17.4_P3,46,0,90,0.0,19.43,17.0,0.2986176140003285,0.2009358755599849,0.2910105783972195,False,False,False,+
IGH,B17.4_P3,47,0,90,0.0,19.43,17.0,0.2986176140003285,0.2009358755599849,0.2910105783972195,False,False,False,+
IGH,B17.4_P3,48,0,90,0.0,19.43,17.0,0.2588019321336181,0.2705579150377114,0.3551072634869962,False,False,False,+
IGH,B17.4_P3,49,0,90,0.0,19.43,17.0,,,,False,False,False,-
IGH,B17.4_P3,50,0,90,0.0,19.43,17.0,0.1791705684001971,0.4497512966056953,0.5247098460399778,False,False,False,+
IGH,B18.0_P4,0,0,1185,0.0,20.0,18.0,,,,False,False,False,-
IGH,B18.0_P4,1,0,1185,0.0,20.0,18.0,,,,False,False,False,-
IGH,B18.0_P4,2,0,1185,0.0,20.0,18.0,,,,False,False,False,-
IGH,B18.0_P4,3,0,1185,0.0,20.0,18.0,,,,False,False,False,-
IGH,B18.0_P4,4,0,1185,0.0,20.0,18.0,,,,False,False,False,-
IGH,B18.0_P4,5,0,1185,0.0,20.0,18.0,,,,False,False,False,-
IGH,B18.0_P4,6,0,1185,0.0,20.0,18.0,,,,False,False,False,-
IGH,B18.0_P4,7,8,1185,0.6751054852320675,20.0,18.0,-0.5870385992390047,0.0065053008211593,0.0160719196758055,True,True,True,-
IGH,B18.0_P4,8,9,1185,0.7594936708860759,20.0,18.0,-0.1926260891424546,0.415848947789863,0.5136957590345367,False,False,False,-
IGH,B18.0_P4,9,19,1185,1.6033755274261603,20.0,18.0,-0.7577127803377024,0.0001089765309163,0.0004577014298487,True,True,True,-
IGH,B18.0_P4,10,29,1185,2.447257383966245,20.0,18.0,-0.5741160391238003,0.0081162556033604,0.0189379297411744,True,True,True,-
IGH,B18.0_P4,11,64,1185,5.40084388185654,20.0,18.0,-0.8615502815160567,1.0622558319506483e-06,8.922948988385448e-06,True,True,True,-
IGH,B18.0_P4,12,130,1185,10.970464135021098,20.0,18.0,-0.821670661498283,8.889442620212626e-06,4.666957375611629e-05,True,True,True,-
IGH,B18.0_P4,13,166,1185,14.0084388185654,20.0,18.0,-0.8886383253017145,1.6591682817945666e-07,1.742126695884295e-06,True,True,True,-
IGH,B18.0_P4,14,177,1185,14.936708860759492,20.0,18.0,-0.8502635966053661,2.0595820987367702e-06,1.4417074691157392e-05,True,True,True,-
IGH,B18.0_P4,15,140,1185,11.81434599156118,20.0,18.0,-0.3807375043206329,0.0976946292662243,0.1825852794566184,False,False,False,-
IGH,B18.0_P4,16,152,1185,12.827004219409282,20.0,18.0,-0.5432657670345791,0.0133038756798684,0.0294085672923408,True,True,True,-
IGH,B18.0_P4,17,114,1185,9.620253164556962,20.0,18.0,0.3295711993921684,0.1559009550819026,0.2619136045375965,False,False,False,+
IGH,B18.0_P4,18,69,1185,5.822784810126582,20.0,18.0,0.745673649766299,0.0001606623513513,0.0005623182297297,True,True,True,+
IGH,B18.0_P4,19,41,1185,3.459915611814346,20.0,18.0,0.6185103331058505,0.0036484873588475,0.0095772793169749,True,True,True,+
IGH,B18.0_P4,20,25,1185,2.109704641350211,20.0,18.0,0.9014299015338304,5.806134470002117e-08,8.128588258002962e-07,True,True,True,+
IGH,B18.0_P4,21,18,1185,1.5189873417721518,20.0,18.0,0.8367195747125372,4.261822676727164e-06,2.5570936060362988e-05,True,True,True,+
IGH,B18.0_P4,22,14,1185,1.181434599156118,20.0,18.0,0.9465766411765932,2.7711185029141615e-10,1.1638697712239481e-08,True,True,True,+
IGH,B18.0_P4,23,1,1185,0.0843881856540084,20.0,18.0,0.9179837060695102,1.1807917343989557e-08,2.479662642237807e-07,True,True,True,+
IGH,B18.0_P4,24,1,1185,0.0843881856540084,20.0,18.0,0.6884877795521327,0.0007897705031942,0.0025515662410889,True,True,True,+
IGH,B18.0_P4,25,2,1185,0.1687763713080168,20.0,18.0,0.7458493252664141,0.0001597791310397,0.0005623182297297,True,True,True,+
IGH,B18.0_P4,26,0,1185,0.0,20.0,18.0,0.7938016482384426,2.945106306176228e-05,0.0001374382942882,True,True,True,+
IGH,B18.0_P4,27,2,1185,0.1687763713080168,20.0,18.0,0.6759452611164878,0.0010696624222403,0.0032089872667209,True,True,True,+
IGH,B18.0_P4,28,0,1185,0.0,20.0,18.0,0.6347433073049019,0.0026429358687331,0.0074002204324528,True,True,True,+
IGH,B18.0_P4,29,0,1185,0.0,20.0,18.0,0.3002203530130698,0.1984119808459414,0.2910105783972195,False,False,False,+
IGH,B18.0_P4,30,0,1185,0.0,20.0,18.0,0.4362479595214145,0.0544867558503378,0.1089735117006755,False,False,False,+
IGH,B18.0_P4,31,1,1185,0.0843881856540084,20.0,18.0,-0.2895171810928736,0.2156718618757633,0.3019406066260687,False,False,False,-
IGH,B18.0_P4,32,1,1185,0.0843881856540084,20.0,18.0,-0.3143130386621632,0.1771299733133637,0.2861330338138952,False,False,False,-
IGH,B18.0_P4,33,1,1185,0.0843881856540084,20.0,18.0,-0.078246168112375,0.7429879889808404,0.7611096472486658,False,False,False,-
IGH,B18.0_P4,34,1,1185,0.0843881856540084,20.0,18.0,-0.1544582726934441,0.5155625109566682,0.5852331205454071,False,False,False,-
IGH,B18.0_P4,35,0,1185,0.0,20.0,18.0,0.3783540799641375,0.099987176845291,0.1825852794566184,False,False,False,+
IGH,B18.0_P4,36,0,1185,0.0,20.0,18.0,-0.0153066756723232,0.9489310267979428,0.9489310267979428,False,False,False,-
IGH,B18.0_P4,37,0,1185,0.0,20.0,18.0,0.3713328571845452,0.1069681812430296,0.1871943171753019,False,False,False,+
IGH,B18.0_P4,38,0,1185,0.0,20.0,18.0,0.1101434224287483,0.6438873228372797,0.7116649357675197,False,False,False,+
IGH,B18.0_P4,39,0,1185,0.0,20.0,18.0,0.084726144286006,0.7224781042048394,0.7586020094150814,False,False,False,+
IGH,B18.0_P4,40,0,1185,0.0,20.0,18.0,0.0995392046667761,0.6762912662798355,0.7283136713782844,False,False,False,+
IGH,B18.0_P4,41,0,1185,0.0,20.0,18.0,0.2816319828682844,0.2290008848123576,0.3102592632941619,False,False,False,+
IGH,B18.0_P4,42,0,1185,0.0,20.0,18.0,0.2323932246409531,0.3241523266992246,0.4125575067081041,False,False,False,+
IGH,B18.0_P4,43,0,1185,0.0,20.0,18.0,0.1791705684001971,0.4497512966056953,0.5247098460399778,False,False,False,+
IGH,B18.0_P4,44,0,1185,0.0,20.0,18.0,,,,False,False,False,-
IGH,B18.0_P4,45,0,1185,0.0,20.0,18.0,0.4390570399587614,0.0527752128983353,0.1089735117006755,False,False,False,+
IGH,B18.0_P4,46,0,1185,0.0,20.0,18.0,0.2986176140003285,0.2009358755599849,0.2910105783972195,False,False,False,+
IGH,B18.0_P4,47,0,1185,0.0,20.0,18.0,0.2986176140003285,0.2009358755599849,0.2910105783972195,False,False,False,+
IGH,B18.0_P4,48,0,1185,0.0,20.0,18.0,0.2588019321336181,0.2705579150377114,0.3551072634869962,False,False,False,+
IGH,B18.0_P4,49,0,1185,0.0,20.0,18.0,,,,False,False,False,-
IGH,B18.0_P4,50,0,1185,0.0,20.0,18.0,0.1791705684001971,0.4497512966056953,0.5247098460399778,False,False,False,+
IGH,B18.6_P5,0,0,1965,0.0,20.57,18.0,,,,False,False,False,-
IGH,B18.6_P5,1,0,1965,0.0,20.57,18.0,,,,False,False,False,-
IGH,B18.6_P5,2,0,1965,0.0,20.57,18.0,,,,False,False,False,-
IGH,B18.6_P5,3,0,1965,0.0,20.57,18.0,,,,False,False,False,-
IGH,B18.6_P5,4,0,1965,0.0,20.57,18.0,,,,False,False,False,-
IGH,B18.6_P5,5,0,1965,0.0,20.57,18.0,,,,False,False,False,-
IGH,B18.6_P5,6,0,1965,0.0,20.57,18.0,,,,False,False,False,-
IGH,B18.6_P5,7,5,1965,0.2544529262086514,20.57,18.0,-0.5870385992390047,0.0065053008211593,0.0160719196758055,True,True,True,-
IGH,B18.6_P5,8,11,1965,0.5597964376590331,20.57,18.0,-0.1926260891424546,0.415848947789863,0.5136957590345367,False,False,False,-
IGH,B18.6_P5,9,20,1965,1.0178117048346056,20.57,18.0,-0.7577127803377024,0.0001089765309163,0.0004577014298487,True,True,True,-
IGH,B18.6_P5,10,38,1965,1.9338422391857504,20.57,18.0,-0.5741160391238003,0.0081162556033604,0.0189379297411744,True,True,True,-
IGH,B18.6_P5,11,97,1965,4.936386768447837,20.57,18.0,-0.8615502815160567,1.0622558319506483e-06,8.922948988385448e-06,True,True,True,-
IGH,B18.6_P5,12,127,1965,6.463104325699745,20.57,18.0,-0.821670661498283,8.889442620212626e-06,4.666957375611629e-05,True,True,True,-
IGH,B18.6_P5,13,211,1965,10.73791348600509,20.57,18.0,-0.8886383253017145,1.6591682817945666e-07,1.742126695884295e-06,True,True,True,-
IGH,B18.6_P5,14,278,1965,14.147582697201017,20.57,18.0,-0.8502635966053661,2.0595820987367702e-06,1.4417074691157392e-05,True,True,True,-
IGH,B18.6_P5,15,274,1965,13.944020356234097,20.57,18.0,-0.3807375043206329,0.0976946292662243,0.1825852794566184,False,False,False,-
IGH,B18.6_P5,16,245,1965,12.46819338422392,20.57,18.0,-0.5432657670345791,0.0133038756798684,0.0294085672923408,True,True,True,-
IGH,B18.6_P5,17,198,1965,10.076335877862595,20.57,18.0,0.3295711993921684,0.1559009550819026,0.2619136045375965,False,False,False,+
IGH,B18.6_P5,18,133,1965,6.768447837150127,20.57,18.0,0.745673649766299,0.0001606623513513,0.0005623182297297,True,True,True,+
IGH,B18.6_P5,19,119,1965,6.055979643765904,20.57,18.0,0.6185103331058505,0.0036484873588475,0.0095772793169749,True,True,True,+
IGH,B18.6_P5,20,64,1965,3.2569974554707377,20.57,18.0,0.9014299015338304,5.806134470002117e-08,8.128588258002962e-07,True,True,True,+
IGH,B18.6_P5,21,56,1965,2.849872773536896,20.57,18.0,0.8367195747125372,4.261822676727164e-06,2.5570936060362988e-05,True,True,True,+
IGH,B18.6_P5,22,26,1965,1.3231552162849871,20.57,18.0,0.9465766411765932,2.7711185029141615e-10,1.1638697712239481e-08,True,True,True,+
IGH,B18.6_P5,23,20,1965,1.0178117048346056,20.57,18.0,0.9179837060695102,1.1807917343989557e-08,2.479662642237807e-07,True,True,True,+
IGH,B18.6_P5,24,13,1965,0.6615776081424937,20.57,18.0,0.6884877795521327,0.0007897705031942,0.0025515662410889,True,True,True,+
IGH,B18.6_P5,25,9,1965,0.4580152671755725,20.57,18.0,0.7458493252664141,0.0001597791310397,0.0005623182297297,True,True,True,+
IGH,B18.6_P5,26,1,1965,0.0508905852417302,20.57,18.0,0.7938016482384426,2.945106306176228e-05,0.0001374382942882,True,True,True,+
IGH,B18.6_P5,27,3,1965,0.1526717557251908,20.57,18.0,0.6759452611164878,0.0010696624222403,0.0032089872667209,True,True,True,+
IGH,B18.6_P5,28,1,1965,0.0508905852417302,20.57,18.0,0.6347433073049019,0.0026429358687331,0.0074002204324528,True,True,True,+
IGH,B18.6_P5,29,0,1965,0.0,20.57,18.0,0.3002203530130698,0.1984119808459414,0.2910105783972195,False,False,False,+
IGH,B18.6_P5,30,2,1965,0.1017811704834605,20.57,18.0,0.4362479595214145,0.0544867558503378,0.1089735117006755,False,False,False,+
IGH,B18.6_P5,31,3,1965,0.1526717557251908,20.57,18.0,-0.2895171810928736,0.2156718618757633,0.3019406066260687,False,False,False,-
IGH,B18.6_P5,32,4,1965,0.2035623409669211,20.57,18.0,-0.3143130386621632,0.1771299733133637,0.2861330338138952,False,False,False,-
IGH,B18.6_P5,33,1,1965,0.0508905852417302,20.57,18.0,-0.078246168112375,0.7429879889808404,0.7611096472486658,False,False,False,-
IGH,B18.6_P5,34,0,1965,0.0,20.57,18.0,-0.1544582726934441,0.5155625109566682,0.5852331205454071,False,False,False,-
IGH,B18.6_P5,35,1,1965,0.0508905852417302,20.57,18.0,0.3783540799641375,0.099987176845291,0.1825852794566184,False,False,False,+
IGH,B18.6_P5,36,2,1965,0.1017811704834605,20.57,18.0,-0.0153066756723232,0.9489310267979428,0.9489310267979428,False,False,False,-
IGH,B18.6_P5,37,0,1965,0.0,20.57,18.0,0.3713328571845452,0.1069681812430296,0.1871943171753019,False,False,False,+
IGH,B18.6_P5,38,1,1965,0.0508905852417302,20.57,18.0,0.1101434224287483,0.6438873228372797,0.7116649357675197,False,False,False,+
IGH,B18.6_P5,39,2,1965,0.1017811704834605,20.57,18.0,0.084726144286006,0.7224781042048394,0.7586020094150814,False,False,False,+
IGH,B18.6_P5,40,0,1965,0.0,20.57,18.0,0.0995392046667761,0.6762912662798355,0.7283136713782844,False,False,False,+
IGH,B18.6_P5,41,0,1965,0.0,20.57,18.0,0.2816319828682844,0.2290008848123576,0.3102592632941619,False,False,False,+
IGH,B18.6_P5,42,0,1965,0.0,20.57,18.0,0.2323932246409531,0.3241523266992246,0.4125575067081041,False,False,False,+
IGH,B18.6_P5,43,0,1965,0.0,20.57,18.0,0.1791705684001971,0.4497512966056953,0.5247098460399778,False,False,False,+
IGH,B18.6_P5,44,0,1965,0.0,20.57,18.0,,,,False,False,False,-
IGH,B18.6_P5,45,0,1965,0.0,20.57,18.0,0.4390570399587614,0.0527752128983353,0.1089735117006755,False,False,False,+
IGH,B18.6_P5,46,0,1965,0.0,20.57,18.0,0.2986176140003285,0.2009358755599849,0.2910105783972195,False,False,False,+
IGH,B18.6_P5,47,0,1965,0.0,20.57,18.0,0.2986176140003285,0.2009358755599849,0.2910105783972195,False,False,False,+
IGH,B18.6_P5,48,0,1965,0.0,20.57,18.0,0.2588019321336181,0.2705579150377114,0.3551072634869962,False,False,False,+
IGH,B18.6_P5,49,0,1965,0.0,20.57,18.0,,,,False,False,False,-
IGH,B18.6_P5,50,0,1965,0.0,20.57,18.0,0.1791705684001971,0.4497512966056953,0.5247098460399778,False,False,False,+
IGH,B20.9_P7,0,0,983,0.0,22.86,20.0,,,,False,False,False,-
IGH,B20.9_P7,1,0,983,0.0,22.86,20.0,,,,False,False,False,-
IGH,B20.9_P7,2,0,983,0.0,22.86,20.0,,,,False,False,False,-
IGH,B20.9_P7,3,0,983,0.0,22.86,20.0,,,,False,False,False,-
IGH,B20.9_P7,4,0,983,0.0,22.86,20.0,,,,False,False,False,-
IGH,B20.9_P7,5,0,983,0.0,22.86,20.0,,,,False,False,False,-
IGH,B20.9_P7,6,0,983,0.0,22.86,20.0,,,,False,False,False,-
IGH,B20.9_P7,7,6,983,0.6103763987792472,22.86,20.0,-0.5870385992390047,0.0065053008211593,0.0160719196758055,True,True,True,-
IGH,B20.9_P7,8,7,983,0.7121057985757884,22.86,20.0,-0.1926260891424546,0.415848947789863,0.5136957590345367,False,False,False,-
IGH,B20.9_P7,9,9,983,0.9155645981688708,22.86,20.0,-0.7577127803377024,0.0001089765309163,0.0004577014298487,True,True,True,-
IGH,B20.9_P7,10,35,983,3.560528992878942,22.86,20.0,-0.5741160391238003,0.0081162556033604,0.0189379297411744,True,True,True,-
IGH,B20.9_P7,11,51,983,5.188199389623601,22.86,20.0,-0.8615502815160567,1.0622558319506483e-06,8.922948988385448e-06,True,True,True,-
IGH,B20.9_P7,12,77,983,7.833163784333672,22.86,20.0,-0.821670661498283,8.889442620212626e-06,4.666957375611629e-05,True,True,True,-
IGH,B20.9_P7,13,128,983,13.021363173957273,22.86,20.0,-0.8886383253017145,1.6591682817945666e-07,1.742126695884295e-06,True,True,True,-
IGH,B20.9_P7,14,143,983,14.547304170905392,22.86,20.0,-0.8502635966053661,2.0595820987367702e-06,1.4417074691157392e-05,True,True,True,-
IGH,B20.9_P7,15,139,983,14.140386571719226,22.86,20.0,-0.3807375043206329,0.0976946292662243,0.1825852794566184,False,False,False,-
IGH,B20.9_P7,16,118,983,12.004069175991862,22.86,20.0,-0.5432657670345791,0.0133038756798684,0.0294085672923408,True,True,True,-
IGH,B20.9_P7,17,98,983,9.969481180061038,22.86,20.0,0.3295711993921684,0.1559009550819026,0.2619136045375965,False,False,False,+
IGH,B20.9_P7,18,72,983,7.3245167853509665,22.86,20.0,0.745673649766299,0.0001606623513513,0.0005623182297297,True,True,True,+
IGH,B20.9_P7,19,44,983,4.476093591047812,22.86,20.0,0.6185103331058505,0.0036484873588475,0.0095772793169749,True,True,True,+
IGH,B20.9_P7,20,20,983,2.034587995930824,22.86,20.0,0.9014299015338304,5.806134470002117e-08,8.128588258002962e-07,True,True,True,+
IGH,B20.9_P7,21,17,983,1.7293997965412005,22.86,20.0,0.8367195747125372,4.261822676727164e-06,2.5570936060362988e-05,True,True,True,+
IGH,B20.9_P7,22,8,983,0.8138351983723295,22.86,20.0,0.9465766411765932,2.7711185029141615e-10,1.1638697712239481e-08,True,True,True,+
IGH,B20.9_P7,23,4,983,0.4069175991861647,22.86,20.0,0.9179837060695102,1.1807917343989557e-08,2.479662642237807e-07,True,True,True,+
IGH,B20.9_P7,24,3,983,0.3051881993896236,22.86,20.0,0.6884877795521327,0.0007897705031942,0.0025515662410889,True,True,True,+
IGH,B20.9_P7,25,0,983,0.0,22.86,20.0,0.7458493252664141,0.0001597791310397,0.0005623182297297,True,True,True,+
IGH,B20.9_P7,26,0,983,0.0,22.86,20.0,0.7938016482384426,2.945106306176228e-05,0.0001374382942882,True,True,True,+
IGH,B20.9_P7,27,0,983,0.0,22.86,20.0,0.6759452611164878,0.0010696624222403,0.0032089872667209,True,True,True,+
IGH,B20.9_P7,28,0,983,0.0,22.86,20.0,0.6347433073049019,0.0026429358687331,0.0074002204324528,True,True,True,+
IGH,B20.9_P7,29,0,983,0.0,22.86,20.0,0.3002203530130698,0.1984119808459414,0.2910105783972195,False,False,False,+
IGH,B20.9_P7,30,0,983,0.0,22.86,20.0,0.4362479595214145,0.0544867558503378,0.1089735117006755,False,False,False,+
IGH,B20.9_P7,31,3,983,0.3051881993896236,22.86,20.0,-0.2895171810928736,0.2156718618757633,0.3019406066260687,False,False,False,-
IGH,B20.9_P7,32,1,983,0.1017293997965411,22.86,20.0,-0.3143130386621632,0.1771299733133637,0.2861330338138952,False,False,False,-
IGH,B20.9_P7,33,0,983,0.0,22.86,20.0,-0.078246168112375,0.7429879889808404,0.7611096472486658,False,False,False,-
IGH,B20.9_P7,34,0,983,0.0,22.86,20.0,-0.1544582726934441,0.5155625109566682,0.5852331205454071,False,False,False,-
IGH,B20.9_P7,35,0,983,0.0,22.86,20.0,0.3783540799641375,0.099987176845291,0.1825852794566184,False,False,False,+
IGH,B20.9_P7,36,0,983,0.0,22.86,20.0,-0.0153066756723232,0.9489310267979428,0.9489310267979428,False,False,False,-
IGH,B20.9_P7,37,0,983,0.0,22.86,20.0,0.3713328571845452,0.1069681812430296,0.1871943171753019,False,False,False,+
IGH,B20.9_P7,38,0,983,0.0,22.86,20.0,0.1101434224287483,0.6438873228372797,0.7116649357675197,False,False,False,+
IGH,B20.9_P7,39,0,983,0.0,22.86,20.0,0.084726144286006,0.7224781042048394,0.7586020094150814,False,False,False,+
IGH,B20.9_P7,40,0,983,0.0,22.86,20.0,0.0995392046667761,0.6762912662798355,0.7283136713782844,False,False,False,+
IGH,B20.9_P7,41,0,983,0.0,22.86,20.0,0.2816319828682844,0.2290008848123576,0.3102592632941619,False,False,False,+
IGH,B20.9_P7,42,0,983,0.0,22.86,20.0,0.2323932246409531,0.3241523266992246,0.4125575067081041,False,False,False,+
IGH,B20.9_P7,43,0,983,0.0,22.86,20.0,0.1791705684001971,0.4497512966056953,0.5247098460399778,False,False,False,+
IGH,B20.9_P7,44,0,983,0.0,22.86,20.0,,,,False,False,False,-
IGH,B20.9_P7,45,0,983,0.0,22.86,20.0,0.4390570399587614,0.0527752128983353,0.1089735117006755,False,False,False,+
IGH,B20.9_P7,46,0,983,0.0,22.86,20.0,0.2986176140003285,0.2009358755599849,0.2910105783972195,False,False,False,+
IGH,B20.9_P7,47,0,983,0.0,22.86,20.0,0.2986176140003285,0.2009358755599849,0.2910105783972195,False,False,False,+
IGH,B20.9_P7,48,0,983,0.0,22.86,20.0,0.2588019321336181,0.2705579150377114,0.3551072634869962,False,False,False,+
IGH,B20.9_P7,49,0,983,0.0,22.86,20.0,,,,False,False,False,-
IGH,B20.9_P7,50,0,983,0.0,22.86,20.0,0.1791705684001971,0.4497512966056953,0.5247098460399778,False,False,False,+
IGH,B21.7_P8,0,0,717,0.0,23.71,21.0,,,,False,False,False,-
IGH,B21.7_P8,1,0,717,0.0,23.71,21.0,,,,False,False,False,-
IGH,B21.7_P8,2,0,717,0.0,23.71,21.0,,,,False,False,False,-
IGH,B21.7_P8,3,0,717,0.0,23.71,21.0,,,,False,False,False,-
IGH,B21.7_P8,4,0,717,0.0,23.71,21.0,,,,False,False,False,-
IGH,B21.7_P8,5,0,717,0.0,23.71,21.0,,,,False,False,False,-
IGH,B21.7_P8,6,0,717,0.0,23.71,21.0,,,,False,False,False,-
IGH,B21.7_P8,7,2,717,0.2789400278940028,23.71,21.0,-0.5870385992390047,0.0065053008211593,0.0160719196758055,True,True,True,-
IGH,B21.7_P8,8,3,717,0.4184100418410041,23.71,21.0,-0.1926260891424546,0.415848947789863,0.5136957590345367,False,False,False,-
IGH,B21.7_P8,9,11,717,1.5341701534170151,23.71,21.0,-0.7577127803377024,0.0001089765309163,0.0004577014298487,True,True,True,-
IGH,B21.7_P8,10,26,717,3.626220362622036,23.71,21.0,-0.5741160391238003,0.0081162556033604,0.0189379297411744,True,True,True,-
IGH,B21.7_P8,11,35,717,4.881450488145049,23.71,21.0,-0.8615502815160567,1.0622558319506483e-06,8.922948988385448e-06,True,True,True,-
IGH,B21.7_P8,12,42,717,5.857740585774058,23.71,21.0,-0.821670661498283,8.889442620212626e-06,4.666957375611629e-05,True,True,True,-
IGH,B21.7_P8,13,100,717,13.94700139470014,23.71,21.0,-0.8886383253017145,1.6591682817945666e-07,1.742126695884295e-06,True,True,True,-
IGH,B21.7_P8,14,91,717,12.691771269177126,23.71,21.0,-0.8502635966053661,2.0595820987367702e-06,1.4417074691157392e-05,True,True,True,-
IGH,B21.7_P8,15,102,717,14.225941422594143,23.71,21.0,-0.3807375043206329,0.0976946292662243,0.1825852794566184,False,False,False,-
IGH,B21.7_P8,16,87,717,12.133891213389122,23.71,21.0,-0.5432657670345791,0.0133038756798684,0.0294085672923408,True,True,True,-
IGH,B21.7_P8,17,75,717,10.460251046025103,23.71,21.0,0.3295711993921684,0.1559009550819026,0.2619136045375965,False,False,False,+
IGH,B21.7_P8,18,39,717,5.439330543933055,23.71,21.0,0.745673649766299,0.0001606623513513,0.0005623182297297,True,True,True,+
IGH,B21.7_P8,19,28,717,3.905160390516039,23.71,21.0,0.6185103331058505,0.0036484873588475,0.0095772793169749,True,True,True,+
IGH,B21.7_P8,20,23,717,3.207810320781032,23.71,21.0,0.9014299015338304,5.806134470002117e-08,8.128588258002962e-07,True,True,True,+
IGH,B21.7_P8,21,24,717,3.3472803347280333,23.71,21.0,0.8367195747125372,4.261822676727164e-06,2.5570936060362988e-05,True,True,True,+
IGH,B21.7_P8,22,9,717,1.2552301255230125,23.71,21.0,0.9465766411765932,2.7711185029141615e-10,1.1638697712239481e-08,True,True,True,+
IGH,B21.7_P8,23,7,717,0.9762900976290098,23.71,21.0,0.9179837060695102,1.1807917343989557e-08,2.479662642237807e-07,True,True,True,+
IGH,B21.7_P8,24,5,717,0.697350069735007,23.71,21.0,0.6884877795521327,0.0007897705031942,0.0025515662410889,True,True,True,+
IGH,B21.7_P8,25,1,717,0.1394700139470014,23.71,21.0,0.7458493252664141,0.0001597791310397,0.0005623182297297,True,True,True,+
IGH,B21.7_P8,26,1,717,0.1394700139470014,23.71,21.0,0.7938016482384426,2.945106306176228e-05,0.0001374382942882,True,True,True,+
IGH,B21.7_P8,27,0,717,0.0,23.71,21.0,0.6759452611164878,0.0010696624222403,0.0032089872667209,True,True,True,+
IGH,B21.7_P8,28,1,717,0.1394700139470014,23.71,21.0,0.6347433073049019,0.0026429358687331,0.0074002204324528,True,True,True,+
IGH,B21.7_P8,29,3,717,0.4184100418410041,23.71,21.0,0.3002203530130698,0.1984119808459414,0.2910105783972195,False,False,False,+
IGH,B21.7_P8,30,0,717,0.0,23.71,21.0,0.4362479595214145,0.0544867558503378,0.1089735117006755,False,False,False,+
IGH,B21.7_P8,31,1,717,0.1394700139470014,23.71,21.0,-0.2895171810928736,0.2156718618757633,0.3019406066260687,False,False,False,-
IGH,B21.7_P8,32,0,717,0.0,23.71,21.0,-0.3143130386621632,0.1771299733133637,0.2861330338138952,False,False,False,-
IGH,B21.7_P8,33,0,717,0.0,23.71,21.0,-0.078246168112375,0.7429879889808404,0.7611096472486658,False,False,False,-
IGH,B21.7_P8,34,1,717,0.1394700139470014,23.71,21.0,-0.1544582726934441,0.5155625109566682,0.5852331205454071,False,False,False,-
IGH,B21.7_P8,35,0,717,0.0,23.71,21.0,0.3783540799641375,0.099987176845291,0.1825852794566184,False,False,False,+
IGH,B21.7_P8,36,0,717,0.0,23.71,21.0,-0.0153066756723232,0.9489310267979428,0.9489310267979428,False,False,False,-
IGH,B21.7_P8,37,0,717,0.0,23.71,21.0,0.3713328571845452,0.1069681812430296,0.1871943171753019,False,False,False,+
IGH,B21.7_P8,38,0,717,0.0,23.71,21.0,0.1101434224287483,0.6438873228372797,0.7116649357675197,False,False,False,+
IGH,B21.7_P8,39,0,717,0.0,23.71,21.0,0.084726144286006,0.7224781042048394,0.7586020094150814,False,False,False,+
IGH,B21.7_P8,40,0,717,0.0,23.71,21.0,0.0995392046667761,0.6762912662798355,0.7283136713782844,False,False,False,+
IGH,B21.7_P8,41,0,717,0.0,23.71,21.0,0.2816319828682844,0.2290008848123576,0.3102592632941619,False,False,False,+
IGH,B21.7_P8,42,0,717,0.0,23.71,21.0,0.2323932246409531,0.3241523266992246,0.4125575067081041,False,False,False,+
IGH,B21.7_P8,43,0,717,0.0,23.71,21.0,0.1791705684001971,0.4497512966056953,0.5247098460399778,False,False,False,+
IGH,B21.7_P8,44,0,717,0.0,23.71,21.0,,,,False,False,False,-
IGH,B21.7_P8,45,0,717,0.0,23.71,21.0,0.4390570399587614,0.0527752128983353,0.1089735117006755,False,False,False,+
IGH,B21.7_P8,46,0,717,0.0,23.71,21.0,0.2986176140003285,0.2009358755599849,0.2910105783972195,False,False,False,+
IGH,B21.7_P8,47,0,717,0.0,23.71,21.0,0.2986176140003285,0.2009358755599849,0.2910105783972195,False,False,False,+
IGH,B21.7_P8,48,0,717,0.0,23.71,21.0,0.2588019321336181,0.2705579150377114,0.3551072634869962,False,False,False,+
IGH,B21.7_P8,49,0,717,0.0,23.71,21.0,,,,False,False,False,-
IGH,B21.7_P8,50,0,717,0.0,23.71,21.0,0.1791705684001971,0.4497512966056953,0.5247098460399778,False,False,False,+
IGH,B22.4_P23,0,0,1159,0.0,24.43,22.0,,,,False,False,False,-
IGH,B22.4_P23,1,0,1159,0.0,24.43,22.0,,,,False,False,False,-
IGH,B22.4_P23,2,0,1159,0.0,24.43,22.0,,,,False,False,False,-
IGH,B22.4_P23,3,0,1159,0.0,24.43,22.0,,,,False,False,False,-
IGH,B22.4_P23,4,0,1159,0.0,24.43,22.0,,,,False,False,False,-
IGH,B22.4_P23,5,0,1159,0.0,24.43,22.0,,,,False,False,False,-
IGH,B22.4_P23,6,0,1159,0.0,24.43,22.0,,,,False,False,False,-
IGH,B22.4_P23,7,1,1159,0.086281276962899,24.43,22.0,-0.5870385992390047,0.0065053008211593,0.0160719196758055,True,True,True,-
IGH,B22.4_P23,8,9,1159,0.7765314926660914,24.43,22.0,-0.1926260891424546,0.415848947789863,0.5136957590345367,False,False,False,-
IGH,B22.4_P23,9,10,1159,0.8628127696289906,24.43,22.0,-0.7577127803377024,0.0001089765309163,0.0004577014298487,True,True,True,-
IGH,B22.4_P23,10,25,1159,2.157031924072476,24.43,22.0,-0.5741160391238003,0.0081162556033604,0.0189379297411744,True,True,True,-
IGH,B22.4_P23,11,38,1159,3.278688524590164,24.43,22.0,-0.8615502815160567,1.0622558319506483e-06,8.922948988385448e-06,True,True,True,-
IGH,B22.4_P23,12,87,1159,7.506471095772217,24.43,22.0,-0.821670661498283,8.889442620212626e-06,4.666957375611629e-05,True,True,True,-
IGH,B22.4_P23,13,124,1159,10.698878343399482,24.43,22.0,-0.8886383253017145,1.6591682817945666e-07,1.742126695884295e-06,True,True,True,-
IGH,B22.4_P23,14,151,1159,13.028472821397758,24.43,22.0,-0.8502635966053661,2.0595820987367702e-06,1.4417074691157392e-05,True,True,True,-
IGH,B22.4_P23,15,158,1159,13.63244176013805,24.43,22.0,-0.3807375043206329,0.0976946292662243,0.1825852794566184,False,False,False,-
IGH,B22.4_P23,16,132,1159,11.389128559102677,24.43,22.0,-0.5432657670345791,0.0133038756798684,0.0294085672923408,True,True,True,-
IGH,B22.4_P23,17,138,1159,11.906816220880067,24.43,22.0,0.3295711993921684,0.1559009550819026,0.2619136045375965,False,False,False,+
IGH,B22.4_P23,18,93,1159,8.02415875754961,24.43,22.0,0.745673649766299,0.0001606623513513,0.0005623182297297,True,True,True,+
IGH,B22.4_P23,19,59,1159,5.090595340811044,24.43,22.0,0.6185103331058505,0.0036484873588475,0.0095772793169749,True,True,True,+
IGH,B22.4_P23,20,54,1159,4.659188955996549,24.43,22.0,0.9014299015338304,5.806134470002117e-08,8.128588258002962e-07,True,True,True,+
IGH,B22.4_P23,21,33,1159,2.8472821397756687,24.43,22.0,0.8367195747125372,4.261822676727164e-06,2.5570936060362988e-05,True,True,True,+
IGH,B22.4_P23,22,18,1159,1.553062985332183,24.43,22.0,0.9465766411765932,2.7711185029141615e-10,1.1638697712239481e-08,True,True,True,+
IGH,B22.4_P23,23,7,1159,0.6039689387402933,24.43,22.0,0.9179837060695102,1.1807917343989557e-08,2.479662642237807e-07,True,True,True,+
IGH,B22.4_P23,24,6,1159,0.5176876617773942,24.43,22.0,0.6884877795521327,0.0007897705031942,0.0025515662410889,True,True,True,+
IGH,B22.4_P23,25,4,1159,0.3451251078515962,24.43,22.0,0.7458493252664141,0.0001597791310397,0.0005623182297297,True,True,True,+
IGH,B22.4_P23,26,3,1159,0.2588438308886971,24.43,22.0,0.7938016482384426,2.945106306176228e-05,0.0001374382942882,True,True,True,+
IGH,B22.4_P23,27,1,1159,0.086281276962899,24.43,22.0,0.6759452611164878,0.0010696624222403,0.0032089872667209,True,True,True,+
IGH,B22.4_P23,28,0,1159,0.0,24.43,22.0,0.6347433073049019,0.0026429358687331,0.0074002204324528,True,True,True,+
IGH,B22.4_P23,29,2,1159,0.1725625539257981,24.43,22.0,0.3002203530130698,0.1984119808459414,0.2910105783972195,False,False,False,+
IGH,B22.4_P23,30,1,1159,0.086281276962899,24.43,22.0,0.4362479595214145,0.0544867558503378,0.1089735117006755,False,False,False,+
IGH,B22.4_P23,31,2,1159,0.1725625539257981,24.43,22.0,-0.2895171810928736,0.2156718618757633,0.3019406066260687,False,False,False,-
IGH,B22.4_P23,32,0,1159,0.0,24.43,22.0,-0.3143130386621632,0.1771299733133637,0.2861330338138952,False,False,False,-
IGH,B22.4_P23,33,0,1159,0.0,24.43,22.0,-0.078246168112375,0.7429879889808404,0.7611096472486658,False,False,False,-
IGH,B22.4_P23,34,0,1159,0.0,24.43,22.0,-0.1544582726934441,0.5155625109566682,0.5852331205454071,False,False,False,-
IGH,B22.4_P23,35,0,1159,0.0,24.43,22.0,0.3783540799641375,0.099987176845291,0.1825852794566184,False,False,False,+
IGH,B22.4_P23,36,0,1159,0.0,24.43,22.0,-0.0153066756723232,0.9489310267979428,0.9489310267979428,False,False,False,-
IGH,B22.4_P23,37,0,1159,0.0,24.43,22.0,0.3713328571845452,0.1069681812430296,0.1871943171753019,False,False,False,+
IGH,B22.4_P23,38,2,1159,0.1725625539257981,24.43,22.0,0.1101434224287483,0.6438873228372797,0.7116649357675197,False,False,False,+
IGH,B22.4_P23,39,0,1159,0.0,24.43,22.0,0.084726144286006,0.7224781042048394,0.7586020094150814,False,False,False,+
IGH,B22.4_P23,40,0,1159,0.0,24.43,22.0,0.0995392046667761,0.6762912662798355,0.7283136713782844,False,False,False,+
IGH,B22.4_P23,41,0,1159,0.0,24.43,22.0,0.2816319828682844,0.2290008848123576,0.3102592632941619,False,False,False,+
IGH,B22.4_P23,42,1,1159,0.086281276962899,24.43,22.0,0.2323932246409531,0.3241523266992246,0.4125575067081041,False,False,False,+
IGH,B22.4_P23,43,0,1159,0.0,24.43,22.0,0.1791705684001971,0.4497512966056953,0.5247098460399778,False,False,False,+
IGH,B22.4_P23,44,0,1159,0.0,24.43,22.0,,,,False,False,False,-
IGH,B22.4_P23,45,0,1159,0.0,24.43,22.0,0.4390570399587614,0.0527752128983353,0.1089735117006755,False,False,False,+
IGH,B22.4_P23,46,0,1159,0.0,24.43,22.0,0.2986176140003285,0.2009358755599849,0.2910105783972195,False,False,False,+
IGH,B22.4_P23,47,0,1159,0.0,24.43,22.0,0.2986176140003285,0.2009358755599849,0.2910105783972195,False,False,False,+
IGH,B22.4_P23,48,0,1159,0.0,24.43,22.0,0.2588019321336181,0.2705579150377114,0.3551072634869962,False,False,False,+
IGH,B22.4_P23,49,0,1159,0.0,24.43,22.0,,,,False,False,False,-
IGH,B22.4_P23,50,0,1159,0.0,24.43,22.0,0.1791705684001971,0.4497512966056953,0.5247098460399778,False,False,False,+
IGH,B22.4_P9,0,0,379,0.0,24.43,22.0,,,,False,False,False,-
IGH,B22.4_P9,1,0,379,0.0,24.43,22.0,,,,False,False,False,-
IGH,B22.4_P9,2,0,379,0.0,24.43,22.0,,,,False,False,False,-
IGH,B22.4_P9,3,0,379,0.0,24.43,22.0,,,,False,False,False,-
IGH,B22.4_P9,4,0,379,0.0,24.43,22.0,,,,False,False,False,-
IGH,B22.4_P9,5,0,379,0.0,24.43,22.0,,,,False,False,False,-
IGH,B22.4_P9,6,0,379,0.0,24.43,22.0,,,,False,False,False,-
IGH,B22.4_P9,7,3,379,0.79155672823219,24.43,22.0,-0.5870385992390047,0.0065053008211593,0.0160719196758055,True,True,True,-
IGH,B22.4_P9,8,5,379,1.3192612137203166,24.43,22.0,-0.1926260891424546,0.415848947789863,0.5136957590345367,False,False,False,-
IGH,B22.4_P9,9,4,379,1.0554089709762533,24.43,22.0,-0.7577127803377024,0.0001089765309163,0.0004577014298487,True,True,True,-
IGH,B22.4_P9,10,6,379,1.58311345646438,24.43,22.0,-0.5741160391238003,0.0081162556033604,0.0189379297411744,True,True,True,-
IGH,B22.4_P9,11,13,379,3.430079155672823,24.43,22.0,-0.8615502815160567,1.0622558319506483e-06,8.922948988385448e-06,True,True,True,-
IGH,B22.4_P9,12,28,379,7.387862796833773,24.43,22.0,-0.821670661498283,8.889442620212626e-06,4.666957375611629e-05,True,True,True,-
IGH,B22.4_P9,13,50,379,13.192612137203168,24.43,22.0,-0.8886383253017145,1.6591682817945666e-07,1.742126695884295e-06,True,True,True,-
IGH,B22.4_P9,14,57,379,15.03957783641161,24.43,22.0,-0.8502635966053661,2.0595820987367702e-06,1.4417074691157392e-05,True,True,True,-
IGH,B22.4_P9,15,46,379,12.137203166226913,24.43,22.0,-0.3807375043206329,0.0976946292662243,0.1825852794566184,False,False,False,-
IGH,B22.4_P9,16,45,379,11.87335092348285,24.43,22.0,-0.5432657670345791,0.0133038756798684,0.0294085672923408,True,True,True,-
IGH,B22.4_P9,17,47,379,12.401055408970976,24.43,22.0,0.3295711993921684,0.1559009550819026,0.2619136045375965,False,False,False,+
IGH,B22.4_P9,18,25,379,6.596306068601583,24.43,22.0,0.745673649766299,0.0001606623513513,0.0005623182297297,True,True,True,+
IGH,B22.4_P9,19,22,379,5.804749340369393,24.43,22.0,0.6185103331058505,0.0036484873588475,0.0095772793169749,True,True,True,+
IGH,B22.4_P9,20,15,379,3.95778364116095,24.43,22.0,0.9014299015338304,5.806134470002117e-08,8.128588258002962e-07,True,True,True,+
IGH,B22.4_P9,21,5,379,1.3192612137203166,24.43,22.0,0.8367195747125372,4.261822676727164e-06,2.5570936060362988e-05,True,True,True,+
IGH,B22.4_P9,22,5,379,1.3192612137203166,24.43,22.0,0.9465766411765932,2.7711185029141615e-10,1.1638697712239481e-08,True,True,True,+
IGH,B22.4_P9,23,2,379,0.5277044854881267,24.43,22.0,0.9179837060695102,1.1807917343989557e-08,2.479662642237807e-07,True,True,True,+
IGH,B22.4_P9,24,1,379,0.2638522427440633,24.43,22.0,0.6884877795521327,0.0007897705031942,0.0025515662410889,True,True,True,+
IGH,B22.4_P9,25,0,379,0.0,24.43,22.0,0.7458493252664141,0.0001597791310397,0.0005623182297297,True,True,True,+
IGH,B22.4_P9,26,0,379,0.0,24.43,22.0,0.7938016482384426,2.945106306176228e-05,0.0001374382942882,True,True,True,+
IGH,B22.4_P9,27,0,379,0.0,24.43,22.0,0.6759452611164878,0.0010696624222403,0.0032089872667209,True,True,True,+
IGH,B22.4_P9,28,0,379,0.0,24.43,22.0,0.6347433073049019,0.0026429358687331,0.0074002204324528,True,True,True,+
IGH,B22.4_P9,29,0,379,0.0,24.43,22.0,0.3002203530130698,0.1984119808459414,0.2910105783972195,False,False,False,+
IGH,B22.4_P9,30,0,379,0.0,24.43,22.0,0.4362479595214145,0.0544867558503378,0.1089735117006755,False,False,False,+
IGH,B22.4_P9,31,0,379,0.0,24.43,22.0,-0.2895171810928736,0.2156718618757633,0.3019406066260687,False,False,False,-
IGH,B22.4_P9,32,0,379,0.0,24.43,22.0,-0.3143130386621632,0.1771299733133637,0.2861330338138952,False,False,False,-
IGH,B22.4_P9,33,0,379,0.0,24.43,22.0,-0.078246168112375,0.7429879889808404,0.7611096472486658,False,False,False,-
IGH,B22.4_P9,34,0,379,0.0,24.43,22.0,-0.1544582726934441,0.5155625109566682,0.5852331205454071,False,False,False,-
IGH,B22.4_P9,35,0,379,0.0,24.43,22.0,0.3783540799641375,0.099987176845291,0.1825852794566184,False,False,False,+
IGH,B22.4_P9,36,0,379,0.0,24.43,22.0,-0.0153066756723232,0.9489310267979428,0.9489310267979428,False,False,False,-
IGH,B22.4_P9,37,0,379,0.0,24.43,22.0,0.3713328571845452,0.1069681812430296,0.1871943171753019,False,False,False,+
IGH,B22.4_P9,38,0,379,0.0,24.43,22.0,0.1101434224287483,0.6438873228372797,0.7116649357675197,False,False,False,+
IGH,B22.4_P9,39,0,379,0.0,24.43,22.0,0.084726144286006,0.7224781042048394,0.7586020094150814,False,False,False,+
IGH,B22.4_P9,40,0,379,0.0,24.43,22.0,0.0995392046667761,0.6762912662798355,0.7283136713782844,False,False,False,+
IGH,B22.4_P9,41,0,379,0.0,24.43,22.0,0.2816319828682844,0.2290008848123576,0.3102592632941619,False,False,False,+
IGH,B22.4_P9,42,0,379,0.0,24.43,22.0,0.2323932246409531,0.3241523266992246,0.4125575067081041,False,False,False,+
IGH,B22.4_P9,43,0,379,0.0,24.43,22.0,0.1791705684001971,0.4497512966056953,0.5247098460399778,False,False,False,+
IGH,B22.4_P9,44,0,379,0.0,24.43,22.0,,,,False,False,False,-
IGH,B22.4_P9,45,0,379,0.0,24.43,22.0,0.4390570399587614,0.0527752128983353,0.1089735117006755,False,False,False,+
IGH,B22.4_P9,46,0,379,0.0,24.43,22.0,0.2986176140003285,0.2009358755599849,0.2910105783972195,False,False,False,+
IGH,B22.4_P9,47,0,379,0.0,24.43,22.0,0.2986176140003285,0.2009358755599849,0.2910105783972195,False,False,False,+
IGH,B22.4_P9,48,0,379,0.0,24.43,22.0,0.2588019321336181,0.2705579150377114,0.3551072634869962,False,False,False,+
IGH,B22.4_P9,49,0,379,0.0,24.43,22.0,,,,False,False,False,-
IGH,B22.4_P9,50,0,379,0.0,24.43,22.0,0.1791705684001971,0.4497512966056953,0.5247098460399778,False,False,False,+
IGH,B23.4_P10,0,0,1054,0.0,25.43,23.0,,,,False,False,False,-
IGH,B23.4_P10,1,0,1054,0.0,25.43,23.0,,,,False,False,False,-
IGH,B23.4_P10,2,0,1054,0.0,25.43,23.0,,,,False,False,False,-
IGH,B23.4_P10,3,0,1054,0.0,25.43,23.0,,,,False,False,False,-
IGH,B23.4_P10,4,0,1054,0.0,25.43,23.0,,,,False,False,False,-
IGH,B23.4_P10,5,0,1054,0.0,25.43,23.0,,,,False,False,False,-
IGH,B23.4_P10,6,0,1054,0.0,25.43,23.0,,,,False,False,False,-
IGH,B23.4_P10,7,8,1054,0.7590132827324478,25.43,23.0,-0.5870385992390047,0.0065053008211593,0.0160719196758055,True,True,True,-
IGH,B23.4_P10,8,15,1054,1.4231499051233396,25.43,23.0,-0.1926260891424546,0.415848947789863,0.5136957590345367,False,False,False,-
IGH,B23.4_P10,9,11,1054,1.0436432637571158,25.43,23.0,-0.7577127803377024,0.0001089765309163,0.0004577014298487,True,True,True,-
IGH,B23.4_P10,10,12,1054,1.1385199240986716,25.43,23.0,-0.5741160391238003,0.0081162556033604,0.0189379297411744,True,True,True,-
IGH,B23.4_P10,11,41,1054,3.8899430740037952,25.43,23.0,-0.8615502815160567,1.0622558319506483e-06,8.922948988385448e-06,True,True,True,-
IGH,B23.4_P10,12,78,1054,7.400379506641366,25.43,23.0,-0.821670661498283,8.889442620212626e-06,4.666957375611629e-05,True,True,True,-
IGH,B23.4_P10,13,107,1054,10.15180265654649,25.43,23.0,-0.8886383253017145,1.6591682817945666e-07,1.742126695884295e-06,True,True,True,-
IGH,B23.4_P10,14,146,1054,13.851992409867172,25.43,23.0,-0.8502635966053661,2.0595820987367702e-06,1.4417074691157392e-05,True,True,True,-
IGH,B23.4_P10,15,134,1054,12.7134724857685,25.43,23.0,-0.3807375043206329,0.0976946292662243,0.1825852794566184,False,False,False,-
IGH,B23.4_P10,16,139,1054,13.18785578747628,25.43,23.0,-0.5432657670345791,0.0133038756798684,0.0294085672923408,True,True,True,-
IGH,B23.4_P10,17,119,1054,11.29032258064516,25.43,23.0,0.3295711993921684,0.1559009550819026,0.2619136045375965,False,False,False,+
IGH,B23.4_P10,18,87,1054,8.254269449715371,25.43,23.0,0.745673649766299,0.0001606623513513,0.0005623182297297,True,True,True,+
IGH,B23.4_P10,19,50,1054,4.743833017077799,25.43,23.0,0.6185103331058505,0.0036484873588475,0.0095772793169749,True,True,True,+
IGH,B23.4_P10,20,42,1054,3.984819734345351,25.43,23.0,0.9014299015338304,5.806134470002117e-08,8.128588258002962e-07,True,True,True,+
IGH,B23.4_P10,21,22,1054,2.087286527514232,25.43,23.0,0.8367195747125372,4.261822676727164e-06,2.5570936060362988e-05,True,True,True,+
IGH,B23.4_P10,22,15,1054,1.4231499051233396,25.43,23.0,0.9465766411765932,2.7711185029141615e-10,1.1638697712239481e-08,True,True,True,+
IGH,B23.4_P10,23,9,1054,0.8538899430740038,25.43,23.0,0.9179837060695102,1.1807917343989557e-08,2.479662642237807e-07,True,True,True,+
IGH,B23.4_P10,24,7,1054,0.6641366223908919,25.43,23.0,0.6884877795521327,0.0007897705031942,0.0025515662410889,True,True,True,+
IGH,B23.4_P10,25,2,1054,0.1897533206831119,25.43,23.0,0.7458493252664141,0.0001597791310397,0.0005623182297297,True,True,True,+
IGH,B23.4_P10,26,0,1054,0.0,25.43,23.0,0.7938016482384426,2.945106306176228e-05,0.0001374382942882,True,True,True,+
IGH,B23.4_P10,27,0,1054,0.0,25.43,23.0,0.6759452611164878,0.0010696624222403,0.0032089872667209,True,True,True,+
IGH,B23.4_P10,28,0,1054,0.0,25.43,23.0,0.6347433073049019,0.0026429358687331,0.0074002204324528,True,True,True,+
IGH,B23.4_P10,29,0,1054,0.0,25.43,23.0,0.3002203530130698,0.1984119808459414,0.2910105783972195,False,False,False,+
IGH,B23.4_P10,30,2,1054,0.1897533206831119,25.43,23.0,0.4362479595214145,0.0544867558503378,0.1089735117006755,False,False,False,+
IGH,B23.4_P10,31,0,1054,0.0,25.43,23.0,-0.2895171810928736,0.2156718618757633,0.3019406066260687,False,False,False,-
IGH,B23.4_P10,32,0,1054,0.0,25.43,23.0,-0.3143130386621632,0.1771299733133637,0.2861330338138952,False,False,False,-
IGH,B23.4_P10,33,1,1054,0.0948766603415559,25.43,23.0,-0.078246168112375,0.7429879889808404,0.7611096472486658,False,False,False,-
IGH,B23.4_P10,34,3,1054,0.2846299810246679,25.43,23.0,-0.1544582726934441,0.5155625109566682,0.5852331205454071,False,False,False,-
IGH,B23.4_P10,35,1,1054,0.0948766603415559,25.43,23.0,0.3783540799641375,0.099987176845291,0.1825852794566184,False,False,False,+
IGH,B23.4_P10,36,0,1054,0.0,25.43,23.0,-0.0153066756723232,0.9489310267979428,0.9489310267979428,False,False,False,-
IGH,B23.4_P10,37,1,1054,0.0948766603415559,25.43,23.0,0.3713328571845452,0.1069681812430296,0.1871943171753019,False,False,False,+
IGH,B23.4_P10,38,2,1054,0.1897533206831119,25.43,23.0,0.1101434224287483,0.6438873228372797,0.7116649357675197,False,False,False,+
IGH,B23.4_P10,39,0,1054,0.0,25.43,23.0,0.084726144286006,0.7224781042048394,0.7586020094150814,False,False,False,+
IGH,B23.4_P10,40,0,1054,0.0,25.43,23.0,0.0995392046667761,0.6762912662798355,0.7283136713782844,False,False,False,+
IGH,B23.4_P10,41,0,1054,0.0,25.43,23.0,0.2816319828682844,0.2290008848123576,0.3102592632941619,False,False,False,+
IGH,B23.4_P10,42,0,1054,0.0,25.43,23.0,0.2323932246409531,0.3241523266992246,0.4125575067081041,False,False,False,+
IGH,B23.4_P10,43,0,1054,0.0,25.43,23.0,0.1791705684001971,0.4497512966056953,0.5247098460399778,False,False,False,+
IGH,B23.4_P10,44,0,1054,0.0,25.43,23.0,,,,False,False,False,-
IGH,B23.4_P10,45,0,1054,0.0,25.43,23.0,0.4390570399587614,0.0527752128983353,0.1089735117006755,False,False,False,+
IGH,B23.4_P10,46,0,1054,0.0,25.43,23.0,0.2986176140003285,0.2009358755599849,0.2910105783972195,False,False,False,+
IGH,B23.4_P10,47,0,1054,0.0,25.43,23.0,0.2986176140003285,0.2009358755599849,0.2910105783972195,False,False,False,+
IGH,B23.4_P10,48,0,1054,0.0,25.43,23.0,0.2588019321336181,0.2705579150377114,0.3551072634869962,False,False,False,+
IGH,B23.4_P10,49,0,1054,0.0,25.43,23.0,,,,False,False,False,-
IGH,B23.4_P10,50,0,1054,0.0,25.43,23.0,0.1791705684001971,0.4497512966056953,0.5247098460399778,False,False,False,+
IGH,B24.6_P11,0,0,458,0.0,26.57,24.0,,,,False,False,False,-
IGH,B24.6_P11,1,0,458,0.0,26.57,24.0,,,,False,False,False,-
IGH,B24.6_P11,2,0,458,0.0,26.57,24.0,,,,False,False,False,-
IGH,B24.6_P11,3,0,458,0.0,26.57,24.0,,,,False,False,False,-
IGH,B24.6_P11,4,0,458,0.0,26.57,24.0,,,,False,False,False,-
IGH,B24.6_P11,5,0,458,0.0,26.57,24.0,,,,False,False,False,-
IGH,B24.6_P11,6,0,458,0.0,26.57,24.0,,,,False,False,False,-
IGH,B24.6_P11,7,0,458,0.0,26.57,24.0,-0.5870385992390047,0.0065053008211593,0.0160719196758055,True,True,True,-
IGH,B24.6_P11,8,5,458,1.0917030567685588,26.57,24.0,-0.1926260891424546,0.415848947789863,0.5136957590345367,False,False,False,-
IGH,B24.6_P11,9,11,458,2.4017467248908297,26.57,24.0,-0.7577127803377024,0.0001089765309163,0.0004577014298487,True,True,True,-
IGH,B24.6_P11,10,5,458,1.0917030567685588,26.57,24.0,-0.5741160391238003,0.0081162556033604,0.0189379297411744,True,True,True,-
IGH,B24.6_P11,11,20,458,4.366812227074235,26.57,24.0,-0.8615502815160567,1.0622558319506483e-06,8.922948988385448e-06,True,True,True,-
IGH,B24.6_P11,12,46,458,10.04366812227074,26.57,24.0,-0.821670661498283,8.889442620212626e-06,4.666957375611629e-05,True,True,True,-
IGH,B24.6_P11,13,56,458,12.22707423580786,26.57,24.0,-0.8886383253017145,1.6591682817945666e-07,1.742126695884295e-06,True,True,True,-
IGH,B24.6_P11,14,51,458,11.135371179039302,26.57,24.0,-0.8502635966053661,2.0595820987367702e-06,1.4417074691157392e-05,True,True,True,-
IGH,B24.6_P11,15,64,458,13.973799126637552,26.57,24.0,-0.3807375043206329,0.0976946292662243,0.1825852794566184,False,False,False,-
IGH,B24.6_P11,16,54,458,11.790393013100436,26.57,24.0,-0.5432657670345791,0.0133038756798684,0.0294085672923408,True,True,True,-
IGH,B24.6_P11,17,43,458,9.388646288209609,26.57,24.0,0.3295711993921684,0.1559009550819026,0.2619136045375965,False,False,False,+
IGH,B24.6_P11,18,35,458,7.641921397379912,26.57,24.0,0.745673649766299,0.0001606623513513,0.0005623182297297,True,True,True,+
IGH,B24.6_P11,19,25,458,5.458515283842795,26.57,24.0,0.6185103331058505,0.0036484873588475,0.0095772793169749,True,True,True,+
IGH,B24.6_P11,20,9,458,1.9650655021834065,26.57,24.0,0.9014299015338304,5.806134470002117e-08,8.128588258002962e-07,True,True,True,+
IGH,B24.6_P11,21,12,458,2.6200873362445414,26.57,24.0,0.8367195747125372,4.261822676727164e-06,2.5570936060362988e-05,True,True,True,+
IGH,B24.6_P11,22,10,458,2.1834061135371177,26.57,24.0,0.9465766411765932,2.7711185029141615e-10,1.1638697712239481e-08,True,True,True,+
IGH,B24.6_P11,23,6,458,1.310043668122271,26.57,24.0,0.9179837060695102,1.1807917343989557e-08,2.479662642237807e-07,True,True,True,+
IGH,B24.6_P11,24,1,458,0.2183406113537117,26.57,24.0,0.6884877795521327,0.0007897705031942,0.0025515662410889,True,True,True,+
IGH,B24.6_P11,25,0,458,0.0,26.57,24.0,0.7458493252664141,0.0001597791310397,0.0005623182297297,True,True,True,+
IGH,B24.6_P11,26,1,458,0.2183406113537117,26.57,24.0,0.7938016482384426,2.945106306176228e-05,0.0001374382942882,True,True,True,+
IGH,B24.6_P11,27,0,458,0.0,26.57,24.0,0.6759452611164878,0.0010696624222403,0.0032089872667209,True,True,True,+
IGH,B24.6_P11,28,0,458,0.0,26.57,24.0,0.6347433073049019,0.0026429358687331,0.0074002204324528,True,True,True,+
IGH,B24.6_P11,29,0,458,0.0,26.57,24.0,0.3002203530130698,0.1984119808459414,0.2910105783972195,False,False,False,+
IGH,B24.6_P11,30,1,458,0.2183406113537117,26.57,24.0,0.4362479595214145,0.0544867558503378,0.1089735117006755,False,False,False,+
IGH,B24.6_P11,31,0,458,0.0,26.57,24.0,-0.2895171810928736,0.2156718618757633,0.3019406066260687,False,False,False,-
IGH,B24.6_P11,32,0,458,0.0,26.57,24.0,-0.3143130386621632,0.1771299733133637,0.2861330338138952,False,False,False,-
IGH,B24.6_P11,33,0,458,0.0,26.57,24.0,-0.078246168112375,0.7429879889808404,0.7611096472486658,False,False,False,-
IGH,B24.6_P11,34,0,458,0.0,26.57,24.0,-0.1544582726934441,0.5155625109566682,0.5852331205454071,False,False,False,-
IGH,B24.6_P11,35,2,458,0.4366812227074235,26.57,24.0,0.3783540799641375,0.099987176845291,0.1825852794566184,False,False,False,+
IGH,B24.6_P11,36,0,458,0.0,26.57,24.0,-0.0153066756723232,0.9489310267979428,0.9489310267979428,False,False,False,-
IGH,B24.6_P11,37,0,458,0.0,26.57,24.0,0.3713328571845452,0.1069681812430296,0.1871943171753019,False,False,False,+
IGH,B24.6_P11,38,1,458,0.2183406113537117,26.57,24.0,0.1101434224287483,0.6438873228372797,0.7116649357675197,False,False,False,+
IGH,B24.6_P11,39,0,458,0.0,26.57,24.0,0.084726144286006,0.7224781042048394,0.7586020094150814,False,False,False,+
IGH,B24.6_P11,40,0,458,0.0,26.57,24.0,0.0995392046667761,0.6762912662798355,0.7283136713782844,False,False,False,+
IGH,B24.6_P11,41,0,458,0.0,26.57,24.0,0.2816319828682844,0.2290008848123576,0.3102592632941619,False,False,False,+
IGH,B24.6_P11,42,0,458,0.0,26.57,24.0,0.2323932246409531,0.3241523266992246,0.4125575067081041,False,False,False,+
IGH,B24.6_P11,43,0,458,0.0,26.57,24.0,0.1791705684001971,0.4497512966056953,0.5247098460399778,False,False,False,+
IGH,B24.6_P11,44,0,458,0.0,26.57,24.0,,,,False,False,False,-
IGH,B24.6_P11,45,0,458,0.0,26.57,24.0,0.4390570399587614,0.0527752128983353,0.1089735117006755,False,False,False,+
IGH,B24.6_P11,46,0,458,0.0,26.57,24.0,0.2986176140003285,0.2009358755599849,0.2910105783972195,False,False,False,+
IGH,B24.6_P11,47,0,458,0.0,26.57,24.0,0.2986176140003285,0.2009358755599849,0.2910105783972195,False,False,False,+
IGH,B24.6_P11,48,0,458,0.0,26.57,24.0,0.2588019321336181,0.2705579150377114,0.3551072634869962,False,False,False,+
IGH,B24.6_P11,49,0,458,0.0,26.57,24.0,,,,False,False,False,-
IGH,B24.6_P11,50,0,458,0.0,26.57,24.0,0.1791705684001971,0.4497512966056953,0.5247098460399778,False,False,False,+
IGH,B26.9_P12,0,0,811,0.0,28.86,26.0,,,,False,False,False,-
IGH,B26.9_P12,1,0,811,0.0,28.86,26.0,,,,False,False,False,-
IGH,B26.9_P12,2,0,811,0.0,28.86,26.0,,,,False,False,False,-
IGH,B26.9_P12,3,0,811,0.0,28.86,26.0,,,,False,False,False,-
IGH,B26.9_P12,4,0,811,0.0,28.86,26.0,,,,False,False,False,-
IGH,B26.9_P12,5,0,811,0.0,28.86,26.0,,,,False,False,False,-
IGH,B26.9_P12,6,0,811,0.0,28.86,26.0,,,,False,False,False,-
IGH,B26.9_P12,7,2,811,0.2466091245376079,28.86,26.0,-0.5870385992390047,0.0065053008211593,0.0160719196758055,True,True,True,-
IGH,B26.9_P12,8,4,811,0.4932182490752158,28.86,26.0,-0.1926260891424546,0.415848947789863,0.5136957590345367,False,False,False,-
IGH,B26.9_P12,9,5,811,0.6165228113440198,28.86,26.0,-0.7577127803377024,0.0001089765309163,0.0004577014298487,True,True,True,-
IGH,B26.9_P12,10,13,811,1.6029593094944512,28.86,26.0,-0.5741160391238003,0.0081162556033604,0.0189379297411744,True,True,True,-
IGH,B26.9_P12,11,33,811,4.069050554870531,28.86,26.0,-0.8615502815160567,1.0622558319506483e-06,8.922948988385448e-06,True,True,True,-
IGH,B26.9_P12,12,45,811,5.548705302096177,28.86,26.0,-0.821670661498283,8.889442620212626e-06,4.666957375611629e-05,True,True,True,-
IGH,B26.9_P12,13,61,811,7.52157829839704,28.86,26.0,-0.8886383253017145,1.6591682817945666e-07,1.742126695884295e-06,True,True,True,-
IGH,B26.9_P12,14,88,811,10.850801479654749,28.86,26.0,-0.8502635966053661,2.0595820987367702e-06,1.4417074691157392e-05,True,True,True,-
IGH,B26.9_P12,15,103,811,12.700369913686806,28.86,26.0,-0.3807375043206329,0.0976946292662243,0.1825852794566184,False,False,False,-
IGH,B26.9_P12,16,97,811,11.960542540073984,28.86,26.0,-0.5432657670345791,0.0133038756798684,0.0294085672923408,True,True,True,-
IGH,B26.9_P12,17,120,811,14.796547472256474,28.86,26.0,0.3295711993921684,0.1559009550819026,0.2619136045375965,False,False,False,+
IGH,B26.9_P12,18,77,811,9.494451294697903,28.86,26.0,0.745673649766299,0.0001606623513513,0.0005623182297297,True,True,True,+
IGH,B26.9_P12,19,49,811,6.041923551171394,28.86,26.0,0.6185103331058505,0.0036484873588475,0.0095772793169749,True,True,True,+
IGH,B26.9_P12,20,39,811,4.808877928483354,28.86,26.0,0.9014299015338304,5.806134470002117e-08,8.128588258002962e-07,True,True,True,+
IGH,B26.9_P12,21,23,811,2.8360049321824907,28.86,26.0,0.8367195747125372,4.261822676727164e-06,2.5570936060362988e-05,True,True,True,+
IGH,B26.9_P12,22,12,811,1.4796547472256474,28.86,26.0,0.9465766411765932,2.7711185029141615e-10,1.1638697712239481e-08,True,True,True,+
IGH,B26.9_P12,23,11,811,1.3563501849568431,28.86,26.0,0.9179837060695102,1.1807917343989557e-08,2.479662642237807e-07,True,True,True,+
IGH,B26.9_P12,24,10,811,1.2330456226880395,28.86,26.0,0.6884877795521327,0.0007897705031942,0.0025515662410889,True,True,True,+
IGH,B26.9_P12,25,3,811,0.3699136868064118,28.86,26.0,0.7458493252664141,0.0001597791310397,0.0005623182297297,True,True,True,+
IGH,B26.9_P12,26,1,811,0.1233045622688039,28.86,26.0,0.7938016482384426,2.945106306176228e-05,0.0001374382942882,True,True,True,+
IGH,B26.9_P12,27,1,811,0.1233045622688039,28.86,26.0,0.6759452611164878,0.0010696624222403,0.0032089872667209,True,True,True,+
IGH,B26.9_P12,28,0,811,0.0,28.86,26.0,0.6347433073049019,0.0026429358687331,0.0074002204324528,True,True,True,+
IGH,B26.9_P12,29,3,811,0.3699136868064118,28.86,26.0,0.3002203530130698,0.1984119808459414,0.2910105783972195,False,False,False,+
IGH,B26.9_P12,30,0,811,0.0,28.86,26.0,0.4362479595214145,0.0544867558503378,0.1089735117006755,False,False,False,+
IGH,B26.9_P12,31,1,811,0.1233045622688039,28.86,26.0,-0.2895171810928736,0.2156718618757633,0.3019406066260687,False,False,False,-
IGH,B26.9_P12,32,2,811,0.2466091245376079,28.86,26.0,-0.3143130386621632,0.1771299733133637,0.2861330338138952,False,False,False,-
IGH,B26.9_P12,33,2,811,0.2466091245376079,28.86,26.0,-0.078246168112375,0.7429879889808404,0.7611096472486658,False,False,False,-
IGH,B26.9_P12,34,1,811,0.1233045622688039,28.86,26.0,-0.1544582726934441,0.5155625109566682,0.5852331205454071,False,False,False,-
IGH,B26.9_P12,35,0,811,0.0,28.86,26.0,0.3783540799641375,0.099987176845291,0.1825852794566184,False,False,False,+
IGH,B26.9_P12,36,2,811,0.2466091245376079,28.86,26.0,-0.0153066756723232,0.9489310267979428,0.9489310267979428,False,False,False,-
IGH,B26.9_P12,37,2,811,0.2466091245376079,28.86,26.0,0.3713328571845452,0.1069681812430296,0.1871943171753019,False,False,False,+
IGH,B26.9_P12,38,0,811,0.0,28.86,26.0,0.1101434224287483,0.6438873228372797,0.7116649357675197,False,False,False,+
IGH,B26.9_P12,39,0,811,0.0,28.86,26.0,0.084726144286006,0.7224781042048394,0.7586020094150814,False,False,False,+
IGH,B26.9_P12,40,0,811,0.0,28.86,26.0,0.0995392046667761,0.6762912662798355,0.7283136713782844,False,False,False,+
IGH,B26.9_P12,41,0,811,0.0,28.86,26.0,0.2816319828682844,0.2290008848123576,0.3102592632941619,False,False,False,+
IGH,B26.9_P12,42,1,811,0.1233045622688039,28.86,26.0,0.2323932246409531,0.3241523266992246,0.4125575067081041,False,False,False,+
IGH,B26.9_P12,43,0,811,0.0,28.86,26.0,0.1791705684001971,0.4497512966056953,0.5247098460399778,False,False,False,+
IGH,B26.9_P12,44,0,811,0.0,28.86,26.0,,,,False,False,False,-
IGH,B26.9_P12,45,0,811,0.0,28.86,26.0,0.4390570399587614,0.0527752128983353,0.1089735117006755,False,False,False,+
IGH,B26.9_P12,46,0,811,0.0,28.86,26.0,0.2986176140003285,0.2009358755599849,0.2910105783972195,False,False,False,+
IGH,B26.9_P12,47,0,811,0.0,28.86,26.0,0.2986176140003285,0.2009358755599849,0.2910105783972195,False,False,False,+
IGH,B26.9_P12,48,0,811,0.0,28.86,26.0,0.2588019321336181,0.2705579150377114,0.3551072634869962,False,False,False,+
IGH,B26.9_P12,49,0,811,0.0,28.86,26.0,,,,False,False,False,-
IGH,B26.9_P12,50,0,811,0.0,28.86,26.0,0.1791705684001971,0.4497512966056953,0.5247098460399778,False,False,False,+
IGH,B29.1_P13,0,0,471,0.0,31.14,29.0,,,,False,False,False,-
IGH,B29.1_P13,1,0,471,0.0,31.14,29.0,,,,False,False,False,-
IGH,B29.1_P13,2,0,471,0.0,31.14,29.0,,,,False,False,False,-
IGH,B29.1_P13,3,0,471,0.0,31.14,29.0,,,,False,False,False,-
IGH,B29.1_P13,4,0,471,0.0,31.14,29.0,,,,False,False,False,-
IGH,B29.1_P13,5,0,471,0.0,31.14,29.0,,,,False,False,False,-
IGH,B29.1_P13,6,0,471,0.0,31.14,29.0,,,,False,False,False,-
IGH,B29.1_P13,7,1,471,0.2123142250530785,31.14,29.0,-0.5870385992390047,0.0065053008211593,0.0160719196758055,True,True,True,-
IGH,B29.1_P13,8,4,471,0.8492569002123143,31.14,29.0,-0.1926260891424546,0.415848947789863,0.5136957590345367,False,False,False,-
IGH,B29.1_P13,9,6,471,1.2738853503184715,31.14,29.0,-0.7577127803377024,0.0001089765309163,0.0004577014298487,True,True,True,-
IGH,B29.1_P13,10,11,471,2.335456475583864,31.14,29.0,-0.5741160391238003,0.0081162556033604,0.0189379297411744,True,True,True,-
IGH,B29.1_P13,11,16,471,3.397027600849257,31.14,29.0,-0.8615502815160567,1.0622558319506483e-06,8.922948988385448e-06,True,True,True,-
IGH,B29.1_P13,12,23,471,4.883227176220808,31.14,29.0,-0.821670661498283,8.889442620212626e-06,4.666957375611629e-05,True,True,True,-
IGH,B29.1_P13,13,48,471,10.191082802547772,31.14,29.0,-0.8886383253017145,1.6591682817945666e-07,1.742126695884295e-06,True,True,True,-
IGH,B29.1_P13,14,62,471,13.163481953290871,31.14,29.0,-0.8502635966053661,2.0595820987367702e-06,1.4417074691157392e-05,True,True,True,-
IGH,B29.1_P13,15,71,471,15.074309978768577,31.14,29.0,-0.3807375043206329,0.0976946292662243,0.1825852794566184,False,False,False,-
IGH,B29.1_P13,16,61,471,12.951167728237792,31.14,29.0,-0.5432657670345791,0.0133038756798684,0.0294085672923408,True,True,True,-
IGH,B29.1_P13,17,49,471,10.40339702760085,31.14,29.0,0.3295711993921684,0.1559009550819026,0.2619136045375965,False,False,False,+
IGH,B29.1_P13,18,37,471,7.855626326963907,31.14,29.0,0.745673649766299,0.0001606623513513,0.0005623182297297,True,True,True,+
IGH,B29.1_P13,19,23,471,4.883227176220808,31.14,29.0,0.6185103331058505,0.0036484873588475,0.0095772793169749,True,True,True,+
IGH,B29.1_P13,20,19,471,4.033970276008493,31.14,29.0,0.9014299015338304,5.806134470002117e-08,8.128588258002962e-07,True,True,True,+
IGH,B29.1_P13,21,15,471,3.1847133757961785,31.14,29.0,0.8367195747125372,4.261822676727164e-06,2.5570936060362988e-05,True,True,True,+
IGH,B29.1_P13,22,7,471,1.48619957537155,31.14,29.0,0.9465766411765932,2.7711185029141615e-10,1.1638697712239481e-08,True,True,True,+
IGH,B29.1_P13,23,6,471,1.2738853503184715,31.14,29.0,0.9179837060695102,1.1807917343989557e-08,2.479662642237807e-07,True,True,True,+
IGH,B29.1_P13,24,3,471,0.6369426751592357,31.14,29.0,0.6884877795521327,0.0007897705031942,0.0025515662410889,True,True,True,+
IGH,B29.1_P13,25,5,471,1.0615711252653928,31.14,29.0,0.7458493252664141,0.0001597791310397,0.0005623182297297,True,True,True,+
IGH,B29.1_P13,26,1,471,0.2123142250530785,31.14,29.0,0.7938016482384426,2.945106306176228e-05,0.0001374382942882,True,True,True,+
IGH,B29.1_P13,27,0,471,0.0,31.14,29.0,0.6759452611164878,0.0010696624222403,0.0032089872667209,True,True,True,+
IGH,B29.1_P13,28,1,471,0.2123142250530785,31.14,29.0,0.6347433073049019,0.0026429358687331,0.0074002204324528,True,True,True,+
IGH,B29.1_P13,29,0,471,0.0,31.14,29.0,0.3002203530130698,0.1984119808459414,0.2910105783972195,False,False,False,+
IGH,B29.1_P13,30,1,471,0.2123142250530785,31.14,29.0,0.4362479595214145,0.0544867558503378,0.1089735117006755,False,False,False,+
IGH,B29.1_P13,31,0,471,0.0,31.14,29.0,-0.2895171810928736,0.2156718618757633,0.3019406066260687,False,False,False,-
IGH,B29.1_P13,32,0,471,0.0,31.14,29.0,-0.3143130386621632,0.1771299733133637,0.2861330338138952,False,False,False,-
IGH,B29.1_P13,33,0,471,0.0,31.14,29.0,-0.078246168112375,0.7429879889808404,0.7611096472486658,False,False,False,-
IGH,B29.1_P13,34,0,471,0.0,31.14,29.0,-0.1544582726934441,0.5155625109566682,0.5852331205454071,False,False,False,-
IGH,B29.1_P13,35,0,471,0.0,31.14,29.0,0.3783540799641375,0.099987176845291,0.1825852794566184,False,False,False,+
IGH,B29.1_P13,36,0,471,0.0,31.14,29.0,-0.0153066756723232,0.9489310267979428,0.9489310267979428,False,False,False,-
IGH,B29.1_P13,37,0,471,0.0,31.14,29.0,0.3713328571845452,0.1069681812430296,0.1871943171753019,False,False,False,+
IGH,B29.1_P13,38,0,471,0.0,31.14,29.0,0.1101434224287483,0.6438873228372797,0.7116649357675197,False,False,False,+
IGH,B29.1_P13,39,0,471,0.0,31.14,29.0,0.084726144286006,0.7224781042048394,0.7586020094150814,False,False,False,+
IGH,B29.1_P13,40,0,471,0.0,31.14,29.0,0.0995392046667761,0.6762912662798355,0.7283136713782844,False,False,False,+
IGH,B29.1_P13,41,0,471,0.0,31.14,29.0,0.2816319828682844,0.2290008848123576,0.3102592632941619,False,False,False,+
IGH,B29.1_P13,42,1,471,0.2123142250530785,31.14,29.0,0.2323932246409531,0.3241523266992246,0.4125575067081041,False,False,False,+
IGH,B29.1_P13,43,0,471,0.0,31.14,29.0,0.1791705684001971,0.4497512966056953,0.5247098460399778,False,False,False,+
IGH,B29.1_P13,44,0,471,0.0,31.14,29.0,,,,False,False,False,-
IGH,B29.1_P13,45,0,471,0.0,31.14,29.0,0.4390570399587614,0.0527752128983353,0.1089735117006755,False,False,False,+
IGH,B29.1_P13,46,0,471,0.0,31.14,29.0,0.2986176140003285,0.2009358755599849,0.2910105783972195,False,False,False,+
IGH,B29.1_P13,47,0,471,0.0,31.14,29.0,0.2986176140003285,0.2009358755599849,0.2910105783972195,False,False,False,+
IGH,B29.1_P13,48,0,471,0.0,31.14,29.0,0.2588019321336181,0.2705579150377114,0.3551072634869962,False,False,False,+
IGH,B29.1_P13,49,0,471,0.0,31.14,29.0,,,,False,False,False,-
IGH,B29.1_P13,50,0,471,0.0,31.14,29.0,0.1791705684001971,0.4497512966056953,0.5247098460399778,False,False,False,+
IGH,B31.3_P15,0,0,1469,0.0,33.29,31.0,,,,False,False,False,-
IGH,B31.3_P15,1,0,1469,0.0,33.29,31.0,,,,False,False,False,-
IGH,B31.3_P15,2,0,1469,0.0,33.29,31.0,,,,False,False,False,-
IGH,B31.3_P15,3,0,1469,0.0,33.29,31.0,,,,False,False,False,-
IGH,B31.3_P15,4,0,1469,0.0,33.29,31.0,,,,False,False,False,-
IGH,B31.3_P15,5,0,1469,0.0,33.29,31.0,,,,False,False,False,-
IGH,B31.3_P15,6,0,1469,0.0,33.29,31.0,,,,False,False,False,-
IGH,B31.3_P15,7,7,1469,0.4765146358066712,33.29,31.0,-0.5870385992390047,0.0065053008211593,0.0160719196758055,True,True,True,-
IGH,B31.3_P15,8,17,1469,1.1572498298162015,33.29,31.0,-0.1926260891424546,0.415848947789863,0.5136957590345367,False,False,False,-
IGH,B31.3_P15,9,13,1469,0.8849557522123894,33.29,31.0,-0.7577127803377024,0.0001089765309163,0.0004577014298487,True,True,True,-
IGH,B31.3_P15,10,24,1469,1.6337644656228727,33.29,31.0,-0.5741160391238003,0.0081162556033604,0.0189379297411744,True,True,True,-
IGH,B31.3_P15,11,43,1469,2.927161334240981,33.29,31.0,-0.8615502815160567,1.0622558319506483e-06,8.922948988385448e-06,True,True,True,-
IGH,B31.3_P15,12,78,1469,5.3097345132743365,33.29,31.0,-0.821670661498283,8.889442620212626e-06,4.666957375611629e-05,True,True,True,-
IGH,B31.3_P15,13,139,1469,9.462219196732471,33.29,31.0,-0.8886383253017145,1.6591682817945666e-07,1.742126695884295e-06,True,True,True,-
IGH,B31.3_P15,14,177,1469,12.049012933968688,33.29,31.0,-0.8502635966053661,2.0595820987367702e-06,1.4417074691157392e-05,True,True,True,-
IGH,B31.3_P15,15,170,1469,11.572498298162015,33.29,31.0,-0.3807375043206329,0.0976946292662243,0.1825852794566184,False,False,False,-
IGH,B31.3_P15,16,179,1469,12.185159972770592,33.29,31.0,-0.5432657670345791,0.0133038756798684,0.0294085672923408,True,True,True,-
IGH,B31.3_P15,17,165,1469,11.23213070115725,33.29,31.0,0.3295711993921684,0.1559009550819026,0.2619136045375965,False,False,False,+
IGH,B31.3_P15,18,124,1469,8.441116405718176,33.29,31.0,0.745673649766299,0.0001606623513513,0.0005623182297297,True,True,True,+
IGH,B31.3_P15,19,80,1469,5.445881552076242,33.29,31.0,0.6185103331058505,0.0036484873588475,0.0095772793169749,True,True,True,+
IGH,B31.3_P15,20,69,1469,4.697072838665759,33.29,31.0,0.9014299015338304,5.806134470002117e-08,8.128588258002962e-07,True,True,True,+
IGH,B31.3_P15,21,66,1469,4.4928522804629,33.29,31.0,0.8367195747125372,4.261822676727164e-06,2.5570936060362988e-05,True,True,True,+
IGH,B31.3_P15,22,39,1469,2.6548672566371683,33.29,31.0,0.9465766411765932,2.7711185029141615e-10,1.1638697712239481e-08,True,True,True,+
IGH,B31.3_P15,23,31,1469,2.110279101429544,33.29,31.0,0.9179837060695102,1.1807917343989557e-08,2.479662642237807e-07,True,True,True,+
IGH,B31.3_P15,24,13,1469,0.8849557522123894,33.29,31.0,0.6884877795521327,0.0007897705031942,0.0025515662410889,True,True,True,+
IGH,B31.3_P15,25,4,1469,0.2722940776038121,33.29,31.0,0.7458493252664141,0.0001597791310397,0.0005623182297297,True,True,True,+
IGH,B31.3_P15,26,6,1469,0.4084411164057182,33.29,31.0,0.7938016482384426,2.945106306176228e-05,0.0001374382942882,True,True,True,+
IGH,B31.3_P15,27,2,1469,0.136147038801906,33.29,31.0,0.6759452611164878,0.0010696624222403,0.0032089872667209,True,True,True,+
IGH,B31.3_P15,28,2,1469,0.136147038801906,33.29,31.0,0.6347433073049019,0.0026429358687331,0.0074002204324528,True,True,True,+
IGH,B31.3_P15,29,4,1469,0.2722940776038121,33.29,31.0,0.3002203530130698,0.1984119808459414,0.2910105783972195,False,False,False,+
IGH,B31.3_P15,30,2,1469,0.136147038801906,33.29,31.0,0.4362479595214145,0.0544867558503378,0.1089735117006755,False,False,False,+
IGH,B31.3_P15,31,1,1469,0.068073519400953,33.29,31.0,-0.2895171810928736,0.2156718618757633,0.3019406066260687,False,False,False,-
IGH,B31.3_P15,32,1,1469,0.068073519400953,33.29,31.0,-0.3143130386621632,0.1771299733133637,0.2861330338138952,False,False,False,-
IGH,B31.3_P15,33,1,1469,0.068073519400953,33.29,31.0,-0.078246168112375,0.7429879889808404,0.7611096472486658,False,False,False,-
IGH,B31.3_P15,34,1,1469,0.068073519400953,33.29,31.0,-0.1544582726934441,0.5155625109566682,0.5852331205454071,False,False,False,-
IGH,B31.3_P15,35,3,1469,0.2042205582028591,33.29,31.0,0.3783540799641375,0.099987176845291,0.1825852794566184,False,False,False,+
IGH,B31.3_P15,36,1,1469,0.068073519400953,33.29,31.0,-0.0153066756723232,0.9489310267979428,0.9489310267979428,False,False,False,-
IGH,B31.3_P15,37,0,1469,0.0,33.29,31.0,0.3713328571845452,0.1069681812430296,0.1871943171753019,False,False,False,+
IGH,B31.3_P15,38,3,1469,0.2042205582028591,33.29,31.0,0.1101434224287483,0.6438873228372797,0.7116649357675197,False,False,False,+
IGH,B31.3_P15,39,1,1469,0.068073519400953,33.29,31.0,0.084726144286006,0.7224781042048394,0.7586020094150814,False,False,False,+
IGH,B31.3_P15,40,1,1469,0.068073519400953,33.29,31.0,0.0995392046667761,0.6762912662798355,0.7283136713782844,False,False,False,+
IGH,B31.3_P15,41,2,1469,0.136147038801906,33.29,31.0,0.2816319828682844,0.2290008848123576,0.3102592632941619,False,False,False,+
IGH,B31.3_P15,42,0,1469,0.0,33.29,31.0,0.2323932246409531,0.3241523266992246,0.4125575067081041,False,False,False,+
IGH,B31.3_P15,43,0,1469,0.0,33.29,31.0,0.1791705684001971,0.4497512966056953,0.5247098460399778,False,False,False,+
IGH,B31.3_P15,44,0,1469,0.0,33.29,31.0,,,,False,False,False,-
IGH,B31.3_P15,45,0,1469,0.0,33.29,31.0,0.4390570399587614,0.0527752128983353,0.1089735117006755,False,False,False,+
IGH,B31.3_P15,46,0,1469,0.0,33.29,31.0,0.2986176140003285,0.2009358755599849,0.2910105783972195,False,False,False,+
IGH,B31.3_P15,47,0,1469,0.0,33.29,31.0,0.2986176140003285,0.2009358755599849,0.2910105783972195,False,False,False,+
IGH,B31.3_P15,48,0,1469,0.0,33.29,31.0,0.2588019321336181,0.2705579150377114,0.3551072634869962,False,False,False,+
IGH,B31.3_P15,49,0,1469,0.0,33.29,31.0,,,,False,False,False,-
IGH,B31.3_P15,50,0,1469,0.0,33.29,31.0,0.1791705684001971,0.4497512966056953,0.5247098460399778,False,False,False,+
IGH,B32.4_P16,0,0,1263,0.0,34.43,32.0,,,,False,False,False,-
IGH,B32.4_P16,1,0,1263,0.0,34.43,32.0,,,,False,False,False,-
IGH,B32.4_P16,2,0,1263,0.0,34.43,32.0,,,,False,False,False,-
IGH,B32.4_P16,3,0,1263,0.0,34.43,32.0,,,,False,False,False,-
IGH,B32.4_P16,4,0,1263,0.0,34.43,32.0,,,,False,False,False,-
IGH,B32.4_P16,5,0,1263,0.0,34.43,32.0,,,,False,False,False,-
IGH,B32.4_P16,6,0,1263,0.0,34.43,32.0,,,,False,False,False,-
IGH,B32.4_P16,7,5,1263,0.395882818685669,34.43,32.0,-0.5870385992390047,0.0065053008211593,0.0160719196758055,True,True,True,-
IGH,B32.4_P16,8,5,1263,0.395882818685669,34.43,32.0,-0.1926260891424546,0.415848947789863,0.5136957590345367,False,False,False,-
IGH,B32.4_P16,9,6,1263,0.4750593824228029,34.43,32.0,-0.7577127803377024,0.0001089765309163,0.0004577014298487,True,True,True,-
IGH,B32.4_P16,10,18,1263,1.4251781472684086,34.43,32.0,-0.5741160391238003,0.0081162556033604,0.0189379297411744,True,True,True,-
IGH,B32.4_P16,11,38,1263,3.008709422011085,34.43,32.0,-0.8615502815160567,1.0622558319506483e-06,8.922948988385448e-06,True,True,True,-
IGH,B32.4_P16,12,76,1263,6.01741884402217,34.43,32.0,-0.821670661498283,8.889442620212626e-06,4.666957375611629e-05,True,True,True,-
IGH,B32.4_P16,13,109,1263,8.630245447347585,34.43,32.0,-0.8886383253017145,1.6591682817945666e-07,1.742126695884295e-06,True,True,True,-
IGH,B32.4_P16,14,152,1263,12.03483768804434,34.43,32.0,-0.8502635966053661,2.0595820987367702e-06,1.4417074691157392e-05,True,True,True,-
IGH,B32.4_P16,15,150,1263,11.87648456057007,34.43,32.0,-0.3807375043206329,0.0976946292662243,0.1825852794566184,False,False,False,-
IGH,B32.4_P16,16,153,1263,12.114014251781471,34.43,32.0,-0.5432657670345791,0.0133038756798684,0.0294085672923408,True,True,True,-
IGH,B32.4_P16,17,141,1263,11.163895486935866,34.43,32.0,0.3295711993921684,0.1559009550819026,0.2619136045375965,False,False,False,+
IGH,B32.4_P16,18,107,1263,8.471892319873318,34.43,32.0,0.745673649766299,0.0001606623513513,0.0005623182297297,True,True,True,+
IGH,B32.4_P16,19,91,1263,7.205067300079176,34.43,32.0,0.6185103331058505,0.0036484873588475,0.0095772793169749,True,True,True,+
IGH,B32.4_P16,20,68,1263,5.3840063341250985,34.43,32.0,0.9014299015338304,5.806134470002117e-08,8.128588258002962e-07,True,True,True,+
IGH,B32.4_P16,21,56,1263,4.433887569279493,34.43,32.0,0.8367195747125372,4.261822676727164e-06,2.5570936060362988e-05,True,True,True,+
IGH,B32.4_P16,22,32,1263,2.5336500395882817,34.43,32.0,0.9465766411765932,2.7711185029141615e-10,1.1638697712239481e-08,True,True,True,+
IGH,B32.4_P16,23,25,1263,1.979414093428345,34.43,32.0,0.9179837060695102,1.1807917343989557e-08,2.479662642237807e-07,True,True,True,+
IGH,B32.4_P16,24,9,1263,0.7125890736342043,34.43,32.0,0.6884877795521327,0.0007897705031942,0.0025515662410889,True,True,True,+
IGH,B32.4_P16,25,11,1263,0.870942201108472,34.43,32.0,0.7458493252664141,0.0001597791310397,0.0005623182297297,True,True,True,+
IGH,B32.4_P16,26,1,1263,0.0791765637371338,34.43,32.0,0.7938016482384426,2.945106306176228e-05,0.0001374382942882,True,True,True,+
IGH,B32.4_P16,27,1,1263,0.0791765637371338,34.43,32.0,0.6759452611164878,0.0010696624222403,0.0032089872667209,True,True,True,+
IGH,B32.4_P16,28,3,1263,0.2375296912114014,34.43,32.0,0.6347433073049019,0.0026429358687331,0.0074002204324528,True,True,True,+
IGH,B32.4_P16,29,1,1263,0.0791765637371338,34.43,32.0,0.3002203530130698,0.1984119808459414,0.2910105783972195,False,False,False,+
IGH,B32.4_P16,30,2,1263,0.1583531274742676,34.43,32.0,0.4362479595214145,0.0544867558503378,0.1089735117006755,False,False,False,+
IGH,B32.4_P16,31,0,1263,0.0,34.43,32.0,-0.2895171810928736,0.2156718618757633,0.3019406066260687,False,False,False,-
IGH,B32.4_P16,32,0,1263,0.0,34.43,32.0,-0.3143130386621632,0.1771299733133637,0.2861330338138952,False,False,False,-
IGH,B32.4_P16,33,1,1263,0.0791765637371338,34.43,32.0,-0.078246168112375,0.7429879889808404,0.7611096472486658,False,False,False,-
IGH,B32.4_P16,34,1,1263,0.0791765637371338,34.43,32.0,-0.1544582726934441,0.5155625109566682,0.5852331205454071,False,False,False,-
IGH,B32.4_P16,35,0,1263,0.0,34.43,32.0,0.3783540799641375,0.099987176845291,0.1825852794566184,False,False,False,+
IGH,B32.4_P16,36,0,1263,0.0,34.43,32.0,-0.0153066756723232,0.9489310267979428,0.9489310267979428,False,False,False,-
IGH,B32.4_P16,37,0,1263,0.0,34.43,32.0,0.3713328571845452,0.1069681812430296,0.1871943171753019,False,False,False,+
IGH,B32.4_P16,38,0,1263,0.0,34.43,32.0,0.1101434224287483,0.6438873228372797,0.7116649357675197,False,False,False,+
IGH,B32.4_P16,39,0,1263,0.0,34.43,32.0,0.084726144286006,0.7224781042048394,0.7586020094150814,False,False,False,+
IGH,B32.4_P16,40,0,1263,0.0,34.43,32.0,0.0995392046667761,0.6762912662798355,0.7283136713782844,False,False,False,+
IGH,B32.4_P16,41,0,1263,0.0,34.43,32.0,0.2816319828682844,0.2290008848123576,0.3102592632941619,False,False,False,+
IGH,B32.4_P16,42,1,1263,0.0791765637371338,34.43,32.0,0.2323932246409531,0.3241523266992246,0.4125575067081041,False,False,False,+
IGH,B32.4_P16,43,0,1263,0.0,34.43,32.0,0.1791705684001971,0.4497512966056953,0.5247098460399778,False,False,False,+
IGH,B32.4_P16,44,0,1263,0.0,34.43,32.0,,,,False,False,False,-
IGH,B32.4_P16,45,0,1263,0.0,34.43,32.0,0.4390570399587614,0.0527752128983353,0.1089735117006755,False,False,False,+
IGH,B32.4_P16,46,0,1263,0.0,34.43,32.0,0.2986176140003285,0.2009358755599849,0.2910105783972195,False,False,False,+
IGH,B32.4_P16,47,0,1263,0.0,34.43,32.0,0.2986176140003285,0.2009358755599849,0.2910105783972195,False,False,False,+
IGH,B32.4_P16,48,0,1263,0.0,34.43,32.0,0.2588019321336181,0.2705579150377114,0.3551072634869962,False,False,False,+
IGH,B32.4_P16,49,0,1263,0.0,34.43,32.0,,,,False,False,False,-
IGH,B32.4_P16,50,0,1263,0.0,34.43,32.0,0.1791705684001971,0.4497512966056953,0.5247098460399778,False,False,False,+
IGH,B33.3_P17,0,0,978,0.0,35.29,33.0,,,,False,False,False,-
IGH,B33.3_P17,1,0,978,0.0,35.29,33.0,,,,False,False,False,-
IGH,B33.3_P17,2,0,978,0.0,35.29,33.0,,,,False,False,False,-
IGH,B33.3_P17,3,0,978,0.0,35.29,33.0,,,,False,False,False,-
IGH,B33.3_P17,4,0,978,0.0,35.29,33.0,,,,False,False,False,-
IGH,B33.3_P17,5,0,978,0.0,35.29,33.0,,,,False,False,False,-
IGH,B33.3_P17,6,0,978,0.0,35.29,33.0,,,,False,False,False,-
IGH,B33.3_P17,7,0,978,0.0,35.29,33.0,-0.5870385992390047,0.0065053008211593,0.0160719196758055,True,True,True,-
IGH,B33.3_P17,8,5,978,0.5112474437627812,35.29,33.0,-0.1926260891424546,0.415848947789863,0.5136957590345367,False,False,False,-
IGH,B33.3_P17,9,8,978,0.81799591002045,35.29,33.0,-0.7577127803377024,0.0001089765309163,0.0004577014298487,True,True,True,-
IGH,B33.3_P17,10,19,978,1.9427402862985683,35.29,33.0,-0.5741160391238003,0.0081162556033604,0.0189379297411744,True,True,True,-
IGH,B33.3_P17,11,31,978,3.1697341513292434,35.29,33.0,-0.8615502815160567,1.0622558319506483e-06,8.922948988385448e-06,True,True,True,-
IGH,B33.3_P17,12,53,978,5.419222903885481,35.29,33.0,-0.821670661498283,8.889442620212626e-06,4.666957375611629e-05,True,True,True,-
IGH,B33.3_P17,13,81,978,8.282208588957054,35.29,33.0,-0.8886383253017145,1.6591682817945666e-07,1.742126695884295e-06,True,True,True,-
IGH,B33.3_P17,14,106,978,10.83844580777096,35.29,33.0,-0.8502635966053661,2.0595820987367702e-06,1.4417074691157392e-05,True,True,True,-
IGH,B33.3_P17,15,95,978,9.713701431492842,35.29,33.0,-0.3807375043206329,0.0976946292662243,0.1825852794566184,False,False,False,-
IGH,B33.3_P17,16,112,978,11.4519427402863,35.29,33.0,-0.5432657670345791,0.0133038756798684,0.0294085672923408,True,True,True,-
IGH,B33.3_P17,17,116,978,11.860940695296524,35.29,33.0,0.3295711993921684,0.1559009550819026,0.2619136045375965,False,False,False,+
IGH,B33.3_P17,18,84,978,8.588957055214724,35.29,33.0,0.745673649766299,0.0001606623513513,0.0005623182297297,True,True,True,+
IGH,B33.3_P17,19,72,978,7.361963190184049,35.29,33.0,0.6185103331058505,0.0036484873588475,0.0095772793169749,True,True,True,+
IGH,B33.3_P17,20,40,978,4.08997955010225,35.29,33.0,0.9014299015338304,5.806134470002117e-08,8.128588258002962e-07,True,True,True,+
IGH,B33.3_P17,21,49,978,5.010224948875256,35.29,33.0,0.8367195747125372,4.261822676727164e-06,2.5570936060362988e-05,True,True,True,+
IGH,B33.3_P17,22,33,978,3.374233128834356,35.29,33.0,0.9465766411765932,2.7711185029141615e-10,1.1638697712239481e-08,True,True,True,+
IGH,B33.3_P17,23,24,978,2.4539877300613497,35.29,33.0,0.9179837060695102,1.1807917343989557e-08,2.479662642237807e-07,True,True,True,+
IGH,B33.3_P17,24,12,978,1.2269938650306749,35.29,33.0,0.6884877795521327,0.0007897705031942,0.0025515662410889,True,True,True,+
IGH,B33.3_P17,25,13,978,1.329243353783231,35.29,33.0,0.7458493252664141,0.0001597791310397,0.0005623182297297,True,True,True,+
IGH,B33.3_P17,26,10,978,1.0224948875255624,35.29,33.0,0.7938016482384426,2.945106306176228e-05,0.0001374382942882,True,True,True,+
IGH,B33.3_P17,27,5,978,0.5112474437627812,35.29,33.0,0.6759452611164878,0.0010696624222403,0.0032089872667209,True,True,True,+
IGH,B33.3_P17,28,2,978,0.2044989775051125,35.29,33.0,0.6347433073049019,0.0026429358687331,0.0074002204324528,True,True,True,+
IGH,B33.3_P17,29,0,978,0.0,35.29,33.0,0.3002203530130698,0.1984119808459414,0.2910105783972195,False,False,False,+
IGH,B33.3_P17,30,1,978,0.1022494887525562,35.29,33.0,0.4362479595214145,0.0544867558503378,0.1089735117006755,False,False,False,+
IGH,B33.3_P17,31,1,978,0.1022494887525562,35.29,33.0,-0.2895171810928736,0.2156718618757633,0.3019406066260687,False,False,False,-
IGH,B33.3_P17,32,0,978,0.0,35.29,33.0,-0.3143130386621632,0.1771299733133637,0.2861330338138952,False,False,False,-
IGH,B33.3_P17,33,1,978,0.1022494887525562,35.29,33.0,-0.078246168112375,0.7429879889808404,0.7611096472486658,False,False,False,-
IGH,B33.3_P17,34,0,978,0.0,35.29,33.0,-0.1544582726934441,0.5155625109566682,0.5852331205454071,False,False,False,-
IGH,B33.3_P17,35,2,978,0.2044989775051125,35.29,33.0,0.3783540799641375,0.099987176845291,0.1825852794566184,False,False,False,+
IGH,B33.3_P17,36,0,978,0.0,35.29,33.0,-0.0153066756723232,0.9489310267979428,0.9489310267979428,False,False,False,-
IGH,B33.3_P17,37,0,978,0.0,35.29,33.0,0.3713328571845452,0.1069681812430296,0.1871943171753019,False,False,False,+
IGH,B33.3_P17,38,1,978,0.1022494887525562,35.29,33.0,0.1101434224287483,0.6438873228372797,0.7116649357675197,False,False,False,+
IGH,B33.3_P17,39,0,978,0.0,35.29,33.0,0.084726144286006,0.7224781042048394,0.7586020094150814,False,False,False,+
IGH,B33.3_P17,40,0,978,0.0,35.29,33.0,0.0995392046667761,0.6762912662798355,0.7283136713782844,False,False,False,+
IGH,B33.3_P17,41,0,978,0.0,35.29,33.0,0.2816319828682844,0.2290008848123576,0.3102592632941619,False,False,False,+
IGH,B33.3_P17,42,0,978,0.0,35.29,33.0,0.2323932246409531,0.3241523266992246,0.4125575067081041,False,False,False,+
IGH,B33.3_P17,43,1,978,0.1022494887525562,35.29,33.0,0.1791705684001971,0.4497512966056953,0.5247098460399778,False,False,False,+
IGH,B33.3_P17,44,0,978,0.0,35.29,33.0,,,,False,False,False,-
IGH,B33.3_P17,45,0,978,0.0,35.29,33.0,0.4390570399587614,0.0527752128983353,0.1089735117006755,False,False,False,+
IGH,B33.3_P17,46,0,978,0.0,35.29,33.0,0.2986176140003285,0.2009358755599849,0.2910105783972195,False,False,False,+
IGH,B33.3_P17,47,0,978,0.0,35.29,33.0,0.2986176140003285,0.2009358755599849,0.2910105783972195,False,False,False,+
IGH,B33.3_P17,48,0,978,0.0,35.29,33.0,0.2588019321336181,0.2705579150377114,0.3551072634869962,False,False,False,+
IGH,B33.3_P17,49,0,978,0.0,35.29,33.0,,,,False,False,False,-
IGH,B33.3_P17,50,1,978,0.1022494887525562,35.29,33.0,0.1791705684001971,0.4497512966056953,0.5247098460399778,False,False,False,+
IGH,B34.1_P18,0,0,1345,0.0,36.14,34.0,,,,False,False,False,-
IGH,B34.1_P18,1,0,1345,0.0,36.14,34.0,,,,False,False,False,-
IGH,B34.1_P18,2,0,1345,0.0,36.14,34.0,,,,False,False,False,-
IGH,B34.1_P18,3,0,1345,0.0,36.14,34.0,,,,False,False,False,-
IGH,B34.1_P18,4,0,1345,0.0,36.14,34.0,,,,False,False,False,-
IGH,B34.1_P18,5,0,1345,0.0,36.14,34.0,,,,False,False,False,-
IGH,B34.1_P18,6,0,1345,0.0,36.14,34.0,,,,False,False,False,-
IGH,B34.1_P18,7,1,1345,0.0743494423791821,36.14,34.0,-0.5870385992390047,0.0065053008211593,0.0160719196758055,True,True,True,-
IGH,B34.1_P18,8,6,1345,0.4460966542750929,36.14,34.0,-0.1926260891424546,0.415848947789863,0.5136957590345367,False,False,False,-
IGH,B34.1_P18,9,7,1345,0.5204460966542751,36.14,34.0,-0.7577127803377024,0.0001089765309163,0.0004577014298487,True,True,True,-
IGH,B34.1_P18,10,18,1345,1.338289962825279,36.14,34.0,-0.5741160391238003,0.0081162556033604,0.0189379297411744,True,True,True,-
IGH,B34.1_P18,11,27,1345,2.0074349442379185,36.14,34.0,-0.8615502815160567,1.0622558319506483e-06,8.922948988385448e-06,True,True,True,-
IGH,B34.1_P18,12,54,1345,4.014869888475837,36.14,34.0,-0.821670661498283,8.889442620212626e-06,4.666957375611629e-05,True,True,True,-
IGH,B34.1_P18,13,121,1345,8.996282527881041,36.14,34.0,-0.8886383253017145,1.6591682817945666e-07,1.742126695884295e-06,True,True,True,-
IGH,B34.1_P18,14,130,1345,9.66542750929368,36.14,34.0,-0.8502635966053661,2.0595820987367702e-06,1.4417074691157392e-05,True,True,True,-
IGH,B34.1_P18,15,169,1345,12.565055762081784,36.14,34.0,-0.3807375043206329,0.0976946292662243,0.1825852794566184,False,False,False,-
IGH,B34.1_P18,16,144,1345,10.706319702602231,36.14,34.0,-0.5432657670345791,0.0133038756798684,0.0294085672923408,True,True,True,-
IGH,B34.1_P18,17,140,1345,10.408921933085502,36.14,34.0,0.3295711993921684,0.1559009550819026,0.2619136045375965,False,False,False,+
IGH,B34.1_P18,18,113,1345,8.401486988847584,36.14,34.0,0.745673649766299,0.0001606623513513,0.0005623182297297,True,True,True,+
IGH,B34.1_P18,19,92,1345,6.840148698884758,36.14,34.0,0.6185103331058505,0.0036484873588475,0.0095772793169749,True,True,True,+
IGH,B34.1_P18,20,93,1345,6.91449814126394,36.14,34.0,0.9014299015338304,5.806134470002117e-08,8.128588258002962e-07,True,True,True,+
IGH,B34.1_P18,21,70,1345,5.204460966542751,36.14,34.0,0.8367195747125372,4.261822676727164e-06,2.5570936060362988e-05,True,True,True,+
IGH,B34.1_P18,22,49,1345,3.643122676579925,36.14,34.0,0.9465766411765932,2.7711185029141615e-10,1.1638697712239481e-08,True,True,True,+
IGH,B34.1_P18,23,33,1345,2.453531598513011,36.14,34.0,0.9179837060695102,1.1807917343989557e-08,2.479662642237807e-07,True,True,True,+
IGH,B34.1_P18,24,30,1345,2.2304832713754648,36.14,34.0,0.6884877795521327,0.0007897705031942,0.0025515662410889,True,True,True,+
IGH,B34.1_P18,25,19,1345,1.412639405204461,36.14,34.0,0.7458493252664141,0.0001597791310397,0.0005623182297297,True,True,True,+
IGH,B34.1_P18,26,11,1345,0.8178438661710037,36.14,34.0,0.7938016482384426,2.945106306176228e-05,0.0001374382942882,True,True,True,+
IGH,B34.1_P18,27,7,1345,0.5204460966542751,36.14,34.0,0.6759452611164878,0.0010696624222403,0.0032089872667209,True,True,True,+
IGH,B34.1_P18,28,2,1345,0.1486988847583643,36.14,34.0,0.6347433073049019,0.0026429358687331,0.0074002204324528,True,True,True,+
IGH,B34.1_P18,29,3,1345,0.2230483271375464,36.14,34.0,0.3002203530130698,0.1984119808459414,0.2910105783972195,False,False,False,+
IGH,B34.1_P18,30,1,1345,0.0743494423791821,36.14,34.0,0.4362479595214145,0.0544867558503378,0.1089735117006755,False,False,False,+
IGH,B34.1_P18,31,0,1345,0.0,36.14,34.0,-0.2895171810928736,0.2156718618757633,0.3019406066260687,False,False,False,-
IGH,B34.1_P18,32,0,1345,0.0,36.14,34.0,-0.3143130386621632,0.1771299733133637,0.2861330338138952,False,False,False,-
IGH,B34.1_P18,33,0,1345,0.0,36.14,34.0,-0.078246168112375,0.7429879889808404,0.7611096472486658,False,False,False,-
IGH,B34.1_P18,34,0,1345,0.0,36.14,34.0,-0.1544582726934441,0.5155625109566682,0.5852331205454071,False,False,False,-
IGH,B34.1_P18,35,2,1345,0.1486988847583643,36.14,34.0,0.3783540799641375,0.099987176845291,0.1825852794566184,False,False,False,+
IGH,B34.1_P18,36,1,1345,0.0743494423791821,36.14,34.0,-0.0153066756723232,0.9489310267979428,0.9489310267979428,False,False,False,-
IGH,B34.1_P18,37,0,1345,0.0,36.14,34.0,0.3713328571845452,0.1069681812430296,0.1871943171753019,False,False,False,+
IGH,B34.1_P18,38,1,1345,0.0743494423791821,36.14,34.0,0.1101434224287483,0.6438873228372797,0.7116649357675197,False,False,False,+
IGH,B34.1_P18,39,0,1345,0.0,36.14,34.0,0.084726144286006,0.7224781042048394,0.7586020094150814,False,False,False,+
IGH,B34.1_P18,40,0,1345,0.0,36.14,34.0,0.0995392046667761,0.6762912662798355,0.7283136713782844,False,False,False,+
IGH,B34.1_P18,41,0,1345,0.0,36.14,34.0,0.2816319828682844,0.2290008848123576,0.3102592632941619,False,False,False,+
IGH,B34.1_P18,42,0,1345,0.0,36.14,34.0,0.2323932246409531,0.3241523266992246,0.4125575067081041,False,False,False,+
IGH,B34.1_P18,43,0,1345,0.0,36.14,34.0,0.1791705684001971,0.4497512966056953,0.5247098460399778,False,False,False,+
IGH,B34.1_P18,44,0,1345,0.0,36.14,34.0,,,,False,False,False,-
IGH,B34.1_P18,45,1,1345,0.0743494423791821,36.14,34.0,0.4390570399587614,0.0527752128983353,0.1089735117006755,False,False,False,+
IGH,B34.1_P18,46,0,1345,0.0,36.14,34.0,0.2986176140003285,0.2009358755599849,0.2910105783972195,False,False,False,+
IGH,B34.1_P18,47,0,1345,0.0,36.14,34.0,0.2986176140003285,0.2009358755599849,0.2910105783972195,False,False,False,+
IGH,B34.1_P18,48,0,1345,0.0,36.14,34.0,0.2588019321336181,0.2705579150377114,0.3551072634869962,False,False,False,+
IGH,B34.1_P18,49,0,1345,0.0,36.14,34.0,,,,False,False,False,-
IGH,B34.1_P18,50,0,1345,0.0,36.14,34.0,0.1791705684001971,0.4497512966056953,0.5247098460399778,False,False,False,+
IGH,B36.1_P19,0,0,605,0.0,38.14,36.0,,,,False,False,False,-
IGH,B36.1_P19,1,0,605,0.0,38.14,36.0,,,,False,False,False,-
IGH,B36.1_P19,2,0,605,0.0,38.14,36.0,,,,False,False,False,-
IGH,B36.1_P19,3,0,605,0.0,38.14,36.0,,,,False,False,False,-
IGH,B36.1_P19,4,0,605,0.0,38.14,36.0,,,,False,False,False,-
IGH,B36.1_P19,5,0,605,0.0,38.14,36.0,,,,False,False,False,-
IGH,B36.1_P19,6,0,605,0.0,38.14,36.0,,,,False,False,False,-
IGH,B36.1_P19,7,1,605,0.1652892561983471,38.14,36.0,-0.5870385992390047,0.0065053008211593,0.0160719196758055,True,True,True,-
IGH,B36.1_P19,8,6,605,0.9917355371900828,38.14,36.0,-0.1926260891424546,0.415848947789863,0.5136957590345367,False,False,False,-
IGH,B36.1_P19,9,1,605,0.1652892561983471,38.14,36.0,-0.7577127803377024,0.0001089765309163,0.0004577014298487,True,True,True,-
IGH,B36.1_P19,10,19,605,3.1404958677685952,38.14,36.0,-0.5741160391238003,0.0081162556033604,0.0189379297411744,True,True,True,-
IGH,B36.1_P19,11,17,605,2.809917355371901,38.14,36.0,-0.8615502815160567,1.0622558319506483e-06,8.922948988385448e-06,True,True,True,-
IGH,B36.1_P19,12,27,605,4.462809917355372,38.14,36.0,-0.821670661498283,8.889442620212626e-06,4.666957375611629e-05,True,True,True,-
IGH,B36.1_P19,13,51,605,8.429752066115702,38.14,36.0,-0.8886383253017145,1.6591682817945666e-07,1.742126695884295e-06,True,True,True,-
IGH,B36.1_P19,14,55,605,9.090909090909092,38.14,36.0,-0.8502635966053661,2.0595820987367702e-06,1.4417074691157392e-05,True,True,True,-
IGH,B36.1_P19,15,72,605,11.900826446280991,38.14,36.0,-0.3807375043206329,0.0976946292662243,0.1825852794566184,False,False,False,-
IGH,B36.1_P19,16,60,605,9.917355371900827,38.14,36.0,-0.5432657670345791,0.0133038756798684,0.0294085672923408,True,True,True,-
IGH,B36.1_P19,17,68,605,11.239669421487603,38.14,36.0,0.3295711993921684,0.1559009550819026,0.2619136045375965,False,False,False,+
IGH,B36.1_P19,18,40,605,6.6115702479338845,38.14,36.0,0.745673649766299,0.0001606623513513,0.0005623182297297,True,True,True,+
IGH,B36.1_P19,19,41,605,6.776859504132231,38.14,36.0,0.6185103331058505,0.0036484873588475,0.0095772793169749,True,True,True,+
IGH,B36.1_P19,20,44,605,7.272727272727272,38.14,36.0,0.9014299015338304,5.806134470002117e-08,8.128588258002962e-07,True,True,True,+
IGH,B36.1_P19,21,30,605,4.958677685950414,38.14,36.0,0.8367195747125372,4.261822676727164e-06,2.5570936060362988e-05,True,True,True,+
IGH,B36.1_P19,22,27,605,4.462809917355372,38.14,36.0,0.9465766411765932,2.7711185029141615e-10,1.1638697712239481e-08,True,True,True,+
IGH,B36.1_P19,23,22,605,3.636363636363636,38.14,36.0,0.9179837060695102,1.1807917343989557e-08,2.479662642237807e-07,True,True,True,+
IGH,B36.1_P19,24,5,605,0.8264462809917356,38.14,36.0,0.6884877795521327,0.0007897705031942,0.0025515662410889,True,True,True,+
IGH,B36.1_P19,25,2,605,0.3305785123966942,38.14,36.0,0.7458493252664141,0.0001597791310397,0.0005623182297297,True,True,True,+
IGH,B36.1_P19,26,6,605,0.9917355371900828,38.14,36.0,0.7938016482384426,2.945106306176228e-05,0.0001374382942882,True,True,True,+
IGH,B36.1_P19,27,3,605,0.4958677685950413,38.14,36.0,0.6759452611164878,0.0010696624222403,0.0032089872667209,True,True,True,+
IGH,B36.1_P19,28,2,605,0.3305785123966942,38.14,36.0,0.6347433073049019,0.0026429358687331,0.0074002204324528,True,True,True,+
IGH,B36.1_P19,29,3,605,0.4958677685950413,38.14,36.0,0.3002203530130698,0.1984119808459414,0.2910105783972195,False,False,False,+
IGH,B36.1_P19,30,0,605,0.0,38.14,36.0,0.4362479595214145,0.0544867558503378,0.1089735117006755,False,False,False,+
IGH,B36.1_P19,31,0,605,0.0,38.14,36.0,-0.2895171810928736,0.2156718618757633,0.3019406066260687,False,False,False,-
IGH,B36.1_P19,32,0,605,0.0,38.14,36.0,-0.3143130386621632,0.1771299733133637,0.2861330338138952,False,False,False,-
IGH,B36.1_P19,33,1,605,0.1652892561983471,38.14,36.0,-0.078246168112375,0.7429879889808404,0.7611096472486658,False,False,False,-
IGH,B36.1_P19,34,0,605,0.0,38.14,36.0,-0.1544582726934441,0.5155625109566682,0.5852331205454071,False,False,False,-
IGH,B36.1_P19,35,1,605,0.1652892561983471,38.14,36.0,0.3783540799641375,0.099987176845291,0.1825852794566184,False,False,False,+
IGH,B36.1_P19,36,0,605,0.0,38.14,36.0,-0.0153066756723232,0.9489310267979428,0.9489310267979428,False,False,False,-
IGH,B36.1_P19,37,0,605,0.0,38.14,36.0,0.3713328571845452,0.1069681812430296,0.1871943171753019,False,False,False,+
IGH,B36.1_P19,38,0,605,0.0,38.14,36.0,0.1101434224287483,0.6438873228372797,0.7116649357675197,False,False,False,+
IGH,B36.1_P19,39,0,605,0.0,38.14,36.0,0.084726144286006,0.7224781042048394,0.7586020094150814,False,False,False,+
IGH,B36.1_P19,40,0,605,0.0,38.14,36.0,0.0995392046667761,0.6762912662798355,0.7283136713782844,False,False,False,+
IGH,B36.1_P19,41,0,605,0.0,38.14,36.0,0.2816319828682844,0.2290008848123576,0.3102592632941619,False,False,False,+
IGH,B36.1_P19,42,0,605,0.0,38.14,36.0,0.2323932246409531,0.3241523266992246,0.4125575067081041,False,False,False,+
IGH,B36.1_P19,43,0,605,0.0,38.14,36.0,0.1791705684001971,0.4497512966056953,0.5247098460399778,False,False,False,+
IGH,B36.1_P19,44,0,605,0.0,38.14,36.0,,,,False,False,False,-
IGH,B36.1_P19,45,0,605,0.0,38.14,36.0,0.4390570399587614,0.0527752128983353,0.1089735117006755,False,False,False,+
IGH,B36.1_P19,46,0,605,0.0,38.14,36.0,0.2986176140003285,0.2009358755599849,0.2910105783972195,False,False,False,+
IGH,B36.1_P19,47,0,605,0.0,38.14,36.0,0.2986176140003285,0.2009358755599849,0.2910105783972195,False,False,False,+
IGH,B36.1_P19,48,1,605,0.1652892561983471,38.14,36.0,0.2588019321336181,0.2705579150377114,0.3551072634869962,False,False,False,+
IGH,B36.1_P19,49,0,605,0.0,38.14,36.0,,,,False,False,False,-
IGH,B36.1_P19,50,0,605,0.0,38.14,36.0,0.1791705684001971,0.4497512966056953,0.5247098460399778,False,False,False,+
IGH,B37.9_P20,0,0,747,0.0,39.86,37.0,,,,False,False,False,-
IGH,B37.9_P20,1,0,747,0.0,39.86,37.0,,,,False,False,False,-
IGH,B37.9_P20,2,0,747,0.0,39.86,37.0,,,,False,False,False,-
IGH,B37.9_P20,3,0,747,0.0,39.86,37.0,,,,False,False,False,-
IGH,B37.9_P20,4,0,747,0.0,39.86,37.0,,,,False,False,False,-
IGH,B37.9_P20,5,0,747,0.0,39.86,37.0,,,,False,False,False,-
IGH,B37.9_P20,6,0,747,0.0,39.86,37.0,,,,False,False,False,-
IGH,B37.9_P20,7,3,747,0.4016064257028112,39.86,37.0,-0.5870385992390047,0.0065053008211593,0.0160719196758055,True,True,True,-
IGH,B37.9_P20,8,2,747,0.2677376171352075,39.86,37.0,-0.1926260891424546,0.415848947789863,0.5136957590345367,False,False,False,-
IGH,B37.9_P20,9,3,747,0.4016064257028112,39.86,37.0,-0.7577127803377024,0.0001089765309163,0.0004577014298487,True,True,True,-
IGH,B37.9_P20,10,12,747,1.6064257028112447,39.86,37.0,-0.5741160391238003,0.0081162556033604,0.0189379297411744,True,True,True,-
IGH,B37.9_P20,11,21,747,2.8112449799196786,39.86,37.0,-0.8615502815160567,1.0622558319506483e-06,8.922948988385448e-06,True,True,True,-
IGH,B37.9_P20,12,26,747,3.4805890227576977,39.86,37.0,-0.821670661498283,8.889442620212626e-06,4.666957375611629e-05,True,True,True,-
IGH,B37.9_P20,13,46,747,6.157965194109773,39.86,37.0,-0.8886383253017145,1.6591682817945666e-07,1.742126695884295e-06,True,True,True,-
IGH,B37.9_P20,14,63,747,8.433734939759036,39.86,37.0,-0.8502635966053661,2.0595820987367702e-06,1.4417074691157392e-05,True,True,True,-
IGH,B37.9_P20,15,76,747,10.174029451137883,39.86,37.0,-0.3807375043206329,0.0976946292662243,0.1825852794566184,False,False,False,-
IGH,B37.9_P20,16,81,747,10.843373493975903,39.86,37.0,-0.5432657670345791,0.0133038756798684,0.0294085672923408,True,True,True,-
IGH,B37.9_P20,17,77,747,10.307898259705487,39.86,37.0,0.3295711993921684,0.1559009550819026,0.2619136045375965,False,False,False,+
IGH,B37.9_P20,18,66,747,8.835341365461847,39.86,37.0,0.745673649766299,0.0001606623513513,0.0005623182297297,True,True,True,+
IGH,B37.9_P20,19,77,747,10.307898259705487,39.86,37.0,0.6185103331058505,0.0036484873588475,0.0095772793169749,True,True,True,+
IGH,B37.9_P20,20,54,747,7.228915662650602,39.86,37.0,0.9014299015338304,5.806134470002117e-08,8.128588258002962e-07,True,True,True,+
IGH,B37.9_P20,21,40,747,5.35475234270415,39.86,37.0,0.8367195747125372,4.261822676727164e-06,2.5570936060362988e-05,True,True,True,+
IGH,B37.9_P20,22,29,747,3.882195448460509,39.86,37.0,0.9465766411765932,2.7711185029141615e-10,1.1638697712239481e-08,True,True,True,+
IGH,B37.9_P20,23,24,747,3.212851405622489,39.86,37.0,0.9179837060695102,1.1807917343989557e-08,2.479662642237807e-07,True,True,True,+
IGH,B37.9_P20,24,6,747,0.8032128514056224,39.86,37.0,0.6884877795521327,0.0007897705031942,0.0025515662410889,True,True,True,+
IGH,B37.9_P20,25,18,747,2.409638554216868,39.86,37.0,0.7458493252664141,0.0001597791310397,0.0005623182297297,True,True,True,+
IGH,B37.9_P20,26,8,747,1.07095046854083,39.86,37.0,0.7938016482384426,2.945106306176228e-05,0.0001374382942882,True,True,True,+
IGH,B37.9_P20,27,3,747,0.4016064257028112,39.86,37.0,0.6759452611164878,0.0010696624222403,0.0032089872667209,True,True,True,+
IGH,B37.9_P20,28,2,747,0.2677376171352075,39.86,37.0,0.6347433073049019,0.0026429358687331,0.0074002204324528,True,True,True,+
IGH,B37.9_P20,29,0,747,0.0,39.86,37.0,0.3002203530130698,0.1984119808459414,0.2910105783972195,False,False,False,+
IGH,B37.9_P20,30,3,747,0.4016064257028112,39.86,37.0,0.4362479595214145,0.0544867558503378,0.1089735117006755,False,False,False,+
IGH,B37.9_P20,31,0,747,0.0,39.86,37.0,-0.2895171810928736,0.2156718618757633,0.3019406066260687,False,False,False,-
IGH,B37.9_P20,32,1,747,0.1338688085676037,39.86,37.0,-0.3143130386621632,0.1771299733133637,0.2861330338138952,False,False,False,-
IGH,B37.9_P20,33,0,747,0.0,39.86,37.0,-0.078246168112375,0.7429879889808404,0.7611096472486658,False,False,False,-
IGH,B37.9_P20,34,0,747,0.0,39.86,37.0,-0.1544582726934441,0.5155625109566682,0.5852331205454071,False,False,False,-
IGH,B37.9_P20,35,0,747,0.0,39.86,37.0,0.3783540799641375,0.099987176845291,0.1825852794566184,False,False,False,+
IGH,B37.9_P20,36,1,747,0.1338688085676037,39.86,37.0,-0.0153066756723232,0.9489310267979428,0.9489310267979428,False,False,False,-
IGH,B37.9_P20,37,0,747,0.0,39.86,37.0,0.3713328571845452,0.1069681812430296,0.1871943171753019,False,False,False,+
IGH,B37.9_P20,38,1,747,0.1338688085676037,39.86,37.0,0.1101434224287483,0.6438873228372797,0.7116649357675197,False,False,False,+
IGH,B37.9_P20,39,1,747,0.1338688085676037,39.86,37.0,0.084726144286006,0.7224781042048394,0.7586020094150814,False,False,False,+
IGH,B37.9_P20,40,0,747,0.0,39.86,37.0,0.0995392046667761,0.6762912662798355,0.7283136713782844,False,False,False,+
IGH,B37.9_P20,41,1,747,0.1338688085676037,39.86,37.0,0.2816319828682844,0.2290008848123576,0.3102592632941619,False,False,False,+
IGH,B37.9_P20,42,0,747,0.0,39.86,37.0,0.2323932246409531,0.3241523266992246,0.4125575067081041,False,False,False,+
IGH,B37.9_P20,43,0,747,0.0,39.86,37.0,0.1791705684001971,0.4497512966056953,0.5247098460399778,False,False,False,+
IGH,B37.9_P20,44,0,747,0.0,39.86,37.0,,,,False,False,False,-
IGH,B37.9_P20,45,0,747,0.0,39.86,37.0,0.4390570399587614,0.0527752128983353,0.1089735117006755,False,False,False,+
IGH,B37.9_P20,46,1,747,0.1338688085676037,39.86,37.0,0.2986176140003285,0.2009358755599849,0.2910105783972195,False,False,False,+
IGH,B37.9_P20,47,1,747,0.1338688085676037,39.86,37.0,0.2986176140003285,0.2009358755599849,0.2910105783972195,False,False,False,+
IGH,B37.9_P20,48,0,747,0.0,39.86,37.0,0.2588019321336181,0.2705579150377114,0.3551072634869962,False,False,False,+
IGH,B37.9_P20,49,0,747,0.0,39.86,37.0,,,,False,False,False,-
IGH,B37.9_P20,50,0,747,0.0,39.86,37.0,0.1791705684001971,0.4497512966056953,0.5247098460399778,False,False,False,+
IGH,B38.1_P21,0,0,731,0.0,40.14,38.0,,,,False,False,False,-
IGH,B38.1_P21,1,0,731,0.0,40.14,38.0,,,,False,False,False,-
IGH,B38.1_P21,2,0,731,0.0,40.14,38.0,,,,False,False,False,-
IGH,B38.1_P21,3,0,731,0.0,40.14,38.0,,,,False,False,False,-
IGH,B38.1_P21,4,0,731,0.0,40.14,38.0,,,,False,False,False,-
IGH,B38.1_P21,5,0,731,0.0,40.14,38.0,,,,False,False,False,-
IGH,B38.1_P21,6,0,731,0.0,40.14,38.0,,,,False,False,False,-
IGH,B38.1_P21,7,1,731,0.1367989056087551,40.14,38.0,-0.5870385992390047,0.0065053008211593,0.0160719196758055,True,True,True,-
IGH,B38.1_P21,8,4,731,0.5471956224350205,40.14,38.0,-0.1926260891424546,0.415848947789863,0.5136957590345367,False,False,False,-
IGH,B38.1_P21,9,5,731,0.6839945280437756,40.14,38.0,-0.7577127803377024,0.0001089765309163,0.0004577014298487,True,True,True,-
IGH,B38.1_P21,10,6,731,0.8207934336525308,40.14,38.0,-0.5741160391238003,0.0081162556033604,0.0189379297411744,True,True,True,-
IGH,B38.1_P21,11,21,731,2.8727770177838576,40.14,38.0,-0.8615502815160567,1.0622558319506483e-06,8.922948988385448e-06,True,True,True,-
IGH,B38.1_P21,12,32,731,4.377564979480164,40.14,38.0,-0.821670661498283,8.889442620212626e-06,4.666957375611629e-05,True,True,True,-
IGH,B38.1_P21,13,49,731,6.703146374829001,40.14,38.0,-0.8886383253017145,1.6591682817945666e-07,1.742126695884295e-06,True,True,True,-
IGH,B38.1_P21,14,62,731,8.481532147742818,40.14,38.0,-0.8502635966053661,2.0595820987367702e-06,1.4417074691157392e-05,True,True,True,-
IGH,B38.1_P21,15,89,731,12.175102599179208,40.14,38.0,-0.3807375043206329,0.0976946292662243,0.1825852794566184,False,False,False,-
IGH,B38.1_P21,16,89,731,12.175102599179208,40.14,38.0,-0.5432657670345791,0.0133038756798684,0.0294085672923408,True,True,True,-
IGH,B38.1_P21,17,81,731,11.080711354309166,40.14,38.0,0.3295711993921684,0.1559009550819026,0.2619136045375965,False,False,False,+
IGH,B38.1_P21,18,73,731,9.986320109439124,40.14,38.0,0.745673649766299,0.0001606623513513,0.0005623182297297,True,True,True,+
IGH,B38.1_P21,19,49,731,6.703146374829001,40.14,38.0,0.6185103331058505,0.0036484873588475,0.0095772793169749,True,True,True,+
IGH,B38.1_P21,20,46,731,6.292749658002736,40.14,38.0,0.9014299015338304,5.806134470002117e-08,8.128588258002962e-07,True,True,True,+
IGH,B38.1_P21,21,31,731,4.240766073871409,40.14,38.0,0.8367195747125372,4.261822676727164e-06,2.5570936060362988e-05,True,True,True,+
IGH,B38.1_P21,22,30,731,4.1039671682626535,40.14,38.0,0.9465766411765932,2.7711185029141615e-10,1.1638697712239481e-08,True,True,True,+
IGH,B38.1_P21,23,15,731,2.0519835841313268,40.14,38.0,0.9179837060695102,1.1807917343989557e-08,2.479662642237807e-07,True,True,True,+
IGH,B38.1_P21,24,19,731,2.5991792065663475,40.14,38.0,0.6884877795521327,0.0007897705031942,0.0025515662410889,True,True,True,+
IGH,B38.1_P21,25,9,731,1.231190150478796,40.14,38.0,0.7458493252664141,0.0001597791310397,0.0005623182297297,True,True,True,+
IGH,B38.1_P21,26,7,731,0.957592339261286,40.14,38.0,0.7938016482384426,2.945106306176228e-05,0.0001374382942882,True,True,True,+
IGH,B38.1_P21,27,4,731,0.5471956224350205,40.14,38.0,0.6759452611164878,0.0010696624222403,0.0032089872667209,True,True,True,+
IGH,B38.1_P21,28,5,731,0.6839945280437756,40.14,38.0,0.6347433073049019,0.0026429358687331,0.0074002204324528,True,True,True,+
IGH,B38.1_P21,29,1,731,0.1367989056087551,40.14,38.0,0.3002203530130698,0.1984119808459414,0.2910105783972195,False,False,False,+
IGH,B38.1_P21,30,0,731,0.0,40.14,38.0,0.4362479595214145,0.0544867558503378,0.1089735117006755,False,False,False,+
IGH,B38.1_P21,31,1,731,0.1367989056087551,40.14,38.0,-0.2895171810928736,0.2156718618757633,0.3019406066260687,False,False,False,-
IGH,B38.1_P21,32,0,731,0.0,40.14,38.0,-0.3143130386621632,0.1771299733133637,0.2861330338138952,False,False,False,-
IGH,B38.1_P21,33,0,731,0.0,40.14,38.0,-0.078246168112375,0.7429879889808404,0.7611096472486658,False,False,False,-
IGH,B38.1_P21,34,0,731,0.0,40.14,38.0,-0.1544582726934441,0.5155625109566682,0.5852331205454071,False,False,False,-
IGH,B38.1_P21,35,0,731,0.0,40.14,38.0,0.3783540799641375,0.099987176845291,0.1825852794566184,False,False,False,+
IGH,B38.1_P21,36,0,731,0.0,40.14,38.0,-0.0153066756723232,0.9489310267979428,0.9489310267979428,False,False,False,-
IGH,B38.1_P21,37,1,731,0.1367989056087551,40.14,38.0,0.3713328571845452,0.1069681812430296,0.1871943171753019,False,False,False,+
IGH,B38.1_P21,38,0,731,0.0,40.14,38.0,0.1101434224287483,0.6438873228372797,0.7116649357675197,False,False,False,+
IGH,B38.1_P21,39,0,731,0.0,40.14,38.0,0.084726144286006,0.7224781042048394,0.7586020094150814,False,False,False,+
IGH,B38.1_P21,40,0,731,0.0,40.14,38.0,0.0995392046667761,0.6762912662798355,0.7283136713782844,False,False,False,+
IGH,B38.1_P21,41,0,731,0.0,40.14,38.0,0.2816319828682844,0.2290008848123576,0.3102592632941619,False,False,False,+
IGH,B38.1_P21,42,1,731,0.1367989056087551,40.14,38.0,0.2323932246409531,0.3241523266992246,0.4125575067081041,False,False,False,+
IGH,B38.1_P21,43,0,731,0.0,40.14,38.0,0.1791705684001971,0.4497512966056953,0.5247098460399778,False,False,False,+
IGH,B38.1_P21,44,0,731,0.0,40.14,38.0,,,,False,False,False,-
IGH,B38.1_P21,45,0,731,0.0,40.14,38.0,0.4390570399587614,0.0527752128983353,0.1089735117006755,False,False,False,+
IGH,B38.1_P21,46,0,731,0.0,40.14,38.0,0.2986176140003285,0.2009358755599849,0.2910105783972195,False,False,False,+
IGH,B38.1_P21,47,0,731,0.0,40.14,38.0,0.2986176140003285,0.2009358755599849,0.2910105783972195,False,False,False,+
IGH,B38.1_P21,48,0,731,0.0,40.14,38.0,0.2588019321336181,0.2705579150377114,0.3551072634869962,False,False,False,+
IGH,B38.1_P21,49,0,731,0.0,40.14,38.0,,,,False,False,False,-
IGH,B38.1_P21,50,0,731,0.0,40.14,38.0,0.1791705684001971,0.4497512966056953,0.5247098460399778,False,False,False,+
IGH,B39.1_P22,0,0,1018,0.0,41.14,39.0,,,,False,False,False,-
IGH,B39.1_P22,1,0,1018,0.0,41.14,39.0,,,,False,False,False,-
IGH,B39.1_P22,2,0,1018,0.0,41.14,39.0,,,,False,False,False,-
IGH,B39.1_P22,3,0,1018,0.0,41.14,39.0,,,,False,False,False,-
IGH,B39.1_P22,4,0,1018,0.0,41.14,39.0,,,,False,False,False,-
IGH,B39.1_P22,5,0,1018,0.0,41.14,39.0,,,,False,False,False,-
IGH,B39.1_P22,6,0,1018,0.0,41.14,39.0,,,,False,False,False,-
IGH,B39.1_P22,7,0,1018,0.0,41.14,39.0,-0.5870385992390047,0.0065053008211593,0.0160719196758055,True,True,True,-
IGH,B39.1_P22,8,2,1018,0.1964636542239685,41.14,39.0,-0.1926260891424546,0.415848947789863,0.5136957590345367,False,False,False,-
IGH,B39.1_P22,9,8,1018,0.7858546168958742,41.14,39.0,-0.7577127803377024,0.0001089765309163,0.0004577014298487,True,True,True,-
IGH,B39.1_P22,10,11,1018,1.080550098231827,41.14,39.0,-0.5741160391238003,0.0081162556033604,0.0189379297411744,True,True,True,-
IGH,B39.1_P22,11,21,1018,2.06286836935167,41.14,39.0,-0.8615502815160567,1.0622558319506483e-06,8.922948988385448e-06,True,True,True,-
IGH,B39.1_P22,12,45,1018,4.4204322200392925,41.14,39.0,-0.821670661498283,8.889442620212626e-06,4.666957375611629e-05,True,True,True,-
IGH,B39.1_P22,13,76,1018,7.465618860510806,41.14,39.0,-0.8886383253017145,1.6591682817945666e-07,1.742126695884295e-06,True,True,True,-
IGH,B39.1_P22,14,93,1018,9.135559921414538,41.14,39.0,-0.8502635966053661,2.0595820987367702e-06,1.4417074691157392e-05,True,True,True,-
IGH,B39.1_P22,15,110,1018,10.805500982318271,41.14,39.0,-0.3807375043206329,0.0976946292662243,0.1825852794566184,False,False,False,-
IGH,B39.1_P22,16,107,1018,10.510805500982318,41.14,39.0,-0.5432657670345791,0.0133038756798684,0.0294085672923408,True,True,True,-
IGH,B39.1_P22,17,101,1018,9.921414538310412,41.14,39.0,0.3295711993921684,0.1559009550819026,0.2619136045375965,False,False,False,+
IGH,B39.1_P22,18,105,1018,10.31434184675835,41.14,39.0,0.745673649766299,0.0001606623513513,0.0005623182297297,True,True,True,+
IGH,B39.1_P22,19,83,1018,8.153241650294696,41.14,39.0,0.6185103331058505,0.0036484873588475,0.0095772793169749,True,True,True,+
IGH,B39.1_P22,20,90,1018,8.840864440078585,41.14,39.0,0.9014299015338304,5.806134470002117e-08,8.128588258002962e-07,True,True,True,+
IGH,B39.1_P22,21,54,1018,5.304518664047151,41.14,39.0,0.8367195747125372,4.261822676727164e-06,2.5570936060362988e-05,True,True,True,+
IGH,B39.1_P22,22,38,1018,3.732809430255403,41.14,39.0,0.9465766411765932,2.7711185029141615e-10,1.1638697712239481e-08,True,True,True,+
IGH,B39.1_P22,23,29,1018,2.848722986247544,41.14,39.0,0.9179837060695102,1.1807917343989557e-08,2.479662642237807e-07,True,True,True,+
IGH,B39.1_P22,24,13,1018,1.2770137524557956,41.14,39.0,0.6884877795521327,0.0007897705031942,0.0025515662410889,True,True,True,+
IGH,B39.1_P22,25,11,1018,1.080550098231827,41.14,39.0,0.7458493252664141,0.0001597791310397,0.0005623182297297,True,True,True,+
IGH,B39.1_P22,26,6,1018,0.5893909626719057,41.14,39.0,0.7938016482384426,2.945106306176228e-05,0.0001374382942882,True,True,True,+
IGH,B39.1_P22,27,4,1018,0.3929273084479371,41.14,39.0,0.6759452611164878,0.0010696624222403,0.0032089872667209,True,True,True,+
IGH,B39.1_P22,28,4,1018,0.3929273084479371,41.14,39.0,0.6347433073049019,0.0026429358687331,0.0074002204324528,True,True,True,+
IGH,B39.1_P22,29,0,1018,0.0,41.14,39.0,0.3002203530130698,0.1984119808459414,0.2910105783972195,False,False,False,+
IGH,B39.1_P22,30,2,1018,0.1964636542239685,41.14,39.0,0.4362479595214145,0.0544867558503378,0.1089735117006755,False,False,False,+
IGH,B39.1_P22,31,1,1018,0.0982318271119842,41.14,39.0,-0.2895171810928736,0.2156718618757633,0.3019406066260687,False,False,False,-
IGH,B39.1_P22,32,0,1018,0.0,41.14,39.0,-0.3143130386621632,0.1771299733133637,0.2861330338138952,False,False,False,-
IGH,B39.1_P22,33,0,1018,0.0,41.14,39.0,-0.078246168112375,0.7429879889808404,0.7611096472486658,False,False,False,-
IGH,B39.1_P22,34,0,1018,0.0,41.14,39.0,-0.1544582726934441,0.5155625109566682,0.5852331205454071,False,False,False,-
IGH,B39.1_P22,35,1,1018,0.0982318271119842,41.14,39.0,0.3783540799641375,0.099987176845291,0.1825852794566184,False,False,False,+
IGH,B39.1_P22,36,0,1018,0.0,41.14,39.0,-0.0153066756723232,0.9489310267979428,0.9489310267979428,False,False,False,-
IGH,B39.1_P22,37,1,1018,0.0982318271119842,41.14,39.0,0.3713328571845452,0.1069681812430296,0.1871943171753019,False,False,False,+
IGH,B39.1_P22,38,1,1018,0.0982318271119842,41.14,39.0,0.1101434224287483,0.6438873228372797,0.7116649357675197,False,False,False,+
IGH,B39.1_P22,39,0,1018,0.0,41.14,39.0,0.084726144286006,0.7224781042048394,0.7586020094150814,False,False,False,+
IGH,B39.1_P22,40,0,1018,0.0,41.14,39.0,0.0995392046667761,0.6762912662798355,0.7283136713782844,False,False,False,+
IGH,B39.1_P22,41,0,1018,0.0,41.14,39.0,0.2816319828682844,0.2290008848123576,0.3102592632941619,False,False,False,+
IGH,B39.1_P22,42,0,1018,0.0,41.14,39.0,0.2323932246409531,0.3241523266992246,0.4125575067081041,False,False,False,+
IGH,B39.1_P22,43,0,1018,0.0,41.14,39.0,0.1791705684001971,0.4497512966056953,0.5247098460399778,False,False,False,+
IGH,B39.1_P22,44,0,1018,0.0,41.14,39.0,,,,False,False,False,-
IGH,B39.1_P22,45,1,1018,0.0982318271119842,41.14,39.0,0.4390570399587614,0.0527752128983353,0.1089735117006755,False,False,False,+
IGH,B39.1_P22,46,0,1018,0.0,41.14,39.0,0.2986176140003285,0.2009358755599849,0.2910105783972195,False,False,False,+
IGH,B39.1_P22,47,0,1018,0.0,41.14,39.0,0.2986176140003285,0.2009358755599849,0.2910105783972195,False,False,False,+
IGH,B39.1_P22,48,0,1018,0.0,41.14,39.0,0.2588019321336181,0.2705579150377114,0.3551072634869962,False,False,False,+
IGH,B39.1_P22,49,0,1018,0.0,41.14,39.0,,,,False,False,False,-
IGH,B39.1_P22,50,0,1018,0.0,41.14,39.0,0.1791705684001971,0.4497512966056953,0.5247098460399778,False,False,False,+
