"feature","factor","value","view","sign","gene","Group"
"ACTR1B","Factor3",2.65557498926128,"Cell_stimulate_BulkRNA","positive","ACTR1B","positive_Cell_stimulate_BulkRNA"
"ADAM19","Factor3",-1.35776874934112,"Cell_stimulate_BulkRNA","negative","ADAM19","negative_Cell_stimulate_BulkRNA"
"ADIPOR1","Factor3",-2.60777275939685,"Cell_stimulate_BulkRNA","negative","ADIPOR1","negative_Cell_stimulate_BulkRNA"
"AKIRIN2","Factor3",-2.12274679993319,"Cell_stimulate_BulkRNA","negative","AKIRIN2","negative_Cell_stimulate_BulkRNA"
"ALAS2","Factor3",-2.65368448859992,"Cell_stimulate_BulkRNA","negative","ALAS2","negative_Cell_stimulate_BulkRNA"
"ANXA11","Factor3",2.65821111062808,"Cell_stimulate_BulkRNA","positive","ANXA11","positive_Cell_stimulate_BulkRNA"
"ANXA6","Factor3",2.63760258850767,"Cell_stimulate_BulkRNA","positive","ANXA6","positive_Cell_stimulate_BulkRNA"
"ANXA7","Factor3",-2.09345860843782,"Cell_stimulate_BulkRNA","negative","ANXA7","negative_Cell_stimulate_BulkRNA"
"AP2M1","Factor3",-1.51089835020164,"Cell_stimulate_BulkRNA","negative","AP2M1","negative_Cell_stimulate_BulkRNA"
"ARF4","Factor3",-1.92465397255045,"Cell_stimulate_BulkRNA","negative","ARF4","negative_Cell_stimulate_BulkRNA"
"ARHGAP30","Factor3",2.82523550069773,"Cell_stimulate_BulkRNA","positive","ARHGAP30","positive_Cell_stimulate_BulkRNA"
"ARHGEF1","Factor3",2.57993086359703,"Cell_stimulate_BulkRNA","positive","ARHGEF1","positive_Cell_stimulate_BulkRNA"
"ARPC5","Factor3",2.58248084535025,"Cell_stimulate_BulkRNA","positive","ARPC5","positive_Cell_stimulate_BulkRNA"
"ASXL1","Factor3",2.7948891072126,"Cell_stimulate_BulkRNA","positive","ASXL1","positive_Cell_stimulate_BulkRNA"
"ATP5MG","Factor3",2.68805660164397,"Cell_stimulate_BulkRNA","positive","ATP5MG","positive_Cell_stimulate_BulkRNA"
"BCL2L1","Factor3",-1.90765450948267,"Cell_stimulate_BulkRNA","negative","BCL2L1","negative_Cell_stimulate_BulkRNA"
"BPGM","Factor3",-2.51384473522321,"Cell_stimulate_BulkRNA","negative","BPGM","negative_Cell_stimulate_BulkRNA"
"BSG","Factor3",-2.80274762427939,"Cell_stimulate_BulkRNA","negative","BSG","negative_Cell_stimulate_BulkRNA"
"CALM1","Factor3",2.91391084024601,"Cell_stimulate_BulkRNA","positive","CALM1","positive_Cell_stimulate_BulkRNA"
"CAP1","Factor3",2.95548406728827,"Cell_stimulate_BulkRNA","positive","CAP1","positive_Cell_stimulate_BulkRNA"
"CAPG","Factor3",2.57803339821786,"Cell_stimulate_BulkRNA","positive","CAPG","positive_Cell_stimulate_BulkRNA"
"CAPZB","Factor3",2.62667852506152,"Cell_stimulate_BulkRNA","positive","CAPZB","positive_Cell_stimulate_BulkRNA"
"CCDC167","Factor3",3.04638031889215,"Cell_stimulate_BulkRNA","positive","CCDC167","positive_Cell_stimulate_BulkRNA"
"CCR7","Factor3",3.05480759930718,"Cell_stimulate_BulkRNA","positive","CCR7","positive_Cell_stimulate_BulkRNA"
"CD27","Factor3",2.69823497747418,"Cell_stimulate_BulkRNA","positive","CD27","positive_Cell_stimulate_BulkRNA"
"CD3G","Factor3",2.57898830169633,"Cell_stimulate_BulkRNA","positive","CD3G","positive_Cell_stimulate_BulkRNA"
"CD5_Cell_stimulate_BulkRNA","Factor3",2.75396206220706,"Cell_stimulate_BulkRNA","positive","CD5","positive_Cell_stimulate_BulkRNA"
"CD52","Factor3",2.81650386840543,"Cell_stimulate_BulkRNA","positive","CD52","positive_Cell_stimulate_BulkRNA"
"CDC25B","Factor3",2.69424259000955,"Cell_stimulate_BulkRNA","positive","CDC25B","positive_Cell_stimulate_BulkRNA"
"CDC34","Factor3",-2.2841491651295,"Cell_stimulate_BulkRNA","negative","CDC34","negative_Cell_stimulate_BulkRNA"
"CDC42","Factor3",2.59092404006807,"Cell_stimulate_BulkRNA","positive","CDC42","positive_Cell_stimulate_BulkRNA"
"CDCA8","Factor3",2.85646752258225,"Cell_stimulate_BulkRNA","positive","CDCA8","positive_Cell_stimulate_BulkRNA"
"CDK2","Factor3",2.85574285733097,"Cell_stimulate_BulkRNA","positive","CDK2","positive_Cell_stimulate_BulkRNA"
"CDK2AP2","Factor3",2.83584376340405,"Cell_stimulate_BulkRNA","positive","CDK2AP2","positive_Cell_stimulate_BulkRNA"
"CDK6","Factor3",-1.36128349079084,"Cell_stimulate_BulkRNA","negative","CDK6","negative_Cell_stimulate_BulkRNA"
"CDKN2D","Factor3",-1.21629926342924,"Cell_stimulate_BulkRNA","negative","CDKN2D","negative_Cell_stimulate_BulkRNA"
"CFL1","Factor3",2.73457614860273,"Cell_stimulate_BulkRNA","positive","CFL1","positive_Cell_stimulate_BulkRNA"
"CHMP4B","Factor3",2.68358499108607,"Cell_stimulate_BulkRNA","positive","CHMP4B","positive_Cell_stimulate_BulkRNA"
"CNN2","Factor3",2.68575475086322,"Cell_stimulate_BulkRNA","positive","CNN2","positive_Cell_stimulate_BulkRNA"
"CORO1A","Factor3",2.86876121862307,"Cell_stimulate_BulkRNA","positive","CORO1A","positive_Cell_stimulate_BulkRNA"
"COTL1","Factor3",2.77331769471186,"Cell_stimulate_BulkRNA","positive","COTL1","positive_Cell_stimulate_BulkRNA"
"CPOX","Factor3",-2.54358339351309,"Cell_stimulate_BulkRNA","negative","CPOX","negative_Cell_stimulate_BulkRNA"
"CRKL","Factor3",-1.84119776311468,"Cell_stimulate_BulkRNA","negative","CRKL","negative_Cell_stimulate_BulkRNA"
"CXCL9_Cell_stimulate_BulkRNA","Factor3",-1.66970860551874,"Cell_stimulate_BulkRNA","negative","CXCL9","negative_Cell_stimulate_BulkRNA"
"CYFIP2","Factor3",2.69697476992969,"Cell_stimulate_BulkRNA","positive","CYFIP2","positive_Cell_stimulate_BulkRNA"
"DCAF12","Factor3",-2.65249785390349,"Cell_stimulate_BulkRNA","negative","DCAF12","negative_Cell_stimulate_BulkRNA"
"DEF6","Factor3",2.73842326933883,"Cell_stimulate_BulkRNA","positive","DEF6","positive_Cell_stimulate_BulkRNA"
"DENND2D","Factor3",2.62277794457238,"Cell_stimulate_BulkRNA","positive","DENND2D","positive_Cell_stimulate_BulkRNA"
"DNAJA1","Factor3",-1.66155083173825,"Cell_stimulate_BulkRNA","negative","DNAJA1","negative_Cell_stimulate_BulkRNA"
"DNAJB1","Factor3",-2.56580626846078,"Cell_stimulate_BulkRNA","negative","DNAJB1","negative_Cell_stimulate_BulkRNA"
"DNPH1","Factor3",2.63325739020826,"Cell_stimulate_BulkRNA","positive","DNPH1","positive_Cell_stimulate_BulkRNA"
"DOCK2","Factor3",2.85186691143405,"Cell_stimulate_BulkRNA","positive","DOCK2","positive_Cell_stimulate_BulkRNA"
"DYNLL1","Factor3",-2.65558974398528,"Cell_stimulate_BulkRNA","negative","DYNLL1","negative_Cell_stimulate_BulkRNA"
"EEF1A1","Factor3",2.88400700910309,"Cell_stimulate_BulkRNA","positive","EEF1A1","positive_Cell_stimulate_BulkRNA"
"EEF1A1P5","Factor3",2.81601033284525,"Cell_stimulate_BulkRNA","positive","EEF1A1P5","positive_Cell_stimulate_BulkRNA"
"EIF1","Factor3",-2.2272736759355,"Cell_stimulate_BulkRNA","negative","EIF1","negative_Cell_stimulate_BulkRNA"
"EIF1B","Factor3",-2.51058712642101,"Cell_stimulate_BulkRNA","negative","EIF1B","negative_Cell_stimulate_BulkRNA"
"EIF2AK1","Factor3",-1.55853919110946,"Cell_stimulate_BulkRNA","negative","EIF2AK1","negative_Cell_stimulate_BulkRNA"
"EIF3L","Factor3",2.92474767139211,"Cell_stimulate_BulkRNA","positive","EIF3L","positive_Cell_stimulate_BulkRNA"
"EIF5","Factor3",-2.87400149353967,"Cell_stimulate_BulkRNA","negative","EIF5","negative_Cell_stimulate_BulkRNA"
"ESYT1","Factor3",2.71660799628851,"Cell_stimulate_BulkRNA","positive","ESYT1","positive_Cell_stimulate_BulkRNA"
"ETS1","Factor3",2.74830829378942,"Cell_stimulate_BulkRNA","positive","ETS1","positive_Cell_stimulate_BulkRNA"
"FIS1","Factor3",-2.03839575156429,"Cell_stimulate_BulkRNA","negative","FIS1","negative_Cell_stimulate_BulkRNA"
"FKBP8","Factor3",-1.37685122590023,"Cell_stimulate_BulkRNA","negative","FKBP8","negative_Cell_stimulate_BulkRNA"
"FMNL1","Factor3",2.83343285866504,"Cell_stimulate_BulkRNA","positive","FMNL1","positive_Cell_stimulate_BulkRNA"
"FNBP1","Factor3",2.69569544090904,"Cell_stimulate_BulkRNA","positive","FNBP1","positive_Cell_stimulate_BulkRNA"
"FSCN1","Factor3",-2.19288609835644,"Cell_stimulate_BulkRNA","negative","FSCN1","negative_Cell_stimulate_BulkRNA"
"FTL","Factor3",-1.33144744918981,"Cell_stimulate_BulkRNA","negative","FTL","negative_Cell_stimulate_BulkRNA"
"FYN","Factor3",2.78310419521424,"Cell_stimulate_BulkRNA","positive","FYN","positive_Cell_stimulate_BulkRNA"
"GADD45GIP1","Factor3",-1.22798750704158,"Cell_stimulate_BulkRNA","negative","GADD45GIP1","negative_Cell_stimulate_BulkRNA"
"GLRX5","Factor3",-2.95870920233495,"Cell_stimulate_BulkRNA","negative","GLRX5","negative_Cell_stimulate_BulkRNA"
"GMFG","Factor3",2.97438884054999,"Cell_stimulate_BulkRNA","positive","GMFG","positive_Cell_stimulate_BulkRNA"
"GNAI2","Factor3",2.65335480466729,"Cell_stimulate_BulkRNA","positive","GNAI2","positive_Cell_stimulate_BulkRNA"
"GNG8","Factor3",2.67648739786384,"Cell_stimulate_BulkRNA","positive","GNG8","positive_Cell_stimulate_BulkRNA"
"GPX1","Factor3",-2.44560390633696,"Cell_stimulate_BulkRNA","negative","GPX1","negative_Cell_stimulate_BulkRNA"
"GRSF1","Factor3",2.73898351373764,"Cell_stimulate_BulkRNA","positive","GRSF1","positive_Cell_stimulate_BulkRNA"
"GSPT1","Factor3",-1.72137277652048,"Cell_stimulate_BulkRNA","negative","GSPT1","negative_Cell_stimulate_BulkRNA"
"GUK1","Factor3",-1.94557536820799,"Cell_stimulate_BulkRNA","negative","GUK1","negative_Cell_stimulate_BulkRNA"
"GYPC","Factor3",-2.7639115984327,"Cell_stimulate_BulkRNA","negative","GYPC","negative_Cell_stimulate_BulkRNA"
"HBA1","Factor3",-2.62291187596233,"Cell_stimulate_BulkRNA","negative","HBA1","negative_Cell_stimulate_BulkRNA"
"HBA2","Factor3",-2.3676787932733,"Cell_stimulate_BulkRNA","negative","HBA2","negative_Cell_stimulate_BulkRNA"
"HBB","Factor3",-2.05894148217617,"Cell_stimulate_BulkRNA","negative","HBB","negative_Cell_stimulate_BulkRNA"
"HBG2","Factor3",-2.3146752005302,"Cell_stimulate_BulkRNA","negative","HBG2","negative_Cell_stimulate_BulkRNA"
"HCLS1","Factor3",2.92760622647793,"Cell_stimulate_BulkRNA","positive","HCLS1","positive_Cell_stimulate_BulkRNA"
"HEXIM1","Factor3",-2.04860860718526,"Cell_stimulate_BulkRNA","negative","HEXIM1","negative_Cell_stimulate_BulkRNA"
"HIGD1A","Factor3",-1.27538616596825,"Cell_stimulate_BulkRNA","negative","HIGD1A","negative_Cell_stimulate_BulkRNA"
"IFITM2","Factor3",2.68403358739938,"Cell_stimulate_BulkRNA","positive","IFITM2","positive_Cell_stimulate_BulkRNA"
"IKZF1","Factor3",2.72674774913012,"Cell_stimulate_BulkRNA","positive","IKZF1","positive_Cell_stimulate_BulkRNA"
"IL2RG","Factor3",3.04326048050616,"Cell_stimulate_BulkRNA","positive","IL2RG","positive_Cell_stimulate_BulkRNA"
"IQGAP1","Factor3",2.59479503494939,"Cell_stimulate_BulkRNA","positive","IQGAP1","positive_Cell_stimulate_BulkRNA"
"ITM2A","Factor3",2.74677145077332,"Cell_stimulate_BulkRNA","positive","ITM2A","positive_Cell_stimulate_BulkRNA"
"ITM2C","Factor3",2.6291262553865,"Cell_stimulate_BulkRNA","positive","ITM2C","positive_Cell_stimulate_BulkRNA"
"JOSD1","Factor3",2.67980348426532,"Cell_stimulate_BulkRNA","positive","JOSD1","positive_Cell_stimulate_BulkRNA"
"JUNB","Factor3",-2.22227168572691,"Cell_stimulate_BulkRNA","negative","JUNB","negative_Cell_stimulate_BulkRNA"
"KIF5B","Factor3",-1.24013899152017,"Cell_stimulate_BulkRNA","negative","KIF5B","negative_Cell_stimulate_BulkRNA"
"LARP1","Factor3",-1.46041492239603,"Cell_stimulate_BulkRNA","negative","LARP1","negative_Cell_stimulate_BulkRNA"
"LARS1","Factor3",-1.2783871199386,"Cell_stimulate_BulkRNA","negative","LARS1","negative_Cell_stimulate_BulkRNA"
"LCP1","Factor3",2.91707292238294,"Cell_stimulate_BulkRNA","positive","LCP1","positive_Cell_stimulate_BulkRNA"
"LIG1","Factor3",2.6103205776126,"Cell_stimulate_BulkRNA","positive","LIG1","positive_Cell_stimulate_BulkRNA"
"LMNA","Factor3",-1.30324273228123,"Cell_stimulate_BulkRNA","negative","LMNA","negative_Cell_stimulate_BulkRNA"
"LPXN","Factor3",2.91777750015117,"Cell_stimulate_BulkRNA","positive","LPXN","positive_Cell_stimulate_BulkRNA"
"LRRC59","Factor3",-1.2343551548241,"Cell_stimulate_BulkRNA","negative","LRRC59","negative_Cell_stimulate_BulkRNA"
"LSP1","Factor3",2.92634234911555,"Cell_stimulate_BulkRNA","positive","LSP1","positive_Cell_stimulate_BulkRNA"
"MCM5","Factor3",2.77886770600208,"Cell_stimulate_BulkRNA","positive","MCM5","positive_Cell_stimulate_BulkRNA"
"MLH1","Factor3",2.62538126035535,"Cell_stimulate_BulkRNA","positive","MLH1","positive_Cell_stimulate_BulkRNA"
"MRFAP1","Factor3",-1.55883632468747,"Cell_stimulate_BulkRNA","negative","MRFAP1","negative_Cell_stimulate_BulkRNA"
"MSN","Factor3",2.78855974817757,"Cell_stimulate_BulkRNA","positive","MSN","positive_Cell_stimulate_BulkRNA"
"MT.CO2","Factor3",2.95633959124476,"Cell_stimulate_BulkRNA","positive","MT.CO2","positive_Cell_stimulate_BulkRNA"
"MT.ND5","Factor3",2.61852676431747,"Cell_stimulate_BulkRNA","positive","MT.ND5","positive_Cell_stimulate_BulkRNA"
"MT.RNR1","Factor3",-2.34188532739762,"Cell_stimulate_BulkRNA","negative","MT.RNR1","negative_Cell_stimulate_BulkRNA"
"MT.RNR2","Factor3",-1.67548359908714,"Cell_stimulate_BulkRNA","negative","MT.RNR2","negative_Cell_stimulate_BulkRNA"
"MYH9","Factor3",2.72797868877421,"Cell_stimulate_BulkRNA","positive","MYH9","positive_Cell_stimulate_BulkRNA"
"MYL12A","Factor3",2.87574578408084,"Cell_stimulate_BulkRNA","positive","MYL12A","positive_Cell_stimulate_BulkRNA"
"MYO1G","Factor3",2.80286734863771,"Cell_stimulate_BulkRNA","positive","MYO1G","positive_Cell_stimulate_BulkRNA"
"NCAPG2","Factor3",2.78587718958881,"Cell_stimulate_BulkRNA","positive","NCAPG2","positive_Cell_stimulate_BulkRNA"
"NCOA4","Factor3",-1.73015322649115,"Cell_stimulate_BulkRNA","negative","NCOA4","negative_Cell_stimulate_BulkRNA"
"NFKB1","Factor3",2.59163184818786,"Cell_stimulate_BulkRNA","positive","NFKB1","positive_Cell_stimulate_BulkRNA"
"NONO","Factor3",3.05203713256625,"Cell_stimulate_BulkRNA","positive","NONO","positive_Cell_stimulate_BulkRNA"
"NUP153","Factor3",-1.82848429417075,"Cell_stimulate_BulkRNA","negative","NUP153","negative_Cell_stimulate_BulkRNA"
"NXF1","Factor3",-1.25469203993836,"Cell_stimulate_BulkRNA","negative","NXF1","negative_Cell_stimulate_BulkRNA"
"OAZ1","Factor3",-1.41709592410941,"Cell_stimulate_BulkRNA","negative","OAZ1","negative_Cell_stimulate_BulkRNA"
"OCIAD2","Factor3",2.64950481397705,"Cell_stimulate_BulkRNA","positive","OCIAD2","positive_Cell_stimulate_BulkRNA"
"PAF1","Factor3",2.68037869046164,"Cell_stimulate_BulkRNA","positive","PAF1","positive_Cell_stimulate_BulkRNA"
"PDIA6","Factor3",-1.42606596428827,"Cell_stimulate_BulkRNA","negative","PDIA6","negative_Cell_stimulate_BulkRNA"
"PHF19","Factor3",2.6246550185365,"Cell_stimulate_BulkRNA","positive","PHF19","positive_Cell_stimulate_BulkRNA"
"PIM1","Factor3",-2.86381857547754,"Cell_stimulate_BulkRNA","negative","PIM1","negative_Cell_stimulate_BulkRNA"
"PIP4K2A","Factor3",-1.25494055923517,"Cell_stimulate_BulkRNA","negative","PIP4K2A","negative_Cell_stimulate_BulkRNA"
"PITHD1","Factor3",-2.07831901374733,"Cell_stimulate_BulkRNA","negative","PITHD1","negative_Cell_stimulate_BulkRNA"
"PLCG1","Factor3",2.73482769845137,"Cell_stimulate_BulkRNA","positive","PLCG1","positive_Cell_stimulate_BulkRNA"
"PMAIP1","Factor3",-1.31420872002239,"Cell_stimulate_BulkRNA","negative","PMAIP1","negative_Cell_stimulate_BulkRNA"
"PNP","Factor3",-2.47059343879473,"Cell_stimulate_BulkRNA","negative","PNP","negative_Cell_stimulate_BulkRNA"
"PPP1R15A","Factor3",-2.676432017569,"Cell_stimulate_BulkRNA","negative","PPP1R15A","negative_Cell_stimulate_BulkRNA"
"PPP2R5D","Factor3",2.79204587439215,"Cell_stimulate_BulkRNA","positive","PPP2R5D","positive_Cell_stimulate_BulkRNA"
"PRDX6","Factor3",-2.17640884673351,"Cell_stimulate_BulkRNA","negative","PRDX6","negative_Cell_stimulate_BulkRNA"
"PSMF1","Factor3",-2.63326516971292,"Cell_stimulate_BulkRNA","negative","PSMF1","negative_Cell_stimulate_BulkRNA"
"R3HDM4","Factor3",-1.44600461456407,"Cell_stimulate_BulkRNA","negative","R3HDM4","negative_Cell_stimulate_BulkRNA"
"RAB8B","Factor3",2.6383389182042,"Cell_stimulate_BulkRNA","positive","RAB8B","positive_Cell_stimulate_BulkRNA"
"RAC2","Factor3",2.91028189155522,"Cell_stimulate_BulkRNA","positive","RAC2","positive_Cell_stimulate_BulkRNA"
"RAD23A","Factor3",-2.31623508947273,"Cell_stimulate_BulkRNA","negative","RAD23A","negative_Cell_stimulate_BulkRNA"
"RALB","Factor3",-1.49693399508313,"Cell_stimulate_BulkRNA","negative","RALB","negative_Cell_stimulate_BulkRNA"
"RASSF5","Factor3",2.60692445009131,"Cell_stimulate_BulkRNA","positive","RASSF5","positive_Cell_stimulate_BulkRNA"
"RBM38","Factor3",-1.52992137932927,"Cell_stimulate_BulkRNA","negative","RBM38","negative_Cell_stimulate_BulkRNA"
"RBX1","Factor3",-2.09536786497894,"Cell_stimulate_BulkRNA","negative","RBX1","negative_Cell_stimulate_BulkRNA"
"RECQL","Factor3",2.65746067801303,"Cell_stimulate_BulkRNA","positive","RECQL","positive_Cell_stimulate_BulkRNA"
"RFTN1","Factor3",2.7322355666009,"Cell_stimulate_BulkRNA","positive","RFTN1","positive_Cell_stimulate_BulkRNA"
"RNF10","Factor3",-1.97196736573599,"Cell_stimulate_BulkRNA","negative","RNF10","negative_Cell_stimulate_BulkRNA"
"SAMSN1","Factor3",-1.52202229780055,"Cell_stimulate_BulkRNA","negative","SAMSN1","negative_Cell_stimulate_BulkRNA"
"SEMA7A","Factor3",-1.87207747703152,"Cell_stimulate_BulkRNA","negative","SEMA7A","negative_Cell_stimulate_BulkRNA"
"SEPTIN1","Factor3",2.76446104207097,"Cell_stimulate_BulkRNA","positive","SEPTIN1","positive_Cell_stimulate_BulkRNA"
"SEPTIN6","Factor3",2.82699713592708,"Cell_stimulate_BulkRNA","positive","SEPTIN6","positive_Cell_stimulate_BulkRNA"
"SEPTIN9","Factor3",2.57828586899541,"Cell_stimulate_BulkRNA","positive","SEPTIN9","positive_Cell_stimulate_BulkRNA"
"SH2B3","Factor3",-1.68859368038768,"Cell_stimulate_BulkRNA","negative","SH2B3","negative_Cell_stimulate_BulkRNA"
"SIT1","Factor3",2.81916718596312,"Cell_stimulate_BulkRNA","positive","SIT1","positive_Cell_stimulate_BulkRNA"
"SLC16A1","Factor3",-1.24194254025548,"Cell_stimulate_BulkRNA","negative","SLC16A1","negative_Cell_stimulate_BulkRNA"
"SLC1A5","Factor3",-1.76588148379097,"Cell_stimulate_BulkRNA","negative","SLC1A5","negative_Cell_stimulate_BulkRNA"
"SLC20A1","Factor3",-1.50812682127985,"Cell_stimulate_BulkRNA","negative","SLC20A1","negative_Cell_stimulate_BulkRNA"
"SLC25A3","Factor3",2.73912269905551,"Cell_stimulate_BulkRNA","positive","SLC25A3","positive_Cell_stimulate_BulkRNA"
"SLC25A39","Factor3",-2.35271019828288,"Cell_stimulate_BulkRNA","negative","SLC25A39","negative_Cell_stimulate_BulkRNA"
"SLC2A1","Factor3",-2.72525334806599,"Cell_stimulate_BulkRNA","negative","SLC2A1","negative_Cell_stimulate_BulkRNA"
"SLC38A5","Factor3",-1.22810029539724,"Cell_stimulate_BulkRNA","negative","SLC38A5","negative_Cell_stimulate_BulkRNA"
"SLC3A2","Factor3",-1.38116620139664,"Cell_stimulate_BulkRNA","negative","SLC3A2","negative_Cell_stimulate_BulkRNA"
"SLC7A5","Factor3",-1.76633416004248,"Cell_stimulate_BulkRNA","negative","SLC7A5","negative_Cell_stimulate_BulkRNA"
"SMAP2","Factor3",3.00541002399355,"Cell_stimulate_BulkRNA","positive","SMAP2","positive_Cell_stimulate_BulkRNA"
"SMARCC1","Factor3",2.58997269032217,"Cell_stimulate_BulkRNA","positive","SMARCC1","positive_Cell_stimulate_BulkRNA"
"SMARCD1","Factor3",2.91189063533985,"Cell_stimulate_BulkRNA","positive","SMARCD1","positive_Cell_stimulate_BulkRNA"
"SNX3","Factor3",-1.62902157933918,"Cell_stimulate_BulkRNA","negative","SNX3","negative_Cell_stimulate_BulkRNA"
"SOD1","Factor3",-1.35709221871988,"Cell_stimulate_BulkRNA","negative","SOD1","negative_Cell_stimulate_BulkRNA"
"SPOCK2","Factor3",2.79473407110083,"Cell_stimulate_BulkRNA","positive","SPOCK2","positive_Cell_stimulate_BulkRNA"
"SSBP3","Factor3",-1.43752037998155,"Cell_stimulate_BulkRNA","negative","SSBP3","negative_Cell_stimulate_BulkRNA"
"TALDO1","Factor3",-2.49609072727775,"Cell_stimulate_BulkRNA","negative","TALDO1","negative_Cell_stimulate_BulkRNA"
"TBC1D10C","Factor3",2.6623458394928,"Cell_stimulate_BulkRNA","positive","TBC1D10C","positive_Cell_stimulate_BulkRNA"
"TERF2IP","Factor3",-2.4521763426639,"Cell_stimulate_BulkRNA","negative","TERF2IP","negative_Cell_stimulate_BulkRNA"
"TESC","Factor3",-1.92291335209608,"Cell_stimulate_BulkRNA","negative","TESC","negative_Cell_stimulate_BulkRNA"
"TFRC","Factor3",-2.34459201297572,"Cell_stimulate_BulkRNA","negative","TFRC","negative_Cell_stimulate_BulkRNA"
"TK1","Factor3",2.60471986071354,"Cell_stimulate_BulkRNA","positive","TK1","positive_Cell_stimulate_BulkRNA"
"TLE5","Factor3",2.62250997850416,"Cell_stimulate_BulkRNA","positive","TLE5","positive_Cell_stimulate_BulkRNA"
"TM9SF3","Factor3",-1.55021601251405,"Cell_stimulate_BulkRNA","negative","TM9SF3","negative_Cell_stimulate_BulkRNA"
"TMSB4X","Factor3",2.70254960097279,"Cell_stimulate_BulkRNA","positive","TMSB4X","positive_Cell_stimulate_BulkRNA"
"TMSB4XP8","Factor3",2.83910717922303,"Cell_stimulate_BulkRNA","positive","TMSB4XP8","positive_Cell_stimulate_BulkRNA"
"TNFRSF1B","Factor3",2.6677586851482,"Cell_stimulate_BulkRNA","positive","TNFRSF1B","positive_Cell_stimulate_BulkRNA"
"TNPO1","Factor3",-1.58837430272457,"Cell_stimulate_BulkRNA","negative","TNPO1","negative_Cell_stimulate_BulkRNA"
"TOP1","Factor3",-2.2733691900716,"Cell_stimulate_BulkRNA","negative","TOP1","negative_Cell_stimulate_BulkRNA"
"TPM3","Factor3",2.69393145340849,"Cell_stimulate_BulkRNA","positive","TPM3","positive_Cell_stimulate_BulkRNA"
"TRAC","Factor3",2.61041270719638,"Cell_stimulate_BulkRNA","positive","TRAC","positive_Cell_stimulate_BulkRNA"
"TRAPPC1","Factor3",2.72785945394464,"Cell_stimulate_BulkRNA","positive","TRAPPC1","positive_Cell_stimulate_BulkRNA"
"TRBC1","Factor3",2.60658375361216,"Cell_stimulate_BulkRNA","positive","TRBC1","positive_Cell_stimulate_BulkRNA"
"TTC7A","Factor3",2.93894174386345,"Cell_stimulate_BulkRNA","positive","TTC7A","positive_Cell_stimulate_BulkRNA"
"TUBB4B","Factor3",-2.09637887571936,"Cell_stimulate_BulkRNA","negative","TUBB4B","negative_Cell_stimulate_BulkRNA"
"UBAP1","Factor3",-1.74248430818991,"Cell_stimulate_BulkRNA","negative","UBAP1","negative_Cell_stimulate_BulkRNA"
"UBB","Factor3",-2.59428906791725,"Cell_stimulate_BulkRNA","negative","UBB","negative_Cell_stimulate_BulkRNA"
"UROD","Factor3",-1.88145189561716,"Cell_stimulate_BulkRNA","negative","UROD","negative_Cell_stimulate_BulkRNA"
"USP12","Factor3",-2.55051217001496,"Cell_stimulate_BulkRNA","negative","USP12","negative_Cell_stimulate_BulkRNA"
"WARS1","Factor3",-1.38678994354038,"Cell_stimulate_BulkRNA","negative","WARS1","negative_Cell_stimulate_BulkRNA"
"WAS","Factor3",2.75341294812067,"Cell_stimulate_BulkRNA","positive","WAS","positive_Cell_stimulate_BulkRNA"
"WDR1","Factor3",2.5979473268739,"Cell_stimulate_BulkRNA","positive","WDR1","positive_Cell_stimulate_BulkRNA"
"XBP1","Factor3",-1.55371724295772,"Cell_stimulate_BulkRNA","negative","XBP1","negative_Cell_stimulate_BulkRNA"
"XPO7","Factor3",-2.93678311436867,"Cell_stimulate_BulkRNA","negative","XPO7","negative_Cell_stimulate_BulkRNA"
"YBX1","Factor3",-1.37541379106734,"Cell_stimulate_BulkRNA","negative","YBX1","negative_Cell_stimulate_BulkRNA"
"YBX3","Factor3",-2.95539927795493,"Cell_stimulate_BulkRNA","negative","YBX3","negative_Cell_stimulate_BulkRNA"
"ZFAND5","Factor3",-1.50090673336923,"Cell_stimulate_BulkRNA","negative","ZFAND5","negative_Cell_stimulate_BulkRNA"
"CD14.PPBP._Monocytes__ACRBP","Factor3",2.35763483953445,"CD14xPPBPx_Monocytes","positive","ACRBP","positive_CD14xPPBPx_Monocytes"
"CD14.PPBP._Monocytes__ACTB","Factor3",-0.358094891083371,"CD14xPPBPx_Monocytes","negative","ACTB","negative_CD14xPPBPx_Monocytes"
"CD14.PPBP._Monocytes__ACTR2","Factor3",1.40472908442177,"CD14xPPBPx_Monocytes","positive","ACTR2","positive_CD14xPPBPx_Monocytes"
"CD14.PPBP._Monocytes__ADGRE5","Factor3",1.12524238103582,"CD14xPPBPx_Monocytes","positive","ADGRE5","positive_CD14xPPBPx_Monocytes"
"CD14.PPBP._Monocytes__AHNAK","Factor3",1.65640226585231,"CD14xPPBPx_Monocytes","positive","AHNAK","positive_CD14xPPBPx_Monocytes"
"CD14.PPBP._Monocytes__ALDOA","Factor3",-0.383325895488865,"CD14xPPBPx_Monocytes","negative","ALDOA","negative_CD14xPPBPx_Monocytes"
"CD14.PPBP._Monocytes__ANO6","Factor3",1.46538064512133,"CD14xPPBPx_Monocytes","positive","ANO6","positive_CD14xPPBPx_Monocytes"
"CD14.PPBP._Monocytes__ANXA2","Factor3",1.66684729463865,"CD14xPPBPx_Monocytes","positive","ANXA2","positive_CD14xPPBPx_Monocytes"
"CD14.PPBP._Monocytes__AP2M1","Factor3",-0.651897954778345,"CD14xPPBPx_Monocytes","negative","AP2M1","negative_CD14xPPBPx_Monocytes"
"CD14.PPBP._Monocytes__ARL6IP4","Factor3",-0.152860463832587,"CD14xPPBPx_Monocytes","negative","ARL6IP4","negative_CD14xPPBPx_Monocytes"
"CD14.PPBP._Monocytes__ARPC4","Factor3",-0.173316435834914,"CD14xPPBPx_Monocytes","negative","ARPC4","negative_CD14xPPBPx_Monocytes"
"CD14.PPBP._Monocytes__ARRB2","Factor3",1.20206903981529,"CD14xPPBPx_Monocytes","positive","ARRB2","positive_CD14xPPBPx_Monocytes"
"CD14.PPBP._Monocytes__ASAP1","Factor3",1.1463930493388,"CD14xPPBPx_Monocytes","positive","ASAP1","positive_CD14xPPBPx_Monocytes"
"CD14.PPBP._Monocytes__ATP5F1D","Factor3",-0.031532147609007,"CD14xPPBPx_Monocytes","negative","ATP5F1D","negative_CD14xPPBPx_Monocytes"
"CD14.PPBP._Monocytes__ATP5MF","Factor3",-0.311180997758887,"CD14xPPBPx_Monocytes","negative","ATP5MF","negative_CD14xPPBPx_Monocytes"
"CD14.PPBP._Monocytes__ATP5PF","Factor3",-0.0651984788460712,"CD14xPPBPx_Monocytes","negative","ATP5PF","negative_CD14xPPBPx_Monocytes"
"CD14.PPBP._Monocytes__ATP6V0C","Factor3",-0.206708997595656,"CD14xPPBPx_Monocytes","negative","ATP6V0C","negative_CD14xPPBPx_Monocytes"
"CD14.PPBP._Monocytes__ATP6V1B2","Factor3",-0.270989776325451,"CD14xPPBPx_Monocytes","negative","ATP6V1B2","negative_CD14xPPBPx_Monocytes"
"CD14.PPBP._Monocytes__BIN2","Factor3",1.38221830084924,"CD14xPPBPx_Monocytes","positive","BIN2","positive_CD14xPPBPx_Monocytes"
"CD14.PPBP._Monocytes__BNIP3L","Factor3",1.20681771317163,"CD14xPPBPx_Monocytes","positive","BNIP3L","positive_CD14xPPBPx_Monocytes"
"CD14.PPBP._Monocytes__C19orf33","Factor3",-0.372913023673965,"CD14xPPBPx_Monocytes","negative","C19orf33","negative_CD14xPPBPx_Monocytes"
"CD14.PPBP._Monocytes__C19orf38","Factor3",-0.419634995789925,"CD14xPPBPx_Monocytes","negative","C19orf38","negative_CD14xPPBPx_Monocytes"
"CD14.PPBP._Monocytes__C1orf162","Factor3",-0.519852751460231,"CD14xPPBPx_Monocytes","negative","C1orf162","negative_CD14xPPBPx_Monocytes"
"CD14.PPBP._Monocytes__C2orf88","Factor3",1.74039103966315,"CD14xPPBPx_Monocytes","positive","C2orf88","positive_CD14xPPBPx_Monocytes"
"CD14.PPBP._Monocytes__CAP1","Factor3",1.16668110063427,"CD14xPPBPx_Monocytes","positive","CAP1","positive_CD14xPPBPx_Monocytes"
"CD14.PPBP._Monocytes__CAPNS1","Factor3",-0.118771092894967,"CD14xPPBPx_Monocytes","negative","CAPNS1","negative_CD14xPPBPx_Monocytes"
"CD14.PPBP._Monocytes__CAPZB","Factor3",-0.305857810126863,"CD14xPPBPx_Monocytes","negative","CAPZB","negative_CD14xPPBPx_Monocytes"
"CD14.PPBP._Monocytes__CARD16","Factor3",1.14744758429088,"CD14xPPBPx_Monocytes","positive","CARD16","positive_CD14xPPBPx_Monocytes"
"CD14.PPBP._Monocytes__CAST","Factor3",1.86846630035797,"CD14xPPBPx_Monocytes","positive","CAST","positive_CD14xPPBPx_Monocytes"
"CD14.PPBP._Monocytes__CCND3","Factor3",-0.148829969890823,"CD14xPPBPx_Monocytes","negative","CCND3","negative_CD14xPPBPx_Monocytes"
"CD14.PPBP._Monocytes__CCNY","Factor3",-0.0307092326669416,"CD14xPPBPx_Monocytes","negative","CCNY","negative_CD14xPPBPx_Monocytes"
"CD14.PPBP._Monocytes__CD302","Factor3",1.29379373863411,"CD14xPPBPx_Monocytes","positive","CD302","positive_CD14xPPBPx_Monocytes"
"CD14.PPBP._Monocytes__CD48","Factor3",1.65637105200536,"CD14xPPBPx_Monocytes","positive","CD48","positive_CD14xPPBPx_Monocytes"
"CD14.PPBP._Monocytes__CD74","Factor3",1.13058830345375,"CD14xPPBPx_Monocytes","positive","CD74","positive_CD14xPPBPx_Monocytes"
"CD14.PPBP._Monocytes__CD9","Factor3",-0.398817364602719,"CD14xPPBPx_Monocytes","negative","CD9","negative_CD14xPPBPx_Monocytes"
"CD14.PPBP._Monocytes__CD99","Factor3",1.1218540736436,"CD14xPPBPx_Monocytes","positive","CD99","positive_CD14xPPBPx_Monocytes"
"CD14.PPBP._Monocytes__CDC42","Factor3",-0.0926738241303172,"CD14xPPBPx_Monocytes","negative","CDC42","negative_CD14xPPBPx_Monocytes"
"CD14.PPBP._Monocytes__CDK2AP1","Factor3",-0.227887653745301,"CD14xPPBPx_Monocytes","negative","CDK2AP1","negative_CD14xPPBPx_Monocytes"
"CD14.PPBP._Monocytes__CEBPB","Factor3",-0.0167657380687031,"CD14xPPBPx_Monocytes","negative","CEBPB","negative_CD14xPPBPx_Monocytes"
"CD14.PPBP._Monocytes__CLEC7A","Factor3",-0.554097397821592,"CD14xPPBPx_Monocytes","negative","CLEC7A","negative_CD14xPPBPx_Monocytes"
"CD14.PPBP._Monocytes__CMTM6","Factor3",-0.153600971299584,"CD14xPPBPx_Monocytes","negative","CMTM6","negative_CD14xPPBPx_Monocytes"
"CD14.PPBP._Monocytes__CNPY3","Factor3",1.2792532269108,"CD14xPPBPx_Monocytes","positive","CNPY3","positive_CD14xPPBPx_Monocytes"
"CD14.PPBP._Monocytes__COX6B1","Factor3",-0.307146495484065,"CD14xPPBPx_Monocytes","negative","COX6B1","negative_CD14xPPBPx_Monocytes"
"CD14.PPBP._Monocytes__COX7B","Factor3",-0.0436429852746542,"CD14xPPBPx_Monocytes","negative","COX7B","negative_CD14xPPBPx_Monocytes"
"CD14.PPBP._Monocytes__CRIP1","Factor3",1.13867492428548,"CD14xPPBPx_Monocytes","positive","CRIP1","positive_CD14xPPBPx_Monocytes"
"CD14.PPBP._Monocytes__CRTAP","Factor3",1.41985600573298,"CD14xPPBPx_Monocytes","positive","CRTAP","positive_CD14xPPBPx_Monocytes"
"CD14.PPBP._Monocytes__CSDE1","Factor3",-0.0882551382487143,"CD14xPPBPx_Monocytes","negative","CSDE1","negative_CD14xPPBPx_Monocytes"
"CD14.PPBP._Monocytes__CSTB","Factor3",-0.101708812285087,"CD14xPPBPx_Monocytes","negative","CSTB","negative_CD14xPPBPx_Monocytes"
"CD14.PPBP._Monocytes__CYBA","Factor3",-0.00374678152201969,"CD14xPPBPx_Monocytes","negative","CYBA","negative_CD14xPPBPx_Monocytes"
"CD14.PPBP._Monocytes__DENND1A","Factor3",1.22799086450484,"CD14xPPBPx_Monocytes","positive","DENND1A","positive_CD14xPPBPx_Monocytes"
"CD14.PPBP._Monocytes__DOK2","Factor3",1.18626474848347,"CD14xPPBPx_Monocytes","positive","DOK2","positive_CD14xPPBPx_Monocytes"
"CD14.PPBP._Monocytes__DUSP1","Factor3",-0.0592321002756945,"CD14xPPBPx_Monocytes","negative","DUSP1","negative_CD14xPPBPx_Monocytes"
"CD14.PPBP._Monocytes__EDF1","Factor3",1.25638364962337,"CD14xPPBPx_Monocytes","positive","EDF1","positive_CD14xPPBPx_Monocytes"
"CD14.PPBP._Monocytes__EEF1D","Factor3",-0.129848172050231,"CD14xPPBPx_Monocytes","negative","EEF1D","negative_CD14xPPBPx_Monocytes"
"CD14.PPBP._Monocytes__EIF2AK1","Factor3",1.47427270160737,"CD14xPPBPx_Monocytes","positive","EIF2AK1","positive_CD14xPPBPx_Monocytes"
"CD14.PPBP._Monocytes__ELF1","Factor3",1.28021842773239,"CD14xPPBPx_Monocytes","positive","ELF1","positive_CD14xPPBPx_Monocytes"
"CD14.PPBP._Monocytes__FCER1G","Factor3",-0.0528439145184363,"CD14xPPBPx_Monocytes","negative","FCER1G","negative_CD14xPPBPx_Monocytes"
"CD14.PPBP._Monocytes__FCGRT","Factor3",-0.110175748437681,"CD14xPPBPx_Monocytes","negative","FCGRT","negative_CD14xPPBPx_Monocytes"
"CD14.PPBP._Monocytes__FKBP8","Factor3",-0.119350545816607,"CD14xPPBPx_Monocytes","negative","FKBP8","negative_CD14xPPBPx_Monocytes"
"CD14.PPBP._Monocytes__FMNL1","Factor3",1.23992327030868,"CD14xPPBPx_Monocytes","positive","FMNL1","positive_CD14xPPBPx_Monocytes"
"CD14.PPBP._Monocytes__FP236383.3","Factor3",1.39755089440503,"CD14xPPBPx_Monocytes","positive","FP236383.3","positive_CD14xPPBPx_Monocytes"
"CD14.PPBP._Monocytes__FPR1","Factor3",-0.0158379367857625,"CD14xPPBPx_Monocytes","negative","FPR1","negative_CD14xPPBPx_Monocytes"
"CD14.PPBP._Monocytes__FYB1","Factor3",1.49069061308283,"CD14xPPBPx_Monocytes","positive","FYB1","positive_CD14xPPBPx_Monocytes"
"CD14.PPBP._Monocytes__GAPDH","Factor3",-0.123085246000559,"CD14xPPBPx_Monocytes","negative","GAPDH","negative_CD14xPPBPx_Monocytes"
"CD14.PPBP._Monocytes__GCA","Factor3",-0.373950760964436,"CD14xPPBPx_Monocytes","negative","GCA","negative_CD14xPPBPx_Monocytes"
"CD14.PPBP._Monocytes__GIMAP4","Factor3",-0.246256983873476,"CD14xPPBPx_Monocytes","negative","GIMAP4","negative_CD14xPPBPx_Monocytes"
"CD14.PPBP._Monocytes__GLUL","Factor3",-0.230557589034725,"CD14xPPBPx_Monocytes","negative","GLUL","negative_CD14xPPBPx_Monocytes"
"CD14.PPBP._Monocytes__GNAQ","Factor3",1.35247232300988,"CD14xPPBPx_Monocytes","positive","GNAQ","positive_CD14xPPBPx_Monocytes"
"CD14.PPBP._Monocytes__GNAS","Factor3",-0.0827758903723528,"CD14xPPBPx_Monocytes","negative","GNAS","negative_CD14xPPBPx_Monocytes"
"CD14.PPBP._Monocytes__GNB1","Factor3",1.23730793991333,"CD14xPPBPx_Monocytes","positive","GNB1","positive_CD14xPPBPx_Monocytes"
"CD14.PPBP._Monocytes__GRAP2","Factor3",2.01445001807138,"CD14xPPBPx_Monocytes","positive","GRAP2","positive_CD14xPPBPx_Monocytes"
"CD14.PPBP._Monocytes__GRB2","Factor3",1.06949653039526,"CD14xPPBPx_Monocytes","positive","GRB2","positive_CD14xPPBPx_Monocytes"
"CD14.PPBP._Monocytes__GRN","Factor3",1.16551106096574,"CD14xPPBPx_Monocytes","positive","GRN","positive_CD14xPPBPx_Monocytes"
"CD14.PPBP._Monocytes__GSN","Factor3",-0.0893384019711631,"CD14xPPBPx_Monocytes","negative","GSN","negative_CD14xPPBPx_Monocytes"
"CD14.PPBP._Monocytes__GSTK1","Factor3",-0.350657310235194,"CD14xPPBPx_Monocytes","negative","GSTK1","negative_CD14xPPBPx_Monocytes"
"CD14.PPBP._Monocytes__GSTO1","Factor3",1.22464094680789,"CD14xPPBPx_Monocytes","positive","GSTO1","positive_CD14xPPBPx_Monocytes"
"CD14.PPBP._Monocytes__HCST","Factor3",-0.215492984292844,"CD14xPPBPx_Monocytes","negative","HCST","negative_CD14xPPBPx_Monocytes"
"CD14.PPBP._Monocytes__HIST1H2AC","Factor3",1.55346977149179,"CD14xPPBPx_Monocytes","positive","HIST1H2AC","positive_CD14xPPBPx_Monocytes"
"CD14.PPBP._Monocytes__HLA.A","Factor3",1.34784852221488,"CD14xPPBPx_Monocytes","positive","HLA.A","positive_CD14xPPBPx_Monocytes"
"CD14.PPBP._Monocytes__HLA.E","Factor3",1.2971438529578,"CD14xPPBPx_Monocytes","positive","HLA.E","positive_CD14xPPBPx_Monocytes"
"CD14.PPBP._Monocytes__HNRNPC","Factor3",1.11924394110314,"CD14xPPBPx_Monocytes","positive","HNRNPC","positive_CD14xPPBPx_Monocytes"
"CD14.PPBP._Monocytes__HSBP1","Factor3",-0.265374802156643,"CD14xPPBPx_Monocytes","negative","HSBP1","negative_CD14xPPBPx_Monocytes"
"CD14.PPBP._Monocytes__ICAM3","Factor3",-0.391753678227154,"CD14xPPBPx_Monocytes","negative","ICAM3","negative_CD14xPPBPx_Monocytes"
"CD14.PPBP._Monocytes__IFI30","Factor3",1.85223284319965,"CD14xPPBPx_Monocytes","positive","IFI30","positive_CD14xPPBPx_Monocytes"
"CD14.PPBP._Monocytes__IGSF6","Factor3",-0.185318738896938,"CD14xPPBPx_Monocytes","negative","IGSF6","negative_CD14xPPBPx_Monocytes"
"CD14.PPBP._Monocytes__IQGAP2","Factor3",1.51994034728939,"CD14xPPBPx_Monocytes","positive","IQGAP2","positive_CD14xPPBPx_Monocytes"
"CD14.PPBP._Monocytes__JTB","Factor3",1.12894955749874,"CD14xPPBPx_Monocytes","positive","JTB","positive_CD14xPPBPx_Monocytes"
"CD14.PPBP._Monocytes__KIF2A","Factor3",1.63696657662706,"CD14xPPBPx_Monocytes","positive","KIF2A","positive_CD14xPPBPx_Monocytes"
"CD14.PPBP._Monocytes__LGALS1","Factor3",-0.503914663529929,"CD14xPPBPx_Monocytes","negative","LGALS1","negative_CD14xPPBPx_Monocytes"
"CD14.PPBP._Monocytes__LGALS2","Factor3",1.90190986375326,"CD14xPPBPx_Monocytes","positive","LGALS2","positive_CD14xPPBPx_Monocytes"
"CD14.PPBP._Monocytes__LILRA5","Factor3",-0.091865200469757,"CD14xPPBPx_Monocytes","negative","LILRA5","negative_CD14xPPBPx_Monocytes"
"CD14.PPBP._Monocytes__LILRB2","Factor3",-0.310689605984087,"CD14xPPBPx_Monocytes","negative","LILRB2","negative_CD14xPPBPx_Monocytes"
"CD14.PPBP._Monocytes__LIMS1","Factor3",1.26584507113752,"CD14xPPBPx_Monocytes","positive","LIMS1","positive_CD14xPPBPx_Monocytes"
"CD14.PPBP._Monocytes__LRMDA","Factor3",-0.0397930403239263,"CD14xPPBPx_Monocytes","negative","LRMDA","negative_CD14xPPBPx_Monocytes"
"CD14.PPBP._Monocytes__LRP1","Factor3",1.28194122856749,"CD14xPPBPx_Monocytes","positive","LRP1","positive_CD14xPPBPx_Monocytes"
"CD14.PPBP._Monocytes__LRRFIP1","Factor3",1.57416805759704,"CD14xPPBPx_Monocytes","positive","LRRFIP1","positive_CD14xPPBPx_Monocytes"
"CD14.PPBP._Monocytes__LYST","Factor3",1.43992137438339,"CD14xPPBPx_Monocytes","positive","LYST","positive_CD14xPPBPx_Monocytes"
"CD14.PPBP._Monocytes__LYZ","Factor3",1.52129114601407,"CD14xPPBPx_Monocytes","positive","LYZ","positive_CD14xPPBPx_Monocytes"
"CD14.PPBP._Monocytes__MARCH2","Factor3",-0.133776148496941,"CD14xPPBPx_Monocytes","negative","MARCH2","negative_CD14xPPBPx_Monocytes"
"CD14.PPBP._Monocytes__MARCKS","Factor3",-0.0081024780518888,"CD14xPPBPx_Monocytes","negative","MARCKS","negative_CD14xPPBPx_Monocytes"
"CD14.PPBP._Monocytes__MAX","Factor3",1.56840636937709,"CD14xPPBPx_Monocytes","positive","MAX","positive_CD14xPPBPx_Monocytes"
"CD14.PPBP._Monocytes__MBP","Factor3",1.24832512131504,"CD14xPPBPx_Monocytes","positive","MBP","positive_CD14xPPBPx_Monocytes"
"CD14.PPBP._Monocytes__MCTP1","Factor3",1.28590371446317,"CD14xPPBPx_Monocytes","positive","MCTP1","positive_CD14xPPBPx_Monocytes"
"CD14.PPBP._Monocytes__MEF2C","Factor3",-0.0392430767679603,"CD14xPPBPx_Monocytes","negative","MEF2C","negative_CD14xPPBPx_Monocytes"
"CD14.PPBP._Monocytes__MMD","Factor3",1.85463467865942,"CD14xPPBPx_Monocytes","positive","MMD","positive_CD14xPPBPx_Monocytes"
"CD14.PPBP._Monocytes__MPP1","Factor3",1.19873717827033,"CD14xPPBPx_Monocytes","positive","MPP1","positive_CD14xPPBPx_Monocytes"
"CD14.PPBP._Monocytes__MT.ND3","Factor3",1.12747687899975,"CD14xPPBPx_Monocytes","positive","MT.ND3","positive_CD14xPPBPx_Monocytes"
"CD14.PPBP._Monocytes__MYADM","Factor3",1.10899005002045,"CD14xPPBPx_Monocytes","positive","MYADM","positive_CD14xPPBPx_Monocytes"
"CD14.PPBP._Monocytes__MYL12A","Factor3",-0.484637757174567,"CD14xPPBPx_Monocytes","negative","MYL12A","negative_CD14xPPBPx_Monocytes"
"CD14.PPBP._Monocytes__MYL9","Factor3",-0.0619810089159244,"CD14xPPBPx_Monocytes","negative","MYL9","negative_CD14xPPBPx_Monocytes"
"CD14.PPBP._Monocytes__MYO1F","Factor3",1.17869041010497,"CD14xPPBPx_Monocytes","positive","MYO1F","positive_CD14xPPBPx_Monocytes"
"CD14.PPBP._Monocytes__NAA38","Factor3",-0.616182294742953,"CD14xPPBPx_Monocytes","negative","NAA38","negative_CD14xPPBPx_Monocytes"
"CD14.PPBP._Monocytes__NDUFA13","Factor3",-0.31552573484459,"CD14xPPBPx_Monocytes","negative","NDUFA13","negative_CD14xPPBPx_Monocytes"
"CD14.PPBP._Monocytes__NDUFA4","Factor3",-0.0438473613092739,"CD14xPPBPx_Monocytes","negative","NDUFA4","negative_CD14xPPBPx_Monocytes"
"CD14.PPBP._Monocytes__NDUFAF3","Factor3",-0.547015911973961,"CD14xPPBPx_Monocytes","negative","NDUFAF3","negative_CD14xPPBPx_Monocytes"
"CD14.PPBP._Monocytes__NDUFB4","Factor3",-0.00189624216326487,"CD14xPPBPx_Monocytes","negative","NDUFB4","negative_CD14xPPBPx_Monocytes"
"CD14.PPBP._Monocytes__NME2","Factor3",1.08409324022543,"CD14xPPBPx_Monocytes","positive","NME2","positive_CD14xPPBPx_Monocytes"
"CD14.PPBP._Monocytes__NORAD","Factor3",1.47246094054835,"CD14xPPBPx_Monocytes","positive","NORAD","positive_CD14xPPBPx_Monocytes"
"CD14.PPBP._Monocytes__NUMB","Factor3",1.60727521237133,"CD14xPPBPx_Monocytes","positive","NUMB","positive_CD14xPPBPx_Monocytes"
"CD14.PPBP._Monocytes__NUP214","Factor3",-0.195569891130548,"CD14xPPBPx_Monocytes","negative","NUP214","negative_CD14xPPBPx_Monocytes"
"CD14.PPBP._Monocytes__OSTF1","Factor3",-0.552987529197432,"CD14xPPBPx_Monocytes","negative","OSTF1","negative_CD14xPPBPx_Monocytes"
"CD14.PPBP._Monocytes__PABPC1","Factor3",-0.0501507760035611,"CD14xPPBPx_Monocytes","negative","PABPC1","negative_CD14xPPBPx_Monocytes"
"CD14.PPBP._Monocytes__PAK2","Factor3",-0.507601823265691,"CD14xPPBPx_Monocytes","negative","PAK2","negative_CD14xPPBPx_Monocytes"
"CD14.PPBP._Monocytes__PARVB","Factor3",-0.109856028478844,"CD14xPPBPx_Monocytes","negative","PARVB","negative_CD14xPPBPx_Monocytes"
"CD14.PPBP._Monocytes__PARVG","Factor3",-0.0692092863310266,"CD14xPPBPx_Monocytes","negative","PARVG","negative_CD14xPPBPx_Monocytes"
"CD14.PPBP._Monocytes__PFN1","Factor3",-0.0104083238667714,"CD14xPPBPx_Monocytes","negative","PFN1","negative_CD14xPPBPx_Monocytes"
"CD14.PPBP._Monocytes__PGAM1","Factor3",-0.66522184269452,"CD14xPPBPx_Monocytes","negative","PGAM1","negative_CD14xPPBPx_Monocytes"
"CD14.PPBP._Monocytes__PGRMC1","Factor3",1.09470146571142,"CD14xPPBPx_Monocytes","positive","PGRMC1","positive_CD14xPPBPx_Monocytes"
"CD14.PPBP._Monocytes__PILRA","Factor3",-0.11005321030222,"CD14xPPBPx_Monocytes","negative","PILRA","negative_CD14xPPBPx_Monocytes"
"CD14.PPBP._Monocytes__PLEKHO1","Factor3",1.29215374029231,"CD14xPPBPx_Monocytes","positive","PLEKHO1","positive_CD14xPPBPx_Monocytes"
"CD14.PPBP._Monocytes__POLD4","Factor3",-0.0175959784665683,"CD14xPPBPx_Monocytes","negative","POLD4","negative_CD14xPPBPx_Monocytes"
"CD14.PPBP._Monocytes__PPDPF","Factor3",1.12321667073487,"CD14xPPBPx_Monocytes","positive","PPDPF","positive_CD14xPPBPx_Monocytes"
"CD14.PPBP._Monocytes__PRDX5","Factor3",-0.304528459123746,"CD14xPPBPx_Monocytes","negative","PRDX5","negative_CD14xPPBPx_Monocytes"
"CD14.PPBP._Monocytes__PRELID1","Factor3",1.82174052743084,"CD14xPPBPx_Monocytes","positive","PRELID1","positive_CD14xPPBPx_Monocytes"
"CD14.PPBP._Monocytes__PRKCB","Factor3",1.51590952863606,"CD14xPPBPx_Monocytes","positive","PRKCB","positive_CD14xPPBPx_Monocytes"
"CD14.PPBP._Monocytes__PSMB3","Factor3",-0.388672612196794,"CD14xPPBPx_Monocytes","negative","PSMB3","negative_CD14xPPBPx_Monocytes"
"CD14.PPBP._Monocytes__PTCRA","Factor3",1.81467399340042,"CD14xPPBPx_Monocytes","positive","PTCRA","positive_CD14xPPBPx_Monocytes"
"CD14.PPBP._Monocytes__PTMA","Factor3",1.0886468039966,"CD14xPPBPx_Monocytes","positive","PTMA","positive_CD14xPPBPx_Monocytes"
"CD14.PPBP._Monocytes__PTPN18","Factor3",1.89707305904882,"CD14xPPBPx_Monocytes","positive","PTPN18","positive_CD14xPPBPx_Monocytes"
"CD14.PPBP._Monocytes__RAB31","Factor3",1.42362983355646,"CD14xPPBPx_Monocytes","positive","RAB31","positive_CD14xPPBPx_Monocytes"
"CD14.PPBP._Monocytes__RAB32","Factor3",1.45871762257112,"CD14xPPBPx_Monocytes","positive","RAB32","positive_CD14xPPBPx_Monocytes"
"CD14.PPBP._Monocytes__RGS10","Factor3",1.3840752539166,"CD14xPPBPx_Monocytes","positive","RGS10","positive_CD14xPPBPx_Monocytes"
"CD14.PPBP._Monocytes__RGS18","Factor3",1.37901174273892,"CD14xPPBPx_Monocytes","positive","RGS18","positive_CD14xPPBPx_Monocytes"
"CD14.PPBP._Monocytes__RIOK3","Factor3",1.37282469703515,"CD14xPPBPx_Monocytes","positive","RIOK3","positive_CD14xPPBPx_Monocytes"
"CD14.PPBP._Monocytes__RIPOR2","Factor3",1.0753707387122,"CD14xPPBPx_Monocytes","positive","RIPOR2","positive_CD14xPPBPx_Monocytes"
"CD14.PPBP._Monocytes__RNF130","Factor3",1.40566278499939,"CD14xPPBPx_Monocytes","positive","RNF130","positive_CD14xPPBPx_Monocytes"
"CD14.PPBP._Monocytes__RNH1","Factor3",-0.281982770367731,"CD14xPPBPx_Monocytes","negative","RNH1","negative_CD14xPPBPx_Monocytes"
"CD14.PPBP._Monocytes__RTN3","Factor3",-0.141765440611784,"CD14xPPBPx_Monocytes","negative","RTN3","negative_CD14xPPBPx_Monocytes"
"CD14.PPBP._Monocytes__S100A10","Factor3",1.94492530523895,"CD14xPPBPx_Monocytes","positive","S100A10","positive_CD14xPPBPx_Monocytes"
"CD14.PPBP._Monocytes__S100A11","Factor3",-0.116920629635614,"CD14xPPBPx_Monocytes","negative","S100A11","negative_CD14xPPBPx_Monocytes"
"CD14.PPBP._Monocytes__S100A6","Factor3",1.1452289536467,"CD14xPPBPx_Monocytes","positive","S100A6","positive_CD14xPPBPx_Monocytes"
"CD14.PPBP._Monocytes__S100A9","Factor3",1.42515729706231,"CD14xPPBPx_Monocytes","positive","S100A9","positive_CD14xPPBPx_Monocytes"
"CD14.PPBP._Monocytes__SAT1","Factor3",-0.126511846893882,"CD14xPPBPx_Monocytes","negative","SAT1","negative_CD14xPPBPx_Monocytes"
"CD14.PPBP._Monocytes__SEC61B","Factor3",1.13908297199374,"CD14xPPBPx_Monocytes","positive","SEC61B","positive_CD14xPPBPx_Monocytes"
"CD14.PPBP._Monocytes__SERP1","Factor3",-0.027571823173366,"CD14xPPBPx_Monocytes","negative","SERP1","negative_CD14xPPBPx_Monocytes"
"CD14.PPBP._Monocytes__SH3BGRL","Factor3",-0.00318848997168116,"CD14xPPBPx_Monocytes","negative","SH3BGRL","negative_CD14xPPBPx_Monocytes"
"CD14.PPBP._Monocytes__SH3BGRL3","Factor3",-0.261070486130328,"CD14xPPBPx_Monocytes","negative","SH3BGRL3","negative_CD14xPPBPx_Monocytes"
"CD14.PPBP._Monocytes__SKAP2","Factor3",1.16651803917206,"CD14xPPBPx_Monocytes","positive","SKAP2","positive_CD14xPPBPx_Monocytes"
"CD14.PPBP._Monocytes__SLC25A6","Factor3",1.39204853220049,"CD14xPPBPx_Monocytes","positive","SLC25A6","positive_CD14xPPBPx_Monocytes"
"CD14.PPBP._Monocytes__SLC7A7","Factor3",-0.0582579989595771,"CD14xPPBPx_Monocytes","negative","SLC7A7","negative_CD14xPPBPx_Monocytes"
"CD14.PPBP._Monocytes__SNAP23","Factor3",-0.0751960591955911,"CD14xPPBPx_Monocytes","negative","SNAP23","negative_CD14xPPBPx_Monocytes"
"CD14.PPBP._Monocytes__SNCA","Factor3",-0.0410907648226717,"CD14xPPBPx_Monocytes","negative","SNCA","negative_CD14xPPBPx_Monocytes"
"CD14.PPBP._Monocytes__SNX3","Factor3",-0.299351442805867,"CD14xPPBPx_Monocytes","negative","SNX3","negative_CD14xPPBPx_Monocytes"
"CD14.PPBP._Monocytes__SPINT2","Factor3",-0.680877031910746,"CD14xPPBPx_Monocytes","negative","SPINT2","negative_CD14xPPBPx_Monocytes"
"CD14.PPBP._Monocytes__SQSTM1","Factor3",1.46139174173896,"CD14xPPBPx_Monocytes","positive","SQSTM1","positive_CD14xPPBPx_Monocytes"
"CD14.PPBP._Monocytes__SRGN","Factor3",-0.0271010030273368,"CD14xPPBPx_Monocytes","negative","SRGN","negative_CD14xPPBPx_Monocytes"
"CD14.PPBP._Monocytes__SRP14","Factor3",-0.0353130013322164,"CD14xPPBPx_Monocytes","negative","SRP14","negative_CD14xPPBPx_Monocytes"
"CD14.PPBP._Monocytes__SRRM2","Factor3",1.29195339540907,"CD14xPPBPx_Monocytes","positive","SRRM2","positive_CD14xPPBPx_Monocytes"
"CD14.PPBP._Monocytes__SSR4","Factor3",-0.035235818524076,"CD14xPPBPx_Monocytes","negative","SSR4","negative_CD14xPPBPx_Monocytes"
"CD14.PPBP._Monocytes__STK24","Factor3",1.06978865900107,"CD14xPPBPx_Monocytes","positive","STK24","positive_CD14xPPBPx_Monocytes"
"CD14.PPBP._Monocytes__TAGLN2","Factor3",1.17492463139593,"CD14xPPBPx_Monocytes","positive","TAGLN2","positive_CD14xPPBPx_Monocytes"
"CD14.PPBP._Monocytes__TIMP1","Factor3",-0.650272634423124,"CD14xPPBPx_Monocytes","negative","TIMP1","negative_CD14xPPBPx_Monocytes"
"CD14.PPBP._Monocytes__TMBIM6","Factor3",-0.0554639199742822,"CD14xPPBPx_Monocytes","negative","TMBIM6","negative_CD14xPPBPx_Monocytes"
"CD14.PPBP._Monocytes__TMEM50A","Factor3",-0.0801148514758584,"CD14xPPBPx_Monocytes","negative","TMEM50A","negative_CD14xPPBPx_Monocytes"
"CD14.PPBP._Monocytes__TMSB4X","Factor3",1.25678542173493,"CD14xPPBPx_Monocytes","positive","TMSB4X","positive_CD14xPPBPx_Monocytes"
"CD14.PPBP._Monocytes__TNFAIP2","Factor3",1.49082419335067,"CD14xPPBPx_Monocytes","positive","TNFAIP2","positive_CD14xPPBPx_Monocytes"
"CD14.PPBP._Monocytes__TNFSF13B","Factor3",1.26785894931969,"CD14xPPBPx_Monocytes","positive","TNFSF13B","positive_CD14xPPBPx_Monocytes"
"CD14.PPBP._Monocytes__TPI1","Factor3",-0.0306294384058722,"CD14xPPBPx_Monocytes","negative","TPI1","negative_CD14xPPBPx_Monocytes"
"CD14.PPBP._Monocytes__TPM3","Factor3",-0.0918321369081035,"CD14xPPBPx_Monocytes","negative","TPM3","negative_CD14xPPBPx_Monocytes"
"CD14.PPBP._Monocytes__TPST2","Factor3",1.44266216375393,"CD14xPPBPx_Monocytes","positive","TPST2","positive_CD14xPPBPx_Monocytes"
"CD14.PPBP._Monocytes__TPT1","Factor3",1.69619827833669,"CD14xPPBPx_Monocytes","positive","TPT1","positive_CD14xPPBPx_Monocytes"
"CD14.PPBP._Monocytes__TRAPPC5","Factor3",1.13750792693807,"CD14xPPBPx_Monocytes","positive","TRAPPC5","positive_CD14xPPBPx_Monocytes"
"CD14.PPBP._Monocytes__TSC22D1","Factor3",1.24014504602663,"CD14xPPBPx_Monocytes","positive","TSC22D1","positive_CD14xPPBPx_Monocytes"
"CD14.PPBP._Monocytes__TYMP","Factor3",1.51326944441643,"CD14xPPBPx_Monocytes","positive","TYMP","positive_CD14xPPBPx_Monocytes"
"CD14.PPBP._Monocytes__TYROBP","Factor3",1.25391438484934,"CD14xPPBPx_Monocytes","positive","TYROBP","positive_CD14xPPBPx_Monocytes"
"CD14.PPBP._Monocytes__UQCRQ","Factor3",1.30157872233469,"CD14xPPBPx_Monocytes","positive","UQCRQ","positive_CD14xPPBPx_Monocytes"
"CD14.PPBP._Monocytes__VIM","Factor3",1.20967638410394,"CD14xPPBPx_Monocytes","positive","VIM","positive_CD14xPPBPx_Monocytes"
"CD14.PPBP._Monocytes__VPS28","Factor3",-0.00794696650075059,"CD14xPPBPx_Monocytes","negative","VPS28","negative_CD14xPPBPx_Monocytes"
"CD14.PPBP._Monocytes__WDR83OS","Factor3",-0.215041926785211,"CD14xPPBPx_Monocytes","negative","WDR83OS","negative_CD14xPPBPx_Monocytes"
"CD14.PPBP._Monocytes__YBX1","Factor3",-0.0835394489437718,"CD14xPPBPx_Monocytes","negative","YBX1","negative_CD14xPPBPx_Monocytes"
"CD14.PPBP._Monocytes__YBX3","Factor3",1.89954162982739,"CD14xPPBPx_Monocytes","positive","YBX3","positive_CD14xPPBPx_Monocytes"
"CD14.PPBP._Monocytes__YWHAB","Factor3",1.61747281275869,"CD14xPPBPx_Monocytes","positive","YWHAB","positive_CD14xPPBPx_Monocytes"
"CD14.PPBP._Monocytes__ZFAS1","Factor3",1.38271422454795,"CD14xPPBPx_Monocytes","positive","ZFAS1","positive_CD14xPPBPx_Monocytes"
"CD14.PPBP._Monocytes__ZFP36L1","Factor3",-0.185643192777444,"CD14xPPBPx_Monocytes","negative","ZFP36L1","negative_CD14xPPBPx_Monocytes"
"CD14.PPBP._Monocytes__ZSWIM6","Factor3",1.33973170717395,"CD14xPPBPx_Monocytes","positive","ZSWIM6","positive_CD14xPPBPx_Monocytes"
"Classical_Monocytes__ACAP2","Factor3",1.11455857681078,"Classical_Monocytes","positive","ACAP2","positive_Classical_Monocytes"
"Classical_Monocytes__ACSL1","Factor3",-1.47276866579092,"Classical_Monocytes","negative","ACSL1","negative_Classical_Monocytes"
"Classical_Monocytes__ACTB","Factor3",-1.12942989741918,"Classical_Monocytes","negative","ACTB","negative_Classical_Monocytes"
"Classical_Monocytes__AGTRAP","Factor3",0.703297268989352,"Classical_Monocytes","positive","AGTRAP","positive_Classical_Monocytes"
"Classical_Monocytes__AHNAK","Factor3",1.31480956234339,"Classical_Monocytes","positive","AHNAK","positive_Classical_Monocytes"
"Classical_Monocytes__AIF1","Factor3",-0.871765745751791,"Classical_Monocytes","negative","AIF1","negative_Classical_Monocytes"
"Classical_Monocytes__AKAP13","Factor3",0.708415862479329,"Classical_Monocytes","positive","AKAP13","positive_Classical_Monocytes"
"Classical_Monocytes__ALOX5","Factor3",-0.66771759346473,"Classical_Monocytes","negative","ALOX5","negative_Classical_Monocytes"
"Classical_Monocytes__ANP32A","Factor3",-0.780206855360664,"Classical_Monocytes","negative","ANP32A","negative_Classical_Monocytes"
"Classical_Monocytes__ANXA2","Factor3",1.60730223923867,"Classical_Monocytes","positive","ANXA2","positive_Classical_Monocytes"
"Classical_Monocytes__ARF1","Factor3",-1.13533159557686,"Classical_Monocytes","negative","ARF1","negative_Classical_Monocytes"
"Classical_Monocytes__ARF5","Factor3",-0.994464328624419,"Classical_Monocytes","negative","ARF5","negative_Classical_Monocytes"
"Classical_Monocytes__ARPC2","Factor3",0.721659180180954,"Classical_Monocytes","positive","ARPC2","positive_Classical_Monocytes"
"Classical_Monocytes__ARPC4","Factor3",-1.78159190978106,"Classical_Monocytes","negative","ARPC4","negative_Classical_Monocytes"
"Classical_Monocytes__ARRB2","Factor3",0.694656410907273,"Classical_Monocytes","positive","ARRB2","positive_Classical_Monocytes"
"Classical_Monocytes__ATP2B1","Factor3",-1.0109269414591,"Classical_Monocytes","negative","ATP2B1","negative_Classical_Monocytes"
"Classical_Monocytes__ATP5MC2","Factor3",-0.91058147123959,"Classical_Monocytes","negative","ATP5MC2","negative_Classical_Monocytes"
"Classical_Monocytes__ATP5MC3","Factor3",-1.37800523669332,"Classical_Monocytes","negative","ATP5MC3","negative_Classical_Monocytes"
"Classical_Monocytes__ATP5PO","Factor3",-0.710591421980694,"Classical_Monocytes","negative","ATP5PO","negative_Classical_Monocytes"
"Classical_Monocytes__ATP6V0D1","Factor3",1.49280150934335,"Classical_Monocytes","positive","ATP6V0D1","positive_Classical_Monocytes"
"Classical_Monocytes__BACH1","Factor3",1.22612970452161,"Classical_Monocytes","positive","BACH1","positive_Classical_Monocytes"
"Classical_Monocytes__BRK1","Factor3",-0.937646025622862,"Classical_Monocytes","negative","BRK1","negative_Classical_Monocytes"
"Classical_Monocytes__BTF3","Factor3",1.30610588412813,"Classical_Monocytes","positive","BTF3","positive_Classical_Monocytes"
"Classical_Monocytes__BTG1","Factor3",-1.08003544948674,"Classical_Monocytes","negative","BTG1","negative_Classical_Monocytes"
"Classical_Monocytes__C19orf38","Factor3",-1.13458877915789,"Classical_Monocytes","negative","C19orf38","negative_Classical_Monocytes"
"Classical_Monocytes__C1orf162","Factor3",-1.80118741676494,"Classical_Monocytes","negative","C1orf162","negative_Classical_Monocytes"
"Classical_Monocytes__C4orf48","Factor3",0.66879918864127,"Classical_Monocytes","positive","C4orf48","positive_Classical_Monocytes"
"Classical_Monocytes__C5AR1","Factor3",-1.59327061112458,"Classical_Monocytes","negative","C5AR1","negative_Classical_Monocytes"
"Classical_Monocytes__CAPZA1","Factor3",-0.866239473357308,"Classical_Monocytes","negative","CAPZA1","negative_Classical_Monocytes"
"Classical_Monocytes__CAST","Factor3",2.08875789508244,"Classical_Monocytes","positive","CAST","positive_Classical_Monocytes"
"Classical_Monocytes__CD36","Factor3",-0.8981510683579,"Classical_Monocytes","negative","CD36","negative_Classical_Monocytes"
"Classical_Monocytes__CD48","Factor3",1.73136809511465,"Classical_Monocytes","positive","CD48","positive_Classical_Monocytes"
"Classical_Monocytes__CD53","Factor3",-1.17627099830115,"Classical_Monocytes","negative","CD53","negative_Classical_Monocytes"
"Classical_Monocytes__CD55","Factor3",-1.16402946053986,"Classical_Monocytes","negative","CD55","negative_Classical_Monocytes"
"Classical_Monocytes__CD68","Factor3",-0.763141853974079,"Classical_Monocytes","negative","CD68","negative_Classical_Monocytes"
"Classical_Monocytes__CDC42","Factor3",0.819276774439499,"Classical_Monocytes","positive","CDC42","positive_Classical_Monocytes"
"Classical_Monocytes__CHST11","Factor3",1.10873182820936,"Classical_Monocytes","positive","CHST11","positive_Classical_Monocytes"
"Classical_Monocytes__CLEC12A","Factor3",0.920078781067493,"Classical_Monocytes","positive","CLEC12A","positive_Classical_Monocytes"
"Classical_Monocytes__CLEC7A","Factor3",-2.00639340622749,"Classical_Monocytes","negative","CLEC7A","negative_Classical_Monocytes"
"Classical_Monocytes__CLIC1","Factor3",-0.732995544181046,"Classical_Monocytes","negative","CLIC1","negative_Classical_Monocytes"
"Classical_Monocytes__CLTA","Factor3",-0.987055244004317,"Classical_Monocytes","negative","CLTA","negative_Classical_Monocytes"
"Classical_Monocytes__CMTM6","Factor3",-1.39939450437336,"Classical_Monocytes","negative","CMTM6","negative_Classical_Monocytes"
"Classical_Monocytes__CNBP","Factor3",0.809913457285174,"Classical_Monocytes","positive","CNBP","positive_Classical_Monocytes"
"Classical_Monocytes__CNPY3","Factor3",1.0662420015361,"Classical_Monocytes","positive","CNPY3","positive_Classical_Monocytes"
"Classical_Monocytes__CPPED1","Factor3",0.890432871174916,"Classical_Monocytes","positive","CPPED1","positive_Classical_Monocytes"
"Classical_Monocytes__CRIP1","Factor3",2.02244789093365,"Classical_Monocytes","positive","CRIP1","positive_Classical_Monocytes"
"Classical_Monocytes__CSTA","Factor3",0.905111438613256,"Classical_Monocytes","positive","CSTA","positive_Classical_Monocytes"
"Classical_Monocytes__CTSS","Factor3",1.70787771149662,"Classical_Monocytes","positive","CTSS","positive_Classical_Monocytes"
"Classical_Monocytes__CTSZ","Factor3",1.27623564601559,"Classical_Monocytes","positive","CTSZ","positive_Classical_Monocytes"
"Classical_Monocytes__DAZAP2","Factor3",1.18297998454081,"Classical_Monocytes","positive","DAZAP2","positive_Classical_Monocytes"
"Classical_Monocytes__DIAPH1","Factor3",-0.846187128762036,"Classical_Monocytes","negative","DIAPH1","negative_Classical_Monocytes"
"Classical_Monocytes__DUSP1","Factor3",-0.769706786197952,"Classical_Monocytes","negative","DUSP1","negative_Classical_Monocytes"
"Classical_Monocytes__EEF1G","Factor3",0.98784750214854,"Classical_Monocytes","positive","EEF1G","positive_Classical_Monocytes"
"Classical_Monocytes__EEF2","Factor3",0.84295883806568,"Classical_Monocytes","positive","EEF2","positive_Classical_Monocytes"
"Classical_Monocytes__EFHD2","Factor3",-0.782549830050138,"Classical_Monocytes","negative","EFHD2","negative_Classical_Monocytes"
"Classical_Monocytes__EIF3G","Factor3",1.21752795212278,"Classical_Monocytes","positive","EIF3G","positive_Classical_Monocytes"
"Classical_Monocytes__EIF3H","Factor3",0.911755441897301,"Classical_Monocytes","positive","EIF3H","positive_Classical_Monocytes"
"Classical_Monocytes__EIF4A1","Factor3",-1.01619498174226,"Classical_Monocytes","negative","EIF4A1","negative_Classical_Monocytes"
"Classical_Monocytes__EIF4G2","Factor3",0.911549507131901,"Classical_Monocytes","positive","EIF4G2","positive_Classical_Monocytes"
"Classical_Monocytes__ENO1","Factor3",0.751108282645585,"Classical_Monocytes","positive","ENO1","positive_Classical_Monocytes"
"Classical_Monocytes__ERP29","Factor3",0.857722973401937,"Classical_Monocytes","positive","ERP29","positive_Classical_Monocytes"
"Classical_Monocytes__EVI2B","Factor3",1.81154634618448,"Classical_Monocytes","positive","EVI2B","positive_Classical_Monocytes"
"Classical_Monocytes__FAM49B","Factor3",-0.738006036805702,"Classical_Monocytes","negative","FAM49B","negative_Classical_Monocytes"
"Classical_Monocytes__FCGRT","Factor3",-1.0011474174584,"Classical_Monocytes","negative","FCGRT","negative_Classical_Monocytes"
"Classical_Monocytes__FGL2","Factor3",0.74125066285051,"Classical_Monocytes","positive","FGL2","positive_Classical_Monocytes"
"Classical_Monocytes__FLNA","Factor3",0.790402271110871,"Classical_Monocytes","positive","FLNA","positive_Classical_Monocytes"
"Classical_Monocytes__FP236383.3","Factor3",1.14010167699858,"Classical_Monocytes","positive","FP236383.3","positive_Classical_Monocytes"
"Classical_Monocytes__FPR1","Factor3",-0.730528654092513,"Classical_Monocytes","negative","FPR1","negative_Classical_Monocytes"
"Classical_Monocytes__FTL","Factor3",-0.722178782133863,"Classical_Monocytes","negative","FTL","negative_Classical_Monocytes"
"Classical_Monocytes__FXYD5","Factor3",1.26846573272455,"Classical_Monocytes","positive","FXYD5","positive_Classical_Monocytes"
"Classical_Monocytes__FYB1","Factor3",1.51386179699489,"Classical_Monocytes","positive","FYB1","positive_Classical_Monocytes"
"Classical_Monocytes__GABARAP","Factor3",-0.736555200692034,"Classical_Monocytes","negative","GABARAP","negative_Classical_Monocytes"
"Classical_Monocytes__GCA","Factor3",-1.52809649190461,"Classical_Monocytes","negative","GCA","negative_Classical_Monocytes"
"Classical_Monocytes__GDI2","Factor3",0.679964832391133,"Classical_Monocytes","positive","GDI2","positive_Classical_Monocytes"
"Classical_Monocytes__GNB1","Factor3",1.41145363081898,"Classical_Monocytes","positive","GNB1","positive_Classical_Monocytes"
"Classical_Monocytes__GPCPD1","Factor3",-0.806435936257604,"Classical_Monocytes","negative","GPCPD1","negative_Classical_Monocytes"
"Classical_Monocytes__GPX4","Factor3",0.961676682113895,"Classical_Monocytes","positive","GPX4","positive_Classical_Monocytes"
"Classical_Monocytes__GRB2","Factor3",1.35313828752344,"Classical_Monocytes","positive","GRB2","positive_Classical_Monocytes"
"Classical_Monocytes__GRK2","Factor3",1.12324537013198,"Classical_Monocytes","positive","GRK2","positive_Classical_Monocytes"
"Classical_Monocytes__GRN","Factor3",0.845587722842564,"Classical_Monocytes","positive","GRN","positive_Classical_Monocytes"
"Classical_Monocytes__H1FX","Factor3",-1.1966777160112,"Classical_Monocytes","negative","H1FX","negative_Classical_Monocytes"
"Classical_Monocytes__H3F3B","Factor3",-1.25878937375974,"Classical_Monocytes","negative","H3F3B","negative_Classical_Monocytes"
"Classical_Monocytes__HCST","Factor3",-1.3148593822076,"Classical_Monocytes","negative","HCST","negative_Classical_Monocytes"
"Classical_Monocytes__HLA.A","Factor3",1.6508051973165,"Classical_Monocytes","positive","HLA.A","positive_Classical_Monocytes"
"Classical_Monocytes__HLA.B","Factor3",0.89951913140974,"Classical_Monocytes","positive","HLA.B","positive_Classical_Monocytes"
"Classical_Monocytes__HLA.DPA1","Factor3",0.814356971497524,"Classical_Monocytes","positive","HLA.DPA1","positive_Classical_Monocytes"
"Classical_Monocytes__HLA.E","Factor3",0.669603960441345,"Classical_Monocytes","positive","HLA.E","positive_Classical_Monocytes"
"Classical_Monocytes__HMGN2","Factor3",-0.837047998810979,"Classical_Monocytes","negative","HMGN2","negative_Classical_Monocytes"
"Classical_Monocytes__HNRNPA2B1","Factor3",-1.06435498890107,"Classical_Monocytes","negative","HNRNPA2B1","negative_Classical_Monocytes"
"Classical_Monocytes__ICAM3","Factor3",-1.19972872723891,"Classical_Monocytes","negative","ICAM3","negative_Classical_Monocytes"
"Classical_Monocytes__IFI30","Factor3",0.816189043688106,"Classical_Monocytes","positive","IFI30","positive_Classical_Monocytes"
"Classical_Monocytes__IFNGR2","Factor3",-0.817861111111437,"Classical_Monocytes","negative","IFNGR2","negative_Classical_Monocytes"
"Classical_Monocytes__ITGB2","Factor3",1.00369373537801,"Classical_Monocytes","positive","ITGB2","positive_Classical_Monocytes"
"Classical_Monocytes__ITM2B","Factor3",-0.843347032742859,"Classical_Monocytes","negative","ITM2B","negative_Classical_Monocytes"
"Classical_Monocytes__JMJD1C","Factor3",-0.676226120826082,"Classical_Monocytes","negative","JMJD1C","negative_Classical_Monocytes"
"Classical_Monocytes__JTB","Factor3",1.02745076928744,"Classical_Monocytes","positive","JTB","positive_Classical_Monocytes"
"Classical_Monocytes__JUNB","Factor3",-0.728575029833162,"Classical_Monocytes","negative","JUNB","negative_Classical_Monocytes"
"Classical_Monocytes__LAPTM5","Factor3",1.1623090089045,"Classical_Monocytes","positive","LAPTM5","positive_Classical_Monocytes"
"Classical_Monocytes__LCP1","Factor3",-0.726638339653003,"Classical_Monocytes","negative","LCP1","negative_Classical_Monocytes"
"Classical_Monocytes__LGALS1","Factor3",-0.991545536888861,"Classical_Monocytes","negative","LGALS1","negative_Classical_Monocytes"
"Classical_Monocytes__LGALS3","Factor3",1.67593412412394,"Classical_Monocytes","positive","LGALS3","positive_Classical_Monocytes"
"Classical_Monocytes__LILRB2","Factor3",-0.921250098053412,"Classical_Monocytes","negative","LILRB2","negative_Classical_Monocytes"
"Classical_Monocytes__LILRB3","Factor3",-0.98686488152784,"Classical_Monocytes","negative","LILRB3","negative_Classical_Monocytes"
"Classical_Monocytes__LRMDA","Factor3",-0.663371568651207,"Classical_Monocytes","negative","LRMDA","negative_Classical_Monocytes"
"Classical_Monocytes__LRP1","Factor3",0.837541528269377,"Classical_Monocytes","positive","LRP1","positive_Classical_Monocytes"
"Classical_Monocytes__LRRK2","Factor3",-1.32333243292157,"Classical_Monocytes","negative","LRRK2","negative_Classical_Monocytes"
"Classical_Monocytes__LYN","Factor3",1.02546349617785,"Classical_Monocytes","positive","LYN","positive_Classical_Monocytes"
"Classical_Monocytes__LYST","Factor3",0.854985717262286,"Classical_Monocytes","positive","LYST","positive_Classical_Monocytes"
"Classical_Monocytes__LYZ","Factor3",0.990187026893214,"Classical_Monocytes","positive","LYZ","positive_Classical_Monocytes"
"Classical_Monocytes__MARCKS","Factor3",-1.3004048455373,"Classical_Monocytes","negative","MARCKS","negative_Classical_Monocytes"
"Classical_Monocytes__MEF2C","Factor3",-0.908456616543565,"Classical_Monocytes","negative","MEF2C","negative_Classical_Monocytes"
"Classical_Monocytes__MEGF9","Factor3",-0.815504740101103,"Classical_Monocytes","negative","MEGF9","negative_Classical_Monocytes"
"Classical_Monocytes__METTL9","Factor3",-1.20195246599458,"Classical_Monocytes","negative","METTL9","negative_Classical_Monocytes"
"Classical_Monocytes__MNDA","Factor3",-0.770948260667691,"Classical_Monocytes","negative","MNDA","negative_Classical_Monocytes"
"Classical_Monocytes__MORF4L1","Factor3",-1.32119006364375,"Classical_Monocytes","negative","MORF4L1","negative_Classical_Monocytes"
"Classical_Monocytes__MS4A6A","Factor3",1.08182484211138,"Classical_Monocytes","positive","MS4A6A","positive_Classical_Monocytes"
"Classical_Monocytes__MTDH","Factor3",1.07446208588617,"Classical_Monocytes","positive","MTDH","positive_Classical_Monocytes"
"Classical_Monocytes__NAMPT","Factor3",-1.10346617449591,"Classical_Monocytes","negative","NAMPT","negative_Classical_Monocytes"
"Classical_Monocytes__NAP1L1","Factor3",1.00044381326589,"Classical_Monocytes","positive","NAP1L1","positive_Classical_Monocytes"
"Classical_Monocytes__NCF1","Factor3",1.4971866029297,"Classical_Monocytes","positive","NCF1","positive_Classical_Monocytes"
"Classical_Monocytes__NCF2","Factor3",1.22008676210283,"Classical_Monocytes","positive","NCF2","positive_Classical_Monocytes"
"Classical_Monocytes__NDUFA13","Factor3",-0.730848800009104,"Classical_Monocytes","negative","NDUFA13","negative_Classical_Monocytes"
"Classical_Monocytes__NEAT1","Factor3",0.702016598040239,"Classical_Monocytes","positive","NEAT1","positive_Classical_Monocytes"
"Classical_Monocytes__NUP214","Factor3",-0.720731019262352,"Classical_Monocytes","negative","NUP214","negative_Classical_Monocytes"
"Classical_Monocytes__OSBPL8","Factor3",0.981009401035666,"Classical_Monocytes","positive","OSBPL8","positive_Classical_Monocytes"
"Classical_Monocytes__PAK2","Factor3",-0.746144838592404,"Classical_Monocytes","negative","PAK2","negative_Classical_Monocytes"
"Classical_Monocytes__PARVG","Factor3",-1.81526177952391,"Classical_Monocytes","negative","PARVG","negative_Classical_Monocytes"
"Classical_Monocytes__PECAM1","Factor3",1.10535418980843,"Classical_Monocytes","positive","PECAM1","positive_Classical_Monocytes"
"Classical_Monocytes__PFDN5","Factor3",1.02068686769925,"Classical_Monocytes","positive","PFDN5","positive_Classical_Monocytes"
"Classical_Monocytes__PFN1","Factor3",-0.640049317375696,"Classical_Monocytes","negative","PFN1","negative_Classical_Monocytes"
"Classical_Monocytes__PGK1","Factor3",-0.904380948160782,"Classical_Monocytes","negative","PGK1","negative_Classical_Monocytes"
"Classical_Monocytes__PKM","Factor3",0.757741637098933,"Classical_Monocytes","positive","PKM","positive_Classical_Monocytes"
"Classical_Monocytes__PLAUR","Factor3",-1.05807879948769,"Classical_Monocytes","negative","PLAUR","negative_Classical_Monocytes"
"Classical_Monocytes__PLCB1","Factor3",0.936770608357214,"Classical_Monocytes","positive","PLCB1","positive_Classical_Monocytes"
"Classical_Monocytes__PLP2","Factor3",0.758874776439511,"Classical_Monocytes","positive","PLP2","positive_Classical_Monocytes"
"Classical_Monocytes__PLXDC2","Factor3",-0.765257482600078,"Classical_Monocytes","negative","PLXDC2","negative_Classical_Monocytes"
"Classical_Monocytes__PNRC1","Factor3",0.983580373343519,"Classical_Monocytes","positive","PNRC1","positive_Classical_Monocytes"
"Classical_Monocytes__PPIB","Factor3",0.795171199952319,"Classical_Monocytes","positive","PPIB","positive_Classical_Monocytes"
"Classical_Monocytes__PRDX5","Factor3",-1.20518252939214,"Classical_Monocytes","negative","PRDX5","negative_Classical_Monocytes"
"Classical_Monocytes__PRELID1","Factor3",1.20283199143202,"Classical_Monocytes","positive","PRELID1","positive_Classical_Monocytes"
"Classical_Monocytes__PRKCB","Factor3",0.720579231697394,"Classical_Monocytes","positive","PRKCB","positive_Classical_Monocytes"
"Classical_Monocytes__PSMB10","Factor3",-0.98764251399108,"Classical_Monocytes","negative","PSMB10","negative_Classical_Monocytes"
"Classical_Monocytes__PTMA","Factor3",1.00080779973299,"Classical_Monocytes","positive","PTMA","positive_Classical_Monocytes"
"Classical_Monocytes__PTP4A2","Factor3",1.36290112663868,"Classical_Monocytes","positive","PTP4A2","positive_Classical_Monocytes"
"Classical_Monocytes__RAB31","Factor3",0.69589352551609,"Classical_Monocytes","positive","RAB31","positive_Classical_Monocytes"
"Classical_Monocytes__RAB5IF","Factor3",0.889700636370349,"Classical_Monocytes","positive","RAB5IF","positive_Classical_Monocytes"
"Classical_Monocytes__RAB7A","Factor3",-1.1927419985021,"Classical_Monocytes","negative","RAB7A","negative_Classical_Monocytes"
"Classical_Monocytes__RACK1","Factor3",0.747135132772284,"Classical_Monocytes","positive","RACK1","positive_Classical_Monocytes"
"Classical_Monocytes__RAP1B","Factor3",0.811139720721502,"Classical_Monocytes","positive","RAP1B","positive_Classical_Monocytes"
"Classical_Monocytes__RBM3","Factor3",-0.736832365368288,"Classical_Monocytes","negative","RBM3","negative_Classical_Monocytes"
"Classical_Monocytes__RBX1","Factor3",-0.666666496782094,"Classical_Monocytes","negative","RBX1","negative_Classical_Monocytes"
"Classical_Monocytes__RGS2","Factor3",0.721795227196645,"Classical_Monocytes","positive","RGS2","positive_Classical_Monocytes"
"Classical_Monocytes__RHOA","Factor3",1.72378021045309,"Classical_Monocytes","positive","RHOA","positive_Classical_Monocytes"
"Classical_Monocytes__RHOG","Factor3",-1.28778637097524,"Classical_Monocytes","negative","RHOG","negative_Classical_Monocytes"
"Classical_Monocytes__RTN3","Factor3",-0.848474951839886,"Classical_Monocytes","negative","RTN3","negative_Classical_Monocytes"
"Classical_Monocytes__S100A10","Factor3",1.99651948198748,"Classical_Monocytes","positive","S100A10","positive_Classical_Monocytes"
"Classical_Monocytes__S100A11","Factor3",-0.751488068233833,"Classical_Monocytes","negative","S100A11","negative_Classical_Monocytes"
"Classical_Monocytes__S100A4","Factor3",-0.775539617595348,"Classical_Monocytes","negative","S100A4","negative_Classical_Monocytes"
"Classical_Monocytes__S100A9","Factor3",0.723413455088832,"Classical_Monocytes","positive","S100A9","positive_Classical_Monocytes"
"Classical_Monocytes__SAMHD1","Factor3",1.00831734631608,"Classical_Monocytes","positive","SAMHD1","positive_Classical_Monocytes"
"Classical_Monocytes__SAT1","Factor3",-1.63894699895605,"Classical_Monocytes","negative","SAT1","negative_Classical_Monocytes"
"Classical_Monocytes__SERP1","Factor3",0.729324022135377,"Classical_Monocytes","positive","SERP1","positive_Classical_Monocytes"
"Classical_Monocytes__SERPINA1","Factor3",0.985750951921524,"Classical_Monocytes","positive","SERPINA1","positive_Classical_Monocytes"
"Classical_Monocytes__SERPINB1","Factor3",0.697441335468055,"Classical_Monocytes","positive","SERPINB1","positive_Classical_Monocytes"
"Classical_Monocytes__SH3BGRL","Factor3",0.726721036878918,"Classical_Monocytes","positive","SH3BGRL","positive_Classical_Monocytes"
"Classical_Monocytes__SH3KBP1","Factor3",0.865100025375046,"Classical_Monocytes","positive","SH3KBP1","positive_Classical_Monocytes"
"Classical_Monocytes__SIPA1L1","Factor3",-0.729256224916534,"Classical_Monocytes","negative","SIPA1L1","negative_Classical_Monocytes"
"Classical_Monocytes__SLC25A6","Factor3",0.854208462510432,"Classical_Monocytes","positive","SLC25A6","positive_Classical_Monocytes"
"Classical_Monocytes__SLCO3A1","Factor3",0.669816076163062,"Classical_Monocytes","positive","SLCO3A1","positive_Classical_Monocytes"
"Classical_Monocytes__SMDT1","Factor3",-0.781399604698692,"Classical_Monocytes","negative","SMDT1","negative_Classical_Monocytes"
"Classical_Monocytes__SNHG29","Factor3",-0.86761378563465,"Classical_Monocytes","negative","SNHG29","negative_Classical_Monocytes"
"Classical_Monocytes__SRGN","Factor3",-1.10003603995732,"Classical_Monocytes","negative","SRGN","negative_Classical_Monocytes"
"Classical_Monocytes__SRSF9","Factor3",-1.43133093494249,"Classical_Monocytes","negative","SRSF9","negative_Classical_Monocytes"
"Classical_Monocytes__STXBP2","Factor3",-1.39904761607719,"Classical_Monocytes","negative","STXBP2","negative_Classical_Monocytes"
"Classical_Monocytes__SUB1","Factor3",-1.15973788489646,"Classical_Monocytes","negative","SUB1","negative_Classical_Monocytes"
"Classical_Monocytes__SYK","Factor3",-1.09768187177724,"Classical_Monocytes","negative","SYK","negative_Classical_Monocytes"
"Classical_Monocytes__TAGLN2","Factor3",1.78863233025179,"Classical_Monocytes","positive","TAGLN2","positive_Classical_Monocytes"
"Classical_Monocytes__TAX1BP1","Factor3",-1.17097900440872,"Classical_Monocytes","negative","TAX1BP1","negative_Classical_Monocytes"
"Classical_Monocytes__TET2","Factor3",-0.646940639586177,"Classical_Monocytes","negative","TET2","negative_Classical_Monocytes"
"Classical_Monocytes__THEMIS2","Factor3",-0.976752190855955,"Classical_Monocytes","negative","THEMIS2","negative_Classical_Monocytes"
"Classical_Monocytes__TIMP1","Factor3",-1.5660369880853,"Classical_Monocytes","negative","TIMP1","negative_Classical_Monocytes"
"Classical_Monocytes__TLN1","Factor3",1.39892105810994,"Classical_Monocytes","positive","TLN1","positive_Classical_Monocytes"
"Classical_Monocytes__TLR2","Factor3",-1.51163675773211,"Classical_Monocytes","negative","TLR2","negative_Classical_Monocytes"
"Classical_Monocytes__TMBIM6","Factor3",-1.06714720433221,"Classical_Monocytes","negative","TMBIM6","negative_Classical_Monocytes"
"Classical_Monocytes__TNFRSF1B","Factor3",1.20692898903609,"Classical_Monocytes","positive","TNFRSF1B","positive_Classical_Monocytes"
"Classical_Monocytes__TPI1","Factor3",-0.787443248717864,"Classical_Monocytes","negative","TPI1","negative_Classical_Monocytes"
"Classical_Monocytes__TPT1","Factor3",0.943164156878923,"Classical_Monocytes","positive","TPT1","positive_Classical_Monocytes"
"Classical_Monocytes__TRAPPC1","Factor3",-1.27549192520091,"Classical_Monocytes","negative","TRAPPC1","negative_Classical_Monocytes"
"Classical_Monocytes__TRIR","Factor3",0.983451064804215,"Classical_Monocytes","positive","TRIR","positive_Classical_Monocytes"
"Classical_Monocytes__TXN","Factor3",-0.901398010716893,"Classical_Monocytes","negative","TXN","negative_Classical_Monocytes"
"Classical_Monocytes__TXNIP","Factor3",-0.819916675546657,"Classical_Monocytes","negative","TXNIP","negative_Classical_Monocytes"
"Classical_Monocytes__TYMP","Factor3",2.01528178914936,"Classical_Monocytes","positive","TYMP","positive_Classical_Monocytes"
"Classical_Monocytes__UBE2D3","Factor3",-1.26094267352276,"Classical_Monocytes","negative","UBE2D3","negative_Classical_Monocytes"
"Classical_Monocytes__VSIR","Factor3",0.762048615473198,"Classical_Monocytes","positive","VSIR","positive_Classical_Monocytes"
"Classical_Monocytes__WAS","Factor3",-0.781814364942325,"Classical_Monocytes","negative","WAS","negative_Classical_Monocytes"
"Classical_Monocytes__WASF2","Factor3",0.745764544002911,"Classical_Monocytes","positive","WASF2","positive_Classical_Monocytes"
"Classical_Monocytes__YWHAZ","Factor3",0.763966856255104,"Classical_Monocytes","positive","YWHAZ","positive_Classical_Monocytes"
"Classical_Monocytes__ZFP36","Factor3",-1.14761970281129,"Classical_Monocytes","negative","ZFP36","negative_Classical_Monocytes"
"Classical_Monocytes__ZFP36L1","Factor3",-0.94456414966463,"Classical_Monocytes","negative","ZFP36L1","negative_Classical_Monocytes"
"Classical_Monocytes__ZYX","Factor3",0.722674739521803,"Classical_Monocytes","positive","ZYX","positive_Classical_Monocytes"
"CX3CR1._NK__AC092821.3","Factor3",-0.85372223582768,"CX3CR1x_NK","negative","AC092821.3","negative_CX3CR1x_NK"
"CX3CR1._NK__ACTG1","Factor3",-0.609927780694175,"CX3CR1x_NK","negative","ACTG1","negative_CX3CR1x_NK"
"CX3CR1._NK__ACTR2","Factor3",-0.903698958398669,"CX3CR1x_NK","negative","ACTR2","negative_CX3CR1x_NK"
"CX3CR1._NK__ADD3","Factor3",1.12511215241904,"CX3CR1x_NK","positive","ADD3","positive_CX3CR1x_NK"
"CX3CR1._NK__ADGRE5","Factor3",-0.893720063601417,"CX3CR1x_NK","negative","ADGRE5","negative_CX3CR1x_NK"
"CX3CR1._NK__AKAP13","Factor3",-0.751864154370749,"CX3CR1x_NK","negative","AKAP13","negative_CX3CR1x_NK"
"CX3CR1._NK__AKNA","Factor3",-0.773526818510502,"CX3CR1x_NK","negative","AKNA","negative_CX3CR1x_NK"
"CX3CR1._NK__ALOX5AP","Factor3",-0.886340001027823,"CX3CR1x_NK","negative","ALOX5AP","negative_CX3CR1x_NK"
"CX3CR1._NK__ANAPC16","Factor3",0.70713875525603,"CX3CR1x_NK","positive","ANAPC16","positive_CX3CR1x_NK"
"CX3CR1._NK__AOAH","Factor3",-0.59581085825497,"CX3CR1x_NK","negative","AOAH","negative_CX3CR1x_NK"
"CX3CR1._NK__APMAP","Factor3",1.11200343328161,"CX3CR1x_NK","positive","APMAP","positive_CX3CR1x_NK"
"CX3CR1._NK__APOO","Factor3",1.30291469920517,"CX3CR1x_NK","positive","APOO","positive_CX3CR1x_NK"
"CX3CR1._NK__ARGLU1","Factor3",-0.732499090188422,"CX3CR1x_NK","negative","ARGLU1","negative_CX3CR1x_NK"
"CX3CR1._NK__ARHGAP15","Factor3",-1.05462914578455,"CX3CR1x_NK","negative","ARHGAP15","negative_CX3CR1x_NK"
"CX3CR1._NK__ARHGDIB","Factor3",0.777394520992929,"CX3CR1x_NK","positive","ARHGDIB","positive_CX3CR1x_NK"
"CX3CR1._NK__ATP5F1B","Factor3",-0.844833798199753,"CX3CR1x_NK","negative","ATP5F1B","negative_CX3CR1x_NK"
"CX3CR1._NK__ATP6V1G1","Factor3",0.776102781500105,"CX3CR1x_NK","positive","ATP6V1G1","positive_CX3CR1x_NK"
"CX3CR1._NK__BANF1","Factor3",-1.04478777045644,"CX3CR1x_NK","negative","BANF1","negative_CX3CR1x_NK"
"CX3CR1._NK__BRK1","Factor3",0.699085316064494,"CX3CR1x_NK","positive","BRK1","positive_CX3CR1x_NK"
"CX3CR1._NK__BTF3","Factor3",-0.656937101512079,"CX3CR1x_NK","negative","BTF3","negative_CX3CR1x_NK"
"CX3CR1._NK__C12orf75","Factor3",-0.560583902229688,"CX3CR1x_NK","negative","C12orf75","negative_CX3CR1x_NK"
"CX3CR1._NK__C9orf16","Factor3",-1.06085349490587,"CX3CR1x_NK","negative","C9orf16","negative_CX3CR1x_NK"
"CX3CR1._NK__CALM1","Factor3",1.07821521457426,"CX3CR1x_NK","positive","CALM1","positive_CX3CR1x_NK"
"CX3CR1._NK__CAP1","Factor3",1.79910023574341,"CX3CR1x_NK","positive","CAP1","positive_CX3CR1x_NK"
"CX3CR1._NK__CCL4","Factor3",-0.763740725010746,"CX3CR1x_NK","negative","CCL4","negative_CX3CR1x_NK"
"CX3CR1._NK__CD160","Factor3",1.84040296347641,"CX3CR1x_NK","positive","CD160","positive_CX3CR1x_NK"
"CX3CR1._NK__CD37","Factor3",1.42739369883474,"CX3CR1x_NK","positive","CD37","positive_CX3CR1x_NK"
"CX3CR1._NK__CD63","Factor3",2.14042442160846,"CX3CR1x_NK","positive","CD63","positive_CX3CR1x_NK"
"CX3CR1._NK__CD69","Factor3",-0.785366449274245,"CX3CR1x_NK","negative","CD69","negative_CX3CR1x_NK"
"CX3CR1._NK__CD7","Factor3",2.06328066745851,"CX3CR1x_NK","positive","CD7","positive_CX3CR1x_NK"
"CX3CR1._NK__CD81","Factor3",0.694416328896775,"CX3CR1x_NK","positive","CD81","positive_CX3CR1x_NK"
"CX3CR1._NK__CD96","Factor3",-0.999867759414115,"CX3CR1x_NK","negative","CD96","negative_CX3CR1x_NK"
"CX3CR1._NK__CDC42","Factor3",1.52839126063063,"CX3CR1x_NK","positive","CDC42","positive_CX3CR1x_NK"
"CX3CR1._NK__CEBPD","Factor3",-1.56801618207067,"CX3CR1x_NK","negative","CEBPD","negative_CX3CR1x_NK"
"CX3CR1._NK__CFL1","Factor3",0.96502012058067,"CX3CR1x_NK","positive","CFL1","positive_CX3CR1x_NK"
"CX3CR1._NK__CFLAR","Factor3",-1.03547904036967,"CX3CR1x_NK","negative","CFLAR","negative_CX3CR1x_NK"
"CX3CR1._NK__CHCHD2","Factor3",-0.750903667530001,"CX3CR1x_NK","negative","CHCHD2","negative_CX3CR1x_NK"
"CX3CR1._NK__CLEC2B","Factor3",-0.847117998443922,"CX3CR1x_NK","negative","CLEC2B","negative_CX3CR1x_NK"
"CX3CR1._NK__CLIC3","Factor3",-1.21705147590462,"CX3CR1x_NK","negative","CLIC3","negative_CX3CR1x_NK"
"CX3CR1._NK__CMC1","Factor3",-1.87810336115419,"CX3CR1x_NK","negative","CMC1","negative_CX3CR1x_NK"
"CX3CR1._NK__COX6C","Factor3",-0.633108607627198,"CX3CR1x_NK","negative","COX6C","negative_CX3CR1x_NK"
"CX3CR1._NK__COX7A2","Factor3",-1.03806263763086,"CX3CR1x_NK","negative","COX7A2","negative_CX3CR1x_NK"
"CX3CR1._NK__CRIP1","Factor3",0.911326063427243,"CX3CR1x_NK","positive","CRIP1","positive_CX3CR1x_NK"
"CX3CR1._NK__CST7","Factor3",0.872994148961489,"CX3CR1x_NK","positive","CST7","positive_CX3CR1x_NK"
"CX3CR1._NK__CTSD","Factor3",1.3863039631931,"CX3CR1x_NK","positive","CTSD","positive_CX3CR1x_NK"
"CX3CR1._NK__CTSW","Factor3",0.930315238132978,"CX3CR1x_NK","positive","CTSW","positive_CX3CR1x_NK"
"CX3CR1._NK__CX3CR1","Factor3",0.997092599436744,"CX3CR1x_NK","positive","CX3CR1","positive_CX3CR1x_NK"
"CX3CR1._NK__CYBA","Factor3",-1.06066654702752,"CX3CR1x_NK","negative","CYBA","negative_CX3CR1x_NK"
"CX3CR1._NK__DBI","Factor3",1.39335374914154,"CX3CR1x_NK","positive","DBI","positive_CX3CR1x_NK"
"CX3CR1._NK__DDX17","Factor3",-1.22702188281221,"CX3CR1x_NK","negative","DDX17","negative_CX3CR1x_NK"
"CX3CR1._NK__DENND2D","Factor3",-1.18925256747457,"CX3CR1x_NK","negative","DENND2D","negative_CX3CR1x_NK"
"CX3CR1._NK__DUSP2","Factor3",-1.13373912102165,"CX3CR1x_NK","negative","DUSP2","negative_CX3CR1x_NK"
"CX3CR1._NK__EDF1","Factor3",0.665383766274418,"CX3CR1x_NK","positive","EDF1","positive_CX3CR1x_NK"
"CX3CR1._NK__EEF1A1","Factor3",-0.654209126201721,"CX3CR1x_NK","negative","EEF1A1","negative_CX3CR1x_NK"
"CX3CR1._NK__EEF1B2","Factor3",-0.620172376378843,"CX3CR1x_NK","negative","EEF1B2","negative_CX3CR1x_NK"
"CX3CR1._NK__EEF1D","Factor3",0.755435487244661,"CX3CR1x_NK","positive","EEF1D","positive_CX3CR1x_NK"
"CX3CR1._NK__EIF3F","Factor3",-1.00254088197873,"CX3CR1x_NK","negative","EIF3F","negative_CX3CR1x_NK"
"CX3CR1._NK__EIF4A1","Factor3",-0.885614103963174,"CX3CR1x_NK","negative","EIF4A1","negative_CX3CR1x_NK"
"CX3CR1._NK__EMP3","Factor3",1.36494438633303,"CX3CR1x_NK","positive","EMP3","positive_CX3CR1x_NK"
"CX3CR1._NK__ETS1","Factor3",-1.13053145123896,"CX3CR1x_NK","negative","ETS1","negative_CX3CR1x_NK"
"CX3CR1._NK__EVL","Factor3",-0.709230434358705,"CX3CR1x_NK","negative","EVL","negative_CX3CR1x_NK"
"CX3CR1._NK__FAM49B","Factor3",-1.52330659535919,"CX3CR1x_NK","negative","FAM49B","negative_CX3CR1x_NK"
"CX3CR1._NK__FAU","Factor3",1.07780105654801,"CX3CR1x_NK","positive","FAU","positive_CX3CR1x_NK"
"CX3CR1._NK__FCER1G","Factor3",1.2007363668886,"CX3CR1x_NK","positive","FCER1G","positive_CX3CR1x_NK"
"CX3CR1._NK__FGFBP2","Factor3",1.84327675355861,"CX3CR1x_NK","positive","FGFBP2","positive_CX3CR1x_NK"
"CX3CR1._NK__FGR","Factor3",0.669260811824457,"CX3CR1x_NK","positive","FGR","positive_CX3CR1x_NK"
"CX3CR1._NK__FLNA","Factor3",-0.820701153506534,"CX3CR1x_NK","negative","FLNA","negative_CX3CR1x_NK"
"CX3CR1._NK__FP236383.3","Factor3",0.782096393887579,"CX3CR1x_NK","positive","FP236383.3","positive_CX3CR1x_NK"
"CX3CR1._NK__FUS","Factor3",0.988433885809169,"CX3CR1x_NK","positive","FUS","positive_CX3CR1x_NK"
"CX3CR1._NK__FXYD5","Factor3",1.09032675414898,"CX3CR1x_NK","positive","FXYD5","positive_CX3CR1x_NK"
"CX3CR1._NK__FYN","Factor3",-0.982579097070881,"CX3CR1x_NK","negative","FYN","negative_CX3CR1x_NK"
"CX3CR1._NK__GAPDH","Factor3",-1.11964481449818,"CX3CR1x_NK","negative","GAPDH","negative_CX3CR1x_NK"
"CX3CR1._NK__GNAI2","Factor3",1.04624339977509,"CX3CR1x_NK","positive","GNAI2","positive_CX3CR1x_NK"
"CX3CR1._NK__GNAS","Factor3",-1.07344379287432,"CX3CR1x_NK","negative","GNAS","negative_CX3CR1x_NK"
"CX3CR1._NK__GNB2","Factor3",-0.942662946679962,"CX3CR1x_NK","negative","GNB2","negative_CX3CR1x_NK"
"CX3CR1._NK__GNG2","Factor3",-0.882105954250464,"CX3CR1x_NK","negative","GNG2","negative_CX3CR1x_NK"
"CX3CR1._NK__GNLY","Factor3",1.07242411187345,"CX3CR1x_NK","positive","GNLY","positive_CX3CR1x_NK"
"CX3CR1._NK__GYPC","Factor3",-1.44884281496097,"CX3CR1x_NK","negative","GYPC","negative_CX3CR1x_NK"
"CX3CR1._NK__GZMM","Factor3",-0.76432161126464,"CX3CR1x_NK","negative","GZMM","negative_CX3CR1x_NK"
"CX3CR1._NK__HINT1","Factor3",-0.982970307167638,"CX3CR1x_NK","negative","HINT1","negative_CX3CR1x_NK"
"CX3CR1._NK__HLA.A","Factor3",1.65211989002912,"CX3CR1x_NK","positive","HLA.A","positive_CX3CR1x_NK"
"CX3CR1._NK__HLA.C","Factor3",0.69541230707938,"CX3CR1x_NK","positive","HLA.C","positive_CX3CR1x_NK"
"CX3CR1._NK__HLA.E","Factor3",1.58468490315707,"CX3CR1x_NK","positive","HLA.E","positive_CX3CR1x_NK"
"CX3CR1._NK__HLA.F","Factor3",1.0589186614082,"CX3CR1x_NK","positive","HLA.F","positive_CX3CR1x_NK"
"CX3CR1._NK__HMGN1","Factor3",-1.33749757241185,"CX3CR1x_NK","negative","HMGN1","negative_CX3CR1x_NK"
"CX3CR1._NK__HNRNPA1","Factor3",-0.699047202723038,"CX3CR1x_NK","negative","HNRNPA1","negative_CX3CR1x_NK"
"CX3CR1._NK__HNRNPA2B1","Factor3",-1.60931412417969,"CX3CR1x_NK","negative","HNRNPA2B1","negative_CX3CR1x_NK"
"CX3CR1._NK__HNRNPA3","Factor3",-1.16591882709721,"CX3CR1x_NK","negative","HNRNPA3","negative_CX3CR1x_NK"
"CX3CR1._NK__HNRNPDL","Factor3",-0.943602683283857,"CX3CR1x_NK","negative","HNRNPDL","negative_CX3CR1x_NK"
"CX3CR1._NK__HNRNPU","Factor3",-0.754831128301485,"CX3CR1x_NK","negative","HNRNPU","negative_CX3CR1x_NK"
"CX3CR1._NK__HOPX","Factor3",0.937970856870024,"CX3CR1x_NK","positive","HOPX","positive_CX3CR1x_NK"
"CX3CR1._NK__HSP90AA1","Factor3",0.750800370873487,"CX3CR1x_NK","positive","HSP90AA1","positive_CX3CR1x_NK"
"CX3CR1._NK__HSP90B1","Factor3",1.08707459316819,"CX3CR1x_NK","positive","HSP90B1","positive_CX3CR1x_NK"
"CX3CR1._NK__HSPA8","Factor3",0.654686496428911,"CX3CR1x_NK","positive","HSPA8","positive_CX3CR1x_NK"
"CX3CR1._NK__ID2","Factor3",1.60817208209627,"CX3CR1x_NK","positive","ID2","positive_CX3CR1x_NK"
"CX3CR1._NK__IFI16","Factor3",-1.92881942297838,"CX3CR1x_NK","negative","IFI16","negative_CX3CR1x_NK"
"CX3CR1._NK__IFITM1","Factor3",1.45362073390165,"CX3CR1x_NK","positive","IFITM1","positive_CX3CR1x_NK"
"CX3CR1._NK__IFITM2","Factor3",1.09838220899466,"CX3CR1x_NK","positive","IFITM2","positive_CX3CR1x_NK"
"CX3CR1._NK__IFITM3","Factor3",1.0604897263282,"CX3CR1x_NK","positive","IFITM3","positive_CX3CR1x_NK"
"CX3CR1._NK__IL2RG","Factor3",0.792448147038814,"CX3CR1x_NK","positive","IL2RG","positive_CX3CR1x_NK"
"CX3CR1._NK__IQGAP1","Factor3",0.743200703153152,"CX3CR1x_NK","positive","IQGAP1","positive_CX3CR1x_NK"
"CX3CR1._NK__IQGAP2","Factor3",-0.566308100929158,"CX3CR1x_NK","negative","IQGAP2","negative_CX3CR1x_NK"
"CX3CR1._NK__IRF1","Factor3",0.774017569429387,"CX3CR1x_NK","positive","IRF1","positive_CX3CR1x_NK"
"CX3CR1._NK__ITGA4","Factor3",-1.35946918031521,"CX3CR1x_NK","negative","ITGA4","negative_CX3CR1x_NK"
"CX3CR1._NK__ITGB2","Factor3",0.902347744918378,"CX3CR1x_NK","positive","ITGB2","positive_CX3CR1x_NK"
"CX3CR1._NK__KLF2","Factor3",1.3998266382631,"CX3CR1x_NK","positive","KLF2","positive_CX3CR1x_NK"
"CX3CR1._NK__KLRB1","Factor3",-0.656378994648988,"CX3CR1x_NK","negative","KLRB1","negative_CX3CR1x_NK"
"CX3CR1._NK__KLRC1","Factor3",-2.81367515873239,"CX3CR1x_NK","negative","KLRC1","negative_CX3CR1x_NK"
"CX3CR1._NK__KLRD1","Factor3",-0.618319204767604,"CX3CR1x_NK","negative","KLRD1","negative_CX3CR1x_NK"
"CX3CR1._NK__KLRF1","Factor3",1.46942879277833,"CX3CR1x_NK","positive","KLRF1","positive_CX3CR1x_NK"
"CX3CR1._NK__LAPTM5","Factor3",1.18116523199999,"CX3CR1x_NK","positive","LAPTM5","positive_CX3CR1x_NK"
"CX3CR1._NK__LBH","Factor3",-1.3450385544142,"CX3CR1x_NK","negative","LBH","negative_CX3CR1x_NK"
"CX3CR1._NK__LCK","Factor3",0.848568906999204,"CX3CR1x_NK","positive","LCK","positive_CX3CR1x_NK"
"CX3CR1._NK__LCP2","Factor3",0.668996188763697,"CX3CR1x_NK","positive","LCP2","positive_CX3CR1x_NK"
"CX3CR1._NK__LDHA","Factor3",-1.85225531241092,"CX3CR1x_NK","negative","LDHA","negative_CX3CR1x_NK"
"CX3CR1._NK__LSP1","Factor3",0.73257813167425,"CX3CR1x_NK","positive","LSP1","positive_CX3CR1x_NK"
"CX3CR1._NK__MCTP2","Factor3",-0.557951941732345,"CX3CR1x_NK","negative","MCTP2","negative_CX3CR1x_NK"
"CX3CR1._NK__MT.CO2","Factor3",0.881743313117779,"CX3CR1x_NK","positive","MT.CO2","positive_CX3CR1x_NK"
"CX3CR1._NK__MT.ND3","Factor3",0.805302534261379,"CX3CR1x_NK","positive","MT.ND3","positive_CX3CR1x_NK"
"CX3CR1._NK__MT.ND6","Factor3",0.910292389947723,"CX3CR1x_NK","positive","MT.ND6","positive_CX3CR1x_NK"
"CX3CR1._NK__MYL12A","Factor3",0.917826465537824,"CX3CR1x_NK","positive","MYL12A","positive_CX3CR1x_NK"
"CX3CR1._NK__MYL6","Factor3",-0.613224261670926,"CX3CR1x_NK","negative","MYL6","negative_CX3CR1x_NK"
"CX3CR1._NK__NDUFA11","Factor3",-1.34395394684266,"CX3CR1x_NK","negative","NDUFA11","negative_CX3CR1x_NK"
"CX3CR1._NK__NDUFA13","Factor3",0.811198718584235,"CX3CR1x_NK","positive","NDUFA13","positive_CX3CR1x_NK"
"CX3CR1._NK__NDUFB11","Factor3",-0.586923513022626,"CX3CR1x_NK","negative","NDUFB11","negative_CX3CR1x_NK"
"CX3CR1._NK__NDUFB7","Factor3",1.04220360098537,"CX3CR1x_NK","positive","NDUFB7","positive_CX3CR1x_NK"
"CX3CR1._NK__NME2","Factor3",-0.680628583565263,"CX3CR1x_NK","negative","NME2","negative_CX3CR1x_NK"
"CX3CR1._NK__NPM1","Factor3",-0.597879891180144,"CX3CR1x_NK","negative","NPM1","negative_CX3CR1x_NK"
"CX3CR1._NK__PAXX","Factor3",1.16605480687801,"CX3CR1x_NK","positive","PAXX","positive_CX3CR1x_NK"
"CX3CR1._NK__PCBP1","Factor3",0.981632206571905,"CX3CR1x_NK","positive","PCBP1","positive_CX3CR1x_NK"
"CX3CR1._NK__PDIA3","Factor3",1.60781229614226,"CX3CR1x_NK","positive","PDIA3","positive_CX3CR1x_NK"
"CX3CR1._NK__PIP4K2A","Factor3",-0.747515054687811,"CX3CR1x_NK","negative","PIP4K2A","negative_CX3CR1x_NK"
"CX3CR1._NK__PITPNC1","Factor3",-0.747792210151993,"CX3CR1x_NK","negative","PITPNC1","negative_CX3CR1x_NK"
"CX3CR1._NK__PPP1R12A","Factor3",-0.826861222679508,"CX3CR1x_NK","negative","PPP1R12A","negative_CX3CR1x_NK"
"CX3CR1._NK__PRDX5","Factor3",-1.10855518423737,"CX3CR1x_NK","negative","PRDX5","negative_CX3CR1x_NK"
"CX3CR1._NK__PRF1","Factor3",0.794999744365587,"CX3CR1x_NK","positive","PRF1","positive_CX3CR1x_NK"
"CX3CR1._NK__PRKCH","Factor3",-0.672232375372317,"CX3CR1x_NK","negative","PRKCH","negative_CX3CR1x_NK"
"CX3CR1._NK__PRR13","Factor3",-0.763146775016302,"CX3CR1x_NK","negative","PRR13","negative_CX3CR1x_NK"
"CX3CR1._NK__PSME2","Factor3",0.806488189023563,"CX3CR1x_NK","positive","PSME2","positive_CX3CR1x_NK"
"CX3CR1._NK__PTMA","Factor3",0.721002308742512,"CX3CR1x_NK","positive","PTMA","positive_CX3CR1x_NK"
"CX3CR1._NK__PYHIN1","Factor3",-1.41991680774816,"CX3CR1x_NK","negative","PYHIN1","negative_CX3CR1x_NK"
"CX3CR1._NK__RABGAP1L","Factor3",-1.1350446008973,"CX3CR1x_NK","negative","RABGAP1L","negative_CX3CR1x_NK"
"CX3CR1._NK__RAC1","Factor3",0.977250983248194,"CX3CR1x_NK","positive","RAC1","positive_CX3CR1x_NK"
"CX3CR1._NK__RAC2","Factor3",1.35311236339502,"CX3CR1x_NK","positive","RAC2","positive_CX3CR1x_NK"
"CX3CR1._NK__RASA2","Factor3",-0.782902640656724,"CX3CR1x_NK","negative","RASA2","negative_CX3CR1x_NK"
"CX3CR1._NK__RASA3","Factor3",-0.952183061446693,"CX3CR1x_NK","negative","RASA3","negative_CX3CR1x_NK"
"CX3CR1._NK__RBM39","Factor3",0.693550086069488,"CX3CR1x_NK","positive","RBM39","positive_CX3CR1x_NK"
"CX3CR1._NK__RHOG","Factor3",-0.7703487939789,"CX3CR1x_NK","negative","RHOG","negative_CX3CR1x_NK"
"CX3CR1._NK__RSRP1","Factor3",-1.84653253806469,"CX3CR1x_NK","negative","RSRP1","negative_CX3CR1x_NK"
"CX3CR1._NK__S100A10","Factor3",1.66192602709314,"CX3CR1x_NK","positive","S100A10","positive_CX3CR1x_NK"
"CX3CR1._NK__S100A4","Factor3",1.12471626500692,"CX3CR1x_NK","positive","S100A4","positive_CX3CR1x_NK"
"CX3CR1._NK__S1PR5","Factor3",0.877326903256581,"CX3CR1x_NK","positive","S1PR5","positive_CX3CR1x_NK"
"CX3CR1._NK__SAMD3","Factor3",-1.45640855371872,"CX3CR1x_NK","negative","SAMD3","negative_CX3CR1x_NK"
"CX3CR1._NK__SELENOH","Factor3",-1.32970896172574,"CX3CR1x_NK","negative","SELENOH","negative_CX3CR1x_NK"
"CX3CR1._NK__SEPTIN6","Factor3",0.694768819769066,"CX3CR1x_NK","positive","SEPTIN6","positive_CX3CR1x_NK"
"CX3CR1._NK__SF1","Factor3",-0.574303746609995,"CX3CR1x_NK","negative","SF1","negative_CX3CR1x_NK"
"CX3CR1._NK__SF3B1","Factor3",-0.977733101794112,"CX3CR1x_NK","negative","SF3B1","negative_CX3CR1x_NK"
"CX3CR1._NK__SFPQ","Factor3",0.847523993882862,"CX3CR1x_NK","positive","SFPQ","positive_CX3CR1x_NK"
"CX3CR1._NK__SH2D2A","Factor3",-0.761660016297272,"CX3CR1x_NK","negative","SH2D2A","negative_CX3CR1x_NK"
"CX3CR1._NK__SLC25A3","Factor3",-0.563039253001712,"CX3CR1x_NK","negative","SLC25A3","negative_CX3CR1x_NK"
"CX3CR1._NK__SLC9A3R1","Factor3",0.676726745221483,"CX3CR1x_NK","positive","SLC9A3R1","positive_CX3CR1x_NK"
"CX3CR1._NK__SPON2","Factor3",1.48741179358171,"CX3CR1x_NK","positive","SPON2","positive_CX3CR1x_NK"
"CX3CR1._NK__SRSF11","Factor3",-1.63115619949659,"CX3CR1x_NK","negative","SRSF11","negative_CX3CR1x_NK"
"CX3CR1._NK__SRSF2","Factor3",-0.705690986940502,"CX3CR1x_NK","negative","SRSF2","negative_CX3CR1x_NK"
"CX3CR1._NK__SRSF3","Factor3",0.83543551384944,"CX3CR1x_NK","positive","SRSF3","positive_CX3CR1x_NK"
"CX3CR1._NK__SRSF5","Factor3",0.958109322989242,"CX3CR1x_NK","positive","SRSF5","positive_CX3CR1x_NK"
"CX3CR1._NK__SRSF7","Factor3",0.994693289084041,"CX3CR1x_NK","positive","SRSF7","positive_CX3CR1x_NK"
"CX3CR1._NK__SRSF9","Factor3",0.793523137632366,"CX3CR1x_NK","positive","SRSF9","positive_CX3CR1x_NK"
"CX3CR1._NK__SSR4","Factor3",0.667016017398456,"CX3CR1x_NK","positive","SSR4","positive_CX3CR1x_NK"
"CX3CR1._NK__STAT4","Factor3",-0.927775895512505,"CX3CR1x_NK","negative","STAT4","negative_CX3CR1x_NK"
"CX3CR1._NK__STK17A","Factor3",-0.705432064226932,"CX3CR1x_NK","negative","STK17A","negative_CX3CR1x_NK"
"CX3CR1._NK__STK4","Factor3",-0.884511655627909,"CX3CR1x_NK","negative","STK4","negative_CX3CR1x_NK"
"CX3CR1._NK__SUB1","Factor3",-1.00620342010327,"CX3CR1x_NK","negative","SUB1","negative_CX3CR1x_NK"
"CX3CR1._NK__SUN2","Factor3",-0.606759855743691,"CX3CR1x_NK","negative","SUN2","negative_CX3CR1x_NK"
"CX3CR1._NK__TAGLN2","Factor3",0.902567526826768,"CX3CR1x_NK","positive","TAGLN2","positive_CX3CR1x_NK"
"CX3CR1._NK__TBC1D10C","Factor3",-0.606106698124595,"CX3CR1x_NK","negative","TBC1D10C","negative_CX3CR1x_NK"
"CX3CR1._NK__TGFB1","Factor3",0.884456929904392,"CX3CR1x_NK","positive","TGFB1","positive_CX3CR1x_NK"
"CX3CR1._NK__TMBIM6","Factor3",1.04612984610901,"CX3CR1x_NK","positive","TMBIM6","positive_CX3CR1x_NK"
"CX3CR1._NK__TPI1","Factor3",0.685912237068174,"CX3CR1x_NK","positive","TPI1","positive_CX3CR1x_NK"
"CX3CR1._NK__TPT1","Factor3",1.15910626657595,"CX3CR1x_NK","positive","TPT1","positive_CX3CR1x_NK"
"CX3CR1._NK__TRAF3IP3","Factor3",0.957763787567821,"CX3CR1x_NK","positive","TRAF3IP3","positive_CX3CR1x_NK"
"CX3CR1._NK__TRAPPC1","Factor3",1.08658015310085,"CX3CR1x_NK","positive","TRAPPC1","positive_CX3CR1x_NK"
"CX3CR1._NK__TRBC2","Factor3",0.77617115097896,"CX3CR1x_NK","positive","TRBC2","positive_CX3CR1x_NK"
"CX3CR1._NK__TUBA1B","Factor3",1.66885575217242,"CX3CR1x_NK","positive","TUBA1B","positive_CX3CR1x_NK"
"CX3CR1._NK__TXK","Factor3",-0.821556594399203,"CX3CR1x_NK","negative","TXK","negative_CX3CR1x_NK"
"CX3CR1._NK__TXNIP","Factor3",0.941566821894045,"CX3CR1x_NK","positive","TXNIP","positive_CX3CR1x_NK"
"CX3CR1._NK__TYROBP","Factor3",0.894574299478349,"CX3CR1x_NK","positive","TYROBP","positive_CX3CR1x_NK"
"CX3CR1._NK__UBA52","Factor3",-1.00629962697955,"CX3CR1x_NK","negative","UBA52","negative_CX3CR1x_NK"
"CX3CR1._NK__UBALD2","Factor3",-0.960869405202426,"CX3CR1x_NK","negative","UBALD2","negative_CX3CR1x_NK"
"CX3CR1._NK__UBB","Factor3",0.867765224076879,"CX3CR1x_NK","positive","UBB","positive_CX3CR1x_NK"
"CX3CR1._NK__UBE2D2","Factor3",-1.08253848784786,"CX3CR1x_NK","negative","UBE2D2","negative_CX3CR1x_NK"
"CX3CR1._NK__UCP2","Factor3",-0.871298192604937,"CX3CR1x_NK","negative","UCP2","negative_CX3CR1x_NK"
"CX3CR1._NK__UQCR11","Factor3",1.12708699822984,"CX3CR1x_NK","positive","UQCR11","positive_CX3CR1x_NK"
"CX3CR1._NK__UTRN","Factor3",-0.746410904589646,"CX3CR1x_NK","negative","UTRN","negative_CX3CR1x_NK"
"CX3CR1._NK__VAMP2","Factor3",0.992708711905177,"CX3CR1x_NK","positive","VAMP2","positive_CX3CR1x_NK"
"CX3CR1._NK__WAS","Factor3",-1.01675232351625,"CX3CR1x_NK","negative","WAS","negative_CX3CR1x_NK"
"CX3CR1._NK__WDR83OS","Factor3",0.919781966850537,"CX3CR1x_NK","positive","WDR83OS","positive_CX3CR1x_NK"
"CX3CR1._NK__XRCC5","Factor3",-0.699010871158228,"CX3CR1x_NK","negative","XRCC5","negative_CX3CR1x_NK"
"CX3CR1._NK__YWHAZ","Factor3",0.730197162266251,"CX3CR1x_NK","positive","YWHAZ","positive_CX3CR1x_NK"
"CX3CR1._NK__ZAP70","Factor3",1.07923346346268,"CX3CR1x_NK","positive","ZAP70","positive_CX3CR1x_NK"
"CXCR5high_Naive_B__ACTB","Factor3",-1.49849772146377,"CXCR5high_Naive_B","negative","ACTB","negative_CXCR5high_Naive_B"
"CXCR5high_Naive_B__ACTG1","Factor3",-1.89466078785046,"CXCR5high_Naive_B","negative","ACTG1","negative_CXCR5high_Naive_B"
"CXCR5high_Naive_B__ACTR2","Factor3",-0.662282866674118,"CXCR5high_Naive_B","negative","ACTR2","negative_CXCR5high_Naive_B"
"CXCR5high_Naive_B__ACTR3","Factor3",-0.797231252490592,"CXCR5high_Naive_B","negative","ACTR3","negative_CXCR5high_Naive_B"
"CXCR5high_Naive_B__ADD3","Factor3",1.07864245729649,"CXCR5high_Naive_B","positive","ADD3","positive_CXCR5high_Naive_B"
"CXCR5high_Naive_B__AHNAK","Factor3",1.05861791749765,"CXCR5high_Naive_B","positive","AHNAK","positive_CXCR5high_Naive_B"
"CXCR5high_Naive_B__APOO","Factor3",0.88433718563696,"CXCR5high_Naive_B","positive","APOO","positive_CXCR5high_Naive_B"
"CXCR5high_Naive_B__ARHGDIB","Factor3",0.650929080963988,"CXCR5high_Naive_B","positive","ARHGDIB","positive_CXCR5high_Naive_B"
"CXCR5high_Naive_B__ARID1B","Factor3",-0.746091343927536,"CXCR5high_Naive_B","negative","ARID1B","negative_CXCR5high_Naive_B"
"CXCR5high_Naive_B__ARL6IP5","Factor3",0.668665768163885,"CXCR5high_Naive_B","positive","ARL6IP5","positive_CXCR5high_Naive_B"
"CXCR5high_Naive_B__ARPC2","Factor3",-1.60430091444091,"CXCR5high_Naive_B","negative","ARPC2","negative_CXCR5high_Naive_B"
"CXCR5high_Naive_B__ARPC5","Factor3",-1.00878335759527,"CXCR5high_Naive_B","negative","ARPC5","negative_CXCR5high_Naive_B"
"CXCR5high_Naive_B__ATP2B1","Factor3",0.591850154831649,"CXCR5high_Naive_B","positive","ATP2B1","positive_CXCR5high_Naive_B"
"CXCR5high_Naive_B__ATP5F1A","Factor3",-1.23241651911083,"CXCR5high_Naive_B","negative","ATP5F1A","negative_CXCR5high_Naive_B"
"CXCR5high_Naive_B__ATP5F1B","Factor3",-1.5363639647701,"CXCR5high_Naive_B","negative","ATP5F1B","negative_CXCR5high_Naive_B"
"CXCR5high_Naive_B__ATP5MC3","Factor3",-1.53069652971844,"CXCR5high_Naive_B","negative","ATP5MC3","negative_CXCR5high_Naive_B"
"CXCR5high_Naive_B__ATP5PB","Factor3",-0.8366605159809,"CXCR5high_Naive_B","negative","ATP5PB","negative_CXCR5high_Naive_B"
"CXCR5high_Naive_B__ATP6V0E1","Factor3",0.871115226771926,"CXCR5high_Naive_B","positive","ATP6V0E1","positive_CXCR5high_Naive_B"
"CXCR5high_Naive_B__B2M","Factor3",0.606059498071854,"CXCR5high_Naive_B","positive","B2M","positive_CXCR5high_Naive_B"
"CXCR5high_Naive_B__BACH2","Factor3",0.586019773472531,"CXCR5high_Naive_B","positive","BACH2","positive_CXCR5high_Naive_B"
"CXCR5high_Naive_B__BANK1","Factor3",0.619836740396309,"CXCR5high_Naive_B","positive","BANK1","positive_CXCR5high_Naive_B"
"CXCR5high_Naive_B__BCL11A","Factor3",1.15142089331497,"CXCR5high_Naive_B","positive","BCL11A","positive_CXCR5high_Naive_B"
"CXCR5high_Naive_B__BIRC3","Factor3",1.08839441566549,"CXCR5high_Naive_B","positive","BIRC3","positive_CXCR5high_Naive_B"
"CXCR5high_Naive_B__BTF3","Factor3",-0.727761650054805,"CXCR5high_Naive_B","negative","BTF3","negative_CXCR5high_Naive_B"
"CXCR5high_Naive_B__BTG2","Factor3",-0.932706341557673,"CXCR5high_Naive_B","negative","BTG2","negative_CXCR5high_Naive_B"
"CXCR5high_Naive_B__C12orf57","Factor3",1.52260390920236,"CXCR5high_Naive_B","positive","C12orf57","positive_CXCR5high_Naive_B"
"CXCR5high_Naive_B__C1QBP","Factor3",-1.07107053202407,"CXCR5high_Naive_B","negative","C1QBP","negative_CXCR5high_Naive_B"
"CXCR5high_Naive_B__CALM1","Factor3",0.64345574229356,"CXCR5high_Naive_B","positive","CALM1","positive_CXCR5high_Naive_B"
"CXCR5high_Naive_B__CALM2","Factor3",-1.26118263984868,"CXCR5high_Naive_B","negative","CALM2","negative_CXCR5high_Naive_B"
"CXCR5high_Naive_B__CBLB","Factor3",-0.668601907021951,"CXCR5high_Naive_B","negative","CBLB","negative_CXCR5high_Naive_B"
"CXCR5high_Naive_B__CD24","Factor3",-0.684798834106131,"CXCR5high_Naive_B","negative","CD24","negative_CXCR5high_Naive_B"
"CXCR5high_Naive_B__CD47","Factor3",-1.1846269053033,"CXCR5high_Naive_B","negative","CD47","negative_CXCR5high_Naive_B"
"CXCR5high_Naive_B__CD48","Factor3",1.14851345310704,"CXCR5high_Naive_B","positive","CD48","positive_CXCR5high_Naive_B"
"CXCR5high_Naive_B__CD53","Factor3",-0.636464301256985,"CXCR5high_Naive_B","negative","CD53","negative_CXCR5high_Naive_B"
"CXCR5high_Naive_B__CD55","Factor3",0.73720815381842,"CXCR5high_Naive_B","positive","CD55","positive_CXCR5high_Naive_B"
"CXCR5high_Naive_B__CD74","Factor3",0.801691672846338,"CXCR5high_Naive_B","positive","CD74","positive_CXCR5high_Naive_B"
"CXCR5high_Naive_B__CD79A","Factor3",1.51164414042221,"CXCR5high_Naive_B","positive","CD79A","positive_CXCR5high_Naive_B"
"CXCR5high_Naive_B__CD81","Factor3",0.820500667914269,"CXCR5high_Naive_B","positive","CD81","positive_CXCR5high_Naive_B"
"CXCR5high_Naive_B__CDC42","Factor3",1.24832487824578,"CXCR5high_Naive_B","positive","CDC42","positive_CXCR5high_Naive_B"
"CXCR5high_Naive_B__CFL1","Factor3",-1.60908940666481,"CXCR5high_Naive_B","negative","CFL1","negative_CXCR5high_Naive_B"
"CXCR5high_Naive_B__COL19A1","Factor3",2.6196734255589,"CXCR5high_Naive_B","positive","COL19A1","positive_CXCR5high_Naive_B"
"CXCR5high_Naive_B__CORO1A","Factor3",-0.594275743569022,"CXCR5high_Naive_B","negative","CORO1A","negative_CXCR5high_Naive_B"
"CXCR5high_Naive_B__COTL1","Factor3",-1.44510154560479,"CXCR5high_Naive_B","negative","COTL1","negative_CXCR5high_Naive_B"
"CXCR5high_Naive_B__COX4I1","Factor3",0.72225606018856,"CXCR5high_Naive_B","positive","COX4I1","positive_CXCR5high_Naive_B"
"CXCR5high_Naive_B__CSNK2B","Factor3",-1.24541417264937,"CXCR5high_Naive_B","negative","CSNK2B","negative_CXCR5high_Naive_B"
"CXCR5high_Naive_B__CTSS","Factor3",0.868653553970897,"CXCR5high_Naive_B","positive","CTSS","positive_CXCR5high_Naive_B"
"CXCR5high_Naive_B__CTSZ","Factor3",0.851208567210051,"CXCR5high_Naive_B","positive","CTSZ","positive_CXCR5high_Naive_B"
"CXCR5high_Naive_B__CXXC5","Factor3",0.905243688249545,"CXCR5high_Naive_B","positive","CXXC5","positive_CXCR5high_Naive_B"
"CXCR5high_Naive_B__CYBB","Factor3",0.669638819031509,"CXCR5high_Naive_B","positive","CYBB","positive_CXCR5high_Naive_B"
"CXCR5high_Naive_B__CYTH1","Factor3",0.849085795206173,"CXCR5high_Naive_B","positive","CYTH1","positive_CXCR5high_Naive_B"
"CXCR5high_Naive_B__CYTIP","Factor3",-1.45292972725998,"CXCR5high_Naive_B","negative","CYTIP","negative_CXCR5high_Naive_B"
"CXCR5high_Naive_B__DAZAP2","Factor3",1.31164038716269,"CXCR5high_Naive_B","positive","DAZAP2","positive_CXCR5high_Naive_B"
"CXCR5high_Naive_B__DDX17","Factor3",-0.604590149001276,"CXCR5high_Naive_B","negative","DDX17","negative_CXCR5high_Naive_B"
"CXCR5high_Naive_B__DDX5","Factor3",0.952203066723946,"CXCR5high_Naive_B","positive","DDX5","positive_CXCR5high_Naive_B"
"CXCR5high_Naive_B__EBF1","Factor3",-1.00849614587884,"CXCR5high_Naive_B","negative","EBF1","negative_CXCR5high_Naive_B"
"CXCR5high_Naive_B__EDF1","Factor3",0.67137986658378,"CXCR5high_Naive_B","positive","EDF1","positive_CXCR5high_Naive_B"
"CXCR5high_Naive_B__EEF1A1","Factor3",0.7974624146933,"CXCR5high_Naive_B","positive","EEF1A1","positive_CXCR5high_Naive_B"
"CXCR5high_Naive_B__EIF3E","Factor3",-0.673829937628928,"CXCR5high_Naive_B","negative","EIF3E","negative_CXCR5high_Naive_B"
"CXCR5high_Naive_B__EIF3L","Factor3",0.846937832044929,"CXCR5high_Naive_B","positive","EIF3L","positive_CXCR5high_Naive_B"
"CXCR5high_Naive_B__EIF4A1","Factor3",-1.13344850979168,"CXCR5high_Naive_B","negative","EIF4A1","negative_CXCR5high_Naive_B"
"CXCR5high_Naive_B__ELF1","Factor3",-0.762187412998874,"CXCR5high_Naive_B","negative","ELF1","negative_CXCR5high_Naive_B"
"CXCR5high_Naive_B__EMP3","Factor3",1.47442423310955,"CXCR5high_Naive_B","positive","EMP3","positive_CXCR5high_Naive_B"
"CXCR5high_Naive_B__ENO1","Factor3",-1.63188157742553,"CXCR5high_Naive_B","negative","ENO1","negative_CXCR5high_Naive_B"
"CXCR5high_Naive_B__EPC1","Factor3",0.697960902688988,"CXCR5high_Naive_B","positive","EPC1","positive_CXCR5high_Naive_B"
"CXCR5high_Naive_B__ETS1","Factor3",0.727836970027544,"CXCR5high_Naive_B","positive","ETS1","positive_CXCR5high_Naive_B"
"CXCR5high_Naive_B__EVI2B","Factor3",1.81711655747622,"CXCR5high_Naive_B","positive","EVI2B","positive_CXCR5high_Naive_B"
"CXCR5high_Naive_B__EZR","Factor3",0.582004821671431,"CXCR5high_Naive_B","positive","EZR","positive_CXCR5high_Naive_B"
"CXCR5high_Naive_B__FAU","Factor3",0.888751289008181,"CXCR5high_Naive_B","positive","FAU","positive_CXCR5high_Naive_B"
"CXCR5high_Naive_B__FCMR","Factor3",1.18432068504211,"CXCR5high_Naive_B","positive","FCMR","positive_CXCR5high_Naive_B"
"CXCR5high_Naive_B__FCRL1","Factor3",0.634529753100988,"CXCR5high_Naive_B","positive","FCRL1","positive_CXCR5high_Naive_B"
"CXCR5high_Naive_B__FKBP1A","Factor3",-1.15287597832635,"CXCR5high_Naive_B","negative","FKBP1A","negative_CXCR5high_Naive_B"
"CXCR5high_Naive_B__FXYD5","Factor3",1.83607668619974,"CXCR5high_Naive_B","positive","FXYD5","positive_CXCR5high_Naive_B"
"CXCR5high_Naive_B__GDI2","Factor3",-1.01084075407755,"CXCR5high_Naive_B","negative","GDI2","negative_CXCR5high_Naive_B"
"CXCR5high_Naive_B__GNAS","Factor3",-0.874846397534754,"CXCR5high_Naive_B","negative","GNAS","negative_CXCR5high_Naive_B"
"CXCR5high_Naive_B__GPSM3","Factor3",1.9243680591984,"CXCR5high_Naive_B","positive","GPSM3","positive_CXCR5high_Naive_B"
"CXCR5high_Naive_B__GPX4","Factor3",1.05696579896605,"CXCR5high_Naive_B","positive","GPX4","positive_CXCR5high_Naive_B"
"CXCR5high_Naive_B__GRB2","Factor3",1.16782525505438,"CXCR5high_Naive_B","positive","GRB2","positive_CXCR5high_Naive_B"
"CXCR5high_Naive_B__H3F3A","Factor3",-1.41597509334088,"CXCR5high_Naive_B","negative","H3F3A","negative_CXCR5high_Naive_B"
"CXCR5high_Naive_B__H3F3B","Factor3",-0.703755663209897,"CXCR5high_Naive_B","negative","H3F3B","negative_CXCR5high_Naive_B"
"CXCR5high_Naive_B__HLA.A","Factor3",0.578723369309166,"CXCR5high_Naive_B","positive","HLA.A","positive_CXCR5high_Naive_B"
"CXCR5high_Naive_B__HLA.DMB","Factor3",1.16164481529101,"CXCR5high_Naive_B","positive","HLA.DMB","positive_CXCR5high_Naive_B"
"CXCR5high_Naive_B__HLA.DPB1","Factor3",0.847961375686503,"CXCR5high_Naive_B","positive","HLA.DPB1","positive_CXCR5high_Naive_B"
"CXCR5high_Naive_B__HLA.DRA","Factor3",-0.600030813852033,"CXCR5high_Naive_B","negative","HLA.DRA","negative_CXCR5high_Naive_B"
"CXCR5high_Naive_B__HLA.DRB1","Factor3",0.677463767596333,"CXCR5high_Naive_B","positive","HLA.DRB1","positive_CXCR5high_Naive_B"
"CXCR5high_Naive_B__HLA.E","Factor3",0.715149722474265,"CXCR5high_Naive_B","positive","HLA.E","positive_CXCR5high_Naive_B"
"CXCR5high_Naive_B__HMGB1","Factor3",0.585135824238466,"CXCR5high_Naive_B","positive","HMGB1","positive_CXCR5high_Naive_B"
"CXCR5high_Naive_B__HMGN1","Factor3",-0.604034881643814,"CXCR5high_Naive_B","negative","HMGN1","negative_CXCR5high_Naive_B"
"CXCR5high_Naive_B__HMGN2","Factor3",-0.902705200692762,"CXCR5high_Naive_B","negative","HMGN2","negative_CXCR5high_Naive_B"
"CXCR5high_Naive_B__HNRNPA1","Factor3",-1.30083467981906,"CXCR5high_Naive_B","negative","HNRNPA1","negative_CXCR5high_Naive_B"
"CXCR5high_Naive_B__HNRNPA3","Factor3",-1.38636685352708,"CXCR5high_Naive_B","negative","HNRNPA3","negative_CXCR5high_Naive_B"
"CXCR5high_Naive_B__HSP90AB1","Factor3",-0.720788742911451,"CXCR5high_Naive_B","negative","HSP90AB1","negative_CXCR5high_Naive_B"
"CXCR5high_Naive_B__HVCN1","Factor3",0.820828515917446,"CXCR5high_Naive_B","positive","HVCN1","positive_CXCR5high_Naive_B"
"CXCR5high_Naive_B__IFI16","Factor3",-0.838229547218122,"CXCR5high_Naive_B","negative","IFI16","negative_CXCR5high_Naive_B"
"CXCR5high_Naive_B__IFITM2","Factor3",0.657789963161917,"CXCR5high_Naive_B","positive","IFITM2","positive_CXCR5high_Naive_B"
"CXCR5high_Naive_B__IGHM","Factor3",-1.11361692360434,"CXCR5high_Naive_B","negative","IGHM","negative_CXCR5high_Naive_B"
"CXCR5high_Naive_B__IL2RG","Factor3",1.73472621921892,"CXCR5high_Naive_B","positive","IL2RG","positive_CXCR5high_Naive_B"
"CXCR5high_Naive_B__JAK1","Factor3",0.566547328932695,"CXCR5high_Naive_B","positive","JAK1","positive_CXCR5high_Naive_B"
"CXCR5high_Naive_B__KLF2","Factor3",1.27968041617714,"CXCR5high_Naive_B","positive","KLF2","positive_CXCR5high_Naive_B"
"CXCR5high_Naive_B__KMT2E","Factor3",-0.645099880062118,"CXCR5high_Naive_B","negative","KMT2E","negative_CXCR5high_Naive_B"
"CXCR5high_Naive_B__LAPTM5","Factor3",0.815190981405799,"CXCR5high_Naive_B","positive","LAPTM5","positive_CXCR5high_Naive_B"
"CXCR5high_Naive_B__LCP1","Factor3",-1.22363248119288,"CXCR5high_Naive_B","negative","LCP1","negative_CXCR5high_Naive_B"
"CXCR5high_Naive_B__LIMD2","Factor3",-0.635151371104093,"CXCR5high_Naive_B","negative","LIMD2","negative_CXCR5high_Naive_B"
"CXCR5high_Naive_B__LINC00926","Factor3",2.58354448991669,"CXCR5high_Naive_B","positive","LINC00926","positive_CXCR5high_Naive_B"
"CXCR5high_Naive_B__LRRFIP1","Factor3",1.14953257137101,"CXCR5high_Naive_B","positive","LRRFIP1","positive_CXCR5high_Naive_B"
"CXCR5high_Naive_B__LSM14A","Factor3",1.12468934932687,"CXCR5high_Naive_B","positive","LSM14A","positive_CXCR5high_Naive_B"
"CXCR5high_Naive_B__LSP1","Factor3",1.10650525090626,"CXCR5high_Naive_B","positive","LSP1","positive_CXCR5high_Naive_B"
"CXCR5high_Naive_B__LTB","Factor3",0.919414928954974,"CXCR5high_Naive_B","positive","LTB","positive_CXCR5high_Naive_B"
"CXCR5high_Naive_B__LY86","Factor3",1.18694094790281,"CXCR5high_Naive_B","positive","LY86","positive_CXCR5high_Naive_B"
"CXCR5high_Naive_B__MALAT1","Factor3",-0.660583688688285,"CXCR5high_Naive_B","negative","MALAT1","negative_CXCR5high_Naive_B"
"CXCR5high_Naive_B__MAP4K4","Factor3",-1.02348253558648,"CXCR5high_Naive_B","negative","MAP4K4","negative_CXCR5high_Naive_B"
"CXCR5high_Naive_B__MARCH1","Factor3",0.982923546157454,"CXCR5high_Naive_B","positive","MARCH1","positive_CXCR5high_Naive_B"
"CXCR5high_Naive_B__MEF2A","Factor3",-0.940569789994971,"CXCR5high_Naive_B","negative","MEF2A","negative_CXCR5high_Naive_B"
"CXCR5high_Naive_B__MT.ND3","Factor3",0.980101881160483,"CXCR5high_Naive_B","positive","MT.ND3","positive_CXCR5high_Naive_B"
"CXCR5high_Naive_B__MT.ND4","Factor3",-0.599667646358153,"CXCR5high_Naive_B","negative","MT.ND4","negative_CXCR5high_Naive_B"
"CXCR5high_Naive_B__MT.ND6","Factor3",0.74685661606688,"CXCR5high_Naive_B","positive","MT.ND6","positive_CXCR5high_Naive_B"
"CXCR5high_Naive_B__MTPN","Factor3",0.711193365551236,"CXCR5high_Naive_B","positive","MTPN","positive_CXCR5high_Naive_B"
"CXCR5high_Naive_B__MTSS1","Factor3",1.07125325767232,"CXCR5high_Naive_B","positive","MTSS1","positive_CXCR5high_Naive_B"
"CXCR5high_Naive_B__NCF1","Factor3",0.734630483940434,"CXCR5high_Naive_B","positive","NCF1","positive_CXCR5high_Naive_B"
"CXCR5high_Naive_B__NCL","Factor3",-1.95998157300908,"CXCR5high_Naive_B","negative","NCL","negative_CXCR5high_Naive_B"
"CXCR5high_Naive_B__NCOA3","Factor3",0.586717458950705,"CXCR5high_Naive_B","positive","NCOA3","positive_CXCR5high_Naive_B"
"CXCR5high_Naive_B__NDUFA11","Factor3",-0.677991168848799,"CXCR5high_Naive_B","negative","NDUFA11","negative_CXCR5high_Naive_B"
"CXCR5high_Naive_B__NDUFA4","Factor3",-0.775121613631726,"CXCR5high_Naive_B","negative","NDUFA4","negative_CXCR5high_Naive_B"
"CXCR5high_Naive_B__NME2","Factor3",-0.899177482728679,"CXCR5high_Naive_B","negative","NME2","negative_CXCR5high_Naive_B"
"CXCR5high_Naive_B__NOP53","Factor3",1.51744407910981,"CXCR5high_Naive_B","positive","NOP53","positive_CXCR5high_Naive_B"
"CXCR5high_Naive_B__NPM1","Factor3",-1.44766431211218,"CXCR5high_Naive_B","negative","NPM1","negative_CXCR5high_Naive_B"
"CXCR5high_Naive_B__P2RX5","Factor3",0.653696055166114,"CXCR5high_Naive_B","positive","P2RX5","positive_CXCR5high_Naive_B"
"CXCR5high_Naive_B__PABPC1","Factor3",-1.27445682634844,"CXCR5high_Naive_B","negative","PABPC1","negative_CXCR5high_Naive_B"
"CXCR5high_Naive_B__PFN1","Factor3",-0.951554137973308,"CXCR5high_Naive_B","negative","PFN1","negative_CXCR5high_Naive_B"
"CXCR5high_Naive_B__PKM","Factor3",-1.71817366060782,"CXCR5high_Naive_B","negative","PKM","negative_CXCR5high_Naive_B"
"CXCR5high_Naive_B__PLEKHA2","Factor3",-0.963544988563645,"CXCR5high_Naive_B","negative","PLEKHA2","negative_CXCR5high_Naive_B"
"CXCR5high_Naive_B__PNISR","Factor3",1.62013440601841,"CXCR5high_Naive_B","positive","PNISR","positive_CXCR5high_Naive_B"
"CXCR5high_Naive_B__PNRC1","Factor3",1.40533905347693,"CXCR5high_Naive_B","positive","PNRC1","positive_CXCR5high_Naive_B"
"CXCR5high_Naive_B__POMP","Factor3",-1.4640931557584,"CXCR5high_Naive_B","negative","POMP","negative_CXCR5high_Naive_B"
"CXCR5high_Naive_B__PPIA","Factor3",-1.06621395579755,"CXCR5high_Naive_B","negative","PPIA","negative_CXCR5high_Naive_B"
"CXCR5high_Naive_B__PPP3CA","Factor3",-0.675381320200942,"CXCR5high_Naive_B","negative","PPP3CA","negative_CXCR5high_Naive_B"
"CXCR5high_Naive_B__PRR13","Factor3",-0.846704190380968,"CXCR5high_Naive_B","negative","PRR13","negative_CXCR5high_Naive_B"
"CXCR5high_Naive_B__PSMA7","Factor3",-0.826448600141664,"CXCR5high_Naive_B","negative","PSMA7","negative_CXCR5high_Naive_B"
"CXCR5high_Naive_B__PSMB9","Factor3",0.790150902086981,"CXCR5high_Naive_B","positive","PSMB9","positive_CXCR5high_Naive_B"
"CXCR5high_Naive_B__PTMA","Factor3",-1.48996267343534,"CXCR5high_Naive_B","negative","PTMA","negative_CXCR5high_Naive_B"
"CXCR5high_Naive_B__PTPRC","Factor3",0.878741497242208,"CXCR5high_Naive_B","positive","PTPRC","positive_CXCR5high_Naive_B"
"CXCR5high_Naive_B__RAN","Factor3",-1.0059593571267,"CXCR5high_Naive_B","negative","RAN","negative_CXCR5high_Naive_B"
"CXCR5high_Naive_B__RHOA","Factor3",0.59940304373075,"CXCR5high_Naive_B","positive","RHOA","positive_CXCR5high_Naive_B"
"CXCR5high_Naive_B__RHOH","Factor3",0.605158472065574,"CXCR5high_Naive_B","positive","RHOH","positive_CXCR5high_Naive_B"
"CXCR5high_Naive_B__RSRP1","Factor3",0.941952388909281,"CXCR5high_Naive_B","positive","RSRP1","positive_CXCR5high_Naive_B"
"CXCR5high_Naive_B__RUBCNL","Factor3",0.614979923168547,"CXCR5high_Naive_B","positive","RUBCNL","positive_CXCR5high_Naive_B"
"CXCR5high_Naive_B__SARAF","Factor3",1.07549076674658,"CXCR5high_Naive_B","positive","SARAF","positive_CXCR5high_Naive_B"
"CXCR5high_Naive_B__SEC61B","Factor3",-0.775132408837072,"CXCR5high_Naive_B","negative","SEC61B","negative_CXCR5high_Naive_B"
"CXCR5high_Naive_B__SELENOF","Factor3",1.38397436577454,"CXCR5high_Naive_B","positive","SELENOF","positive_CXCR5high_Naive_B"
"CXCR5high_Naive_B__SELL","Factor3",1.4733712794518,"CXCR5high_Naive_B","positive","SELL","positive_CXCR5high_Naive_B"
"CXCR5high_Naive_B__SEPTIN6","Factor3",-0.630492386397714,"CXCR5high_Naive_B","negative","SEPTIN6","negative_CXCR5high_Naive_B"
"CXCR5high_Naive_B__SERBP1","Factor3",-1.12650420081767,"CXCR5high_Naive_B","negative","SERBP1","negative_CXCR5high_Naive_B"
"CXCR5high_Naive_B__SERF2","Factor3",-0.6621936292457,"CXCR5high_Naive_B","negative","SERF2","negative_CXCR5high_Naive_B"
"CXCR5high_Naive_B__SERP1","Factor3",0.699395146374441,"CXCR5high_Naive_B","positive","SERP1","positive_CXCR5high_Naive_B"
"CXCR5high_Naive_B__SF1","Factor3",1.12432002591139,"CXCR5high_Naive_B","positive","SF1","positive_CXCR5high_Naive_B"
"CXCR5high_Naive_B__SFPQ","Factor3",-1.1556822662901,"CXCR5high_Naive_B","negative","SFPQ","negative_CXCR5high_Naive_B"
"CXCR5high_Naive_B__SLC25A3","Factor3",-1.77718962863528,"CXCR5high_Naive_B","negative","SLC25A3","negative_CXCR5high_Naive_B"
"CXCR5high_Naive_B__SLC25A5","Factor3",-1.65357019065132,"CXCR5high_Naive_B","negative","SLC25A5","negative_CXCR5high_Naive_B"
"CXCR5high_Naive_B__SMDT1","Factor3",-0.837798774300502,"CXCR5high_Naive_B","negative","SMDT1","negative_CXCR5high_Naive_B"
"CXCR5high_Naive_B__SMIM14","Factor3",-1.67947802043739,"CXCR5high_Naive_B","negative","SMIM14","negative_CXCR5high_Naive_B"
"CXCR5high_Naive_B__SNHG29","Factor3",-0.656770567565012,"CXCR5high_Naive_B","negative","SNHG29","negative_CXCR5high_Naive_B"
"CXCR5high_Naive_B__SNU13","Factor3",-0.61206508521938,"CXCR5high_Naive_B","negative","SNU13","negative_CXCR5high_Naive_B"
"CXCR5high_Naive_B__SNX2","Factor3",1.13282148342044,"CXCR5high_Naive_B","positive","SNX2","positive_CXCR5high_Naive_B"
"CXCR5high_Naive_B__SNX29","Factor3",0.605735345829574,"CXCR5high_Naive_B","positive","SNX29","positive_CXCR5high_Naive_B"
"CXCR5high_Naive_B__SNX3","Factor3",-1.03892961208285,"CXCR5high_Naive_B","negative","SNX3","negative_CXCR5high_Naive_B"
"CXCR5high_Naive_B__SPIB","Factor3",-0.679956280892614,"CXCR5high_Naive_B","negative","SPIB","negative_CXCR5high_Naive_B"
"CXCR5high_Naive_B__SRP14","Factor3",-0.608303624910196,"CXCR5high_Naive_B","negative","SRP14","negative_CXCR5high_Naive_B"
"CXCR5high_Naive_B__SRP9","Factor3",-0.868063626063164,"CXCR5high_Naive_B","negative","SRP9","negative_CXCR5high_Naive_B"
"CXCR5high_Naive_B__SRRM1","Factor3",-0.699463549070853,"CXCR5high_Naive_B","negative","SRRM1","negative_CXCR5high_Naive_B"
"CXCR5high_Naive_B__SRSF11","Factor3",-1.86843057034412,"CXCR5high_Naive_B","negative","SRSF11","negative_CXCR5high_Naive_B"
"CXCR5high_Naive_B__SRSF9","Factor3",-0.677507944744229,"CXCR5high_Naive_B","negative","SRSF9","negative_CXCR5high_Naive_B"
"CXCR5high_Naive_B__SSR2","Factor3",0.587584914040114,"CXCR5high_Naive_B","positive","SSR2","positive_CXCR5high_Naive_B"
"CXCR5high_Naive_B__SSR4","Factor3",0.666799436526942,"CXCR5high_Naive_B","positive","SSR4","positive_CXCR5high_Naive_B"
"CXCR5high_Naive_B__SUB1","Factor3",-1.81856126684061,"CXCR5high_Naive_B","negative","SUB1","negative_CXCR5high_Naive_B"
"CXCR5high_Naive_B__SYNGR2","Factor3",1.13921855057614,"CXCR5high_Naive_B","positive","SYNGR2","positive_CXCR5high_Naive_B"
"CXCR5high_Naive_B__TAF10","Factor3",-0.688039349653562,"CXCR5high_Naive_B","negative","TAF10","negative_CXCR5high_Naive_B"
"CXCR5high_Naive_B__TAGLN2","Factor3",0.899773783095967,"CXCR5high_Naive_B","positive","TAGLN2","positive_CXCR5high_Naive_B"
"CXCR5high_Naive_B__TBC1D5","Factor3",0.713272585586456,"CXCR5high_Naive_B","positive","TBC1D5","positive_CXCR5high_Naive_B"
"CXCR5high_Naive_B__TLE5","Factor3",0.875554579674795,"CXCR5high_Naive_B","positive","TLE5","positive_CXCR5high_Naive_B"
"CXCR5high_Naive_B__TMSB10","Factor3",-1.6054380904677,"CXCR5high_Naive_B","negative","TMSB10","negative_CXCR5high_Naive_B"
"CXCR5high_Naive_B__TMSB4X","Factor3",-1.19253825618494,"CXCR5high_Naive_B","negative","TMSB4X","negative_CXCR5high_Naive_B"
"CXCR5high_Naive_B__TNFAIP8","Factor3",0.652223690360173,"CXCR5high_Naive_B","positive","TNFAIP8","positive_CXCR5high_Naive_B"
"CXCR5high_Naive_B__TNFRSF13C","Factor3",-0.768310546866276,"CXCR5high_Naive_B","negative","TNFRSF13C","negative_CXCR5high_Naive_B"
"CXCR5high_Naive_B__TOMM6","Factor3",-0.849911987464348,"CXCR5high_Naive_B","negative","TOMM6","negative_CXCR5high_Naive_B"
"CXCR5high_Naive_B__TPT1","Factor3",1.39588980982198,"CXCR5high_Naive_B","positive","TPT1","positive_CXCR5high_Naive_B"
"CXCR5high_Naive_B__TRIR","Factor3",0.823011600601104,"CXCR5high_Naive_B","positive","TRIR","positive_CXCR5high_Naive_B"
"CXCR5high_Naive_B__TSC22D3","Factor3",1.0873189766081,"CXCR5high_Naive_B","positive","TSC22D3","positive_CXCR5high_Naive_B"
"CXCR5high_Naive_B__TXNIP","Factor3",0.80727088388876,"CXCR5high_Naive_B","positive","TXNIP","positive_CXCR5high_Naive_B"
"CXCR5high_Naive_B__UBE2D2","Factor3",1.00243983537967,"CXCR5high_Naive_B","positive","UBE2D2","positive_CXCR5high_Naive_B"
"CXCR5high_Naive_B__UBE2D3","Factor3",-0.850603601971298,"CXCR5high_Naive_B","negative","UBE2D3","negative_CXCR5high_Naive_B"
"CXCR5high_Naive_B__UBE2E2","Factor3",-0.951074761232296,"CXCR5high_Naive_B","negative","UBE2E2","negative_CXCR5high_Naive_B"
"CXCR5high_Naive_B__UBL5","Factor3",-0.616182373627385,"CXCR5high_Naive_B","negative","UBL5","negative_CXCR5high_Naive_B"
"CXCR5high_Naive_B__UQCRH","Factor3",0.588896098365888,"CXCR5high_Naive_B","positive","UQCRH","positive_CXCR5high_Naive_B"
"CXCR5high_Naive_B__VAV3","Factor3",-0.714990580682204,"CXCR5high_Naive_B","negative","VAV3","negative_CXCR5high_Naive_B"
"CXCR5high_Naive_B__VIM","Factor3",-1.21846810884584,"CXCR5high_Naive_B","negative","VIM","negative_CXCR5high_Naive_B"
"CXCR5high_Naive_B__WASF2","Factor3",-0.732166031794258,"CXCR5high_Naive_B","negative","WASF2","negative_CXCR5high_Naive_B"
"CXCR5high_Naive_B__YBX1","Factor3",-1.45402055435702,"CXCR5high_Naive_B","negative","YBX1","negative_CXCR5high_Naive_B"
"CXCR5high_Naive_B__YBX3","Factor3",-1.03177530311934,"CXCR5high_Naive_B","negative","YBX3","negative_CXCR5high_Naive_B"
"CXCR5high_Naive_B__YPEL3","Factor3",1.33156361264716,"CXCR5high_Naive_B","positive","YPEL3","positive_CXCR5high_Naive_B"
"CXCR5high_Naive_B__ZFP36","Factor3",-0.6431071442652,"CXCR5high_Naive_B","negative","ZFP36","negative_CXCR5high_Naive_B"
"CXCR5high_Naive_B__ZFP36L2","Factor3",-0.600137655404914,"CXCR5high_Naive_B","negative","ZFP36L2","negative_CXCR5high_Naive_B"
"CXCR5low_Naive_B__ACTB","Factor3",-1.58300449278125,"CXCR5low_Naive_B","negative","ACTB","negative_CXCR5low_Naive_B"
"CXCR5low_Naive_B__ACTG1","Factor3",-0.982774480296699,"CXCR5low_Naive_B","negative","ACTG1","negative_CXCR5low_Naive_B"
"CXCR5low_Naive_B__ADD1","Factor3",0.946611903349332,"CXCR5low_Naive_B","positive","ADD1","positive_CXCR5low_Naive_B"
"CXCR5low_Naive_B__ALOX5","Factor3",0.668599292298659,"CXCR5low_Naive_B","positive","ALOX5","positive_CXCR5low_Naive_B"
"CXCR5low_Naive_B__ANAPC16","Factor3",0.999230572907017,"CXCR5low_Naive_B","positive","ANAPC16","positive_CXCR5low_Naive_B"
"CXCR5low_Naive_B__ANKRD12","Factor3",1.4170086973706,"CXCR5low_Naive_B","positive","ANKRD12","positive_CXCR5low_Naive_B"
"CXCR5low_Naive_B__ANXA6","Factor3",1.21149930682149,"CXCR5low_Naive_B","positive","ANXA6","positive_CXCR5low_Naive_B"
"CXCR5low_Naive_B__APOO","Factor3",1.99697398134645,"CXCR5low_Naive_B","positive","APOO","positive_CXCR5low_Naive_B"
"CXCR5low_Naive_B__ARF1","Factor3",-1.07159324269169,"CXCR5low_Naive_B","negative","ARF1","negative_CXCR5low_Naive_B"
"CXCR5low_Naive_B__ARGLU1","Factor3",-0.949245663208733,"CXCR5low_Naive_B","negative","ARGLU1","negative_CXCR5low_Naive_B"
"CXCR5low_Naive_B__ARHGAP15","Factor3",-1.20772844660017,"CXCR5low_Naive_B","negative","ARHGAP15","negative_CXCR5low_Naive_B"
"CXCR5low_Naive_B__ARPC2","Factor3",0.783409690873839,"CXCR5low_Naive_B","positive","ARPC2","positive_CXCR5low_Naive_B"
"CXCR5low_Naive_B__ARPC3","Factor3",-1.49794330366464,"CXCR5low_Naive_B","negative","ARPC3","negative_CXCR5low_Naive_B"
"CXCR5low_Naive_B__ARPC5","Factor3",-0.848744003976304,"CXCR5low_Naive_B","negative","ARPC5","negative_CXCR5low_Naive_B"
"CXCR5low_Naive_B__ATP5F1A","Factor3",0.792462409995688,"CXCR5low_Naive_B","positive","ATP5F1A","positive_CXCR5low_Naive_B"
"CXCR5low_Naive_B__ATP5F1B","Factor3",1.06361147477265,"CXCR5low_Naive_B","positive","ATP5F1B","positive_CXCR5low_Naive_B"
"CXCR5low_Naive_B__ATP5F1D","Factor3",2.21660966008051,"CXCR5low_Naive_B","positive","ATP5F1D","positive_CXCR5low_Naive_B"
"CXCR5low_Naive_B__ATP5MG","Factor3",0.831139260001731,"CXCR5low_Naive_B","positive","ATP5MG","positive_CXCR5low_Naive_B"
"CXCR5low_Naive_B__ATP5PO","Factor3",1.06132468150865,"CXCR5low_Naive_B","positive","ATP5PO","positive_CXCR5low_Naive_B"
"CXCR5low_Naive_B__ATP6V1G1","Factor3",-1.28680054925047,"CXCR5low_Naive_B","negative","ATP6V1G1","negative_CXCR5low_Naive_B"
"CXCR5low_Naive_B__B2M","Factor3",-1.68325369706452,"CXCR5low_Naive_B","negative","B2M","negative_CXCR5low_Naive_B"
"CXCR5low_Naive_B__BANK1","Factor3",1.00447203300514,"CXCR5low_Naive_B","positive","BANK1","positive_CXCR5low_Naive_B"
"CXCR5low_Naive_B__BLNK","Factor3",-2.1586946845173,"CXCR5low_Naive_B","negative","BLNK","negative_CXCR5low_Naive_B"
"CXCR5low_Naive_B__BRK1","Factor3",-1.37559398004119,"CXCR5low_Naive_B","negative","BRK1","negative_CXCR5low_Naive_B"
"CXCR5low_Naive_B__BTF3","Factor3",0.690301215981532,"CXCR5low_Naive_B","positive","BTF3","positive_CXCR5low_Naive_B"
"CXCR5low_Naive_B__BTG1","Factor3",-1.39899758598771,"CXCR5low_Naive_B","negative","BTG1","negative_CXCR5low_Naive_B"
"CXCR5low_Naive_B__BTG2","Factor3",-1.38936322612261,"CXCR5low_Naive_B","negative","BTG2","negative_CXCR5low_Naive_B"
"CXCR5low_Naive_B__CALR","Factor3",-1.76945666053805,"CXCR5low_Naive_B","negative","CALR","negative_CXCR5low_Naive_B"
"CXCR5low_Naive_B__CBLB","Factor3",-0.924008152273747,"CXCR5low_Naive_B","negative","CBLB","negative_CXCR5low_Naive_B"
"CXCR5low_Naive_B__CCDC191","Factor3",1.40921033242929,"CXCR5low_Naive_B","positive","CCDC191","positive_CXCR5low_Naive_B"
"CXCR5low_Naive_B__CCNL1","Factor3",-1.24995408318419,"CXCR5low_Naive_B","negative","CCNL1","negative_CXCR5low_Naive_B"
"CXCR5low_Naive_B__CD24","Factor3",-1.00727647520564,"CXCR5low_Naive_B","negative","CD24","negative_CXCR5low_Naive_B"
"CXCR5low_Naive_B__CD37","Factor3",-1.36481575077939,"CXCR5low_Naive_B","negative","CD37","negative_CXCR5low_Naive_B"
"CXCR5low_Naive_B__CD69","Factor3",-1.48854450229078,"CXCR5low_Naive_B","negative","CD69","negative_CXCR5low_Naive_B"
"CXCR5low_Naive_B__CD72","Factor3",-1.21456173824168,"CXCR5low_Naive_B","negative","CD72","negative_CXCR5low_Naive_B"
"CXCR5low_Naive_B__CD74","Factor3",1.25565892906202,"CXCR5low_Naive_B","positive","CD74","positive_CXCR5low_Naive_B"
"CXCR5low_Naive_B__CD79A","Factor3",-0.819780471008027,"CXCR5low_Naive_B","negative","CD79A","negative_CXCR5low_Naive_B"
"CXCR5low_Naive_B__CFL1","Factor3",-1.26158341888275,"CXCR5low_Naive_B","negative","CFL1","negative_CXCR5low_Naive_B"
"CXCR5low_Naive_B__CMTM7","Factor3",-0.884722375661665,"CXCR5low_Naive_B","negative","CMTM7","negative_CXCR5low_Naive_B"
"CXCR5low_Naive_B__COX4I1","Factor3",2.10766685087941,"CXCR5low_Naive_B","positive","COX4I1","positive_CXCR5low_Naive_B"
"CXCR5low_Naive_B__COX6B1","Factor3",0.773108659361802,"CXCR5low_Naive_B","positive","COX6B1","positive_CXCR5low_Naive_B"
"CXCR5low_Naive_B__CSDE1","Factor3",1.72997129720226,"CXCR5low_Naive_B","positive","CSDE1","positive_CXCR5low_Naive_B"
"CXCR5low_Naive_B__CTSS","Factor3",1.35694109964869,"CXCR5low_Naive_B","positive","CTSS","positive_CXCR5low_Naive_B"
"CXCR5low_Naive_B__CYBA","Factor3",-0.811983597927352,"CXCR5low_Naive_B","negative","CYBA","negative_CXCR5low_Naive_B"
"CXCR5low_Naive_B__CYTIP","Factor3",-1.8369075431206,"CXCR5low_Naive_B","negative","CYTIP","negative_CXCR5low_Naive_B"
"CXCR5low_Naive_B__DDX17","Factor3",-0.895204886759511,"CXCR5low_Naive_B","negative","DDX17","negative_CXCR5low_Naive_B"
"CXCR5low_Naive_B__EBF1","Factor3",-1.24355331199181,"CXCR5low_Naive_B","negative","EBF1","negative_CXCR5low_Naive_B"
"CXCR5low_Naive_B__EEF1A1","Factor3",0.71112320401679,"CXCR5low_Naive_B","positive","EEF1A1","positive_CXCR5low_Naive_B"
"CXCR5low_Naive_B__EEF1B2","Factor3",1.72965540676826,"CXCR5low_Naive_B","positive","EEF1B2","positive_CXCR5low_Naive_B"
"CXCR5low_Naive_B__EEF1D","Factor3",1.10905599396558,"CXCR5low_Naive_B","positive","EEF1D","positive_CXCR5low_Naive_B"
"CXCR5low_Naive_B__EIF1","Factor3",-1.24317997643601,"CXCR5low_Naive_B","negative","EIF1","negative_CXCR5low_Naive_B"
"CXCR5low_Naive_B__EIF2S3","Factor3",1.960345488895,"CXCR5low_Naive_B","positive","EIF2S3","positive_CXCR5low_Naive_B"
"CXCR5low_Naive_B__EIF3D","Factor3",1.62870700409054,"CXCR5low_Naive_B","positive","EIF3D","positive_CXCR5low_Naive_B"
"CXCR5low_Naive_B__EIF3E","Factor3",1.50856588282254,"CXCR5low_Naive_B","positive","EIF3E","positive_CXCR5low_Naive_B"
"CXCR5low_Naive_B__EIF3H","Factor3",1.70552069479479,"CXCR5low_Naive_B","positive","EIF3H","positive_CXCR5low_Naive_B"
"CXCR5low_Naive_B__EIF3K","Factor3",1.14003902564292,"CXCR5low_Naive_B","positive","EIF3K","positive_CXCR5low_Naive_B"
"CXCR5low_Naive_B__EIF3L","Factor3",1.79969729600548,"CXCR5low_Naive_B","positive","EIF3L","positive_CXCR5low_Naive_B"
"CXCR5low_Naive_B__EIF4A1","Factor3",-1.28801573570743,"CXCR5low_Naive_B","negative","EIF4A1","negative_CXCR5low_Naive_B"
"CXCR5low_Naive_B__EIF4A2","Factor3",0.965723677320887,"CXCR5low_Naive_B","positive","EIF4A2","positive_CXCR5low_Naive_B"
"CXCR5low_Naive_B__EIF5A","Factor3",0.901731457757989,"CXCR5low_Naive_B","positive","EIF5A","positive_CXCR5low_Naive_B"
"CXCR5low_Naive_B__EVL","Factor3",1.07560061741021,"CXCR5low_Naive_B","positive","EVL","positive_CXCR5low_Naive_B"
"CXCR5low_Naive_B__FAU","Factor3",-0.909186669062586,"CXCR5low_Naive_B","negative","FAU","negative_CXCR5low_Naive_B"
"CXCR5low_Naive_B__FCHSD2","Factor3",-1.11242193843345,"CXCR5low_Naive_B","negative","FCHSD2","negative_CXCR5low_Naive_B"
"CXCR5low_Naive_B__FCMR","Factor3",1.34785913220829,"CXCR5low_Naive_B","positive","FCMR","positive_CXCR5low_Naive_B"
"CXCR5low_Naive_B__GABARAP","Factor3",-1.48358422037092,"CXCR5low_Naive_B","negative","GABARAP","negative_CXCR5low_Naive_B"
"CXCR5low_Naive_B__GAS5","Factor3",2.00345941752387,"CXCR5low_Naive_B","positive","GAS5","positive_CXCR5low_Naive_B"
"CXCR5low_Naive_B__GNAS","Factor3",-1.00556719391484,"CXCR5low_Naive_B","negative","GNAS","negative_CXCR5low_Naive_B"
"CXCR5low_Naive_B__GNB1","Factor3",-0.887324061593911,"CXCR5low_Naive_B","negative","GNB1","negative_CXCR5low_Naive_B"
"CXCR5low_Naive_B__GNG5","Factor3",0.771127829772423,"CXCR5low_Naive_B","positive","GNG5","positive_CXCR5low_Naive_B"
"CXCR5low_Naive_B__GTF3A","Factor3",1.28783913988248,"CXCR5low_Naive_B","positive","GTF3A","positive_CXCR5low_Naive_B"
"CXCR5low_Naive_B__H1FX","Factor3",-1.15359761499144,"CXCR5low_Naive_B","negative","H1FX","negative_CXCR5low_Naive_B"
"CXCR5low_Naive_B__H3F3A","Factor3",-1.67236785338325,"CXCR5low_Naive_B","negative","H3F3A","negative_CXCR5low_Naive_B"
"CXCR5low_Naive_B__H3F3B","Factor3",-1.76868043048739,"CXCR5low_Naive_B","negative","H3F3B","negative_CXCR5low_Naive_B"
"CXCR5low_Naive_B__HIST1H1C","Factor3",-0.892666443927816,"CXCR5low_Naive_B","negative","HIST1H1C","negative_CXCR5low_Naive_B"
"CXCR5low_Naive_B__HLA.DMA","Factor3",1.43815209817498,"CXCR5low_Naive_B","positive","HLA.DMA","positive_CXCR5low_Naive_B"
"CXCR5low_Naive_B__HLA.DMB","Factor3",1.89347881873972,"CXCR5low_Naive_B","positive","HLA.DMB","positive_CXCR5low_Naive_B"
"CXCR5low_Naive_B__HLA.DPA1","Factor3",0.64985988129198,"CXCR5low_Naive_B","positive","HLA.DPA1","positive_CXCR5low_Naive_B"
"CXCR5low_Naive_B__HLA.DPB1","Factor3",1.43481424760748,"CXCR5low_Naive_B","positive","HLA.DPB1","positive_CXCR5low_Naive_B"
"CXCR5low_Naive_B__HLA.DQA1","Factor3",1.23373500828498,"CXCR5low_Naive_B","positive","HLA.DQA1","positive_CXCR5low_Naive_B"
"CXCR5low_Naive_B__HLA.DRA","Factor3",-1.42297768204369,"CXCR5low_Naive_B","negative","HLA.DRA","negative_CXCR5low_Naive_B"
"CXCR5low_Naive_B__HLA.E","Factor3",-0.848498151710578,"CXCR5low_Naive_B","negative","HLA.E","negative_CXCR5low_Naive_B"
"CXCR5low_Naive_B__HNRNPA0","Factor3",0.935330795023505,"CXCR5low_Naive_B","positive","HNRNPA0","positive_CXCR5low_Naive_B"
"CXCR5low_Naive_B__HNRNPA2B1","Factor3",-1.73687239162575,"CXCR5low_Naive_B","negative","HNRNPA2B1","negative_CXCR5low_Naive_B"
"CXCR5low_Naive_B__HNRNPC","Factor3",1.70447121329588,"CXCR5low_Naive_B","positive","HNRNPC","positive_CXCR5low_Naive_B"
"CXCR5low_Naive_B__HNRNPDL","Factor3",-0.994557205898538,"CXCR5low_Naive_B","negative","HNRNPDL","negative_CXCR5low_Naive_B"
"CXCR5low_Naive_B__HNRNPK","Factor3",-1.09722933045989,"CXCR5low_Naive_B","negative","HNRNPK","negative_CXCR5low_Naive_B"
"CXCR5low_Naive_B__HP1BP3","Factor3",0.899360918385388,"CXCR5low_Naive_B","positive","HP1BP3","positive_CXCR5low_Naive_B"
"CXCR5low_Naive_B__HSP90AB1","Factor3",1.55861420924931,"CXCR5low_Naive_B","positive","HSP90AB1","positive_CXCR5low_Naive_B"
"CXCR5low_Naive_B__HSP90B1","Factor3",-1.35280766269385,"CXCR5low_Naive_B","negative","HSP90B1","negative_CXCR5low_Naive_B"
"CXCR5low_Naive_B__IFNGR2","Factor3",0.84180292454835,"CXCR5low_Naive_B","positive","IFNGR2","positive_CXCR5low_Naive_B"
"CXCR5low_Naive_B__IGHD","Factor3",1.65231952823827,"CXCR5low_Naive_B","positive","IGHD","positive_CXCR5low_Naive_B"
"CXCR5low_Naive_B__IGHM","Factor3",-1.26292177199288,"CXCR5low_Naive_B","negative","IGHM","negative_CXCR5low_Naive_B"
"CXCR5low_Naive_B__IL2RG","Factor3",2.16848174880469,"CXCR5low_Naive_B","positive","IL2RG","positive_CXCR5low_Naive_B"
"CXCR5low_Naive_B__JMJD1C","Factor3",-1.3343805859082,"CXCR5low_Naive_B","negative","JMJD1C","negative_CXCR5low_Naive_B"
"CXCR5low_Naive_B__JUND","Factor3",0.683518411708496,"CXCR5low_Naive_B","positive","JUND","positive_CXCR5low_Naive_B"
"CXCR5low_Naive_B__JUP","Factor3",-1.12778533538218,"CXCR5low_Naive_B","negative","JUP","negative_CXCR5low_Naive_B"
"CXCR5low_Naive_B__LBR","Factor3",-1.13590860949822,"CXCR5low_Naive_B","negative","LBR","negative_CXCR5low_Naive_B"
"CXCR5low_Naive_B__LIMD2","Factor3",-1.34180653522379,"CXCR5low_Naive_B","negative","LIMD2","negative_CXCR5low_Naive_B"
"CXCR5low_Naive_B__LSM7","Factor3",0.81027876250189,"CXCR5low_Naive_B","positive","LSM7","positive_CXCR5low_Naive_B"
"CXCR5low_Naive_B__LTB","Factor3",1.66482455184937,"CXCR5low_Naive_B","positive","LTB","positive_CXCR5low_Naive_B"
"CXCR5low_Naive_B__LY6E","Factor3",0.718295229266596,"CXCR5low_Naive_B","positive","LY6E","positive_CXCR5low_Naive_B"
"CXCR5low_Naive_B__LY86","Factor3",1.54225200843343,"CXCR5low_Naive_B","positive","LY86","positive_CXCR5low_Naive_B"
"CXCR5low_Naive_B__LYN","Factor3",-0.893261156227938,"CXCR5low_Naive_B","negative","LYN","negative_CXCR5low_Naive_B"
"CXCR5low_Naive_B__MALAT1","Factor3",-1.25565892906202,"CXCR5low_Naive_B","negative","MALAT1","negative_CXCR5low_Naive_B"
"CXCR5low_Naive_B__MAP1LC3B","Factor3",-0.852855688924046,"CXCR5low_Naive_B","negative","MAP1LC3B","negative_CXCR5low_Naive_B"
"CXCR5low_Naive_B__MARCH1","Factor3",0.951228476490976,"CXCR5low_Naive_B","positive","MARCH1","positive_CXCR5low_Naive_B"
"CXCR5low_Naive_B__MEF2C","Factor3",1.11256403833726,"CXCR5low_Naive_B","positive","MEF2C","positive_CXCR5low_Naive_B"
"CXCR5low_Naive_B__MORF4L1","Factor3",-1.25354437841275,"CXCR5low_Naive_B","negative","MORF4L1","negative_CXCR5low_Naive_B"
"CXCR5low_Naive_B__MT.CO1","Factor3",-1.3865567641942,"CXCR5low_Naive_B","negative","MT.CO1","negative_CXCR5low_Naive_B"
"CXCR5low_Naive_B__MT.ND5","Factor3",0.727727910169256,"CXCR5low_Naive_B","positive","MT.ND5","positive_CXCR5low_Naive_B"
"CXCR5low_Naive_B__MT.ND6","Factor3",0.741301205922479,"CXCR5low_Naive_B","positive","MT.ND6","positive_CXCR5low_Naive_B"
"CXCR5low_Naive_B__MTSS1","Factor3",1.25660722107326,"CXCR5low_Naive_B","positive","MTSS1","positive_CXCR5low_Naive_B"
"CXCR5low_Naive_B__MYCBP2","Factor3",1.37152895730041,"CXCR5low_Naive_B","positive","MYCBP2","positive_CXCR5low_Naive_B"
"CXCR5low_Naive_B__MYL12A","Factor3",-0.877155819902556,"CXCR5low_Naive_B","negative","MYL12A","negative_CXCR5low_Naive_B"
"CXCR5low_Naive_B__MZB1","Factor3",-1.67052331970306,"CXCR5low_Naive_B","negative","MZB1","negative_CXCR5low_Naive_B"
"CXCR5low_Naive_B__NAP1L1","Factor3",1.22540009603913,"CXCR5low_Naive_B","positive","NAP1L1","positive_CXCR5low_Naive_B"
"CXCR5low_Naive_B__NCOA3","Factor3",1.14171395271586,"CXCR5low_Naive_B","positive","NCOA3","positive_CXCR5low_Naive_B"
"CXCR5low_Naive_B__NDUFA11","Factor3",-1.27242040210611,"CXCR5low_Naive_B","negative","NDUFA11","negative_CXCR5low_Naive_B"
"CXCR5low_Naive_B__NDUFB11","Factor3",0.871892329291192,"CXCR5low_Naive_B","positive","NDUFB11","positive_CXCR5low_Naive_B"
"CXCR5low_Naive_B__NME2","Factor3",1.54248522993586,"CXCR5low_Naive_B","positive","NME2","positive_CXCR5low_Naive_B"
"CXCR5low_Naive_B__NOP53","Factor3",1.51831427205649,"CXCR5low_Naive_B","positive","NOP53","positive_CXCR5low_Naive_B"
"CXCR5low_Naive_B__OSBPL10","Factor3",0.977445127931687,"CXCR5low_Naive_B","positive","OSBPL10","positive_CXCR5low_Naive_B"
"CXCR5low_Naive_B__PABPN1","Factor3",-1.72627090313896,"CXCR5low_Naive_B","negative","PABPN1","negative_CXCR5low_Naive_B"
"CXCR5low_Naive_B__PAK2","Factor3",-1.93107850894221,"CXCR5low_Naive_B","negative","PAK2","negative_CXCR5low_Naive_B"
"CXCR5low_Naive_B__PCDH9","Factor3",-0.876473068006139,"CXCR5low_Naive_B","negative","PCDH9","negative_CXCR5low_Naive_B"
"CXCR5low_Naive_B__PDE4D","Factor3",-1.23285331839865,"CXCR5low_Naive_B","negative","PDE4D","negative_CXCR5low_Naive_B"
"CXCR5low_Naive_B__PLAC8","Factor3",1.25567793652142,"CXCR5low_Naive_B","positive","PLAC8","positive_CXCR5low_Naive_B"
"CXCR5low_Naive_B__PLP2","Factor3",0.915899199646772,"CXCR5low_Naive_B","positive","PLP2","positive_CXCR5low_Naive_B"
"CXCR5low_Naive_B__PNISR","Factor3",-0.809971988600507,"CXCR5low_Naive_B","negative","PNISR","negative_CXCR5low_Naive_B"
"CXCR5low_Naive_B__PNRC1","Factor3",0.677928497686306,"CXCR5low_Naive_B","positive","PNRC1","positive_CXCR5low_Naive_B"
"CXCR5low_Naive_B__PPP1CA","Factor3",1.31100066311271,"CXCR5low_Naive_B","positive","PPP1CA","positive_CXCR5low_Naive_B"
"CXCR5low_Naive_B__PSMB10","Factor3",-1.11040841773858,"CXCR5low_Naive_B","negative","PSMB10","negative_CXCR5low_Naive_B"
"CXCR5low_Naive_B__PSME1","Factor3",-1.53528016824278,"CXCR5low_Naive_B","negative","PSME1","negative_CXCR5low_Naive_B"
"CXCR5low_Naive_B__PTEN","Factor3",-1.34793519286099,"CXCR5low_Naive_B","negative","PTEN","negative_CXCR5low_Naive_B"
"CXCR5low_Naive_B__PTMA","Factor3",-1.97766016364092,"CXCR5low_Naive_B","negative","PTMA","negative_CXCR5low_Naive_B"
"CXCR5low_Naive_B__PTP4A2","Factor3",-1.02097917169491,"CXCR5low_Naive_B","negative","PTP4A2","negative_CXCR5low_Naive_B"
"CXCR5low_Naive_B__RAB11A","Factor3",2.36021258822884,"CXCR5low_Naive_B","positive","RAB11A","positive_CXCR5low_Naive_B"
"CXCR5low_Naive_B__RAC2","Factor3",0.847626360594972,"CXCR5low_Naive_B","positive","RAC2","positive_CXCR5low_Naive_B"
"CXCR5low_Naive_B__RAP1B","Factor3",0.726233360803914,"CXCR5low_Naive_B","positive","RAP1B","positive_CXCR5low_Naive_B"
"CXCR5low_Naive_B__RBBP4","Factor3",-1.15777117041594,"CXCR5low_Naive_B","negative","RBBP4","negative_CXCR5low_Naive_B"
"CXCR5low_Naive_B__RBM39","Factor3",0.649602356334297,"CXCR5low_Naive_B","positive","RBM39","positive_CXCR5low_Naive_B"
"CXCR5low_Naive_B__RGS19","Factor3",-1.38278973326437,"CXCR5low_Naive_B","negative","RGS19","negative_CXCR5low_Naive_B"
"CXCR5low_Naive_B__RHOA","Factor3",-1.00189643723541,"CXCR5low_Naive_B","negative","RHOA","negative_CXCR5low_Naive_B"
"CXCR5low_Naive_B__SCAF11","Factor3",-1.25185619249932,"CXCR5low_Naive_B","negative","SCAF11","negative_CXCR5low_Naive_B"
"CXCR5low_Naive_B__SELENOF","Factor3",1.2307491016502,"CXCR5low_Naive_B","positive","SELENOF","positive_CXCR5low_Naive_B"
"CXCR5low_Naive_B__SEPTIN6","Factor3",-1.01650943792785,"CXCR5low_Naive_B","negative","SEPTIN6","negative_CXCR5low_Naive_B"
"CXCR5low_Naive_B__SERF2","Factor3",0.742316792875174,"CXCR5low_Naive_B","positive","SERF2","positive_CXCR5low_Naive_B"
"CXCR5low_Naive_B__SF1","Factor3",0.913507784018399,"CXCR5low_Naive_B","positive","SF1","positive_CXCR5low_Naive_B"
"CXCR5low_Naive_B__SF3B1","Factor3",-1.56343772943247,"CXCR5low_Naive_B","negative","SF3B1","negative_CXCR5low_Naive_B"
"CXCR5low_Naive_B__SH3BGRL","Factor3",-2.36555072994957,"CXCR5low_Naive_B","negative","SH3BGRL","negative_CXCR5low_Naive_B"
"CXCR5low_Naive_B__SH3BGRL3","Factor3",-1.39647590026511,"CXCR5low_Naive_B","negative","SH3BGRL3","negative_CXCR5low_Naive_B"
"CXCR5low_Naive_B__SKP1","Factor3",-1.2650702390615,"CXCR5low_Naive_B","negative","SKP1","negative_CXCR5low_Naive_B"
"CXCR5low_Naive_B__SLC25A6","Factor3",1.09143887605861,"CXCR5low_Naive_B","positive","SLC25A6","positive_CXCR5low_Naive_B"
"CXCR5low_Naive_B__SNHG29","Factor3",1.598477172603,"CXCR5low_Naive_B","positive","SNHG29","positive_CXCR5low_Naive_B"
"CXCR5low_Naive_B__SNHG6","Factor3",0.655132844067762,"CXCR5low_Naive_B","positive","SNHG6","positive_CXCR5low_Naive_B"
"CXCR5low_Naive_B__SNRPD2","Factor3",0.982041150295355,"CXCR5low_Naive_B","positive","SNRPD2","positive_CXCR5low_Naive_B"
"CXCR5low_Naive_B__SNU13","Factor3",-1.14144008152028,"CXCR5low_Naive_B","negative","SNU13","negative_CXCR5low_Naive_B"
"CXCR5low_Naive_B__SNX2","Factor3",1.36926889034673,"CXCR5low_Naive_B","positive","SNX2","positive_CXCR5low_Naive_B"
"CXCR5low_Naive_B__SON","Factor3",0.887694305043291,"CXCR5low_Naive_B","positive","SON","positive_CXCR5low_Naive_B"
"CXCR5low_Naive_B__SOX4","Factor3",-0.903579324939466,"CXCR5low_Naive_B","negative","SOX4","negative_CXCR5low_Naive_B"
"CXCR5low_Naive_B__SP110","Factor3",-1.29546664595092,"CXCR5low_Naive_B","negative","SP110","negative_CXCR5low_Naive_B"
"CXCR5low_Naive_B__SP140","Factor3",1.19821635230677,"CXCR5low_Naive_B","positive","SP140","positive_CXCR5low_Naive_B"
"CXCR5low_Naive_B__SRRM1","Factor3",-1.24578173242606,"CXCR5low_Naive_B","negative","SRRM1","negative_CXCR5low_Naive_B"
"CXCR5low_Naive_B__SRSF2","Factor3",-0.941305132862796,"CXCR5low_Naive_B","negative","SRSF2","negative_CXCR5low_Naive_B"
"CXCR5low_Naive_B__SRSF3","Factor3",-1.20065954719138,"CXCR5low_Naive_B","negative","SRSF3","negative_CXCR5low_Naive_B"
"CXCR5low_Naive_B__SSH2","Factor3",0.939459278881783,"CXCR5low_Naive_B","positive","SSH2","positive_CXCR5low_Naive_B"
"CXCR5low_Naive_B__SSR4","Factor3",1.71281768372606,"CXCR5low_Naive_B","positive","SSR4","positive_CXCR5low_Naive_B"
"CXCR5low_Naive_B__STK17B","Factor3",-0.962616973167658,"CXCR5low_Naive_B","negative","STK17B","negative_CXCR5low_Naive_B"
"CXCR5low_Naive_B__STK4","Factor3",-0.83113698732025,"CXCR5low_Naive_B","negative","STK4","negative_CXCR5low_Naive_B"
"CXCR5low_Naive_B__TAGAP","Factor3",1.08125630871523,"CXCR5low_Naive_B","positive","TAGAP","positive_CXCR5low_Naive_B"
"CXCR5low_Naive_B__TAGLN2","Factor3",1.42816400472287,"CXCR5low_Naive_B","positive","TAGLN2","positive_CXCR5low_Naive_B"
"CXCR5low_Naive_B__TAPBP","Factor3",1.46518192113391,"CXCR5low_Naive_B","positive","TAPBP","positive_CXCR5low_Naive_B"
"CXCR5low_Naive_B__TBC1D1","Factor3",-1.99416096152495,"CXCR5low_Naive_B","negative","TBC1D1","negative_CXCR5low_Naive_B"
"CXCR5low_Naive_B__TCL1A","Factor3",-1.32676270979445,"CXCR5low_Naive_B","negative","TCL1A","negative_CXCR5low_Naive_B"
"CXCR5low_Naive_B__TMA7","Factor3",-1.09142856246719,"CXCR5low_Naive_B","negative","TMA7","negative_CXCR5low_Naive_B"
"CXCR5low_Naive_B__TMSB10","Factor3",-1.95557335946139,"CXCR5low_Naive_B","negative","TMSB10","negative_CXCR5low_Naive_B"
"CXCR5low_Naive_B__TMSB4X","Factor3",-1.50453186141458,"CXCR5low_Naive_B","negative","TMSB4X","negative_CXCR5low_Naive_B"
"CXCR5low_Naive_B__TOMM6","Factor3",-0.927473061673137,"CXCR5low_Naive_B","negative","TOMM6","negative_CXCR5low_Naive_B"
"CXCR5low_Naive_B__TPD52","Factor3",1.27132821878555,"CXCR5low_Naive_B","positive","TPD52","positive_CXCR5low_Naive_B"
"CXCR5low_Naive_B__TPT1","Factor3",0.714442049175777,"CXCR5low_Naive_B","positive","TPT1","positive_CXCR5low_Naive_B"
"CXCR5low_Naive_B__TRIR","Factor3",0.73974191958632,"CXCR5low_Naive_B","positive","TRIR","positive_CXCR5low_Naive_B"
"CXCR5low_Naive_B__TRMT112","Factor3",0.829178839552304,"CXCR5low_Naive_B","positive","TRMT112","positive_CXCR5low_Naive_B"
"CXCR5low_Naive_B__TSPAN13","Factor3",1.09083873735698,"CXCR5low_Naive_B","positive","TSPAN13","positive_CXCR5low_Naive_B"
"CXCR5low_Naive_B__UBA52","Factor3",1.19605476095279,"CXCR5low_Naive_B","positive","UBA52","positive_CXCR5low_Naive_B"
"CXCR5low_Naive_B__UBE2D2","Factor3",-1.80688754286507,"CXCR5low_Naive_B","negative","UBE2D2","negative_CXCR5low_Naive_B"
"CXCR5low_Naive_B__UBE2E2","Factor3",-0.809256379720737,"CXCR5low_Naive_B","negative","UBE2E2","negative_CXCR5low_Naive_B"
"CXCR5low_Naive_B__UBE2J1","Factor3",-1.69977473174851,"CXCR5low_Naive_B","negative","UBE2J1","negative_CXCR5low_Naive_B"
"CXCR5low_Naive_B__UQCRB","Factor3",1.0560317588436,"CXCR5low_Naive_B","positive","UQCRB","positive_CXCR5low_Naive_B"
"CXCR5low_Naive_B__USP3","Factor3",0.76469879525145,"CXCR5low_Naive_B","positive","USP3","positive_CXCR5low_Naive_B"
"CXCR5low_Naive_B__UVRAG","Factor3",-0.825903975608599,"CXCR5low_Naive_B","negative","UVRAG","negative_CXCR5low_Naive_B"
"CXCR5low_Naive_B__UXT","Factor3",1.08246730568187,"CXCR5low_Naive_B","positive","UXT","positive_CXCR5low_Naive_B"
"CXCR5low_Naive_B__WASF2","Factor3",-0.88630206607854,"CXCR5low_Naive_B","negative","WASF2","negative_CXCR5low_Naive_B"
"CXCR5low_Naive_B__WASHC4","Factor3",-0.906471108619292,"CXCR5low_Naive_B","negative","WASHC4","negative_CXCR5low_Naive_B"
"CXCR5low_Naive_B__YBX1","Factor3",1.76794581615251,"CXCR5low_Naive_B","positive","YBX1","positive_CXCR5low_Naive_B"
"CXCR5low_Naive_B__YPEL3","Factor3",0.801342701558191,"CXCR5low_Naive_B","positive","YPEL3","positive_CXCR5low_Naive_B"
"CXCR5low_Naive_B__YPEL5","Factor3",-1.84552534216206,"CXCR5low_Naive_B","negative","YPEL5","negative_CXCR5low_Naive_B"
"CXCR5low_Naive_B__YWHAB","Factor3",0.874684710001831,"CXCR5low_Naive_B","positive","YWHAB","positive_CXCR5low_Naive_B"
"CXCR5low_Naive_B__YWHAZ","Factor3",-1.52449490675572,"CXCR5low_Naive_B","negative","YWHAZ","negative_CXCR5low_Naive_B"
"CXCR5low_Naive_B__ZEB2","Factor3",-0.845473761657541,"CXCR5low_Naive_B","negative","ZEB2","negative_CXCR5low_Naive_B"
"CXCR5low_Naive_B__ZFP36L2","Factor3",-1.08530826027123,"CXCR5low_Naive_B","negative","ZFP36L2","negative_CXCR5low_Naive_B"
"CXCR6._NK__ABRACL","Factor3",-0.0633620599324945,"CXCR6x_NK","negative","ABRACL","negative_CXCR6x_NK"
"CXCR6._NK__AC092821.3","Factor3",1.24223224775082,"CXCR6x_NK","positive","AC092821.3","positive_CXCR6x_NK"
"CXCR6._NK__ACTB","Factor3",1.3992167877001,"CXCR6x_NK","positive","ACTB","positive_CXCR6x_NK"
"CXCR6._NK__ADGRE5","Factor3",1.40972454724512,"CXCR6x_NK","positive","ADGRE5","positive_CXCR6x_NK"
"CXCR6._NK__ALOX5AP","Factor3",-1.14960465675684,"CXCR6x_NK","negative","ALOX5AP","negative_CXCR6x_NK"
"CXCR6._NK__ANP32A","Factor3",1.26608875903794,"CXCR6x_NK","positive","ANP32A","positive_CXCR6x_NK"
"CXCR6._NK__ANXA6","Factor3",2.11398029234476,"CXCR6x_NK","positive","ANXA6","positive_CXCR6x_NK"
"CXCR6._NK__AOAH","Factor3",-0.818082412575939,"CXCR6x_NK","negative","AOAH","negative_CXCR6x_NK"
"CXCR6._NK__APMAP","Factor3",-0.631275312092705,"CXCR6x_NK","negative","APMAP","negative_CXCR6x_NK"
"CXCR6._NK__APOBEC3G","Factor3",-0.199214376839802,"CXCR6x_NK","negative","APOBEC3G","negative_CXCR6x_NK"
"CXCR6._NK__APRT","Factor3",-0.109756144336347,"CXCR6x_NK","negative","APRT","negative_CXCR6x_NK"
"CXCR6._NK__ARF1","Factor3",-0.814479257728439,"CXCR6x_NK","negative","ARF1","negative_CXCR6x_NK"
"CXCR6._NK__ARHGAP9","Factor3",1.10170133802654,"CXCR6x_NK","positive","ARHGAP9","positive_CXCR6x_NK"
"CXCR6._NK__ARHGDIA","Factor3",1.28129702210423,"CXCR6x_NK","positive","ARHGDIA","positive_CXCR6x_NK"
"CXCR6._NK__ARHGEF1","Factor3",-0.0790863181748937,"CXCR6x_NK","negative","ARHGEF1","negative_CXCR6x_NK"
"CXCR6._NK__ARPC4","Factor3",1.12621595700334,"CXCR6x_NK","positive","ARPC4","positive_CXCR6x_NK"
"CXCR6._NK__ARPC5L","Factor3",1.40011797012189,"CXCR6x_NK","positive","ARPC5L","positive_CXCR6x_NK"
"CXCR6._NK__ATP5F1D","Factor3",1.19959051164506,"CXCR6x_NK","positive","ATP5F1D","positive_CXCR6x_NK"
"CXCR6._NK__ATP5MD","Factor3",1.09402421023021,"CXCR6x_NK","positive","ATP5MD","positive_CXCR6x_NK"
"CXCR6._NK__ATP5MF","Factor3",1.06878800971733,"CXCR6x_NK","positive","ATP5MF","positive_CXCR6x_NK"
"CXCR6._NK__BANF1","Factor3",1.38054116098837,"CXCR6x_NK","positive","BANF1","positive_CXCR6x_NK"
"CXCR6._NK__BTG1","Factor3",-0.659664214584218,"CXCR6x_NK","negative","BTG1","negative_CXCR6x_NK"
"CXCR6._NK__CALM1","Factor3",1.04298277508055,"CXCR6x_NK","positive","CALM1","positive_CXCR6x_NK"
"CXCR6._NK__CALM2","Factor3",1.27793255727503,"CXCR6x_NK","positive","CALM2","positive_CXCR6x_NK"
"CXCR6._NK__CAP1","Factor3",1.30430036860849,"CXCR6x_NK","positive","CAP1","positive_CXCR6x_NK"
"CXCR6._NK__CCL3","Factor3",-0.884992824542664,"CXCR6x_NK","negative","CCL3","negative_CXCR6x_NK"
"CXCR6._NK__CCL4","Factor3",-0.547247550267805,"CXCR6x_NK","negative","CCL4","negative_CXCR6x_NK"
"CXCR6._NK__CCL5","Factor3",-0.488948465550139,"CXCR6x_NK","negative","CCL5","negative_CXCR6x_NK"
"CXCR6._NK__CCNH","Factor3",-0.21634447625707,"CXCR6x_NK","negative","CCNH","negative_CXCR6x_NK"
"CXCR6._NK__CCNI","Factor3",1.22497592809867,"CXCR6x_NK","positive","CCNI","positive_CXCR6x_NK"
"CXCR6._NK__CD48","Factor3",-0.0498515832165497,"CXCR6x_NK","negative","CD48","negative_CXCR6x_NK"
"CXCR6._NK__CD53","Factor3",-0.52053586093128,"CXCR6x_NK","negative","CD53","negative_CXCR6x_NK"
"CXCR6._NK__CD69","Factor3",-0.556877159787226,"CXCR6x_NK","negative","CD69","negative_CXCR6x_NK"
"CXCR6._NK__CD7","Factor3",-0.2458374348754,"CXCR6x_NK","negative","CD7","negative_CXCR6x_NK"
"CXCR6._NK__CD74","Factor3",1.05181332188802,"CXCR6x_NK","positive","CD74","positive_CXCR6x_NK"
"CXCR6._NK__CDC42","Factor3",1.60510758409977,"CXCR6x_NK","positive","CDC42","positive_CXCR6x_NK"
"CXCR6._NK__CEBPD","Factor3",-0.744850573948685,"CXCR6x_NK","negative","CEBPD","negative_CXCR6x_NK"
"CXCR6._NK__CFL1","Factor3",1.74993328395087,"CXCR6x_NK","positive","CFL1","positive_CXCR6x_NK"
"CXCR6._NK__CFLAR","Factor3",-0.034518567203844,"CXCR6x_NK","negative","CFLAR","negative_CXCR6x_NK"
"CXCR6._NK__CHST12","Factor3",-0.215663996887156,"CXCR6x_NK","negative","CHST12","negative_CXCR6x_NK"
"CXCR6._NK__CKLF","Factor3",-0.791326511779352,"CXCR6x_NK","negative","CKLF","negative_CXCR6x_NK"
"CXCR6._NK__CLEC2B","Factor3",-1.21337388129626,"CXCR6x_NK","negative","CLEC2B","negative_CXCR6x_NK"
"CXCR6._NK__CLIC3","Factor3",-0.865573658696561,"CXCR6x_NK","negative","CLIC3","negative_CXCR6x_NK"
"CXCR6._NK__CMC1","Factor3",-0.672897118189888,"CXCR6x_NK","negative","CMC1","negative_CXCR6x_NK"
"CXCR6._NK__COMMD6","Factor3",-0.153421180042172,"CXCR6x_NK","negative","COMMD6","negative_CXCR6x_NK"
"CXCR6._NK__COPE","Factor3",1.11900863917599,"CXCR6x_NK","positive","COPE","positive_CXCR6x_NK"
"CXCR6._NK__COX5A","Factor3",1.12838030667033,"CXCR6x_NK","positive","COX5A","positive_CXCR6x_NK"
"CXCR6._NK__COX8A","Factor3",1.51941119374607,"CXCR6x_NK","positive","COX8A","positive_CXCR6x_NK"
"CXCR6._NK__CSK","Factor3",1.18311372103609,"CXCR6x_NK","positive","CSK","positive_CXCR6x_NK"
"CXCR6._NK__CSTB","Factor3",-0.829788753436582,"CXCR6x_NK","negative","CSTB","negative_CXCR6x_NK"
"CXCR6._NK__CTSD","Factor3",-0.489711876490349,"CXCR6x_NK","negative","CTSD","negative_CXCR6x_NK"
"CXCR6._NK__CTSW","Factor3",1.13133205851943,"CXCR6x_NK","positive","CTSW","positive_CXCR6x_NK"
"CXCR6._NK__CUTA","Factor3",-0.0549459930469348,"CXCR6x_NK","negative","CUTA","negative_CXCR6x_NK"
"CXCR6._NK__CYTIP","Factor3",-0.778767067813285,"CXCR6x_NK","negative","CYTIP","negative_CXCR6x_NK"
"CXCR6._NK__DAZAP2","Factor3",1.4937240931091,"CXCR6x_NK","positive","DAZAP2","positive_CXCR6x_NK"
"CXCR6._NK__DBI","Factor3",1.22453190712368,"CXCR6x_NK","positive","DBI","positive_CXCR6x_NK"
"CXCR6._NK__DDX5","Factor3",-0.352576220554721,"CXCR6x_NK","negative","DDX5","negative_CXCR6x_NK"
"CXCR6._NK__DENND2D","Factor3",-0.704085169799268,"CXCR6x_NK","negative","DENND2D","negative_CXCR6x_NK"
"CXCR6._NK__DYNLL1","Factor3",1.36799775363155,"CXCR6x_NK","positive","DYNLL1","positive_CXCR6x_NK"
"CXCR6._NK__EEF1A1","Factor3",-0.31910415356713,"CXCR6x_NK","negative","EEF1A1","negative_CXCR6x_NK"
"CXCR6._NK__EEF1B2","Factor3",-0.0349328473530648,"CXCR6x_NK","negative","EEF1B2","negative_CXCR6x_NK"
"CXCR6._NK__EEF1G","Factor3",-0.503956420386883,"CXCR6x_NK","negative","EEF1G","negative_CXCR6x_NK"
"CXCR6._NK__EIF1","Factor3",-0.310528583059978,"CXCR6x_NK","negative","EIF1","negative_CXCR6x_NK"
"CXCR6._NK__EIF3G","Factor3",-0.460645255720593,"CXCR6x_NK","negative","EIF3G","negative_CXCR6x_NK"
"CXCR6._NK__EIF4A1","Factor3",1.25128751923854,"CXCR6x_NK","positive","EIF4A1","positive_CXCR6x_NK"
"CXCR6._NK__EIF4A2","Factor3",-0.240809758836442,"CXCR6x_NK","negative","EIF4A2","negative_CXCR6x_NK"
"CXCR6._NK__EIF5A","Factor3",2.19080856346307,"CXCR6x_NK","positive","EIF5A","positive_CXCR6x_NK"
"CXCR6._NK__ENO1","Factor3",1.43758704413097,"CXCR6x_NK","positive","ENO1","positive_CXCR6x_NK"
"CXCR6._NK__EVL","Factor3",-0.739775124427817,"CXCR6x_NK","negative","EVL","negative_CXCR6x_NK"
"CXCR6._NK__FCER1G","Factor3",-0.369406714378734,"CXCR6x_NK","negative","FCER1G","negative_CXCR6x_NK"
"CXCR6._NK__FCMR","Factor3",-0.23332753295023,"CXCR6x_NK","negative","FCMR","negative_CXCR6x_NK"
"CXCR6._NK__FUS","Factor3",1.83488306031817,"CXCR6x_NK","positive","FUS","positive_CXCR6x_NK"
"CXCR6._NK__FYB1","Factor3",-0.239688255174303,"CXCR6x_NK","negative","FYB1","negative_CXCR6x_NK"
"CXCR6._NK__GAPDH","Factor3",1.13589448571675,"CXCR6x_NK","positive","GAPDH","positive_CXCR6x_NK"
"CXCR6._NK__GNAS","Factor3",1.14320539270188,"CXCR6x_NK","positive","GNAS","positive_CXCR6x_NK"
"CXCR6._NK__GNG5","Factor3",1.35202644539504,"CXCR6x_NK","positive","GNG5","positive_CXCR6x_NK"
"CXCR6._NK__GPSM3","Factor3",-0.379032514760934,"CXCR6x_NK","negative","GPSM3","negative_CXCR6x_NK"
"CXCR6._NK__GSTP1","Factor3",-0.489078751438937,"CXCR6x_NK","negative","GSTP1","negative_CXCR6x_NK"
"CXCR6._NK__GUK1","Factor3",1.63758770089807,"CXCR6x_NK","positive","GUK1","positive_CXCR6x_NK"
"CXCR6._NK__GZMA","Factor3",-0.341536669313848,"CXCR6x_NK","negative","GZMA","negative_CXCR6x_NK"
"CXCR6._NK__GZMK","Factor3",-0.116056032755488,"CXCR6x_NK","negative","GZMK","negative_CXCR6x_NK"
"CXCR6._NK__GZMM","Factor3",-0.145642314253694,"CXCR6x_NK","negative","GZMM","negative_CXCR6x_NK"
"CXCR6._NK__H2AFV","Factor3",1.62328403812783,"CXCR6x_NK","positive","H2AFV","positive_CXCR6x_NK"
"CXCR6._NK__H2AFZ","Factor3",2.10123306557064,"CXCR6x_NK","positive","H2AFZ","positive_CXCR6x_NK"
"CXCR6._NK__H3F3A","Factor3",1.81699597443479,"CXCR6x_NK","positive","H3F3A","positive_CXCR6x_NK"
"CXCR6._NK__HLA.A","Factor3",1.05392055780422,"CXCR6x_NK","positive","HLA.A","positive_CXCR6x_NK"
"CXCR6._NK__HMGB1","Factor3",1.50785069272522,"CXCR6x_NK","positive","HMGB1","positive_CXCR6x_NK"
"CXCR6._NK__HMGN1","Factor3",1.13800967657015,"CXCR6x_NK","positive","HMGN1","positive_CXCR6x_NK"
"CXCR6._NK__HMGN2","Factor3",1.83464179467129,"CXCR6x_NK","positive","HMGN2","positive_CXCR6x_NK"
"CXCR6._NK__HNRNPA1","Factor3",1.14408026774916,"CXCR6x_NK","positive","HNRNPA1","positive_CXCR6x_NK"
"CXCR6._NK__HNRNPA2B1","Factor3",2.11550899842015,"CXCR6x_NK","positive","HNRNPA2B1","positive_CXCR6x_NK"
"CXCR6._NK__HNRNPA3","Factor3",-0.244081275903467,"CXCR6x_NK","negative","HNRNPA3","negative_CXCR6x_NK"
"CXCR6._NK__HNRNPC","Factor3",1.83674627356528,"CXCR6x_NK","positive","HNRNPC","positive_CXCR6x_NK"
"CXCR6._NK__HNRNPDL","Factor3",1.16538923611892,"CXCR6x_NK","positive","HNRNPDL","positive_CXCR6x_NK"
"CXCR6._NK__HOPX","Factor3",1.55311466678219,"CXCR6x_NK","positive","HOPX","positive_CXCR6x_NK"
"CXCR6._NK__HSP90AA1","Factor3",1.70646855281607,"CXCR6x_NK","positive","HSP90AA1","positive_CXCR6x_NK"
"CXCR6._NK__HSP90B1","Factor3",1.49547513898146,"CXCR6x_NK","positive","HSP90B1","positive_CXCR6x_NK"
"CXCR6._NK__HSPA8","Factor3",1.16101930224072,"CXCR6x_NK","positive","HSPA8","positive_CXCR6x_NK"
"CXCR6._NK__ID2","Factor3",1.52341651566381,"CXCR6x_NK","positive","ID2","positive_CXCR6x_NK"
"CXCR6._NK__IFI16","Factor3",1.51971691243864,"CXCR6x_NK","positive","IFI16","positive_CXCR6x_NK"
"CXCR6._NK__IFITM1","Factor3",-0.322639704607969,"CXCR6x_NK","negative","IFITM1","negative_CXCR6x_NK"
"CXCR6._NK__IKZF3","Factor3",-0.716070777614815,"CXCR6x_NK","negative","IKZF3","negative_CXCR6x_NK"
"CXCR6._NK__IL16","Factor3",-0.0996794511527627,"CXCR6x_NK","negative","IL16","negative_CXCR6x_NK"
"CXCR6._NK__IL2RB","Factor3",-0.326091638937126,"CXCR6x_NK","negative","IL2RB","negative_CXCR6x_NK"
"CXCR6._NK__IL2RG","Factor3",-0.27682852313004,"CXCR6x_NK","negative","IL2RG","negative_CXCR6x_NK"
"CXCR6._NK__IQGAP1","Factor3",1.78463359029537,"CXCR6x_NK","positive","IQGAP1","positive_CXCR6x_NK"
"CXCR6._NK__IRF1","Factor3",1.32077865719033,"CXCR6x_NK","positive","IRF1","positive_CXCR6x_NK"
"CXCR6._NK__ITGB2","Factor3",-0.0950328070891707,"CXCR6x_NK","negative","ITGB2","negative_CXCR6x_NK"
"CXCR6._NK__ITM2B","Factor3",-0.779905566535915,"CXCR6x_NK","negative","ITM2B","negative_CXCR6x_NK"
"CXCR6._NK__JAK1","Factor3",1.53734189654844,"CXCR6x_NK","positive","JAK1","positive_CXCR6x_NK"
"CXCR6._NK__KLRB1","Factor3",-0.599397849115198,"CXCR6x_NK","negative","KLRB1","negative_CXCR6x_NK"
"CXCR6._NK__KLRC1","Factor3",-0.249565793286234,"CXCR6x_NK","negative","KLRC1","negative_CXCR6x_NK"
"CXCR6._NK__KLRD1","Factor3",-0.561840561483916,"CXCR6x_NK","negative","KLRD1","negative_CXCR6x_NK"
"CXCR6._NK__KLRF1","Factor3",-0.102012889253853,"CXCR6x_NK","negative","KLRF1","negative_CXCR6x_NK"
"CXCR6._NK__LCK","Factor3",-0.292382804219725,"CXCR6x_NK","negative","LCK","negative_CXCR6x_NK"
"CXCR6._NK__LCP2","Factor3",-0.961148917032887,"CXCR6x_NK","negative","LCP2","negative_CXCR6x_NK"
"CXCR6._NK__LINC01138","Factor3",-1.01664804321397,"CXCR6x_NK","negative","LINC01138","negative_CXCR6x_NK"
"CXCR6._NK__LINC01578","Factor3",-0.118962971126855,"CXCR6x_NK","negative","LINC01578","negative_CXCR6x_NK"
"CXCR6._NK__MALAT1","Factor3",-0.202018710937086,"CXCR6x_NK","negative","MALAT1","negative_CXCR6x_NK"
"CXCR6._NK__MIF","Factor3",-0.237333247696019,"CXCR6x_NK","negative","MIF","negative_CXCR6x_NK"
"CXCR6._NK__MT.ATP6","Factor3",1.26502409774076,"CXCR6x_NK","positive","MT.ATP6","positive_CXCR6x_NK"
"CXCR6._NK__MT.ATP8","Factor3",1.29834139876175,"CXCR6x_NK","positive","MT.ATP8","positive_CXCR6x_NK"
"CXCR6._NK__MT.ND4L","Factor3",1.28304976288073,"CXCR6x_NK","positive","MT.ND4L","positive_CXCR6x_NK"
"CXCR6._NK__MYL12B","Factor3",-0.551965627285973,"CXCR6x_NK","negative","MYL12B","negative_CXCR6x_NK"
"CXCR6._NK__MYL6","Factor3",-0.885071700726687,"CXCR6x_NK","negative","MYL6","negative_CXCR6x_NK"
"CXCR6._NK__MZT2B","Factor3",1.77342619161918,"CXCR6x_NK","positive","MZT2B","positive_CXCR6x_NK"
"CXCR6._NK__NACA","Factor3",-0.602321225547671,"CXCR6x_NK","negative","NACA","negative_CXCR6x_NK"
"CXCR6._NK__NCL","Factor3",1.30423644152879,"CXCR6x_NK","positive","NCL","positive_CXCR6x_NK"
"CXCR6._NK__NDUFA11","Factor3",1.53983469201205,"CXCR6x_NK","positive","NDUFA11","positive_CXCR6x_NK"
"CXCR6._NK__NDUFB8","Factor3",-0.12944905697276,"CXCR6x_NK","negative","NDUFB8","negative_CXCR6x_NK"
"CXCR6._NK__NKG7","Factor3",-0.445087385203905,"CXCR6x_NK","negative","NKG7","negative_CXCR6x_NK"
"CXCR6._NK__OAZ1","Factor3",1.89874094269269,"CXCR6x_NK","positive","OAZ1","positive_CXCR6x_NK"
"CXCR6._NK__PCBP1","Factor3",1.7915851502449,"CXCR6x_NK","positive","PCBP1","positive_CXCR6x_NK"
"CXCR6._NK__PCED1B.AS1","Factor3",-0.324776781209948,"CXCR6x_NK","negative","PCED1B.AS1","negative_CXCR6x_NK"
"CXCR6._NK__PDE7A","Factor3",-0.0859096509656379,"CXCR6x_NK","negative","PDE7A","negative_CXCR6x_NK"
"CXCR6._NK__PFDN5","Factor3",-0.102007072947955,"CXCR6x_NK","negative","PFDN5","negative_CXCR6x_NK"
"CXCR6._NK__PFN1","Factor3",1.52409194080635,"CXCR6x_NK","positive","PFN1","positive_CXCR6x_NK"
"CXCR6._NK__POLR2G","Factor3",-0.223539137279795,"CXCR6x_NK","negative","POLR2G","negative_CXCR6x_NK"
"CXCR6._NK__POLR2L","Factor3",1.18153028393781,"CXCR6x_NK","positive","POLR2L","positive_CXCR6x_NK"
"CXCR6._NK__PPDPF","Factor3",1.29659373883359,"CXCR6x_NK","positive","PPDPF","positive_CXCR6x_NK"
"CXCR6._NK__PPIA","Factor3",1.59589765042359,"CXCR6x_NK","positive","PPIA","positive_CXCR6x_NK"
"CXCR6._NK__PPP1R18","Factor3",-0.73681954415537,"CXCR6x_NK","negative","PPP1R18","negative_CXCR6x_NK"
"CXCR6._NK__PSMA7","Factor3",-0.426163310873405,"CXCR6x_NK","negative","PSMA7","negative_CXCR6x_NK"
"CXCR6._NK__PSMB1","Factor3",-0.141638931375781,"CXCR6x_NK","negative","PSMB1","negative_CXCR6x_NK"
"CXCR6._NK__PSMB8","Factor3",1.76927143780282,"CXCR6x_NK","positive","PSMB8","positive_CXCR6x_NK"
"CXCR6._NK__PSMB9","Factor3",1.55769253337327,"CXCR6x_NK","positive","PSMB9","positive_CXCR6x_NK"
"CXCR6._NK__PSME1","Factor3",1.18752995282899,"CXCR6x_NK","positive","PSME1","positive_CXCR6x_NK"
"CXCR6._NK__PTMA","Factor3",1.74777030583769,"CXCR6x_NK","positive","PTMA","positive_CXCR6x_NK"
"CXCR6._NK__RAC2","Factor3",1.17028013072187,"CXCR6x_NK","positive","RAC2","positive_CXCR6x_NK"
"CXCR6._NK__RALY","Factor3",1.35048760718888,"CXCR6x_NK","positive","RALY","positive_CXCR6x_NK"
"CXCR6._NK__RBFOX2","Factor3",-0.174567647521828,"CXCR6x_NK","negative","RBFOX2","negative_CXCR6x_NK"
"CXCR6._NK__RHOC","Factor3",-1.12067326182058,"CXCR6x_NK","negative","RHOC","negative_CXCR6x_NK"
"CXCR6._NK__RNASEK","Factor3",-0.944229135683942,"CXCR6x_NK","negative","RNASEK","negative_CXCR6x_NK"
"CXCR6._NK__RSRP1","Factor3",-0.313352311622024,"CXCR6x_NK","negative","RSRP1","negative_CXCR6x_NK"
"CXCR6._NK__S100A10","Factor3",1.76424085537721,"CXCR6x_NK","positive","S100A10","positive_CXCR6x_NK"
"CXCR6._NK__SEPTIN6","Factor3",1.75916390405969,"CXCR6x_NK","positive","SEPTIN6","positive_CXCR6x_NK"
"CXCR6._NK__SERBP1","Factor3",1.51662847056866,"CXCR6x_NK","positive","SERBP1","positive_CXCR6x_NK"
"CXCR6._NK__SET","Factor3",1.24797301110991,"CXCR6x_NK","positive","SET","positive_CXCR6x_NK"
"CXCR6._NK__SF3B1","Factor3",1.46652425314028,"CXCR6x_NK","positive","SF3B1","positive_CXCR6x_NK"
"CXCR6._NK__SFPQ","Factor3",1.33575169651871,"CXCR6x_NK","positive","SFPQ","positive_CXCR6x_NK"
"CXCR6._NK__SH3BGRL3","Factor3",1.23030072444499,"CXCR6x_NK","positive","SH3BGRL3","positive_CXCR6x_NK"
"CXCR6._NK__SLC25A3","Factor3",1.3361861351105,"CXCR6x_NK","positive","SLC25A3","positive_CXCR6x_NK"
"CXCR6._NK__SLC25A5","Factor3",1.13344672407146,"CXCR6x_NK","positive","SLC25A5","positive_CXCR6x_NK"
"CXCR6._NK__SNHG29","Factor3",-0.142309300188672,"CXCR6x_NK","negative","SNHG29","negative_CXCR6x_NK"
"CXCR6._NK__SON","Factor3",-0.193320638947631,"CXCR6x_NK","negative","SON","negative_CXCR6x_NK"
"CXCR6._NK__SRGN","Factor3",-0.276613268938955,"CXCR6x_NK","negative","SRGN","negative_CXCR6x_NK"
"CXCR6._NK__SRP14","Factor3",1.06293141746293,"CXCR6x_NK","positive","SRP14","positive_CXCR6x_NK"
"CXCR6._NK__SRRM2","Factor3",1.29147496700605,"CXCR6x_NK","positive","SRRM2","positive_CXCR6x_NK"
"CXCR6._NK__SRSF2","Factor3",1.72699058912531,"CXCR6x_NK","positive","SRSF2","positive_CXCR6x_NK"
"CXCR6._NK__SRSF3","Factor3",1.90721404897646,"CXCR6x_NK","positive","SRSF3","positive_CXCR6x_NK"
"CXCR6._NK__SRSF5","Factor3",-0.246491527980025,"CXCR6x_NK","negative","SRSF5","negative_CXCR6x_NK"
"CXCR6._NK__SRSF7","Factor3",1.59917950247685,"CXCR6x_NK","positive","SRSF7","positive_CXCR6x_NK"
"CXCR6._NK__STAT4","Factor3",-0.806024045365235,"CXCR6x_NK","negative","STAT4","negative_CXCR6x_NK"
"CXCR6._NK__STK17A","Factor3",-0.727767014833333,"CXCR6x_NK","negative","STK17A","negative_CXCR6x_NK"
"CXCR6._NK__STK17B","Factor3",-0.271028042752406,"CXCR6x_NK","negative","STK17B","negative_CXCR6x_NK"
"CXCR6._NK__STK4","Factor3",1.10346789016674,"CXCR6x_NK","positive","STK4","positive_CXCR6x_NK"
"CXCR6._NK__SUMO2","Factor3",1.59888611932827,"CXCR6x_NK","positive","SUMO2","positive_CXCR6x_NK"
"CXCR6._NK__SYTL3","Factor3",-0.379155621136858,"CXCR6x_NK","negative","SYTL3","negative_CXCR6x_NK"
"CXCR6._NK__TAF10","Factor3",1.27496469070651,"CXCR6x_NK","positive","TAF10","positive_CXCR6x_NK"
"CXCR6._NK__TAGAP","Factor3",-0.226962165056374,"CXCR6x_NK","negative","TAGAP","negative_CXCR6x_NK"
"CXCR6._NK__TEX14","Factor3",-0.71308845333185,"CXCR6x_NK","negative","TEX14","negative_CXCR6x_NK"
"CXCR6._NK__TLN1","Factor3",-0.564644956239866,"CXCR6x_NK","negative","TLN1","negative_CXCR6x_NK"
"CXCR6._NK__TMA7","Factor3",-0.358093769214887,"CXCR6x_NK","negative","TMA7","negative_CXCR6x_NK"
"CXCR6._NK__TMSB10","Factor3",1.41504051503988,"CXCR6x_NK","positive","TMSB10","positive_CXCR6x_NK"
"CXCR6._NK__TMSB4X","Factor3",-0.134670471917418,"CXCR6x_NK","negative","TMSB4X","negative_CXCR6x_NK"
"CXCR6._NK__TOMM7","Factor3",-0.631585769086936,"CXCR6x_NK","negative","TOMM7","negative_CXCR6x_NK"
"CXCR6._NK__TPI1","Factor3",1.12697235625546,"CXCR6x_NK","positive","TPI1","positive_CXCR6x_NK"
"CXCR6._NK__TPM3","Factor3",1.53159142533311,"CXCR6x_NK","positive","TPM3","positive_CXCR6x_NK"
"CXCR6._NK__TRBC1","Factor3",-0.303235937406183,"CXCR6x_NK","negative","TRBC1","negative_CXCR6x_NK"
"CXCR6._NK__TUBB","Factor3",1.81607847497568,"CXCR6x_NK","positive","TUBB","positive_CXCR6x_NK"
"CXCR6._NK__TXK","Factor3",-0.13477912291169,"CXCR6x_NK","negative","TXK","negative_CXCR6x_NK"
"CXCR6._NK__TYROBP","Factor3",-0.153643128811695,"CXCR6x_NK","negative","TYROBP","negative_CXCR6x_NK"
"CXCR6._NK__UBA52","Factor3",1.29985895256889,"CXCR6x_NK","positive","UBA52","positive_CXCR6x_NK"
"CXCR6._NK__UBALD2","Factor3",-0.0727283539874242,"CXCR6x_NK","negative","UBALD2","negative_CXCR6x_NK"
"CXCR6._NK__UBB","Factor3",1.92786937472724,"CXCR6x_NK","positive","UBB","positive_CXCR6x_NK"
"CXCR6._NK__UBE2D3","Factor3",1.33907808689327,"CXCR6x_NK","positive","UBE2D3","positive_CXCR6x_NK"
"CXCR6._NK__UQCR10","Factor3",-0.429749761994963,"CXCR6x_NK","negative","UQCR10","negative_CXCR6x_NK"
"CXCR6._NK__UQCR11","Factor3",-0.890298073786662,"CXCR6x_NK","negative","UQCR11","negative_CXCR6x_NK"
"CXCR6._NK__UQCRB","Factor3",1.04350766160976,"CXCR6x_NK","positive","UQCRB","positive_CXCR6x_NK"
"CXCR6._NK__YBX1","Factor3",1.34539090963282,"CXCR6x_NK","positive","YBX1","positive_CXCR6x_NK"
"DC2__ACAP2","Factor3",1.55831949553364,"DC2","positive","ACAP2","positive_DC2"
"DC2__ADH5","Factor3",-1.50584299367567,"DC2","negative","ADH5","negative_DC2"
"DC2__ADI1","Factor3",-1.55452299320347,"DC2","negative","ADI1","negative_DC2"
"DC2__ADSL","Factor3",-2.09686777931767,"DC2","negative","ADSL","negative_DC2"
"DC2__AIF1","Factor3",-1.97887327941556,"DC2","negative","AIF1","negative_DC2"
"DC2__AK2","Factor3",-1.59891016475297,"DC2","negative","AK2","negative_DC2"
"DC2__ALCAM","Factor3",1.88312547628081,"DC2","positive","ALCAM","positive_DC2"
"DC2__ALDOA","Factor3",-1.68098678846739,"DC2","negative","ALDOA","negative_DC2"
"DC2__ANKRD12","Factor3",2.16474356853816,"DC2","positive","ANKRD12","positive_DC2"
"DC2__ANTXR2","Factor3",1.81458403887975,"DC2","positive","ANTXR2","positive_DC2"
"DC2__AP2S1","Factor3",-2.2629381373854,"DC2","negative","AP2S1","negative_DC2"
"DC2__ARF4","Factor3",-1.50026105257248,"DC2","negative","ARF4","negative_DC2"
"DC2__ARL8B","Factor3",-1.79142183898782,"DC2","negative","ARL8B","negative_DC2"
"DC2__ATF6B","Factor3",-1.7183923918199,"DC2","negative","ATF6B","negative_DC2"
"DC2__ATP5IF1","Factor3",-1.96248567250864,"DC2","negative","ATP5IF1","negative_DC2"
"DC2__ATP5PO","Factor3",-1.76761193394826,"DC2","negative","ATP5PO","negative_DC2"
"DC2__ATXN10","Factor3",1.73680784585146,"DC2","positive","ATXN10","positive_DC2"
"DC2__BACH1","Factor3",1.69416506926555,"DC2","positive","BACH1","positive_DC2"
"DC2__BAX","Factor3",-1.78944742873577,"DC2","negative","BAX","negative_DC2"
"DC2__BNIP2","Factor3",1.97632168925154,"DC2","positive","BNIP2","positive_DC2"
"DC2__C7orf50","Factor3",-1.61421528090372,"DC2","negative","C7orf50","negative_DC2"
"DC2__CAPN2","Factor3",2.15070938836946,"DC2","positive","CAPN2","positive_DC2"
"DC2__CASP1","Factor3",1.69120500830289,"DC2","positive","CASP1","positive_DC2"
"DC2__CAST","Factor3",1.61270900718248,"DC2","positive","CAST","positive_DC2"
"DC2__CCSER1","Factor3",2.23067787481746,"DC2","positive","CCSER1","positive_DC2"
"DC2__CCT4","Factor3",-2.12770744377702,"DC2","negative","CCT4","negative_DC2"
"DC2__CCT7","Factor3",-2.12929979735714,"DC2","negative","CCT7","negative_DC2"
"DC2__CD1C","Factor3",2.13428550599329,"DC2","positive","CD1C","positive_DC2"
"DC2__CD37","Factor3",1.81685534016944,"DC2","positive","CD37","positive_DC2"
"DC2__CD68","Factor3",-1.77640480316657,"DC2","negative","CD68","negative_DC2"
"DC2__CELF1","Factor3",2.4890933206654,"DC2","positive","CELF1","positive_DC2"
"DC2__CHCHD10","Factor3",-2.08861741178131,"DC2","negative","CHCHD10","negative_DC2"
"DC2__CHMP4A","Factor3",-1.51708061399275,"DC2","negative","CHMP4A","negative_DC2"
"DC2__CHPT1","Factor3",-2.0937909794623,"DC2","negative","CHPT1","negative_DC2"
"DC2__CLEC7A","Factor3",-1.75889204551933,"DC2","negative","CLEC7A","negative_DC2"
"DC2__CLTA","Factor3",-1.94318703437748,"DC2","negative","CLTA","negative_DC2"
"DC2__COP1","Factor3",1.55309688257472,"DC2","positive","COP1","positive_DC2"
"DC2__COTL1","Factor3",-1.83474259545612,"DC2","negative","COTL1","negative_DC2"
"DC2__CPVL","Factor3",1.98133089661828,"DC2","positive","CPVL","positive_DC2"
"DC2__CSDE1","Factor3",2.08803824957848,"DC2","positive","CSDE1","positive_DC2"
"DC2__CSTA","Factor3",1.79073816032381,"DC2","positive","CSTA","positive_DC2"
"DC2__CTBP2","Factor3",1.64118537479356,"DC2","positive","CTBP2","positive_DC2"
"DC2__EIF2AK4","Factor3",1.61247478198702,"DC2","positive","EIF2AK4","positive_DC2"
"DC2__EIF4A2","Factor3",2.35297808278386,"DC2","positive","EIF4A2","positive_DC2"
"DC2__EIF5","Factor3",2.32729494239582,"DC2","positive","EIF5","positive_DC2"
"DC2__ENHO","Factor3",1.93002180197021,"DC2","positive","ENHO","positive_DC2"
"DC2__ESD","Factor3",-1.80477326233297,"DC2","negative","ESD","negative_DC2"
"DC2__ETFB","Factor3",-1.88432388331695,"DC2","negative","ETFB","negative_DC2"
"DC2__EVI2B","Factor3",1.59053287617356,"DC2","positive","EVI2B","positive_DC2"
"DC2__FAF1","Factor3",1.96852962899883,"DC2","positive","FAF1","positive_DC2"
"DC2__FBXW7","Factor3",1.72660631131697,"DC2","positive","FBXW7","positive_DC2"
"DC2__FCER1A","Factor3",2.18645485763372,"DC2","positive","FCER1A","positive_DC2"
"DC2__FES","Factor3",1.68095488993608,"DC2","positive","FES","positive_DC2"
"DC2__FKBP1A","Factor3",-1.65617403566299,"DC2","negative","FKBP1A","negative_DC2"
"DC2__FLT3","Factor3",1.92328522920691,"DC2","positive","FLT3","positive_DC2"
"DC2__FRYL","Factor3",1.5589325319132,"DC2","positive","FRYL","positive_DC2"
"DC2__FXYD5","Factor3",2.02857069901042,"DC2","positive","FXYD5","positive_DC2"
"DC2__G3BP2","Factor3",-1.55379192589804,"DC2","negative","G3BP2","negative_DC2"
"DC2__GAPDH","Factor3",-1.94594913770348,"DC2","negative","GAPDH","negative_DC2"
"DC2__GAS5","Factor3",1.60217142612715,"DC2","positive","GAS5","positive_DC2"
"DC2__GTF2B","Factor3",-1.59957409615173,"DC2","negative","GTF2B","negative_DC2"
"DC2__H3F3B","Factor3",-1.52176272722961,"DC2","negative","H3F3B","negative_DC2"
"DC2__HECTD1","Factor3",1.74165366262414,"DC2","positive","HECTD1","positive_DC2"
"DC2__HLA.DMA","Factor3",2.40613642851806,"DC2","positive","HLA.DMA","positive_DC2"
"DC2__HLA.DPA1","Factor3",1.59401366839436,"DC2","positive","HLA.DPA1","positive_DC2"
"DC2__HLA.DPB1","Factor3",2.42660082910338,"DC2","positive","HLA.DPB1","positive_DC2"
"DC2__HLA.DRA","Factor3",1.69715730939641,"DC2","positive","HLA.DRA","positive_DC2"
"DC2__HLA.DRB1","Factor3",1.93969031924155,"DC2","positive","HLA.DRB1","positive_DC2"
"DC2__HNRNPA1","Factor3",-1.59723586349448,"DC2","negative","HNRNPA1","negative_DC2"
"DC2__HNRNPH3","Factor3",2.02919665186422,"DC2","positive","HNRNPH3","positive_DC2"
"DC2__HOOK3","Factor3",2.06909442952721,"DC2","positive","HOOK3","positive_DC2"
"DC2__HSD17B10","Factor3",-1.5489669193488,"DC2","negative","HSD17B10","negative_DC2"
"DC2__ICAM3","Factor3",1.61442068284999,"DC2","positive","ICAM3","positive_DC2"
"DC2__IDH3B","Factor3",-1.66682368554222,"DC2","negative","IDH3B","negative_DC2"
"DC2__IFNGR1","Factor3",-1.63045554211776,"DC2","negative","IFNGR1","negative_DC2"
"DC2__IFNGR2","Factor3",-1.52064406918037,"DC2","negative","IFNGR2","negative_DC2"
"DC2__IL16","Factor3",1.76883352293492,"DC2","positive","IL16","positive_DC2"
"DC2__IQGAP2","Factor3",1.60336758958968,"DC2","positive","IQGAP2","positive_DC2"
"DC2__ITM2B","Factor3",-1.80268617906233,"DC2","negative","ITM2B","negative_DC2"
"DC2__JAK1","Factor3",1.64091653065618,"DC2","positive","JAK1","positive_DC2"
"DC2__JPT1","Factor3",-1.57203259911891,"DC2","negative","JPT1","negative_DC2"
"DC2__KDELR2","Factor3",-1.79009571383782,"DC2","negative","KDELR2","negative_DC2"
"DC2__KDM2A","Factor3",1.6421528180662,"DC2","positive","KDM2A","positive_DC2"
"DC2__KRT10","Factor3",1.75966357329317,"DC2","positive","KRT10","positive_DC2"
"DC2__LGALS2","Factor3",1.86344739256083,"DC2","positive","LGALS2","positive_DC2"
"DC2__LILRA2","Factor3",1.76584528394253,"DC2","positive","LILRA2","positive_DC2"
"DC2__LMBRD1","Factor3",1.66246417620243,"DC2","positive","LMBRD1","positive_DC2"
"DC2__LRPAP1","Factor3",-1.78772094224052,"DC2","negative","LRPAP1","negative_DC2"
"DC2__LRRK2","Factor3",-1.70532043789682,"DC2","negative","LRRK2","negative_DC2"
"DC2__LTBR","Factor3",-1.97841107761502,"DC2","negative","LTBR","negative_DC2"
"DC2__LY86","Factor3",2.16265338830628,"DC2","positive","LY86","positive_DC2"
"DC2__LYST","Factor3",1.89372698765418,"DC2","positive","LYST","positive_DC2"
"DC2__MAML3","Factor3",2.14702474199195,"DC2","positive","MAML3","positive_DC2"
"DC2__MAP3K2","Factor3",1.62817562408126,"DC2","positive","MAP3K2","positive_DC2"
"DC2__MBP","Factor3",2.51889316360121,"DC2","positive","MBP","positive_DC2"
"DC2__MDH1","Factor3",-2.05178927345709,"DC2","negative","MDH1","negative_DC2"
"DC2__MEA1","Factor3",-1.54371109868902,"DC2","negative","MEA1","negative_DC2"
"DC2__MLX","Factor3",-2.23747924666314,"DC2","negative","MLX","negative_DC2"
"DC2__MRFAP1","Factor3",-1.75770534937543,"DC2","negative","MRFAP1","negative_DC2"
"DC2__MRPL20","Factor3",-1.51597445835628,"DC2","negative","MRPL20","negative_DC2"
"DC2__MRPL21","Factor3",-1.76245252477426,"DC2","negative","MRPL21","negative_DC2"
"DC2__MRPL4","Factor3",-1.65077568075353,"DC2","negative","MRPL4","negative_DC2"
"DC2__MRPS21","Factor3",-1.90899198693847,"DC2","negative","MRPS21","negative_DC2"
"DC2__MRPS36","Factor3",-1.84190852087452,"DC2","negative","MRPS36","negative_DC2"
"DC2__MRPS6","Factor3",-1.51087784850102,"DC2","negative","MRPS6","negative_DC2"
"DC2__MT.ND2","Factor3",1.66818813987414,"DC2","positive","MT.ND2","positive_DC2"
"DC2__MTHFD2","Factor3",-1.85894524667857,"DC2","negative","MTHFD2","negative_DC2"
"DC2__MTPN","Factor3",1.79462512174372,"DC2","positive","MTPN","positive_DC2"
"DC2__MYL12B","Factor3",-1.65067726283567,"DC2","negative","MYL12B","negative_DC2"
"DC2__NDUFS6","Factor3",-1.55618211739104,"DC2","negative","NDUFS6","negative_DC2"
"DC2__NEDD8","Factor3",-1.67105541116343,"DC2","negative","NEDD8","negative_DC2"
"DC2__NOP53","Factor3",1.67276157157427,"DC2","positive","NOP53","positive_DC2"
"DC2__NOP58","Factor3",1.63535098963657,"DC2","positive","NOP58","positive_DC2"
"DC2__NPTN","Factor3",-1.95363115866432,"DC2","negative","NPTN","negative_DC2"
"DC2__NUDC","Factor3",-1.58322058524682,"DC2","negative","NUDC","negative_DC2"
"DC2__NUP214","Factor3",1.89150520272533,"DC2","positive","NUP214","positive_DC2"
"DC2__OSBPL8","Factor3",1.63977994769421,"DC2","positive","OSBPL8","positive_DC2"
"DC2__PAIP2","Factor3",2.44048429399773,"DC2","positive","PAIP2","positive_DC2"
"DC2__PAN3","Factor3",1.70947896235303,"DC2","positive","PAN3","positive_DC2"
"DC2__PARVG","Factor3",1.92477867394179,"DC2","positive","PARVG","positive_DC2"
"DC2__PDCD6","Factor3",-1.54783942387162,"DC2","negative","PDCD6","negative_DC2"
"DC2__PHACTR2","Factor3",1.61922241791438,"DC2","positive","PHACTR2","positive_DC2"
"DC2__PIAS1","Factor3",1.68002741364526,"DC2","positive","PIAS1","positive_DC2"
"DC2__PLAC8","Factor3",-2.15299126102413,"DC2","negative","PLAC8","negative_DC2"
"DC2__PLP2","Factor3",-1.66660888289206,"DC2","negative","PLP2","negative_DC2"
"DC2__PNKD","Factor3",-1.556333134938,"DC2","negative","PNKD","negative_DC2"
"DC2__PPP1R14A","Factor3",-2.1545827464685,"DC2","negative","PPP1R14A","negative_DC2"
"DC2__PPP2R1A","Factor3",-1.59142413613411,"DC2","negative","PPP2R1A","negative_DC2"
"DC2__PPP3CA","Factor3",1.91607499929052,"DC2","positive","PPP3CA","positive_DC2"
"DC2__PPP3R1","Factor3",2.20001941136257,"DC2","positive","PPP3R1","positive_DC2"
"DC2__PRCP","Factor3",1.62562965301362,"DC2","positive","PRCP","positive_DC2"
"DC2__PSMA7","Factor3",-1.65308596756815,"DC2","negative","PSMA7","negative_DC2"
"DC2__PSMB5","Factor3",-1.8634811304799,"DC2","negative","PSMB5","negative_DC2"
"DC2__PSMB6","Factor3",-1.52480578643489,"DC2","negative","PSMB6","negative_DC2"
"DC2__PSMC4","Factor3",-1.8153672744784,"DC2","negative","PSMC4","negative_DC2"
"DC2__PSMC6","Factor3",-1.64938633284551,"DC2","negative","PSMC6","negative_DC2"
"DC2__PSTPIP1","Factor3",-1.83632751206346,"DC2","negative","PSTPIP1","negative_DC2"
"DC2__PTPRJ","Factor3",-1.78964429039176,"DC2","negative","PTPRJ","negative_DC2"
"DC2__RAB11FIP1","Factor3",1.948025400258,"DC2","positive","RAB11FIP1","positive_DC2"
"DC2__RAB4B","Factor3",1.61897748545448,"DC2","positive","RAB4B","positive_DC2"
"DC2__RBM47","Factor3",-1.62876654380393,"DC2","negative","RBM47","negative_DC2"
"DC2__RCOR1","Factor3",1.87895191116866,"DC2","positive","RCOR1","positive_DC2"
"DC2__RGS2","Factor3",1.6191503572071,"DC2","positive","RGS2","positive_DC2"
"DC2__SAT1","Factor3",-1.57221523960765,"DC2","negative","SAT1","negative_DC2"
"DC2__SCFD1","Factor3",1.68766168496853,"DC2","positive","SCFD1","positive_DC2"
"DC2__SELL","Factor3",1.70303375729361,"DC2","positive","SELL","positive_DC2"
"DC2__SETD2","Factor3",1.55790762683222,"DC2","positive","SETD2","positive_DC2"
"DC2__SF1","Factor3",1.62102819753041,"DC2","positive","SF1","positive_DC2"
"DC2__SLC25A5","Factor3",-1.59185781546978,"DC2","negative","SLC25A5","negative_DC2"
"DC2__SMARCA2","Factor3",1.53703115454009,"DC2","positive","SMARCA2","positive_DC2"
"DC2__SNHG6","Factor3",1.80653696869189,"DC2","positive","SNHG6","positive_DC2"
"DC2__SNRPC","Factor3",-1.77751665536425,"DC2","negative","SNRPC","negative_DC2"
"DC2__SNX1","Factor3",-2.41196683498065,"DC2","negative","SNX1","negative_DC2"
"DC2__SNX5","Factor3",-1.5916556002294,"DC2","negative","SNX5","negative_DC2"
"DC2__SPCS1","Factor3",-1.75369912884995,"DC2","negative","SPCS1","negative_DC2"
"DC2__SPPL3","Factor3",1.63397279058714,"DC2","positive","SPPL3","positive_DC2"
"DC2__SRSF9","Factor3",-1.56547006174449,"DC2","negative","SRSF9","negative_DC2"
"DC2__SSNA1","Factor3",-2.36967356042734,"DC2","negative","SSNA1","negative_DC2"
"DC2__SSR1","Factor3",1.72907828769731,"DC2","positive","SSR1","positive_DC2"
"DC2__SSU72","Factor3",2.00277667836011,"DC2","positive","SSU72","positive_DC2"
"DC2__STARD7","Factor3",1.67325779997452,"DC2","positive","STARD7","positive_DC2"
"DC2__STOML2","Factor3",-1.83515513598474,"DC2","negative","STOML2","negative_DC2"
"DC2__STXBP2","Factor3",-1.97128776519275,"DC2","negative","STXBP2","negative_DC2"
"DC2__SUGT1","Factor3",-1.78462822558052,"DC2","negative","SUGT1","negative_DC2"
"DC2__SULF2","Factor3",1.56642604844553,"DC2","positive","SULF2","positive_DC2"
"DC2__SUSD3","Factor3",-1.64392305710041,"DC2","negative","SUSD3","negative_DC2"
"DC2__TAF15","Factor3",1.74909195014062,"DC2","positive","TAF15","positive_DC2"
"DC2__TBC1D5","Factor3",1.61913315652921,"DC2","positive","TBC1D5","positive_DC2"
"DC2__THRAP3","Factor3",-1.53025291266451,"DC2","negative","THRAP3","negative_DC2"
"DC2__TIMM13","Factor3",-1.70540126956294,"DC2","negative","TIMM13","negative_DC2"
"DC2__TIMM17B","Factor3",-1.51304856986231,"DC2","negative","TIMM17B","negative_DC2"
"DC2__TM9SF2","Factor3",2.07052639299281,"DC2","positive","TM9SF2","positive_DC2"
"DC2__TMED5","Factor3",-1.72095309876086,"DC2","negative","TMED5","negative_DC2"
"DC2__TMED9","Factor3",-1.50677339778697,"DC2","negative","TMED9","negative_DC2"
"DC2__TMEM14C","Factor3",-1.84984883992202,"DC2","negative","TMEM14C","negative_DC2"
"DC2__TMEM243","Factor3",-1.62907185903447,"DC2","negative","TMEM243","negative_DC2"
"DC2__TPI1","Factor3",-1.80790757327619,"DC2","negative","TPI1","negative_DC2"
"DC2__TPT1","Factor3",2.10252881674598,"DC2","positive","TPT1","positive_DC2"
"DC2__TRIM44","Factor3",1.76018473244071,"DC2","positive","TRIM44","positive_DC2"
"DC2__TTC7A","Factor3",1.63352771920971,"DC2","positive","TTC7A","positive_DC2"
"DC2__TUBGCP2","Factor3",-1.99797599663022,"DC2","negative","TUBGCP2","negative_DC2"
"DC2__TWF2","Factor3",-1.53446115559045,"DC2","negative","TWF2","negative_DC2"
"DC2__TXNIP","Factor3",1.67149159998426,"DC2","positive","TXNIP","positive_DC2"
"DC2__UNC119","Factor3",-2.12132626226171,"DC2","negative","UNC119","negative_DC2"
"DC2__UQCRH","Factor3",-1.64604332367156,"DC2","negative","UQCRH","negative_DC2"
"DC2__URM1","Factor3",-1.73191397995276,"DC2","negative","URM1","negative_DC2"
"DC2__USP15","Factor3",1.75615976260089,"DC2","positive","USP15","positive_DC2"
"DC2__UVRAG","Factor3",1.70820731711215,"DC2","positive","UVRAG","positive_DC2"
"DC2__VAMP2","Factor3",1.57608876693643,"DC2","positive","VAMP2","positive_DC2"
"DC2__VAV3","Factor3",1.83876694450865,"DC2","positive","VAV3","positive_DC2"
"DC2__VPS36","Factor3",1.79443381540092,"DC2","positive","VPS36","positive_DC2"
"DC2__VPS51","Factor3",2.15461229991239,"DC2","positive","VPS51","positive_DC2"
"DC2__WAC","Factor3",1.93365615248888,"DC2","positive","WAC","positive_DC2"
"DC2__WTAP","Factor3",1.87939847291299,"DC2","positive","WTAP","positive_DC2"
"DC2__YIF1B","Factor3",-1.82637467364252,"DC2","negative","YIF1B","negative_DC2"
"DC2__ZFAND3","Factor3",2.22062428835822,"DC2","positive","ZFAND3","positive_DC2"
"DC2__ZFP36","Factor3",-1.74431706745932,"DC2","negative","ZFP36","negative_DC2"
"DC2__ZNF207","Factor3",-1.54569514104051,"DC2","negative","ZNF207","negative_DC2"
"DC2__ZNF652","Factor3",1.70987341933943,"DC2","positive","ZNF652","positive_DC2"
"DC2__ZNHIT1","Factor3",-1.61619833676714,"DC2","negative","ZNHIT1","negative_DC2"
"Gamma_Delta_V2_T__ACAP1","Factor3",0.903244551599782,"Gamma_Delta_V2_T","positive","ACAP1","positive_Gamma_Delta_V2_T"
"Gamma_Delta_V2_T__ACAP2","Factor3",-1.26226789006106,"Gamma_Delta_V2_T","negative","ACAP2","negative_Gamma_Delta_V2_T"
"Gamma_Delta_V2_T__ANP32A","Factor3",-1.7590145222794,"Gamma_Delta_V2_T","negative","ANP32A","negative_Gamma_Delta_V2_T"
"Gamma_Delta_V2_T__ANP32B","Factor3",1.80065291410185,"Gamma_Delta_V2_T","positive","ANP32B","positive_Gamma_Delta_V2_T"
"Gamma_Delta_V2_T__ANXA11","Factor3",-1.51706230060197,"Gamma_Delta_V2_T","negative","ANXA11","negative_Gamma_Delta_V2_T"
"Gamma_Delta_V2_T__APOO","Factor3",2.23715430486051,"Gamma_Delta_V2_T","positive","APOO","positive_Gamma_Delta_V2_T"
"Gamma_Delta_V2_T__ARF5","Factor3",-1.12734040220971,"Gamma_Delta_V2_T","negative","ARF5","negative_Gamma_Delta_V2_T"
"Gamma_Delta_V2_T__ARF6","Factor3",-1.21486702750014,"Gamma_Delta_V2_T","negative","ARF6","negative_Gamma_Delta_V2_T"
"Gamma_Delta_V2_T__ARGLU1","Factor3",1.1148920205736,"Gamma_Delta_V2_T","positive","ARGLU1","positive_Gamma_Delta_V2_T"
"Gamma_Delta_V2_T__ARHGAP45","Factor3",-1.06385330541144,"Gamma_Delta_V2_T","negative","ARHGAP45","negative_Gamma_Delta_V2_T"
"Gamma_Delta_V2_T__ARID4B","Factor3",1.12454219017566,"Gamma_Delta_V2_T","positive","ARID4B","positive_Gamma_Delta_V2_T"
"Gamma_Delta_V2_T__ARID5B","Factor3",1.93936650458248,"Gamma_Delta_V2_T","positive","ARID5B","positive_Gamma_Delta_V2_T"
"Gamma_Delta_V2_T__ARL6IP5","Factor3",-1.0340153730019,"Gamma_Delta_V2_T","negative","ARL6IP5","negative_Gamma_Delta_V2_T"
"Gamma_Delta_V2_T__ARPC4","Factor3",1.00103644135178,"Gamma_Delta_V2_T","positive","ARPC4","positive_Gamma_Delta_V2_T"
"Gamma_Delta_V2_T__ATP5F1A","Factor3",1.07725890192067,"Gamma_Delta_V2_T","positive","ATP5F1A","positive_Gamma_Delta_V2_T"
"Gamma_Delta_V2_T__ATP5IF1","Factor3",-1.26953717973533,"Gamma_Delta_V2_T","negative","ATP5IF1","negative_Gamma_Delta_V2_T"
"Gamma_Delta_V2_T__ATP5MC3","Factor3",-1.60150322076006,"Gamma_Delta_V2_T","negative","ATP5MC3","negative_Gamma_Delta_V2_T"
"Gamma_Delta_V2_T__ATP5MG","Factor3",-1.12877451120777,"Gamma_Delta_V2_T","negative","ATP5MG","negative_Gamma_Delta_V2_T"
"Gamma_Delta_V2_T__ATP5PB","Factor3",-1.17035863768381,"Gamma_Delta_V2_T","negative","ATP5PB","negative_Gamma_Delta_V2_T"
"Gamma_Delta_V2_T__ATP6V1G1","Factor3",1.32970723572493,"Gamma_Delta_V2_T","positive","ATP6V1G1","positive_Gamma_Delta_V2_T"
"Gamma_Delta_V2_T__ATRX","Factor3",0.992625085172263,"Gamma_Delta_V2_T","positive","ATRX","positive_Gamma_Delta_V2_T"
"Gamma_Delta_V2_T__BCL11B","Factor3",1.56208656504926,"Gamma_Delta_V2_T","positive","BCL11B","positive_Gamma_Delta_V2_T"
"Gamma_Delta_V2_T__BIN1","Factor3",-0.963040413058827,"Gamma_Delta_V2_T","negative","BIN1","negative_Gamma_Delta_V2_T"
"Gamma_Delta_V2_T__BTF3","Factor3",-0.973742890095052,"Gamma_Delta_V2_T","negative","BTF3","negative_Gamma_Delta_V2_T"
"Gamma_Delta_V2_T__C12orf57","Factor3",2.11583255258489,"Gamma_Delta_V2_T","positive","C12orf57","positive_Gamma_Delta_V2_T"
"Gamma_Delta_V2_T__C19orf53","Factor3",-1.08957284458381,"Gamma_Delta_V2_T","negative","C19orf53","negative_Gamma_Delta_V2_T"
"Gamma_Delta_V2_T__C1QBP","Factor3",-1.74874169422359,"Gamma_Delta_V2_T","negative","C1QBP","negative_Gamma_Delta_V2_T"
"Gamma_Delta_V2_T__C9orf16","Factor3",-1.39099925137876,"Gamma_Delta_V2_T","negative","C9orf16","negative_Gamma_Delta_V2_T"
"Gamma_Delta_V2_T__CALM1","Factor3",-1.7111532199255,"Gamma_Delta_V2_T","negative","CALM1","negative_Gamma_Delta_V2_T"
"Gamma_Delta_V2_T__CALM2","Factor3",1.11278804482873,"Gamma_Delta_V2_T","positive","CALM2","positive_Gamma_Delta_V2_T"
"Gamma_Delta_V2_T__CALR","Factor3",-1.31286536559136,"Gamma_Delta_V2_T","negative","CALR","negative_Gamma_Delta_V2_T"
"Gamma_Delta_V2_T__CCT4","Factor3",-2.11542345468875,"Gamma_Delta_V2_T","negative","CCT4","negative_Gamma_Delta_V2_T"
"Gamma_Delta_V2_T__CD3E","Factor3",-1.28377561980505,"Gamma_Delta_V2_T","negative","CD3E","negative_Gamma_Delta_V2_T"
"Gamma_Delta_V2_T__CD3G","Factor3",1.41329084662806,"Gamma_Delta_V2_T","positive","CD3G","positive_Gamma_Delta_V2_T"
"Gamma_Delta_V2_T__CD69","Factor3",-1.42729383118919,"Gamma_Delta_V2_T","negative","CD69","negative_Gamma_Delta_V2_T"
"Gamma_Delta_V2_T__CD7","Factor3",1.95411729127783,"Gamma_Delta_V2_T","positive","CD7","positive_Gamma_Delta_V2_T"
"Gamma_Delta_V2_T__CD96","Factor3",1.18406699771761,"Gamma_Delta_V2_T","positive","CD96","positive_Gamma_Delta_V2_T"
"Gamma_Delta_V2_T__CDC42","Factor3",1.10229742796885,"Gamma_Delta_V2_T","positive","CDC42","positive_Gamma_Delta_V2_T"
"Gamma_Delta_V2_T__CFL1","Factor3",-0.968231614372948,"Gamma_Delta_V2_T","negative","CFL1","negative_Gamma_Delta_V2_T"
"Gamma_Delta_V2_T__CHCHD2","Factor3",1.0355264276107,"Gamma_Delta_V2_T","positive","CHCHD2","positive_Gamma_Delta_V2_T"
"Gamma_Delta_V2_T__COMMD6","Factor3",-0.893918090319912,"Gamma_Delta_V2_T","negative","COMMD6","negative_Gamma_Delta_V2_T"
"Gamma_Delta_V2_T__COPE","Factor3",-1.14763288020445,"Gamma_Delta_V2_T","negative","COPE","negative_Gamma_Delta_V2_T"
"Gamma_Delta_V2_T__COTL1","Factor3",-1.76351602204288,"Gamma_Delta_V2_T","negative","COTL1","negative_Gamma_Delta_V2_T"
"Gamma_Delta_V2_T__COX6B1","Factor3",1.16624313668396,"Gamma_Delta_V2_T","positive","COX6B1","positive_Gamma_Delta_V2_T"
"Gamma_Delta_V2_T__CSK","Factor3",-0.942332254376881,"Gamma_Delta_V2_T","negative","CSK","negative_Gamma_Delta_V2_T"
"Gamma_Delta_V2_T__CSNK2B","Factor3",1.241504780326,"Gamma_Delta_V2_T","positive","CSNK2B","positive_Gamma_Delta_V2_T"
"Gamma_Delta_V2_T__CSTB","Factor3",-1.68407517963926,"Gamma_Delta_V2_T","negative","CSTB","negative_Gamma_Delta_V2_T"
"Gamma_Delta_V2_T__CTSC","Factor3",-1.3399416399412,"Gamma_Delta_V2_T","negative","CTSC","negative_Gamma_Delta_V2_T"
"Gamma_Delta_V2_T__CYBA","Factor3",-0.920522646704926,"Gamma_Delta_V2_T","negative","CYBA","negative_Gamma_Delta_V2_T"
"Gamma_Delta_V2_T__DBI","Factor3",1.03761496823607,"Gamma_Delta_V2_T","positive","DBI","positive_Gamma_Delta_V2_T"
"Gamma_Delta_V2_T__DENND2D","Factor3",-1.69802640619641,"Gamma_Delta_V2_T","negative","DENND2D","negative_Gamma_Delta_V2_T"
"Gamma_Delta_V2_T__DOCK10","Factor3",1.02524294194896,"Gamma_Delta_V2_T","positive","DOCK10","positive_Gamma_Delta_V2_T"
"Gamma_Delta_V2_T__DUSP2","Factor3",-1.02839955023933,"Gamma_Delta_V2_T","negative","DUSP2","negative_Gamma_Delta_V2_T"
"Gamma_Delta_V2_T__EEF1B2","Factor3",-1.89731327055736,"Gamma_Delta_V2_T","negative","EEF1B2","negative_Gamma_Delta_V2_T"
"Gamma_Delta_V2_T__EIF3A","Factor3",1.27615554130878,"Gamma_Delta_V2_T","positive","EIF3A","positive_Gamma_Delta_V2_T"
"Gamma_Delta_V2_T__EIF3L","Factor3",-1.04811296396749,"Gamma_Delta_V2_T","negative","EIF3L","negative_Gamma_Delta_V2_T"
"Gamma_Delta_V2_T__EIF4B","Factor3",1.76358334682816,"Gamma_Delta_V2_T","positive","EIF4B","positive_Gamma_Delta_V2_T"
"Gamma_Delta_V2_T__EIF4G2","Factor3",1.12748130538044,"Gamma_Delta_V2_T","positive","EIF4G2","positive_Gamma_Delta_V2_T"
"Gamma_Delta_V2_T__EIF5A","Factor3",-0.927144277152061,"Gamma_Delta_V2_T","negative","EIF5A","negative_Gamma_Delta_V2_T"
"Gamma_Delta_V2_T__EPB41","Factor3",1.06715137749118,"Gamma_Delta_V2_T","positive","EPB41","positive_Gamma_Delta_V2_T"
"Gamma_Delta_V2_T__EPC1","Factor3",-1.39805811641228,"Gamma_Delta_V2_T","negative","EPC1","negative_Gamma_Delta_V2_T"
"Gamma_Delta_V2_T__ETS1","Factor3",1.36868004041415,"Gamma_Delta_V2_T","positive","ETS1","positive_Gamma_Delta_V2_T"
"Gamma_Delta_V2_T__EVL","Factor3",1.41933748952152,"Gamma_Delta_V2_T","positive","EVL","positive_Gamma_Delta_V2_T"
"Gamma_Delta_V2_T__FAM107B","Factor3",0.924880728212352,"Gamma_Delta_V2_T","positive","FAM107B","positive_Gamma_Delta_V2_T"
"Gamma_Delta_V2_T__FAU","Factor3",-0.938779498333011,"Gamma_Delta_V2_T","negative","FAU","negative_Gamma_Delta_V2_T"
"Gamma_Delta_V2_T__FIS1","Factor3",-0.9741569332216,"Gamma_Delta_V2_T","negative","FIS1","negative_Gamma_Delta_V2_T"
"Gamma_Delta_V2_T__FNBP1","Factor3",2.58949738037299,"Gamma_Delta_V2_T","positive","FNBP1","positive_Gamma_Delta_V2_T"
"Gamma_Delta_V2_T__FOXN3","Factor3",2.0180514750045,"Gamma_Delta_V2_T","positive","FOXN3","positive_Gamma_Delta_V2_T"
"Gamma_Delta_V2_T__FYB1","Factor3",2.41181572807141,"Gamma_Delta_V2_T","positive","FYB1","positive_Gamma_Delta_V2_T"
"Gamma_Delta_V2_T__GAPDH","Factor3",-2.19465963304402,"Gamma_Delta_V2_T","negative","GAPDH","negative_Gamma_Delta_V2_T"
"Gamma_Delta_V2_T__GDI2","Factor3",0.959918880827732,"Gamma_Delta_V2_T","positive","GDI2","positive_Gamma_Delta_V2_T"
"Gamma_Delta_V2_T__GNG5","Factor3",-1.31885953704972,"Gamma_Delta_V2_T","negative","GNG5","negative_Gamma_Delta_V2_T"
"Gamma_Delta_V2_T__GPI","Factor3",-1.44652799092006,"Gamma_Delta_V2_T","negative","GPI","negative_Gamma_Delta_V2_T"
"Gamma_Delta_V2_T__GPX4","Factor3",1.20498095554228,"Gamma_Delta_V2_T","positive","GPX4","positive_Gamma_Delta_V2_T"
"Gamma_Delta_V2_T__GRK6","Factor3",-1.1046358084137,"Gamma_Delta_V2_T","negative","GRK6","negative_Gamma_Delta_V2_T"
"Gamma_Delta_V2_T__GSTK1","Factor3",0.996158073923686,"Gamma_Delta_V2_T","positive","GSTK1","positive_Gamma_Delta_V2_T"
"Gamma_Delta_V2_T__GUK1","Factor3",-1.45605839339845,"Gamma_Delta_V2_T","negative","GUK1","negative_Gamma_Delta_V2_T"
"Gamma_Delta_V2_T__HCST","Factor3",1.56182953910604,"Gamma_Delta_V2_T","positive","HCST","positive_Gamma_Delta_V2_T"
"Gamma_Delta_V2_T__HINT1","Factor3",-1.9565054783097,"Gamma_Delta_V2_T","negative","HINT1","negative_Gamma_Delta_V2_T"
"Gamma_Delta_V2_T__HMGB1","Factor3",2.00231915638518,"Gamma_Delta_V2_T","positive","HMGB1","positive_Gamma_Delta_V2_T"
"Gamma_Delta_V2_T__HMGN3","Factor3",1.18989549001261,"Gamma_Delta_V2_T","positive","HMGN3","positive_Gamma_Delta_V2_T"
"Gamma_Delta_V2_T__HNRNPC","Factor3",1.71551475357369,"Gamma_Delta_V2_T","positive","HNRNPC","positive_Gamma_Delta_V2_T"
"Gamma_Delta_V2_T__HNRNPDL","Factor3",0.979228823559759,"Gamma_Delta_V2_T","positive","HNRNPDL","positive_Gamma_Delta_V2_T"
"Gamma_Delta_V2_T__HNRNPL","Factor3",-1.67976081475931,"Gamma_Delta_V2_T","negative","HNRNPL","negative_Gamma_Delta_V2_T"
"Gamma_Delta_V2_T__HSP90B1","Factor3",1.17684319793844,"Gamma_Delta_V2_T","positive","HSP90B1","positive_Gamma_Delta_V2_T"
"Gamma_Delta_V2_T__IER2","Factor3",-1.07207480877942,"Gamma_Delta_V2_T","negative","IER2","negative_Gamma_Delta_V2_T"
"Gamma_Delta_V2_T__IFITM2","Factor3",-1.17210234986309,"Gamma_Delta_V2_T","negative","IFITM2","negative_Gamma_Delta_V2_T"
"Gamma_Delta_V2_T__IKZF2","Factor3",1.14908673816898,"Gamma_Delta_V2_T","positive","IKZF2","positive_Gamma_Delta_V2_T"
"Gamma_Delta_V2_T__IL2RG","Factor3",-1.42809248761927,"Gamma_Delta_V2_T","negative","IL2RG","negative_Gamma_Delta_V2_T"
"Gamma_Delta_V2_T__IL7R","Factor3",-0.894001140003294,"Gamma_Delta_V2_T","negative","IL7R","negative_Gamma_Delta_V2_T"
"Gamma_Delta_V2_T__KHDRBS1","Factor3",-1.32843742044106,"Gamma_Delta_V2_T","negative","KHDRBS1","negative_Gamma_Delta_V2_T"
"Gamma_Delta_V2_T__KLRB1","Factor3",-0.913182960833114,"Gamma_Delta_V2_T","negative","KLRB1","negative_Gamma_Delta_V2_T"
"Gamma_Delta_V2_T__KRTCAP2","Factor3",-1.15630702579026,"Gamma_Delta_V2_T","negative","KRTCAP2","negative_Gamma_Delta_V2_T"
"Gamma_Delta_V2_T__LAPTM5","Factor3",-1.36800413634383,"Gamma_Delta_V2_T","negative","LAPTM5","negative_Gamma_Delta_V2_T"
"Gamma_Delta_V2_T__LAT","Factor3",0.920984505767393,"Gamma_Delta_V2_T","positive","LAT","positive_Gamma_Delta_V2_T"
"Gamma_Delta_V2_T__LCK","Factor3",1.30485269106053,"Gamma_Delta_V2_T","positive","LCK","positive_Gamma_Delta_V2_T"
"Gamma_Delta_V2_T__LEF1","Factor3",1.80589143283176,"Gamma_Delta_V2_T","positive","LEF1","positive_Gamma_Delta_V2_T"
"Gamma_Delta_V2_T__LIME1","Factor3",-1.65673531292057,"Gamma_Delta_V2_T","negative","LIME1","negative_Gamma_Delta_V2_T"
"Gamma_Delta_V2_T__LINC01578","Factor3",1.21695706888715,"Gamma_Delta_V2_T","positive","LINC01578","positive_Gamma_Delta_V2_T"
"Gamma_Delta_V2_T__LSM14A","Factor3",-1.35690553310418,"Gamma_Delta_V2_T","negative","LSM14A","negative_Gamma_Delta_V2_T"
"Gamma_Delta_V2_T__LY6E","Factor3",-1.31143226663165,"Gamma_Delta_V2_T","negative","LY6E","negative_Gamma_Delta_V2_T"
"Gamma_Delta_V2_T__MAP2K2","Factor3",-1.22974934727224,"Gamma_Delta_V2_T","negative","MAP2K2","negative_Gamma_Delta_V2_T"
"Gamma_Delta_V2_T__MATK","Factor3",1.34036614217501,"Gamma_Delta_V2_T","positive","MATK","positive_Gamma_Delta_V2_T"
"Gamma_Delta_V2_T__MAZ","Factor3",1.21150011336318,"Gamma_Delta_V2_T","positive","MAZ","positive_Gamma_Delta_V2_T"
"Gamma_Delta_V2_T__MBP","Factor3",1.11997098144663,"Gamma_Delta_V2_T","positive","MBP","positive_Gamma_Delta_V2_T"
"Gamma_Delta_V2_T__MDH2","Factor3",-1.22635950394729,"Gamma_Delta_V2_T","negative","MDH2","negative_Gamma_Delta_V2_T"
"Gamma_Delta_V2_T__MT.CO2","Factor3",1.28590461190004,"Gamma_Delta_V2_T","positive","MT.CO2","positive_Gamma_Delta_V2_T"
"Gamma_Delta_V2_T__MT.CYB","Factor3",1.13669038195854,"Gamma_Delta_V2_T","positive","MT.CYB","positive_Gamma_Delta_V2_T"
"Gamma_Delta_V2_T__MT.ND1","Factor3",1.57585546508162,"Gamma_Delta_V2_T","positive","MT.ND1","positive_Gamma_Delta_V2_T"
"Gamma_Delta_V2_T__MT.ND2","Factor3",0.927382549296302,"Gamma_Delta_V2_T","positive","MT.ND2","positive_Gamma_Delta_V2_T"
"Gamma_Delta_V2_T__MT.ND3","Factor3",0.895366060711468,"Gamma_Delta_V2_T","positive","MT.ND3","positive_Gamma_Delta_V2_T"
"Gamma_Delta_V2_T__MT.ND6","Factor3",1.22020630444148,"Gamma_Delta_V2_T","positive","MT.ND6","positive_Gamma_Delta_V2_T"
"Gamma_Delta_V2_T__MYL12A","Factor3",-0.902227711463317,"Gamma_Delta_V2_T","negative","MYL12A","negative_Gamma_Delta_V2_T"
"Gamma_Delta_V2_T__N4BP2L2","Factor3",1.33700937635631,"Gamma_Delta_V2_T","positive","N4BP2L2","positive_Gamma_Delta_V2_T"
"Gamma_Delta_V2_T__NCL","Factor3",0.96840915443264,"Gamma_Delta_V2_T","positive","NCL","positive_Gamma_Delta_V2_T"
"Gamma_Delta_V2_T__NDUFA4","Factor3",-1.20448937286151,"Gamma_Delta_V2_T","negative","NDUFA4","negative_Gamma_Delta_V2_T"
"Gamma_Delta_V2_T__NDUFB11","Factor3",-1.30999420942442,"Gamma_Delta_V2_T","negative","NDUFB11","negative_Gamma_Delta_V2_T"
"Gamma_Delta_V2_T__NDUFB9","Factor3",1.31787518151008,"Gamma_Delta_V2_T","positive","NDUFB9","positive_Gamma_Delta_V2_T"
"Gamma_Delta_V2_T__NKG7","Factor3",-1.45756018770945,"Gamma_Delta_V2_T","negative","NKG7","negative_Gamma_Delta_V2_T"
"Gamma_Delta_V2_T__PABPC1","Factor3",1.48222106119632,"Gamma_Delta_V2_T","positive","PABPC1","positive_Gamma_Delta_V2_T"
"Gamma_Delta_V2_T__PACS1","Factor3",-1.11812567806226,"Gamma_Delta_V2_T","negative","PACS1","negative_Gamma_Delta_V2_T"
"Gamma_Delta_V2_T__PARK7","Factor3",1.5833613865326,"Gamma_Delta_V2_T","positive","PARK7","positive_Gamma_Delta_V2_T"
"Gamma_Delta_V2_T__PAXX","Factor3",1.28636315749009,"Gamma_Delta_V2_T","positive","PAXX","positive_Gamma_Delta_V2_T"
"Gamma_Delta_V2_T__PCBP1","Factor3",2.43845155073243,"Gamma_Delta_V2_T","positive","PCBP1","positive_Gamma_Delta_V2_T"
"Gamma_Delta_V2_T__PDE3B","Factor3",1.12308239675426,"Gamma_Delta_V2_T","positive","PDE3B","positive_Gamma_Delta_V2_T"
"Gamma_Delta_V2_T__PDE7A","Factor3",1.08879829550785,"Gamma_Delta_V2_T","positive","PDE7A","positive_Gamma_Delta_V2_T"
"Gamma_Delta_V2_T__PDIA3","Factor3",-1.77655009859369,"Gamma_Delta_V2_T","negative","PDIA3","negative_Gamma_Delta_V2_T"
"Gamma_Delta_V2_T__PITPNC1","Factor3",1.46810770716804,"Gamma_Delta_V2_T","positive","PITPNC1","positive_Gamma_Delta_V2_T"
"Gamma_Delta_V2_T__PLCL2","Factor3",1.22679857043982,"Gamma_Delta_V2_T","positive","PLCL2","positive_Gamma_Delta_V2_T"
"Gamma_Delta_V2_T__PPDPF","Factor3",0.960855286661673,"Gamma_Delta_V2_T","positive","PPDPF","positive_Gamma_Delta_V2_T"
"Gamma_Delta_V2_T__PPM1G","Factor3",-0.889890781078885,"Gamma_Delta_V2_T","negative","PPM1G","negative_Gamma_Delta_V2_T"
"Gamma_Delta_V2_T__PRKCH","Factor3",1.5160937253362,"Gamma_Delta_V2_T","positive","PRKCH","positive_Gamma_Delta_V2_T"
"Gamma_Delta_V2_T__PRR13","Factor3",-0.907216998227043,"Gamma_Delta_V2_T","negative","PRR13","negative_Gamma_Delta_V2_T"
"Gamma_Delta_V2_T__PSMA5","Factor3",-1.135092727543,"Gamma_Delta_V2_T","negative","PSMA5","negative_Gamma_Delta_V2_T"
"Gamma_Delta_V2_T__PSMB10","Factor3",-1.0455536768594,"Gamma_Delta_V2_T","negative","PSMB10","negative_Gamma_Delta_V2_T"
"Gamma_Delta_V2_T__PSMB8","Factor3",1.23217971192053,"Gamma_Delta_V2_T","positive","PSMB8","positive_Gamma_Delta_V2_T"
"Gamma_Delta_V2_T__PSMB9","Factor3",-1.78995921360222,"Gamma_Delta_V2_T","negative","PSMB9","negative_Gamma_Delta_V2_T"
"Gamma_Delta_V2_T__PSMD8","Factor3",-0.992163475118425,"Gamma_Delta_V2_T","negative","PSMD8","negative_Gamma_Delta_V2_T"
"Gamma_Delta_V2_T__PTP4A2","Factor3",1.94162729260151,"Gamma_Delta_V2_T","positive","PTP4A2","positive_Gamma_Delta_V2_T"
"Gamma_Delta_V2_T__PTPRCAP","Factor3",0.95143865814991,"Gamma_Delta_V2_T","positive","PTPRCAP","positive_Gamma_Delta_V2_T"
"Gamma_Delta_V2_T__RAD21","Factor3",2.36583476558259,"Gamma_Delta_V2_T","positive","RAD21","positive_Gamma_Delta_V2_T"
"Gamma_Delta_V2_T__RALY","Factor3",-1.11922791996925,"Gamma_Delta_V2_T","negative","RALY","negative_Gamma_Delta_V2_T"
"Gamma_Delta_V2_T__RASA2","Factor3",1.12729707164466,"Gamma_Delta_V2_T","positive","RASA2","positive_Gamma_Delta_V2_T"
"Gamma_Delta_V2_T__RBM39","Factor3",0.903554002656076,"Gamma_Delta_V2_T","positive","RBM39","positive_Gamma_Delta_V2_T"
"Gamma_Delta_V2_T__RCSD1","Factor3",1.05829801491096,"Gamma_Delta_V2_T","positive","RCSD1","positive_Gamma_Delta_V2_T"
"Gamma_Delta_V2_T__RSRP1","Factor3",0.922375558737565,"Gamma_Delta_V2_T","positive","RSRP1","positive_Gamma_Delta_V2_T"
"Gamma_Delta_V2_T__RTRAF","Factor3",-2.10548511988415,"Gamma_Delta_V2_T","negative","RTRAF","negative_Gamma_Delta_V2_T"
"Gamma_Delta_V2_T__S100A11","Factor3",-1.6059550522261,"Gamma_Delta_V2_T","negative","S100A11","negative_Gamma_Delta_V2_T"
"Gamma_Delta_V2_T__SAMD3","Factor3",-1.89431565811334,"Gamma_Delta_V2_T","negative","SAMD3","negative_Gamma_Delta_V2_T"
"Gamma_Delta_V2_T__SAMHD1","Factor3",1.25014985314597,"Gamma_Delta_V2_T","positive","SAMHD1","positive_Gamma_Delta_V2_T"
"Gamma_Delta_V2_T__SEC61B","Factor3",-1.95223300218431,"Gamma_Delta_V2_T","negative","SEC61B","negative_Gamma_Delta_V2_T"
"Gamma_Delta_V2_T__SEPTIN6","Factor3",1.89677236709492,"Gamma_Delta_V2_T","positive","SEPTIN6","positive_Gamma_Delta_V2_T"
"Gamma_Delta_V2_T__SERF2","Factor3",-0.902151629044899,"Gamma_Delta_V2_T","negative","SERF2","negative_Gamma_Delta_V2_T"
"Gamma_Delta_V2_T__SERP1","Factor3",-1.1484447711326,"Gamma_Delta_V2_T","negative","SERP1","negative_Gamma_Delta_V2_T"
"Gamma_Delta_V2_T__SF3B5","Factor3",0.990470398485825,"Gamma_Delta_V2_T","positive","SF3B5","positive_Gamma_Delta_V2_T"
"Gamma_Delta_V2_T__SH3BGRL","Factor3",1.42671571144946,"Gamma_Delta_V2_T","positive","SH3BGRL","positive_Gamma_Delta_V2_T"
"Gamma_Delta_V2_T__SH3KBP1","Factor3",-1.34365813279252,"Gamma_Delta_V2_T","negative","SH3KBP1","negative_Gamma_Delta_V2_T"
"Gamma_Delta_V2_T__SLC25A6","Factor3",-1.19886823329552,"Gamma_Delta_V2_T","negative","SLC25A6","negative_Gamma_Delta_V2_T"
"Gamma_Delta_V2_T__SMDT1","Factor3",-1.472942560575,"Gamma_Delta_V2_T","negative","SMDT1","negative_Gamma_Delta_V2_T"
"Gamma_Delta_V2_T__SNHG8","Factor3",-1.70743146597347,"Gamma_Delta_V2_T","negative","SNHG8","negative_Gamma_Delta_V2_T"
"Gamma_Delta_V2_T__SNRPD2","Factor3",-1.32596520003003,"Gamma_Delta_V2_T","negative","SNRPD2","negative_Gamma_Delta_V2_T"
"Gamma_Delta_V2_T__SPTAN1","Factor3",1.38020351724007,"Gamma_Delta_V2_T","positive","SPTAN1","positive_Gamma_Delta_V2_T"
"Gamma_Delta_V2_T__SRRM2","Factor3",1.86269242078944,"Gamma_Delta_V2_T","positive","SRRM2","positive_Gamma_Delta_V2_T"
"Gamma_Delta_V2_T__SRSF10","Factor3",-0.909059164478014,"Gamma_Delta_V2_T","negative","SRSF10","negative_Gamma_Delta_V2_T"
"Gamma_Delta_V2_T__SRSF11","Factor3",-1.07773794012441,"Gamma_Delta_V2_T","negative","SRSF11","negative_Gamma_Delta_V2_T"
"Gamma_Delta_V2_T__SRSF3","Factor3",1.69936878061194,"Gamma_Delta_V2_T","positive","SRSF3","positive_Gamma_Delta_V2_T"
"Gamma_Delta_V2_T__SSR2","Factor3",-1.09104660523755,"Gamma_Delta_V2_T","negative","SSR2","negative_Gamma_Delta_V2_T"
"Gamma_Delta_V2_T__STK38","Factor3",-1.48649708521898,"Gamma_Delta_V2_T","negative","STK38","negative_Gamma_Delta_V2_T"
"Gamma_Delta_V2_T__SUN2","Factor3",1.35814908699134,"Gamma_Delta_V2_T","positive","SUN2","positive_Gamma_Delta_V2_T"
"Gamma_Delta_V2_T__SYTL1","Factor3",1.50546821522978,"Gamma_Delta_V2_T","positive","SYTL1","positive_Gamma_Delta_V2_T"
"Gamma_Delta_V2_T__TAF10","Factor3",-1.18557540953471,"Gamma_Delta_V2_T","negative","TAF10","negative_Gamma_Delta_V2_T"
"Gamma_Delta_V2_T__TBC1D10C","Factor3",-1.03049725784511,"Gamma_Delta_V2_T","negative","TBC1D10C","negative_Gamma_Delta_V2_T"
"Gamma_Delta_V2_T__TC2N","Factor3",-1.31601971766668,"Gamma_Delta_V2_T","negative","TC2N","negative_Gamma_Delta_V2_T"
"Gamma_Delta_V2_T__TCF7","Factor3",1.82892870293181,"Gamma_Delta_V2_T","positive","TCF7","positive_Gamma_Delta_V2_T"
"Gamma_Delta_V2_T__TKT","Factor3",-1.40488820348202,"Gamma_Delta_V2_T","negative","TKT","negative_Gamma_Delta_V2_T"
"Gamma_Delta_V2_T__TLE5","Factor3",1.00728857605826,"Gamma_Delta_V2_T","positive","TLE5","positive_Gamma_Delta_V2_T"
"Gamma_Delta_V2_T__TLN1","Factor3",-0.994819158582379,"Gamma_Delta_V2_T","negative","TLN1","negative_Gamma_Delta_V2_T"
"Gamma_Delta_V2_T__TMA7","Factor3",-1.22606712977581,"Gamma_Delta_V2_T","negative","TMA7","negative_Gamma_Delta_V2_T"
"Gamma_Delta_V2_T__TMEM258","Factor3",-0.985635249321769,"Gamma_Delta_V2_T","negative","TMEM258","negative_Gamma_Delta_V2_T"
"Gamma_Delta_V2_T__TMSB4X","Factor3",1.23925501302485,"Gamma_Delta_V2_T","positive","TMSB4X","positive_Gamma_Delta_V2_T"
"Gamma_Delta_V2_T__TNRC6B","Factor3",1.11983276234301,"Gamma_Delta_V2_T","positive","TNRC6B","positive_Gamma_Delta_V2_T"
"Gamma_Delta_V2_T__TOMM7","Factor3",-0.930686070030744,"Gamma_Delta_V2_T","negative","TOMM7","negative_Gamma_Delta_V2_T"
"Gamma_Delta_V2_T__TOX","Factor3",1.28917272407061,"Gamma_Delta_V2_T","positive","TOX","positive_Gamma_Delta_V2_T"
"Gamma_Delta_V2_T__TPM3","Factor3",-0.999443504313498,"Gamma_Delta_V2_T","negative","TPM3","negative_Gamma_Delta_V2_T"
"Gamma_Delta_V2_T__TPT1","Factor3",2.68153391031426,"Gamma_Delta_V2_T","positive","TPT1","positive_Gamma_Delta_V2_T"
"Gamma_Delta_V2_T__TRBC1","Factor3",1.19592539894115,"Gamma_Delta_V2_T","positive","TRBC1","positive_Gamma_Delta_V2_T"
"Gamma_Delta_V2_T__TRDC","Factor3",0.894594689313893,"Gamma_Delta_V2_T","positive","TRDC","positive_Gamma_Delta_V2_T"
"Gamma_Delta_V2_T__TRDV2","Factor3",-1.21946509227547,"Gamma_Delta_V2_T","negative","TRDV2","negative_Gamma_Delta_V2_T"
"Gamma_Delta_V2_T__TRG.AS1","Factor3",1.1581489176324,"Gamma_Delta_V2_T","positive","TRG.AS1","positive_Gamma_Delta_V2_T"
"Gamma_Delta_V2_T__TUBA1B","Factor3",1.75893579677851,"Gamma_Delta_V2_T","positive","TUBA1B","positive_Gamma_Delta_V2_T"
"Gamma_Delta_V2_T__TXNIP","Factor3",1.19975670837875,"Gamma_Delta_V2_T","positive","TXNIP","positive_Gamma_Delta_V2_T"
"Gamma_Delta_V2_T__UBE2I","Factor3",-1.20977933289551,"Gamma_Delta_V2_T","negative","UBE2I","negative_Gamma_Delta_V2_T"
"Gamma_Delta_V2_T__UQCRH","Factor3",1.30915843680723,"Gamma_Delta_V2_T","positive","UQCRH","positive_Gamma_Delta_V2_T"
"Gamma_Delta_V2_T__VAMP2","Factor3",-1.1315202807198,"Gamma_Delta_V2_T","negative","VAMP2","negative_Gamma_Delta_V2_T"
"Gamma_Delta_V2_T__VIM","Factor3",-1.39207392419986,"Gamma_Delta_V2_T","negative","VIM","negative_Gamma_Delta_V2_T"
"Gamma_Delta_V2_T__WAS","Factor3",-1.56688193940046,"Gamma_Delta_V2_T","negative","WAS","negative_Gamma_Delta_V2_T"
"Gamma_Delta_V2_T__WIPF1","Factor3",1.16788342743859,"Gamma_Delta_V2_T","positive","WIPF1","positive_Gamma_Delta_V2_T"
"Gamma_Delta_V2_T__YPEL3","Factor3",0.997392542792674,"Gamma_Delta_V2_T","positive","YPEL3","positive_Gamma_Delta_V2_T"
"Gamma_Delta_V2_T__YWHAB","Factor3",1.23336856050935,"Gamma_Delta_V2_T","positive","YWHAB","positive_Gamma_Delta_V2_T"
"Gamma_Delta_V2_T__ZBTB16","Factor3",-1.07248962479243,"Gamma_Delta_V2_T","negative","ZBTB16","negative_Gamma_Delta_V2_T"
"HSC_MPP__AC008014.1","Factor3",1.56618883394061,"HSC_MPP","positive","AC008014.1","positive_HSC_MPP"
"HSC_MPP__ACTN4","Factor3",1.26941611964626,"HSC_MPP","positive","ACTN4","positive_HSC_MPP"
"HSC_MPP__AL589693.1","Factor3",1.41273898246726,"HSC_MPP","positive","AL589693.1","positive_HSC_MPP"
"HSC_MPP__ANAPC16","Factor3",1.44613485044896,"HSC_MPP","positive","ANAPC16","positive_HSC_MPP"
"HSC_MPP__ANAPC5","Factor3",1.46686912244481,"HSC_MPP","positive","ANAPC5","positive_HSC_MPP"
"HSC_MPP__ARHGDIA","Factor3",1.94290503218175,"HSC_MPP","positive","ARHGDIA","positive_HSC_MPP"
"HSC_MPP__ARHGDIB","Factor3",1.60722303245942,"HSC_MPP","positive","ARHGDIB","positive_HSC_MPP"
"HSC_MPP__ARHGEF6","Factor3",-1.38742725575003,"HSC_MPP","negative","ARHGEF6","negative_HSC_MPP"
"HSC_MPP__ATF4","Factor3",1.27694799604319,"HSC_MPP","positive","ATF4","positive_HSC_MPP"
"HSC_MPP__ATP2B1","Factor3",-1.44495923162908,"HSC_MPP","negative","ATP2B1","negative_HSC_MPP"
"HSC_MPP__ATP5MC2","Factor3",-1.70362045078203,"HSC_MPP","negative","ATP5MC2","negative_HSC_MPP"
"HSC_MPP__AUP1","Factor3",-1.46678326411329,"HSC_MPP","negative","AUP1","negative_HSC_MPP"
"HSC_MPP__BAALC","Factor3",1.68809224689996,"HSC_MPP","positive","BAALC","positive_HSC_MPP"
"HSC_MPP__BABAM2","Factor3",-1.64441302671275,"HSC_MPP","negative","BABAM2","negative_HSC_MPP"
"HSC_MPP__BAG1","Factor3",1.29598378233628,"HSC_MPP","positive","BAG1","positive_HSC_MPP"
"HSC_MPP__BCLAF1","Factor3",1.96875769391241,"HSC_MPP","positive","BCLAF1","positive_HSC_MPP"
"HSC_MPP__BID","Factor3",-1.40690655182737,"HSC_MPP","negative","BID","negative_HSC_MPP"
"HSC_MPP__BST2","Factor3",1.56736665817299,"HSC_MPP","positive","BST2","positive_HSC_MPP"
"HSC_MPP__C11orf58","Factor3",1.43367489332685,"HSC_MPP","positive","C11orf58","positive_HSC_MPP"
"HSC_MPP__C1QTNF4","Factor3",-1.31464440857374,"HSC_MPP","negative","C1QTNF4","negative_HSC_MPP"
"HSC_MPP__CALCRL","Factor3",-1.70140279789323,"HSC_MPP","negative","CALCRL","negative_HSC_MPP"
"HSC_MPP__CALM3","Factor3",1.42234172770494,"HSC_MPP","positive","CALM3","positive_HSC_MPP"
"HSC_MPP__CARD8","Factor3",-1.44442506628025,"HSC_MPP","negative","CARD8","negative_HSC_MPP"
"HSC_MPP__CCT3","Factor3",1.27621379418193,"HSC_MPP","positive","CCT3","positive_HSC_MPP"
"HSC_MPP__CD164","Factor3",-1.72665326421881,"HSC_MPP","negative","CD164","negative_HSC_MPP"
"HSC_MPP__CD200","Factor3",-2.07654263898419,"HSC_MPP","negative","CD200","negative_HSC_MPP"
"HSC_MPP__CERS6","Factor3",-1.24660772547691,"HSC_MPP","negative","CERS6","negative_HSC_MPP"
"HSC_MPP__CHD2","Factor3",-1.48846332968121,"HSC_MPP","negative","CHD2","negative_HSC_MPP"
"HSC_MPP__CHD9","Factor3",-1.2754000814526,"HSC_MPP","negative","CHD9","negative_HSC_MPP"
"HSC_MPP__CITED2","Factor3",-1.3817534436289,"HSC_MPP","negative","CITED2","negative_HSC_MPP"
"HSC_MPP__CLINT1","Factor3",-2.01773692098086,"HSC_MPP","negative","CLINT1","negative_HSC_MPP"
"HSC_MPP__CMTM3","Factor3",-2.02343715002525,"HSC_MPP","negative","CMTM3","negative_HSC_MPP"
"HSC_MPP__CMTM6","Factor3",-1.28813503875362,"HSC_MPP","negative","CMTM6","negative_HSC_MPP"
"HSC_MPP__CNIH1","Factor3",-1.36581171393598,"HSC_MPP","negative","CNIH1","negative_HSC_MPP"
"HSC_MPP__COMMD1","Factor3",-1.34958932297811,"HSC_MPP","negative","COMMD1","negative_HSC_MPP"
"HSC_MPP__CPXM1","Factor3",-1.27463481602332,"HSC_MPP","negative","CPXM1","negative_HSC_MPP"
"HSC_MPP__CUTA","Factor3",1.35048118087881,"HSC_MPP","positive","CUTA","positive_HSC_MPP"
"HSC_MPP__CYBA","Factor3",-1.76373569741366,"HSC_MPP","negative","CYBA","negative_HSC_MPP"
"HSC_MPP__CYTL1","Factor3",-1.43413180929895,"HSC_MPP","negative","CYTL1","negative_HSC_MPP"
"HSC_MPP__DANT2","Factor3",-1.31879330424961,"HSC_MPP","negative","DANT2","negative_HSC_MPP"
"HSC_MPP__DDX17","Factor3",-1.42095911322296,"HSC_MPP","negative","DDX17","negative_HSC_MPP"
"HSC_MPP__DDX46","Factor3",-2.48625176092596,"HSC_MPP","negative","DDX46","negative_HSC_MPP"
"HSC_MPP__DMAC1","Factor3",-1.46246871109765,"HSC_MPP","negative","DMAC1","negative_HSC_MPP"
"HSC_MPP__DNAJA2","Factor3",-1.24758478145863,"HSC_MPP","negative","DNAJA2","negative_HSC_MPP"
"HSC_MPP__DNAJC2","Factor3",1.48989376503474,"HSC_MPP","positive","DNAJC2","positive_HSC_MPP"
"HSC_MPP__DPYD","Factor3",1.43333474096786,"HSC_MPP","positive","DPYD","positive_HSC_MPP"
"HSC_MPP__DYNC1H1","Factor3",-1.40741769049818,"HSC_MPP","negative","DYNC1H1","negative_HSC_MPP"
"HSC_MPP__DYNLRB1","Factor3",1.5328155800082,"HSC_MPP","positive","DYNLRB1","positive_HSC_MPP"
"HSC_MPP__EID1","Factor3",1.54733815523198,"HSC_MPP","positive","EID1","positive_HSC_MPP"
"HSC_MPP__EIF3A","Factor3",-1.26751047243462,"HSC_MPP","negative","EIF3A","negative_HSC_MPP"
"HSC_MPP__EIF4B","Factor3",1.51049483744435,"HSC_MPP","positive","EIF4B","positive_HSC_MPP"
"HSC_MPP__EIF4EBP1","Factor3",-1.52505505887733,"HSC_MPP","negative","EIF4EBP1","negative_HSC_MPP"
"HSC_MPP__EIF5","Factor3",1.64757012281435,"HSC_MPP","positive","EIF5","positive_HSC_MPP"
"HSC_MPP__FAM136A","Factor3",1.58430848220657,"HSC_MPP","positive","FAM136A","positive_HSC_MPP"
"HSC_MPP__FAR2","Factor3",-1.4443927493384,"HSC_MPP","negative","FAR2","negative_HSC_MPP"
"HSC_MPP__FBXO11","Factor3",1.30338106807512,"HSC_MPP","positive","FBXO11","positive_HSC_MPP"
"HSC_MPP__FCGRT","Factor3",-1.42096657923076,"HSC_MPP","negative","FCGRT","negative_HSC_MPP"
"HSC_MPP__FDX1","Factor3",-1.5372047676503,"HSC_MPP","negative","FDX1","negative_HSC_MPP"
"HSC_MPP__FHIT","Factor3",-1.3470116280708,"HSC_MPP","negative","FHIT","negative_HSC_MPP"
"HSC_MPP__FIP1L1","Factor3",-1.29504902186651,"HSC_MPP","negative","FIP1L1","negative_HSC_MPP"
"HSC_MPP__FNTA","Factor3",-1.29267987304563,"HSC_MPP","negative","FNTA","negative_HSC_MPP"
"HSC_MPP__FRMD4B","Factor3",1.70652926598557,"HSC_MPP","positive","FRMD4B","positive_HSC_MPP"
"HSC_MPP__GAPT","Factor3",-1.24066875401874,"HSC_MPP","negative","GAPT","negative_HSC_MPP"
"HSC_MPP__GIT2","Factor3",1.41101774871248,"HSC_MPP","positive","GIT2","positive_HSC_MPP"
"HSC_MPP__GOLPH3","Factor3",1.79466648421519,"HSC_MPP","positive","GOLPH3","positive_HSC_MPP"
"HSC_MPP__GPBP1","Factor3",1.62574650744989,"HSC_MPP","positive","GPBP1","positive_HSC_MPP"
"HSC_MPP__GPX4","Factor3",1.42296893169507,"HSC_MPP","positive","GPX4","positive_HSC_MPP"
"HSC_MPP__GTF3A","Factor3",1.76382541103455,"HSC_MPP","positive","GTF3A","positive_HSC_MPP"
"HSC_MPP__HDAC8","Factor3",-1.28285891556443,"HSC_MPP","negative","HDAC8","negative_HSC_MPP"
"HSC_MPP__HDAC9","Factor3",-1.31991405970791,"HSC_MPP","negative","HDAC9","negative_HSC_MPP"
"HSC_MPP__HDGF","Factor3",2.22494665476817,"HSC_MPP","positive","HDGF","positive_HSC_MPP"
"HSC_MPP__HLA.DPA1","Factor3",1.39696468858573,"HSC_MPP","positive","HLA.DPA1","positive_HSC_MPP"
"HSC_MPP__HLA.DRB1","Factor3",1.57127407994821,"HSC_MPP","positive","HLA.DRB1","positive_HSC_MPP"
"HSC_MPP__HM13","Factor3",-1.57503803331269,"HSC_MPP","negative","HM13","negative_HSC_MPP"
"HSC_MPP__HNRNPA3","Factor3",1.27542708830642,"HSC_MPP","positive","HNRNPA3","positive_HSC_MPP"
"HSC_MPP__HNRNPUL2","Factor3",-1.73875557746152,"HSC_MPP","negative","HNRNPUL2","negative_HSC_MPP"
"HSC_MPP__HSD17B11","Factor3",-1.62121773846763,"HSC_MPP","negative","HSD17B11","negative_HSC_MPP"
"HSC_MPP__HSP90AA1","Factor3",1.4004068253579,"HSC_MPP","positive","HSP90AA1","positive_HSC_MPP"
"HSC_MPP__HSPB1","Factor3",1.4060721221975,"HSC_MPP","positive","HSPB1","positive_HSC_MPP"
"HSC_MPP__IGBP1","Factor3",1.48924056845351,"HSC_MPP","positive","IGBP1","positive_HSC_MPP"
"HSC_MPP__IGF2BP1","Factor3",-1.79099446152599,"HSC_MPP","negative","IGF2BP1","negative_HSC_MPP"
"HSC_MPP__INPP4B","Factor3",1.73155237732155,"HSC_MPP","positive","INPP4B","positive_HSC_MPP"
"HSC_MPP__KDM1A","Factor3",-1.60542511157967,"HSC_MPP","negative","KDM1A","negative_HSC_MPP"
"HSC_MPP__KLF6","Factor3",-1.28928015523495,"HSC_MPP","negative","KLF6","negative_HSC_MPP"
"HSC_MPP__KRT10","Factor3",1.60028789034409,"HSC_MPP","positive","KRT10","positive_HSC_MPP"
"HSC_MPP__KTN1","Factor3",1.60593975021834,"HSC_MPP","positive","KTN1","positive_HSC_MPP"
"HSC_MPP__LAGE3","Factor3",1.55532020600143,"HSC_MPP","positive","LAGE3","positive_HSC_MPP"
"HSC_MPP__LDLRAD4","Factor3",-1.56861590937887,"HSC_MPP","negative","LDLRAD4","negative_HSC_MPP"
"HSC_MPP__LGALS9","Factor3",1.65564243692065,"HSC_MPP","positive","LGALS9","positive_HSC_MPP"
"HSC_MPP__LSP1","Factor3",-1.46284839372242,"HSC_MPP","negative","LSP1","negative_HSC_MPP"
"HSC_MPP__LUC7L2","Factor3",-1.42642963130108,"HSC_MPP","negative","LUC7L2","negative_HSC_MPP"
"HSC_MPP__MAGED1","Factor3",1.29075843669633,"HSC_MPP","positive","MAGED1","positive_HSC_MPP"
"HSC_MPP__MAN1A2","Factor3",1.5277960955164,"HSC_MPP","positive","MAN1A2","positive_HSC_MPP"
"HSC_MPP__MAP2K2","Factor3",1.81015079098397,"HSC_MPP","positive","MAP2K2","positive_HSC_MPP"
"HSC_MPP__MAPK1IP1L","Factor3",2.07530383243745,"HSC_MPP","positive","MAPK1IP1L","positive_HSC_MPP"
"HSC_MPP__MARCH6","Factor3",-1.76531370433718,"HSC_MPP","negative","MARCH6","negative_HSC_MPP"
"HSC_MPP__MAX","Factor3",1.69783894913188,"HSC_MPP","positive","MAX","positive_HSC_MPP"
"HSC_MPP__MAZ","Factor3",1.43230187787377,"HSC_MPP","positive","MAZ","positive_HSC_MPP"
"HSC_MPP__MEF2A","Factor3",-1.36783484021474,"HSC_MPP","negative","MEF2A","negative_HSC_MPP"
"HSC_MPP__METTL5","Factor3",-1.28699632503974,"HSC_MPP","negative","METTL5","negative_HSC_MPP"
"HSC_MPP__MFSD1","Factor3",-1.26533427178954,"HSC_MPP","negative","MFSD1","negative_HSC_MPP"
"HSC_MPP__MGMT","Factor3",-2.51241576240853,"HSC_MPP","negative","MGMT","negative_HSC_MPP"
"HSC_MPP__MRPL12","Factor3",-1.3655425111465,"HSC_MPP","negative","MRPL12","negative_HSC_MPP"
"HSC_MPP__MRPL16","Factor3",1.57497585954336,"HSC_MPP","positive","MRPL16","positive_HSC_MPP"
"HSC_MPP__MRPL20","Factor3",-1.27100490245056,"HSC_MPP","negative","MRPL20","negative_HSC_MPP"
"HSC_MPP__MRPL3","Factor3",-1.42563728612232,"HSC_MPP","negative","MRPL3","negative_HSC_MPP"
"HSC_MPP__MRPL51","Factor3",1.2792490814859,"HSC_MPP","positive","MRPL51","positive_HSC_MPP"
"HSC_MPP__MSRB3","Factor3",1.42688617729655,"HSC_MPP","positive","MSRB3","positive_HSC_MPP"
"HSC_MPP__MTHFD2L","Factor3",1.86492533367824,"HSC_MPP","positive","MTHFD2L","positive_HSC_MPP"
"HSC_MPP__NAXE","Factor3",-1.57359416410487,"HSC_MPP","negative","NAXE","negative_HSC_MPP"
"HSC_MPP__NDUFS5","Factor3",1.34940707469935,"HSC_MPP","positive","NDUFS5","positive_HSC_MPP"
"HSC_MPP__NFKBIA","Factor3",1.44120942093127,"HSC_MPP","positive","NFKBIA","positive_HSC_MPP"
"HSC_MPP__NGLY1","Factor3",1.30548251821587,"HSC_MPP","positive","NGLY1","positive_HSC_MPP"
"HSC_MPP__NIN","Factor3",1.32208906198854,"HSC_MPP","positive","NIN","positive_HSC_MPP"
"HSC_MPP__NKAIN2","Factor3",1.43132122406009,"HSC_MPP","positive","NKAIN2","positive_HSC_MPP"
"HSC_MPP__NUCB2","Factor3",1.74720674118022,"HSC_MPP","positive","NUCB2","positive_HSC_MPP"
"HSC_MPP__OCIAD2","Factor3",1.97266256791255,"HSC_MPP","positive","OCIAD2","positive_HSC_MPP"
"HSC_MPP__OIP5.AS1","Factor3",1.63160578756656,"HSC_MPP","positive","OIP5.AS1","positive_HSC_MPP"
"HSC_MPP__OLA1","Factor3",-2.22653272058522,"HSC_MPP","negative","OLA1","negative_HSC_MPP"
"HSC_MPP__OSBPL9","Factor3",1.30527965417147,"HSC_MPP","positive","OSBPL9","positive_HSC_MPP"
"HSC_MPP__OSGEP","Factor3",-1.6166687770705,"HSC_MPP","negative","OSGEP","negative_HSC_MPP"
"HSC_MPP__PA2G4","Factor3",-1.98118599299253,"HSC_MPP","negative","PA2G4","negative_HSC_MPP"
"HSC_MPP__PAFAH1B3","Factor3",-1.26192087393904,"HSC_MPP","negative","PAFAH1B3","negative_HSC_MPP"
"HSC_MPP__PAIP2","Factor3",1.83239089587011,"HSC_MPP","positive","PAIP2","positive_HSC_MPP"
"HSC_MPP__PAM","Factor3",-1.2604266474286,"HSC_MPP","negative","PAM","negative_HSC_MPP"
"HSC_MPP__PARVG","Factor3",-1.46972539521048,"HSC_MPP","negative","PARVG","negative_HSC_MPP"
"HSC_MPP__PCMT1","Factor3",-1.22692579091865,"HSC_MPP","negative","PCMT1","negative_HSC_MPP"
"HSC_MPP__PEBP1","Factor3",1.26452545305905,"HSC_MPP","positive","PEBP1","positive_HSC_MPP"
"HSC_MPP__PGLS","Factor3",-1.23016491406613,"HSC_MPP","negative","PGLS","negative_HSC_MPP"
"HSC_MPP__PHACTR4","Factor3",1.88254103997419,"HSC_MPP","positive","PHACTR4","positive_HSC_MPP"
"HSC_MPP__PLIN3","Factor3",-1.50049930630121,"HSC_MPP","negative","PLIN3","negative_HSC_MPP"
"HSC_MPP__POLR2E","Factor3",-1.33031965157484,"HSC_MPP","negative","POLR2E","negative_HSC_MPP"
"HSC_MPP__POLR2F","Factor3",-1.24638493834538,"HSC_MPP","negative","POLR2F","negative_HSC_MPP"
"HSC_MPP__PPDPF","Factor3",1.61214391542953,"HSC_MPP","positive","PPDPF","positive_HSC_MPP"
"HSC_MPP__PPP2R1A","Factor3",-1.24262995921023,"HSC_MPP","negative","PPP2R1A","negative_HSC_MPP"
"HSC_MPP__PRKACB","Factor3",1.50703614758824,"HSC_MPP","positive","PRKACB","positive_HSC_MPP"
"HSC_MPP__PRKAR1A","Factor3",-1.39640782422768,"HSC_MPP","negative","PRKAR1A","negative_HSC_MPP"
"HSC_MPP__PRPF38B","Factor3",1.70222314004886,"HSC_MPP","positive","PRPF38B","positive_HSC_MPP"
"HSC_MPP__PSMB8","Factor3",1.33472475133927,"HSC_MPP","positive","PSMB8","positive_HSC_MPP"
"HSC_MPP__PSMC5","Factor3",1.79098340859412,"HSC_MPP","positive","PSMC5","positive_HSC_MPP"
"HSC_MPP__PSME1","Factor3",1.29689517881886,"HSC_MPP","positive","PSME1","positive_HSC_MPP"
"HSC_MPP__PSME2","Factor3",1.54846557438702,"HSC_MPP","positive","PSME2","positive_HSC_MPP"
"HSC_MPP__RAB5IF","Factor3",-1.46004783608419,"HSC_MPP","negative","RAB5IF","negative_HSC_MPP"
"HSC_MPP__RABGAP1","Factor3",1.35600762679202,"HSC_MPP","positive","RABGAP1","positive_HSC_MPP"
"HSC_MPP__RAC2","Factor3",1.67259411204573,"HSC_MPP","positive","RAC2","positive_HSC_MPP"
"HSC_MPP__RAMP1","Factor3",-1.31827386459667,"HSC_MPP","negative","RAMP1","negative_HSC_MPP"
"HSC_MPP__RBCK1","Factor3",-1.26087476848324,"HSC_MPP","negative","RBCK1","negative_HSC_MPP"
"HSC_MPP__RBM17","Factor3",-1.49590584642855,"HSC_MPP","negative","RBM17","negative_HSC_MPP"
"HSC_MPP__RGS10","Factor3",-1.57466584402759,"HSC_MPP","negative","RGS10","negative_HSC_MPP"
"HSC_MPP__RHOA","Factor3",-1.48115316693431,"HSC_MPP","negative","RHOA","negative_HSC_MPP"
"HSC_MPP__RPN1","Factor3",-1.8809522429545,"HSC_MPP","negative","RPN1","negative_HSC_MPP"
"HSC_MPP__RPUSD3","Factor3",-1.49498180208479,"HSC_MPP","negative","RPUSD3","negative_HSC_MPP"
"HSC_MPP__RSRP1","Factor3",-1.44234426430797,"HSC_MPP","negative","RSRP1","negative_HSC_MPP"
"HSC_MPP__RTCB","Factor3",1.72069284201036,"HSC_MPP","positive","RTCB","positive_HSC_MPP"
"HSC_MPP__SARNP","Factor3",1.32932466787246,"HSC_MPP","positive","SARNP","positive_HSC_MPP"
"HSC_MPP__SEC11A","Factor3",-1.78478076727168,"HSC_MPP","negative","SEC11A","negative_HSC_MPP"
"HSC_MPP__SEC61B","Factor3",1.57255818071654,"HSC_MPP","positive","SEC61B","positive_HSC_MPP"
"HSC_MPP__SEPTIN11","Factor3",1.56647177634697,"HSC_MPP","positive","SEPTIN11","positive_HSC_MPP"
"HSC_MPP__SEPTIN7","Factor3",1.64791853532614,"HSC_MPP","positive","SEPTIN7","positive_HSC_MPP"
"HSC_MPP__SF3B2","Factor3",1.33952862310441,"HSC_MPP","positive","SF3B2","positive_HSC_MPP"
"HSC_MPP__SF3B5","Factor3",1.32505455558261,"HSC_MPP","positive","SF3B5","positive_HSC_MPP"
"HSC_MPP__SMARCC1","Factor3",-1.30339366523925,"HSC_MPP","negative","SMARCC1","negative_HSC_MPP"
"HSC_MPP__SMARCE1","Factor3",1.5805607915758,"HSC_MPP","positive","SMARCE1","positive_HSC_MPP"
"HSC_MPP__SMIM26","Factor3",1.52431860507309,"HSC_MPP","positive","SMIM26","positive_HSC_MPP"
"HSC_MPP__SMS","Factor3",1.39652085473129,"HSC_MPP","positive","SMS","positive_HSC_MPP"
"HSC_MPP__SMYD3","Factor3",-1.38479660606917,"HSC_MPP","negative","SMYD3","negative_HSC_MPP"
"HSC_MPP__SNHG16","Factor3",-2.50342604749048,"HSC_MPP","negative","SNHG16","negative_HSC_MPP"
"HSC_MPP__SPINK2","Factor3",1.80891092550633,"HSC_MPP","positive","SPINK2","positive_HSC_MPP"
"HSC_MPP__SRI","Factor3",-1.3285682333235,"HSC_MPP","negative","SRI","negative_HSC_MPP"
"HSC_MPP__SRSF11","Factor3",-1.87928291887094,"HSC_MPP","negative","SRSF11","negative_HSC_MPP"
"HSC_MPP__SSB","Factor3",1.82509007305706,"HSC_MPP","positive","SSB","positive_HSC_MPP"
"HSC_MPP__SSR3","Factor3",-1.44436735523835,"HSC_MPP","negative","SSR3","negative_HSC_MPP"
"HSC_MPP__ST13","Factor3",1.88405154395463,"HSC_MPP","positive","ST13","positive_HSC_MPP"
"HSC_MPP__STMP1","Factor3",1.85833530267878,"HSC_MPP","positive","STMP1","positive_HSC_MPP"
"HSC_MPP__SUMO2","Factor3",-1.44545067641744,"HSC_MPP","negative","SUMO2","negative_HSC_MPP"
"HSC_MPP__SYK","Factor3",1.30119648818503,"HSC_MPP","positive","SYK","positive_HSC_MPP"
"HSC_MPP__TCEAL4","Factor3",1.56792677739561,"HSC_MPP","positive","TCEAL4","positive_HSC_MPP"
"HSC_MPP__TFDP2","Factor3",1.95888450632619,"HSC_MPP","positive","TFDP2","positive_HSC_MPP"
"HSC_MPP__TFPI","Factor3",-1.93982734981611,"HSC_MPP","negative","TFPI","negative_HSC_MPP"
"HSC_MPP__TIMM17B","Factor3",-1.3024743608068,"HSC_MPP","negative","TIMM17B","negative_HSC_MPP"
"HSC_MPP__TMED4","Factor3",-1.67026687409089,"HSC_MPP","negative","TMED4","negative_HSC_MPP"
"HSC_MPP__TMEM69","Factor3",-1.44803209731388,"HSC_MPP","negative","TMEM69","negative_HSC_MPP"
"HSC_MPP__TPR","Factor3",-1.52197077882412,"HSC_MPP","negative","TPR","negative_HSC_MPP"
"HSC_MPP__TRIM44","Factor3",1.26924392530668,"HSC_MPP","positive","TRIM44","positive_HSC_MPP"
"HSC_MPP__TSPAN32","Factor3",-1.49491564247018,"HSC_MPP","negative","TSPAN32","negative_HSC_MPP"
"HSC_MPP__U2SURP","Factor3",1.34273238756052,"HSC_MPP","positive","U2SURP","positive_HSC_MPP"
"HSC_MPP__UBE2I","Factor3",-1.42087166860177,"HSC_MPP","negative","UBE2I","negative_HSC_MPP"
"HSC_MPP__UPF3A","Factor3",-1.70343998469883,"HSC_MPP","negative","UPF3A","negative_HSC_MPP"
"HSC_MPP__UQCRB","Factor3",1.27590895098815,"HSC_MPP","positive","UQCRB","positive_HSC_MPP"
"HSC_MPP__UROD","Factor3",1.80091812856009,"HSC_MPP","positive","UROD","positive_HSC_MPP"
"HSC_MPP__USP48","Factor3",-1.53608574045129,"HSC_MPP","negative","USP48","negative_HSC_MPP"
"HSC_MPP__VPS13C","Factor3",1.5722167163752,"HSC_MPP","positive","VPS13C","positive_HSC_MPP"
"HSC_MPP__WWOX","Factor3",-1.76295097432565,"HSC_MPP","negative","WWOX","negative_HSC_MPP"
"HSC_MPP__XRCC5","Factor3",1.36042882252851,"HSC_MPP","positive","XRCC5","positive_HSC_MPP"
"HSC_MPP__YTHDF2","Factor3",-1.42369880228773,"HSC_MPP","negative","YTHDF2","negative_HSC_MPP"
"HSC_MPP__YY1","Factor3",1.46836013985716,"HSC_MPP","positive","YY1","positive_HSC_MPP"
"HSC_MPP__ZEB2","Factor3",-1.47843741563831,"HSC_MPP","negative","ZEB2","negative_HSC_MPP"
"HSC_MPP__ZFAND1","Factor3",1.46735930755054,"HSC_MPP","positive","ZFAND1","positive_HSC_MPP"
"HSC_MPP__ZNF22","Factor3",2.23473416726192,"HSC_MPP","positive","ZNF22","positive_HSC_MPP"
"HSC_MPP__ZNRF1","Factor3",1.86877619177563,"HSC_MPP","positive","ZNRF1","positive_HSC_MPP"
"MEMP__AASDHPPT","Factor3",-1.59807514033575,"MEMP","negative","AASDHPPT","negative_MEMP"
"MEMP__AC002454.1","Factor3",1.74427177906883,"MEMP","positive","AC002454.1","positive_MEMP"
"MEMP__ACTN4","Factor3",1.55574586617648,"MEMP","positive","ACTN4","positive_MEMP"
"MEMP__ACTR2","Factor3",1.74698053825378,"MEMP","positive","ACTR2","positive_MEMP"
"MEMP__AFF2","Factor3",-1.48235266015617,"MEMP","negative","AFF2","negative_MEMP"
"MEMP__AIF1","Factor3",2.11660114979939,"MEMP","positive","AIF1","positive_MEMP"
"MEMP__AP2M1","Factor3",-1.87765906498901,"MEMP","negative","AP2M1","negative_MEMP"
"MEMP__ARF4","Factor3",-2.37941537963159,"MEMP","negative","ARF4","negative_MEMP"
"MEMP__ARL6IP4","Factor3",-1.53222038781671,"MEMP","negative","ARL6IP4","negative_MEMP"
"MEMP__ARPC2","Factor3",1.59172894783756,"MEMP","positive","ARPC2","positive_MEMP"
"MEMP__ARPC5","Factor3",1.5377878655636,"MEMP","positive","ARPC5","positive_MEMP"
"MEMP__ATP5MC3","Factor3",-1.89725878254628,"MEMP","negative","ATP5MC3","negative_MEMP"
"MEMP__AUP1","Factor3",-1.84652591818679,"MEMP","negative","AUP1","negative_MEMP"
"MEMP__BABAM1","Factor3",1.68135662087324,"MEMP","positive","BABAM1","positive_MEMP"
"MEMP__C1QBP","Factor3",-1.80201175567639,"MEMP","negative","C1QBP","negative_MEMP"
"MEMP__CAVIN2","Factor3",-1.72656895886109,"MEMP","negative","CAVIN2","negative_MEMP"
"MEMP__CBX5","Factor3",-1.64312467605623,"MEMP","negative","CBX5","negative_MEMP"
"MEMP__CCDC124","Factor3",-1.45164589410791,"MEMP","negative","CCDC124","negative_MEMP"
"MEMP__CCS","Factor3",1.68191659553371,"MEMP","positive","CCS","positive_MEMP"
"MEMP__CD302","Factor3",1.9453444514465,"MEMP","positive","CD302","positive_MEMP"
"MEMP__CDC27","Factor3",-1.6564421250665,"MEMP","negative","CDC27","negative_MEMP"
"MEMP__CDC73","Factor3",1.59339188104447,"MEMP","positive","CDC73","positive_MEMP"
"MEMP__CGGBP1","Factor3",1.59314453905042,"MEMP","positive","CGGBP1","positive_MEMP"
"MEMP__CHD7","Factor3",-1.46628329590036,"MEMP","negative","CHD7","negative_MEMP"
"MEMP__CHST11","Factor3",1.65491147111886,"MEMP","positive","CHST11","positive_MEMP"
"MEMP__CITED2","Factor3",-1.52407354670938,"MEMP","negative","CITED2","negative_MEMP"
"MEMP__CLPP","Factor3",-1.44141850311966,"MEMP","negative","CLPP","negative_MEMP"
"MEMP__CMC1","Factor3",-1.58623596914237,"MEMP","negative","CMC1","negative_MEMP"
"MEMP__CNRIP1","Factor3",-1.95809421311621,"MEMP","negative","CNRIP1","negative_MEMP"
"MEMP__COPS2","Factor3",-1.56618142545655,"MEMP","negative","COPS2","negative_MEMP"
"MEMP__CPXM1","Factor3",1.90998493469165,"MEMP","positive","CPXM1","positive_MEMP"
"MEMP__CUEDC2","Factor3",-1.46267083858422,"MEMP","negative","CUEDC2","negative_MEMP"
"MEMP__CWC15","Factor3",-1.48542310426521,"MEMP","negative","CWC15","negative_MEMP"
"MEMP__DCAF7","Factor3",1.68988294321779,"MEMP","positive","DCAF7","positive_MEMP"
"MEMP__DDX46","Factor3",1.62010212609907,"MEMP","positive","DDX46","positive_MEMP"
"MEMP__DLC1","Factor3",-1.66515367377503,"MEMP","negative","DLC1","negative_MEMP"
"MEMP__DMAC1","Factor3",-1.61582672825529,"MEMP","negative","DMAC1","negative_MEMP"
"MEMP__DNAAF2","Factor3",2.00890688513637,"MEMP","positive","DNAAF2","positive_MEMP"
"MEMP__DYNC1LI1","Factor3",1.69518950381779,"MEMP","positive","DYNC1LI1","positive_MEMP"
"MEMP__DYNLT1","Factor3",-1.60526669726263,"MEMP","negative","DYNLT1","negative_MEMP"
"MEMP__ECHDC1","Factor3",-1.6213302836247,"MEMP","negative","ECHDC1","negative_MEMP"
"MEMP__EGFL7","Factor3",-1.88669221877263,"MEMP","negative","EGFL7","negative_MEMP"
"MEMP__EI24","Factor3",-1.61832014585516,"MEMP","negative","EI24","negative_MEMP"
"MEMP__EIF2A","Factor3",1.99799181416423,"MEMP","positive","EIF2A","positive_MEMP"
"MEMP__EIF2D","Factor3",2.62263556174356,"MEMP","positive","EIF2D","positive_MEMP"
"MEMP__EIF4A2","Factor3",1.66477319536264,"MEMP","positive","EIF4A2","positive_MEMP"
"MEMP__EIF5","Factor3",1.99491767946591,"MEMP","positive","EIF5","positive_MEMP"
"MEMP__EIF5A","Factor3",-1.43954066415141,"MEMP","negative","EIF5A","negative_MEMP"
"MEMP__ENO1","Factor3",-1.54867175061255,"MEMP","negative","ENO1","negative_MEMP"
"MEMP__FAM162A","Factor3",-1.62819618921971,"MEMP","negative","FAM162A","negative_MEMP"
"MEMP__FARSA","Factor3",-1.66184260281142,"MEMP","negative","FARSA","negative_MEMP"
"MEMP__FBL","Factor3",1.5895678290291,"MEMP","positive","FBL","positive_MEMP"
"MEMP__FBXO7","Factor3",1.66462402630921,"MEMP","positive","FBXO7","positive_MEMP"
"MEMP__FES","Factor3",1.66151287506794,"MEMP","positive","FES","positive_MEMP"
"MEMP__FKBP1A","Factor3",-1.62100013441116,"MEMP","negative","FKBP1A","negative_MEMP"
"MEMP__FKBP4","Factor3",-1.47793772617926,"MEMP","negative","FKBP4","negative_MEMP"
"MEMP__FNBP4","Factor3",1.62877819711115,"MEMP","positive","FNBP4","positive_MEMP"
"MEMP__GADD45GIP1","Factor3",-1.76962587747639,"MEMP","negative","GADD45GIP1","negative_MEMP"
"MEMP__GAS5","Factor3",1.65455603251092,"MEMP","positive","GAS5","positive_MEMP"
"MEMP__GDI2","Factor3",2.09333691544784,"MEMP","positive","GDI2","positive_MEMP"
"MEMP__GGNBP2","Factor3",1.77222993223998,"MEMP","positive","GGNBP2","positive_MEMP"
"MEMP__GNL3","Factor3",1.56502431944183,"MEMP","positive","GNL3","positive_MEMP"
"MEMP__GRSF1","Factor3",1.7798289393908,"MEMP","positive","GRSF1","positive_MEMP"
"MEMP__GTF2F1","Factor3",1.72485274631562,"MEMP","positive","GTF2F1","positive_MEMP"
"MEMP__HAX1","Factor3",-1.95731109298923,"MEMP","negative","HAX1","negative_MEMP"
"MEMP__HDAC1","Factor3",-1.50999062903148,"MEMP","negative","HDAC1","negative_MEMP"
"MEMP__HERC4","Factor3",2.06599955351027,"MEMP","positive","HERC4","positive_MEMP"
"MEMP__HHEX","Factor3",1.70426114371578,"MEMP","positive","HHEX","positive_MEMP"
"MEMP__HIBCH","Factor3",1.72051750364796,"MEMP","positive","HIBCH","positive_MEMP"
"MEMP__HIKESHI","Factor3",-1.471167298327,"MEMP","negative","HIKESHI","negative_MEMP"
"MEMP__HMG20B","Factor3",1.79950857377078,"MEMP","positive","HMG20B","positive_MEMP"
"MEMP__HNRNPC","Factor3",1.5657284327196,"MEMP","positive","HNRNPC","positive_MEMP"
"MEMP__HNRNPH2","Factor3",2.16170588883887,"MEMP","positive","HNRNPH2","positive_MEMP"
"MEMP__IGF2BP1","Factor3",-2.16049547873942,"MEMP","negative","IGF2BP1","negative_MEMP"
"MEMP__IGF2BP2","Factor3",-1.45596870445485,"MEMP","negative","IGF2BP2","negative_MEMP"
"MEMP__IMP3","Factor3",-1.48269035241874,"MEMP","negative","IMP3","negative_MEMP"
"MEMP__ING4","Factor3",2.08879258107709,"MEMP","positive","ING4","positive_MEMP"
"MEMP__IWS1","Factor3",1.80204665391421,"MEMP","positive","IWS1","positive_MEMP"
"MEMP__JPT1","Factor3",-1.52978646133049,"MEMP","negative","JPT1","negative_MEMP"
"MEMP__KDM6A","Factor3",2.09575842337227,"MEMP","positive","KDM6A","positive_MEMP"
"MEMP__KHDRBS1","Factor3",1.61493328517818,"MEMP","positive","KHDRBS1","positive_MEMP"
"MEMP__KRAS","Factor3",1.75861390208161,"MEMP","positive","KRAS","positive_MEMP"
"MEMP__LGALS9","Factor3",1.86542611493246,"MEMP","positive","LGALS9","positive_MEMP"
"MEMP__LMNB1","Factor3",-1.50994407202719,"MEMP","negative","LMNB1","negative_MEMP"
"MEMP__LSM5","Factor3",-1.43678885787957,"MEMP","negative","LSM5","negative_MEMP"
"MEMP__LYAR","Factor3",-1.73847759465375,"MEMP","negative","LYAR","negative_MEMP"
"MEMP__LYPLA2","Factor3",-1.57722580598336,"MEMP","negative","LYPLA2","negative_MEMP"
"MEMP__MBOAT2","Factor3",1.59758820559384,"MEMP","positive","MBOAT2","positive_MEMP"
"MEMP__MDH2","Factor3",-1.50570054233591,"MEMP","negative","MDH2","negative_MEMP"
"MEMP__MEA1","Factor3",-1.53443035087259,"MEMP","negative","MEA1","negative_MEMP"
"MEMP__MESD","Factor3",-2.07530649221029,"MEMP","negative","MESD","negative_MEMP"
"MEMP__MICU1","Factor3",1.61446519445272,"MEMP","positive","MICU1","positive_MEMP"
"MEMP__MIR181A1HG","Factor3",-1.79417202458425,"MEMP","negative","MIR181A1HG","negative_MEMP"
"MEMP__MIS18BP1","Factor3",2.41140307832397,"MEMP","positive","MIS18BP1","positive_MEMP"
"MEMP__MPDU1","Factor3",-1.48826899898191,"MEMP","negative","MPDU1","negative_MEMP"
"MEMP__MPP1","Factor3",1.58646928643259,"MEMP","positive","MPP1","positive_MEMP"
"MEMP__MRFAP1","Factor3",1.67586911385524,"MEMP","positive","MRFAP1","positive_MEMP"
"MEMP__MRPL20","Factor3",-1.46290374352391,"MEMP","negative","MRPL20","negative_MEMP"
"MEMP__MRPL28","Factor3",-1.46850540476579,"MEMP","negative","MRPL28","negative_MEMP"
"MEMP__MRPL36","Factor3",-1.48580102139637,"MEMP","negative","MRPL36","negative_MEMP"
"MEMP__MRPS28","Factor3",-1.75051744707745,"MEMP","negative","MRPS28","negative_MEMP"
"MEMP__MTPN","Factor3",1.57759027887679,"MEMP","positive","MTPN","positive_MEMP"
"MEMP__MTURN","Factor3",1.79812260491297,"MEMP","positive","MTURN","positive_MEMP"
"MEMP__MXD4","Factor3",1.70658219563322,"MEMP","positive","MXD4","positive_MEMP"
"MEMP__MYC","Factor3",-1.96246685245714,"MEMP","negative","MYC","negative_MEMP"
"MEMP__MYL4","Factor3",-1.75561769566721,"MEMP","negative","MYL4","negative_MEMP"
"MEMP__NAA50","Factor3",1.72332055585969,"MEMP","positive","NAA50","positive_MEMP"
"MEMP__NDUFAF3","Factor3",-1.59220824019438,"MEMP","negative","NDUFAF3","negative_MEMP"
"MEMP__NDUFAF6","Factor3",1.69620354603694,"MEMP","positive","NDUFAF6","positive_MEMP"
"MEMP__NDUFB1","Factor3",-1.63039567795631,"MEMP","negative","NDUFB1","negative_MEMP"
"MEMP__NDUFV3","Factor3",-1.65171434950125,"MEMP","negative","NDUFV3","negative_MEMP"
"MEMP__NMI","Factor3",1.95655593069405,"MEMP","positive","NMI","positive_MEMP"
"MEMP__NOLC1","Factor3",1.6521126830832,"MEMP","positive","NOLC1","positive_MEMP"
"MEMP__NOP16","Factor3",-1.50646310871102,"MEMP","negative","NOP16","negative_MEMP"
"MEMP__NPEPPS","Factor3",1.76521382507462,"MEMP","positive","NPEPPS","positive_MEMP"
"MEMP__NRDC","Factor3",2.07658018203471,"MEMP","positive","NRDC","positive_MEMP"
"MEMP__NRIP1","Factor3",1.62890513544249,"MEMP","positive","NRIP1","positive_MEMP"
"MEMP__NSMCE2","Factor3",1.82091176602056,"MEMP","positive","NSMCE2","positive_MEMP"
"MEMP__NT5C","Factor3",-1.51404979922523,"MEMP","negative","NT5C","negative_MEMP"
"MEMP__NT5C3A","Factor3",1.5388437074087,"MEMP","positive","NT5C3A","positive_MEMP"
"MEMP__PAICS","Factor3",-1.43859226348535,"MEMP","negative","PAICS","negative_MEMP"
"MEMP__PARK7","Factor3",1.88025341732677,"MEMP","positive","PARK7","positive_MEMP"
"MEMP__PDCD4","Factor3",1.89564356552018,"MEMP","positive","PDCD4","positive_MEMP"
"MEMP__PFKL","Factor3",1.59285394892338,"MEMP","positive","PFKL","positive_MEMP"
"MEMP__PIM1","Factor3",-2.25370647097165,"MEMP","negative","PIM1","negative_MEMP"
"MEMP__PLD3","Factor3",1.77634795702476,"MEMP","positive","PLD3","positive_MEMP"
"MEMP__PLEKHJ1","Factor3",-2.0979197416651,"MEMP","negative","PLEKHJ1","negative_MEMP"
"MEMP__PLGRKT","Factor3",-1.54779098036188,"MEMP","negative","PLGRKT","negative_MEMP"
"MEMP__PNRC2","Factor3",1.89704213522956,"MEMP","positive","PNRC2","positive_MEMP"
"MEMP__POLR2H","Factor3",-1.5741803407915,"MEMP","negative","POLR2H","negative_MEMP"
"MEMP__PPDPF","Factor3",1.62222775989245,"MEMP","positive","PPDPF","positive_MEMP"
"MEMP__PPHLN1","Factor3",1.74101747041192,"MEMP","positive","PPHLN1","positive_MEMP"
"MEMP__PPM1G","Factor3",-1.9111195912293,"MEMP","negative","PPM1G","negative_MEMP"
"MEMP__PQBP1","Factor3",1.58546684673829,"MEMP","positive","PQBP1","positive_MEMP"
"MEMP__PRDX5","Factor3",-1.45915615109709,"MEMP","negative","PRDX5","negative_MEMP"
"MEMP__PRR13","Factor3",1.62032150016799,"MEMP","positive","PRR13","positive_MEMP"
"MEMP__PSIP1","Factor3",1.69449698110395,"MEMP","positive","PSIP1","positive_MEMP"
"MEMP__PSMB1","Factor3",-1.58016322229987,"MEMP","negative","PSMB1","negative_MEMP"
"MEMP__PSMB6","Factor3",1.74206217026586,"MEMP","positive","PSMB6","positive_MEMP"
"MEMP__PTTG1IP","Factor3",1.70176183613817,"MEMP","positive","PTTG1IP","positive_MEMP"
"MEMP__RAB11A","Factor3",-1.99378559222354,"MEMP","negative","RAB11A","negative_MEMP"
"MEMP__RAC2","Factor3",1.75214684092477,"MEMP","positive","RAC2","positive_MEMP"
"MEMP__RAD21","Factor3",1.69161109392019,"MEMP","positive","RAD21","positive_MEMP"
"MEMP__RAD23A","Factor3",-2.14497190524948,"MEMP","negative","RAD23A","negative_MEMP"
"MEMP__RAP1B","Factor3",2.042339904809,"MEMP","positive","RAP1B","positive_MEMP"
"MEMP__RBM4","Factor3",-1.87746735375454,"MEMP","negative","RBM4","negative_MEMP"
"MEMP__RBM5","Factor3",1.89933146087374,"MEMP","positive","RBM5","positive_MEMP"
"MEMP__REPIN1","Factor3",1.60107510713838,"MEMP","positive","REPIN1","positive_MEMP"
"MEMP__RHOBTB3","Factor3",-1.73140430207735,"MEMP","negative","RHOBTB3","negative_MEMP"
"MEMP__RNF24","Factor3",1.66352863700244,"MEMP","positive","RNF24","positive_MEMP"
"MEMP__RNPS1","Factor3",-1.46353338975696,"MEMP","negative","RNPS1","negative_MEMP"
"MEMP__ROCK1","Factor3",1.59470993318305,"MEMP","positive","ROCK1","positive_MEMP"
"MEMP__RPN1","Factor3",-1.62591374489393,"MEMP","negative","RPN1","negative_MEMP"
"MEMP__SARS","Factor3",-1.53811153077873,"MEMP","negative","SARS","negative_MEMP"
"MEMP__SDHC","Factor3",-1.77810120403425,"MEMP","negative","SDHC","negative_MEMP"
"MEMP__SEC13","Factor3",-2.5194516096035,"MEMP","negative","SEC13","negative_MEMP"
"MEMP__SERINC3","Factor3",1.78922603974071,"MEMP","positive","SERINC3","positive_MEMP"
"MEMP__SERPINB1","Factor3",1.8848377113987,"MEMP","positive","SERPINB1","positive_MEMP"
"MEMP__SFT2D1","Factor3",-1.62253291867608,"MEMP","negative","SFT2D1","negative_MEMP"
"MEMP__SHKBP1","Factor3",1.7237507335328,"MEMP","positive","SHKBP1","positive_MEMP"
"MEMP__SLC12A6","Factor3",1.78072422206353,"MEMP","positive","SLC12A6","positive_MEMP"
"MEMP__SLC3A2","Factor3",1.68659133789184,"MEMP","positive","SLC3A2","positive_MEMP"
"MEMP__SMAD2","Factor3",1.66019662317527,"MEMP","positive","SMAD2","positive_MEMP"
"MEMP__SMIM1","Factor3",-1.62056598855668,"MEMP","negative","SMIM1","negative_MEMP"
"MEMP__SMIM24","Factor3",1.63575227249369,"MEMP","positive","SMIM24","positive_MEMP"
"MEMP__SMNDC1","Factor3",-1.66613977314914,"MEMP","negative","SMNDC1","negative_MEMP"
"MEMP__SNRNP40","Factor3",-1.63841532923913,"MEMP","negative","SNRNP40","negative_MEMP"
"MEMP__SNRPG","Factor3",-1.55553203731076,"MEMP","negative","SNRPG","negative_MEMP"
"MEMP__SPINT2","Factor3",1.59605632788344,"MEMP","positive","SPINT2","positive_MEMP"
"MEMP__SRSF2","Factor3",-1.62934754879923,"MEMP","negative","SRSF2","negative_MEMP"
"MEMP__SSR2","Factor3",1.60999823681331,"MEMP","positive","SSR2","positive_MEMP"
"MEMP__STMP1","Factor3",1.66592470689508,"MEMP","positive","STMP1","positive_MEMP"
"MEMP__STOML2","Factor3",-2.11411432513601,"MEMP","negative","STOML2","negative_MEMP"
"MEMP__SUMO1","Factor3",1.64777641297865,"MEMP","positive","SUMO1","positive_MEMP"
"MEMP__TADA3","Factor3",-2.1094180111554,"MEMP","negative","TADA3","negative_MEMP"
"MEMP__THRAP3","Factor3",-1.47249598539404,"MEMP","negative","THRAP3","negative_MEMP"
"MEMP__TIMM23","Factor3",-1.59330057671252,"MEMP","negative","TIMM23","negative_MEMP"
"MEMP__TIMP3","Factor3",-1.8312520409779,"MEMP","negative","TIMP3","negative_MEMP"
"MEMP__TM7SF3","Factor3",1.58990341332695,"MEMP","positive","TM7SF3","positive_MEMP"
"MEMP__TMEM173","Factor3",-1.70204390242135,"MEMP","negative","TMEM173","negative_MEMP"
"MEMP__TOMM70","Factor3",1.58368638459908,"MEMP","positive","TOMM70","positive_MEMP"
"MEMP__TPM4","Factor3",-1.57057075834851,"MEMP","negative","TPM4","negative_MEMP"
"MEMP__TRA2A","Factor3",1.91780530791924,"MEMP","positive","TRA2A","positive_MEMP"
"MEMP__TSEN54","Factor3",-1.55865203528114,"MEMP","negative","TSEN54","negative_MEMP"
"MEMP__TXNL4A","Factor3",-1.59172455296919,"MEMP","negative","TXNL4A","negative_MEMP"
"MEMP__UBB","Factor3",2.15742754367576,"MEMP","positive","UBB","positive_MEMP"
"MEMP__UBE2N","Factor3",-1.45663685080193,"MEMP","negative","UBE2N","negative_MEMP"
"MEMP__USP24","Factor3",-1.78860124731917,"MEMP","negative","USP24","negative_MEMP"
"MEMP__VASP","Factor3",1.69357039249816,"MEMP","positive","VASP","positive_MEMP"
"MEMP__VAT1","Factor3",1.67406902317057,"MEMP","positive","VAT1","positive_MEMP"
"MEMP__VKORC1","Factor3",1.77530882227174,"MEMP","positive","VKORC1","positive_MEMP"
"MEMP__VPS37B","Factor3",1.9143461322404,"MEMP","positive","VPS37B","positive_MEMP"
"MEMP__VPS41","Factor3",-1.99889784041867,"MEMP","negative","VPS41","negative_MEMP"
"MEMP__VTA1","Factor3",-1.47552785515621,"MEMP","negative","VTA1","negative_MEMP"
"MEMP__WAPL","Factor3",1.82533665872695,"MEMP","positive","WAPL","positive_MEMP"
"MEMP__WRN","Factor3",-1.84209899154122,"MEMP","negative","WRN","negative_MEMP"
"MEMP__YWHAH","Factor3",-1.50237360338771,"MEMP","negative","YWHAH","negative_MEMP"
"MEMP__ZNF292","Factor3",1.57965862550598,"MEMP","positive","ZNF292","positive_MEMP"
"MEMP__ZNF511","Factor3",-1.4627240291512,"MEMP","negative","ZNF511","negative_MEMP"
"MEMP__ZNF644","Factor3",-1.78676973864643,"MEMP","negative","ZNF644","negative_MEMP"
"MEP__ADH5","Factor3",0.899793981595164,"MEP","positive","ADH5","positive_MEP"
"MEP__AFF2","Factor3",-1.85335407783347,"MEP","negative","AFF2","negative_MEP"
"MEP__AHSA1","Factor3",1.0766631739687,"MEP","positive","AHSA1","positive_MEP"
"MEP__AL034397.3","Factor3",-1.71622032228552,"MEP","negative","AL034397.3","negative_MEP"
"MEP__ANP32B","Factor3",0.96027257193643,"MEP","positive","ANP32B","positive_MEP"
"MEP__ANXA7","Factor3",-1.70720487205891,"MEP","negative","ANXA7","negative_MEP"
"MEP__AP1M1","Factor3",0.942296070804617,"MEP","positive","AP1M1","positive_MEP"
"MEP__APOO","Factor3",0.924812489006454,"MEP","positive","APOO","positive_MEP"
"MEP__ARF1","Factor3",-1.54409211614385,"MEP","negative","ARF1","negative_MEP"
"MEP__ARGLU1","Factor3",-1.54418494235562,"MEP","negative","ARGLU1","negative_MEP"
"MEP__ARPC1B","Factor3",-1.69999575316274,"MEP","negative","ARPC1B","negative_MEP"
"MEP__ASAH1","Factor3",-2.00138122049328,"MEP","negative","ASAH1","negative_MEP"
"MEP__ATP2C1","Factor3",-1.53411697099514,"MEP","negative","ATP2C1","negative_MEP"
"MEP__ATP6V0C","Factor3",-1.70379356213952,"MEP","negative","ATP6V0C","negative_MEP"
"MEP__ATP6V1F","Factor3",-1.78009065634923,"MEP","negative","ATP6V1F","negative_MEP"
"MEP__BABAM1","Factor3",1.04169661602058,"MEP","positive","BABAM1","positive_MEP"
"MEP__BANF1","Factor3",1.36212712844715,"MEP","positive","BANF1","positive_MEP"
"MEP__BCAT1","Factor3",-1.81522919356513,"MEP","negative","BCAT1","negative_MEP"
"MEP__BEX4","Factor3",-1.56175051304042,"MEP","negative","BEX4","negative_MEP"
"MEP__C19orf53","Factor3",0.915062319399092,"MEP","positive","C19orf53","positive_MEP"
"MEP__C21orf91","Factor3",-1.80141912560355,"MEP","negative","C21orf91","negative_MEP"
"MEP__C9orf78","Factor3",-1.64564550476813,"MEP","negative","C9orf78","negative_MEP"
"MEP__CAP1","Factor3",-1.9318570921438,"MEP","negative","CAP1","negative_MEP"
"MEP__CASP6","Factor3",1.46172852372872,"MEP","positive","CASP6","positive_MEP"
"MEP__CCDC12","Factor3",1.16348816271994,"MEP","positive","CCDC12","positive_MEP"
"MEP__CCT8","Factor3",1.29642226698464,"MEP","positive","CCT8","positive_MEP"
"MEP__CD47","Factor3",-1.47550241360963,"MEP","negative","CD47","negative_MEP"
"MEP__CD69","Factor3",-1.83361339791101,"MEP","negative","CD69","negative_MEP"
"MEP__CDC27","Factor3",1.0427488208964,"MEP","positive","CDC27","positive_MEP"
"MEP__CDV3","Factor3",-1.73558183237494,"MEP","negative","CDV3","negative_MEP"
"MEP__CHTF8","Factor3",-1.54105848814698,"MEP","negative","CHTF8","negative_MEP"
"MEP__CLINT1","Factor3",-1.89841701429092,"MEP","negative","CLINT1","negative_MEP"
"MEP__CLPP","Factor3",0.906799768001106,"MEP","positive","CLPP","positive_MEP"
"MEP__CMPK1","Factor3",0.902662183355353,"MEP","positive","CMPK1","positive_MEP"
"MEP__CNOT7","Factor3",1.01369725786688,"MEP","positive","CNOT7","positive_MEP"
"MEP__CNRIP1","Factor3",-1.88199911832307,"MEP","negative","CNRIP1","negative_MEP"
"MEP__COPZ1","Factor3",1.01563181228981,"MEP","positive","COPZ1","positive_MEP"
"MEP__COX7A2L","Factor3",1.03098109945699,"MEP","positive","COX7A2L","positive_MEP"
"MEP__CSNK1A1","Factor3",-1.68022854449339,"MEP","negative","CSNK1A1","negative_MEP"
"MEP__CSNK2A1","Factor3",1.64257681950264,"MEP","positive","CSNK2A1","positive_MEP"
"MEP__CST3","Factor3",-1.6592336645869,"MEP","negative","CST3","negative_MEP"
"MEP__CYCS","Factor3",-1.7351241127462,"MEP","negative","CYCS","negative_MEP"
"MEP__DDOST","Factor3",0.896076482150399,"MEP","positive","DDOST","positive_MEP"
"MEP__DICER1","Factor3",-1.52583246813373,"MEP","negative","DICER1","negative_MEP"
"MEP__DNAJC4","Factor3",-1.61929946100994,"MEP","negative","DNAJC4","negative_MEP"
"MEP__DRG1","Factor3",0.901379165202471,"MEP","positive","DRG1","positive_MEP"
"MEP__EGR1","Factor3",-1.71606800261724,"MEP","negative","EGR1","negative_MEP"
"MEP__EIF1B","Factor3",-2.273152923001,"MEP","negative","EIF1B","negative_MEP"
"MEP__ELOB","Factor3",-1.50957401489626,"MEP","negative","ELOB","negative_MEP"
"MEP__ENPP3","Factor3",-1.63514316755141,"MEP","negative","ENPP3","negative_MEP"
"MEP__ENSA","Factor3",-2.11640486280168,"MEP","negative","ENSA","negative_MEP"
"MEP__ERCC1","Factor3",-1.49121377759871,"MEP","negative","ERCC1","negative_MEP"
"MEP__EWSR1","Factor3",-1.85223417027375,"MEP","negative","EWSR1","negative_MEP"
"MEP__FAF1","Factor3",1.2214499393247,"MEP","positive","FAF1","positive_MEP"
"MEP__FBL","Factor3",1.50145929069157,"MEP","positive","FBL","positive_MEP"
"MEP__FCER1G","Factor3",-1.86161053744558,"MEP","negative","FCER1G","negative_MEP"
"MEP__FIP1L1","Factor3",1.24741994477961,"MEP","positive","FIP1L1","positive_MEP"
"MEP__FMC1","Factor3",1.01248396710091,"MEP","positive","FMC1","positive_MEP"
"MEP__FOS","Factor3",-1.90215009452173,"MEP","negative","FOS","negative_MEP"
"MEP__FTH1","Factor3",-2.03797054250709,"MEP","negative","FTH1","negative_MEP"
"MEP__FTL","Factor3",-1.99994977521188,"MEP","negative","FTL","negative_MEP"
"MEP__GDI2","Factor3",-1.69025084795527,"MEP","negative","GDI2","negative_MEP"
"MEP__GRINA","Factor3",-1.66829826791119,"MEP","negative","GRINA","negative_MEP"
"MEP__GTF2A2","Factor3",-1.99659678917252,"MEP","negative","GTF2A2","negative_MEP"
"MEP__GTF2H5","Factor3",-1.71182050248779,"MEP","negative","GTF2H5","negative_MEP"
"MEP__HADHB","Factor3",0.96744331107149,"MEP","positive","HADHB","positive_MEP"
"MEP__HAUS4","Factor3",1.13100326274374,"MEP","positive","HAUS4","positive_MEP"
"MEP__HDAC8","Factor3",0.920020763218027,"MEP","positive","HDAC8","positive_MEP"
"MEP__HIGD2A","Factor3",1.08590826864919,"MEP","positive","HIGD2A","positive_MEP"
"MEP__HPGDS","Factor3",-1.86841941228928,"MEP","negative","HPGDS","negative_MEP"
"MEP__HSD17B11","Factor3",1.33658647789402,"MEP","positive","HSD17B11","positive_MEP"
"MEP__HSPD1","Factor3",1.22946345330627,"MEP","positive","HSPD1","positive_MEP"
"MEP__HUWE1","Factor3",1.0463814572919,"MEP","positive","HUWE1","positive_MEP"
"MEP__HYAL3","Factor3",-1.62336443450047,"MEP","negative","HYAL3","negative_MEP"
"MEP__IDH3G","Factor3",1.48980969700175,"MEP","positive","IDH3G","positive_MEP"
"MEP__IER2","Factor3",-1.93983782489923,"MEP","negative","IER2","negative_MEP"
"MEP__IMMT","Factor3",0.902815880729668,"MEP","positive","IMMT","positive_MEP"
"MEP__INPP4B","Factor3",1.43376185013488,"MEP","positive","INPP4B","positive_MEP"
"MEP__ITGA4","Factor3",-1.83930840869114,"MEP","negative","ITGA4","negative_MEP"
"MEP__ITGAE","Factor3",1.16995875561114,"MEP","positive","ITGAE","positive_MEP"
"MEP__ITPRID2","Factor3",1.1628531843814,"MEP","positive","ITPRID2","positive_MEP"
"MEP__JUND","Factor3",-1.67746171820937,"MEP","negative","JUND","negative_MEP"
"MEP__KHDRBS1","Factor3",1.5449577332253,"MEP","positive","KHDRBS1","positive_MEP"
"MEP__KRCC1","Factor3",-1.80562709665515,"MEP","negative","KRCC1","negative_MEP"
"MEP__LAMTOR4","Factor3",-1.47174380152327,"MEP","negative","LAMTOR4","negative_MEP"
"MEP__LAT2","Factor3",0.929935110507619,"MEP","positive","LAT2","positive_MEP"
"MEP__LIMD2","Factor3",-1.7203778680617,"MEP","negative","LIMD2","negative_MEP"
"MEP__LINC01578","Factor3",-1.52294391745137,"MEP","negative","LINC01578","negative_MEP"
"MEP__LMAN2","Factor3",1.01196512978066,"MEP","positive","LMAN2","positive_MEP"
"MEP__LSM7","Factor3",1.16622148077836,"MEP","positive","LSM7","positive_MEP"
"MEP__MAFG","Factor3",-1.50287444337426,"MEP","negative","MAFG","negative_MEP"
"MEP__MALAT1","Factor3",-1.74363609910551,"MEP","negative","MALAT1","negative_MEP"
"MEP__MAP4K5","Factor3",-1.48274964524045,"MEP","negative","MAP4K5","negative_MEP"
"MEP__MAPK1IP1L","Factor3",0.987110018954592,"MEP","positive","MAPK1IP1L","positive_MEP"
"MEP__MCRIP1","Factor3",-1.69245936416331,"MEP","negative","MCRIP1","negative_MEP"
"MEP__METTL5","Factor3",1.33199776037612,"MEP","positive","METTL5","positive_MEP"
"MEP__MFSD1","Factor3",1.00767720229918,"MEP","positive","MFSD1","positive_MEP"
"MEP__MLEC","Factor3",0.920179521347273,"MEP","positive","MLEC","positive_MEP"
"MEP__MORF4L2","Factor3",-2.10962936659755,"MEP","negative","MORF4L2","negative_MEP"
"MEP__MPHOSPH8","Factor3",1.00933476088205,"MEP","positive","MPHOSPH8","positive_MEP"
"MEP__MRPL37","Factor3",1.12752148398792,"MEP","positive","MRPL37","positive_MEP"
"MEP__MRPL38","Factor3",1.2821222507259,"MEP","positive","MRPL38","positive_MEP"
"MEP__MRPS16","Factor3",0.954995400358956,"MEP","positive","MRPS16","positive_MEP"
"MEP__MRPS7","Factor3",1.09347286301277,"MEP","positive","MRPS7","positive_MEP"
"MEP__MTCH1","Factor3",0.986146225085497,"MEP","positive","MTCH1","positive_MEP"
"MEP__MTCH2","Factor3",0.942463802400988,"MEP","positive","MTCH2","positive_MEP"
"MEP__MTHFD2","Factor3",-1.83139476133665,"MEP","negative","MTHFD2","negative_MEP"
"MEP__MTHFS","Factor3",0.901286161048322,"MEP","positive","MTHFS","positive_MEP"
"MEP__MTPN","Factor3",-1.65594909126108,"MEP","negative","MTPN","negative_MEP"
"MEP__MYB","Factor3",-1.85743318942037,"MEP","negative","MYB","negative_MEP"
"MEP__MYL4","Factor3",-1.99908827881572,"MEP","negative","MYL4","negative_MEP"
"MEP__NDUFAF3","Factor3",-1.82206978367748,"MEP","negative","NDUFAF3","negative_MEP"
"MEP__NDUFS5","Factor3",1.21376929320293,"MEP","positive","NDUFS5","positive_MEP"
"MEP__NDUFV2","Factor3",1.2120408629533,"MEP","positive","NDUFV2","positive_MEP"
"MEP__NFE2","Factor3",-1.49180238051951,"MEP","negative","NFE2","negative_MEP"
"MEP__NLK","Factor3",-1.47017497262926,"MEP","negative","NLK","negative_MEP"
"MEP__NPM1","Factor3",1.23930104230469,"MEP","positive","NPM1","positive_MEP"
"MEP__NSMCE1","Factor3",1.51503158524049,"MEP","positive","NSMCE1","positive_MEP"
"MEP__NUDT3","Factor3",1.3968545162577,"MEP","positive","NUDT3","positive_MEP"
"MEP__NUDT4","Factor3",-1.49253832630456,"MEP","negative","NUDT4","negative_MEP"
"MEP__OLA1","Factor3",0.903526266670146,"MEP","positive","OLA1","positive_MEP"
"MEP__OSTC","Factor3",-1.94399870816445,"MEP","negative","OSTC","negative_MEP"
"MEP__P2RY14","Factor3",1.0594427812488,"MEP","positive","P2RY14","positive_MEP"
"MEP__PAFAH1B1","Factor3",-1.84308291050324,"MEP","negative","PAFAH1B1","negative_MEP"
"MEP__PAICS","Factor3",0.963036974087342,"MEP","positive","PAICS","positive_MEP"
"MEP__PBX1","Factor3",1.03809774095658,"MEP","positive","PBX1","positive_MEP"
"MEP__PDCD10","Factor3",-1.67972848917938,"MEP","negative","PDCD10","negative_MEP"
"MEP__PDCD2","Factor3",1.34361677224826,"MEP","positive","PDCD2","positive_MEP"
"MEP__PHPT1","Factor3",-1.97043584962886,"MEP","negative","PHPT1","negative_MEP"
"MEP__PLIN3","Factor3",1.00476368474625,"MEP","positive","PLIN3","positive_MEP"
"MEP__PLXDC2","Factor3",0.970595877677302,"MEP","positive","PLXDC2","positive_MEP"
"MEP__PPP1R12A","Factor3",-1.48503131090683,"MEP","negative","PPP1R12A","negative_MEP"
"MEP__PPP1R14A","Factor3",1.29532922917424,"MEP","positive","PPP1R14A","positive_MEP"
"MEP__PPP1R18","Factor3",-1.63465879216823,"MEP","negative","PPP1R18","negative_MEP"
"MEP__PPP3CA","Factor3",1.09567002549555,"MEP","positive","PPP3CA","positive_MEP"
"MEP__PRDX3","Factor3",1.2976458136494,"MEP","positive","PRDX3","positive_MEP"
"MEP__PRKAR2B","Factor3",0.945168688678909,"MEP","positive","PRKAR2B","positive_MEP"
"MEP__PRPF38B","Factor3",-1.6227565568219,"MEP","negative","PRPF38B","negative_MEP"
"MEP__PRPF4B","Factor3",-1.63065768296304,"MEP","negative","PRPF4B","negative_MEP"
"MEP__PSMB3","Factor3",0.909293463377756,"MEP","positive","PSMB3","positive_MEP"
"MEP__PSMD3","Factor3",1.24156412050782,"MEP","positive","PSMD3","positive_MEP"
"MEP__PSMD7","Factor3",1.02809956881258,"MEP","positive","PSMD7","positive_MEP"
"MEP__PSMG1","Factor3",0.946069225898427,"MEP","positive","PSMG1","positive_MEP"
"MEP__PTGS1","Factor3",-1.52757814715536,"MEP","negative","PTGS1","negative_MEP"
"MEP__PUM1","Factor3",1.25198231236407,"MEP","positive","PUM1","positive_MEP"
"MEP__RAB4A","Factor3",-1.74039907487799,"MEP","negative","RAB4A","negative_MEP"
"MEP__RAB8B","Factor3",-1.61051918604424,"MEP","negative","RAB8B","negative_MEP"
"MEP__RAD23B","Factor3",-1.93929151971321,"MEP","negative","RAD23B","negative_MEP"
"MEP__RALB","Factor3",0.970147653164455,"MEP","positive","RALB","positive_MEP"
"MEP__RALBP1","Factor3",1.22336810232251,"MEP","positive","RALBP1","positive_MEP"
"MEP__RCOR1","Factor3",-1.63253505352174,"MEP","negative","RCOR1","negative_MEP"
"MEP__RGS19","Factor3",-1.58905297859194,"MEP","negative","RGS19","negative_MEP"
"MEP__RHOA","Factor3",-1.8801855548505,"MEP","negative","RHOA","negative_MEP"
"MEP__RNF24","Factor3",1.65189152312212,"MEP","positive","RNF24","positive_MEP"
"MEP__ROMO1","Factor3",-1.55281568876609,"MEP","negative","ROMO1","negative_MEP"
"MEP__RSL24D1","Factor3",1.62067315372808,"MEP","positive","RSL24D1","positive_MEP"
"MEP__RSRC2","Factor3",-1.51915971755395,"MEP","negative","RSRC2","negative_MEP"
"MEP__RTF1","Factor3",1.43089937120907,"MEP","positive","RTF1","positive_MEP"
"MEP__RTN3","Factor3",-1.49517860840294,"MEP","negative","RTN3","negative_MEP"
"MEP__SBDS","Factor3",-1.61784072225779,"MEP","negative","SBDS","negative_MEP"
"MEP__SDCBP","Factor3",-2.34218255129674,"MEP","negative","SDCBP","negative_MEP"
"MEP__SEC63","Factor3",0.968028691382472,"MEP","positive","SEC63","positive_MEP"
"MEP__SEPTIN5","Factor3",-1.55333440520473,"MEP","negative","SEPTIN5","negative_MEP"
"MEP__SF3A3","Factor3",1.05327339137375,"MEP","positive","SF3A3","positive_MEP"
"MEP__SF3B1","Factor3",-1.48542634196878,"MEP","negative","SF3B1","negative_MEP"
"MEP__SF3B2","Factor3",0.992095179677767,"MEP","positive","SF3B2","positive_MEP"
"MEP__SF3B6","Factor3",1.1443861651932,"MEP","positive","SF3B6","positive_MEP"
"MEP__SMC3","Factor3",1.09713684578524,"MEP","positive","SMC3","positive_MEP"
"MEP__SMIM12","Factor3",0.957966059064899,"MEP","positive","SMIM12","positive_MEP"
"MEP__SMIM7","Factor3",1.28695731139791,"MEP","positive","SMIM7","positive_MEP"
"MEP__SMS","Factor3",0.974984404765103,"MEP","positive","SMS","positive_MEP"
"MEP__SNHG29","Factor3",1.00901387751025,"MEP","positive","SNHG29","positive_MEP"
"MEP__SNHG8","Factor3",1.00609841047006,"MEP","positive","SNHG8","positive_MEP"
"MEP__SNRPC","Factor3",1.2160230232747,"MEP","positive","SNRPC","positive_MEP"
"MEP__SRP19","Factor3",0.946196398706475,"MEP","positive","SRP19","positive_MEP"
"MEP__SRP72","Factor3",0.976120160931587,"MEP","positive","SRP72","positive_MEP"
"MEP__SRSF10","Factor3",-1.51815096919945,"MEP","negative","SRSF10","negative_MEP"
"MEP__SUPT16H","Factor3",0.961036392725727,"MEP","positive","SUPT16H","positive_MEP"
"MEP__SYNC","Factor3",1.45277945004939,"MEP","positive","SYNC","positive_MEP"
"MEP__SYNGR2","Factor3",-1.56569158545671,"MEP","negative","SYNGR2","negative_MEP"
"MEP__THOC3","Factor3",0.992875550625394,"MEP","positive","THOC3","positive_MEP"
"MEP__THOC7","Factor3",0.928433527663697,"MEP","positive","THOC7","positive_MEP"
"MEP__TMEM167A","Factor3",-1.5949963065946,"MEP","negative","TMEM167A","negative_MEP"
"MEP__TMEM219","Factor3",-1.62153156209744,"MEP","negative","TMEM219","negative_MEP"
"MEP__TMEM50A","Factor3",-1.53089312261624,"MEP","negative","TMEM50A","negative_MEP"
"MEP__TOMM6","Factor3",-1.58886159672294,"MEP","negative","TOMM6","negative_MEP"
"MEP__TXNL1","Factor3",1.27981649733035,"MEP","positive","TXNL1","positive_MEP"
"MEP__U2AF1","Factor3",-1.86819586867092,"MEP","negative","U2AF1","negative_MEP"
"MEP__UBA52","Factor3",0.931919708032292,"MEP","positive","UBA52","positive_MEP"
"MEP__UBB","Factor3",-1.55621379097703,"MEP","negative","UBB","negative_MEP"
"MEP__UBE2M","Factor3",-1.48245733223255,"MEP","negative","UBE2M","negative_MEP"
"MEP__UBE2V1","Factor3",-1.61968815629615,"MEP","negative","UBE2V1","negative_MEP"
"MEP__UPF3A","Factor3",1.27540728293461,"MEP","positive","UPF3A","positive_MEP"
"MEP__VAMP8","Factor3",-1.65704102709514,"MEP","negative","VAMP8","negative_MEP"
"MEP__VWA5A","Factor3",-1.57812895092516,"MEP","negative","VWA5A","negative_MEP"
"MEP__YTHDF2","Factor3",1.03620408287484,"MEP","positive","YTHDF2","positive_MEP"
"MEP__ZBTB16","Factor3",-1.53938931785147,"MEP","negative","ZBTB16","negative_MEP"
"MEP__ZFAND2B","Factor3",1.31940318916779,"MEP","positive","ZFAND2B","positive_MEP"
"MEP__ZFP36","Factor3",-1.66947007796382,"MEP","negative","ZFP36","negative_MEP"
"MEP__ZNF644","Factor3",-1.63256749134663,"MEP","negative","ZNF644","negative_MEP"
"Myeloid.CD177__ACAP2","Factor3",-0.105555575694809,"MyeloidxCD177","negative","ACAP2","negative_MyeloidxCD177"
"Myeloid.CD177__ACSL1","Factor3",-1.07896453053321,"MyeloidxCD177","negative","ACSL1","negative_MyeloidxCD177"
"Myeloid.CD177__AGTPBP1","Factor3",0.375471496408715,"MyeloidxCD177","positive","AGTPBP1","positive_MyeloidxCD177"
"Myeloid.CD177__AKAP13","Factor3",1.6274919150402,"MyeloidxCD177","positive","AKAP13","positive_MyeloidxCD177"
"Myeloid.CD177__ALOX5","Factor3",0.550653850552236,"MyeloidxCD177","positive","ALOX5","positive_MyeloidxCD177"
"Myeloid.CD177__ANKRD11","Factor3",0.899088549543309,"MyeloidxCD177","positive","ANKRD11","positive_MyeloidxCD177"
"Myeloid.CD177__ANKRD44","Factor3",0.579771988855914,"MyeloidxCD177","positive","ANKRD44","positive_MyeloidxCD177"
"Myeloid.CD177__AOAH","Factor3",0.455274188737023,"MyeloidxCD177","positive","AOAH","positive_MyeloidxCD177"
"Myeloid.CD177__APBB1IP","Factor3",0.905572528968103,"MyeloidxCD177","positive","APBB1IP","positive_MyeloidxCD177"
"Myeloid.CD177__AQP9","Factor3",-0.600336381041247,"MyeloidxCD177","negative","AQP9","negative_MyeloidxCD177"
"Myeloid.CD177__ARHGAP15","Factor3",-0.246413685018755,"MyeloidxCD177","negative","ARHGAP15","negative_MyeloidxCD177"
"Myeloid.CD177__ARHGAP24","Factor3",-0.0891062946844812,"MyeloidxCD177","negative","ARHGAP24","negative_MyeloidxCD177"
"Myeloid.CD177__ASAP1","Factor3",0.396829485857799,"MyeloidxCD177","positive","ASAP1","positive_MyeloidxCD177"
"Myeloid.CD177__ATG7","Factor3",0.252156660063787,"MyeloidxCD177","positive","ATG7","positive_MyeloidxCD177"
"Myeloid.CD177__ATP11A","Factor3",0.277228106195525,"MyeloidxCD177","positive","ATP11A","positive_MyeloidxCD177"
"Myeloid.CD177__ATP11B","Factor3",-0.376511069959771,"MyeloidxCD177","negative","ATP11B","negative_MyeloidxCD177"
"Myeloid.CD177__BAZ2B","Factor3",-1.70398255069863,"MyeloidxCD177","negative","BAZ2B","negative_MyeloidxCD177"
"Myeloid.CD177__CAMK1D","Factor3",-1.82254880306344,"MyeloidxCD177","negative","CAMK1D","negative_MyeloidxCD177"
"Myeloid.CD177__CCNL1","Factor3",0.53514747318123,"MyeloidxCD177","positive","CCNL1","positive_MyeloidxCD177"
"Myeloid.CD177__CD44","Factor3",0.494890314382858,"MyeloidxCD177","positive","CD44","positive_MyeloidxCD177"
"Myeloid.CD177__CD53","Factor3",0.337923560939453,"MyeloidxCD177","positive","CD53","positive_MyeloidxCD177"
"Myeloid.CD177__CD55","Factor3",-0.450973722107451,"MyeloidxCD177","negative","CD55","negative_MyeloidxCD177"
"Myeloid.CD177__CELF2","Factor3",-0.265690069113321,"MyeloidxCD177","negative","CELF2","negative_MyeloidxCD177"
"Myeloid.CD177__CFLAR","Factor3",0.796895729921446,"MyeloidxCD177","positive","CFLAR","positive_MyeloidxCD177"
"Myeloid.CD177__CHST11","Factor3",1.89148250696866,"MyeloidxCD177","positive","CHST11","positive_MyeloidxCD177"
"Myeloid.CD177__CMIP","Factor3",0.530436773589277,"MyeloidxCD177","positive","CMIP","positive_MyeloidxCD177"
"Myeloid.CD177__COP1","Factor3",-1.27022186812048,"MyeloidxCD177","negative","COP1","negative_MyeloidxCD177"
"Myeloid.CD177__CPQ","Factor3",0.200260509630708,"MyeloidxCD177","positive","CPQ","positive_MyeloidxCD177"
"Myeloid.CD177__CUX1","Factor3",1.41172794959279,"MyeloidxCD177","positive","CUX1","positive_MyeloidxCD177"
"Myeloid.CD177__DENND1A","Factor3",1.23414099854765,"MyeloidxCD177","positive","DENND1A","positive_MyeloidxCD177"
"Myeloid.CD177__DLEU2","Factor3",1.42820889278164,"MyeloidxCD177","positive","DLEU2","positive_MyeloidxCD177"
"Myeloid.CD177__DOCK2","Factor3",1.56139718314041,"MyeloidxCD177","positive","DOCK2","positive_MyeloidxCD177"
"Myeloid.CD177__DOCK5","Factor3",-1.47788848436415,"MyeloidxCD177","negative","DOCK5","negative_MyeloidxCD177"
"Myeloid.CD177__DOCK8","Factor3",-1.07544252709295,"MyeloidxCD177","negative","DOCK8","negative_MyeloidxCD177"
"Myeloid.CD177__DYSF","Factor3",-0.256171110721855,"MyeloidxCD177","negative","DYSF","negative_MyeloidxCD177"
"Myeloid.CD177__ELMO1","Factor3",-0.029897089805021,"MyeloidxCD177","negative","ELMO1","negative_MyeloidxCD177"
"Myeloid.CD177__ETV6","Factor3",0.879353092879558,"MyeloidxCD177","positive","ETV6","positive_MyeloidxCD177"
"Myeloid.CD177__FBXL5","Factor3",0.198250836947821,"MyeloidxCD177","positive","FBXL5","positive_MyeloidxCD177"
"Myeloid.CD177__FBXW7","Factor3",-0.134613681099148,"MyeloidxCD177","negative","FBXW7","negative_MyeloidxCD177"
"Myeloid.CD177__FCAR","Factor3",-0.852797724541987,"MyeloidxCD177","negative","FCAR","negative_MyeloidxCD177"
"Myeloid.CD177__FGD4","Factor3",-0.263362520559611,"MyeloidxCD177","negative","FGD4","negative_MyeloidxCD177"
"Myeloid.CD177__FNDC3B","Factor3",0.301158966243268,"MyeloidxCD177","positive","FNDC3B","positive_MyeloidxCD177"
"Myeloid.CD177__FOXO3","Factor3",-0.879631784803096,"MyeloidxCD177","negative","FOXO3","negative_MyeloidxCD177"
"Myeloid.CD177__FOXP1","Factor3",-0.624299477360222,"MyeloidxCD177","negative","FOXP1","negative_MyeloidxCD177"
"Myeloid.CD177__FP236383.3","Factor3",1.48436454184209,"MyeloidxCD177","positive","FP236383.3","positive_MyeloidxCD177"
"Myeloid.CD177__FP671120.4","Factor3",1.20712055048531,"MyeloidxCD177","positive","FP671120.4","positive_MyeloidxCD177"
"Myeloid.CD177__FYB1","Factor3",1.26626883674949,"MyeloidxCD177","positive","FYB1","positive_MyeloidxCD177"
"Myeloid.CD177__GAB2","Factor3",0.821934202428278,"MyeloidxCD177","positive","GAB2","positive_MyeloidxCD177"
"Myeloid.CD177__GCA","Factor3",-0.210643436783089,"MyeloidxCD177","negative","GCA","negative_MyeloidxCD177"
"Myeloid.CD177__GLT1D1","Factor3",0.282057998021251,"MyeloidxCD177","positive","GLT1D1","positive_MyeloidxCD177"
"Myeloid.CD177__GNAQ","Factor3",0.235893605230031,"MyeloidxCD177","positive","GNAQ","positive_MyeloidxCD177"
"Myeloid.CD177__GPCPD1","Factor3",-1.24018030766527,"MyeloidxCD177","negative","GPCPD1","negative_MyeloidxCD177"
"Myeloid.CD177__GRB2","Factor3",1.5601680022164,"MyeloidxCD177","positive","GRB2","positive_MyeloidxCD177"
"Myeloid.CD177__HDAC4","Factor3",1.72218700924006,"MyeloidxCD177","positive","HDAC4","positive_MyeloidxCD177"
"Myeloid.CD177__HIF1A","Factor3",0.611565656675052,"MyeloidxCD177","positive","HIF1A","positive_MyeloidxCD177"
"Myeloid.CD177__IGF1R","Factor3",-1.40610328404253,"MyeloidxCD177","negative","IGF1R","negative_MyeloidxCD177"
"Myeloid.CD177__IL1RAP","Factor3",0.953339805460563,"MyeloidxCD177","positive","IL1RAP","positive_MyeloidxCD177"
"Myeloid.CD177__IQGAP1","Factor3",1.2494941040275,"MyeloidxCD177","positive","IQGAP1","positive_MyeloidxCD177"
"Myeloid.CD177__IQSEC1","Factor3",1.77134357915747,"MyeloidxCD177","positive","IQSEC1","positive_MyeloidxCD177"
"Myeloid.CD177__IRAK3","Factor3",-0.662023854910415,"MyeloidxCD177","negative","IRAK3","negative_MyeloidxCD177"
"Myeloid.CD177__JMJD1C","Factor3",0.715012478792617,"MyeloidxCD177","positive","JMJD1C","positive_MyeloidxCD177"
"Myeloid.CD177__KDM2A","Factor3",1.25465984869325,"MyeloidxCD177","positive","KDM2A","positive_MyeloidxCD177"
"Myeloid.CD177__KLHL2","Factor3",1.11725895869545,"MyeloidxCD177","positive","KLHL2","positive_MyeloidxCD177"
"Myeloid.CD177__KMT2C","Factor3",1.14216593616703,"MyeloidxCD177","positive","KMT2C","positive_MyeloidxCD177"
"Myeloid.CD177__LAPTM5","Factor3",1.1802004887864,"MyeloidxCD177","positive","LAPTM5","positive_MyeloidxCD177"
"Myeloid.CD177__LPP","Factor3",0.459559964636458,"MyeloidxCD177","positive","LPP","positive_MyeloidxCD177"
"Myeloid.CD177__LRRFIP1","Factor3",2.01447126042839,"MyeloidxCD177","positive","LRRFIP1","positive_MyeloidxCD177"
"Myeloid.CD177__LRRK2","Factor3",-0.220696787835305,"MyeloidxCD177","negative","LRRK2","negative_MyeloidxCD177"
"Myeloid.CD177__LYN","Factor3",-0.319790846190153,"MyeloidxCD177","negative","LYN","negative_MyeloidxCD177"
"Myeloid.CD177__MALAT1","Factor3",-0.92845835547836,"MyeloidxCD177","negative","MALAT1","negative_MyeloidxCD177"
"Myeloid.CD177__MAML3","Factor3",1.08599288311386,"MyeloidxCD177","positive","MAML3","positive_MyeloidxCD177"
"Myeloid.CD177__MAP4K4","Factor3",1.09246352994062,"MyeloidxCD177","positive","MAP4K4","positive_MyeloidxCD177"
"Myeloid.CD177__MAPK14","Factor3",1.33703278369614,"MyeloidxCD177","positive","MAPK14","positive_MyeloidxCD177"
"Myeloid.CD177__MBNL1","Factor3",-0.215990648078565,"MyeloidxCD177","negative","MBNL1","negative_MyeloidxCD177"
"Myeloid.CD177__MBP","Factor3",1.12780799870295,"MyeloidxCD177","positive","MBP","positive_MyeloidxCD177"
"Myeloid.CD177__MCL1","Factor3",-0.920244873916639,"MyeloidxCD177","negative","MCL1","negative_MyeloidxCD177"
"Myeloid.CD177__MCTP1","Factor3",0.355441392167746,"MyeloidxCD177","positive","MCTP1","positive_MyeloidxCD177"
"Myeloid.CD177__MCTP2","Factor3",-0.70073700397195,"MyeloidxCD177","negative","MCTP2","negative_MyeloidxCD177"
"Myeloid.CD177__MED13L","Factor3",0.214615954067966,"MyeloidxCD177","positive","MED13L","positive_MyeloidxCD177"
"Myeloid.CD177__MEF2A","Factor3",0.415639267935491,"MyeloidxCD177","positive","MEF2A","positive_MyeloidxCD177"
"Myeloid.CD177__MEGF9","Factor3",0.311041345022265,"MyeloidxCD177","positive","MEGF9","positive_MyeloidxCD177"
"Myeloid.CD177__MT.ATP6","Factor3",0.291913828870735,"MyeloidxCD177","positive","MT.ATP6","positive_MyeloidxCD177"
"Myeloid.CD177__MT.ATP8","Factor3",0.283104236547507,"MyeloidxCD177","positive","MT.ATP8","positive_MyeloidxCD177"
"Myeloid.CD177__MT.CO1","Factor3",-0.371081738563491,"MyeloidxCD177","negative","MT.CO1","negative_MyeloidxCD177"
"Myeloid.CD177__MT.CO2","Factor3",1.03479866107817,"MyeloidxCD177","positive","MT.CO2","positive_MyeloidxCD177"
"Myeloid.CD177__MT.CO3","Factor3",0.401898736716662,"MyeloidxCD177","positive","MT.CO3","positive_MyeloidxCD177"
"Myeloid.CD177__MT.CYB","Factor3",1.40438471462703,"MyeloidxCD177","positive","MT.CYB","positive_MyeloidxCD177"
"Myeloid.CD177__MT.ND1","Factor3",0.976004249534423,"MyeloidxCD177","positive","MT.ND1","positive_MyeloidxCD177"
"Myeloid.CD177__MT.ND2","Factor3",1.04754142045175,"MyeloidxCD177","positive","MT.ND2","positive_MyeloidxCD177"
"Myeloid.CD177__MT.ND4","Factor3",0.99994658277549,"MyeloidxCD177","positive","MT.ND4","positive_MyeloidxCD177"
"Myeloid.CD177__MT.ND4L","Factor3",0.949871514974688,"MyeloidxCD177","positive","MT.ND4L","positive_MyeloidxCD177"
"Myeloid.CD177__MYH9","Factor3",-0.431166853730633,"MyeloidxCD177","negative","MYH9","negative_MyeloidxCD177"
"Myeloid.CD177__MYO1F","Factor3",0.827166789375801,"MyeloidxCD177","positive","MYO1F","positive_MyeloidxCD177"
"Myeloid.CD177__NAIP","Factor3",1.11116497336804,"MyeloidxCD177","positive","NAIP","positive_MyeloidxCD177"
"Myeloid.CD177__NAMPT","Factor3",-0.253700415741912,"MyeloidxCD177","negative","NAMPT","negative_MyeloidxCD177"
"Myeloid.CD177__NCOA2","Factor3",0.361404304858026,"MyeloidxCD177","positive","NCOA2","positive_MyeloidxCD177"
"Myeloid.CD177__NEAT1","Factor3",-0.171840225549948,"MyeloidxCD177","negative","NEAT1","negative_MyeloidxCD177"
"Myeloid.CD177__NEDD9","Factor3",0.451355853282923,"MyeloidxCD177","positive","NEDD9","positive_MyeloidxCD177"
"Myeloid.CD177__NIBAN1","Factor3",-0.308100678835572,"MyeloidxCD177","negative","NIBAN1","negative_MyeloidxCD177"
"Myeloid.CD177__NUMB","Factor3",-0.623968923818126,"MyeloidxCD177","negative","NUMB","negative_MyeloidxCD177"
"Myeloid.CD177__PCNX1","Factor3",-0.104907722298506,"MyeloidxCD177","negative","PCNX1","negative_MyeloidxCD177"
"Myeloid.CD177__PELI1","Factor3",-0.81520064273136,"MyeloidxCD177","negative","PELI1","negative_MyeloidxCD177"
"Myeloid.CD177__PFKFB3","Factor3",0.761516640012123,"MyeloidxCD177","positive","PFKFB3","positive_MyeloidxCD177"
"Myeloid.CD177__PICALM","Factor3",0.563297434389282,"MyeloidxCD177","positive","PICALM","positive_MyeloidxCD177"
"Myeloid.CD177__PLEK","Factor3",-0.75958666077665,"MyeloidxCD177","negative","PLEK","negative_MyeloidxCD177"
"Myeloid.CD177__PPP1R12A","Factor3",0.937734902876723,"MyeloidxCD177","positive","PPP1R12A","positive_MyeloidxCD177"
"Myeloid.CD177__PPP3CA","Factor3",0.238152507815853,"MyeloidxCD177","positive","PPP3CA","positive_MyeloidxCD177"
"Myeloid.CD177__PREX1","Factor3",-1.26694096473207,"MyeloidxCD177","negative","PREX1","negative_MyeloidxCD177"
"Myeloid.CD177__PRKCB","Factor3",0.628841654324696,"MyeloidxCD177","positive","PRKCB","positive_MyeloidxCD177"
"Myeloid.CD177__PTEN","Factor3",-1.46444740100041,"MyeloidxCD177","negative","PTEN","negative_MyeloidxCD177"
"Myeloid.CD177__PTPRC","Factor3",-0.262462286496713,"MyeloidxCD177","negative","PTPRC","negative_MyeloidxCD177"
"Myeloid.CD177__PTPRE","Factor3",-0.988280401803392,"MyeloidxCD177","negative","PTPRE","negative_MyeloidxCD177"
"Myeloid.CD177__PTPRJ","Factor3",-0.0898586127158232,"MyeloidxCD177","negative","PTPRJ","negative_MyeloidxCD177"
"Myeloid.CD177__RABGAP1L","Factor3",1.48414151742512,"MyeloidxCD177","positive","RABGAP1L","positive_MyeloidxCD177"
"Myeloid.CD177__RABGEF1","Factor3",0.267054337114846,"MyeloidxCD177","positive","RABGEF1","positive_MyeloidxCD177"
"Myeloid.CD177__RALGAPA2","Factor3",0.24926285704091,"MyeloidxCD177","positive","RALGAPA2","positive_MyeloidxCD177"
"Myeloid.CD177__RBM39","Factor3",0.434445071636407,"MyeloidxCD177","positive","RBM39","positive_MyeloidxCD177"
"Myeloid.CD177__RIN3","Factor3",1.29171902778135,"MyeloidxCD177","positive","RIN3","positive_MyeloidxCD177"
"Myeloid.CD177__RIPOR2","Factor3",-0.575984945367691,"MyeloidxCD177","negative","RIPOR2","negative_MyeloidxCD177"
"Myeloid.CD177__RNF149","Factor3",0.436465271128999,"MyeloidxCD177","positive","RNF149","positive_MyeloidxCD177"
"Myeloid.CD177__ROCK1","Factor3",-0.225099709221935,"MyeloidxCD177","negative","ROCK1","negative_MyeloidxCD177"
"Myeloid.CD177__RUNX1","Factor3",0.247063472371839,"MyeloidxCD177","positive","RUNX1","positive_MyeloidxCD177"
"Myeloid.CD177__S100A8","Factor3",0.540528642326644,"MyeloidxCD177","positive","S100A8","positive_MyeloidxCD177"
"Myeloid.CD177__S100A9","Factor3",1.49523197069139,"MyeloidxCD177","positive","S100A9","positive_MyeloidxCD177"
"Myeloid.CD177__SAMSN1","Factor3",-0.0743936109686159,"MyeloidxCD177","negative","SAMSN1","negative_MyeloidxCD177"
"Myeloid.CD177__SAT1","Factor3",-1.13283678671756,"MyeloidxCD177","negative","SAT1","negative_MyeloidxCD177"
"Myeloid.CD177__SBF2","Factor3",0.37435712498923,"MyeloidxCD177","positive","SBF2","positive_MyeloidxCD177"
"Myeloid.CD177__SH3KBP1","Factor3",1.03581546023489,"MyeloidxCD177","positive","SH3KBP1","positive_MyeloidxCD177"
"Myeloid.CD177__SIK3","Factor3",0.26415535061961,"MyeloidxCD177","positive","SIK3","positive_MyeloidxCD177"
"Myeloid.CD177__SIPA1L1","Factor3",-0.145906809560995,"MyeloidxCD177","negative","SIPA1L1","negative_MyeloidxCD177"
"Myeloid.CD177__SKAP2","Factor3",-0.0387165121126444,"MyeloidxCD177","negative","SKAP2","negative_MyeloidxCD177"
"Myeloid.CD177__SLC11A1","Factor3",1.35359891639568,"MyeloidxCD177","positive","SLC11A1","positive_MyeloidxCD177"
"Myeloid.CD177__SLC12A6","Factor3",-1.14953719963192,"MyeloidxCD177","negative","SLC12A6","negative_MyeloidxCD177"
"Myeloid.CD177__SLC25A37","Factor3",-0.056469091449062,"MyeloidxCD177","negative","SLC25A37","negative_MyeloidxCD177"
"Myeloid.CD177__SLC2A3","Factor3",-0.380290193053466,"MyeloidxCD177","negative","SLC2A3","negative_MyeloidxCD177"
"Myeloid.CD177__SLC8A1","Factor3",-1.43324995852927,"MyeloidxCD177","negative","SLC8A1","negative_MyeloidxCD177"
"Myeloid.CD177__SLCO3A1","Factor3",1.42220320005095,"MyeloidxCD177","positive","SLCO3A1","positive_MyeloidxCD177"
"Myeloid.CD177__SMCHD1","Factor3",-1.10712966123573,"MyeloidxCD177","negative","SMCHD1","negative_MyeloidxCD177"
"Myeloid.CD177__SORL1","Factor3",0.331426683295814,"MyeloidxCD177","positive","SORL1","positive_MyeloidxCD177"
"Myeloid.CD177__SRGN","Factor3",-1.93715063266992,"MyeloidxCD177","negative","SRGN","negative_MyeloidxCD177"
"Myeloid.CD177__SRPK2","Factor3",0.662353251420252,"MyeloidxCD177","positive","SRPK2","positive_MyeloidxCD177"
"Myeloid.CD177__SSH2","Factor3",-0.546136795528321,"MyeloidxCD177","negative","SSH2","negative_MyeloidxCD177"
"Myeloid.CD177__ST6GALNAC3","Factor3",-0.557552756414924,"MyeloidxCD177","negative","ST6GALNAC3","negative_MyeloidxCD177"
"Myeloid.CD177__STK10","Factor3",1.8892316944733,"MyeloidxCD177","positive","STK10","positive_MyeloidxCD177"
"Myeloid.CD177__STK17B","Factor3",-0.591249755494454,"MyeloidxCD177","negative","STK17B","negative_MyeloidxCD177"
"Myeloid.CD177__SVIL","Factor3",-2.04414849592536,"MyeloidxCD177","negative","SVIL","negative_MyeloidxCD177"
"Myeloid.CD177__SYK","Factor3",0.253624002102749,"MyeloidxCD177","positive","SYK","positive_MyeloidxCD177"
"Myeloid.CD177__TET2","Factor3",0.638878161572649,"MyeloidxCD177","positive","TET2","positive_MyeloidxCD177"
"Myeloid.CD177__TGFBR2","Factor3",0.567593849211835,"MyeloidxCD177","positive","TGFBR2","positive_MyeloidxCD177"
"Myeloid.CD177__TPM3","Factor3",1.02667493936764,"MyeloidxCD177","positive","TPM3","positive_MyeloidxCD177"
"Myeloid.CD177__TRPS1","Factor3",1.10372201225166,"MyeloidxCD177","positive","TRPS1","positive_MyeloidxCD177"
"Myeloid.CD177__UBE2D3","Factor3",1.26723507422491,"MyeloidxCD177","positive","UBE2D3","positive_MyeloidxCD177"
"Myeloid.CD177__USP15","Factor3",0.706303269759554,"MyeloidxCD177","positive","USP15","positive_MyeloidxCD177"
"Myeloid.CD177__USP3","Factor3",0.610230218591297,"MyeloidxCD177","positive","USP3","positive_MyeloidxCD177"
"Myeloid.CD177__USP32","Factor3",-0.320154578786749,"MyeloidxCD177","negative","USP32","negative_MyeloidxCD177"
"Myeloid.CD177__VMP1","Factor3",0.36924824067052,"MyeloidxCD177","positive","VMP1","positive_MyeloidxCD177"
"Myeloid.CD177__VPS13B","Factor3",0.563463152863446,"MyeloidxCD177","positive","VPS13B","positive_MyeloidxCD177"
"Myeloid.CD177__WDFY3","Factor3",0.352049338167806,"MyeloidxCD177","positive","WDFY3","positive_MyeloidxCD177"
"Myeloid.CD177__XPO6","Factor3",-0.173770951746778,"MyeloidxCD177","negative","XPO6","negative_MyeloidxCD177"
"Myeloid.CD177__YWHAZ","Factor3",0.351294580382235,"MyeloidxCD177","positive","YWHAZ","positive_MyeloidxCD177"
"Myeloid.CD177__ZBTB20","Factor3",1.63419167305967,"MyeloidxCD177","positive","ZBTB20","positive_MyeloidxCD177"
"Myeloid.CD177__ZEB2","Factor3",1.35607566316737,"MyeloidxCD177","positive","ZEB2","positive_MyeloidxCD177"
"Myeloid.CD177__ZFAND3","Factor3",-0.580795520483988,"MyeloidxCD177","negative","ZFAND3","negative_MyeloidxCD177"
"Myeloid.CD177__ZSWIM6","Factor3",-0.208194116205811,"MyeloidxCD177","negative","ZSWIM6","negative_MyeloidxCD177"
"Naive_CD4_T__ABRACL","Factor3",-0.668024292352706,"Naive_CD4_T","negative","ABRACL","negative_Naive_CD4_T"
"Naive_CD4_T__AC138123.1","Factor3",-0.542473521781428,"Naive_CD4_T","negative","AC138123.1","negative_Naive_CD4_T"
"Naive_CD4_T__ACTB","Factor3",-0.909233981665679,"Naive_CD4_T","negative","ACTB","negative_Naive_CD4_T"
"Naive_CD4_T__ACTG1","Factor3",-1.49306179848117,"Naive_CD4_T","negative","ACTG1","negative_Naive_CD4_T"
"Naive_CD4_T__ACTR2","Factor3",-1.08159049351037,"Naive_CD4_T","negative","ACTR2","negative_Naive_CD4_T"
"Naive_CD4_T__ACTR3","Factor3",-0.722839207589624,"Naive_CD4_T","negative","ACTR3","negative_Naive_CD4_T"
"Naive_CD4_T__ADD3","Factor3",0.975048660199771,"Naive_CD4_T","positive","ADD3","positive_Naive_CD4_T"
"Naive_CD4_T__AIF1","Factor3",-0.660034388390885,"Naive_CD4_T","negative","AIF1","negative_Naive_CD4_T"
"Naive_CD4_T__ANAPC16","Factor3",0.789851810045133,"Naive_CD4_T","positive","ANAPC16","positive_Naive_CD4_T"
"Naive_CD4_T__ANP32B","Factor3",1.04609459358182,"Naive_CD4_T","positive","ANP32B","positive_Naive_CD4_T"
"Naive_CD4_T__ANXA1","Factor3",0.92424988646216,"Naive_CD4_T","positive","ANXA1","positive_Naive_CD4_T"
"Naive_CD4_T__APBB1IP","Factor3",-1.04989557185883,"Naive_CD4_T","negative","APBB1IP","negative_Naive_CD4_T"
"Naive_CD4_T__APOO","Factor3",1.76806817092386,"Naive_CD4_T","positive","APOO","positive_Naive_CD4_T"
"Naive_CD4_T__APRT","Factor3",-0.586841725213358,"Naive_CD4_T","negative","APRT","negative_Naive_CD4_T"
"Naive_CD4_T__ARGLU1","Factor3",-0.959078161591432,"Naive_CD4_T","negative","ARGLU1","negative_Naive_CD4_T"
"Naive_CD4_T__ARHGAP15","Factor3",-0.653767588027453,"Naive_CD4_T","negative","ARHGAP15","negative_Naive_CD4_T"
"Naive_CD4_T__ARPC1B","Factor3",-0.556762380177798,"Naive_CD4_T","negative","ARPC1B","negative_Naive_CD4_T"
"Naive_CD4_T__ARPC2","Factor3",-0.854524785538615,"Naive_CD4_T","negative","ARPC2","negative_Naive_CD4_T"
"Naive_CD4_T__ARRB2","Factor3",-1.09916953052081,"Naive_CD4_T","negative","ARRB2","negative_Naive_CD4_T"
"Naive_CD4_T__ATP5F1C","Factor3",-0.843167246377253,"Naive_CD4_T","negative","ATP5F1C","negative_Naive_CD4_T"
"Naive_CD4_T__ATP5MC2","Factor3",-0.643235119950737,"Naive_CD4_T","negative","ATP5MC2","negative_Naive_CD4_T"
"Naive_CD4_T__ATP5MC3","Factor3",-0.806302021298944,"Naive_CD4_T","negative","ATP5MC3","negative_Naive_CD4_T"
"Naive_CD4_T__ATP5PB","Factor3",-0.687655896868919,"Naive_CD4_T","negative","ATP5PB","negative_Naive_CD4_T"
"Naive_CD4_T__ATP5PO","Factor3",0.74042484144661,"Naive_CD4_T","positive","ATP5PO","positive_Naive_CD4_T"
"Naive_CD4_T__B2M","Factor3",0.921408615311719,"Naive_CD4_T","positive","B2M","positive_Naive_CD4_T"
"Naive_CD4_T__BACH2","Factor3",-1.17734726348982,"Naive_CD4_T","negative","BACH2","negative_Naive_CD4_T"
"Naive_CD4_T__BTF3","Factor3",-0.6913515732398,"Naive_CD4_T","negative","BTF3","negative_Naive_CD4_T"
"Naive_CD4_T__C12orf57","Factor3",0.726391791531285,"Naive_CD4_T","positive","C12orf57","positive_Naive_CD4_T"
"Naive_CD4_T__C9orf16","Factor3",-0.983883729519447,"Naive_CD4_T","negative","C9orf16","negative_Naive_CD4_T"
"Naive_CD4_T__CALM1","Factor3",0.680076734474274,"Naive_CD4_T","positive","CALM1","positive_Naive_CD4_T"
"Naive_CD4_T__CALM2","Factor3",0.68146810427743,"Naive_CD4_T","positive","CALM2","positive_Naive_CD4_T"
"Naive_CD4_T__CAPZB","Factor3",-0.721962634303415,"Naive_CD4_T","negative","CAPZB","negative_Naive_CD4_T"
"Naive_CD4_T__CCNI","Factor3",0.613171253007167,"Naive_CD4_T","positive","CCNI","positive_Naive_CD4_T"
"Naive_CD4_T__CCT4","Factor3",-0.776923102954547,"Naive_CD4_T","negative","CCT4","negative_Naive_CD4_T"
"Naive_CD4_T__CD247","Factor3",1.56849698017459,"Naive_CD4_T","positive","CD247","positive_Naive_CD4_T"
"Naive_CD4_T__CD3G","Factor3",0.771281878360711,"Naive_CD4_T","positive","CD3G","positive_Naive_CD4_T"
"Naive_CD4_T__CD48","Factor3",0.784123022598258,"Naive_CD4_T","positive","CD48","positive_Naive_CD4_T"
"Naive_CD4_T__CD53","Factor3",-1.05921688308593,"Naive_CD4_T","negative","CD53","negative_Naive_CD4_T"
"Naive_CD4_T__CD69","Factor3",-1.4675974584034,"Naive_CD4_T","negative","CD69","negative_Naive_CD4_T"
"Naive_CD4_T__CD7","Factor3",0.721358577889865,"Naive_CD4_T","positive","CD7","positive_Naive_CD4_T"
"Naive_CD4_T__CD96","Factor3",-1.36932541352083,"Naive_CD4_T","negative","CD96","negative_Naive_CD4_T"
"Naive_CD4_T__CDC42SE2","Factor3",-0.983861192672285,"Naive_CD4_T","negative","CDC42SE2","negative_Naive_CD4_T"
"Naive_CD4_T__CFL1","Factor3",-0.702381632605759,"Naive_CD4_T","negative","CFL1","negative_Naive_CD4_T"
"Naive_CD4_T__CNBP","Factor3",1.86362371742162,"Naive_CD4_T","positive","CNBP","positive_Naive_CD4_T"
"Naive_CD4_T__COMMD6","Factor3",0.681478804680913,"Naive_CD4_T","positive","COMMD6","positive_Naive_CD4_T"
"Naive_CD4_T__COTL1","Factor3",-0.773279368552909,"Naive_CD4_T","negative","COTL1","negative_Naive_CD4_T"
"Naive_CD4_T__COX8A","Factor3",-0.646567502516866,"Naive_CD4_T","negative","COX8A","negative_Naive_CD4_T"
"Naive_CD4_T__CRIP1","Factor3",1.73844202575516,"Naive_CD4_T","positive","CRIP1","positive_Naive_CD4_T"
"Naive_CD4_T__CSNK2B","Factor3",-1.19416002857042,"Naive_CD4_T","negative","CSNK2B","negative_Naive_CD4_T"
"Naive_CD4_T__CYTH1","Factor3",1.00115527626669,"Naive_CD4_T","positive","CYTH1","positive_Naive_CD4_T"
"Naive_CD4_T__DAZAP2","Factor3",1.10783051913935,"Naive_CD4_T","positive","DAZAP2","positive_Naive_CD4_T"
"Naive_CD4_T__DDX17","Factor3",-1.00231931447144,"Naive_CD4_T","negative","DDX17","negative_Naive_CD4_T"
"Naive_CD4_T__EDF1","Factor3",1.13221655664212,"Naive_CD4_T","positive","EDF1","positive_Naive_CD4_T"
"Naive_CD4_T__EEF1A1","Factor3",0.733063220676119,"Naive_CD4_T","positive","EEF1A1","positive_Naive_CD4_T"
"Naive_CD4_T__EEF1D","Factor3",0.930806628218061,"Naive_CD4_T","positive","EEF1D","positive_Naive_CD4_T"
"Naive_CD4_T__EEF1G","Factor3",0.961268479971537,"Naive_CD4_T","positive","EEF1G","positive_Naive_CD4_T"
"Naive_CD4_T__EIF3D","Factor3",1.28045825851457,"Naive_CD4_T","positive","EIF3D","positive_Naive_CD4_T"
"Naive_CD4_T__EIF3G","Factor3",0.950522976177977,"Naive_CD4_T","positive","EIF3G","positive_Naive_CD4_T"
"Naive_CD4_T__EIF3H","Factor3",0.733251879538805,"Naive_CD4_T","positive","EIF3H","positive_Naive_CD4_T"
"Naive_CD4_T__EIF3L","Factor3",1.32006932167791,"Naive_CD4_T","positive","EIF3L","positive_Naive_CD4_T"
"Naive_CD4_T__EIF4A1","Factor3",-1.25679249506966,"Naive_CD4_T","negative","EIF4A1","negative_Naive_CD4_T"
"Naive_CD4_T__EIF4B","Factor3",0.617657763737689,"Naive_CD4_T","positive","EIF4B","positive_Naive_CD4_T"
"Naive_CD4_T__EIF5A","Factor3",-0.55477685248387,"Naive_CD4_T","negative","EIF5A","negative_Naive_CD4_T"
"Naive_CD4_T__EMP3","Factor3",0.651197191120654,"Naive_CD4_T","positive","EMP3","positive_Naive_CD4_T"
"Naive_CD4_T__ENO1","Factor3",-0.572044831945338,"Naive_CD4_T","negative","ENO1","negative_Naive_CD4_T"
"Naive_CD4_T__EPC1","Factor3",-0.94714293481088,"Naive_CD4_T","negative","EPC1","negative_Naive_CD4_T"
"Naive_CD4_T__FAU","Factor3",0.777195578364818,"Naive_CD4_T","positive","FAU","positive_Naive_CD4_T"
"Naive_CD4_T__FCMR","Factor3",1.03263558143049,"Naive_CD4_T","positive","FCMR","positive_Naive_CD4_T"
"Naive_CD4_T__FKBP1A","Factor3",-0.779699534547909,"Naive_CD4_T","negative","FKBP1A","negative_Naive_CD4_T"
"Naive_CD4_T__FLT3LG","Factor3",1.89502070658302,"Naive_CD4_T","positive","FLT3LG","positive_Naive_CD4_T"
"Naive_CD4_T__FOXN3","Factor3",-0.807966900518749,"Naive_CD4_T","negative","FOXN3","negative_Naive_CD4_T"
"Naive_CD4_T__FXYD5","Factor3",1.16286977240993,"Naive_CD4_T","positive","FXYD5","positive_Naive_CD4_T"
"Naive_CD4_T__GAPDH","Factor3",-1.73686256856079,"Naive_CD4_T","negative","GAPDH","negative_Naive_CD4_T"
"Naive_CD4_T__GIMAP7","Factor3",0.874833550386252,"Naive_CD4_T","positive","GIMAP7","positive_Naive_CD4_T"
"Naive_CD4_T__GNAS","Factor3",-1.62379085879903,"Naive_CD4_T","negative","GNAS","negative_Naive_CD4_T"
"Naive_CD4_T__GPSM3","Factor3",1.66090129058831,"Naive_CD4_T","positive","GPSM3","positive_Naive_CD4_T"
"Naive_CD4_T__GPX4","Factor3",1.03614488472054,"Naive_CD4_T","positive","GPX4","positive_Naive_CD4_T"
"Naive_CD4_T__H2AFZ","Factor3",1.4156513996079,"Naive_CD4_T","positive","H2AFZ","positive_Naive_CD4_T"
"Naive_CD4_T__H3F3A","Factor3",-1.08571713365347,"Naive_CD4_T","negative","H3F3A","negative_Naive_CD4_T"
"Naive_CD4_T__HCLS1","Factor3",0.54370016885582,"Naive_CD4_T","positive","HCLS1","positive_Naive_CD4_T"
"Naive_CD4_T__HINT1","Factor3",-0.68833599294261,"Naive_CD4_T","negative","HINT1","negative_Naive_CD4_T"
"Naive_CD4_T__HLA.A","Factor3",0.829385344265662,"Naive_CD4_T","positive","HLA.A","positive_Naive_CD4_T"
"Naive_CD4_T__HMGB1","Factor3",-0.915765052779644,"Naive_CD4_T","negative","HMGB1","negative_Naive_CD4_T"
"Naive_CD4_T__HMGN1","Factor3",-0.590222282341613,"Naive_CD4_T","negative","HMGN1","negative_Naive_CD4_T"
"Naive_CD4_T__HNRNPA1","Factor3",-0.581109400532567,"Naive_CD4_T","negative","HNRNPA1","negative_Naive_CD4_T"
"Naive_CD4_T__HNRNPA3","Factor3",-0.793458113478568,"Naive_CD4_T","negative","HNRNPA3","negative_Naive_CD4_T"
"Naive_CD4_T__HNRNPD","Factor3",0.949307905906244,"Naive_CD4_T","positive","HNRNPD","positive_Naive_CD4_T"
"Naive_CD4_T__HNRNPF","Factor3",-0.587883145761871,"Naive_CD4_T","negative","HNRNPF","negative_Naive_CD4_T"
"Naive_CD4_T__HP1BP3","Factor3",0.538961792394625,"Naive_CD4_T","positive","HP1BP3","positive_Naive_CD4_T"
"Naive_CD4_T__HSP90AB1","Factor3",-0.544599407743661,"Naive_CD4_T","negative","HSP90AB1","negative_Naive_CD4_T"
"Naive_CD4_T__HSPA8","Factor3",1.01876805506322,"Naive_CD4_T","positive","HSPA8","positive_Naive_CD4_T"
"Naive_CD4_T__HSPB1","Factor3",1.3099581696672,"Naive_CD4_T","positive","HSPB1","positive_Naive_CD4_T"
"Naive_CD4_T__ICAM3","Factor3",0.932271292984403,"Naive_CD4_T","positive","ICAM3","positive_Naive_CD4_T"
"Naive_CD4_T__IFITM2","Factor3",0.771283306766997,"Naive_CD4_T","positive","IFITM2","positive_Naive_CD4_T"
"Naive_CD4_T__IL32","Factor3",0.804929723666275,"Naive_CD4_T","positive","IL32","positive_Naive_CD4_T"
"Naive_CD4_T__ITM2A","Factor3",1.65316246192611,"Naive_CD4_T","positive","ITM2A","positive_Naive_CD4_T"
"Naive_CD4_T__JAK1","Factor3",-1.06666154561707,"Naive_CD4_T","negative","JAK1","negative_Naive_CD4_T"
"Naive_CD4_T__JUNB","Factor3",-0.674359676138568,"Naive_CD4_T","negative","JUNB","negative_Naive_CD4_T"
"Naive_CD4_T__KIF2A","Factor3",-0.602074944258234,"Naive_CD4_T","negative","KIF2A","negative_Naive_CD4_T"
"Naive_CD4_T__KLF2","Factor3",1.37541179200318,"Naive_CD4_T","positive","KLF2","positive_Naive_CD4_T"
"Naive_CD4_T__LAT","Factor3",0.584330243090305,"Naive_CD4_T","positive","LAT","positive_Naive_CD4_T"
"Naive_CD4_T__LCK","Factor3",0.577429151347905,"Naive_CD4_T","positive","LCK","positive_Naive_CD4_T"
"Naive_CD4_T__LDHA","Factor3",-0.561642148278772,"Naive_CD4_T","negative","LDHA","negative_Naive_CD4_T"
"Naive_CD4_T__LEPROTL1","Factor3",-0.966864291538252,"Naive_CD4_T","negative","LEPROTL1","negative_Naive_CD4_T"
"Naive_CD4_T__LIME1","Factor3",1.05559696878226,"Naive_CD4_T","positive","LIME1","positive_Naive_CD4_T"
"Naive_CD4_T__LINC00861","Factor3",1.11452099070397,"Naive_CD4_T","positive","LINC00861","positive_Naive_CD4_T"
"Naive_CD4_T__LINC01578","Factor3",0.861476889256911,"Naive_CD4_T","positive","LINC01578","positive_Naive_CD4_T"
"Naive_CD4_T__LRRFIP1","Factor3",0.856890670617916,"Naive_CD4_T","positive","LRRFIP1","positive_Naive_CD4_T"
"Naive_CD4_T__LTB","Factor3",0.571011755797517,"Naive_CD4_T","positive","LTB","positive_Naive_CD4_T"
"Naive_CD4_T__MAL","Factor3",1.97913459601938,"Naive_CD4_T","positive","MAL","positive_Naive_CD4_T"
"Naive_CD4_T__MCUB","Factor3",1.33997878584787,"Naive_CD4_T","positive","MCUB","positive_Naive_CD4_T"
"Naive_CD4_T__MGAT4A","Factor3",0.784251221407897,"Naive_CD4_T","positive","MGAT4A","positive_Naive_CD4_T"
"Naive_CD4_T__MIF","Factor3",-0.830190314222619,"Naive_CD4_T","negative","MIF","negative_Naive_CD4_T"
"Naive_CD4_T__MYC","Factor3",1.64628344903597,"Naive_CD4_T","positive","MYC","positive_Naive_CD4_T"
"Naive_CD4_T__MYL12B","Factor3",1.12800145222676,"Naive_CD4_T","positive","MYL12B","positive_Naive_CD4_T"
"Naive_CD4_T__MYL6","Factor3",-1.04057820109627,"Naive_CD4_T","negative","MYL6","negative_Naive_CD4_T"
"Naive_CD4_T__MZT2A","Factor3",-0.594034840589104,"Naive_CD4_T","negative","MZT2A","negative_Naive_CD4_T"
"Naive_CD4_T__NACA","Factor3",0.708923693678644,"Naive_CD4_T","positive","NACA","positive_Naive_CD4_T"
"Naive_CD4_T__NAP1L1","Factor3",-0.668194767669655,"Naive_CD4_T","negative","NAP1L1","negative_Naive_CD4_T"
"Naive_CD4_T__NDUFA11","Factor3",-0.600341041660056,"Naive_CD4_T","negative","NDUFA11","negative_Naive_CD4_T"
"Naive_CD4_T__NDUFB9","Factor3",-0.870693122904795,"Naive_CD4_T","negative","NDUFB9","negative_Naive_CD4_T"
"Naive_CD4_T__NDUFS5","Factor3",0.990223626365488,"Naive_CD4_T","positive","NDUFS5","positive_Naive_CD4_T"
"Naive_CD4_T__NME2","Factor3",-1.506583264412,"Naive_CD4_T","negative","NME2","negative_Naive_CD4_T"
"Naive_CD4_T__NOP53","Factor3",1.64620522247861,"Naive_CD4_T","positive","NOP53","positive_Naive_CD4_T"
"Naive_CD4_T__PARK7","Factor3",-0.609827193331898,"Naive_CD4_T","negative","PARK7","negative_Naive_CD4_T"
"Naive_CD4_T__PCBP2","Factor3",-0.820313523927417,"Naive_CD4_T","negative","PCBP2","negative_Naive_CD4_T"
"Naive_CD4_T__PCED1B.AS1","Factor3",1.78100143035734,"Naive_CD4_T","positive","PCED1B.AS1","positive_Naive_CD4_T"
"Naive_CD4_T__PDE3B","Factor3",-0.791575750659057,"Naive_CD4_T","negative","PDE3B","negative_Naive_CD4_T"
"Naive_CD4_T__PFDN5","Factor3",0.804466359420779,"Naive_CD4_T","positive","PFDN5","positive_Naive_CD4_T"
"Naive_CD4_T__PFN1","Factor3",-0.76453628614796,"Naive_CD4_T","negative","PFN1","negative_Naive_CD4_T"
"Naive_CD4_T__PGK1","Factor3",-1.12332702071503,"Naive_CD4_T","negative","PGK1","negative_Naive_CD4_T"
"Naive_CD4_T__PHB2","Factor3",-0.775520447986926,"Naive_CD4_T","negative","PHB2","negative_Naive_CD4_T"
"Naive_CD4_T__PLAC8","Factor3",-1.04221577765946,"Naive_CD4_T","negative","PLAC8","negative_Naive_CD4_T"
"Naive_CD4_T__PNRC1","Factor3",1.30306906555213,"Naive_CD4_T","positive","PNRC1","positive_Naive_CD4_T"
"Naive_CD4_T__PPDPF","Factor3",0.631667632870531,"Naive_CD4_T","positive","PPDPF","positive_Naive_CD4_T"
"Naive_CD4_T__PPIA","Factor3",-1.1918210544466,"Naive_CD4_T","negative","PPIA","negative_Naive_CD4_T"
"Naive_CD4_T__PPIB","Factor3",0.761527581713567,"Naive_CD4_T","positive","PPIB","positive_Naive_CD4_T"
"Naive_CD4_T__PPP1CA","Factor3",-1.51874829283164,"Naive_CD4_T","negative","PPP1CA","negative_Naive_CD4_T"
"Naive_CD4_T__PRKCH","Factor3",-0.655822321239514,"Naive_CD4_T","negative","PRKCH","negative_Naive_CD4_T"
"Naive_CD4_T__PSMA1","Factor3",-1.56792202682371,"Naive_CD4_T","negative","PSMA1","negative_Naive_CD4_T"
"Naive_CD4_T__PSMA7","Factor3",-0.703973461597363,"Naive_CD4_T","negative","PSMA7","negative_Naive_CD4_T"
"Naive_CD4_T__PSME2","Factor3",-1.17669218209384,"Naive_CD4_T","negative","PSME2","negative_Naive_CD4_T"
"Naive_CD4_T__PTGES3","Factor3",1.02023030403995,"Naive_CD4_T","positive","PTGES3","positive_Naive_CD4_T"
"Naive_CD4_T__PTPRC","Factor3",-0.556482388091913,"Naive_CD4_T","negative","PTPRC","negative_Naive_CD4_T"
"Naive_CD4_T__RAP1B","Factor3",0.583258098751885,"Naive_CD4_T","positive","RAP1B","positive_Naive_CD4_T"
"Naive_CD4_T__RASA3","Factor3",-0.605787466532914,"Naive_CD4_T","negative","RASA3","negative_Naive_CD4_T"
"Naive_CD4_T__RBM3","Factor3",-0.649405927556239,"Naive_CD4_T","negative","RBM3","negative_Naive_CD4_T"
"Naive_CD4_T__RCAN3","Factor3",0.720135573125728,"Naive_CD4_T","positive","RCAN3","positive_Naive_CD4_T"
"Naive_CD4_T__RGS10","Factor3",-0.826633424420961,"Naive_CD4_T","negative","RGS10","negative_Naive_CD4_T"
"Naive_CD4_T__RHOA","Factor3",-0.908848108175115,"Naive_CD4_T","negative","RHOA","negative_Naive_CD4_T"
"Naive_CD4_T__RNASET2","Factor3",0.733451263838778,"Naive_CD4_T","positive","RNASET2","positive_Naive_CD4_T"
"Naive_CD4_T__RSL1D1","Factor3",-0.626945359712873,"Naive_CD4_T","negative","RSL1D1","negative_Naive_CD4_T"
"Naive_CD4_T__RTRAF","Factor3",-0.775106420412844,"Naive_CD4_T","negative","RTRAF","negative_Naive_CD4_T"
"Naive_CD4_T__S100A6","Factor3",1.47189004489831,"Naive_CD4_T","positive","S100A6","positive_Naive_CD4_T"
"Naive_CD4_T__SAMHD1","Factor3",1.61062010736676,"Naive_CD4_T","positive","SAMHD1","positive_Naive_CD4_T"
"Naive_CD4_T__SAP18","Factor3",0.617703936413267,"Naive_CD4_T","positive","SAP18","positive_Naive_CD4_T"
"Naive_CD4_T__SARAF","Factor3",0.712162769498789,"Naive_CD4_T","positive","SARAF","positive_Naive_CD4_T"
"Naive_CD4_T__SEPTIN6","Factor3",0.791476495075604,"Naive_CD4_T","positive","SEPTIN6","positive_Naive_CD4_T"
"Naive_CD4_T__SERBP1","Factor3",-0.630903779189573,"Naive_CD4_T","negative","SERBP1","negative_Naive_CD4_T"
"Naive_CD4_T__SERF2","Factor3",-0.999113226297236,"Naive_CD4_T","negative","SERF2","negative_Naive_CD4_T"
"Naive_CD4_T__SERINC5","Factor3",-1.53468979730986,"Naive_CD4_T","negative","SERINC5","negative_Naive_CD4_T"
"Naive_CD4_T__SERP1","Factor3",1.04211338869766,"Naive_CD4_T","positive","SERP1","positive_Naive_CD4_T"
"Naive_CD4_T__SF1","Factor3",0.597073722363859,"Naive_CD4_T","positive","SF1","positive_Naive_CD4_T"
"Naive_CD4_T__SFPQ","Factor3",-0.827239390972461,"Naive_CD4_T","negative","SFPQ","negative_Naive_CD4_T"
"Naive_CD4_T__SH3BGRL3","Factor3",-1.31203242057837,"Naive_CD4_T","negative","SH3BGRL3","negative_Naive_CD4_T"
"Naive_CD4_T__SLC25A5","Factor3",-1.16576242276185,"Naive_CD4_T","negative","SLC25A5","negative_Naive_CD4_T"
"Naive_CD4_T__SLC25A6","Factor3",-0.770519311923101,"Naive_CD4_T","negative","SLC25A6","negative_Naive_CD4_T"
"Naive_CD4_T__SLFN5","Factor3",-0.635886678401976,"Naive_CD4_T","negative","SLFN5","negative_Naive_CD4_T"
"Naive_CD4_T__SOD1","Factor3",0.631651147515744,"Naive_CD4_T","positive","SOD1","positive_Naive_CD4_T"
"Naive_CD4_T__SRSF11","Factor3",-2.19638849936453,"Naive_CD4_T","negative","SRSF11","negative_Naive_CD4_T"
"Naive_CD4_T__SSH2","Factor3",-0.965430160119185,"Naive_CD4_T","negative","SSH2","negative_Naive_CD4_T"
"Naive_CD4_T__SSR2","Factor3",1.21785115107194,"Naive_CD4_T","positive","SSR2","positive_Naive_CD4_T"
"Naive_CD4_T__ST13","Factor3",1.2799386328541,"Naive_CD4_T","positive","ST13","positive_Naive_CD4_T"
"Naive_CD4_T__STK17A","Factor3",-0.842783956955905,"Naive_CD4_T","negative","STK17A","negative_Naive_CD4_T"
"Naive_CD4_T__STK17B","Factor3",-0.94822369428799,"Naive_CD4_T","negative","STK17B","negative_Naive_CD4_T"
"Naive_CD4_T__STK38","Factor3",-0.946674100909019,"Naive_CD4_T","negative","STK38","negative_Naive_CD4_T"
"Naive_CD4_T__TAGAP","Factor3",0.57878290474155,"Naive_CD4_T","positive","TAGAP","positive_Naive_CD4_T"
"Naive_CD4_T__TGFB1","Factor3",0.779949027744924,"Naive_CD4_T","positive","TGFB1","positive_Naive_CD4_T"
"Naive_CD4_T__TKT","Factor3",-1.03697789796989,"Naive_CD4_T","negative","TKT","negative_Naive_CD4_T"
"Naive_CD4_T__TLE5","Factor3",0.553462921940246,"Naive_CD4_T","positive","TLE5","positive_Naive_CD4_T"
"Naive_CD4_T__TMSB10","Factor3",0.623560774145323,"Naive_CD4_T","positive","TMSB10","positive_Naive_CD4_T"
"Naive_CD4_T__TMSB4X","Factor3",-0.832655505145913,"Naive_CD4_T","negative","TMSB4X","negative_Naive_CD4_T"
"Naive_CD4_T__TNFAIP3","Factor3",-1.02508478094879,"Naive_CD4_T","negative","TNFAIP3","negative_Naive_CD4_T"
"Naive_CD4_T__TOMM20","Factor3",0.590955115827447,"Naive_CD4_T","positive","TOMM20","positive_Naive_CD4_T"
"Naive_CD4_T__TOMM6","Factor3",-0.599244908442481,"Naive_CD4_T","negative","TOMM6","negative_Naive_CD4_T"
"Naive_CD4_T__TPM3","Factor3",0.709917043579163,"Naive_CD4_T","positive","TPM3","positive_Naive_CD4_T"
"Naive_CD4_T__TPT1","Factor3",0.945853558671894,"Naive_CD4_T","positive","TPT1","positive_Naive_CD4_T"
"Naive_CD4_T__TRAT1","Factor3",0.55776157720768,"Naive_CD4_T","positive","TRAT1","positive_Naive_CD4_T"
"Naive_CD4_T__TUBA1B","Factor3",0.712333645649905,"Naive_CD4_T","positive","TUBA1B","positive_Naive_CD4_T"
"Naive_CD4_T__TUBB","Factor3",0.6875120474897,"Naive_CD4_T","positive","TUBB","positive_Naive_CD4_T"
"Naive_CD4_T__TXNIP","Factor3",0.851663891876804,"Naive_CD4_T","positive","TXNIP","positive_Naive_CD4_T"
"Naive_CD4_T__UBA52","Factor3",1.04485362581524,"Naive_CD4_T","positive","UBA52","positive_Naive_CD4_T"
"Naive_CD4_T__UBC","Factor3",1.06949332389173,"Naive_CD4_T","positive","UBC","positive_Naive_CD4_T"
"Naive_CD4_T__UQCRB","Factor3",0.576992027141554,"Naive_CD4_T","positive","UQCRB","positive_Naive_CD4_T"
"Naive_CD4_T__UXT","Factor3",0.66928282765548,"Naive_CD4_T","positive","UXT","positive_Naive_CD4_T"
"Naive_CD4_T__VAMP2","Factor3",0.825135977441074,"Naive_CD4_T","positive","VAMP2","positive_Naive_CD4_T"
"Naive_CD4_T__VIM","Factor3",1.05037637781783,"Naive_CD4_T","positive","VIM","positive_Naive_CD4_T"
"Naive_CD4_T__XRCC5","Factor3",-1.05413194212153,"Naive_CD4_T","negative","XRCC5","negative_Naive_CD4_T"
"Naive_CD4_T__YBX1","Factor3",-0.577428715565008,"Naive_CD4_T","negative","YBX1","negative_Naive_CD4_T"
"Naive_CD4_T__ZFAS1","Factor3",-1.33968080455634,"Naive_CD4_T","negative","ZFAS1","negative_Naive_CD4_T"
"Naive_CD8_T__AAK1","Factor3",-0.7678712059982,"Naive_CD8_T","negative","AAK1","negative_Naive_CD8_T"
"Naive_CD8_T__ACAP2","Factor3",-1.56839556707788,"Naive_CD8_T","negative","ACAP2","negative_Naive_CD8_T"
"Naive_CD8_T__ALKBH7","Factor3",1.19751875923512,"Naive_CD8_T","positive","ALKBH7","positive_Naive_CD8_T"
"Naive_CD8_T__ANP32B","Factor3",1.31174669906598,"Naive_CD8_T","positive","ANP32B","positive_Naive_CD8_T"
"Naive_CD8_T__AP1M1","Factor3",0.844646169074808,"Naive_CD8_T","positive","AP1M1","positive_Naive_CD8_T"
"Naive_CD8_T__APBB1IP","Factor3",0.93542192135189,"Naive_CD8_T","positive","APBB1IP","positive_Naive_CD8_T"
"Naive_CD8_T__APOO","Factor3",1.46252205763213,"Naive_CD8_T","positive","APOO","positive_Naive_CD8_T"
"Naive_CD8_T__AQP3","Factor3",-1.66119345541992,"Naive_CD8_T","negative","AQP3","negative_Naive_CD8_T"
"Naive_CD8_T__ARF1","Factor3",1.2053633213697,"Naive_CD8_T","positive","ARF1","positive_Naive_CD8_T"
"Naive_CD8_T__ARGLU1","Factor3",-0.853451789338719,"Naive_CD8_T","negative","ARGLU1","negative_Naive_CD8_T"
"Naive_CD8_T__ARHGAP30","Factor3",0.916022243950517,"Naive_CD8_T","positive","ARHGAP30","positive_Naive_CD8_T"
"Naive_CD8_T__ARL6IP5","Factor3",-0.819485560617754,"Naive_CD8_T","negative","ARL6IP5","negative_Naive_CD8_T"
"Naive_CD8_T__ARMH1","Factor3",1.04283717704572,"Naive_CD8_T","positive","ARMH1","positive_Naive_CD8_T"
"Naive_CD8_T__ATP5F1B","Factor3",-0.799913418582826,"Naive_CD8_T","negative","ATP5F1B","negative_Naive_CD8_T"
"Naive_CD8_T__ATP5MC3","Factor3",-1.05834902315285,"Naive_CD8_T","negative","ATP5MC3","negative_Naive_CD8_T"
"Naive_CD8_T__ATP5MPL","Factor3",-1.27441162833153,"Naive_CD8_T","negative","ATP5MPL","negative_Naive_CD8_T"
"Naive_CD8_T__ATP8A1","Factor3",-1.06178009383604,"Naive_CD8_T","negative","ATP8A1","negative_Naive_CD8_T"
"Naive_CD8_T__BIN2","Factor3",-1.12196818756818,"Naive_CD8_T","negative","BIN2","negative_Naive_CD8_T"
"Naive_CD8_T__BIRC6","Factor3",-1.32917743954173,"Naive_CD8_T","negative","BIRC6","negative_Naive_CD8_T"
"Naive_CD8_T__BTG1","Factor3",-0.8578685179516,"Naive_CD8_T","negative","BTG1","negative_Naive_CD8_T"
"Naive_CD8_T__C1QBP","Factor3",0.978043173372831,"Naive_CD8_T","positive","C1QBP","positive_Naive_CD8_T"
"Naive_CD8_T__C9orf16","Factor3",-0.813639690046024,"Naive_CD8_T","negative","C9orf16","negative_Naive_CD8_T"
"Naive_CD8_T__C9orf78","Factor3",0.842051468789511,"Naive_CD8_T","positive","C9orf78","positive_Naive_CD8_T"
"Naive_CD8_T__CALM3","Factor3",0.940523246859077,"Naive_CD8_T","positive","CALM3","positive_Naive_CD8_T"
"Naive_CD8_T__CAP1","Factor3",0.810182669690388,"Naive_CD8_T","positive","CAP1","positive_Naive_CD8_T"
"Naive_CD8_T__CBLB","Factor3",-0.79100483639755,"Naive_CD8_T","negative","CBLB","negative_Naive_CD8_T"
"Naive_CD8_T__CCNI","Factor3",0.807699512267595,"Naive_CD8_T","positive","CCNI","positive_Naive_CD8_T"
"Naive_CD8_T__CCNL1","Factor3",-1.26838749985683,"Naive_CD8_T","negative","CCNL1","negative_Naive_CD8_T"
"Naive_CD8_T__CCT4","Factor3",1.04390498591924,"Naive_CD8_T","positive","CCT4","positive_Naive_CD8_T"
"Naive_CD8_T__CD37","Factor3",1.80594078223869,"Naive_CD8_T","positive","CD37","positive_Naive_CD8_T"
"Naive_CD8_T__CD44","Factor3",-0.849521642389154,"Naive_CD8_T","negative","CD44","negative_Naive_CD8_T"
"Naive_CD8_T__CD48","Factor3",1.86916271388038,"Naive_CD8_T","positive","CD48","positive_Naive_CD8_T"
"Naive_CD8_T__CD53","Factor3",-1.0248354639667,"Naive_CD8_T","negative","CD53","negative_Naive_CD8_T"
"Naive_CD8_T__CD69","Factor3",-1.29323902187048,"Naive_CD8_T","negative","CD69","negative_Naive_CD8_T"
"Naive_CD8_T__CD7","Factor3",1.46929840350766,"Naive_CD8_T","positive","CD7","positive_Naive_CD8_T"
"Naive_CD8_T__CD81","Factor3",-0.898122975115058,"Naive_CD8_T","negative","CD81","negative_Naive_CD8_T"
"Naive_CD8_T__CD8A","Factor3",1.42719000184311,"Naive_CD8_T","positive","CD8A","positive_Naive_CD8_T"
"Naive_CD8_T__CD8B","Factor3",1.7745656386194,"Naive_CD8_T","positive","CD8B","positive_Naive_CD8_T"
"Naive_CD8_T__CHD2","Factor3",-0.846494990426976,"Naive_CD8_T","negative","CHD2","negative_Naive_CD8_T"
"Naive_CD8_T__CIB1","Factor3",-0.823875765172747,"Naive_CD8_T","negative","CIB1","negative_Naive_CD8_T"
"Naive_CD8_T__CNBP","Factor3",1.39201460934449,"Naive_CD8_T","positive","CNBP","positive_Naive_CD8_T"
"Naive_CD8_T__COMMD6","Factor3",0.91164933241282,"Naive_CD8_T","positive","COMMD6","positive_Naive_CD8_T"
"Naive_CD8_T__COPE","Factor3",-0.820875479274098,"Naive_CD8_T","negative","COPE","negative_Naive_CD8_T"
"Naive_CD8_T__CSDE1","Factor3",0.958407877317097,"Naive_CD8_T","positive","CSDE1","positive_Naive_CD8_T"
"Naive_CD8_T__CYTH1","Factor3",0.940146722309531,"Naive_CD8_T","positive","CYTH1","positive_Naive_CD8_T"
"Naive_CD8_T__DAZAP2","Factor3",1.21064365482617,"Naive_CD8_T","positive","DAZAP2","positive_Naive_CD8_T"
"Naive_CD8_T__DGKA","Factor3",-0.931362124197242,"Naive_CD8_T","negative","DGKA","negative_Naive_CD8_T"
"Naive_CD8_T__DOCK10","Factor3",-0.786862308654011,"Naive_CD8_T","negative","DOCK10","negative_Naive_CD8_T"
"Naive_CD8_T__EDF1","Factor3",1.55030311576844,"Naive_CD8_T","positive","EDF1","positive_Naive_CD8_T"
"Naive_CD8_T__EEF1G","Factor3",1.24960761455058,"Naive_CD8_T","positive","EEF1G","positive_Naive_CD8_T"
"Naive_CD8_T__EIF2S3","Factor3",1.61075306067039,"Naive_CD8_T","positive","EIF2S3","positive_Naive_CD8_T"
"Naive_CD8_T__EIF3A","Factor3",-1.22437381479204,"Naive_CD8_T","negative","EIF3A","negative_Naive_CD8_T"
"Naive_CD8_T__EIF3D","Factor3",1.17501138129247,"Naive_CD8_T","positive","EIF3D","positive_Naive_CD8_T"
"Naive_CD8_T__EIF3G","Factor3",0.82567565756274,"Naive_CD8_T","positive","EIF3G","positive_Naive_CD8_T"
"Naive_CD8_T__EIF3H","Factor3",0.825820646060152,"Naive_CD8_T","positive","EIF3H","positive_Naive_CD8_T"
"Naive_CD8_T__EIF3M","Factor3",1.40432981376337,"Naive_CD8_T","positive","EIF3M","positive_Naive_CD8_T"
"Naive_CD8_T__EIF5","Factor3",1.73030801237277,"Naive_CD8_T","positive","EIF5","positive_Naive_CD8_T"
"Naive_CD8_T__ELOB","Factor3",-0.833160529060421,"Naive_CD8_T","negative","ELOB","negative_Naive_CD8_T"
"Naive_CD8_T__EML4","Factor3",-0.812002118678281,"Naive_CD8_T","negative","EML4","negative_Naive_CD8_T"
"Naive_CD8_T__ENO1","Factor3",-0.91949519087897,"Naive_CD8_T","negative","ENO1","negative_Naive_CD8_T"
"Naive_CD8_T__ETS1","Factor3",-0.861329011786377,"Naive_CD8_T","negative","ETS1","negative_Naive_CD8_T"
"Naive_CD8_T__EVL","Factor3",1.55055444614132,"Naive_CD8_T","positive","EVL","positive_Naive_CD8_T"
"Naive_CD8_T__FAAP20","Factor3",-0.954249616494237,"Naive_CD8_T","negative","FAAP20","negative_Naive_CD8_T"
"Naive_CD8_T__FAM117B","Factor3",-1.23568234741984,"Naive_CD8_T","negative","FAM117B","negative_Naive_CD8_T"
"Naive_CD8_T__FAM49B","Factor3",-1.04243212808227,"Naive_CD8_T","negative","FAM49B","negative_Naive_CD8_T"
"Naive_CD8_T__FKBP1A","Factor3",-0.884501449244473,"Naive_CD8_T","negative","FKBP1A","negative_Naive_CD8_T"
"Naive_CD8_T__FLT3LG","Factor3",1.64618376881221,"Naive_CD8_T","positive","FLT3LG","positive_Naive_CD8_T"
"Naive_CD8_T__FXYD5","Factor3",1.56404671467701,"Naive_CD8_T","positive","FXYD5","positive_Naive_CD8_T"
"Naive_CD8_T__GAPDH","Factor3",-1.63942851288438,"Naive_CD8_T","negative","GAPDH","negative_Naive_CD8_T"
"Naive_CD8_T__GIMAP4","Factor3",-0.835937809874742,"Naive_CD8_T","negative","GIMAP4","negative_Naive_CD8_T"
"Naive_CD8_T__GMFG","Factor3",-0.929002087256231,"Naive_CD8_T","negative","GMFG","negative_Naive_CD8_T"
"Naive_CD8_T__GNAS","Factor3",-1.02559769354415,"Naive_CD8_T","negative","GNAS","negative_Naive_CD8_T"
"Naive_CD8_T__GNG2","Factor3",-1.38660599969477,"Naive_CD8_T","negative","GNG2","negative_Naive_CD8_T"
"Naive_CD8_T__GPBP1","Factor3",-0.774390494480507,"Naive_CD8_T","negative","GPBP1","negative_Naive_CD8_T"
"Naive_CD8_T__GPI","Factor3",-0.816602064024653,"Naive_CD8_T","negative","GPI","negative_Naive_CD8_T"
"Naive_CD8_T__GSPT1","Factor3",-1.22553054065912,"Naive_CD8_T","negative","GSPT1","negative_Naive_CD8_T"
"Naive_CD8_T__GYPC","Factor3",-1.52084800002436,"Naive_CD8_T","negative","GYPC","negative_Naive_CD8_T"
"Naive_CD8_T__H2AFZ","Factor3",0.880901962322561,"Naive_CD8_T","positive","H2AFZ","positive_Naive_CD8_T"
"Naive_CD8_T__HIST1H4C","Factor3",0.796906655375173,"Naive_CD8_T","positive","HIST1H4C","positive_Naive_CD8_T"
"Naive_CD8_T__HLA.F","Factor3",1.14396789782292,"Naive_CD8_T","positive","HLA.F","positive_Naive_CD8_T"
"Naive_CD8_T__HMGA1","Factor3",-0.987528244307166,"Naive_CD8_T","negative","HMGA1","negative_Naive_CD8_T"
"Naive_CD8_T__HMGB1","Factor3",-0.790748111447405,"Naive_CD8_T","negative","HMGB1","negative_Naive_CD8_T"
"Naive_CD8_T__HNRNPA0","Factor3",1.35236852476635,"Naive_CD8_T","positive","HNRNPA0","positive_Naive_CD8_T"
"Naive_CD8_T__HNRNPA3","Factor3",-0.798251518010925,"Naive_CD8_T","negative","HNRNPA3","negative_Naive_CD8_T"
"Naive_CD8_T__HNRNPDL","Factor3",0.8536155702692,"Naive_CD8_T","positive","HNRNPDL","positive_Naive_CD8_T"
"Naive_CD8_T__HNRNPF","Factor3",-1.00393389931533,"Naive_CD8_T","negative","HNRNPF","negative_Naive_CD8_T"
"Naive_CD8_T__HP1BP3","Factor3",0.8816353547027,"Naive_CD8_T","positive","HP1BP3","positive_Naive_CD8_T"
"Naive_CD8_T__HSPA8","Factor3",1.01325324489132,"Naive_CD8_T","positive","HSPA8","positive_Naive_CD8_T"
"Naive_CD8_T__HSPB1","Factor3",1.09480392515389,"Naive_CD8_T","positive","HSPB1","positive_Naive_CD8_T"
"Naive_CD8_T__ICAM3","Factor3",1.0150013769088,"Naive_CD8_T","positive","ICAM3","positive_Naive_CD8_T"
"Naive_CD8_T__IKZF2","Factor3",-0.999039078374758,"Naive_CD8_T","negative","IKZF2","negative_Naive_CD8_T"
"Naive_CD8_T__IL32","Factor3",1.16530262630411,"Naive_CD8_T","positive","IL32","positive_Naive_CD8_T"
"Naive_CD8_T__IL6ST","Factor3",-1.4259355813766,"Naive_CD8_T","negative","IL6ST","negative_Naive_CD8_T"
"Naive_CD8_T__IL7R","Factor3",-1.10875177337034,"Naive_CD8_T","negative","IL7R","negative_Naive_CD8_T"
"Naive_CD8_T__ITM2A","Factor3",0.872858922123882,"Naive_CD8_T","positive","ITM2A","positive_Naive_CD8_T"
"Naive_CD8_T__ITM2B","Factor3",0.938142791306354,"Naive_CD8_T","positive","ITM2B","positive_Naive_CD8_T"
"Naive_CD8_T__JTB","Factor3",1.22758383879051,"Naive_CD8_T","positive","JTB","positive_Naive_CD8_T"
"Naive_CD8_T__KRT10","Factor3",1.72819040090377,"Naive_CD8_T","positive","KRT10","positive_Naive_CD8_T"
"Naive_CD8_T__LAT","Factor3",0.793823579917199,"Naive_CD8_T","positive","LAT","positive_Naive_CD8_T"
"Naive_CD8_T__LDHB","Factor3",-0.913633166157015,"Naive_CD8_T","negative","LDHB","negative_Naive_CD8_T"
"Naive_CD8_T__LDLRAD4","Factor3",-1.52578081548209,"Naive_CD8_T","negative","LDLRAD4","negative_Naive_CD8_T"
"Naive_CD8_T__LIMD2","Factor3",-1.02381954994652,"Naive_CD8_T","negative","LIMD2","negative_Naive_CD8_T"
"Naive_CD8_T__LINC00861","Factor3",1.23300360665746,"Naive_CD8_T","positive","LINC00861","positive_Naive_CD8_T"
"Naive_CD8_T__LINC01138","Factor3",0.848437356446298,"Naive_CD8_T","positive","LINC01138","positive_Naive_CD8_T"
"Naive_CD8_T__LRRN3","Factor3",0.847836821169128,"Naive_CD8_T","positive","LRRN3","positive_Naive_CD8_T"
"Naive_CD8_T__LSM14A","Factor3",1.35560836603097,"Naive_CD8_T","positive","LSM14A","positive_Naive_CD8_T"
"Naive_CD8_T__LTB","Factor3",-1.56373456793295,"Naive_CD8_T","negative","LTB","negative_Naive_CD8_T"
"Naive_CD8_T__MAT2B","Factor3",-0.953094180543734,"Naive_CD8_T","negative","MAT2B","negative_Naive_CD8_T"
"Naive_CD8_T__MGAT4A","Factor3",1.52367509814655,"Naive_CD8_T","positive","MGAT4A","positive_Naive_CD8_T"
"Naive_CD8_T__MLLT3","Factor3",-0.944453422087109,"Naive_CD8_T","negative","MLLT3","negative_Naive_CD8_T"
"Naive_CD8_T__MT.CO1","Factor3",-1.16717463084379,"Naive_CD8_T","negative","MT.CO1","negative_Naive_CD8_T"
"Naive_CD8_T__MYCBP2","Factor3",-0.78071071630696,"Naive_CD8_T","negative","MYCBP2","negative_Naive_CD8_T"
"Naive_CD8_T__MYL12B","Factor3",1.11623168532486,"Naive_CD8_T","positive","MYL12B","positive_Naive_CD8_T"
"Naive_CD8_T__NDUFB10","Factor3",-1.10687357583992,"Naive_CD8_T","negative","NDUFB10","negative_Naive_CD8_T"
"Naive_CD8_T__NDUFS5","Factor3",0.972073555387146,"Naive_CD8_T","positive","NDUFS5","positive_Naive_CD8_T"
"Naive_CD8_T__NHP2","Factor3",-1.04612919024466,"Naive_CD8_T","negative","NHP2","negative_Naive_CD8_T"
"Naive_CD8_T__NOP53","Factor3",1.63590360836873,"Naive_CD8_T","positive","NOP53","positive_Naive_CD8_T"
"Naive_CD8_T__OSBPL8","Factor3",-1.44348393405581,"Naive_CD8_T","negative","OSBPL8","negative_Naive_CD8_T"
"Naive_CD8_T__PAIP2","Factor3",1.10067000677584,"Naive_CD8_T","positive","PAIP2","positive_Naive_CD8_T"
"Naive_CD8_T__PCBP1","Factor3",1.26201392010507,"Naive_CD8_T","positive","PCBP1","positive_Naive_CD8_T"
"Naive_CD8_T__PCED1B","Factor3",1.95855649639877,"Naive_CD8_T","positive","PCED1B","positive_Naive_CD8_T"
"Naive_CD8_T__PCED1B.AS1","Factor3",1.18535354557451,"Naive_CD8_T","positive","PCED1B.AS1","positive_Naive_CD8_T"
"Naive_CD8_T__PDIA3","Factor3",1.987220930324,"Naive_CD8_T","positive","PDIA3","positive_Naive_CD8_T"
"Naive_CD8_T__PECAM1","Factor3",1.55134243741358,"Naive_CD8_T","positive","PECAM1","positive_Naive_CD8_T"
"Naive_CD8_T__PFDN5","Factor3",1.31197485947132,"Naive_CD8_T","positive","PFDN5","positive_Naive_CD8_T"
"Naive_CD8_T__PGAM1","Factor3",-1.25940182297597,"Naive_CD8_T","negative","PGAM1","negative_Naive_CD8_T"
"Naive_CD8_T__PHB2","Factor3",-0.916204226446519,"Naive_CD8_T","negative","PHB2","negative_Naive_CD8_T"
"Naive_CD8_T__PLAC8","Factor3",-1.61145434793894,"Naive_CD8_T","negative","PLAC8","negative_Naive_CD8_T"
"Naive_CD8_T__PNN","Factor3",-1.26405843190983,"Naive_CD8_T","negative","PNN","negative_Naive_CD8_T"
"Naive_CD8_T__POLR1D","Factor3",1.6054179375416,"Naive_CD8_T","positive","POLR1D","positive_Naive_CD8_T"
"Naive_CD8_T__PPDPF","Factor3",1.08283803551716,"Naive_CD8_T","positive","PPDPF","positive_Naive_CD8_T"
"Naive_CD8_T__PPIA","Factor3",-1.44978877961175,"Naive_CD8_T","negative","PPIA","negative_Naive_CD8_T"
"Naive_CD8_T__PPIB","Factor3",0.801986527689114,"Naive_CD8_T","positive","PPIB","positive_Naive_CD8_T"
"Naive_CD8_T__PRKACB","Factor3",0.933725556305969,"Naive_CD8_T","positive","PRKACB","positive_Naive_CD8_T"
"Naive_CD8_T__PRKCB","Factor3",-0.94752310074399,"Naive_CD8_T","negative","PRKCB","negative_Naive_CD8_T"
"Naive_CD8_T__PRKCH","Factor3",-0.986129928678032,"Naive_CD8_T","negative","PRKCH","negative_Naive_CD8_T"
"Naive_CD8_T__PRKDC","Factor3",-0.958406606855718,"Naive_CD8_T","negative","PRKDC","negative_Naive_CD8_T"
"Naive_CD8_T__PSMA1","Factor3",-0.790560991354414,"Naive_CD8_T","negative","PSMA1","negative_Naive_CD8_T"
"Naive_CD8_T__PSMA5","Factor3",-1.40744853026801,"Naive_CD8_T","negative","PSMA5","negative_Naive_CD8_T"
"Naive_CD8_T__PSMA6","Factor3",-1.17234712938426,"Naive_CD8_T","negative","PSMA6","negative_Naive_CD8_T"
"Naive_CD8_T__PSMA7","Factor3",-1.03403038219616,"Naive_CD8_T","negative","PSMA7","negative_Naive_CD8_T"
"Naive_CD8_T__PTP4A2","Factor3",1.42467846417744,"Naive_CD8_T","positive","PTP4A2","positive_Naive_CD8_T"
"Naive_CD8_T__RABAC1","Factor3",0.873808236914027,"Naive_CD8_T","positive","RABAC1","positive_Naive_CD8_T"
"Naive_CD8_T__RAD21","Factor3",1.49948512968398,"Naive_CD8_T","positive","RAD21","positive_Naive_CD8_T"
"Naive_CD8_T__RBBP4","Factor3",-1.36818631774209,"Naive_CD8_T","negative","RBBP4","negative_Naive_CD8_T"
"Naive_CD8_T__RBM25","Factor3",-1.249979422743,"Naive_CD8_T","negative","RBM25","negative_Naive_CD8_T"
"Naive_CD8_T__RBM4","Factor3",-1.01515798003485,"Naive_CD8_T","negative","RBM4","negative_Naive_CD8_T"
"Naive_CD8_T__RBMS1","Factor3",-0.807790292976289,"Naive_CD8_T","negative","RBMS1","negative_Naive_CD8_T"
"Naive_CD8_T__RBMX","Factor3",1.60843105337783,"Naive_CD8_T","positive","RBMX","positive_Naive_CD8_T"
"Naive_CD8_T__RNASEK","Factor3",0.83262012367531,"Naive_CD8_T","positive","RNASEK","positive_Naive_CD8_T"
"Naive_CD8_T__RNPS1","Factor3",-1.40452266577752,"Naive_CD8_T","negative","RNPS1","negative_Naive_CD8_T"
"Naive_CD8_T__ROCK1","Factor3",-1.1922168270965,"Naive_CD8_T","negative","ROCK1","negative_Naive_CD8_T"
"Naive_CD8_T__RSL1D1","Factor3",1.28376725680952,"Naive_CD8_T","positive","RSL1D1","positive_Naive_CD8_T"
"Naive_CD8_T__RSRP1","Factor3",-0.872675762310586,"Naive_CD8_T","negative","RSRP1","negative_Naive_CD8_T"
"Naive_CD8_T__S100A6","Factor3",1.52820986238723,"Naive_CD8_T","positive","S100A6","positive_Naive_CD8_T"
"Naive_CD8_T__SAMHD1","Factor3",1.74901268177125,"Naive_CD8_T","positive","SAMHD1","positive_Naive_CD8_T"
"Naive_CD8_T__SAP18","Factor3",0.937438758665168,"Naive_CD8_T","positive","SAP18","positive_Naive_CD8_T"
"Naive_CD8_T__SEC61B","Factor3",-0.968791056729848,"Naive_CD8_T","negative","SEC61B","negative_Naive_CD8_T"
"Naive_CD8_T__SELENOH","Factor3",0.860926249203786,"Naive_CD8_T","positive","SELENOH","positive_Naive_CD8_T"
"Naive_CD8_T__SEPTIN6","Factor3",1.21464072462711,"Naive_CD8_T","positive","SEPTIN6","positive_Naive_CD8_T"
"Naive_CD8_T__SEPTIN7","Factor3",-0.988497130609551,"Naive_CD8_T","negative","SEPTIN7","negative_Naive_CD8_T"
"Naive_CD8_T__SERF2","Factor3",-0.794423793630312,"Naive_CD8_T","negative","SERF2","negative_Naive_CD8_T"
"Naive_CD8_T__SERINC5","Factor3",-0.992901106578159,"Naive_CD8_T","negative","SERINC5","negative_Naive_CD8_T"
"Naive_CD8_T__SERP1","Factor3",1.01626810288932,"Naive_CD8_T","positive","SERP1","positive_Naive_CD8_T"
"Naive_CD8_T__SF1","Factor3",1.12304344758449,"Naive_CD8_T","positive","SF1","positive_Naive_CD8_T"
"Naive_CD8_T__SF3B6","Factor3",0.818152157468669,"Naive_CD8_T","positive","SF3B6","positive_Naive_CD8_T"
"Naive_CD8_T__SLC2A3","Factor3",-0.835825208996546,"Naive_CD8_T","negative","SLC2A3","negative_Naive_CD8_T"
"Naive_CD8_T__SNRPN","Factor3",0.885819570813891,"Naive_CD8_T","positive","SNRPN","positive_Naive_CD8_T"
"Naive_CD8_T__SP110","Factor3",-0.851790266275934,"Naive_CD8_T","negative","SP110","negative_Naive_CD8_T"
"Naive_CD8_T__SPCS1","Factor3",0.80510719614024,"Naive_CD8_T","positive","SPCS1","positive_Naive_CD8_T"
"Naive_CD8_T__SRM","Factor3",-1.36885810000372,"Naive_CD8_T","negative","SRM","negative_Naive_CD8_T"
"Naive_CD8_T__SRRM1","Factor3",-0.795474798119372,"Naive_CD8_T","negative","SRRM1","negative_Naive_CD8_T"
"Naive_CD8_T__SSBP1","Factor3",-1.04875837181162,"Naive_CD8_T","negative","SSBP1","negative_Naive_CD8_T"
"Naive_CD8_T__SSR2","Factor3",0.991049305095266,"Naive_CD8_T","positive","SSR2","positive_Naive_CD8_T"
"Naive_CD8_T__SSR4","Factor3",0.933465180496369,"Naive_CD8_T","positive","SSR4","positive_Naive_CD8_T"
"Naive_CD8_T__ST13","Factor3",0.845838928824406,"Naive_CD8_T","positive","ST13","positive_Naive_CD8_T"
"Naive_CD8_T__STK17B","Factor3",-1.13581672493157,"Naive_CD8_T","negative","STK17B","negative_Naive_CD8_T"
"Naive_CD8_T__TMEM50A","Factor3",-0.896834314923034,"Naive_CD8_T","negative","TMEM50A","negative_Naive_CD8_T"
"Naive_CD8_T__TMSB4X","Factor3",-1.22512899565942,"Naive_CD8_T","negative","TMSB4X","negative_Naive_CD8_T"
"Naive_CD8_T__TNFAIP3","Factor3",-0.921471468618788,"Naive_CD8_T","negative","TNFAIP3","negative_Naive_CD8_T"
"Naive_CD8_T__TOB1","Factor3",-0.865908845759225,"Naive_CD8_T","negative","TOB1","negative_Naive_CD8_T"
"Naive_CD8_T__TOMM20","Factor3",1.47018582188112,"Naive_CD8_T","positive","TOMM20","positive_Naive_CD8_T"
"Naive_CD8_T__TOMM7","Factor3",0.835417879109327,"Naive_CD8_T","positive","TOMM7","positive_Naive_CD8_T"
"Naive_CD8_T__TPI1","Factor3",-0.822687413773994,"Naive_CD8_T","negative","TPI1","negative_Naive_CD8_T"
"Naive_CD8_T__TPM3","Factor3",0.883371125078897,"Naive_CD8_T","positive","TPM3","positive_Naive_CD8_T"
"Naive_CD8_T__TPT1","Factor3",1.3274202201816,"Naive_CD8_T","positive","TPT1","positive_Naive_CD8_T"
"Naive_CD8_T__TRIR","Factor3",1.33979935586121,"Naive_CD8_T","positive","TRIR","positive_Naive_CD8_T"
"Naive_CD8_T__TUBB","Factor3",0.852117563576336,"Naive_CD8_T","positive","TUBB","positive_Naive_CD8_T"
"Naive_CD8_T__TXNIP","Factor3",1.00593290248375,"Naive_CD8_T","positive","TXNIP","positive_Naive_CD8_T"
"Naive_CD8_T__UBAC2","Factor3",-1.3632729570856,"Naive_CD8_T","negative","UBAC2","negative_Naive_CD8_T"
"Naive_CD8_T__UBC","Factor3",1.04940856232781,"Naive_CD8_T","positive","UBC","positive_Naive_CD8_T"
"Naive_CD8_T__UBE2D3","Factor3",1.29878169277174,"Naive_CD8_T","positive","UBE2D3","positive_Naive_CD8_T"
"Naive_CD8_T__UBXN4","Factor3",-0.788845138553543,"Naive_CD8_T","negative","UBXN4","negative_Naive_CD8_T"
"Naive_CD8_T__UQCRH","Factor3",0.812238404126881,"Naive_CD8_T","positive","UQCRH","positive_Naive_CD8_T"
"Naive_CD8_T__VAMP2","Factor3",1.10299794393483,"Naive_CD8_T","positive","VAMP2","positive_Naive_CD8_T"
"Naive_CD8_T__VPS28","Factor3",-1.51136364669615,"Naive_CD8_T","negative","VPS28","negative_Naive_CD8_T"
"Naive_CD8_T__XRCC5","Factor3",-1.00523538936361,"Naive_CD8_T","negative","XRCC5","negative_Naive_CD8_T"
"Naive_CD8_T__YBX1","Factor3",-1.64494780202386,"Naive_CD8_T","negative","YBX1","negative_Naive_CD8_T"
"Naive_CD8_T__ZFP36L1","Factor3",0.849761866460116,"Naive_CD8_T","positive","ZFP36L1","positive_Naive_CD8_T"
"Naive_CD8_T__ZNF207","Factor3",-1.7818581401719,"Naive_CD8_T","negative","ZNF207","negative_Naive_CD8_T"
"NK_T__ABHD17A","Factor3",0.944337473229961,"NK_T","positive","ABHD17A","positive_NK_T"
"NK_T__ACAP1","Factor3",-1.03592173755645,"NK_T","negative","ACAP1","negative_NK_T"
"NK_T__ACTG1","Factor3",-1.48274592550834,"NK_T","negative","ACTG1","negative_NK_T"
"NK_T__ANKRD44","Factor3",0.896989731571881,"NK_T","positive","ANKRD44","positive_NK_T"
"NK_T__ANXA6","Factor3",1.07566218354043,"NK_T","positive","ANXA6","positive_NK_T"
"NK_T__AOAH","Factor3",-0.938120892030619,"NK_T","negative","AOAH","negative_NK_T"
"NK_T__APOO","Factor3",0.569343048769154,"NK_T","positive","APOO","positive_NK_T"
"NK_T__ARF1","Factor3",-0.900757485179384,"NK_T","negative","ARF1","negative_NK_T"
"NK_T__ARL6IP4","Factor3",-0.748133124163754,"NK_T","negative","ARL6IP4","negative_NK_T"
"NK_T__ARPC1B","Factor3",-0.613392138291291,"NK_T","negative","ARPC1B","negative_NK_T"
"NK_T__ARPC3","Factor3",1.04625074790799,"NK_T","positive","ARPC3","positive_NK_T"
"NK_T__ATP5IF1","Factor3",1.3634649651101,"NK_T","positive","ATP5IF1","positive_NK_T"
"NK_T__ATP5MC2","Factor3",-0.782555509596341,"NK_T","negative","ATP5MC2","negative_NK_T"
"NK_T__ATP5MC3","Factor3",-1.82431107742958,"NK_T","negative","ATP5MC3","negative_NK_T"
"NK_T__ATP5MG","Factor3",0.616272089252484,"NK_T","positive","ATP5MG","positive_NK_T"
"NK_T__ATP5PO","Factor3",-0.86635613736513,"NK_T","negative","ATP5PO","negative_NK_T"
"NK_T__BTG1","Factor3",-1.4324254376353,"NK_T","negative","BTG1","negative_NK_T"
"NK_T__C9orf16","Factor3",0.839832312386236,"NK_T","positive","C9orf16","positive_NK_T"
"NK_T__CALM2","Factor3",0.803116079710131,"NK_T","positive","CALM2","positive_NK_T"
"NK_T__CAMK4","Factor3",1.09725965003409,"NK_T","positive","CAMK4","positive_NK_T"
"NK_T__CAP1","Factor3",-1.53369142526624,"NK_T","negative","CAP1","negative_NK_T"
"NK_T__CAPZB","Factor3",-1.21015048779857,"NK_T","negative","CAPZB","negative_NK_T"
"NK_T__CCND3","Factor3",0.664278205118243,"NK_T","positive","CCND3","positive_NK_T"
"NK_T__CD27","Factor3",-1.06462728022095,"NK_T","negative","CD27","negative_NK_T"
"NK_T__CD37","Factor3",-0.803659624090681,"NK_T","negative","CD37","negative_NK_T"
"NK_T__CD3G","Factor3",0.842901688548225,"NK_T","positive","CD3G","positive_NK_T"
"NK_T__CD48","Factor3",0.803582640367796,"NK_T","positive","CD48","positive_NK_T"
"NK_T__CD52","Factor3",1.13259146525416,"NK_T","positive","CD52","positive_NK_T"
"NK_T__CD69","Factor3",-1.76252101648827,"NK_T","negative","CD69","negative_NK_T"
"NK_T__CD7","Factor3",1.49640518633271,"NK_T","positive","CD7","positive_NK_T"
"NK_T__CD81","Factor3",0.651663140569774,"NK_T","positive","CD81","positive_NK_T"
"NK_T__CD96","Factor3",-1.90779684666784,"NK_T","negative","CD96","negative_NK_T"
"NK_T__CD99","Factor3",1.18861072517576,"NK_T","positive","CD99","positive_NK_T"
"NK_T__CDC42","Factor3",1.6358338978437,"NK_T","positive","CDC42","positive_NK_T"
"NK_T__CELF2","Factor3",0.6804886933406,"NK_T","positive","CELF2","positive_NK_T"
"NK_T__CLEC2D","Factor3",-0.745728083689903,"NK_T","negative","CLEC2D","negative_NK_T"
"NK_T__CLIC1","Factor3",-1.19758846998011,"NK_T","negative","CLIC1","negative_NK_T"
"NK_T__CNN2","Factor3",-2.06492539258354,"NK_T","negative","CNN2","negative_NK_T"
"NK_T__COMMD6","Factor3",0.591824035607748,"NK_T","positive","COMMD6","positive_NK_T"
"NK_T__CORO1A","Factor3",-0.739107339804061,"NK_T","negative","CORO1A","negative_NK_T"
"NK_T__COTL1","Factor3",-1.49122322764064,"NK_T","negative","COTL1","negative_NK_T"
"NK_T__COX4I1","Factor3",1.74924791241831,"NK_T","positive","COX4I1","positive_NK_T"
"NK_T__COX5A","Factor3",-1.3324375334307,"NK_T","negative","COX5A","negative_NK_T"
"NK_T__COX5B","Factor3",-1.09692172069753,"NK_T","negative","COX5B","negative_NK_T"
"NK_T__COX6C","Factor3",0.803309673393579,"NK_T","positive","COX6C","positive_NK_T"
"NK_T__COX7A2","Factor3",0.710296797366704,"NK_T","positive","COX7A2","positive_NK_T"
"NK_T__CRIP1","Factor3",0.661735395973456,"NK_T","positive","CRIP1","positive_NK_T"
"NK_T__CST7","Factor3",-0.70115076960094,"NK_T","negative","CST7","negative_NK_T"
"NK_T__CTSW","Factor3",0.890203691934408,"NK_T","positive","CTSW","positive_NK_T"
"NK_T__CXCR4","Factor3",-0.936345183495447,"NK_T","negative","CXCR4","negative_NK_T"
"NK_T__CYTIP","Factor3",0.819904690260386,"NK_T","positive","CYTIP","positive_NK_T"
"NK_T__DAZAP2","Factor3",0.668194927884602,"NK_T","positive","DAZAP2","positive_NK_T"
"NK_T__DDX17","Factor3",-1.68207640726492,"NK_T","negative","DDX17","negative_NK_T"
"NK_T__DDX5","Factor3",0.5740180958441,"NK_T","positive","DDX5","positive_NK_T"
"NK_T__DRAP1","Factor3",-0.835978017627164,"NK_T","negative","DRAP1","negative_NK_T"
"NK_T__DUSP1","Factor3",-0.795051325378085,"NK_T","negative","DUSP1","negative_NK_T"
"NK_T__DUSP2","Factor3",-1.48415928180933,"NK_T","negative","DUSP2","negative_NK_T"
"NK_T__EEF1A1","Factor3",0.949877968828408,"NK_T","positive","EEF1A1","positive_NK_T"
"NK_T__EEF1D","Factor3",0.678167905240804,"NK_T","positive","EEF1D","positive_NK_T"
"NK_T__EEF2","Factor3",0.770571297650171,"NK_T","positive","EEF2","positive_NK_T"
"NK_T__EIF1","Factor3",-0.789151285846289,"NK_T","negative","EIF1","negative_NK_T"
"NK_T__EIF3F","Factor3",1.35073903470846,"NK_T","positive","EIF3F","positive_NK_T"
"NK_T__EIF3L","Factor3",1.51268202932287,"NK_T","positive","EIF3L","positive_NK_T"
"NK_T__EMP3","Factor3",0.762026300968888,"NK_T","positive","EMP3","positive_NK_T"
"NK_T__ENO1","Factor3",0.721510497047004,"NK_T","positive","ENO1","positive_NK_T"
"NK_T__EPC1","Factor3",-1.97612963659008,"NK_T","negative","EPC1","negative_NK_T"
"NK_T__ERP29","Factor3",-0.756039495068333,"NK_T","negative","ERP29","negative_NK_T"
"NK_T__EVL","Factor3",1.18559547260597,"NK_T","positive","EVL","positive_NK_T"
"NK_T__FAM107B","Factor3",-0.901088873853004,"NK_T","negative","FAM107B","negative_NK_T"
"NK_T__FCMR","Factor3",-1.11808664395866,"NK_T","negative","FCMR","negative_NK_T"
"NK_T__FUS","Factor3",-0.673104492236222,"NK_T","negative","FUS","negative_NK_T"
"NK_T__FXYD5","Factor3",2.35694218483218,"NK_T","positive","FXYD5","positive_NK_T"
"NK_T__FYN","Factor3",0.605700260701334,"NK_T","positive","FYN","positive_NK_T"
"NK_T__GNAI2","Factor3",-0.595016283836354,"NK_T","negative","GNAI2","negative_NK_T"
"NK_T__GNB2","Factor3",0.657489019777684,"NK_T","positive","GNB2","positive_NK_T"
"NK_T__GTF3A","Factor3",-1.14927046282925,"NK_T","negative","GTF3A","negative_NK_T"
"NK_T__GZMM","Factor3",-1.46393530207148,"NK_T","negative","GZMM","negative_NK_T"
"NK_T__H3F3A","Factor3",0.637092617386105,"NK_T","positive","H3F3A","positive_NK_T"
"NK_T__HINT1","Factor3",-0.966522493879812,"NK_T","negative","HINT1","negative_NK_T"
"NK_T__HLA.C","Factor3",0.643239381601688,"NK_T","positive","HLA.C","positive_NK_T"
"NK_T__HLA.E","Factor3",1.54171808011257,"NK_T","positive","HLA.E","positive_NK_T"
"NK_T__HMGB1","Factor3",-1.26613237773641,"NK_T","negative","HMGB1","negative_NK_T"
"NK_T__HMGN1","Factor3",0.671565753720883,"NK_T","positive","HMGN1","positive_NK_T"
"NK_T__HNRNPA1","Factor3",0.5927314488785,"NK_T","positive","HNRNPA1","positive_NK_T"
"NK_T__HNRNPA2B1","Factor3",0.57574068187515,"NK_T","positive","HNRNPA2B1","positive_NK_T"
"NK_T__HNRNPA3","Factor3",-1.43404382229372,"NK_T","negative","HNRNPA3","negative_NK_T"
"NK_T__HNRNPC","Factor3",-1.13164643700724,"NK_T","negative","HNRNPC","negative_NK_T"
"NK_T__HNRNPF","Factor3",-1.28960255725321,"NK_T","negative","HNRNPF","negative_NK_T"
"NK_T__HNRNPK","Factor3",-2.08767859822816,"NK_T","negative","HNRNPK","negative_NK_T"
"NK_T__HSP90AA1","Factor3",1.0841077627697,"NK_T","positive","HSP90AA1","positive_NK_T"
"NK_T__HSP90AB1","Factor3",0.918067039442452,"NK_T","positive","HSP90AB1","positive_NK_T"
"NK_T__HSPA8","Factor3",1.04054232485338,"NK_T","positive","HSPA8","positive_NK_T"
"NK_T__HSPB1","Factor3",1.41434058294137,"NK_T","positive","HSPB1","positive_NK_T"
"NK_T__ICAM3","Factor3",-0.718810810799273,"NK_T","negative","ICAM3","negative_NK_T"
"NK_T__IER2","Factor3",-0.902749002423827,"NK_T","negative","IER2","negative_NK_T"
"NK_T__IFITM2","Factor3",1.01559455923336,"NK_T","positive","IFITM2","positive_NK_T"
"NK_T__IRF1","Factor3",2.06154681968751,"NK_T","positive","IRF1","positive_NK_T"
"NK_T__ITM2B","Factor3",0.716442603774176,"NK_T","positive","ITM2B","positive_NK_T"
"NK_T__KIF2A","Factor3",-1.0712631551801,"NK_T","negative","KIF2A","negative_NK_T"
"NK_T__KLF2","Factor3",1.61625070808573,"NK_T","positive","KLF2","positive_NK_T"
"NK_T__KRTCAP2","Factor3",0.576447594780034,"NK_T","positive","KRTCAP2","positive_NK_T"
"NK_T__LAPTM5","Factor3",0.984248771230205,"NK_T","positive","LAPTM5","positive_NK_T"
"NK_T__LAT","Factor3",-0.907283697044736,"NK_T","negative","LAT","negative_NK_T"
"NK_T__LCP2","Factor3",0.60985241954044,"NK_T","positive","LCP2","positive_NK_T"
"NK_T__LDHB","Factor3",-0.718515466996452,"NK_T","negative","LDHB","negative_NK_T"
"NK_T__LEF1","Factor3",1.28585903179793,"NK_T","positive","LEF1","positive_NK_T"
"NK_T__LIMD2","Factor3",-0.596724127529854,"NK_T","negative","LIMD2","negative_NK_T"
"NK_T__LRRFIP1","Factor3",0.762694449605546,"NK_T","positive","LRRFIP1","positive_NK_T"
"NK_T__LTB","Factor3",0.739686582464184,"NK_T","positive","LTB","positive_NK_T"
"NK_T__LY6E","Factor3",-0.906559413026064,"NK_T","negative","LY6E","negative_NK_T"
"NK_T__MBNL1","Factor3",1.26162482805067,"NK_T","positive","MBNL1","positive_NK_T"
"NK_T__MBP","Factor3",-0.607835365239995,"NK_T","negative","MBP","negative_NK_T"
"NK_T__MSN","Factor3",1.15506104270503,"NK_T","positive","MSN","positive_NK_T"
"NK_T__MT.ATP6","Factor3",0.572837688537263,"NK_T","positive","MT.ATP6","positive_NK_T"
"NK_T__MT.CO1","Factor3",-1.2607752873658,"NK_T","negative","MT.CO1","negative_NK_T"
"NK_T__MT.CO2","Factor3",-0.565392643733475,"NK_T","negative","MT.CO2","negative_NK_T"
"NK_T__MT.CO3","Factor3",-1.00830910032018,"NK_T","negative","MT.CO3","negative_NK_T"
"NK_T__MT.ND2","Factor3",0.862836551001967,"NK_T","positive","MT.ND2","positive_NK_T"
"NK_T__N4BP2L2","Factor3",-0.683331098183085,"NK_T","negative","N4BP2L2","negative_NK_T"
"NK_T__NACA","Factor3",-0.629676207520609,"NK_T","negative","NACA","negative_NK_T"
"NK_T__NCL","Factor3",-0.810127153770759,"NK_T","negative","NCL","negative_NK_T"
"NK_T__NDUFA11","Factor3",0.830692707021268,"NK_T","positive","NDUFA11","positive_NK_T"
"NK_T__NDUFA13","Factor3",-1.5007397316744,"NK_T","negative","NDUFA13","negative_NK_T"
"NK_T__NDUFB9","Factor3",0.588305757273921,"NK_T","positive","NDUFB9","positive_NK_T"
"NK_T__NKG7","Factor3",-1.16659968538715,"NK_T","negative","NKG7","negative_NK_T"
"NK_T__NOP53","Factor3",-0.638717762816901,"NK_T","negative","NOP53","negative_NK_T"
"NK_T__PARK7","Factor3",-0.764369038112589,"NK_T","negative","PARK7","negative_NK_T"
"NK_T__PAXX","Factor3",-1.15783056054759,"NK_T","negative","PAXX","negative_NK_T"
"NK_T__PCED1B.AS1","Factor3",0.712693739368158,"NK_T","positive","PCED1B.AS1","positive_NK_T"
"NK_T__PDCD4","Factor3",0.79617912480418,"NK_T","positive","PDCD4","positive_NK_T"
"NK_T__PFDN5","Factor3",1.41586304778219,"NK_T","positive","PFDN5","positive_NK_T"
"NK_T__PGK1","Factor3",-0.661400287569281,"NK_T","negative","PGK1","negative_NK_T"
"NK_T__PIK3R1","Factor3",1.01564940825788,"NK_T","positive","PIK3R1","positive_NK_T"
"NK_T__PLAC8","Factor3",1.68001512985447,"NK_T","positive","PLAC8","positive_NK_T"
"NK_T__PNRC1","Factor3",0.675488125738737,"NK_T","positive","PNRC1","positive_NK_T"
"NK_T__PRKCH","Factor3",-1.7481533862382,"NK_T","negative","PRKCH","negative_NK_T"
"NK_T__PRMT2","Factor3",-0.717507314491179,"NK_T","negative","PRMT2","negative_NK_T"
"NK_T__PSMA7","Factor3",-0.998132108658568,"NK_T","negative","PSMA7","negative_NK_T"
"NK_T__PTMA","Factor3",1.73177871733691,"NK_T","positive","PTMA","positive_NK_T"
"NK_T__PTP4A2","Factor3",0.856070430591008,"NK_T","positive","PTP4A2","positive_NK_T"
"NK_T__PTPRC","Factor3",-1.2934652722965,"NK_T","negative","PTPRC","negative_NK_T"
"NK_T__RALY","Factor3",-0.590895534979511,"NK_T","negative","RALY","negative_NK_T"
"NK_T__RAP1B","Factor3",0.721616786594956,"NK_T","positive","RAP1B","positive_NK_T"
"NK_T__RASA3","Factor3",-0.681138967933478,"NK_T","negative","RASA3","negative_NK_T"
"NK_T__RBM3","Factor3",-0.856858080422048,"NK_T","negative","RBM3","negative_NK_T"
"NK_T__RCSD1","Factor3",-0.870005005105805,"NK_T","negative","RCSD1","negative_NK_T"
"NK_T__RHOA","Factor3",-0.850397457662462,"NK_T","negative","RHOA","negative_NK_T"
"NK_T__RHOH","Factor3",1.17406543026274,"NK_T","positive","RHOH","positive_NK_T"
"NK_T__RSRP1","Factor3",-0.650253992246447,"NK_T","negative","RSRP1","negative_NK_T"
"NK_T__S100A10","Factor3",1.32928554845167,"NK_T","positive","S100A10","positive_NK_T"
"NK_T__S100A4","Factor3",1.99384849897367,"NK_T","positive","S100A4","positive_NK_T"
"NK_T__SAMD3","Factor3",-1.65230847626367,"NK_T","negative","SAMD3","negative_NK_T"
"NK_T__SAMHD1","Factor3",1.86593867566325,"NK_T","positive","SAMHD1","positive_NK_T"
"NK_T__SEC61B","Factor3",-0.696660663421344,"NK_T","negative","SEC61B","negative_NK_T"
"NK_T__SELENOH","Factor3",-0.976511620874689,"NK_T","negative","SELENOH","negative_NK_T"
"NK_T__SELPLG","Factor3",-0.927566485133172,"NK_T","negative","SELPLG","negative_NK_T"
"NK_T__SEPTIN6","Factor3",0.752240171362076,"NK_T","positive","SEPTIN6","positive_NK_T"
"NK_T__SEPTIN9","Factor3",-0.584704433316788,"NK_T","negative","SEPTIN9","negative_NK_T"
"NK_T__SET","Factor3",1.93874640595618,"NK_T","positive","SET","positive_NK_T"
"NK_T__SF1","Factor3",0.599076926116686,"NK_T","positive","SF1","positive_NK_T"
"NK_T__SF3B1","Factor3",-1.30089769415801,"NK_T","negative","SF3B1","negative_NK_T"
"NK_T__SKP1","Factor3",0.594492083148938,"NK_T","positive","SKP1","positive_NK_T"
"NK_T__SLC25A3","Factor3",-0.629274202551191,"NK_T","negative","SLC25A3","negative_NK_T"
"NK_T__SLC25A6","Factor3",1.08004779106997,"NK_T","positive","SLC25A6","positive_NK_T"
"NK_T__SMAP2","Factor3",-0.619941337550975,"NK_T","negative","SMAP2","negative_NK_T"
"NK_T__SNHG29","Factor3",-1.49873746654325,"NK_T","negative","SNHG29","negative_NK_T"
"NK_T__SOD1","Factor3",-0.957059114591997,"NK_T","negative","SOD1","negative_NK_T"
"NK_T__SPOCK2","Factor3",-0.966550937853785,"NK_T","negative","SPOCK2","negative_NK_T"
"NK_T__SRGN","Factor3",-0.991076095404694,"NK_T","negative","SRGN","negative_NK_T"
"NK_T__SRP14","Factor3",-0.867813625101103,"NK_T","negative","SRP14","negative_NK_T"
"NK_T__SRRM1","Factor3",0.698899401946023,"NK_T","positive","SRRM1","positive_NK_T"
"NK_T__SRSF5","Factor3",0.883271039679715,"NK_T","positive","SRSF5","positive_NK_T"
"NK_T__SRSF7","Factor3",1.83818273163063,"NK_T","positive","SRSF7","positive_NK_T"
"NK_T__SSR2","Factor3",0.718215281270648,"NK_T","positive","SSR2","positive_NK_T"
"NK_T__SSR4","Factor3",-0.79549507555001,"NK_T","negative","SSR4","negative_NK_T"
"NK_T__STK4","Factor3",-0.974709955843164,"NK_T","negative","STK4","negative_NK_T"
"NK_T__SUB1","Factor3",-0.854766976447838,"NK_T","negative","SUB1","negative_NK_T"
"NK_T__SUMO2","Factor3",0.762298491882043,"NK_T","positive","SUMO2","positive_NK_T"
"NK_T__TAF10","Factor3",-1.29071401242958,"NK_T","negative","TAF10","negative_NK_T"
"NK_T__TAGLN2","Factor3",1.77560680743913,"NK_T","positive","TAGLN2","positive_NK_T"
"NK_T__TCF7","Factor3",0.948461522568285,"NK_T","positive","TCF7","positive_NK_T"
"NK_T__TGFB1","Factor3",1.17940740306823,"NK_T","positive","TGFB1","positive_NK_T"
"NK_T__TMA7","Factor3",-0.628856293805496,"NK_T","negative","TMA7","negative_NK_T"
"NK_T__TMEM123","Factor3",-0.831515051963584,"NK_T","negative","TMEM123","negative_NK_T"
"NK_T__TMSB10","Factor3",1.26791964383384,"NK_T","positive","TMSB10","positive_NK_T"
"NK_T__TNFAIP8","Factor3",-1.53517169973634,"NK_T","negative","TNFAIP8","negative_NK_T"
"NK_T__TPT1","Factor3",1.4786553248721,"NK_T","positive","TPT1","positive_NK_T"
"NK_T__TRAF3IP3","Factor3",1.1488087070899,"NK_T","positive","TRAF3IP3","positive_NK_T"
"NK_T__TRAPPC1","Factor3",-1.62220622800244,"NK_T","negative","TRAPPC1","negative_NK_T"
"NK_T__TXNL4A","Factor3",-1.08966501872048,"NK_T","negative","TXNL4A","negative_NK_T"
"NK_T__UBA52","Factor3",1.38281524033499,"NK_T","positive","UBA52","positive_NK_T"
"NK_T__UBE2D3","Factor3",-1.04793228360256,"NK_T","negative","UBE2D3","negative_NK_T"
"NK_T__UQCR11","Factor3",0.718098669619443,"NK_T","positive","UQCR11","positive_NK_T"
"NK_T__UTRN","Factor3",-0.935511447647709,"NK_T","negative","UTRN","negative_NK_T"
"NK_T__UXT","Factor3",0.756786975921938,"NK_T","positive","UXT","positive_NK_T"
"NK_T__VIM","Factor3",1.30258315292512,"NK_T","positive","VIM","positive_NK_T"
"NK_T__WDR83OS","Factor3",-0.605354191785406,"NK_T","negative","WDR83OS","negative_NK_T"
"NK_T__YBX1","Factor3",0.799599218138717,"NK_T","positive","YBX1","positive_NK_T"
"NK_T__YPEL3","Factor3",-1.28609052991106,"NK_T","negative","YPEL3","negative_NK_T"
"NK_T__YWHAB","Factor3",0.846350027414209,"NK_T","positive","YWHAB","positive_NK_T"
"pDC__ACTB","Factor3",0.427573705144817,"pDC","positive","ACTB","positive_pDC"
"pDC__ACTG1","Factor3",-1.63730713832877,"pDC","negative","ACTG1","negative_pDC"
"pDC__AFF3","Factor3",-0.0815231359654389,"pDC","negative","AFF3","negative_pDC"
"pDC__ALOX5AP","Factor3",0.295134663555455,"pDC","positive","ALOX5AP","positive_pDC"
"pDC__APBB1IP","Factor3",-0.667829892927217,"pDC","negative","APBB1IP","negative_pDC"
"pDC__APP","Factor3",0.234501795205144,"pDC","positive","APP","positive_pDC"
"pDC__ARPC1B","Factor3",1.39332018760666,"pDC","positive","ARPC1B","positive_pDC"
"pDC__ARPC3","Factor3",-0.478415137834142,"pDC","negative","ARPC3","negative_pDC"
"pDC__ATP5F1E","Factor3",0.405143587595786,"pDC","positive","ATP5F1E","positive_pDC"
"pDC__ATP5MG","Factor3",-0.860325671100441,"pDC","negative","ATP5MG","negative_pDC"
"pDC__ATP6V0C","Factor3",-0.216468904325331,"pDC","negative","ATP6V0C","negative_pDC"
"pDC__B2M","Factor3",-0.540146500741038,"pDC","negative","B2M","negative_pDC"
"pDC__BCL11A","Factor3",0.252315520935621,"pDC","positive","BCL11A","positive_pDC"
"pDC__C12orf75","Factor3",-0.212336980242294,"pDC","negative","C12orf75","negative_pDC"
"pDC__CALM2","Factor3",1.06807059759452,"pDC","positive","CALM2","positive_pDC"
"pDC__CANX","Factor3",-0.0100200904126771,"pDC","negative","CANX","negative_pDC"
"pDC__CCDC50","Factor3",-0.810638861719972,"pDC","negative","CCDC50","negative_pDC"
"pDC__CCDC88A","Factor3",-1.22276412761234,"pDC","negative","CCDC88A","negative_pDC"
"pDC__CD164","Factor3",0.321443858957342,"pDC","positive","CD164","positive_pDC"
"pDC__CD37","Factor3",-2.03548440023056,"pDC","negative","CD37","negative_pDC"
"pDC__CD68","Factor3",0.788246273958367,"pDC","positive","CD68","positive_pDC"
"pDC__CD74","Factor3",1.76139997074965,"pDC","positive","CD74","positive_pDC"
"pDC__CD99","Factor3",0.798143485949926,"pDC","positive","CD99","positive_pDC"
"pDC__CFL1","Factor3",0.669807247214361,"pDC","positive","CFL1","positive_pDC"
"pDC__CHCHD2","Factor3",1.09288216495258,"pDC","positive","CHCHD2","positive_pDC"
"pDC__CLEC4C","Factor3",-0.08191959800813,"pDC","negative","CLEC4C","negative_pDC"
"pDC__CNPY3","Factor3",-0.500552499789507,"pDC","negative","CNPY3","negative_pDC"
"pDC__COMMD6","Factor3",1.01961755097715,"pDC","positive","COMMD6","positive_pDC"
"pDC__CST3","Factor3",-1.34619652252474,"pDC","negative","CST3","negative_pDC"
"pDC__CTSC","Factor3",-1.58843968491122,"pDC","negative","CTSC","negative_pDC"
"pDC__CTSZ","Factor3",0.0465906706444958,"pDC","positive","CTSZ","positive_pDC"
"pDC__CYBA","Factor3",0.420752343292458,"pDC","positive","CYBA","positive_pDC"
"pDC__CYBB","Factor3",0.112519294123367,"pDC","positive","CYBB","positive_pDC"
"pDC__EEF1A1","Factor3",-0.0496303761907484,"pDC","negative","EEF1A1","negative_pDC"
"pDC__EIF1","Factor3",-0.204453817112402,"pDC","negative","EIF1","negative_pDC"
"pDC__ERP29","Factor3",0.449060859772863,"pDC","positive","ERP29","positive_pDC"
"pDC__FAU","Factor3",1.61406832688291,"pDC","positive","FAU","positive_pDC"
"pDC__FCER1G","Factor3",0.641400884078683,"pDC","positive","FCER1G","positive_pDC"
"pDC__FCHSD2","Factor3",0.171385022893077,"pDC","positive","FCHSD2","positive_pDC"
"pDC__FTH1","Factor3",1.71229234897798,"pDC","positive","FTH1","positive_pDC"
"pDC__GABARAP","Factor3",-1.59073035525219,"pDC","negative","GABARAP","negative_pDC"
"pDC__GNAS","Factor3",0.511672659590974,"pDC","positive","GNAS","positive_pDC"
"pDC__GNG5","Factor3",-1.10221148258562,"pDC","negative","GNG5","negative_pDC"
"pDC__GRN","Factor3",1.07063272713395,"pDC","positive","GRN","positive_pDC"
"pDC__GZMB","Factor3",-0.826112024608755,"pDC","negative","GZMB","negative_pDC"
"pDC__H3F3B","Factor3",0.171232105720089,"pDC","positive","H3F3B","positive_pDC"
"pDC__HERPUD1","Factor3",-1.37251835421885,"pDC","negative","HERPUD1","negative_pDC"
"pDC__HINT1","Factor3",0.366979184252332,"pDC","positive","HINT1","positive_pDC"
"pDC__HLA.DMA","Factor3",0.154858180541243,"pDC","positive","HLA.DMA","positive_pDC"
"pDC__HLA.DPA1","Factor3",2.041834590123,"pDC","positive","HLA.DPA1","positive_pDC"
"pDC__HLA.DPB1","Factor3",1.78065642044364,"pDC","positive","HLA.DPB1","positive_pDC"
"pDC__HLA.DRA","Factor3",0.361830503365788,"pDC","positive","HLA.DRA","positive_pDC"
"pDC__HLA.DRB1","Factor3",1.84414861943002,"pDC","positive","HLA.DRB1","positive_pDC"
"pDC__HNRNPA2B1","Factor3",0.575506063154286,"pDC","positive","HNRNPA2B1","positive_pDC"
"pDC__HSP90B1","Factor3",0.696764805512898,"pDC","positive","HSP90B1","positive_pDC"
"pDC__IGFLR1","Factor3",-0.743569501399243,"pDC","negative","IGFLR1","negative_pDC"
"pDC__IL3RA","Factor3",-0.493309367424303,"pDC","negative","IL3RA","negative_pDC"
"pDC__IQGAP2","Factor3",-0.853441222803286,"pDC","negative","IQGAP2","negative_pDC"
"pDC__IRF7","Factor3",-0.463255535892279,"pDC","negative","IRF7","negative_pDC"
"pDC__IRF8","Factor3",-0.220787716184938,"pDC","negative","IRF8","negative_pDC"
"pDC__ITM2C","Factor3",-0.702502234959913,"pDC","negative","ITM2C","negative_pDC"
"pDC__JCHAIN","Factor3",-0.705254021199117,"pDC","negative","JCHAIN","negative_pDC"
"pDC__LILRA4","Factor3",0.792940120549795,"pDC","positive","LILRA4","positive_pDC"
"pDC__LIME1","Factor3",-1.09840998139416,"pDC","negative","LIME1","negative_pDC"
"pDC__LINC01478","Factor3",-1.11151218471932,"pDC","negative","LINC01478","negative_pDC"
"pDC__LSP1","Factor3",-0.688717793216906,"pDC","negative","LSP1","negative_pDC"
"pDC__MALAT1","Factor3",-0.554731862992119,"pDC","negative","MALAT1","negative_pDC"
"pDC__MEF2C","Factor3",-0.834880709872734,"pDC","negative","MEF2C","negative_pDC"
"pDC__MPEG1","Factor3",-0.671981481275085,"pDC","negative","MPEG1","negative_pDC"
"pDC__MYL12A","Factor3",-1.33242437401887,"pDC","negative","MYL12A","negative_pDC"
"pDC__MYL12B","Factor3",0.2941711691321,"pDC","positive","MYL12B","positive_pDC"
"pDC__MYL6","Factor3",-0.273112523554139,"pDC","negative","MYL6","negative_pDC"
"pDC__MZB1","Factor3",-1.59829234355435,"pDC","negative","MZB1","negative_pDC"
"pDC__NACA","Factor3",-2.0301521796158,"pDC","negative","NACA","negative_pDC"
"pDC__NCF1","Factor3",-0.162865373087225,"pDC","negative","NCF1","negative_pDC"
"pDC__NIBAN3","Factor3",0.430128596567534,"pDC","positive","NIBAN3","positive_pDC"
"pDC__NME2","Factor3",0.5616125311744,"pDC","positive","NME2","positive_pDC"
"pDC__NPC2","Factor3",0.641482301280304,"pDC","positive","NPC2","positive_pDC"
"pDC__OST4","Factor3",-1.1230580014256,"pDC","negative","OST4","negative_pDC"
"pDC__OSTC","Factor3",-0.769506532220692,"pDC","negative","OSTC","negative_pDC"
"pDC__PARK7","Factor3",1.01098344519368,"pDC","positive","PARK7","positive_pDC"
"pDC__PDE4B","Factor3",-0.917466264625681,"pDC","negative","PDE4B","negative_pDC"
"pDC__PFN1","Factor3",0.335142075323372,"pDC","positive","PFN1","positive_pDC"
"pDC__PLAC8","Factor3",-1.52279954075045,"pDC","negative","PLAC8","negative_pDC"
"pDC__PLD4","Factor3",0.0891742209959692,"pDC","positive","PLD4","positive_pDC"
"pDC__PLEK","Factor3",0.337938642449986,"pDC","positive","PLEK","positive_pDC"
"pDC__PLP2","Factor3",-0.407541165425283,"pDC","negative","PLP2","negative_pDC"
"pDC__PPIA","Factor3",-1.22616162624482,"pDC","negative","PPIA","negative_pDC"
"pDC__PPIB","Factor3",-0.761715864258713,"pDC","negative","PPIB","negative_pDC"
"pDC__PPP1R14B","Factor3",1.02398603412363,"pDC","positive","PPP1R14B","positive_pDC"
"pDC__PRKCB","Factor3",-0.753404720571445,"pDC","negative","PRKCB","negative_pDC"
"pDC__PSAP","Factor3",1.70110299100428,"pDC","positive","PSAP","positive_pDC"
"pDC__PTMA","Factor3",0.203663174365312,"pDC","positive","PTMA","positive_pDC"
"pDC__RABGAP1L","Factor3",0.418520716196853,"pDC","positive","RABGAP1L","positive_pDC"
"pDC__RACK1","Factor3",-0.12583582210725,"pDC","negative","RACK1","negative_pDC"
"pDC__RHEX","Factor3",-0.182907962478208,"pDC","negative","RHEX","negative_pDC"
"pDC__RHOA","Factor3",1.63748612427888,"pDC","positive","RHOA","positive_pDC"
"pDC__RNASE6","Factor3",-0.873288535125284,"pDC","negative","RNASE6","negative_pDC"
"pDC__RNASEK","Factor3",0.610976179888587,"pDC","positive","RNASEK","positive_pDC"
"pDC__RNASET2","Factor3",-1.0219550140129,"pDC","negative","RNASET2","negative_pDC"
"pDC__RNF130","Factor3",1.52583298253814,"pDC","positive","RNF130","positive_pDC"
"pDC__RUNX2","Factor3",0.671374608687308,"pDC","positive","RUNX2","positive_pDC"
"pDC__SAMHD1","Factor3",-0.391008296941978,"pDC","negative","SAMHD1","negative_pDC"
"pDC__SEC61B","Factor3",0.132817961468984,"pDC","positive","SEC61B","positive_pDC"
"pDC__SEC61G","Factor3",-1.26460724465289,"pDC","negative","SEC61G","negative_pDC"
"pDC__SELL","Factor3",1.12512925133687,"pDC","positive","SELL","positive_pDC"
"pDC__SERF2","Factor3",0.617016677741146,"pDC","positive","SERF2","positive_pDC"
"pDC__SERP1","Factor3",-0.290303614176769,"pDC","negative","SERP1","negative_pDC"
"pDC__SERPINF1","Factor3",-0.438752855576003,"pDC","negative","SERPINF1","negative_pDC"
"pDC__SNX3","Factor3",-0.476229252164264,"pDC","negative","SNX3","negative_pDC"
"pDC__SPCS1","Factor3",0.0561171129651533,"pDC","positive","SPCS1","positive_pDC"
"pDC__SPIB","Factor3",0.367862714096705,"pDC","positive","SPIB","positive_pDC"
"pDC__SRGN","Factor3",1.1927719046444,"pDC","positive","SRGN","positive_pDC"
"pDC__SRP14","Factor3",-1.27928925870425,"pDC","negative","SRP14","negative_pDC"
"pDC__SSR4","Factor3",0.589985153833699,"pDC","positive","SSR4","positive_pDC"
"pDC__SUB1","Factor3",-0.453509618945617,"pDC","negative","SUB1","negative_pDC"
"pDC__TAGLN2","Factor3",1.19894959821638,"pDC","positive","TAGLN2","positive_pDC"
"pDC__TCF4","Factor3",-0.0012583123564679,"pDC","negative","TCF4","negative_pDC"
"pDC__TPT1","Factor3",1.44092833213634,"pDC","positive","TPT1","positive_pDC"
"pDC__TXN","Factor3",0.684990488804699,"pDC","positive","TXN","positive_pDC"
"pDC__TYROBP","Factor3",0.712108769178129,"pDC","positive","TYROBP","positive_pDC"
"pDC__UBC","Factor3",1.24220674624998,"pDC","positive","UBC","positive_pDC"
"pDC__UBE2E3","Factor3",-0.700910790721042,"pDC","negative","UBE2E3","negative_pDC"
"pDC__UGCG","Factor3",-0.658015599356873,"pDC","negative","UGCG","negative_pDC"
"pDC__VAMP8","Factor3",0.350020875158182,"pDC","positive","VAMP8","positive_pDC"
"pDC__VIM","Factor3",1.12999328605949,"pDC","positive","VIM","positive_pDC"
"pDC__ZEB2","Factor3",0.441218437111663,"pDC","positive","ZEB2","positive_pDC"
"pDC__ZFP36","Factor3",-2.2713866430336,"pDC","negative","ZFP36","negative_pDC"
"Th17like_INNATE_T__ABRACL","Factor3",-0.94640655715732,"Th17like_INNATE_T","negative","ABRACL","negative_Th17like_INNATE_T"
"Th17like_INNATE_T__AC119396.1","Factor3",-1.479271490816,"Th17like_INNATE_T","negative","AC119396.1","negative_Th17like_INNATE_T"
"Th17like_INNATE_T__ACAP1","Factor3",-1.64619022931048,"Th17like_INNATE_T","negative","ACAP1","negative_Th17like_INNATE_T"
"Th17like_INNATE_T__ACAP2","Factor3",-1.06018807495828,"Th17like_INNATE_T","negative","ACAP2","negative_Th17like_INNATE_T"
"Th17like_INNATE_T__ANK3","Factor3",-0.981271427148477,"Th17like_INNATE_T","negative","ANK3","negative_Th17like_INNATE_T"
"Th17like_INNATE_T__ANXA1","Factor3",1.48839329281916,"Th17like_INNATE_T","positive","ANXA1","positive_Th17like_INNATE_T"
"Th17like_INNATE_T__ANXA11","Factor3",1.4243039310905,"Th17like_INNATE_T","positive","ANXA11","positive_Th17like_INNATE_T"
"Th17like_INNATE_T__ANXA6","Factor3",1.21271752956802,"Th17like_INNATE_T","positive","ANXA6","positive_Th17like_INNATE_T"
"Th17like_INNATE_T__APBB1IP","Factor3",0.923694649080634,"Th17like_INNATE_T","positive","APBB1IP","positive_Th17like_INNATE_T"
"Th17like_INNATE_T__ARHGAP15","Factor3",-1.02613556706235,"Th17like_INNATE_T","negative","ARHGAP15","negative_Th17like_INNATE_T"
"Th17like_INNATE_T__ARHGAP4","Factor3",-1.51289900985481,"Th17like_INNATE_T","negative","ARHGAP4","negative_Th17like_INNATE_T"
"Th17like_INNATE_T__ARHGAP45","Factor3",-1.20579146270741,"Th17like_INNATE_T","negative","ARHGAP45","negative_Th17like_INNATE_T"
"Th17like_INNATE_T__ARHGDIA","Factor3",-1.34745825798909,"Th17like_INNATE_T","negative","ARHGDIA","negative_Th17like_INNATE_T"
"Th17like_INNATE_T__ARHGDIB","Factor3",1.17190520951352,"Th17like_INNATE_T","positive","ARHGDIB","positive_Th17like_INNATE_T"
"Th17like_INNATE_T__ARL6IP5","Factor3",2.31524653716885,"Th17like_INNATE_T","positive","ARL6IP5","positive_Th17like_INNATE_T"
"Th17like_INNATE_T__ARPC4","Factor3",-1.04444884765662,"Th17like_INNATE_T","negative","ARPC4","negative_Th17like_INNATE_T"
"Th17like_INNATE_T__ARPC5","Factor3",1.01073052891804,"Th17like_INNATE_T","positive","ARPC5","positive_Th17like_INNATE_T"
"Th17like_INNATE_T__ARRB2","Factor3",1.0698950607737,"Th17like_INNATE_T","positive","ARRB2","positive_Th17like_INNATE_T"
"Th17like_INNATE_T__ATP5F1A","Factor3",1.52920871346066,"Th17like_INNATE_T","positive","ATP5F1A","positive_Th17like_INNATE_T"
"Th17like_INNATE_T__ATP5F1D","Factor3",1.28595101975999,"Th17like_INNATE_T","positive","ATP5F1D","positive_Th17like_INNATE_T"
"Th17like_INNATE_T__ATP5IF1","Factor3",1.46366358200462,"Th17like_INNATE_T","positive","ATP5IF1","positive_Th17like_INNATE_T"
"Th17like_INNATE_T__ATP6V0E1","Factor3",1.1106833550913,"Th17like_INNATE_T","positive","ATP6V0E1","positive_Th17like_INNATE_T"
"Th17like_INNATE_T__AUTS2","Factor3",-1.20822151032238,"Th17like_INNATE_T","negative","AUTS2","negative_Th17like_INNATE_T"
"Th17like_INNATE_T__BIN2","Factor3",-1.36570820296504,"Th17like_INNATE_T","negative","BIN2","negative_Th17like_INNATE_T"
"Th17like_INNATE_T__BZW1","Factor3",1.62409307710914,"Th17like_INNATE_T","positive","BZW1","positive_Th17like_INNATE_T"
"Th17like_INNATE_T__CALR","Factor3",-0.956498333679971,"Th17like_INNATE_T","negative","CALR","negative_Th17like_INNATE_T"
"Th17like_INNATE_T__CANX","Factor3",1.0855914178225,"Th17like_INNATE_T","positive","CANX","positive_Th17like_INNATE_T"
"Th17like_INNATE_T__CCNI","Factor3",1.07384448021036,"Th17like_INNATE_T","positive","CCNI","positive_Th17like_INNATE_T"
"Th17like_INNATE_T__CD3G","Factor3",0.903283912331871,"Th17like_INNATE_T","positive","CD3G","positive_Th17like_INNATE_T"
"Th17like_INNATE_T__CD53","Factor3",-2.26846816048561,"Th17like_INNATE_T","negative","CD53","negative_Th17like_INNATE_T"
"Th17like_INNATE_T__CD96","Factor3",-1.02183251546521,"Th17like_INNATE_T","negative","CD96","negative_Th17like_INNATE_T"
"Th17like_INNATE_T__CHCHD2","Factor3",1.14489776657632,"Th17like_INNATE_T","positive","CHCHD2","positive_Th17like_INNATE_T"
"Th17like_INNATE_T__CHURC1","Factor3",-1.3519864359544,"Th17like_INNATE_T","negative","CHURC1","negative_Th17like_INNATE_T"
"Th17like_INNATE_T__CIRBP","Factor3",1.44499103106276,"Th17like_INNATE_T","positive","CIRBP","positive_Th17like_INNATE_T"
"Th17like_INNATE_T__COTL1","Factor3",-1.70526110330508,"Th17like_INNATE_T","negative","COTL1","negative_Th17like_INNATE_T"
"Th17like_INNATE_T__COX4I1","Factor3",0.951545974771194,"Th17like_INNATE_T","positive","COX4I1","positive_Th17like_INNATE_T"
"Th17like_INNATE_T__COX5B","Factor3",1.00661663441037,"Th17like_INNATE_T","positive","COX5B","positive_Th17like_INNATE_T"
"Th17like_INNATE_T__COX6C","Factor3",1.51596330896493,"Th17like_INNATE_T","positive","COX6C","positive_Th17like_INNATE_T"
"Th17like_INNATE_T__COX7A2","Factor3",-0.876042957692653,"Th17like_INNATE_T","negative","COX7A2","negative_Th17like_INNATE_T"
"Th17like_INNATE_T__COX8A","Factor3",-0.996890453456337,"Th17like_INNATE_T","negative","COX8A","negative_Th17like_INNATE_T"
"Th17like_INNATE_T__CSNK2B","Factor3",1.58796517420708,"Th17like_INNATE_T","positive","CSNK2B","positive_Th17like_INNATE_T"
"Th17like_INNATE_T__CSTB","Factor3",-1.22977180992556,"Th17like_INNATE_T","negative","CSTB","negative_Th17like_INNATE_T"
"Th17like_INNATE_T__CTSC","Factor3",-0.879330015302411,"Th17like_INNATE_T","negative","CTSC","negative_Th17like_INNATE_T"
"Th17like_INNATE_T__CTSD","Factor3",-0.871778957997594,"Th17like_INNATE_T","negative","CTSD","negative_Th17like_INNATE_T"
"Th17like_INNATE_T__CYBA","Factor3",-1.01381657040397,"Th17like_INNATE_T","negative","CYBA","negative_Th17like_INNATE_T"
"Th17like_INNATE_T__CYTH1","Factor3",1.20125690410078,"Th17like_INNATE_T","positive","CYTH1","positive_Th17like_INNATE_T"
"Th17like_INNATE_T__DDIT4","Factor3",-0.895285675505154,"Th17like_INNATE_T","negative","DDIT4","negative_Th17like_INNATE_T"
"Th17like_INNATE_T__DDX17","Factor3",1.34912655561904,"Th17like_INNATE_T","positive","DDX17","positive_Th17like_INNATE_T"
"Th17like_INNATE_T__DEK","Factor3",-1.18157018375658,"Th17like_INNATE_T","negative","DEK","negative_Th17like_INNATE_T"
"Th17like_INNATE_T__DNAJA1","Factor3",1.60855149648908,"Th17like_INNATE_T","positive","DNAJA1","positive_Th17like_INNATE_T"
"Th17like_INNATE_T__EDF1","Factor3",2.14516597993449,"Th17like_INNATE_T","positive","EDF1","positive_Th17like_INNATE_T"
"Th17like_INNATE_T__EIF3K","Factor3",1.46817675067795,"Th17like_INNATE_T","positive","EIF3K","positive_Th17like_INNATE_T"
"Th17like_INNATE_T__EIF3L","Factor3",1.15949646933075,"Th17like_INNATE_T","positive","EIF3L","positive_Th17like_INNATE_T"
"Th17like_INNATE_T__EIF4A2","Factor3",1.21296805423518,"Th17like_INNATE_T","positive","EIF4A2","positive_Th17like_INNATE_T"
"Th17like_INNATE_T__EIF4G2","Factor3",1.53713051650888,"Th17like_INNATE_T","positive","EIF4G2","positive_Th17like_INNATE_T"
"Th17like_INNATE_T__ELF1","Factor3",0.916506589998774,"Th17like_INNATE_T","positive","ELF1","positive_Th17like_INNATE_T"
"Th17like_INNATE_T__ENO1","Factor3",-0.926924186820409,"Th17like_INNATE_T","negative","ENO1","negative_Th17like_INNATE_T"
"Th17like_INNATE_T__ERH","Factor3",1.05787716424808,"Th17like_INNATE_T","positive","ERH","positive_Th17like_INNATE_T"
"Th17like_INNATE_T__FAM107B","Factor3",1.1031356463982,"Th17like_INNATE_T","positive","FAM107B","positive_Th17like_INNATE_T"
"Th17like_INNATE_T__FIS1","Factor3",-1.49267233639358,"Th17like_INNATE_T","negative","FIS1","negative_Th17like_INNATE_T"
"Th17like_INNATE_T__FLT3LG","Factor3",1.30216296337418,"Th17like_INNATE_T","positive","FLT3LG","positive_Th17like_INNATE_T"
"Th17like_INNATE_T__FMNL1","Factor3",-1.87869569734619,"Th17like_INNATE_T","negative","FMNL1","negative_Th17like_INNATE_T"
"Th17like_INNATE_T__FNBP1","Factor3",1.14682977633753,"Th17like_INNATE_T","positive","FNBP1","positive_Th17like_INNATE_T"
"Th17like_INNATE_T__FUS","Factor3",0.901294509268915,"Th17like_INNATE_T","positive","FUS","positive_Th17like_INNATE_T"
"Th17like_INNATE_T__FYN","Factor3",0.979905511578729,"Th17like_INNATE_T","positive","FYN","positive_Th17like_INNATE_T"
"Th17like_INNATE_T__GATA3","Factor3",0.916635868255992,"Th17like_INNATE_T","positive","GATA3","positive_Th17like_INNATE_T"
"Th17like_INNATE_T__GDI2","Factor3",1.14801559531669,"Th17like_INNATE_T","positive","GDI2","positive_Th17like_INNATE_T"
"Th17like_INNATE_T__GMFG","Factor3",1.19687831594404,"Th17like_INNATE_T","positive","GMFG","positive_Th17like_INNATE_T"
"Th17like_INNATE_T__GNB1","Factor3",-1.59148474565934,"Th17like_INNATE_T","negative","GNB1","negative_Th17like_INNATE_T"
"Th17like_INNATE_T__GNB2","Factor3",1.4316457343805,"Th17like_INNATE_T","positive","GNB2","positive_Th17like_INNATE_T"
"Th17like_INNATE_T__GNG2","Factor3",-1.02062317903035,"Th17like_INNATE_T","negative","GNG2","negative_Th17like_INNATE_T"
"Th17like_INNATE_T__GPX4","Factor3",1.21860322132768,"Th17like_INNATE_T","positive","GPX4","positive_Th17like_INNATE_T"
"Th17like_INNATE_T__H2AFZ","Factor3",-1.26916181127466,"Th17like_INNATE_T","negative","H2AFZ","negative_Th17like_INNATE_T"
"Th17like_INNATE_T__HLA.C","Factor3",1.20903924324714,"Th17like_INNATE_T","positive","HLA.C","positive_Th17like_INNATE_T"
"Th17like_INNATE_T__HMGN2","Factor3",1.0178317326251,"Th17like_INNATE_T","positive","HMGN2","positive_Th17like_INNATE_T"
"Th17like_INNATE_T__HNRNPA1","Factor3",1.50648591840344,"Th17like_INNATE_T","positive","HNRNPA1","positive_Th17like_INNATE_T"
"Th17like_INNATE_T__HNRNPR","Factor3",1.17789444423143,"Th17like_INNATE_T","positive","HNRNPR","positive_Th17like_INNATE_T"
"Th17like_INNATE_T__HOPX","Factor3",-1.10102044119629,"Th17like_INNATE_T","negative","HOPX","negative_Th17like_INNATE_T"
"Th17like_INNATE_T__HP1BP3","Factor3",0.959607453428101,"Th17like_INNATE_T","positive","HP1BP3","positive_Th17like_INNATE_T"
"Th17like_INNATE_T__HPGD","Factor3",-1.89820755571754,"Th17like_INNATE_T","negative","HPGD","negative_Th17like_INNATE_T"
"Th17like_INNATE_T__HSP90AA1","Factor3",1.3383104585141,"Th17like_INNATE_T","positive","HSP90AA1","positive_Th17like_INNATE_T"
"Th17like_INNATE_T__ICAM3","Factor3",1.06006400069986,"Th17like_INNATE_T","positive","ICAM3","positive_Th17like_INNATE_T"
"Th17like_INNATE_T__IFITM2","Factor3",-1.19862011962217,"Th17like_INNATE_T","negative","IFITM2","negative_Th17like_INNATE_T"
"Th17like_INNATE_T__IL32","Factor3",-1.20877636148809,"Th17like_INNATE_T","negative","IL32","negative_Th17like_INNATE_T"
"Th17like_INNATE_T__IL7R","Factor3",-1.091285645927,"Th17like_INNATE_T","negative","IL7R","negative_Th17like_INNATE_T"
"Th17like_INNATE_T__IQGAP1","Factor3",-1.73072218426146,"Th17like_INNATE_T","negative","IQGAP1","negative_Th17like_INNATE_T"
"Th17like_INNATE_T__IQGAP2","Factor3",1.04721889316184,"Th17like_INNATE_T","positive","IQGAP2","positive_Th17like_INNATE_T"
"Th17like_INNATE_T__ITGA4","Factor3",1.42090623843038,"Th17like_INNATE_T","positive","ITGA4","positive_Th17like_INNATE_T"
"Th17like_INNATE_T__ITGB7","Factor3",-1.08637789405033,"Th17like_INNATE_T","negative","ITGB7","negative_Th17like_INNATE_T"
"Th17like_INNATE_T__ITM2B","Factor3",1.52150451981355,"Th17like_INNATE_T","positive","ITM2B","positive_Th17like_INNATE_T"
"Th17like_INNATE_T__KHDRBS1","Factor3",1.05401105849827,"Th17like_INNATE_T","positive","KHDRBS1","positive_Th17like_INNATE_T"
"Th17like_INNATE_T__KLRB1","Factor3",1.18485644915242,"Th17like_INNATE_T","positive","KLRB1","positive_Th17like_INNATE_T"
"Th17like_INNATE_T__KMT2E","Factor3",-0.879153731798502,"Th17like_INNATE_T","negative","KMT2E","negative_Th17like_INNATE_T"
"Th17like_INNATE_T__LDHA","Factor3",-0.863270859818215,"Th17like_INNATE_T","negative","LDHA","negative_Th17like_INNATE_T"
"Th17like_INNATE_T__LDHB","Factor3",1.34636247319474,"Th17like_INNATE_T","positive","LDHB","positive_Th17like_INNATE_T"
"Th17like_INNATE_T__LEF1","Factor3",0.940439321339581,"Th17like_INNATE_T","positive","LEF1","positive_Th17like_INNATE_T"
"Th17like_INNATE_T__LIMD2","Factor3",-1.49950563655824,"Th17like_INNATE_T","negative","LIMD2","negative_Th17like_INNATE_T"
"Th17like_INNATE_T__LINC00861","Factor3",1.56008123217716,"Th17like_INNATE_T","positive","LINC00861","positive_Th17like_INNATE_T"
"Th17like_INNATE_T__LSM7","Factor3",-1.26714958566003,"Th17like_INNATE_T","negative","LSM7","negative_Th17like_INNATE_T"
"Th17like_INNATE_T__LSP1","Factor3",1.81990438635157,"Th17like_INNATE_T","positive","LSP1","positive_Th17like_INNATE_T"
"Th17like_INNATE_T__LTB","Factor3",-0.900299016043341,"Th17like_INNATE_T","negative","LTB","negative_Th17like_INNATE_T"
"Th17like_INNATE_T__MALAT1","Factor3",-1.0875097733145,"Th17like_INNATE_T","negative","MALAT1","negative_Th17like_INNATE_T"
"Th17like_INNATE_T__MORF4L1","Factor3",1.4543126028405,"Th17like_INNATE_T","positive","MORF4L1","positive_Th17like_INNATE_T"
"Th17like_INNATE_T__MT.CO1","Factor3",-0.986166131730476,"Th17like_INNATE_T","negative","MT.CO1","negative_Th17like_INNATE_T"
"Th17like_INNATE_T__MYL6","Factor3",-0.941879491510302,"Th17like_INNATE_T","negative","MYL6","negative_Th17like_INNATE_T"
"Th17like_INNATE_T__NACA","Factor3",0.897349674294818,"Th17like_INNATE_T","positive","NACA","positive_Th17like_INNATE_T"
"Th17like_INNATE_T__NDUFA12","Factor3",-0.972088637601692,"Th17like_INNATE_T","negative","NDUFA12","negative_Th17like_INNATE_T"
"Th17like_INNATE_T__NDUFA13","Factor3",1.92805990126337,"Th17like_INNATE_T","positive","NDUFA13","positive_Th17like_INNATE_T"
"Th17like_INNATE_T__NDUFB11","Factor3",-1.38933087229991,"Th17like_INNATE_T","negative","NDUFB11","negative_Th17like_INNATE_T"
"Th17like_INNATE_T__NDUFB4","Factor3",1.26499837922602,"Th17like_INNATE_T","positive","NDUFB4","positive_Th17like_INNATE_T"
"Th17like_INNATE_T__NDUFB9","Factor3",-1.11391369767297,"Th17like_INNATE_T","negative","NDUFB9","negative_Th17like_INNATE_T"
"Th17like_INNATE_T__NDUFC2","Factor3",-1.29918554897151,"Th17like_INNATE_T","negative","NDUFC2","negative_Th17like_INNATE_T"
"Th17like_INNATE_T__NDUFS5","Factor3",1.52031593121569,"Th17like_INNATE_T","positive","NDUFS5","positive_Th17like_INNATE_T"
"Th17like_INNATE_T__NDUFV2","Factor3",1.29420738794502,"Th17like_INNATE_T","positive","NDUFV2","positive_Th17like_INNATE_T"
"Th17like_INNATE_T__NFKB1","Factor3",-1.0102019384372,"Th17like_INNATE_T","negative","NFKB1","negative_Th17like_INNATE_T"
"Th17like_INNATE_T__NONO","Factor3",-1.00042866357117,"Th17like_INNATE_T","negative","NONO","negative_Th17like_INNATE_T"
"Th17like_INNATE_T__NOP53","Factor3",2.35962191796153,"Th17like_INNATE_T","positive","NOP53","positive_Th17like_INNATE_T"
"Th17like_INNATE_T__NSD3","Factor3",-1.52567763911576,"Th17like_INNATE_T","negative","NSD3","negative_Th17like_INNATE_T"
"Th17like_INNATE_T__OSBPL8","Factor3",-1.70336941865768,"Th17like_INNATE_T","negative","OSBPL8","negative_Th17like_INNATE_T"
"Th17like_INNATE_T__PABPN1","Factor3",-1.45649507590248,"Th17like_INNATE_T","negative","PABPN1","negative_Th17like_INNATE_T"
"Th17like_INNATE_T__PACS1","Factor3",-1.29920656271546,"Th17like_INNATE_T","negative","PACS1","negative_Th17like_INNATE_T"
"Th17like_INNATE_T__PAG1","Factor3",-0.869388319964518,"Th17like_INNATE_T","negative","PAG1","negative_Th17like_INNATE_T"
"Th17like_INNATE_T__PAK2","Factor3",-1.62859034337784,"Th17like_INNATE_T","negative","PAK2","negative_Th17like_INNATE_T"
"Th17like_INNATE_T__PARK7","Factor3",-0.966868901101367,"Th17like_INNATE_T","negative","PARK7","negative_Th17like_INNATE_T"
"Th17like_INNATE_T__PDCD4","Factor3",1.9060091905636,"Th17like_INNATE_T","positive","PDCD4","positive_Th17like_INNATE_T"
"Th17like_INNATE_T__PFN1","Factor3",-0.885776559836637,"Th17like_INNATE_T","negative","PFN1","negative_Th17like_INNATE_T"
"Th17like_INNATE_T__PIM1","Factor3",-1.08718448592564,"Th17like_INNATE_T","negative","PIM1","negative_Th17like_INNATE_T"
"Th17like_INNATE_T__PIM2","Factor3",-1.11923349073739,"Th17like_INNATE_T","negative","PIM2","negative_Th17like_INNATE_T"
"Th17like_INNATE_T__PLCL2","Factor3",-1.29684640743254,"Th17like_INNATE_T","negative","PLCL2","negative_Th17like_INNATE_T"
"Th17like_INNATE_T__PNISR","Factor3",1.732800479171,"Th17like_INNATE_T","positive","PNISR","positive_Th17like_INNATE_T"
"Th17like_INNATE_T__PPP1CA","Factor3",-1.31506347025398,"Th17like_INNATE_T","negative","PPP1CA","negative_Th17like_INNATE_T"
"Th17like_INNATE_T__PRRC2C","Factor3",1.73626898824528,"Th17like_INNATE_T","positive","PRRC2C","positive_Th17like_INNATE_T"
"Th17like_INNATE_T__PSIP1","Factor3",0.99537109724953,"Th17like_INNATE_T","positive","PSIP1","positive_Th17like_INNATE_T"
"Th17like_INNATE_T__PSMB9","Factor3",1.19307146594385,"Th17like_INNATE_T","positive","PSMB9","positive_Th17like_INNATE_T"
"Th17like_INNATE_T__PSME1","Factor3",1.1339834241512,"Th17like_INNATE_T","positive","PSME1","positive_Th17like_INNATE_T"
"Th17like_INNATE_T__PTGER2","Factor3",-1.00474046133258,"Th17like_INNATE_T","negative","PTGER2","negative_Th17like_INNATE_T"
"Th17like_INNATE_T__PTGES3","Factor3",1.33058090536255,"Th17like_INNATE_T","positive","PTGES3","positive_Th17like_INNATE_T"
"Th17like_INNATE_T__PTMA","Factor3",-0.870371831155312,"Th17like_INNATE_T","negative","PTMA","negative_Th17like_INNATE_T"
"Th17like_INNATE_T__PTPRCAP","Factor3",1.04108750935921,"Th17like_INNATE_T","positive","PTPRCAP","positive_Th17like_INNATE_T"
"Th17like_INNATE_T__RAN","Factor3",1.74570352862255,"Th17like_INNATE_T","positive","RAN","positive_Th17like_INNATE_T"
"Th17like_INNATE_T__RASGRP2","Factor3",1.05451020499087,"Th17like_INNATE_T","positive","RASGRP2","positive_Th17like_INNATE_T"
"Th17like_INNATE_T__RBM3","Factor3",1.35452225980685,"Th17like_INNATE_T","positive","RBM3","positive_Th17like_INNATE_T"
"Th17like_INNATE_T__RBX1","Factor3",-0.92435614839191,"Th17like_INNATE_T","negative","RBX1","negative_Th17like_INNATE_T"
"Th17like_INNATE_T__RCAN3","Factor3",1.06024912863332,"Th17like_INNATE_T","positive","RCAN3","positive_Th17like_INNATE_T"
"Th17like_INNATE_T__RESF1","Factor3",1.27372327675295,"Th17like_INNATE_T","positive","RESF1","positive_Th17like_INNATE_T"
"Th17like_INNATE_T__RGS10","Factor3",-1.21340198729528,"Th17like_INNATE_T","negative","RGS10","negative_Th17like_INNATE_T"
"Th17like_INNATE_T__RHOF","Factor3",0.996384174690312,"Th17like_INNATE_T","positive","RHOF","positive_Th17like_INNATE_T"
"Th17like_INNATE_T__RIPOR2","Factor3",-1.24084327690897,"Th17like_INNATE_T","negative","RIPOR2","negative_Th17like_INNATE_T"
"Th17like_INNATE_T__RNASET2","Factor3",0.942490048128715,"Th17like_INNATE_T","positive","RNASET2","positive_Th17like_INNATE_T"
"Th17like_INNATE_T__RSRP1","Factor3",0.992327612193201,"Th17like_INNATE_T","positive","RSRP1","positive_Th17like_INNATE_T"
"Th17like_INNATE_T__S1PR4","Factor3",-1.31377137107145,"Th17like_INNATE_T","negative","S1PR4","negative_Th17like_INNATE_T"
"Th17like_INNATE_T__SAMHD1","Factor3",2.15982795655462,"Th17like_INNATE_T","positive","SAMHD1","positive_Th17like_INNATE_T"
"Th17like_INNATE_T__SATB1","Factor3",0.894114444361744,"Th17like_INNATE_T","positive","SATB1","positive_Th17like_INNATE_T"
"Th17like_INNATE_T__SEC61B","Factor3",-1.34867202617415,"Th17like_INNATE_T","negative","SEC61B","negative_Th17like_INNATE_T"
"Th17like_INNATE_T__SELENOF","Factor3",-1.16757304445967,"Th17like_INNATE_T","negative","SELENOF","negative_Th17like_INNATE_T"
"Th17like_INNATE_T__SELPLG","Factor3",-1.02543208188515,"Th17like_INNATE_T","negative","SELPLG","negative_Th17like_INNATE_T"
"Th17like_INNATE_T__SEPTIN1","Factor3",-1.52039027881889,"Th17like_INNATE_T","negative","SEPTIN1","negative_Th17like_INNATE_T"
"Th17like_INNATE_T__SERF2","Factor3",-1.403653286488,"Th17like_INNATE_T","negative","SERF2","negative_Th17like_INNATE_T"
"Th17like_INNATE_T__SERINC5","Factor3",-1.12068136769668,"Th17like_INNATE_T","negative","SERINC5","negative_Th17like_INNATE_T"
"Th17like_INNATE_T__SET","Factor3",1.4737974437163,"Th17like_INNATE_T","positive","SET","positive_Th17like_INNATE_T"
"Th17like_INNATE_T__SF3B1","Factor3",-0.940698335308516,"Th17like_INNATE_T","negative","SF3B1","negative_Th17like_INNATE_T"
"Th17like_INNATE_T__SF3B2","Factor3",1.36569474553957,"Th17like_INNATE_T","positive","SF3B2","positive_Th17like_INNATE_T"
"Th17like_INNATE_T__SH3BGRL3","Factor3",-1.16929791551639,"Th17like_INNATE_T","negative","SH3BGRL3","negative_Th17like_INNATE_T"
"Th17like_INNATE_T__SIGIRR","Factor3",-1.35272557246268,"Th17like_INNATE_T","negative","SIGIRR","negative_Th17like_INNATE_T"
"Th17like_INNATE_T__SKP1","Factor3",1.33275317002189,"Th17like_INNATE_T","positive","SKP1","positive_Th17like_INNATE_T"
"Th17like_INNATE_T__SLC25A5","Factor3",-1.48308241522203,"Th17like_INNATE_T","negative","SLC25A5","negative_Th17like_INNATE_T"
"Th17like_INNATE_T__SLC25A6","Factor3",-1.00963213410769,"Th17like_INNATE_T","negative","SLC25A6","negative_Th17like_INNATE_T"
"Th17like_INNATE_T__SLFN5","Factor3",-1.18046802393692,"Th17like_INNATE_T","negative","SLFN5","negative_Th17like_INNATE_T"
"Th17like_INNATE_T__SMDT1","Factor3",-2.30558982340382,"Th17like_INNATE_T","negative","SMDT1","negative_Th17like_INNATE_T"
"Th17like_INNATE_T__SRSF9","Factor3",1.34236928347251,"Th17like_INNATE_T","positive","SRSF9","positive_Th17like_INNATE_T"
"Th17like_INNATE_T__SSH2","Factor3",-1.64667435031359,"Th17like_INNATE_T","negative","SSH2","negative_Th17like_INNATE_T"
"Th17like_INNATE_T__SSR2","Factor3",0.966829858741231,"Th17like_INNATE_T","positive","SSR2","positive_Th17like_INNATE_T"
"Th17like_INNATE_T__SSR4","Factor3",-1.29796980462504,"Th17like_INNATE_T","negative","SSR4","negative_Th17like_INNATE_T"
"Th17like_INNATE_T__STK38","Factor3",-0.970245303613299,"Th17like_INNATE_T","negative","STK38","negative_Th17like_INNATE_T"
"Th17like_INNATE_T__SUMO2","Factor3",-2.09357458751205,"Th17like_INNATE_T","negative","SUMO2","negative_Th17like_INNATE_T"
"Th17like_INNATE_T__SYTL1","Factor3",-0.938754109016838,"Th17like_INNATE_T","negative","SYTL1","negative_Th17like_INNATE_T"
"Th17like_INNATE_T__TAF10","Factor3",-1.39651780139196,"Th17like_INNATE_T","negative","TAF10","negative_Th17like_INNATE_T"
"Th17like_INNATE_T__TAGLN2","Factor3",1.38230409109377,"Th17like_INNATE_T","positive","TAGLN2","positive_Th17like_INNATE_T"
"Th17like_INNATE_T__TERF2IP","Factor3",-0.886625822775033,"Th17like_INNATE_T","negative","TERF2IP","negative_Th17like_INNATE_T"
"Th17like_INNATE_T__TIMP1","Factor3",-2.50268254981358,"Th17like_INNATE_T","negative","TIMP1","negative_Th17like_INNATE_T"
"Th17like_INNATE_T__TNFRSF25","Factor3",-1.69995311480401,"Th17like_INNATE_T","negative","TNFRSF25","negative_Th17like_INNATE_T"
"Th17like_INNATE_T__TPR","Factor3",-1.36119380265286,"Th17like_INNATE_T","negative","TPR","negative_Th17like_INNATE_T"
"Th17like_INNATE_T__TPT1","Factor3",1.87621109794116,"Th17like_INNATE_T","positive","TPT1","positive_Th17like_INNATE_T"
"Th17like_INNATE_T__TRADD","Factor3",1.69801685439303,"Th17like_INNATE_T","positive","TRADD","positive_Th17like_INNATE_T"
"Th17like_INNATE_T__TRAT1","Factor3",1.4465264664012,"Th17like_INNATE_T","positive","TRAT1","positive_Th17like_INNATE_T"
"Th17like_INNATE_T__TRIR","Factor3",-1.75633529745269,"Th17like_INNATE_T","negative","TRIR","negative_Th17like_INNATE_T"
"Th17like_INNATE_T__TRMT112","Factor3",-1.19042710144379,"Th17like_INNATE_T","negative","TRMT112","negative_Th17like_INNATE_T"
"Th17like_INNATE_T__TTC39C","Factor3",-0.854836674436328,"Th17like_INNATE_T","negative","TTC39C","negative_Th17like_INNATE_T"
"Th17like_INNATE_T__TUBA1A","Factor3",1.95353768247389,"Th17like_INNATE_T","positive","TUBA1A","positive_Th17like_INNATE_T"
"Th17like_INNATE_T__TUT4","Factor3",-1.64163636537647,"Th17like_INNATE_T","negative","TUT4","negative_Th17like_INNATE_T"
"Th17like_INNATE_T__UBB","Factor3",-1.40499788031122,"Th17like_INNATE_T","negative","UBB","negative_Th17like_INNATE_T"
"Th17like_INNATE_T__UBE2D2","Factor3",1.93784366752269,"Th17like_INNATE_T","positive","UBE2D2","positive_Th17like_INNATE_T"
"Th17like_INNATE_T__UTRN","Factor3",-0.938839386874661,"Th17like_INNATE_T","negative","UTRN","negative_Th17like_INNATE_T"
"Th17like_INNATE_T__UXT","Factor3",1.38702039484775,"Th17like_INNATE_T","positive","UXT","positive_Th17like_INNATE_T"
"Th17like_INNATE_T__XRCC5","Factor3",-0.98496914806525,"Th17like_INNATE_T","negative","XRCC5","negative_Th17like_INNATE_T"
"Th17like_INNATE_T__XRCC6","Factor3",1.0926643040965,"Th17like_INNATE_T","positive","XRCC6","positive_Th17like_INNATE_T"
"Th17like_INNATE_T__YBX1","Factor3",1.10445755264403,"Th17like_INNATE_T","positive","YBX1","positive_Th17like_INNATE_T"
"Th17like_INNATE_T__YWHAB","Factor3",1.2423774240287,"Th17like_INNATE_T","positive","YWHAB","positive_Th17like_INNATE_T"
"Th17like_INNATE_T__YWHAZ","Factor3",1.19309758285691,"Th17like_INNATE_T","positive","YWHAZ","positive_Th17like_INNATE_T"
"Th17like_INNATE_T__ZYX","Factor3",1.13483917231521,"Th17like_INNATE_T","positive","ZYX","positive_Th17like_INNATE_T"
"Treg__ACTG1","Factor3",-0.589561745097449,"Treg","negative","ACTG1","negative_Treg"
"Treg__ACTR2","Factor3",-0.55508593472418,"Treg","negative","ACTR2","negative_Treg"
"Treg__ACTR3","Factor3",-0.608863649251409,"Treg","negative","ACTR3","negative_Treg"
"Treg__ADAM10","Factor3",-0.65106896642115,"Treg","negative","ADAM10","negative_Treg"
"Treg__AKAP13","Factor3",0.813012180817721,"Treg","positive","AKAP13","positive_Treg"
"Treg__ALDOA","Factor3",0.895860076492288,"Treg","positive","ALDOA","positive_Treg"
"Treg__ANKRD12","Factor3",0.65707867631171,"Treg","positive","ANKRD12","positive_Treg"
"Treg__ANXA11","Factor3",0.733212895047079,"Treg","positive","ANXA11","positive_Treg"
"Treg__APOO","Factor3",0.629113225944259,"Treg","positive","APOO","positive_Treg"
"Treg__AQP3","Factor3",-0.885695595007306,"Treg","negative","AQP3","negative_Treg"
"Treg__ARF1","Factor3",-0.907830702946268,"Treg","negative","ARF1","negative_Treg"
"Treg__ARID4B","Factor3",0.867060680194586,"Treg","positive","ARID4B","positive_Treg"
"Treg__ARL6IP5","Factor3",0.821880918990455,"Treg","positive","ARL6IP5","positive_Treg"
"Treg__ARPC1B","Factor3",-1.25699059437472,"Treg","negative","ARPC1B","negative_Treg"
"Treg__ATP5IF1","Factor3",-0.9037606346192,"Treg","negative","ATP5IF1","negative_Treg"
"Treg__ATP5MC2","Factor3",-0.606182317532077,"Treg","negative","ATP5MC2","negative_Treg"
"Treg__ATP5MC3","Factor3",-0.672513410181624,"Treg","negative","ATP5MC3","negative_Treg"
"Treg__ATP5PB","Factor3",-0.676749256864032,"Treg","negative","ATP5PB","negative_Treg"
"Treg__ATP6V1G1","Factor3",0.902111562616165,"Treg","positive","ATP6V1G1","positive_Treg"
"Treg__B2M","Factor3",0.707044252776013,"Treg","positive","B2M","positive_Treg"
"Treg__BACH2","Factor3",-0.739178938222156,"Treg","negative","BACH2","negative_Treg"
"Treg__BCL11B","Factor3",-0.861903861466558,"Treg","negative","BCL11B","negative_Treg"
"Treg__BCL2","Factor3",-0.576007835599343,"Treg","negative","BCL2","negative_Treg"
"Treg__BIN2","Factor3",1.18799770531357,"Treg","positive","BIN2","positive_Treg"
"Treg__BRK1","Factor3",-0.99754594078808,"Treg","negative","BRK1","negative_Treg"
"Treg__C9orf16","Factor3",-0.970018383586762,"Treg","negative","C9orf16","negative_Treg"
"Treg__CALM1","Factor3",1.18565636010795,"Treg","positive","CALM1","positive_Treg"
"Treg__CALM2","Factor3",1.36224043911683,"Treg","positive","CALM2","positive_Treg"
"Treg__CALM3","Factor3",-0.708560387692151,"Treg","negative","CALM3","negative_Treg"
"Treg__CAP1","Factor3",0.73558732912469,"Treg","positive","CAP1","positive_Treg"
"Treg__CCR7","Factor3",-0.664278679615275,"Treg","negative","CCR7","negative_Treg"
"Treg__CD247","Factor3",0.999134965176461,"Treg","positive","CD247","positive_Treg"
"Treg__CD44","Factor3",0.567642899396203,"Treg","positive","CD44","positive_Treg"
"Treg__CD48","Factor3",0.726359216781027,"Treg","positive","CD48","positive_Treg"
"Treg__CD52","Factor3",1.00346784736963,"Treg","positive","CD52","positive_Treg"
"Treg__CD53","Factor3",-0.887609911691496,"Treg","negative","CD53","negative_Treg"
"Treg__CD69","Factor3",-1.02137622728532,"Treg","negative","CD69","negative_Treg"
"Treg__CD96","Factor3",-1.14248503012883,"Treg","negative","CD96","negative_Treg"
"Treg__CD99","Factor3",0.545587080061701,"Treg","positive","CD99","positive_Treg"
"Treg__CDC42SE1","Factor3",1.20164583727909,"Treg","positive","CDC42SE1","positive_Treg"
"Treg__CDKN1B","Factor3",0.562135731744436,"Treg","positive","CDKN1B","positive_Treg"
"Treg__CLIC1","Factor3",-0.656763680862443,"Treg","negative","CLIC1","negative_Treg"
"Treg__CNBP","Factor3",0.624146845189121,"Treg","positive","CNBP","positive_Treg"
"Treg__COMMD6","Factor3",-0.701801691812756,"Treg","negative","COMMD6","negative_Treg"
"Treg__COTL1","Factor3",-0.565212484076795,"Treg","negative","COTL1","negative_Treg"
"Treg__COX6B1","Factor3",-0.601819002581111,"Treg","negative","COX6B1","negative_Treg"
"Treg__COX6C","Factor3",-0.875060412242515,"Treg","negative","COX6C","negative_Treg"
"Treg__COX7C","Factor3",-0.495665789796078,"Treg","negative","COX7C","negative_Treg"
"Treg__CRIP1","Factor3",1.35889139729939,"Treg","positive","CRIP1","positive_Treg"
"Treg__CSK","Factor3",-0.975835406491549,"Treg","negative","CSK","negative_Treg"
"Treg__CSNK2B","Factor3",-0.686740936256487,"Treg","negative","CSNK2B","negative_Treg"
"Treg__CUTA","Factor3",-0.712411198680517,"Treg","negative","CUTA","negative_Treg"
"Treg__CYTIP","Factor3",-0.570422510852061,"Treg","negative","CYTIP","negative_Treg"
"Treg__DAZAP2","Factor3",0.744218082029928,"Treg","positive","DAZAP2","positive_Treg"
"Treg__DOCK8","Factor3",0.561486519747778,"Treg","positive","DOCK8","positive_Treg"
"Treg__EID1","Factor3",1.98480521377827,"Treg","positive","EID1","positive_Treg"
"Treg__EIF1","Factor3",0.895583323296052,"Treg","positive","EIF1","positive_Treg"
"Treg__EIF2S3","Factor3",0.574449395226693,"Treg","positive","EIF2S3","positive_Treg"
"Treg__EIF3E","Factor3",-1.2134355147427,"Treg","negative","EIF3E","negative_Treg"
"Treg__EIF3F","Factor3",0.640376775534479,"Treg","positive","EIF3F","positive_Treg"
"Treg__EIF3H","Factor3",1.65030453842466,"Treg","positive","EIF3H","positive_Treg"
"Treg__EIF3L","Factor3",0.788609054668265,"Treg","positive","EIF3L","positive_Treg"
"Treg__EIF4A1","Factor3",-0.626852152866602,"Treg","negative","EIF4A1","negative_Treg"
"Treg__EIF4B","Factor3",0.706046719369162,"Treg","positive","EIF4B","positive_Treg"
"Treg__EIF4G2","Factor3",1.02367699321545,"Treg","positive","EIF4G2","positive_Treg"
"Treg__ELOB","Factor3",-0.534416438226223,"Treg","negative","ELOB","negative_Treg"
"Treg__ENO1","Factor3",-0.991046432016025,"Treg","negative","ENO1","negative_Treg"
"Treg__EZR","Factor3",1.18024734384845,"Treg","positive","EZR","positive_Treg"
"Treg__FKBP1A","Factor3",-1.0707327699926,"Treg","negative","FKBP1A","negative_Treg"
"Treg__FNBP1","Factor3",0.570937882548232,"Treg","positive","FNBP1","positive_Treg"
"Treg__FOXO1","Factor3",0.637143375807367,"Treg","positive","FOXO1","positive_Treg"
"Treg__FXYD5","Factor3",1.63781453158843,"Treg","positive","FXYD5","positive_Treg"
"Treg__FYB1","Factor3",0.578510456360199,"Treg","positive","FYB1","positive_Treg"
"Treg__GIMAP4","Factor3",0.622033989687849,"Treg","positive","GIMAP4","positive_Treg"
"Treg__GIMAP7","Factor3",0.668684471933334,"Treg","positive","GIMAP7","positive_Treg"
"Treg__GNAI2","Factor3",0.913991885557842,"Treg","positive","GNAI2","positive_Treg"
"Treg__GNG2","Factor3",-1.60586412343384,"Treg","negative","GNG2","negative_Treg"
"Treg__GNG5","Factor3",-0.596887749674158,"Treg","negative","GNG5","negative_Treg"
"Treg__GPX4","Factor3",1.15489189663927,"Treg","positive","GPX4","positive_Treg"
"Treg__GTF3A","Factor3",-1.35304676393114,"Treg","negative","GTF3A","negative_Treg"
"Treg__GYPC","Factor3",-0.857944234816532,"Treg","negative","GYPC","negative_Treg"
"Treg__H1FX","Factor3",-0.829157677391139,"Treg","negative","H1FX","negative_Treg"
"Treg__HCLS1","Factor3",1.1996916943868,"Treg","positive","HCLS1","positive_Treg"
"Treg__HERC1","Factor3",-0.699455531468338,"Treg","negative","HERC1","negative_Treg"
"Treg__HLA.A","Factor3",1.27258252407601,"Treg","positive","HLA.A","positive_Treg"
"Treg__HLA.C","Factor3",0.619590606480571,"Treg","positive","HLA.C","positive_Treg"
"Treg__HMGB1","Factor3",-0.683590103032266,"Treg","negative","HMGB1","negative_Treg"
"Treg__HMGN1","Factor3",-0.779246244248249,"Treg","negative","HMGN1","negative_Treg"
"Treg__HMGN2","Factor3",1.36230908981462,"Treg","positive","HMGN2","positive_Treg"
"Treg__HNRNPA0","Factor3",1.65088514146037,"Treg","positive","HNRNPA0","positive_Treg"
"Treg__HNRNPA2B1","Factor3",-0.698074675957406,"Treg","negative","HNRNPA2B1","negative_Treg"
"Treg__HNRNPA3","Factor3",0.638316825675352,"Treg","positive","HNRNPA3","positive_Treg"
"Treg__HNRNPK","Factor3",-0.790224263212969,"Treg","negative","HNRNPK","negative_Treg"
"Treg__HNRNPU","Factor3",-0.928345505148132,"Treg","negative","HNRNPU","negative_Treg"
"Treg__HP1BP3","Factor3",0.727667297008572,"Treg","positive","HP1BP3","positive_Treg"
"Treg__ICAM3","Factor3",0.561019466251332,"Treg","positive","ICAM3","positive_Treg"
"Treg__IL32","Factor3",0.844304303083019,"Treg","positive","IL32","positive_Treg"
"Treg__IL6ST","Factor3",-0.491743509124483,"Treg","negative","IL6ST","negative_Treg"
"Treg__ITK","Factor3",0.83810430039634,"Treg","positive","ITK","positive_Treg"
"Treg__ITM2B","Factor3",0.629541177598837,"Treg","positive","ITM2B","positive_Treg"
"Treg__KLF2","Factor3",1.57909074299786,"Treg","positive","KLF2","positive_Treg"
"Treg__LAPTM5","Factor3",0.557797459165928,"Treg","positive","LAPTM5","positive_Treg"
"Treg__LAT","Factor3",0.999593101161189,"Treg","positive","LAT","positive_Treg"
"Treg__LCK","Factor3",0.644288577720491,"Treg","positive","LCK","positive_Treg"
"Treg__LCP1","Factor3",-0.625441317571811,"Treg","negative","LCP1","negative_Treg"
"Treg__LDLRAD4","Factor3",-0.592184795631394,"Treg","negative","LDLRAD4","negative_Treg"
"Treg__LEPROTL1","Factor3",-0.758681355740457,"Treg","negative","LEPROTL1","negative_Treg"
"Treg__LINC00861","Factor3",0.77783485276807,"Treg","positive","LINC00861","positive_Treg"
"Treg__LNPEP","Factor3",-0.483899731975215,"Treg","negative","LNPEP","negative_Treg"
"Treg__LRRFIP1","Factor3",0.811738626710851,"Treg","positive","LRRFIP1","positive_Treg"
"Treg__LTB","Factor3",-0.681187548258401,"Treg","negative","LTB","negative_Treg"
"Treg__MACF1","Factor3",-1.13126381138519,"Treg","negative","MACF1","negative_Treg"
"Treg__MAT2B","Factor3",0.748277651851294,"Treg","positive","MAT2B","positive_Treg"
"Treg__MAX","Factor3",0.667569179946199,"Treg","positive","MAX","positive_Treg"
"Treg__MCUB","Factor3",0.710638097846067,"Treg","positive","MCUB","positive_Treg"
"Treg__MIF","Factor3",-0.724080689378622,"Treg","negative","MIF","negative_Treg"
"Treg__MYL12A","Factor3",-0.575782021993334,"Treg","negative","MYL12A","negative_Treg"
"Treg__MYL12B","Factor3",0.995965120322192,"Treg","positive","MYL12B","positive_Treg"
"Treg__MYL6","Factor3",-0.608701845986876,"Treg","negative","MYL6","negative_Treg"
"Treg__MZT2A","Factor3",-0.922462730917175,"Treg","negative","MZT2A","negative_Treg"
"Treg__NCL","Factor3",-0.49903109322007,"Treg","negative","NCL","negative_Treg"
"Treg__NDFIP1","Factor3",-1.12612248598739,"Treg","negative","NDFIP1","negative_Treg"
"Treg__NME2","Factor3",-1.19489654468921,"Treg","negative","NME2","negative_Treg"
"Treg__NOP53","Factor3",1.08764083240911,"Treg","positive","NOP53","positive_Treg"
"Treg__NPM1","Factor3",-0.577801298382603,"Treg","negative","NPM1","negative_Treg"
"Treg__OGT","Factor3",-0.758841466398149,"Treg","negative","OGT","negative_Treg"
"Treg__PACS1","Factor3",-0.468164448571633,"Treg","negative","PACS1","negative_Treg"
"Treg__PAK2","Factor3",-1.19930055257436,"Treg","negative","PAK2","negative_Treg"
"Treg__PCBP1","Factor3",1.10272827712626,"Treg","positive","PCBP1","positive_Treg"
"Treg__PCED1B.AS1","Factor3",0.995316104489752,"Treg","positive","PCED1B.AS1","positive_Treg"
"Treg__PDCD4","Factor3",-0.635535556615247,"Treg","negative","PDCD4","negative_Treg"
"Treg__PIM2","Factor3",-0.613886983860801,"Treg","negative","PIM2","negative_Treg"
"Treg__PKM","Factor3",-0.506787898346342,"Treg","negative","PKM","negative_Treg"
"Treg__PNRC1","Factor3",0.70612141239652,"Treg","positive","PNRC1","positive_Treg"
"Treg__PRMT2","Factor3",-1.20555820914911,"Treg","negative","PRMT2","negative_Treg"
"Treg__PSIP1","Factor3",1.02582200704156,"Treg","positive","PSIP1","positive_Treg"
"Treg__PSMA1","Factor3",-1.54796374807785,"Treg","negative","PSMA1","negative_Treg"
"Treg__PSMA7","Factor3",-0.940676065310826,"Treg","negative","PSMA7","negative_Treg"
"Treg__PSMB1","Factor3",0.717963429102003,"Treg","positive","PSMB1","positive_Treg"
"Treg__PSMB8","Factor3",1.21981272256163,"Treg","positive","PSMB8","positive_Treg"
"Treg__PSME1","Factor3",-0.540328049479222,"Treg","negative","PSME1","negative_Treg"
"Treg__PTGES3","Factor3",0.915227014360309,"Treg","positive","PTGES3","positive_Treg"
"Treg__R3HDM4","Factor3",-0.997382401766774,"Treg","negative","R3HDM4","negative_Treg"
"Treg__RAC1","Factor3",-0.507210386693586,"Treg","negative","RAC1","negative_Treg"
"Treg__RALY","Factor3",-0.975037751097229,"Treg","negative","RALY","negative_Treg"
"Treg__RAN","Factor3",-0.993527047169058,"Treg","negative","RAN","negative_Treg"
"Treg__RAP1B","Factor3",0.605262939927819,"Treg","positive","RAP1B","positive_Treg"
"Treg__RASA2","Factor3",-0.842261634306229,"Treg","negative","RASA2","negative_Treg"
"Treg__RBM39","Factor3",0.854616122914031,"Treg","positive","RBM39","positive_Treg"
"Treg__RGS10","Factor3",-0.834713179394934,"Treg","negative","RGS10","negative_Treg"
"Treg__RHOA","Factor3",0.972719213335279,"Treg","positive","RHOA","positive_Treg"
"Treg__RIPOR2","Factor3",0.581319709583626,"Treg","positive","RIPOR2","positive_Treg"
"Treg__RSL1D1","Factor3",0.616800838128151,"Treg","positive","RSL1D1","positive_Treg"
"Treg__RSRP1","Factor3",1.24183025843981,"Treg","positive","RSRP1","positive_Treg"
"Treg__S100A4","Factor3",0.550688404821234,"Treg","positive","S100A4","positive_Treg"
"Treg__S1PR4","Factor3",0.577153122853301,"Treg","positive","S1PR4","positive_Treg"
"Treg__SAMD3","Factor3",-0.603701964157082,"Treg","negative","SAMD3","negative_Treg"
"Treg__SAMHD1","Factor3",0.980654464635041,"Treg","positive","SAMHD1","positive_Treg"
"Treg__SARAF","Factor3",0.547726432723631,"Treg","positive","SARAF","positive_Treg"
"Treg__SEPTIN7","Factor3",-1.3764126998239,"Treg","negative","SEPTIN7","negative_Treg"
"Treg__SEPTIN9","Factor3",0.890383096097045,"Treg","positive","SEPTIN9","positive_Treg"
"Treg__SERBP1","Factor3",-1.04965857519407,"Treg","negative","SERBP1","negative_Treg"
"Treg__SF1","Factor3",1.0916670903502,"Treg","positive","SF1","positive_Treg"
"Treg__SH3KBP1","Factor3",-0.549134048364876,"Treg","negative","SH3KBP1","negative_Treg"
"Treg__SKAP1","Factor3",-0.543271084072372,"Treg","negative","SKAP1","negative_Treg"
"Treg__SLC25A5","Factor3",-0.870906812839664,"Treg","negative","SLC25A5","negative_Treg"
"Treg__SLC25A6","Factor3",-0.7928444602997,"Treg","negative","SLC25A6","negative_Treg"
"Treg__SLFN5","Factor3",-0.88331480766801,"Treg","negative","SLFN5","negative_Treg"
"Treg__SMC4","Factor3",-1.29138469571072,"Treg","negative","SMC4","negative_Treg"
"Treg__SMCHD1","Factor3",-0.625651714025571,"Treg","negative","SMCHD1","negative_Treg"
"Treg__SNHG29","Factor3",-1.39608122067026,"Treg","negative","SNHG29","negative_Treg"
"Treg__SNRPD2","Factor3",-0.749798889642694,"Treg","negative","SNRPD2","negative_Treg"
"Treg__SPOCK2","Factor3",-1.58657632049724,"Treg","negative","SPOCK2","negative_Treg"
"Treg__SRSF11","Factor3",-0.964804516283144,"Treg","negative","SRSF11","negative_Treg"
"Treg__SRSF5","Factor3",1.20823813925047,"Treg","positive","SRSF5","positive_Treg"
"Treg__SRSF7","Factor3",1.24253005919672,"Treg","positive","SRSF7","positive_Treg"
"Treg__SSR2","Factor3",1.66340190023409,"Treg","positive","SSR2","positive_Treg"
"Treg__STK17B","Factor3",-0.758676775150532,"Treg","negative","STK17B","negative_Treg"
"Treg__STK38","Factor3",-0.471058164764807,"Treg","negative","STK38","negative_Treg"
"Treg__SUB1","Factor3",1.28646567217674,"Treg","positive","SUB1","positive_Treg"
"Treg__TAGLN2","Factor3",0.585733948890561,"Treg","positive","TAGLN2","positive_Treg"
"Treg__TGFB1","Factor3",0.776704435466199,"Treg","positive","TGFB1","positive_Treg"
"Treg__TLE5","Factor3",0.701215121640632,"Treg","positive","TLE5","positive_Treg"
"Treg__TMBIM6","Factor3",1.15222858682015,"Treg","positive","TMBIM6","positive_Treg"
"Treg__TNFAIP3","Factor3",-0.638139967706286,"Treg","negative","TNFAIP3","negative_Treg"
"Treg__TOX","Factor3",-1.3120683342296,"Treg","negative","TOX","negative_Treg"
"Treg__TPM3","Factor3",0.541484846257957,"Treg","positive","TPM3","positive_Treg"
"Treg__TPT1","Factor3",0.555776731626414,"Treg","positive","TPT1","positive_Treg"
"Treg__TRAF3IP3","Factor3",0.878627481117368,"Treg","positive","TRAF3IP3","positive_Treg"
"Treg__TRIR","Factor3",1.42459650416734,"Treg","positive","TRIR","positive_Treg"
"Treg__UBALD2","Factor3",-0.605551229234968,"Treg","negative","UBALD2","negative_Treg"
"Treg__UBC","Factor3",0.659582123697795,"Treg","positive","UBC","positive_Treg"
"Treg__UBE2D2","Factor3",0.730182016699204,"Treg","positive","UBE2D2","positive_Treg"
"Treg__UBE2D3","Factor3",1.04148193148277,"Treg","positive","UBE2D3","positive_Treg"
"Treg__UCP2","Factor3",-0.996526412945446,"Treg","negative","UCP2","negative_Treg"
"Treg__UQCRH","Factor3",-0.529370417395518,"Treg","negative","UQCRH","negative_Treg"
"Treg__VAMP2","Factor3",0.715319175485751,"Treg","positive","VAMP2","positive_Treg"
"Treg__WIPF1","Factor3",1.04654873433476,"Treg","positive","WIPF1","positive_Treg"
"Treg__YBX1","Factor3",0.700168416761766,"Treg","positive","YBX1","positive_Treg"
"Treg__ZFAS1","Factor3",-0.923064968052645,"Treg","negative","ZFAS1","negative_Treg"
