"source","target","ligand","receptor","prob","pval","interaction_name","interaction_name_2","pathway_name","annotation","evidence","source.target","prob.original","group.names","dataset","significance"
"abT(entry)","Naïve CD8 T","HLA-A","CD8A",0.527216568662194,3,"HLA-A_CD8A","HLA-A - CD8A","MHC-I","Cell-Cell Contact","KEGG: hsa04514","abT(entry) -> Naïve CD8 T (PBMC_Early)",0.150054946338867,"abT(entry) -> Naïve CD8 T","PBMC_Early:Naïve CD8 T","P < 0.01"
"CD14+PPBP+ Monocytes","Naïve CD8 T","HLA-A","CD8A",0.532932884274787,3,"HLA-A_CD8A","HLA-A - CD8A","MHC-I","Cell-Cell Contact","KEGG: hsa04514","CD14+PPBP+ Monocytes -> Naïve CD8 T (PBMC_Early)",0.153139059221682,"CD14+PPBP+ Monocytes -> Naïve CD8 T","PBMC_Early:Naïve CD8 T","P < 0.01"
"CD56highCD16low NK","Naïve CD8 T","HLA-A","CD8A",0.487316692731434,3,"HLA-A_CD8A","HLA-A - CD8A","MHC-I","Cell-Cell Contact","KEGG: hsa04514","CD56highCD16low NK -> Naïve CD8 T (PBMC_Early)",0.128470797915102,"CD56highCD16low NK -> Naïve CD8 T","PBMC_Early:Naïve CD8 T","P < 0.01"
"Classical Monocytes","Naïve CD8 T","HLA-A","CD8A",0.512680060925398,3,"HLA-A_CD8A","HLA-A - CD8A","MHC-I","Cell-Cell Contact","KEGG: hsa04514","Classical Monocytes -> Naïve CD8 T (PBMC_Early)",0.14219808699207,"Classical Monocytes -> Naïve CD8 T","PBMC_Early:Naïve CD8 T","P < 0.01"
"CX3CR1+ NK","Naïve CD8 T","HLA-A","CD8A",0.620583736624453,3,"HLA-A_CD8A","HLA-A - CD8A","MHC-I","Cell-Cell Contact","KEGG: hsa04514","CX3CR1+ NK -> Naïve CD8 T (PBMC_Early)",0.199610744062097,"CX3CR1+ NK -> Naïve CD8 T","PBMC_Early:Naïve CD8 T","P < 0.01"
"CXCR5- Naïve B","Naïve CD8 T","HLA-A","CD8A",0.525735203114338,3,"HLA-A_CD8A","HLA-A - CD8A","MHC-I","Cell-Cell Contact","KEGG: hsa04514","CXCR5- Naïve B -> Naïve CD8 T (PBMC_Early)",0.149255118670796,"CXCR5- Naïve B -> Naïve CD8 T","PBMC_Early:Naïve CD8 T","P < 0.01"
"CXCR5+ Naïve B","Naïve CD8 T","HLA-A","CD8A",0.542779865135268,3,"HLA-A_CD8A","HLA-A - CD8A","MHC-I","Cell-Cell Contact","KEGG: hsa04514","CXCR5+ Naïve B -> Naïve CD8 T (PBMC_Early)",0.158441865679862,"CXCR5+ Naïve B -> Naïve CD8 T","PBMC_Early:Naïve CD8 T","P < 0.01"
"CXCR6+ NK","Naïve CD8 T","HLA-A","CD8A",0.605557148963623,3,"HLA-A_CD8A","HLA-A - CD8A","MHC-I","Cell-Cell Contact","KEGG: hsa04514","CXCR6+ NK -> Naïve CD8 T (PBMC_Early)",0.191786634887469,"CXCR6+ NK -> Naïve CD8 T","PBMC_Early:Naïve CD8 T","P < 0.01"
"DC2","Naïve CD8 T","HLA-A","CD8A",0.472178284908572,3,"HLA-A_CD8A","HLA-A - CD8A","MHC-I","Cell-Cell Contact","KEGG: hsa04514","DC2 -> Naïve CD8 T (PBMC_Early)",0.120290682533623,"DC2 -> Naïve CD8 T","PBMC_Early:Naïve CD8 T","P < 0.01"
"Gamma Delta V1 T","Naïve CD8 T","HLA-A","CD8A",0.598833344019459,3,"HLA-A_CD8A","HLA-A - CD8A","MHC-I","Cell-Cell Contact","KEGG: hsa04514","Gamma Delta V1 T -> Naïve CD8 T (PBMC_Early)",0.188263313694728,"Gamma Delta V1 T -> Naïve CD8 T","PBMC_Early:Naïve CD8 T","P < 0.01"
"Gamma Delta V2 T","Naïve CD8 T","HLA-A","CD8A",0.609117678865639,3,"HLA-A_CD8A","HLA-A - CD8A","MHC-I","Cell-Cell Contact","KEGG: hsa04514","Gamma Delta V2 T -> Naïve CD8 T (PBMC_Early)",0.193646898218243,"Gamma Delta V2 T -> Naïve CD8 T","PBMC_Early:Naïve CD8 T","P < 0.01"
"HSC_MPP","Naïve CD8 T","HLA-A","CD8A",0.418650440968672,3,"HLA-A_CD8A","HLA-A - CD8A","MHC-I","Cell-Cell Contact","KEGG: hsa04514","HSC_MPP -> Naïve CD8 T (PBMC_Early)",0.0917555223591723,"HSC_MPP -> Naïve CD8 T","PBMC_Early:Naïve CD8 T","P < 0.01"
"ILC2/3","Naïve CD8 T","HLA-A","CD8A",0.55071819859702,3,"HLA-A_CD8A","HLA-A - CD8A","MHC-I","Cell-Cell Contact","KEGG: hsa04514","ILC2/3 -> Naïve CD8 T (PBMC_Early)",0.162705948514404,"ILC2/3 -> Naïve CD8 T","PBMC_Early:Naïve CD8 T","P < 0.01"
"MEMP","Naïve CD8 T","HLA-A","CD8A",0.325252344174095,3,"HLA-A_CD8A","HLA-A - CD8A","MHC-I","Cell-Cell Contact","KEGG: hsa04514","MEMP -> Naïve CD8 T (PBMC_Early)",0.0462110712026055,"MEMP -> Naïve CD8 T","PBMC_Early:Naïve CD8 T","P < 0.01"
"MEP","Naïve CD8 T","HLA-A","CD8A",0.313027305001103,3,"HLA-A_CD8A","HLA-A - CD8A","MHC-I","Cell-Cell Contact","KEGG: hsa04514","MEP -> Naïve CD8 T (PBMC_Early)",0.0409825262313545,"MEP -> Naïve CD8 T","PBMC_Early:Naïve CD8 T","P < 0.01"
"Myeloid-CD177","Naïve CD8 T","HLA-A","CD8A",0.315297618560789,3,"HLA-A_CD8A","HLA-A - CD8A","MHC-I","Cell-Cell Contact","KEGG: hsa04514","Myeloid-CD177 -> Naïve CD8 T (PBMC_Early)",0.0419361701660468,"Myeloid-CD177 -> Naïve CD8 T","PBMC_Early:Naïve CD8 T","P < 0.01"
"Naïve CD4 T","Naïve CD8 T","HLA-A","CD8A",0.592903517917253,3,"HLA-A_CD8A","HLA-A - CD8A","MHC-I","Cell-Cell Contact","KEGG: hsa04514","Naïve CD4 T -> Naïve CD8 T (PBMC_Early)",0.185145170563793,"Naïve CD4 T -> Naïve CD8 T","PBMC_Early:Naïve CD8 T","P < 0.01"
"Naïve CD8 T","Naïve CD8 T","HLA-A","CD8A",0.607516380824716,3,"HLA-A_CD8A","HLA-A - CD8A","MHC-I","Cell-Cell Contact","KEGG: hsa04514","Naïve CD8 T -> Naïve CD8 T (PBMC_Early)",0.192810748194371,"Naïve CD8 T -> Naïve CD8 T","PBMC_Early:Naïve CD8 T","P < 0.01"
"NK T","Naïve CD8 T","HLA-A","CD8A",0.626927146900723,3,"HLA-A_CD8A","HLA-A - CD8A","MHC-I","Cell-Cell Contact","KEGG: hsa04514","NK T -> Naïve CD8 T (PBMC_Early)",0.20289195778428,"NK T -> Naïve CD8 T","PBMC_Early:Naïve CD8 T","P < 0.01"
"pDC","Naïve CD8 T","HLA-A","CD8A",0.436887468005955,3,"HLA-A_CD8A","HLA-A - CD8A","MHC-I","Cell-Cell Contact","KEGG: hsa04514","pDC -> Naïve CD8 T (PBMC_Early)",0.101375996209913,"pDC -> Naïve CD8 T","PBMC_Early:Naïve CD8 T","P < 0.01"
"Pro-B","Naïve CD8 T","HLA-A","CD8A",0.479102244299195,3,"HLA-A_CD8A","HLA-A - CD8A","MHC-I","Cell-Cell Contact","KEGG: hsa04514","Pro-B -> Naïve CD8 T (PBMC_Early)",0.124029338092295,"Pro-B -> Naïve CD8 T","PBMC_Early:Naïve CD8 T","P < 0.01"
"Tem","Naïve CD8 T","HLA-A","CD8A",0.604831613974761,3,"HLA-A_CD8A","HLA-A - CD8A","MHC-I","Cell-Cell Contact","KEGG: hsa04514","Tem -> Naïve CD8 T (PBMC_Early)",0.191407095371686,"Tem -> Naïve CD8 T","PBMC_Early:Naïve CD8 T","P < 0.01"
"Th17like_INNATE_T","Naïve CD8 T","HLA-A","CD8A",0.623905750581957,3,"HLA-A_CD8A","HLA-A - CD8A","MHC-I","Cell-Cell Contact","KEGG: hsa04514","Th17like_INNATE_T -> Naïve CD8 T (PBMC_Early)",0.201330751879577,"Th17like_INNATE_T -> Naïve CD8 T","PBMC_Early:Naïve CD8 T","P < 0.01"
"Treg","Naïve CD8 T","HLA-A","CD8A",0.634440439929805,3,"HLA-A_CD8A","HLA-A - CD8A","MHC-I","Cell-Cell Contact","KEGG: hsa04514","Treg -> Naïve CD8 T (PBMC_Early)",0.206760929051805,"Treg -> Naïve CD8 T","PBMC_Early:Naïve CD8 T","P < 0.01"
"abT(entry)","Naïve CD8 T","HLA-A","CD8A",0.436378006497077,3,"HLA-A_CD8A","HLA-A - CD8A","MHC-I","Cell-Cell Contact","KEGG: hsa04514","abT(entry) -> Naïve CD8 T (PBMC_Late)",0.101105454689547,"abT(entry) -> Naïve CD8 T","PBMC_Late:Naïve CD8 T","P < 0.01"
"CD14+PPBP+ Monocytes","Naïve CD8 T","HLA-A","CD8A",0.515955111161258,3,"HLA-A_CD8A","HLA-A - CD8A","MHC-I","Cell-Cell Contact","KEGG: hsa04514","CD14+PPBP+ Monocytes -> Naïve CD8 T (PBMC_Late)",0.143969601329462,"CD14+PPBP+ Monocytes -> Naïve CD8 T","PBMC_Late:Naïve CD8 T","P < 0.01"
"CD56highCD16low NK","Naïve CD8 T","HLA-A","CD8A",0.504744891779336,3,"HLA-A_CD8A","HLA-A - CD8A","MHC-I","Cell-Cell Contact","KEGG: hsa04514","CD56highCD16low NK -> Naïve CD8 T (PBMC_Late)",0.137903811949616,"CD56highCD16low NK -> Naïve CD8 T","PBMC_Late:Naïve CD8 T","P < 0.01"
"Classical Monocytes","Naïve CD8 T","HLA-A","CD8A",0.494820013595909,3,"HLA-A_CD8A","HLA-A - CD8A","MHC-I","Cell-Cell Contact","KEGG: hsa04514","Classical Monocytes -> Naïve CD8 T (PBMC_Late)",0.132531244895653,"Classical Monocytes -> Naïve CD8 T","PBMC_Late:Naïve CD8 T","P < 0.01"
"CX3CR1+ NK","Naïve CD8 T","HLA-A","CD8A",0.58600026674673,3,"HLA-A_CD8A","HLA-A - CD8A","MHC-I","Cell-Cell Contact","KEGG: hsa04514","CX3CR1+ NK -> Naïve CD8 T (PBMC_Late)",0.181502860540422,"CX3CR1+ NK -> Naïve CD8 T","PBMC_Late:Naïve CD8 T","P < 0.01"
"CXCR5- Naïve B","Naïve CD8 T","HLA-A","CD8A",0.498262182935293,3,"HLA-A_CD8A","HLA-A - CD8A","MHC-I","Cell-Cell Contact","KEGG: hsa04514","CXCR5- Naïve B -> Naïve CD8 T (PBMC_Late)",0.134394535179248,"CXCR5- Naïve B -> Naïve CD8 T","PBMC_Late:Naïve CD8 T","P < 0.01"
"CXCR5+ Naïve B","Naïve CD8 T","HLA-A","CD8A",0.505726729882102,3,"HLA-A_CD8A","HLA-A - CD8A","MHC-I","Cell-Cell Contact","KEGG: hsa04514","CXCR5+ Naïve B -> Naïve CD8 T (PBMC_Late)",0.138435263661582,"CXCR5+ Naïve B -> Naïve CD8 T","PBMC_Late:Naïve CD8 T","P < 0.01"
"CXCR6+ NK","Naïve CD8 T","HLA-A","CD8A",0.556939325937684,3,"HLA-A_CD8A","HLA-A - CD8A","MHC-I","Cell-Cell Contact","KEGG: hsa04514","CXCR6+ NK -> Naïve CD8 T (PBMC_Late)",0.166039806123258,"CXCR6+ NK -> Naïve CD8 T","PBMC_Late:Naïve CD8 T","P < 0.01"
"DC2","Naïve CD8 T","HLA-A","CD8A",0.488320657932532,3,"HLA-A_CD8A","HLA-A - CD8A","MHC-I","Cell-Cell Contact","KEGG: hsa04514","DC2 -> Naïve CD8 T (PBMC_Late)",0.129013952121289,"DC2 -> Naïve CD8 T","PBMC_Late:Naïve CD8 T","P < 0.01"
"Gamma Delta V1 T","Naïve CD8 T","HLA-A","CD8A",0.552389730877365,3,"HLA-A_CD8A","HLA-A - CD8A","MHC-I","Cell-Cell Contact","KEGG: hsa04514","Gamma Delta V1 T -> Naïve CD8 T (PBMC_Late)",0.163602420800762,"Gamma Delta V1 T -> Naïve CD8 T","PBMC_Late:Naïve CD8 T","P < 0.01"
"Gamma Delta V2 T","Naïve CD8 T","HLA-A","CD8A",0.557724874392316,3,"HLA-A_CD8A","HLA-A - CD8A","MHC-I","Cell-Cell Contact","KEGG: hsa04514","Gamma Delta V2 T -> Naïve CD8 T (PBMC_Late)",0.166460248587983,"Gamma Delta V2 T -> Naïve CD8 T","PBMC_Late:Naïve CD8 T","P < 0.01"
"HSC_MPP","Naïve CD8 T","HLA-A","CD8A",0.428925997816021,3,"HLA-A_CD8A","HLA-A - CD8A","MHC-I","Cell-Cell Contact","KEGG: hsa04514","HSC_MPP -> Naïve CD8 T (PBMC_Late)",0.0971591914657869,"HSC_MPP -> Naïve CD8 T","PBMC_Late:Naïve CD8 T","P < 0.01"
"ILC2/3","Naïve CD8 T","HLA-A","CD8A",0.529426580517455,3,"HLA-A_CD8A","HLA-A - CD8A","MHC-I","Cell-Cell Contact","KEGG: hsa04514","ILC2/3 -> Naïve CD8 T (PBMC_Late)",0.151247754416298,"ILC2/3 -> Naïve CD8 T","PBMC_Late:Naïve CD8 T","P < 0.01"
"MEMP","Naïve CD8 T","HLA-A","CD8A",0.36637212564959,3,"HLA-A_CD8A","HLA-A - CD8A","MHC-I","Cell-Cell Contact","KEGG: hsa04514","MEMP -> Naïve CD8 T (PBMC_Late)",0.0652541724325329,"MEMP -> Naïve CD8 T","PBMC_Late:Naïve CD8 T","P < 0.01"
"MEP","Naïve CD8 T","HLA-A","CD8A",0.398595294978006,3,"HLA-A_CD8A","HLA-A - CD8A","MHC-I","Cell-Cell Contact","KEGG: hsa04514","MEP -> Naïve CD8 T (PBMC_Late)",0.0813649778392777,"MEP -> Naïve CD8 T","PBMC_Late:Naïve CD8 T","P < 0.01"
"Naïve CD4 T","Naïve CD8 T","HLA-A","CD8A",0.529352535420237,3,"HLA-A_CD8A","HLA-A - CD8A","MHC-I","Cell-Cell Contact","KEGG: hsa04514","Naïve CD4 T -> Naïve CD8 T (PBMC_Late)",0.151207798864482,"Naïve CD4 T -> Naïve CD8 T","PBMC_Late:Naïve CD8 T","P < 0.01"
"Naïve CD8 T","Naïve CD8 T","HLA-A","CD8A",0.537769220286301,3,"HLA-A_CD8A","HLA-A - CD8A","MHC-I","Cell-Cell Contact","KEGG: hsa04514","Naïve CD8 T -> Naïve CD8 T (PBMC_Late)",0.1557452339513,"Naïve CD8 T -> Naïve CD8 T","PBMC_Late:Naïve CD8 T","P < 0.01"
"NK T","Naïve CD8 T","HLA-A","CD8A",0.570721983265876,3,"HLA-A_CD8A","HLA-A - CD8A","MHC-I","Cell-Cell Contact","KEGG: hsa04514","NK T -> Naïve CD8 T (PBMC_Late)",0.173397851468794,"NK T -> Naïve CD8 T","PBMC_Late:Naïve CD8 T","P < 0.01"
"pDC","Naïve CD8 T","HLA-A","CD8A",0.462226584817547,3,"HLA-A_CD8A","HLA-A - CD8A","MHC-I","Cell-Cell Contact","KEGG: hsa04514","pDC -> Naïve CD8 T (PBMC_Late)",0.114928955562488,"pDC -> Naïve CD8 T","PBMC_Late:Naïve CD8 T","P < 0.01"
"Pro-B","Naïve CD8 T","HLA-A","CD8A",0.474907342346982,3,"HLA-A_CD8A","HLA-A - CD8A","MHC-I","Cell-Cell Contact","KEGG: hsa04514","Pro-B -> Naïve CD8 T (PBMC_Late)",0.121763589027643,"Pro-B -> Naïve CD8 T","PBMC_Late:Naïve CD8 T","P < 0.01"
"Tem","Naïve CD8 T","HLA-A","CD8A",0.544754647370035,3,"HLA-A_CD8A","HLA-A - CD8A","MHC-I","Cell-Cell Contact","KEGG: hsa04514","Tem -> Naïve CD8 T (PBMC_Late)",0.159503599285428,"Tem -> Naïve CD8 T","PBMC_Late:Naïve CD8 T","P < 0.01"
"Th17like_INNATE_T","Naïve CD8 T","HLA-A","CD8A",0.54917325947677,3,"HLA-A_CD8A","HLA-A - CD8A","MHC-I","Cell-Cell Contact","KEGG: hsa04514","Th17like_INNATE_T -> Naïve CD8 T (PBMC_Late)",0.161876924292435,"Th17like_INNATE_T -> Naïve CD8 T","PBMC_Late:Naïve CD8 T","P < 0.01"
"Treg","Naïve CD8 T","HLA-A","CD8A",0.557052303494217,3,"HLA-A_CD8A","HLA-A - CD8A","MHC-I","Cell-Cell Contact","KEGG: hsa04514","Treg -> Naïve CD8 T (PBMC_Late)",0.166100281643621,"Treg -> Naïve CD8 T","PBMC_Late:Naïve CD8 T","P < 0.01"
"abT(entry)","Naïve CD8 T","HLA-A","CD8B",0.579280941404934,3,"HLA-A_CD8B","HLA-A - CD8B","MHC-I","Cell-Cell Contact","KEGG: hsa04514","abT(entry) -> Naïve CD8 T (PBMC_Early)",0.177945475149027,"abT(entry) -> Naïve CD8 T","PBMC_Early:Naïve CD8 T","P < 0.01"
"CD14+PPBP+ Monocytes","Naïve CD8 T","HLA-A","CD8B",0.585957829372788,3,"HLA-A_CD8B","HLA-A - CD8B","MHC-I","Cell-Cell Contact","KEGG: hsa04514","CD14+PPBP+ Monocytes -> Naïve CD8 T (PBMC_Early)",0.181480429936672,"CD14+PPBP+ Monocytes -> Naïve CD8 T","PBMC_Early:Naïve CD8 T","P < 0.01"
"CD56highCD16low NK","Naïve CD8 T","HLA-A","CD8B",0.532808555608625,3,"HLA-A_CD8B","HLA-A - CD8B","MHC-I","Cell-Cell Contact","KEGG: hsa04514","CD56highCD16low NK -> Naïve CD8 T (PBMC_Early)",0.15307202162051,"CD56highCD16low NK -> Naïve CD8 T","PBMC_Early:Naïve CD8 T","P < 0.01"
"Classical Monocytes","Naïve CD8 T","HLA-A","CD8B",0.56232250550829,3,"HLA-A_CD8B","HLA-A - CD8B","MHC-I","Cell-Cell Contact","KEGG: hsa04514","Classical Monocytes -> Naïve CD8 T (PBMC_Early)",0.168918500643267,"Classical Monocytes -> Naïve CD8 T","PBMC_Early:Naïve CD8 T","P < 0.01"
"CX3CR1+ NK","Naïve CD8 T","HLA-A","CD8B",0.688852699265775,3,"HLA-A_CD8B","HLA-A - CD8B","MHC-I","Cell-Cell Contact","KEGG: hsa04514","CX3CR1+ NK -> Naïve CD8 T (PBMC_Early)",0.234174394565686,"CX3CR1+ NK -> Naïve CD8 T","PBMC_Early:Naïve CD8 T","P < 0.01"
"CXCR5- Naïve B","Naïve CD8 T","HLA-A","CD8B",0.577551388722528,3,"HLA-A_CD8B","HLA-A - CD8B","MHC-I","Cell-Cell Contact","KEGG: hsa04514","CXCR5- Naïve B -> Naïve CD8 T (PBMC_Early)",0.177027948264011,"CXCR5- Naïve B -> Naïve CD8 T","PBMC_Early:Naïve CD8 T","P < 0.01"
"CXCR5+ Naïve B","Naïve CD8 T","HLA-A","CD8B",0.597469972011822,3,"HLA-A_CD8B","HLA-A - CD8B","MHC-I","Cell-Cell Contact","KEGG: hsa04514","CXCR5+ Naïve B -> Naïve CD8 T (PBMC_Early)",0.187547284356383,"CXCR5+ Naïve B -> Naïve CD8 T","PBMC_Early:Naïve CD8 T","P < 0.01"
"CXCR6+ NK","Naïve CD8 T","HLA-A","CD8B",0.671149594475916,3,"HLA-A_CD8B","HLA-A - CD8B","MHC-I","Cell-Cell Contact","KEGG: hsa04514","CXCR6+ NK -> Naïve CD8 T (PBMC_Early)",0.225376985992257,"CXCR6+ NK -> Naïve CD8 T","PBMC_Early:Naïve CD8 T","P < 0.01"
"DC2","Naïve CD8 T","HLA-A","CD8B",0.515241290674799,3,"HLA-A_CD8B","HLA-A - CD8B","MHC-I","Cell-Cell Contact","KEGG: hsa04514","DC2 -> Naïve CD8 T (PBMC_Early)",0.143583541786778,"DC2 -> Naïve CD8 T","PBMC_Early:Naïve CD8 T","P < 0.01"
"Gamma Delta V1 T","Naïve CD8 T","HLA-A","CD8B",0.663236029565035,3,"HLA-A_CD8B","HLA-A - CD8B","MHC-I","Cell-Cell Contact","KEGG: hsa04514","Gamma Delta V1 T -> Naïve CD8 T (PBMC_Early)",0.221405623294501,"Gamma Delta V1 T -> Naïve CD8 T","PBMC_Early:Naïve CD8 T","P < 0.01"
"Gamma Delta V2 T","Naïve CD8 T","HLA-A","CD8B",0.675342146575096,3,"HLA-A_CD8B","HLA-A - CD8B","MHC-I","Cell-Cell Contact","KEGG: hsa04514","Gamma Delta V2 T -> Naïve CD8 T (PBMC_Early)",0.22747136356755,"Gamma Delta V2 T -> Naïve CD8 T","PBMC_Early:Naïve CD8 T","P < 0.01"
"HSC_MPP","Naïve CD8 T","HLA-A","CD8B",0.453448751644761,3,"HLA-A_CD8B","HLA-A - CD8B","MHC-I","Cell-Cell Contact","KEGG: hsa04514","HSC_MPP -> Naïve CD8 T (PBMC_Early)",0.110215153794182,"HSC_MPP -> Naïve CD8 T","PBMC_Early:Naïve CD8 T","P < 0.01"
"ILC2/3","Naïve CD8 T","HLA-A","CD8B",0.606760108927261,3,"HLA-A_CD8B","HLA-A - CD8B","MHC-I","Cell-Cell Contact","KEGG: hsa04514","ILC2/3 -> Naïve CD8 T (PBMC_Early)",0.192415573837039,"ILC2/3 -> Naïve CD8 T","PBMC_Early:Naïve CD8 T","P < 0.01"
"MEMP","Naïve CD8 T","HLA-A","CD8B",0.347090919784357,3,"HLA-A_CD8B","HLA-A - CD8B","MHC-I","Cell-Cell Contact","KEGG: hsa04514","MEMP -> Naïve CD8 T (PBMC_Early)",0.0560736380470132,"MEMP -> Naïve CD8 T","PBMC_Early:Naïve CD8 T","P < 0.01"
"MEP","Naïve CD8 T","HLA-A","CD8B",0.333334171400016,3,"HLA-A_CD8B","HLA-A - CD8B","MHC-I","Cell-Cell Contact","KEGG: hsa04514","MEP -> Naïve CD8 T (PBMC_Early)",0.0497874438922851,"MEP -> Naïve CD8 T","PBMC_Early:Naïve CD8 T","P < 0.01"
"Myeloid-CD177","Naïve CD8 T","HLA-A","CD8B",0.335885711107205,3,"HLA-A_CD8B","HLA-A - CD8B","MHC-I","Cell-Cell Contact","KEGG: hsa04514","Myeloid-CD177 -> Naïve CD8 T (PBMC_Early)",0.0509350922153642,"Myeloid-CD177 -> Naïve CD8 T","PBMC_Early:Naïve CD8 T","P < 0.01"
"Naïve CD4 T","Naïve CD8 T","HLA-A","CD8B",0.656261095492022,3,"HLA-A_CD8B","HLA-A - CD8B","MHC-I","Cell-Cell Contact","KEGG: hsa04514","Naïve CD4 T -> Naïve CD8 T (PBMC_Early)",0.217885897198905,"Naïve CD4 T -> Naïve CD8 T","PBMC_Early:Naïve CD8 T","P < 0.01"
"Naïve CD8 T","Naïve CD8 T","HLA-A","CD8B",0.673456436049578,3,"HLA-A_CD8B","HLA-A - CD8B","MHC-I","Cell-Cell Contact","KEGG: hsa04514","Naïve CD8 T -> Naïve CD8 T (PBMC_Early)",0.226530192891327,"Naïve CD8 T -> Naïve CD8 T","PBMC_Early:Naïve CD8 T","P < 0.01"
"NK T","Naïve CD8 T","HLA-A","CD8B",0.696333079624996,3,"HLA-A_CD8B","HLA-A - CD8B","MHC-I","Cell-Cell Contact","KEGG: hsa04514","NK T -> Naïve CD8 T (PBMC_Early)",0.237854925464921,"NK T -> Naïve CD8 T","PBMC_Early:Naïve CD8 T","P < 0.01"
"pDC","Naïve CD8 T","HLA-A","CD8B",0.474441604736079,3,"HLA-A_CD8B","HLA-A - CD8B","MHC-I","Cell-Cell Contact","KEGG: hsa04514","pDC -> Naïve CD8 T (PBMC_Early)",0.121512158315261,"pDC -> Naïve CD8 T","PBMC_Early:Naïve CD8 T","P < 0.01"
"Pro-B","Naïve CD8 T","HLA-A","CD8B",0.523271486062687,3,"HLA-A_CD8B","HLA-A - CD8B","MHC-I","Cell-Cell Contact","KEGG: hsa04514","Pro-B -> Naïve CD8 T (PBMC_Early)",0.147924410897883,"Pro-B -> Naïve CD8 T","PBMC_Early:Naïve CD8 T","P < 0.01"
"Tem","Naïve CD8 T","HLA-A","CD8B",0.670295439700347,3,"HLA-A_CD8B","HLA-A - CD8B","MHC-I","Cell-Cell Contact","KEGG: hsa04514","Tem -> Naïve CD8 T (PBMC_Early)",0.224949473985876,"Tem -> Naïve CD8 T","PBMC_Early:Naïve CD8 T","P < 0.01"
"Th17like_INNATE_T","Naïve CD8 T","HLA-A","CD8B",0.692769624076507,3,"HLA-A_CD8B","HLA-A - CD8B","MHC-I","Cell-Cell Contact","KEGG: hsa04514","Th17like_INNATE_T -> Naïve CD8 T (PBMC_Early)",0.236104375297502,"Th17like_INNATE_T -> Naïve CD8 T","PBMC_Early:Naïve CD8 T","P < 0.01"
"Treg","Naïve CD8 T","HLA-A","CD8B",0.705198312562255,3,"HLA-A_CD8B","HLA-A - CD8B","MHC-I","Cell-Cell Contact","KEGG: hsa04514","Treg -> Naïve CD8 T (PBMC_Early)",0.242188040099872,"Treg -> Naïve CD8 T","PBMC_Early:Naïve CD8 T","P < 0.01"
"abT(entry)","Naïve CD8 T","HLA-A","CD8B",0.487259982009135,3,"HLA-A_CD8B","HLA-A - CD8B","MHC-I","Cell-Cell Contact","KEGG: hsa04514","abT(entry) -> Naïve CD8 T (PBMC_Late)",0.128440118596716,"abT(entry) -> Naïve CD8 T","PBMC_Late:Naïve CD8 T","P < 0.01"
"CD14+PPBP+ Monocytes","Naïve CD8 T","HLA-A","CD8B",0.584226769803694,3,"HLA-A_CD8B","HLA-A - CD8B","MHC-I","Cell-Cell Contact","KEGG: hsa04514","CD14+PPBP+ Monocytes -> Naïve CD8 T (PBMC_Late)",0.180565060474134,"CD14+PPBP+ Monocytes -> Naïve CD8 T","PBMC_Late:Naïve CD8 T","P < 0.01"
"CD56highCD16low NK","Naïve CD8 T","HLA-A","CD8B",0.57048089668248,3,"HLA-A_CD8B","HLA-A - CD8B","MHC-I","Cell-Cell Contact","KEGG: hsa04514","CD56highCD16low NK -> Naïve CD8 T (PBMC_Late)",0.173269503125871,"CD56highCD16low NK -> Naïve CD8 T","PBMC_Late:Naïve CD8 T","P < 0.01"
"Classical Monocytes","Naïve CD8 T","HLA-A","CD8B",0.55833307883695,3,"HLA-A_CD8B","HLA-A - CD8B","MHC-I","Cell-Cell Contact","KEGG: hsa04514","Classical Monocytes -> Naïve CD8 T (PBMC_Late)",0.166785688599147,"Classical Monocytes -> Naïve CD8 T","PBMC_Late:Naïve CD8 T","P < 0.01"
"CX3CR1+ NK","Naïve CD8 T","HLA-A","CD8B",0.670655582817813,3,"HLA-A_CD8B","HLA-A - CD8B","MHC-I","Cell-Cell Contact","KEGG: hsa04514","CX3CR1+ NK -> Naïve CD8 T (PBMC_Late)",0.225129762587393,"CX3CR1+ NK -> Naïve CD8 T","PBMC_Late:Naïve CD8 T","P < 0.01"
"CXCR5- Naïve B","Naïve CD8 T","HLA-A","CD8B",0.562543828342335,3,"HLA-A_CD8B","HLA-A - CD8B","MHC-I","Cell-Cell Contact","KEGG: hsa04514","CXCR5- Naïve B -> Naïve CD8 T (PBMC_Late)",0.169036726793499,"CXCR5- Naïve B -> Naïve CD8 T","PBMC_Late:Naïve CD8 T","P < 0.01"
"CXCR5+ Naïve B","Naïve CD8 T","HLA-A","CD8B",0.571683778456888,3,"HLA-A_CD8B","HLA-A - CD8B","MHC-I","Cell-Cell Contact","KEGG: hsa04514","CXCR5+ Naïve B -> Naïve CD8 T (PBMC_Late)",0.173909752627631,"CXCR5+ Naïve B -> Naïve CD8 T","PBMC_Late:Naïve CD8 T","P < 0.01"
"CXCR6+ NK","Naïve CD8 T","HLA-A","CD8B",0.634690589431476,3,"HLA-A_CD8B","HLA-A - CD8B","MHC-I","Cell-Cell Contact","KEGG: hsa04514","CXCR6+ NK -> Naïve CD8 T (PBMC_Late)",0.206889413363981,"CXCR6+ NK -> Naïve CD8 T","PBMC_Late:Naïve CD8 T","P < 0.01"
"DC2","Naïve CD8 T","HLA-A","CD8B",0.550389557622379,3,"HLA-A_CD8B","HLA-A - CD8B","MHC-I","Cell-Cell Contact","KEGG: hsa04514","DC2 -> Naïve CD8 T (PBMC_Late)",0.162529633169675,"DC2 -> Naïve CD8 T","PBMC_Late:Naïve CD8 T","P < 0.01"
"Gamma Delta V1 T","Naïve CD8 T","HLA-A","CD8B",0.629073290154729,3,"HLA-A_CD8B","HLA-A - CD8B","MHC-I","Cell-Cell Contact","KEGG: hsa04514","Gamma Delta V1 T -> Naïve CD8 T (PBMC_Late)",0.203999059236466,"Gamma Delta V1 T -> Naïve CD8 T","PBMC_Late:Naïve CD8 T","P < 0.01"
"Gamma Delta V2 T","Naïve CD8 T","HLA-A","CD8B",0.635660862810966,3,"HLA-A_CD8B","HLA-A - CD8B","MHC-I","Cell-Cell Contact","KEGG: hsa04514","Gamma Delta V2 T -> Naïve CD8 T (PBMC_Late)",0.207387571451948,"Gamma Delta V2 T -> Naïve CD8 T","PBMC_Late:Naïve CD8 T","P < 0.01"
"HSC_MPP","Naïve CD8 T","HLA-A","CD8B",0.478258792730291,3,"HLA-A_CD8B","HLA-A - CD8B","MHC-I","Cell-Cell Contact","KEGG: hsa04514","HSC_MPP -> Naïve CD8 T (PBMC_Late)",0.123573622038214,"HSC_MPP -> Naïve CD8 T","PBMC_Late:Naïve CD8 T","P < 0.01"
"ILC2/3","Naïve CD8 T","HLA-A","CD8B",0.60077889259989,3,"HLA-A_CD8B","HLA-A - CD8B","MHC-I","Cell-Cell Contact","KEGG: hsa04514","ILC2/3 -> Naïve CD8 T (PBMC_Late)",0.189284163752954,"ILC2/3 -> Naïve CD8 T","PBMC_Late:Naïve CD8 T","P < 0.01"
"MEMP","Naïve CD8 T","HLA-A","CD8B",0.403335564126937,3,"HLA-A_CD8B","HLA-A - CD8B","MHC-I","Cell-Cell Contact","KEGG: hsa04514","MEMP -> Naïve CD8 T (PBMC_Late)",0.0837997604497858,"MEMP -> Naïve CD8 T","PBMC_Late:Naïve CD8 T","P < 0.01"
"MEP","Naïve CD8 T","HLA-A","CD8B",0.441782625817678,3,"HLA-A_CD8B","HLA-A - CD8B","MHC-I","Cell-Cell Contact","KEGG: hsa04514","MEP -> Naïve CD8 T (PBMC_Late)",0.10398000594899,"MEP -> Naïve CD8 T","PBMC_Late:Naïve CD8 T","P < 0.01"
"Naïve CD4 T","Naïve CD8 T","HLA-A","CD8B",0.600687817564313,3,"HLA-A_CD8B","HLA-A - CD8B","MHC-I","Cell-Cell Contact","KEGG: hsa04514","Naïve CD4 T -> Naïve CD8 T (PBMC_Late)",0.18923640034131,"Naïve CD4 T -> Naïve CD8 T","PBMC_Late:Naïve CD8 T","P < 0.01"
"Naïve CD8 T","Naïve CD8 T","HLA-A","CD8B",0.611047014694036,3,"HLA-A_CD8B","HLA-A - CD8B","MHC-I","Cell-Cell Contact","KEGG: hsa04514","Naïve CD8 T -> Naïve CD8 T (PBMC_Late)",0.194653293599929,"Naïve CD8 T -> Naïve CD8 T","PBMC_Late:Naïve CD8 T","P < 0.01"
"NK T","Naïve CD8 T","HLA-A","CD8B",0.651729862079059,3,"HLA-A_CD8B","HLA-A - CD8B","MHC-I","Cell-Cell Contact","KEGG: hsa04514","NK T -> Naïve CD8 T (PBMC_Late)",0.215589733831127,"NK T -> Naïve CD8 T","PBMC_Late:Naïve CD8 T","P < 0.01"
"pDC","Naïve CD8 T","HLA-A","CD8B",0.518593807451822,3,"HLA-A_CD8B","HLA-A - CD8B","MHC-I","Cell-Cell Contact","KEGG: hsa04514","pDC -> Naïve CD8 T (PBMC_Late)",0.145396404795881,"pDC -> Naïve CD8 T","PBMC_Late:Naïve CD8 T","P < 0.01"
"Pro-B","Naïve CD8 T","HLA-A","CD8B",0.53402564137259,3,"HLA-A_CD8B","HLA-A - CD8B","MHC-I","Cell-Cell Contact","KEGG: hsa04514","Pro-B -> Naïve CD8 T (PBMC_Late)",0.153728186337803,"Pro-B -> Naïve CD8 T","PBMC_Late:Naïve CD8 T","P < 0.01"
"Tem","Naïve CD8 T","HLA-A","CD8B",0.619654760620826,3,"HLA-A_CD8B","HLA-A - CD8B","MHC-I","Cell-Cell Contact","KEGG: hsa04514","Tem -> Naïve CD8 T (PBMC_Late)",0.199129113809824,"Tem -> Naïve CD8 T","PBMC_Late:Naïve CD8 T","P < 0.01"
"Th17like_INNATE_T","Naïve CD8 T","HLA-A","CD8B",0.625104208520004,3,"HLA-A_CD8B","HLA-A - CD8B","MHC-I","Cell-Cell Contact","KEGG: hsa04514","Th17like_INNATE_T -> Naïve CD8 T (PBMC_Late)",0.201950376901893,"Th17like_INNATE_T -> Naïve CD8 T","PBMC_Late:Naïve CD8 T","P < 0.01"
"Treg","Naïve CD8 T","HLA-A","CD8B",0.634830127419946,3,"HLA-A_CD8B","HLA-A - CD8B","MHC-I","Cell-Cell Contact","KEGG: hsa04514","Treg -> Naïve CD8 T (PBMC_Late)",0.206961074937804,"Treg -> Naïve CD8 T","PBMC_Late:Naïve CD8 T","P < 0.01"
"abT(entry)","Naïve CD8 T","HLA-B","CD8A",0.557392994731341,3,"HLA-B_CD8A","HLA-B - CD8A","MHC-I","Cell-Cell Contact","KEGG: hsa04514","abT(entry) -> Naïve CD8 T (PBMC_Early)",0.166282634317936,"abT(entry) -> Naïve CD8 T","PBMC_Early:Naïve CD8 T","P < 0.01"
"CD14+PPBP+ Monocytes","Naïve CD8 T","HLA-B","CD8A",0.609589218254274,3,"HLA-B_CD8A","HLA-B - CD8A","MHC-I","Cell-Cell Contact","KEGG: hsa04514","CD14+PPBP+ Monocytes -> Naïve CD8 T (PBMC_Early)",0.193892972275673,"CD14+PPBP+ Monocytes -> Naïve CD8 T","PBMC_Early:Naïve CD8 T","P < 0.01"
"CD56highCD16low NK","Naïve CD8 T","HLA-B","CD8A",0.52032953171246,3,"HLA-B_CD8A","HLA-B - CD8A","MHC-I","Cell-Cell Contact","KEGG: hsa04514","CD56highCD16low NK -> Naïve CD8 T (PBMC_Early)",0.146334671127376,"CD56highCD16low NK -> Naïve CD8 T","PBMC_Early:Naïve CD8 T","P < 0.01"
"Classical Monocytes","Naïve CD8 T","HLA-B","CD8A",0.603060077897981,3,"HLA-B_CD8A","HLA-B - CD8A","MHC-I","Cell-Cell Contact","KEGG: hsa04514","Classical Monocytes -> Naïve CD8 T (PBMC_Early)",0.19047971319314,"Classical Monocytes -> Naïve CD8 T","PBMC_Early:Naïve CD8 T","P < 0.01"
"CX3CR1+ NK","Naïve CD8 T","HLA-B","CD8A",0.693229968748661,3,"HLA-B_CD8A","HLA-B - CD8A","MHC-I","Cell-Cell Contact","KEGG: hsa04514","CX3CR1+ NK -> Naïve CD8 T (PBMC_Early)",0.236330802788545,"CX3CR1+ NK -> Naïve CD8 T","PBMC_Early:Naïve CD8 T","P < 0.01"
"CXCR5- Naïve B","Naïve CD8 T","HLA-B","CD8A",0.659325863881829,3,"HLA-B_CD8A","HLA-B - CD8A","MHC-I","Cell-Cell Contact","KEGG: hsa04514","CXCR5- Naïve B -> Naïve CD8 T (PBMC_Early)",0.21943467453171,"CXCR5- Naïve B -> Naïve CD8 T","PBMC_Early:Naïve CD8 T","P < 0.01"
"CXCR5+ Naïve B","Naïve CD8 T","HLA-B","CD8A",0.639272514391447,3,"HLA-B_CD8A","HLA-B - CD8A","MHC-I","Cell-Cell Contact","KEGG: hsa04514","CXCR5+ Naïve B -> Naïve CD8 T (PBMC_Early)",0.209239006404933,"CXCR5+ Naïve B -> Naïve CD8 T","PBMC_Early:Naïve CD8 T","P < 0.01"
"CXCR6+ NK","Naïve CD8 T","HLA-B","CD8A",0.664243604890026,3,"HLA-B_CD8A","HLA-B - CD8A","MHC-I","Cell-Cell Contact","KEGG: hsa04514","CXCR6+ NK -> Naïve CD8 T (PBMC_Early)",0.221912575954538,"CXCR6+ NK -> Naïve CD8 T","PBMC_Early:Naïve CD8 T","P < 0.01"
"DC2","Naïve CD8 T","HLA-B","CD8A",0.585642596175184,3,"HLA-B_CD8A","HLA-B - CD8A","MHC-I","Cell-Cell Contact","KEGG: hsa04514","DC2 -> Naïve CD8 T (PBMC_Early)",0.181313796071222,"DC2 -> Naïve CD8 T","PBMC_Early:Naïve CD8 T","P < 0.01"
"Gamma Delta V1 T","Naïve CD8 T","HLA-B","CD8A",0.646228443431427,3,"HLA-B_CD8A","HLA-B - CD8A","MHC-I","Cell-Cell Contact","KEGG: hsa04514","Gamma Delta V1 T -> Naïve CD8 T (PBMC_Early)",0.212791939938581,"Gamma Delta V1 T -> Naïve CD8 T","PBMC_Early:Naïve CD8 T","P < 0.01"
"Gamma Delta V2 T","Naïve CD8 T","HLA-B","CD8A",0.664041960142383,3,"HLA-B_CD8A","HLA-B - CD8A","MHC-I","Cell-Cell Contact","KEGG: hsa04514","Gamma Delta V2 T -> Naïve CD8 T (PBMC_Early)",0.22181115057118,"Gamma Delta V2 T -> Naïve CD8 T","PBMC_Early:Naïve CD8 T","P < 0.01"
"HSC_MPP","Naïve CD8 T","HLA-B","CD8A",0.442157472955879,3,"HLA-B_CD8A","HLA-B - CD8A","MHC-I","Cell-Cell Contact","KEGG: hsa04514","HSC_MPP -> Naïve CD8 T (PBMC_Early)",0.104179732223825,"HSC_MPP -> Naïve CD8 T","PBMC_Early:Naïve CD8 T","P < 0.01"
"ILC2/3","Naïve CD8 T","HLA-B","CD8A",0.612304615256021,3,"HLA-B_CD8A","HLA-B - CD8A","MHC-I","Cell-Cell Contact","KEGG: hsa04514","ILC2/3 -> Naïve CD8 T (PBMC_Early)",0.195308672431644,"ILC2/3 -> Naïve CD8 T","PBMC_Early:Naïve CD8 T","P < 0.01"
"MEMP","Naïve CD8 T","HLA-B","CD8A",0.335247309030657,3,"HLA-B_CD8A","HLA-B - CD8A","MHC-I","Cell-Cell Contact","KEGG: hsa04514","MEMP -> Naïve CD8 T (PBMC_Early)",0.0506471375996843,"MEMP -> Naïve CD8 T","PBMC_Early:Naïve CD8 T","P < 0.01"
"MEP","Naïve CD8 T","HLA-B","CD8A",0.393527082984223,3,"HLA-B_CD8A","HLA-B - CD8A","MHC-I","Cell-Cell Contact","KEGG: hsa04514","MEP -> Naïve CD8 T (PBMC_Early)",0.0787780270073035,"MEP -> Naïve CD8 T","PBMC_Early:Naïve CD8 T","P < 0.01"
"Myeloid-CD177","Naïve CD8 T","HLA-B","CD8A",0.479224019559792,3,"HLA-B_CD8A","HLA-B - CD8A","MHC-I","Cell-Cell Contact","KEGG: hsa04514","Myeloid-CD177 -> Naïve CD8 T (PBMC_Early)",0.124095139000487,"Myeloid-CD177 -> Naïve CD8 T","PBMC_Early:Naïve CD8 T","P < 0.01"
"Naïve CD4 T","Naïve CD8 T","HLA-B","CD8A",0.634629215773902,3,"HLA-B_CD8A","HLA-B - CD8A","MHC-I","Cell-Cell Contact","KEGG: hsa04514","Naïve CD4 T -> Naïve CD8 T (PBMC_Early)",0.206857891995252,"Naïve CD4 T -> Naïve CD8 T","PBMC_Early:Naïve CD8 T","P < 0.01"
"Naïve CD8 T","Naïve CD8 T","HLA-B","CD8A",0.638975469132521,3,"HLA-B_CD8A","HLA-B - CD8A","MHC-I","Cell-Cell Contact","KEGG: hsa04514","Naïve CD8 T -> Naïve CD8 T (PBMC_Early)",0.209086903623107,"Naïve CD8 T -> Naïve CD8 T","PBMC_Early:Naïve CD8 T","P < 0.01"
"NK T","Naïve CD8 T","HLA-B","CD8A",0.684372278355447,3,"HLA-B_CD8A","HLA-B - CD8A","MHC-I","Cell-Cell Contact","KEGG: hsa04514","NK T -> Naïve CD8 T (PBMC_Early)",0.231959376131085,"NK T -> Naïve CD8 T","PBMC_Early:Naïve CD8 T","P < 0.01"
"pDC","Naïve CD8 T","HLA-B","CD8A",0.568791762227491,3,"HLA-B_CD8A","HLA-B - CD8A","MHC-I","Cell-Cell Contact","KEGG: hsa04514","pDC -> Naïve CD8 T (PBMC_Early)",0.172369877002498,"pDC -> Naïve CD8 T","PBMC_Early:Naïve CD8 T","P < 0.01"
"Pro-B","Naïve CD8 T","HLA-B","CD8A",0.581712625573138,3,"HLA-B_CD8A","HLA-B - CD8A","MHC-I","Cell-Cell Contact","KEGG: hsa04514","Pro-B -> Naïve CD8 T (PBMC_Early)",0.179234212185231,"Pro-B -> Naïve CD8 T","PBMC_Early:Naïve CD8 T","P < 0.01"
"Tem","Naïve CD8 T","HLA-B","CD8A",0.675454502436079,3,"HLA-B_CD8A","HLA-B - CD8A","MHC-I","Cell-Cell Contact","KEGG: hsa04514","Tem -> Naïve CD8 T (PBMC_Early)",0.227527398131164,"Tem -> Naïve CD8 T","PBMC_Early:Naïve CD8 T","P < 0.01"
"Th17like_INNATE_T","Naïve CD8 T","HLA-B","CD8A",0.670186821567383,3,"HLA-B_CD8A","HLA-B - CD8A","MHC-I","Cell-Cell Contact","KEGG: hsa04514","Th17like_INNATE_T -> Naïve CD8 T (PBMC_Early)",0.224895089795968,"Th17like_INNATE_T -> Naïve CD8 T","PBMC_Early:Naïve CD8 T","P < 0.01"
"Treg","Naïve CD8 T","HLA-B","CD8A",0.662130307595837,3,"HLA-B_CD8A","HLA-B - CD8A","MHC-I","Cell-Cell Contact","KEGG: hsa04514","Treg -> Naïve CD8 T (PBMC_Early)",0.22084885259468,"Treg -> Naïve CD8 T","PBMC_Early:Naïve CD8 T","P < 0.01"
"abT(entry)","Naïve CD8 T","HLA-B","CD8A",0.455180641842743,3,"HLA-B_CD8A","HLA-B - CD8A","MHC-I","Cell-Cell Contact","KEGG: hsa04514","abT(entry) -> Naïve CD8 T (PBMC_Late)",0.111143848574902,"abT(entry) -> Naïve CD8 T","PBMC_Late:Naïve CD8 T","P < 0.01"
"CD14+PPBP+ Monocytes","Naïve CD8 T","HLA-B","CD8A",0.569646839007975,3,"HLA-B_CD8A","HLA-B - CD8A","MHC-I","Cell-Cell Contact","KEGG: hsa04514","CD14+PPBP+ Monocytes -> Naïve CD8 T (PBMC_Late)",0.172825368927185,"CD14+PPBP+ Monocytes -> Naïve CD8 T","PBMC_Late:Naïve CD8 T","P < 0.01"
"CD56highCD16low NK","Naïve CD8 T","HLA-B","CD8A",0.480300777831494,3,"HLA-B_CD8A","HLA-B - CD8A","MHC-I","Cell-Cell Contact","KEGG: hsa04514","CD56highCD16low NK -> Naïve CD8 T (PBMC_Late)",0.124677024244647,"CD56highCD16low NK -> Naïve CD8 T","PBMC_Late:Naïve CD8 T","P < 0.01"
"Classical Monocytes","Naïve CD8 T","HLA-B","CD8A",0.556867528689102,3,"HLA-B_CD8A","HLA-B - CD8A","MHC-I","Cell-Cell Contact","KEGG: hsa04514","Classical Monocytes -> Naïve CD8 T (PBMC_Late)",0.166001372620121,"Classical Monocytes -> Naïve CD8 T","PBMC_Late:Naïve CD8 T","P < 0.01"
"CX3CR1+ NK","Naïve CD8 T","HLA-B","CD8A",0.621006423223204,3,"HLA-B_CD8A","HLA-B - CD8A","MHC-I","Cell-Cell Contact","KEGG: hsa04514","CX3CR1+ NK -> Naïve CD8 T (PBMC_Late)",0.199829794484972,"CX3CR1+ NK -> Naïve CD8 T","PBMC_Late:Naïve CD8 T","P < 0.01"
"CXCR5- Naïve B","Naïve CD8 T","HLA-B","CD8A",0.588182711909493,3,"HLA-B_CD8A","HLA-B - CD8A","MHC-I","Cell-Cell Contact","KEGG: hsa04514","CXCR5- Naïve B -> Naïve CD8 T (PBMC_Late)",0.182655762620625,"CXCR5- Naïve B -> Naïve CD8 T","PBMC_Late:Naïve CD8 T","P < 0.01"
"CXCR5+ Naïve B","Naïve CD8 T","HLA-B","CD8A",0.566015678592081,3,"HLA-B_CD8A","HLA-B - CD8A","MHC-I","Cell-Cell Contact","KEGG: hsa04514","CXCR5+ Naïve B -> Naïve CD8 T (PBMC_Late)",0.170889947335821,"CXCR5+ Naïve B -> Naïve CD8 T","PBMC_Late:Naïve CD8 T","P < 0.01"
"CXCR6+ NK","Naïve CD8 T","HLA-B","CD8A",0.60736799330515,3,"HLA-B_CD8A","HLA-B - CD8A","MHC-I","Cell-Cell Contact","KEGG: hsa04514","CXCR6+ NK -> Naïve CD8 T (PBMC_Late)",0.192733225046735,"CXCR6+ NK -> Naïve CD8 T","PBMC_Late:Naïve CD8 T","P < 0.01"
"DC2","Naïve CD8 T","HLA-B","CD8A",0.546438542772583,3,"HLA-B_CD8A","HLA-B - CD8A","MHC-I","Cell-Cell Contact","KEGG: hsa04514","DC2 -> Naïve CD8 T (PBMC_Late)",0.160408440290812,"DC2 -> Naïve CD8 T","PBMC_Late:Naïve CD8 T","P < 0.01"
"Gamma Delta V1 T","Naïve CD8 T","HLA-B","CD8A",0.584656726601599,3,"HLA-B_CD8A","HLA-B - CD8A","MHC-I","Cell-Cell Contact","KEGG: hsa04514","Gamma Delta V1 T -> Naïve CD8 T (PBMC_Late)",0.180792491389098,"Gamma Delta V1 T -> Naïve CD8 T","PBMC_Late:Naïve CD8 T","P < 0.01"
"Gamma Delta V2 T","Naïve CD8 T","HLA-B","CD8A",0.588756213181652,3,"HLA-B_CD8A","HLA-B - CD8A","MHC-I","Cell-Cell Contact","KEGG: hsa04514","Gamma Delta V2 T -> Naïve CD8 T (PBMC_Late)",0.182958509498066,"Gamma Delta V2 T -> Naïve CD8 T","PBMC_Late:Naïve CD8 T","P < 0.01"
"HSC_MPP","Naïve CD8 T","HLA-B","CD8A",0.463287165291139,3,"HLA-B_CD8A","HLA-B - CD8A","MHC-I","Cell-Cell Contact","KEGG: hsa04514","HSC_MPP -> Naïve CD8 T (PBMC_Late)",0.115499571369434,"HSC_MPP -> Naïve CD8 T","PBMC_Late:Naïve CD8 T","P < 0.01"
"ILC2/3","Naïve CD8 T","HLA-B","CD8A",0.569438755669374,3,"HLA-B_CD8A","HLA-B - CD8A","MHC-I","Cell-Cell Contact","KEGG: hsa04514","ILC2/3 -> Naïve CD8 T (PBMC_Late)",0.172714540084591,"ILC2/3 -> Naïve CD8 T","PBMC_Late:Naïve CD8 T","P < 0.01"
"MEMP","Naïve CD8 T","HLA-B","CD8A",0.38914683970648,3,"HLA-B_CD8A","HLA-B - CD8A","MHC-I","Cell-Cell Contact","KEGG: hsa04514","MEMP -> Naïve CD8 T (PBMC_Late)",0.0765566669399909,"MEMP -> Naïve CD8 T","PBMC_Late:Naïve CD8 T","P < 0.01"
"MEP","Naïve CD8 T","HLA-B","CD8A",0.420468997671796,3,"HLA-B_CD8A","HLA-B - CD8A","MHC-I","Cell-Cell Contact","KEGG: hsa04514","MEP -> Naïve CD8 T (PBMC_Late)",0.0927083597703541,"MEP -> Naïve CD8 T","PBMC_Late:Naïve CD8 T","P < 0.01"
"Myeloid-CD177","Naïve CD8 T","HLA-B","CD8A",0.30411681363517,3,"HLA-B_CD8A","HLA-B - CD8A","MHC-I","Cell-Cell Contact","KEGG: hsa04514","Myeloid-CD177 -> Naïve CD8 T (PBMC_Late)",0.0373205870944108,"Myeloid-CD177 -> Naïve CD8 T","PBMC_Late:Naïve CD8 T","P < 0.01"
"Naïve CD4 T","Naïve CD8 T","HLA-B","CD8A",0.563766851595529,3,"HLA-B_CD8A","HLA-B - CD8A","MHC-I","Cell-Cell Contact","KEGG: hsa04514","Naïve CD4 T -> Naïve CD8 T (PBMC_Late)",0.169689853672499,"Naïve CD4 T -> Naïve CD8 T","PBMC_Late:Naïve CD8 T","P < 0.01"
"Naïve CD8 T","Naïve CD8 T","HLA-B","CD8A",0.574588487798935,3,"HLA-B_CD8A","HLA-B - CD8A","MHC-I","Cell-Cell Contact","KEGG: hsa04514","Naïve CD8 T -> Naïve CD8 T (PBMC_Late)",0.17545442163968,"Naïve CD8 T -> Naïve CD8 T","PBMC_Late:Naïve CD8 T","P < 0.01"
"NK T","Naïve CD8 T","HLA-B","CD8A",0.605316401874022,3,"HLA-B_CD8A","HLA-B - CD8A","MHC-I","Cell-Cell Contact","KEGG: hsa04514","NK T -> Naïve CD8 T (PBMC_Late)",0.191660713588279,"NK T -> Naïve CD8 T","PBMC_Late:Naïve CD8 T","P < 0.01"
"pDC","Naïve CD8 T","HLA-B","CD8A",0.53969259905726,3,"HLA-B_CD8A","HLA-B - CD8A","MHC-I","Cell-Cell Contact","KEGG: hsa04514","pDC -> Naïve CD8 T (PBMC_Late)",0.156780798149239,"pDC -> Naïve CD8 T","PBMC_Late:Naïve CD8 T","P < 0.01"
"Pro-B","Naïve CD8 T","HLA-B","CD8A",0.540784533060098,3,"HLA-B_CD8A","HLA-B - CD8A","MHC-I","Cell-Cell Contact","KEGG: hsa04514","Pro-B -> Naïve CD8 T (PBMC_Late)",0.15736846502068,"Pro-B -> Naïve CD8 T","PBMC_Late:Naïve CD8 T","P < 0.01"
"Tem","Naïve CD8 T","HLA-B","CD8A",0.585177535381729,3,"HLA-B_CD8A","HLA-B - CD8A","MHC-I","Cell-Cell Contact","KEGG: hsa04514","Tem -> Naïve CD8 T (PBMC_Late)",0.181067914695606,"Tem -> Naïve CD8 T","PBMC_Late:Naïve CD8 T","P < 0.01"
"Th17like_INNATE_T","Naïve CD8 T","HLA-B","CD8A",0.593493804637983,3,"HLA-B_CD8A","HLA-B - CD8A","MHC-I","Cell-Cell Contact","KEGG: hsa04514","Th17like_INNATE_T -> Naïve CD8 T (PBMC_Late)",0.18545601242458,"Th17like_INNATE_T -> Naïve CD8 T","PBMC_Late:Naïve CD8 T","P < 0.01"
"Treg","Naïve CD8 T","HLA-B","CD8A",0.58739625450409,3,"HLA-B_CD8A","HLA-B - CD8A","MHC-I","Cell-Cell Contact","KEGG: hsa04514","Treg -> Naïve CD8 T (PBMC_Late)",0.182240453991244,"Treg -> Naïve CD8 T","PBMC_Late:Naïve CD8 T","P < 0.01"
"abT(entry)","Naïve CD8 T","HLA-B","CD8B",0.614577867066051,3,"HLA-B_CD8B","HLA-B - CD8B","MHC-I","Cell-Cell Contact","KEGG: hsa04514","abT(entry) -> Naïve CD8 T (PBMC_Early)",0.196492087389483,"abT(entry) -> Naïve CD8 T","PBMC_Early:Naïve CD8 T","P < 0.01"
"CD14+PPBP+ Monocytes","Naïve CD8 T","HLA-B","CD8B",0.675897490386124,3,"HLA-B_CD8B","HLA-B - CD8B","MHC-I","Cell-Cell Contact","KEGG: hsa04514","CD14+PPBP+ Monocytes -> Naïve CD8 T (PBMC_Early)",0.227748279659132,"CD14+PPBP+ Monocytes -> Naïve CD8 T","PBMC_Early:Naïve CD8 T","P < 0.01"
"CD56highCD16low NK","Naïve CD8 T","HLA-B","CD8B",0.571242682083383,3,"HLA-B_CD8B","HLA-B - CD8B","MHC-I","Cell-Cell Contact","KEGG: hsa04514","CD56highCD16low NK -> Naïve CD8 T (PBMC_Early)",0.173675012336292,"CD56highCD16low NK -> Naïve CD8 T","PBMC_Early:Naïve CD8 T","P < 0.01"
"Classical Monocytes","Naïve CD8 T","HLA-B","CD8B",0.668210094260257,3,"HLA-B_CD8B","HLA-B - CD8B","MHC-I","Cell-Cell Contact","KEGG: hsa04514","Classical Monocytes -> Naïve CD8 T (PBMC_Early)",0.223904577954081,"Classical Monocytes -> Naïve CD8 T","PBMC_Early:Naïve CD8 T","P < 0.01"
"CX3CR1+ NK","Naïve CD8 T","HLA-B","CD8B",0.774750321727773,3,"HLA-B_CD8B","HLA-B - CD8B","MHC-I","Cell-Cell Contact","KEGG: hsa04514","CX3CR1+ NK -> Naïve CD8 T (PBMC_Early)",0.275067594854816,"CX3CR1+ NK -> Naïve CD8 T","PBMC_Early:Naïve CD8 T","P < 0.01"
"CXCR5- Naïve B","Naïve CD8 T","HLA-B","CD8B",0.734600949722928,3,"HLA-B_CD8B","HLA-B - CD8B","MHC-I","Cell-Cell Contact","KEGG: hsa04514","CXCR5- Naïve B -> Naïve CD8 T (PBMC_Early)",0.256331617182519,"CXCR5- Naïve B -> Naïve CD8 T","PBMC_Early:Naïve CD8 T","P < 0.01"
"CXCR5+ Naïve B","Naïve CD8 T","HLA-B","CD8B",0.710902839327883,3,"HLA-B_CD8B","HLA-B - CD8B","MHC-I","Cell-Cell Contact","KEGG: hsa04514","CXCR5+ Naïve B -> Naïve CD8 T (PBMC_Early)",0.244959598467378,"CXCR5+ Naïve B -> Naïve CD8 T","PBMC_Early:Naïve CD8 T","P < 0.01"
"CXCR6+ NK","Naïve CD8 T","HLA-B","CD8B",0.740418245603476,3,"HLA-B_CD8B","HLA-B - CD8B","MHC-I","Cell-Cell Contact","KEGG: hsa04514","CXCR6+ NK -> Naïve CD8 T (PBMC_Early)",0.259087871302017,"CXCR6+ NK -> Naïve CD8 T","PBMC_Early:Naïve CD8 T","P < 0.01"
"DC2","Naïve CD8 T","HLA-B","CD8B",0.647725887598809,3,"HLA-B_CD8B","HLA-B - CD8B","MHC-I","Cell-Cell Contact","KEGG: hsa04514","DC2 -> Naïve CD8 T (PBMC_Early)",0.213554555306586,"DC2 -> Naïve CD8 T","PBMC_Early:Naïve CD8 T","P < 0.01"
"Gamma Delta V1 T","Naïve CD8 T","HLA-B","CD8B",0.719118694624973,3,"HLA-B_CD8B","HLA-B - CD8B","MHC-I","Cell-Cell Contact","KEGG: hsa04514","Gamma Delta V1 T -> Naïve CD8 T (PBMC_Early)",0.248928139312613,"Gamma Delta V1 T -> Naïve CD8 T","PBMC_Early:Naïve CD8 T","P < 0.01"
"Gamma Delta V2 T","Naïve CD8 T","HLA-B","CD8B",0.740179672584623,3,"HLA-B_CD8B","HLA-B - CD8B","MHC-I","Cell-Cell Contact","KEGG: hsa04514","Gamma Delta V2 T -> Naïve CD8 T (PBMC_Early)",0.258975110120469,"Gamma Delta V2 T -> Naïve CD8 T","PBMC_Early:Naïve CD8 T","P < 0.01"
"HSC_MPP","Naïve CD8 T","HLA-B","CD8B",0.480519908960006,3,"HLA-B_CD8B","HLA-B - CD8B","MHC-I","Cell-Cell Contact","KEGG: hsa04514","HSC_MPP -> Naïve CD8 T (PBMC_Early)",0.12479545705025,"HSC_MPP -> Naïve CD8 T","PBMC_Early:Naïve CD8 T","P < 0.01"
"ILC2/3","Naïve CD8 T","HLA-B","CD8B",0.679095944858157,3,"HLA-B_CD8B","HLA-B - CD8B","MHC-I","Cell-Cell Contact","KEGG: hsa04514","ILC2/3 -> Naïve CD8 T (PBMC_Early)",0.229340845285718,"ILC2/3 -> Naïve CD8 T","PBMC_Early:Naïve CD8 T","P < 0.01"
"MEMP","Naïve CD8 T","HLA-B","CD8B",0.358369206825782,3,"HLA-B_CD8B","HLA-B - CD8B","MHC-I","Cell-Cell Contact","KEGG: hsa04514","MEMP -> Naïve CD8 T (PBMC_Early)",0.0613955255748017,"MEMP -> Naïve CD8 T","PBMC_Early:Naïve CD8 T","P < 0.01"
"MEP","Naïve CD8 T","HLA-B","CD8B",0.424640045792132,3,"HLA-B_CD8B","HLA-B - CD8B","MHC-I","Cell-Cell Contact","KEGG: hsa04514","MEP -> Naïve CD8 T (PBMC_Early)",0.0948996091622198,"MEP -> Naïve CD8 T","PBMC_Early:Naïve CD8 T","P < 0.01"
"Myeloid-CD177","Naïve CD8 T","HLA-B","CD8B",0.523412788321505,3,"HLA-B_CD8B","HLA-B - CD8B","MHC-I","Cell-Cell Contact","KEGG: hsa04514","Myeloid-CD177 -> Naïve CD8 T (PBMC_Early)",0.148000746931014,"Myeloid-CD177 -> Naïve CD8 T","PBMC_Early:Naïve CD8 T","P < 0.01"
"Naïve CD4 T","Naïve CD8 T","HLA-B","CD8B",0.705421129417491,3,"HLA-B_CD8B","HLA-B - CD8B","MHC-I","Cell-Cell Contact","KEGG: hsa04514","Naïve CD4 T -> Naïve CD8 T (PBMC_Early)",0.24229654223148,"Naïve CD4 T -> Naïve CD8 T","PBMC_Early:Naïve CD8 T","P < 0.01"
"Naïve CD8 T","Naïve CD8 T","HLA-B","CD8B",0.710552094993634,3,"HLA-B_CD8B","HLA-B - CD8B","MHC-I","Cell-Cell Contact","KEGG: hsa04514","Naïve CD8 T -> Naïve CD8 T (PBMC_Early)",0.24478956743833,"Naïve CD8 T -> Naïve CD8 T","PBMC_Early:Naïve CD8 T","P < 0.01"
"NK T","Naïve CD8 T","HLA-B","CD8B",0.764251381844569,3,"HLA-B_CD8B","HLA-B - CD8B","MHC-I","Cell-Cell Contact","KEGG: hsa04514","NK T -> Naïve CD8 T (PBMC_Early)",0.270233199023846,"NK T -> Naïve CD8 T","PBMC_Early:Naïve CD8 T","P < 0.01"
"pDC","Naïve CD8 T","HLA-B","CD8B",0.627941494015312,3,"HLA-B_CD8B","HLA-B - CD8B","MHC-I","Cell-Cell Contact","KEGG: hsa04514","pDC -> Naïve CD8 T (PBMC_Early)",0.203415407296223,"pDC -> Naïve CD8 T","PBMC_Early:Naïve CD8 T","P < 0.01"
"Pro-B","Naïve CD8 T","HLA-B","CD8B",0.643108745477683,3,"HLA-B_CD8B","HLA-B - CD8B","MHC-I","Cell-Cell Contact","KEGG: hsa04514","Pro-B -> Naïve CD8 T (PBMC_Early)",0.211200580721742,"Pro-B -> Naïve CD8 T","PBMC_Early:Naïve CD8 T","P < 0.01"
"Tem","Naïve CD8 T","HLA-B","CD8B",0.753687992493823,3,"HLA-B_CD8B","HLA-B - CD8B","MHC-I","Cell-Cell Contact","KEGG: hsa04514","Tem -> Naïve CD8 T (PBMC_Early)",0.265322560286465,"Tem -> Naïve CD8 T","PBMC_Early:Naïve CD8 T","P < 0.01"
"Th17like_INNATE_T","Naïve CD8 T","HLA-B","CD8B",0.747451521577453,3,"HLA-B_CD8B","HLA-B - CD8B","MHC-I","Cell-Cell Contact","KEGG: hsa04514","Th17like_INNATE_T -> Naïve CD8 T (PBMC_Early)",0.262401525293004,"Th17like_INNATE_T -> Naïve CD8 T","PBMC_Early:Naïve CD8 T","P < 0.01"
"Treg","Naïve CD8 T","HLA-B","CD8B",0.737918112593036,3,"HLA-B_CD8B","HLA-B - CD8B","MHC-I","Cell-Cell Contact","KEGG: hsa04514","Treg -> Naïve CD8 T (PBMC_Early)",0.257905015930782,"Treg -> Naïve CD8 T","PBMC_Early:Naïve CD8 T","P < 0.01"
"abT(entry)","Naïve CD8 T","HLA-B","CD8B",0.510035993694887,3,"HLA-B_CD8B","HLA-B - CD8B","MHC-I","Cell-Cell Contact","KEGG: hsa04514","abT(entry) -> Naïve CD8 T (PBMC_Late)",0.140767464292607,"abT(entry) -> Naïve CD8 T","PBMC_Late:Naïve CD8 T","P < 0.01"
"CD14+PPBP+ Monocytes","Naïve CD8 T","HLA-B","CD8B",0.6503995068336,3,"HLA-B_CD8B","HLA-B - CD8B","MHC-I","Cell-Cell Contact","KEGG: hsa04514","CD14+PPBP+ Monocytes -> Naïve CD8 T (PBMC_Late)",0.214914169760362,"CD14+PPBP+ Monocytes -> Naïve CD8 T","PBMC_Late:Naïve CD8 T","P < 0.01"
"CD56highCD16low NK","Naïve CD8 T","HLA-B","CD8B",0.540600585759044,3,"HLA-B_CD8B","HLA-B - CD8B","MHC-I","Cell-Cell Contact","KEGG: hsa04514","CD56highCD16low NK -> Naïve CD8 T (PBMC_Late)",0.157269479030486,"CD56highCD16low NK -> Naïve CD8 T","PBMC_Late:Naïve CD8 T","P < 0.01"
"Classical Monocytes","Naïve CD8 T","HLA-B","CD8B",0.63460191419683,3,"HLA-B_CD8B","HLA-B - CD8B","MHC-I","Cell-Cell Contact","KEGG: hsa04514","Classical Monocytes -> Naïve CD8 T (PBMC_Late)",0.206843869552686,"Classical Monocytes -> Naïve CD8 T","PBMC_Late:Naïve CD8 T","P < 0.01"
"CX3CR1+ NK","Naïve CD8 T","HLA-B","CD8B",0.714157510302702,3,"HLA-B_CD8B","HLA-B - CD8B","MHC-I","Cell-Cell Contact","KEGG: hsa04514","CX3CR1+ NK -> Naïve CD8 T (PBMC_Late)",0.246534995767782,"CX3CR1+ NK -> Naïve CD8 T","PBMC_Late:Naïve CD8 T","P < 0.01"
"CXCR5- Naïve B","Naïve CD8 T","HLA-B","CD8B",0.673362156804429,3,"HLA-B_CD8B","HLA-B - CD8B","MHC-I","Cell-Cell Contact","KEGG: hsa04514","CXCR5- Naïve B -> Naïve CD8 T (PBMC_Late)",0.226483101791457,"CXCR5- Naïve B -> Naïve CD8 T","PBMC_Late:Naïve CD8 T","P < 0.01"
"CXCR5+ Naïve B","Naïve CD8 T","HLA-B","CD8B",0.64590785607,3,"HLA-B_CD8B","HLA-B - CD8B","MHC-I","Cell-Cell Contact","KEGG: hsa04514","CXCR5+ Naïve B -> Naïve CD8 T (PBMC_Late)",0.212628567735561,"CXCR5+ Naïve B -> Naïve CD8 T","PBMC_Late:Naïve CD8 T","P < 0.01"
"CXCR6+ NK","Naïve CD8 T","HLA-B","CD8B",0.697187049604347,3,"HLA-B_CD8B","HLA-B - CD8B","MHC-I","Cell-Cell Contact","KEGG: hsa04514","CXCR6+ NK -> Naïve CD8 T (PBMC_Late)",0.238273690527574,"CXCR6+ NK -> Naïve CD8 T","PBMC_Late:Naïve CD8 T","P < 0.01"
"DC2","Naïve CD8 T","HLA-B","CD8B",0.621731078501394,3,"HLA-B_CD8B","HLA-B - CD8B","MHC-I","Cell-Cell Contact","KEGG: hsa04514","DC2 -> Naïve CD8 T (PBMC_Late)",0.200205200002955,"DC2 -> Naïve CD8 T","PBMC_Late:Naïve CD8 T","P < 0.01"
"Gamma Delta V1 T","Naïve CD8 T","HLA-B","CD8B",0.668989762914885,3,"HLA-B_CD8B","HLA-B - CD8B","MHC-I","Cell-Cell Contact","KEGG: hsa04514","Gamma Delta V1 T -> Naïve CD8 T (PBMC_Late)",0.224295436246671,"Gamma Delta V1 T -> Naïve CD8 T","PBMC_Late:Naïve CD8 T","P < 0.01"
"Gamma Delta V2 T","Naïve CD8 T","HLA-B","CD8B",0.674073514612773,3,"HLA-B_CD8B","HLA-B - CD8B","MHC-I","Cell-Cell Contact","KEGG: hsa04514","Gamma Delta V2 T -> Naïve CD8 T (PBMC_Late)",0.226838330700685,"Gamma Delta V2 T -> Naïve CD8 T","PBMC_Late:Naïve CD8 T","P < 0.01"
"HSC_MPP","Naïve CD8 T","HLA-B","CD8B",0.51988300921719,3,"HLA-B_CD8B","HLA-B - CD8B","MHC-I","Cell-Cell Contact","KEGG: hsa04514","HSC_MPP -> Naïve CD8 T (PBMC_Late)",0.146093320689445,"HSC_MPP -> Naïve CD8 T","PBMC_Late:Naïve CD8 T","P < 0.01"
"ILC2/3","Naïve CD8 T","HLA-B","CD8B",0.650142052578495,3,"HLA-B_CD8B","HLA-B - CD8B","MHC-I","Cell-Cell Contact","KEGG: hsa04514","ILC2/3 -> Naïve CD8 T (PBMC_Late)",0.214783358702021,"ILC2/3 -> Naïve CD8 T","PBMC_Late:Naïve CD8 T","P < 0.01"
"MEMP","Naïve CD8 T","HLA-B","CD8B",0.430475144936874,3,"HLA-B_CD8B","HLA-B - CD8B","MHC-I","Cell-Cell Contact","KEGG: hsa04514","MEMP -> Naïve CD8 T (PBMC_Late)",0.0979777867629452,"MEMP -> Naïve CD8 T","PBMC_Late:Naïve CD8 T","P < 0.01"
"MEP","Naïve CD8 T","HLA-B","CD8B",0.46806198910318,3,"HLA-B_CD8B","HLA-B - CD8B","MHC-I","Cell-Cell Contact","KEGG: hsa04514","MEP -> Naïve CD8 T (PBMC_Late)",0.118070998885538,"MEP -> Naïve CD8 T","PBMC_Late:Naïve CD8 T","P < 0.01"
"Myeloid-CD177","Naïve CD8 T","HLA-B","CD8B",0.330083043493237,3,"HLA-B_CD8B","HLA-B - CD8B","MHC-I","Cell-Cell Contact","KEGG: hsa04514","Myeloid-CD177 -> Naïve CD8 T (PBMC_Late)",0.048337836739976,"Myeloid-CD177 -> Naïve CD8 T","PBMC_Late:Naïve CD8 T","P < 0.01"
"Naïve CD4 T","Naïve CD8 T","HLA-B","CD8B",0.643127247436776,3,"HLA-B_CD8B","HLA-B - CD8B","MHC-I","Cell-Cell Contact","KEGG: hsa04514","Naïve CD4 T -> Naïve CD8 T (PBMC_Late)",0.211210028750642,"Naïve CD4 T -> Naïve CD8 T","PBMC_Late:Naïve CD8 T","P < 0.01"
"Naïve CD8 T","Naïve CD8 T","HLA-B","CD8B",0.656515781317059,3,"HLA-B_CD8B","HLA-B - CD8B","MHC-I","Cell-Cell Contact","KEGG: hsa04514","Naïve CD8 T -> Naïve CD8 T (PBMC_Late)",0.218014734148801,"Naïve CD8 T -> Naïve CD8 T","PBMC_Late:Naïve CD8 T","P < 0.01"
"NK T","Naïve CD8 T","HLA-B","CD8B",0.694636618268829,3,"HLA-B_CD8B","HLA-B - CD8B","MHC-I","Cell-Cell Contact","KEGG: hsa04514","NK T -> Naïve CD8 T (PBMC_Late)",0.237022165097491,"NK T -> Naïve CD8 T","PBMC_Late:Naïve CD8 T","P < 0.01"
"pDC","Naïve CD8 T","HLA-B","CD8B",0.613416178969695,3,"HLA-B_CD8B","HLA-B - CD8B","MHC-I","Cell-Cell Contact","KEGG: hsa04514","pDC -> Naïve CD8 T (PBMC_Late)",0.195887535610839,"pDC -> Naïve CD8 T","PBMC_Late:Naïve CD8 T","P < 0.01"
"Pro-B","Naïve CD8 T","HLA-B","CD8B",0.614761500640272,3,"HLA-B_CD8B","HLA-B - CD8B","MHC-I","Cell-Cell Contact","KEGG: hsa04514","Pro-B -> Naïve CD8 T (PBMC_Late)",0.196587612845904,"Pro-B -> Naïve CD8 T","PBMC_Late:Naïve CD8 T","P < 0.01"
"Tem","Naïve CD8 T","HLA-B","CD8B",0.669635465433329,3,"HLA-B_CD8B","HLA-B - CD8B","MHC-I","Cell-Cell Contact","KEGG: hsa04514","Tem -> Naïve CD8 T (PBMC_Late)",0.224618961380004,"Tem -> Naïve CD8 T","PBMC_Late:Naïve CD8 T","P < 0.01"
"Th17like_INNATE_T","Naïve CD8 T","HLA-B","CD8B",0.6799519099837,3,"HLA-B_CD8B","HLA-B - CD8B","MHC-I","Cell-Cell Contact","KEGG: hsa04514","Th17like_INNATE_T -> Naïve CD8 T (PBMC_Late)",0.229766375830202,"Th17like_INNATE_T -> Naïve CD8 T","PBMC_Late:Naïve CD8 T","P < 0.01"
"Treg","Naïve CD8 T","HLA-B","CD8B",0.672386738482129,3,"HLA-B_CD8B","HLA-B - CD8B","MHC-I","Cell-Cell Contact","KEGG: hsa04514","Treg -> Naïve CD8 T (PBMC_Late)",0.225995695495895,"Treg -> Naïve CD8 T","PBMC_Late:Naïve CD8 T","P < 0.01"
"abT(entry)","Naïve CD8 T","HLA-C","CD8A",0.467199977311433,3,"HLA-C_CD8A","HLA-C - CD8A","MHC-I","Cell-Cell Contact","KEGG: hsa04514","abT(entry) -> Naïve CD8 T (PBMC_Early)",0.117606489425721,"abT(entry) -> Naïve CD8 T","PBMC_Early:Naïve CD8 T","P < 0.01"
"CD14+PPBP+ Monocytes","Naïve CD8 T","HLA-C","CD8A",0.567234673364366,3,"HLA-C_CD8A","HLA-C - CD8A","MHC-I","Cell-Cell Contact","KEGG: hsa04514","CD14+PPBP+ Monocytes -> Naïve CD8 T (PBMC_Early)",0.171540004935173,"CD14+PPBP+ Monocytes -> Naïve CD8 T","PBMC_Early:Naïve CD8 T","P < 0.01"
"CD56highCD16low NK","Naïve CD8 T","HLA-C","CD8A",0.488244159463043,3,"HLA-C_CD8A","HLA-C - CD8A","MHC-I","Cell-Cell Contact","KEGG: hsa04514","CD56highCD16low NK -> Naïve CD8 T (PBMC_Early)",0.128972563820136,"CD56highCD16low NK -> Naïve CD8 T","PBMC_Early:Naïve CD8 T","P < 0.01"
"Classical Monocytes","Naïve CD8 T","HLA-C","CD8A",0.543916751166499,3,"HLA-C_CD8A","HLA-C - CD8A","MHC-I","Cell-Cell Contact","KEGG: hsa04514","Classical Monocytes -> Naïve CD8 T (PBMC_Early)",0.159053183693065,"Classical Monocytes -> Naïve CD8 T","PBMC_Early:Naïve CD8 T","P < 0.01"
"CX3CR1+ NK","Naïve CD8 T","HLA-C","CD8A",0.627189441136244,3,"HLA-C_CD8A","HLA-C - CD8A","MHC-I","Cell-Cell Contact","KEGG: hsa04514","CX3CR1+ NK -> Naïve CD8 T (PBMC_Early)",0.203027346549005,"CX3CR1+ NK -> Naïve CD8 T","PBMC_Early:Naïve CD8 T","P < 0.01"
"CXCR5- Naïve B","Naïve CD8 T","HLA-C","CD8A",0.562772077978533,3,"HLA-C_CD8A","HLA-C - CD8A","MHC-I","Cell-Cell Contact","KEGG: hsa04514","CXCR5- Naïve B -> Naïve CD8 T (PBMC_Early)",0.169158642267036,"CXCR5- Naïve B -> Naïve CD8 T","PBMC_Early:Naïve CD8 T","P < 0.01"
"CXCR5+ Naïve B","Naïve CD8 T","HLA-C","CD8A",0.542155191229116,3,"HLA-C_CD8A","HLA-C - CD8A","MHC-I","Cell-Cell Contact","KEGG: hsa04514","CXCR5+ Naïve B -> Naïve CD8 T (PBMC_Early)",0.158105884393964,"CXCR5+ Naïve B -> Naïve CD8 T","PBMC_Early:Naïve CD8 T","P < 0.01"
"CXCR6+ NK","Naïve CD8 T","HLA-C","CD8A",0.613588603960889,3,"HLA-C_CD8A","HLA-C - CD8A","MHC-I","Cell-Cell Contact","KEGG: hsa04514","CXCR6+ NK -> Naïve CD8 T (PBMC_Early)",0.19597729377976,"CXCR6+ NK -> Naïve CD8 T","PBMC_Early:Naïve CD8 T","P < 0.01"
"DC2","Naïve CD8 T","HLA-C","CD8A",0.517883306624562,3,"HLA-C_CD8A","HLA-C - CD8A","MHC-I","Cell-Cell Contact","KEGG: hsa04514","DC2 -> Naïve CD8 T (PBMC_Early)",0.145012269084163,"DC2 -> Naïve CD8 T","PBMC_Early:Naïve CD8 T","P < 0.01"
"Gamma Delta V1 T","Naïve CD8 T","HLA-C","CD8A",0.581541649413074,3,"HLA-C_CD8A","HLA-C - CD8A","MHC-I","Cell-Cell Contact","KEGG: hsa04514","Gamma Delta V1 T -> Naïve CD8 T (PBMC_Early)",0.179143647806507,"Gamma Delta V1 T -> Naïve CD8 T","PBMC_Early:Naïve CD8 T","P < 0.01"
"Gamma Delta V2 T","Naïve CD8 T","HLA-C","CD8A",0.595727672759583,3,"HLA-C_CD8A","HLA-C - CD8A","MHC-I","Cell-Cell Contact","KEGG: hsa04514","Gamma Delta V2 T -> Naïve CD8 T (PBMC_Early)",0.186631470615523,"Gamma Delta V2 T -> Naïve CD8 T","PBMC_Early:Naïve CD8 T","P < 0.01"
"HSC_MPP","Naïve CD8 T","HLA-C","CD8A",0.426353524464733,3,"HLA-C_CD8A","HLA-C - CD8A","MHC-I","Cell-Cell Contact","KEGG: hsa04514","HSC_MPP -> Naïve CD8 T (PBMC_Early)",0.0958020299401247,"HSC_MPP -> Naïve CD8 T","PBMC_Early:Naïve CD8 T","P < 0.01"
"ILC2/3","Naïve CD8 T","HLA-C","CD8A",0.5364925621378,3,"HLA-C_CD8A","HLA-C - CD8A","MHC-I","Cell-Cell Contact","KEGG: hsa04514","ILC2/3 -> Naïve CD8 T (PBMC_Early)",0.155057581153501,"ILC2/3 -> Naïve CD8 T","PBMC_Early:Naïve CD8 T","P < 0.01"
"MEMP","Naïve CD8 T","HLA-C","CD8A",0.369812793445457,3,"HLA-C_CD8A","HLA-C - CD8A","MHC-I","Cell-Cell Contact","KEGG: hsa04514","MEMP -> Naïve CD8 T (PBMC_Early)",0.0669324843252654,"MEMP -> Naïve CD8 T","PBMC_Early:Naïve CD8 T","P < 0.01"
"MEP","Naïve CD8 T","HLA-C","CD8A",0.406100465891837,3,"HLA-C_CD8A","HLA-C - CD8A","MHC-I","Cell-Cell Contact","KEGG: hsa04514","MEP -> Naïve CD8 T (PBMC_Early)",0.0852263306259551,"MEP -> Naïve CD8 T","PBMC_Early:Naïve CD8 T","P < 0.01"
"Myeloid-CD177","Naïve CD8 T","HLA-C","CD8A",0.32007757586661,3,"HLA-C_CD8A","HLA-C - CD8A","MHC-I","Cell-Cell Contact","KEGG: hsa04514","Myeloid-CD177 -> Naïve CD8 T (PBMC_Early)",0.0439702237639455,"Myeloid-CD177 -> Naïve CD8 T","PBMC_Early:Naïve CD8 T","P < 0.01"
"Naïve CD4 T","Naïve CD8 T","HLA-C","CD8A",0.560323579460423,3,"HLA-C_CD8A","HLA-C - CD8A","MHC-I","Cell-Cell Contact","KEGG: hsa04514","Naïve CD4 T -> Naïve CD8 T (PBMC_Early)",0.167850251143584,"Naïve CD4 T -> Naïve CD8 T","PBMC_Early:Naïve CD8 T","P < 0.01"
"Naïve CD8 T","Naïve CD8 T","HLA-C","CD8A",0.569287195324677,3,"HLA-C_CD8A","HLA-C - CD8A","MHC-I","Cell-Cell Contact","KEGG: hsa04514","Naïve CD8 T -> Naïve CD8 T (PBMC_Early)",0.172633810163267,"Naïve CD8 T -> Naïve CD8 T","PBMC_Early:Naïve CD8 T","P < 0.01"
"NK T","Naïve CD8 T","HLA-C","CD8A",0.610103421179091,3,"HLA-C_CD8A","HLA-C - CD8A","MHC-I","Cell-Cell Contact","KEGG: hsa04514","NK T -> Naïve CD8 T (PBMC_Early)",0.194161232407624,"NK T -> Naïve CD8 T","PBMC_Early:Naïve CD8 T","P < 0.01"
"pDC","Naïve CD8 T","HLA-C","CD8A",0.488779996054083,3,"HLA-C_CD8A","HLA-C - CD8A","MHC-I","Cell-Cell Contact","KEGG: hsa04514","pDC -> Naïve CD8 T (PBMC_Early)",0.129262476279703,"pDC -> Naïve CD8 T","PBMC_Early:Naïve CD8 T","P < 0.01"
"Pro-B","Naïve CD8 T","HLA-C","CD8A",0.505477217792719,3,"HLA-C_CD8A","HLA-C - CD8A","MHC-I","Cell-Cell Contact","KEGG: hsa04514","Pro-B -> Naïve CD8 T (PBMC_Early)",0.138300209211216,"Pro-B -> Naïve CD8 T","PBMC_Early:Naïve CD8 T","P < 0.01"
"Tem","Naïve CD8 T","HLA-C","CD8A",0.60116307036084,3,"HLA-C_CD8A","HLA-C - CD8A","MHC-I","Cell-Cell Contact","KEGG: hsa04514","Tem -> Naïve CD8 T (PBMC_Early)",0.189485615271348,"Tem -> Naïve CD8 T","PBMC_Early:Naïve CD8 T","P < 0.01"
"Th17like_INNATE_T","Naïve CD8 T","HLA-C","CD8A",0.592648987237538,3,"HLA-C_CD8A","HLA-C - CD8A","MHC-I","Cell-Cell Contact","KEGG: hsa04514","Th17like_INNATE_T -> Naïve CD8 T (PBMC_Early)",0.185011106102664,"Th17like_INNATE_T -> Naïve CD8 T","PBMC_Early:Naïve CD8 T","P < 0.01"
"Treg","Naïve CD8 T","HLA-C","CD8A",0.585633905898665,3,"HLA-C_CD8A","HLA-C - CD8A","MHC-I","Cell-Cell Contact","KEGG: hsa04514","Treg -> Naïve CD8 T (PBMC_Early)",0.181309201975136,"Treg -> Naïve CD8 T","PBMC_Early:Naïve CD8 T","P < 0.01"
"abT(entry)","Naïve CD8 T","HLA-C","CD8A",0.401874661133239,3,"HLA-C_CD8A","HLA-C - CD8A","MHC-I","Cell-Cell Contact","KEGG: hsa04514","abT(entry) -> Naïve CD8 T (PBMC_Late)",0.0830478755559024,"abT(entry) -> Naïve CD8 T","PBMC_Late:Naïve CD8 T","P < 0.01"
"CD14+PPBP+ Monocytes","Naïve CD8 T","HLA-C","CD8A",0.499426589913415,3,"HLA-C_CD8A","HLA-C - CD8A","MHC-I","Cell-Cell Contact","KEGG: hsa04514","CD14+PPBP+ Monocytes -> Naïve CD8 T (PBMC_Late)",0.135024872906938,"CD14+PPBP+ Monocytes -> Naïve CD8 T","PBMC_Late:Naïve CD8 T","P < 0.01"
"CD56highCD16low NK","Naïve CD8 T","HLA-C","CD8A",0.448058606309958,3,"HLA-C_CD8A","HLA-C - CD8A","MHC-I","Cell-Cell Contact","KEGG: hsa04514","CD56highCD16low NK -> Naïve CD8 T (PBMC_Late)",0.107329590735217,"CD56highCD16low NK -> Naïve CD8 T","PBMC_Late:Naïve CD8 T","P < 0.01"
"Classical Monocytes","Naïve CD8 T","HLA-C","CD8A",0.487175812006488,3,"HLA-C_CD8A","HLA-C - CD8A","MHC-I","Cell-Cell Contact","KEGG: hsa04514","Classical Monocytes -> Naïve CD8 T (PBMC_Late)",0.128394584724649,"Classical Monocytes -> Naïve CD8 T","PBMC_Late:Naïve CD8 T","P < 0.01"
"CX3CR1+ NK","Naïve CD8 T","HLA-C","CD8A",0.569219884329003,3,"HLA-C_CD8A","HLA-C - CD8A","MHC-I","Cell-Cell Contact","KEGG: hsa04514","CX3CR1+ NK -> Naïve CD8 T (PBMC_Late)",0.172597954704166,"CX3CR1+ NK -> Naïve CD8 T","PBMC_Late:Naïve CD8 T","P < 0.01"
"CXCR5- Naïve B","Naïve CD8 T","HLA-C","CD8A",0.500112463353813,3,"HLA-C_CD8A","HLA-C - CD8A","MHC-I","Cell-Cell Contact","KEGG: hsa04514","CXCR5- Naïve B -> Naïve CD8 T (PBMC_Late)",0.135396164274954,"CXCR5- Naïve B -> Naïve CD8 T","PBMC_Late:Naïve CD8 T","P < 0.01"
"CXCR5+ Naïve B","Naïve CD8 T","HLA-C","CD8A",0.486390630943579,3,"HLA-C_CD8A","HLA-C - CD8A","MHC-I","Cell-Cell Contact","KEGG: hsa04514","CXCR5+ Naïve B -> Naïve CD8 T (PBMC_Late)",0.127969841688921,"CXCR5+ Naïve B -> Naïve CD8 T","PBMC_Late:Naïve CD8 T","P < 0.01"
"CXCR6+ NK","Naïve CD8 T","HLA-C","CD8A",0.544794692733949,3,"HLA-C_CD8A","HLA-C - CD8A","MHC-I","Cell-Cell Contact","KEGG: hsa04514","CXCR6+ NK -> Naïve CD8 T (PBMC_Late)",0.159525123049396,"CXCR6+ NK -> Naïve CD8 T","PBMC_Late:Naïve CD8 T","P < 0.01"
"DC2","Naïve CD8 T","HLA-C","CD8A",0.477716935408654,3,"HLA-C_CD8A","HLA-C - CD8A","MHC-I","Cell-Cell Contact","KEGG: hsa04514","DC2 -> Naïve CD8 T (PBMC_Late)",0.123280895413483,"DC2 -> Naïve CD8 T","PBMC_Late:Naïve CD8 T","P < 0.01"
"Gamma Delta V1 T","Naïve CD8 T","HLA-C","CD8A",0.504106502142717,3,"HLA-C_CD8A","HLA-C - CD8A","MHC-I","Cell-Cell Contact","KEGG: hsa04514","Gamma Delta V1 T -> Naïve CD8 T (PBMC_Late)",0.137558252184078,"Gamma Delta V1 T -> Naïve CD8 T","PBMC_Late:Naïve CD8 T","P < 0.01"
"Gamma Delta V2 T","Naïve CD8 T","HLA-C","CD8A",0.508906195943508,3,"HLA-C_CD8A","HLA-C - CD8A","MHC-I","Cell-Cell Contact","KEGG: hsa04514","Gamma Delta V2 T -> Naïve CD8 T (PBMC_Late)",0.140156072523062,"Gamma Delta V2 T -> Naïve CD8 T","PBMC_Late:Naïve CD8 T","P < 0.01"
"HSC_MPP","Naïve CD8 T","HLA-C","CD8A",0.40191818701232,3,"HLA-C_CD8A","HLA-C - CD8A","MHC-I","Cell-Cell Contact","KEGG: hsa04514","HSC_MPP -> Naïve CD8 T (PBMC_Late)",0.0830702579383825,"HSC_MPP -> Naïve CD8 T","PBMC_Late:Naïve CD8 T","P < 0.01"
"ILC2/3","Naïve CD8 T","HLA-C","CD8A",0.48607290138788,3,"HLA-C_CD8A","HLA-C - CD8A","MHC-I","Cell-Cell Contact","KEGG: hsa04514","ILC2/3 -> Naïve CD8 T (PBMC_Late)",0.127797976925984,"ILC2/3 -> Naïve CD8 T","PBMC_Late:Naïve CD8 T","P < 0.01"
"MEMP","Naïve CD8 T","HLA-C","CD8A",0.348352937729771,3,"HLA-C_CD8A","HLA-C - CD8A","MHC-I","Cell-Cell Contact","KEGG: hsa04514","MEMP -> Naïve CD8 T (PBMC_Late)",0.0566619802650435,"MEMP -> Naïve CD8 T","PBMC_Late:Naïve CD8 T","P < 0.01"
"MEP","Naïve CD8 T","HLA-C","CD8A",0.375038535828435,3,"HLA-C_CD8A","HLA-C - CD8A","MHC-I","Cell-Cell Contact","KEGG: hsa04514","MEP -> Naïve CD8 T (PBMC_Late)",0.0695024926027876,"MEP -> Naïve CD8 T","PBMC_Late:Naïve CD8 T","P < 0.01"
"Myeloid-CD177","Naïve CD8 T","HLA-C","CD8A",0.282397039551788,3,"HLA-C_CD8A","HLA-C - CD8A","MHC-I","Cell-Cell Contact","KEGG: hsa04514","Myeloid-CD177 -> Naïve CD8 T (PBMC_Late)",0.0289810355529859,"Myeloid-CD177 -> Naïve CD8 T","PBMC_Late:Naïve CD8 T","P < 0.01"
"Naïve CD4 T","Naïve CD8 T","HLA-C","CD8A",0.488119904889156,3,"HLA-C_CD8A","HLA-C - CD8A","MHC-I","Cell-Cell Contact","KEGG: hsa04514","Naïve CD4 T -> Naïve CD8 T (PBMC_Late)",0.128905338491672,"Naïve CD4 T -> Naïve CD8 T","PBMC_Late:Naïve CD8 T","P < 0.01"
"Naïve CD8 T","Naïve CD8 T","HLA-C","CD8A",0.488140275098395,3,"HLA-C_CD8A","HLA-C - CD8A","MHC-I","Cell-Cell Contact","KEGG: hsa04514","Naïve CD8 T -> Naïve CD8 T (PBMC_Late)",0.128916359308863,"Naïve CD8 T -> Naïve CD8 T","PBMC_Late:Naïve CD8 T","P < 0.01"
"NK T","Naïve CD8 T","HLA-C","CD8A",0.522662015026447,3,"HLA-C_CD8A","HLA-C - CD8A","MHC-I","Cell-Cell Contact","KEGG: hsa04514","NK T -> Naïve CD8 T (PBMC_Late)",0.147595134124646,"NK T -> Naïve CD8 T","PBMC_Late:Naïve CD8 T","P < 0.01"
"pDC","Naïve CD8 T","HLA-C","CD8A",0.452571601413741,3,"HLA-C_CD8A","HLA-C - CD8A","MHC-I","Cell-Cell Contact","KEGG: hsa04514","pDC -> Naïve CD8 T (PBMC_Late)",0.109745073575863,"pDC -> Naïve CD8 T","PBMC_Late:Naïve CD8 T","P < 0.01"
"Pro-B","Naïve CD8 T","HLA-C","CD8A",0.448402676604021,3,"HLA-C_CD8A","HLA-C - CD8A","MHC-I","Cell-Cell Contact","KEGG: hsa04514","Pro-B -> Naïve CD8 T (PBMC_Late)",0.107513555886243,"Pro-B -> Naïve CD8 T","PBMC_Late:Naïve CD8 T","P < 0.01"
"Tem","Naïve CD8 T","HLA-C","CD8A",0.529455887179046,3,"HLA-C_CD8A","HLA-C - CD8A","MHC-I","Cell-Cell Contact","KEGG: hsa04514","Tem -> Naïve CD8 T (PBMC_Late)",0.151263568442886,"Tem -> Naïve CD8 T","PBMC_Late:Naïve CD8 T","P < 0.01"
"Th17like_INNATE_T","Naïve CD8 T","HLA-C","CD8A",0.506106720636279,3,"HLA-C_CD8A","HLA-C - CD8A","MHC-I","Cell-Cell Contact","KEGG: hsa04514","Th17like_INNATE_T -> Naïve CD8 T (PBMC_Late)",0.138640939923046,"Th17like_INNATE_T -> Naïve CD8 T","PBMC_Late:Naïve CD8 T","P < 0.01"
"Treg","Naïve CD8 T","HLA-C","CD8A",0.512585631885352,3,"HLA-C_CD8A","HLA-C - CD8A","MHC-I","Cell-Cell Contact","KEGG: hsa04514","Treg -> Naïve CD8 T (PBMC_Late)",0.142147000221736,"Treg -> Naïve CD8 T","PBMC_Late:Naïve CD8 T","P < 0.01"
"abT(entry)","Naïve CD8 T","HLA-C","CD8B",0.509472576774159,3,"HLA-C_CD8B","HLA-C - CD8B","MHC-I","Cell-Cell Contact","KEGG: hsa04514","abT(entry) -> Naïve CD8 T (PBMC_Early)",0.140462576671322,"abT(entry) -> Naïve CD8 T","PBMC_Early:Naïve CD8 T","P < 0.01"
"CD14+PPBP+ Monocytes","Naïve CD8 T","HLA-C","CD8B",0.626115053544681,3,"HLA-C_CD8B","HLA-C - CD8B","MHC-I","Cell-Cell Contact","KEGG: hsa04514","CD14+PPBP+ Monocytes -> Naïve CD8 T (PBMC_Early)",0.202472633132204,"CD14+PPBP+ Monocytes -> Naïve CD8 T","PBMC_Early:Naïve CD8 T","P < 0.01"
"CD56highCD16low NK","Naïve CD8 T","HLA-C","CD8B",0.533886038448745,3,"HLA-C_CD8B","HLA-C - CD8B","MHC-I","Cell-Cell Contact","KEGG: hsa04514","CD56highCD16low NK -> Naïve CD8 T (PBMC_Early)",0.153652932089464,"CD56highCD16low NK -> Naïve CD8 T","PBMC_Early:Naïve CD8 T","P < 0.01"
"Classical Monocytes","Naïve CD8 T","HLA-C","CD8B",0.598799947450592,3,"HLA-C_CD8B","HLA-C - CD8B","MHC-I","Cell-Cell Contact","KEGG: hsa04514","Classical Monocytes -> Naïve CD8 T (PBMC_Early)",0.188245780558925,"Classical Monocytes -> Naïve CD8 T","PBMC_Early:Naïve CD8 T","P < 0.01"
"CX3CR1+ NK","Naïve CD8 T","HLA-C","CD8B",0.696642475137893,3,"HLA-C_CD8B","HLA-C - CD8B","MHC-I","Cell-Cell Contact","KEGG: hsa04514","CX3CR1+ NK -> Naïve CD8 T (PBMC_Early)",0.238006678605372,"CX3CR1+ NK -> Naïve CD8 T","PBMC_Early:Naïve CD8 T","P < 0.01"
"CXCR5- Naïve B","Naïve CD8 T","HLA-C","CD8B",0.620882153782357,3,"HLA-C_CD8B","HLA-C - CD8B","MHC-I","Cell-Cell Contact","KEGG: hsa04514","CXCR5- Naïve B -> Naïve CD8 T (PBMC_Early)",0.1997653999024,"CXCR5- Naïve B -> Naïve CD8 T","PBMC_Early:Naïve CD8 T","P < 0.01"
"CXCR5+ Naïve B","Naïve CD8 T","HLA-C","CD8B",0.596739276186728,3,"HLA-C_CD8B","HLA-C - CD8B","MHC-I","Cell-Cell Contact","KEGG: hsa04514","CXCR5+ Naïve B -> Naïve CD8 T (PBMC_Early)",0.18716331042119,"CXCR5+ Naïve B -> Naïve CD8 T","PBMC_Early:Naïve CD8 T","P < 0.01"
"CXCR6+ NK","Naïve CD8 T","HLA-C","CD8B",0.68060862313849,3,"HLA-C_CD8B","HLA-C - CD8B","MHC-I","Cell-Cell Contact","KEGG: hsa04514","CXCR6+ NK -> Naïve CD8 T (PBMC_Early)",0.23009265903966,"CXCR6+ NK -> Naïve CD8 T","PBMC_Early:Naïve CD8 T","P < 0.01"
"DC2","Naïve CD8 T","HLA-C","CD8B",0.568389176871319,3,"HLA-C_CD8B","HLA-C - CD8B","MHC-I","Cell-Cell Contact","KEGG: hsa04514","DC2 -> Naïve CD8 T (PBMC_Early)",0.172155365852159,"DC2 -> Naïve CD8 T","PBMC_Early:Naïve CD8 T","P < 0.01"
"Gamma Delta V1 T","Naïve CD8 T","HLA-C","CD8B",0.642907914342351,3,"HLA-C_CD8B","HLA-C - CD8B","MHC-I","Cell-Cell Contact","KEGG: hsa04514","Gamma Delta V1 T -> Naïve CD8 T (PBMC_Early)",0.211098018482909,"Gamma Delta V1 T -> Naïve CD8 T","PBMC_Early:Naïve CD8 T","P < 0.01"
"Gamma Delta V2 T","Naïve CD8 T","HLA-C","CD8B",0.659582504995489,3,"HLA-C_CD8B","HLA-C - CD8B","MHC-I","Cell-Cell Contact","KEGG: hsa04514","Gamma Delta V2 T -> Naïve CD8 T (PBMC_Early)",0.21956421050718,"Gamma Delta V2 T -> Naïve CD8 T","PBMC_Early:Naïve CD8 T","P < 0.01"
"HSC_MPP","Naïve CD8 T","HLA-C","CD8B",0.462307896280765,3,"HLA-C_CD8B","HLA-C - CD8B","MHC-I","Cell-Cell Contact","KEGG: hsa04514","HSC_MPP -> Naïve CD8 T (PBMC_Early)",0.114972695447208,"HSC_MPP -> Naïve CD8 T","PBMC_Early:Naïve CD8 T","P < 0.01"
"ILC2/3","Naïve CD8 T","HLA-C","CD8B",0.590117948684356,3,"HLA-C_CD8B","HLA-C - CD8B","MHC-I","Cell-Cell Contact","KEGG: hsa04514","ILC2/3 -> Naïve CD8 T (PBMC_Early)",0.183677002279429,"ILC2/3 -> Naïve CD8 T","PBMC_Early:Naïve CD8 T","P < 0.01"
"MEMP","Naïve CD8 T","HLA-C","CD8B",0.397574717393691,3,"HLA-C_CD8B","HLA-C - CD8B","MHC-I","Cell-Cell Contact","KEGG: hsa04514","MEMP -> Naïve CD8 T (PBMC_Early)",0.0808426599488507,"MEMP -> Naïve CD8 T","PBMC_Early:Naïve CD8 T","P < 0.01"
"MEP","Naïve CD8 T","HLA-C","CD8B",0.439041152722605,3,"HLA-C_CD8B","HLA-C - CD8B","MHC-I","Cell-Cell Contact","KEGG: hsa04514","MEP -> Naïve CD8 T (PBMC_Early)",0.102520673013238,"MEP -> Naïve CD8 T","PBMC_Early:Naïve CD8 T","P < 0.01"
"Myeloid-CD177","Naïve CD8 T","HLA-C","CD8B",0.341262607309002,3,"HLA-C_CD8B","HLA-C - CD8B","MHC-I","Cell-Cell Contact","KEGG: hsa04514","Myeloid-CD177 -> Naïve CD8 T (PBMC_Early)",0.0533813058434609,"Myeloid-CD177 -> Naïve CD8 T","PBMC_Early:Naïve CD8 T","P < 0.01"
"Naïve CD4 T","Naïve CD8 T","HLA-C","CD8B",0.618012062483263,3,"HLA-C_CD8B","HLA-C - CD8B","MHC-I","Cell-Cell Contact","KEGG: hsa04514","Naïve CD4 T -> Naïve CD8 T (PBMC_Early)",0.198276770309207,"Naïve CD4 T -> Naïve CD8 T","PBMC_Early:Naïve CD8 T","P < 0.01"
"Naïve CD8 T","Naïve CD8 T","HLA-C","CD8B",0.628522691318006,3,"HLA-C_CD8B","HLA-C - CD8B","MHC-I","Cell-Cell Contact","KEGG: hsa04514","Naïve CD8 T -> Naïve CD8 T (PBMC_Early)",0.203715176559485,"Naïve CD8 T -> Naïve CD8 T","PBMC_Early:Naïve CD8 T","P < 0.01"
"NK T","Naïve CD8 T","HLA-C","CD8B",0.676503107302185,3,"HLA-C_CD8B","HLA-C - CD8B","MHC-I","Cell-Cell Contact","KEGG: hsa04514","NK T -> Naïve CD8 T (PBMC_Early)",0.228050128917444,"NK T -> Naïve CD8 T","PBMC_Early:Naïve CD8 T","P < 0.01"
"pDC","Naïve CD8 T","HLA-C","CD8B",0.534508608160821,3,"HLA-C_CD8B","HLA-C - CD8B","MHC-I","Cell-Cell Contact","KEGG: hsa04514","pDC -> Naïve CD8 T (PBMC_Early)",0.153988514661204,"pDC -> Naïve CD8 T","PBMC_Early:Naïve CD8 T","P < 0.01"
"Pro-B","Naïve CD8 T","HLA-C","CD8B",0.553930997348139,3,"HLA-C_CD8B","HLA-C - CD8B","MHC-I","Cell-Cell Contact","KEGG: hsa04514","Pro-B -> Naïve CD8 T (PBMC_Early)",0.164428573702701,"Pro-B -> Naïve CD8 T","PBMC_Early:Naïve CD8 T","P < 0.01"
"Tem","Naïve CD8 T","HLA-C","CD8B",0.665977432416952,3,"HLA-C_CD8B","HLA-C - CD8B","MHC-I","Cell-Cell Contact","KEGG: hsa04514","Tem -> Naïve CD8 T (PBMC_Early)",0.222784045625955,"Tem -> Naïve CD8 T","PBMC_Early:Naïve CD8 T","P < 0.01"
"Th17like_INNATE_T","Naïve CD8 T","HLA-C","CD8B",0.655961793257712,3,"HLA-C_CD8B","HLA-C - CD8B","MHC-I","Cell-Cell Contact","KEGG: hsa04514","Th17like_INNATE_T -> Naïve CD8 T (PBMC_Early)",0.217734459881166,"Th17like_INNATE_T -> Naïve CD8 T","PBMC_Early:Naïve CD8 T","P < 0.01"
"Treg","Naïve CD8 T","HLA-C","CD8B",0.647715675812121,3,"HLA-C_CD8B","HLA-C - CD8B","MHC-I","Cell-Cell Contact","KEGG: hsa04514","Treg -> Naïve CD8 T (PBMC_Early)",0.213549357386168,"Treg -> Naïve CD8 T","PBMC_Early:Naïve CD8 T","P < 0.01"
"abT(entry)","Naïve CD8 T","HLA-C","CD8B",0.445713563287741,3,"HLA-C_CD8B","HLA-C - CD8B","MHC-I","Cell-Cell Contact","KEGG: hsa04514","abT(entry) -> Naïve CD8 T (PBMC_Late)",0.106076645005108,"abT(entry) -> Naïve CD8 T","PBMC_Late:Naïve CD8 T","P < 0.01"
"CD14+PPBP+ Monocytes","Naïve CD8 T","HLA-C","CD8B",0.563968805077838,3,"HLA-C_CD8B","HLA-C - CD8B","MHC-I","Cell-Cell Contact","KEGG: hsa04514","CD14+PPBP+ Monocytes -> Naïve CD8 T (PBMC_Late)",0.169797671490189,"CD14+PPBP+ Monocytes -> Naïve CD8 T","PBMC_Late:Naïve CD8 T","P < 0.01"
"CD56highCD16low NK","Naïve CD8 T","HLA-C","CD8B",0.501398288847026,3,"HLA-C_CD8B","HLA-C - CD8B","MHC-I","Cell-Cell Contact","KEGG: hsa04514","CD56highCD16low NK -> Naïve CD8 T (PBMC_Late)",0.136092232537424,"CD56highCD16low NK -> Naïve CD8 T","PBMC_Late:Naïve CD8 T","P < 0.01"
"Classical Monocytes","Naïve CD8 T","HLA-C","CD8B",0.548991290105544,3,"HLA-C_CD8B","HLA-C - CD8B","MHC-I","Cell-Cell Contact","KEGG: hsa04514","Classical Monocytes -> Naïve CD8 T (PBMC_Late)",0.161779250658423,"Classical Monocytes -> Naïve CD8 T","PBMC_Late:Naïve CD8 T","P < 0.01"
"CX3CR1+ NK","Naïve CD8 T","HLA-C","CD8B",0.649871258626866,3,"HLA-C_CD8B","HLA-C - CD8B","MHC-I","Cell-Cell Contact","KEGG: hsa04514","CX3CR1+ NK -> Naïve CD8 T (PBMC_Late)",0.214645743999826,"CX3CR1+ NK -> Naïve CD8 T","PBMC_Late:Naïve CD8 T","P < 0.01"
"CXCR5- Naïve B","Naïve CD8 T","HLA-C","CD8B",0.564808298183378,3,"HLA-C_CD8B","HLA-C - CD8B","MHC-I","Cell-Cell Contact","KEGG: hsa04514","CXCR5- Naïve B -> Naïve CD8 T (PBMC_Late)",0.170245761361769,"CXCR5- Naïve B -> Naïve CD8 T","PBMC_Late:Naïve CD8 T","P < 0.01"
"CXCR5+ Naïve B","Naïve CD8 T","HLA-C","CD8B",0.548032471037586,3,"HLA-C_CD8B","HLA-C - CD8B","MHC-I","Cell-Cell Contact","KEGG: hsa04514","CXCR5+ Naïve B -> Naïve CD8 T (PBMC_Late)",0.161264501199278,"CXCR5+ Naïve B -> Naïve CD8 T","PBMC_Late:Naïve CD8 T","P < 0.01"
"CXCR6+ NK","Naïve CD8 T","HLA-C","CD8B",0.619704132298165,3,"HLA-C_CD8B","HLA-C - CD8B","MHC-I","Cell-Cell Contact","KEGG: hsa04514","CXCR6+ NK -> Naïve CD8 T (PBMC_Late)",0.199154717724988,"CXCR6+ NK -> Naïve CD8 T","PBMC_Late:Naïve CD8 T","P < 0.01"
"DC2","Naïve CD8 T","HLA-C","CD8B",0.537449881059306,3,"HLA-C_CD8B","HLA-C - CD8B","MHC-I","Cell-Cell Contact","KEGG: hsa04514","DC2 -> Naïve CD8 T (PBMC_Late)",0.155573247901641,"DC2 -> Naïve CD8 T","PBMC_Late:Naïve CD8 T","P < 0.01"
"Gamma Delta V1 T","Naïve CD8 T","HLA-C","CD8B",0.569698893277323,3,"HLA-C_CD8B","HLA-C - CD8B","MHC-I","Cell-Cell Contact","KEGG: hsa04514","Gamma Delta V1 T -> Naïve CD8 T (PBMC_Late)",0.172853092398671,"Gamma Delta V1 T -> Naïve CD8 T","PBMC_Late:Naïve CD8 T","P < 0.01"
"Gamma Delta V2 T","Naïve CD8 T","HLA-C","CD8B",0.575580425998989,3,"HLA-C_CD8B","HLA-C - CD8B","MHC-I","Cell-Cell Contact","KEGG: hsa04514","Gamma Delta V2 T -> Naïve CD8 T (PBMC_Late)",0.175981454205307,"Gamma Delta V2 T -> Naïve CD8 T","PBMC_Late:Naïve CD8 T","P < 0.01"
"HSC_MPP","Naïve CD8 T","HLA-C","CD8B",0.445765758897712,3,"HLA-C_CD8B","HLA-C - CD8B","MHC-I","Cell-Cell Contact","KEGG: hsa04514","HSC_MPP -> Naïve CD8 T (PBMC_Late)",0.106104515728712,"HSC_MPP -> Naïve CD8 T","PBMC_Late:Naïve CD8 T","P < 0.01"
"ILC2/3","Naïve CD8 T","HLA-C","CD8B",0.547644516624131,3,"HLA-C_CD8B","HLA-C - CD8B","MHC-I","Cell-Cell Contact","KEGG: hsa04514","ILC2/3 -> Naïve CD8 T (PBMC_Late)",0.161056179850912,"ILC2/3 -> Naïve CD8 T","PBMC_Late:Naïve CD8 T","P < 0.01"
"MEMP","Naïve CD8 T","HLA-C","CD8B",0.381986168105928,3,"HLA-C_CD8B","HLA-C - CD8B","MHC-I","Cell-Cell Contact","KEGG: hsa04514","MEMP -> Naïve CD8 T (PBMC_Late)",0.0729562130599385,"MEMP -> Naïve CD8 T","PBMC_Late:Naïve CD8 T","P < 0.01"
"MEP","Naïve CD8 T","HLA-C","CD8B",0.413643047569128,3,"HLA-C_CD8B","HLA-C - CD8B","MHC-I","Cell-Cell Contact","KEGG: hsa04514","MEP -> Naïve CD8 T (PBMC_Late)",0.0891403350657317,"MEP -> Naïve CD8 T","PBMC_Late:Naïve CD8 T","P < 0.01"
"Myeloid-CD177","Naïve CD8 T","HLA-C","CD8B",0.304888878488784,3,"HLA-C_CD8B","HLA-C - CD8B","MHC-I","Cell-Cell Contact","KEGG: hsa04514","Myeloid-CD177 -> Naïve CD8 T (PBMC_Late)",0.0376326409875984,"Myeloid-CD177 -> Naïve CD8 T","PBMC_Late:Naïve CD8 T","P < 0.01"
"Naïve CD4 T","Naïve CD8 T","HLA-C","CD8B",0.550144345098225,3,"HLA-C_CD8B","HLA-C - CD8B","MHC-I","Cell-Cell Contact","KEGG: hsa04514","Naïve CD4 T -> Naïve CD8 T (PBMC_Late)",0.162398064488031,"Naïve CD4 T -> Naïve CD8 T","PBMC_Late:Naïve CD8 T","P < 0.01"
"Naïve CD8 T","Naïve CD8 T","HLA-C","CD8B",0.550169226158558,3,"HLA-C_CD8B","HLA-C - CD8B","MHC-I","Cell-Cell Contact","KEGG: hsa04514","Naïve CD8 T -> Naïve CD8 T (PBMC_Late)",0.16241141489904,"Naïve CD8 T -> Naïve CD8 T","PBMC_Late:Naïve CD8 T","P < 0.01"
"NK T","Naïve CD8 T","HLA-C","CD8B",0.592462923552709,3,"HLA-C_CD8B","HLA-C - CD8B","MHC-I","Cell-Cell Contact","KEGG: hsa04514","NK T -> Naïve CD8 T (PBMC_Late)",0.184913092663194,"NK T -> Naïve CD8 T","PBMC_Late:Naïve CD8 T","P < 0.01"
"pDC","Naïve CD8 T","HLA-C","CD8B",0.506870234622997,3,"HLA-C_CD8B","HLA-C - CD8B","MHC-I","Cell-Cell Contact","KEGG: hsa04514","pDC -> Naïve CD8 T (PBMC_Late)",0.139054192962148,"pDC -> Naïve CD8 T","PBMC_Late:Naïve CD8 T","P < 0.01"
"Pro-B","Naïve CD8 T","HLA-C","CD8B",0.501815287973772,3,"HLA-C_CD8B","HLA-C - CD8B","MHC-I","Cell-Cell Contact","KEGG: hsa04514","Pro-B -> Naïve CD8 T (PBMC_Late)",0.136317968982961,"Pro-B -> Naïve CD8 T","PBMC_Late:Naïve CD8 T","P < 0.01"
"Tem","Naïve CD8 T","HLA-C","CD8B",0.600814939914586,3,"HLA-C_CD8B","HLA-C - CD8B","MHC-I","Cell-Cell Contact","KEGG: hsa04514","Tem -> Naïve CD8 T (PBMC_Late)",0.189303067743662,"Tem -> Naïve CD8 T","PBMC_Late:Naïve CD8 T","P < 0.01"
"Th17like_INNATE_T","Naïve CD8 T","HLA-C","CD8B",0.572149371637848,3,"HLA-C_CD8B","HLA-C - CD8B","MHC-I","Cell-Cell Contact","KEGG: hsa04514","Th17like_INNATE_T -> Naïve CD8 T (PBMC_Late)",0.174157480223563,"Th17like_INNATE_T -> Naïve CD8 T","PBMC_Late:Naïve CD8 T","P < 0.01"
"Treg","Naïve CD8 T","HLA-C","CD8B",0.580092429892899,3,"HLA-C_CD8B","HLA-C - CD8B","MHC-I","Cell-Cell Contact","KEGG: hsa04514","Treg -> Naïve CD8 T (PBMC_Late)",0.17837571176058,"Treg -> Naïve CD8 T","PBMC_Late:Naïve CD8 T","P < 0.01"
"abT(entry)","Naïve CD8 T","HLA-E","CD8A",0.471234996568017,3,"HLA-E_CD8A","HLA-E - CD8A","MHC-I","Cell-Cell Contact","KEGG: hsa04514","abT(entry) -> Naïve CD8 T (PBMC_Early)",0.119781805714867,"abT(entry) -> Naïve CD8 T","PBMC_Early:Naïve CD8 T","P < 0.01"
"CD14+PPBP+ Monocytes","Naïve CD8 T","HLA-E","CD8A",0.54251757293952,3,"HLA-E_CD8A","HLA-E - CD8A","MHC-I","Cell-Cell Contact","KEGG: hsa04514","CD14+PPBP+ Monocytes -> Naïve CD8 T (PBMC_Early)",0.158300799023858,"CD14+PPBP+ Monocytes -> Naïve CD8 T","PBMC_Early:Naïve CD8 T","P < 0.01"
"CD56highCD16low NK","Naïve CD8 T","HLA-E","CD8A",0.456134471879422,3,"HLA-E_CD8A","HLA-E - CD8A","MHC-I","Cell-Cell Contact","KEGG: hsa04514","CD56highCD16low NK -> Naïve CD8 T (PBMC_Early)",0.11165562197678,"CD56highCD16low NK -> Naïve CD8 T","PBMC_Early:Naïve CD8 T","P < 0.01"
"Classical Monocytes","Naïve CD8 T","HLA-E","CD8A",0.466471830301782,3,"HLA-E_CD8A","HLA-E - CD8A","MHC-I","Cell-Cell Contact","KEGG: hsa04514","Classical Monocytes -> Naïve CD8 T (PBMC_Early)",0.117214208844198,"Classical Monocytes -> Naïve CD8 T","PBMC_Early:Naïve CD8 T","P < 0.01"
"CX3CR1+ NK","Naïve CD8 T","HLA-E","CD8A",0.551841107593936,3,"HLA-E_CD8A","HLA-E - CD8A","MHC-I","Cell-Cell Contact","KEGG: hsa04514","CX3CR1+ NK -> Naïve CD8 T (PBMC_Early)",0.163308240517846,"CX3CR1+ NK -> Naïve CD8 T","PBMC_Early:Naïve CD8 T","P < 0.01"
"CXCR5- Naïve B","Naïve CD8 T","HLA-E","CD8A",0.506384573231096,3,"HLA-E_CD8A","HLA-E - CD8A","MHC-I","Cell-Cell Contact","KEGG: hsa04514","CXCR5- Naïve B -> Naïve CD8 T (PBMC_Early)",0.138791329875758,"CXCR5- Naïve B -> Naïve CD8 T","PBMC_Early:Naïve CD8 T","P < 0.01"
"CXCR5+ Naïve B","Naïve CD8 T","HLA-E","CD8A",0.497085861856562,3,"HLA-E_CD8A","HLA-E - CD8A","MHC-I","Cell-Cell Contact","KEGG: hsa04514","CXCR5+ Naïve B -> Naïve CD8 T (PBMC_Early)",0.133757758359368,"CXCR5+ Naïve B -> Naïve CD8 T","PBMC_Early:Naïve CD8 T","P < 0.01"
"CXCR6+ NK","Naïve CD8 T","HLA-E","CD8A",0.531023098305016,3,"HLA-E_CD8A","HLA-E - CD8A","MHC-I","Cell-Cell Contact","KEGG: hsa04514","CXCR6+ NK -> Naïve CD8 T (PBMC_Early)",0.152109099653353,"CXCR6+ NK -> Naïve CD8 T","PBMC_Early:Naïve CD8 T","P < 0.01"
"DC2","Naïve CD8 T","HLA-E","CD8A",0.426736268247971,3,"HLA-E_CD8A","HLA-E - CD8A","MHC-I","Cell-Cell Contact","KEGG: hsa04514","DC2 -> Naïve CD8 T (PBMC_Early)",0.0960037784481267,"DC2 -> Naïve CD8 T","PBMC_Early:Naïve CD8 T","P < 0.01"
"Gamma Delta V1 T","Naïve CD8 T","HLA-E","CD8A",0.526488690378786,3,"HLA-E_CD8A","HLA-E - CD8A","MHC-I","Cell-Cell Contact","KEGG: hsa04514","Gamma Delta V1 T -> Naïve CD8 T (PBMC_Early)",0.149661974270389,"Gamma Delta V1 T -> Naïve CD8 T","PBMC_Early:Naïve CD8 T","P < 0.01"
"Gamma Delta V2 T","Naïve CD8 T","HLA-E","CD8A",0.536277546638098,3,"HLA-E_CD8A","HLA-E - CD8A","MHC-I","Cell-Cell Contact","KEGG: hsa04514","Gamma Delta V2 T -> Naïve CD8 T (PBMC_Early)",0.154941744185537,"Gamma Delta V2 T -> Naïve CD8 T","PBMC_Early:Naïve CD8 T","P < 0.01"
"HSC_MPP","Naïve CD8 T","HLA-E","CD8A",0.390698219549133,3,"HLA-E_CD8A","HLA-E - CD8A","MHC-I","Cell-Cell Contact","KEGG: hsa04514","HSC_MPP -> Naïve CD8 T (PBMC_Early)",0.0773418371958307,"HSC_MPP -> Naïve CD8 T","PBMC_Early:Naïve CD8 T","P < 0.01"
"ILC2/3","Naïve CD8 T","HLA-E","CD8A",0.503642074121428,3,"HLA-E_CD8A","HLA-E - CD8A","MHC-I","Cell-Cell Contact","KEGG: hsa04514","ILC2/3 -> Naïve CD8 T (PBMC_Early)",0.13730685315034,"ILC2/3 -> Naïve CD8 T","PBMC_Early:Naïve CD8 T","P < 0.01"
"MEMP","Naïve CD8 T","HLA-E","CD8A",0.32758617335566,3,"HLA-E_CD8A","HLA-E - CD8A","MHC-I","Cell-Cell Contact","KEGG: hsa04514","MEMP -> Naïve CD8 T (PBMC_Early)",0.0472344447209247,"MEMP -> Naïve CD8 T","PBMC_Early:Naïve CD8 T","P < 0.01"
"MEP","Naïve CD8 T","HLA-E","CD8A",0.439371907346452,3,"HLA-E_CD8A","HLA-E - CD8A","MHC-I","Cell-Cell Contact","KEGG: hsa04514","MEP -> Naïve CD8 T (PBMC_Early)",0.102696608009438,"MEP -> Naïve CD8 T","PBMC_Early:Naïve CD8 T","P < 0.01"
"Myeloid-CD177","Naïve CD8 T","HLA-E","CD8A",0.398376380360313,3,"HLA-E_CD8A","HLA-E - CD8A","MHC-I","Cell-Cell Contact","KEGG: hsa04514","Myeloid-CD177 -> Naïve CD8 T (PBMC_Early)",0.0812528825941783,"Myeloid-CD177 -> Naïve CD8 T","PBMC_Early:Naïve CD8 T","P < 0.01"
"Naïve CD4 T","Naïve CD8 T","HLA-E","CD8A",0.540493472647583,3,"HLA-E_CD8A","HLA-E - CD8A","MHC-I","Cell-Cell Contact","KEGG: hsa04514","Naïve CD4 T -> Naïve CD8 T (PBMC_Early)",0.157211836834582,"Naïve CD4 T -> Naïve CD8 T","PBMC_Early:Naïve CD8 T","P < 0.01"
"Naïve CD8 T","Naïve CD8 T","HLA-E","CD8A",0.538325763889737,3,"HLA-E_CD8A","HLA-E - CD8A","MHC-I","Cell-Cell Contact","KEGG: hsa04514","Naïve CD8 T -> Naïve CD8 T (PBMC_Early)",0.156044936460401,"Naïve CD8 T -> Naïve CD8 T","PBMC_Early:Naïve CD8 T","P < 0.01"
"NK T","Naïve CD8 T","HLA-E","CD8A",0.548880812403578,3,"HLA-E_CD8A","HLA-E - CD8A","MHC-I","Cell-Cell Contact","KEGG: hsa04514","NK T -> Naïve CD8 T (PBMC_Early)",0.161719947976131,"NK T -> Naïve CD8 T","PBMC_Early:Naïve CD8 T","P < 0.01"
"pDC","Naïve CD8 T","HLA-E","CD8A",0.416592030109423,3,"HLA-E_CD8A","HLA-E - CD8A","MHC-I","Cell-Cell Contact","KEGG: hsa04514","pDC -> Naïve CD8 T (PBMC_Early)",0.0906789544430573,"pDC -> Naïve CD8 T","PBMC_Early:Naïve CD8 T","P < 0.01"
"Pro-B","Naïve CD8 T","HLA-E","CD8A",0.382836123076686,3,"HLA-E_CD8A","HLA-E - CD8A","MHC-I","Cell-Cell Contact","KEGG: hsa04514","Pro-B -> Naïve CD8 T (PBMC_Early)",0.0733814787578398,"Pro-B -> Naïve CD8 T","PBMC_Early:Naïve CD8 T","P < 0.01"
"Tem","Naïve CD8 T","HLA-E","CD8A",0.541269250922326,3,"HLA-E_CD8A","HLA-E - CD8A","MHC-I","Cell-Cell Contact","KEGG: hsa04514","Tem -> Naïve CD8 T (PBMC_Early)",0.157629277731513,"Tem -> Naïve CD8 T","PBMC_Early:Naïve CD8 T","P < 0.01"
"Th17like_INNATE_T","Naïve CD8 T","HLA-E","CD8A",0.554524537304406,3,"HLA-E_CD8A","HLA-E - CD8A","MHC-I","Cell-Cell Contact","KEGG: hsa04514","Th17like_INNATE_T -> Naïve CD8 T (PBMC_Early)",0.164746605448754,"Th17like_INNATE_T -> Naïve CD8 T","PBMC_Early:Naïve CD8 T","P < 0.01"
"Treg","Naïve CD8 T","HLA-E","CD8A",0.560025389835968,3,"HLA-E_CD8A","HLA-E - CD8A","MHC-I","Cell-Cell Contact","KEGG: hsa04514","Treg -> Naïve CD8 T (PBMC_Early)",0.167690824252939,"Treg -> Naïve CD8 T","PBMC_Early:Naïve CD8 T","P < 0.01"
"abT(entry)","Naïve CD8 T","HLA-E","CD8A",0.414838131357708,3,"HLA-E_CD8A","HLA-E - CD8A","MHC-I","Cell-Cell Contact","KEGG: hsa04514","abT(entry) -> Naïve CD8 T (PBMC_Late)",0.0897633255778174,"abT(entry) -> Naïve CD8 T","PBMC_Late:Naïve CD8 T","P < 0.01"
"CD14+PPBP+ Monocytes","Naïve CD8 T","HLA-E","CD8A",0.504348942394144,3,"HLA-E_CD8A","HLA-E - CD8A","MHC-I","Cell-Cell Contact","KEGG: hsa04514","CD14+PPBP+ Monocytes -> Naïve CD8 T (PBMC_Late)",0.137689485783938,"CD14+PPBP+ Monocytes -> Naïve CD8 T","PBMC_Late:Naïve CD8 T","P < 0.01"
"CD56highCD16low NK","Naïve CD8 T","HLA-E","CD8A",0.407436035114509,3,"HLA-E_CD8A","HLA-E - CD8A","MHC-I","Cell-Cell Contact","KEGG: hsa04514","CD56highCD16low NK -> Naïve CD8 T (PBMC_Late)",0.08591704934976,"CD56highCD16low NK -> Naïve CD8 T","PBMC_Late:Naïve CD8 T","P < 0.01"
"Classical Monocytes","Naïve CD8 T","HLA-E","CD8A",0.420544750858986,3,"HLA-E_CD8A","HLA-E - CD8A","MHC-I","Cell-Cell Contact","KEGG: hsa04514","Classical Monocytes -> Naïve CD8 T (PBMC_Late)",0.0927480850205712,"Classical Monocytes -> Naïve CD8 T","PBMC_Late:Naïve CD8 T","P < 0.01"
"CX3CR1+ NK","Naïve CD8 T","HLA-E","CD8A",0.513694714334154,3,"HLA-E_CD8A","HLA-E - CD8A","MHC-I","Cell-Cell Contact","KEGG: hsa04514","CX3CR1+ NK -> Naïve CD8 T (PBMC_Late)",0.142746991530899,"CX3CR1+ NK -> Naïve CD8 T","PBMC_Late:Naïve CD8 T","P < 0.01"
"CXCR5- Naïve B","Naïve CD8 T","HLA-E","CD8A",0.455385947221366,3,"HLA-E_CD8A","HLA-E - CD8A","MHC-I","Cell-Cell Contact","KEGG: hsa04514","CXCR5- Naïve B -> Naïve CD8 T (PBMC_Late)",0.111253986640167,"CXCR5- Naïve B -> Naïve CD8 T","PBMC_Late:Naïve CD8 T","P < 0.01"
"CXCR5+ Naïve B","Naïve CD8 T","HLA-E","CD8A",0.445278452041852,3,"HLA-E_CD8A","HLA-E - CD8A","MHC-I","Cell-Cell Contact","KEGG: hsa04514","CXCR5+ Naïve B -> Naïve CD8 T (PBMC_Late)",0.105844341065304,"CXCR5+ Naïve B -> Naïve CD8 T","PBMC_Late:Naïve CD8 T","P < 0.01"
"CXCR6+ NK","Naïve CD8 T","HLA-E","CD8A",0.48050765646273,3,"HLA-E_CD8A","HLA-E - CD8A","MHC-I","Cell-Cell Contact","KEGG: hsa04514","CXCR6+ NK -> Naïve CD8 T (PBMC_Late)",0.124788834882631,"CXCR6+ NK -> Naïve CD8 T","PBMC_Late:Naïve CD8 T","P < 0.01"
"DC2","Naïve CD8 T","HLA-E","CD8A",0.398806329306923,3,"HLA-E_CD8A","HLA-E - CD8A","MHC-I","Cell-Cell Contact","KEGG: hsa04514","DC2 -> Naïve CD8 T (PBMC_Late)",0.0814730676406982,"DC2 -> Naïve CD8 T","PBMC_Late:Naïve CD8 T","P < 0.01"
"Gamma Delta V1 T","Naïve CD8 T","HLA-E","CD8A",0.480193359992926,3,"HLA-E_CD8A","HLA-E - CD8A","MHC-I","Cell-Cell Contact","KEGG: hsa04514","Gamma Delta V1 T -> Naïve CD8 T (PBMC_Late)",0.124618970228944,"Gamma Delta V1 T -> Naïve CD8 T","PBMC_Late:Naïve CD8 T","P < 0.01"
"Gamma Delta V2 T","Naïve CD8 T","HLA-E","CD8A",0.482959766117225,3,"HLA-E_CD8A","HLA-E - CD8A","MHC-I","Cell-Cell Contact","KEGG: hsa04514","Gamma Delta V2 T -> Naïve CD8 T (PBMC_Late)",0.12611439932464,"Gamma Delta V2 T -> Naïve CD8 T","PBMC_Late:Naïve CD8 T","P < 0.01"
"HSC_MPP","Naïve CD8 T","HLA-E","CD8A",0.377051962192141,3,"HLA-E_CD8A","HLA-E - CD8A","MHC-I","Cell-Cell Contact","KEGG: hsa04514","HSC_MPP -> Naïve CD8 T (PBMC_Late)",0.0704991697745386,"HSC_MPP -> Naïve CD8 T","PBMC_Late:Naïve CD8 T","P < 0.01"
"ILC2/3","Naïve CD8 T","HLA-E","CD8A",0.443884795641546,3,"HLA-E_CD8A","HLA-E - CD8A","MHC-I","Cell-Cell Contact","KEGG: hsa04514","ILC2/3 -> Naïve CD8 T (PBMC_Late)",0.105100652348844,"ILC2/3 -> Naïve CD8 T","PBMC_Late:Naïve CD8 T","P < 0.01"
"MEMP","Naïve CD8 T","HLA-E","CD8A",0.321923873917151,3,"HLA-E_CD8A","HLA-E - CD8A","MHC-I","Cell-Cell Contact","KEGG: hsa04514","MEMP -> Naïve CD8 T (PBMC_Late)",0.0447651901048772,"MEMP -> Naïve CD8 T","PBMC_Late:Naïve CD8 T","P < 0.01"
"MEP","Naïve CD8 T","HLA-E","CD8A",0.324844886059141,3,"HLA-E_CD8A","HLA-E - CD8A","MHC-I","Cell-Cell Contact","KEGG: hsa04514","MEP -> Naïve CD8 T (PBMC_Late)",0.0460332041977303,"MEP -> Naïve CD8 T","PBMC_Late:Naïve CD8 T","P < 0.01"
"Myeloid-CD177","Naïve CD8 T","HLA-E","CD8A",0.287894887912105,3,"HLA-E_CD8A","HLA-E - CD8A","MHC-I","Cell-Cell Contact","KEGG: hsa04514","Myeloid-CD177 -> Naïve CD8 T (PBMC_Late)",0.0310086230390057,"Myeloid-CD177 -> Naïve CD8 T","PBMC_Late:Naïve CD8 T","P < 0.01"
"Naïve CD4 T","Naïve CD8 T","HLA-E","CD8A",0.481601104287981,3,"HLA-E_CD8A","HLA-E - CD8A","MHC-I","Cell-Cell Contact","KEGG: hsa04514","Naïve CD4 T -> Naïve CD8 T (PBMC_Late)",0.125379868867054,"Naïve CD4 T -> Naïve CD8 T","PBMC_Late:Naïve CD8 T","P < 0.01"
"Naïve CD8 T","Naïve CD8 T","HLA-E","CD8A",0.480360666372932,3,"HLA-E_CD8A","HLA-E - CD8A","MHC-I","Cell-Cell Contact","KEGG: hsa04514","Naïve CD8 T -> Naïve CD8 T (PBMC_Late)",0.124709391494694,"Naïve CD8 T -> Naïve CD8 T","PBMC_Late:Naïve CD8 T","P < 0.01"
"NK T","Naïve CD8 T","HLA-E","CD8A",0.500667076826752,3,"HLA-E_CD8A","HLA-E - CD8A","MHC-I","Cell-Cell Contact","KEGG: hsa04514","NK T -> Naïve CD8 T (PBMC_Late)",0.135696399147797,"NK T -> Naïve CD8 T","PBMC_Late:Naïve CD8 T","P < 0.01"
"pDC","Naïve CD8 T","HLA-E","CD8A",0.398223322510076,3,"HLA-E_CD8A","HLA-E - CD8A","MHC-I","Cell-Cell Contact","KEGG: hsa04514","pDC -> Naïve CD8 T (PBMC_Late)",0.0811745279707342,"pDC -> Naïve CD8 T","PBMC_Late:Naïve CD8 T","P < 0.01"
"Pro-B","Naïve CD8 T","HLA-E","CD8A",0.3036669425012,3,"HLA-E_CD8A","HLA-E - CD8A","MHC-I","Cell-Cell Contact","KEGG: hsa04514","Pro-B -> Naïve CD8 T (PBMC_Late)",0.0371392271920011,"Pro-B -> Naïve CD8 T","PBMC_Late:Naïve CD8 T","P < 0.01"
"Tem","Naïve CD8 T","HLA-E","CD8A",0.489451284814369,3,"HLA-E_CD8A","HLA-E - CD8A","MHC-I","Cell-Cell Contact","KEGG: hsa04514","Tem -> Naïve CD8 T (PBMC_Late)",0.129625695152774,"Tem -> Naïve CD8 T","PBMC_Late:Naïve CD8 T","P < 0.01"
"Th17like_INNATE_T","Naïve CD8 T","HLA-E","CD8A",0.490690796035142,3,"HLA-E_CD8A","HLA-E - CD8A","MHC-I","Cell-Cell Contact","KEGG: hsa04514","Th17like_INNATE_T -> Naïve CD8 T (PBMC_Late)",0.130296421479376,"Th17like_INNATE_T -> Naïve CD8 T","PBMC_Late:Naïve CD8 T","P < 0.01"
"Treg","Naïve CD8 T","HLA-E","CD8A",0.491360435040226,3,"HLA-E_CD8A","HLA-E - CD8A","MHC-I","Cell-Cell Contact","KEGG: hsa04514","Treg -> Naïve CD8 T (PBMC_Late)",0.130658804942856,"Treg -> Naïve CD8 T","PBMC_Late:Naïve CD8 T","P < 0.01"
"abT(entry)","Naïve CD8 T","HLA-E","CD8B",0.514147913982229,3,"HLA-E_CD8B","HLA-E - CD8B","MHC-I","Cell-Cell Contact","KEGG: hsa04514","abT(entry) -> Naïve CD8 T (PBMC_Early)",0.142992143853869,"abT(entry) -> Naïve CD8 T","PBMC_Early:Naïve CD8 T","P < 0.01"
"CD14+PPBP+ Monocytes","Naïve CD8 T","HLA-E","CD8B",0.597163156312636,3,"HLA-E_CD8B","HLA-E - CD8B","MHC-I","Cell-Cell Contact","KEGG: hsa04514","CD14+PPBP+ Monocytes -> Naïve CD8 T (PBMC_Early)",0.187386074144207,"CD14+PPBP+ Monocytes -> Naïve CD8 T","PBMC_Early:Naïve CD8 T","P < 0.01"
"CD56highCD16low NK","Naïve CD8 T","HLA-E","CD8B",0.496665498541984,3,"HLA-E_CD8B","HLA-E - CD8B","MHC-I","Cell-Cell Contact","KEGG: hsa04514","CD56highCD16low NK -> Naïve CD8 T (PBMC_Early)",0.133530207379713,"CD56highCD16low NK -> Naïve CD8 T","PBMC_Early:Naïve CD8 T","P < 0.01"
"Classical Monocytes","Naïve CD8 T","HLA-E","CD8B",0.508629175655947,3,"HLA-E_CD8B","HLA-E - CD8B","MHC-I","Cell-Cell Contact","KEGG: hsa04514","Classical Monocytes -> Naïve CD8 T (PBMC_Early)",0.140006155098161,"Classical Monocytes -> Naïve CD8 T","PBMC_Early:Naïve CD8 T","P < 0.01"
"CX3CR1+ NK","Naïve CD8 T","HLA-E","CD8B",0.608074899582877,3,"HLA-E_CD8B","HLA-E - CD8B","MHC-I","Cell-Cell Contact","KEGG: hsa04514","CX3CR1+ NK -> Naïve CD8 T (PBMC_Early)",0.193102478992573,"CX3CR1+ NK -> Naïve CD8 T","PBMC_Early:Naïve CD8 T","P < 0.01"
"CXCR5- Naïve B","Naïve CD8 T","HLA-E","CD8B",0.554987665502475,3,"HLA-E_CD8B","HLA-E - CD8B","MHC-I","Cell-Cell Contact","KEGG: hsa04514","CXCR5- Naïve B -> Naïve CD8 T (PBMC_Early)",0.164994713248783,"CXCR5- Naïve B -> Naïve CD8 T","PBMC_Early:Naïve CD8 T","P < 0.01"
"CXCR5+ Naïve B","Naïve CD8 T","HLA-E","CD8B",0.54416469150934,3,"HLA-E_CD8B","HLA-E - CD8B","MHC-I","Cell-Cell Contact","KEGG: hsa04514","CXCR5+ Naïve B -> Naïve CD8 T (PBMC_Early)",0.159186477105432,"CXCR5+ Naïve B -> Naïve CD8 T","PBMC_Early:Naïve CD8 T","P < 0.01"
"CXCR6+ NK","Naïve CD8 T","HLA-E","CD8B",0.583726618961984,3,"HLA-E_CD8B","HLA-E - CD8B","MHC-I","Cell-Cell Contact","KEGG: hsa04514","CXCR6+ NK -> Naïve CD8 T (PBMC_Early)",0.180300438842793,"CXCR6+ NK -> Naïve CD8 T","PBMC_Early:Naïve CD8 T","P < 0.01"
"DC2","Naïve CD8 T","HLA-E","CD8B",0.462748388670346,3,"HLA-E_CD8B","HLA-E - CD8B","MHC-I","Cell-Cell Contact","KEGG: hsa04514","DC2 -> Naïve CD8 T (PBMC_Early)",0.115209671294683,"DC2 -> Naïve CD8 T","PBMC_Early:Naïve CD8 T","P < 0.01"
"Gamma Delta V1 T","Naïve CD8 T","HLA-E","CD8B",0.578431076361373,3,"HLA-E_CD8B","HLA-E - CD8B","MHC-I","Cell-Cell Contact","KEGG: hsa04514","Gamma Delta V1 T -> Naïve CD8 T (PBMC_Early)",0.177494715104862,"Gamma Delta V1 T -> Naïve CD8 T","PBMC_Early:Naïve CD8 T","P < 0.01"
"Gamma Delta V2 T","Naïve CD8 T","HLA-E","CD8B",0.589866615691084,3,"HLA-E_CD8B","HLA-E - CD8B","MHC-I","Cell-Cell Contact","KEGG: hsa04514","Gamma Delta V2 T -> Naïve CD8 T (PBMC_Early)",0.183544429345712,"Gamma Delta V2 T -> Naïve CD8 T","PBMC_Early:Naïve CD8 T","P < 0.01"
"HSC_MPP","Naïve CD8 T","HLA-E","CD8B",0.421404718426996,3,"HLA-E_CD8B","HLA-E - CD8B","MHC-I","Cell-Cell Contact","KEGG: hsa04514","HSC_MPP -> Naïve CD8 T (PBMC_Early)",0.0931992439514523,"HSC_MPP -> Naïve CD8 T","PBMC_Early:Naïve CD8 T","P < 0.01"
"ILC2/3","Naïve CD8 T","HLA-E","CD8B",0.551794244648823,3,"HLA-E_CD8B","HLA-E - CD8B","MHC-I","Cell-Cell Contact","KEGG: hsa04514","ILC2/3 -> Naïve CD8 T (PBMC_Early)",0.163283109328364,"ILC2/3 -> Naïve CD8 T","PBMC_Early:Naïve CD8 T","P < 0.01"
"MEMP","Naïve CD8 T","HLA-E","CD8B",0.349721948012072,3,"HLA-E_CD8B","HLA-E - CD8B","MHC-I","Cell-Cell Contact","KEGG: hsa04514","MEMP -> Naïve CD8 T (PBMC_Early)",0.0573023024360105,"MEMP -> Naïve CD8 T","PBMC_Early:Naïve CD8 T","P < 0.01"
"MEP","Naïve CD8 T","HLA-E","CD8B",0.477306449488311,3,"HLA-E_CD8B","HLA-E - CD8B","MHC-I","Cell-Cell Contact","KEGG: hsa04514","MEP -> Naïve CD8 T (PBMC_Early)",0.123059159904675,"MEP -> Naïve CD8 T","PBMC_Early:Naïve CD8 T","P < 0.01"
"Myeloid-CD177","Naïve CD8 T","HLA-E","CD8B",0.430190209637084,3,"HLA-E_CD8B","HLA-E - CD8B","MHC-I","Cell-Cell Contact","KEGG: hsa04514","Myeloid-CD177 -> Naïve CD8 T (PBMC_Early)",0.0978271499188312,"Myeloid-CD177 -> Naïve CD8 T","PBMC_Early:Naïve CD8 T","P < 0.01"
"Naïve CD4 T","Naïve CD8 T","HLA-E","CD8B",0.59479577795028,3,"HLA-E_CD8B","HLA-E - CD8B","MHC-I","Cell-Cell Contact","KEGG: hsa04514","Naïve CD4 T -> Naïve CD8 T (PBMC_Early)",0.186141279818712,"Naïve CD4 T -> Naïve CD8 T","PBMC_Early:Naïve CD8 T","P < 0.01"
"Naïve CD8 T","Naïve CD8 T","HLA-E","CD8B",0.592261044172947,3,"HLA-E_CD8B","HLA-E - CD8B","MHC-I","Cell-Cell Contact","KEGG: hsa04514","Naïve CD8 T -> Naïve CD8 T (PBMC_Early)",0.184806737065342,"Naïve CD8 T -> Naïve CD8 T","PBMC_Early:Naïve CD8 T","P < 0.01"
"NK T","Naïve CD8 T","HLA-E","CD8B",0.604609104283053,3,"HLA-E_CD8B","HLA-E - CD8B","MHC-I","Cell-Cell Contact","KEGG: hsa04514","NK T -> Naïve CD8 T (PBMC_Early)",0.191290665162437,"NK T -> Naïve CD8 T","PBMC_Early:Naïve CD8 T","P < 0.01"
"pDC","Naïve CD8 T","HLA-E","CD8B",0.451083437792457,3,"HLA-E_CD8B","HLA-E - CD8B","MHC-I","Cell-Cell Contact","KEGG: hsa04514","pDC -> Naïve CD8 T (PBMC_Early)",0.10894797951671,"pDC -> Naïve CD8 T","PBMC_Early:Naïve CD8 T","P < 0.01"
"Pro-B","Naïve CD8 T","HLA-E","CD8B",0.412422377499498,3,"HLA-E_CD8B","HLA-E - CD8B","MHC-I","Cell-Cell Contact","KEGG: hsa04514","Pro-B -> Naïve CD8 T (PBMC_Early)",0.0885047820682159,"Pro-B -> Naïve CD8 T","PBMC_Early:Naïve CD8 T","P < 0.01"
"Tem","Naïve CD8 T","HLA-E","CD8B",0.595703060010094,3,"HLA-E_CD8B","HLA-E - CD8B","MHC-I","Cell-Cell Contact","KEGG: hsa04514","Tem -> Naïve CD8 T (PBMC_Early)",0.186618527097168,"Tem -> Naïve CD8 T","PBMC_Early:Naïve CD8 T","P < 0.01"
"Th17like_INNATE_T","Naïve CD8 T","HLA-E","CD8B",0.611217529041009,3,"HLA-E_CD8B","HLA-E - CD8B","MHC-I","Cell-Cell Contact","KEGG: hsa04514","Th17like_INNATE_T -> Naïve CD8 T (PBMC_Early)",0.194742183291236,"Th17like_INNATE_T -> Naïve CD8 T","PBMC_Early:Naïve CD8 T","P < 0.01"
"Treg","Naïve CD8 T","HLA-E","CD8B",0.617662580590533,3,"HLA-E_CD8B","HLA-E - CD8B","MHC-I","Cell-Cell Contact","KEGG: hsa04514","Treg -> Naïve CD8 T (PBMC_Early)",0.198095323439405,"Treg -> Naïve CD8 T","PBMC_Early:Naïve CD8 T","P < 0.01"
"abT(entry)","Naïve CD8 T","HLA-E","CD8B",0.461283782821353,3,"HLA-E_CD8B","HLA-E - CD8B","MHC-I","Cell-Cell Contact","KEGG: hsa04514","abT(entry) -> Naïve CD8 T (PBMC_Late)",0.11442188660675,"abT(entry) -> Naïve CD8 T","PBMC_Late:Naïve CD8 T","P < 0.01"
"CD14+PPBP+ Monocytes","Naïve CD8 T","HLA-E","CD8B",0.569995863424808,3,"HLA-E_CD8B","HLA-E - CD8B","MHC-I","Cell-Cell Contact","KEGG: hsa04514","CD14+PPBP+ Monocytes -> Naïve CD8 T (PBMC_Late)",0.173011243226796,"CD14+PPBP+ Monocytes -> Naïve CD8 T","PBMC_Late:Naïve CD8 T","P < 0.01"
"CD56highCD16low NK","Naïve CD8 T","HLA-E","CD8B",0.452387230919648,3,"HLA-E_CD8B","HLA-E - CD8B","MHC-I","Cell-Cell Contact","KEGG: hsa04514","CD56highCD16low NK -> Naïve CD8 T (PBMC_Late)",0.109646290331478,"CD56highCD16low NK -> Naïve CD8 T","PBMC_Late:Naïve CD8 T","P < 0.01"
"Classical Monocytes","Naïve CD8 T","HLA-E","CD8B",0.468153238548554,3,"HLA-E_CD8B","HLA-E - CD8B","MHC-I","Cell-Cell Contact","KEGG: hsa04514","Classical Monocytes -> Naïve CD8 T (PBMC_Late)",0.11812017707027,"Classical Monocytes -> Naïve CD8 T","PBMC_Late:Naïve CD8 T","P < 0.01"
"CX3CR1+ NK","Naïve CD8 T","HLA-E","CD8B",0.581453015426583,3,"HLA-E_CD8B","HLA-E - CD8B","MHC-I","Cell-Cell Contact","KEGG: hsa04514","CX3CR1+ NK -> Naïve CD8 T (PBMC_Late)",0.179096696322112,"CX3CR1+ NK -> Naïve CD8 T","PBMC_Late:Naïve CD8 T","P < 0.01"
"CXCR5- Naïve B","Naïve CD8 T","HLA-E","CD8B",0.510285179190902,3,"HLA-E_CD8B","HLA-E - CD8B","MHC-I","Cell-Cell Contact","KEGG: hsa04514","CXCR5- Naïve B -> Naïve CD8 T (PBMC_Late)",0.140902304430564,"CXCR5- Naïve B -> Naïve CD8 T","PBMC_Late:Naïve CD8 T","P < 0.01"
"CXCR5+ Naïve B","Naïve CD8 T","HLA-E","CD8B",0.498029963628914,3,"HLA-E_CD8B","HLA-E - CD8B","MHC-I","Cell-Cell Contact","KEGG: hsa04514","CXCR5+ Naïve B -> Naïve CD8 T (PBMC_Late)",0.134268827055984,"CXCR5+ Naïve B -> Naïve CD8 T","PBMC_Late:Naïve CD8 T","P < 0.01"
"CXCR6+ NK","Naïve CD8 T","HLA-E","CD8B",0.540852916908002,3,"HLA-E_CD8B","HLA-E - CD8B","MHC-I","Cell-Cell Contact","KEGG: hsa04514","CXCR6+ NK -> Naïve CD8 T (PBMC_Late)",0.157405262542862,"CXCR6+ NK -> Naïve CD8 T","PBMC_Late:Naïve CD8 T","P < 0.01"
"DC2","Naïve CD8 T","HLA-E","CD8B",0.442035492886319,3,"HLA-E_CD8B","HLA-E - CD8B","MHC-I","Cell-Cell Contact","KEGG: hsa04514","DC2 -> Naïve CD8 T (PBMC_Late)",0.10411473385061,"DC2 -> Naïve CD8 T","PBMC_Late:Naïve CD8 T","P < 0.01"
"Gamma Delta V1 T","Naïve CD8 T","HLA-E","CD8B",0.540469571402269,3,"HLA-E_CD8B","HLA-E - CD8B","MHC-I","Cell-Cell Contact","KEGG: hsa04514","Gamma Delta V1 T -> Naïve CD8 T (PBMC_Late)",0.157198974307479,"Gamma Delta V1 T -> Naïve CD8 T","PBMC_Late:Naïve CD8 T","P < 0.01"
"Gamma Delta V2 T","Naïve CD8 T","HLA-E","CD8B",0.543844510852935,3,"HLA-E_CD8B","HLA-E - CD8B","MHC-I","Cell-Cell Contact","KEGG: hsa04514","Gamma Delta V2 T -> Naïve CD8 T (PBMC_Late)",0.159014345253215,"Gamma Delta V2 T -> Naïve CD8 T","PBMC_Late:Naïve CD8 T","P < 0.01"
"HSC_MPP","Naïve CD8 T","HLA-E","CD8B",0.416041281307074,3,"HLA-E_CD8B","HLA-E - CD8B","MHC-I","Cell-Cell Contact","KEGG: hsa04514","HSC_MPP -> Naïve CD8 T (PBMC_Late)",0.0903912657140272,"HSC_MPP -> Naïve CD8 T","PBMC_Late:Naïve CD8 T","P < 0.01"
"ILC2/3","Naïve CD8 T","HLA-E","CD8B",0.496342210438747,3,"HLA-E_CD8B","HLA-E - CD8B","MHC-I","Cell-Cell Contact","KEGG: hsa04514","ILC2/3 -> Naïve CD8 T (PBMC_Late)",0.133355206874671,"ILC2/3 -> Naïve CD8 T","PBMC_Late:Naïve CD8 T","P < 0.01"
"MEMP","Naïve CD8 T","HLA-E","CD8B",0.350885168774664,3,"HLA-E_CD8B","HLA-E - CD8B","MHC-I","Cell-Cell Contact","KEGG: hsa04514","MEMP -> Naïve CD8 T (PBMC_Late)",0.0578480682612086,"MEMP -> Naïve CD8 T","PBMC_Late:Naïve CD8 T","P < 0.01"
"MEP","Naïve CD8 T","HLA-E","CD8B",0.354309525092413,3,"HLA-E_CD8B","HLA-E - CD8B","MHC-I","Cell-Cell Contact","KEGG: hsa04514","MEP -> Naïve CD8 T (PBMC_Late)",0.0594635976340189,"MEP -> Naïve CD8 T","PBMC_Late:Naïve CD8 T","P < 0.01"
"Myeloid-CD177","Naïve CD8 T","HLA-E","CD8B",0.311246939780251,3,"HLA-E_CD8B","HLA-E - CD8B","MHC-I","Cell-Cell Contact","KEGG: hsa04514","Myeloid-CD177 -> Naïve CD8 T (PBMC_Late)",0.0402404329204223,"Myeloid-CD177 -> Naïve CD8 T","PBMC_Late:Naïve CD8 T","P < 0.01"
"Naïve CD4 T","Naïve CD8 T","HLA-E","CD8B",0.542186763748537,3,"HLA-E_CD8B","HLA-E - CD8B","MHC-I","Cell-Cell Contact","KEGG: hsa04514","Naïve CD4 T -> Naïve CD8 T (PBMC_Late)",0.158122867145855,"Naïve CD4 T -> Naïve CD8 T","PBMC_Late:Naïve CD8 T","P < 0.01"
"Naïve CD8 T","Naïve CD8 T","HLA-E","CD8B",0.540673631181439,3,"HLA-E_CD8B","HLA-E - CD8B","MHC-I","Cell-Cell Contact","KEGG: hsa04514","Naïve CD8 T -> Naïve CD8 T (PBMC_Late)",0.157308786946521,"Naïve CD8 T -> Naïve CD8 T","PBMC_Late:Naïve CD8 T","P < 0.01"
"NK T","Naïve CD8 T","HLA-E","CD8B",0.56548720548116,3,"HLA-E_CD8B","HLA-E - CD8B","MHC-I","Cell-Cell Contact","KEGG: hsa04514","NK T -> Naïve CD8 T (PBMC_Late)",0.170608024869904,"NK T -> Naïve CD8 T","PBMC_Late:Naïve CD8 T","P < 0.01"
"pDC","Naïve CD8 T","HLA-E","CD8B",0.441336951016563,3,"HLA-E_CD8B","HLA-E - CD8B","MHC-I","Cell-Cell Contact","KEGG: hsa04514","pDC -> Naïve CD8 T (PBMC_Late)",0.1037425993792,"pDC -> Naïve CD8 T","PBMC_Late:Naïve CD8 T","P < 0.01"
"Pro-B","Naïve CD8 T","HLA-E","CD8B",0.329559177738234,3,"HLA-E_CD8B","HLA-E - CD8B","MHC-I","Cell-Cell Contact","KEGG: hsa04514","Pro-B -> Naïve CD8 T (PBMC_Late)",0.0481056137092374,"Pro-B -> Naïve CD8 T","PBMC_Late:Naïve CD8 T","P < 0.01"
"Tem","Naïve CD8 T","HLA-E","CD8B",0.551770743904276,3,"HLA-E_CD8B","HLA-E - CD8B","MHC-I","Cell-Cell Contact","KEGG: hsa04514","Tem -> Naïve CD8 T (PBMC_Late)",0.163270506434268,"Tem -> Naïve CD8 T","PBMC_Late:Naïve CD8 T","P < 0.01"
"Th17like_INNATE_T","Naïve CD8 T","HLA-E","CD8B",0.553285269017069,3,"HLA-E_CD8B","HLA-E - CD8B","MHC-I","Cell-Cell Contact","KEGG: hsa04514","Th17like_INNATE_T -> Naïve CD8 T (PBMC_Late)",0.164082502926821,"Th17like_INNATE_T -> Naïve CD8 T","PBMC_Late:Naïve CD8 T","P < 0.01"
"Treg","Naïve CD8 T","HLA-E","CD8B",0.554103623477139,3,"HLA-E_CD8B","HLA-E - CD8B","MHC-I","Cell-Cell Contact","KEGG: hsa04514","Treg -> Naïve CD8 T (PBMC_Late)",0.164521077443639,"Treg -> Naïve CD8 T","PBMC_Late:Naïve CD8 T","P < 0.01"
"abT(entry)","Naïve CD8 T","HLA-E","KLRK1",0.380271831781597,3,"HLA-E_KLRK1","HLA-E - KLRK1","MHC-I","Cell-Cell Contact","PMID: 28484462","abT(entry) -> Naïve CD8 T (PBMC_Early)",0.072100247535114,"abT(entry) -> Naïve CD8 T","PBMC_Early:Naïve CD8 T","P < 0.01"
"CD14+PPBP+ Monocytes","Naïve CD8 T","HLA-E","KLRK1",0.428577691085686,3,"HLA-E_KLRK1","HLA-E - KLRK1","MHC-I","Cell-Cell Contact","PMID: 28484462","CD14+PPBP+ Monocytes -> Naïve CD8 T (PBMC_Early)",0.0969752742200386,"CD14+PPBP+ Monocytes -> Naïve CD8 T","PBMC_Early:Naïve CD8 T","P < 0.01"
"CD56highCD16low NK","Naïve CD8 T","HLA-E","KLRK1",0.369874666504674,3,"HLA-E_KLRK1","HLA-E - KLRK1","MHC-I","Cell-Cell Contact","PMID: 28484462","CD56highCD16low NK -> Naïve CD8 T (PBMC_Early)",0.0669627674192781,"CD56highCD16low NK -> Naïve CD8 T","PBMC_Early:Naïve CD8 T","P < 0.01"
"Classical Monocytes","Naïve CD8 T","HLA-E","KLRK1",0.376998990746198,3,"HLA-E_KLRK1","HLA-E - KLRK1","MHC-I","Cell-Cell Contact","PMID: 28484462","Classical Monocytes -> Naïve CD8 T (PBMC_Early)",0.0704729031951065,"Classical Monocytes -> Naïve CD8 T","PBMC_Early:Naïve CD8 T","P < 0.01"
"CX3CR1+ NK","Naïve CD8 T","HLA-E","KLRK1",0.434811076207143,3,"HLA-E_KLRK1","HLA-E - KLRK1","MHC-I","Cell-Cell Contact","PMID: 28484462","CX3CR1+ NK -> Naïve CD8 T (PBMC_Early)",0.100273942164728,"CX3CR1+ NK -> Naïve CD8 T","PBMC_Early:Naïve CD8 T","P < 0.01"
"CXCR5- Naïve B","Naïve CD8 T","HLA-E","KLRK1",0.404242282898399,3,"HLA-E_KLRK1","HLA-E - KLRK1","MHC-I","Cell-Cell Contact","PMID: 28484462","CXCR5- Naïve B -> Naïve CD8 T (PBMC_Early)",0.0842670814266312,"CXCR5- Naïve B -> Naïve CD8 T","PBMC_Early:Naïve CD8 T","P < 0.01"
"CXCR5+ Naïve B","Naïve CD8 T","HLA-E","KLRK1",0.397930971389858,3,"HLA-E_KLRK1","HLA-E - KLRK1","MHC-I","Cell-Cell Contact","PMID: 28484462","CXCR5+ Naïve B -> Naïve CD8 T (PBMC_Early)",0.0810249080054774,"CXCR5+ Naïve B -> Naïve CD8 T","PBMC_Early:Naïve CD8 T","P < 0.01"
"CXCR6+ NK","Naïve CD8 T","HLA-E","KLRK1",0.420867635232236,3,"HLA-E_KLRK1","HLA-E - KLRK1","MHC-I","Cell-Cell Contact","PMID: 28484462","CXCR6+ NK -> Naïve CD8 T (PBMC_Early)",0.0929174370586366,"CXCR6+ NK -> Naïve CD8 T","PBMC_Early:Naïve CD8 T","P < 0.01"
"DC2","Naïve CD8 T","HLA-E","KLRK1",0.349445321865668,3,"HLA-E_KLRK1","HLA-E - KLRK1","MHC-I","Cell-Cell Contact","PMID: 28484462","DC2 -> Naïve CD8 T (PBMC_Early)",0.0571727421949016,"DC2 -> Naïve CD8 T","PBMC_Early:Naïve CD8 T","P < 0.01"
"Gamma Delta V1 T","Naïve CD8 T","HLA-E","KLRK1",0.417818241697233,3,"HLA-E_KLRK1","HLA-E - KLRK1","MHC-I","Cell-Cell Contact","PMID: 28484462","Gamma Delta V1 T -> Naïve CD8 T (PBMC_Early)",0.0913200226173043,"Gamma Delta V1 T -> Naïve CD8 T","PBMC_Early:Naïve CD8 T","P < 0.01"
"Gamma Delta V2 T","Naïve CD8 T","HLA-E","KLRK1",0.424395638432888,3,"HLA-E_KLRK1","HLA-E - KLRK1","MHC-I","Cell-Cell Contact","PMID: 28484462","Gamma Delta V2 T -> Naïve CD8 T (PBMC_Early)",0.0947709939372986,"Gamma Delta V2 T -> Naïve CD8 T","PBMC_Early:Naïve CD8 T","P < 0.01"
"HSC_MPP","Naïve CD8 T","HLA-E","KLRK1",0.324028764985058,3,"HLA-E_KLRK1","HLA-E - KLRK1","MHC-I","Cell-Cell Contact","PMID: 28484462","HSC_MPP -> Naïve CD8 T (PBMC_Early)",0.04567766814547,"HSC_MPP -> Naïve CD8 T","PBMC_Early:Naïve CD8 T","P < 0.01"
"ILC2/3","Naïve CD8 T","HLA-E","KLRK1",0.402383029491376,3,"HLA-E_KLRK1","HLA-E - KLRK1","MHC-I","Cell-Cell Contact","PMID: 28484462","ILC2/3 -> Naïve CD8 T (PBMC_Early)",0.0833093682709657,"ILC2/3 -> Naïve CD8 T","PBMC_Early:Naïve CD8 T","P < 0.01"
"MEMP","Naïve CD8 T","HLA-E","KLRK1",0.278355494191225,3,"HLA-E_KLRK1","HLA-E - KLRK1","MHC-I","Cell-Cell Contact","PMID: 28484462","MEMP -> Naïve CD8 T (PBMC_Early)",0.0275286407434585,"MEMP -> Naïve CD8 T","PBMC_Early:Naïve CD8 T","P < 0.01"
"MEP","Naïve CD8 T","HLA-E","KLRK1",0.358257622768121,3,"HLA-E_KLRK1","HLA-E - KLRK1","MHC-I","Cell-Cell Contact","PMID: 28484462","MEP -> Naïve CD8 T (PBMC_Early)",0.0613421891336044,"MEP -> Naïve CD8 T","PBMC_Early:Naïve CD8 T","P < 0.01"
"Myeloid-CD177","Naïve CD8 T","HLA-E","KLRK1",0.329480870260921,3,"HLA-E_KLRK1","HLA-E - KLRK1","MHC-I","Cell-Cell Contact","PMID: 28484462","Myeloid-CD177 -> Naïve CD8 T (PBMC_Early)",0.048070933733379,"Myeloid-CD177 -> Naïve CD8 T","PBMC_Early:Naïve CD8 T","P < 0.01"
"Naïve CD4 T","Naïve CD8 T","HLA-E","KLRK1",0.427222049840495,3,"HLA-E_KLRK1","HLA-E - KLRK1","MHC-I","Cell-Cell Contact","PMID: 28484462","Naïve CD4 T -> Naïve CD8 T (PBMC_Early)",0.0962599287660491,"Naïve CD4 T -> Naïve CD8 T","PBMC_Early:Naïve CD8 T","P < 0.01"
"Naïve CD8 T","Naïve CD8 T","HLA-E","KLRK1",0.425769263638782,3,"HLA-E_KLRK1","HLA-E - KLRK1","MHC-I","Cell-Cell Contact","PMID: 28484462","Naïve CD8 T -> Naïve CD8 T (PBMC_Early)",0.0954941803354208,"Naïve CD8 T -> Naïve CD8 T","PBMC_Early:Naïve CD8 T","P < 0.01"
"NK T","Naïve CD8 T","HLA-E","KLRK1",0.432833877782361,3,"HLA-E_KLRK1","HLA-E - KLRK1","MHC-I","Cell-Cell Contact","PMID: 28484462","NK T -> Naïve CD8 T (PBMC_Early)",0.0992260002861434,"NK T -> Naïve CD8 T","PBMC_Early:Naïve CD8 T","P < 0.01"
"pDC","Naïve CD8 T","HLA-E","KLRK1",0.342334455271298,3,"HLA-E_KLRK1","HLA-E - KLRK1","MHC-I","Cell-Cell Contact","PMID: 28484462","pDC -> Naïve CD8 T (PBMC_Early)",0.0538733191592351,"pDC -> Naïve CD8 T","PBMC_Early:Naïve CD8 T","P < 0.01"
"Pro-B","Naïve CD8 T","HLA-E","KLRK1",0.318424182838649,3,"HLA-E_KLRK1","HLA-E - KLRK1","MHC-I","Cell-Cell Contact","PMID: 28484462","Pro-B -> Naïve CD8 T (PBMC_Early)",0.0432626762641835,"Pro-B -> Naïve CD8 T","PBMC_Early:Naïve CD8 T","P < 0.01"
"Tem","Naïve CD8 T","HLA-E","KLRK1",0.427741729694127,3,"HLA-E_KLRK1","HLA-E - KLRK1","MHC-I","Cell-Cell Contact","PMID: 28484462","Tem -> Naïve CD8 T (PBMC_Early)",0.0965340633372289,"Tem -> Naïve CD8 T","PBMC_Early:Naïve CD8 T","P < 0.01"
"Th17like_INNATE_T","Naïve CD8 T","HLA-E","KLRK1",0.436601806820705,3,"HLA-E_KLRK1","HLA-E - KLRK1","MHC-I","Cell-Cell Contact","PMID: 28484462","Th17like_INNATE_T -> Naïve CD8 T (PBMC_Early)",0.10122428904459,"Th17like_INNATE_T -> Naïve CD8 T","PBMC_Early:Naïve CD8 T","P < 0.01"
"Treg","Naïve CD8 T","HLA-E","KLRK1",0.440268138985553,3,"HLA-E_KLRK1","HLA-E - KLRK1","MHC-I","Cell-Cell Contact","PMID: 28484462","Treg -> Naïve CD8 T (PBMC_Early)",0.103173514550046,"Treg -> Naïve CD8 T","PBMC_Early:Naïve CD8 T","P < 0.01"
"abT(entry)","Naïve CD8 T","HLA-E","KLRK1",0.339218120711825,3,"HLA-E_KLRK1","HLA-E - KLRK1","MHC-I","Cell-Cell Contact","PMID: 28484462","abT(entry) -> Naïve CD8 T (PBMC_Late)",0.0524468122916912,"abT(entry) -> Naïve CD8 T","PBMC_Late:Naïve CD8 T","P < 0.01"
"CD14+PPBP+ Monocytes","Naïve CD8 T","HLA-E","KLRK1",0.400320363489189,3,"HLA-E_KLRK1","HLA-E - KLRK1","MHC-I","Cell-Cell Contact","PMID: 28484462","CD14+PPBP+ Monocytes -> Naïve CD8 T (PBMC_Late)",0.0822493879627935,"CD14+PPBP+ Monocytes -> Naïve CD8 T","PBMC_Late:Naïve CD8 T","P < 0.01"
"CD56highCD16low NK","Naïve CD8 T","HLA-E","KLRK1",0.334056560704585,3,"HLA-E_KLRK1","HLA-E - KLRK1","MHC-I","Cell-Cell Contact","PMID: 28484462","CD56highCD16low NK -> Naïve CD8 T (PBMC_Late)",0.0501114855011722,"CD56highCD16low NK -> Naïve CD8 T","PBMC_Late:Naïve CD8 T","P < 0.01"
"Classical Monocytes","Naïve CD8 T","HLA-E","KLRK1",0.343184909629213,3,"HLA-E_KLRK1","HLA-E - KLRK1","MHC-I","Cell-Cell Contact","PMID: 28484462","Classical Monocytes -> Naïve CD8 T (PBMC_Late)",0.0542647173404896,"Classical Monocytes -> Naïve CD8 T","PBMC_Late:Naïve CD8 T","P < 0.01"
"CX3CR1+ NK","Naïve CD8 T","HLA-E","KLRK1",0.406576411175215,3,"HLA-E_KLRK1","HLA-E - KLRK1","MHC-I","Cell-Cell Contact","PMID: 28484462","CX3CR1+ NK -> Naïve CD8 T (PBMC_Late)",0.0854723567624717,"CX3CR1+ NK -> Naïve CD8 T","PBMC_Late:Naïve CD8 T","P < 0.01"
"CXCR5- Naïve B","Naïve CD8 T","HLA-E","KLRK1",0.367180954048139,3,"HLA-E_KLRK1","HLA-E - KLRK1","MHC-I","Cell-Cell Contact","PMID: 28484462","CXCR5- Naïve B -> Naïve CD8 T (PBMC_Late)",0.0656476938332812,"CXCR5- Naïve B -> Naïve CD8 T","PBMC_Late:Naïve CD8 T","P < 0.01"
"CXCR5+ Naïve B","Naïve CD8 T","HLA-E","KLRK1",0.360257658826431,3,"HLA-E_KLRK1","HLA-E - KLRK1","MHC-I","Cell-Cell Contact","PMID: 28484462","CXCR5+ Naïve B -> Naïve CD8 T (PBMC_Late)",0.0623001720560488,"CXCR5+ Naïve B -> Naïve CD8 T","PBMC_Late:Naïve CD8 T","P < 0.01"
"CXCR6+ NK","Naïve CD8 T","HLA-E","KLRK1",0.384263173812129,3,"HLA-E_KLRK1","HLA-E - KLRK1","MHC-I","Cell-Cell Contact","PMID: 28484462","CXCR6+ NK -> Naïve CD8 T (PBMC_Late)",0.0740967855602788,"CXCR6+ NK -> Naïve CD8 T","PBMC_Late:Naïve CD8 T","P < 0.01"
"DC2","Naïve CD8 T","HLA-E","KLRK1",0.3280152372996,3,"HLA-E_KLRK1","HLA-E - KLRK1","MHC-I","Cell-Cell Contact","PMID: 28484462","DC2 -> Naïve CD8 T (PBMC_Late)",0.0474234302788008,"DC2 -> Naïve CD8 T","PBMC_Late:Naïve CD8 T","P < 0.01"
"Gamma Delta V1 T","Naïve CD8 T","HLA-E","KLRK1",0.384050518722766,3,"HLA-E_KLRK1","HLA-E - KLRK1","MHC-I","Cell-Cell Contact","PMID: 28484462","Gamma Delta V1 T -> Naïve CD8 T (PBMC_Late)",0.0739900902920341,"Gamma Delta V1 T -> Naïve CD8 T","PBMC_Late:Naïve CD8 T","P < 0.01"
"Gamma Delta V2 T","Naïve CD8 T","HLA-E","KLRK1",0.385921394713868,3,"HLA-E_KLRK1","HLA-E - KLRK1","MHC-I","Cell-Cell Contact","PMID: 28484462","Gamma Delta V2 T -> Naïve CD8 T (PBMC_Late)",0.0749299764421436,"Gamma Delta V2 T -> Naïve CD8 T","PBMC_Late:Naïve CD8 T","P < 0.01"
"HSC_MPP","Naïve CD8 T","HLA-E","KLRK1",0.31266697589101,3,"HLA-E_KLRK1","HLA-E - KLRK1","MHC-I","Cell-Cell Contact","PMID: 28484462","HSC_MPP -> Naïve CD8 T (PBMC_Late)",0.0408319228793981,"HSC_MPP -> Naïve CD8 T","PBMC_Late:Naïve CD8 T","P < 0.01"
"ILC2/3","Naïve CD8 T","HLA-E","KLRK1",0.359300682138985,3,"HLA-E_KLRK1","HLA-E - KLRK1","MHC-I","Cell-Cell Contact","PMID: 28484462","ILC2/3 -> Naïve CD8 T (PBMC_Late)",0.0618412753662104,"ILC2/3 -> Naïve CD8 T","PBMC_Late:Naïve CD8 T","P < 0.01"
"MEMP","Naïve CD8 T","HLA-E","KLRK1",0.272922449993468,3,"HLA-E_KLRK1","HLA-E - KLRK1","MHC-I","Cell-Cell Contact","PMID: 28484462","MEMP -> Naïve CD8 T (PBMC_Late)",0.0256286479325336,"MEMP -> Naïve CD8 T","PBMC_Late:Naïve CD8 T","P < 0.01"
"MEP","Naïve CD8 T","HLA-E","KLRK1",0.27506194341623,3,"HLA-E_KLRK1","HLA-E - KLRK1","MHC-I","Cell-Cell Contact","PMID: 28484462","MEP -> Naïve CD8 T (PBMC_Late)",0.0263695660665563,"MEP -> Naïve CD8 T","PBMC_Late:Naïve CD8 T","P < 0.01"
"Myeloid-CD177","Naïve CD8 T","HLA-E","KLRK1",0.247687375908328,3,"HLA-E_KLRK1","HLA-E - KLRK1","MHC-I","Cell-Cell Contact","PMID: 28484462","Myeloid-CD177 -> Naïve CD8 T (PBMC_Late)",0.0176442122348629,"Myeloid-CD177 -> Naïve CD8 T","PBMC_Late:Naïve CD8 T","P < 0.01"
"Naïve CD4 T","Naïve CD8 T","HLA-E","KLRK1",0.385002804988813,3,"HLA-E_KLRK1","HLA-E - KLRK1","MHC-I","Cell-Cell Contact","PMID: 28484462","Naïve CD4 T -> Naïve CD8 T (PBMC_Late)",0.0744681565609248,"Naïve CD4 T -> Naïve CD8 T","PBMC_Late:Naïve CD8 T","P < 0.01"
"Naïve CD8 T","Naïve CD8 T","HLA-E","KLRK1",0.384163722582794,3,"HLA-E_KLRK1","HLA-E - KLRK1","MHC-I","Cell-Cell Contact","PMID: 28484462","Naïve CD8 T -> Naïve CD8 T (PBMC_Late)",0.0740468835405085,"Naïve CD8 T -> Naïve CD8 T","PBMC_Late:Naïve CD8 T","P < 0.01"
"NK T","Naïve CD8 T","HLA-E","KLRK1",0.397849929533212,3,"HLA-E_KLRK1","HLA-E - KLRK1","MHC-I","Cell-Cell Contact","PMID: 28484462","NK T -> Naïve CD8 T (PBMC_Late)",0.0809834422340981,"NK T -> Naïve CD8 T","PBMC_Late:Naïve CD8 T","P < 0.01"
"pDC","Naïve CD8 T","HLA-E","KLRK1",0.327606156171748,3,"HLA-E_KLRK1","HLA-E - KLRK1","MHC-I","Cell-Cell Contact","PMID: 28484462","pDC -> Naïve CD8 T (PBMC_Late)",0.0472432405812012,"pDC -> Naïve CD8 T","PBMC_Late:Naïve CD8 T","P < 0.01"
"Pro-B","Naïve CD8 T","HLA-E","KLRK1",0.259456640576825,3,"HLA-E_KLRK1","HLA-E - KLRK1","MHC-I","Cell-Cell Contact","PMID: 28484462","Pro-B -> Naïve CD8 T (PBMC_Late)",0.0211903679930663,"Pro-B -> Naïve CD8 T","PBMC_Late:Naïve CD8 T","P < 0.01"
"Tem","Naïve CD8 T","HLA-E","KLRK1",0.390303674868781,3,"HLA-E_KLRK1","HLA-E - KLRK1","MHC-I","Cell-Cell Contact","PMID: 28484462","Tem -> Naïve CD8 T (PBMC_Late)",0.0771419868550849,"Tem -> Naïve CD8 T","PBMC_Late:Naïve CD8 T","P < 0.01"
"Th17like_INNATE_T","Naïve CD8 T","HLA-E","KLRK1",0.391139207853769,3,"HLA-E_KLRK1","HLA-E - KLRK1","MHC-I","Cell-Cell Contact","PMID: 28484462","Th17like_INNATE_T -> Naïve CD8 T (PBMC_Late)",0.0775653464703806,"Th17like_INNATE_T -> Naïve CD8 T","PBMC_Late:Naïve CD8 T","P < 0.01"
"Treg","Naïve CD8 T","HLA-E","KLRK1",0.391590436883184,3,"HLA-E_KLRK1","HLA-E - KLRK1","MHC-I","Cell-Cell Contact","PMID: 28484462","Treg -> Naïve CD8 T (PBMC_Late)",0.0777941913573457,"Treg -> Naïve CD8 T","PBMC_Late:Naïve CD8 T","P < 0.01"
"CX3CR1+ NK","Naïve CD8 T","HLA-F","CD8A",0.288258806429081,3,"HLA-F_CD8A","HLA-F - CD8A","MHC-I","Cell-Cell Contact","KEGG: hsa04514","CX3CR1+ NK -> Naïve CD8 T (PBMC_Early)",0.0311449000741086,"CX3CR1+ NK -> Naïve CD8 T","PBMC_Early:Naïve CD8 T","P < 0.01"
"CXCR5- Naïve B","Naïve CD8 T","HLA-F","CD8A",0.260710342261175,3,"HLA-F_CD8A","HLA-F - CD8A","MHC-I","Cell-Cell Contact","KEGG: hsa04514","CXCR5- Naïve B -> Naïve CD8 T (PBMC_Early)",0.0215867742485881,"CXCR5- Naïve B -> Naïve CD8 T","PBMC_Early:Naïve CD8 T","P < 0.01"
"CXCR5+ Naïve B","Naïve CD8 T","HLA-F","CD8A",0.256548696564858,3,"HLA-F_CD8A","HLA-F - CD8A","MHC-I","Cell-Cell Contact","KEGG: hsa04514","CXCR5+ Naïve B -> Naïve CD8 T (PBMC_Early)",0.0202845561852821,"CXCR5+ Naïve B -> Naïve CD8 T","PBMC_Early:Naïve CD8 T","P < 0.01"
"CXCR6+ NK","Naïve CD8 T","HLA-F","CD8A",0.347211010669533,3,"HLA-F_CD8A","HLA-F - CD8A","MHC-I","Cell-Cell Contact","KEGG: hsa04514","CXCR6+ NK -> Naïve CD8 T (PBMC_Early)",0.0561295427625394,"CXCR6+ NK -> Naïve CD8 T","PBMC_Early:Naïve CD8 T","P < 0.01"
"Gamma Delta V1 T","Naïve CD8 T","HLA-F","CD8A",0.267496675305872,3,"HLA-F_CD8A","HLA-F - CD8A","MHC-I","Cell-Cell Contact","KEGG: hsa04514","Gamma Delta V1 T -> Naïve CD8 T (PBMC_Early)",0.0237929914097826,"Gamma Delta V1 T -> Naïve CD8 T","PBMC_Early:Naïve CD8 T","P < 0.01"
"Gamma Delta V2 T","Naïve CD8 T","HLA-F","CD8A",0.269958850977277,3,"HLA-F_CD8A","HLA-F - CD8A","MHC-I","Cell-Cell Contact","KEGG: hsa04514","Gamma Delta V2 T -> Naïve CD8 T (PBMC_Early)",0.0246182252084153,"Gamma Delta V2 T -> Naïve CD8 T","PBMC_Early:Naïve CD8 T","P < 0.01"
"Naïve CD4 T","Naïve CD8 T","HLA-F","CD8A",0.261624014247695,3,"HLA-F_CD8A","HLA-F - CD8A","MHC-I","Cell-Cell Contact","KEGG: hsa04514","Naïve CD4 T -> Naïve CD8 T (PBMC_Early)",0.0218778822933436,"Naïve CD4 T -> Naïve CD8 T","PBMC_Early:Naïve CD8 T","P < 0.01"
"Naïve CD8 T","Naïve CD8 T","HLA-F","CD8A",0.323005818175662,3,"HLA-F_CD8A","HLA-F - CD8A","MHC-I","Cell-Cell Contact","KEGG: hsa04514","Naïve CD8 T -> Naïve CD8 T (PBMC_Early)",0.0452334027749181,"Naïve CD8 T -> Naïve CD8 T","PBMC_Early:Naïve CD8 T","P < 0.01"
"NK T","Naïve CD8 T","HLA-F","CD8A",0.272519702294401,3,"HLA-F_CD8A","HLA-F - CD8A","MHC-I","Cell-Cell Contact","KEGG: hsa04514","NK T -> Naïve CD8 T (PBMC_Early)",0.0254902446848287,"NK T -> Naïve CD8 T","PBMC_Early:Naïve CD8 T","P < 0.01"
"Tem","Naïve CD8 T","HLA-F","CD8A",0.319053276554056,3,"HLA-F_CD8A","HLA-F - CD8A","MHC-I","Cell-Cell Contact","KEGG: hsa04514","Tem -> Naïve CD8 T (PBMC_Early)",0.0435313992354564,"Tem -> Naïve CD8 T","PBMC_Early:Naïve CD8 T","P < 0.01"
"Th17like_INNATE_T","Naïve CD8 T","HLA-F","CD8A",0.267991894890954,3,"HLA-F_CD8A","HLA-F - CD8A","MHC-I","Cell-Cell Contact","KEGG: hsa04514","Th17like_INNATE_T -> Naïve CD8 T (PBMC_Early)",0.0239579244814188,"Th17like_INNATE_T -> Naïve CD8 T","PBMC_Early:Naïve CD8 T","P < 0.01"
"Treg","Naïve CD8 T","HLA-F","CD8A",0.272987217417533,3,"HLA-F_CD8A","HLA-F - CD8A","MHC-I","Cell-Cell Contact","KEGG: hsa04514","Treg -> Naïve CD8 T (PBMC_Early)",0.0256509368783686,"Treg -> Naïve CD8 T","PBMC_Early:Naïve CD8 T","P < 0.01"
"CD14+PPBP+ Monocytes","Naïve CD8 T","HLA-F","CD8A",0.280413852336471,3,"HLA-F_CD8A","HLA-F - CD8A","MHC-I","Cell-Cell Contact","KEGG: hsa04514","CD14+PPBP+ Monocytes -> Naïve CD8 T (PBMC_Late)",0.0282642469040624,"CD14+PPBP+ Monocytes -> Naïve CD8 T","PBMC_Late:Naïve CD8 T","P < 0.01"
"CD56highCD16low NK","Naïve CD8 T","HLA-F","CD8A",0.276850350393278,3,"HLA-F_CD8A","HLA-F - CD8A","MHC-I","Cell-Cell Contact","KEGG: hsa04514","CD56highCD16low NK -> Naïve CD8 T (PBMC_Late)",0.0269961848944774,"CD56highCD16low NK -> Naïve CD8 T","PBMC_Late:Naïve CD8 T","P < 0.01"
"Classical Monocytes","Naïve CD8 T","HLA-F","CD8A",0.230848188729863,3,"HLA-F_CD8A","HLA-F - CD8A","MHC-I","Cell-Cell Contact","KEGG: hsa04514","Classical Monocytes -> Naïve CD8 T (PBMC_Late)",0.0131431944661714,"Classical Monocytes -> Naïve CD8 T","PBMC_Late:Naïve CD8 T","P < 0.01"
"CX3CR1+ NK","Naïve CD8 T","HLA-F","CD8A",0.36854915509581,3,"HLA-F_CD8A","HLA-F - CD8A","MHC-I","Cell-Cell Contact","KEGG: hsa04514","CX3CR1+ NK -> Naïve CD8 T (PBMC_Late)",0.0663147941588834,"CX3CR1+ NK -> Naïve CD8 T","PBMC_Late:Naïve CD8 T","P < 0.01"
"CXCR5- Naïve B","Naïve CD8 T","HLA-F","CD8A",0.254139437670885,3,"HLA-F_CD8A","HLA-F - CD8A","MHC-I","Cell-Cell Contact","KEGG: hsa04514","CXCR5- Naïve B -> Naïve CD8 T (PBMC_Late)",0.0195486749641049,"CXCR5- Naïve B -> Naïve CD8 T","PBMC_Late:Naïve CD8 T","P < 0.01"
"CXCR5+ Naïve B","Naïve CD8 T","HLA-F","CD8A",0.247652522973946,3,"HLA-F_CD8A","HLA-F - CD8A","MHC-I","Cell-Cell Contact","KEGG: hsa04514","CXCR5+ Naïve B -> Naïve CD8 T (PBMC_Late)",0.017634189837485,"CXCR5+ Naïve B -> Naïve CD8 T","PBMC_Late:Naïve CD8 T","P < 0.01"
"CXCR6+ NK","Naïve CD8 T","HLA-F","CD8A",0.324973076016619,3,"HLA-F_CD8A","HLA-F - CD8A","MHC-I","Cell-Cell Contact","KEGG: hsa04514","CXCR6+ NK -> Naïve CD8 T (PBMC_Late)",0.0460891368617674,"CXCR6+ NK -> Naïve CD8 T","PBMC_Late:Naïve CD8 T","P < 0.01"
"DC2","Naïve CD8 T","HLA-F","CD8A",0.220080865665004,3,"HLA-F_CD8A","HLA-F - CD8A","MHC-I","Cell-Cell Contact","KEGG: hsa04514","DC2 -> Naïve CD8 T (PBMC_Late)",0.0106330906483797,"DC2 -> Naïve CD8 T","PBMC_Late:Naïve CD8 T","P < 0.01"
"Gamma Delta V1 T","Naïve CD8 T","HLA-F","CD8A",0.258708701915456,3,"HLA-F_CD8A","HLA-F - CD8A","MHC-I","Cell-Cell Contact","KEGG: hsa04514","Gamma Delta V1 T -> Naïve CD8 T (PBMC_Late)",0.0209555608546812,"Gamma Delta V1 T -> Naïve CD8 T","PBMC_Late:Naïve CD8 T","P < 0.01"
"Gamma Delta V2 T","Naïve CD8 T","HLA-F","CD8A",0.264458387571544,3,"HLA-F_CD8A","HLA-F - CD8A","MHC-I","Cell-Cell Contact","KEGG: hsa04514","Gamma Delta V2 T -> Naïve CD8 T (PBMC_Late)",0.0227927396280181,"Gamma Delta V2 T -> Naïve CD8 T","PBMC_Late:Naïve CD8 T","P < 0.01"
"ILC2/3","Naïve CD8 T","HLA-F","CD8A",0.24087026170958,3,"HLA-F_CD8A","HLA-F - CD8A","MHC-I","Cell-Cell Contact","KEGG: hsa04514","ILC2/3 -> Naïve CD8 T (PBMC_Late)",0.0157390161540674,"ILC2/3 -> Naïve CD8 T","PBMC_Late:Naïve CD8 T","P < 0.01"
"Naïve CD4 T","Naïve CD8 T","HLA-F","CD8A",0.251260119290693,3,"HLA-F_CD8A","HLA-F - CD8A","MHC-I","Cell-Cell Contact","KEGG: hsa04514","Naïve CD4 T -> Naïve CD8 T (PBMC_Late)",0.0186867753224243,"Naïve CD4 T -> Naïve CD8 T","PBMC_Late:Naïve CD8 T","P < 0.01"
"Naïve CD8 T","Naïve CD8 T","HLA-F","CD8A",0.321407357809333,3,"HLA-F_CD8A","HLA-F - CD8A","MHC-I","Cell-Cell Contact","KEGG: hsa04514","Naïve CD8 T -> Naïve CD8 T (PBMC_Late)",0.0445422789744494,"Naïve CD8 T -> Naïve CD8 T","PBMC_Late:Naïve CD8 T","P < 0.01"
"NK T","Naïve CD8 T","HLA-F","CD8A",0.345596737269325,3,"HLA-F_CD8A","HLA-F - CD8A","MHC-I","Cell-Cell Contact","KEGG: hsa04514","NK T -> Naïve CD8 T (PBMC_Late)",0.0553794974517834,"NK T -> Naïve CD8 T","PBMC_Late:Naïve CD8 T","P < 0.01"
"Pro-B","Naïve CD8 T","HLA-F","CD8A",0.182258893681616,3,"HLA-F_CD8A","HLA-F - CD8A","MHC-I","Cell-Cell Contact","KEGG: hsa04514","Pro-B -> Naïve CD8 T (PBMC_Late)",0.00414148565148683,"Pro-B -> Naïve CD8 T","PBMC_Late:Naïve CD8 T","P < 0.01"
"Tem","Naïve CD8 T","HLA-F","CD8A",0.261783121550976,3,"HLA-F_CD8A","HLA-F - CD8A","MHC-I","Cell-Cell Contact","KEGG: hsa04514","Tem -> Naïve CD8 T (PBMC_Late)",0.0219287662302196,"Tem -> Naïve CD8 T","PBMC_Late:Naïve CD8 T","P < 0.01"
"Th17like_INNATE_T","Naïve CD8 T","HLA-F","CD8A",0.256739711671649,3,"HLA-F_CD8A","HLA-F - CD8A","MHC-I","Cell-Cell Contact","KEGG: hsa04514","Th17like_INNATE_T -> Naïve CD8 T (PBMC_Late)",0.0203434677086512,"Th17like_INNATE_T -> Naïve CD8 T","PBMC_Late:Naïve CD8 T","P < 0.01"
"Treg","Naïve CD8 T","HLA-F","CD8A",0.263106308071788,3,"HLA-F_CD8A","HLA-F - CD8A","MHC-I","Cell-Cell Contact","KEGG: hsa04514","Treg -> Naïve CD8 T (PBMC_Late)",0.022354110552477,"Treg -> Naïve CD8 T","PBMC_Late:Naïve CD8 T","P < 0.01"
"CX3CR1+ NK","Naïve CD8 T","HLA-F","CD8B",0.305597188930991,3,"HLA-F_CD8B","HLA-F - CD8B","MHC-I","Cell-Cell Contact","KEGG: hsa04514","CX3CR1+ NK -> Naïve CD8 T (PBMC_Early)",0.0379198177013624,"CX3CR1+ NK -> Naïve CD8 T","PBMC_Early:Naïve CD8 T","P < 0.01"
"CXCR5- Naïve B","Naïve CD8 T","HLA-F","CD8B",0.274974354409405,3,"HLA-F_CD8B","HLA-F - CD8B","MHC-I","Cell-Cell Contact","KEGG: hsa04514","CXCR5- Naïve B -> Naïve CD8 T (PBMC_Early)",0.0263390464941952,"CXCR5- Naïve B -> Naïve CD8 T","PBMC_Early:Naïve CD8 T","P < 0.01"
"CXCR5+ Naïve B","Naïve CD8 T","HLA-F","CD8B",0.270370326162646,3,"HLA-F_CD8B","HLA-F - CD8B","MHC-I","Cell-Cell Contact","KEGG: hsa04514","CXCR5+ Naïve B -> Naïve CD8 T (PBMC_Early)",0.0247574025503818,"CXCR5+ Naïve B -> Naïve CD8 T","PBMC_Early:Naïve CD8 T","P < 0.01"
"CXCR6+ NK","Naïve CD8 T","HLA-F","CD8B",0.37190433044389,3,"HLA-F_CD8B","HLA-F - CD8B","MHC-I","Cell-Cell Contact","KEGG: hsa04514","CXCR6+ NK -> Naïve CD8 T (PBMC_Early)",0.0679581261909945,"CXCR6+ NK -> Naïve CD8 T","PBMC_Early:Naïve CD8 T","P < 0.01"
"Gamma Delta V1 T","Naïve CD8 T","HLA-F","CD8B",0.282494746836995,3,"HLA-F_CD8B","HLA-F - CD8B","MHC-I","Cell-Cell Contact","KEGG: hsa04514","Gamma Delta V1 T -> Naïve CD8 T (PBMC_Early)",0.0290165525561652,"Gamma Delta V1 T -> Naïve CD8 T","PBMC_Early:Naïve CD8 T","P < 0.01"
"Gamma Delta V2 T","Naïve CD8 T","HLA-F","CD8B",0.285227082490756,3,"HLA-F_CD8B","HLA-F - CD8B","MHC-I","Cell-Cell Contact","KEGG: hsa04514","Gamma Delta V2 T -> Naïve CD8 T (PBMC_Early)",0.0300173889377993,"Gamma Delta V2 T -> Naïve CD8 T","PBMC_Early:Naïve CD8 T","P < 0.01"
"Naïve CD4 T","Naïve CD8 T","HLA-F","CD8B",0.275985945159928,3,"HLA-F_CD8B","HLA-F - CD8B","MHC-I","Cell-Cell Contact","KEGG: hsa04514","Naïve CD4 T -> Naïve CD8 T (PBMC_Early)",0.0266924928433885,"Naïve CD4 T -> Naïve CD8 T","PBMC_Early:Naïve CD8 T","P < 0.01"
"Naïve CD8 T","Naïve CD8 T","HLA-F","CD8B",0.344559745929449,3,"HLA-F_CD8B","HLA-F - CD8B","MHC-I","Cell-Cell Contact","KEGG: hsa04514","Naïve CD8 T -> Naïve CD8 T (PBMC_Early)",0.0548993215908963,"Naïve CD8 T -> Naïve CD8 T","PBMC_Early:Naïve CD8 T","P < 0.01"
"NK T","Naïve CD8 T","HLA-F","CD8B",0.288071060699011,3,"HLA-F_CD8B","HLA-F - CD8B","MHC-I","Cell-Cell Contact","KEGG: hsa04514","NK T -> Naïve CD8 T (PBMC_Early)",0.0310745630594313,"NK T -> Naïve CD8 T","PBMC_Early:Naïve CD8 T","P < 0.01"
"Tem","Naïve CD8 T","HLA-F","CD8B",0.340109840792981,3,"HLA-F_CD8B","HLA-F - CD8B","MHC-I","Cell-Cell Contact","KEGG: hsa04514","Tem -> Naïve CD8 T (PBMC_Early)",0.0528537508490087,"Tem -> Naïve CD8 T","PBMC_Early:Naïve CD8 T","P < 0.01"
"Th17like_INNATE_T","Naïve CD8 T","HLA-F","CD8B",0.283044141163082,3,"HLA-F_CD8B","HLA-F - CD8B","MHC-I","Cell-Cell Contact","KEGG: hsa04514","Th17like_INNATE_T -> Naïve CD8 T (PBMC_Early)",0.0292166116552143,"Th17like_INNATE_T -> Naïve CD8 T","PBMC_Early:Naïve CD8 T","P < 0.01"
"Treg","Naïve CD8 T","HLA-F","CD8B",0.288590498362917,3,"HLA-F_CD8B","HLA-F - CD8B","MHC-I","Cell-Cell Contact","KEGG: hsa04514","Treg -> Naïve CD8 T (PBMC_Early)",0.03126932957001,"Treg -> Naïve CD8 T","PBMC_Early:Naïve CD8 T","P < 0.01"
"CD14+PPBP+ Monocytes","Naïve CD8 T","HLA-F","CD8B",0.302598675668483,3,"HLA-F_CD8B","HLA-F - CD8B","MHC-I","Cell-Cell Contact","KEGG: hsa04514","CD14+PPBP+ Monocytes -> Naïve CD8 T (PBMC_Late)",0.0367099616311606,"CD14+PPBP+ Monocytes -> Naïve CD8 T","PBMC_Late:Naïve CD8 T","P < 0.01"
"CD56highCD16low NK","Naïve CD8 T","HLA-F","CD8B",0.298487931214928,3,"HLA-F_CD8B","HLA-F - CD8B","MHC-I","Cell-Cell Contact","KEGG: hsa04514","CD56highCD16low NK -> Naïve CD8 T (PBMC_Late)",0.0350766642328473,"CD56highCD16low NK -> Naïve CD8 T","PBMC_Late:Naïve CD8 T","P < 0.01"
"Classical Monocytes","Naïve CD8 T","HLA-F","CD8B",0.245957682393612,3,"HLA-F_CD8B","HLA-F - CD8B","MHC-I","Cell-Cell Contact","KEGG: hsa04514","Classical Monocytes -> Naïve CD8 T (PBMC_Late)",0.0171502924960189,"Classical Monocytes -> Naïve CD8 T","PBMC_Late:Naïve CD8 T","P < 0.01"
"CX3CR1+ NK","Naïve CD8 T","HLA-F","CD8B",0.405922484871235,3,"HLA-F_CD8B","HLA-F - CD8B","MHC-I","Cell-Cell Contact","KEGG: hsa04514","CX3CR1+ NK -> Naïve CD8 T (PBMC_Late)",0.0851343626861943,"CX3CR1+ NK -> Naïve CD8 T","PBMC_Late:Naïve CD8 T","P < 0.01"
"CXCR5- Naïve B","Naïve CD8 T","HLA-F","CD8B",0.272426593490594,3,"HLA-F_CD8B","HLA-F - CD8B","MHC-I","Cell-Cell Contact","KEGG: hsa04514","CXCR5- Naïve B -> Naïve CD8 T (PBMC_Late)",0.0254582965842555,"CXCR5- Naïve B -> Naïve CD8 T","PBMC_Late:Naïve CD8 T","P < 0.01"
"CXCR5+ Naïve B","Naïve CD8 T","HLA-F","CD8B",0.265027664155582,3,"HLA-F_CD8B","HLA-F - CD8B","MHC-I","Cell-Cell Contact","KEGG: hsa04514","CXCR5+ Naïve B -> Naïve CD8 T (PBMC_Late)",0.0229786211444165,"CXCR5+ Naïve B -> Naïve CD8 T","PBMC_Late:Naïve CD8 T","P < 0.01"
"CXCR6+ NK","Naïve CD8 T","HLA-F","CD8B",0.35445988053013,3,"HLA-F_CD8B","HLA-F - CD8B","MHC-I","Cell-Cell Contact","KEGG: hsa04514","CXCR6+ NK -> Naïve CD8 T (PBMC_Late)",0.0595348304973464,"CXCR6+ NK -> Naïve CD8 T","PBMC_Late:Naïve CD8 T","P < 0.01"
"DC2","Naïve CD8 T","HLA-F","CD8B",0.233814349406774,3,"HLA-F_CD8B","HLA-F - CD8B","MHC-I","Cell-Cell Contact","KEGG: hsa04514","DC2 -> Naïve CD8 T (PBMC_Late)",0.0138856760184415,"DC2 -> Naïve CD8 T","PBMC_Late:Naïve CD8 T","P < 0.01"
"Gamma Delta V1 T","Naïve CD8 T","HLA-F","CD8B",0.277650463712033,3,"HLA-F_CD8B","HLA-F - CD8B","MHC-I","Cell-Cell Contact","KEGG: hsa04514","Gamma Delta V1 T -> Naïve CD8 T (PBMC_Late)",0.027278655105336,"Gamma Delta V1 T -> Naïve CD8 T","PBMC_Late:Naïve CD8 T","P < 0.01"
"Gamma Delta V2 T","Naïve CD8 T","HLA-F","CD8B",0.284237970190662,3,"HLA-F_CD8B","HLA-F - CD8B","MHC-I","Cell-Cell Contact","KEGG: hsa04514","Gamma Delta V2 T -> Naïve CD8 T (PBMC_Late)",0.0296533908680715,"Gamma Delta V2 T -> Naïve CD8 T","PBMC_Late:Naïve CD8 T","P < 0.01"
"ILC2/3","Naïve CD8 T","HLA-F","CD8B",0.257313953430846,3,"HLA-F_CD8B","HLA-F - CD8B","MHC-I","Cell-Cell Contact","KEGG: hsa04514","ILC2/3 -> Naïve CD8 T (PBMC_Late)",0.0205210715116354,"ILC2/3 -> Naïve CD8 T","PBMC_Late:Naïve CD8 T","P < 0.01"
"Naïve CD4 T","Naïve CD8 T","HLA-F","CD8B",0.269139937510213,3,"HLA-F_CD8B","HLA-F - CD8B","MHC-I","Cell-Cell Contact","KEGG: hsa04514","Naïve CD4 T -> Naïve CD8 T (PBMC_Late)",0.0243423111251838,"Naïve CD4 T -> Naïve CD8 T","PBMC_Late:Naïve CD8 T","P < 0.01"
"Naïve CD8 T","Naïve CD8 T","HLA-F","CD8B",0.350279993967967,3,"HLA-F_CD8B","HLA-F - CD8B","MHC-I","Cell-Cell Contact","KEGG: hsa04514","Naïve CD8 T -> Naïve CD8 T (PBMC_Late)",0.0575639359626719,"Naïve CD8 T -> Naïve CD8 T","PBMC_Late:Naïve CD8 T","P < 0.01"
"NK T","Naïve CD8 T","HLA-F","CD8B",0.378730666298743,3,"HLA-F_CD8B","HLA-F - CD8B","MHC-I","Cell-Cell Contact","KEGG: hsa04514","NK T -> Naïve CD8 T (PBMC_Late)",0.0713328157567874,"NK T -> Naïve CD8 T","PBMC_Late:Naïve CD8 T","P < 0.01"
"Pro-B","Naïve CD8 T","HLA-F","CD8B",0.191651481300372,3,"HLA-F_CD8B","HLA-F - CD8B","MHC-I","Cell-Cell Contact","KEGG: hsa04514","Pro-B -> Naïve CD8 T (PBMC_Late)",0.00541921287241586,"Pro-B -> Naïve CD8 T","PBMC_Late:Naïve CD8 T","P < 0.01"
"Tem","Naïve CD8 T","HLA-F","CD8B",0.281170934168576,3,"HLA-F_CD8B","HLA-F - CD8B","MHC-I","Cell-Cell Contact","KEGG: hsa04514","Tem -> Naïve CD8 T (PBMC_Late)",0.0285369544311992,"Tem -> Naïve CD8 T","PBMC_Late:Naïve CD8 T","P < 0.01"
"Th17like_INNATE_T","Naïve CD8 T","HLA-F","CD8B",0.275398164252252,3,"HLA-F_CD8B","HLA-F - CD8B","MHC-I","Cell-Cell Contact","KEGG: hsa04514","Th17like_INNATE_T -> Naïve CD8 T (PBMC_Late)",0.0264868666618841,"Th17like_INNATE_T -> Naïve CD8 T","PBMC_Late:Naïve CD8 T","P < 0.01"
"Treg","Naïve CD8 T","HLA-F","CD8B",0.282687469671958,3,"HLA-F_CD8B","HLA-F - CD8B","MHC-I","Cell-Cell Contact","KEGG: hsa04514","Treg -> Naïve CD8 T (PBMC_Late)",0.0290866635634043,"Treg -> Naïve CD8 T","PBMC_Late:Naïve CD8 T","P < 0.01"
"abT(entry)","Naïve CD8 T","ITGB2","CD226",0.179875041331672,3,"ITGB2_CD226","ITGB2 - CD226","ITGB2","Cell-Cell Contact","KEGG: hsa04514","abT(entry) -> Naïve CD8 T (PBMC_Early)",0.00385102865269807,"abT(entry) -> Naïve CD8 T","PBMC_Early:Naïve CD8 T","P < 0.01"
"CD14+PPBP+ Monocytes","Naïve CD8 T","ITGB2","CD226",0.233948824766135,3,"ITGB2_CD226","ITGB2 - CD226","ITGB2","Cell-Cell Contact","KEGG: hsa04514","CD14+PPBP+ Monocytes -> Naïve CD8 T (PBMC_Early)",0.0139198544126733,"CD14+PPBP+ Monocytes -> Naïve CD8 T","PBMC_Early:Naïve CD8 T","P < 0.01"
"CD56highCD16low NK","Naïve CD8 T","ITGB2","CD226",0.221914174513282,3,"ITGB2_CD226","ITGB2 - CD226","ITGB2","Cell-Cell Contact","KEGG: hsa04514","CD56highCD16low NK -> Naïve CD8 T (PBMC_Early)",0.0110398190874946,"CD56highCD16low NK -> Naïve CD8 T","PBMC_Early:Naïve CD8 T","P < 0.01"
"Classical Monocytes","Naïve CD8 T","ITGB2","CD226",0.249185427418603,3,"ITGB2_CD226","ITGB2 - CD226","ITGB2","Cell-Cell Contact","KEGG: hsa04514","Classical Monocytes -> Naïve CD8 T (PBMC_Early)",0.0180777068434167,"Classical Monocytes -> Naïve CD8 T","PBMC_Early:Naïve CD8 T","P < 0.01"
"CX3CR1+ NK","Naïve CD8 T","ITGB2","CD226",0.256389333156485,3,"ITGB2_CD226","ITGB2 - CD226","ITGB2","Cell-Cell Contact","KEGG: hsa04514","CX3CR1+ NK -> Naïve CD8 T (PBMC_Early)",0.0202354701048492,"CX3CR1+ NK -> Naïve CD8 T","PBMC_Early:Naïve CD8 T","P < 0.01"
"CXCR5- Naïve B","Naïve CD8 T","ITGB2","CD226",0.163655542776824,3,"ITGB2_CD226","ITGB2 - CD226","ITGB2","Cell-Cell Contact","KEGG: hsa04514","CXCR5- Naïve B -> Naïve CD8 T (PBMC_Early)",0.00221967400821343,"CXCR5- Naïve B -> Naïve CD8 T","PBMC_Early:Naïve CD8 T","P < 0.01"
"CXCR5+ Naïve B","Naïve CD8 T","ITGB2","CD226",0.166708268314973,3,"ITGB2_CD226","ITGB2 - CD226","ITGB2","Cell-Cell Contact","KEGG: hsa04514","CXCR5+ Naïve B -> Naïve CD8 T (PBMC_Early)",0.00248246635651088,"CXCR5+ Naïve B -> Naïve CD8 T","PBMC_Early:Naïve CD8 T","P < 0.01"
"CXCR6+ NK","Naïve CD8 T","ITGB2","CD226",0.243779483151397,3,"ITGB2_CD226","ITGB2 - CD226","ITGB2","Cell-Cell Contact","KEGG: hsa04514","CXCR6+ NK -> Naïve CD8 T (PBMC_Early)",0.0165384396681414,"CXCR6+ NK -> Naïve CD8 T","PBMC_Early:Naïve CD8 T","P < 0.01"
"DC2","Naïve CD8 T","ITGB2","CD226",0.247788550536553,3,"ITGB2_CD226","ITGB2 - CD226","ITGB2","Cell-Cell Contact","KEGG: hsa04514","DC2 -> Naïve CD8 T (PBMC_Early)",0.0176733225426525,"DC2 -> Naïve CD8 T","PBMC_Early:Naïve CD8 T","P < 0.01"
"Gamma Delta V1 T","Naïve CD8 T","ITGB2","CD226",0.236258670315203,3,"ITGB2_CD226","ITGB2 - CD226","ITGB2","Cell-Cell Contact","KEGG: hsa04514","Gamma Delta V1 T -> Naïve CD8 T (PBMC_Early)",0.014513893793687,"Gamma Delta V1 T -> Naïve CD8 T","PBMC_Early:Naïve CD8 T","P < 0.01"
"Gamma Delta V2 T","Naïve CD8 T","ITGB2","CD226",0.237732330925629,3,"ITGB2_CD226","ITGB2 - CD226","ITGB2","Cell-Cell Contact","KEGG: hsa04514","Gamma Delta V2 T -> Naïve CD8 T (PBMC_Early)",0.0148997409084541,"Gamma Delta V2 T -> Naïve CD8 T","PBMC_Early:Naïve CD8 T","P < 0.01"
"HSC_MPP","Naïve CD8 T","ITGB2","CD226",0.182362099741739,3,"ITGB2_CD226","ITGB2 - CD226","ITGB2","Cell-Cell Contact","KEGG: hsa04514","HSC_MPP -> Naïve CD8 T (PBMC_Early)",0.00415436555158847,"HSC_MPP -> Naïve CD8 T","PBMC_Early:Naïve CD8 T","P < 0.01"
"ILC2/3","Naïve CD8 T","ITGB2","CD226",0.220261968265024,3,"ITGB2_CD226","ITGB2 - CD226","ITGB2","Cell-Cell Contact","KEGG: hsa04514","ILC2/3 -> Naïve CD8 T (PBMC_Early)",0.0106728898085185,"ILC2/3 -> Naïve CD8 T","PBMC_Early:Naïve CD8 T","P < 0.01"
"MEMP","Naïve CD8 T","ITGB2","CD226",0.17310051045315,3,"ITGB2_CD226","ITGB2 - CD226","ITGB2","Cell-Cell Contact","KEGG: hsa04514","MEMP -> Naïve CD8 T (PBMC_Early)",0.00309802497802576,"MEMP -> Naïve CD8 T","PBMC_Early:Naïve CD8 T","P < 0.01"
"MEP","Naïve CD8 T","ITGB2","CD226",0.145492717739912,3,"ITGB2_CD226","ITGB2 - CD226","ITGB2","Cell-Cell Contact","KEGG: hsa04514","MEP -> Naïve CD8 T (PBMC_Early)",0.00103516314523115,"MEP -> Naïve CD8 T","PBMC_Early:Naïve CD8 T","P < 0.01"
"Myeloid-CD177","Naïve CD8 T","ITGB2","CD226",0.223961138742032,3,"ITGB2_CD226","ITGB2 - CD226","ITGB2","Cell-Cell Contact","KEGG: hsa04514","Myeloid-CD177 -> Naïve CD8 T (PBMC_Early)",0.0115040015001813,"Myeloid-CD177 -> Naïve CD8 T","PBMC_Early:Naïve CD8 T","P < 0.01"
"Naïve CD4 T","Naïve CD8 T","ITGB2","CD226",0.213778472300761,3,"ITGB2_CD226","ITGB2 - CD226","ITGB2","Cell-Cell Contact","KEGG: hsa04514","Naïve CD4 T -> Naïve CD8 T (PBMC_Early)",0.00930001300276987,"Naïve CD4 T -> Naïve CD8 T","PBMC_Early:Naïve CD8 T","P < 0.01"
"Naïve CD8 T","Naïve CD8 T","ITGB2","CD226",0.208003818249237,3,"ITGB2_CD226","ITGB2 - CD226","ITGB2","Cell-Cell Contact","KEGG: hsa04514","Naïve CD8 T -> Naïve CD8 T (PBMC_Early)",0.00816740492944893,"Naïve CD8 T -> Naïve CD8 T","PBMC_Early:Naïve CD8 T","P < 0.01"
"NK T","Naïve CD8 T","ITGB2","CD226",0.238160630806685,3,"ITGB2_CD226","ITGB2 - CD226","ITGB2","Cell-Cell Contact","KEGG: hsa04514","NK T -> Naïve CD8 T (PBMC_Early)",0.0150128798552442,"NK T -> Naïve CD8 T","PBMC_Early:Naïve CD8 T","P < 0.01"
"pDC","Naïve CD8 T","ITGB2","CD226",0.196212559869625,3,"ITGB2_CD226","ITGB2 - CD226","ITGB2","Cell-Cell Contact","KEGG: hsa04514","pDC -> Naïve CD8 T (PBMC_Early)",0.00611803873099056,"pDC -> Naïve CD8 T","PBMC_Early:Naïve CD8 T","P < 0.01"
"Tem","Naïve CD8 T","ITGB2","CD226",0.227619100567398,3,"ITGB2_CD226","ITGB2 - CD226","ITGB2","Cell-Cell Contact","KEGG: hsa04514","Tem -> Naïve CD8 T (PBMC_Early)",0.0123598196637856,"Tem -> Naïve CD8 T","PBMC_Early:Naïve CD8 T","P < 0.01"
"Th17like_INNATE_T","Naïve CD8 T","ITGB2","CD226",0.234843554908824,3,"ITGB2_CD226","ITGB2 - CD226","ITGB2","Cell-Cell Contact","KEGG: hsa04514","Th17like_INNATE_T -> Naïve CD8 T (PBMC_Early)",0.0141483976257656,"Th17like_INNATE_T -> Naïve CD8 T","PBMC_Early:Naïve CD8 T","P < 0.01"
"Treg","Naïve CD8 T","ITGB2","CD226",0.218281218498745,3,"ITGB2_CD226","ITGB2 - CD226","ITGB2","Cell-Cell Contact","KEGG: hsa04514","Treg -> Naïve CD8 T (PBMC_Early)",0.0102421247347171,"Treg -> Naïve CD8 T","PBMC_Early:Naïve CD8 T","P < 0.01"
"abT(entry)","Naïve CD8 T","ITGB2","ICAM2",0.189497656399136,3,"ITGB2_ICAM2","ITGB2 - ICAM2","ITGB2","Cell-Cell Contact","KEGG: hsa04514","abT(entry) -> Naïve CD8 T (PBMC_Early)",0.0051071685996665,"abT(entry) -> Naïve CD8 T","PBMC_Early:Naïve CD8 T","P < 0.01"
"CD14+PPBP+ Monocytes","Naïve CD8 T","ITGB2","ICAM2",0.250286216639896,3,"ITGB2_ICAM2","ITGB2 - ICAM2","ITGB2","Cell-Cell Contact","KEGG: hsa04514","CD14+PPBP+ Monocytes -> Naïve CD8 T (PBMC_Early)",0.0183996107286266,"CD14+PPBP+ Monocytes -> Naïve CD8 T","PBMC_Early:Naïve CD8 T","P < 0.01"
"CD56highCD16low NK","Naïve CD8 T","ITGB2","ICAM2",0.236613982749721,3,"ITGB2_ICAM2","ITGB2 - ICAM2","ITGB2","Cell-Cell Contact","KEGG: hsa04514","CD56highCD16low NK -> Naïve CD8 T (PBMC_Early)",0.0146064375449446,"CD56highCD16low NK -> Naïve CD8 T","PBMC_Early:Naïve CD8 T","P < 0.01"
"Classical Monocytes","Naïve CD8 T","ITGB2","ICAM2",0.267707619300998,3,"ITGB2_ICAM2","ITGB2 - ICAM2","ITGB2","Cell-Cell Contact","KEGG: hsa04514","Classical Monocytes -> Naïve CD8 T (PBMC_Early)",0.0238631816778753,"Classical Monocytes -> Naïve CD8 T","PBMC_Early:Naïve CD8 T","P < 0.01"
"CX3CR1+ NK","Naïve CD8 T","ITGB2","ICAM2",0.275986620823404,3,"ITGB2_ICAM2","ITGB2 - ICAM2","ITGB2","Cell-Cell Contact","KEGG: hsa04514","CX3CR1+ NK -> Naïve CD8 T (PBMC_Early)",0.0266927296242028,"CX3CR1+ NK -> Naïve CD8 T","PBMC_Early:Naïve CD8 T","P < 0.01"
"CXCR5+ Naïve B","Naïve CD8 T","ITGB2","ICAM2",0.17495517933722,2,"ITGB2_ICAM2","ITGB2 - ICAM2","ITGB2","Cell-Cell Contact","KEGG: hsa04514","CXCR5+ Naïve B -> Naïve CD8 T (PBMC_Early)",0.00329368058366581,"CXCR5+ Naïve B -> Naïve CD8 T","PBMC_Early:Naïve CD8 T","0.01 <= P < 0.05"
"CXCR6+ NK","Naïve CD8 T","ITGB2","ICAM2",0.261512507886911,3,"ITGB2_ICAM2","ITGB2 - ICAM2","ITGB2","Cell-Cell Contact","KEGG: hsa04514","CXCR6+ NK -> Naïve CD8 T (PBMC_Early)",0.0218422551502375,"CXCR6+ NK -> Naïve CD8 T","PBMC_Early:Naïve CD8 T","P < 0.01"
"DC2","Naïve CD8 T","ITGB2","ICAM2",0.266105366931015,3,"ITGB2_ICAM2","ITGB2 - ICAM2","ITGB2","Cell-Cell Contact","KEGG: hsa04514","DC2 -> Naïve CD8 T (PBMC_Early)",0.0233324559854305,"DC2 -> Naïve CD8 T","PBMC_Early:Naïve CD8 T","P < 0.01"
"Gamma Delta V1 T","Naïve CD8 T","ITGB2","ICAM2",0.252919357092431,3,"ITGB2_ICAM2","ITGB2 - ICAM2","ITGB2","Cell-Cell Contact","KEGG: hsa04514","Gamma Delta V1 T -> Naïve CD8 T (PBMC_Early)",0.0191811080528899,"Gamma Delta V1 T -> Naïve CD8 T","PBMC_Early:Naïve CD8 T","P < 0.01"
"Gamma Delta V2 T","Naïve CD8 T","ITGB2","ICAM2",0.254600769899863,3,"ITGB2_ICAM2","ITGB2 - ICAM2","ITGB2","Cell-Cell Contact","KEGG: hsa04514","Gamma Delta V2 T -> Naïve CD8 T (PBMC_Early)",0.0196885526687793,"Gamma Delta V2 T -> Naïve CD8 T","PBMC_Early:Naïve CD8 T","P < 0.01"
"HSC_MPP","Naïve CD8 T","ITGB2","ICAM2",0.192256300240281,3,"ITGB2_ICAM2","ITGB2 - ICAM2","ITGB2","Cell-Cell Contact","KEGG: hsa04514","HSC_MPP -> Naïve CD8 T (PBMC_Early)",0.00550890165158444,"HSC_MPP -> Naïve CD8 T","PBMC_Early:Naïve CD8 T","P < 0.01"
"ILC2/3","Naïve CD8 T","ITGB2","ICAM2",0.234743170671918,3,"ITGB2_ICAM2","ITGB2 - ICAM2","ITGB2","Cell-Cell Contact","KEGG: hsa04514","ILC2/3 -> Naïve CD8 T (PBMC_Early)",0.0141226577873643,"ILC2/3 -> Naïve CD8 T","PBMC_Early:Naïve CD8 T","P < 0.01"
"MEMP","Naïve CD8 T","ITGB2","ICAM2",0.182002202191593,3,"ITGB2_ICAM2","ITGB2 - ICAM2","ITGB2","Cell-Cell Contact","KEGG: hsa04514","MEMP -> Naïve CD8 T (PBMC_Early)",0.00410956123335606,"MEMP -> Naïve CD8 T","PBMC_Early:Naïve CD8 T","P < 0.01"
"Myeloid-CD177","Naïve CD8 T","ITGB2","ICAM2",0.238933880808665,3,"ITGB2_ICAM2","ITGB2 - ICAM2","ITGB2","Cell-Cell Contact","KEGG: hsa04514","Myeloid-CD177 -> Naïve CD8 T (PBMC_Early)",0.0152182750510438,"Myeloid-CD177 -> Naïve CD8 T","PBMC_Early:Naïve CD8 T","P < 0.01"
"Naïve CD4 T","Naïve CD8 T","ITGB2","ICAM2",0.227416554680981,3,"ITGB2_ICAM2","ITGB2 - ICAM2","ITGB2","Cell-Cell Contact","KEGG: hsa04514","Naïve CD4 T -> Naïve CD8 T (PBMC_Early)",0.0123115520980803,"Naïve CD4 T -> Naïve CD8 T","PBMC_Early:Naïve CD8 T","P < 0.01"
"Naïve CD8 T","Naïve CD8 T","ITGB2","ICAM2",0.220910916489274,3,"ITGB2_ICAM2","ITGB2 - ICAM2","ITGB2","Cell-Cell Contact","KEGG: hsa04514","Naïve CD8 T -> Naïve CD8 T (PBMC_Early)",0.0108161860040855,"Naïve CD8 T -> Naïve CD8 T","PBMC_Early:Naïve CD8 T","P < 0.01"
"NK T","Naïve CD8 T","ITGB2","ICAM2",0.255089667549106,3,"ITGB2_ICAM2","ITGB2 - ICAM2","ITGB2","Cell-Cell Contact","KEGG: hsa04514","NK T -> Naïve CD8 T (PBMC_Early)",0.0198373224816267,"NK T -> Naïve CD8 T","PBMC_Early:Naïve CD8 T","P < 0.01"
"pDC","Naïve CD8 T","ITGB2","ICAM2",0.207686438513468,3,"ITGB2_ICAM2","ITGB2 - ICAM2","ITGB2","Cell-Cell Contact","KEGG: hsa04514","pDC -> Naïve CD8 T (PBMC_Early)",0.00810762030992248,"pDC -> Naïve CD8 T","PBMC_Early:Naïve CD8 T","P < 0.01"
"Tem","Naïve CD8 T","ITGB2","ICAM2",0.243085326668692,3,"ITGB2_ICAM2","ITGB2 - ICAM2","ITGB2","Cell-Cell Contact","KEGG: hsa04514","Tem -> Naïve CD8 T (PBMC_Early)",0.0163458402978119,"Tem -> Naïve CD8 T","PBMC_Early:Naïve CD8 T","P < 0.01"
"Th17like_INNATE_T","Naïve CD8 T","ITGB2","ICAM2",0.251305836812325,3,"ITGB2_ICAM2","ITGB2 - ICAM2","ITGB2","Cell-Cell Contact","KEGG: hsa04514","Th17like_INNATE_T -> Naïve CD8 T (PBMC_Early)",0.0187003100069166,"Th17like_INNATE_T -> Naïve CD8 T","PBMC_Early:Naïve CD8 T","P < 0.01"
"Treg","Naïve CD8 T","ITGB2","ICAM2",0.23250234648986,3,"ITGB2_ICAM2","ITGB2 - ICAM2","ITGB2","Cell-Cell Contact","KEGG: hsa04514","Treg -> Naïve CD8 T (PBMC_Early)",0.013554565366912,"Treg -> Naïve CD8 T","PBMC_Early:Naïve CD8 T","P < 0.01"
"CD14+PPBP+ Monocytes","Naïve CD8 T","ITGB2","ICAM2",0.243975729625528,3,"ITGB2_ICAM2","ITGB2 - ICAM2","ITGB2","Cell-Cell Contact","KEGG: hsa04514","CD14+PPBP+ Monocytes -> Naïve CD8 T (PBMC_Late)",0.0165930996281195,"CD14+PPBP+ Monocytes -> Naïve CD8 T","PBMC_Late:Naïve CD8 T","P < 0.01"
"Classical Monocytes","Naïve CD8 T","ITGB2","ICAM2",0.249045598910706,3,"ITGB2_ICAM2","ITGB2 - ICAM2","ITGB2","Cell-Cell Contact","KEGG: hsa04514","Classical Monocytes -> Naïve CD8 T (PBMC_Late)",0.0180370205269788,"Classical Monocytes -> Naïve CD8 T","PBMC_Late:Naïve CD8 T","P < 0.01"
"CX3CR1+ NK","Naïve CD8 T","ITGB2","ICAM2",0.256294246845816,3,"ITGB2_ICAM2","ITGB2 - ICAM2","ITGB2","Cell-Cell Contact","KEGG: hsa04514","CX3CR1+ NK -> Naïve CD8 T (PBMC_Late)",0.020206209836601,"CX3CR1+ NK -> Naïve CD8 T","PBMC_Late:Naïve CD8 T","P < 0.01"
"CXCR6+ NK","Naïve CD8 T","ITGB2","ICAM2",0.245838684509271,3,"ITGB2_ICAM2","ITGB2 - ICAM2","ITGB2","Cell-Cell Contact","KEGG: hsa04514","CXCR6+ NK -> Naïve CD8 T (PBMC_Late)",0.0171165736365107,"CXCR6+ NK -> Naïve CD8 T","PBMC_Late:Naïve CD8 T","P < 0.01"
"DC2","Naïve CD8 T","ITGB2","ICAM2",0.246227834649786,3,"ITGB2_ICAM2","ITGB2 - ICAM2","ITGB2","Cell-Cell Contact","KEGG: hsa04514","DC2 -> Naïve CD8 T (PBMC_Late)",0.0172269671101205,"DC2 -> Naïve CD8 T","PBMC_Late:Naïve CD8 T","P < 0.01"
"Gamma Delta V1 T","Naïve CD8 T","ITGB2","ICAM2",0.222717986736201,3,"ITGB2_ICAM2","ITGB2 - ICAM2","ITGB2","Cell-Cell Contact","KEGG: hsa04514","Gamma Delta V1 T -> Naïve CD8 T (PBMC_Late)",0.01122083326432,"Gamma Delta V1 T -> Naïve CD8 T","PBMC_Late:Naïve CD8 T","P < 0.01"
"Gamma Delta V2 T","Naïve CD8 T","ITGB2","ICAM2",0.234180985427471,3,"ITGB2_ICAM2","ITGB2 - ICAM2","ITGB2","Cell-Cell Contact","KEGG: hsa04514","Gamma Delta V2 T -> Naïve CD8 T (PBMC_Late)",0.0139789658239518,"Gamma Delta V2 T -> Naïve CD8 T","PBMC_Late:Naïve CD8 T","P < 0.01"
"ILC2/3","Naïve CD8 T","ITGB2","ICAM2",0.214914036429268,3,"ITGB2_ICAM2","ITGB2 - ICAM2","ITGB2","Cell-Cell Contact","KEGG: hsa04514","ILC2/3 -> Naïve CD8 T (PBMC_Late)",0.00953273883645572,"ILC2/3 -> Naïve CD8 T","PBMC_Late:Naïve CD8 T","P < 0.01"
"Naïve CD4 T","Naïve CD8 T","ITGB2","ICAM2",0.20911044387193,3,"ITGB2_ICAM2","ITGB2 - ICAM2","ITGB2","Cell-Cell Contact","KEGG: hsa04514","Naïve CD4 T -> Naïve CD8 T (PBMC_Late)",0.00837786716675215,"Naïve CD4 T -> Naïve CD8 T","PBMC_Late:Naïve CD8 T","P < 0.01"
"Naïve CD8 T","Naïve CD8 T","ITGB2","ICAM2",0.203661652058948,2,"ITGB2_ICAM2","ITGB2 - ICAM2","ITGB2","Cell-Cell Contact","KEGG: hsa04514","Naïve CD8 T -> Naïve CD8 T (PBMC_Late)",0.00737171773853941,"Naïve CD8 T -> Naïve CD8 T","PBMC_Late:Naïve CD8 T","0.01 <= P < 0.05"
"NK T","Naïve CD8 T","ITGB2","ICAM2",0.239850788732316,3,"ITGB2_ICAM2","ITGB2 - ICAM2","ITGB2","Cell-Cell Contact","KEGG: hsa04514","NK T -> Naïve CD8 T (PBMC_Late)",0.0154637183331918,"NK T -> Naïve CD8 T","PBMC_Late:Naïve CD8 T","P < 0.01"
"Tem","Naïve CD8 T","ITGB2","ICAM2",0.229155013750273,3,"ITGB2_ICAM2","ITGB2 - ICAM2","ITGB2","Cell-Cell Contact","KEGG: hsa04514","Tem -> Naïve CD8 T (PBMC_Late)",0.0127291802723939,"Tem -> Naïve CD8 T","PBMC_Late:Naïve CD8 T","P < 0.01"
"Th17like_INNATE_T","Naïve CD8 T","ITGB2","ICAM2",0.218995578668597,3,"ITGB2_ICAM2","ITGB2 - ICAM2","ITGB2","Cell-Cell Contact","KEGG: hsa04514","Th17like_INNATE_T -> Naïve CD8 T (PBMC_Late)",0.0103963319361438,"Th17like_INNATE_T -> Naïve CD8 T","PBMC_Late:Naïve CD8 T","P < 0.01"
"Treg","Naïve CD8 T","ITGB2","ICAM2",0.210719002965644,3,"ITGB2_ICAM2","ITGB2 - ICAM2","ITGB2","Cell-Cell Contact","KEGG: hsa04514","Treg -> Naïve CD8 T (PBMC_Late)",0.00868935582236864,"Treg -> Naïve CD8 T","PBMC_Late:Naïve CD8 T","P < 0.01"
"abT(entry)","Naïve CD8 T","LCK","CD8 receptor",0.302172867531864,3,"LCK_CD8A_CD8B1","LCK - (CD8A+CD8B1)","LCK","Cell-Cell Contact","PMID: 25427562","abT(entry) -> Naïve CD8 T (PBMC_Early)",0.0365394065863839,"abT(entry) -> Naïve CD8 T","PBMC_Early:Naïve CD8 T","P < 0.01"
"CX3CR1+ NK","Naïve CD8 T","LCK","CD8 receptor",0.437119065597797,3,"LCK_CD8A_CD8B1","LCK - (CD8A+CD8B1)","LCK","Cell-Cell Contact","PMID: 25427562","CX3CR1+ NK -> Naïve CD8 T (PBMC_Early)",0.101499012664335,"CX3CR1+ NK -> Naïve CD8 T","PBMC_Early:Naïve CD8 T","P < 0.01"
"CXCR6+ NK","Naïve CD8 T","LCK","CD8 receptor",0.431311287961309,3,"LCK_CD8A_CD8B1","LCK - (CD8A+CD8B1)","LCK","Cell-Cell Contact","PMID: 25427562","CXCR6+ NK -> Naïve CD8 T (PBMC_Early)",0.0984200161114038,"CXCR6+ NK -> Naïve CD8 T","PBMC_Early:Naïve CD8 T","P < 0.01"
"Gamma Delta V1 T","Naïve CD8 T","LCK","CD8 receptor",0.517300650525572,3,"LCK_CD8A_CD8B1","LCK - (CD8A+CD8B1)","LCK","Cell-Cell Contact","PMID: 25427562","Gamma Delta V1 T -> Naïve CD8 T (PBMC_Early)",0.144697226020312,"Gamma Delta V1 T -> Naïve CD8 T","PBMC_Early:Naïve CD8 T","P < 0.01"
"Gamma Delta V2 T","Naïve CD8 T","LCK","CD8 receptor",0.486723015170646,3,"LCK_CD8A_CD8B1","LCK - (CD8A+CD8B1)","LCK","Cell-Cell Contact","PMID: 25427562","Gamma Delta V2 T -> Naïve CD8 T (PBMC_Early)",0.128149640108723,"Gamma Delta V2 T -> Naïve CD8 T","PBMC_Early:Naïve CD8 T","P < 0.01"
"ILC2/3","Naïve CD8 T","LCK","CD8 receptor",0.384830580439942,3,"LCK_CD8A_CD8B1","LCK - (CD8A+CD8B1)","LCK","Cell-Cell Contact","PMID: 25427562","ILC2/3 -> Naïve CD8 T (PBMC_Early)",0.0743816438744134,"ILC2/3 -> Naïve CD8 T","PBMC_Early:Naïve CD8 T","P < 0.01"
"Naïve CD4 T","Naïve CD8 T","LCK","CD8 receptor",0.482337089106474,3,"LCK_CD8A_CD8B1","LCK - (CD8A+CD8B1)","LCK","Cell-Cell Contact","PMID: 25427562","Naïve CD4 T -> Naïve CD8 T (PBMC_Early)",0.125777743921826,"Naïve CD4 T -> Naïve CD8 T","PBMC_Early:Naïve CD8 T","P < 0.01"
"Naïve CD8 T","Naïve CD8 T","LCK","CD8 receptor",0.487963239859876,3,"LCK_CD8A_CD8B1","LCK - (CD8A+CD8B1)","LCK","Cell-Cell Contact","PMID: 25427562","Naïve CD8 T -> Naïve CD8 T (PBMC_Early)",0.128820579355153,"Naïve CD8 T -> Naïve CD8 T","PBMC_Early:Naïve CD8 T","P < 0.01"
"NK T","Naïve CD8 T","LCK","CD8 receptor",0.493570082166442,3,"LCK_CD8A_CD8B1","LCK - (CD8A+CD8B1)","LCK","Cell-Cell Contact","PMID: 25427562","NK T -> Naïve CD8 T (PBMC_Early)",0.131854698596834,"NK T -> Naïve CD8 T","PBMC_Early:Naïve CD8 T","P < 0.01"
"Tem","Naïve CD8 T","LCK","CD8 receptor",0.491310114466672,3,"LCK_CD8A_CD8B1","LCK - (CD8A+CD8B1)","LCK","Cell-Cell Contact","PMID: 25427562","Tem -> Naïve CD8 T (PBMC_Early)",0.130631572718691,"Tem -> Naïve CD8 T","PBMC_Early:Naïve CD8 T","P < 0.01"
"Th17like_INNATE_T","Naïve CD8 T","LCK","CD8 receptor",0.483505648330467,3,"LCK_CD8A_CD8B1","LCK - (CD8A+CD8B1)","LCK","Cell-Cell Contact","PMID: 25427562","Th17like_INNATE_T -> Naïve CD8 T (PBMC_Early)",0.12640956023166,"Th17like_INNATE_T -> Naïve CD8 T","PBMC_Early:Naïve CD8 T","P < 0.01"
"Treg","Naïve CD8 T","LCK","CD8 receptor",0.487334422737677,3,"LCK_CD8A_CD8B1","LCK - (CD8A+CD8B1)","LCK","Cell-Cell Contact","PMID: 25427562","Treg -> Naïve CD8 T (PBMC_Early)",0.128480389516996,"Treg -> Naïve CD8 T","PBMC_Early:Naïve CD8 T","P < 0.01"
"abT(entry)","Naïve CD8 T","LCK","CD8 receptor",0.274993621763111,3,"LCK_CD8A_CD8B1","LCK - (CD8A+CD8B1)","LCK","Cell-Cell Contact","PMID: 25427562","abT(entry) -> Naïve CD8 T (PBMC_Late)",0.0263457586594197,"abT(entry) -> Naïve CD8 T","PBMC_Late:Naïve CD8 T","P < 0.01"
"CX3CR1+ NK","Naïve CD8 T","LCK","CD8 receptor",0.391463865136378,3,"LCK_CD8A_CD8B1","LCK - (CD8A+CD8B1)","LCK","Cell-Cell Contact","PMID: 25427562","CX3CR1+ NK -> Naïve CD8 T (PBMC_Late)",0.0777299845751506,"CX3CR1+ NK -> Naïve CD8 T","PBMC_Late:Naïve CD8 T","P < 0.01"
"CXCR6+ NK","Naïve CD8 T","LCK","CD8 receptor",0.345320559790506,3,"LCK_CD8A_CD8B1","LCK - (CD8A+CD8B1)","LCK","Cell-Cell Contact","PMID: 25427562","CXCR6+ NK -> Naïve CD8 T (PBMC_Late)",0.0552514877808161,"CXCR6+ NK -> Naïve CD8 T","PBMC_Late:Naïve CD8 T","P < 0.01"
"Gamma Delta V1 T","Naïve CD8 T","LCK","CD8 receptor",0.45665620092058,3,"LCK_CD8A_CD8B1","LCK - (CD8A+CD8B1)","LCK","Cell-Cell Contact","PMID: 25427562","Gamma Delta V1 T -> Naïve CD8 T (PBMC_Late)",0.111935640888697,"Gamma Delta V1 T -> Naïve CD8 T","PBMC_Late:Naïve CD8 T","P < 0.01"
"Gamma Delta V2 T","Naïve CD8 T","LCK","CD8 receptor",0.440791930103979,3,"LCK_CD8A_CD8B1","LCK - (CD8A+CD8B1)","LCK","Cell-Cell Contact","PMID: 25427562","Gamma Delta V2 T -> Naïve CD8 T (PBMC_Late)",0.103452358791539,"Gamma Delta V2 T -> Naïve CD8 T","PBMC_Late:Naïve CD8 T","P < 0.01"
"ILC2/3","Naïve CD8 T","LCK","CD8 receptor",0.265307972571429,3,"LCK_CD8A_CD8B1","LCK - (CD8A+CD8B1)","LCK","Cell-Cell Contact","PMID: 25427562","ILC2/3 -> Naïve CD8 T (PBMC_Late)",0.0230704088561186,"ILC2/3 -> Naïve CD8 T","PBMC_Late:Naïve CD8 T","P < 0.01"
"Naïve CD4 T","Naïve CD8 T","LCK","CD8 receptor",0.389899572690263,3,"LCK_CD8A_CD8B1","LCK - (CD8A+CD8B1)","LCK","Cell-Cell Contact","PMID: 25427562","Naïve CD4 T -> Naïve CD8 T (PBMC_Late)",0.0769374130046144,"Naïve CD4 T -> Naïve CD8 T","PBMC_Late:Naïve CD8 T","P < 0.01"
"Naïve CD8 T","Naïve CD8 T","LCK","CD8 receptor",0.42988359483349,3,"LCK_CD8A_CD8B1","LCK - (CD8A+CD8B1)","LCK","Cell-Cell Contact","PMID: 25427562","Naïve CD8 T -> Naïve CD8 T (PBMC_Late)",0.0976650879361744,"Naïve CD8 T -> Naïve CD8 T","PBMC_Late:Naïve CD8 T","P < 0.01"
"NK T","Naïve CD8 T","LCK","CD8 receptor",0.443656645432554,3,"LCK_CD8A_CD8B1","LCK - (CD8A+CD8B1)","LCK","Cell-Cell Contact","PMID: 25427562","NK T -> Naïve CD8 T (PBMC_Late)",0.104978961624299,"NK T -> Naïve CD8 T","PBMC_Late:Naïve CD8 T","P < 0.01"
"Tem","Naïve CD8 T","LCK","CD8 receptor",0.380266148096957,3,"LCK_CD8A_CD8B1","LCK - (CD8A+CD8B1)","LCK","Cell-Cell Contact","PMID: 25427562","Tem -> Naïve CD8 T (PBMC_Late)",0.0720974136882918,"Tem -> Naïve CD8 T","PBMC_Late:Naïve CD8 T","P < 0.01"
"Th17like_INNATE_T","Naïve CD8 T","LCK","CD8 receptor",0.394628396070776,3,"LCK_CD8A_CD8B1","LCK - (CD8A+CD8B1)","LCK","Cell-Cell Contact","PMID: 25427562","Th17like_INNATE_T -> Naïve CD8 T (PBMC_Late)",0.0793386795357399,"Th17like_INNATE_T -> Naïve CD8 T","PBMC_Late:Naïve CD8 T","P < 0.01"
"Treg","Naïve CD8 T","LCK","CD8 receptor",0.396492385558426,3,"LCK_CD8A_CD8B1","LCK - (CD8A+CD8B1)","LCK","Cell-Cell Contact","PMID: 25427562","Treg -> Naïve CD8 T (PBMC_Late)",0.0802894915946988,"Treg -> Naïve CD8 T","PBMC_Late:Naïve CD8 T","P < 0.01"
"abT(entry)","Naïve CD8 T","SELPLG","SELL",0.309180283555757,3,"SELPLG_SELL","SELPLG - SELL","SELPLG","Cell-Cell Contact","PMC2431087; PMID:  8892633,PMID:  8896607","abT(entry) -> Naïve CD8 T (PBMC_Early)",0.0393854470901625,"abT(entry) -> Naïve CD8 T","PBMC_Early:Naïve CD8 T","P < 0.01"
"CD14+PPBP+ Monocytes","Naïve CD8 T","SELPLG","SELL",0.26487920366094,3,"SELPLG_SELL","SELPLG - SELL","SELPLG","Cell-Cell Contact","PMC2431087; PMID:  8892633,PMID:  8896607","CD14+PPBP+ Monocytes -> Naïve CD8 T (PBMC_Early)",0.022930077022216,"CD14+PPBP+ Monocytes -> Naïve CD8 T","PBMC_Early:Naïve CD8 T","P < 0.01"
"Classical Monocytes","Naïve CD8 T","SELPLG","SELL",0.281686634239437,3,"SELPLG_SELL","SELPLG - SELL","SELPLG","Cell-Cell Contact","PMC2431087; PMID:  8892633,PMID:  8896607","Classical Monocytes -> Naïve CD8 T (PBMC_Early)",0.0287233702672823,"Classical Monocytes -> Naïve CD8 T","PBMC_Early:Naïve CD8 T","P < 0.01"
"CX3CR1+ NK","Naïve CD8 T","SELPLG","SELL",0.445085293068465,3,"SELPLG_SELL","SELPLG - SELL","SELPLG","Cell-Cell Contact","PMC2431087; PMID:  8892633,PMID:  8896607","CX3CR1+ NK -> Naïve CD8 T (PBMC_Early)",0.105741232204737,"CX3CR1+ NK -> Naïve CD8 T","PBMC_Early:Naïve CD8 T","P < 0.01"
"CXCR6+ NK","Naïve CD8 T","SELPLG","SELL",0.239451101705925,3,"SELPLG_SELL","SELPLG - SELL","SELPLG","Cell-Cell Contact","PMC2431087; PMID:  8892633,PMID:  8896607","CXCR6+ NK -> Naïve CD8 T (PBMC_Early)",0.0153564761399334,"CXCR6+ NK -> Naïve CD8 T","PBMC_Early:Naïve CD8 T","P < 0.01"
"DC2","Naïve CD8 T","SELPLG","SELL",0.352209975543549,3,"SELPLG_SELL","SELPLG - SELL","SELPLG","Cell-Cell Contact","PMC2431087; PMID:  8892633,PMID:  8896607","DC2 -> Naïve CD8 T (PBMC_Early)",0.0584715225049603,"DC2 -> Naïve CD8 T","PBMC_Early:Naïve CD8 T","P < 0.01"
"Gamma Delta V1 T","Naïve CD8 T","SELPLG","SELL",0.406677040070914,3,"SELPLG_SELL","SELPLG - SELL","SELPLG","Cell-Cell Contact","PMC2431087; PMID:  8892633,PMID:  8896607","Gamma Delta V1 T -> Naïve CD8 T (PBMC_Early)",0.0855243909426005,"Gamma Delta V1 T -> Naïve CD8 T","PBMC_Early:Naïve CD8 T","P < 0.01"
"Gamma Delta V2 T","Naïve CD8 T","SELPLG","SELL",0.406297250907352,3,"SELPLG_SELL","SELPLG - SELL","SELPLG","Cell-Cell Contact","PMC2431087; PMID:  8892633,PMID:  8896607","Gamma Delta V2 T -> Naïve CD8 T (PBMC_Early)",0.085328036831447,"Gamma Delta V2 T -> Naïve CD8 T","PBMC_Early:Naïve CD8 T","P < 0.01"
"HSC_MPP","Naïve CD8 T","SELPLG","SELL",0.243732183582254,3,"SELPLG_SELL","SELPLG - SELL","SELPLG","Cell-Cell Contact","PMC2431087; PMID:  8892633,PMID:  8896607","HSC_MPP -> Naïve CD8 T (PBMC_Early)",0.0165252792758404,"HSC_MPP -> Naïve CD8 T","PBMC_Early:Naïve CD8 T","P < 0.01"
"ILC2/3","Naïve CD8 T","SELPLG","SELL",0.388867306351474,3,"SELPLG_SELL","SELPLG - SELL","SELPLG","Cell-Cell Contact","PMC2431087; PMID:  8892633,PMID:  8896607","ILC2/3 -> Naïve CD8 T (PBMC_Early)",0.076415380442986,"ILC2/3 -> Naïve CD8 T","PBMC_Early:Naïve CD8 T","P < 0.01"
"MEMP","Naïve CD8 T","SELPLG","SELL",0.316720241104228,3,"SELPLG_SELL","SELPLG - SELL","SELPLG","Cell-Cell Contact","PMC2431087; PMID:  8892633,PMID:  8896607","MEMP -> Naïve CD8 T (PBMC_Early)",0.0425378688978598,"MEMP -> Naïve CD8 T","PBMC_Early:Naïve CD8 T","P < 0.01"
"MEP","Naïve CD8 T","SELPLG","SELL",0.243492528769428,3,"SELPLG_SELL","SELPLG - SELL","SELPLG","Cell-Cell Contact","PMC2431087; PMID:  8892633,PMID:  8896607","MEP -> Naïve CD8 T (PBMC_Early)",0.0164586814801231,"MEP -> Naïve CD8 T","PBMC_Early:Naïve CD8 T","P < 0.01"
"Naïve CD4 T","Naïve CD8 T","SELPLG","SELL",0.410468027876202,3,"SELPLG_SELL","SELPLG - SELL","SELPLG","Cell-Cell Contact","PMC2431087; PMID:  8892633,PMID:  8896607","Naïve CD4 T -> Naïve CD8 T (PBMC_Early)",0.087488900774324,"Naïve CD4 T -> Naïve CD8 T","PBMC_Early:Naïve CD8 T","P < 0.01"
"Naïve CD8 T","Naïve CD8 T","SELPLG","SELL",0.410098901527962,3,"SELPLG_SELL","SELPLG - SELL","SELPLG","Cell-Cell Contact","PMC2431087; PMID:  8892633,PMID:  8896607","Naïve CD8 T -> Naïve CD8 T (PBMC_Early)",0.0872972617358505,"Naïve CD8 T -> Naïve CD8 T","PBMC_Early:Naïve CD8 T","P < 0.01"
"NK T","Naïve CD8 T","SELPLG","SELL",0.42953787598597,3,"SELPLG_SELL","SELPLG - SELL","SELPLG","Cell-Cell Contact","PMC2431087; PMID:  8892633,PMID:  8896607","NK T -> Naïve CD8 T (PBMC_Early)",0.0974824026508306,"NK T -> Naïve CD8 T","PBMC_Early:Naïve CD8 T","P < 0.01"
"pDC","Naïve CD8 T","SELPLG","SELL",0.493477107739274,3,"SELPLG_SELL","SELPLG - SELL","SELPLG","Cell-Cell Contact","PMC2431087; PMID:  8892633,PMID:  8896607","pDC -> Naïve CD8 T (PBMC_Early)",0.131804376306785,"pDC -> Naïve CD8 T","PBMC_Early:Naïve CD8 T","P < 0.01"
"Tem","Naïve CD8 T","SELPLG","SELL",0.43380432703931,3,"SELPLG_SELL","SELPLG - SELL","SELPLG","Cell-Cell Contact","PMC2431087; PMID:  8892633,PMID:  8896607","Tem -> Naïve CD8 T (PBMC_Early)",0.0997401693983689,"Tem -> Naïve CD8 T","PBMC_Early:Naïve CD8 T","P < 0.01"
"Th17like_INNATE_T","Naïve CD8 T","SELPLG","SELL",0.435282845262084,3,"SELPLG_SELL","SELPLG - SELL","SELPLG","Cell-Cell Contact","PMC2431087; PMID:  8892633,PMID:  8896607","Th17like_INNATE_T -> Naïve CD8 T (PBMC_Early)",0.100524199472872,"Th17like_INNATE_T -> Naïve CD8 T","PBMC_Early:Naïve CD8 T","P < 0.01"
"Treg","Naïve CD8 T","SELPLG","SELL",0.458157694334939,3,"SELPLG_SELL","SELPLG - SELL","SELPLG","Cell-Cell Contact","PMC2431087; PMID:  8892633,PMID:  8896607","Treg -> Naïve CD8 T (PBMC_Early)",0.112741848307307,"Treg -> Naïve CD8 T","PBMC_Early:Naïve CD8 T","P < 0.01"
"abT(entry)","Naïve CD8 T","SELPLG","SELL",0.287403760591919,3,"SELPLG_SELL","SELPLG - SELL","SELPLG","Cell-Cell Contact","PMC2431087; PMID:  8892633,PMID:  8896607","abT(entry) -> Naïve CD8 T (PBMC_Late)",0.0308251121223496,"abT(entry) -> Naïve CD8 T","PBMC_Late:Naïve CD8 T","P < 0.01"
"CD14+PPBP+ Monocytes","Naïve CD8 T","SELPLG","SELL",0.332036702368514,3,"SELPLG_SELL","SELPLG - SELL","SELPLG","Cell-Cell Contact","PMC2431087; PMID:  8892633,PMID:  8896607","CD14+PPBP+ Monocytes -> Naïve CD8 T (PBMC_Late)",0.0492072036894181,"CD14+PPBP+ Monocytes -> Naïve CD8 T","PBMC_Late:Naïve CD8 T","P < 0.01"
"Classical Monocytes","Naïve CD8 T","SELPLG","SELL",0.272131278469804,3,"SELPLG_SELL","SELPLG - SELL","SELPLG","Cell-Cell Contact","PMC2431087; PMID:  8892633,PMID:  8896607","Classical Monocytes -> Naïve CD8 T (PBMC_Late)",0.0253570868667596,"Classical Monocytes -> Naïve CD8 T","PBMC_Late:Naïve CD8 T","P < 0.01"
"CX3CR1+ NK","Naïve CD8 T","SELPLG","SELL",0.417802898038015,3,"SELPLG_SELL","SELPLG - SELL","SELPLG","Cell-Cell Contact","PMC2431087; PMID:  8892633,PMID:  8896607","CX3CR1+ NK -> Naïve CD8 T (PBMC_Late)",0.0913119962870912,"CX3CR1+ NK -> Naïve CD8 T","PBMC_Late:Naïve CD8 T","P < 0.01"
"CXCR6+ NK","Naïve CD8 T","SELPLG","SELL",0.327206693459271,3,"SELPLG_SELL","SELPLG - SELL","SELPLG","Cell-Cell Contact","PMC2431087; PMID:  8892633,PMID:  8896607","CXCR6+ NK -> Naïve CD8 T (PBMC_Late)",0.0470675159083147,"CXCR6+ NK -> Naïve CD8 T","PBMC_Late:Naïve CD8 T","P < 0.01"
"DC2","Naïve CD8 T","SELPLG","SELL",0.340062449950362,3,"SELPLG_SELL","SELPLG - SELL","SELPLG","Cell-Cell Contact","PMC2431087; PMID:  8892633,PMID:  8896607","DC2 -> Naïve CD8 T (PBMC_Late)",0.0528320985810143,"DC2 -> Naïve CD8 T","PBMC_Late:Naïve CD8 T","P < 0.01"
"Gamma Delta V1 T","Naïve CD8 T","SELPLG","SELL",0.282885920691588,3,"SELPLG_SELL","SELPLG - SELL","SELPLG","Cell-Cell Contact","PMC2431087; PMID:  8892633,PMID:  8896607","Gamma Delta V1 T -> Naïve CD8 T (PBMC_Late)",0.0291589352748537,"Gamma Delta V1 T -> Naïve CD8 T","PBMC_Late:Naïve CD8 T","P < 0.01"
"Gamma Delta V2 T","Naïve CD8 T","SELPLG","SELL",0.313839700626182,3,"SELPLG_SELL","SELPLG - SELL","SELPLG","Cell-Cell Contact","PMC2431087; PMID:  8892633,PMID:  8896607","Gamma Delta V2 T -> Naïve CD8 T (PBMC_Late)",0.0413228349906574,"Gamma Delta V2 T -> Naïve CD8 T","PBMC_Late:Naïve CD8 T","P < 0.01"
"ILC2/3","Naïve CD8 T","SELPLG","SELL",0.295845642120974,3,"SELPLG_SELL","SELPLG - SELL","SELPLG","Cell-Cell Contact","PMC2431087; PMID:  8892633,PMID:  8896607","ILC2/3 -> Naïve CD8 T (PBMC_Late)",0.0340426526103624,"ILC2/3 -> Naïve CD8 T","PBMC_Late:Naïve CD8 T","P < 0.01"
"Naïve CD4 T","Naïve CD8 T","SELPLG","SELL",0.28576564486359,3,"SELPLG_SELL","SELPLG - SELL","SELPLG","Cell-Cell Contact","PMC2431087; PMID:  8892633,PMID:  8896607","Naïve CD4 T -> Naïve CD8 T (PBMC_Late)",0.0302163846544618,"Naïve CD4 T -> Naïve CD8 T","PBMC_Late:Naïve CD8 T","P < 0.01"
"Naïve CD8 T","Naïve CD8 T","SELPLG","SELL",0.371894029562802,3,"SELPLG_SELL","SELPLG - SELL","SELPLG","Cell-Cell Contact","PMC2431087; PMID:  8892633,PMID:  8896607","Naïve CD8 T -> Naïve CD8 T (PBMC_Late)",0.0679530650416179,"Naïve CD8 T -> Naïve CD8 T","PBMC_Late:Naïve CD8 T","P < 0.01"
"NK T","Naïve CD8 T","SELPLG","SELL",0.364939796474186,3,"SELPLG_SELL","SELPLG - SELL","SELPLG","Cell-Cell Contact","PMC2431087; PMID:  8892633,PMID:  8896607","NK T -> Naïve CD8 T (PBMC_Late)",0.0645588546814048,"NK T -> Naïve CD8 T","PBMC_Late:Naïve CD8 T","P < 0.01"
"pDC","Naïve CD8 T","SELPLG","SELL",0.463824815169632,3,"SELPLG_SELL","SELPLG - SELL","SELPLG","Cell-Cell Contact","PMC2431087; PMID:  8892633,PMID:  8896607","pDC -> Naïve CD8 T (PBMC_Late)",0.115788918447562,"pDC -> Naïve CD8 T","PBMC_Late:Naïve CD8 T","P < 0.01"
"Tem","Naïve CD8 T","SELPLG","SELL",0.389717873282966,3,"SELPLG_SELL","SELPLG - SELL","SELPLG","Cell-Cell Contact","PMC2431087; PMID:  8892633,PMID:  8896607","Tem -> Naïve CD8 T (PBMC_Late)",0.0768454679504926,"Tem -> Naïve CD8 T","PBMC_Late:Naïve CD8 T","P < 0.01"
"Th17like_INNATE_T","Naïve CD8 T","SELPLG","SELL",0.389563059405157,3,"SELPLG_SELL","SELPLG - SELL","SELPLG","Cell-Cell Contact","PMC2431087; PMID:  8892633,PMID:  8896607","Th17like_INNATE_T -> Naïve CD8 T (PBMC_Late)",0.0767671468743943,"Th17like_INNATE_T -> Naïve CD8 T","PBMC_Late:Naïve CD8 T","P < 0.01"
"Treg","Naïve CD8 T","SELPLG","SELL",0.386029571289649,3,"SELPLG_SELL","SELPLG - SELL","SELPLG","Cell-Cell Contact","PMC2431087; PMID:  8892633,PMID:  8896607","Treg -> Naïve CD8 T (PBMC_Late)",0.074984405031978,"Treg -> Naïve CD8 T","PBMC_Late:Naïve CD8 T","P < 0.01"
