"view","view_label","sign","feature","feature_label","feature_key","sample","pcw","expression_value","factor3_weight"
"HSC_MPP","HSC/MPP","negative","HSC_MPP__SNHG16","SNHG16","HSC_MPP___negative___HSC_MPP__SNHG16","B17.4_P3",17.4,0.263649126394863,-2.50342604749048
"HSC_MPP","HSC/MPP","negative","HSC_MPP__SNHG16","SNHG16","HSC_MPP___negative___HSC_MPP__SNHG16","B18.0_P4",18,0.853013632051507,-2.50342604749048
"HSC_MPP","HSC/MPP","negative","HSC_MPP__SNHG16","SNHG16","HSC_MPP___negative___HSC_MPP__SNHG16","B18.6_P5",18.6,0.640059771115953,-2.50342604749048
"HSC_MPP","HSC/MPP","negative","HSC_MPP__SNHG16","SNHG16","HSC_MPP___negative___HSC_MPP__SNHG16","B20.9_P7",20.9,-0.0872391108109453,-2.50342604749048
"HSC_MPP","HSC/MPP","negative","HSC_MPP__SNHG16","SNHG16","HSC_MPP___negative___HSC_MPP__SNHG16","B21.7_P8",21.7,1.09818358596978,-2.50342604749048
"HSC_MPP","HSC/MPP","negative","HSC_MPP__SNHG16","SNHG16","HSC_MPP___negative___HSC_MPP__SNHG16","B22.4_P9",22.4,-0.263649126394863,-2.50342604749048
"HSC_MPP","HSC/MPP","negative","HSC_MPP__SNHG16","SNHG16","HSC_MPP___negative___HSC_MPP__SNHG16","B23.4_P10",23.4,0.446168441167718,-2.50342604749048
"HSC_MPP","HSC/MPP","negative","HSC_MPP__SNHG16","SNHG16","HSC_MPP___negative___HSC_MPP__SNHG16","B24.6_P11",24.6,1.84988466764546,-2.50342604749048
"HSC_MPP","HSC/MPP","negative","HSC_MPP__SNHG16","SNHG16","HSC_MPP___negative___HSC_MPP__SNHG16","B26.9_P12",26.9,1.40312144692223,-2.50342604749048
"HSC_MPP","HSC/MPP","negative","HSC_MPP__SNHG16","SNHG16","HSC_MPP___negative___HSC_MPP__SNHG16","B31.3_P15",31.3,0.0872391108109453,-2.50342604749048
"HSC_MPP","HSC/MPP","negative","HSC_MPP__SNHG16","SNHG16","HSC_MPP___negative___HSC_MPP__SNHG16","B33.3_P17",33.3,-0.640059771115953,-2.50342604749048
"HSC_MPP","HSC/MPP","negative","HSC_MPP__SNHG16","SNHG16","HSC_MPP___negative___HSC_MPP__SNHG16","B34.1_P18",34.1,-1.09818358596978,-2.50342604749048
"HSC_MPP","HSC/MPP","negative","HSC_MPP__SNHG16","SNHG16","HSC_MPP___negative___HSC_MPP__SNHG16","B36.1_P19",36.1,-1.40312144692223,-2.50342604749048
"HSC_MPP","HSC/MPP","negative","HSC_MPP__SNHG16","SNHG16","HSC_MPP___negative___HSC_MPP__SNHG16","B37.9_P20",37.9,-0.446168441167718,-2.50342604749048
"HSC_MPP","HSC/MPP","negative","HSC_MPP__SNHG16","SNHG16","HSC_MPP___negative___HSC_MPP__SNHG16","B38.1_P21",38.1,-0.853013632051507,-2.50342604749048
"HSC_MPP","HSC/MPP","negative","HSC_MPP__SNHG16","SNHG16","HSC_MPP___negative___HSC_MPP__SNHG16","B39.1_P22",39.1,-1.84988466764546,-2.50342604749048
"HSC_MPP","HSC/MPP","negative","HSC_MPP__MGMT","MGMT","HSC_MPP___negative___HSC_MPP__MGMT","B17.4_P3",17.4,1.84988466764546,-2.51241576240853
"HSC_MPP","HSC/MPP","negative","HSC_MPP__MGMT","MGMT","HSC_MPP___negative___HSC_MPP__MGMT","B18.0_P4",18,-1.09818358596978,-2.51241576240853
"HSC_MPP","HSC/MPP","negative","HSC_MPP__MGMT","MGMT","HSC_MPP___negative___HSC_MPP__MGMT","B18.6_P5",18.6,0.263649126394863,-2.51241576240853
"HSC_MPP","HSC/MPP","negative","HSC_MPP__MGMT","MGMT","HSC_MPP___negative___HSC_MPP__MGMT","B20.9_P7",20.9,-0.446168441167718,-2.51241576240853
"HSC_MPP","HSC/MPP","negative","HSC_MPP__MGMT","MGMT","HSC_MPP___negative___HSC_MPP__MGMT","B21.7_P8",21.7,0.853013632051507,-2.51241576240853
"HSC_MPP","HSC/MPP","negative","HSC_MPP__MGMT","MGMT","HSC_MPP___negative___HSC_MPP__MGMT","B22.4_P9",22.4,1.09818358596978,-2.51241576240853
"HSC_MPP","HSC/MPP","negative","HSC_MPP__MGMT","MGMT","HSC_MPP___negative___HSC_MPP__MGMT","B23.4_P10",23.4,-0.0872391108109453,-2.51241576240853
"HSC_MPP","HSC/MPP","negative","HSC_MPP__MGMT","MGMT","HSC_MPP___negative___HSC_MPP__MGMT","B24.6_P11",24.6,0.446168441167718,-2.51241576240853
"HSC_MPP","HSC/MPP","negative","HSC_MPP__MGMT","MGMT","HSC_MPP___negative___HSC_MPP__MGMT","B26.9_P12",26.9,1.40312144692223,-2.51241576240853
"HSC_MPP","HSC/MPP","negative","HSC_MPP__MGMT","MGMT","HSC_MPP___negative___HSC_MPP__MGMT","B31.3_P15",31.3,-0.263649126394863,-2.51241576240853
"HSC_MPP","HSC/MPP","negative","HSC_MPP__MGMT","MGMT","HSC_MPP___negative___HSC_MPP__MGMT","B33.3_P17",33.3,0.640059771115953,-2.51241576240853
"HSC_MPP","HSC/MPP","negative","HSC_MPP__MGMT","MGMT","HSC_MPP___negative___HSC_MPP__MGMT","B34.1_P18",34.1,-1.84988466764546,-2.51241576240853
"HSC_MPP","HSC/MPP","negative","HSC_MPP__MGMT","MGMT","HSC_MPP___negative___HSC_MPP__MGMT","B36.1_P19",36.1,-0.640059771115953,-2.51241576240853
"HSC_MPP","HSC/MPP","negative","HSC_MPP__MGMT","MGMT","HSC_MPP___negative___HSC_MPP__MGMT","B37.9_P20",37.9,0.0872391108109453,-2.51241576240853
"HSC_MPP","HSC/MPP","negative","HSC_MPP__MGMT","MGMT","HSC_MPP___negative___HSC_MPP__MGMT","B38.1_P21",38.1,-0.853013632051507,-2.51241576240853
"HSC_MPP","HSC/MPP","negative","HSC_MPP__MGMT","MGMT","HSC_MPP___negative___HSC_MPP__MGMT","B39.1_P22",39.1,-1.40312144692223,-2.51241576240853
"HSC_MPP","HSC/MPP","positive","HSC_MPP__ZNF22","ZNF22","HSC_MPP___positive___HSC_MPP__ZNF22","B17.4_P3",17.4,-1.84988466764546,2.23473416726192
"HSC_MPP","HSC/MPP","positive","HSC_MPP__ZNF22","ZNF22","HSC_MPP___positive___HSC_MPP__ZNF22","B18.0_P4",18,-0.446168441167718,2.23473416726192
"HSC_MPP","HSC/MPP","positive","HSC_MPP__ZNF22","ZNF22","HSC_MPP___positive___HSC_MPP__ZNF22","B18.6_P5",18.6,0.446168441167718,2.23473416726192
"HSC_MPP","HSC/MPP","positive","HSC_MPP__ZNF22","ZNF22","HSC_MPP___positive___HSC_MPP__ZNF22","B20.9_P7",20.9,1.84988466764546,2.23473416726192
"HSC_MPP","HSC/MPP","positive","HSC_MPP__ZNF22","ZNF22","HSC_MPP___positive___HSC_MPP__ZNF22","B21.7_P8",21.7,-0.853013632051507,2.23473416726192
"HSC_MPP","HSC/MPP","positive","HSC_MPP__ZNF22","ZNF22","HSC_MPP___positive___HSC_MPP__ZNF22","B22.4_P9",22.4,1.09818358596978,2.23473416726192
"HSC_MPP","HSC/MPP","positive","HSC_MPP__ZNF22","ZNF22","HSC_MPP___positive___HSC_MPP__ZNF22","B23.4_P10",23.4,0.0872391108109453,2.23473416726192
"HSC_MPP","HSC/MPP","positive","HSC_MPP__ZNF22","ZNF22","HSC_MPP___positive___HSC_MPP__ZNF22","B24.6_P11",24.6,-0.640059771115953,2.23473416726192
"HSC_MPP","HSC/MPP","positive","HSC_MPP__ZNF22","ZNF22","HSC_MPP___positive___HSC_MPP__ZNF22","B26.9_P12",26.9,-1.40312144692223,2.23473416726192
"HSC_MPP","HSC/MPP","positive","HSC_MPP__ZNF22","ZNF22","HSC_MPP___positive___HSC_MPP__ZNF22","B31.3_P15",31.3,-1.09818358596978,2.23473416726192
"HSC_MPP","HSC/MPP","positive","HSC_MPP__ZNF22","ZNF22","HSC_MPP___positive___HSC_MPP__ZNF22","B33.3_P17",33.3,-0.0872391108109453,2.23473416726192
"HSC_MPP","HSC/MPP","positive","HSC_MPP__ZNF22","ZNF22","HSC_MPP___positive___HSC_MPP__ZNF22","B34.1_P18",34.1,0.853013632051507,2.23473416726192
"HSC_MPP","HSC/MPP","positive","HSC_MPP__ZNF22","ZNF22","HSC_MPP___positive___HSC_MPP__ZNF22","B36.1_P19",36.1,0.263649126394863,2.23473416726192
"HSC_MPP","HSC/MPP","positive","HSC_MPP__ZNF22","ZNF22","HSC_MPP___positive___HSC_MPP__ZNF22","B37.9_P20",37.9,0.640059771115953,2.23473416726192
"HSC_MPP","HSC/MPP","positive","HSC_MPP__ZNF22","ZNF22","HSC_MPP___positive___HSC_MPP__ZNF22","B38.1_P21",38.1,1.40312144692223,2.23473416726192
"HSC_MPP","HSC/MPP","positive","HSC_MPP__ZNF22","ZNF22","HSC_MPP___positive___HSC_MPP__ZNF22","B39.1_P22",39.1,-0.263649126394863,2.23473416726192
"HSC_MPP","HSC/MPP","positive","HSC_MPP__HDGF","HDGF","HSC_MPP___positive___HSC_MPP__HDGF","B17.4_P3",17.4,-1.84988466764546,2.22494665476817
"HSC_MPP","HSC/MPP","positive","HSC_MPP__HDGF","HDGF","HSC_MPP___positive___HSC_MPP__HDGF","B18.0_P4",18,-0.263649126394863,2.22494665476817
"HSC_MPP","HSC/MPP","positive","HSC_MPP__HDGF","HDGF","HSC_MPP___positive___HSC_MPP__HDGF","B18.6_P5",18.6,-0.0872391108109454,2.22494665476817
"HSC_MPP","HSC/MPP","positive","HSC_MPP__HDGF","HDGF","HSC_MPP___positive___HSC_MPP__HDGF","B20.9_P7",20.9,0.263649126394863,2.22494665476817
"HSC_MPP","HSC/MPP","positive","HSC_MPP__HDGF","HDGF","HSC_MPP___positive___HSC_MPP__HDGF","B21.7_P8",21.7,-1.40312144692223,2.22494665476817
"HSC_MPP","HSC/MPP","positive","HSC_MPP__HDGF","HDGF","HSC_MPP___positive___HSC_MPP__HDGF","B22.4_P9",22.4,-0.640059771115953,2.22494665476817
"HSC_MPP","HSC/MPP","positive","HSC_MPP__HDGF","HDGF","HSC_MPP___positive___HSC_MPP__HDGF","B23.4_P10",23.4,-0.446168441167718,2.22494665476817
"HSC_MPP","HSC/MPP","positive","HSC_MPP__HDGF","HDGF","HSC_MPP___positive___HSC_MPP__HDGF","B24.6_P11",24.6,0.853013632051507,2.22494665476817
"HSC_MPP","HSC/MPP","positive","HSC_MPP__HDGF","HDGF","HSC_MPP___positive___HSC_MPP__HDGF","B26.9_P12",26.9,-1.09818358596978,2.22494665476817
"HSC_MPP","HSC/MPP","positive","HSC_MPP__HDGF","HDGF","HSC_MPP___positive___HSC_MPP__HDGF","B31.3_P15",31.3,0.0872391108109452,2.22494665476817
"HSC_MPP","HSC/MPP","positive","HSC_MPP__HDGF","HDGF","HSC_MPP___positive___HSC_MPP__HDGF","B33.3_P17",33.3,-0.853013632051507,2.22494665476817
"HSC_MPP","HSC/MPP","positive","HSC_MPP__HDGF","HDGF","HSC_MPP___positive___HSC_MPP__HDGF","B34.1_P18",34.1,0.640059771115953,2.22494665476817
"HSC_MPP","HSC/MPP","positive","HSC_MPP__HDGF","HDGF","HSC_MPP___positive___HSC_MPP__HDGF","B36.1_P19",36.1,1.40312144692223,2.22494665476817
"HSC_MPP","HSC/MPP","positive","HSC_MPP__HDGF","HDGF","HSC_MPP___positive___HSC_MPP__HDGF","B37.9_P20",37.9,1.09818358596978,2.22494665476817
"HSC_MPP","HSC/MPP","positive","HSC_MPP__HDGF","HDGF","HSC_MPP___positive___HSC_MPP__HDGF","B38.1_P21",38.1,0.446168441167718,2.22494665476817
"HSC_MPP","HSC/MPP","positive","HSC_MPP__HDGF","HDGF","HSC_MPP___positive___HSC_MPP__HDGF","B39.1_P22",39.1,1.84988466764546,2.22494665476817
"MEMP","MEMP","negative","MEMP__ARF4","ARF4","MEMP___negative___MEMP__ARF4","B17.4_P3",17.4,0.446139546256712,-2.37941537963159
"MEMP","MEMP","negative","MEMP__ARF4","ARF4","MEMP___negative___MEMP__ARF4","B18.0_P4",18,-0.0872334610022397,-2.37941537963159
"MEMP","MEMP","negative","MEMP__ARF4","ARF4","MEMP___negative___MEMP__ARF4","B18.6_P5",18.6,0.64001831934927,-2.37941537963159
"MEMP","MEMP","negative","MEMP__ARF4","ARF4","MEMP___negative___MEMP__ARF4","B20.9_P7",20.9,0.852958388895089,-2.37941537963159
"MEMP","MEMP","negative","MEMP__ARF4","ARF4","MEMP___negative___MEMP__ARF4","B21.7_P8",21.7,1.84976486479095,-2.37941537963159
"MEMP","MEMP","negative","MEMP__ARF4","ARF4","MEMP___negative___MEMP__ARF4","B22.4_P9",22.4,-1.40303057749804,-2.37941537963159
"MEMP","MEMP","negative","MEMP__ARF4","ARF4","MEMP___negative___MEMP__ARF4","B23.4_P10",23.4,-0.446139546256712,-2.37941537963159
"MEMP","MEMP","negative","MEMP__ARF4","ARF4","MEMP___negative___MEMP__ARF4","B24.6_P11",24.6,0.263632051861254,-2.37941537963159
"MEMP","MEMP","negative","MEMP__ARF4","ARF4","MEMP___negative___MEMP__ARF4","B26.9_P12",26.9,1.40303057749804,-2.37941537963159
"MEMP","MEMP","negative","MEMP__ARF4","ARF4","MEMP___negative___MEMP__ARF4","B31.3_P15",31.3,0.0872334610022397,-2.37941537963159
"MEMP","MEMP","negative","MEMP__ARF4","ARF4","MEMP___negative___MEMP__ARF4","B33.3_P17",33.3,-0.64001831934927,-2.37941537963159
"MEMP","MEMP","negative","MEMP__ARF4","ARF4","MEMP___negative___MEMP__ARF4","B34.1_P18",34.1,-1.09811246503415,-2.37941537963159
"MEMP","MEMP","negative","MEMP__ARF4","ARF4","MEMP___negative___MEMP__ARF4","B36.1_P19",36.1,1.09811246503415,-2.37941537963159
"MEMP","MEMP","negative","MEMP__ARF4","ARF4","MEMP___negative___MEMP__ARF4","B37.9_P20",37.9,-0.263632051861254,-2.37941537963159
"MEMP","MEMP","negative","MEMP__ARF4","ARF4","MEMP___negative___MEMP__ARF4","B38.1_P21",38.1,-0.852958388895089,-2.37941537963159
"MEMP","MEMP","negative","MEMP__ARF4","ARF4","MEMP___negative___MEMP__ARF4","B39.1_P22",39.1,-1.84976486479095,-2.37941537963159
"MEMP","MEMP","negative","MEMP__SEC13","SEC13","MEMP___negative___MEMP__SEC13","B17.4_P3",17.4,1.84976486479095,-2.5194516096035
"MEMP","MEMP","negative","MEMP__SEC13","SEC13","MEMP___negative___MEMP__SEC13","B18.0_P4",18,-0.0872334610022397,-2.5194516096035
"MEMP","MEMP","negative","MEMP__SEC13","SEC13","MEMP___negative___MEMP__SEC13","B18.6_P5",18.6,1.40303057749804,-2.5194516096035
"MEMP","MEMP","negative","MEMP__SEC13","SEC13","MEMP___negative___MEMP__SEC13","B20.9_P7",20.9,-1.09811246503415,-2.5194516096035
"MEMP","MEMP","negative","MEMP__SEC13","SEC13","MEMP___negative___MEMP__SEC13","B21.7_P8",21.7,0.852958388895089,-2.5194516096035
"MEMP","MEMP","negative","MEMP__SEC13","SEC13","MEMP___negative___MEMP__SEC13","B22.4_P9",22.4,-0.446139546256712,-2.5194516096035
"MEMP","MEMP","negative","MEMP__SEC13","SEC13","MEMP___negative___MEMP__SEC13","B23.4_P10",23.4,-0.263632051861254,-2.5194516096035
"MEMP","MEMP","negative","MEMP__SEC13","SEC13","MEMP___negative___MEMP__SEC13","B24.6_P11",24.6,1.09811246503415,-2.5194516096035
"MEMP","MEMP","negative","MEMP__SEC13","SEC13","MEMP___negative___MEMP__SEC13","B26.9_P12",26.9,0.64001831934927,-2.5194516096035
"MEMP","MEMP","negative","MEMP__SEC13","SEC13","MEMP___negative___MEMP__SEC13","B31.3_P15",31.3,0.446139546256712,-2.5194516096035
"MEMP","MEMP","negative","MEMP__SEC13","SEC13","MEMP___negative___MEMP__SEC13","B33.3_P17",33.3,0.263632051861254,-2.5194516096035
"MEMP","MEMP","negative","MEMP__SEC13","SEC13","MEMP___negative___MEMP__SEC13","B34.1_P18",34.1,-1.84976486479095,-2.5194516096035
"MEMP","MEMP","negative","MEMP__SEC13","SEC13","MEMP___negative___MEMP__SEC13","B36.1_P19",36.1,-0.852958388895089,-2.5194516096035
"MEMP","MEMP","negative","MEMP__SEC13","SEC13","MEMP___negative___MEMP__SEC13","B37.9_P20",37.9,-0.64001831934927,-2.5194516096035
"MEMP","MEMP","negative","MEMP__SEC13","SEC13","MEMP___negative___MEMP__SEC13","B38.1_P21",38.1,0.0872334610022397,-2.5194516096035
"MEMP","MEMP","negative","MEMP__SEC13","SEC13","MEMP___negative___MEMP__SEC13","B39.1_P22",39.1,-1.40303057749804,-2.5194516096035
"MEMP","MEMP","positive","MEMP__EIF2D","EIF2D","MEMP___positive___MEMP__EIF2D","B17.4_P3",17.4,-1.84976486479095,2.62263556174356
"MEMP","MEMP","positive","MEMP__EIF2D","EIF2D","MEMP___positive___MEMP__EIF2D","B18.0_P4",18,-0.263632051861254,2.62263556174356
"MEMP","MEMP","positive","MEMP__EIF2D","EIF2D","MEMP___positive___MEMP__EIF2D","B18.6_P5",18.6,0.263632051861254,2.62263556174356
"MEMP","MEMP","positive","MEMP__EIF2D","EIF2D","MEMP___positive___MEMP__EIF2D","B20.9_P7",20.9,1.09811246503415,2.62263556174356
"MEMP","MEMP","positive","MEMP__EIF2D","EIF2D","MEMP___positive___MEMP__EIF2D","B21.7_P8",21.7,-1.09811246503415,2.62263556174356
"MEMP","MEMP","positive","MEMP__EIF2D","EIF2D","MEMP___positive___MEMP__EIF2D","B22.4_P9",22.4,0.64001831934927,2.62263556174356
"MEMP","MEMP","positive","MEMP__EIF2D","EIF2D","MEMP___positive___MEMP__EIF2D","B23.4_P10",23.4,-0.64001831934927,2.62263556174356
"MEMP","MEMP","positive","MEMP__EIF2D","EIF2D","MEMP___positive___MEMP__EIF2D","B24.6_P11",24.6,0.0872334610022397,2.62263556174356
"MEMP","MEMP","positive","MEMP__EIF2D","EIF2D","MEMP___positive___MEMP__EIF2D","B26.9_P12",26.9,-1.40303057749804,2.62263556174356
"MEMP","MEMP","positive","MEMP__EIF2D","EIF2D","MEMP___positive___MEMP__EIF2D","B31.3_P15",31.3,-0.852958388895089,2.62263556174356
"MEMP","MEMP","positive","MEMP__EIF2D","EIF2D","MEMP___positive___MEMP__EIF2D","B33.3_P17",33.3,-0.446139546256712,2.62263556174356
"MEMP","MEMP","positive","MEMP__EIF2D","EIF2D","MEMP___positive___MEMP__EIF2D","B34.1_P18",34.1,1.84976486479095,2.62263556174356
"MEMP","MEMP","positive","MEMP__EIF2D","EIF2D","MEMP___positive___MEMP__EIF2D","B36.1_P19",36.1,-0.0872334610022397,2.62263556174356
"MEMP","MEMP","positive","MEMP__EIF2D","EIF2D","MEMP___positive___MEMP__EIF2D","B37.9_P20",37.9,0.446139546256712,2.62263556174356
"MEMP","MEMP","positive","MEMP__EIF2D","EIF2D","MEMP___positive___MEMP__EIF2D","B38.1_P21",38.1,1.40303057749804,2.62263556174356
"MEMP","MEMP","positive","MEMP__EIF2D","EIF2D","MEMP___positive___MEMP__EIF2D","B39.1_P22",39.1,0.852958388895089,2.62263556174356
"MEMP","MEMP","positive","MEMP__MIS18BP1","MIS18BP1","MEMP___positive___MEMP__MIS18BP1","B17.4_P3",17.4,-1.84976486479095,2.41140307832397
"MEMP","MEMP","positive","MEMP__MIS18BP1","MIS18BP1","MEMP___positive___MEMP__MIS18BP1","B18.0_P4",18,-0.263632051861254,2.41140307832397
"MEMP","MEMP","positive","MEMP__MIS18BP1","MIS18BP1","MEMP___positive___MEMP__MIS18BP1","B18.6_P5",18.6,0.0872334610022397,2.41140307832397
"MEMP","MEMP","positive","MEMP__MIS18BP1","MIS18BP1","MEMP___positive___MEMP__MIS18BP1","B20.9_P7",20.9,1.40303057749804,2.41140307832397
"MEMP","MEMP","positive","MEMP__MIS18BP1","MIS18BP1","MEMP___positive___MEMP__MIS18BP1","B21.7_P8",21.7,-1.09811246503415,2.41140307832397
"MEMP","MEMP","positive","MEMP__MIS18BP1","MIS18BP1","MEMP___positive___MEMP__MIS18BP1","B22.4_P9",22.4,-1.40303057749804,2.41140307832397
"MEMP","MEMP","positive","MEMP__MIS18BP1","MIS18BP1","MEMP___positive___MEMP__MIS18BP1","B23.4_P10",23.4,0.64001831934927,2.41140307832397
"MEMP","MEMP","positive","MEMP__MIS18BP1","MIS18BP1","MEMP___positive___MEMP__MIS18BP1","B24.6_P11",24.6,-0.64001831934927,2.41140307832397
"MEMP","MEMP","positive","MEMP__MIS18BP1","MIS18BP1","MEMP___positive___MEMP__MIS18BP1","B26.9_P12",26.9,-0.446139546256712,2.41140307832397
"MEMP","MEMP","positive","MEMP__MIS18BP1","MIS18BP1","MEMP___positive___MEMP__MIS18BP1","B31.3_P15",31.3,-0.852958388895089,2.41140307832397
"MEMP","MEMP","positive","MEMP__MIS18BP1","MIS18BP1","MEMP___positive___MEMP__MIS18BP1","B33.3_P17",33.3,-0.0872334610022397,2.41140307832397
"MEMP","MEMP","positive","MEMP__MIS18BP1","MIS18BP1","MEMP___positive___MEMP__MIS18BP1","B34.1_P18",34.1,1.84976486479095,2.41140307832397
"MEMP","MEMP","positive","MEMP__MIS18BP1","MIS18BP1","MEMP___positive___MEMP__MIS18BP1","B36.1_P19",36.1,0.263632051861254,2.41140307832397
"MEMP","MEMP","positive","MEMP__MIS18BP1","MIS18BP1","MEMP___positive___MEMP__MIS18BP1","B37.9_P20",37.9,0.852958388895089,2.41140307832397
"MEMP","MEMP","positive","MEMP__MIS18BP1","MIS18BP1","MEMP___positive___MEMP__MIS18BP1","B38.1_P21",38.1,1.09811246503415,2.41140307832397
"MEMP","MEMP","positive","MEMP__MIS18BP1","MIS18BP1","MEMP___positive___MEMP__MIS18BP1","B39.1_P22",39.1,0.446139546256712,2.41140307832397
"MEP","MEP","negative","MEP__EIF1B","EIF1B","MEP___negative___MEP__EIF1B","B17.4_P3",17.4,1.88237645946409,-2.273152923001
"MEP","MEP","negative","MEP__EIF1B","EIF1B","MEP___negative___MEP__EIF1B","B18.0_P4",18,0.447127768940483,-2.273152923001
"MEP","MEP","negative","MEP__EIF1B","EIF1B","MEP___negative___MEP__EIF1B","B18.6_P5",18.6,1.42557734620878,-2.273152923001
"MEP","MEP","negative","MEP__EIF1B","EIF1B","MEP___negative___MEP__EIF1B","B20.9_P7",20.9,-0.881238559073323,-2.273152923001
"MEP","MEP","negative","MEP__EIF1B","EIF1B","MEP___negative___MEP__EIF1B","B21.7_P8",21.7,1.1137894952403,-2.273152923001
"MEP","MEP","negative","MEP__EIF1B","EIF1B","MEP___negative___MEP__EIF1B","B22.4_P9",22.4,-0.0982620157268791,-2.273152923001
"MEP","MEP","negative","MEP__EIF1B","EIF1B","MEP___negative___MEP__EIF1B","B23.4_P10",23.4,0.260508420541037,-2.273152923001
"MEP","MEP","negative","MEP__EIF1B","EIF1B","MEP___negative___MEP__EIF1B","B24.6_P11",24.6,0.863112151287469,-2.273152923001
"MEP","MEP","negative","MEP__EIF1B","EIF1B","MEP___negative___MEP__EIF1B","B26.9_P12",26.9,0.645374588463516,-2.273152923001
"MEP","MEP","negative","MEP__EIF1B","EIF1B","MEP___negative___MEP__EIF1B","B31.3_P15",31.3,0.0801356079410244,-2.273152923001
"MEP","MEP","negative","MEP__EIF1B","EIF1B","MEP___negative___MEP__EIF1B","B33.3_P17",33.3,-1.44370375399463,-2.273152923001
"MEP","MEP","negative","MEP__EIF1B","EIF1B","MEP___negative___MEP__EIF1B","B34.1_P18",34.1,-0.278634828326892,-2.273152923001
"MEP","MEP","negative","MEP__EIF1B","EIF1B","MEP___negative___MEP__EIF1B","B36.1_P19",36.1,-1.44370375399463,-2.273152923001
"MEP","MEP","negative","MEP__EIF1B","EIF1B","MEP___negative___MEP__EIF1B","B37.9_P20",37.9,-1.44370375399463,-2.273152923001
"MEP","MEP","negative","MEP__EIF1B","EIF1B","MEP___negative___MEP__EIF1B","B38.1_P21",38.1,-0.465254176726338,-2.273152923001
"MEP","MEP","negative","MEP__EIF1B","EIF1B","MEP___negative___MEP__EIF1B","B39.1_P22",39.1,-0.66350099624937,-2.273152923001
"MEP","MEP","negative","MEP__SDCBP","SDCBP","MEP___negative___MEP__SDCBP","B17.4_P3",17.4,1.88199047985788,-2.34218255129674
"MEP","MEP","negative","MEP__SDCBP","SDCBP","MEP___negative___MEP__SDCBP","B18.0_P4",18,0.260122440934831,-2.34218255129674
"MEP","MEP","negative","MEP__SDCBP","SDCBP","MEP___negative___MEP__SDCBP","B18.6_P5",18.6,0.0797496283348185,-2.34218255129674
"MEP","MEP","negative","MEP__SDCBP","SDCBP","MEP___negative___MEP__SDCBP","B20.9_P7",20.9,-0.465640156332544,-2.34218255129674
"MEP","MEP","negative","MEP__SDCBP","SDCBP","MEP___negative___MEP__SDCBP","B21.7_P8",21.7,0.64498860885731,-2.34218255129674
"MEP","MEP","negative","MEP__SDCBP","SDCBP","MEP___negative___MEP__SDCBP","B22.4_P9",22.4,-0.098647995333085,-2.34218255129674
"MEP","MEP","negative","MEP__SDCBP","SDCBP","MEP___negative___MEP__SDCBP","B23.4_P10",23.4,0.446741789334277,-2.34218255129674
"MEP","MEP","negative","MEP__SDCBP","SDCBP","MEP___negative___MEP__SDCBP","B24.6_P11",24.6,0.862726171681263,-2.34218255129674
"MEP","MEP","negative","MEP__SDCBP","SDCBP","MEP___negative___MEP__SDCBP","B26.9_P12",26.9,1.42519136660257,-2.34218255129674
"MEP","MEP","negative","MEP__SDCBP","SDCBP","MEP___negative___MEP__SDCBP","B31.3_P15",31.3,1.1134035156341,-2.34218255129674
"MEP","MEP","negative","MEP__SDCBP","SDCBP","MEP___negative___MEP__SDCBP","B33.3_P17",33.3,-1.44408973360084,-2.34218255129674
"MEP","MEP","negative","MEP__SDCBP","SDCBP","MEP___negative___MEP__SDCBP","B34.1_P18",34.1,-0.279020807933098,-2.34218255129674
"MEP","MEP","negative","MEP__SDCBP","SDCBP","MEP___negative___MEP__SDCBP","B36.1_P19",36.1,-1.44408973360084,-2.34218255129674
"MEP","MEP","negative","MEP__SDCBP","SDCBP","MEP___negative___MEP__SDCBP","B37.9_P20",37.9,-1.44408973360084,-2.34218255129674
"MEP","MEP","negative","MEP__SDCBP","SDCBP","MEP___negative___MEP__SDCBP","B38.1_P21",38.1,-0.769667920417905,-2.34218255129674
"MEP","MEP","negative","MEP__SDCBP","SDCBP","MEP___negative___MEP__SDCBP","B39.1_P22",39.1,-0.769667920417905,-2.34218255129674
"MEP","MEP","positive","MEP__RNF24","RNF24","MEP___positive___MEP__RNF24","B17.4_P3",17.4,-0.465254176726338,1.65189152312212
"MEP","MEP","positive","MEP__RNF24","RNF24","MEP___positive___MEP__RNF24","B18.0_P4",18,0.863112151287469,1.65189152312212
"MEP","MEP","positive","MEP__RNF24","RNF24","MEP___positive___MEP__RNF24","B18.6_P5",18.6,0.0801356079410243,1.65189152312212
"MEP","MEP","positive","MEP__RNF24","RNF24","MEP___positive___MEP__RNF24","B20.9_P7",20.9,1.1137894952403,1.65189152312212
"MEP","MEP","positive","MEP__RNF24","RNF24","MEP___positive___MEP__RNF24","B21.7_P8",21.7,-0.0982620157268792,1.65189152312212
"MEP","MEP","positive","MEP__RNF24","RNF24","MEP___positive___MEP__RNF24","B22.4_P9",22.4,0.447127768940483,1.65189152312212
"MEP","MEP","positive","MEP__RNF24","RNF24","MEP___positive___MEP__RNF24","B23.4_P10",23.4,0.260508420541037,1.65189152312212
"MEP","MEP","positive","MEP__RNF24","RNF24","MEP___positive___MEP__RNF24","B24.6_P11",24.6,-0.66350099624937,1.65189152312212
"MEP","MEP","positive","MEP__RNF24","RNF24","MEP___positive___MEP__RNF24","B26.9_P12",26.9,-0.881238559073323,1.65189152312212
"MEP","MEP","positive","MEP__RNF24","RNF24","MEP___positive___MEP__RNF24","B31.3_P15",31.3,-0.278634828326892,1.65189152312212
"MEP","MEP","positive","MEP__RNF24","RNF24","MEP___positive___MEP__RNF24","B33.3_P17",33.3,-1.44370375399463,1.65189152312212
"MEP","MEP","positive","MEP__RNF24","RNF24","MEP___positive___MEP__RNF24","B34.1_P18",34.1,0.645374588463516,1.65189152312212
"MEP","MEP","positive","MEP__RNF24","RNF24","MEP___positive___MEP__RNF24","B36.1_P19",36.1,-1.44370375399463,1.65189152312212
"MEP","MEP","positive","MEP__RNF24","RNF24","MEP___positive___MEP__RNF24","B37.9_P20",37.9,-1.44370375399463,1.65189152312212
"MEP","MEP","positive","MEP__RNF24","RNF24","MEP___positive___MEP__RNF24","B38.1_P21",38.1,1.88237645946409,1.65189152312212
"MEP","MEP","positive","MEP__RNF24","RNF24","MEP___positive___MEP__RNF24","B39.1_P22",39.1,1.42557734620878,1.65189152312212
"MEP","MEP","positive","MEP__CSNK2A1","CSNK2A1","MEP___positive___MEP__CSNK2A1","B17.4_P3",17.4,-0.66350099624937,1.64257681950264
"MEP","MEP","positive","MEP__CSNK2A1","CSNK2A1","MEP___positive___MEP__CSNK2A1","B18.0_P4",18,0.447127768940483,1.64257681950264
"MEP","MEP","positive","MEP__CSNK2A1","CSNK2A1","MEP___positive___MEP__CSNK2A1","B18.6_P5",18.6,0.645374588463516,1.64257681950264
"MEP","MEP","positive","MEP__CSNK2A1","CSNK2A1","MEP___positive___MEP__CSNK2A1","B20.9_P7",20.9,0.863112151287469,1.64257681950264
"MEP","MEP","positive","MEP__CSNK2A1","CSNK2A1","MEP___positive___MEP__CSNK2A1","B21.7_P8",21.7,-0.278634828326892,1.64257681950264
"MEP","MEP","positive","MEP__CSNK2A1","CSNK2A1","MEP___positive___MEP__CSNK2A1","B22.4_P9",22.4,-0.465254176726338,1.64257681950264
"MEP","MEP","positive","MEP__CSNK2A1","CSNK2A1","MEP___positive___MEP__CSNK2A1","B23.4_P10",23.4,0.0801356079410243,1.64257681950264
"MEP","MEP","positive","MEP__CSNK2A1","CSNK2A1","MEP___positive___MEP__CSNK2A1","B24.6_P11",24.6,-0.0982620157268792,1.64257681950264
"MEP","MEP","positive","MEP__CSNK2A1","CSNK2A1","MEP___positive___MEP__CSNK2A1","B26.9_P12",26.9,-0.881238559073323,1.64257681950264
"MEP","MEP","positive","MEP__CSNK2A1","CSNK2A1","MEP___positive___MEP__CSNK2A1","B31.3_P15",31.3,0.260508420541037,1.64257681950264
"MEP","MEP","positive","MEP__CSNK2A1","CSNK2A1","MEP___positive___MEP__CSNK2A1","B33.3_P17",33.3,-1.44370375399463,1.64257681950264
"MEP","MEP","positive","MEP__CSNK2A1","CSNK2A1","MEP___positive___MEP__CSNK2A1","B34.1_P18",34.1,1.42557734620878,1.64257681950264
"MEP","MEP","positive","MEP__CSNK2A1","CSNK2A1","MEP___positive___MEP__CSNK2A1","B36.1_P19",36.1,-1.44370375399463,1.64257681950264
"MEP","MEP","positive","MEP__CSNK2A1","CSNK2A1","MEP___positive___MEP__CSNK2A1","B37.9_P20",37.9,-1.44370375399463,1.64257681950264
"MEP","MEP","positive","MEP__CSNK2A1","CSNK2A1","MEP___positive___MEP__CSNK2A1","B38.1_P21",38.1,1.1137894952403,1.64257681950264
"MEP","MEP","positive","MEP__CSNK2A1","CSNK2A1","MEP___positive___MEP__CSNK2A1","B39.1_P22",39.1,1.88237645946409,1.64257681950264
"Naive_CD4_T","Naïve CD4+ T","negative","Naive_CD4_T__GAPDH","GAPDH","Naive_CD4_T___negative___Naive_CD4_T__GAPDH","B17.4_P3",17.4,0.64266528054385,-1.73686256856079
"Naive_CD4_T","Naïve CD4+ T","negative","Naive_CD4_T__GAPDH","GAPDH","Naive_CD4_T___negative___Naive_CD4_T__GAPDH","B18.0_P4",18,0.856075984792447,-1.73686256856079
"Naive_CD4_T","Naïve CD4+ T","negative","Naive_CD4_T__GAPDH","GAPDH","Naive_CD4_T___negative___Naive_CD4_T__GAPDH","B18.6_P5",18.6,0.448358001539069,-1.73686256856079
"Naive_CD4_T","Naïve CD4+ T","negative","Naive_CD4_T__GAPDH","GAPDH","Naive_CD4_T___negative___Naive_CD4_T__GAPDH","B20.9_P7",20.9,-0.853611166687345,-1.73686256856079
"Naive_CD4_T","Naïve CD4+ T","negative","Naive_CD4_T__GAPDH","GAPDH","Naive_CD4_T___negative___Naive_CD4_T__GAPDH","B21.7_P8",21.7,1.24421998624353,-1.73686256856079
"Naive_CD4_T","Naïve CD4+ T","negative","Naive_CD4_T__GAPDH","GAPDH","Naive_CD4_T___negative___Naive_CD4_T__GAPDH","B22.4_P9",22.4,0.265447133741119,-1.73686256856079
"Naive_CD4_T","Naïve CD4+ T","negative","Naive_CD4_T__GAPDH","GAPDH","Naive_CD4_T___negative___Naive_CD4_T__GAPDH","B23.4_P10",23.4,1.24421998624353,-1.73686256856079
"Naive_CD4_T","Naïve CD4+ T","negative","Naive_CD4_T__GAPDH","GAPDH","Naive_CD4_T___negative___Naive_CD4_T__GAPDH","B24.6_P11",24.6,1.85508557690083,-1.73686256856079
"Naive_CD4_T","Naïve CD4+ T","negative","Naive_CD4_T__GAPDH","GAPDH","Naive_CD4_T___negative___Naive_CD4_T__GAPDH","B26.9_P12",26.9,-1.09930707610375,-1.73686256856079
"Naive_CD4_T","Naïve CD4+ T","negative","Naive_CD4_T__GAPDH","GAPDH","Naive_CD4_T___negative___Naive_CD4_T__GAPDH","B31.3_P15",31.3,-0.445893183433968,-1.73686256856079
"Naive_CD4_T","Naïve CD4+ T","negative","Naive_CD4_T__GAPDH","GAPDH","Naive_CD4_T___negative___Naive_CD4_T__GAPDH","B33.3_P17",33.3,0.0886586712221739,-1.73686256856079
"Naive_CD4_T","Naïve CD4+ T","negative","Naive_CD4_T__GAPDH","GAPDH","Naive_CD4_T___negative___Naive_CD4_T__GAPDH","B34.1_P18",34.1,-1.40489911079156,-1.73686256856079
"Naive_CD4_T","Naïve CD4+ T","negative","Naive_CD4_T__GAPDH","GAPDH","Naive_CD4_T___negative___Naive_CD4_T__GAPDH","B36.1_P19",36.1,-0.640200462438749,-1.73686256856079
"Naive_CD4_T","Naïve CD4+ T","negative","Naive_CD4_T__GAPDH","GAPDH","Naive_CD4_T___negative___Naive_CD4_T__GAPDH","B37.9_P20",37.9,-0.174099431487726,-1.73686256856079
"Naive_CD4_T","Naïve CD4+ T","negative","Naive_CD4_T__GAPDH","GAPDH","Naive_CD4_T___negative___Naive_CD4_T__GAPDH","B38.1_P21",38.1,-0.174099431487726,-1.73686256856079
"Naive_CD4_T","Naïve CD4+ T","negative","Naive_CD4_T__GAPDH","GAPDH","Naive_CD4_T___negative___Naive_CD4_T__GAPDH","B39.1_P22",39.1,-1.85262075879573,-1.73686256856079
"Naive_CD4_T","Naïve CD4+ T","negative","Naive_CD4_T__SRSF11","SRSF11","Naive_CD4_T___negative___Naive_CD4_T__SRSF11","B17.4_P3",17.4,1.85385316784828,-2.19638849936453
"Naive_CD4_T","Naïve CD4+ T","negative","Naive_CD4_T__SRSF11","SRSF11","Naive_CD4_T___negative___Naive_CD4_T__SRSF11","B18.0_P4",18,0.447125592486519,-2.19638849936453
"Naive_CD4_T","Naïve CD4+ T","negative","Naive_CD4_T__SRSF11","SRSF11","Naive_CD4_T___negative___Naive_CD4_T__SRSF11","B18.6_P5",18.6,-0.0874262621696232,-2.19638849936453
"Naive_CD4_T","Naïve CD4+ T","negative","Naive_CD4_T__SRSF11","SRSF11","Naive_CD4_T___negative___Naive_CD4_T__SRSF11","B20.9_P7",20.9,0.264214724688568,-2.19638849936453
"Naive_CD4_T","Naïve CD4+ T","negative","Naive_CD4_T__SRSF11","SRSF11","Naive_CD4_T___negative___Naive_CD4_T__SRSF11","B21.7_P8",21.7,-0.264214724688568,-2.19638849936453
"Naive_CD4_T","Naïve CD4+ T","negative","Naive_CD4_T__SRSF11","SRSF11","Naive_CD4_T___negative___Naive_CD4_T__SRSF11","B22.4_P9",22.4,0.0874262621696231,-2.19638849936453
"Naive_CD4_T","Naïve CD4+ T","negative","Naive_CD4_T__SRSF11","SRSF11","Naive_CD4_T___negative___Naive_CD4_T__SRSF11","B23.4_P10",23.4,1.1005394851563,-2.19638849936453
"Naive_CD4_T","Naïve CD4+ T","negative","Naive_CD4_T__SRSF11","SRSF11","Naive_CD4_T___negative___Naive_CD4_T__SRSF11","B24.6_P11",24.6,1.40613151984412,-2.19638849936453
"Naive_CD4_T","Naïve CD4+ T","negative","Naive_CD4_T__SRSF11","SRSF11","Naive_CD4_T___negative___Naive_CD4_T__SRSF11","B26.9_P12",26.9,0.854843575739896,-2.19638849936453
"Naive_CD4_T","Naïve CD4+ T","negative","Naive_CD4_T__SRSF11","SRSF11","Naive_CD4_T___negative___Naive_CD4_T__SRSF11","B31.3_P15",31.3,0.6414328714913,-2.19638849936453
"Naive_CD4_T","Naïve CD4+ T","negative","Naive_CD4_T__SRSF11","SRSF11","Naive_CD4_T___negative___Naive_CD4_T__SRSF11","B33.3_P17",33.3,-0.447125592486519,-2.19638849936453
"Naive_CD4_T","Naïve CD4+ T","negative","Naive_CD4_T__SRSF11","SRSF11","Naive_CD4_T___negative___Naive_CD4_T__SRSF11","B34.1_P18",34.1,-0.6414328714913,-2.19638849936453
"Naive_CD4_T","Naïve CD4+ T","negative","Naive_CD4_T__SRSF11","SRSF11","Naive_CD4_T___negative___Naive_CD4_T__SRSF11","B36.1_P19",36.1,-1.40613151984412,-2.19638849936453
"Naive_CD4_T","Naïve CD4+ T","negative","Naive_CD4_T__SRSF11","SRSF11","Naive_CD4_T___negative___Naive_CD4_T__SRSF11","B37.9_P20",37.9,-1.1005394851563,-2.19638849936453
"Naive_CD4_T","Naïve CD4+ T","negative","Naive_CD4_T__SRSF11","SRSF11","Naive_CD4_T___negative___Naive_CD4_T__SRSF11","B38.1_P21",38.1,-1.85385316784828,-2.19638849936453
"Naive_CD4_T","Naïve CD4+ T","negative","Naive_CD4_T__SRSF11","SRSF11","Naive_CD4_T___negative___Naive_CD4_T__SRSF11","B39.1_P22",39.1,-0.854843575739896,-2.19638849936453
"Naive_CD4_T","Naïve CD4+ T","positive","Naive_CD4_T__MAL","MAL","Naive_CD4_T___positive___Naive_CD4_T__MAL","B17.4_P3",17.4,-0.973110646905543,1.97913459601938
"Naive_CD4_T","Naïve CD4+ T","positive","Naive_CD4_T__MAL","MAL","Naive_CD4_T___positive___Naive_CD4_T__MAL","B18.0_P4",18,-1.85450757978293,1.97913459601938
"Naive_CD4_T","Naïve CD4+ T","positive","Naive_CD4_T__MAL","MAL","Naive_CD4_T___positive___Naive_CD4_T__MAL","B18.6_P5",18.6,-0.64208728342595,1.97913459601938
"Naive_CD4_T","Naïve CD4+ T","positive","Naive_CD4_T__MAL","MAL","Naive_CD4_T___positive___Naive_CD4_T__MAL","B20.9_P7",20.9,-0.447780004421169,1.97913459601938
"Naive_CD4_T","Naïve CD4+ T","positive","Naive_CD4_T__MAL","MAL","Naive_CD4_T___positive___Naive_CD4_T__MAL","B21.7_P8",21.7,-0.973110646905543,1.97913459601938
"Naive_CD4_T","Naïve CD4+ T","positive","Naive_CD4_T__MAL","MAL","Naive_CD4_T___positive___Naive_CD4_T__MAL","B22.4_P9",22.4,0.263560312753918,1.97913459601938
"Naive_CD4_T","Naïve CD4+ T","positive","Naive_CD4_T__MAL","MAL","Naive_CD4_T___positive___Naive_CD4_T__MAL","B23.4_P10",23.4,-0.264869136623219,1.97913459601938
"Naive_CD4_T","Naïve CD4+ T","positive","Naive_CD4_T__MAL","MAL","Naive_CD4_T___positive___Naive_CD4_T__MAL","B24.6_P11",24.6,-1.40678593177877,1.97913459601938
"Naive_CD4_T","Naïve CD4+ T","positive","Naive_CD4_T__MAL","MAL","Naive_CD4_T___positive___Naive_CD4_T__MAL","B26.9_P12",26.9,0.0867718502349726,1.97913459601938
"Naive_CD4_T","Naïve CD4+ T","positive","Naive_CD4_T__MAL","MAL","Naive_CD4_T___positive___Naive_CD4_T__MAL","B31.3_P15",31.3,-0.0880806741042737,1.97913459601938
"Naive_CD4_T","Naïve CD4+ T","positive","Naive_CD4_T__MAL","MAL","Naive_CD4_T___positive___Naive_CD4_T__MAL","B33.3_P17",33.3,1.85319875591363,1.97913459601938
"Naive_CD4_T","Naïve CD4+ T","positive","Naive_CD4_T__MAL","MAL","Naive_CD4_T___positive___Naive_CD4_T__MAL","B34.1_P18",34.1,0.446471180551868,1.97913459601938
"Naive_CD4_T","Naïve CD4+ T","positive","Naive_CD4_T__MAL","MAL","Naive_CD4_T___positive___Naive_CD4_T__MAL","B36.1_P19",36.1,0.640778459556649,1.97913459601938
"Naive_CD4_T","Naïve CD4+ T","positive","Naive_CD4_T__MAL","MAL","Naive_CD4_T___positive___Naive_CD4_T__MAL","B37.9_P20",37.9,1.40547710790947,1.97913459601938
"Naive_CD4_T","Naïve CD4+ T","positive","Naive_CD4_T__MAL","MAL","Naive_CD4_T___positive___Naive_CD4_T__MAL","B38.1_P21",38.1,0.854189163805246,1.97913459601938
"Naive_CD4_T","Naïve CD4+ T","positive","Naive_CD4_T__MAL","MAL","Naive_CD4_T___positive___Naive_CD4_T__MAL","B39.1_P22",39.1,1.09988507322165,1.97913459601938
"Naive_CD4_T","Naïve CD4+ T","positive","Naive_CD4_T__FLT3LG","FLT3LG","Naive_CD4_T___positive___Naive_CD4_T__FLT3LG","B17.4_P3",17.4,-0.973110646905543,1.89502070658302
"Naive_CD4_T","Naïve CD4+ T","positive","Naive_CD4_T__FLT3LG","FLT3LG","Naive_CD4_T___positive___Naive_CD4_T__FLT3LG","B18.0_P4",18,-0.64208728342595,1.89502070658302
"Naive_CD4_T","Naïve CD4+ T","positive","Naive_CD4_T__FLT3LG","FLT3LG","Naive_CD4_T___positive___Naive_CD4_T__FLT3LG","B18.6_P5",18.6,0.0867718502349726,1.89502070658302
"Naive_CD4_T","Naïve CD4+ T","positive","Naive_CD4_T__FLT3LG","FLT3LG","Naive_CD4_T___positive___Naive_CD4_T__FLT3LG","B20.9_P7",20.9,-0.973110646905543,1.89502070658302
"Naive_CD4_T","Naïve CD4+ T","positive","Naive_CD4_T__FLT3LG","FLT3LG","Naive_CD4_T___positive___Naive_CD4_T__FLT3LG","B21.7_P8",21.7,-0.264869136623219,1.89502070658302
"Naive_CD4_T","Naïve CD4+ T","positive","Naive_CD4_T__FLT3LG","FLT3LG","Naive_CD4_T___positive___Naive_CD4_T__FLT3LG","B22.4_P9",22.4,0.263560312753918,1.89502070658302
"Naive_CD4_T","Naïve CD4+ T","positive","Naive_CD4_T__FLT3LG","FLT3LG","Naive_CD4_T___positive___Naive_CD4_T__FLT3LG","B23.4_P10",23.4,0.640778459556649,1.89502070658302
"Naive_CD4_T","Naïve CD4+ T","positive","Naive_CD4_T__FLT3LG","FLT3LG","Naive_CD4_T___positive___Naive_CD4_T__FLT3LG","B24.6_P11",24.6,-1.85450757978293,1.89502070658302
"Naive_CD4_T","Naïve CD4+ T","positive","Naive_CD4_T__FLT3LG","FLT3LG","Naive_CD4_T___positive___Naive_CD4_T__FLT3LG","B26.9_P12",26.9,-0.0880806741042737,1.89502070658302
"Naive_CD4_T","Naïve CD4+ T","positive","Naive_CD4_T__FLT3LG","FLT3LG","Naive_CD4_T___positive___Naive_CD4_T__FLT3LG","B31.3_P15",31.3,-1.40678593177877,1.89502070658302
"Naive_CD4_T","Naïve CD4+ T","positive","Naive_CD4_T__FLT3LG","FLT3LG","Naive_CD4_T___positive___Naive_CD4_T__FLT3LG","B33.3_P17",33.3,0.854189163805246,1.89502070658302
"Naive_CD4_T","Naïve CD4+ T","positive","Naive_CD4_T__FLT3LG","FLT3LG","Naive_CD4_T___positive___Naive_CD4_T__FLT3LG","B34.1_P18",34.1,-0.447780004421169,1.89502070658302
"Naive_CD4_T","Naïve CD4+ T","positive","Naive_CD4_T__FLT3LG","FLT3LG","Naive_CD4_T___positive___Naive_CD4_T__FLT3LG","B36.1_P19",36.1,0.446471180551868,1.89502070658302
"Naive_CD4_T","Naïve CD4+ T","positive","Naive_CD4_T__FLT3LG","FLT3LG","Naive_CD4_T___positive___Naive_CD4_T__FLT3LG","B37.9_P20",37.9,1.40547710790947,1.89502070658302
"Naive_CD4_T","Naïve CD4+ T","positive","Naive_CD4_T__FLT3LG","FLT3LG","Naive_CD4_T___positive___Naive_CD4_T__FLT3LG","B38.1_P21",38.1,1.85319875591363,1.89502070658302
"Naive_CD4_T","Naïve CD4+ T","positive","Naive_CD4_T__FLT3LG","FLT3LG","Naive_CD4_T___positive___Naive_CD4_T__FLT3LG","B39.1_P22",39.1,1.09988507322165,1.89502070658302
"Treg","Treg","negative","Treg__SPOCK2","SPOCK2","Treg___negative___Treg__SPOCK2","B17.4_P3",17.4,1.40522299048376,-1.58657632049724
"Treg","Treg","negative","Treg__SPOCK2","SPOCK2","Treg___negative___Treg__SPOCK2","B18.0_P4",18,-0.0873697743340785,-1.58657632049724
"Treg","Treg","negative","Treg__SPOCK2","SPOCK2","Treg___negative___Treg__SPOCK2","B18.6_P5",18.6,-1.0998284048481,-1.58657632049724
"Treg","Treg","negative","Treg__SPOCK2","SPOCK2","Treg___negative___Treg__SPOCK2","B20.9_P7",20.9,0.854291244413765,-1.58657632049724
"Treg","Treg","negative","Treg__SPOCK2","SPOCK2","Treg___negative___Treg__SPOCK2","B21.7_P8",21.7,0.44683669580594,-1.58657632049724
"Treg","Treg","negative","Treg__SPOCK2","SPOCK2","Treg___negative___Treg__SPOCK2","B22.4_P9",22.4,-0.854291244413765,-1.58657632049724
"Treg","Treg","negative","Treg__SPOCK2","SPOCK2","Treg___negative___Treg__SPOCK2","B23.4_P10",23.4,0.641018429038213,-1.58657632049724
"Treg","Treg","negative","Treg__SPOCK2","SPOCK2","Treg___negative___Treg__SPOCK2","B24.6_P11",24.6,1.8526553566841,-1.58657632049724
"Treg","Treg","negative","Treg__SPOCK2","SPOCK2","Treg___negative___Treg__SPOCK2","B26.9_P12",26.9,0.0873697743340784,-1.58657632049724
"Treg","Treg","negative","Treg__SPOCK2","SPOCK2","Treg___negative___Treg__SPOCK2","B31.3_P15",31.3,1.0998284048481,-1.58657632049724
"Treg","Treg","negative","Treg__SPOCK2","SPOCK2","Treg___negative___Treg__SPOCK2","B33.3_P17",33.3,-1.8526553566841,-1.58657632049724
"Treg","Treg","negative","Treg__SPOCK2","SPOCK2","Treg___negative___Treg__SPOCK2","B34.1_P18",34.1,0.264044010334022,-1.58657632049724
"Treg","Treg","negative","Treg__SPOCK2","SPOCK2","Treg___negative___Treg__SPOCK2","B36.1_P19",36.1,-0.264044010334022,-1.58657632049724
"Treg","Treg","negative","Treg__SPOCK2","SPOCK2","Treg___negative___Treg__SPOCK2","B37.9_P20",37.9,-0.641018429038213,-1.58657632049724
"Treg","Treg","negative","Treg__SPOCK2","SPOCK2","Treg___negative___Treg__SPOCK2","B38.1_P21",38.1,-1.40522299048376,-1.58657632049724
"Treg","Treg","negative","Treg__SPOCK2","SPOCK2","Treg___negative___Treg__SPOCK2","B39.1_P22",39.1,-0.44683669580594,-1.58657632049724
"Treg","Treg","negative","Treg__GNG2","GNG2","Treg___negative___Treg__GNG2","B17.4_P3",17.4,1.40522299048376,-1.60586412343384
"Treg","Treg","negative","Treg__GNG2","GNG2","Treg___negative___Treg__GNG2","B18.0_P4",18,-0.44683669580594,-1.60586412343384
"Treg","Treg","negative","Treg__GNG2","GNG2","Treg___negative___Treg__GNG2","B18.6_P5",18.6,0.854291244413765,-1.60586412343384
"Treg","Treg","negative","Treg__GNG2","GNG2","Treg___negative___Treg__GNG2","B20.9_P7",20.9,0.0873697743340785,-1.60586412343384
"Treg","Treg","negative","Treg__GNG2","GNG2","Treg___negative___Treg__GNG2","B21.7_P8",21.7,1.8526553566841,-1.60586412343384
"Treg","Treg","negative","Treg__GNG2","GNG2","Treg___negative___Treg__GNG2","B22.4_P9",22.4,0.264044010334022,-1.60586412343384
"Treg","Treg","negative","Treg__GNG2","GNG2","Treg___negative___Treg__GNG2","B23.4_P10",23.4,-0.854291244413765,-1.60586412343384
"Treg","Treg","negative","Treg__GNG2","GNG2","Treg___negative___Treg__GNG2","B24.6_P11",24.6,0.641018429038213,-1.60586412343384
"Treg","Treg","negative","Treg__GNG2","GNG2","Treg___negative___Treg__GNG2","B26.9_P12",26.9,-1.0998284048481,-1.60586412343384
"Treg","Treg","negative","Treg__GNG2","GNG2","Treg___negative___Treg__GNG2","B31.3_P15",31.3,1.0998284048481,-1.60586412343384
"Treg","Treg","negative","Treg__GNG2","GNG2","Treg___negative___Treg__GNG2","B33.3_P17",33.3,0.44683669580594,-1.60586412343384
"Treg","Treg","negative","Treg__GNG2","GNG2","Treg___negative___Treg__GNG2","B34.1_P18",34.1,-1.40522299048376,-1.60586412343384
"Treg","Treg","negative","Treg__GNG2","GNG2","Treg___negative___Treg__GNG2","B36.1_P19",36.1,-0.641018429038213,-1.60586412343384
"Treg","Treg","negative","Treg__GNG2","GNG2","Treg___negative___Treg__GNG2","B37.9_P20",37.9,-1.8526553566841,-1.60586412343384
"Treg","Treg","negative","Treg__GNG2","GNG2","Treg___negative___Treg__GNG2","B38.1_P21",38.1,-0.264044010334022,-1.60586412343384
"Treg","Treg","negative","Treg__GNG2","GNG2","Treg___negative___Treg__GNG2","B39.1_P22",39.1,-0.0873697743340784,-1.60586412343384
"Treg","Treg","positive","Treg__EID1","EID1","Treg___positive___Treg__EID1","B17.4_P3",17.4,-1.8526553566841,1.98480521377827
"Treg","Treg","positive","Treg__EID1","EID1","Treg___positive___Treg__EID1","B18.0_P4",18,-0.44683669580594,1.98480521377827
"Treg","Treg","positive","Treg__EID1","EID1","Treg___positive___Treg__EID1","B18.6_P5",18.6,-0.641018429038213,1.98480521377827
"Treg","Treg","positive","Treg__EID1","EID1","Treg___positive___Treg__EID1","B20.9_P7",20.9,-1.0998284048481,1.98480521377827
"Treg","Treg","positive","Treg__EID1","EID1","Treg___positive___Treg__EID1","B21.7_P8",21.7,-0.854291244413765,1.98480521377827
"Treg","Treg","positive","Treg__EID1","EID1","Treg___positive___Treg__EID1","B22.4_P9",22.4,0.264044010334022,1.98480521377827
"Treg","Treg","positive","Treg__EID1","EID1","Treg___positive___Treg__EID1","B23.4_P10",23.4,0.0873697743340784,1.98480521377827
"Treg","Treg","positive","Treg__EID1","EID1","Treg___positive___Treg__EID1","B24.6_P11",24.6,-0.264044010334022,1.98480521377827
"Treg","Treg","positive","Treg__EID1","EID1","Treg___positive___Treg__EID1","B26.9_P12",26.9,0.44683669580594,1.98480521377827
"Treg","Treg","positive","Treg__EID1","EID1","Treg___positive___Treg__EID1","B31.3_P15",31.3,-1.40522299048376,1.98480521377827
"Treg","Treg","positive","Treg__EID1","EID1","Treg___positive___Treg__EID1","B33.3_P17",33.3,1.40522299048376,1.98480521377827
"Treg","Treg","positive","Treg__EID1","EID1","Treg___positive___Treg__EID1","B34.1_P18",34.1,1.0998284048481,1.98480521377827
"Treg","Treg","positive","Treg__EID1","EID1","Treg___positive___Treg__EID1","B36.1_P19",36.1,0.854291244413765,1.98480521377827
"Treg","Treg","positive","Treg__EID1","EID1","Treg___positive___Treg__EID1","B37.9_P20",37.9,0.641018429038213,1.98480521377827
"Treg","Treg","positive","Treg__EID1","EID1","Treg___positive___Treg__EID1","B38.1_P21",38.1,1.8526553566841,1.98480521377827
"Treg","Treg","positive","Treg__EID1","EID1","Treg___positive___Treg__EID1","B39.1_P22",39.1,-0.0873697743340785,1.98480521377827
"Treg","Treg","positive","Treg__SSR2","SSR2","Treg___positive___Treg__SSR2","B17.4_P3",17.4,-0.641018429038213,1.66340190023409
"Treg","Treg","positive","Treg__SSR2","SSR2","Treg___positive___Treg__SSR2","B18.0_P4",18,-0.264044010334022,1.66340190023409
"Treg","Treg","positive","Treg__SSR2","SSR2","Treg___positive___Treg__SSR2","B18.6_P5",18.6,-0.0873697743340785,1.66340190023409
"Treg","Treg","positive","Treg__SSR2","SSR2","Treg___positive___Treg__SSR2","B20.9_P7",20.9,-1.8526553566841,1.66340190023409
"Treg","Treg","positive","Treg__SSR2","SSR2","Treg___positive___Treg__SSR2","B21.7_P8",21.7,0.854291244413765,1.66340190023409
"Treg","Treg","positive","Treg__SSR2","SSR2","Treg___positive___Treg__SSR2","B22.4_P9",22.4,-0.854291244413765,1.66340190023409
"Treg","Treg","positive","Treg__SSR2","SSR2","Treg___positive___Treg__SSR2","B23.4_P10",23.4,0.264044010334022,1.66340190023409
"Treg","Treg","positive","Treg__SSR2","SSR2","Treg___positive___Treg__SSR2","B24.6_P11",24.6,-0.44683669580594,1.66340190023409
"Treg","Treg","positive","Treg__SSR2","SSR2","Treg___positive___Treg__SSR2","B26.9_P12",26.9,-1.0998284048481,1.66340190023409
"Treg","Treg","positive","Treg__SSR2","SSR2","Treg___positive___Treg__SSR2","B31.3_P15",31.3,-1.40522299048376,1.66340190023409
"Treg","Treg","positive","Treg__SSR2","SSR2","Treg___positive___Treg__SSR2","B33.3_P17",33.3,0.44683669580594,1.66340190023409
"Treg","Treg","positive","Treg__SSR2","SSR2","Treg___positive___Treg__SSR2","B34.1_P18",34.1,1.40522299048376,1.66340190023409
"Treg","Treg","positive","Treg__SSR2","SSR2","Treg___positive___Treg__SSR2","B36.1_P19",36.1,0.0873697743340784,1.66340190023409
"Treg","Treg","positive","Treg__SSR2","SSR2","Treg___positive___Treg__SSR2","B37.9_P20",37.9,0.641018429038213,1.66340190023409
"Treg","Treg","positive","Treg__SSR2","SSR2","Treg___positive___Treg__SSR2","B38.1_P21",38.1,1.8526553566841,1.66340190023409
"Treg","Treg","positive","Treg__SSR2","SSR2","Treg___positive___Treg__SSR2","B39.1_P22",39.1,1.0998284048481,1.66340190023409
"Naive_CD8_T","Naïve CD8+ T","negative","Naive_CD8_T__AQP3","AQP3","Naive_CD8_T___negative___Naive_CD8_T__AQP3","B17.4_P3",17.4,1.85218887623954,-1.66119345541992
"Naive_CD8_T","Naïve CD8+ T","negative","Naive_CD8_T__AQP3","AQP3","Naive_CD8_T___negative___Naive_CD8_T__AQP3","B18.0_P4",18,1.40486916911977,-1.66119345541992
"Naive_CD8_T","Naïve CD8+ T","negative","Naive_CD8_T__AQP3","AQP3","Naive_CD8_T___negative___Naive_CD8_T__AQP3","B18.6_P5",18.6,0.26397752664245,-1.66119345541992
"Naive_CD8_T","Naïve CD8+ T","negative","Naive_CD8_T__AQP3","AQP3","Naive_CD8_T___negative___Naive_CD8_T__AQP3","B20.9_P7",20.9,-0.0873477754819849,-1.66119345541992
"Naive_CD8_T","Naïve CD8+ T","negative","Naive_CD8_T__AQP3","AQP3","Naive_CD8_T___negative___Naive_CD8_T__AQP3","B21.7_P8",21.7,0.640857026886071,-1.66119345541992
"Naive_CD8_T","Naïve CD8+ T","negative","Naive_CD8_T__AQP3","AQP3","Naive_CD8_T___negative___Naive_CD8_T__AQP3","B22.4_P9",22.4,-0.26397752664245,-1.66119345541992
"Naive_CD8_T","Naïve CD8+ T","negative","Naive_CD8_T__AQP3","AQP3","Naive_CD8_T___negative___Naive_CD8_T__AQP3","B23.4_P10",23.4,0.0873477754819849,-1.66119345541992
"Naive_CD8_T","Naïve CD8+ T","negative","Naive_CD8_T__AQP3","AQP3","Naive_CD8_T___negative___Naive_CD8_T__AQP3","B24.6_P11",24.6,-0.446724186709334,-1.66119345541992
"Naive_CD8_T","Naïve CD8+ T","negative","Naive_CD8_T__AQP3","AQP3","Naive_CD8_T___negative___Naive_CD8_T__AQP3","B26.9_P12",26.9,-1.40486916911977,-1.66119345541992
"Naive_CD8_T","Naïve CD8+ T","negative","Naive_CD8_T__AQP3","AQP3","Naive_CD8_T___negative___Naive_CD8_T__AQP3","B31.3_P15",31.3,0.854076142258885,-1.66119345541992
"Naive_CD8_T","Naïve CD8+ T","negative","Naive_CD8_T__AQP3","AQP3","Naive_CD8_T___negative___Naive_CD8_T__AQP3","B33.3_P17",33.3,0.446724186709334,-1.66119345541992
"Naive_CD8_T","Naïve CD8+ T","negative","Naive_CD8_T__AQP3","AQP3","Naive_CD8_T___negative___Naive_CD8_T__AQP3","B34.1_P18",34.1,-0.854076142258885,-1.66119345541992
"Naive_CD8_T","Naïve CD8+ T","negative","Naive_CD8_T__AQP3","AQP3","Naive_CD8_T___negative___Naive_CD8_T__AQP3","B36.1_P19",36.1,-1.09955147884491,-1.66119345541992
"Naive_CD8_T","Naïve CD8+ T","negative","Naive_CD8_T__AQP3","AQP3","Naive_CD8_T___negative___Naive_CD8_T__AQP3","B37.9_P20",37.9,1.09955147884491,-1.66119345541992
"Naive_CD8_T","Naïve CD8+ T","negative","Naive_CD8_T__AQP3","AQP3","Naive_CD8_T___negative___Naive_CD8_T__AQP3","B38.1_P21",38.1,-0.640857026886071,-1.66119345541992
"Naive_CD8_T","Naïve CD8+ T","negative","Naive_CD8_T__AQP3","AQP3","Naive_CD8_T___negative___Naive_CD8_T__AQP3","B39.1_P22",39.1,-1.85218887623954,-1.66119345541992
"Naive_CD8_T","Naïve CD8+ T","negative","Naive_CD8_T__ZNF207","ZNF207","Naive_CD8_T___negative___Naive_CD8_T__ZNF207","B17.4_P3",17.4,1.85218887623954,-1.7818581401719
"Naive_CD8_T","Naïve CD8+ T","negative","Naive_CD8_T__ZNF207","ZNF207","Naive_CD8_T___negative___Naive_CD8_T__ZNF207","B18.0_P4",18,-0.26397752664245,-1.7818581401719
"Naive_CD8_T","Naïve CD8+ T","negative","Naive_CD8_T__ZNF207","ZNF207","Naive_CD8_T___negative___Naive_CD8_T__ZNF207","B18.6_P5",18.6,-0.640857026886071,-1.7818581401719
"Naive_CD8_T","Naïve CD8+ T","negative","Naive_CD8_T__ZNF207","ZNF207","Naive_CD8_T___negative___Naive_CD8_T__ZNF207","B20.9_P7",20.9,0.446724186709334,-1.7818581401719
"Naive_CD8_T","Naïve CD8+ T","negative","Naive_CD8_T__ZNF207","ZNF207","Naive_CD8_T___negative___Naive_CD8_T__ZNF207","B21.7_P8",21.7,0.26397752664245,-1.7818581401719
"Naive_CD8_T","Naïve CD8+ T","negative","Naive_CD8_T__ZNF207","ZNF207","Naive_CD8_T___negative___Naive_CD8_T__ZNF207","B22.4_P9",22.4,-0.854076142258885,-1.7818581401719
"Naive_CD8_T","Naïve CD8+ T","negative","Naive_CD8_T__ZNF207","ZNF207","Naive_CD8_T___negative___Naive_CD8_T__ZNF207","B23.4_P10",23.4,-0.0873477754819849,-1.7818581401719
"Naive_CD8_T","Naïve CD8+ T","negative","Naive_CD8_T__ZNF207","ZNF207","Naive_CD8_T___negative___Naive_CD8_T__ZNF207","B24.6_P11",24.6,1.09955147884491,-1.7818581401719
"Naive_CD8_T","Naïve CD8+ T","negative","Naive_CD8_T__ZNF207","ZNF207","Naive_CD8_T___negative___Naive_CD8_T__ZNF207","B26.9_P12",26.9,1.40486916911977,-1.7818581401719
"Naive_CD8_T","Naïve CD8+ T","negative","Naive_CD8_T__ZNF207","ZNF207","Naive_CD8_T___negative___Naive_CD8_T__ZNF207","B31.3_P15",31.3,0.640857026886071,-1.7818581401719
"Naive_CD8_T","Naïve CD8+ T","negative","Naive_CD8_T__ZNF207","ZNF207","Naive_CD8_T___negative___Naive_CD8_T__ZNF207","B33.3_P17",33.3,-1.40486916911977,-1.7818581401719
"Naive_CD8_T","Naïve CD8+ T","negative","Naive_CD8_T__ZNF207","ZNF207","Naive_CD8_T___negative___Naive_CD8_T__ZNF207","B34.1_P18",34.1,0.854076142258885,-1.7818581401719
"Naive_CD8_T","Naïve CD8+ T","negative","Naive_CD8_T__ZNF207","ZNF207","Naive_CD8_T___negative___Naive_CD8_T__ZNF207","B36.1_P19",36.1,-1.85218887623954,-1.7818581401719
"Naive_CD8_T","Naïve CD8+ T","negative","Naive_CD8_T__ZNF207","ZNF207","Naive_CD8_T___negative___Naive_CD8_T__ZNF207","B37.9_P20",37.9,0.0873477754819849,-1.7818581401719
"Naive_CD8_T","Naïve CD8+ T","negative","Naive_CD8_T__ZNF207","ZNF207","Naive_CD8_T___negative___Naive_CD8_T__ZNF207","B38.1_P21",38.1,-1.09955147884491,-1.7818581401719
"Naive_CD8_T","Naïve CD8+ T","negative","Naive_CD8_T__ZNF207","ZNF207","Naive_CD8_T___negative___Naive_CD8_T__ZNF207","B39.1_P22",39.1,-0.446724186709334,-1.7818581401719
"Naive_CD8_T","Naïve CD8+ T","positive","Naive_CD8_T__PDIA3","PDIA3","Naive_CD8_T___positive___Naive_CD8_T__PDIA3","B17.4_P3",17.4,-1.85218887623954,1.987220930324
"Naive_CD8_T","Naïve CD8+ T","positive","Naive_CD8_T__PDIA3","PDIA3","Naive_CD8_T___positive___Naive_CD8_T__PDIA3","B18.0_P4",18,0.26397752664245,1.987220930324
"Naive_CD8_T","Naïve CD8+ T","positive","Naive_CD8_T__PDIA3","PDIA3","Naive_CD8_T___positive___Naive_CD8_T__PDIA3","B18.6_P5",18.6,-0.26397752664245,1.987220930324
"Naive_CD8_T","Naïve CD8+ T","positive","Naive_CD8_T__PDIA3","PDIA3","Naive_CD8_T___positive___Naive_CD8_T__PDIA3","B20.9_P7",20.9,0.446724186709334,1.987220930324
"Naive_CD8_T","Naïve CD8+ T","positive","Naive_CD8_T__PDIA3","PDIA3","Naive_CD8_T___positive___Naive_CD8_T__PDIA3","B21.7_P8",21.7,-0.854076142258885,1.987220930324
"Naive_CD8_T","Naïve CD8+ T","positive","Naive_CD8_T__PDIA3","PDIA3","Naive_CD8_T___positive___Naive_CD8_T__PDIA3","B22.4_P9",22.4,-0.0873477754819849,1.987220930324
"Naive_CD8_T","Naïve CD8+ T","positive","Naive_CD8_T__PDIA3","PDIA3","Naive_CD8_T___positive___Naive_CD8_T__PDIA3","B23.4_P10",23.4,1.85218887623954,1.987220930324
"Naive_CD8_T","Naïve CD8+ T","positive","Naive_CD8_T__PDIA3","PDIA3","Naive_CD8_T___positive___Naive_CD8_T__PDIA3","B24.6_P11",24.6,-1.40486916911977,1.987220930324
"Naive_CD8_T","Naïve CD8+ T","positive","Naive_CD8_T__PDIA3","PDIA3","Naive_CD8_T___positive___Naive_CD8_T__PDIA3","B26.9_P12",26.9,-1.09955147884491,1.987220930324
"Naive_CD8_T","Naïve CD8+ T","positive","Naive_CD8_T__PDIA3","PDIA3","Naive_CD8_T___positive___Naive_CD8_T__PDIA3","B31.3_P15",31.3,-0.446724186709334,1.987220930324
"Naive_CD8_T","Naïve CD8+ T","positive","Naive_CD8_T__PDIA3","PDIA3","Naive_CD8_T___positive___Naive_CD8_T__PDIA3","B33.3_P17",33.3,0.854076142258885,1.987220930324
"Naive_CD8_T","Naïve CD8+ T","positive","Naive_CD8_T__PDIA3","PDIA3","Naive_CD8_T___positive___Naive_CD8_T__PDIA3","B34.1_P18",34.1,-0.640857026886071,1.987220930324
"Naive_CD8_T","Naïve CD8+ T","positive","Naive_CD8_T__PDIA3","PDIA3","Naive_CD8_T___positive___Naive_CD8_T__PDIA3","B36.1_P19",36.1,0.0873477754819849,1.987220930324
"Naive_CD8_T","Naïve CD8+ T","positive","Naive_CD8_T__PDIA3","PDIA3","Naive_CD8_T___positive___Naive_CD8_T__PDIA3","B37.9_P20",37.9,1.09955147884491,1.987220930324
"Naive_CD8_T","Naïve CD8+ T","positive","Naive_CD8_T__PDIA3","PDIA3","Naive_CD8_T___positive___Naive_CD8_T__PDIA3","B38.1_P21",38.1,1.40486916911977,1.987220930324
"Naive_CD8_T","Naïve CD8+ T","positive","Naive_CD8_T__PDIA3","PDIA3","Naive_CD8_T___positive___Naive_CD8_T__PDIA3","B39.1_P22",39.1,0.640857026886071,1.987220930324
"Naive_CD8_T","Naïve CD8+ T","positive","Naive_CD8_T__PCED1B","PCED1B","Naive_CD8_T___positive___Naive_CD8_T__PCED1B","B17.4_P3",17.4,-1.40486916911977,1.95855649639877
"Naive_CD8_T","Naïve CD8+ T","positive","Naive_CD8_T__PCED1B","PCED1B","Naive_CD8_T___positive___Naive_CD8_T__PCED1B","B18.0_P4",18,-0.0873477754819849,1.95855649639877
"Naive_CD8_T","Naïve CD8+ T","positive","Naive_CD8_T__PCED1B","PCED1B","Naive_CD8_T___positive___Naive_CD8_T__PCED1B","B18.6_P5",18.6,-1.85218887623954,1.95855649639877
"Naive_CD8_T","Naïve CD8+ T","positive","Naive_CD8_T__PCED1B","PCED1B","Naive_CD8_T___positive___Naive_CD8_T__PCED1B","B20.9_P7",20.9,1.85218887623954,1.95855649639877
"Naive_CD8_T","Naïve CD8+ T","positive","Naive_CD8_T__PCED1B","PCED1B","Naive_CD8_T___positive___Naive_CD8_T__PCED1B","B21.7_P8",21.7,-0.854076142258885,1.95855649639877
"Naive_CD8_T","Naïve CD8+ T","positive","Naive_CD8_T__PCED1B","PCED1B","Naive_CD8_T___positive___Naive_CD8_T__PCED1B","B22.4_P9",22.4,-0.446724186709334,1.95855649639877
"Naive_CD8_T","Naïve CD8+ T","positive","Naive_CD8_T__PCED1B","PCED1B","Naive_CD8_T___positive___Naive_CD8_T__PCED1B","B23.4_P10",23.4,-0.640857026886071,1.95855649639877
"Naive_CD8_T","Naïve CD8+ T","positive","Naive_CD8_T__PCED1B","PCED1B","Naive_CD8_T___positive___Naive_CD8_T__PCED1B","B24.6_P11",24.6,0.446724186709334,1.95855649639877
"Naive_CD8_T","Naïve CD8+ T","positive","Naive_CD8_T__PCED1B","PCED1B","Naive_CD8_T___positive___Naive_CD8_T__PCED1B","B26.9_P12",26.9,-1.09955147884491,1.95855649639877
"Naive_CD8_T","Naïve CD8+ T","positive","Naive_CD8_T__PCED1B","PCED1B","Naive_CD8_T___positive___Naive_CD8_T__PCED1B","B31.3_P15",31.3,0.26397752664245,1.95855649639877
"Naive_CD8_T","Naïve CD8+ T","positive","Naive_CD8_T__PCED1B","PCED1B","Naive_CD8_T___positive___Naive_CD8_T__PCED1B","B33.3_P17",33.3,-0.26397752664245,1.95855649639877
"Naive_CD8_T","Naïve CD8+ T","positive","Naive_CD8_T__PCED1B","PCED1B","Naive_CD8_T___positive___Naive_CD8_T__PCED1B","B34.1_P18",34.1,0.640857026886071,1.95855649639877
"Naive_CD8_T","Naïve CD8+ T","positive","Naive_CD8_T__PCED1B","PCED1B","Naive_CD8_T___positive___Naive_CD8_T__PCED1B","B36.1_P19",36.1,1.09955147884491,1.95855649639877
"Naive_CD8_T","Naïve CD8+ T","positive","Naive_CD8_T__PCED1B","PCED1B","Naive_CD8_T___positive___Naive_CD8_T__PCED1B","B37.9_P20",37.9,0.854076142258885,1.95855649639877
"Naive_CD8_T","Naïve CD8+ T","positive","Naive_CD8_T__PCED1B","PCED1B","Naive_CD8_T___positive___Naive_CD8_T__PCED1B","B38.1_P21",38.1,1.40486916911977,1.95855649639877
"Naive_CD8_T","Naïve CD8+ T","positive","Naive_CD8_T__PCED1B","PCED1B","Naive_CD8_T___positive___Naive_CD8_T__PCED1B","B39.1_P22",39.1,0.0873477754819849,1.95855649639877
"Gamma_Delta_V2_T","Vδ2","negative","Gamma_Delta_V2_T__CCT4","CCT4","Gamma_Delta_V2_T___negative___Gamma_Delta_V2_T__CCT4","B17.4_P3",17.4,1.85227107674537,-2.11542345468875
"Gamma_Delta_V2_T","Vδ2","negative","Gamma_Delta_V2_T__CCT4","CCT4","Gamma_Delta_V2_T___negative___Gamma_Delta_V2_T__CCT4","B18.0_P4",18,-0.0873516519934033,-2.11542345468875
"Gamma_Delta_V2_T","Vδ2","negative","Gamma_Delta_V2_T__CCT4","CCT4","Gamma_Delta_V2_T___negative___Gamma_Delta_V2_T__CCT4","B18.6_P5",18.6,0.263989242016889,-2.11542345468875
"Gamma_Delta_V2_T","Vδ2","negative","Gamma_Delta_V2_T__CCT4","CCT4","Gamma_Delta_V2_T___negative___Gamma_Delta_V2_T__CCT4","B20.9_P7",20.9,1.09960027715533,-2.11542345468875
"Gamma_Delta_V2_T","Vδ2","negative","Gamma_Delta_V2_T__CCT4","CCT4","Gamma_Delta_V2_T___negative___Gamma_Delta_V2_T__CCT4","B21.7_P8",21.7,0.640885468246697,-2.11542345468875
"Gamma_Delta_V2_T","Vδ2","negative","Gamma_Delta_V2_T__CCT4","CCT4","Gamma_Delta_V2_T___negative___Gamma_Delta_V2_T__CCT4","B22.4_P9",22.4,-1.85227107674537,-2.11542345468875
"Gamma_Delta_V2_T","Vδ2","negative","Gamma_Delta_V2_T__CCT4","CCT4","Gamma_Delta_V2_T___negative___Gamma_Delta_V2_T__CCT4","B23.4_P10",23.4,-1.40493151748921,-2.11542345468875
"Gamma_Delta_V2_T","Vδ2","negative","Gamma_Delta_V2_T__CCT4","CCT4","Gamma_Delta_V2_T___negative___Gamma_Delta_V2_T__CCT4","B24.6_P11",24.6,0.854114046325696,-2.11542345468875
"Gamma_Delta_V2_T","Vδ2","negative","Gamma_Delta_V2_T__CCT4","CCT4","Gamma_Delta_V2_T___negative___Gamma_Delta_V2_T__CCT4","B26.9_P12",26.9,1.40493151748921,-2.11542345468875
"Gamma_Delta_V2_T","Vδ2","negative","Gamma_Delta_V2_T__CCT4","CCT4","Gamma_Delta_V2_T___negative___Gamma_Delta_V2_T__CCT4","B31.3_P15",31.3,0.446744012416412,-2.11542345468875
"Gamma_Delta_V2_T","Vδ2","negative","Gamma_Delta_V2_T__CCT4","CCT4","Gamma_Delta_V2_T___negative___Gamma_Delta_V2_T__CCT4","B33.3_P17",33.3,-0.446744012416412,-2.11542345468875
"Gamma_Delta_V2_T","Vδ2","negative","Gamma_Delta_V2_T__CCT4","CCT4","Gamma_Delta_V2_T___negative___Gamma_Delta_V2_T__CCT4","B34.1_P18",34.1,-0.263989242016889,-2.11542345468875
"Gamma_Delta_V2_T","Vδ2","negative","Gamma_Delta_V2_T__CCT4","CCT4","Gamma_Delta_V2_T___negative___Gamma_Delta_V2_T__CCT4","B36.1_P19",36.1,0.0873516519934033,-2.11542345468875
"Gamma_Delta_V2_T","Vδ2","negative","Gamma_Delta_V2_T__CCT4","CCT4","Gamma_Delta_V2_T___negative___Gamma_Delta_V2_T__CCT4","B37.9_P20",37.9,-1.09960027715533,-2.11542345468875
"Gamma_Delta_V2_T","Vδ2","negative","Gamma_Delta_V2_T__CCT4","CCT4","Gamma_Delta_V2_T___negative___Gamma_Delta_V2_T__CCT4","B38.1_P21",38.1,-0.854114046325696,-2.11542345468875
"Gamma_Delta_V2_T","Vδ2","negative","Gamma_Delta_V2_T__CCT4","CCT4","Gamma_Delta_V2_T___negative___Gamma_Delta_V2_T__CCT4","B39.1_P22",39.1,-0.640885468246697,-2.11542345468875
"Gamma_Delta_V2_T","Vδ2","negative","Gamma_Delta_V2_T__GAPDH","GAPDH","Gamma_Delta_V2_T___negative___Gamma_Delta_V2_T__GAPDH","B17.4_P3",17.4,0.857676697555345,-2.19465963304402
"Gamma_Delta_V2_T","Vδ2","negative","Gamma_Delta_V2_T__GAPDH","GAPDH","Gamma_Delta_V2_T___negative___Gamma_Delta_V2_T__GAPDH","B18.0_P4",18,0.178744862365729,-2.19465963304402
"Gamma_Delta_V2_T","Vδ2","negative","Gamma_Delta_V2_T__GAPDH","GAPDH","Gamma_Delta_V2_T___negative___Gamma_Delta_V2_T__GAPDH","B18.6_P5",18.6,0.178744862365729,-2.19465963304402
"Gamma_Delta_V2_T","Vδ2","negative","Gamma_Delta_V2_T__GAPDH","GAPDH","Gamma_Delta_V2_T___negative___Gamma_Delta_V2_T__GAPDH","B20.9_P7",20.9,-1.09603762592568,-2.19465963304402
"Gamma_Delta_V2_T","Vδ2","negative","Gamma_Delta_V2_T__GAPDH","GAPDH","Gamma_Delta_V2_T___negative___Gamma_Delta_V2_T__GAPDH","B21.7_P8",21.7,1.60366273850975,-2.19465963304402
"Gamma_Delta_V2_T","Vδ2","negative","Gamma_Delta_V2_T__GAPDH","GAPDH","Gamma_Delta_V2_T___negative___Gamma_Delta_V2_T__GAPDH","B22.4_P9",22.4,-0.17161955990643,-2.19465963304402
"Gamma_Delta_V2_T","Vδ2","negative","Gamma_Delta_V2_T__GAPDH","GAPDH","Gamma_Delta_V2_T___negative___Gamma_Delta_V2_T__GAPDH","B23.4_P10",23.4,-0.17161955990643,-2.19465963304402
"Gamma_Delta_V2_T","Vδ2","negative","Gamma_Delta_V2_T__GAPDH","GAPDH","Gamma_Delta_V2_T___negative___Gamma_Delta_V2_T__GAPDH","B24.6_P11",24.6,1.60366273850975,-2.19465963304402
"Gamma_Delta_V2_T","Vδ2","negative","Gamma_Delta_V2_T__GAPDH","GAPDH","Gamma_Delta_V2_T___negative___Gamma_Delta_V2_T__GAPDH","B26.9_P12",26.9,-0.850551395096046,-2.19465963304402
"Gamma_Delta_V2_T","Vδ2","negative","Gamma_Delta_V2_T__GAPDH","GAPDH","Gamma_Delta_V2_T___negative___Gamma_Delta_V2_T__GAPDH","B31.3_P15",31.3,0.644448119476346,-2.19465963304402
"Gamma_Delta_V2_T","Vδ2","negative","Gamma_Delta_V2_T__GAPDH","GAPDH","Gamma_Delta_V2_T___negative___Gamma_Delta_V2_T__GAPDH","B33.3_P17",33.3,-0.443181361186763,-2.19465963304402
"Gamma_Delta_V2_T","Vδ2","negative","Gamma_Delta_V2_T__GAPDH","GAPDH","Gamma_Delta_V2_T___negative___Gamma_Delta_V2_T__GAPDH","B34.1_P18",34.1,-1.40136886625956,-2.19465963304402
"Gamma_Delta_V2_T","Vδ2","negative","Gamma_Delta_V2_T__GAPDH","GAPDH","Gamma_Delta_V2_T___negative___Gamma_Delta_V2_T__GAPDH","B36.1_P19",36.1,1.10316292838498,-2.19465963304402
"Gamma_Delta_V2_T","Vδ2","negative","Gamma_Delta_V2_T__GAPDH","GAPDH","Gamma_Delta_V2_T___negative___Gamma_Delta_V2_T__GAPDH","B37.9_P20",37.9,0.450306663646062,-2.19465963304402
"Gamma_Delta_V2_T","Vδ2","negative","Gamma_Delta_V2_T__GAPDH","GAPDH","Gamma_Delta_V2_T___negative___Gamma_Delta_V2_T__GAPDH","B38.1_P21",38.1,-0.637322817017047,-2.19465963304402
"Gamma_Delta_V2_T","Vδ2","negative","Gamma_Delta_V2_T__GAPDH","GAPDH","Gamma_Delta_V2_T___negative___Gamma_Delta_V2_T__GAPDH","B39.1_P22",39.1,-1.84870842551572,-2.19465963304402
"Gamma_Delta_V2_T","Vδ2","positive","Gamma_Delta_V2_T__TPT1","TPT1","Gamma_Delta_V2_T___positive___Gamma_Delta_V2_T__TPT1","B17.4_P3",17.4,-1.8493510373065,2.68153391031426
"Gamma_Delta_V2_T","Vδ2","positive","Gamma_Delta_V2_T__TPT1","TPT1","Gamma_Delta_V2_T___positive___Gamma_Delta_V2_T__TPT1","B18.0_P4",18,-0.084431612554534,2.68153391031426
"Gamma_Delta_V2_T","Vδ2","positive","Gamma_Delta_V2_T__TPT1","TPT1","Gamma_Delta_V2_T___positive___Gamma_Delta_V2_T__TPT1","B18.6_P5",18.6,-0.443823972977543,2.68153391031426
"Gamma_Delta_V2_T","Vδ2","positive","Gamma_Delta_V2_T__TPT1","TPT1","Gamma_Delta_V2_T___positive___Gamma_Delta_V2_T__TPT1","B20.9_P7",20.9,0.357229590323551,2.68153391031426
"Gamma_Delta_V2_T","Vδ2","positive","Gamma_Delta_V2_T__TPT1","TPT1","Gamma_Delta_V2_T___positive___Gamma_Delta_V2_T__TPT1","B21.7_P8",21.7,-0.968706294661774,2.68153391031426
"Gamma_Delta_V2_T","Vδ2","positive","Gamma_Delta_V2_T__TPT1","TPT1","Gamma_Delta_V2_T___positive___Gamma_Delta_V2_T__TPT1","B22.4_P9",22.4,0.643805507685566,2.68153391031426
"Gamma_Delta_V2_T","Vδ2","positive","Gamma_Delta_V2_T__TPT1","TPT1","Gamma_Delta_V2_T___positive___Gamma_Delta_V2_T__TPT1","B23.4_P10",23.4,-0.084431612554534,2.68153391031426
"Gamma_Delta_V2_T","Vδ2","positive","Gamma_Delta_V2_T__TPT1","TPT1","Gamma_Delta_V2_T___positive___Gamma_Delta_V2_T__TPT1","B24.6_P11",24.6,-0.968706294661774,2.68153391031426
"Gamma_Delta_V2_T","Vδ2","positive","Gamma_Delta_V2_T__TPT1","TPT1","Gamma_Delta_V2_T___positive___Gamma_Delta_V2_T__TPT1","B26.9_P12",26.9,-1.40201147805034,2.68153391031426
"Gamma_Delta_V2_T","Vδ2","positive","Gamma_Delta_V2_T__TPT1","TPT1","Gamma_Delta_V2_T___positive___Gamma_Delta_V2_T__TPT1","B31.3_P15",31.3,-0.084431612554534,2.68153391031426
"Gamma_Delta_V2_T","Vδ2","positive","Gamma_Delta_V2_T__TPT1","TPT1","Gamma_Delta_V2_T___positive___Gamma_Delta_V2_T__TPT1","B33.3_P17",33.3,1.1025203165942,2.68153391031426
"Gamma_Delta_V2_T","Vδ2","positive","Gamma_Delta_V2_T__TPT1","TPT1","Gamma_Delta_V2_T___positive___Gamma_Delta_V2_T__TPT1","B34.1_P18",34.1,-0.637965428807827,2.68153391031426
"Gamma_Delta_V2_T","Vδ2","positive","Gamma_Delta_V2_T__TPT1","TPT1","Gamma_Delta_V2_T___positive___Gamma_Delta_V2_T__TPT1","B36.1_P19",36.1,0.857034085764565,2.68153391031426
"Gamma_Delta_V2_T","Vδ2","positive","Gamma_Delta_V2_T__TPT1","TPT1","Gamma_Delta_V2_T___positive___Gamma_Delta_V2_T__TPT1","B37.9_P20",37.9,0.357229590323551,2.68153391031426
"Gamma_Delta_V2_T","Vδ2","positive","Gamma_Delta_V2_T__TPT1","TPT1","Gamma_Delta_V2_T___positive___Gamma_Delta_V2_T__TPT1","B38.1_P21",38.1,1.60302012671897,2.68153391031426
"Gamma_Delta_V2_T","Vδ2","positive","Gamma_Delta_V2_T__TPT1","TPT1","Gamma_Delta_V2_T___positive___Gamma_Delta_V2_T__TPT1","B39.1_P22",39.1,1.60302012671897,2.68153391031426
"Gamma_Delta_V2_T","Vδ2","positive","Gamma_Delta_V2_T__FNBP1","FNBP1","Gamma_Delta_V2_T___positive___Gamma_Delta_V2_T__FNBP1","B17.4_P3",17.4,-1.09960027715533,2.58949738037299
"Gamma_Delta_V2_T","Vδ2","positive","Gamma_Delta_V2_T__FNBP1","FNBP1","Gamma_Delta_V2_T___positive___Gamma_Delta_V2_T__FNBP1","B18.0_P4",18,0.263989242016889,2.58949738037299
"Gamma_Delta_V2_T","Vδ2","positive","Gamma_Delta_V2_T__FNBP1","FNBP1","Gamma_Delta_V2_T___positive___Gamma_Delta_V2_T__FNBP1","B18.6_P5",18.6,-0.263989242016889,2.58949738037299
"Gamma_Delta_V2_T","Vδ2","positive","Gamma_Delta_V2_T__FNBP1","FNBP1","Gamma_Delta_V2_T___positive___Gamma_Delta_V2_T__FNBP1","B20.9_P7",20.9,-0.446744012416412,2.58949738037299
"Gamma_Delta_V2_T","Vδ2","positive","Gamma_Delta_V2_T__FNBP1","FNBP1","Gamma_Delta_V2_T___positive___Gamma_Delta_V2_T__FNBP1","B21.7_P8",21.7,-1.85227107674537,2.58949738037299
"Gamma_Delta_V2_T","Vδ2","positive","Gamma_Delta_V2_T__FNBP1","FNBP1","Gamma_Delta_V2_T___positive___Gamma_Delta_V2_T__FNBP1","B22.4_P9",22.4,0.0873516519934033,2.58949738037299
"Gamma_Delta_V2_T","Vδ2","positive","Gamma_Delta_V2_T__FNBP1","FNBP1","Gamma_Delta_V2_T___positive___Gamma_Delta_V2_T__FNBP1","B23.4_P10",23.4,0.446744012416412,2.58949738037299
"Gamma_Delta_V2_T","Vδ2","positive","Gamma_Delta_V2_T__FNBP1","FNBP1","Gamma_Delta_V2_T___positive___Gamma_Delta_V2_T__FNBP1","B24.6_P11",24.6,-1.40493151748921,2.58949738037299
"Gamma_Delta_V2_T","Vδ2","positive","Gamma_Delta_V2_T__FNBP1","FNBP1","Gamma_Delta_V2_T___positive___Gamma_Delta_V2_T__FNBP1","B26.9_P12",26.9,-0.854114046325696,2.58949738037299
"Gamma_Delta_V2_T","Vδ2","positive","Gamma_Delta_V2_T__FNBP1","FNBP1","Gamma_Delta_V2_T___positive___Gamma_Delta_V2_T__FNBP1","B31.3_P15",31.3,-0.0873516519934033,2.58949738037299
"Gamma_Delta_V2_T","Vδ2","positive","Gamma_Delta_V2_T__FNBP1","FNBP1","Gamma_Delta_V2_T___positive___Gamma_Delta_V2_T__FNBP1","B33.3_P17",33.3,1.40493151748921,2.58949738037299
"Gamma_Delta_V2_T","Vδ2","positive","Gamma_Delta_V2_T__FNBP1","FNBP1","Gamma_Delta_V2_T___positive___Gamma_Delta_V2_T__FNBP1","B34.1_P18",34.1,1.85227107674537,2.58949738037299
"Gamma_Delta_V2_T","Vδ2","positive","Gamma_Delta_V2_T__FNBP1","FNBP1","Gamma_Delta_V2_T___positive___Gamma_Delta_V2_T__FNBP1","B36.1_P19",36.1,0.854114046325696,2.58949738037299
"Gamma_Delta_V2_T","Vδ2","positive","Gamma_Delta_V2_T__FNBP1","FNBP1","Gamma_Delta_V2_T___positive___Gamma_Delta_V2_T__FNBP1","B37.9_P20",37.9,-0.640885468246697,2.58949738037299
"Gamma_Delta_V2_T","Vδ2","positive","Gamma_Delta_V2_T__FNBP1","FNBP1","Gamma_Delta_V2_T___positive___Gamma_Delta_V2_T__FNBP1","B38.1_P21",38.1,0.640885468246697,2.58949738037299
"Gamma_Delta_V2_T","Vδ2","positive","Gamma_Delta_V2_T__FNBP1","FNBP1","Gamma_Delta_V2_T___positive___Gamma_Delta_V2_T__FNBP1","B39.1_P22",39.1,1.09960027715533,2.58949738037299
"Th17like_INNATE_T","Th17-like Innate T","negative","Th17like_INNATE_T__SMDT1","SMDT1","Th17like_INNATE_T___negative___Th17like_INNATE_T__SMDT1","B17.4_P3",17.4,1.8513640090769,-2.30558982340382
"Th17like_INNATE_T","Th17-like Innate T","negative","Th17like_INNATE_T__SMDT1","SMDT1","Th17like_INNATE_T___negative___Th17like_INNATE_T__SMDT1","B18.0_P4",18,-0.354293387370692,-2.30558982340382
"Th17like_INNATE_T","Th17-like Innate T","negative","Th17like_INNATE_T__SMDT1","SMDT1","Th17like_INNATE_T___negative___Th17like_INNATE_T__SMDT1","B18.6_P5",18.6,0.853624606585221,-2.30558982340382
"Th17like_INNATE_T","Th17-like Innate T","negative","Th17like_INNATE_T__SMDT1","SMDT1","Th17like_INNATE_T___negative___Th17like_INNATE_T__SMDT1","B20.9_P7",20.9,-1.4044757747691,-2.30558982340382
"Th17like_INNATE_T","Th17-like Innate T","negative","Th17like_INNATE_T__SMDT1","SMDT1","Th17like_INNATE_T___negative___Th17like_INNATE_T__SMDT1","B21.7_P8",21.7,1.09900812621531,-2.30558982340382
"Th17like_INNATE_T","Th17-like Innate T","negative","Th17like_INNATE_T__SMDT1","SMDT1","Th17like_INNATE_T___negative___Th17like_INNATE_T__SMDT1","B22.4_P9",22.4,0.263746709918973,-2.30558982340382
"Th17like_INNATE_T","Th17-like Innate T","negative","Th17like_INNATE_T__SMDT1","SMDT1","Th17like_INNATE_T___negative___Th17like_INNATE_T__SMDT1","B23.4_P10",23.4,-0.640749401648388,-2.30558982340382
"Th17like_INNATE_T","Th17-like Innate T","negative","Th17like_INNATE_T__SMDT1","SMDT1","Th17like_INNATE_T___negative___Th17like_INNATE_T__SMDT1","B24.6_P11",24.6,0.640485243135322,-2.30558982340382
"Th17like_INNATE_T","Th17-like Innate T","negative","Th17like_INNATE_T__SMDT1","SMDT1","Th17like_INNATE_T___negative___Th17like_INNATE_T__SMDT1","B26.9_P12",26.9,0.446425015900806,-2.30558982340382
"Th17like_INNATE_T","Th17-like Innate T","negative","Th17like_INNATE_T__SMDT1","SMDT1","Th17like_INNATE_T___negative___Th17like_INNATE_T__SMDT1","B31.3_P15",31.3,0.0871830248908728,-2.30558982340382
"Th17like_INNATE_T","Th17-like Innate T","negative","Th17like_INNATE_T__SMDT1","SMDT1","Th17like_INNATE_T___negative___Th17like_INNATE_T__SMDT1","B33.3_P17",33.3,1.40421161625603,-2.30558982340382
"Th17like_INNATE_T","Th17-like Innate T","negative","Th17like_INNATE_T__SMDT1","SMDT1","Th17like_INNATE_T___negative___Th17like_INNATE_T__SMDT1","B34.1_P18",34.1,-1.85162816758997,-2.30558982340382
"Th17like_INNATE_T","Th17-like Innate T","negative","Th17like_INNATE_T__SMDT1","SMDT1","Th17like_INNATE_T___negative___Th17like_INNATE_T__SMDT1","B36.1_P19",36.1,-0.853888765098287,-2.30558982340382
"Th17like_INNATE_T","Th17-like Innate T","negative","Th17like_INNATE_T__SMDT1","SMDT1","Th17like_INNATE_T___negative___Th17like_INNATE_T__SMDT1","B37.9_P20",37.9,-0.0874471834039386,-2.30558982340382
"Th17like_INNATE_T","Th17-like Innate T","negative","Th17like_INNATE_T__SMDT1","SMDT1","Th17like_INNATE_T___negative___Th17like_INNATE_T__SMDT1","B38.1_P21",38.1,-1.09927228472837,-2.30558982340382
"Th17like_INNATE_T","Th17-like Innate T","negative","Th17like_INNATE_T__SMDT1","SMDT1","Th17like_INNATE_T___negative___Th17like_INNATE_T__SMDT1","B39.1_P22",39.1,-0.354293387370692,-2.30558982340382
"Th17like_INNATE_T","Th17-like Innate T","negative","Th17like_INNATE_T__TIMP1","TIMP1","Th17like_INNATE_T___negative___Th17like_INNATE_T__TIMP1","B17.4_P3",17.4,1.09914020547184,-2.50268254981358
"Th17like_INNATE_T","Th17-like Innate T","negative","Th17like_INNATE_T__TIMP1","TIMP1","Th17like_INNATE_T___negative___Th17like_INNATE_T__TIMP1","B18.0_P4",18,0.263878789175505,-2.50268254981358
"Th17like_INNATE_T","Th17-like Innate T","negative","Th17like_INNATE_T__TIMP1","TIMP1","Th17like_INNATE_T___negative___Th17like_INNATE_T__TIMP1","B18.6_P5",18.6,0.640617322391855,-2.50268254981358
"Th17like_INNATE_T","Th17-like Innate T","negative","Th17like_INNATE_T__TIMP1","TIMP1","Th17like_INNATE_T___negative___Th17like_INNATE_T__TIMP1","B20.9_P7",20.9,-0.640617322391855,-2.50268254981358
"Th17like_INNATE_T","Th17-like Innate T","negative","Th17like_INNATE_T__TIMP1","TIMP1","Th17like_INNATE_T___negative___Th17like_INNATE_T__TIMP1","B21.7_P8",21.7,1.85149608833343,-2.50268254981358
"Th17like_INNATE_T","Th17-like Innate T","negative","Th17like_INNATE_T__TIMP1","TIMP1","Th17like_INNATE_T___negative___Th17like_INNATE_T__TIMP1","B22.4_P9",22.4,0.853756685841754,-2.50268254981358
"Th17like_INNATE_T","Th17-like Innate T","negative","Th17like_INNATE_T__TIMP1","TIMP1","Th17like_INNATE_T___negative___Th17like_INNATE_T__TIMP1","B23.4_P10",23.4,-0.0873151041474058,-2.50268254981358
"Th17like_INNATE_T","Th17-like Innate T","negative","Th17like_INNATE_T__TIMP1","TIMP1","Th17like_INNATE_T___negative___Th17like_INNATE_T__TIMP1","B24.6_P11",24.6,0.0873151041474057,-2.50268254981358
"Th17like_INNATE_T","Th17-like Innate T","negative","Th17like_INNATE_T__TIMP1","TIMP1","Th17like_INNATE_T___negative___Th17like_INNATE_T__TIMP1","B26.9_P12",26.9,0.446557095157339,-2.50268254981358
"Th17like_INNATE_T","Th17-like Innate T","negative","Th17like_INNATE_T__TIMP1","TIMP1","Th17like_INNATE_T___negative___Th17like_INNATE_T__TIMP1","B31.3_P15",31.3,-0.263878789175506,-2.50268254981358
"Th17like_INNATE_T","Th17-like Innate T","negative","Th17like_INNATE_T__TIMP1","TIMP1","Th17like_INNATE_T___negative___Th17like_INNATE_T__TIMP1","B33.3_P17",33.3,1.40434369551256,-2.50268254981358
"Th17like_INNATE_T","Th17-like Innate T","negative","Th17like_INNATE_T__TIMP1","TIMP1","Th17like_INNATE_T___negative___Th17like_INNATE_T__TIMP1","B34.1_P18",34.1,-1.09914020547184,-2.50268254981358
"Th17like_INNATE_T","Th17-like Innate T","negative","Th17like_INNATE_T__TIMP1","TIMP1","Th17like_INNATE_T___negative___Th17like_INNATE_T__TIMP1","B36.1_P19",36.1,-0.853756685841754,-2.50268254981358
"Th17like_INNATE_T","Th17-like Innate T","negative","Th17like_INNATE_T__TIMP1","TIMP1","Th17like_INNATE_T___negative___Th17like_INNATE_T__TIMP1","B37.9_P20",37.9,-0.446557095157339,-2.50268254981358
"Th17like_INNATE_T","Th17-like Innate T","negative","Th17like_INNATE_T__TIMP1","TIMP1","Th17like_INNATE_T___negative___Th17like_INNATE_T__TIMP1","B38.1_P21",38.1,-1.40434369551256,-2.50268254981358
"Th17like_INNATE_T","Th17-like Innate T","negative","Th17like_INNATE_T__TIMP1","TIMP1","Th17like_INNATE_T___negative___Th17like_INNATE_T__TIMP1","B39.1_P22",39.1,-1.85149608833343,-2.50268254981358
"Th17like_INNATE_T","Th17-like Innate T","positive","Th17like_INNATE_T__NOP53","NOP53","Th17like_INNATE_T___positive___Th17like_INNATE_T__NOP53","B17.4_P3",17.4,-1.40434369551256,2.35962191796153
"Th17like_INNATE_T","Th17-like Innate T","positive","Th17like_INNATE_T__NOP53","NOP53","Th17like_INNATE_T___positive___Th17like_INNATE_T__NOP53","B18.0_P4",18,1.09914020547184,2.35962191796153
"Th17like_INNATE_T","Th17-like Innate T","positive","Th17like_INNATE_T__NOP53","NOP53","Th17like_INNATE_T___positive___Th17like_INNATE_T__NOP53","B18.6_P5",18.6,-0.446557095157339,2.35962191796153
"Th17like_INNATE_T","Th17-like Innate T","positive","Th17like_INNATE_T__NOP53","NOP53","Th17like_INNATE_T___positive___Th17like_INNATE_T__NOP53","B20.9_P7",20.9,-0.0873151041474057,2.35962191796153
"Th17like_INNATE_T","Th17-like Innate T","positive","Th17like_INNATE_T__NOP53","NOP53","Th17like_INNATE_T___positive___Th17like_INNATE_T__NOP53","B21.7_P8",21.7,-1.85149608833343,2.35962191796153
"Th17like_INNATE_T","Th17-like Innate T","positive","Th17like_INNATE_T__NOP53","NOP53","Th17like_INNATE_T___positive___Th17like_INNATE_T__NOP53","B22.4_P9",22.4,0.263878789175506,2.35962191796153
"Th17like_INNATE_T","Th17-like Innate T","positive","Th17like_INNATE_T__NOP53","NOP53","Th17like_INNATE_T___positive___Th17like_INNATE_T__NOP53","B23.4_P10",23.4,0.446557095157339,2.35962191796153
"Th17like_INNATE_T","Th17-like Innate T","positive","Th17like_INNATE_T__NOP53","NOP53","Th17like_INNATE_T___positive___Th17like_INNATE_T__NOP53","B24.6_P11",24.6,-0.640617322391855,2.35962191796153
"Th17like_INNATE_T","Th17-like Innate T","positive","Th17like_INNATE_T__NOP53","NOP53","Th17like_INNATE_T___positive___Th17like_INNATE_T__NOP53","B26.9_P12",26.9,-1.09914020547184,2.35962191796153
"Th17like_INNATE_T","Th17-like Innate T","positive","Th17like_INNATE_T__NOP53","NOP53","Th17like_INNATE_T___positive___Th17like_INNATE_T__NOP53","B31.3_P15",31.3,-0.263878789175505,2.35962191796153
"Th17like_INNATE_T","Th17-like Innate T","positive","Th17like_INNATE_T__NOP53","NOP53","Th17like_INNATE_T___positive___Th17like_INNATE_T__NOP53","B33.3_P17",33.3,1.85149608833343,2.35962191796153
"Th17like_INNATE_T","Th17-like Innate T","positive","Th17like_INNATE_T__NOP53","NOP53","Th17like_INNATE_T___positive___Th17like_INNATE_T__NOP53","B34.1_P18",34.1,0.0873151041474057,2.35962191796153
"Th17like_INNATE_T","Th17-like Innate T","positive","Th17like_INNATE_T__NOP53","NOP53","Th17like_INNATE_T___positive___Th17like_INNATE_T__NOP53","B36.1_P19",36.1,-0.853756685841754,2.35962191796153
"Th17like_INNATE_T","Th17-like Innate T","positive","Th17like_INNATE_T__NOP53","NOP53","Th17like_INNATE_T___positive___Th17like_INNATE_T__NOP53","B37.9_P20",37.9,0.853756685841754,2.35962191796153
"Th17like_INNATE_T","Th17-like Innate T","positive","Th17like_INNATE_T__NOP53","NOP53","Th17like_INNATE_T___positive___Th17like_INNATE_T__NOP53","B38.1_P21",38.1,1.40434369551256,2.35962191796153
"Th17like_INNATE_T","Th17-like Innate T","positive","Th17like_INNATE_T__NOP53","NOP53","Th17like_INNATE_T___positive___Th17like_INNATE_T__NOP53","B39.1_P22",39.1,0.640617322391855,2.35962191796153
"Th17like_INNATE_T","Th17-like Innate T","positive","Th17like_INNATE_T__ARL6IP5","ARL6IP5","Th17like_INNATE_T___positive___Th17like_INNATE_T__ARL6IP5","B17.4_P3",17.4,-1.40434369551256,2.31524653716885
"Th17like_INNATE_T","Th17-like Innate T","positive","Th17like_INNATE_T__ARL6IP5","ARL6IP5","Th17like_INNATE_T___positive___Th17like_INNATE_T__ARL6IP5","B18.0_P4",18,0.0873151041474057,2.31524653716885
"Th17like_INNATE_T","Th17-like Innate T","positive","Th17like_INNATE_T__ARL6IP5","ARL6IP5","Th17like_INNATE_T___positive___Th17like_INNATE_T__ARL6IP5","B18.6_P5",18.6,0.446557095157339,2.31524653716885
"Th17like_INNATE_T","Th17-like Innate T","positive","Th17like_INNATE_T__ARL6IP5","ARL6IP5","Th17like_INNATE_T___positive___Th17like_INNATE_T__ARL6IP5","B20.9_P7",20.9,0.640617322391855,2.31524653716885
"Th17like_INNATE_T","Th17-like Innate T","positive","Th17like_INNATE_T__ARL6IP5","ARL6IP5","Th17like_INNATE_T___positive___Th17like_INNATE_T__ARL6IP5","B21.7_P8",21.7,-1.85149608833343,2.31524653716885
"Th17like_INNATE_T","Th17-like Innate T","positive","Th17like_INNATE_T__ARL6IP5","ARL6IP5","Th17like_INNATE_T___positive___Th17like_INNATE_T__ARL6IP5","B22.4_P9",22.4,1.40434369551256,2.31524653716885
"Th17like_INNATE_T","Th17-like Innate T","positive","Th17like_INNATE_T__ARL6IP5","ARL6IP5","Th17like_INNATE_T___positive___Th17like_INNATE_T__ARL6IP5","B23.4_P10",23.4,-0.263878789175505,2.31524653716885
"Th17like_INNATE_T","Th17-like Innate T","positive","Th17like_INNATE_T__ARL6IP5","ARL6IP5","Th17like_INNATE_T___positive___Th17like_INNATE_T__ARL6IP5","B24.6_P11",24.6,-1.09914020547184,2.31524653716885
"Th17like_INNATE_T","Th17-like Innate T","positive","Th17like_INNATE_T__ARL6IP5","ARL6IP5","Th17like_INNATE_T___positive___Th17like_INNATE_T__ARL6IP5","B26.9_P12",26.9,-0.853756685841754,2.31524653716885
"Th17like_INNATE_T","Th17-like Innate T","positive","Th17like_INNATE_T__ARL6IP5","ARL6IP5","Th17like_INNATE_T___positive___Th17like_INNATE_T__ARL6IP5","B31.3_P15",31.3,0.853756685841754,2.31524653716885
"Th17like_INNATE_T","Th17-like Innate T","positive","Th17like_INNATE_T__ARL6IP5","ARL6IP5","Th17like_INNATE_T___positive___Th17like_INNATE_T__ARL6IP5","B33.3_P17",33.3,-0.0873151041474057,2.31524653716885
"Th17like_INNATE_T","Th17-like Innate T","positive","Th17like_INNATE_T__ARL6IP5","ARL6IP5","Th17like_INNATE_T___positive___Th17like_INNATE_T__ARL6IP5","B34.1_P18",34.1,1.09914020547184,2.31524653716885
"Th17like_INNATE_T","Th17-like Innate T","positive","Th17like_INNATE_T__ARL6IP5","ARL6IP5","Th17like_INNATE_T___positive___Th17like_INNATE_T__ARL6IP5","B36.1_P19",36.1,-0.640617322391855,2.31524653716885
"Th17like_INNATE_T","Th17-like Innate T","positive","Th17like_INNATE_T__ARL6IP5","ARL6IP5","Th17like_INNATE_T___positive___Th17like_INNATE_T__ARL6IP5","B37.9_P20",37.9,-0.446557095157339,2.31524653716885
"Th17like_INNATE_T","Th17-like Innate T","positive","Th17like_INNATE_T__ARL6IP5","ARL6IP5","Th17like_INNATE_T___positive___Th17like_INNATE_T__ARL6IP5","B38.1_P21",38.1,1.85149608833343,2.31524653716885
"Th17like_INNATE_T","Th17-like Innate T","positive","Th17like_INNATE_T__ARL6IP5","ARL6IP5","Th17like_INNATE_T___positive___Th17like_INNATE_T__ARL6IP5","B39.1_P22",39.1,0.263878789175506,2.31524653716885
"NK_T","NKT","negative","NK_T__CNN2","CNN2","NK_T___negative___NK_T__CNN2","B17.4_P3",17.4,1.85483581340255,-2.06492539258354
"NK_T","NKT","negative","NK_T__CNN2","CNN2","NK_T___negative___NK_T__CNN2","B18.0_P4",18,0,-2.06492539258354
"NK_T","NKT","negative","NK_T__CNN2","CNN2","NK_T___negative___NK_T__CNN2","B18.6_P5",18.6,0.264354773225902,-2.06492539258354
"NK_T","NKT","negative","NK_T__CNN2","CNN2","NK_T___negative___NK_T__CNN2","B20.9_P7",20.9,0.447362593983335,-2.06492539258354
"NK_T","NKT","negative","NK_T__CNN2","CNN2","NK_T___negative___NK_T__CNN2","B21.7_P8",21.7,0.64177286668103,-2.06492539258354
"NK_T","NKT","negative","NK_T__CNN2","CNN2","NK_T___negative___NK_T__CNN2","B22.4_P9",22.4,0.855296690503172,-2.06492539258354
"NK_T","NKT","negative","NK_T__CNN2","CNN2","NK_T___negative___NK_T__CNN2","B23.4_P10",23.4,1.10112283245216,-2.06492539258354
"NK_T","NKT","negative","NK_T__CNN2","CNN2","NK_T___negative___NK_T__CNN2","B24.6_P11",24.6,1.40687684795891,-2.06492539258354
"NK_T","NKT","negative","NK_T__CNN2","CNN2","NK_T___negative___NK_T__CNN2","B26.9_P12",26.9,-0.855296690503172,-2.06492539258354
"NK_T","NKT","negative","NK_T__CNN2","CNN2","NK_T___negative___NK_T__CNN2","B31.3_P15",31.3,-0.447362593983335,-2.06492539258354
"NK_T","NKT","negative","NK_T__CNN2","CNN2","NK_T___negative___NK_T__CNN2","B33.3_P17",33.3,0,-2.06492539258354
"NK_T","NKT","negative","NK_T__CNN2","CNN2","NK_T___negative___NK_T__CNN2","B34.1_P18",34.1,-1.85483581340255,-2.06492539258354
"NK_T","NKT","negative","NK_T__CNN2","CNN2","NK_T___negative___NK_T__CNN2","B36.1_P19",36.1,-0.64177286668103,-2.06492539258354
"NK_T","NKT","negative","NK_T__CNN2","CNN2","NK_T___negative___NK_T__CNN2","B37.9_P20",37.9,-0.264354773225902,-2.06492539258354
"NK_T","NKT","negative","NK_T__CNN2","CNN2","NK_T___negative___NK_T__CNN2","B38.1_P21",38.1,-1.10112283245216,-2.06492539258354
"NK_T","NKT","negative","NK_T__CNN2","CNN2","NK_T___negative___NK_T__CNN2","B39.1_P22",39.1,-1.40687684795891,-2.06492539258354
"NK_T","NKT","negative","NK_T__HNRNPK","HNRNPK","NK_T___negative___NK_T__HNRNPK","B17.4_P3",17.4,0.855429008004013,-2.08767859822816
"NK_T","NKT","negative","NK_T__HNRNPK","HNRNPK","NK_T___negative___NK_T__HNRNPK","B18.0_P4",18,1.85496813090339,-2.08767859822816
"NK_T","NKT","negative","NK_T__HNRNPK","HNRNPK","NK_T___negative___NK_T__HNRNPK","B18.6_P5",18.6,0.0876049204645124,-2.08767859822816
"NK_T","NKT","negative","NK_T__HNRNPK","HNRNPK","NK_T___negative___NK_T__HNRNPK","B20.9_P7",20.9,-1.10099051495132,-2.08767859822816
"NK_T","NKT","negative","NK_T__HNRNPK","HNRNPK","NK_T___negative___NK_T__HNRNPK","B21.7_P8",21.7,1.40700916545975,-2.08767859822816
"NK_T","NKT","negative","NK_T__HNRNPK","HNRNPK","NK_T___negative___NK_T__HNRNPK","B22.4_P9",22.4,-0.447230276482494,-2.08767859822816
"NK_T","NKT","negative","NK_T__HNRNPK","HNRNPK","NK_T___negative___NK_T__HNRNPK","B23.4_P10",23.4,0.354932461098733,-2.08767859822816
"NK_T","NKT","negative","NK_T__HNRNPK","HNRNPK","NK_T___negative___NK_T__HNRNPK","B24.6_P11",24.6,-0.0873402854628309,-2.08767859822816
"NK_T","NKT","negative","NK_T__HNRNPK","HNRNPK","NK_T___negative___NK_T__HNRNPK","B26.9_P12",26.9,1.101255149953,-2.08767859822816
"NK_T","NKT","negative","NK_T__HNRNPK","HNRNPK","NK_T___negative___NK_T__HNRNPK","B31.3_P15",31.3,0.354932461098733,-2.08767859822816
"NK_T","NKT","negative","NK_T__HNRNPK","HNRNPK","NK_T___negative___NK_T__HNRNPK","B33.3_P17",33.3,-1.85470349590171,-2.08767859822816
"NK_T","NKT","negative","NK_T__HNRNPK","HNRNPK","NK_T___negative___NK_T__HNRNPK","B34.1_P18",34.1,-0.641640549180189,-2.08767859822816
"NK_T","NKT","negative","NK_T__HNRNPK","HNRNPK","NK_T___negative___NK_T__HNRNPK","B36.1_P19",36.1,-0.855164373002331,-2.08767859822816
"NK_T","NKT","negative","NK_T__HNRNPK","HNRNPK","NK_T___negative___NK_T__HNRNPK","B37.9_P20",37.9,0.64190518418187,-2.08767859822816
"NK_T","NKT","negative","NK_T__HNRNPK","HNRNPK","NK_T___negative___NK_T__HNRNPK","B38.1_P21",38.1,-1.40674453045807,-2.08767859822816
"NK_T","NKT","negative","NK_T__HNRNPK","HNRNPK","NK_T___negative___NK_T__HNRNPK","B39.1_P22",39.1,-0.264222455725061,-2.08767859822816
"NK_T","NKT","positive","NK_T__FXYD5","FXYD5","NK_T___positive___NK_T__FXYD5","B17.4_P3",17.4,-0.447230276482494,2.35694218483218
"NK_T","NKT","positive","NK_T__FXYD5","FXYD5","NK_T___positive___NK_T__FXYD5","B18.0_P4",18,0.354932461098733,2.35694218483218
"NK_T","NKT","positive","NK_T__FXYD5","FXYD5","NK_T___positive___NK_T__FXYD5","B18.6_P5",18.6,-0.641640549180189,2.35694218483218
"NK_T","NKT","positive","NK_T__FXYD5","FXYD5","NK_T___positive___NK_T__FXYD5","B20.9_P7",20.9,-0.0873402854628309,2.35694218483218
"NK_T","NKT","positive","NK_T__FXYD5","FXYD5","NK_T___positive___NK_T__FXYD5","B21.7_P8",21.7,-1.40674453045807,2.35694218483218
"NK_T","NKT","positive","NK_T__FXYD5","FXYD5","NK_T___positive___NK_T__FXYD5","B22.4_P9",22.4,0.855429008004013,2.35694218483218
"NK_T","NKT","positive","NK_T__FXYD5","FXYD5","NK_T___positive___NK_T__FXYD5","B23.4_P10",23.4,-0.855164373002331,2.35694218483218
"NK_T","NKT","positive","NK_T__FXYD5","FXYD5","NK_T___positive___NK_T__FXYD5","B24.6_P11",24.6,-1.85470349590171,2.35694218483218
"NK_T","NKT","positive","NK_T__FXYD5","FXYD5","NK_T___positive___NK_T__FXYD5","B26.9_P12",26.9,-1.10099051495132,2.35694218483218
"NK_T","NKT","positive","NK_T__FXYD5","FXYD5","NK_T___positive___NK_T__FXYD5","B31.3_P15",31.3,-0.264222455725061,2.35694218483218
"NK_T","NKT","positive","NK_T__FXYD5","FXYD5","NK_T___positive___NK_T__FXYD5","B33.3_P17",33.3,0.0876049204645124,2.35694218483218
"NK_T","NKT","positive","NK_T__FXYD5","FXYD5","NK_T___positive___NK_T__FXYD5","B34.1_P18",34.1,1.85496813090339,2.35694218483218
"NK_T","NKT","positive","NK_T__FXYD5","FXYD5","NK_T___positive___NK_T__FXYD5","B36.1_P19",36.1,0.354932461098733,2.35694218483218
"NK_T","NKT","positive","NK_T__FXYD5","FXYD5","NK_T___positive___NK_T__FXYD5","B37.9_P20",37.9,1.101255149953,2.35694218483218
"NK_T","NKT","positive","NK_T__FXYD5","FXYD5","NK_T___positive___NK_T__FXYD5","B38.1_P21",38.1,1.40700916545975,2.35694218483218
"NK_T","NKT","positive","NK_T__FXYD5","FXYD5","NK_T___positive___NK_T__FXYD5","B39.1_P22",39.1,0.64190518418187,2.35694218483218
"NK_T","NKT","positive","NK_T__IRF1","IRF1","NK_T___positive___NK_T__IRF1","B17.4_P3",17.4,-0.858864274737672,2.06154681968751
"NK_T","NKT","positive","NK_T__IRF1","IRF1","NK_T___positive___NK_T__IRF1","B18.0_P4",18,-0.267922357460401,2.06154681968751
"NK_T","NKT","positive","NK_T__IRF1","IRF1","NK_T___positive___NK_T__IRF1","B18.6_P5",18.6,-1.60588324103923,2.06154681968751
"NK_T","NKT","positive","NK_T__IRF1","IRF1","NK_T___positive___NK_T__IRF1","B20.9_P7",20.9,1.40330926372441,2.06154681968751
"NK_T","NKT","positive","NK_T__IRF1","IRF1","NK_T___positive___NK_T__IRF1","B21.7_P8",21.7,-0.645340450915529,2.06154681968751
"NK_T","NKT","positive","NK_T__IRF1","IRF1","NK_T___positive___NK_T__IRF1","B22.4_P9",22.4,0.260787188991402,2.06154681968751
"NK_T","NKT","positive","NK_T__IRF1","IRF1","NK_T___positive___NK_T__IRF1","B23.4_P10",23.4,1.85126822916805,2.06154681968751
"NK_T","NKT","positive","NK_T__IRF1","IRF1","NK_T___positive___NK_T__IRF1","B24.6_P11",24.6,-1.10469041668666,2.06154681968751
"NK_T","NKT","positive","NK_T__IRF1","IRF1","NK_T___positive___NK_T__IRF1","B26.9_P12",26.9,-1.60588324103923,2.06154681968751
"NK_T","NKT","positive","NK_T__IRF1","IRF1","NK_T___positive___NK_T__IRF1","B31.3_P15",31.3,0.443795009748835,2.06154681968751
"NK_T","NKT","positive","NK_T__IRF1","IRF1","NK_T___positive___NK_T__IRF1","B33.3_P17",33.3,-0.450930178217834,2.06154681968751
"NK_T","NKT","positive","NK_T__IRF1","IRF1","NK_T___positive___NK_T__IRF1","B34.1_P18",34.1,0.851729106268672,2.06154681968751
"NK_T","NKT","positive","NK_T__IRF1","IRF1","NK_T___positive___NK_T__IRF1","B36.1_P19",36.1,0.63820528244653,2.06154681968751
"NK_T","NKT","positive","NK_T__IRF1","IRF1","NK_T___positive___NK_T__IRF1","B37.9_P20",37.9,0.0839050187291721,2.06154681968751
"NK_T","NKT","positive","NK_T__IRF1","IRF1","NK_T___positive___NK_T__IRF1","B38.1_P21",38.1,-0.0910401871981712,2.06154681968751
"NK_T","NKT","positive","NK_T__IRF1","IRF1","NK_T___positive___NK_T__IRF1","B39.1_P22",39.1,1.09755524821766,2.06154681968751
"CX3CR1x_NK","CX3CR1+ NK","negative","CX3CR1._NK__IFI16","IFI16","CX3CR1x_NK___negative___CX3CR1._NK__IFI16","B17.4_P3",17.4,0.851083705112852,-1.92881942297838
"CX3CR1x_NK","CX3CR1+ NK","negative","CX3CR1._NK__IFI16","IFI16","CX3CR1x_NK___negative___CX3CR1._NK__IFI16","B18.0_P4",18,-0.546268701555855,-1.92881942297838
"CX3CR1x_NK","CX3CR1+ NK","negative","CX3CR1._NK__IFI16","IFI16","CX3CR1x_NK___negative___CX3CR1._NK__IFI16","B18.6_P5",18.6,0.443349372016785,-1.92881942297838
"CX3CR1x_NK","CX3CR1+ NK","negative","CX3CR1._NK__IFI16","IFI16","CX3CR1x_NK___negative___CX3CR1._NK__IFI16","B20.9_P7",20.9,0.0836356174465877,-1.92881942297838
"CX3CR1x_NK","CX3CR1+ NK","negative","CX3CR1._NK__IFI16","IFI16","CX3CR1x_NK___negative___CX3CR1._NK__IFI16","B21.7_P8",21.7,0.637664442910998,-1.92881942297838
"CX3CR1x_NK","CX3CR1+ NK","negative","CX3CR1._NK__IFI16","IFI16","CX3CR1x_NK___negative___CX3CR1._NK__IFI16","B22.4_P9",22.4,-0.858672006295918,-1.92881942297838
"CX3CR1x_NK","CX3CR1+ NK","negative","CX3CR1._NK__IFI16","IFI16","CX3CR1x_NK___negative___CX3CR1._NK__IFI16","B23.4_P10",23.4,-1.10437776833014,-1.92881942297838
"CX3CR1x_NK","CX3CR1+ NK","negative","CX3CR1._NK__IFI16","IFI16","CX3CR1x_NK___negative___CX3CR1._NK__IFI16","B24.6_P11",24.6,1.40239375633899,-1.92881942297838
"CX3CR1x_NK","CX3CR1+ NK","negative","CX3CR1._NK__IFI16","IFI16","CX3CR1x_NK___negative___CX3CR1._NK__IFI16","B26.9_P12",26.9,1.09678946714708,-1.92881942297838
"CX3CR1x_NK","CX3CR1+ NK","negative","CX3CR1._NK__IFI16","IFI16","CX3CR1x_NK___negative___CX3CR1._NK__IFI16","B31.3_P15",31.3,1.85013335836729,-1.92881942297838
"CX3CR1x_NK","CX3CR1+ NK","negative","CX3CR1._NK__IFI16","IFI16","CX3CR1x_NK___negative___CX3CR1._NK__IFI16","B33.3_P17",33.3,-0.546268701555855,-1.92881942297838
"CX3CR1x_NK","CX3CR1+ NK","negative","CX3CR1._NK__IFI16","IFI16","CX3CR1x_NK___negative___CX3CR1._NK__IFI16","B34.1_P18",34.1,0.260431169335318,-1.92881942297838
"CX3CR1x_NK","CX3CR1+ NK","negative","CX3CR1._NK__IFI16","IFI16","CX3CR1x_NK___negative___CX3CR1._NK__IFI16","B36.1_P19",36.1,-0.268019470518384,-1.92881942297838
"CX3CR1x_NK","CX3CR1+ NK","negative","CX3CR1._NK__IFI16","IFI16","CX3CR1x_NK___negative___CX3CR1._NK__IFI16","B37.9_P20",37.9,-1.60532516089504,-1.92881942297838
"CX3CR1x_NK","CX3CR1+ NK","negative","CX3CR1._NK__IFI16","IFI16","CX3CR1x_NK___negative___CX3CR1._NK__IFI16","B38.1_P21",38.1,-0.0912239186296537,-1.92881942297838
"CX3CR1x_NK","CX3CR1+ NK","negative","CX3CR1._NK__IFI16","IFI16","CX3CR1x_NK___negative___CX3CR1._NK__IFI16","B39.1_P22",39.1,-1.60532516089504,-1.92881942297838
"CX3CR1x_NK","CX3CR1+ NK","negative","CX3CR1._NK__KLRC1","KLRC1","CX3CR1x_NK___negative___CX3CR1._NK__KLRC1","B17.4_P3",17.4,1.40618790693052,-2.81367515873239
"CX3CR1x_NK","CX3CR1+ NK","negative","CX3CR1._NK__KLRC1","KLRC1","CX3CR1x_NK___negative___CX3CR1._NK__KLRC1","B18.0_P4",18,1.10058361773861,-2.81367515873239
"CX3CR1x_NK","CX3CR1+ NK","negative","CX3CR1._NK__KLRC1","KLRC1","CX3CR1x_NK___negative___CX3CR1._NK__KLRC1","B18.6_P5",18.6,-0.0874297680381207,-2.81367515873239
"CX3CR1x_NK","CX3CR1+ NK","negative","CX3CR1._NK__KLRC1","KLRC1","CX3CR1x_NK___negative___CX3CR1._NK__KLRC1","B20.9_P7",20.9,0.641458593502531,-2.81367515873239
"CX3CR1x_NK","CX3CR1+ NK","negative","CX3CR1._NK__KLRC1","KLRC1","CX3CR1x_NK___negative___CX3CR1._NK__KLRC1","B21.7_P8",21.7,1.85392750895882,-2.81367515873239
"CX3CR1x_NK","CX3CR1+ NK","negative","CX3CR1._NK__KLRC1","KLRC1","CX3CR1x_NK___negative___CX3CR1._NK__KLRC1","B22.4_P9",22.4,0.264225319926851,-2.81367515873239
"CX3CR1x_NK","CX3CR1+ NK","negative","CX3CR1._NK__KLRC1","KLRC1","CX3CR1x_NK___negative___CX3CR1._NK__KLRC1","B23.4_P10",23.4,-0.264225319926851,-2.81367515873239
"CX3CR1x_NK","CX3CR1+ NK","negative","CX3CR1._NK__KLRC1","KLRC1","CX3CR1x_NK___negative___CX3CR1._NK__KLRC1","B24.6_P11",24.6,0.447143522608318,-2.81367515873239
"CX3CR1x_NK","CX3CR1+ NK","negative","CX3CR1._NK__KLRC1","KLRC1","CX3CR1x_NK___negative___CX3CR1._NK__KLRC1","B26.9_P12",26.9,0.854877855704385,-2.81367515873239
"CX3CR1x_NK","CX3CR1+ NK","negative","CX3CR1._NK__KLRC1","KLRC1","CX3CR1x_NK___negative___CX3CR1._NK__KLRC1","B31.3_P15",31.3,0.0874297680381207,-2.81367515873239
"CX3CR1x_NK","CX3CR1+ NK","negative","CX3CR1._NK__KLRC1","KLRC1","CX3CR1x_NK___negative___CX3CR1._NK__KLRC1","B33.3_P17",33.3,-0.447143522608318,-2.81367515873239
"CX3CR1x_NK","CX3CR1+ NK","negative","CX3CR1._NK__KLRC1","KLRC1","CX3CR1x_NK___negative___CX3CR1._NK__KLRC1","B34.1_P18",34.1,-1.40618790693052,-2.81367515873239
"CX3CR1x_NK","CX3CR1+ NK","negative","CX3CR1._NK__KLRC1","KLRC1","CX3CR1x_NK___negative___CX3CR1._NK__KLRC1","B36.1_P19",36.1,-0.641458593502531,-2.81367515873239
"CX3CR1x_NK","CX3CR1+ NK","negative","CX3CR1._NK__KLRC1","KLRC1","CX3CR1x_NK___negative___CX3CR1._NK__KLRC1","B37.9_P20",37.9,-0.854877855704385,-2.81367515873239
"CX3CR1x_NK","CX3CR1+ NK","negative","CX3CR1._NK__KLRC1","KLRC1","CX3CR1x_NK___negative___CX3CR1._NK__KLRC1","B38.1_P21",38.1,-1.10058361773861,-2.81367515873239
"CX3CR1x_NK","CX3CR1+ NK","negative","CX3CR1._NK__KLRC1","KLRC1","CX3CR1x_NK___negative___CX3CR1._NK__KLRC1","B39.1_P22",39.1,-1.85392750895882,-2.81367515873239
"CX3CR1x_NK","CX3CR1+ NK","positive","CX3CR1._NK__CD63","CD63","CX3CR1x_NK___positive___CX3CR1._NK__CD63","B17.4_P3",17.4,-1.10058361773861,2.14042442160846
"CX3CR1x_NK","CX3CR1+ NK","positive","CX3CR1._NK__CD63","CD63","CX3CR1x_NK___positive___CX3CR1._NK__CD63","B18.0_P4",18,-0.0874297680381207,2.14042442160846
"CX3CR1x_NK","CX3CR1+ NK","positive","CX3CR1._NK__CD63","CD63","CX3CR1x_NK___positive___CX3CR1._NK__CD63","B18.6_P5",18.6,0.641458593502531,2.14042442160846
"CX3CR1x_NK","CX3CR1+ NK","positive","CX3CR1._NK__CD63","CD63","CX3CR1x_NK___positive___CX3CR1._NK__CD63","B20.9_P7",20.9,-0.641458593502531,2.14042442160846
"CX3CR1x_NK","CX3CR1+ NK","positive","CX3CR1._NK__CD63","CD63","CX3CR1x_NK___positive___CX3CR1._NK__CD63","B21.7_P8",21.7,-0.264225319926851,2.14042442160846
"CX3CR1x_NK","CX3CR1+ NK","positive","CX3CR1._NK__CD63","CD63","CX3CR1x_NK___positive___CX3CR1._NK__CD63","B22.4_P9",22.4,0.264225319926851,2.14042442160846
"CX3CR1x_NK","CX3CR1+ NK","positive","CX3CR1._NK__CD63","CD63","CX3CR1x_NK___positive___CX3CR1._NK__CD63","B23.4_P10",23.4,0.447143522608318,2.14042442160846
"CX3CR1x_NK","CX3CR1+ NK","positive","CX3CR1._NK__CD63","CD63","CX3CR1x_NK___positive___CX3CR1._NK__CD63","B24.6_P11",24.6,-1.85392750895882,2.14042442160846
"CX3CR1x_NK","CX3CR1+ NK","positive","CX3CR1._NK__CD63","CD63","CX3CR1x_NK___positive___CX3CR1._NK__CD63","B26.9_P12",26.9,-1.40618790693052,2.14042442160846
"CX3CR1x_NK","CX3CR1+ NK","positive","CX3CR1._NK__CD63","CD63","CX3CR1x_NK___positive___CX3CR1._NK__CD63","B31.3_P15",31.3,-0.854877855704385,2.14042442160846
"CX3CR1x_NK","CX3CR1+ NK","positive","CX3CR1._NK__CD63","CD63","CX3CR1x_NK___positive___CX3CR1._NK__CD63","B33.3_P17",33.3,0.854877855704385,2.14042442160846
"CX3CR1x_NK","CX3CR1+ NK","positive","CX3CR1._NK__CD63","CD63","CX3CR1x_NK___positive___CX3CR1._NK__CD63","B34.1_P18",34.1,-0.447143522608318,2.14042442160846
"CX3CR1x_NK","CX3CR1+ NK","positive","CX3CR1._NK__CD63","CD63","CX3CR1x_NK___positive___CX3CR1._NK__CD63","B36.1_P19",36.1,0.0874297680381207,2.14042442160846
"CX3CR1x_NK","CX3CR1+ NK","positive","CX3CR1._NK__CD63","CD63","CX3CR1x_NK___positive___CX3CR1._NK__CD63","B37.9_P20",37.9,1.40618790693052,2.14042442160846
"CX3CR1x_NK","CX3CR1+ NK","positive","CX3CR1._NK__CD63","CD63","CX3CR1x_NK___positive___CX3CR1._NK__CD63","B38.1_P21",38.1,1.85392750895882,2.14042442160846
"CX3CR1x_NK","CX3CR1+ NK","positive","CX3CR1._NK__CD63","CD63","CX3CR1x_NK___positive___CX3CR1._NK__CD63","B39.1_P22",39.1,1.10058361773861,2.14042442160846
"CX3CR1x_NK","CX3CR1+ NK","positive","CX3CR1._NK__CD7","CD7","CX3CR1x_NK___positive___CX3CR1._NK__CD7","B17.4_P3",17.4,-1.40690021119382,2.06328066745851
"CX3CR1x_NK","CX3CR1+ NK","positive","CX3CR1._NK__CD7","CD7","CX3CR1x_NK___positive___CX3CR1._NK__CD7","B18.0_P4",18,1.09987131347531,2.06328066745851
"CX3CR1x_NK","CX3CR1+ NK","positive","CX3CR1._NK__CD7","CD7","CX3CR1x_NK___positive___CX3CR1._NK__CD7","B18.6_P5",18.6,-1.10129592200191,2.06328066745851
"CX3CR1x_NK","CX3CR1+ NK","positive","CX3CR1._NK__CD7","CD7","CX3CR1x_NK___positive___CX3CR1._NK__CD7","B20.9_P7",20.9,-0.447855826871614,2.06328066745851
"CX3CR1x_NK","CX3CR1+ NK","positive","CX3CR1._NK__CD7","CD7","CX3CR1x_NK___positive___CX3CR1._NK__CD7","B21.7_P8",21.7,-0.855590159967681,2.06328066745851
"CX3CR1x_NK","CX3CR1+ NK","positive","CX3CR1._NK__CD7","CD7","CX3CR1x_NK___positive___CX3CR1._NK__CD7","B22.4_P9",22.4,-0.447855826871614,2.06328066745851
"CX3CR1x_NK","CX3CR1+ NK","positive","CX3CR1._NK__CD7","CD7","CX3CR1x_NK___positive___CX3CR1._NK__CD7","B23.4_P10",23.4,0.446431218345021,2.06328066745851
"CX3CR1x_NK","CX3CR1+ NK","positive","CX3CR1._NK__CD7","CD7","CX3CR1x_NK___positive___CX3CR1._NK__CD7","B24.6_P11",24.6,0.086717463774824,2.06328066745851
"CX3CR1x_NK","CX3CR1+ NK","positive","CX3CR1._NK__CD7","CD7","CX3CR1x_NK___positive___CX3CR1._NK__CD7","B26.9_P12",26.9,-1.85463981322212,2.06328066745851
"CX3CR1x_NK","CX3CR1+ NK","positive","CX3CR1._NK__CD7","CD7","CX3CR1x_NK___positive___CX3CR1._NK__CD7","B31.3_P15",31.3,-0.0881420723014174,2.06328066745851
"CX3CR1x_NK","CX3CR1+ NK","positive","CX3CR1._NK__CD7","CD7","CX3CR1x_NK___positive___CX3CR1._NK__CD7","B33.3_P17",33.3,0.263513015663554,2.06328066745851
"CX3CR1x_NK","CX3CR1+ NK","positive","CX3CR1._NK__CD7","CD7","CX3CR1x_NK___positive___CX3CR1._NK__CD7","B34.1_P18",34.1,-0.447855826871614,2.06328066745851
"CX3CR1x_NK","CX3CR1+ NK","positive","CX3CR1._NK__CD7","CD7","CX3CR1x_NK___positive___CX3CR1._NK__CD7","B36.1_P19",36.1,0.640746289239234,2.06328066745851
"CX3CR1x_NK","CX3CR1+ NK","positive","CX3CR1._NK__CD7","CD7","CX3CR1x_NK___positive___CX3CR1._NK__CD7","B37.9_P20",37.9,1.85321520469552,2.06328066745851
"CX3CR1x_NK","CX3CR1+ NK","positive","CX3CR1._NK__CD7","CD7","CX3CR1x_NK___positive___CX3CR1._NK__CD7","B38.1_P21",38.1,1.40547560266722,2.06328066745851
"CX3CR1x_NK","CX3CR1+ NK","positive","CX3CR1._NK__CD7","CD7","CX3CR1x_NK___positive___CX3CR1._NK__CD7","B39.1_P22",39.1,0.854165551441088,2.06328066745851
"CXCR6x_NK","CXCR6+ NK","negative","CXCR6._NK__ALOX5AP","ALOX5AP","CXCR6x_NK___negative___CXCR6._NK__ALOX5AP","B17.4_P3",17.4,-1.61765106069414,-1.14960465675684
"CXCR6x_NK","CXCR6+ NK","negative","CXCR6._NK__ALOX5AP","ALOX5AP","CXCR6x_NK___negative___CXCR6._NK__ALOX5AP","B18.0_P4",18,-0.269885677024078,-1.14960465675684
"CXCR6x_NK","CXCR6+ NK","negative","CXCR6._NK__ALOX5AP","ALOX5AP","CXCR6x_NK___negative___CXCR6._NK__ALOX5AP","B18.6_P5",18.6,1.10559806969575,-1.14960465675684
"CXCR6x_NK","CXCR6+ NK","negative","CXCR6._NK__ALOX5AP","ALOX5AP","CXCR6x_NK___negative___CXCR6._NK__ALOX5AP","B20.9_P7",20.9,0.857970527974353,-1.14960465675684
"CXCR6x_NK","CXCR6+ NK","negative","CXCR6._NK__ALOX5AP","ALOX5AP","CXCR6x_NK___negative___CXCR6._NK__ALOX5AP","B21.7_P8",21.7,1.86483421584565,-1.14960465675684
"CXCR6x_NK","CXCR6+ NK","negative","CXCR6._NK__ALOX5AP","ALOX5AP","CXCR6x_NK___negative___CXCR6._NK__ALOX5AP","B22.4_P9",22.4,-0.0917073244326344,-1.14960465675684
"CXCR6x_NK","CXCR6+ NK","negative","CXCR6._NK__ALOX5AP","ALOX5AP","CXCR6x_NK___negative___CXCR6._NK__ALOX5AP","B23.4_P10",23.4,-0.454234568523814,-1.14960465675684
"CXCR6x_NK","CXCR6+ NK","negative","CXCR6._NK__ALOX5AP","ALOX5AP","CXCR6x_NK___negative___CXCR6._NK__ALOX5AP","B24.6_P11",24.6,1.41359263297166,-1.14960465675684
"CXCR6x_NK","CXCR6+ NK","negative","CXCR6._NK__ALOX5AP","ALOX5AP","CXCR6x_NK___negative___CXCR6._NK__ALOX5AP","B26.9_P12",26.9,0.642882013901666,-1.14960465675684
"CXCR6x_NK","CXCR6+ NK","negative","CXCR6._NK__ALOX5AP","ALOX5AP","CXCR6x_NK___negative___CXCR6._NK__ALOX5AP","B31.3_P15",31.3,0.262698222452575,-1.14960465675684
"CXCR6x_NK","CXCR6+ NK","negative","CXCR6._NK__ALOX5AP","ALOX5AP","CXCR6x_NK___negative___CXCR6._NK__ALOX5AP","B33.3_P17",33.3,-1.61765106069414,-1.14960465675684
"CXCR6x_NK","CXCR6+ NK","negative","CXCR6._NK__ALOX5AP","ALOX5AP","CXCR6x_NK___negative___CXCR6._NK__ALOX5AP","B34.1_P18",34.1,-0.865157982545856,-1.14960465675684
"CXCR6x_NK","CXCR6+ NK","negative","CXCR6._NK__ALOX5AP","ALOX5AP","CXCR6x_NK___negative___CXCR6._NK__ALOX5AP","B36.1_P19",36.1,0.447047113952311,-1.14960465675684
"CXCR6x_NK","CXCR6+ NK","negative","CXCR6._NK__ALOX5AP","ALOX5AP","CXCR6x_NK___negative___CXCR6._NK__ALOX5AP","B37.9_P20",37.9,-0.650069468473169,-1.14960465675684
"CXCR6x_NK","CXCR6+ NK","negative","CXCR6._NK__ALOX5AP","ALOX5AP","CXCR6x_NK___negative___CXCR6._NK__ALOX5AP","B38.1_P21",38.1,0.0845198698611311,-1.14960465675684
"CXCR6x_NK","CXCR6+ NK","negative","CXCR6._NK__ALOX5AP","ALOX5AP","CXCR6x_NK___negative___CXCR6._NK__ALOX5AP","B39.1_P22",39.1,-1.11278552426725,-1.14960465675684
"CXCR6x_NK","CXCR6+ NK","negative","CXCR6._NK__CLEC2B","CLEC2B","CXCR6x_NK___negative___CXCR6._NK__CLEC2B","B17.4_P3",17.4,-1.61765106069414,-1.21337388129626
"CXCR6x_NK","CXCR6+ NK","negative","CXCR6._NK__CLEC2B","CLEC2B","CXCR6x_NK___negative___CXCR6._NK__CLEC2B","B18.0_P4",18,0.642882013901666,-1.21337388129626
"CXCR6x_NK","CXCR6+ NK","negative","CXCR6._NK__CLEC2B","CLEC2B","CXCR6x_NK___negative___CXCR6._NK__CLEC2B","B18.6_P5",18.6,1.10559806969575,-1.21337388129626
"CXCR6x_NK","CXCR6+ NK","negative","CXCR6._NK__CLEC2B","CLEC2B","CXCR6x_NK___negative___CXCR6._NK__CLEC2B","B20.9_P7",20.9,0.262698222452575,-1.21337388129626
"CXCR6x_NK","CXCR6+ NK","negative","CXCR6._NK__CLEC2B","CLEC2B","CXCR6x_NK___negative___CXCR6._NK__CLEC2B","B21.7_P8",21.7,1.86483421584565,-1.21337388129626
"CXCR6x_NK","CXCR6+ NK","negative","CXCR6._NK__CLEC2B","CLEC2B","CXCR6x_NK___negative___CXCR6._NK__CLEC2B","B22.4_P9",22.4,-0.865157982545856,-1.21337388129626
"CXCR6x_NK","CXCR6+ NK","negative","CXCR6._NK__CLEC2B","CLEC2B","CXCR6x_NK___negative___CXCR6._NK__CLEC2B","B23.4_P10",23.4,-1.11278552426725,-1.21337388129626
"CXCR6x_NK","CXCR6+ NK","negative","CXCR6._NK__CLEC2B","CLEC2B","CXCR6x_NK___negative___CXCR6._NK__CLEC2B","B24.6_P11",24.6,0.857970527974353,-1.21337388129626
"CXCR6x_NK","CXCR6+ NK","negative","CXCR6._NK__CLEC2B","CLEC2B","CXCR6x_NK___negative___CXCR6._NK__CLEC2B","B26.9_P12",26.9,1.41359263297166,-1.21337388129626
"CXCR6x_NK","CXCR6+ NK","negative","CXCR6._NK__CLEC2B","CLEC2B","CXCR6x_NK___negative___CXCR6._NK__CLEC2B","B31.3_P15",31.3,-0.0917073244326344,-1.21337388129626
"CXCR6x_NK","CXCR6+ NK","negative","CXCR6._NK__CLEC2B","CLEC2B","CXCR6x_NK___negative___CXCR6._NK__CLEC2B","B33.3_P17",33.3,-1.61765106069414,-1.21337388129626
"CXCR6x_NK","CXCR6+ NK","negative","CXCR6._NK__CLEC2B","CLEC2B","CXCR6x_NK___negative___CXCR6._NK__CLEC2B","B34.1_P18",34.1,-0.454234568523814,-1.21337388129626
"CXCR6x_NK","CXCR6+ NK","negative","CXCR6._NK__CLEC2B","CLEC2B","CXCR6x_NK___negative___CXCR6._NK__CLEC2B","B36.1_P19",36.1,0.0845198698611311,-1.21337388129626
"CXCR6x_NK","CXCR6+ NK","negative","CXCR6._NK__CLEC2B","CLEC2B","CXCR6x_NK___negative___CXCR6._NK__CLEC2B","B37.9_P20",37.9,0.447047113952311,-1.21337388129626
"CXCR6x_NK","CXCR6+ NK","negative","CXCR6._NK__CLEC2B","CLEC2B","CXCR6x_NK___negative___CXCR6._NK__CLEC2B","B38.1_P21",38.1,-0.650069468473169,-1.21337388129626
"CXCR6x_NK","CXCR6+ NK","negative","CXCR6._NK__CLEC2B","CLEC2B","CXCR6x_NK___negative___CXCR6._NK__CLEC2B","B39.1_P22",39.1,-0.269885677024078,-1.21337388129626
"CXCR6x_NK","CXCR6+ NK","positive","CXCR6._NK__EIF5A","EIF5A","CXCR6x_NK___positive___CXCR6._NK__EIF5A","B17.4_P3",17.4,-1.61765106069414,2.19080856346307
"CXCR6x_NK","CXCR6+ NK","positive","CXCR6._NK__EIF5A","EIF5A","CXCR6x_NK___positive___CXCR6._NK__EIF5A","B18.0_P4",18,-0.0917073244326345,2.19080856346307
"CXCR6x_NK","CXCR6+ NK","positive","CXCR6._NK__EIF5A","EIF5A","CXCR6x_NK___positive___CXCR6._NK__EIF5A","B18.6_P5",18.6,0.642882013901666,2.19080856346307
"CXCR6x_NK","CXCR6+ NK","positive","CXCR6._NK__EIF5A","EIF5A","CXCR6x_NK___positive___CXCR6._NK__EIF5A","B20.9_P7",20.9,-0.454234568523814,2.19080856346307
"CXCR6x_NK","CXCR6+ NK","positive","CXCR6._NK__EIF5A","EIF5A","CXCR6x_NK___positive___CXCR6._NK__EIF5A","B21.7_P8",21.7,-0.865157982545856,2.19080856346307
"CXCR6x_NK","CXCR6+ NK","positive","CXCR6._NK__EIF5A","EIF5A","CXCR6x_NK___positive___CXCR6._NK__EIF5A","B22.4_P9",22.4,0.0845198698611311,2.19080856346307
"CXCR6x_NK","CXCR6+ NK","positive","CXCR6._NK__EIF5A","EIF5A","CXCR6x_NK___positive___CXCR6._NK__EIF5A","B23.4_P10",23.4,1.10559806969575,2.19080856346307
"CXCR6x_NK","CXCR6+ NK","positive","CXCR6._NK__EIF5A","EIF5A","CXCR6x_NK___positive___CXCR6._NK__EIF5A","B24.6_P11",24.6,-1.11278552426725,2.19080856346307
"CXCR6x_NK","CXCR6+ NK","positive","CXCR6._NK__EIF5A","EIF5A","CXCR6x_NK___positive___CXCR6._NK__EIF5A","B26.9_P12",26.9,-0.650069468473169,2.19080856346307
"CXCR6x_NK","CXCR6+ NK","positive","CXCR6._NK__EIF5A","EIF5A","CXCR6x_NK___positive___CXCR6._NK__EIF5A","B31.3_P15",31.3,-0.269885677024078,2.19080856346307
"CXCR6x_NK","CXCR6+ NK","positive","CXCR6._NK__EIF5A","EIF5A","CXCR6x_NK___positive___CXCR6._NK__EIF5A","B33.3_P17",33.3,-1.61765106069414,2.19080856346307
"CXCR6x_NK","CXCR6+ NK","positive","CXCR6._NK__EIF5A","EIF5A","CXCR6x_NK___positive___CXCR6._NK__EIF5A","B34.1_P18",34.1,1.41359263297166,2.19080856346307
"CXCR6x_NK","CXCR6+ NK","positive","CXCR6._NK__EIF5A","EIF5A","CXCR6x_NK___positive___CXCR6._NK__EIF5A","B36.1_P19",36.1,0.447047113952311,2.19080856346307
"CXCR6x_NK","CXCR6+ NK","positive","CXCR6._NK__EIF5A","EIF5A","CXCR6x_NK___positive___CXCR6._NK__EIF5A","B37.9_P20",37.9,0.857970527974353,2.19080856346307
"CXCR6x_NK","CXCR6+ NK","positive","CXCR6._NK__EIF5A","EIF5A","CXCR6x_NK___positive___CXCR6._NK__EIF5A","B38.1_P21",38.1,0.262698222452575,2.19080856346307
"CXCR6x_NK","CXCR6+ NK","positive","CXCR6._NK__EIF5A","EIF5A","CXCR6x_NK___positive___CXCR6._NK__EIF5A","B39.1_P22",39.1,1.86483421584565,2.19080856346307
"CXCR6x_NK","CXCR6+ NK","positive","CXCR6._NK__HNRNPA2B1","HNRNPA2B1","CXCR6x_NK___positive___CXCR6._NK__HNRNPA2B1","B17.4_P3",17.4,-1.61765106069414,2.11550899842015
"CXCR6x_NK","CXCR6+ NK","positive","CXCR6._NK__HNRNPA2B1","HNRNPA2B1","CXCR6x_NK___positive___CXCR6._NK__HNRNPA2B1","B18.0_P4",18,-0.269885677024078,2.11550899842015
"CXCR6x_NK","CXCR6+ NK","positive","CXCR6._NK__HNRNPA2B1","HNRNPA2B1","CXCR6x_NK___positive___CXCR6._NK__HNRNPA2B1","B18.6_P5",18.6,-0.650069468473169,2.11550899842015
"CXCR6x_NK","CXCR6+ NK","positive","CXCR6._NK__HNRNPA2B1","HNRNPA2B1","CXCR6x_NK___positive___CXCR6._NK__HNRNPA2B1","B20.9_P7",20.9,1.10559806969575,2.11550899842015
"CXCR6x_NK","CXCR6+ NK","positive","CXCR6._NK__HNRNPA2B1","HNRNPA2B1","CXCR6x_NK___positive___CXCR6._NK__HNRNPA2B1","B21.7_P8",21.7,-0.865157982545856,2.11550899842015
"CXCR6x_NK","CXCR6+ NK","positive","CXCR6._NK__HNRNPA2B1","HNRNPA2B1","CXCR6x_NK___positive___CXCR6._NK__HNRNPA2B1","B22.4_P9",22.4,0.447047113952311,2.11550899842015
"CXCR6x_NK","CXCR6+ NK","positive","CXCR6._NK__HNRNPA2B1","HNRNPA2B1","CXCR6x_NK___positive___CXCR6._NK__HNRNPA2B1","B23.4_P10",23.4,0.857970527974353,2.11550899842015
"CXCR6x_NK","CXCR6+ NK","positive","CXCR6._NK__HNRNPA2B1","HNRNPA2B1","CXCR6x_NK___positive___CXCR6._NK__HNRNPA2B1","B24.6_P11",24.6,-0.454234568523814,2.11550899842015
"CXCR6x_NK","CXCR6+ NK","positive","CXCR6._NK__HNRNPA2B1","HNRNPA2B1","CXCR6x_NK___positive___CXCR6._NK__HNRNPA2B1","B26.9_P12",26.9,-1.11278552426725,2.11550899842015
"CXCR6x_NK","CXCR6+ NK","positive","CXCR6._NK__HNRNPA2B1","HNRNPA2B1","CXCR6x_NK___positive___CXCR6._NK__HNRNPA2B1","B31.3_P15",31.3,1.41359263297166,2.11550899842015
"CXCR6x_NK","CXCR6+ NK","positive","CXCR6._NK__HNRNPA2B1","HNRNPA2B1","CXCR6x_NK___positive___CXCR6._NK__HNRNPA2B1","B33.3_P17",33.3,-1.61765106069414,2.11550899842015
"CXCR6x_NK","CXCR6+ NK","positive","CXCR6._NK__HNRNPA2B1","HNRNPA2B1","CXCR6x_NK___positive___CXCR6._NK__HNRNPA2B1","B34.1_P18",34.1,0.642882013901666,2.11550899842015
"CXCR6x_NK","CXCR6+ NK","positive","CXCR6._NK__HNRNPA2B1","HNRNPA2B1","CXCR6x_NK___positive___CXCR6._NK__HNRNPA2B1","B36.1_P19",36.1,-0.0917073244326344,2.11550899842015
"CXCR6x_NK","CXCR6+ NK","positive","CXCR6._NK__HNRNPA2B1","HNRNPA2B1","CXCR6x_NK___positive___CXCR6._NK__HNRNPA2B1","B37.9_P20",37.9,0.0845198698611311,2.11550899842015
"CXCR6x_NK","CXCR6+ NK","positive","CXCR6._NK__HNRNPA2B1","HNRNPA2B1","CXCR6x_NK___positive___CXCR6._NK__HNRNPA2B1","B38.1_P21",38.1,0.262698222452575,2.11550899842015
"CXCR6x_NK","CXCR6+ NK","positive","CXCR6._NK__HNRNPA2B1","HNRNPA2B1","CXCR6x_NK___positive___CXCR6._NK__HNRNPA2B1","B39.1_P22",39.1,1.86483421584565,2.11550899842015
"CXCR5low_Naive_B","CXCR5− Naïve B","negative","CXCR5low_Naive_B__BLNK","BLNK","CXCR5low_Naive_B___negative___CXCR5low_Naive_B__BLNK","B17.4_P3",17.4,0.855181031845995,-2.1586946845173
"CXCR5low_Naive_B","CXCR5− Naïve B","negative","CXCR5low_Naive_B__BLNK","BLNK","CXCR5low_Naive_B___negative___CXCR5low_Naive_B__BLNK","B18.0_P4",18,0.641686082073071,-2.1586946845173
"CXCR5low_Naive_B","CXCR5− Naïve B","negative","CXCR5low_Naive_B__BLNK","BLNK","CXCR5low_Naive_B___negative___CXCR5low_Naive_B__BLNK","B18.6_P5",18.6,-0.264319025492478,-2.1586946845173
"CXCR5low_Naive_B","CXCR5− Naïve B","negative","CXCR5low_Naive_B__BLNK","BLNK","CXCR5low_Naive_B___negative___CXCR5low_Naive_B__BLNK","B20.9_P7",20.9,-0.447302098768673,-2.1586946845173
"CXCR5low_Naive_B","CXCR5− Naïve B","negative","CXCR5low_Naive_B__BLNK","BLNK","CXCR5low_Naive_B___negative___CXCR5low_Naive_B__BLNK","B21.7_P8",21.7,1.1009739316209,-2.1586946845173
"CXCR5low_Naive_B","CXCR5− Naïve B","negative","CXCR5low_Naive_B__BLNK","BLNK","CXCR5low_Naive_B___negative___CXCR5low_Naive_B__BLNK","B22.4_P9",22.4,0.447302098768673,-2.1586946845173
"CXCR5low_Naive_B","CXCR5− Naïve B","negative","CXCR5low_Naive_B__BLNK","BLNK","CXCR5low_Naive_B___negative___CXCR5low_Naive_B__BLNK","B23.4_P10",23.4,-0.641686082073071,-2.1586946845173
"CXCR5low_Naive_B","CXCR5− Naïve B","negative","CXCR5low_Naive_B__BLNK","BLNK","CXCR5low_Naive_B___negative___CXCR5low_Naive_B__BLNK","B24.6_P11",24.6,1.85458499070927,-2.1586946845173
"CXCR5low_Naive_B","CXCR5− Naïve B","negative","CXCR5low_Naive_B__BLNK","BLNK","CXCR5low_Naive_B___negative___CXCR5low_Naive_B__BLNK","B26.9_P12",26.9,-0.855181031845995,-2.1586946845173
"CXCR5low_Naive_B","CXCR5− Naïve B","negative","CXCR5low_Naive_B__BLNK","BLNK","CXCR5low_Naive_B___negative___CXCR5low_Naive_B__BLNK","B31.3_P15",31.3,0.264319025492478,-2.1586946845173
"CXCR5low_Naive_B","CXCR5− Naïve B","negative","CXCR5low_Naive_B__BLNK","BLNK","CXCR5low_Naive_B___negative___CXCR5low_Naive_B__BLNK","B33.3_P17",33.3,-0.0874607743620753,-2.1586946845173
"CXCR5low_Naive_B","CXCR5− Naïve B","negative","CXCR5low_Naive_B__BLNK","BLNK","CXCR5low_Naive_B___negative___CXCR5low_Naive_B__BLNK","B34.1_P18",34.1,-1.1009739316209,-2.1586946845173
"CXCR5low_Naive_B","CXCR5− Naïve B","negative","CXCR5low_Naive_B__BLNK","BLNK","CXCR5low_Naive_B___negative___CXCR5low_Naive_B__BLNK","B36.1_P19",36.1,0.0874607743620754,-2.1586946845173
"CXCR5low_Naive_B","CXCR5− Naïve B","negative","CXCR5low_Naive_B__BLNK","BLNK","CXCR5low_Naive_B___negative___CXCR5low_Naive_B__BLNK","B37.9_P20",37.9,1.40668660112543,-2.1586946845173
"CXCR5low_Naive_B","CXCR5− Naïve B","negative","CXCR5low_Naive_B__BLNK","BLNK","CXCR5low_Naive_B___negative___CXCR5low_Naive_B__BLNK","B38.1_P21",38.1,-1.40668660112543,-2.1586946845173
"CXCR5low_Naive_B","CXCR5− Naïve B","negative","CXCR5low_Naive_B__BLNK","BLNK","CXCR5low_Naive_B___negative___CXCR5low_Naive_B__BLNK","B39.1_P22",39.1,-1.85458499070927,-2.1586946845173
"CXCR5low_Naive_B","CXCR5− Naïve B","negative","CXCR5low_Naive_B__SH3BGRL","SH3BGRL","CXCR5low_Naive_B___negative___CXCR5low_Naive_B__SH3BGRL","B17.4_P3",17.4,1.40668660112543,-2.36555072994957
"CXCR5low_Naive_B","CXCR5− Naïve B","negative","CXCR5low_Naive_B__SH3BGRL","SH3BGRL","CXCR5low_Naive_B___negative___CXCR5low_Naive_B__SH3BGRL","B18.0_P4",18,0.264319025492478,-2.36555072994957
"CXCR5low_Naive_B","CXCR5− Naïve B","negative","CXCR5low_Naive_B__SH3BGRL","SH3BGRL","CXCR5low_Naive_B___negative___CXCR5low_Naive_B__SH3BGRL","B18.6_P5",18.6,1.85458499070927,-2.36555072994957
"CXCR5low_Naive_B","CXCR5− Naïve B","negative","CXCR5low_Naive_B__SH3BGRL","SH3BGRL","CXCR5low_Naive_B___negative___CXCR5low_Naive_B__SH3BGRL","B20.9_P7",20.9,-0.447302098768673,-2.36555072994957
"CXCR5low_Naive_B","CXCR5− Naïve B","negative","CXCR5low_Naive_B__SH3BGRL","SH3BGRL","CXCR5low_Naive_B___negative___CXCR5low_Naive_B__SH3BGRL","B21.7_P8",21.7,1.1009739316209,-2.36555072994957
"CXCR5low_Naive_B","CXCR5− Naïve B","negative","CXCR5low_Naive_B__SH3BGRL","SH3BGRL","CXCR5low_Naive_B___negative___CXCR5low_Naive_B__SH3BGRL","B22.4_P9",22.4,0.447302098768673,-2.36555072994957
"CXCR5low_Naive_B","CXCR5− Naïve B","negative","CXCR5low_Naive_B__SH3BGRL","SH3BGRL","CXCR5low_Naive_B___negative___CXCR5low_Naive_B__SH3BGRL","B23.4_P10",23.4,-0.264319025492478,-2.36555072994957
"CXCR5low_Naive_B","CXCR5− Naïve B","negative","CXCR5low_Naive_B__SH3BGRL","SH3BGRL","CXCR5low_Naive_B___negative___CXCR5low_Naive_B__SH3BGRL","B24.6_P11",24.6,0.641686082073071,-2.36555072994957
"CXCR5low_Naive_B","CXCR5− Naïve B","negative","CXCR5low_Naive_B__SH3BGRL","SH3BGRL","CXCR5low_Naive_B___negative___CXCR5low_Naive_B__SH3BGRL","B26.9_P12",26.9,-0.0874607743620754,-2.36555072994957
"CXCR5low_Naive_B","CXCR5− Naïve B","negative","CXCR5low_Naive_B__SH3BGRL","SH3BGRL","CXCR5low_Naive_B___negative___CXCR5low_Naive_B__SH3BGRL","B31.3_P15",31.3,0.0874607743620754,-2.36555072994957
"CXCR5low_Naive_B","CXCR5− Naïve B","negative","CXCR5low_Naive_B__SH3BGRL","SH3BGRL","CXCR5low_Naive_B___negative___CXCR5low_Naive_B__SH3BGRL","B33.3_P17",33.3,-1.85458499070927,-2.36555072994957
"CXCR5low_Naive_B","CXCR5− Naïve B","negative","CXCR5low_Naive_B__SH3BGRL","SH3BGRL","CXCR5low_Naive_B___negative___CXCR5low_Naive_B__SH3BGRL","B34.1_P18",34.1,-0.641686082073071,-2.36555072994957
"CXCR5low_Naive_B","CXCR5− Naïve B","negative","CXCR5low_Naive_B__SH3BGRL","SH3BGRL","CXCR5low_Naive_B___negative___CXCR5low_Naive_B__SH3BGRL","B36.1_P19",36.1,-0.855181031845995,-2.36555072994957
"CXCR5low_Naive_B","CXCR5− Naïve B","negative","CXCR5low_Naive_B__SH3BGRL","SH3BGRL","CXCR5low_Naive_B___negative___CXCR5low_Naive_B__SH3BGRL","B37.9_P20",37.9,0.855181031845995,-2.36555072994957
"CXCR5low_Naive_B","CXCR5− Naïve B","negative","CXCR5low_Naive_B__SH3BGRL","SH3BGRL","CXCR5low_Naive_B___negative___CXCR5low_Naive_B__SH3BGRL","B38.1_P21",38.1,-1.40668660112543,-2.36555072994957
"CXCR5low_Naive_B","CXCR5− Naïve B","negative","CXCR5low_Naive_B__SH3BGRL","SH3BGRL","CXCR5low_Naive_B___negative___CXCR5low_Naive_B__SH3BGRL","B39.1_P22",39.1,-1.1009739316209,-2.36555072994957
"CXCR5low_Naive_B","CXCR5− Naïve B","positive","CXCR5low_Naive_B__RAB11A","RAB11A","CXCR5low_Naive_B___positive___CXCR5low_Naive_B__RAB11A","B17.4_P3",17.4,-1.85458499070927,2.36021258822884
"CXCR5low_Naive_B","CXCR5− Naïve B","positive","CXCR5low_Naive_B__RAB11A","RAB11A","CXCR5low_Naive_B___positive___CXCR5low_Naive_B__RAB11A","B18.0_P4",18,-1.1009739316209,2.36021258822884
"CXCR5low_Naive_B","CXCR5− Naïve B","positive","CXCR5low_Naive_B__RAB11A","RAB11A","CXCR5low_Naive_B___positive___CXCR5low_Naive_B__RAB11A","B18.6_P5",18.6,-1.40668660112543,2.36021258822884
"CXCR5low_Naive_B","CXCR5− Naïve B","positive","CXCR5low_Naive_B__RAB11A","RAB11A","CXCR5low_Naive_B___positive___CXCR5low_Naive_B__RAB11A","B20.9_P7",20.9,0.264319025492478,2.36021258822884
"CXCR5low_Naive_B","CXCR5− Naïve B","positive","CXCR5low_Naive_B__RAB11A","RAB11A","CXCR5low_Naive_B___positive___CXCR5low_Naive_B__RAB11A","B21.7_P8",21.7,-0.641686082073071,2.36021258822884
"CXCR5low_Naive_B","CXCR5− Naïve B","positive","CXCR5low_Naive_B__RAB11A","RAB11A","CXCR5low_Naive_B___positive___CXCR5low_Naive_B__RAB11A","B22.4_P9",22.4,0.641686082073071,2.36021258822884
"CXCR5low_Naive_B","CXCR5− Naïve B","positive","CXCR5low_Naive_B__RAB11A","RAB11A","CXCR5low_Naive_B___positive___CXCR5low_Naive_B__RAB11A","B23.4_P10",23.4,0.0874607743620754,2.36021258822884
"CXCR5low_Naive_B","CXCR5− Naïve B","positive","CXCR5low_Naive_B__RAB11A","RAB11A","CXCR5low_Naive_B___positive___CXCR5low_Naive_B__RAB11A","B24.6_P11",24.6,-0.855181031845995,2.36021258822884
"CXCR5low_Naive_B","CXCR5− Naïve B","positive","CXCR5low_Naive_B__RAB11A","RAB11A","CXCR5low_Naive_B___positive___CXCR5low_Naive_B__RAB11A","B26.9_P12",26.9,-0.447302098768673,2.36021258822884
"CXCR5low_Naive_B","CXCR5− Naïve B","positive","CXCR5low_Naive_B__RAB11A","RAB11A","CXCR5low_Naive_B___positive___CXCR5low_Naive_B__RAB11A","B31.3_P15",31.3,-0.264319025492478,2.36021258822884
"CXCR5low_Naive_B","CXCR5− Naïve B","positive","CXCR5low_Naive_B__RAB11A","RAB11A","CXCR5low_Naive_B___positive___CXCR5low_Naive_B__RAB11A","B33.3_P17",33.3,-0.0874607743620753,2.36021258822884
"CXCR5low_Naive_B","CXCR5− Naïve B","positive","CXCR5low_Naive_B__RAB11A","RAB11A","CXCR5low_Naive_B___positive___CXCR5low_Naive_B__RAB11A","B34.1_P18",34.1,1.85458499070927,2.36021258822884
"CXCR5low_Naive_B","CXCR5− Naïve B","positive","CXCR5low_Naive_B__RAB11A","RAB11A","CXCR5low_Naive_B___positive___CXCR5low_Naive_B__RAB11A","B36.1_P19",36.1,1.1009739316209,2.36021258822884
"CXCR5low_Naive_B","CXCR5− Naïve B","positive","CXCR5low_Naive_B__RAB11A","RAB11A","CXCR5low_Naive_B___positive___CXCR5low_Naive_B__RAB11A","B37.9_P20",37.9,1.40668660112543,2.36021258822884
"CXCR5low_Naive_B","CXCR5− Naïve B","positive","CXCR5low_Naive_B__RAB11A","RAB11A","CXCR5low_Naive_B___positive___CXCR5low_Naive_B__RAB11A","B38.1_P21",38.1,0.447302098768673,2.36021258822884
"CXCR5low_Naive_B","CXCR5− Naïve B","positive","CXCR5low_Naive_B__RAB11A","RAB11A","CXCR5low_Naive_B___positive___CXCR5low_Naive_B__RAB11A","B39.1_P22",39.1,0.855181031845995,2.36021258822884
"CXCR5low_Naive_B","CXCR5− Naïve B","positive","CXCR5low_Naive_B__ATP5F1D","ATP5F1D","CXCR5low_Naive_B___positive___CXCR5low_Naive_B__ATP5F1D","B17.4_P3",17.4,-1.85458499070927,2.21660966008051
"CXCR5low_Naive_B","CXCR5− Naïve B","positive","CXCR5low_Naive_B__ATP5F1D","ATP5F1D","CXCR5low_Naive_B___positive___CXCR5low_Naive_B__ATP5F1D","B18.0_P4",18,0.0874607743620753,2.21660966008051
"CXCR5low_Naive_B","CXCR5− Naïve B","positive","CXCR5low_Naive_B__ATP5F1D","ATP5F1D","CXCR5low_Naive_B___positive___CXCR5low_Naive_B__ATP5F1D","B18.6_P5",18.6,0.264319025492478,2.21660966008051
"CXCR5low_Naive_B","CXCR5− Naïve B","positive","CXCR5low_Naive_B__ATP5F1D","ATP5F1D","CXCR5low_Naive_B___positive___CXCR5low_Naive_B__ATP5F1D","B20.9_P7",20.9,-0.641686082073071,2.21660966008051
"CXCR5low_Naive_B","CXCR5− Naïve B","positive","CXCR5low_Naive_B__ATP5F1D","ATP5F1D","CXCR5low_Naive_B___positive___CXCR5low_Naive_B__ATP5F1D","B21.7_P8",21.7,-0.0874607743620754,2.21660966008051
"CXCR5low_Naive_B","CXCR5− Naïve B","positive","CXCR5low_Naive_B__ATP5F1D","ATP5F1D","CXCR5low_Naive_B___positive___CXCR5low_Naive_B__ATP5F1D","B22.4_P9",22.4,0.855181031845995,2.21660966008051
"CXCR5low_Naive_B","CXCR5− Naïve B","positive","CXCR5low_Naive_B__ATP5F1D","ATP5F1D","CXCR5low_Naive_B___positive___CXCR5low_Naive_B__ATP5F1D","B23.4_P10",23.4,-0.264319025492478,2.21660966008051
"CXCR5low_Naive_B","CXCR5− Naïve B","positive","CXCR5low_Naive_B__ATP5F1D","ATP5F1D","CXCR5low_Naive_B___positive___CXCR5low_Naive_B__ATP5F1D","B24.6_P11",24.6,-1.40668660112543,2.21660966008051
"CXCR5low_Naive_B","CXCR5− Naïve B","positive","CXCR5low_Naive_B__ATP5F1D","ATP5F1D","CXCR5low_Naive_B___positive___CXCR5low_Naive_B__ATP5F1D","B26.9_P12",26.9,-0.855181031845995,2.21660966008051
"CXCR5low_Naive_B","CXCR5− Naïve B","positive","CXCR5low_Naive_B__ATP5F1D","ATP5F1D","CXCR5low_Naive_B___positive___CXCR5low_Naive_B__ATP5F1D","B31.3_P15",31.3,-1.1009739316209,2.21660966008051
"CXCR5low_Naive_B","CXCR5− Naïve B","positive","CXCR5low_Naive_B__ATP5F1D","ATP5F1D","CXCR5low_Naive_B___positive___CXCR5low_Naive_B__ATP5F1D","B33.3_P17",33.3,1.40668660112543,2.21660966008051
"CXCR5low_Naive_B","CXCR5− Naïve B","positive","CXCR5low_Naive_B__ATP5F1D","ATP5F1D","CXCR5low_Naive_B___positive___CXCR5low_Naive_B__ATP5F1D","B34.1_P18",34.1,0.447302098768673,2.21660966008051
"CXCR5low_Naive_B","CXCR5− Naïve B","positive","CXCR5low_Naive_B__ATP5F1D","ATP5F1D","CXCR5low_Naive_B___positive___CXCR5low_Naive_B__ATP5F1D","B36.1_P19",36.1,-0.447302098768673,2.21660966008051
"CXCR5low_Naive_B","CXCR5− Naïve B","positive","CXCR5low_Naive_B__ATP5F1D","ATP5F1D","CXCR5low_Naive_B___positive___CXCR5low_Naive_B__ATP5F1D","B37.9_P20",37.9,1.1009739316209,2.21660966008051
"CXCR5low_Naive_B","CXCR5− Naïve B","positive","CXCR5low_Naive_B__ATP5F1D","ATP5F1D","CXCR5low_Naive_B___positive___CXCR5low_Naive_B__ATP5F1D","B38.1_P21",38.1,1.85458499070927,2.21660966008051
"CXCR5low_Naive_B","CXCR5− Naïve B","positive","CXCR5low_Naive_B__ATP5F1D","ATP5F1D","CXCR5low_Naive_B___positive___CXCR5low_Naive_B__ATP5F1D","B39.1_P22",39.1,0.641686082073071,2.21660966008051
"CXCR5high_Naive_B","CXCR5+ Naïve B","negative","CXCR5high_Naive_B__ACTG1","ACTG1","CXCR5high_Naive_B___negative___CXCR5high_Naive_B__ACTG1","B17.4_P3",17.4,0.641462221205905,-1.89466078785046
"CXCR5high_Naive_B","CXCR5+ Naïve B","negative","CXCR5high_Naive_B__ACTG1","ACTG1","CXCR5high_Naive_B___negative___CXCR5high_Naive_B__ACTG1","B18.0_P4",18,1.1006335674026,-1.89466078785046
"CXCR5high_Naive_B","CXCR5+ Naïve B","negative","CXCR5high_Naive_B__ACTG1","ACTG1","CXCR5high_Naive_B___negative___CXCR5high_Naive_B__ACTG1","B18.6_P5",18.6,0.854903015666154,-1.89466078785046
"CXCR5high_Naive_B","CXCR5+ Naïve B","negative","CXCR5high_Naive_B__ACTG1","ACTG1","CXCR5high_Naive_B___negative___CXCR5high_Naive_B__ACTG1","B20.9_P7",20.9,0.0873774987633799,-1.89466078785046
"CXCR5high_Naive_B","CXCR5+ Naïve B","negative","CXCR5high_Naive_B__ACTG1","ACTG1","CXCR5high_Naive_B___negative___CXCR5high_Naive_B__ACTG1","B21.7_P8",21.7,1.40626868956831,-1.89466078785046
"CXCR5high_Naive_B","CXCR5+ Naïve B","negative","CXCR5high_Naive_B__ACTG1","ACTG1","CXCR5high_Naive_B___negative___CXCR5high_Naive_B__ACTG1","B22.4_P9",22.4,-0.175417651980038,-1.89466078785046
"CXCR5high_Naive_B","CXCR5+ Naïve B","negative","CXCR5high_Naive_B__ACTG1","ACTG1","CXCR5high_Naive_B___negative___CXCR5high_Naive_B__ACTG1","B23.4_P10",23.4,0.447127545509981,-1.89466078785046
"CXCR5high_Naive_B","CXCR5+ Naïve B","negative","CXCR5high_Naive_B__ACTG1","ACTG1","CXCR5high_Naive_B___negative___CXCR5high_Naive_B__ACTG1","B24.6_P11",24.6,1.85405346486123,-1.89466078785046
"CXCR5high_Naive_B","CXCR5+ Naïve B","negative","CXCR5high_Naive_B__ACTG1","ACTG1","CXCR5high_Naive_B___negative___CXCR5high_Naive_B__ACTG1","B26.9_P12",26.9,-1.10075574784942,-1.89466078785046
"CXCR5high_Naive_B","CXCR5+ Naïve B","negative","CXCR5high_Naive_B__ACTG1","ACTG1","CXCR5high_Naive_B___negative___CXCR5high_Naive_B__ACTG1","B31.3_P15",31.3,-0.641584401652725,-1.89466078785046
"CXCR5high_Naive_B","CXCR5+ Naïve B","negative","CXCR5high_Naive_B__ACTG1","ACTG1","CXCR5high_Naive_B___negative___CXCR5high_Naive_B__ACTG1","B33.3_P17",33.3,0.264190887877613,-1.89466078785046
"CXCR5high_Naive_B","CXCR5+ Naïve B","negative","CXCR5high_Naive_B__ACTG1","ACTG1","CXCR5high_Naive_B___negative___CXCR5high_Naive_B__ACTG1","B34.1_P18",34.1,-1.40639087001513,-1.89466078785046
"CXCR5high_Naive_B","CXCR5+ Naïve B","negative","CXCR5high_Naive_B__ACTG1","ACTG1","CXCR5high_Naive_B___negative___CXCR5high_Naive_B__ACTG1","B36.1_P19",36.1,-0.855025196112974,-1.89466078785046
"CXCR5high_Naive_B","CXCR5+ Naïve B","negative","CXCR5high_Naive_B__ACTG1","ACTG1","CXCR5high_Naive_B___negative___CXCR5high_Naive_B__ACTG1","B37.9_P20",37.9,-0.175417651980038,-1.89466078785046
"CXCR5high_Naive_B","CXCR5+ Naïve B","negative","CXCR5high_Naive_B__ACTG1","ACTG1","CXCR5high_Naive_B___negative___CXCR5high_Naive_B__ACTG1","B38.1_P21",38.1,-0.447249725956801,-1.89466078785046
"CXCR5high_Naive_B","CXCR5+ Naïve B","negative","CXCR5high_Naive_B__ACTG1","ACTG1","CXCR5high_Naive_B___negative___CXCR5high_Naive_B__ACTG1","B39.1_P22",39.1,-1.85417564530805,-1.89466078785046
"CXCR5high_Naive_B","CXCR5+ Naïve B","negative","CXCR5high_Naive_B__NCL","NCL","CXCR5high_Naive_B___negative___CXCR5high_Naive_B__NCL","B17.4_P3",17.4,0.973247852325627,-1.95998157300908
"CXCR5high_Naive_B","CXCR5+ Naïve B","negative","CXCR5high_Naive_B__NCL","NCL","CXCR5high_Naive_B___negative___CXCR5high_Naive_B__NCL","B18.0_P4",18,1.85476905928923,-1.95998157300908
"CXCR5high_Naive_B","CXCR5+ Naïve B","negative","CXCR5high_Naive_B__NCL","NCL","CXCR5high_Naive_B___negative___CXCR5high_Naive_B__NCL","B18.6_P5",18.6,0.264906482305617,-1.95998157300908
"CXCR5high_Naive_B","CXCR5+ Naïve B","negative","CXCR5high_Naive_B__NCL","NCL","CXCR5high_Naive_B___negative___CXCR5high_Naive_B__NCL","B20.9_P7",20.9,-0.0867840847821956,-1.95998157300908
"CXCR5high_Naive_B","CXCR5+ Naïve B","negative","CXCR5high_Naive_B__NCL","NCL","CXCR5high_Naive_B___negative___CXCR5high_Naive_B__NCL","B21.7_P8",21.7,0.973247852325627,-1.95998157300908
"CXCR5high_Naive_B","CXCR5+ Naïve B","negative","CXCR5high_Naive_B__NCL","NCL","CXCR5high_Naive_B___negative___CXCR5high_Naive_B__NCL","B22.4_P9",22.4,-0.640868807224721,-1.95998157300908
"CXCR5high_Naive_B","CXCR5+ Naïve B","negative","CXCR5high_Naive_B__NCL","NCL","CXCR5high_Naive_B___negative___CXCR5high_Naive_B__NCL","B23.4_P10",23.4,0.642177815633909,-1.95998157300908
"CXCR5high_Naive_B","CXCR5+ Naïve B","negative","CXCR5high_Naive_B__NCL","NCL","CXCR5high_Naive_B___negative___CXCR5high_Naive_B__NCL","B24.6_P11",24.6,1.40698428399632,-1.95998157300908
"CXCR5high_Naive_B","CXCR5+ Naïve B","negative","CXCR5high_Naive_B__NCL","NCL","CXCR5high_Naive_B___negative___CXCR5high_Naive_B__NCL","B26.9_P12",26.9,0.447843139937985,-1.95998157300908
"CXCR5high_Naive_B","CXCR5+ Naïve B","negative","CXCR5high_Naive_B__NCL","NCL","CXCR5high_Naive_B___negative___CXCR5high_Naive_B__NCL","B31.3_P15",31.3,-0.263597473896429,-1.95998157300908
"CXCR5high_Naive_B","CXCR5+ Naïve B","negative","CXCR5high_Naive_B__NCL","NCL","CXCR5high_Naive_B___negative___CXCR5high_Naive_B__NCL","B33.3_P17",33.3,-1.40567527558713,-1.95998157300908
"CXCR5high_Naive_B","CXCR5+ Naïve B","negative","CXCR5high_Naive_B__NCL","NCL","CXCR5high_Naive_B___negative___CXCR5high_Naive_B__NCL","B34.1_P18",34.1,-1.10004015342141,-1.95998157300908
"CXCR5high_Naive_B","CXCR5+ Naïve B","negative","CXCR5high_Naive_B__NCL","NCL","CXCR5high_Naive_B___negative___CXCR5high_Naive_B__NCL","B36.1_P19",36.1,-1.85346005088004,-1.95998157300908
"CXCR5high_Naive_B","CXCR5+ Naïve B","negative","CXCR5high_Naive_B__NCL","NCL","CXCR5high_Naive_B___negative___CXCR5high_Naive_B__NCL","B37.9_P20",37.9,0.0880930931913839,-1.95998157300908
"CXCR5high_Naive_B","CXCR5+ Naïve B","negative","CXCR5high_Naive_B__NCL","NCL","CXCR5high_Naive_B___negative___CXCR5high_Naive_B__NCL","B38.1_P21",38.1,-0.85430960168497,-1.95998157300908
"CXCR5high_Naive_B","CXCR5+ Naïve B","negative","CXCR5high_Naive_B__NCL","NCL","CXCR5high_Naive_B___negative___CXCR5high_Naive_B__NCL","B39.1_P22",39.1,-0.446534131528797,-1.95998157300908
"CXCR5high_Naive_B","CXCR5+ Naïve B","positive","CXCR5high_Naive_B__COL19A1","COL19A1","CXCR5high_Naive_B___positive___CXCR5high_Naive_B__COL19A1","B17.4_P3",17.4,-1.85411455508464,2.6196734255589
"CXCR5high_Naive_B","CXCR5+ Naïve B","positive","CXCR5high_Naive_B__COL19A1","COL19A1","CXCR5high_Naive_B___positive___CXCR5high_Naive_B__COL19A1","B18.0_P4",18,-0.0874385889867898,2.6196734255589
"CXCR5high_Naive_B","CXCR5+ Naïve B","positive","CXCR5high_Naive_B__COL19A1","COL19A1","CXCR5high_Naive_B___positive___CXCR5high_Naive_B__COL19A1","B18.6_P5",18.6,-1.40632977979172,2.6196734255589
"CXCR5high_Naive_B","CXCR5+ Naïve B","positive","CXCR5high_Naive_B__COL19A1","COL19A1","CXCR5high_Naive_B___positive___CXCR5high_Naive_B__COL19A1","B20.9_P7",20.9,-0.264251978101023,2.6196734255589
"CXCR5high_Naive_B","CXCR5+ Naïve B","positive","CXCR5high_Naive_B__COL19A1","COL19A1","CXCR5high_Naive_B___positive___CXCR5high_Naive_B__COL19A1","B21.7_P8",21.7,-1.10069465762601,2.6196734255589
"CXCR5high_Naive_B","CXCR5+ Naïve B","positive","CXCR5high_Naive_B__COL19A1","COL19A1","CXCR5high_Naive_B___positive___CXCR5high_Naive_B__COL19A1","B22.4_P9",22.4,0.0874385889867897,2.6196734255589
"CXCR5high_Naive_B","CXCR5+ Naïve B","positive","CXCR5high_Naive_B__COL19A1","COL19A1","CXCR5high_Naive_B___positive___CXCR5high_Naive_B__COL19A1","B23.4_P10",23.4,-0.447188635733391,2.6196734255589
"CXCR5high_Naive_B","CXCR5+ Naïve B","positive","CXCR5high_Naive_B__COL19A1","COL19A1","CXCR5high_Naive_B___positive___CXCR5high_Naive_B__COL19A1","B24.6_P11",24.6,-0.854964105889564,2.6196734255589
"CXCR5high_Naive_B","CXCR5+ Naïve B","positive","CXCR5high_Naive_B__COL19A1","COL19A1","CXCR5high_Naive_B___positive___CXCR5high_Naive_B__COL19A1","B26.9_P12",26.9,-0.641523311429315,2.6196734255589
"CXCR5high_Naive_B","CXCR5+ Naïve B","positive","CXCR5high_Naive_B__COL19A1","COL19A1","CXCR5high_Naive_B___positive___CXCR5high_Naive_B__COL19A1","B31.3_P15",31.3,0.447188635733391,2.6196734255589
"CXCR5high_Naive_B","CXCR5+ Naïve B","positive","CXCR5high_Naive_B__COL19A1","COL19A1","CXCR5high_Naive_B___positive___CXCR5high_Naive_B__COL19A1","B33.3_P17",33.3,0.854964105889564,2.6196734255589
"CXCR5high_Naive_B","CXCR5+ Naïve B","positive","CXCR5high_Naive_B__COL19A1","COL19A1","CXCR5high_Naive_B___positive___CXCR5high_Naive_B__COL19A1","B34.1_P18",34.1,0.264251978101023,2.6196734255589
"CXCR5high_Naive_B","CXCR5+ Naïve B","positive","CXCR5high_Naive_B__COL19A1","COL19A1","CXCR5high_Naive_B___positive___CXCR5high_Naive_B__COL19A1","B36.1_P19",36.1,1.40632977979172,2.6196734255589
"CXCR5high_Naive_B","CXCR5+ Naïve B","positive","CXCR5high_Naive_B__COL19A1","COL19A1","CXCR5high_Naive_B___positive___CXCR5high_Naive_B__COL19A1","B37.9_P20",37.9,0.641523311429315,2.6196734255589
"CXCR5high_Naive_B","CXCR5+ Naïve B","positive","CXCR5high_Naive_B__COL19A1","COL19A1","CXCR5high_Naive_B___positive___CXCR5high_Naive_B__COL19A1","B38.1_P21",38.1,1.10069465762601,2.6196734255589
"CXCR5high_Naive_B","CXCR5+ Naïve B","positive","CXCR5high_Naive_B__COL19A1","COL19A1","CXCR5high_Naive_B___positive___CXCR5high_Naive_B__COL19A1","B39.1_P22",39.1,1.85411455508464,2.6196734255589
"CXCR5high_Naive_B","CXCR5+ Naïve B","positive","CXCR5high_Naive_B__LINC00926","LINC00926","CXCR5high_Naive_B___positive___CXCR5high_Naive_B__LINC00926","B17.4_P3",17.4,-1.85411455508464,2.58354448991669
"CXCR5high_Naive_B","CXCR5+ Naïve B","positive","CXCR5high_Naive_B__LINC00926","LINC00926","CXCR5high_Naive_B___positive___CXCR5high_Naive_B__LINC00926","B18.0_P4",18,0.0874385889867898,2.58354448991669
"CXCR5high_Naive_B","CXCR5+ Naïve B","positive","CXCR5high_Naive_B__LINC00926","LINC00926","CXCR5high_Naive_B___positive___CXCR5high_Naive_B__LINC00926","B18.6_P5",18.6,-1.10069465762601,2.58354448991669
"CXCR5high_Naive_B","CXCR5+ Naïve B","positive","CXCR5high_Naive_B__LINC00926","LINC00926","CXCR5high_Naive_B___positive___CXCR5high_Naive_B__LINC00926","B20.9_P7",20.9,-0.264251978101023,2.58354448991669
"CXCR5high_Naive_B","CXCR5+ Naïve B","positive","CXCR5high_Naive_B__LINC00926","LINC00926","CXCR5high_Naive_B___positive___CXCR5high_Naive_B__LINC00926","B21.7_P8",21.7,-1.40632977979172,2.58354448991669
"CXCR5high_Naive_B","CXCR5+ Naïve B","positive","CXCR5high_Naive_B__LINC00926","LINC00926","CXCR5high_Naive_B___positive___CXCR5high_Naive_B__LINC00926","B22.4_P9",22.4,0.447188635733391,2.58354448991669
"CXCR5high_Naive_B","CXCR5+ Naïve B","positive","CXCR5high_Naive_B__LINC00926","LINC00926","CXCR5high_Naive_B___positive___CXCR5high_Naive_B__LINC00926","B23.4_P10",23.4,-0.854964105889564,2.58354448991669
"CXCR5high_Naive_B","CXCR5+ Naïve B","positive","CXCR5high_Naive_B__LINC00926","LINC00926","CXCR5high_Naive_B___positive___CXCR5high_Naive_B__LINC00926","B24.6_P11",24.6,-0.447188635733391,2.58354448991669
"CXCR5high_Naive_B","CXCR5+ Naïve B","positive","CXCR5high_Naive_B__LINC00926","LINC00926","CXCR5high_Naive_B___positive___CXCR5high_Naive_B__LINC00926","B26.9_P12",26.9,-0.641523311429315,2.58354448991669
"CXCR5high_Naive_B","CXCR5+ Naïve B","positive","CXCR5high_Naive_B__LINC00926","LINC00926","CXCR5high_Naive_B___positive___CXCR5high_Naive_B__LINC00926","B31.3_P15",31.3,-0.0874385889867897,2.58354448991669
"CXCR5high_Naive_B","CXCR5+ Naïve B","positive","CXCR5high_Naive_B__LINC00926","LINC00926","CXCR5high_Naive_B___positive___CXCR5high_Naive_B__LINC00926","B33.3_P17",33.3,0.641523311429315,2.58354448991669
"CXCR5high_Naive_B","CXCR5+ Naïve B","positive","CXCR5high_Naive_B__LINC00926","LINC00926","CXCR5high_Naive_B___positive___CXCR5high_Naive_B__LINC00926","B34.1_P18",34.1,1.40632977979172,2.58354448991669
"CXCR5high_Naive_B","CXCR5+ Naïve B","positive","CXCR5high_Naive_B__LINC00926","LINC00926","CXCR5high_Naive_B___positive___CXCR5high_Naive_B__LINC00926","B36.1_P19",36.1,1.10069465762601,2.58354448991669
"CXCR5high_Naive_B","CXCR5+ Naïve B","positive","CXCR5high_Naive_B__LINC00926","LINC00926","CXCR5high_Naive_B___positive___CXCR5high_Naive_B__LINC00926","B37.9_P20",37.9,0.854964105889564,2.58354448991669
"CXCR5high_Naive_B","CXCR5+ Naïve B","positive","CXCR5high_Naive_B__LINC00926","LINC00926","CXCR5high_Naive_B___positive___CXCR5high_Naive_B__LINC00926","B38.1_P21",38.1,0.264251978101023,2.58354448991669
"CXCR5high_Naive_B","CXCR5+ Naïve B","positive","CXCR5high_Naive_B__LINC00926","LINC00926","CXCR5high_Naive_B___positive___CXCR5high_Naive_B__LINC00926","B39.1_P22",39.1,1.85411455508464,2.58354448991669
"MyeloidxCD177","Myeloid−CD177","negative","Myeloid.CD177__SRGN","SRGN","MyeloidxCD177___negative___Myeloid.CD177__SRGN","B17.4_P3",17.4,0.176644368420988,-1.93715063266992
"MyeloidxCD177","Myeloid−CD177","negative","Myeloid.CD177__SRGN","SRGN","MyeloidxCD177___negative___Myeloid.CD177__SRGN","B18.0_P4",18,-1.10833042845024,-1.93715063266992
"MyeloidxCD177","Myeloid−CD177","negative","Myeloid.CD177__SRGN","SRGN","MyeloidxCD177___negative___Myeloid.CD177__SRGN","B18.6_P5",18.6,0.450377396324342,-1.93715063266992
"MyeloidxCD177","Myeloid−CD177","negative","Myeloid.CD177__SRGN","SRGN","MyeloidxCD177___negative___Myeloid.CD177__SRGN","B20.9_P7",20.9,0.86100448869647,-1.93715063266992
"MyeloidxCD177","Myeloid−CD177","negative","Myeloid.CD177__SRGN","SRGN","MyeloidxCD177___negative___Myeloid.CD177__SRGN","B21.7_P8",21.7,1.86714211545991,-1.93715063266992
"MyeloidxCD177","Myeloid−CD177","negative","Myeloid.CD177__SRGN","SRGN","MyeloidxCD177___negative___Myeloid.CD177__SRGN","B22.4_P9",22.4,-0.860881453827298,-1.93715063266992
"MyeloidxCD177","Myeloid−CD177","negative","Myeloid.CD177__SRGN","SRGN","MyeloidxCD177___negative___Myeloid.CD177__SRGN","B23.4_P10",23.4,-0.266038406083737,-1.93715063266992
"MyeloidxCD177","Myeloid−CD177","negative","Myeloid.CD177__SRGN","SRGN","MyeloidxCD177___negative___Myeloid.CD177__SRGN","B24.6_P11",24.6,1.416225928136,-1.93715063266992
"MyeloidxCD177","Myeloid−CD177","negative","Myeloid.CD177__SRGN","SRGN","MyeloidxCD177___negative___Myeloid.CD177__SRGN","B26.9_P12",26.9,0.646071077451202,-1.93715063266992
"MyeloidxCD177","Myeloid−CD177","negative","Myeloid.CD177__SRGN","SRGN","MyeloidxCD177___negative___Myeloid.CD177__SRGN","B31.3_P15",31.3,-0.0879885399732711,-1.93715063266992
"MyeloidxCD177","Myeloid−CD177","negative","Myeloid.CD177__SRGN","SRGN","MyeloidxCD177___negative___Myeloid.CD177__SRGN","B33.3_P17",33.3,1.10845346331941,-1.93715063266992
"MyeloidxCD177","Myeloid−CD177","negative","Myeloid.CD177__SRGN","SRGN","MyeloidxCD177___negative___Myeloid.CD177__SRGN","B34.1_P18",34.1,-1.86701908059074,-1.93715063266992
"MyeloidxCD177","Myeloid−CD177","negative","Myeloid.CD177__SRGN","SRGN","MyeloidxCD177___negative___Myeloid.CD177__SRGN","B36.1_P19",36.1,0.176644368420988,-1.93715063266992
"MyeloidxCD177","Myeloid−CD177","negative","Myeloid.CD177__SRGN","SRGN","MyeloidxCD177___negative___Myeloid.CD177__SRGN","B37.9_P20",37.9,-0.64594804258203,-1.93715063266992
"MyeloidxCD177","Myeloid−CD177","negative","Myeloid.CD177__SRGN","SRGN","MyeloidxCD177___negative___Myeloid.CD177__SRGN","B38.1_P21",38.1,-1.41610289326683,-1.93715063266992
"MyeloidxCD177","Myeloid−CD177","negative","Myeloid.CD177__SRGN","SRGN","MyeloidxCD177___negative___Myeloid.CD177__SRGN","B39.1_P22",39.1,-0.45025436145517,-1.93715063266992
"MyeloidxCD177","Myeloid−CD177","negative","Myeloid.CD177__SVIL","SVIL","MyeloidxCD177___negative___Myeloid.CD177__SVIL","B17.4_P3",17.4,1.86669958929005,-2.04414849592536
"MyeloidxCD177","Myeloid−CD177","negative","Myeloid.CD177__SVIL","SVIL","MyeloidxCD177___negative___Myeloid.CD177__SVIL","B18.0_P4",18,0.0876690486725843,-2.04414849592536
"MyeloidxCD177","Myeloid−CD177","negative","Myeloid.CD177__SVIL","SVIL","MyeloidxCD177___negative___Myeloid.CD177__SVIL","B18.6_P5",18.6,-0.75080920449234,-2.04414849592536
"MyeloidxCD177","Myeloid−CD177","negative","Myeloid.CD177__SVIL","SVIL","MyeloidxCD177___negative___Myeloid.CD177__SVIL","B20.9_P7",20.9,-1.8674616067606,-2.04414849592536
"MyeloidxCD177","Myeloid−CD177","negative","Myeloid.CD177__SVIL","SVIL","MyeloidxCD177___negative___Myeloid.CD177__SVIL","B21.7_P8",21.7,0.26571891478305,-2.04414849592536
"MyeloidxCD177","Myeloid−CD177","negative","Myeloid.CD177__SVIL","SVIL","MyeloidxCD177___negative___Myeloid.CD177__SVIL","B22.4_P9",22.4,-0.450696887625029,-2.04414849592536
"MyeloidxCD177","Myeloid−CD177","negative","Myeloid.CD177__SVIL","SVIL","MyeloidxCD177___negative___Myeloid.CD177__SVIL","B23.4_P10",23.4,1.41578340196614,-2.04414849592536
"MyeloidxCD177","Myeloid−CD177","negative","Myeloid.CD177__SVIL","SVIL","MyeloidxCD177___negative___Myeloid.CD177__SVIL","B24.6_P11",24.6,0.860561962526611,-2.04414849592536
"MyeloidxCD177","Myeloid−CD177","negative","Myeloid.CD177__SVIL","SVIL","MyeloidxCD177___negative___Myeloid.CD177__SVIL","B26.9_P12",26.9,0.449934870154484,-2.04414849592536
"MyeloidxCD177","Myeloid−CD177","negative","Myeloid.CD177__SVIL","SVIL","MyeloidxCD177___negative___Myeloid.CD177__SVIL","B31.3_P15",31.3,1.10801093714956,-2.04414849592536
"MyeloidxCD177","Myeloid−CD177","negative","Myeloid.CD177__SVIL","SVIL","MyeloidxCD177___negative___Myeloid.CD177__SVIL","B33.3_P17",33.3,-0.75080920449234,-2.04414849592536
"MyeloidxCD177","Myeloid−CD177","negative","Myeloid.CD177__SVIL","SVIL","MyeloidxCD177___negative___Myeloid.CD177__SVIL","B34.1_P18",34.1,-0.08843106614313,-2.04414849592536
"MyeloidxCD177","Myeloid−CD177","negative","Myeloid.CD177__SVIL","SVIL","MyeloidxCD177___negative___Myeloid.CD177__SVIL","B36.1_P19",36.1,-0.266480932253596,-2.04414849592536
"MyeloidxCD177","Myeloid−CD177","negative","Myeloid.CD177__SVIL","SVIL","MyeloidxCD177___negative___Myeloid.CD177__SVIL","B37.9_P20",37.9,0.645628551281343,-2.04414849592536
"MyeloidxCD177","Myeloid−CD177","negative","Myeloid.CD177__SVIL","SVIL","MyeloidxCD177___negative___Myeloid.CD177__SVIL","B38.1_P21",38.1,-1.1087729546201,-2.04414849592536
"MyeloidxCD177","Myeloid−CD177","negative","Myeloid.CD177__SVIL","SVIL","MyeloidxCD177___negative___Myeloid.CD177__SVIL","B39.1_P22",39.1,-1.41654541943669,-2.04414849592536
"MyeloidxCD177","Myeloid−CD177","positive","Myeloid.CD177__LRRFIP1","LRRFIP1","MyeloidxCD177___positive___Myeloid.CD177__LRRFIP1","B17.4_P3",17.4,-1.86721378902628,2.01447126042839
"MyeloidxCD177","Myeloid−CD177","positive","Myeloid.CD177__LRRFIP1","LRRFIP1","MyeloidxCD177___positive___Myeloid.CD177__LRRFIP1","B18.0_P4",18,-0.0881832484088147,2.01447126042839
"MyeloidxCD177","Myeloid−CD177","positive","Myeloid.CD177__LRRFIP1","LRRFIP1","MyeloidxCD177___positive___Myeloid.CD177__LRRFIP1","B18.6_P5",18.6,1.10825875488387,2.01447126042839
"MyeloidxCD177","Myeloid−CD177","positive","Myeloid.CD177__LRRFIP1","LRRFIP1","MyeloidxCD177___positive___Myeloid.CD177__LRRFIP1","B20.9_P7",20.9,-0.646142751017574,2.01447126042839
"MyeloidxCD177","Myeloid−CD177","positive","Myeloid.CD177__LRRFIP1","LRRFIP1","MyeloidxCD177___positive___Myeloid.CD177__LRRFIP1","B21.7_P8",21.7,-0.357275564197337,2.01447126042839
"MyeloidxCD177","Myeloid−CD177","positive","Myeloid.CD177__LRRFIP1","LRRFIP1","MyeloidxCD177___positive___Myeloid.CD177__LRRFIP1","B22.4_P9",22.4,0.265966732517366,2.01447126042839
"MyeloidxCD177","Myeloid−CD177","positive","Myeloid.CD177__LRRFIP1","LRRFIP1","MyeloidxCD177___positive___Myeloid.CD177__LRRFIP1","B23.4_P10",23.4,1.86694740702437,2.01447126042839
"MyeloidxCD177","Myeloid−CD177","positive","Myeloid.CD177__LRRFIP1","LRRFIP1","MyeloidxCD177___positive___Myeloid.CD177__LRRFIP1","B24.6_P11",24.6,-1.10852513688579,2.01447126042839
"MyeloidxCD177","Myeloid−CD177","positive","Myeloid.CD177__LRRFIP1","LRRFIP1","MyeloidxCD177___positive___Myeloid.CD177__LRRFIP1","B26.9_P12",26.9,-0.861076162262841,2.01447126042839
"MyeloidxCD177","Myeloid−CD177","positive","Myeloid.CD177__LRRFIP1","LRRFIP1","MyeloidxCD177___positive___Myeloid.CD177__LRRFIP1","B31.3_P15",31.3,-1.41629760170237,2.01447126042839
"MyeloidxCD177","Myeloid−CD177","positive","Myeloid.CD177__LRRFIP1","LRRFIP1","MyeloidxCD177___positive___Myeloid.CD177__LRRFIP1","B33.3_P17",33.3,0.0879168664068996,2.01447126042839
"MyeloidxCD177","Myeloid−CD177","positive","Myeloid.CD177__LRRFIP1","LRRFIP1","MyeloidxCD177___positive___Myeloid.CD177__LRRFIP1","B34.1_P18",34.1,-0.357275564197337,2.01447126042839
"MyeloidxCD177","Myeloid−CD177","positive","Myeloid.CD177__LRRFIP1","LRRFIP1","MyeloidxCD177___positive___Myeloid.CD177__LRRFIP1","B36.1_P19",36.1,0.450182687888799,2.01447126042839
"MyeloidxCD177","Myeloid−CD177","positive","Myeloid.CD177__LRRFIP1","LRRFIP1","MyeloidxCD177___positive___Myeloid.CD177__LRRFIP1","B37.9_P20",37.9,0.645876369015659,2.01447126042839
"MyeloidxCD177","Myeloid−CD177","positive","Myeloid.CD177__LRRFIP1","LRRFIP1","MyeloidxCD177___positive___Myeloid.CD177__LRRFIP1","B38.1_P21",38.1,1.41603121970046,2.01447126042839
"MyeloidxCD177","Myeloid−CD177","positive","Myeloid.CD177__LRRFIP1","LRRFIP1","MyeloidxCD177___positive___Myeloid.CD177__LRRFIP1","B39.1_P22",39.1,0.860809780260926,2.01447126042839
"MyeloidxCD177","Myeloid−CD177","positive","Myeloid.CD177__CHST11","CHST11","MyeloidxCD177___positive___Myeloid.CD177__CHST11","B17.4_P3",17.4,-1.61648455371271,1.89148250696866
"MyeloidxCD177","Myeloid−CD177","positive","Myeloid.CD177__CHST11","CHST11","MyeloidxCD177___positive___Myeloid.CD177__CHST11","B18.0_P4",18,0.0844589216006203,1.89148250696866
"MyeloidxCD177","Myeloid−CD177","positive","Myeloid.CD177__CHST11","CHST11","MyeloidxCD177___positive___Myeloid.CD177__CHST11","B18.6_P5",18.6,0.44672474308252,1.89148250696866
"MyeloidxCD177","Myeloid−CD177","positive","Myeloid.CD177__CHST11","CHST11","MyeloidxCD177___positive___Myeloid.CD177__CHST11","B20.9_P7",20.9,-1.61648455371271,1.89148250696866
"MyeloidxCD177","Myeloid−CD177","positive","Myeloid.CD177__CHST11","CHST11","MyeloidxCD177___positive___Myeloid.CD177__CHST11","B21.7_P8",21.7,-0.86453410706912,1.89148250696866
"MyeloidxCD177","Myeloid−CD177","positive","Myeloid.CD177__CHST11","CHST11","MyeloidxCD177___positive___Myeloid.CD177__CHST11","B22.4_P9",22.4,-0.26969105932556,1.89148250696866
"MyeloidxCD177","Myeloid−CD177","positive","Myeloid.CD177__CHST11","CHST11","MyeloidxCD177___positive___Myeloid.CD177__CHST11","B23.4_P10",23.4,-0.453907014696993,1.89148250696866
"MyeloidxCD177","Myeloid−CD177","positive","Myeloid.CD177__CHST11","CHST11","MyeloidxCD177___positive___Myeloid.CD177__CHST11","B24.6_P11",24.6,0.262508787711086,1.89148250696866
"MyeloidxCD177","Myeloid−CD177","positive","Myeloid.CD177__CHST11","CHST11","MyeloidxCD177___positive___Myeloid.CD177__CHST11","B26.9_P12",26.9,-1.11198308169207,1.89148250696866
"MyeloidxCD177","Myeloid−CD177","positive","Myeloid.CD177__CHST11","CHST11","MyeloidxCD177___positive___Myeloid.CD177__CHST11","B31.3_P15",31.3,0.642418424209379,1.89148250696866
"MyeloidxCD177","Myeloid−CD177","positive","Myeloid.CD177__CHST11","CHST11","MyeloidxCD177___positive___Myeloid.CD177__CHST11","B33.3_P17",33.3,-0.649600695823853,1.89148250696866
"MyeloidxCD177","Myeloid−CD177","positive","Myeloid.CD177__CHST11","CHST11","MyeloidxCD177___positive___Myeloid.CD177__CHST11","B34.1_P18",34.1,0.857351835454647,1.89148250696866
"MyeloidxCD177","Myeloid−CD177","positive","Myeloid.CD177__CHST11","CHST11","MyeloidxCD177___positive___Myeloid.CD177__CHST11","B36.1_P19",36.1,1.86348946221809,1.89148250696866
"MyeloidxCD177","Myeloid−CD177","positive","Myeloid.CD177__CHST11","CHST11","MyeloidxCD177___positive___Myeloid.CD177__CHST11","B37.9_P20",37.9,-0.091641193215094,1.89148250696866
"MyeloidxCD177","Myeloid−CD177","positive","Myeloid.CD177__CHST11","CHST11","MyeloidxCD177___positive___Myeloid.CD177__CHST11","B38.1_P21",38.1,1.41257327489418,1.89148250696866
"MyeloidxCD177","Myeloid−CD177","positive","Myeloid.CD177__CHST11","CHST11","MyeloidxCD177___positive___Myeloid.CD177__CHST11","B39.1_P22",39.1,1.10480081007759,1.89148250696866
"CD14xPPBPx_Monocytes","CD14+PPBP+ Monocytes","negative","CD14.PPBP._Monocytes__PGAM1","PGAM1","CD14xPPBPx_Monocytes___negative___CD14.PPBP._Monocytes__PGAM1","B17.4_P3",17.4,-1.44404107844066,-0.66522184269452
"CD14xPPBPx_Monocytes","CD14+PPBP+ Monocytes","negative","CD14.PPBP._Monocytes__PGAM1","PGAM1","CD14xPPBPx_Monocytes___negative___CD14.PPBP._Monocytes__PGAM1","B18.0_P4",18,0.863313819273361,-0.66522184269452
"CD14xPPBPx_Monocytes","CD14+PPBP+ Monocytes","negative","CD14.PPBP._Monocytes__PGAM1","PGAM1","CD14xPPBPx_Monocytes___negative___CD14.PPBP._Monocytes__PGAM1","B18.6_P5",18.6,1.42591043538116,-0.66522184269452
"CD14xPPBPx_Monocytes","CD14+PPBP+ Monocytes","negative","CD14.PPBP._Monocytes__PGAM1","PGAM1","CD14xPPBPx_Monocytes___negative___CD14.PPBP._Monocytes__PGAM1","B20.9_P7",20.9,-1.44404107844066,-0.66522184269452
"CD14xPPBPx_Monocytes","CD14+PPBP+ Monocytes","negative","CD14.PPBP._Monocytes__PGAM1","PGAM1","CD14xPPBPx_Monocytes___negative___CD14.PPBP._Monocytes__PGAM1","B21.7_P8",21.7,1.88281628071872,-0.66522184269452
"CD14xPPBPx_Monocytes","CD14+PPBP+ Monocytes","negative","CD14.PPBP._Monocytes__PGAM1","PGAM1","CD14xPPBPx_Monocytes___negative___CD14.PPBP._Monocytes__PGAM1","B22.4_P9",22.4,-0.881444462332864,-0.66522184269452
"CD14xPPBPx_Monocytes","CD14+PPBP+ Monocytes","negative","CD14.PPBP._Monocytes__PGAM1","PGAM1","CD14xPPBPx_Monocytes___negative___CD14.PPBP._Monocytes__PGAM1","B23.4_P10",23.4,-0.278699931945864,-0.66522184269452
"CD14xPPBPx_Monocytes","CD14+PPBP+ Monocytes","negative","CD14.PPBP._Monocytes__PGAM1","PGAM1","CD14xPPBPx_Monocytes___negative___CD14.PPBP._Monocytes__PGAM1","B24.6_P11",24.6,0.260569288886362,-0.66522184269452
"CD14xPPBPx_Monocytes","CD14+PPBP+ Monocytes","negative","CD14.PPBP._Monocytes__PGAM1","PGAM1","CD14xPPBPx_Monocytes___negative___CD14.PPBP._Monocytes__PGAM1","B26.9_P12",26.9,0.447232241292615,-0.66522184269452
"CD14xPPBPx_Monocytes","CD14+PPBP+ Monocytes","negative","CD14.PPBP._Monocytes__PGAM1","PGAM1","CD14xPPBPx_Monocytes___negative___CD14.PPBP._Monocytes__PGAM1","B31.3_P15",31.3,-1.44404107844066,-0.66522184269452
"CD14xPPBPx_Monocytes","CD14+PPBP+ Monocytes","negative","CD14.PPBP._Monocytes__PGAM1","PGAM1","CD14xPPBPx_Monocytes___negative___CD14.PPBP._Monocytes__PGAM1","B33.3_P17",33.3,-0.0982849748553908,-0.66522184269452
"CD14xPPBPx_Monocytes","CD14+PPBP+ Monocytes","negative","CD14.PPBP._Monocytes__PGAM1","PGAM1","CD14xPPBPx_Monocytes___negative___CD14.PPBP._Monocytes__PGAM1","B34.1_P18",34.1,-0.663656024665262,-0.66522184269452
"CD14xPPBPx_Monocytes","CD14+PPBP+ Monocytes","negative","CD14.PPBP._Monocytes__PGAM1","PGAM1","CD14xPPBPx_Monocytes___negative___CD14.PPBP._Monocytes__PGAM1","B36.1_P19",36.1,1.11404973451961,-0.66522184269452
"CD14xPPBPx_Monocytes","CD14+PPBP+ Monocytes","negative","CD14.PPBP._Monocytes__PGAM1","PGAM1","CD14xPPBPx_Monocytes___negative___CD14.PPBP._Monocytes__PGAM1","B37.9_P20",37.9,0.645525381605759,-0.66522184269452
"CD14xPPBPx_Monocytes","CD14+PPBP+ Monocytes","negative","CD14.PPBP._Monocytes__PGAM1","PGAM1","CD14xPPBPx_Monocytes___negative___CD14.PPBP._Monocytes__PGAM1","B38.1_P21",38.1,0.0801543317958879,-0.66522184269452
"CD14xPPBPx_Monocytes","CD14+PPBP+ Monocytes","negative","CD14.PPBP._Monocytes__PGAM1","PGAM1","CD14xPPBPx_Monocytes___negative___CD14.PPBP._Monocytes__PGAM1","B39.1_P22",39.1,-0.465362884352118,-0.66522184269452
"CD14xPPBPx_Monocytes","CD14+PPBP+ Monocytes","negative","CD14.PPBP._Monocytes__SPINT2","SPINT2","CD14xPPBPx_Monocytes___negative___CD14.PPBP._Monocytes__SPINT2","B17.4_P3",17.4,-1.44380809096236,-0.680877031910746
"CD14xPPBPx_Monocytes","CD14+PPBP+ Monocytes","negative","CD14.PPBP._Monocytes__SPINT2","SPINT2","CD14xPPBPx_Monocytes___negative___CD14.PPBP._Monocytes__SPINT2","B18.0_P4",18,1.42614342285945,-0.680877031910746
"CD14xPPBPx_Monocytes","CD14+PPBP+ Monocytes","negative","CD14.PPBP._Monocytes__SPINT2","SPINT2","CD14xPPBPx_Monocytes___negative___CD14.PPBP._Monocytes__SPINT2","B18.6_P5",18.6,0.863546806751656,-0.680877031910746
"CD14xPPBPx_Monocytes","CD14+PPBP+ Monocytes","negative","CD14.PPBP._Monocytes__SPINT2","SPINT2","CD14xPPBPx_Monocytes___negative___CD14.PPBP._Monocytes__SPINT2","B20.9_P7",20.9,-1.44380809096236,-0.680877031910746
"CD14xPPBPx_Monocytes","CD14+PPBP+ Monocytes","negative","CD14.PPBP._Monocytes__SPINT2","SPINT2","CD14xPPBPx_Monocytes___negative___CD14.PPBP._Monocytes__SPINT2","B21.7_P8",21.7,1.88304926819702,-0.680877031910746
"CD14xPPBPx_Monocytes","CD14+PPBP+ Monocytes","negative","CD14.PPBP._Monocytes__SPINT2","SPINT2","CD14xPPBPx_Monocytes___negative___CD14.PPBP._Monocytes__SPINT2","B22.4_P9",22.4,0.544747899101122,-0.680877031910746
"CD14xPPBPx_Monocytes","CD14+PPBP+ Monocytes","negative","CD14.PPBP._Monocytes__SPINT2","SPINT2","CD14xPPBPx_Monocytes___negative___CD14.PPBP._Monocytes__SPINT2","B23.4_P10",23.4,0.544747899101122,-0.680877031910746
"CD14xPPBPx_Monocytes","CD14+PPBP+ Monocytes","negative","CD14.PPBP._Monocytes__SPINT2","SPINT2","CD14xPPBPx_Monocytes___negative___CD14.PPBP._Monocytes__SPINT2","B24.6_P11",24.6,1.11428272199791,-0.680877031910746
"CD14xPPBPx_Monocytes","CD14+PPBP+ Monocytes","negative","CD14.PPBP._Monocytes__SPINT2","SPINT2","CD14xPPBPx_Monocytes___negative___CD14.PPBP._Monocytes__SPINT2","B26.9_P12",26.9,-0.278466944467569,-0.680877031910746
"CD14xPPBPx_Monocytes","CD14+PPBP+ Monocytes","negative","CD14.PPBP._Monocytes__SPINT2","SPINT2","CD14xPPBPx_Monocytes___negative___CD14.PPBP._Monocytes__SPINT2","B31.3_P15",31.3,-1.44380809096236,-0.680877031910746
"CD14xPPBPx_Monocytes","CD14+PPBP+ Monocytes","negative","CD14.PPBP._Monocytes__SPINT2","SPINT2","CD14xPPBPx_Monocytes___negative___CD14.PPBP._Monocytes__SPINT2","B33.3_P17",33.3,0.260802276364657,-0.680877031910746
"CD14xPPBPx_Monocytes","CD14+PPBP+ Monocytes","negative","CD14.PPBP._Monocytes__SPINT2","SPINT2","CD14xPPBPx_Monocytes___negative___CD14.PPBP._Monocytes__SPINT2","B34.1_P18",34.1,-0.0980519873770957,-0.680877031910746
"CD14xPPBPx_Monocytes","CD14+PPBP+ Monocytes","negative","CD14.PPBP._Monocytes__SPINT2","SPINT2","CD14xPPBPx_Monocytes___negative___CD14.PPBP._Monocytes__SPINT2","B36.1_P19",36.1,0.080387319274183,-0.680877031910746
"CD14xPPBPx_Monocytes","CD14+PPBP+ Monocytes","negative","CD14.PPBP._Monocytes__SPINT2","SPINT2","CD14xPPBPx_Monocytes___negative___CD14.PPBP._Monocytes__SPINT2","B37.9_P20",37.9,-0.881211474854569,-0.680877031910746
"CD14xPPBPx_Monocytes","CD14+PPBP+ Monocytes","negative","CD14.PPBP._Monocytes__SPINT2","SPINT2","CD14xPPBPx_Monocytes___negative___CD14.PPBP._Monocytes__SPINT2","B38.1_P21",38.1,-0.663423037186967,-0.680877031910746
"CD14xPPBPx_Monocytes","CD14+PPBP+ Monocytes","negative","CD14.PPBP._Monocytes__SPINT2","SPINT2","CD14xPPBPx_Monocytes___negative___CD14.PPBP._Monocytes__SPINT2","B39.1_P22",39.1,-0.465129896873823,-0.680877031910746
"CD14xPPBPx_Monocytes","CD14+PPBP+ Monocytes","positive","CD14.PPBP._Monocytes__ACRBP","ACRBP","CD14xPPBPx_Monocytes___positive___CD14.PPBP._Monocytes__ACRBP","B17.4_P3",17.4,-1.44390611822279,2.35763483953445
"CD14xPPBPx_Monocytes","CD14+PPBP+ Monocytes","positive","CD14.PPBP._Monocytes__ACRBP","ACRBP","CD14xPPBPx_Monocytes___positive___CD14.PPBP._Monocytes__ACRBP","B18.0_P4",18,0.0802892920137614,2.35763483953445
"CD14xPPBPx_Monocytes","CD14+PPBP+ Monocytes","positive","CD14.PPBP._Monocytes__ACRBP","ACRBP","CD14xPPBPx_Monocytes___positive___CD14.PPBP._Monocytes__ACRBP","B18.6_P5",18.6,-0.88130950211499,2.35763483953445
"CD14xPPBPx_Monocytes","CD14+PPBP+ Monocytes","positive","CD14.PPBP._Monocytes__ACRBP","ACRBP","CD14xPPBPx_Monocytes___positive___CD14.PPBP._Monocytes__ACRBP","B20.9_P7",20.9,-1.44390611822279,2.35763483953445
"CD14xPPBPx_Monocytes","CD14+PPBP+ Monocytes","positive","CD14.PPBP._Monocytes__ACRBP","ACRBP","CD14xPPBPx_Monocytes___positive___CD14.PPBP._Monocytes__ACRBP","B21.7_P8",21.7,-0.663521064447389,2.35763483953445
"CD14xPPBPx_Monocytes","CD14+PPBP+ Monocytes","positive","CD14.PPBP._Monocytes__ACRBP","ACRBP","CD14xPPBPx_Monocytes___positive___CD14.PPBP._Monocytes__ACRBP","B22.4_P9",22.4,-0.278564971727991,2.35763483953445
"CD14xPPBPx_Monocytes","CD14+PPBP+ Monocytes","positive","CD14.PPBP._Monocytes__ACRBP","ACRBP","CD14xPPBPx_Monocytes___positive___CD14.PPBP._Monocytes__ACRBP","B23.4_P10",23.4,0.352956043564375,2.35763483953445
"CD14xPPBPx_Monocytes","CD14+PPBP+ Monocytes","positive","CD14.PPBP._Monocytes__ACRBP","ACRBP","CD14xPPBPx_Monocytes___positive___CD14.PPBP._Monocytes__ACRBP","B24.6_P11",24.6,-0.465227924134244,2.35763483953445
"CD14xPPBPx_Monocytes","CD14+PPBP+ Monocytes","positive","CD14.PPBP._Monocytes__ACRBP","ACRBP","CD14xPPBPx_Monocytes___positive___CD14.PPBP._Monocytes__ACRBP","B26.9_P12",26.9,-0.0981500146375174,2.35763483953445
"CD14xPPBPx_Monocytes","CD14+PPBP+ Monocytes","positive","CD14.PPBP._Monocytes__ACRBP","ACRBP","CD14xPPBPx_Monocytes___positive___CD14.PPBP._Monocytes__ACRBP","B31.3_P15",31.3,-1.44390611822279,2.35763483953445
"CD14xPPBPx_Monocytes","CD14+PPBP+ Monocytes","positive","CD14.PPBP._Monocytes__ACRBP","ACRBP","CD14xPPBPx_Monocytes___positive___CD14.PPBP._Monocytes__ACRBP","B33.3_P17",33.3,1.11418469473749,2.35763483953445
"CD14xPPBPx_Monocytes","CD14+PPBP+ Monocytes","positive","CD14.PPBP._Monocytes__ACRBP","ACRBP","CD14xPPBPx_Monocytes___positive___CD14.PPBP._Monocytes__ACRBP","B34.1_P18",34.1,0.645660341823633,2.35763483953445
"CD14xPPBPx_Monocytes","CD14+PPBP+ Monocytes","positive","CD14.PPBP._Monocytes__ACRBP","ACRBP","CD14xPPBPx_Monocytes___positive___CD14.PPBP._Monocytes__ACRBP","B36.1_P19",36.1,0.863448779491234,2.35763483953445
"CD14xPPBPx_Monocytes","CD14+PPBP+ Monocytes","positive","CD14.PPBP._Monocytes__ACRBP","ACRBP","CD14xPPBPx_Monocytes___positive___CD14.PPBP._Monocytes__ACRBP","B37.9_P20",37.9,0.352956043564375,2.35763483953445
"CD14xPPBPx_Monocytes","CD14+PPBP+ Monocytes","positive","CD14.PPBP._Monocytes__ACRBP","ACRBP","CD14xPPBPx_Monocytes___positive___CD14.PPBP._Monocytes__ACRBP","B38.1_P21",38.1,1.42604539559903,2.35763483953445
"CD14xPPBPx_Monocytes","CD14+PPBP+ Monocytes","positive","CD14.PPBP._Monocytes__ACRBP","ACRBP","CD14xPPBPx_Monocytes___positive___CD14.PPBP._Monocytes__ACRBP","B39.1_P22",39.1,1.8829512409366,2.35763483953445
"CD14xPPBPx_Monocytes","CD14+PPBP+ Monocytes","positive","CD14.PPBP._Monocytes__GRAP2","GRAP2","CD14xPPBPx_Monocytes___positive___CD14.PPBP._Monocytes__GRAP2","B17.4_P3",17.4,-1.44404107844066,2.01445001807138
"CD14xPPBPx_Monocytes","CD14+PPBP+ Monocytes","positive","CD14.PPBP._Monocytes__GRAP2","GRAP2","CD14xPPBPx_Monocytes___positive___CD14.PPBP._Monocytes__GRAP2","B18.0_P4",18,0.863313819273361,2.01445001807138
"CD14xPPBPx_Monocytes","CD14+PPBP+ Monocytes","positive","CD14.PPBP._Monocytes__GRAP2","GRAP2","CD14xPPBPx_Monocytes___positive___CD14.PPBP._Monocytes__GRAP2","B18.6_P5",18.6,-0.881444462332864,2.01445001807138
"CD14xPPBPx_Monocytes","CD14+PPBP+ Monocytes","positive","CD14.PPBP._Monocytes__GRAP2","GRAP2","CD14xPPBPx_Monocytes___positive___CD14.PPBP._Monocytes__GRAP2","B20.9_P7",20.9,-1.44404107844066,2.01445001807138
"CD14xPPBPx_Monocytes","CD14+PPBP+ Monocytes","positive","CD14.PPBP._Monocytes__GRAP2","GRAP2","CD14xPPBPx_Monocytes___positive___CD14.PPBP._Monocytes__GRAP2","B21.7_P8",21.7,-0.663656024665262,2.01445001807138
"CD14xPPBPx_Monocytes","CD14+PPBP+ Monocytes","positive","CD14.PPBP._Monocytes__GRAP2","GRAP2","CD14xPPBPx_Monocytes___positive___CD14.PPBP._Monocytes__GRAP2","B22.4_P9",22.4,0.645525381605759,2.01445001807138
"CD14xPPBPx_Monocytes","CD14+PPBP+ Monocytes","positive","CD14.PPBP._Monocytes__GRAP2","GRAP2","CD14xPPBPx_Monocytes___positive___CD14.PPBP._Monocytes__GRAP2","B23.4_P10",23.4,1.42591043538116,2.01445001807138
"CD14xPPBPx_Monocytes","CD14+PPBP+ Monocytes","positive","CD14.PPBP._Monocytes__GRAP2","GRAP2","CD14xPPBPx_Monocytes___positive___CD14.PPBP._Monocytes__GRAP2","B24.6_P11",24.6,-0.465362884352118,2.01445001807138
"CD14xPPBPx_Monocytes","CD14+PPBP+ Monocytes","positive","CD14.PPBP._Monocytes__GRAP2","GRAP2","CD14xPPBPx_Monocytes___positive___CD14.PPBP._Monocytes__GRAP2","B26.9_P12",26.9,-0.0982849748553908,2.01445001807138
"CD14xPPBPx_Monocytes","CD14+PPBP+ Monocytes","positive","CD14.PPBP._Monocytes__GRAP2","GRAP2","CD14xPPBPx_Monocytes___positive___CD14.PPBP._Monocytes__GRAP2","B31.3_P15",31.3,-1.44404107844066,2.01445001807138
"CD14xPPBPx_Monocytes","CD14+PPBP+ Monocytes","positive","CD14.PPBP._Monocytes__GRAP2","GRAP2","CD14xPPBPx_Monocytes___positive___CD14.PPBP._Monocytes__GRAP2","B33.3_P17",33.3,0.447232241292615,2.01445001807138
"CD14xPPBPx_Monocytes","CD14+PPBP+ Monocytes","positive","CD14.PPBP._Monocytes__GRAP2","GRAP2","CD14xPPBPx_Monocytes___positive___CD14.PPBP._Monocytes__GRAP2","B34.1_P18",34.1,-0.278699931945864,2.01445001807138
"CD14xPPBPx_Monocytes","CD14+PPBP+ Monocytes","positive","CD14.PPBP._Monocytes__GRAP2","GRAP2","CD14xPPBPx_Monocytes___positive___CD14.PPBP._Monocytes__GRAP2","B36.1_P19",36.1,0.260569288886362,2.01445001807138
"CD14xPPBPx_Monocytes","CD14+PPBP+ Monocytes","positive","CD14.PPBP._Monocytes__GRAP2","GRAP2","CD14xPPBPx_Monocytes___positive___CD14.PPBP._Monocytes__GRAP2","B37.9_P20",37.9,0.0801543317958879,2.01445001807138
"CD14xPPBPx_Monocytes","CD14+PPBP+ Monocytes","positive","CD14.PPBP._Monocytes__GRAP2","GRAP2","CD14xPPBPx_Monocytes___positive___CD14.PPBP._Monocytes__GRAP2","B38.1_P21",38.1,1.11404973451961,2.01445001807138
"CD14xPPBPx_Monocytes","CD14+PPBP+ Monocytes","positive","CD14.PPBP._Monocytes__GRAP2","GRAP2","CD14xPPBPx_Monocytes___positive___CD14.PPBP._Monocytes__GRAP2","B39.1_P22",39.1,1.88281628071872,2.01445001807138
"Classical_Monocytes","Classical Monocytes","negative","Classical_Monocytes__PARVG","PARVG","Classical_Monocytes___negative___Classical_Monocytes__PARVG","B17.4_P3",17.4,1.09839345120063,-1.81526177952391
"Classical_Monocytes","Classical Monocytes","negative","Classical_Monocytes__PARVG","PARVG","Classical_Monocytes___negative___Classical_Monocytes__PARVG","B18.0_P4",18,1.40374847757496,-1.81526177952391
"Classical_Monocytes","Classical Monocytes","negative","Classical_Monocytes__PARVG","PARVG","Classical_Monocytes___negative___Classical_Monocytes__PARVG","B18.6_P5",18.6,0.639642907301418,-1.81526177952391
"Classical_Monocytes","Classical Monocytes","negative","Classical_Monocytes__PARVG","PARVG","Classical_Monocytes___negative___Classical_Monocytes__PARVG","B20.9_P7",20.9,-0.265302294885731,-1.81526177952391
"Classical_Monocytes","Classical Monocytes","negative","Classical_Monocytes__PARVG","PARVG","Classical_Monocytes___negative___Classical_Monocytes__PARVG","B21.7_P8",21.7,1.8511228856623,-1.81526177952391
"Classical_Monocytes","Classical Monocytes","negative","Classical_Monocytes__PARVG","PARVG","Classical_Monocytes___negative___Classical_Monocytes__PARVG","B22.4_P9",22.4,-0.642227882241084,-1.81526177952391
"Classical_Monocytes","Classical Monocytes","negative","Classical_Monocytes__PARVG","PARVG","Classical_Monocytes___negative___Classical_Monocytes__PARVG","B23.4_P10",23.4,0.85288809640121,-1.81526177952391
"Classical_Monocytes","Classical Monocytes","negative","Classical_Monocytes__PARVG","PARVG","Classical_Monocytes___negative___Classical_Monocytes__PARVG","B24.6_P11",24.6,0.445486327383224,-1.81526177952391
"Classical_Monocytes","Classical Monocytes","negative","Classical_Monocytes__PARVG","PARVG","Classical_Monocytes___negative___Classical_Monocytes__PARVG","B26.9_P12",26.9,-1.2433160395688,-1.81526177952391
"Classical_Monocytes","Classical Monocytes","negative","Classical_Monocytes__PARVG","PARVG","Classical_Monocytes___negative___Classical_Monocytes__PARVG","B31.3_P15",31.3,0.0860659694280567,-1.81526177952391
"Classical_Monocytes","Classical Monocytes","negative","Classical_Monocytes__PARVG","PARVG","Classical_Monocytes___negative___Classical_Monocytes__PARVG","B33.3_P17",33.3,-1.85370786060196,-1.81526177952391
"Classical_Monocytes","Classical Monocytes","negative","Classical_Monocytes__PARVG","PARVG","Classical_Monocytes___negative___Classical_Monocytes__PARVG","B34.1_P18",34.1,-0.44807130232289,-1.81526177952391
"Classical_Monocytes","Classical Monocytes","negative","Classical_Monocytes__PARVG","PARVG","Classical_Monocytes___negative___Classical_Monocytes__PARVG","B36.1_P19",36.1,0.262717319946066,-1.81526177952391
"Classical_Monocytes","Classical Monocytes","negative","Classical_Monocytes__PARVG","PARVG","Classical_Monocytes___negative___Classical_Monocytes__PARVG","B37.9_P20",37.9,-0.0886509443677226,-1.81526177952391
"Classical_Monocytes","Classical Monocytes","negative","Classical_Monocytes__PARVG","PARVG","Classical_Monocytes___negative___Classical_Monocytes__PARVG","B38.1_P21",38.1,-0.855473071340876,-1.81526177952391
"Classical_Monocytes","Classical Monocytes","negative","Classical_Monocytes__PARVG","PARVG","Classical_Monocytes___negative___Classical_Monocytes__PARVG","B39.1_P22",39.1,-1.2433160395688,-1.81526177952391
"Classical_Monocytes","Classical Monocytes","negative","Classical_Monocytes__CLEC7A","CLEC7A","Classical_Monocytes___negative___Classical_Monocytes__CLEC7A","B17.4_P3",17.4,1.40504096504479,-2.00639340622749
"Classical_Monocytes","Classical Monocytes","negative","Classical_Monocytes__CLEC7A","CLEC7A","Classical_Monocytes___negative___Classical_Monocytes__CLEC7A","B18.0_P4",18,0.640935394771251,-2.00639340622749
"Classical_Monocytes","Classical Monocytes","negative","Classical_Monocytes__CLEC7A","CLEC7A","Classical_Monocytes___negative___Classical_Monocytes__CLEC7A","B18.6_P5",18.6,-0.264009807415898,-2.00639340622749
"Classical_Monocytes","Classical Monocytes","negative","Classical_Monocytes__CLEC7A","CLEC7A","Classical_Monocytes___negative___Classical_Monocytes__CLEC7A","B20.9_P7",20.9,1.85241537313213,-2.00639340622749
"Classical_Monocytes","Classical Monocytes","negative","Classical_Monocytes__CLEC7A","CLEC7A","Classical_Monocytes___negative___Classical_Monocytes__CLEC7A","B21.7_P8",21.7,0.446778814853057,-2.00639340622749
"Classical_Monocytes","Classical Monocytes","negative","Classical_Monocytes__CLEC7A","CLEC7A","Classical_Monocytes___negative___Classical_Monocytes__CLEC7A","B22.4_P9",22.4,-0.446778814853057,-2.00639340622749
"Classical_Monocytes","Classical Monocytes","negative","Classical_Monocytes__CLEC7A","CLEC7A","Classical_Monocytes___negative___Classical_Monocytes__CLEC7A","B23.4_P10",23.4,-0.854180583871043,-2.00639340622749
"Classical_Monocytes","Classical Monocytes","negative","Classical_Monocytes__CLEC7A","CLEC7A","Classical_Monocytes___negative___Classical_Monocytes__CLEC7A","B24.6_P11",24.6,0.264009807415898,-2.00639340622749
"Classical_Monocytes","Classical Monocytes","negative","Classical_Monocytes__CLEC7A","CLEC7A","Classical_Monocytes___negative___Classical_Monocytes__CLEC7A","B26.9_P12",26.9,1.09968593867047,-2.00639340622749
"Classical_Monocytes","Classical Monocytes","negative","Classical_Monocytes__CLEC7A","CLEC7A","Classical_Monocytes___negative___Classical_Monocytes__CLEC7A","B31.3_P15",31.3,0.854180583871043,-2.00639340622749
"Classical_Monocytes","Classical Monocytes","negative","Classical_Monocytes__CLEC7A","CLEC7A","Classical_Monocytes___negative___Classical_Monocytes__CLEC7A","B33.3_P17",33.3,0.0873584568978896,-2.00639340622749
"Classical_Monocytes","Classical Monocytes","negative","Classical_Monocytes__CLEC7A","CLEC7A","Classical_Monocytes___negative___Classical_Monocytes__CLEC7A","B34.1_P18",34.1,-0.640935394771251,-2.00639340622749
"Classical_Monocytes","Classical Monocytes","negative","Classical_Monocytes__CLEC7A","CLEC7A","Classical_Monocytes___negative___Classical_Monocytes__CLEC7A","B36.1_P19",36.1,-0.0873584568978896,-2.00639340622749
"Classical_Monocytes","Classical Monocytes","negative","Classical_Monocytes__CLEC7A","CLEC7A","Classical_Monocytes___negative___Classical_Monocytes__CLEC7A","B37.9_P20",37.9,-1.85241537313213,-2.00639340622749
"Classical_Monocytes","Classical Monocytes","negative","Classical_Monocytes__CLEC7A","CLEC7A","Classical_Monocytes___negative___Classical_Monocytes__CLEC7A","B38.1_P21",38.1,-1.40504096504479,-2.00639340622749
"Classical_Monocytes","Classical Monocytes","negative","Classical_Monocytes__CLEC7A","CLEC7A","Classical_Monocytes___negative___Classical_Monocytes__CLEC7A","B39.1_P22",39.1,-1.09968593867047,-2.00639340622749
"Classical_Monocytes","Classical Monocytes","positive","Classical_Monocytes__CAST","CAST","Classical_Monocytes___positive___Classical_Monocytes__CAST","B17.4_P3",17.4,-1.40374847757496,2.08875789508244
"Classical_Monocytes","Classical Monocytes","positive","Classical_Monocytes__CAST","CAST","Classical_Monocytes___positive___Classical_Monocytes__CAST","B18.0_P4",18,0.0886509443677226,2.08875789508244
"Classical_Monocytes","Classical Monocytes","positive","Classical_Monocytes__CAST","CAST","Classical_Monocytes___positive___Classical_Monocytes__CAST","B18.6_P5",18.6,-0.639642907301418,2.08875789508244
"Classical_Monocytes","Classical Monocytes","positive","Classical_Monocytes__CAST","CAST","Classical_Monocytes___positive___Classical_Monocytes__CAST","B20.9_P7",20.9,-1.8511228856623,2.08875789508244
"Classical_Monocytes","Classical Monocytes","positive","Classical_Monocytes__CAST","CAST","Classical_Monocytes___positive___Classical_Monocytes__CAST","B21.7_P8",21.7,-0.85288809640121,2.08875789508244
"Classical_Monocytes","Classical Monocytes","positive","Classical_Monocytes__CAST","CAST","Classical_Monocytes___positive___Classical_Monocytes__CAST","B22.4_P9",22.4,0.855473071340876,2.08875789508244
"Classical_Monocytes","Classical Monocytes","positive","Classical_Monocytes__CAST","CAST","Classical_Monocytes___positive___Classical_Monocytes__CAST","B23.4_P10",23.4,0.44807130232289,2.08875789508244
"Classical_Monocytes","Classical Monocytes","positive","Classical_Monocytes__CAST","CAST","Classical_Monocytes___positive___Classical_Monocytes__CAST","B24.6_P11",24.6,-0.262717319946066,2.08875789508244
"Classical_Monocytes","Classical Monocytes","positive","Classical_Monocytes__CAST","CAST","Classical_Monocytes___positive___Classical_Monocytes__CAST","B26.9_P12",26.9,-1.09839345120063,2.08875789508244
"Classical_Monocytes","Classical Monocytes","positive","Classical_Monocytes__CAST","CAST","Classical_Monocytes___positive___Classical_Monocytes__CAST","B31.3_P15",31.3,-0.445486327383224,2.08875789508244
"Classical_Monocytes","Classical Monocytes","positive","Classical_Monocytes__CAST","CAST","Classical_Monocytes___positive___Classical_Monocytes__CAST","B33.3_P17",33.3,-0.0860659694280567,2.08875789508244
"Classical_Monocytes","Classical Monocytes","positive","Classical_Monocytes__CAST","CAST","Classical_Monocytes___positive___Classical_Monocytes__CAST","B34.1_P18",34.1,1.2433160395688,2.08875789508244
"Classical_Monocytes","Classical Monocytes","positive","Classical_Monocytes__CAST","CAST","Classical_Monocytes___positive___Classical_Monocytes__CAST","B36.1_P19",36.1,1.85370786060196,2.08875789508244
"Classical_Monocytes","Classical Monocytes","positive","Classical_Monocytes__CAST","CAST","Classical_Monocytes___positive___Classical_Monocytes__CAST","B37.9_P20",37.9,0.265302294885731,2.08875789508244
"Classical_Monocytes","Classical Monocytes","positive","Classical_Monocytes__CAST","CAST","Classical_Monocytes___positive___Classical_Monocytes__CAST","B38.1_P21",38.1,1.2433160395688,2.08875789508244
"Classical_Monocytes","Classical Monocytes","positive","Classical_Monocytes__CAST","CAST","Classical_Monocytes___positive___Classical_Monocytes__CAST","B39.1_P22",39.1,0.642227882241084,2.08875789508244
"Classical_Monocytes","Classical Monocytes","positive","Classical_Monocytes__CRIP1","CRIP1","Classical_Monocytes___positive___Classical_Monocytes__CRIP1","B17.4_P3",17.4,-1.40504096504479,2.02244789093365
"Classical_Monocytes","Classical Monocytes","positive","Classical_Monocytes__CRIP1","CRIP1","Classical_Monocytes___positive___Classical_Monocytes__CRIP1","B18.0_P4",18,-0.640935394771251,2.02244789093365
"Classical_Monocytes","Classical Monocytes","positive","Classical_Monocytes__CRIP1","CRIP1","Classical_Monocytes___positive___Classical_Monocytes__CRIP1","B18.6_P5",18.6,-0.0873584568978897,2.02244789093365
"Classical_Monocytes","Classical Monocytes","positive","Classical_Monocytes__CRIP1","CRIP1","Classical_Monocytes___positive___Classical_Monocytes__CRIP1","B20.9_P7",20.9,-1.09968593867047,2.02244789093365
"Classical_Monocytes","Classical Monocytes","positive","Classical_Monocytes__CRIP1","CRIP1","Classical_Monocytes___positive___Classical_Monocytes__CRIP1","B21.7_P8",21.7,0.0873584568978896,2.02244789093365
"Classical_Monocytes","Classical Monocytes","positive","Classical_Monocytes__CRIP1","CRIP1","Classical_Monocytes___positive___Classical_Monocytes__CRIP1","B22.4_P9",22.4,-0.264009807415899,2.02244789093365
"Classical_Monocytes","Classical Monocytes","positive","Classical_Monocytes__CRIP1","CRIP1","Classical_Monocytes___positive___Classical_Monocytes__CRIP1","B23.4_P10",23.4,-0.446778814853057,2.02244789093365
"Classical_Monocytes","Classical Monocytes","positive","Classical_Monocytes__CRIP1","CRIP1","Classical_Monocytes___positive___Classical_Monocytes__CRIP1","B24.6_P11",24.6,-1.85241537313213,2.02244789093365
"Classical_Monocytes","Classical Monocytes","positive","Classical_Monocytes__CRIP1","CRIP1","Classical_Monocytes___positive___Classical_Monocytes__CRIP1","B26.9_P12",26.9,0.264009807415898,2.02244789093365
"Classical_Monocytes","Classical Monocytes","positive","Classical_Monocytes__CRIP1","CRIP1","Classical_Monocytes___positive___Classical_Monocytes__CRIP1","B31.3_P15",31.3,-0.854180583871043,2.02244789093365
"Classical_Monocytes","Classical Monocytes","positive","Classical_Monocytes__CRIP1","CRIP1","Classical_Monocytes___positive___Classical_Monocytes__CRIP1","B33.3_P17",33.3,0.854180583871043,2.02244789093365
"Classical_Monocytes","Classical Monocytes","positive","Classical_Monocytes__CRIP1","CRIP1","Classical_Monocytes___positive___Classical_Monocytes__CRIP1","B34.1_P18",34.1,1.40504096504479,2.02244789093365
"Classical_Monocytes","Classical Monocytes","positive","Classical_Monocytes__CRIP1","CRIP1","Classical_Monocytes___positive___Classical_Monocytes__CRIP1","B36.1_P19",36.1,1.09968593867047,2.02244789093365
"Classical_Monocytes","Classical Monocytes","positive","Classical_Monocytes__CRIP1","CRIP1","Classical_Monocytes___positive___Classical_Monocytes__CRIP1","B37.9_P20",37.9,0.446778814853057,2.02244789093365
"Classical_Monocytes","Classical Monocytes","positive","Classical_Monocytes__CRIP1","CRIP1","Classical_Monocytes___positive___Classical_Monocytes__CRIP1","B38.1_P21",38.1,0.64093539477125,2.02244789093365
"Classical_Monocytes","Classical Monocytes","positive","Classical_Monocytes__CRIP1","CRIP1","Classical_Monocytes___positive___Classical_Monocytes__CRIP1","B39.1_P22",39.1,1.85241537313213,2.02244789093365
"DC2","DC2","negative","DC2__SSNA1","SSNA1","DC2___negative___DC2__SSNA1","B17.4_P3",17.4,1.85026964153086,-2.36967356042734
"DC2","DC2","negative","DC2__SSNA1","SSNA1","DC2___negative___DC2__SSNA1","B18.0_P4",18,0.446261291928279,-2.36967356042734
"DC2","DC2","negative","DC2__SSNA1","SSNA1","DC2___negative___DC2__SSNA1","B18.6_P5",18.6,0.853191150130326,-2.36967356042734
"DC2","DC2","negative","DC2__SSNA1","SSNA1","DC2___negative___DC2__SSNA1","B20.9_P7",20.9,-0.853191150130326,-2.36967356042734
"DC2","DC2","negative","DC2__SSNA1","SSNA1","DC2___negative___DC2__SSNA1","B21.7_P8",21.7,1.09841212562384,-2.36967356042734
"DC2","DC2","negative","DC2__SSNA1","SSNA1","DC2___negative___DC2__SSNA1","B22.4_P9",22.4,0.640192972012901,-2.36967356042734
"DC2","DC2","negative","DC2__SSNA1","SSNA1","DC2___negative___DC2__SSNA1","B23.4_P10",23.4,-0.263703993614613,-2.36967356042734
"DC2","DC2","negative","DC2__SSNA1","SSNA1","DC2___negative___DC2__SSNA1","B24.6_P11",24.6,-0.446261291928279,-2.36967356042734
"DC2","DC2","negative","DC2__SSNA1","SSNA1","DC2___negative___DC2__SSNA1","B26.9_P12",26.9,1.40341344626931,-2.36967356042734
"DC2","DC2","negative","DC2__SSNA1","SSNA1","DC2___negative___DC2__SSNA1","B31.3_P15",31.3,-1.09841212562384,-2.36967356042734
"DC2","DC2","negative","DC2__SSNA1","SSNA1","DC2___negative___DC2__SSNA1","B33.3_P17",33.3,0.087257265877602,-2.36967356042734
"DC2","DC2","negative","DC2__SSNA1","SSNA1","DC2___negative___DC2__SSNA1","B34.1_P18",34.1,-1.85026964153086,-2.36967356042734
"DC2","DC2","negative","DC2__SSNA1","SSNA1","DC2___negative___DC2__SSNA1","B36.1_P19",36.1,-0.640192972012901,-2.36967356042734
"DC2","DC2","negative","DC2__SSNA1","SSNA1","DC2___negative___DC2__SSNA1","B37.9_P20",37.9,0.263703993614613,-2.36967356042734
"DC2","DC2","negative","DC2__SSNA1","SSNA1","DC2___negative___DC2__SSNA1","B38.1_P21",38.1,-0.087257265877602,-2.36967356042734
"DC2","DC2","negative","DC2__SSNA1","SSNA1","DC2___negative___DC2__SSNA1","B39.1_P22",39.1,-1.40341344626931,-2.36967356042734
"DC2","DC2","negative","DC2__SNX1","SNX1","DC2___negative___DC2__SNX1","B17.4_P3",17.4,1.85026964153086,-2.41196683498065
"DC2","DC2","negative","DC2__SNX1","SNX1","DC2___negative___DC2__SNX1","B18.0_P4",18,-0.263703993614613,-2.41196683498065
"DC2","DC2","negative","DC2__SNX1","SNX1","DC2___negative___DC2__SNX1","B18.6_P5",18.6,-0.640192972012901,-2.41196683498065
"DC2","DC2","negative","DC2__SNX1","SNX1","DC2___negative___DC2__SNX1","B20.9_P7",20.9,0.0872572658776021,-2.41196683498065
"DC2","DC2","negative","DC2__SNX1","SNX1","DC2___negative___DC2__SNX1","B21.7_P8",21.7,0.853191150130326,-2.41196683498065
"DC2","DC2","negative","DC2__SNX1","SNX1","DC2___negative___DC2__SNX1","B22.4_P9",22.4,-0.853191150130326,-2.41196683498065
"DC2","DC2","negative","DC2__SNX1","SNX1","DC2___negative___DC2__SNX1","B23.4_P10",23.4,1.40341344626931,-2.41196683498065
"DC2","DC2","negative","DC2__SNX1","SNX1","DC2___negative___DC2__SNX1","B24.6_P11",24.6,1.09841212562384,-2.41196683498065
"DC2","DC2","negative","DC2__SNX1","SNX1","DC2___negative___DC2__SNX1","B26.9_P12",26.9,0.640192972012901,-2.41196683498065
"DC2","DC2","negative","DC2__SNX1","SNX1","DC2___negative___DC2__SNX1","B31.3_P15",31.3,-0.087257265877602,-2.41196683498065
"DC2","DC2","negative","DC2__SNX1","SNX1","DC2___negative___DC2__SNX1","B33.3_P17",33.3,0.44626129192828,-2.41196683498065
"DC2","DC2","negative","DC2__SNX1","SNX1","DC2___negative___DC2__SNX1","B34.1_P18",34.1,-1.40341344626931,-2.41196683498065
"DC2","DC2","negative","DC2__SNX1","SNX1","DC2___negative___DC2__SNX1","B36.1_P19",36.1,-0.446261291928279,-2.41196683498065
"DC2","DC2","negative","DC2__SNX1","SNX1","DC2___negative___DC2__SNX1","B37.9_P20",37.9,0.263703993614613,-2.41196683498065
"DC2","DC2","negative","DC2__SNX1","SNX1","DC2___negative___DC2__SNX1","B38.1_P21",38.1,-1.09841212562384,-2.41196683498065
"DC2","DC2","negative","DC2__SNX1","SNX1","DC2___negative___DC2__SNX1","B39.1_P22",39.1,-1.85026964153086,-2.41196683498065
"DC2","DC2","positive","DC2__MBP","MBP","DC2___positive___DC2__MBP","B17.4_P3",17.4,-1.85026964153086,2.51889316360121
"DC2","DC2","positive","DC2__MBP","MBP","DC2___positive___DC2__MBP","B18.0_P4",18,-0.446261291928279,2.51889316360121
"DC2","DC2","positive","DC2__MBP","MBP","DC2___positive___DC2__MBP","B18.6_P5",18.6,-0.640192972012901,2.51889316360121
"DC2","DC2","positive","DC2__MBP","MBP","DC2___positive___DC2__MBP","B20.9_P7",20.9,1.09841212562384,2.51889316360121
"DC2","DC2","positive","DC2__MBP","MBP","DC2___positive___DC2__MBP","B21.7_P8",21.7,-1.40341344626931,2.51889316360121
"DC2","DC2","positive","DC2__MBP","MBP","DC2___positive___DC2__MBP","B22.4_P9",22.4,0.446261291928279,2.51889316360121
"DC2","DC2","positive","DC2__MBP","MBP","DC2___positive___DC2__MBP","B23.4_P10",23.4,-1.09841212562384,2.51889316360121
"DC2","DC2","positive","DC2__MBP","MBP","DC2___positive___DC2__MBP","B24.6_P11",24.6,-0.263703993614613,2.51889316360121
"DC2","DC2","positive","DC2__MBP","MBP","DC2___positive___DC2__MBP","B26.9_P12",26.9,-0.853191150130326,2.51889316360121
"DC2","DC2","positive","DC2__MBP","MBP","DC2___positive___DC2__MBP","B31.3_P15",31.3,-0.087257265877602,2.51889316360121
"DC2","DC2","positive","DC2__MBP","MBP","DC2___positive___DC2__MBP","B33.3_P17",33.3,0.0872572658776021,2.51889316360121
"DC2","DC2","positive","DC2__MBP","MBP","DC2___positive___DC2__MBP","B34.1_P18",34.1,0.853191150130326,2.51889316360121
"DC2","DC2","positive","DC2__MBP","MBP","DC2___positive___DC2__MBP","B36.1_P19",36.1,0.640192972012901,2.51889316360121
"DC2","DC2","positive","DC2__MBP","MBP","DC2___positive___DC2__MBP","B37.9_P20",37.9,1.40341344626931,2.51889316360121
"DC2","DC2","positive","DC2__MBP","MBP","DC2___positive___DC2__MBP","B38.1_P21",38.1,0.263703993614613,2.51889316360121
"DC2","DC2","positive","DC2__MBP","MBP","DC2___positive___DC2__MBP","B39.1_P22",39.1,1.85026964153086,2.51889316360121
"DC2","DC2","positive","DC2__CELF1","CELF1","DC2___positive___DC2__CELF1","B17.4_P3",17.4,-1.60192993216334,2.4890933206654
"DC2","DC2","positive","DC2__CELF1","CELF1","DC2___positive___DC2__CELF1","B18.0_P4",18,-0.267262795291291,2.4890933206654
"DC2","DC2","positive","DC2__CELF1","CELF1","DC2___positive___DC2__CELF1","B18.6_P5",18.6,-1.10197092730051,2.4890933206654
"DC2","DC2","positive","DC2__CELF1","CELF1","DC2___positive___DC2__CELF1","B20.9_P7",20.9,0.260145191937936,2.4890933206654
"DC2","DC2","positive","DC2__CELF1","CELF1","DC2___positive___DC2__CELF1","B21.7_P8",21.7,-0.449820093604957,2.4890933206654
"DC2","DC2","positive","DC2__CELF1","CELF1","DC2___positive___DC2__CELF1","B22.4_P9",22.4,-0.856749951807003,2.4890933206654
"DC2","DC2","positive","DC2__CELF1","CELF1","DC2___positive___DC2__CELF1","B23.4_P10",23.4,0.636634170336223,2.4890933206654
"DC2","DC2","positive","DC2__CELF1","CELF1","DC2___positive___DC2__CELF1","B24.6_P11",24.6,-0.643751773689578,2.4890933206654
"DC2","DC2","positive","DC2__CELF1","CELF1","DC2___positive___DC2__CELF1","B26.9_P12",26.9,-1.60192993216334,2.4890933206654
"DC2","DC2","positive","DC2__CELF1","CELF1","DC2___positive___DC2__CELF1","B31.3_P15",31.3,0.849632348453648,2.4890933206654
"DC2","DC2","positive","DC2__CELF1","CELF1","DC2___positive___DC2__CELF1","B33.3_P17",33.3,0.0836984642009243,2.4890933206654
"DC2","DC2","positive","DC2__CELF1","CELF1","DC2___positive___DC2__CELF1","B34.1_P18",34.1,0.442702490251602,2.4890933206654
"DC2","DC2","positive","DC2__CELF1","CELF1","DC2___positive___DC2__CELF1","B36.1_P19",36.1,-0.0908160675542797,2.4890933206654
"DC2","DC2","positive","DC2__CELF1","CELF1","DC2___positive___DC2__CELF1","B37.9_P20",37.9,1.39985464459263,2.4890933206654
"DC2","DC2","positive","DC2__CELF1","CELF1","DC2___positive___DC2__CELF1","B38.1_P21",38.1,1.84671083985419,2.4890933206654
"DC2","DC2","positive","DC2__CELF1","CELF1","DC2___positive___DC2__CELF1","B39.1_P22",39.1,1.09485332394716,2.4890933206654
"pDC","pDC","negative","pDC__CD37","CD37","pDC___negative___pDC__CD37","B17.4_P3",17.4,1.86151615982424,-2.03548440023056
"pDC","pDC","negative","pDC__CD37","CD37","pDC___negative___pDC__CD37","B18.0_P4",18,0.644124376560502,-2.03548440023056
"pDC","pDC","negative","pDC__CD37","CD37","pDC___negative___pDC__CD37","B18.6_P5",18.6,0.176112114677794,-2.03548440023056
"pDC","pDC","negative","pDC__CD37","CD37","pDC___negative___pDC__CD37","B20.9_P7",20.9,-1.10499087664618,-2.03548440023056
"pDC","pDC","negative","pDC__CD37","CD37","pDC___negative___pDC__CD37","B21.7_P8",21.7,1.41195864490362,-2.03548440023056
"pDC","pDC","negative","pDC__CD37","CD37","pDC___negative___pDC__CD37","B22.4_P9",22.4,-0.644001712412289,-2.03548440023056
"pDC","pDC","negative","pDC__CD37","CD37","pDC___negative___pDC__CD37","B23.4_P10",23.4,1.10511354079439,-2.03548440023056
"pDC","pDC","negative","pDC__CD37","CD37","pDC___negative___pDC__CD37","B24.6_P11",24.6,0.858410163917755,-2.03548440023056
"pDC","pDC","negative","pDC__CD37","CD37","pDC___negative___pDC__CD37","B26.9_P12",26.9,0.449020347372338,-2.03548440023056
"pDC","pDC","negative","pDC__CD37","CD37","pDC___negative___pDC__CD37","B31.3_P15",31.3,-1.86139349567603,-2.03548440023056
"pDC","pDC","negative","pDC__CD37","CD37","pDC___negative___pDC__CD37","B33.3_P17",33.3,0.176112114677794,-2.03548440023056
"pDC","pDC","negative","pDC__CD37","CD37","pDC___negative___pDC__CD37","B34.1_P18",34.1,-0.265236795827282,-2.03548440023056
"pDC","pDC","negative","pDC__CD37","CD37","pDC___negative___pDC__CD37","B36.1_P19",36.1,-0.0877234184175854,-2.03548440023056
"pDC","pDC","negative","pDC__CD37","CD37","pDC___negative___pDC__CD37","B37.9_P20",37.9,-0.858287499769542,-2.03548440023056
"pDC","pDC","negative","pDC__CD37","CD37","pDC___negative___pDC__CD37","B38.1_P21",38.1,-0.448897683224124,-2.03548440023056
"pDC","pDC","negative","pDC__CD37","CD37","pDC___negative___pDC__CD37","B39.1_P22",39.1,-1.41183598075541,-2.03548440023056
"pDC","pDC","negative","pDC__ZFP36","ZFP36","pDC___negative___pDC__ZFP36","B17.4_P3",17.4,1.41059851825275,-2.2713866430336
"pDC","pDC","negative","pDC__ZFP36","ZFP36","pDC___negative___pDC__ZFP36","B18.0_P4",18,-0.08908354506845,-2.2713866430336
"pDC","pDC","negative","pDC__ZFP36","ZFP36","pDC___negative___pDC__ZFP36","B18.6_P5",18.6,0.263999333324631,-2.2713866430336
"pDC","pDC","negative","pDC__ZFP36","ZFP36","pDC___negative___pDC__ZFP36","B20.9_P7",20.9,-0.645361839063153,-2.2713866430336
"pDC","pDC","negative","pDC__ZFP36","ZFP36","pDC___negative___pDC__ZFP36","B21.7_P8",21.7,1.86015603317338,-2.2713866430336
"pDC","pDC","negative","pDC__ZFP36","ZFP36","pDC___negative___pDC__ZFP36","B22.4_P9",22.4,-1.24938319873759,-2.2713866430336
"pDC","pDC","negative","pDC__ZFP36","ZFP36","pDC___negative___pDC__ZFP36","B23.4_P10",23.4,-0.859647626420407,-2.2713866430336
"pDC","pDC","negative","pDC__ZFP36","ZFP36","pDC___negative___pDC__ZFP36","B24.6_P11",24.6,1.10375341414353,-2.2713866430336
"pDC","pDC","negative","pDC__ZFP36","ZFP36","pDC___negative___pDC__ZFP36","B26.9_P12",26.9,0.857050037266891,-2.2713866430336
"pDC","pDC","negative","pDC__ZFP36","ZFP36","pDC___negative___pDC__ZFP36","B31.3_P15",31.3,0.642764249909637,-2.2713866430336
"pDC","pDC","negative","pDC__ZFP36","ZFP36","pDC___negative___pDC__ZFP36","B33.3_P17",33.3,-0.450257809874989,-2.2713866430336
"pDC","pDC","negative","pDC__ZFP36","ZFP36","pDC___negative___pDC__ZFP36","B34.1_P18",34.1,0.447660220721473,-2.2713866430336
"pDC","pDC","negative","pDC__ZFP36","ZFP36","pDC___negative___pDC__ZFP36","B36.1_P19",36.1,-0.266596922478147,-2.2713866430336
"pDC","pDC","negative","pDC__ZFP36","ZFP36","pDC___negative___pDC__ZFP36","B37.9_P20",37.9,-1.24938319873759,-2.2713866430336
"pDC","pDC","negative","pDC__ZFP36","ZFP36","pDC___negative___pDC__ZFP36","B38.1_P21",38.1,-1.86275362232689,-2.2713866430336
"pDC","pDC","negative","pDC__ZFP36","ZFP36","pDC___negative___pDC__ZFP36","B39.1_P22",39.1,0.086485955914934,-2.2713866430336
"pDC","pDC","positive","pDC__HLA.DPA1","HLA.DPA1","pDC___positive___pDC__HLA.DPA1","B17.4_P3",17.4,-1.24589933422227,2.041834590123
"pDC","pDC","positive","pDC__HLA.DPA1","HLA.DPA1","pDC___positive___pDC__HLA.DPA1","B18.0_P4",18,0.646248114424958,2.041834590123
"pDC","pDC","positive","pDC__HLA.DPA1","HLA.DPA1","pDC___positive___pDC__HLA.DPA1","B18.6_P5",18.6,0.00218506993856254,2.041834590123
"pDC","pDC","positive","pDC__HLA.DPA1","HLA.DPA1","pDC___positive___pDC__HLA.DPA1","B20.9_P7",20.9,-0.856163761905086,2.041834590123
"pDC","pDC","positive","pDC__HLA.DPA1","HLA.DPA1","pDC___positive___pDC__HLA.DPA1","B21.7_P8",21.7,-1.85926975781157,2.041834590123
"pDC","pDC","positive","pDC__HLA.DPA1","HLA.DPA1","pDC___positive___pDC__HLA.DPA1","B22.4_P9",22.4,-0.542492036876272,2.041834590123
"pDC","pDC","positive","pDC__HLA.DPA1","HLA.DPA1","pDC___positive___pDC__HLA.DPA1","B23.4_P10",23.4,1.61021861845377,2.041834590123
"pDC","pDC","positive","pDC__HLA.DPA1","HLA.DPA1","pDC___positive___pDC__HLA.DPA1","B24.6_P11",24.6,0.00218506993856254,2.041834590123
"pDC","pDC","positive","pDC__HLA.DPA1","HLA.DPA1","pDC___positive___pDC__HLA.DPA1","B26.9_P12",26.9,-1.24589933422227,2.041834590123
"pDC","pDC","positive","pDC__HLA.DPA1","HLA.DPA1","pDC___positive___pDC__HLA.DPA1","B31.3_P15",31.3,-0.542492036876272,2.041834590123
"pDC","pDC","positive","pDC__HLA.DPA1","HLA.DPA1","pDC___positive___pDC__HLA.DPA1","B33.3_P17",33.3,1.10723727865885,2.041834590123
"pDC","pDC","positive","pDC__HLA.DPA1","HLA.DPA1","pDC___positive___pDC__HLA.DPA1","B34.1_P18",34.1,0.358251324112944,2.041834590123
"pDC","pDC","positive","pDC__HLA.DPA1","HLA.DPA1","pDC___positive___pDC__HLA.DPA1","B36.1_P19",36.1,0.860533901782211,2.041834590123
"pDC","pDC","positive","pDC__HLA.DPA1","HLA.DPA1","pDC___positive___pDC__HLA.DPA1","B37.9_P20",37.9,0.358251324112944,2.041834590123
"pDC","pDC","positive","pDC__HLA.DPA1","HLA.DPA1","pDC___positive___pDC__HLA.DPA1","B38.1_P21",38.1,1.61021861845377,2.041834590123
"pDC","pDC","positive","pDC__HLA.DPA1","HLA.DPA1","pDC___positive___pDC__HLA.DPA1","B39.1_P22",39.1,-0.263113057962826,2.041834590123
"pDC","pDC","positive","pDC__HLA.DRB1","HLA.DRB1","pDC___positive___pDC__HLA.DRB1","B17.4_P3",17.4,-1.86449525830023,1.84414861943002
"pDC","pDC","positive","pDC__HLA.DRB1","HLA.DRB1","pDC___positive___pDC__HLA.DRB1","B18.0_P4",18,0.973403327109164,1.84414861943002
"pDC","pDC","positive","pDC__HLA.DRB1","HLA.DRB1","pDC___positive___pDC__HLA.DRB1","B18.6_P5",18.6,-1.10809263927038,1.84414861943002
"pDC","pDC","positive","pDC__HLA.DRB1","HLA.DRB1","pDC___positive___pDC__HLA.DRB1","B20.9_P7",20.9,-0.647103475036486,1.84414861943002
"pDC","pDC","positive","pDC__HLA.DRB1","HLA.DRB1","pDC___positive___pDC__HLA.DRB1","B21.7_P8",21.7,0.44591858474814,1.84414861943002
"pDC","pDC","positive","pDC__HLA.DRB1","HLA.DRB1","pDC___positive___pDC__HLA.DRB1","B22.4_P9",22.4,-0.26833855845148,1.84414861943002
"pDC","pDC","positive","pDC__HLA.DRB1","HLA.DRB1","pDC___positive___pDC__HLA.DRB1","B23.4_P10",23.4,0.973403327109164,1.84414861943002
"pDC","pDC","positive","pDC__HLA.DRB1","HLA.DRB1","pDC___positive___pDC__HLA.DRB1","B24.6_P11",24.6,-1.10809263927038,1.84414861943002
"pDC","pDC","positive","pDC__HLA.DRB1","HLA.DRB1","pDC___positive___pDC__HLA.DRB1","B26.9_P12",26.9,0.641022613936304,1.84414861943002
"pDC","pDC","positive","pDC__HLA.DRB1","HLA.DRB1","pDC___positive___pDC__HLA.DRB1","B31.3_P15",31.3,-1.10809263927038,1.84414861943002
"pDC","pDC","positive","pDC__HLA.DRB1","HLA.DRB1","pDC___positive___pDC__HLA.DRB1","B33.3_P17",33.3,-0.451999445848322,1.84414861943002
"pDC","pDC","positive","pDC__HLA.DRB1","HLA.DRB1","pDC___positive___pDC__HLA.DRB1","B34.1_P18",34.1,0.173010352053597,1.84414861943002
"pDC","pDC","positive","pDC__HLA.DRB1","HLA.DRB1","pDC___positive___pDC__HLA.DRB1","B36.1_P19",36.1,0.173010352053597,1.84414861943002
"pDC","pDC","positive","pDC__HLA.DRB1","HLA.DRB1","pDC___positive___pDC__HLA.DRB1","B37.9_P20",37.9,-0.090825181041783,1.84414861943002
"pDC","pDC","positive","pDC__HLA.DRB1","HLA.DRB1","pDC___positive___pDC__HLA.DRB1","B38.1_P21",38.1,1.85841439720004,1.84414861943002
"pDC","pDC","positive","pDC__HLA.DRB1","HLA.DRB1","pDC___positive___pDC__HLA.DRB1","B39.1_P22",39.1,1.40885688227942,1.84414861943002
"Cell_stimulate_BulkRNA","Stimulation bulk RNA-seq","negative","YBX3","YBX3","Cell_stimulate_BulkRNA___negative___YBX3","B17.4_P3",17.4,1.84869185633825,-2.95539927795493
"Cell_stimulate_BulkRNA","Stimulation bulk RNA-seq","negative","YBX3","YBX3","Cell_stimulate_BulkRNA___negative___YBX3","B18.0_P4",18,0.263479124629564,-2.95539927795493
"Cell_stimulate_BulkRNA","Stimulation bulk RNA-seq","negative","YBX3","YBX3","Cell_stimulate_BulkRNA___negative___YBX3","B18.6_P5",18.6,-0.263479124629564,-2.95539927795493
"Cell_stimulate_BulkRNA","Stimulation bulk RNA-seq","negative","YBX3","YBX3","Cell_stimulate_BulkRNA___negative___YBX3","B20.9_P7",20.9,0.445880750388476,-2.95539927795493
"Cell_stimulate_BulkRNA","Stimulation bulk RNA-seq","negative","YBX3","YBX3","Cell_stimulate_BulkRNA___negative___YBX3","B21.7_P8",21.7,1.40221670990995,-2.95539927795493
"Cell_stimulate_BulkRNA","Stimulation bulk RNA-seq","negative","YBX3","YBX3","Cell_stimulate_BulkRNA___negative___YBX3","B22.4_P9",22.4,0.0871828587647362,-2.95539927795493
"Cell_stimulate_BulkRNA","Stimulation bulk RNA-seq","negative","YBX3","YBX3","Cell_stimulate_BulkRNA___negative___YBX3","B23.4_P10",23.4,-0.0871828587647363,-2.95539927795493
"Cell_stimulate_BulkRNA","Stimulation bulk RNA-seq","negative","YBX3","YBX3","Cell_stimulate_BulkRNA___negative___YBX3","B24.6_P11",24.6,0.639647058612505,-2.95539927795493
"Cell_stimulate_BulkRNA","Stimulation bulk RNA-seq","negative","YBX3","YBX3","Cell_stimulate_BulkRNA___negative___YBX3","B26.9_P12",26.9,1.09747547382547,-2.95539927795493
"Cell_stimulate_BulkRNA","Stimulation bulk RNA-seq","negative","YBX3","YBX3","Cell_stimulate_BulkRNA___negative___YBX3","B31.3_P15",31.3,0.852463606245409,-2.95539927795493
"Cell_stimulate_BulkRNA","Stimulation bulk RNA-seq","negative","YBX3","YBX3","Cell_stimulate_BulkRNA___negative___YBX3","B33.3_P17",33.3,-1.09747547382547,-2.95539927795493
"Cell_stimulate_BulkRNA","Stimulation bulk RNA-seq","negative","YBX3","YBX3","Cell_stimulate_BulkRNA___negative___YBX3","B34.1_P18",34.1,-0.852463606245409,-2.95539927795493
"Cell_stimulate_BulkRNA","Stimulation bulk RNA-seq","negative","YBX3","YBX3","Cell_stimulate_BulkRNA___negative___YBX3","B36.1_P19",36.1,-0.445880750388476,-2.95539927795493
"Cell_stimulate_BulkRNA","Stimulation bulk RNA-seq","negative","YBX3","YBX3","Cell_stimulate_BulkRNA___negative___YBX3","B37.9_P20",37.9,-0.639647058612505,-2.95539927795493
"Cell_stimulate_BulkRNA","Stimulation bulk RNA-seq","negative","YBX3","YBX3","Cell_stimulate_BulkRNA___negative___YBX3","B38.1_P21",38.1,-1.40221670990995,-2.95539927795493
"Cell_stimulate_BulkRNA","Stimulation bulk RNA-seq","negative","YBX3","YBX3","Cell_stimulate_BulkRNA___negative___YBX3","B39.1_P22",39.1,-1.84869185633825,-2.95539927795493
"Cell_stimulate_BulkRNA","Stimulation bulk RNA-seq","negative","GLRX5","GLRX5","Cell_stimulate_BulkRNA___negative___GLRX5","B17.4_P3",17.4,1.84869185633825,-2.95870920233495
"Cell_stimulate_BulkRNA","Stimulation bulk RNA-seq","negative","GLRX5","GLRX5","Cell_stimulate_BulkRNA___negative___GLRX5","B18.0_P4",18,0.852463606245409,-2.95870920233495
"Cell_stimulate_BulkRNA","Stimulation bulk RNA-seq","negative","GLRX5","GLRX5","Cell_stimulate_BulkRNA___negative___GLRX5","B18.6_P5",18.6,0.0871828587647362,-2.95870920233495
"Cell_stimulate_BulkRNA","Stimulation bulk RNA-seq","negative","GLRX5","GLRX5","Cell_stimulate_BulkRNA___negative___GLRX5","B20.9_P7",20.9,-0.0871828587647363,-2.95870920233495
"Cell_stimulate_BulkRNA","Stimulation bulk RNA-seq","negative","GLRX5","GLRX5","Cell_stimulate_BulkRNA___negative___GLRX5","B21.7_P8",21.7,1.40221670990995,-2.95870920233495
"Cell_stimulate_BulkRNA","Stimulation bulk RNA-seq","negative","GLRX5","GLRX5","Cell_stimulate_BulkRNA___negative___GLRX5","B22.4_P9",22.4,-0.445880750388476,-2.95870920233495
"Cell_stimulate_BulkRNA","Stimulation bulk RNA-seq","negative","GLRX5","GLRX5","Cell_stimulate_BulkRNA___negative___GLRX5","B23.4_P10",23.4,-0.639647058612505,-2.95870920233495
"Cell_stimulate_BulkRNA","Stimulation bulk RNA-seq","negative","GLRX5","GLRX5","Cell_stimulate_BulkRNA___negative___GLRX5","B24.6_P11",24.6,0.263479124629564,-2.95870920233495
"Cell_stimulate_BulkRNA","Stimulation bulk RNA-seq","negative","GLRX5","GLRX5","Cell_stimulate_BulkRNA___negative___GLRX5","B26.9_P12",26.9,1.09747547382547,-2.95870920233495
"Cell_stimulate_BulkRNA","Stimulation bulk RNA-seq","negative","GLRX5","GLRX5","Cell_stimulate_BulkRNA___negative___GLRX5","B31.3_P15",31.3,0.445880750388476,-2.95870920233495
"Cell_stimulate_BulkRNA","Stimulation bulk RNA-seq","negative","GLRX5","GLRX5","Cell_stimulate_BulkRNA___negative___GLRX5","B33.3_P17",33.3,-0.263479124629564,-2.95870920233495
"Cell_stimulate_BulkRNA","Stimulation bulk RNA-seq","negative","GLRX5","GLRX5","Cell_stimulate_BulkRNA___negative___GLRX5","B34.1_P18",34.1,-1.40221670990995,-2.95870920233495
"Cell_stimulate_BulkRNA","Stimulation bulk RNA-seq","negative","GLRX5","GLRX5","Cell_stimulate_BulkRNA___negative___GLRX5","B36.1_P19",36.1,-0.852463606245409,-2.95870920233495
"Cell_stimulate_BulkRNA","Stimulation bulk RNA-seq","negative","GLRX5","GLRX5","Cell_stimulate_BulkRNA___negative___GLRX5","B37.9_P20",37.9,0.639647058612505,-2.95870920233495
"Cell_stimulate_BulkRNA","Stimulation bulk RNA-seq","negative","GLRX5","GLRX5","Cell_stimulate_BulkRNA___negative___GLRX5","B38.1_P21",38.1,-1.09747547382547,-2.95870920233495
"Cell_stimulate_BulkRNA","Stimulation bulk RNA-seq","negative","GLRX5","GLRX5","Cell_stimulate_BulkRNA___negative___GLRX5","B39.1_P22",39.1,-1.84869185633825,-2.95870920233495
"Cell_stimulate_BulkRNA","Stimulation bulk RNA-seq","positive","CCR7","CCR7","Cell_stimulate_BulkRNA___positive___CCR7","B17.4_P3",17.4,-1.84869185633825,3.05480759930718
"Cell_stimulate_BulkRNA","Stimulation bulk RNA-seq","positive","CCR7","CCR7","Cell_stimulate_BulkRNA___positive___CCR7","B18.0_P4",18,-0.263479124629564,3.05480759930718
"Cell_stimulate_BulkRNA","Stimulation bulk RNA-seq","positive","CCR7","CCR7","Cell_stimulate_BulkRNA___positive___CCR7","B18.6_P5",18.6,-1.09747547382547,3.05480759930718
"Cell_stimulate_BulkRNA","Stimulation bulk RNA-seq","positive","CCR7","CCR7","Cell_stimulate_BulkRNA___positive___CCR7","B20.9_P7",20.9,-0.0871828587647362,3.05480759930718
"Cell_stimulate_BulkRNA","Stimulation bulk RNA-seq","positive","CCR7","CCR7","Cell_stimulate_BulkRNA___positive___CCR7","B21.7_P8",21.7,-1.40221670990995,3.05480759930718
"Cell_stimulate_BulkRNA","Stimulation bulk RNA-seq","positive","CCR7","CCR7","Cell_stimulate_BulkRNA___positive___CCR7","B22.4_P9",22.4,0.445880750388476,3.05480759930718
"Cell_stimulate_BulkRNA","Stimulation bulk RNA-seq","positive","CCR7","CCR7","Cell_stimulate_BulkRNA___positive___CCR7","B23.4_P10",23.4,0.0871828587647363,3.05480759930718
"Cell_stimulate_BulkRNA","Stimulation bulk RNA-seq","positive","CCR7","CCR7","Cell_stimulate_BulkRNA___positive___CCR7","B24.6_P11",24.6,-0.852463606245409,3.05480759930718
"Cell_stimulate_BulkRNA","Stimulation bulk RNA-seq","positive","CCR7","CCR7","Cell_stimulate_BulkRNA___positive___CCR7","B26.9_P12",26.9,-0.639647058612505,3.05480759930718
"Cell_stimulate_BulkRNA","Stimulation bulk RNA-seq","positive","CCR7","CCR7","Cell_stimulate_BulkRNA___positive___CCR7","B31.3_P15",31.3,-0.445880750388476,3.05480759930718
"Cell_stimulate_BulkRNA","Stimulation bulk RNA-seq","positive","CCR7","CCR7","Cell_stimulate_BulkRNA___positive___CCR7","B33.3_P17",33.3,0.852463606245409,3.05480759930718
"Cell_stimulate_BulkRNA","Stimulation bulk RNA-seq","positive","CCR7","CCR7","Cell_stimulate_BulkRNA___positive___CCR7","B34.1_P18",34.1,1.09747547382547,3.05480759930718
"Cell_stimulate_BulkRNA","Stimulation bulk RNA-seq","positive","CCR7","CCR7","Cell_stimulate_BulkRNA___positive___CCR7","B36.1_P19",36.1,0.263479124629564,3.05480759930718
"Cell_stimulate_BulkRNA","Stimulation bulk RNA-seq","positive","CCR7","CCR7","Cell_stimulate_BulkRNA___positive___CCR7","B37.9_P20",37.9,0.639647058612505,3.05480759930718
"Cell_stimulate_BulkRNA","Stimulation bulk RNA-seq","positive","CCR7","CCR7","Cell_stimulate_BulkRNA___positive___CCR7","B38.1_P21",38.1,1.40221670990995,3.05480759930718
"Cell_stimulate_BulkRNA","Stimulation bulk RNA-seq","positive","CCR7","CCR7","Cell_stimulate_BulkRNA___positive___CCR7","B39.1_P22",39.1,1.84869185633825,3.05480759930718
"Cell_stimulate_BulkRNA","Stimulation bulk RNA-seq","positive","NONO","NONO","Cell_stimulate_BulkRNA___positive___NONO","B17.4_P3",17.4,-1.84869185633825,3.05203713256625
"Cell_stimulate_BulkRNA","Stimulation bulk RNA-seq","positive","NONO","NONO","Cell_stimulate_BulkRNA___positive___NONO","B18.0_P4",18,-0.639647058612505,3.05203713256625
"Cell_stimulate_BulkRNA","Stimulation bulk RNA-seq","positive","NONO","NONO","Cell_stimulate_BulkRNA___positive___NONO","B18.6_P5",18.6,-0.445880750388476,3.05203713256625
"Cell_stimulate_BulkRNA","Stimulation bulk RNA-seq","positive","NONO","NONO","Cell_stimulate_BulkRNA___positive___NONO","B20.9_P7",20.9,1.09747547382547,3.05203713256625
"Cell_stimulate_BulkRNA","Stimulation bulk RNA-seq","positive","NONO","NONO","Cell_stimulate_BulkRNA___positive___NONO","B21.7_P8",21.7,-1.40221670990995,3.05203713256625
"Cell_stimulate_BulkRNA","Stimulation bulk RNA-seq","positive","NONO","NONO","Cell_stimulate_BulkRNA___positive___NONO","B22.4_P9",22.4,0.445880750388476,3.05203713256625
"Cell_stimulate_BulkRNA","Stimulation bulk RNA-seq","positive","NONO","NONO","Cell_stimulate_BulkRNA___positive___NONO","B23.4_P10",23.4,0.639647058612505,3.05203713256625
"Cell_stimulate_BulkRNA","Stimulation bulk RNA-seq","positive","NONO","NONO","Cell_stimulate_BulkRNA___positive___NONO","B24.6_P11",24.6,-0.852463606245409,3.05203713256625
"Cell_stimulate_BulkRNA","Stimulation bulk RNA-seq","positive","NONO","NONO","Cell_stimulate_BulkRNA___positive___NONO","B26.9_P12",26.9,-1.09747547382547,3.05203713256625
"Cell_stimulate_BulkRNA","Stimulation bulk RNA-seq","positive","NONO","NONO","Cell_stimulate_BulkRNA___positive___NONO","B31.3_P15",31.3,-0.263479124629564,3.05203713256625
"Cell_stimulate_BulkRNA","Stimulation bulk RNA-seq","positive","NONO","NONO","Cell_stimulate_BulkRNA___positive___NONO","B33.3_P17",33.3,0.0871828587647363,3.05203713256625
"Cell_stimulate_BulkRNA","Stimulation bulk RNA-seq","positive","NONO","NONO","Cell_stimulate_BulkRNA___positive___NONO","B34.1_P18",34.1,1.40221670990995,3.05203713256625
"Cell_stimulate_BulkRNA","Stimulation bulk RNA-seq","positive","NONO","NONO","Cell_stimulate_BulkRNA___positive___NONO","B36.1_P19",36.1,0.263479124629564,3.05203713256625
"Cell_stimulate_BulkRNA","Stimulation bulk RNA-seq","positive","NONO","NONO","Cell_stimulate_BulkRNA___positive___NONO","B37.9_P20",37.9,-0.0871828587647362,3.05203713256625
"Cell_stimulate_BulkRNA","Stimulation bulk RNA-seq","positive","NONO","NONO","Cell_stimulate_BulkRNA___positive___NONO","B38.1_P21",38.1,0.852463606245409,3.05203713256625
"Cell_stimulate_BulkRNA","Stimulation bulk RNA-seq","positive","NONO","NONO","Cell_stimulate_BulkRNA___positive___NONO","B39.1_P22",39.1,1.84869185633825,3.05203713256625
"Cell_stimulate_Olink","Stimulation proteomics","negative","4E.BP1_Cell_stimulate_Olink","4E.BP1","Cell_stimulate_Olink___negative___4E.BP1_Cell_stimulate_Olink","B17.4_P3",17.4,-0.446378336991927,-1.78062261444364
"Cell_stimulate_Olink","Stimulation proteomics","negative","4E.BP1_Cell_stimulate_Olink","4E.BP1","Cell_stimulate_Olink___negative___4E.BP1_Cell_stimulate_Olink","B18.0_P4",18,-0.64036088132637,-1.78062261444364
"Cell_stimulate_Olink","Stimulation proteomics","negative","4E.BP1_Cell_stimulate_Olink","4E.BP1","Cell_stimulate_Olink___negative___4E.BP1_Cell_stimulate_Olink","B18.6_P5",18.6,0.853414924439854,-1.78062261444364
"Cell_stimulate_Olink","Stimulation proteomics","negative","4E.BP1_Cell_stimulate_Olink","4E.BP1","Cell_stimulate_Olink___negative___4E.BP1_Cell_stimulate_Olink","B20.9_P7",20.9,-1.4037815324536,-1.78062261444364
"Cell_stimulate_Olink","Stimulation proteomics","negative","4E.BP1_Cell_stimulate_Olink","4E.BP1","Cell_stimulate_Olink___negative___4E.BP1_Cell_stimulate_Olink","B21.7_P8",21.7,1.4037815324536,-1.78062261444364
"Cell_stimulate_Olink","Stimulation proteomics","negative","4E.BP1_Cell_stimulate_Olink","4E.BP1","Cell_stimulate_Olink___negative___4E.BP1_Cell_stimulate_Olink","B22.4_P9",22.4,-0.853414924439854,-1.78062261444364
"Cell_stimulate_Olink","Stimulation proteomics","negative","4E.BP1_Cell_stimulate_Olink","4E.BP1","Cell_stimulate_Olink___negative___4E.BP1_Cell_stimulate_Olink","B23.4_P10",23.4,0.0872801516452522,-1.78062261444364
"Cell_stimulate_Olink","Stimulation proteomics","negative","4E.BP1_Cell_stimulate_Olink","4E.BP1","Cell_stimulate_Olink___negative___4E.BP1_Cell_stimulate_Olink","B24.6_P11",24.6,1.09870021629959,-1.78062261444364
"Cell_stimulate_Olink","Stimulation proteomics","negative","4E.BP1_Cell_stimulate_Olink","4E.BP1","Cell_stimulate_Olink___negative___4E.BP1_Cell_stimulate_Olink","B26.9_P12",26.9,1.85075492880958,-1.78062261444364
"Cell_stimulate_Olink","Stimulation proteomics","negative","4E.BP1_Cell_stimulate_Olink","4E.BP1","Cell_stimulate_Olink___negative___4E.BP1_Cell_stimulate_Olink","B31.3_P15",31.3,0.64036088132637,-1.78062261444364
"Cell_stimulate_Olink","Stimulation proteomics","negative","4E.BP1_Cell_stimulate_Olink","4E.BP1","Cell_stimulate_Olink___negative___4E.BP1_Cell_stimulate_Olink","B33.3_P17",33.3,-1.85075492880958,-1.78062261444364
"Cell_stimulate_Olink","Stimulation proteomics","negative","4E.BP1_Cell_stimulate_Olink","4E.BP1","Cell_stimulate_Olink___negative___4E.BP1_Cell_stimulate_Olink","B34.1_P18",34.1,-0.0872801516452522,-1.78062261444364
"Cell_stimulate_Olink","Stimulation proteomics","negative","4E.BP1_Cell_stimulate_Olink","4E.BP1","Cell_stimulate_Olink___negative___4E.BP1_Cell_stimulate_Olink","B36.1_P19",36.1,0.446378336991927,-1.78062261444364
"Cell_stimulate_Olink","Stimulation proteomics","negative","4E.BP1_Cell_stimulate_Olink","4E.BP1","Cell_stimulate_Olink___negative___4E.BP1_Cell_stimulate_Olink","B37.9_P20",37.9,0.263773157692419,-1.78062261444364
"Cell_stimulate_Olink","Stimulation proteomics","negative","4E.BP1_Cell_stimulate_Olink","4E.BP1","Cell_stimulate_Olink___negative___4E.BP1_Cell_stimulate_Olink","B38.1_P21",38.1,-0.263773157692419,-1.78062261444364
"Cell_stimulate_Olink","Stimulation proteomics","negative","4E.BP1_Cell_stimulate_Olink","4E.BP1","Cell_stimulate_Olink___negative___4E.BP1_Cell_stimulate_Olink","B39.1_P22",39.1,-1.09870021629959,-1.78062261444364
"Cell_stimulate_Olink","Stimulation proteomics","negative","IL8_Cell_stimulate_Olink","IL8","Cell_stimulate_Olink___negative___IL8_Cell_stimulate_Olink","B17.4_P3",17.4,1.40022179737719,-2.06266697329698
"Cell_stimulate_Olink","Stimulation proteomics","negative","IL8_Cell_stimulate_Olink","IL8","Cell_stimulate_Olink___negative___IL8_Cell_stimulate_Olink","B18.0_P4",18,0.083720416568846,-2.06266697329698
"Cell_stimulate_Olink","Stimulation proteomics","negative","IL8_Cell_stimulate_Olink","IL8","Cell_stimulate_Olink___negative___IL8_Cell_stimulate_Olink","B18.6_P5",18.6,0.260213422616013,-2.06266697329698
"Cell_stimulate_Olink","Stimulation proteomics","negative","IL8_Cell_stimulate_Olink","IL8","Cell_stimulate_Olink___negative___IL8_Cell_stimulate_Olink","B20.9_P7",20.9,1.09514048122318,-2.06266697329698
"Cell_stimulate_Olink","Stimulation proteomics","negative","IL8_Cell_stimulate_Olink","IL8","Cell_stimulate_Olink___negative___IL8_Cell_stimulate_Olink","B21.7_P8",21.7,-0.643920616402777,-2.06266697329698
"Cell_stimulate_Olink","Stimulation proteomics","negative","IL8_Cell_stimulate_Olink","IL8","Cell_stimulate_Olink___negative___IL8_Cell_stimulate_Olink","B22.4_P9",22.4,0.442818601915521,-2.06266697329698
"Cell_stimulate_Olink","Stimulation proteomics","negative","IL8_Cell_stimulate_Olink","IL8","Cell_stimulate_Olink___negative___IL8_Cell_stimulate_Olink","B23.4_P10",23.4,0.636801146249964,-2.06266697329698
"Cell_stimulate_Olink","Stimulation proteomics","negative","IL8_Cell_stimulate_Olink","IL8","Cell_stimulate_Olink___negative___IL8_Cell_stimulate_Olink","B24.6_P11",24.6,0.849855189363448,-2.06266697329698
"Cell_stimulate_Olink","Stimulation proteomics","negative","IL8_Cell_stimulate_Olink","IL8","Cell_stimulate_Olink___negative___IL8_Cell_stimulate_Olink","B26.9_P12",26.9,1.84719519373318,-2.06266697329698
"Cell_stimulate_Olink","Stimulation proteomics","negative","IL8_Cell_stimulate_Olink","IL8","Cell_stimulate_Olink___negative___IL8_Cell_stimulate_Olink","B31.3_P15",31.3,-0.0908398867216584,-2.06266697329698
"Cell_stimulate_Olink","Stimulation proteomics","negative","IL8_Cell_stimulate_Olink","IL8","Cell_stimulate_Olink___negative___IL8_Cell_stimulate_Olink","B33.3_P17",33.3,-0.267332892768825,-2.06266697329698
"Cell_stimulate_Olink","Stimulation proteomics","negative","IL8_Cell_stimulate_Olink","IL8","Cell_stimulate_Olink___negative___IL8_Cell_stimulate_Olink","B34.1_P18",34.1,-1.60235008509675,-2.06266697329698
"Cell_stimulate_Olink","Stimulation proteomics","negative","IL8_Cell_stimulate_Olink","IL8","Cell_stimulate_Olink___negative___IL8_Cell_stimulate_Olink","B36.1_P19",36.1,-0.449938072068333,-2.06266697329698
"Cell_stimulate_Olink","Stimulation proteomics","negative","IL8_Cell_stimulate_Olink","IL8","Cell_stimulate_Olink___negative___IL8_Cell_stimulate_Olink","B37.9_P20",37.9,-1.102259951376,-2.06266697329698
"Cell_stimulate_Olink","Stimulation proteomics","negative","IL8_Cell_stimulate_Olink","IL8","Cell_stimulate_Olink___negative___IL8_Cell_stimulate_Olink","B38.1_P21",38.1,-1.60235008509675,-2.06266697329698
"Cell_stimulate_Olink","Stimulation proteomics","negative","IL8_Cell_stimulate_Olink","IL8","Cell_stimulate_Olink___negative___IL8_Cell_stimulate_Olink","B39.1_P22",39.1,-0.85697465951626,-2.06266697329698
"Cell_stimulate_Olink","Stimulation proteomics","positive","CD5_Cell_stimulate_Olink","CD5","Cell_stimulate_Olink___positive___CD5_Cell_stimulate_Olink","B17.4_P3",17.4,-1.85075492880958,2.77002425760441
"Cell_stimulate_Olink","Stimulation proteomics","positive","CD5_Cell_stimulate_Olink","CD5","Cell_stimulate_Olink___positive___CD5_Cell_stimulate_Olink","B18.0_P4",18,-0.446378336991927,2.77002425760441
"Cell_stimulate_Olink","Stimulation proteomics","positive","CD5_Cell_stimulate_Olink","CD5","Cell_stimulate_Olink___positive___CD5_Cell_stimulate_Olink","B18.6_P5",18.6,0.263773157692419,2.77002425760441
"Cell_stimulate_Olink","Stimulation proteomics","positive","CD5_Cell_stimulate_Olink","CD5","Cell_stimulate_Olink___positive___CD5_Cell_stimulate_Olink","B20.9_P7",20.9,-0.263773157692419,2.77002425760441
"Cell_stimulate_Olink","Stimulation proteomics","positive","CD5_Cell_stimulate_Olink","CD5","Cell_stimulate_Olink___positive___CD5_Cell_stimulate_Olink","B21.7_P8",21.7,-1.4037815324536,2.77002425760441
"Cell_stimulate_Olink","Stimulation proteomics","positive","CD5_Cell_stimulate_Olink","CD5","Cell_stimulate_Olink___positive___CD5_Cell_stimulate_Olink","B22.4_P9",22.4,-0.0872801516452522,2.77002425760441
"Cell_stimulate_Olink","Stimulation proteomics","positive","CD5_Cell_stimulate_Olink","CD5","Cell_stimulate_Olink___positive___CD5_Cell_stimulate_Olink","B23.4_P10",23.4,0.853414924439854,2.77002425760441
"Cell_stimulate_Olink","Stimulation proteomics","positive","CD5_Cell_stimulate_Olink","CD5","Cell_stimulate_Olink___positive___CD5_Cell_stimulate_Olink","B24.6_P11",24.6,-1.09870021629959,2.77002425760441
"Cell_stimulate_Olink","Stimulation proteomics","positive","CD5_Cell_stimulate_Olink","CD5","Cell_stimulate_Olink___positive___CD5_Cell_stimulate_Olink","B26.9_P12",26.9,-0.853414924439854,2.77002425760441
"Cell_stimulate_Olink","Stimulation proteomics","positive","CD5_Cell_stimulate_Olink","CD5","Cell_stimulate_Olink___positive___CD5_Cell_stimulate_Olink","B31.3_P15",31.3,-0.64036088132637,2.77002425760441
"Cell_stimulate_Olink","Stimulation proteomics","positive","CD5_Cell_stimulate_Olink","CD5","Cell_stimulate_Olink___positive___CD5_Cell_stimulate_Olink","B33.3_P17",33.3,0.64036088132637,2.77002425760441
"Cell_stimulate_Olink","Stimulation proteomics","positive","CD5_Cell_stimulate_Olink","CD5","Cell_stimulate_Olink___positive___CD5_Cell_stimulate_Olink","B34.1_P18",34.1,1.09870021629959,2.77002425760441
"Cell_stimulate_Olink","Stimulation proteomics","positive","CD5_Cell_stimulate_Olink","CD5","Cell_stimulate_Olink___positive___CD5_Cell_stimulate_Olink","B36.1_P19",36.1,1.4037815324536,2.77002425760441
"Cell_stimulate_Olink","Stimulation proteomics","positive","CD5_Cell_stimulate_Olink","CD5","Cell_stimulate_Olink___positive___CD5_Cell_stimulate_Olink","B37.9_P20",37.9,0.0872801516452522,2.77002425760441
"Cell_stimulate_Olink","Stimulation proteomics","positive","CD5_Cell_stimulate_Olink","CD5","Cell_stimulate_Olink___positive___CD5_Cell_stimulate_Olink","B38.1_P21",38.1,0.446378336991927,2.77002425760441
"Cell_stimulate_Olink","Stimulation proteomics","positive","CD5_Cell_stimulate_Olink","CD5","Cell_stimulate_Olink___positive___CD5_Cell_stimulate_Olink","B39.1_P22",39.1,1.85075492880958,2.77002425760441
"Cell_stimulate_Olink","Stimulation proteomics","positive","CD6_Cell_stimulate_Olink","CD6","Cell_stimulate_Olink___positive___CD6_Cell_stimulate_Olink","B17.4_P3",17.4,-1.85075492880958,2.63647718708756
"Cell_stimulate_Olink","Stimulation proteomics","positive","CD6_Cell_stimulate_Olink","CD6","Cell_stimulate_Olink___positive___CD6_Cell_stimulate_Olink","B18.0_P4",18,-0.263773157692419,2.63647718708756
"Cell_stimulate_Olink","Stimulation proteomics","positive","CD6_Cell_stimulate_Olink","CD6","Cell_stimulate_Olink___positive___CD6_Cell_stimulate_Olink","B18.6_P5",18.6,0.263773157692419,2.63647718708756
"Cell_stimulate_Olink","Stimulation proteomics","positive","CD6_Cell_stimulate_Olink","CD6","Cell_stimulate_Olink___positive___CD6_Cell_stimulate_Olink","B20.9_P7",20.9,-0.446378336991927,2.63647718708756
"Cell_stimulate_Olink","Stimulation proteomics","positive","CD6_Cell_stimulate_Olink","CD6","Cell_stimulate_Olink___positive___CD6_Cell_stimulate_Olink","B21.7_P8",21.7,-1.4037815324536,2.63647718708756
"Cell_stimulate_Olink","Stimulation proteomics","positive","CD6_Cell_stimulate_Olink","CD6","Cell_stimulate_Olink___positive___CD6_Cell_stimulate_Olink","B22.4_P9",22.4,-0.0872801516452522,2.63647718708756
"Cell_stimulate_Olink","Stimulation proteomics","positive","CD6_Cell_stimulate_Olink","CD6","Cell_stimulate_Olink___positive___CD6_Cell_stimulate_Olink","B23.4_P10",23.4,0.446378336991927,2.63647718708756
"Cell_stimulate_Olink","Stimulation proteomics","positive","CD6_Cell_stimulate_Olink","CD6","Cell_stimulate_Olink___positive___CD6_Cell_stimulate_Olink","B24.6_P11",24.6,-1.09870021629959,2.63647718708756
"Cell_stimulate_Olink","Stimulation proteomics","positive","CD6_Cell_stimulate_Olink","CD6","Cell_stimulate_Olink___positive___CD6_Cell_stimulate_Olink","B26.9_P12",26.9,-0.853414924439854,2.63647718708756
"Cell_stimulate_Olink","Stimulation proteomics","positive","CD6_Cell_stimulate_Olink","CD6","Cell_stimulate_Olink___positive___CD6_Cell_stimulate_Olink","B31.3_P15",31.3,-0.64036088132637,2.63647718708756
"Cell_stimulate_Olink","Stimulation proteomics","positive","CD6_Cell_stimulate_Olink","CD6","Cell_stimulate_Olink___positive___CD6_Cell_stimulate_Olink","B33.3_P17",33.3,0.853414924439854,2.63647718708756
"Cell_stimulate_Olink","Stimulation proteomics","positive","CD6_Cell_stimulate_Olink","CD6","Cell_stimulate_Olink___positive___CD6_Cell_stimulate_Olink","B34.1_P18",34.1,1.09870021629959,2.63647718708756
"Cell_stimulate_Olink","Stimulation proteomics","positive","CD6_Cell_stimulate_Olink","CD6","Cell_stimulate_Olink___positive___CD6_Cell_stimulate_Olink","B36.1_P19",36.1,1.4037815324536,2.63647718708756
"Cell_stimulate_Olink","Stimulation proteomics","positive","CD6_Cell_stimulate_Olink","CD6","Cell_stimulate_Olink___positive___CD6_Cell_stimulate_Olink","B37.9_P20",37.9,0.64036088132637,2.63647718708756
"Cell_stimulate_Olink","Stimulation proteomics","positive","CD6_Cell_stimulate_Olink","CD6","Cell_stimulate_Olink___positive___CD6_Cell_stimulate_Olink","B38.1_P21",38.1,0.0872801516452522,2.63647718708756
"Cell_stimulate_Olink","Stimulation proteomics","positive","CD6_Cell_stimulate_Olink","CD6","Cell_stimulate_Olink___positive___CD6_Cell_stimulate_Olink","B39.1_P22",39.1,1.85075492880958,2.63647718708756
"Plama_Olink","Plasma proteomics","negative","FGF.19_Plama_Olink","FGF.19","Plama_Olink___negative___FGF.19_Plama_Olink","B17.4_P3",17.4,1.60198830018895,-2.40207343713348
"Plama_Olink","Plasma proteomics","negative","FGF.19_Plama_Olink","FGF.19","Plama_Olink___negative___FGF.19_Plama_Olink","B18.0_P4",18,1.10201107878655,-2.40207343713348
"Plama_Olink","Plasma proteomics","negative","FGF.19_Plama_Olink","FGF.19","Plama_Olink___negative___FGF.19_Plama_Olink","B18.6_P5",18.6,1.60198830018895,-2.40207343713348
"Plama_Olink","Plasma proteomics","negative","FGF.19_Plama_Olink","FGF.19","Plama_Olink___negative___FGF.19_Plama_Olink","B20.9_P7",20.9,0.449836483279822,-2.40207343713348
"Plama_Olink","Plasma proteomics","negative","FGF.19_Plama_Olink","FGF.19","Plama_Olink___negative___FGF.19_Plama_Olink","B21.7_P8",21.7,0.856781168405262,-2.40207343713348
"Plama_Olink","Plasma proteomics","negative","FGF.19_Plama_Olink","FGF.19","Plama_Olink___negative___FGF.19_Plama_Olink","B22.4_P9",22.4,0.0908193765345606,-2.40207343713348
"Plama_Olink","Plasma proteomics","negative","FGF.19_Plama_Olink","FGF.19","Plama_Olink___negative___FGF.19_Plama_Olink","B23.4_P10",23.4,0.267272533296286,-2.40207343713348
"Plama_Olink","Plasma proteomics","negative","FGF.19_Plama_Olink","FGF.19","Plama_Olink___negative___FGF.19_Plama_Olink","B24.6_P11",24.6,0.643775229472044,-2.40207343713348
"Plama_Olink","Plasma proteomics","negative","FGF.19_Plama_Olink","FGF.19","Plama_Olink___negative___FGF.19_Plama_Olink","B26.9_P12",26.9,-0.083701513843736,-2.40207343713348
"Plama_Olink","Plasma proteomics","negative","FGF.19_Plama_Olink","FGF.19","Plama_Olink___negative___FGF.19_Plama_Olink","B31.3_P15",31.3,-0.260154670605461,-2.40207343713348
"Plama_Olink","Plasma proteomics","negative","FGF.19_Plama_Olink","FGF.19","Plama_Olink___negative___FGF.19_Plama_Olink","B33.3_P17",33.3,-0.442718620588997,-2.40207343713348
"Plama_Olink","Plasma proteomics","negative","FGF.19_Plama_Olink","FGF.19","Plama_Olink___negative___FGF.19_Plama_Olink","B34.1_P18",34.1,-0.849663305714437,-2.40207343713348
"Plama_Olink","Plasma proteomics","negative","FGF.19_Plama_Olink","FGF.19","Plama_Olink___negative___FGF.19_Plama_Olink","B36.1_P19",36.1,-0.63665736678122,-2.40207343713348
"Plama_Olink","Plasma proteomics","negative","FGF.19_Plama_Olink","FGF.19","Plama_Olink___negative___FGF.19_Plama_Olink","B37.9_P20",37.9,-1.39990564978962,-2.40207343713348
"Plama_Olink","Plasma proteomics","negative","FGF.19_Plama_Olink","FGF.19","Plama_Olink___negative___FGF.19_Plama_Olink","B38.1_P21",38.1,-1.09489321609573,-2.40207343713348
"Plama_Olink","Plasma proteomics","negative","FGF.19_Plama_Olink","FGF.19","Plama_Olink___negative___FGF.19_Plama_Olink","B39.1_P22",39.1,-1.84677812673324,-2.40207343713348
"Plama_Olink","Plasma proteomics","negative","CD40_Plama_Olink","CD40","Plama_Olink___negative___CD40_Plama_Olink","B17.4_P3",17.4,1.40346458113503,-2.54107440785619
"Plama_Olink","Plasma proteomics","negative","CD40_Plama_Olink","CD40","Plama_Olink___negative___CD40_Plama_Olink","B18.0_P4",18,-0.0872604451891483,-2.54107440785619
"Plama_Olink","Plasma proteomics","negative","CD40_Plama_Olink","CD40","Plama_Olink___negative___CD40_Plama_Olink","B18.6_P5",18.6,1.09845214744114,-2.54107440785619
"Plama_Olink","Plasma proteomics","negative","CD40_Plama_Olink","CD40","Plama_Olink___negative___CD40_Plama_Olink","B20.9_P7",20.9,0.640216298126632,-2.54107440785619
"Plama_Olink","Plasma proteomics","negative","CD40_Plama_Olink","CD40","Plama_Olink___negative___CD40_Plama_Olink","B21.7_P8",21.7,1.85033705807865,-2.54107440785619
"Plama_Olink","Plasma proteomics","negative","CD40_Plama_Olink","CD40","Plama_Olink___negative___CD40_Plama_Olink","B22.4_P9",22.4,0.0872604451891483,-2.54107440785619
"Plama_Olink","Plasma proteomics","negative","CD40_Plama_Olink","CD40","Plama_Olink___negative___CD40_Plama_Olink","B23.4_P10",23.4,0.44627755193441,-2.54107440785619
"Plama_Olink","Plasma proteomics","negative","CD40_Plama_Olink","CD40","Plama_Olink___negative___CD40_Plama_Olink","B24.6_P11",24.6,0.85322223705985,-2.54107440785619
"Plama_Olink","Plasma proteomics","negative","CD40_Plama_Olink","CD40","Plama_Olink___negative___CD40_Plama_Olink","B26.9_P12",26.9,0.263713601950874,-2.54107440785619
"Plama_Olink","Plasma proteomics","negative","CD40_Plama_Olink","CD40","Plama_Olink___negative___CD40_Plama_Olink","B31.3_P15",31.3,-0.263713601950873,-2.54107440785619
"Plama_Olink","Plasma proteomics","negative","CD40_Plama_Olink","CD40","Plama_Olink___negative___CD40_Plama_Olink","B33.3_P17",33.3,-0.640216298126632,-2.54107440785619
"Plama_Olink","Plasma proteomics","negative","CD40_Plama_Olink","CD40","Plama_Olink___negative___CD40_Plama_Olink","B34.1_P18",34.1,-1.40346458113503,-2.54107440785619
"Plama_Olink","Plasma proteomics","negative","CD40_Plama_Olink","CD40","Plama_Olink___negative___CD40_Plama_Olink","B36.1_P19",36.1,-0.85322223705985,-2.54107440785619
"Plama_Olink","Plasma proteomics","negative","CD40_Plama_Olink","CD40","Plama_Olink___negative___CD40_Plama_Olink","B37.9_P20",37.9,-1.09845214744114,-2.54107440785619
"Plama_Olink","Plasma proteomics","negative","CD40_Plama_Olink","CD40","Plama_Olink___negative___CD40_Plama_Olink","B38.1_P21",38.1,-0.44627755193441,-2.54107440785619
"Plama_Olink","Plasma proteomics","negative","CD40_Plama_Olink","CD40","Plama_Olink___negative___CD40_Plama_Olink","B39.1_P22",39.1,-1.85033705807865,-2.54107440785619
"Plama_Olink","Plasma proteomics","positive","TSLP_Plama_Olink","TSLP","Plama_Olink___positive___TSLP_Plama_Olink","B17.4_P3",17.4,-1.85033705807865,1.11343456716192
"Plama_Olink","Plasma proteomics","positive","TSLP_Plama_Olink","TSLP","Plama_Olink___positive___TSLP_Plama_Olink","B18.0_P4",18,-1.40346458113503,1.11343456716192
"Plama_Olink","Plasma proteomics","positive","TSLP_Plama_Olink","TSLP","Plama_Olink___positive___TSLP_Plama_Olink","B18.6_P5",18.6,-0.0872604451891483,1.11343456716192
"Plama_Olink","Plasma proteomics","positive","TSLP_Plama_Olink","TSLP","Plama_Olink___positive___TSLP_Plama_Olink","B20.9_P7",20.9,0.85322223705985,1.11343456716192
"Plama_Olink","Plasma proteomics","positive","TSLP_Plama_Olink","TSLP","Plama_Olink___positive___TSLP_Plama_Olink","B21.7_P8",21.7,-0.85322223705985,1.11343456716192
"Plama_Olink","Plasma proteomics","positive","TSLP_Plama_Olink","TSLP","Plama_Olink___positive___TSLP_Plama_Olink","B22.4_P9",22.4,0.263713601950873,1.11343456716192
"Plama_Olink","Plasma proteomics","positive","TSLP_Plama_Olink","TSLP","Plama_Olink___positive___TSLP_Plama_Olink","B23.4_P10",23.4,0.0872604451891482,1.11343456716192
"Plama_Olink","Plasma proteomics","positive","TSLP_Plama_Olink","TSLP","Plama_Olink___positive___TSLP_Plama_Olink","B24.6_P11",24.6,-1.09845214744114,1.11343456716192
"Plama_Olink","Plasma proteomics","positive","TSLP_Plama_Olink","TSLP","Plama_Olink___positive___TSLP_Plama_Olink","B26.9_P12",26.9,1.40346458113503,1.11343456716192
"Plama_Olink","Plasma proteomics","positive","TSLP_Plama_Olink","TSLP","Plama_Olink___positive___TSLP_Plama_Olink","B31.3_P15",31.3,1.09845214744114,1.11343456716192
"Plama_Olink","Plasma proteomics","positive","TSLP_Plama_Olink","TSLP","Plama_Olink___positive___TSLP_Plama_Olink","B33.3_P17",33.3,-0.640216298126632,1.11343456716192
"Plama_Olink","Plasma proteomics","positive","TSLP_Plama_Olink","TSLP","Plama_Olink___positive___TSLP_Plama_Olink","B34.1_P18",34.1,0.44627755193441,1.11343456716192
"Plama_Olink","Plasma proteomics","positive","TSLP_Plama_Olink","TSLP","Plama_Olink___positive___TSLP_Plama_Olink","B36.1_P19",36.1,1.85033705807865,1.11343456716192
"Plama_Olink","Plasma proteomics","positive","TSLP_Plama_Olink","TSLP","Plama_Olink___positive___TSLP_Plama_Olink","B37.9_P20",37.9,-0.44627755193441,1.11343456716192
"Plama_Olink","Plasma proteomics","positive","TSLP_Plama_Olink","TSLP","Plama_Olink___positive___TSLP_Plama_Olink","B38.1_P21",38.1,-0.263713601950874,1.11343456716192
"Plama_Olink","Plasma proteomics","positive","TSLP_Plama_Olink","TSLP","Plama_Olink___positive___TSLP_Plama_Olink","B39.1_P22",39.1,0.640216298126632,1.11343456716192
"Plama_Olink","Plasma proteomics","positive","TNFB_Plama_Olink","TNFB","Plama_Olink___positive___TNFB_Plama_Olink","B17.4_P3",17.4,-1.40346458113503,1.02597673428306
"Plama_Olink","Plasma proteomics","positive","TNFB_Plama_Olink","TNFB","Plama_Olink___positive___TNFB_Plama_Olink","B18.0_P4",18,-0.0872604451891483,1.02597673428306
"Plama_Olink","Plasma proteomics","positive","TNFB_Plama_Olink","TNFB","Plama_Olink___positive___TNFB_Plama_Olink","B18.6_P5",18.6,-0.44627755193441,1.02597673428306
"Plama_Olink","Plasma proteomics","positive","TNFB_Plama_Olink","TNFB","Plama_Olink___positive___TNFB_Plama_Olink","B20.9_P7",20.9,0.0872604451891483,1.02597673428306
"Plama_Olink","Plasma proteomics","positive","TNFB_Plama_Olink","TNFB","Plama_Olink___positive___TNFB_Plama_Olink","B21.7_P8",21.7,-1.09845214744114,1.02597673428306
"Plama_Olink","Plasma proteomics","positive","TNFB_Plama_Olink","TNFB","Plama_Olink___positive___TNFB_Plama_Olink","B22.4_P9",22.4,1.09845214744114,1.02597673428306
"Plama_Olink","Plasma proteomics","positive","TNFB_Plama_Olink","TNFB","Plama_Olink___positive___TNFB_Plama_Olink","B23.4_P10",23.4,1.40346458113503,1.02597673428306
"Plama_Olink","Plasma proteomics","positive","TNFB_Plama_Olink","TNFB","Plama_Olink___positive___TNFB_Plama_Olink","B24.6_P11",24.6,-1.85033705807865,1.02597673428306
"Plama_Olink","Plasma proteomics","positive","TNFB_Plama_Olink","TNFB","Plama_Olink___positive___TNFB_Plama_Olink","B26.9_P12",26.9,0.85322223705985,1.02597673428306
"Plama_Olink","Plasma proteomics","positive","TNFB_Plama_Olink","TNFB","Plama_Olink___positive___TNFB_Plama_Olink","B31.3_P15",31.3,-0.263713601950873,1.02597673428306
"Plama_Olink","Plasma proteomics","positive","TNFB_Plama_Olink","TNFB","Plama_Olink___positive___TNFB_Plama_Olink","B33.3_P17",33.3,0.640216298126632,1.02597673428306
"Plama_Olink","Plasma proteomics","positive","TNFB_Plama_Olink","TNFB","Plama_Olink___positive___TNFB_Plama_Olink","B34.1_P18",34.1,-0.85322223705985,1.02597673428306
"Plama_Olink","Plasma proteomics","positive","TNFB_Plama_Olink","TNFB","Plama_Olink___positive___TNFB_Plama_Olink","B36.1_P19",36.1,1.85033705807865,1.02597673428306
"Plama_Olink","Plasma proteomics","positive","TNFB_Plama_Olink","TNFB","Plama_Olink___positive___TNFB_Plama_Olink","B37.9_P20",37.9,0.263713601950873,1.02597673428306
"Plama_Olink","Plasma proteomics","positive","TNFB_Plama_Olink","TNFB","Plama_Olink___positive___TNFB_Plama_Olink","B38.1_P21",38.1,0.44627755193441,1.02597673428306
"Plama_Olink","Plasma proteomics","positive","TNFB_Plama_Olink","TNFB","Plama_Olink___positive___TNFB_Plama_Olink","B39.1_P22",39.1,-0.640216298126632,1.02597673428306
"Sflow_Freq_inParent","Spectral flow cytometry","negative","Inhibitory.CD8.T","Inhibitory CD8+T","Sflow_Freq_inParent___negative___Inhibitory.CD8.T","B17.4_P3",17.4,1.40606247884958,-2.41985978922305
"Sflow_Freq_inParent","Spectral flow cytometry","negative","Inhibitory.CD8.T","Inhibitory CD8+T","Sflow_Freq_inParent___negative___Inhibitory.CD8.T","B18.0_P4",18,0.44710363863999,-2.41985978922305
"Sflow_Freq_inParent","Spectral flow cytometry","negative","Inhibitory.CD8.T","Inhibitory CD8+T","Sflow_Freq_inParent___negative___Inhibitory.CD8.T","B18.6_P5",18.6,-0.854801602958684,-2.41985978922305
"Sflow_Freq_inParent","Spectral flow cytometry","negative","Inhibitory.CD8.T","Inhibitory CD8+T","Sflow_Freq_inParent___negative___Inhibitory.CD8.T","B20.9_P7",20.9,-1.40606247884958,-2.41985978922305
"Sflow_Freq_inParent","Spectral flow cytometry","negative","Inhibitory.CD8.T","Inhibitory CD8+T","Sflow_Freq_inParent___negative___Inhibitory.CD8.T","B21.7_P8",21.7,1.85376214374092,-2.41985978922305
"Sflow_Freq_inParent","Spectral flow cytometry","negative","Inhibitory.CD8.T","Inhibitory CD8+T","Sflow_Freq_inParent___negative___Inhibitory.CD8.T","B22.4_P9",22.4,-0.264201751757441,-2.41985978922305
"Sflow_Freq_inParent","Spectral flow cytometry","negative","Inhibitory.CD8.T","Inhibitory CD8+T","Sflow_Freq_inParent___negative___Inhibitory.CD8.T","B23.4_P10",23.4,-0.44710363863999,-2.41985978922305
"Sflow_Freq_inParent","Spectral flow cytometry","negative","Inhibitory.CD8.T","Inhibitory CD8+T","Sflow_Freq_inParent___negative___Inhibitory.CD8.T","B24.6_P11",24.6,1.10048544871696,-2.41985978922305
"Sflow_Freq_inParent","Spectral flow cytometry","negative","Inhibitory.CD8.T","Inhibitory CD8+T","Sflow_Freq_inParent___negative___Inhibitory.CD8.T","B26.9_P12",26.9,0.854801602958684,-2.41985978922305
"Sflow_Freq_inParent","Spectral flow cytometry","negative","Inhibitory.CD8.T","Inhibitory CD8+T","Sflow_Freq_inParent___negative___Inhibitory.CD8.T","B31.3_P15",31.3,0.64140137716609,-2.41985978922305
"Sflow_Freq_inParent","Spectral flow cytometry","negative","Inhibitory.CD8.T","Inhibitory CD8+T","Sflow_Freq_inParent___negative___Inhibitory.CD8.T","B33.3_P17",33.3,-0.0874219695440734,-2.41985978922305
"Sflow_Freq_inParent","Spectral flow cytometry","negative","Inhibitory.CD8.T","Inhibitory CD8+T","Sflow_Freq_inParent___negative___Inhibitory.CD8.T","B34.1_P18",34.1,-0.64140137716609,-2.41985978922305
"Sflow_Freq_inParent","Spectral flow cytometry","negative","Inhibitory.CD8.T","Inhibitory CD8+T","Sflow_Freq_inParent___negative___Inhibitory.CD8.T","B36.1_P19",36.1,0.264201751757441,-2.41985978922305
"Sflow_Freq_inParent","Spectral flow cytometry","negative","Inhibitory.CD8.T","Inhibitory CD8+T","Sflow_Freq_inParent___negative___Inhibitory.CD8.T","B37.9_P20",37.9,-1.10048544871696,-2.41985978922305
"Sflow_Freq_inParent","Spectral flow cytometry","negative","Inhibitory.CD8.T","Inhibitory CD8+T","Sflow_Freq_inParent___negative___Inhibitory.CD8.T","B38.1_P21",38.1,0.0874219695440734,-2.41985978922305
"Sflow_Freq_inParent","Spectral flow cytometry","negative","Inhibitory.CD8.T","Inhibitory CD8+T","Sflow_Freq_inParent___negative___Inhibitory.CD8.T","B39.1_P22",39.1,-1.85376214374092,-2.41985978922305
"Sflow_Freq_inParent","Spectral flow cytometry","negative","CXCR5.B","CXCR5− B","Sflow_Freq_inParent___negative___CXCR5.B","B17.4_P3",17.4,1.85376214374092,-2.8758930850189
"Sflow_Freq_inParent","Spectral flow cytometry","negative","CXCR5.B","CXCR5− B","Sflow_Freq_inParent___negative___CXCR5.B","B18.0_P4",18,-0.0874219695440735,-2.8758930850189
"Sflow_Freq_inParent","Spectral flow cytometry","negative","CXCR5.B","CXCR5− B","Sflow_Freq_inParent___negative___CXCR5.B","B18.6_P5",18.6,0.854801602958684,-2.8758930850189
"Sflow_Freq_inParent","Spectral flow cytometry","negative","CXCR5.B","CXCR5− B","Sflow_Freq_inParent___negative___CXCR5.B","B20.9_P7",20.9,-0.264201751757441,-2.8758930850189
"Sflow_Freq_inParent","Spectral flow cytometry","negative","CXCR5.B","CXCR5− B","Sflow_Freq_inParent___negative___CXCR5.B","B21.7_P8",21.7,1.40606247884958,-2.8758930850189
"Sflow_Freq_inParent","Spectral flow cytometry","negative","CXCR5.B","CXCR5− B","Sflow_Freq_inParent___negative___CXCR5.B","B22.4_P9",22.4,0.0874219695440733,-2.8758930850189
"Sflow_Freq_inParent","Spectral flow cytometry","negative","CXCR5.B","CXCR5− B","Sflow_Freq_inParent___negative___CXCR5.B","B23.4_P10",23.4,0.264201751757441,-2.8758930850189
"Sflow_Freq_inParent","Spectral flow cytometry","negative","CXCR5.B","CXCR5− B","Sflow_Freq_inParent___negative___CXCR5.B","B24.6_P11",24.6,1.10048544871696,-2.8758930850189
"Sflow_Freq_inParent","Spectral flow cytometry","negative","CXCR5.B","CXCR5− B","Sflow_Freq_inParent___negative___CXCR5.B","B26.9_P12",26.9,0.44710363863999,-2.8758930850189
"Sflow_Freq_inParent","Spectral flow cytometry","negative","CXCR5.B","CXCR5− B","Sflow_Freq_inParent___negative___CXCR5.B","B31.3_P15",31.3,0.64140137716609,-2.8758930850189
"Sflow_Freq_inParent","Spectral flow cytometry","negative","CXCR5.B","CXCR5− B","Sflow_Freq_inParent___negative___CXCR5.B","B33.3_P17",33.3,-0.44710363863999,-2.8758930850189
"Sflow_Freq_inParent","Spectral flow cytometry","negative","CXCR5.B","CXCR5− B","Sflow_Freq_inParent___negative___CXCR5.B","B34.1_P18",34.1,-0.854801602958684,-2.8758930850189
"Sflow_Freq_inParent","Spectral flow cytometry","negative","CXCR5.B","CXCR5− B","Sflow_Freq_inParent___negative___CXCR5.B","B36.1_P19",36.1,-0.64140137716609,-2.8758930850189
"Sflow_Freq_inParent","Spectral flow cytometry","negative","CXCR5.B","CXCR5− B","Sflow_Freq_inParent___negative___CXCR5.B","B37.9_P20",37.9,-1.40606247884958,-2.8758930850189
"Sflow_Freq_inParent","Spectral flow cytometry","negative","CXCR5.B","CXCR5− B","Sflow_Freq_inParent___negative___CXCR5.B","B38.1_P21",38.1,-1.10048544871696,-2.8758930850189
"Sflow_Freq_inParent","Spectral flow cytometry","negative","CXCR5.B","CXCR5− B","Sflow_Freq_inParent___negative___CXCR5.B","B39.1_P22",39.1,-1.85376214374092,-2.8758930850189
"Sflow_Freq_inParent","Spectral flow cytometry","positive","CXCR5.B.1","CXCR5+ B","Sflow_Freq_inParent___positive___CXCR5.B.1","B17.4_P3",17.4,-1.85376214374092,2.8758930850189
"Sflow_Freq_inParent","Spectral flow cytometry","positive","CXCR5.B.1","CXCR5+ B","Sflow_Freq_inParent___positive___CXCR5.B.1","B18.0_P4",18,0.0874219695440735,2.8758930850189
"Sflow_Freq_inParent","Spectral flow cytometry","positive","CXCR5.B.1","CXCR5+ B","Sflow_Freq_inParent___positive___CXCR5.B.1","B18.6_P5",18.6,-0.854801602958684,2.8758930850189
"Sflow_Freq_inParent","Spectral flow cytometry","positive","CXCR5.B.1","CXCR5+ B","Sflow_Freq_inParent___positive___CXCR5.B.1","B20.9_P7",20.9,0.264201751757441,2.8758930850189
"Sflow_Freq_inParent","Spectral flow cytometry","positive","CXCR5.B.1","CXCR5+ B","Sflow_Freq_inParent___positive___CXCR5.B.1","B21.7_P8",21.7,-1.40606247884958,2.8758930850189
"Sflow_Freq_inParent","Spectral flow cytometry","positive","CXCR5.B.1","CXCR5+ B","Sflow_Freq_inParent___positive___CXCR5.B.1","B22.4_P9",22.4,-0.0874219695440733,2.8758930850189
"Sflow_Freq_inParent","Spectral flow cytometry","positive","CXCR5.B.1","CXCR5+ B","Sflow_Freq_inParent___positive___CXCR5.B.1","B23.4_P10",23.4,-0.264201751757441,2.8758930850189
"Sflow_Freq_inParent","Spectral flow cytometry","positive","CXCR5.B.1","CXCR5+ B","Sflow_Freq_inParent___positive___CXCR5.B.1","B24.6_P11",24.6,-1.10048544871696,2.8758930850189
"Sflow_Freq_inParent","Spectral flow cytometry","positive","CXCR5.B.1","CXCR5+ B","Sflow_Freq_inParent___positive___CXCR5.B.1","B26.9_P12",26.9,-0.44710363863999,2.8758930850189
"Sflow_Freq_inParent","Spectral flow cytometry","positive","CXCR5.B.1","CXCR5+ B","Sflow_Freq_inParent___positive___CXCR5.B.1","B31.3_P15",31.3,-0.64140137716609,2.8758930850189
"Sflow_Freq_inParent","Spectral flow cytometry","positive","CXCR5.B.1","CXCR5+ B","Sflow_Freq_inParent___positive___CXCR5.B.1","B33.3_P17",33.3,0.44710363863999,2.8758930850189
"Sflow_Freq_inParent","Spectral flow cytometry","positive","CXCR5.B.1","CXCR5+ B","Sflow_Freq_inParent___positive___CXCR5.B.1","B34.1_P18",34.1,0.854801602958684,2.8758930850189
"Sflow_Freq_inParent","Spectral flow cytometry","positive","CXCR5.B.1","CXCR5+ B","Sflow_Freq_inParent___positive___CXCR5.B.1","B36.1_P19",36.1,0.64140137716609,2.8758930850189
"Sflow_Freq_inParent","Spectral flow cytometry","positive","CXCR5.B.1","CXCR5+ B","Sflow_Freq_inParent___positive___CXCR5.B.1","B37.9_P20",37.9,1.40606247884958,2.8758930850189
"Sflow_Freq_inParent","Spectral flow cytometry","positive","CXCR5.B.1","CXCR5+ B","Sflow_Freq_inParent___positive___CXCR5.B.1","B38.1_P21",38.1,1.10048544871696,2.8758930850189
"Sflow_Freq_inParent","Spectral flow cytometry","positive","CXCR5.B.1","CXCR5+ B","Sflow_Freq_inParent___positive___CXCR5.B.1","B39.1_P22",39.1,1.85376214374092,2.8758930850189
"Sflow_Freq_inParent","Spectral flow cytometry","positive","T","T","Sflow_Freq_inParent___positive___T","B17.4_P3",17.4,-1.85370106512892,2.48525386502004
"Sflow_Freq_inParent","Spectral flow cytometry","positive","T","T","Sflow_Freq_inParent___positive___T","B18.0_P4",18,0.175384310366772,2.48525386502004
"Sflow_Freq_inParent","Spectral flow cytometry","positive","T","T","Sflow_Freq_inParent___positive___T","B18.6_P5",18.6,-0.641340298554092,2.48525386502004
"Sflow_Freq_inParent","Spectral flow cytometry","positive","T","T","Sflow_Freq_inParent___positive___T","B20.9_P7",20.9,1.10054652732896,2.48525386502004
"Sflow_Freq_inParent","Spectral flow cytometry","positive","T","T","Sflow_Freq_inParent___positive___T","B21.7_P8",21.7,-1.40600140023759,2.48525386502004
"Sflow_Freq_inParent","Spectral flow cytometry","positive","T","T","Sflow_Freq_inParent___positive___T","B22.4_P9",22.4,-0.264140673145443,2.48525386502004
"Sflow_Freq_inParent","Spectral flow cytometry","positive","T","T","Sflow_Freq_inParent___positive___T","B23.4_P10",23.4,1.85382322235292,2.48525386502004
"Sflow_Freq_inParent","Spectral flow cytometry","positive","T","T","Sflow_Freq_inParent___positive___T","B24.6_P11",24.6,-0.854740524346686,2.48525386502004
"Sflow_Freq_inParent","Spectral flow cytometry","positive","T","T","Sflow_Freq_inParent___positive___T","B26.9_P12",26.9,-1.10042437010496,2.48525386502004
"Sflow_Freq_inParent","Spectral flow cytometry","positive","T","T","Sflow_Freq_inParent___positive___T","B31.3_P15",31.3,-0.447042560027992,2.48525386502004
"Sflow_Freq_inParent","Spectral flow cytometry","positive","T","T","Sflow_Freq_inParent___positive___T","B33.3_P17",33.3,0.854862681570682,2.48525386502004
"Sflow_Freq_inParent","Spectral flow cytometry","positive","T","T","Sflow_Freq_inParent___positive___T","B34.1_P18",34.1,0.175384310366772,2.48525386502004
"Sflow_Freq_inParent","Spectral flow cytometry","positive","T","T","Sflow_Freq_inParent___positive___T","B36.1_P19",36.1,0.447164717251988,2.48525386502004
"Sflow_Freq_inParent","Spectral flow cytometry","positive","T","T","Sflow_Freq_inParent___positive___T","B37.9_P20",37.9,0.641462455778088,2.48525386502004
"Sflow_Freq_inParent","Spectral flow cytometry","positive","T","T","Sflow_Freq_inParent___positive___T","B38.1_P21",38.1,-0.0873608909320754,2.48525386502004
"Sflow_Freq_inParent","Spectral flow cytometry","positive","T","T","Sflow_Freq_inParent___positive___T","B39.1_P22",39.1,1.40612355746158,2.48525386502004
"CD4TCR","CD4 TCR","negative","TRAJ17_CD4TCR","TRAJ17","CD4TCR___negative___TRAJ17_CD4TCR","B17.4_P3",17.4,1.13261918003583,-1.86945603348163
"CD4TCR","CD4 TCR","negative","TRAJ17_CD4TCR","TRAJ17","CD4TCR___negative___TRAJ17_CD4TCR","B18.0_P4",18,-1.13261918003583,-1.86945603348163
"CD4TCR","CD4 TCR","negative","TRAJ17_CD4TCR","TRAJ17","CD4TCR___negative___TRAJ17_CD4TCR","B18.6_P5",18.6,0.46015888458849,-1.86945603348163
"CD4TCR","CD4 TCR","negative","TRAJ17_CD4TCR","TRAJ17","CD4TCR___negative___TRAJ17_CD4TCR","B20.9_P7",20.9,-1.4471189362208,-1.86945603348163
"CD4TCR","CD4 TCR","negative","TRAJ17_CD4TCR","TRAJ17","CD4TCR___negative___TRAJ17_CD4TCR","B21.7_P8",21.7,1.90789125078682,-1.86945603348163
"CD4TCR","CD4 TCR","negative","TRAJ17_CD4TCR","TRAJ17","CD4TCR___negative___TRAJ17_CD4TCR","B22.4_P9",22.4,0.879761465056303,-1.86945603348163
"CD4TCR","CD4 TCR","negative","TRAJ17_CD4TCR","TRAJ17","CD4TCR___negative___TRAJ17_CD4TCR","B23.4_P10",23.4,-0.0899746558008255,-1.86945603348163
"CD4TCR","CD4 TCR","negative","TRAJ17_CD4TCR","TRAJ17","CD4TCR___negative___TRAJ17_CD4TCR","B24.6_P11",24.6,1.4471189362208,-1.86945603348163
"CD4TCR","CD4 TCR","negative","TRAJ17_CD4TCR","TRAJ17","CD4TCR___negative___TRAJ17_CD4TCR","B26.9_P12",26.9,0.66013003872671,-1.86945603348163
"CD4TCR","CD4 TCR","negative","TRAJ17_CD4TCR","TRAJ17","CD4TCR___negative___TRAJ17_CD4TCR","B31.3_P15",31.3,-1.90789125078682,-1.86945603348163
"CD4TCR","CD4 TCR","negative","TRAJ17_CD4TCR","TRAJ17","CD4TCR___negative___TRAJ17_CD4TCR","B33.3_P17",33.3,0.0899746558008255,-1.86945603348163
"CD4TCR","CD4 TCR","negative","TRAJ17_CD4TCR","TRAJ17","CD4TCR___negative___TRAJ17_CD4TCR","B34.1_P18",34.1,-0.46015888458849,-1.86945603348163
"CD4TCR","CD4 TCR","negative","TRAJ17_CD4TCR","TRAJ17","CD4TCR___negative___TRAJ17_CD4TCR","B36.1_P19",36.1,0.271916336366303,-1.86945603348163
"CD4TCR","CD4 TCR","negative","TRAJ17_CD4TCR","TRAJ17","CD4TCR___negative___TRAJ17_CD4TCR","B37.9_P20",37.9,-0.66013003872671,-1.86945603348163
"CD4TCR","CD4 TCR","negative","TRAJ17_CD4TCR","TRAJ17","CD4TCR___negative___TRAJ17_CD4TCR","B38.1_P21",38.1,-0.271916336366303,-1.86945603348163
"CD4TCR","CD4 TCR","negative","TRAJ17_CD4TCR","TRAJ17","CD4TCR___negative___TRAJ17_CD4TCR","B39.1_P22",39.1,-0.879761465056303,-1.86945603348163
"CD4TCR","CD4 TCR","negative","TRBV10.3_CD4TCR","TRBV10.3","CD4TCR___negative___TRBV10.3_CD4TCR","B17.4_P3",17.4,1.4471189362208,-1.89796811247011
"CD4TCR","CD4 TCR","negative","TRBV10.3_CD4TCR","TRBV10.3","CD4TCR___negative___TRBV10.3_CD4TCR","B18.0_P4",18,1.13261918003583,-1.89796811247011
"CD4TCR","CD4 TCR","negative","TRBV10.3_CD4TCR","TRBV10.3","CD4TCR___negative___TRBV10.3_CD4TCR","B18.6_P5",18.6,0.66013003872671,-1.89796811247011
"CD4TCR","CD4 TCR","negative","TRBV10.3_CD4TCR","TRBV10.3","CD4TCR___negative___TRBV10.3_CD4TCR","B20.9_P7",20.9,-0.0899746558008256,-1.89796811247011
"CD4TCR","CD4 TCR","negative","TRBV10.3_CD4TCR","TRBV10.3","CD4TCR___negative___TRBV10.3_CD4TCR","B21.7_P8",21.7,-0.66013003872671,-1.89796811247011
"CD4TCR","CD4 TCR","negative","TRBV10.3_CD4TCR","TRBV10.3","CD4TCR___negative___TRBV10.3_CD4TCR","B22.4_P9",22.4,0.0899746558008255,-1.89796811247011
"CD4TCR","CD4 TCR","negative","TRBV10.3_CD4TCR","TRBV10.3","CD4TCR___negative___TRBV10.3_CD4TCR","B23.4_P10",23.4,-0.46015888458849,-1.89796811247011
"CD4TCR","CD4 TCR","negative","TRBV10.3_CD4TCR","TRBV10.3","CD4TCR___negative___TRBV10.3_CD4TCR","B24.6_P11",24.6,1.90789125078682,-1.89796811247011
"CD4TCR","CD4 TCR","negative","TRBV10.3_CD4TCR","TRBV10.3","CD4TCR___negative___TRBV10.3_CD4TCR","B26.9_P12",26.9,0.271916336366303,-1.89796811247011
"CD4TCR","CD4 TCR","negative","TRBV10.3_CD4TCR","TRBV10.3","CD4TCR___negative___TRBV10.3_CD4TCR","B31.3_P15",31.3,0.879761465056303,-1.89796811247011
"CD4TCR","CD4 TCR","negative","TRBV10.3_CD4TCR","TRBV10.3","CD4TCR___negative___TRBV10.3_CD4TCR","B33.3_P17",33.3,-0.271916336366303,-1.89796811247011
"CD4TCR","CD4 TCR","negative","TRBV10.3_CD4TCR","TRBV10.3","CD4TCR___negative___TRBV10.3_CD4TCR","B34.1_P18",34.1,0.46015888458849,-1.89796811247011
"CD4TCR","CD4 TCR","negative","TRBV10.3_CD4TCR","TRBV10.3","CD4TCR___negative___TRBV10.3_CD4TCR","B36.1_P19",36.1,-1.13261918003583,-1.89796811247011
"CD4TCR","CD4 TCR","negative","TRBV10.3_CD4TCR","TRBV10.3","CD4TCR___negative___TRBV10.3_CD4TCR","B37.9_P20",37.9,-1.4471189362208,-1.89796811247011
"CD4TCR","CD4 TCR","negative","TRBV10.3_CD4TCR","TRBV10.3","CD4TCR___negative___TRBV10.3_CD4TCR","B38.1_P21",38.1,-1.90789125078682,-1.89796811247011
"CD4TCR","CD4 TCR","negative","TRBV10.3_CD4TCR","TRBV10.3","CD4TCR___negative___TRBV10.3_CD4TCR","B39.1_P22",39.1,-0.879761465056303,-1.89796811247011
"CD4TCR","CD4 TCR","positive","TRAJ58_CD4TCR","TRAJ58","CD4TCR___positive___TRAJ58_CD4TCR","B17.4_P3",17.4,-1.65181767745984,2.53854286103561
"CD4TCR","CD4 TCR","positive","TRAJ58_CD4TCR","TRAJ58","CD4TCR___positive___TRAJ58_CD4TCR","B18.0_P4",18,-0.663799669590135,2.53854286103561
"CD4TCR","CD4 TCR","positive","TRAJ58_CD4TCR","TRAJ58","CD4TCR___positive___TRAJ58_CD4TCR","B18.6_P5",18.6,-0.883431095919728,2.53854286103561
"CD4TCR","CD4 TCR","positive","TRAJ58_CD4TCR","TRAJ58","CD4TCR___positive___TRAJ58_CD4TCR","B20.9_P7",20.9,0.0863050249374012,2.53854286103561
"CD4TCR","CD4 TCR","positive","TRAJ58_CD4TCR","TRAJ58","CD4TCR___positive___TRAJ58_CD4TCR","B21.7_P8",21.7,-1.13628881089925,2.53854286103561
"CD4TCR","CD4 TCR","positive","TRAJ58_CD4TCR","TRAJ58","CD4TCR___positive___TRAJ58_CD4TCR","B22.4_P9",22.4,0.456489253725066,2.53854286103561
"CD4TCR","CD4 TCR","positive","TRAJ58_CD4TCR","TRAJ58","CD4TCR___positive___TRAJ58_CD4TCR","B23.4_P10",23.4,-0.0936442866642499,2.53854286103561
"CD4TCR","CD4 TCR","positive","TRAJ58_CD4TCR","TRAJ58","CD4TCR___positive___TRAJ58_CD4TCR","B24.6_P11",24.6,-1.65181767745984,2.53854286103561
"CD4TCR","CD4 TCR","positive","TRAJ58_CD4TCR","TRAJ58","CD4TCR___positive___TRAJ58_CD4TCR","B26.9_P12",26.9,-0.275585967229727,2.53854286103561
"CD4TCR","CD4 TCR","positive","TRAJ58_CD4TCR","TRAJ58","CD4TCR___positive___TRAJ58_CD4TCR","B31.3_P15",31.3,-0.463828515451915,2.53854286103561
"CD4TCR","CD4 TCR","positive","TRAJ58_CD4TCR","TRAJ58","CD4TCR___positive___TRAJ58_CD4TCR","B33.3_P17",33.3,0.268246705502878,2.53854286103561
"CD4TCR","CD4 TCR","positive","TRAJ58_CD4TCR","TRAJ58","CD4TCR___positive___TRAJ58_CD4TCR","B34.1_P18",34.1,0.876091834192879,2.53854286103561
"CD4TCR","CD4 TCR","positive","TRAJ58_CD4TCR","TRAJ58","CD4TCR___positive___TRAJ58_CD4TCR","B36.1_P19",36.1,1.1289495491724,2.53854286103561
"CD4TCR","CD4 TCR","positive","TRAJ58_CD4TCR","TRAJ58","CD4TCR___positive___TRAJ58_CD4TCR","B37.9_P20",37.9,1.9042216199234,2.53854286103561
"CD4TCR","CD4 TCR","positive","TRAJ58_CD4TCR","TRAJ58","CD4TCR___positive___TRAJ58_CD4TCR","B38.1_P21",38.1,0.656460407863286,2.53854286103561
"CD4TCR","CD4 TCR","positive","TRAJ58_CD4TCR","TRAJ58","CD4TCR___positive___TRAJ58_CD4TCR","B39.1_P22",39.1,1.44344930535738,2.53854286103561
"CD4TCR","CD4 TCR","positive","CD4_CDR3b_length_19","CD4−CDR3b−length−19","CD4TCR___positive___CD4_CDR3b_length_19","B17.4_P3",17.4,-1.45655879228808,2.41977197204261
"CD4TCR","CD4 TCR","positive","CD4_CDR3b_length_19","CD4−CDR3b−length−19","CD4TCR___positive___CD4_CDR3b_length_19","B18.0_P4",18,-0.567704645039853,2.41977197204261
"CD4TCR","CD4 TCR","positive","CD4_CDR3b_length_19","CD4−CDR3b−length−19","CD4TCR___positive___CD4_CDR3b_length_19","B18.6_P5",18.6,-0.889201321123585,2.41977197204261
"CD4TCR","CD4 TCR","positive","CD4_CDR3b_length_19","CD4−CDR3b−length−19","CD4TCR___positive___CD4_CDR3b_length_19","B20.9_P7",20.9,0.080534799733544,2.41977197204261
"CD4TCR","CD4 TCR","positive","CD4_CDR3b_length_19","CD4−CDR3b−length−19","CD4TCR___positive___CD4_CDR3b_length_19","B21.7_P8",21.7,-1.45655879228808,2.41977197204261
"CD4TCR","CD4 TCR","positive","CD4_CDR3b_length_19","CD4−CDR3b−length−19","CD4TCR___positive___CD4_CDR3b_length_19","B22.4_P9",22.4,0.450719028521209,2.41977197204261
"CD4TCR","CD4 TCR","positive","CD4_CDR3b_length_19","CD4−CDR3b−length−19","CD4TCR___positive___CD4_CDR3b_length_19","B23.4_P10",23.4,0.262476480299021,2.41977197204261
"CD4TCR","CD4 TCR","positive","CD4_CDR3b_length_19","CD4−CDR3b−length−19","CD4TCR___positive___CD4_CDR3b_length_19","B24.6_P11",24.6,-1.45655879228808,2.41977197204261
"CD4TCR","CD4 TCR","positive","CD4_CDR3b_length_19","CD4−CDR3b−length−19","CD4TCR___positive___CD4_CDR3b_length_19","B26.9_P12",26.9,-0.567704645039853,2.41977197204261
"CD4TCR","CD4 TCR","positive","CD4_CDR3b_length_19","CD4−CDR3b−length−19","CD4TCR___positive___CD4_CDR3b_length_19","B31.3_P15",31.3,-0.189882455488145,2.41977197204261
"CD4TCR","CD4 TCR","positive","CD4_CDR3b_length_19","CD4−CDR3b−length−19","CD4TCR___positive___CD4_CDR3b_length_19","B33.3_P17",33.3,1.89845139471954,2.41977197204261
"CD4TCR","CD4 TCR","positive","CD4_CDR3b_length_19","CD4−CDR3b−length−19","CD4TCR___positive___CD4_CDR3b_length_19","B34.1_P18",34.1,-0.189882455488145,2.41977197204261
"CD4TCR","CD4 TCR","positive","CD4_CDR3b_length_19","CD4−CDR3b−length−19","CD4TCR___positive___CD4_CDR3b_length_19","B36.1_P19",36.1,0.650690182659429,2.41977197204261
"CD4TCR","CD4 TCR","positive","CD4_CDR3b_length_19","CD4−CDR3b−length−19","CD4TCR___positive___CD4_CDR3b_length_19","B37.9_P20",37.9,1.43767908015352,2.41977197204261
"CD4TCR","CD4 TCR","positive","CD4_CDR3b_length_19","CD4−CDR3b−length−19","CD4TCR___positive___CD4_CDR3b_length_19","B38.1_P21",38.1,0.870321608989022,2.41977197204261
"CD4TCR","CD4 TCR","positive","CD4_CDR3b_length_19","CD4−CDR3b−length−19","CD4TCR___positive___CD4_CDR3b_length_19","B39.1_P22",39.1,1.12317932396855,2.41977197204261
"CD8TCR","CD8 TCR","negative","TRBV5.1_CD8TCR","TRBV5.1","CD8TCR___negative___TRBV5.1_CD8TCR","B17.4_P3",17.4,1.93299983061351,-1.8443914744351
"CD8TCR","CD8 TCR","negative","TRBV5.1_CD8TCR","TRBV5.1","CD8TCR___negative___TRBV5.1_CD8TCR","B18.0_P4",18,0.0911587567429638,-1.8443914744351
"CD8TCR","CD8 TCR","negative","TRBV5.1_CD8TCR","TRBV5.1","CD8TCR___negative___TRBV5.1_CD8TCR","B18.6_P5",18.6,1.46616357585308,-1.8443914744351
"CD8TCR","CD8 TCR","negative","TRBV5.1_CD8TCR","TRBV5.1","CD8TCR___negative___TRBV5.1_CD8TCR","B20.9_P7",20.9,-1.46616357585308,-1.8443914744351
"CD8TCR","CD8 TCR","negative","TRBV5.1_CD8TCR","TRBV5.1","CD8TCR___negative___TRBV5.1_CD8TCR","B21.7_P8",21.7,1.14752488238309,-1.8443914744351
"CD8TCR","CD8 TCR","negative","TRBV5.1_CD8TCR","TRBV5.1","CD8TCR___negative___TRBV5.1_CD8TCR","B22.4_P9",22.4,-0.891339462997591,-1.8443914744351
"CD8TCR","CD8 TCR","negative","TRBV5.1_CD8TCR","TRBV5.1","CD8TCR___negative___TRBV5.1_CD8TCR","B23.4_P10",23.4,0.891339462997591,-1.8443914744351
"CD8TCR","CD8 TCR","negative","TRBV5.1_CD8TCR","TRBV5.1","CD8TCR___negative___TRBV5.1_CD8TCR","B24.6_P11",24.6,0.275494859531613,-1.8443914744351
"CD8TCR","CD8 TCR","negative","TRBV5.1_CD8TCR","TRBV5.1","CD8TCR___negative___TRBV5.1_CD8TCR","B26.9_P12",26.9,0.466214751809374,-1.8443914744351
"CD8TCR","CD8 TCR","negative","TRBV5.1_CD8TCR","TRBV5.1","CD8TCR___negative___TRBV5.1_CD8TCR","B31.3_P15",31.3,-0.275494859531613,-1.8443914744351
"CD8TCR","CD8 TCR","negative","TRBV5.1_CD8TCR","TRBV5.1","CD8TCR___negative___TRBV5.1_CD8TCR","B33.3_P17",33.3,-1.93299983061351,-1.8443914744351
"CD8TCR","CD8 TCR","negative","TRBV5.1_CD8TCR","TRBV5.1","CD8TCR___negative___TRBV5.1_CD8TCR","B34.1_P18",34.1,-0.0911587567429638,-1.8443914744351
"CD8TCR","CD8 TCR","negative","TRBV5.1_CD8TCR","TRBV5.1","CD8TCR___negative___TRBV5.1_CD8TCR","B36.1_P19",36.1,-0.466214751809374,-1.8443914744351
"CD8TCR","CD8 TCR","negative","TRBV5.1_CD8TCR","TRBV5.1","CD8TCR___negative___TRBV5.1_CD8TCR","B37.9_P20",37.9,0.668817602950578,-1.8443914744351
"CD8TCR","CD8 TCR","negative","TRBV5.1_CD8TCR","TRBV5.1","CD8TCR___negative___TRBV5.1_CD8TCR","B38.1_P21",38.1,-0.668817602950578,-1.8443914744351
"CD8TCR","CD8 TCR","negative","TRBV5.1_CD8TCR","TRBV5.1","CD8TCR___negative___TRBV5.1_CD8TCR","B39.1_P22",39.1,-1.14752488238309,-1.8443914744351
"CD8TCR","CD8 TCR","negative","TRBV4.1_CD8TCR","TRBV4.1","CD8TCR___negative___TRBV4.1_CD8TCR","B17.4_P3",17.4,1.93299983061351,-2.30410671286882
"CD8TCR","CD8 TCR","negative","TRBV4.1_CD8TCR","TRBV4.1","CD8TCR___negative___TRBV4.1_CD8TCR","B18.0_P4",18,0.275494859531613,-2.30410671286882
"CD8TCR","CD8 TCR","negative","TRBV4.1_CD8TCR","TRBV4.1","CD8TCR___negative___TRBV4.1_CD8TCR","B18.6_P5",18.6,-0.466214751809374,-2.30410671286882
"CD8TCR","CD8 TCR","negative","TRBV4.1_CD8TCR","TRBV4.1","CD8TCR___negative___TRBV4.1_CD8TCR","B20.9_P7",20.9,0.668817602950578,-2.30410671286882
"CD8TCR","CD8 TCR","negative","TRBV4.1_CD8TCR","TRBV4.1","CD8TCR___negative___TRBV4.1_CD8TCR","B21.7_P8",21.7,1.14752488238309,-2.30410671286882
"CD8TCR","CD8 TCR","negative","TRBV4.1_CD8TCR","TRBV4.1","CD8TCR___negative___TRBV4.1_CD8TCR","B22.4_P9",22.4,0.891339462997591,-2.30410671286882
"CD8TCR","CD8 TCR","negative","TRBV4.1_CD8TCR","TRBV4.1","CD8TCR___negative___TRBV4.1_CD8TCR","B23.4_P10",23.4,-0.0911587567429637,-2.30410671286882
"CD8TCR","CD8 TCR","negative","TRBV4.1_CD8TCR","TRBV4.1","CD8TCR___negative___TRBV4.1_CD8TCR","B24.6_P11",24.6,0.0911587567429638,-2.30410671286882
"CD8TCR","CD8 TCR","negative","TRBV4.1_CD8TCR","TRBV4.1","CD8TCR___negative___TRBV4.1_CD8TCR","B26.9_P12",26.9,1.46616357585308,-2.30410671286882
"CD8TCR","CD8 TCR","negative","TRBV4.1_CD8TCR","TRBV4.1","CD8TCR___negative___TRBV4.1_CD8TCR","B31.3_P15",31.3,-0.668817602950578,-2.30410671286882
"CD8TCR","CD8 TCR","negative","TRBV4.1_CD8TCR","TRBV4.1","CD8TCR___negative___TRBV4.1_CD8TCR","B33.3_P17",33.3,-1.14752488238309,-2.30410671286882
"CD8TCR","CD8 TCR","negative","TRBV4.1_CD8TCR","TRBV4.1","CD8TCR___negative___TRBV4.1_CD8TCR","B34.1_P18",34.1,0.466214751809374,-2.30410671286882
"CD8TCR","CD8 TCR","negative","TRBV4.1_CD8TCR","TRBV4.1","CD8TCR___negative___TRBV4.1_CD8TCR","B36.1_P19",36.1,-1.46616357585308,-2.30410671286882
"CD8TCR","CD8 TCR","negative","TRBV4.1_CD8TCR","TRBV4.1","CD8TCR___negative___TRBV4.1_CD8TCR","B37.9_P20",37.9,-0.275494859531613,-2.30410671286882
"CD8TCR","CD8 TCR","negative","TRBV4.1_CD8TCR","TRBV4.1","CD8TCR___negative___TRBV4.1_CD8TCR","B38.1_P21",38.1,-0.891339462997591,-2.30410671286882
"CD8TCR","CD8 TCR","negative","TRBV4.1_CD8TCR","TRBV4.1","CD8TCR___negative___TRBV4.1_CD8TCR","B39.1_P22",39.1,-1.93299983061351,-2.30410671286882
"CD8TCR","CD8 TCR","positive","TRBV5.6_CD8TCR","TRBV5.6","CD8TCR___positive___TRBV5.6_CD8TCR","B17.4_P3",17.4,-1.67355623095262,2.37648921333853
"CD8TCR","CD8 TCR","positive","TRBV5.6_CD8TCR","TRBV5.6","CD8TCR___positive___TRBV5.6_CD8TCR","B18.0_P4",18,0.462496827197849,2.37648921333853
"CD8TCR","CD8 TCR","positive","TRBV5.6_CD8TCR","TRBV5.6","CD8TCR___positive___TRBV5.6_CD8TCR","B18.6_P5",18.6,-0.672535527562103,2.37648921333853
"CD8TCR","CD8 TCR","positive","TRBV5.6_CD8TCR","TRBV5.6","CD8TCR___positive___TRBV5.6_CD8TCR","B20.9_P7",20.9,0.0874408321314389,2.37648921333853
"CD8TCR","CD8 TCR","positive","TRBV5.6_CD8TCR","TRBV5.6","CD8TCR___positive___TRBV5.6_CD8TCR","B21.7_P8",21.7,-1.67355623095262,2.37648921333853
"CD8TCR","CD8 TCR","positive","TRBV5.6_CD8TCR","TRBV5.6","CD8TCR___positive___TRBV5.6_CD8TCR","B22.4_P9",22.4,0.665099678339053,2.37648921333853
"CD8TCR","CD8 TCR","positive","TRBV5.6_CD8TCR","TRBV5.6","CD8TCR___positive___TRBV5.6_CD8TCR","B23.4_P10",23.4,-0.469932676420899,2.37648921333853
"CD8TCR","CD8 TCR","positive","TRBV5.6_CD8TCR","TRBV5.6","CD8TCR___positive___TRBV5.6_CD8TCR","B24.6_P11",24.6,-1.15124280699461,2.37648921333853
"CD8TCR","CD8 TCR","positive","TRBV5.6_CD8TCR","TRBV5.6","CD8TCR___positive___TRBV5.6_CD8TCR","B26.9_P12",26.9,-0.279212784143138,2.37648921333853
"CD8TCR","CD8 TCR","positive","TRBV5.6_CD8TCR","TRBV5.6","CD8TCR___positive___TRBV5.6_CD8TCR","B31.3_P15",31.3,-0.895057387609116,2.37648921333853
"CD8TCR","CD8 TCR","positive","TRBV5.6_CD8TCR","TRBV5.6","CD8TCR___positive___TRBV5.6_CD8TCR","B33.3_P17",33.3,1.14380695777156,2.37648921333853
"CD8TCR","CD8 TCR","positive","TRBV5.6_CD8TCR","TRBV5.6","CD8TCR___positive___TRBV5.6_CD8TCR","B34.1_P18",34.1,1.46244565124156,2.37648921333853
"CD8TCR","CD8 TCR","positive","TRBV5.6_CD8TCR","TRBV5.6","CD8TCR___positive___TRBV5.6_CD8TCR","B36.1_P19",36.1,-0.0948766813544887,2.37648921333853
"CD8TCR","CD8 TCR","positive","TRBV5.6_CD8TCR","TRBV5.6","CD8TCR___positive___TRBV5.6_CD8TCR","B37.9_P20",37.9,0.887621538386066,2.37648921333853
"CD8TCR","CD8 TCR","positive","TRBV5.6_CD8TCR","TRBV5.6","CD8TCR___positive___TRBV5.6_CD8TCR","B38.1_P21",38.1,0.271776934920088,2.37648921333853
"CD8TCR","CD8 TCR","positive","TRBV5.6_CD8TCR","TRBV5.6","CD8TCR___positive___TRBV5.6_CD8TCR","B39.1_P22",39.1,1.92928190600199,2.37648921333853
"CD8TCR","CD8 TCR","positive","CD8_CDR3b_length_16","CD8−CDR3b−length−16","CD8TCR___positive___CD8_CDR3b_length_16","B17.4_P3",17.4,-1.93395408370342,2.01830013373187
"CD8TCR","CD8 TCR","positive","CD8_CDR3b_length_16","CD8−CDR3b−length−16","CD8TCR___positive___CD8_CDR3b_length_16","B18.0_P4",18,0.465260498719461,2.01830013373187
"CD8TCR","CD8 TCR","positive","CD8_CDR3b_length_16","CD8−CDR3b−length−16","CD8TCR___positive___CD8_CDR3b_length_16","B18.6_P5",18.6,-0.467169004899286,2.01830013373187
"CD8TCR","CD8 TCR","positive","CD8_CDR3b_length_16","CD8−CDR3b−length−16","CD8TCR___positive___CD8_CDR3b_length_16","B20.9_P7",20.9,-0.0921130098328762,2.01830013373187
"CD8TCR","CD8 TCR","positive","CD8_CDR3b_length_16","CD8−CDR3b−length−16","CD8TCR___positive___CD8_CDR3b_length_16","B21.7_P8",21.7,-1.2970087723125,2.01830013373187
"CD8TCR","CD8 TCR","positive","CD8_CDR3b_length_16","CD8−CDR3b−length−16","CD8TCR___positive___CD8_CDR3b_length_16","B22.4_P9",22.4,0.0902045036530513,2.01830013373187
"CD8TCR","CD8 TCR","positive","CD8_CDR3b_length_16","CD8−CDR3b−length−16","CD8TCR___positive___CD8_CDR3b_length_16","B23.4_P10",23.4,1.14657062929317,2.01830013373187
"CD8TCR","CD8 TCR","positive","CD8_CDR3b_length_16","CD8−CDR3b−length−16","CD8TCR___positive___CD8_CDR3b_length_16","B24.6_P11",24.6,-1.2970087723125,2.01830013373187
"CD8TCR","CD8 TCR","positive","CD8_CDR3b_length_16","CD8−CDR3b−length−16","CD8TCR___positive___CD8_CDR3b_length_16","B26.9_P12",26.9,0.274540606441701,2.01830013373187
"CD8TCR","CD8 TCR","positive","CD8_CDR3b_length_16","CD8−CDR3b−length−16","CD8TCR___positive___CD8_CDR3b_length_16","B31.3_P15",31.3,-0.66977185604049,2.01830013373187
"CD8TCR","CD8 TCR","positive","CD8_CDR3b_length_16","CD8−CDR3b−length−16","CD8TCR___positive___CD8_CDR3b_length_16","B33.3_P17",33.3,0.775968594707973,2.01830013373187
"CD8TCR","CD8 TCR","positive","CD8_CDR3b_length_16","CD8−CDR3b−length−16","CD8TCR___positive___CD8_CDR3b_length_16","B34.1_P18",34.1,-0.892293716087504,2.01830013373187
"CD8TCR","CD8 TCR","positive","CD8_CDR3b_length_16","CD8−CDR3b−length−16","CD8TCR___positive___CD8_CDR3b_length_16","B36.1_P19",36.1,-0.276449112621526,2.01830013373187
"CD8TCR","CD8 TCR","positive","CD8_CDR3b_length_16","CD8−CDR3b−length−16","CD8TCR___positive___CD8_CDR3b_length_16","B37.9_P20",37.9,1.9320455775236,2.01830013373187
"CD8TCR","CD8 TCR","positive","CD8_CDR3b_length_16","CD8−CDR3b−length−16","CD8TCR___positive___CD8_CDR3b_length_16","B38.1_P21",38.1,0.775968594707973,2.01830013373187
"CD8TCR","CD8 TCR","positive","CD8_CDR3b_length_16","CD8−CDR3b−length−16","CD8TCR___positive___CD8_CDR3b_length_16","B39.1_P22",39.1,1.46520932276317,2.01830013373187
"BCR","BCR","negative","IGHV1.2","IGHV1.2","BCR___negative___IGHV1.2","B17.4_P3",17.4,1.47856027266919,-1.63482228213111
"BCR","BCR","negative","IGHV1.2","IGHV1.2","BCR___negative___IGHV1.2","B18.0_P4",18,1.94934371832178,-1.63482228213111
"BCR","BCR","negative","IGHV1.2","IGHV1.2","BCR___negative___IGHV1.2","B18.6_P5",18.6,-1.47856027266919,-1.63482228213111
"BCR","BCR","negative","IGHV1.2","IGHV1.2","BCR___negative___IGHV1.2","B20.9_P7",20.9,1.15722742737201,-1.63482228213111
"BCR","BCR","negative","IGHV1.2","IGHV1.2","BCR___negative___IGHV1.2","B21.7_P8",21.7,0.470156687773793,-1.63482228213111
"BCR","BCR","negative","IGHV1.2","IGHV1.2","BCR___negative___IGHV1.2","B22.4_P9",22.4,0.674472585236049,-1.63482228213111
"BCR","BCR","negative","IGHV1.2","IGHV1.2","BCR___negative___IGHV1.2","B23.4_P10",23.4,-1.15722742737201,-1.63482228213111
"BCR","BCR","negative","IGHV1.2","IGHV1.2","BCR___negative___IGHV1.2","B24.6_P11",24.6,0.898875910679823,-1.63482228213111
"BCR","BCR","negative","IGHV1.2","IGHV1.2","BCR___negative___IGHV1.2","B26.9_P12",26.9,0.277824221892168,-1.63482228213111
"BCR","BCR","negative","IGHV1.2","IGHV1.2","BCR___negative___IGHV1.2","B31.3_P15",31.3,-0.898875910679823,-1.63482228213111
"BCR","BCR","negative","IGHV1.2","IGHV1.2","BCR___negative___IGHV1.2","B33.3_P17",33.3,-0.0919295216753949,-1.63482228213111
"BCR","BCR","negative","IGHV1.2","IGHV1.2","BCR___negative___IGHV1.2","B34.1_P18",34.1,-0.277824221892168,-1.63482228213111
"BCR","BCR","negative","IGHV1.2","IGHV1.2","BCR___negative___IGHV1.2","B36.1_P19",36.1,0.0919295216753951,-1.63482228213111
"BCR","BCR","negative","IGHV1.2","IGHV1.2","BCR___negative___IGHV1.2","B37.9_P20",37.9,-0.470156687773792,-1.63482228213111
"BCR","BCR","negative","IGHV1.2","IGHV1.2","BCR___negative___IGHV1.2","B38.1_P21",38.1,-0.674472585236048,-1.63482228213111
"BCR","BCR","negative","IGHV1.2","IGHV1.2","BCR___negative___IGHV1.2","B39.1_P22",39.1,-1.94934371832178,-1.63482228213111
"BCR","BCR","negative","IGHJ2","IGHJ2","BCR___negative___IGHJ2","B17.4_P3",17.4,0.470156687773793,-1.72306567864581
"BCR","BCR","negative","IGHJ2","IGHJ2","BCR___negative___IGHJ2","B18.0_P4",18,1.15722742737201,-1.72306567864581
"BCR","BCR","negative","IGHJ2","IGHJ2","BCR___negative___IGHJ2","B18.6_P5",18.6,-0.0919295216753949,-1.72306567864581
"BCR","BCR","negative","IGHJ2","IGHJ2","BCR___negative___IGHJ2","B20.9_P7",20.9,0.898875910679823,-1.72306567864581
"BCR","BCR","negative","IGHJ2","IGHJ2","BCR___negative___IGHJ2","B21.7_P8",21.7,0.674472585236049,-1.72306567864581
"BCR","BCR","negative","IGHJ2","IGHJ2","BCR___negative___IGHJ2","B22.4_P9",22.4,1.94934371832178,-1.72306567864581
"BCR","BCR","negative","IGHJ2","IGHJ2","BCR___negative___IGHJ2","B23.4_P10",23.4,0.277824221892168,-1.72306567864581
"BCR","BCR","negative","IGHJ2","IGHJ2","BCR___negative___IGHJ2","B24.6_P11",24.6,1.47856027266919,-1.72306567864581
"BCR","BCR","negative","IGHJ2","IGHJ2","BCR___negative___IGHJ2","B26.9_P12",26.9,-0.674472585236049,-1.72306567864581
"BCR","BCR","negative","IGHJ2","IGHJ2","BCR___negative___IGHJ2","B31.3_P15",31.3,0.091929521675395,-1.72306567864581
"BCR","BCR","negative","IGHJ2","IGHJ2","BCR___negative___IGHJ2","B33.3_P17",33.3,-0.898875910679823,-1.72306567864581
"BCR","BCR","negative","IGHJ2","IGHJ2","BCR___negative___IGHJ2","B34.1_P18",34.1,-1.47856027266919,-1.72306567864581
"BCR","BCR","negative","IGHJ2","IGHJ2","BCR___negative___IGHJ2","B36.1_P19",36.1,-0.277824221892168,-1.72306567864581
"BCR","BCR","negative","IGHJ2","IGHJ2","BCR___negative___IGHJ2","B37.9_P20",37.9,-0.470156687773792,-1.72306567864581
"BCR","BCR","negative","IGHJ2","IGHJ2","BCR___negative___IGHJ2","B38.1_P21",38.1,-1.94934371832178,-1.72306567864581
"BCR","BCR","negative","IGHJ2","IGHJ2","BCR___negative___IGHJ2","B39.1_P22",39.1,-1.15722742737201,-1.72306567864581
"BCR","BCR","positive","IGHJ6","IGHJ6","BCR___positive___IGHJ6","B17.4_P3",17.4,-1.94934371832178,1.96874875954464
"BCR","BCR","positive","IGHJ6","IGHJ6","BCR___positive___IGHJ6","B18.0_P4",18,-1.15722742737201,1.96874875954464
"BCR","BCR","positive","IGHJ6","IGHJ6","BCR___positive___IGHJ6","B18.6_P5",18.6,-0.091929521675395,1.96874875954464
"BCR","BCR","positive","IGHJ6","IGHJ6","BCR___positive___IGHJ6","B20.9_P7",20.9,-0.898875910679823,1.96874875954464
"BCR","BCR","positive","IGHJ6","IGHJ6","BCR___positive___IGHJ6","B21.7_P8",21.7,-0.674472585236049,1.96874875954464
"BCR","BCR","positive","IGHJ6","IGHJ6","BCR___positive___IGHJ6","B22.4_P9",22.4,-1.47856027266919,1.96874875954464
"BCR","BCR","positive","IGHJ6","IGHJ6","BCR___positive___IGHJ6","B23.4_P10",23.4,-0.470156687773793,1.96874875954464
"BCR","BCR","positive","IGHJ6","IGHJ6","BCR___positive___IGHJ6","B24.6_P11",24.6,0.091929521675395,1.96874875954464
"BCR","BCR","positive","IGHJ6","IGHJ6","BCR___positive___IGHJ6","B26.9_P12",26.9,-0.277824221892168,1.96874875954464
"BCR","BCR","positive","IGHJ6","IGHJ6","BCR___positive___IGHJ6","B31.3_P15",31.3,0.277824221892168,1.96874875954464
"BCR","BCR","positive","IGHJ6","IGHJ6","BCR___positive___IGHJ6","B33.3_P17",33.3,0.470156687773793,1.96874875954464
"BCR","BCR","positive","IGHJ6","IGHJ6","BCR___positive___IGHJ6","B34.1_P18",34.1,0.898875910679823,1.96874875954464
"BCR","BCR","positive","IGHJ6","IGHJ6","BCR___positive___IGHJ6","B36.1_P19",36.1,1.94934371832178,1.96874875954464
"BCR","BCR","positive","IGHJ6","IGHJ6","BCR___positive___IGHJ6","B37.9_P20",37.9,1.15722742737201,1.96874875954464
"BCR","BCR","positive","IGHJ6","IGHJ6","BCR___positive___IGHJ6","B38.1_P21",38.1,1.47856027266919,1.96874875954464
"BCR","BCR","positive","IGHJ6","IGHJ6","BCR___positive___IGHJ6","B39.1_P22",39.1,0.674472585236049,1.96874875954464
"BCR","BCR","positive","IGHJ5","IGHJ5","BCR___positive___IGHJ5","B17.4_P3",17.4,0.277824221892168,1.61560158662493
"BCR","BCR","positive","IGHJ5","IGHJ5","BCR___positive___IGHJ5","B18.0_P4",18,-0.898875910679823,1.61560158662493
"BCR","BCR","positive","IGHJ5","IGHJ5","BCR___positive___IGHJ5","B18.6_P5",18.6,0.898875910679823,1.61560158662493
"BCR","BCR","positive","IGHJ5","IGHJ5","BCR___positive___IGHJ5","B20.9_P7",20.9,-0.277824221892168,1.61560158662493
"BCR","BCR","positive","IGHJ5","IGHJ5","BCR___positive___IGHJ5","B21.7_P8",21.7,-1.94934371832178,1.61560158662493
"BCR","BCR","positive","IGHJ5","IGHJ5","BCR___positive___IGHJ5","B22.4_P9",22.4,-1.15722742737201,1.61560158662493
"BCR","BCR","positive","IGHJ5","IGHJ5","BCR___positive___IGHJ5","B23.4_P10",23.4,-1.47856027266919,1.61560158662493
"BCR","BCR","positive","IGHJ5","IGHJ5","BCR___positive___IGHJ5","B24.6_P11",24.6,-0.674472585236049,1.61560158662493
"BCR","BCR","positive","IGHJ5","IGHJ5","BCR___positive___IGHJ5","B26.9_P12",26.9,-0.0919295216753949,1.61560158662493
"BCR","BCR","positive","IGHJ5","IGHJ5","BCR___positive___IGHJ5","B31.3_P15",31.3,-0.470156687773792,1.61560158662493
"BCR","BCR","positive","IGHJ5","IGHJ5","BCR___positive___IGHJ5","B33.3_P17",33.3,0.674472585236049,1.61560158662493
"BCR","BCR","positive","IGHJ5","IGHJ5","BCR___positive___IGHJ5","B34.1_P18",34.1,0.470156687773793,1.61560158662493
"BCR","BCR","positive","IGHJ5","IGHJ5","BCR___positive___IGHJ5","B36.1_P19",36.1,0.091929521675395,1.61560158662493
"BCR","BCR","positive","IGHJ5","IGHJ5","BCR___positive___IGHJ5","B37.9_P20",37.9,1.15722742737201,1.61560158662493
"BCR","BCR","positive","IGHJ5","IGHJ5","BCR___positive___IGHJ5","B38.1_P21",38.1,1.47856027266919,1.61560158662493
"BCR","BCR","positive","IGHJ5","IGHJ5","BCR___positive___IGHJ5","B39.1_P22",39.1,1.94934371832178,1.61560158662493
