"source","target","ligand","receptor","prob","pval","interaction_name","interaction_name_2","pathway_name","annotation","evidence","source.target","prob.original","group.names","dataset"
"CD14+PPBP+ Monocytes","Naïve CD8 T","ADGRE5","CD55",0.300361237561715,3,"ADGRE5_CD55","ADGRE5 - CD55","ADGRE5","Cell-Cell Contact","PMID: 11297558","CD14+PPBP+ Monocytes -> Naïve CD8 T (PBMC_Early)",0.0358172947055446,"CD14+PPBP+ Monocytes -> Naïve CD8 T","PBMC_Early"
"CD56highCD16low NK","Naïve CD8 T","ADGRE5","CD55",0.274601690574272,3,"ADGRE5_CD55","ADGRE5 - CD55","ADGRE5","Cell-Cell Contact","PMID: 11297558","CD56highCD16low NK -> Naïve CD8 T (PBMC_Early)",0.026209373173109,"CD56highCD16low NK -> Naïve CD8 T","PBMC_Early"
"Classical Monocytes","Naïve CD8 T","ADGRE5","CD55",0.31658184722361,3,"ADGRE5_CD55","ADGRE5 - CD55","ADGRE5","Cell-Cell Contact","PMID: 11297558","Classical Monocytes -> Naïve CD8 T (PBMC_Early)",0.0424791968689814,"Classical Monocytes -> Naïve CD8 T","PBMC_Early"
"CX3CR1+ NK","Naïve CD8 T","ADGRE5","CD55",0.31653383795884,3,"ADGRE5_CD55","ADGRE5 - CD55","ADGRE5","Cell-Cell Contact","PMID: 11297558","CX3CR1+ NK -> Naïve CD8 T (PBMC_Early)",0.0424588503006869,"CX3CR1+ NK -> Naïve CD8 T","PBMC_Early"
"CXCR6+ NK","Naïve CD8 T","ADGRE5","CD55",0.308671663150163,3,"ADGRE5_CD55","ADGRE5 - CD55","ADGRE5","Cell-Cell Contact","PMID: 11297558","CXCR6+ NK -> Naïve CD8 T (PBMC_Early)",0.0391761012972347,"CXCR6+ NK -> Naïve CD8 T","PBMC_Early"
"DC2","Naïve CD8 T","ADGRE5","CD55",0.278942506933516,3,"ADGRE5_CD55","ADGRE5 - CD55","ADGRE5","Cell-Cell Contact","PMID: 11297558","DC2 -> Naïve CD8 T (PBMC_Early)",0.0277375513591872,"DC2 -> Naïve CD8 T","PBMC_Early"
"Gamma Delta V1 T","Naïve CD8 T","ADGRE5","CD55",0.225117570567346,3,"ADGRE5_CD55","ADGRE5 - CD55","ADGRE5","Cell-Cell Contact","PMID: 11297558","Gamma Delta V1 T -> Naïve CD8 T (PBMC_Early)",0.0117709190604185,"Gamma Delta V1 T -> Naïve CD8 T","PBMC_Early"
"Gamma Delta V2 T","Naïve CD8 T","ADGRE5","CD55",0.230271270438474,3,"ADGRE5_CD55","ADGRE5 - CD55","ADGRE5","Cell-Cell Contact","PMID: 11297558","Gamma Delta V2 T -> Naïve CD8 T (PBMC_Early)",0.0130013231964043,"Gamma Delta V2 T -> Naïve CD8 T","PBMC_Early"
"GNG4 +CD8aa+T","Naïve CD8 T","ADGRE5","CD55",0.204455159690598,3,"ADGRE5_CD55","ADGRE5 - CD55","ADGRE5","Cell-Cell Contact","PMID: 11297558","GNG4 +CD8aa+T -> Naïve CD8 T (PBMC_Early)",0.00751354414931966,"GNG4 +CD8aa+T -> Naïve CD8 T","PBMC_Early"
"HSC_MPP","Naïve CD8 T","ADGRE5","CD55",0.188527274460782,3,"ADGRE5_CD55","ADGRE5 - CD55","ADGRE5","Cell-Cell Contact","PMID: 11297558","HSC_MPP -> Naïve CD8 T (PBMC_Early)",0.00497031380264283,"HSC_MPP -> Naïve CD8 T","PBMC_Early"
"ILC2/3","Naïve CD8 T","ADGRE5","CD55",0.229096362062693,3,"ADGRE5_CD55","ADGRE5 - CD55","ADGRE5","Cell-Cell Contact","PMID: 11297558","ILC2/3 -> Naïve CD8 T (PBMC_Early)",0.012714967106746,"ILC2/3 -> Naïve CD8 T","PBMC_Early"
"Macrophages","Naïve CD8 T","ADGRE5","CD55",0.320736482453728,3,"ADGRE5_CD55","ADGRE5 - CD55","ADGRE5","Cell-Cell Contact","PMID: 11297558","Macrophages -> Naïve CD8 T (PBMC_Early)",0.0442533456065565,"Macrophages -> Naïve CD8 T","PBMC_Early"
"Myeloid-CD177","Naïve CD8 T","ADGRE5","CD55",0.274435298700647,3,"ADGRE5_CD55","ADGRE5 - CD55","ADGRE5","Cell-Cell Contact","PMID: 11297558","Myeloid-CD177 -> Naïve CD8 T (PBMC_Early)",0.0261515680663971,"Myeloid-CD177 -> Naïve CD8 T","PBMC_Early"
"Naïve CD4 T","Naïve CD8 T","ADGRE5","CD55",0.222249397498858,3,"ADGRE5_CD55","ADGRE5 - CD55","ADGRE5","Cell-Cell Contact","PMID: 11297558","Naïve CD4 T -> Naïve CD8 T (PBMC_Early)",0.0111151107463064,"Naïve CD4 T -> Naïve CD8 T","PBMC_Early"
"Naïve CD8 T","Naïve CD8 T","ADGRE5","CD55",0.218703679112387,3,"ADGRE5_CD55","ADGRE5 - CD55","ADGRE5","Cell-Cell Contact","PMID: 11297558","Naïve CD8 T -> Naïve CD8 T (PBMC_Early)",0.0103331636065791,"Naïve CD8 T -> Naïve CD8 T","PBMC_Early"
"NK T","Naïve CD8 T","ADGRE5","CD55",0.237354633435067,3,"ADGRE5_CD55","ADGRE5 - CD55","ADGRE5","Cell-Cell Contact","PMID: 11297558","NK T -> Naïve CD8 T (PBMC_Early)",0.0148003414146667,"NK T -> Naïve CD8 T","PBMC_Early"
"Others","Naïve CD8 T","ADGRE5","CD55",0.231321227162462,3,"ADGRE5_CD55","ADGRE5 - CD55","ADGRE5","Cell-Cell Contact","PMID: 11297558","Others -> Naïve CD8 T (PBMC_Early)",0.0132601391260855,"Others -> Naïve CD8 T","PBMC_Early"
"pDC","Naïve CD8 T","ADGRE5","CD55",0.221047278643642,3,"ADGRE5_CD55","ADGRE5 - CD55","ADGRE5","Cell-Cell Contact","PMID: 11297558","pDC -> Naïve CD8 T (PBMC_Early)",0.010846432298384,"pDC -> Naïve CD8 T","PBMC_Early"
"Tem","Naïve CD8 T","ADGRE5","CD55",0.227691139282526,3,"ADGRE5_CD55","ADGRE5 - CD55","ADGRE5","Cell-Cell Contact","PMID: 11297558","Tem -> Naïve CD8 T (PBMC_Early)",0.012377011613272,"Tem -> Naïve CD8 T","PBMC_Early"
"Th17like_INNATE_T","Naïve CD8 T","ADGRE5","CD55",0.23248931508462,3,"ADGRE5_CD55","ADGRE5 - CD55","ADGRE5","Cell-Cell Contact","PMID: 11297558","Th17like_INNATE_T -> Naïve CD8 T (PBMC_Early)",0.0135512980281917,"Th17like_INNATE_T -> Naïve CD8 T","PBMC_Early"
"Treg","Naïve CD8 T","ADGRE5","CD55",0.221305804790242,3,"ADGRE5_CD55","ADGRE5 - CD55","ADGRE5","Cell-Cell Contact","PMID: 11297558","Treg -> Naïve CD8 T (PBMC_Early)",0.0109039049830461,"Treg -> Naïve CD8 T","PBMC_Early"
"CD14+PPBP+ Monocytes","NK T","ADGRE5","CD55",0.226992421440298,3,"ADGRE5_CD55","ADGRE5 - CD55","ADGRE5","Cell-Cell Contact","PMID: 11297558","CD14+PPBP+ Monocytes -> NK T (PBMC_Early)",0.0122108128303438,"CD14+PPBP+ Monocytes -> NK T","PBMC_Early"
"CD56highCD16low NK","NK T","ADGRE5","CD55",0.211671868537228,3,"ADGRE5_CD55","ADGRE5 - CD55","ADGRE5","Cell-Cell Contact","PMID: 11297558","CD56highCD16low NK -> NK T (PBMC_Early)",0.00887698465351668,"CD56highCD16low NK -> NK T","PBMC_Early"
"Classical Monocytes","NK T","ADGRE5","CD55",0.236390659708518,3,"ADGRE5_CD55","ADGRE5 - CD55","ADGRE5","Cell-Cell Contact","PMID: 11297558","Classical Monocytes -> NK T (PBMC_Early)",0.0145482352092565,"Classical Monocytes -> NK T","PBMC_Early"
"CX3CR1+ NK","NK T","ADGRE5","CD55",0.236363110252323,3,"ADGRE5_CD55","ADGRE5 - CD55","ADGRE5","Cell-Cell Contact","PMID: 11297558","CX3CR1+ NK -> NK T (PBMC_Early)",0.0145410637708498,"CX3CR1+ NK -> NK T","PBMC_Early"
"CXCR6+ NK","NK T","ADGRE5","CD55",0.231830365126087,3,"ADGRE5_CD55","ADGRE5 - CD55","ADGRE5","Cell-Cell Contact","PMID: 11297558","CXCR6+ NK -> NK T (PBMC_Early)",0.0133866305216843,"CXCR6+ NK -> NK T","PBMC_Early"
"DC2","NK T","ADGRE5","CD55",0.214289465419506,3,"ADGRE5_CD55","ADGRE5 - CD55","ADGRE5","Cell-Cell Contact","PMID: 11297558","DC2 -> NK T (PBMC_Early)",0.00940433075922124,"DC2 -> NK T","PBMC_Early"
"Gamma Delta V2 T","NK T","ADGRE5","CD55",0.184016714493208,3,"ADGRE5_CD55","ADGRE5 - CD55","ADGRE5","Cell-Cell Contact","PMID: 11297558","Gamma Delta V2 T -> NK T (PBMC_Early)",0.00436433713704983,"Gamma Delta V2 T -> NK T","PBMC_Early"
"HSC_MPP","NK T","ADGRE5","CD55",0.156219537993391,3,"ADGRE5_CD55","ADGRE5 - CD55","ADGRE5","Cell-Cell Contact","PMID: 11297558","HSC_MPP -> NK T (PBMC_Early)",0.00165948499771288,"HSC_MPP -> NK T","PBMC_Early"
"ILC2/3","NK T","ADGRE5","CD55",0.183259165202602,2,"ADGRE5_CD55","ADGRE5 - CD55","ADGRE5","Cell-Cell Contact","PMID: 11297558","ILC2/3 -> NK T (PBMC_Early)",0.00426738947552755,"ILC2/3 -> NK T","PBMC_Early"
"Macrophages","NK T","ADGRE5","CD55",0.238768904971722,3,"ADGRE5_CD55","ADGRE5 - CD55","ADGRE5","Cell-Cell Contact","PMID: 11297558","Macrophages -> NK T (PBMC_Early)",0.0151743307587653,"Macrophages -> NK T","PBMC_Early"
"Myeloid-CD177","NK T","ADGRE5","CD55",0.211571230505556,3,"ADGRE5_CD55","ADGRE5 - CD55","ADGRE5","Cell-Cell Contact","PMID: 11297558","Myeloid-CD177 -> NK T (PBMC_Early)",0.00885705866090331,"Myeloid-CD177 -> NK T","PBMC_Early"
"Naïve CD4 T","NK T","ADGRE5","CD55",0.178817195979383,3,"ADGRE5_CD55","ADGRE5 - CD55","ADGRE5","Cell-Cell Contact","PMID: 11297558","Naïve CD4 T -> NK T (PBMC_Early)",0.00372643477431581,"Naïve CD4 T -> NK T","PBMC_Early"
"Naïve CD8 T","NK T","ADGRE5","CD55",0.176498334458148,3,"ADGRE5_CD55","ADGRE5 - CD55","ADGRE5","Cell-Cell Contact","PMID: 11297558","Naïve CD8 T -> NK T (PBMC_Early)",0.00346246039886713,"Naïve CD8 T -> NK T","PBMC_Early"
"NK T","NK T","ADGRE5","CD55",0.188555501127921,3,"ADGRE5_CD55","ADGRE5 - CD55","ADGRE5","Cell-Cell Contact","PMID: 11297558","NK T -> NK T (PBMC_Early)",0.0049742620327044,"NK T -> NK T","PBMC_Early"
"pDC","NK T","ADGRE5","CD55",0.178032459922509,3,"ADGRE5_CD55","ADGRE5 - CD55","ADGRE5","Cell-Cell Contact","PMID: 11297558","pDC -> NK T (PBMC_Early)",0.00363570141375047,"pDC -> NK T","PBMC_Early"
"Tem","NK T","ADGRE5","CD55",0.182351331966179,2,"ADGRE5_CD55","ADGRE5 - CD55","ADGRE5","Cell-Cell Contact","PMID: 11297558","Tem -> NK T (PBMC_Early)",0.00415302056836331,"Tem -> NK T","PBMC_Early"
"Th17like_INNATE_T","NK T","ADGRE5","CD55",0.185443173727172,3,"ADGRE5_CD55","ADGRE5 - CD55","ADGRE5","Cell-Cell Contact","PMID: 11297558","Th17like_INNATE_T -> NK T (PBMC_Early)",0.00455063943814294,"Th17like_INNATE_T -> NK T","PBMC_Early"
"Treg","NK T","ADGRE5","CD55",0.178201348193377,3,"ADGRE5_CD55","ADGRE5 - CD55","ADGRE5","Cell-Cell Contact","PMID: 11297558","Treg -> NK T (PBMC_Early)",0.00365510732296378,"Treg -> NK T","PBMC_Early"
"Mid_ERY","Naïve CD8 T",NA,NA,NA,1,NA,"ADGRE5 - CD55",NA,NA,NA,"Mid_ERY -> Naïve CD8 T (PBMC_Early)",NA,"Mid_ERY -> Naïve CD8 T","PBMC_Early"
"Mid_ERY","NK T",NA,NA,NA,1,NA,"ADGRE5 - CD55",NA,NA,NA,"Mid_ERY -> NK T (PBMC_Early)",NA,"Mid_ERY -> NK T","PBMC_Early"
"CD14+PPBP+ Monocytes","Naïve CD8 T","ADGRE5","CD55",0.319799546631545,3,"ADGRE5_CD55","ADGRE5 - CD55","ADGRE5","Cell-Cell Contact","PMID: 11297558","CD14+PPBP+ Monocytes -> Naïve CD8 T (PBMC_Late)",0.0438509550952066,"CD14+PPBP+ Monocytes -> Naïve CD8 T","PBMC_Late"
"CD56highCD16low NK","Naïve CD8 T","ADGRE5","CD55",0.276361484957172,3,"ADGRE5_CD55","ADGRE5 - CD55","ADGRE5","Cell-Cell Contact","PMID: 11297558","CD56highCD16low NK -> Naïve CD8 T (PBMC_Late)",0.0268242427224905,"CD56highCD16low NK -> Naïve CD8 T","PBMC_Late"
"Classical Monocytes","Naïve CD8 T","ADGRE5","CD55",0.301474664457423,3,"ADGRE5_CD55","ADGRE5 - CD55","ADGRE5","Cell-Cell Contact","PMID: 11297558","Classical Monocytes -> Naïve CD8 T (PBMC_Late)",0.0362604261621188,"Classical Monocytes -> Naïve CD8 T","PBMC_Late"
"CX3CR1+ NK","Naïve CD8 T","ADGRE5","CD55",0.317476974410533,3,"ADGRE5_CD55","ADGRE5 - CD55","ADGRE5","Cell-Cell Contact","PMID: 11297558","CX3CR1+ NK -> Naïve CD8 T (PBMC_Late)",0.0428592096197534,"CX3CR1+ NK -> Naïve CD8 T","PBMC_Late"
"CXCR6+ NK","Naïve CD8 T","ADGRE5","CD55",0.309953332529446,3,"ADGRE5_CD55","ADGRE5 - CD55","ADGRE5","Cell-Cell Contact","PMID: 11297558","CXCR6+ NK -> Naïve CD8 T (PBMC_Late)",0.0397044447798534,"CXCR6+ NK -> Naïve CD8 T","PBMC_Late"
"DC2","Naïve CD8 T","ADGRE5","CD55",0.264325571689281,3,"ADGRE5_CD55","ADGRE5 - CD55","ADGRE5","Cell-Cell Contact","PMID: 11297558","DC2 -> Naïve CD8 T (PBMC_Late)",0.0227494745490495,"DC2 -> Naïve CD8 T","PBMC_Late"
"Macrophages","Naïve CD8 T","ADGRE5","CD55",0.426083335947922,3,"ADGRE5_CD55","ADGRE5 - CD55","ADGRE5","Cell-Cell Contact","PMID: 11297558","Macrophages -> Naïve CD8 T (PBMC_Late)",0.0956596482099844,"Macrophages -> Naïve CD8 T","PBMC_Late"
"Myeloid-CD177","Naïve CD8 T","ADGRE5","CD55",0.275840297272264,3,"ADGRE5_CD55","ADGRE5 - CD55","ADGRE5","Cell-Cell Contact","PMID: 11297558","Myeloid-CD177 -> Naïve CD8 T (PBMC_Late)",0.0266414736875662,"Myeloid-CD177 -> Naïve CD8 T","PBMC_Late"
"NK T","Naïve CD8 T","ADGRE5","CD55",0.229382288470559,2,"ADGRE5_CD55","ADGRE5 - CD55","ADGRE5","Cell-Cell Contact","PMID: 11297558","NK T -> Naïve CD8 T (PBMC_Late)",0.0127843373890797,"NK T -> Naïve CD8 T","PBMC_Late"
"CD14+PPBP+ Monocytes","NK T","ADGRE5","CD55",0.241958234128581,3,"ADGRE5_CD55","ADGRE5 - CD55","ADGRE5","Cell-Cell Contact","PMID: 11297558","CD14+PPBP+ Monocytes -> NK T (PBMC_Late)",0.0160355893206594,"CD14+PPBP+ Monocytes -> NK T","PBMC_Late"
"Classical Monocytes","NK T","ADGRE5","CD55",0.231051617953471,3,"ADGRE5_CD55","ADGRE5 - CD55","ADGRE5","Cell-Cell Contact","PMID: 11297558","Classical Monocytes -> NK T (PBMC_Late)",0.0131934179976956,"Classical Monocytes -> NK T","PBMC_Late"
"CX3CR1+ NK","NK T","ADGRE5","CD55",0.240588284953622,3,"ADGRE5_CD55","ADGRE5 - CD55","ADGRE5","Cell-Cell Contact","PMID: 11297558","CX3CR1+ NK -> NK T (PBMC_Late)",0.0156626190211888,"CX3CR1+ NK -> NK T","PBMC_Late"
"CXCR6+ NK","NK T","ADGRE5","CD55",0.236126109319322,2,"ADGRE5_CD55","ADGRE5 - CD55","ADGRE5","Cell-Cell Contact","PMID: 11297558","CXCR6+ NK -> NK T (PBMC_Late)",0.0144794467426922,"CXCR6+ NK -> NK T","PBMC_Late"
NA,"Naïve CD8 T",NA,NA,NA,1,NA,"ADGRE5 - CD55",NA,NA,NA,"NA",NA,"DPP T -> Naïve CD8 T","PBMC_Late"
NA,"NK T",NA,NA,NA,1,NA,"ADGRE5 - CD55",NA,NA,NA,"NA",NA,"DPP T -> NK T","PBMC_Late"
"Late_ERY","Naïve CD8 T",NA,NA,NA,1,NA,"ADGRE5 - CD55",NA,NA,NA,"Late_ERY -> Naïve CD8 T (PBMC_Late)",NA,"Late_ERY -> Naïve CD8 T","PBMC_Late"
"Late_ERY","NK T",NA,NA,NA,1,NA,"ADGRE5 - CD55",NA,NA,NA,"Late_ERY -> NK T (PBMC_Late)",NA,"Late_ERY -> NK T","PBMC_Late"
"Mid_ERY","Naïve CD8 T",NA,NA,NA,1,NA,"ADGRE5 - CD55",NA,NA,NA,"Mid_ERY -> Naïve CD8 T (PBMC_Late)",NA,"Mid_ERY -> Naïve CD8 T","PBMC_Late"
"Mid_ERY","NK T",NA,NA,NA,1,NA,"ADGRE5 - CD55",NA,NA,NA,"Mid_ERY -> NK T (PBMC_Late)",NA,"Mid_ERY -> NK T","PBMC_Late"
NA,"Naïve CD8 T",NA,NA,NA,1,NA,"ADGRE5 - CD55",NA,NA,NA,"NA",NA,"Small pre-B -> Naïve CD8 T","PBMC_Late"
NA,"NK T",NA,NA,NA,1,NA,"ADGRE5 - CD55",NA,NA,NA,"NA",NA,"Small pre-B -> NK T","PBMC_Late"
"DC1","Naïve CD8 T","ALCAM","CD6",0.225835698534586,3,"ALCAM_CD6","ALCAM - CD6","ALCAM","Cell-Cell Contact","KEGG: hsa04514","DC1 -> Naïve CD8 T (PBMC_Early)",0.0119383675070882,"DC1 -> Naïve CD8 T","PBMC_Early"
"DC2","Naïve CD8 T","ALCAM","CD6",0.246290562985964,3,"ALCAM_CD6","ALCAM - CD6","ALCAM","Cell-Cell Contact","KEGG: hsa04514","DC2 -> Naïve CD8 T (PBMC_Early)",0.0172447955075598,"DC2 -> Naïve CD8 T","PBMC_Early"
"Endothelial cells","Naïve CD8 T","ALCAM","CD6",0.254370268724512,3,"ALCAM_CD6","ALCAM - CD6","ALCAM","Cell-Cell Contact","KEGG: hsa04514","Endothelial cells -> Naïve CD8 T (PBMC_Early)",0.0196186025843805,"Endothelial cells -> Naïve CD8 T","PBMC_Early"
"HSC_MPP","Naïve CD8 T","ALCAM","CD6",0.187329194687824,3,"ALCAM_CD6","ALCAM - CD6","ALCAM","Cell-Cell Contact","KEGG: hsa04514","HSC_MPP -> Naïve CD8 T (PBMC_Early)",0.00480452918642836,"HSC_MPP -> Naïve CD8 T","PBMC_Early"
"Large pre-B","Naïve CD8 T","ALCAM","CD6",0.210139668595262,3,"ALCAM_CD6","ALCAM - CD6","ALCAM","Cell-Cell Contact","KEGG: hsa04514","Large pre-B -> Naïve CD8 T (PBMC_Early)",0.00857641076664212,"Large pre-B -> Naïve CD8 T","PBMC_Early"
"pDC","Naïve CD8 T","ALCAM","CD6",0.198858211583359,3,"ALCAM_CD6","ALCAM - CD6","ALCAM","Cell-Cell Contact","KEGG: hsa04514","pDC -> Naïve CD8 T (PBMC_Early)",0.00654726020479908,"pDC -> Naïve CD8 T","PBMC_Early"
"Small pre-B","Naïve CD8 T","ALCAM","CD6",0.149399444783002,3,"ALCAM_CD6","ALCAM - CD6","ALCAM","Cell-Cell Contact","KEGG: hsa04514","NA",0.00123898187721783,"Small pre-B -> Naïve CD8 T","PBMC_Early"
"DC1","NK T","ALCAM","CD6",0.191836727829443,3,"ALCAM_CD6","ALCAM - CD6","ALCAM","Cell-Cell Contact","KEGG: hsa04514","DC1 -> NK T (PBMC_Early)",0.0054465867877724,"DC1 -> NK T","PBMC_Early"
"DC2","NK T","ALCAM","CD6",0.206522454441913,3,"ALCAM_CD6","ALCAM - CD6","ALCAM","Cell-Cell Contact","KEGG: hsa04514","DC2 -> NK T (PBMC_Early)",0.0078905574646782,"DC2 -> NK T","PBMC_Early"
"Endothelial cells","NK T","ALCAM","CD6",0.212232686477647,3,"ALCAM_CD6","ALCAM - CD6","ALCAM","Cell-Cell Contact","KEGG: hsa04514","Endothelial cells -> NK T (PBMC_Early)",0.00898849767748883,"Endothelial cells -> NK T","PBMC_Early"
"HSC_MPP","NK T","ALCAM","CD6",0.16321513317127,3,"ALCAM_CD6","ALCAM - CD6","ALCAM","Cell-Cell Contact","KEGG: hsa04514","HSC_MPP -> NK T (PBMC_Early)",0.0021833762794086,"HSC_MPP -> NK T","PBMC_Early"
"Large pre-B","NK T","ALCAM","CD6",0.180331055756883,3,"ALCAM_CD6","ALCAM - CD6","ALCAM","Cell-Cell Contact","KEGG: hsa04514","Large pre-B -> NK T (PBMC_Early)",0.00390555045791335,"Large pre-B -> NK T","PBMC_Early"
"pDC","NK T","ALCAM","CD6",0.171926487626199,3,"ALCAM_CD6","ALCAM - CD6","ALCAM","Cell-Cell Contact","KEGG: hsa04514","pDC -> NK T (PBMC_Early)",0.00297819037340235,"pDC -> NK T","PBMC_Early"
"Small pre-B","NK T","ALCAM","CD6",0.133616517956589,3,"ALCAM_CD6","ALCAM - CD6","ALCAM","Cell-Cell Contact","KEGG: hsa04514","NA",0.000561946097335151,"Small pre-B -> NK T","PBMC_Early"
"DC1","Naïve CD8 T","ALCAM","CD6",0.188919700131282,3,"ALCAM_CD6","ALCAM - CD6","ALCAM","Cell-Cell Contact","KEGG: hsa04514","DC1 -> Naïve CD8 T (PBMC_Late)",0.0050253799286368,"DC1 -> Naïve CD8 T","PBMC_Late"
"DC2","Naïve CD8 T","ALCAM","CD6",0.198566824270746,3,"ALCAM_CD6","ALCAM - CD6","ALCAM","Cell-Cell Contact","KEGG: hsa04514","DC2 -> Naïve CD8 T (PBMC_Late)",0.006499123252382,"DC2 -> Naïve CD8 T","PBMC_Late"
"DNQ T","Naïve CD8 T","ALCAM","CD6",0.190753505854888,3,"ALCAM_CD6","ALCAM - CD6","ALCAM","Cell-Cell Contact","KEGG: hsa04514","DNQ T -> Naïve CD8 T (PBMC_Late)",0.00528772275485397,"DNQ T -> Naïve CD8 T","PBMC_Late"
"HSC_MPP","Naïve CD8 T","ALCAM","CD6",0.161696188880944,3,"ALCAM_CD6","ALCAM - CD6","ALCAM","Cell-Cell Contact","KEGG: hsa04514","HSC_MPP -> Naïve CD8 T (PBMC_Late)",0.00206126035585326,"HSC_MPP -> Naïve CD8 T","PBMC_Late"
"Large pre-B","Naïve CD8 T","ALCAM","CD6",0.131326811150875,3,"ALCAM_CD6","ALCAM - CD6","ALCAM","Cell-Cell Contact","KEGG: hsa04514","Large pre-B -> Naïve CD8 T (PBMC_Late)",0.000493202188970705,"Large pre-B -> Naïve CD8 T","PBMC_Late"
"MEMP","Naïve CD8 T","ALCAM","CD6",0.140005413245996,3,"ALCAM_CD6","ALCAM - CD6","ALCAM","Cell-Cell Contact","KEGG: hsa04514","MEMP -> Naïve CD8 T (PBMC_Late)",0.000790708667204203,"MEMP -> Naïve CD8 T","PBMC_Late"
"MEP","Naïve CD8 T","ALCAM","CD6",0.14212799271414,3,"ALCAM_CD6","ALCAM - CD6","ALCAM","Cell-Cell Contact","KEGG: hsa04514","MEP -> Naïve CD8 T (PBMC_Late)",0.000879715804652399,"MEP -> Naïve CD8 T","PBMC_Late"
"pDC","Naïve CD8 T","ALCAM","CD6",0.173033810253039,3,"ALCAM_CD6","ALCAM - CD6","ALCAM","Cell-Cell Contact","KEGG: hsa04514","pDC -> Naïve CD8 T (PBMC_Late)",0.00309113370812151,"pDC -> Naïve CD8 T","PBMC_Late"
"DC1","NK T","ALCAM","CD6",0.191467307463334,3,"ALCAM_CD6","ALCAM - CD6","ALCAM","Cell-Cell Contact","KEGG: hsa04514","DC1 -> NK T (PBMC_Late)",0.00539208174001555,"DC1 -> NK T","PBMC_Late"
"DC2","NK T","ALCAM","CD6",0.201378816692082,3,"ALCAM_CD6","ALCAM - CD6","ALCAM","Cell-Cell Contact","KEGG: hsa04514","DC2 -> NK T (PBMC_Late)",0.00697261045180662,"DC2 -> NK T","PBMC_Late"
"DNQ T","NK T","ALCAM","CD6",0.193350432216669,3,"ALCAM_CD6","ALCAM - CD6","ALCAM","Cell-Cell Contact","KEGG: hsa04514","DNQ T -> NK T (PBMC_Late)",0.00567345855739727,"DNQ T -> NK T","PBMC_Late"
"HSC_MPP","NK T","ALCAM","CD6",0.163564668774117,3,"ALCAM_CD6","ALCAM - CD6","ALCAM","Cell-Cell Contact","KEGG: hsa04514","HSC_MPP -> NK T (PBMC_Late)",0.00221215134420095,"HSC_MPP -> NK T","PBMC_Late"
"Large pre-B","NK T","ALCAM","CD6",0.13255868800887,3,"ALCAM_CD6","ALCAM - CD6","ALCAM","Cell-Cell Contact","KEGG: hsa04514","Large pre-B -> NK T (PBMC_Late)",0.000529367089534883,"Large pre-B -> NK T","PBMC_Late"
"MEMP","NK T","ALCAM","CD6",0.141405916549779,3,"ALCAM_CD6","ALCAM - CD6","ALCAM","Cell-Cell Contact","KEGG: hsa04514","MEMP -> NK T (PBMC_Late)",0.000848670220026496,"MEMP -> NK T","PBMC_Late"
"MEP","NK T","ALCAM","CD6",0.143571367449848,3,"ALCAM_CD6","ALCAM - CD6","ALCAM","Cell-Cell Contact","KEGG: hsa04514","MEP -> NK T (PBMC_Late)",0.000944195708872444,"MEP -> NK T","PBMC_Late"
"pDC","NK T","ALCAM","CD6",0.175172916937452,3,"ALCAM_CD6","ALCAM - CD6","ALCAM","Cell-Cell Contact","KEGG: hsa04514","pDC -> NK T (PBMC_Late)",0.00331716419067255,"pDC -> NK T","PBMC_Late"
"abTentry","Naïve CD8 T","APP","CD74",0.244187016920377,3,"APP_CD74","APP - CD74","APP","Cell-Cell Contact","PMID: 19849849","abTentry -> Naïve CD8 T (PBMC_Early)",0.0166520521049815,"abTentry -> Naïve CD8 T","PBMC_Early"
"CD14+PPBP+ Monocytes","Naïve CD8 T","APP","CD74",0.24184489414047,3,"APP_CD74","APP - CD74","APP","Cell-Cell Contact","PMID: 19849849","CD14+PPBP+ Monocytes -> Naïve CD8 T (PBMC_Early)",0.0160045601451787,"CD14+PPBP+ Monocytes -> Naïve CD8 T","PBMC_Early"
"CXCR5- Naïve B","Naïve CD8 T","APP","CD74",0.232570076686123,3,"APP_CD74","APP - CD74","APP","Cell-Cell Contact","PMID: 19849849","CXCR5- Naïve B -> Naïve CD8 T (PBMC_Early)",0.0135715540131909,"CXCR5- Naïve B -> Naïve CD8 T","PBMC_Early"
"CXCR5+ Naïve B","Naïve CD8 T","APP","CD74",0.227472093573221,3,"APP_CD74","APP - CD74","APP","Cell-Cell Contact","PMID: 19849849","CXCR5+ Naïve B -> Naïve CD8 T (PBMC_Early)",0.0123247770156106,"CXCR5+ Naïve B -> Naïve CD8 T","PBMC_Early"
"DC2","Naïve CD8 T","APP","CD74",0.216554112738395,3,"APP_CD74","APP - CD74","APP","Cell-Cell Contact","PMID: 19849849","DC2 -> Naïve CD8 T (PBMC_Early)",0.00987465939922322,"DC2 -> Naïve CD8 T","PBMC_Early"
"DNQ T","Naïve CD8 T","APP","CD74",0.280090206180946,2,"APP_CD74","APP - CD74","APP","Cell-Cell Contact","PMID: 19849849","DNQ T -> Naïve CD8 T (PBMC_Early)",0.0281480175061442,"DNQ T -> Naïve CD8 T","PBMC_Early"
"Endothelial cells","Naïve CD8 T","APP","CD74",0.426093085046812,2,"APP_CD74","APP - CD74","APP","Cell-Cell Contact","PMID: 19849849","Endothelial cells -> Naïve CD8 T (PBMC_Early)",0.0956647851663905,"Endothelial cells -> Naïve CD8 T","PBMC_Early"
"HSC_MPP","Naïve CD8 T","APP","CD74",0.304872968751421,3,"APP_CD74","APP - CD74","APP","Cell-Cell Contact","PMID: 19849849","HSC_MPP -> Naïve CD8 T (PBMC_Early)",0.0376262003325628,"HSC_MPP -> Naïve CD8 T","PBMC_Early"
"ILC2/3","Naïve CD8 T","APP","CD74",0.235590227034106,3,"APP_CD74","APP - CD74","APP","Cell-Cell Contact","PMID: 19849849","ILC2/3 -> Naïve CD8 T (PBMC_Early)",0.0143406338019268,"ILC2/3 -> Naïve CD8 T","PBMC_Early"
"Large pre-B","Naïve CD8 T","APP","CD74",0.297230605756806,3,"APP_CD74","APP - CD74","APP","Cell-Cell Contact","PMID: 19849849","Large pre-B -> Naïve CD8 T (PBMC_Early)",0.0345830678797197,"Large pre-B -> Naïve CD8 T","PBMC_Early"
"Macrophages","Naïve CD8 T","APP","CD74",0.239254281678471,3,"APP_CD74","APP - CD74","APP","Cell-Cell Contact","PMID: 19849849","Macrophages -> Naïve CD8 T (PBMC_Early)",0.0153038091499125,"Macrophages -> Naïve CD8 T","PBMC_Early"
"Megakaryocytes","Naïve CD8 T","APP","CD74",0.263029190992991,3,"APP_CD74","APP - CD74","APP","Cell-Cell Contact","PMID: 19849849","Megakaryocytes -> Naïve CD8 T (PBMC_Early)",0.0223292144821193,"Megakaryocytes -> Naïve CD8 T","PBMC_Early"
"MEMP","Naïve CD8 T","APP","CD74",0.201343445574719,3,"APP_CD74","APP - CD74","APP","Cell-Cell Contact","PMID: 19849849","MEMP -> Naïve CD8 T (PBMC_Early)",0.00696653045315051,"MEMP -> Naïve CD8 T","PBMC_Early"
"Naïve CD4 T","Naïve CD8 T","APP","CD74",0.22538223373655,3,"APP_CD74","APP - CD74","APP","Cell-Cell Contact","PMID: 19849849","Naïve CD4 T -> Naïve CD8 T (PBMC_Early)",0.0118324803930288,"Naïve CD4 T -> Naïve CD8 T","PBMC_Early"
"Others","Naïve CD8 T","APP","CD74",0.298796962841238,3,"APP_CD74","APP - CD74","APP","Cell-Cell Contact","PMID: 19849849","Others -> Naïve CD8 T (PBMC_Early)",0.035198414769749,"Others -> Naïve CD8 T","PBMC_Early"
"pDC","Naïve CD8 T","APP","CD74",0.466881149485482,3,"APP_CD74","APP - CD74","APP","Cell-Cell Contact","PMID: 19849849","pDC -> Naïve CD8 T (PBMC_Early)",0.117434714015485,"pDC -> Naïve CD8 T","PBMC_Early"
"Pro-B","Naïve CD8 T","APP","CD74",0.290751913081276,3,"APP_CD74","APP - CD74","APP","Cell-Cell Contact","PMID: 19849849","Pro-B -> Naïve CD8 T (PBMC_Early)",0.0320852684462335,"Pro-B -> Naïve CD8 T","PBMC_Early"
"Treg","Naïve CD8 T","APP","CD74",0.213826560045044,3,"APP_CD74","APP - CD74","APP","Cell-Cell Contact","PMID: 19849849","Treg -> Naïve CD8 T (PBMC_Early)",0.00930980160764203,"Treg -> Naïve CD8 T","PBMC_Early"
"abTentry","NK T","APP","CD74",0.266717207773588,3,"APP_CD74","APP - CD74","APP","Cell-Cell Contact","PMID: 19849849","abTentry -> NK T (PBMC_Early)",0.0235344634967424,"abTentry -> NK T","PBMC_Early"
"CD14+PPBP+ Monocytes","NK T","APP","CD74",0.263944380489854,3,"APP_CD74","APP - CD74","APP","Cell-Cell Contact","PMID: 19849849","CD14+PPBP+ Monocytes -> NK T (PBMC_Early)",0.0226255159280859,"CD14+PPBP+ Monocytes -> NK T","PBMC_Early"
"CXCR5- Naïve B","NK T","APP","CD74",0.253001144980775,3,"APP_CD74","APP - CD74","APP","Cell-Cell Contact","PMID: 19849849","CXCR5- Naïve B -> NK T (PBMC_Early)",0.0192056402084234,"CXCR5- Naïve B -> NK T","PBMC_Early"
"CXCR5+ Naïve B","NK T","APP","CD74",0.247011726539289,3,"APP_CD74","APP - CD74","APP","Cell-Cell Contact","PMID: 19849849","CXCR5+ Naïve B -> NK T (PBMC_Early)",0.017450433380451,"CXCR5+ Naïve B -> NK T","PBMC_Early"
"DC2","NK T","APP","CD74",0.234246984263545,3,"APP_CD74","APP - CD74","APP","Cell-Cell Contact","PMID: 19849849","DC2 -> NK T (PBMC_Early)",0.0139957943842626,"DC2 -> NK T","PBMC_Early"
"DNQ T","NK T","APP","CD74",0.309677471699999,3,"APP_CD74","APP - CD74","APP","Cell-Cell Contact","PMID: 19849849","DNQ T -> NK T (PBMC_Early)",0.0395904987194562,"DNQ T -> NK T","PBMC_Early"
"DPP T","NK T","APP","CD74",0.391854393345613,2,"APP_CD74","APP - CD74","APP","Cell-Cell Contact","PMID: 19849849","NA",0.077928127028969,"DPP T -> NK T","PBMC_Early"
"Endothelial cells","NK T","APP","CD74",0.491728486244119,3,"APP_CD74","APP - CD74","APP","Cell-Cell Contact","PMID: 19849849","Endothelial cells -> NK T (PBMC_Early)",0.130857987907851,"Endothelial cells -> NK T","PBMC_Early"
"HSC_MPP","NK T","APP","CD74",0.339800973091962,3,"APP_CD74","APP - CD74","APP","Cell-Cell Contact","PMID: 19849849","HSC_MPP -> NK T (PBMC_Early)",0.0527126842224049,"HSC_MPP -> NK T","PBMC_Early"
"ILC2/3","NK T","APP","CD74",0.256558017314319,3,"APP_CD74","APP - CD74","APP","Cell-Cell Contact","PMID: 19849849","ILC2/3 -> NK T (PBMC_Early)",0.0202874288946589,"ILC2/3 -> NK T","PBMC_Early"
"Large pre-B","NK T","APP","CD74",0.330472878947567,3,"APP_CD74","APP - CD74","APP","Cell-Cell Contact","PMID: 19849849","Large pre-B -> NK T (PBMC_Early)",0.0485108923823294,"Large pre-B -> NK T","PBMC_Early"
"Macrophages","NK T","APP","CD74",0.260881752116991,3,"APP_CD74","APP - CD74","APP","Cell-Cell Contact","PMID: 19849849","Macrophages -> NK T (PBMC_Early)",0.0216412456996935,"Macrophages -> NK T","PBMC_Early"
"Megakaryocytes","NK T","APP","CD74",0.289158554493011,3,"APP_CD74","APP - CD74","APP","Cell-Cell Contact","PMID: 19849849","Megakaryocytes -> NK T (PBMC_Early)",0.031482914578628,"Megakaryocytes -> NK T","PBMC_Early"
"MEMP","NK T","APP","CD74",0.216608389861952,3,"APP_CD74","APP - CD74","APP","Cell-Cell Contact","PMID: 19849849","MEMP -> NK T (PBMC_Early)",0.00988609209181604,"MEMP -> NK T","PBMC_Early"
"Naïve CD4 T","NK T","APP","CD74",0.24456175465153,3,"APP_CD74","APP - CD74","APP","Cell-Cell Contact","PMID: 19849849","Naïve CD4 T -> NK T (PBMC_Early)",0.016756872886336,"Naïve CD4 T -> NK T","PBMC_Early"
"Others","NK T","APP","CD74",0.332381974630258,3,"APP_CD74","APP - CD74","APP","Cell-Cell Contact","PMID: 19849849","Others -> NK T (PBMC_Early)",0.0493613901877362,"Others -> NK T","PBMC_Early"
"pDC","NK T","APP","CD74",0.544239231730847,3,"APP_CD74","APP - CD74","APP","Cell-Cell Contact","PMID: 19849849","pDC -> NK T (PBMC_Early)",0.159226548208927,"pDC -> NK T","PBMC_Early"
"Pro-B","NK T","APP","CD74",0.322591926796517,3,"APP_CD74","APP - CD74","APP","Cell-Cell Contact","PMID: 19849849","Pro-B -> NK T (PBMC_Early)",0.0450540865650067,"Pro-B -> NK T","PBMC_Early"
"Treg","NK T","APP","CD74",0.231071526712885,3,"APP_CD74","APP - CD74","APP","Cell-Cell Contact","PMID: 19849849","Treg -> NK T (PBMC_Early)",0.0131983386995143,"Treg -> NK T","PBMC_Early"
"CD14+PPBP+ Monocytes","Naïve CD8 T","APP","CD74",0.28163698263516,3,"APP_CD74","APP - CD74","APP","Cell-Cell Contact","PMID: 19849849","CD14+PPBP+ Monocytes -> Naïve CD8 T (PBMC_Late)",0.0287053990762004,"CD14+PPBP+ Monocytes -> Naïve CD8 T","PBMC_Late"
"Classical Monocytes","Naïve CD8 T","APP","CD74",0.199682769551992,3,"APP_CD74","APP - CD74","APP","Cell-Cell Contact","PMID: 19849849","Classical Monocytes -> Naïve CD8 T (PBMC_Late)",0.00668463706682193,"Classical Monocytes -> Naïve CD8 T","PBMC_Late"
"CXCR5- Naïve B","Naïve CD8 T","APP","CD74",0.21521689333993,3,"APP_CD74","APP - CD74","APP","Cell-Cell Contact","PMID: 19849849","CXCR5- Naïve B -> Naïve CD8 T (PBMC_Late)",0.00959536223884713,"CXCR5- Naïve B -> Naïve CD8 T","PBMC_Late"
"CXCR5+ Naïve B","Naïve CD8 T","APP","CD74",0.201330541518995,3,"APP_CD74","APP - CD74","APP","Cell-Cell Contact","PMID: 19849849","CXCR5+ Naïve B -> Naïve CD8 T (PBMC_Late)",0.0069643131427772,"CXCR5+ Naïve B -> Naïve CD8 T","PBMC_Late"
"DC2","Naïve CD8 T","APP","CD74",0.205076356280478,2,"APP_CD74","APP - CD74","APP","Cell-Cell Contact","PMID: 19849849","DC2 -> Naïve CD8 T (PBMC_Late)",0.00762568951934636,"DC2 -> Naïve CD8 T","PBMC_Late"
"HSC_MPP","Naïve CD8 T","APP","CD74",0.274566342322169,3,"APP_CD74","APP - CD74","APP","Cell-Cell Contact","PMID: 19849849","HSC_MPP -> Naïve CD8 T (PBMC_Late)",0.0261970882548358,"HSC_MPP -> Naïve CD8 T","PBMC_Late"
"Megakaryocytes","Naïve CD8 T","APP","CD74",0.26003471825907,3,"APP_CD74","APP - CD74","APP","Cell-Cell Contact","PMID: 19849849","Megakaryocytes -> Naïve CD8 T (PBMC_Late)",0.0213727115685683,"Megakaryocytes -> Naïve CD8 T","PBMC_Late"
"pDC","Naïve CD8 T","APP","CD74",0.399739327733052,3,"APP_CD74","APP - CD74","APP","Cell-Cell Contact","PMID: 19849849","pDC -> Naïve CD8 T (PBMC_Late)",0.0819512874210348,"pDC -> Naïve CD8 T","PBMC_Late"
"CD14+PPBP+ Monocytes","NK T","APP","CD74",0.332732034371698,3,"APP_CD74","APP - CD74","APP","Cell-Cell Contact","PMID: 19849849","CD14+PPBP+ Monocytes -> NK T (PBMC_Late)",0.0495178796077858,"CD14+PPBP+ Monocytes -> NK T","PBMC_Late"
"Classical Monocytes","NK T","APP","CD74",0.224915183790099,3,"APP_CD74","APP - CD74","APP","Cell-Cell Contact","PMID: 19849849","Classical Monocytes -> NK T (PBMC_Late)",0.0117239624595001,"Classical Monocytes -> NK T","PBMC_Late"
"CXCR5- Naïve B","NK T","APP","CD74",0.244686682270483,3,"APP_CD74","APP - CD74","APP","Cell-Cell Contact","PMID: 19849849","CXCR5- Naïve B -> NK T (PBMC_Late)",0.0167918920663051,"CXCR5- Naïve B -> NK T","PBMC_Late"
"CXCR5+ Naïve B","NK T","APP","CD74",0.226996945353315,3,"APP_CD74","APP - CD74","APP","Cell-Cell Contact","PMID: 19849849","CXCR5+ Naïve B -> NK T (PBMC_Late)",0.0122118849580388,"CXCR5+ Naïve B -> NK T","PBMC_Late"
"DC2","NK T","APP","CD74",0.231743073450367,3,"APP_CD74","APP - CD74","APP","Cell-Cell Contact","PMID: 19849849","DC2 -> NK T (PBMC_Late)",0.0133648977931058,"DC2 -> NK T","PBMC_Late"
"Endothelial cells","NK T","APP","CD74",0.404477968487435,2,"APP_CD74","APP - CD74","APP","Cell-Cell Contact","PMID: 19849849","Endothelial cells -> NK T (PBMC_Late)",0.0843886349114891,"Endothelial cells -> NK T","PBMC_Late"
"HSC_MPP","NK T","APP","CD74",0.323103415359465,3,"APP_CD74","APP - CD74","APP","Cell-Cell Contact","PMID: 19849849","HSC_MPP -> NK T (PBMC_Late)",0.0452757229772007,"HSC_MPP -> NK T","PBMC_Late"
"Megakaryocytes","NK T","APP","CD74",0.303499059977193,3,"APP_CD74","APP - CD74","APP","Cell-Cell Contact","PMID: 19849849","Megakaryocytes -> NK T (PBMC_Late)",0.0370716363288934,"Megakaryocytes -> NK T","PBMC_Late"
"MEP","NK T","APP","CD74",0.264792781042068,3,"APP_CD74","APP - CD74","APP","Cell-Cell Contact","PMID: 19849849","MEP -> NK T (PBMC_Late)",0.0229018404875596,"MEP -> NK T","PBMC_Late"
"pDC","NK T","APP","CD74",0.501163123397025,3,"APP_CD74","APP - CD74","APP","Cell-Cell Contact","PMID: 19849849","pDC -> NK T (PBMC_Late)",0.135964928640992,"pDC -> NK T","PBMC_Late"
"Pro-B","NK T","APP","CD74",0.308421645999553,3,"APP_CD74","APP - CD74","APP","Cell-Cell Contact","PMID: 19849849","Pro-B -> NK T (PBMC_Late)",0.0390733519066036,"Pro-B -> NK T","PBMC_Late"
"CXCR5- Naïve B","Naïve CD8 T","CD22","PTPRC",0.30976689833333,3,"CD22_PTPRC","CD22 - PTPRC","CD22","Cell-Cell Contact","KEGG: hsa04514","CXCR5- Naïve B -> Naïve CD8 T (PBMC_Early)",0.0396274233093351,"CXCR5- Naïve B -> Naïve CD8 T","PBMC_Early"
"CXCR5+ Naïve B","Naïve CD8 T","CD22","PTPRC",0.401424122838269,3,"CD22_PTPRC","CD22 - PTPRC","CD22","Cell-Cell Contact","KEGG: hsa04514","CXCR5+ Naïve B -> Naïve CD8 T (PBMC_Early)",0.0828162642033676,"CXCR5+ Naïve B -> Naïve CD8 T","PBMC_Early"
"DNQ T","Naïve CD8 T","CD22","PTPRC",0.195553134594187,2,"CD22_PTPRC","CD22 - PTPRC","CD22","Cell-Cell Contact","KEGG: hsa04514","DNQ T -> Naïve CD8 T (PBMC_Early)",0.00601379266254433,"DNQ T -> Naïve CD8 T","PBMC_Early"
"Large pre-B","Naïve CD8 T","CD22","PTPRC",0.339744041584445,3,"CD22_PTPRC","CD22 - PTPRC","CD22","Cell-Cell Contact","KEGG: hsa04514","Large pre-B -> Naïve CD8 T (PBMC_Early)",0.0526866955396591,"Large pre-B -> Naïve CD8 T","PBMC_Early"
"Pro-B","Naïve CD8 T","CD22","PTPRC",0.233175342951626,3,"CD22_PTPRC","CD22 - PTPRC","CD22","Cell-Cell Contact","KEGG: hsa04514","Pro-B -> Naïve CD8 T (PBMC_Early)",0.0137238770050966,"Pro-B -> Naïve CD8 T","PBMC_Early"
"Small pre-B","Naïve CD8 T","CD22","PTPRC",0.407124006184701,3,"CD22_PTPRC","CD22 - PTPRC","CD22","Cell-Cell Contact","KEGG: hsa04514","NA",0.0857555838808465,"Small pre-B -> Naïve CD8 T","PBMC_Early"
"CXCR5- Naïve B","NK T","CD22","PTPRC",0.311021510788337,3,"CD22_PTPRC","CD22 - PTPRC","CD22","Cell-Cell Contact","KEGG: hsa04514","CXCR5- Naïve B -> NK T (PBMC_Early)",0.0401468338957893,"CXCR5- Naïve B -> NK T","PBMC_Early"
"CXCR5+ Naïve B","NK T","CD22","PTPRC",0.40343762887874,3,"CD22_PTPRC","CD22 - PTPRC","CD22","Cell-Cell Contact","KEGG: hsa04514","CXCR5+ Naïve B -> NK T (PBMC_Early)",0.0838523393927547,"CXCR5+ Naïve B -> NK T","PBMC_Early"
"DNQ T","NK T","CD22","PTPRC",0.196070027035648,2,"CD22_PTPRC","CD22 - PTPRC","CD22","Cell-Cell Contact","KEGG: hsa04514","DNQ T -> NK T (PBMC_Early)",0.00609541392475004,"DNQ T -> NK T","PBMC_Early"
"Large pre-B","NK T","CD22","PTPRC",0.34123306795918,3,"CD22_PTPRC","CD22 - PTPRC","CD22","Cell-Cell Contact","KEGG: hsa04514","Large pre-B -> NK T (PBMC_Early)",0.0533677665740968,"Large pre-B -> NK T","PBMC_Early"
"Pro-B","NK T","CD22","PTPRC",0.233904870056474,3,"CD22_PTPRC","CD22 - PTPRC","CD22","Cell-Cell Contact","KEGG: hsa04514","Pro-B -> NK T (PBMC_Early)",0.0139086779192475,"Pro-B -> NK T","PBMC_Early"
"Small pre-B","NK T","CD22","PTPRC",0.409188532946517,3,"CD22_PTPRC","CD22 - PTPRC","CD22","Cell-Cell Contact","KEGG: hsa04514","NA",0.0868249504580697,"Small pre-B -> NK T","PBMC_Early"
"CXCR5- Naïve B","Naïve CD8 T","CD22","PTPRC",0.28128806162288,3,"CD22_PTPRC","CD22 - PTPRC","CD22","Cell-Cell Contact","KEGG: hsa04514","CXCR5- Naïve B -> Naïve CD8 T (PBMC_Late)",0.0285792472102258,"CXCR5- Naïve B -> Naïve CD8 T","PBMC_Late"
"CXCR5+ Naïve B","Naïve CD8 T","CD22","PTPRC",0.288720641285291,3,"CD22_PTPRC","CD22 - PTPRC","CD22","Cell-Cell Contact","KEGG: hsa04514","CXCR5+ Naïve B -> Naïve CD8 T (PBMC_Late)",0.0313182081381292,"CXCR5+ Naïve B -> Naïve CD8 T","PBMC_Late"
"Large pre-B","Naïve CD8 T","CD22","PTPRC",0.330625720849696,2,"CD22_PTPRC","CD22 - PTPRC","CD22","Cell-Cell Contact","KEGG: hsa04514","Large pre-B -> Naïve CD8 T (PBMC_Late)",0.0485787991452751,"Large pre-B -> Naïve CD8 T","PBMC_Late"
"Pro-B","Naïve CD8 T","CD22","PTPRC",0.222815539768928,3,"CD22_PTPRC","CD22 - PTPRC","CD22","Cell-Cell Contact","KEGG: hsa04514","Pro-B -> Naïve CD8 T (PBMC_Late)",0.011242912907688,"Pro-B -> Naïve CD8 T","PBMC_Late"
"CXCR5- Naïve B","NK T","CD22","PTPRC",0.285993143445576,3,"CD22_PTPRC","CD22 - PTPRC","CD22","Cell-Cell Contact","KEGG: hsa04514","CXCR5- Naïve B -> NK T (PBMC_Late)",0.0303006133659539,"CXCR5- Naïve B -> NK T","PBMC_Late"
"CXCR5+ Naïve B","NK T","CD22","PTPRC",0.293665203278371,3,"CD22_PTPRC","CD22 - PTPRC","CD22","Cell-Cell Contact","KEGG: hsa04514","CXCR5+ Naïve B -> NK T (PBMC_Late)",0.0331989075660546,"CXCR5+ Naïve B -> NK T","PBMC_Late"
"Large pre-B","NK T","CD22","PTPRC",0.337004409688574,2,"CD22_PTPRC","CD22 - PTPRC","CD22","Cell-Cell Contact","KEGG: hsa04514","Large pre-B -> NK T (PBMC_Late)",0.0514409761540667,"Large pre-B -> NK T","PBMC_Late"
"Pro-B","NK T","CD22","PTPRC",0.225812403549301,3,"CD22_PTPRC","CD22 - PTPRC","CD22","Cell-Cell Contact","KEGG: hsa04514","Pro-B -> NK T (PBMC_Late)",0.0119329153569138,"Pro-B -> NK T","PBMC_Late"
"CD14+PPBP+ Monocytes","Naïve CD8 T","CD86","CD28",0.172178442665571,3,"CD86_CD28","CD86 - CD28","CD86","Cell-Cell Contact","PMID: 23954143","CD14+PPBP+ Monocytes -> Naïve CD8 T (PBMC_Early)",0.00300364715393382,"CD14+PPBP+ Monocytes -> Naïve CD8 T","PBMC_Early"
"Classical Monocytes","Naïve CD8 T","CD86","CD28",0.20072263722262,3,"CD86_CD28","CD86 - CD28","CD86","Cell-Cell Contact","PMID: 23954143","Classical Monocytes -> Naïve CD8 T (PBMC_Early)",0.00686033427703844,"Classical Monocytes -> Naïve CD8 T","PBMC_Early"
"DC1","Naïve CD8 T","CD86","CD28",0.211741862358429,3,"CD86_CD28","CD86 - CD28","CD86","Cell-Cell Contact","PMID: 23954143","DC1 -> Naïve CD8 T (PBMC_Early)",0.00889085842246775,"DC1 -> Naïve CD8 T","PBMC_Early"
"DC2","Naïve CD8 T","CD86","CD28",0.23143511474708,3,"CD86_CD28","CD86 - CD28","CD86","Cell-Cell Contact","PMID: 23954143","DC2 -> Naïve CD8 T (PBMC_Early)",0.0132883776339299,"DC2 -> Naïve CD8 T","PBMC_Early"
"Macrophages","Naïve CD8 T","CD86","CD28",0.238688155584371,3,"CD86_CD28","CD86 - CD28","CD86","Cell-Cell Contact","PMID: 23954143","Macrophages -> Naïve CD8 T (PBMC_Early)",0.015152845899535,"Macrophages -> Naïve CD8 T","PBMC_Early"
"Myeloid-CD177","Naïve CD8 T","CD86","CD28",0.180790444277119,3,"CD86_CD28","CD86 - CD28","CD86","Cell-Cell Contact","PMID: 23954143","Myeloid-CD177 -> Naïve CD8 T (PBMC_Early)",0.00396097214661775,"Myeloid-CD177 -> Naïve CD8 T","PBMC_Early"
"pDC","Naïve CD8 T","CD86","CD28",0.152709114028584,3,"CD86_CD28","CD86 - CD28","CD86","Cell-Cell Contact","PMID: 23954143","pDC -> Naïve CD8 T (PBMC_Early)",0.00143240901319871,"pDC -> Naïve CD8 T","PBMC_Early"
"CD14+PPBP+ Monocytes","NK T","CD86","CD28",0.174192238139376,3,"CD86_CD28","CD86 - CD28","CD86","Cell-Cell Contact","PMID: 23954143","CD14+PPBP+ Monocytes -> NK T (PBMC_Early)",0.00321224913614472,"CD14+PPBP+ Monocytes -> NK T","PBMC_Early"
"Classical Monocytes","NK T","CD86","CD28",0.203453681704561,3,"CD86_CD28","CD86 - CD28","CD86","Cell-Cell Contact","PMID: 23954143","Classical Monocytes -> NK T (PBMC_Early)",0.00733481098163189,"Classical Monocytes -> NK T","PBMC_Early"
"DC1","NK T","CD86","CD28",0.214776743167483,3,"CD86_CD28","CD86 - CD28","CD86","Cell-Cell Contact","PMID: 23954143","DC1 -> NK T (PBMC_Early)",0.00950442692671216,"DC1 -> NK T","PBMC_Early"
"DC2","NK T","CD86","CD28",0.235048695599004,3,"CD86_CD28","CD86 - CD28","CD86","Cell-Cell Contact","PMID: 23954143","DC2 -> NK T (PBMC_Early)",0.0142010756915708,"DC2 -> NK T","PBMC_Early"
"Macrophages","NK T","CD86","CD28",0.242526028797421,3,"CD86_CD28","CD86 - CD28","CD86","Cell-Cell Contact","PMID: 23954143","Macrophages -> NK T (PBMC_Early)",0.0161915015813654,"Macrophages -> NK T","PBMC_Early"
"Myeloid-CD177","NK T","CD86","CD28",0.183009795626797,3,"CD86_CD28","CD86 - CD28","CD86","Cell-Cell Contact","PMID: 23954143","Myeloid-CD177 -> NK T (PBMC_Early)",0.00423577746371199,"Myeloid-CD177 -> NK T","PBMC_Early"
"pDC","NK T","CD86","CD28",0.154293746189949,3,"CD86_CD28","CD86 - CD28","CD86","Cell-Cell Contact","PMID: 23954143","pDC -> NK T (PBMC_Early)",0.00153205687765805,"pDC -> NK T","PBMC_Early"
"CD14+PPBP+ Monocytes","Naïve CD8 T","CD99","CD99",0.338391069581561,3,"CD99_CD99","CD99 - CD99","CD99","Cell-Cell Contact","KEGG: hsa04514","CD14+PPBP+ Monocytes -> Naïve CD8 T (PBMC_Early)",0.0520702906778523,"CD14+PPBP+ Monocytes -> Naïve CD8 T","PBMC_Early"
"CD56highCD16low NK","Naïve CD8 T","CD99","CD99",0.204612411876819,3,"CD99_CD99","CD99 - CD99","CD99","Cell-Cell Contact","KEGG: hsa04514","CD56highCD16low NK -> Naïve CD8 T (PBMC_Early)",0.00754184034085013,"CD56highCD16low NK -> Naïve CD8 T","PBMC_Early"
"Classical Monocytes","Naïve CD8 T","CD99","CD99",0.22458122148721,3,"CD99_CD99","CD99 - CD99","CD99","Cell-Cell Contact","KEGG: hsa04514","Classical Monocytes -> Naïve CD8 T (PBMC_Early)",0.0116467042291342,"Classical Monocytes -> Naïve CD8 T","PBMC_Early"
"CX3CR1+ NK","Naïve CD8 T","CD99","CD99",0.35290459300966,3,"CD99_CD99","CD99 - CD99","CD99","Cell-Cell Contact","KEGG: hsa04514","CX3CR1+ NK -> Naïve CD8 T (PBMC_Early)",0.0587991989380787,"CX3CR1+ NK -> Naïve CD8 T","PBMC_Early"
"CXCR5+ Naïve B","Naïve CD8 T","CD99","CD99",0.206606830176456,3,"CD99_CD99","CD99 - CD99","CD99","Cell-Cell Contact","KEGG: hsa04514","CXCR5+ Naïve B -> Naïve CD8 T (PBMC_Early)",0.00790617608867575,"CXCR5+ Naïve B -> Naïve CD8 T","PBMC_Early"
"CXCR6+ NK","Naïve CD8 T","CD99","CD99",0.352725610083614,3,"CD99_CD99","CD99 - CD99","CD99","Cell-Cell Contact","KEGG: hsa04514","CXCR6+ NK -> Naïve CD8 T (PBMC_Early)",0.0587147145391222,"CXCR6+ NK -> Naïve CD8 T","PBMC_Early"
"Cycling Treg","Naïve CD8 T","CD99","CD99",0.296226251667166,3,"CD99_CD99","CD99 - CD99","CD99","Cell-Cell Contact","KEGG: hsa04514","Cycling Treg -> Naïve CD8 T (PBMC_Early)",0.0341908217518201,"Cycling Treg -> Naïve CD8 T","PBMC_Early"
"DC1","Naïve CD8 T","CD99","CD99",0.238325191388615,2,"CD99_CD99","CD99 - CD99","CD99","Cell-Cell Contact","KEGG: hsa04514","DC1 -> Naïve CD8 T (PBMC_Early)",0.0150564691274374,"DC1 -> Naïve CD8 T","PBMC_Early"
"DC2","Naïve CD8 T","CD99","CD99",0.311808513331044,3,"CD99_CD99","CD99 - CD99","CD99","Cell-Cell Contact","KEGG: hsa04514","DC2 -> Naïve CD8 T (PBMC_Early)",0.0404739579051077,"DC2 -> Naïve CD8 T","PBMC_Early"
"DNQ T","Naïve CD8 T","CD99","CD99",0.423858556121307,3,"CD99_CD99","CD99 - CD99","CD99","Cell-Cell Contact","KEGG: hsa04514","DNQ T -> Naïve CD8 T (PBMC_Early)",0.0944884563455011,"DNQ T -> Naïve CD8 T","PBMC_Early"
"DPP T","Naïve CD8 T","CD99","CD99",0.390688555445377,3,"CD99_CD99","CD99 - CD99","CD99","Cell-Cell Contact","KEGG: hsa04514","NA",0.0773369406457747,"DPP T -> Naïve CD8 T","PBMC_Early"
"Endothelial cells","Naïve CD8 T","CD99","CD99",0.408272043918479,3,"CD99_CD99","CD99 - CD99","CD99","Cell-Cell Contact","KEGG: hsa04514","Endothelial cells -> Naïve CD8 T (PBMC_Early)",0.0863499347230555,"Endothelial cells -> Naïve CD8 T","PBMC_Early"
"Gamma Delta V1 T","Naïve CD8 T","CD99","CD99",0.306880261274762,3,"CD99_CD99","CD99 - CD99","CD99","Cell-Cell Contact","KEGG: hsa04514","Gamma Delta V1 T -> Naïve CD8 T (PBMC_Early)",0.0384421818419021,"Gamma Delta V1 T -> Naïve CD8 T","PBMC_Early"
"Gamma Delta V2 T","Naïve CD8 T","CD99","CD99",0.335938539799177,3,"CD99_CD99","CD99 - CD99","CD99","Cell-Cell Contact","KEGG: hsa04514","Gamma Delta V2 T -> Naïve CD8 T (PBMC_Early)",0.0509589448999148,"Gamma Delta V2 T -> Naïve CD8 T","PBMC_Early"
"GNG4 +CD8aa+T","Naïve CD8 T","CD99","CD99",0.225816288048725,2,"CD99_CD99","CD99 - CD99","CD99","Cell-Cell Contact","KEGG: hsa04514","GNG4 +CD8aa+T -> Naïve CD8 T (PBMC_Early)",0.0119338244222666,"GNG4 +CD8aa+T -> Naïve CD8 T","PBMC_Early"
"HSC_MPP","Naïve CD8 T","CD99","CD99",0.359901624078555,3,"CD99_CD99","CD99 - CD99","CD99","Cell-Cell Contact","KEGG: hsa04514","HSC_MPP -> Naïve CD8 T (PBMC_Early)",0.0621293324897265,"HSC_MPP -> Naïve CD8 T","PBMC_Early"
"ILC2/3","Naïve CD8 T","CD99","CD99",0.299621196442109,3,"CD99_CD99","CD99 - CD99","CD99","Cell-Cell Contact","KEGG: hsa04514","ILC2/3 -> Naïve CD8 T (PBMC_Early)",0.0355239705715392,"ILC2/3 -> Naïve CD8 T","PBMC_Early"
"Large pre-B","Naïve CD8 T","CD99","CD99",0.267270943009975,3,"CD99_CD99","CD99 - CD99","CD99","Cell-Cell Contact","KEGG: hsa04514","Large pre-B -> Naïve CD8 T (PBMC_Early)",0.023717986933796,"Large pre-B -> Naïve CD8 T","PBMC_Early"
"Macrophages","Naïve CD8 T","CD99","CD99",0.276477994937697,3,"CD99_CD99","CD99 - CD99","CD99","Cell-Cell Contact","KEGG: hsa04514","Macrophages -> Naïve CD8 T (PBMC_Early)",0.0268651766737872,"Macrophages -> Naïve CD8 T","PBMC_Early"
"Megakaryocytes","Naïve CD8 T","CD99","CD99",0.331223035615142,3,"CD99_CD99","CD99 - CD99","CD99","Cell-Cell Contact","KEGG: hsa04514","Megakaryocytes -> Naïve CD8 T (PBMC_Early)",0.0488444907304509,"Megakaryocytes -> Naïve CD8 T","PBMC_Early"
"MEMP","Naïve CD8 T","CD99","CD99",0.274380886739799,3,"CD99_CD99","CD99 - CD99","CD99","Cell-Cell Contact","KEGG: hsa04514","MEMP -> Naïve CD8 T (PBMC_Early)",0.0261326776564332,"MEMP -> Naïve CD8 T","PBMC_Early"
"MEP","Naïve CD8 T","CD99","CD99",0.195141140912945,3,"CD99_CD99","CD99 - CD99","CD99","Cell-Cell Contact","KEGG: hsa04514","MEP -> Naïve CD8 T (PBMC_Early)",0.0059492148847529,"MEP -> Naïve CD8 T","PBMC_Early"
"Naïve CD4 T","Naïve CD8 T","CD99","CD99",0.271671079626705,3,"CD99_CD99","CD99 - CD99","CD99","Cell-Cell Contact","KEGG: hsa04514","Naïve CD4 T -> Naïve CD8 T (PBMC_Early)",0.0251997349567986,"Naïve CD4 T -> Naïve CD8 T","PBMC_Early"
"Naïve CD8 T","Naïve CD8 T","CD99","CD99",0.265128557336823,3,"CD99_CD99","CD99 - CD99","CD99","Cell-Cell Contact","KEGG: hsa04514","Naïve CD8 T -> Naïve CD8 T (PBMC_Early)",0.0230116390784082,"Naïve CD8 T -> Naïve CD8 T","PBMC_Early"
"NK T","Naïve CD8 T","CD99","CD99",0.333312759650641,3,"CD99_CD99","CD99 - CD99","CD99","Cell-Cell Contact","KEGG: hsa04514","NK T -> Naïve CD8 T (PBMC_Early)",0.0497778499222553,"NK T -> Naïve CD8 T","PBMC_Early"
"Others","Naïve CD8 T","CD99","CD99",0.29269065428787,3,"CD99_CD99","CD99 - CD99","CD99","Cell-Cell Contact","KEGG: hsa04514","Others -> Naïve CD8 T (PBMC_Early)",0.0328246191367415,"Others -> Naïve CD8 T","PBMC_Early"
"pDC","Naïve CD8 T","CD99","CD99",0.353454324216748,3,"CD99_CD99","CD99 - CD99","CD99","Cell-Cell Contact","KEGG: hsa04514","pDC -> Naïve CD8 T (PBMC_Early)",0.0590589088634049,"pDC -> Naïve CD8 T","PBMC_Early"
"Pro-B","Naïve CD8 T","CD99","CD99",0.40431351735374,3,"CD99_CD99","CD99 - CD99","CD99","Cell-Cell Contact","KEGG: hsa04514","Pro-B -> Naïve CD8 T (PBMC_Early)",0.0843038166518624,"Pro-B -> Naïve CD8 T","PBMC_Early"
"Tem","Naïve CD8 T","CD99","CD99",0.335011964315417,3,"CD99_CD99","CD99 - CD99","CD99","Cell-Cell Contact","KEGG: hsa04514","Tem -> Naïve CD8 T (PBMC_Early)",0.0505411197979638,"Tem -> Naïve CD8 T","PBMC_Early"
"Th17like_INNATE_T","Naïve CD8 T","CD99","CD99",0.33048738659195,3,"CD99_CD99","CD99 - CD99","CD99","Cell-Cell Contact","KEGG: hsa04514","Th17like_INNATE_T -> Naïve CD8 T (PBMC_Early)",0.0485173366607742,"Th17like_INNATE_T -> Naïve CD8 T","PBMC_Early"
"Treg","Naïve CD8 T","CD99","CD99",0.300395545619202,3,"CD99_CD99","CD99 - CD99","CD99","Cell-Cell Contact","KEGG: hsa04514","Treg -> Naïve CD8 T (PBMC_Early)",0.0358309164932246,"Treg -> Naïve CD8 T","PBMC_Early"
"CD14+PPBP+ Monocytes","NK T","CD99","CD99",0.450937598089516,3,"CD99_CD99","CD99 - CD99","CD99","Cell-Cell Contact","KEGG: hsa04514","CD14+PPBP+ Monocytes -> NK T (PBMC_Early)",0.108869894817193,"CD14+PPBP+ Monocytes -> NK T","PBMC_Early"
"CD56highCD16low NK","NK T","CD99","CD99",0.244073308420335,3,"CD99_CD99","CD99 - CD99","CD99","Cell-Cell Contact","KEGG: hsa04514","CD56highCD16low NK -> NK T (PBMC_Early)",0.0166203123470444,"CD56highCD16low NK -> NK T","PBMC_Early"
"Classical Monocytes","NK T","CD99","CD99",0.27266239640601,3,"CD99_CD99","CD99 - CD99","CD99","Cell-Cell Contact","KEGG: hsa04514","Classical Monocytes -> NK T (PBMC_Early)",0.025539242190399,"Classical Monocytes -> NK T","PBMC_Early"
"CX3CR1+ NK","NK T","CD99","CD99",0.475334537388732,3,"CD99_CD99","CD99 - CD99","CD99","Cell-Cell Contact","KEGG: hsa04514","CX3CR1+ NK -> NK T (PBMC_Early)",0.121994235272364,"CX3CR1+ NK -> NK T","PBMC_Early"
"CXCR5+ Naïve B","NK T","CD99","CD99",0.246889592847006,3,"CD99_CD99","CD99 - CD99","CD99","Cell-Cell Contact","KEGG: hsa04514","CXCR5+ Naïve B -> NK T (PBMC_Early)",0.0174155204308424,"CXCR5+ Naïve B -> NK T","PBMC_Early"
"CXCR6+ NK","NK T","CD99","CD99",0.475031654140105,3,"CD99_CD99","CD99 - CD99","CD99","Cell-Cell Contact","KEGG: hsa04514","CXCR6+ NK -> NK T (PBMC_Early)",0.121830703781072,"CXCR6+ NK -> NK T","PBMC_Early"
"Cycling Treg","NK T","CD99","CD99",0.38205127315481,3,"CD99_CD99","CD99 - CD99","CD99","Cell-Cell Contact","KEGG: hsa04514","Cycling Treg -> NK T (PBMC_Early)",0.0729887670734754,"Cycling Treg -> NK T","PBMC_Early"
"DC1","NK T","CD99","CD99",0.29283765759139,3,"CD99_CD99","CD99 - CD99","CD99","Cell-Cell Contact","KEGG: hsa04514","DC1 -> NK T (PBMC_Early)",0.0328809651891003,"DC1 -> NK T","PBMC_Early"
"DC2","NK T","CD99","CD99",0.407149003791426,3,"CD99_CD99","CD99 - CD99","CD99","Cell-Cell Contact","KEGG: hsa04514","DC2 -> NK T (PBMC_Early)",0.0857685173043589,"DC2 -> NK T","PBMC_Early"
"DNQ T","NK T","CD99","CD99",0.59902579770257,3,"CD99_CD99","CD99 - CD99","CD99","Cell-Cell Contact","KEGG: hsa04514","DNQ T -> NK T (PBMC_Early)",0.188364345224937,"DNQ T -> NK T","PBMC_Early"
"DPP T","NK T","CD99","CD99",0.540340363466874,3,"CD99_CD99","CD99 - CD99","CD99","Cell-Cell Contact","KEGG: hsa04514","NA",0.15712943919426,"DPP T -> NK T","PBMC_Early"
"Endothelial cells","NK T","CD99","CD99",0.57127279093975,3,"CD99_CD99","CD99 - CD99","CD99","Cell-Cell Contact","KEGG: hsa04514","Endothelial cells -> NK T (PBMC_Early)",0.173691036945383,"Endothelial cells -> NK T","PBMC_Early"
"Gamma Delta V1 T","NK T","CD99","CD99",0.399164279206611,3,"CD99_CD99","CD99 - CD99","CD99","Cell-Cell Contact","KEGG: hsa04514","Gamma Delta V1 T -> NK T (PBMC_Early)",0.0816564725542024,"Gamma Delta V1 T -> NK T","PBMC_Early"
"Gamma Delta V2 T","NK T","CD99","CD99",0.446848232941853,3,"CD99_CD99","CD99 - CD99","CD99","Cell-Cell Contact","KEGG: hsa04514","Gamma Delta V2 T -> NK T (PBMC_Early)",0.106682698579022,"Gamma Delta V2 T -> NK T","PBMC_Early"
"GNG4 +CD8aa+T","NK T","CD99","CD99",0.274458955567439,3,"CD99_CD99","CD99 - CD99","CD99","Cell-Cell Contact","KEGG: hsa04514","GNG4 +CD8aa+T -> NK T (PBMC_Early)",0.0261597830326768,"GNG4 +CD8aa+T -> NK T","PBMC_Early"
"HSC_MPP","NK T","CD99","CD99",0.487213810139986,3,"CD99_CD99","CD99 - CD99","CD99","Cell-Cell Contact","KEGG: hsa04514","HSC_MPP -> NK T (PBMC_Early)",0.128415140716012,"HSC_MPP -> NK T","PBMC_Early"
"ILC2/3","NK T","CD99","CD99",0.387482098819533,3,"CD99_CD99","CD99 - CD99","CD99","Cell-Cell Contact","KEGG: hsa04514","ILC2/3 -> NK T (PBMC_Early)",0.07571610573152,"ILC2/3 -> NK T","PBMC_Early"
"Large pre-B","NK T","CD99","CD99",0.336610551189313,3,"CD99_CD99","CD99 - CD99","CD99","Cell-Cell Contact","KEGG: hsa04514","Large pre-B -> NK T (PBMC_Early)",0.0512626839301438,"Large pre-B -> NK T","PBMC_Early"
"Macrophages","NK T","CD99","CD99",0.350885593262486,3,"CD99_CD99","CD99 - CD99","CD99","Cell-Cell Contact","KEGG: hsa04514","Macrophages -> NK T (PBMC_Early)",0.0578482677067338,"Macrophages -> NK T","PBMC_Early"
"Megakaryocytes","NK T","CD99","CD99",0.439013224268954,3,"CD99_CD99","CD99 - CD99","CD99","Cell-Cell Contact","KEGG: hsa04514","Megakaryocytes -> NK T (PBMC_Early)",0.102505818991939,"Megakaryocytes -> NK T","PBMC_Early"
"MEMP","NK T","CD99","CD99",0.347619613417559,3,"CD99_CD99","CD99 - CD99","CD99","Cell-Cell Contact","KEGG: hsa04514","MEMP -> NK T (PBMC_Early)",0.0563198828887853,"MEMP -> NK T","PBMC_Early"
"MEP","NK T","CD99","CD99",0.230818779860896,3,"CD99_CD99","CD99 - CD99","CD99","Cell-Cell Contact","KEGG: hsa04514","MEP -> NK T (PBMC_Early)",0.0131359423992995,"MEP -> NK T","PBMC_Early"
"Naïve CD4 T","NK T","CD99","CD99",0.343412077543522,3,"CD99_CD99","CD99 - CD99","CD99","Cell-Cell Contact","KEGG: hsa04514","Naïve CD4 T -> NK T (PBMC_Early)",0.0543694155886488,"Naïve CD4 T -> NK T","PBMC_Early"
"Naïve CD8 T","NK T","CD99","CD99",0.333312759650641,3,"CD99_CD99","CD99 - CD99","CD99","Cell-Cell Contact","KEGG: hsa04514","Naïve CD8 T -> NK T (PBMC_Early)",0.0497778499222553,"Naïve CD8 T -> NK T","PBMC_Early"
"NK T","NK T","CD99","CD99",0.442480875670997,3,"CD99_CD99","CD99 - CD99","CD99","Cell-Cell Contact","KEGG: hsa04514","NK T -> NK T (PBMC_Early)",0.10435208346583,"NK T -> NK T","PBMC_Early"
"Others","NK T","CD99","CD99",0.376417917433736,3,"CD99_CD99","CD99 - CD99","CD99","Cell-Cell Contact","KEGG: hsa04514","Others -> NK T (PBMC_Early)",0.0701849288684972,"Others -> NK T","PBMC_Early"
"pDC","NK T","CD99","CD99",0.476265128013433,3,"CD99_CD99","CD99 - CD99","CD99","Cell-Cell Contact","KEGG: hsa04514","pDC -> NK T (PBMC_Early)",0.122496743005227,"pDC -> NK T","PBMC_Early"
"Pro-B","NK T","CD99","CD99",0.564273472971698,3,"CD99_CD99","CD99 - CD99","CD99","Cell-Cell Contact","KEGG: hsa04514","Pro-B -> NK T (PBMC_Early)",0.169960309335479,"Pro-B -> NK T","PBMC_Early"
"Small pre-B","NK T","CD99","CD99",0.309938109426417,3,"CD99_CD99","CD99 - CD99","CD99","Cell-Cell Contact","KEGG: hsa04514","NA",0.0396981535346167,"Small pre-B -> NK T","PBMC_Early"
"Tem","NK T","CD99","CD99",0.445305806327934,3,"CD99_CD99","CD99 - CD99","CD99","Cell-Cell Contact","KEGG: hsa04514","Tem -> NK T (PBMC_Early)",0.105858943758065,"Tem -> NK T","PBMC_Early"
"Th17like_INNATE_T","NK T","CD99","CD99",0.437794220243471,3,"CD99_CD99","CD99 - CD99","CD99","Cell-Cell Contact","KEGG: hsa04514","Th17like_INNATE_T -> NK T (PBMC_Early)",0.10185773765614,"Th17like_INNATE_T -> NK T","PBMC_Early"
"Treg","NK T","CD99","CD99",0.388723749467383,3,"CD99_CD99","CD99 - CD99","CD99","Cell-Cell Contact","KEGG: hsa04514","Treg -> NK T (PBMC_Early)",0.0763428440275495,"Treg -> NK T","PBMC_Early"
"CD14+PPBP+ Monocytes","Naïve CD8 T","CD99","CD99",0.260410778249991,3,"CD99_CD99","CD99 - CD99","CD99","Cell-Cell Contact","KEGG: hsa04514","CD14+PPBP+ Monocytes -> Naïve CD8 T (PBMC_Late)",0.0214917351324031,"CD14+PPBP+ Monocytes -> Naïve CD8 T","PBMC_Late"
"Classical Monocytes","Naïve CD8 T","CD99","CD99",0.215503409131594,3,"CD99_CD99","CD99 - CD99","CD99","Cell-Cell Contact","KEGG: hsa04514","Classical Monocytes -> Naïve CD8 T (PBMC_Late)",0.0096548217821871,"Classical Monocytes -> Naïve CD8 T","PBMC_Late"
"CX3CR1+ NK","Naïve CD8 T","CD99","CD99",0.260467192487756,3,"CD99_CD99","CD99 - CD99","CD99","Cell-Cell Contact","KEGG: hsa04514","CX3CR1+ NK -> Naïve CD8 T (PBMC_Late)",0.0215096176572805,"CX3CR1+ NK -> Naïve CD8 T","PBMC_Late"
"CXCR6+ NK","Naïve CD8 T","CD99","CD99",0.26021182300446,3,"CD99_CD99","CD99 - CD99","CD99","Cell-Cell Contact","KEGG: hsa04514","CXCR6+ NK -> Naïve CD8 T (PBMC_Late)",0.0214287260021465,"CXCR6+ NK -> Naïve CD8 T","PBMC_Late"
"DC2","Naïve CD8 T","CD99","CD99",0.228950282975573,3,"CD99_CD99","CD99 - CD99","CD99","Cell-Cell Contact","KEGG: hsa04514","DC2 -> Naïve CD8 T (PBMC_Late)",0.0126796049055997,"DC2 -> Naïve CD8 T","PBMC_Late"
"DNQ T","Naïve CD8 T","CD99","CD99",0.281689366993567,3,"CD99_CD99","CD99 - CD99","CD99","Cell-Cell Contact","KEGG: hsa04514","DNQ T -> Naïve CD8 T (PBMC_Late)",0.0287243595188341,"DNQ T -> Naïve CD8 T","PBMC_Late"
"Gamma Delta V1 T","Naïve CD8 T","CD99","CD99",0.23583835653034,3,"CD99_CD99","CD99 - CD99","CD99","Cell-Cell Contact","KEGG: hsa04514","Gamma Delta V1 T -> Naïve CD8 T (PBMC_Late)",0.0144048205159413,"Gamma Delta V1 T -> Naïve CD8 T","PBMC_Late"
"Gamma Delta V2 T","Naïve CD8 T","CD99","CD99",0.245965797765424,3,"CD99_CD99","CD99 - CD99","CD99","Cell-Cell Contact","KEGG: hsa04514","Gamma Delta V2 T -> Naïve CD8 T (PBMC_Late)",0.0171525932700631,"Gamma Delta V2 T -> Naïve CD8 T","PBMC_Late"
"HSC_MPP","Naïve CD8 T","CD99","CD99",0.265572567231236,3,"CD99_CD99","CD99 - CD99","CD99","Cell-Cell Contact","KEGG: hsa04514","HSC_MPP -> Naïve CD8 T (PBMC_Late)",0.023157208624646,"HSC_MPP -> Naïve CD8 T","PBMC_Late"
"ILC2/3","Naïve CD8 T","CD99","CD99",0.234864955969199,3,"CD99_CD99","CD99 - CD99","CD99","Cell-Cell Contact","KEGG: hsa04514","ILC2/3 -> Naïve CD8 T (PBMC_Late)",0.0141538883538828,"ILC2/3 -> Naïve CD8 T","PBMC_Late"
"Megakaryocytes","Naïve CD8 T","CD99","CD99",0.270037461237665,3,"CD99_CD99","CD99 - CD99","CD99","Cell-Cell Contact","KEGG: hsa04514","Megakaryocytes -> Naïve CD8 T (PBMC_Late)",0.0246447864620212,"Megakaryocytes -> Naïve CD8 T","PBMC_Late"
"NK T","Naïve CD8 T","CD99","CD99",0.254319818631978,3,"CD99_CD99","CD99 - CD99","CD99","Cell-Cell Contact","KEGG: hsa04514","NK T -> Naïve CD8 T (PBMC_Late)",0.0196033088286319,"NK T -> Naïve CD8 T","PBMC_Late"
"pDC","Naïve CD8 T","CD99","CD99",0.258676880044168,3,"CD99_CD99","CD99 - CD99","CD99","Cell-Cell Contact","KEGG: hsa04514","pDC -> Naïve CD8 T (PBMC_Late)",0.0209455987041095,"pDC -> Naïve CD8 T","PBMC_Late"
"Pro-B","Naïve CD8 T","CD99","CD99",0.28606306168598,3,"CD99_CD99","CD99 - CD99","CD99","Cell-Cell Contact","KEGG: hsa04514","Pro-B -> Naïve CD8 T (PBMC_Late)",0.0303265199467586,"Pro-B -> Naïve CD8 T","PBMC_Late"
"Tem","Naïve CD8 T","CD99","CD99",0.232273642496076,3,"CD99_CD99","CD99 - CD99","CD99","Cell-Cell Contact","KEGG: hsa04514","Tem -> Naïve CD8 T (PBMC_Late)",0.0134972840762772,"Tem -> Naïve CD8 T","PBMC_Late"
"Th17like_INNATE_T","Naïve CD8 T","CD99","CD99",0.244540660431415,3,"CD99_CD99","CD99 - CD99","CD99","Cell-Cell Contact","KEGG: hsa04514","Th17like_INNATE_T -> Naïve CD8 T (PBMC_Late)",0.0167509635292027,"Th17like_INNATE_T -> Naïve CD8 T","PBMC_Late"
"Treg","Naïve CD8 T","CD99","CD99",0.228355845549632,3,"CD99_CD99","CD99 - CD99","CD99","Cell-Cell Contact","KEGG: hsa04514","Treg -> Naïve CD8 T (PBMC_Late)",0.0125362567971145,"Treg -> Naïve CD8 T","PBMC_Late"
"CD14+PPBP+ Monocytes","NK T","CD99","CD99",0.44755264067719,3,"CD99_CD99","CD99 - CD99","CD99","Cell-Cell Contact","KEGG: hsa04514","CD14+PPBP+ Monocytes -> NK T (PBMC_Late)",0.10705912405778,"CD14+PPBP+ Monocytes -> NK T","PBMC_Late"
"Classical Monocytes","NK T","CD99","CD99",0.334983251827465,3,"CD99_CD99","CD99 - CD99","CD99","Cell-Cell Contact","KEGG: hsa04514","Classical Monocytes -> NK T (PBMC_Late)",0.0505281904471815,"Classical Monocytes -> NK T","PBMC_Late"
"CX3CR1+ NK","NK T","CD99","CD99",0.447704714667097,3,"CD99_CD99","CD99 - CD99","CD99","Cell-Cell Contact","KEGG: hsa04514","CX3CR1+ NK -> NK T (PBMC_Late)",0.107140408541389,"CX3CR1+ NK -> NK T","PBMC_Late"
"CXCR5+ Naïve B","NK T","CD99","CD99",0.224751234539665,3,"CD99_CD99","CD99 - CD99","CD99","Cell-Cell Contact","KEGG: hsa04514","CXCR5+ Naïve B -> NK T (PBMC_Late)",0.0116859996008599,"CXCR5+ Naïve B -> NK T","PBMC_Late"
"CXCR6+ NK","NK T","CD99","CD99",0.447016534224733,3,"CD99_CD99","CD99 - CD99","CD99","Cell-Cell Contact","KEGG: hsa04514","CXCR6+ NK -> NK T (PBMC_Late)",0.106772623644128,"CXCR6+ NK -> NK T","PBMC_Late"
"Cycling Treg","NK T","CD99","CD99",0.306546215114551,3,"CD99_CD99","CD99 - CD99","CD99","Cell-Cell Contact","KEGG: hsa04514","Cycling Treg -> NK T (PBMC_Late)",0.0383059185885822,"Cycling Treg -> NK T","PBMC_Late"
"DC1","NK T","CD99","CD99",0.31435131986933,3,"CD99_CD99","CD99 - CD99","CD99","Cell-Cell Contact","KEGG: hsa04514","DC1 -> NK T (PBMC_Late)",0.0415376874851555,"DC1 -> NK T","PBMC_Late"
"DC2","NK T","CD99","CD99",0.366900602773578,3,"CD99_CD99","CD99 - CD99","CD99","Cell-Cell Contact","KEGG: hsa04514","DC2 -> NK T (PBMC_Late)",0.0655112224382937,"DC2 -> NK T","PBMC_Late"
"DNQ T","NK T","CD99","CD99",0.5067651223852,3,"CD99_CD99","CD99 - CD99","CD99","Cell-Cell Contact","KEGG: hsa04514","DNQ T -> NK T (PBMC_Late)",0.138997301773383,"DNQ T -> NK T","PBMC_Late"
"Gamma Delta V1 T","NK T","CD99","CD99",0.3838447386306,3,"CD99_CD99","CD99 - CD99","CD99","Cell-Cell Contact","KEGG: hsa04514","Gamma Delta V1 T -> NK T (PBMC_Late)",0.0738868783660097,"Gamma Delta V1 T -> NK T","PBMC_Late"
"Gamma Delta V2 T","NK T","CD99","CD99",0.409486985632008,3,"CD99_CD99","CD99 - CD99","CD99","Cell-Cell Contact","KEGG: hsa04514","Gamma Delta V2 T -> NK T (PBMC_Late)",0.0869797406064405,"Gamma Delta V2 T -> NK T","PBMC_Late"
"HSC_MPP","NK T","CD99","CD99",0.461576080984811,3,"CD99_CD99","CD99 - CD99","CD99","Cell-Cell Contact","KEGG: hsa04514","HSC_MPP -> NK T (PBMC_Late)",0.114579075496951,"HSC_MPP -> NK T","PBMC_Late"
"ILC2/3","NK T","CD99","CD99",0.38142583173071,3,"CD99_CD99","CD99 - CD99","CD99","Cell-Cell Contact","KEGG: hsa04514","ILC2/3 -> NK T (PBMC_Late)",0.0726761740622364,"ILC2/3 -> NK T","PBMC_Late"
"Large pre-B","NK T","CD99","CD99",0.350467965290056,3,"CD99_CD99","CD99 - CD99","CD99","Cell-Cell Contact","KEGG: hsa04514","Large pre-B -> NK T (PBMC_Late)",0.0576521445672703,"Large pre-B -> NK T","PBMC_Late"
"Megakaryocytes","NK T","CD99","CD99",0.473883156727435,3,"CD99_CD99","CD99 - CD99","CD99","Cell-Cell Contact","KEGG: hsa04514","Megakaryocytes -> NK T (PBMC_Late)",0.121210712548844,"Megakaryocytes -> NK T","PBMC_Late"
"MEMP","NK T","CD99","CD99",0.335643106610174,3,"CD99_CD99","CD99 - CD99","CD99","Cell-Cell Contact","KEGG: hsa04514","MEMP -> NK T (PBMC_Late)",0.0508256009489096,"MEMP -> NK T","PBMC_Late"
"MEP","NK T","CD99","CD99",0.261888285755834,3,"CD99_CD99","CD99 - CD99","CD99","Cell-Cell Contact","KEGG: hsa04514","MEP -> NK T (PBMC_Late)",0.0219624295978735,"MEP -> NK T","PBMC_Late"
"Naïve CD4 T","NK T","CD99","CD99",0.256088997891549,3,"CD99_CD99","CD99 - CD99","CD99","Cell-Cell Contact","KEGG: hsa04514","Naïve CD4 T -> NK T (PBMC_Late)",0.020143120326545,"Naïve CD4 T -> NK T","PBMC_Late"
"Naïve CD8 T","NK T","CD99","CD99",0.254319818631978,3,"CD99_CD99","CD99 - CD99","CD99","Cell-Cell Contact","KEGG: hsa04514","Naïve CD8 T -> NK T (PBMC_Late)",0.0196033088286319,"Naïve CD8 T -> NK T","PBMC_Late"
"NK T","NK T","CD99","CD99",0.431289034660918,3,"CD99_CD99","CD99 - CD99","CD99","Cell-Cell Contact","KEGG: hsa04514","NK T -> NK T (PBMC_Late)",0.098408242962293,"NK T -> NK T","PBMC_Late"
"Others","NK T","CD99","CD99",0.279195926962955,3,"CD99_CD99","CD99 - CD99","CD99","Cell-Cell Contact","KEGG: hsa04514","Others -> NK T (PBMC_Late)",0.0278279562792447,"Others -> NK T","PBMC_Late"
"pDC","NK T","CD99","CD99",0.44289150482553,3,"CD99_CD99","CD99 - CD99","CD99","Cell-Cell Contact","KEGG: hsa04514","pDC -> NK T (PBMC_Late)",0.104570967523318,"pDC -> NK T","PBMC_Late"
"Pro-B","NK T","CD99","CD99",0.519389769836882,3,"CD99_CD99","CD99 - CD99","CD99","Cell-Cell Contact","KEGG: hsa04514","Pro-B -> NK T (PBMC_Late)",0.145826700830686,"Pro-B -> NK T","PBMC_Late"
"Tem","NK T","CD99","CD99",0.375025559014291,3,"CD99_CD99","CD99 - CD99","CD99","Cell-Cell Contact","KEGG: hsa04514","Tem -> NK T (PBMC_Late)",0.0694960803347399,"Tem -> NK T","PBMC_Late"
"Th17like_INNATE_T","NK T","CD99","CD99",0.405826249851844,3,"CD99_CD99","CD99 - CD99","CD99","Cell-Cell Contact","KEGG: hsa04514","Th17like_INNATE_T -> NK T (PBMC_Late)",0.0850846430506754,"Th17like_INNATE_T -> NK T","PBMC_Late"
"Treg","NK T","CD99","CD99",0.365457207060539,3,"CD99_CD99","CD99 - CD99","CD99","Cell-Cell Contact","KEGG: hsa04514","Treg -> NK T (PBMC_Late)",0.0648097982499063,"Treg -> NK T","PBMC_Late"
"CD14+PPBP+ Monocytes","NK T","CLEC1B","KLRB1",0.266366290246501,3,"CLEC1B_KLRB1","CLEC1B - KLRB1","CLEC","Cell-Cell Contact","PMID: 24223577","CD14+PPBP+ Monocytes -> NK T (PBMC_Early)",0.0234185038383064,"CD14+PPBP+ Monocytes -> NK T","PBMC_Early"
"Megakaryocytes","NK T","CLEC1B","KLRB1",0.284064417853576,3,"CLEC1B_KLRB1","CLEC1B - KLRB1","CLEC","Cell-Cell Contact","PMID: 24223577","Megakaryocytes -> NK T (PBMC_Early)",0.0295897202258688,"Megakaryocytes -> NK T","PBMC_Early"
"MEP","NK T","CLEC1B","KLRB1",0.275177699399916,3,"CLEC1B_KLRB1","CLEC1B - KLRB1","CLEC","Cell-Cell Contact","PMID: 24223577","MEP -> NK T (PBMC_Early)",0.0264099245484351,"MEP -> NK T","PBMC_Early"
"CX3CR1+ NK","NK T","CLEC2B","KLRB1",0.257139197844629,3,"CLEC2B_KLRB1","CLEC2B - KLRB1","CLEC","Cell-Cell Contact","PMID: 24223577","CX3CR1+ NK -> NK T (PBMC_Early)",0.0204669430009119,"CX3CR1+ NK -> NK T","PBMC_Early"
"CXCR6+ NK","NK T","CLEC2B","KLRB1",0.281520825320191,3,"CLEC2B_KLRB1","CLEC2B - KLRB1","CLEC","Cell-Cell Contact","PMID: 24223577","CXCR6+ NK -> NK T (PBMC_Early)",0.028663375611524,"CXCR6+ NK -> NK T","PBMC_Early"
"Cycling Treg","NK T","CLEC2B","KLRB1",0.190330321862275,3,"CLEC2B_KLRB1","CLEC2B - KLRB1","CLEC","Cell-Cell Contact","PMID: 24223577","Cycling Treg -> NK T (PBMC_Early)",0.00522644698274684,"Cycling Treg -> NK T","PBMC_Early"
"DC1","NK T","CLEC2B","KLRB1",0.191945755735478,3,"CLEC2B_KLRB1","CLEC2B - KLRB1","CLEC","Cell-Cell Contact","PMID: 24223577","DC1 -> NK T (PBMC_Early)",0.0054627376213916,"DC1 -> NK T","PBMC_Early"
"DC2","NK T","CLEC2B","KLRB1",0.165237329690477,3,"CLEC2B_KLRB1","CLEC2B - KLRB1","CLEC","Cell-Cell Contact","PMID: 24223577","DC2 -> NK T (PBMC_Early)",0.00235338341010927,"DC2 -> NK T","PBMC_Early"
"DNQ T","NK T","CLEC2B","KLRB1",0.143301935818835,3,"CLEC2B_KLRB1","CLEC2B - KLRB1","CLEC","Cell-Cell Contact","PMID: 24223577","DNQ T -> NK T (PBMC_Early)",0.000931911417276638,"DNQ T -> NK T","PBMC_Early"
"DPP T","NK T","CLEC2B","KLRB1",0.210024922912823,3,"CLEC2B_KLRB1","CLEC2B - KLRB1","CLEC","Cell-Cell Contact","PMID: 24223577","NA",0.00855414187460708,"DPP T -> NK T","PBMC_Early"
"Gamma Delta V1 T","NK T","CLEC2B","KLRB1",0.18972774425435,3,"CLEC2B_KLRB1","CLEC2B - KLRB1","CLEC","Cell-Cell Contact","PMID: 24223577","Gamma Delta V1 T -> NK T (PBMC_Early)",0.00513995770907525,"Gamma Delta V1 T -> NK T","PBMC_Early"
"Gamma Delta V2 T","NK T","CLEC2B","KLRB1",0.198043159984661,3,"CLEC2B_KLRB1","CLEC2B - KLRB1","CLEC","Cell-Cell Contact","PMID: 24223577","Gamma Delta V2 T -> NK T (PBMC_Early)",0.00641315209293772,"Gamma Delta V2 T -> NK T","PBMC_Early"
"GNG4 +CD8aa+T","NK T","CLEC2B","KLRB1",0.175869411255926,3,"CLEC2B_KLRB1","CLEC2B - KLRB1","CLEC","Cell-Cell Contact","PMID: 24223577","GNG4 +CD8aa+T -> NK T (PBMC_Early)",0.00339301247612112,"GNG4 +CD8aa+T -> NK T","PBMC_Early"
"HSC_MPP","NK T","CLEC2B","KLRB1",0.171987468985268,3,"CLEC2B_KLRB1","CLEC2B - KLRB1","CLEC","Cell-Cell Contact","PMID: 24223577","HSC_MPP -> NK T (PBMC_Early)",0.00298433871323547,"HSC_MPP -> NK T","PBMC_Early"
"ILC2/3","NK T","CLEC2B","KLRB1",0.192347144318079,3,"CLEC2B_KLRB1","CLEC2B - KLRB1","CLEC","Cell-Cell Contact","PMID: 24223577","ILC2/3 -> NK T (PBMC_Early)",0.00552245132614135,"ILC2/3 -> NK T","PBMC_Early"
"Macrophages","NK T","CLEC2B","KLRB1",0.19129967316537,3,"CLEC2B_KLRB1","CLEC2B - KLRB1","CLEC","Cell-Cell Contact","PMID: 24223577","Macrophages -> NK T (PBMC_Early)",0.00536746009606387,"Macrophages -> NK T","PBMC_Early"
"Naïve CD4 T","NK T","CLEC2B","KLRB1",0.174909966392433,3,"CLEC2B_KLRB1","CLEC2B - KLRB1","CLEC","Cell-Cell Contact","PMID: 24223577","Naïve CD4 T -> NK T (PBMC_Early)",0.00328881783164886,"Naïve CD4 T -> NK T","PBMC_Early"
"Naïve CD8 T","NK T","CLEC2B","KLRB1",0.188707403071026,3,"CLEC2B_KLRB1","CLEC2B - KLRB1","CLEC","Cell-Cell Contact","PMID: 24223577","Naïve CD8 T -> NK T (PBMC_Early)",0.0049955429916337,"Naïve CD8 T -> NK T","PBMC_Early"
"NK T","NK T","CLEC2B","KLRB1",0.196480392360632,3,"CLEC2B_KLRB1","CLEC2B - KLRB1","CLEC","Cell-Cell Contact","PMID: 24223577","NK T -> NK T (PBMC_Early)",0.00616069068444234,"NK T -> NK T","PBMC_Early"
"Pro-B","NK T","CLEC2B","KLRB1",0.167414915625998,3,"CLEC2B_KLRB1","CLEC2B - KLRB1","CLEC","Cell-Cell Contact","PMID: 24223577","Pro-B -> NK T (PBMC_Early)",0.00254612309841095,"Pro-B -> NK T","PBMC_Early"
"Small pre-B","NK T","CLEC2B","KLRB1",0.225233307890625,3,"CLEC2B_KLRB1","CLEC2B - KLRB1","CLEC","Cell-Cell Contact","PMID: 24223577","NA",0.0117978181483968,"Small pre-B -> NK T","PBMC_Early"
"Tem","NK T","CLEC2B","KLRB1",0.197084352699832,3,"CLEC2B_KLRB1","CLEC2B - KLRB1","CLEC","Cell-Cell Contact","PMID: 24223577","Tem -> NK T (PBMC_Early)",0.00625753133065759,"Tem -> NK T","PBMC_Early"
"Th17like_INNATE_T","NK T","CLEC2B","KLRB1",0.191669838846177,3,"CLEC2B_KLRB1","CLEC2B - KLRB1","CLEC","Cell-Cell Contact","PMID: 24223577","Th17like_INNATE_T -> NK T (PBMC_Early)",0.00542192177505431,"Th17like_INNATE_T -> NK T","PBMC_Early"
"abTentry","NK T","CD69","KLRB1",0.208805687761271,3,"CLEC2C_KLRB1","CLEC2C - KLRB1","CLEC","Cell-Cell Contact","PMID: 24223577","abTentry -> NK T (PBMC_Early)",0.00831959608082909,"abTentry -> NK T","PBMC_Early"
"CD56highCD16low NK","NK T","CD69","KLRB1",0.23149328007433,3,"CLEC2C_KLRB1","CLEC2C - KLRB1","CLEC","Cell-Cell Contact","PMID: 24223577","CD56highCD16low NK -> NK T (PBMC_Early)",0.0133028122177345,"CD56highCD16low NK -> NK T","PBMC_Early"
"CX3CR1+ NK","NK T","CD69","KLRB1",0.280140508543487,3,"CLEC2C_KLRB1","CLEC2C - KLRB1","CLEC","Cell-Cell Contact","PMID: 24223577","CX3CR1+ NK -> NK T (PBMC_Early)",0.0281660685190362,"CX3CR1+ NK -> NK T","PBMC_Early"
"CXCR5- Naïve B","NK T","CD69","KLRB1",0.264264655352875,3,"CLEC2C_KLRB1","CLEC2C - KLRB1","CLEC","Cell-Cell Contact","PMID: 24223577","CXCR5- Naïve B -> NK T (PBMC_Early)",0.0227296438725785,"CXCR5- Naïve B -> NK T","PBMC_Early"
"CXCR5+ Naïve B","NK T","CD69","KLRB1",0.279326268842996,3,"CLEC2C_KLRB1","CLEC2C - KLRB1","CLEC","Cell-Cell Contact","PMID: 24223577","CXCR5+ Naïve B -> NK T (PBMC_Early)",0.0278745049636114,"CXCR5+ Naïve B -> NK T","PBMC_Early"
"CXCR6+ NK","NK T","CD69","KLRB1",0.353173823379054,3,"CLEC2C_KLRB1","CLEC2C - KLRB1","CLEC","Cell-Cell Contact","PMID: 24223577","CXCR6+ NK -> NK T (PBMC_Early)",0.0589263496475451,"CXCR6+ NK -> NK T","PBMC_Early"
"DNQ T","NK T","CD69","KLRB1",0.192679266001279,3,"CLEC2C_KLRB1","CLEC2C - KLRB1","CLEC","Cell-Cell Contact","PMID: 24223577","DNQ T -> NK T (PBMC_Early)",0.00557216270394428,"DNQ T -> NK T","PBMC_Early"
"DPP T","NK T","CD69","KLRB1",0.274908309358079,3,"CLEC2C_KLRB1","CLEC2C - KLRB1","CLEC","Cell-Cell Contact","PMID: 24223577","NA",0.0263160442311241,"DPP T -> NK T","PBMC_Early"
"Gamma Delta V1 T","NK T","CD69","KLRB1",0.284813716116129,3,"CLEC2C_KLRB1","CLEC2C - KLRB1","CLEC","Cell-Cell Contact","PMID: 24223577","Gamma Delta V1 T -> NK T (PBMC_Early)",0.0298650356154625,"Gamma Delta V1 T -> NK T","PBMC_Early"
"Gamma Delta V2 T","NK T","CD69","KLRB1",0.30129626691833,3,"CLEC2C_KLRB1","CLEC2C - KLRB1","CLEC","Cell-Cell Contact","PMID: 24223577","Gamma Delta V2 T -> NK T (PBMC_Early)",0.0361892801139903,"Gamma Delta V2 T -> NK T","PBMC_Early"
"GNG4 +CD8aa+T","NK T","CD69","KLRB1",0.227933642283574,3,"CLEC2C_KLRB1","CLEC2C - KLRB1","CLEC","Cell-Cell Contact","PMID: 24223577","GNG4 +CD8aa+T -> NK T (PBMC_Early)",0.0124349802920315,"GNG4 +CD8aa+T -> NK T","PBMC_Early"
"HSC_MPP","NK T","CD69","KLRB1",0.233134495945668,3,"CLEC2C_KLRB1","CLEC2C - KLRB1","CLEC","Cell-Cell Contact","PMID: 24223577","HSC_MPP -> NK T (PBMC_Early)",0.0137135687601801,"HSC_MPP -> NK T","PBMC_Early"
"ILC2/3","NK T","CD69","KLRB1",0.319399790430746,3,"CLEC2C_KLRB1","CLEC2C - KLRB1","CLEC","Cell-Cell Contact","PMID: 24223577","ILC2/3 -> NK T (PBMC_Early)",0.0436796728951109,"ILC2/3 -> NK T","PBMC_Early"
"Large pre-B","NK T","CD69","KLRB1",0.181974768740902,3,"CLEC2C_KLRB1","CLEC2C - KLRB1","CLEC","Cell-Cell Contact","PMID: 24223577","Large pre-B -> NK T (PBMC_Early)",0.00410615865431495,"Large pre-B -> NK T","PBMC_Early"
"MEMP","NK T","CD69","KLRB1",0.197802859943906,3,"CLEC2C_KLRB1","CLEC2C - KLRB1","CLEC","Cell-Cell Contact","PMID: 24223577","MEMP -> NK T (PBMC_Early)",0.0063739326323876,"MEMP -> NK T","PBMC_Early"
"MEP","NK T","CD69","KLRB1",0.259521305100085,3,"CLEC2C_KLRB1","CLEC2C - KLRB1","CLEC","Cell-Cell Contact","PMID: 24223577","MEP -> NK T (PBMC_Early)",0.0212107278782784,"MEP -> NK T","PBMC_Early"
"Naïve CD4 T","NK T","CD69","KLRB1",0.256205524004712,3,"CLEC2C_KLRB1","CLEC2C - KLRB1","CLEC","Cell-Cell Contact","PMID: 24223577","Naïve CD4 T -> NK T (PBMC_Early)",0.0201789263678934,"Naïve CD4 T -> NK T","PBMC_Early"
"Naïve CD8 T","NK T","CD69","KLRB1",0.279947345694101,3,"CLEC2C_KLRB1","CLEC2C - KLRB1","CLEC","Cell-Cell Contact","PMID: 24223577","Naïve CD8 T -> NK T (PBMC_Early)",0.0280967797516707,"Naïve CD8 T -> NK T","PBMC_Early"
"NK T","NK T","CD69","KLRB1",0.305404830513348,3,"CLEC2C_KLRB1","CLEC2C - KLRB1","CLEC","Cell-Cell Contact","PMID: 24223577","NK T -> NK T (PBMC_Early)",0.0378417440109941,"NK T -> NK T","PBMC_Early"
"Others","NK T","CD69","KLRB1",0.208898328750691,3,"CLEC2C_KLRB1","CLEC2C - KLRB1","CLEC","Cell-Cell Contact","PMID: 24223577","Others -> NK T (PBMC_Early)",0.00833728451576367,"Others -> NK T","PBMC_Early"
"Pro-B","NK T","CD69","KLRB1",0.195212339342239,3,"CLEC2C_KLRB1","CLEC2C - KLRB1","CLEC","Cell-Cell Contact","PMID: 24223577","Pro-B -> NK T (PBMC_Early)",0.00596034449303165,"Pro-B -> NK T","PBMC_Early"
"Small pre-B","NK T","CD69","KLRB1",0.214513919929778,3,"CLEC2C_KLRB1","CLEC2C - KLRB1","CLEC","Cell-Cell Contact","PMID: 24223577","NA",0.00945036284534033,"Small pre-B -> NK T","PBMC_Early"
"Tem","NK T","CD69","KLRB1",0.332305232006689,3,"CLEC2C_KLRB1","CLEC2C - KLRB1","CLEC","Cell-Cell Contact","PMID: 24223577","Tem -> NK T (PBMC_Early)",0.0493271056328061,"Tem -> NK T","PBMC_Early"
"Th17like_INNATE_T","NK T","CD69","KLRB1",0.300474213267033,3,"CLEC2C_KLRB1","CLEC2C - KLRB1","CLEC","Cell-Cell Contact","PMID: 24223577","Th17like_INNATE_T -> NK T (PBMC_Early)",0.03586215876862,"Th17like_INNATE_T -> NK T","PBMC_Early"
"Treg","NK T","CD69","KLRB1",0.267606054178968,3,"CLEC2C_KLRB1","CLEC2C - KLRB1","CLEC","Cell-Cell Contact","PMID: 24223577","Treg -> NK T (PBMC_Early)",0.0238293745356932,"Treg -> NK T","PBMC_Early"
"abTentry","NK T","CLEC2D","KLRB1",0.286435042042637,3,"CLEC2D_KLRB1","CLEC2D - KLRB1","CLEC","Cell-Cell Contact","PMID: 24223577","abTentry -> NK T (PBMC_Early)",0.0304645077879655,"abTentry -> NK T","PBMC_Early"
"CD56highCD16low NK","NK T","CLEC2D","KLRB1",0.227073228475881,3,"CLEC2D_KLRB1","CLEC2D - KLRB1","CLEC","Cell-Cell Contact","PMID: 24223577","CD56highCD16low NK -> NK T (PBMC_Early)",0.0122299711285984,"CD56highCD16low NK -> NK T","PBMC_Early"
"CX3CR1+ NK","NK T","CLEC2D","KLRB1",0.192711034557553,3,"CLEC2D_KLRB1","CLEC2D - KLRB1","CLEC","Cell-Cell Contact","PMID: 24223577","CX3CR1+ NK -> NK T (PBMC_Early)",0.00557693212318861,"CX3CR1+ NK -> NK T","PBMC_Early"
"CXCR5- Naïve B","NK T","CLEC2D","KLRB1",0.208886517123858,3,"CLEC2D_KLRB1","CLEC2D - KLRB1","CLEC","Cell-Cell Contact","PMID: 24223577","CXCR5- Naïve B -> NK T (PBMC_Early)",0.00833502804251755,"CXCR5- Naïve B -> NK T","PBMC_Early"
"CXCR5+ Naïve B","NK T","CLEC2D","KLRB1",0.256100578168817,3,"CLEC2D_KLRB1","CLEC2D - KLRB1","CLEC","Cell-Cell Contact","PMID: 24223577","CXCR5+ Naïve B -> NK T (PBMC_Early)",0.0201466773159172,"CXCR5+ Naïve B -> NK T","PBMC_Early"
"Cycling Treg","NK T","CLEC2D","KLRB1",0.273181848505976,3,"CLEC2D_KLRB1","CLEC2D - KLRB1","CLEC","Cell-Cell Contact","PMID: 24223577","Cycling Treg -> NK T (PBMC_Early)",0.0257179697987541,"Cycling Treg -> NK T","PBMC_Early"
"DPP T","NK T","CLEC2D","KLRB1",0.265420479621661,3,"CLEC2D_KLRB1","CLEC2D - KLRB1","CLEC","Cell-Cell Contact","PMID: 24223577","NA",0.0231072978899925,"DPP T -> NK T","PBMC_Early"
"Gamma Delta V1 T","NK T","CLEC2D","KLRB1",0.259437400817977,3,"CLEC2D_KLRB1","CLEC2D - KLRB1","CLEC","Cell-Cell Contact","PMID: 24223577","Gamma Delta V1 T -> NK T (PBMC_Early)",0.0211843120932376,"Gamma Delta V1 T -> NK T","PBMC_Early"
"Gamma Delta V2 T","NK T","CLEC2D","KLRB1",0.250701386540494,3,"CLEC2D_KLRB1","CLEC2D - KLRB1","CLEC","Cell-Cell Contact","PMID: 24223577","Gamma Delta V2 T -> NK T (PBMC_Early)",0.0185217564856171,"Gamma Delta V2 T -> NK T","PBMC_Early"
"GNG4 +CD8aa+T","NK T","CLEC2D","KLRB1",0.295957942839448,3,"CLEC2D_KLRB1","CLEC2D - KLRB1","CLEC","Cell-Cell Contact","PMID: 24223577","GNG4 +CD8aa+T -> NK T (PBMC_Early)",0.0340863433394276,"GNG4 +CD8aa+T -> NK T","PBMC_Early"
"Large pre-B","NK T","CLEC2D","KLRB1",0.277308684809032,3,"CLEC2D_KLRB1","CLEC2D - KLRB1","CLEC","Cell-Cell Contact","PMID: 24223577","Large pre-B -> NK T (PBMC_Early)",0.0271578340079409,"Large pre-B -> NK T","PBMC_Early"
"Naïve CD4 T","NK T","CLEC2D","KLRB1",0.257295331116357,3,"CLEC2D_KLRB1","CLEC2D - KLRB1","CLEC","Cell-Cell Contact","PMID: 24223577","Naïve CD4 T -> NK T (PBMC_Early)",0.0205153001622055,"Naïve CD4 T -> NK T","PBMC_Early"
"Naïve CD8 T","NK T","CLEC2D","KLRB1",0.27251292818077,3,"CLEC2D_KLRB1","CLEC2D - KLRB1","CLEC","Cell-Cell Contact","PMID: 24223577","Naïve CD8 T -> NK T (PBMC_Early)",0.0254879196917812,"Naïve CD8 T -> NK T","PBMC_Early"
"NK T","NK T","CLEC2D","KLRB1",0.259545368309349,3,"CLEC2D_KLRB1","CLEC2D - KLRB1","CLEC","Cell-Cell Contact","PMID: 24223577","NK T -> NK T (PBMC_Early)",0.0212183066774282,"NK T -> NK T","PBMC_Early"
"Others","NK T","CLEC2D","KLRB1",0.174854894282419,3,"CLEC2D_KLRB1","CLEC2D - KLRB1","CLEC","Cell-Cell Contact","PMID: 24223577","Others -> NK T (PBMC_Early)",0.00328290101340159,"Others -> NK T","PBMC_Early"
"Pro-B","NK T","CLEC2D","KLRB1",0.195212339342239,3,"CLEC2D_KLRB1","CLEC2D - KLRB1","CLEC","Cell-Cell Contact","PMID: 24223577","Pro-B -> NK T (PBMC_Early)",0.00596034449303165,"Pro-B -> NK T","PBMC_Early"
"Small pre-B","NK T","CLEC2D","KLRB1",0.295476476674678,3,"CLEC2D_KLRB1","CLEC2D - KLRB1","CLEC","Cell-Cell Contact","PMID: 24223577","NA",0.0338991897008772,"Small pre-B -> NK T","PBMC_Early"
"Tem","NK T","CLEC2D","KLRB1",0.248586807372367,3,"CLEC2D_KLRB1","CLEC2D - KLRB1","CLEC","Cell-Cell Contact","PMID: 24223577","Tem -> NK T (PBMC_Early)",0.0179038478792195,"Tem -> NK T","PBMC_Early"
"Th17like_INNATE_T","NK T","CLEC2D","KLRB1",0.246122255580316,3,"CLEC2D_KLRB1","CLEC2D - KLRB1","CLEC","Cell-Cell Contact","PMID: 24223577","Th17like_INNATE_T -> NK T (PBMC_Early)",0.017196980983515,"Th17like_INNATE_T -> NK T","PBMC_Early"
"Treg","NK T","CLEC2D","KLRB1",0.260170080128633,3,"CLEC2D_KLRB1","CLEC2D - KLRB1","CLEC","Cell-Cell Contact","PMID: 24223577","Treg -> NK T (PBMC_Early)",0.0214155172905626,"Treg -> NK T","PBMC_Early"
"Endothelial cells","Naïve CD8 T","EFNA1","EPHA4",0.221274293694126,3,"EFNA1_EPHA4","EFNA1 - EPHA4","EPHA","Cell-Cell Contact","PMID: 15114347","Endothelial cells -> Naïve CD8 T (PBMC_Early)",0.0108968907195538,"Endothelial cells -> Naïve CD8 T","PBMC_Early"
"Endothelial cells","NK T","EFNA1","EPHA4",0.240996883815479,3,"EFNA1_EPHA4","EFNA1 - EPHA4","EPHA","Cell-Cell Contact","PMID: 15114347","Endothelial cells -> NK T (PBMC_Early)",0.0157733851029862,"Endothelial cells -> NK T","PBMC_Early"
"Endothelial cells","NK T","EFNA1","EPHA4",0.232397060996742,3,"EFNA1_EPHA4","EFNA1 - EPHA4","EPHA","Cell-Cell Contact","PMID: 15114347","Endothelial cells -> NK T (PBMC_Late)",0.0135281793942885,"Endothelial cells -> NK T","PBMC_Late"
"DC1","Naïve CD8 T","EFNA4","EPHA4",0.116276235362415,3,"EFNA4_EPHA4","EFNA4 - EPHA4","EPHA","Cell-Cell Contact","PMID: 15114347","DC1 -> Naïve CD8 T (PBMC_Early)",0.000184067202196611,"DC1 -> Naïve CD8 T","PBMC_Early"
"DPP T","Naïve CD8 T","EFNA4","EPHA4",0.176507083085157,3,"EFNA4_EPHA4","EFNA4 - EPHA4","EPHA","Cell-Cell Contact","PMID: 15114347","NA",0.00346343288395061,"DPP T -> Naïve CD8 T","PBMC_Early"
"DC1","NK T","EFNA4","EPHA4",0.121573091976326,3,"EFNA4_EPHA4","EFNA4 - EPHA4","EPHA","Cell-Cell Contact","PMID: 15114347","DC1 -> NK T (PBMC_Early)",0.00026773727497218,"DC1 -> NK T","PBMC_Early"
"DPP T","NK T","EFNA4","EPHA4",0.18895449144702,3,"EFNA4_EPHA4","EFNA4 - EPHA4","EPHA","Cell-Cell Contact","PMID: 15114347","NA",0.00503028016400643,"DPP T -> NK T","PBMC_Early"
"DC2","Naïve CD8 T","EFNB1","EPHA4",0.134272036603724,3,"EFNB1_EPHA4","EFNB1 - EPHA4","EPHB","Cell-Cell Contact","PMID: 15114347","DC2 -> Naïve CD8 T (PBMC_Early)",0.000582857933475465,"DC2 -> Naïve CD8 T","PBMC_Early"
"Endothelial cells","Naïve CD8 T","EFNB1","EPHA4",0.190629762013445,3,"EFNB1_EPHA4","EFNB1 - EPHA4","EPHB","Cell-Cell Contact","PMID: 15114347","Endothelial cells -> Naïve CD8 T (PBMC_Early)",0.00526975928224719,"Endothelial cells -> Naïve CD8 T","PBMC_Early"
"DC2","NK T","EFNB1","EPHA4",0.14138186124124,3,"EFNB1_EPHA4","EFNB1 - EPHA4","EPHB","Cell-Cell Contact","PMID: 15114347","DC2 -> NK T (PBMC_Early)",0.000847649686289343,"DC2 -> NK T","PBMC_Early"
"Endothelial cells","NK T","EFNB1","EPHA4",0.205196610122347,3,"EFNB1_EPHA4","EFNB1 - EPHA4","EPHB","Cell-Cell Contact","PMID: 15114347","Endothelial cells -> NK T (PBMC_Early)",0.00764751244581001,"Endothelial cells -> NK T","PBMC_Early"
"Endothelial cells","NK T","EFNB1","EPHA4",0.200802456144169,3,"EFNB1_EPHA4","EFNB1 - EPHA4","EPHB","Cell-Cell Contact","PMID: 15114347","Endothelial cells -> NK T (PBMC_Late)",0.00687393355514841,"Endothelial cells -> NK T","PBMC_Late"
"Endothelial cells","Naïve CD8 T","EFNB2","EPHA4",0.229243759447452,3,"EFNB2_EPHA4","EFNB2 - EPHA4","EPHB","Cell-Cell Contact","PMID: 15114347","Endothelial cells -> Naïve CD8 T (PBMC_Early)",0.012750702526114,"Endothelial cells -> Naïve CD8 T","PBMC_Early"
"Endothelial cells","NK T","EFNB2","EPHA4",0.250428184504,3,"EFNB2_EPHA4","EFNB2 - EPHA4","EPHB","Cell-Cell Contact","PMID: 15114347","Endothelial cells -> NK T (PBMC_Early)",0.0184413332434955,"Endothelial cells -> NK T","PBMC_Early"
"abTentry","Naïve CD8 T","HLA-A","CD8A",0.51158278820558,3,"HLA-A_CD8A","HLA-A - CD8A","MHC-I","Cell-Cell Contact","KEGG: hsa04514","abTentry -> Naïve CD8 T (PBMC_Early)",0.141604426921768,"abTentry -> Naïve CD8 T","PBMC_Early"
"CD14+PPBP+ Monocytes","Naïve CD8 T","HLA-A","CD8A",0.515076609455184,3,"HLA-A_CD8A","HLA-A - CD8A","MHC-I","Cell-Cell Contact","KEGG: hsa04514","CD14+PPBP+ Monocytes -> Naïve CD8 T (PBMC_Early)",0.14349447177498,"CD14+PPBP+ Monocytes -> Naïve CD8 T","PBMC_Early"
"CD56highCD16low NK","Naïve CD8 T","HLA-A","CD8A",0.466383407590501,3,"HLA-A_CD8A","HLA-A - CD8A","MHC-I","Cell-Cell Contact","KEGG: hsa04514","CD56highCD16low NK -> Naïve CD8 T (PBMC_Early)",0.117166578105133,"CD56highCD16low NK -> Naïve CD8 T","PBMC_Early"
"Classical Monocytes","Naïve CD8 T","HLA-A","CD8A",0.497561629465403,3,"HLA-A_CD8A","HLA-A - CD8A","MHC-I","Cell-Cell Contact","KEGG: hsa04514","Classical Monocytes -> Naïve CD8 T (PBMC_Early)",0.13401530348432,"Classical Monocytes -> Naïve CD8 T","PBMC_Early"
"CX3CR1+ NK","Naïve CD8 T","HLA-A","CD8A",0.600196135367581,3,"HLA-A_CD8A","HLA-A - CD8A","MHC-I","Cell-Cell Contact","KEGG: hsa04514","CX3CR1+ NK -> Naïve CD8 T (PBMC_Early)",0.188978500522801,"CX3CR1+ NK -> Naïve CD8 T","PBMC_Early"
"CXCR5- Naïve B","Naïve CD8 T","HLA-A","CD8A",0.510174065435971,3,"HLA-A_CD8A","HLA-A - CD8A","MHC-I","Cell-Cell Contact","KEGG: hsa04514","CXCR5- Naïve B -> Naïve CD8 T (PBMC_Early)",0.140842178486281,"CXCR5- Naïve B -> Naïve CD8 T","PBMC_Early"
"CXCR5+ Naïve B","Naïve CD8 T","HLA-A","CD8A",0.526353643569846,3,"HLA-A_CD8A","HLA-A - CD8A","MHC-I","Cell-Cell Contact","KEGG: hsa04514","CXCR5+ Naïve B -> Naïve CD8 T (PBMC_Early)",0.149589058192572,"CXCR5+ Naïve B -> Naïve CD8 T","PBMC_Early"
"CXCR6+ NK","Naïve CD8 T","HLA-A","CD8A",0.58703120190359,3,"HLA-A_CD8A","HLA-A - CD8A","MHC-I","Cell-Cell Contact","KEGG: hsa04514","CXCR6+ NK -> Naïve CD8 T (PBMC_Early)",0.182047622478424,"CXCR6+ NK -> Naïve CD8 T","PBMC_Early"
"Cycling Treg","Naïve CD8 T","HLA-A","CD8A",0.483400406869445,3,"HLA-A_CD8A","HLA-A - CD8A","MHC-I","Cell-Cell Contact","KEGG: hsa04514","Cycling Treg -> Naïve CD8 T (PBMC_Early)",0.126352653918024,"Cycling Treg -> Naïve CD8 T","PBMC_Early"
"DC1","Naïve CD8 T","HLA-A","CD8A",0.506173872462559,3,"HLA-A_CD8A","HLA-A - CD8A","MHC-I","Cell-Cell Contact","KEGG: hsa04514","DC1 -> Naïve CD8 T (PBMC_Early)",0.138677286575297,"DC1 -> Naïve CD8 T","PBMC_Early"
"DC2","Naïve CD8 T","HLA-A","CD8A",0.458132753146995,3,"HLA-A_CD8A","HLA-A - CD8A","MHC-I","Cell-Cell Contact","KEGG: hsa04514","DC2 -> Naïve CD8 T (PBMC_Early)",0.112728452460983,"DC2 -> Naïve CD8 T","PBMC_Early"
"DNQ T","Naïve CD8 T","HLA-A","CD8A",0.357507533135392,3,"HLA-A_CD8A","HLA-A - CD8A","MHC-I","Cell-Cell Contact","KEGG: hsa04514","DNQ T -> Naïve CD8 T (PBMC_Early)",0.0609839931509021,"DNQ T -> Naïve CD8 T","PBMC_Early"
"DPP T","Naïve CD8 T","HLA-A","CD8A",0.421074089661787,3,"HLA-A_CD8A","HLA-A - CD8A","MHC-I","Cell-Cell Contact","KEGG: hsa04514","NA",0.0930257475128219,"DPP T -> Naïve CD8 T","PBMC_Early"
"Endothelial cells","Naïve CD8 T","HLA-A","CD8A",0.58797766120685,3,"HLA-A_CD8A","HLA-A - CD8A","MHC-I","Cell-Cell Contact","KEGG: hsa04514","Endothelial cells -> Naïve CD8 T (PBMC_Early)",0.182547496440015,"Endothelial cells -> Naïve CD8 T","PBMC_Early"
"Gamma Delta V1 T","Naïve CD8 T","HLA-A","CD8A",0.579594918062945,3,"HLA-A_CD8A","HLA-A - CD8A","MHC-I","Cell-Cell Contact","KEGG: hsa04514","Gamma Delta V1 T -> Naïve CD8 T (PBMC_Early)",0.178111959564094,"Gamma Delta V1 T -> Naïve CD8 T","PBMC_Early"
"Gamma Delta V2 T","Naïve CD8 T","HLA-A","CD8A",0.589347961809221,3,"HLA-A_CD8A","HLA-A - CD8A","MHC-I","Cell-Cell Contact","KEGG: hsa04514","Gamma Delta V2 T -> Naïve CD8 T (PBMC_Early)",0.183270795819818,"Gamma Delta V2 T -> Naïve CD8 T","PBMC_Early"
"GNG4 +CD8aa+T","Naïve CD8 T","HLA-A","CD8A",0.503289468282539,3,"HLA-A_CD8A","HLA-A - CD8A","MHC-I","Cell-Cell Contact","KEGG: hsa04514","GNG4 +CD8aa+T -> Naïve CD8 T (PBMC_Early)",0.137115982200482,"GNG4 +CD8aa+T -> Naïve CD8 T","PBMC_Early"
"HSC_MPP","Naïve CD8 T","HLA-A","CD8A",0.405803285235119,3,"HLA-A_CD8A","HLA-A - CD8A","MHC-I","Cell-Cell Contact","KEGG: hsa04514","HSC_MPP -> Naïve CD8 T (PBMC_Early)",0.0850727792344823,"HSC_MPP -> Naïve CD8 T","PBMC_Early"
"ILC2/3","Naïve CD8 T","HLA-A","CD8A",0.533010131751747,3,"HLA-A_CD8A","HLA-A - CD8A","MHC-I","Cell-Cell Contact","KEGG: hsa04514","ILC2/3 -> Naïve CD8 T (PBMC_Early)",0.1531807098299,"ILC2/3 -> Naïve CD8 T","PBMC_Early"
"Large pre-B","Naïve CD8 T","HLA-A","CD8A",0.419389549837082,3,"HLA-A_CD8A","HLA-A - CD8A","MHC-I","Cell-Cell Contact","KEGG: hsa04514","Large pre-B -> Naïve CD8 T (PBMC_Early)",0.0921425891288053,"Large pre-B -> Naïve CD8 T","PBMC_Early"
"Late_ERY","Naïve CD8 T","HLA-A","CD8A",0.256617842699602,3,"HLA-A_CD8A","HLA-A - CD8A","MHC-I","Cell-Cell Contact","KEGG: hsa04514","Late_ERY -> Naïve CD8 T (PBMC_Early)",0.0203058721427289,"Late_ERY -> Naïve CD8 T","PBMC_Early"
"Macrophages","Naïve CD8 T","HLA-A","CD8A",0.497364704200714,3,"HLA-A_CD8A","HLA-A - CD8A","MHC-I","Cell-Cell Contact","KEGG: hsa04514","Macrophages -> Naïve CD8 T (PBMC_Early)",0.133908702502672,"Macrophages -> Naïve CD8 T","PBMC_Early"
"Megakaryocytes","Naïve CD8 T","HLA-A","CD8A",0.502362916803578,3,"HLA-A_CD8A","HLA-A - CD8A","MHC-I","Cell-Cell Contact","KEGG: hsa04514","Megakaryocytes -> Naïve CD8 T (PBMC_Early)",0.136614417818405,"Megakaryocytes -> Naïve CD8 T","PBMC_Early"
"MEMP","Naïve CD8 T","HLA-A","CD8A",0.312856005044971,3,"HLA-A_CD8A","HLA-A - CD8A","MHC-I","Cell-Cell Contact","KEGG: hsa04514","MEMP -> Naïve CD8 T (PBMC_Early)",0.0409109037292346,"MEMP -> Naïve CD8 T","PBMC_Early"
"MEP","Naïve CD8 T","HLA-A","CD8A",0.306508136974137,3,"HLA-A_CD8A","HLA-A - CD8A","MHC-I","Cell-Cell Contact","KEGG: hsa04514","MEP -> Naïve CD8 T (PBMC_Early)",0.038290397733401,"MEP -> Naïve CD8 T","PBMC_Early"
"Myeloid-CD177","Naïve CD8 T","HLA-A","CD8A",0.308823465617081,3,"HLA-A_CD8A","HLA-A - CD8A","MHC-I","Cell-Cell Contact","KEGG: hsa04514","Myeloid-CD177 -> Naïve CD8 T (PBMC_Early)",0.0392385378383333,"Myeloid-CD177 -> Naïve CD8 T","PBMC_Early"
"Naïve CD4 T","Naïve CD8 T","HLA-A","CD8A",0.574461152725006,3,"HLA-A_CD8A","HLA-A - CD8A","MHC-I","Cell-Cell Contact","KEGG: hsa04514","Naïve CD4 T -> Naïve CD8 T (PBMC_Early)",0.175386749328371,"Naïve CD4 T -> Naïve CD8 T","PBMC_Early"
"Naïve CD8 T","Naïve CD8 T","HLA-A","CD8A",0.587829594102513,3,"HLA-A_CD8A","HLA-A - CD8A","MHC-I","Cell-Cell Contact","KEGG: hsa04514","Naïve CD8 T -> Naïve CD8 T (PBMC_Early)",0.182469310408653,"Naïve CD8 T -> Naïve CD8 T","PBMC_Early"
"NK T","Naïve CD8 T","HLA-A","CD8A",0.606230088844767,3,"HLA-A_CD8A","HLA-A - CD8A","MHC-I","Cell-Cell Contact","KEGG: hsa04514","NK T -> Naïve CD8 T (PBMC_Early)",0.192138519352353,"NK T -> Naïve CD8 T","PBMC_Early"
"Others","Naïve CD8 T","HLA-A","CD8A",0.489577188221736,3,"HLA-A_CD8A","HLA-A - CD8A","MHC-I","Cell-Cell Contact","KEGG: hsa04514","Others -> Naïve CD8 T (PBMC_Early)",0.129693821018484,"Others -> Naïve CD8 T","PBMC_Early"
"pDC","Naïve CD8 T","HLA-A","CD8A",0.403715834528041,3,"HLA-A_CD8A","HLA-A - CD8A","MHC-I","Cell-Cell Contact","KEGG: hsa04514","pDC -> Naïve CD8 T (PBMC_Early)",0.0839956901211989,"pDC -> Naïve CD8 T","PBMC_Early"
"Pro-B","Naïve CD8 T","HLA-A","CD8A",0.465782636236795,3,"HLA-A_CD8A","HLA-A - CD8A","MHC-I","Cell-Cell Contact","KEGG: hsa04514","Pro-B -> Naïve CD8 T (PBMC_Early)",0.116842994743991,"Pro-B -> Naïve CD8 T","PBMC_Early"
"Small pre-B","Naïve CD8 T","HLA-A","CD8A",0.48791096269819,3,"HLA-A_CD8A","HLA-A - CD8A","MHC-I","Cell-Cell Contact","KEGG: hsa04514","NA",0.128792296588762,"Small pre-B -> Naïve CD8 T","PBMC_Early"
"Tem","Naïve CD8 T","HLA-A","CD8A",0.585283699652895,3,"HLA-A_CD8A","HLA-A - CD8A","MHC-I","Cell-Cell Contact","KEGG: hsa04514","Tem -> Naïve CD8 T (PBMC_Early)",0.181124049617108,"Tem -> Naïve CD8 T","PBMC_Early"
"Th17like_INNATE_T","Naïve CD8 T","HLA-A","CD8A",0.603366652300139,3,"HLA-A_CD8A","HLA-A - CD8A","MHC-I","Cell-Cell Contact","KEGG: hsa04514","Th17like_INNATE_T -> Naïve CD8 T (PBMC_Early)",0.1906402688846,"Th17like_INNATE_T -> Naïve CD8 T","PBMC_Early"
"Treg","Naïve CD8 T","HLA-A","CD8A",0.613349487141182,3,"HLA-A_CD8A","HLA-A - CD8A","MHC-I","Cell-Cell Contact","KEGG: hsa04514","Treg -> Naïve CD8 T (PBMC_Early)",0.195852815771757,"Treg -> Naïve CD8 T","PBMC_Early"
"abTentry","NK T","HLA-A","CD8A",0.31030991827926,3,"HLA-A_CD8A","HLA-A - CD8A","MHC-I","Cell-Cell Contact","KEGG: hsa04514","abTentry -> NK T (PBMC_Early)",0.0398519191156835,"abTentry -> NK T","PBMC_Early"
"CD14+PPBP+ Monocytes","NK T","HLA-A","CD8A",0.31174574788571,3,"HLA-A_CD8A","HLA-A - CD8A","MHC-I","Cell-Cell Contact","KEGG: hsa04514","CD14+PPBP+ Monocytes -> NK T (PBMC_Early)",0.0404478322266023,"CD14+PPBP+ Monocytes -> NK T","PBMC_Early"
"CD56highCD16low NK","NK T","HLA-A","CD8A",0.291351848619621,3,"HLA-A_CD8A","HLA-A - CD8A","MHC-I","Cell-Cell Contact","KEGG: hsa04514","CD56highCD16low NK -> NK T (PBMC_Early)",0.0323133072116008,"CD56highCD16low NK -> NK T","PBMC_Early"
"Classical Monocytes","NK T","HLA-A","CD8A",0.304506608860738,3,"HLA-A_CD8A","HLA-A - CD8A","MHC-I","Cell-Cell Contact","KEGG: hsa04514","Classical Monocytes -> NK T (PBMC_Early)",0.0374780079122807,"Classical Monocytes -> NK T","PBMC_Early"
"CX3CR1+ NK","NK T","HLA-A","CD8A",0.345599347900921,3,"HLA-A_CD8A","HLA-A - CD8A","MHC-I","Cell-Cell Contact","KEGG: hsa04514","CX3CR1+ NK -> NK T (PBMC_Early)",0.0553807079294984,"CX3CR1+ NK -> NK T","PBMC_Early"
"CXCR5- Naïve B","NK T","HLA-A","CD8A",0.309729846083807,3,"HLA-A_CD8A","HLA-A - CD8A","MHC-I","Cell-Cell Contact","KEGG: hsa04514","CXCR5- Naïve B -> NK T (PBMC_Early)",0.0396121227082027,"CXCR5- Naïve B -> NK T","PBMC_Early"
"CXCR5+ Naïve B","NK T","HLA-A","CD8A",0.316353200564844,3,"HLA-A_CD8A","HLA-A - CD8A","MHC-I","Cell-Cell Contact","KEGG: hsa04514","CXCR5+ Naïve B -> NK T (PBMC_Early)",0.0423823273236152,"CXCR5+ Naïve B -> NK T","PBMC_Early"
"CXCR6+ NK","NK T","HLA-A","CD8A",0.340493663834593,3,"HLA-A_CD8A","HLA-A - CD8A","MHC-I","Cell-Cell Contact","KEGG: hsa04514","CXCR6+ NK -> NK T (PBMC_Early)",0.0530292190935385,"CXCR6+ NK -> NK T","PBMC_Early"
"Cycling Treg","NK T","HLA-A","CD8A",0.298575924050137,3,"HLA-A_CD8A","HLA-A - CD8A","MHC-I","Cell-Cell Contact","KEGG: hsa04514","Cycling Treg -> NK T (PBMC_Early)",0.0351113138508554,"Cycling Treg -> NK T","PBMC_Early"
"DC1","NK T","HLA-A","CD8A",0.30807907130747,3,"HLA-A_CD8A","HLA-A - CD8A","MHC-I","Cell-Cell Contact","KEGG: hsa04514","DC1 -> NK T (PBMC_Early)",0.0389327321830775,"DC1 -> NK T","PBMC_Early"
"DC2","NK T","HLA-A","CD8A",0.287809120317801,3,"HLA-A_CD8A","HLA-A - CD8A","MHC-I","Cell-Cell Contact","KEGG: hsa04514","DC2 -> NK T (PBMC_Early)",0.0309765424411003,"DC2 -> NK T","PBMC_Early"
"DNQ T","NK T","HLA-A","CD8A",0.242112057266026,3,"HLA-A_CD8A","HLA-A - CD8A","MHC-I","Cell-Cell Contact","KEGG: hsa04514","DNQ T -> NK T (PBMC_Early)",0.0160777512115796,"DNQ T -> NK T","PBMC_Early"
"DPP T","NK T","HLA-A","CD8A",0.271546811820417,3,"HLA-A_CD8A","HLA-A - CD8A","MHC-I","Cell-Cell Contact","KEGG: hsa04514","NA",0.0251573217846562,"DPP T -> NK T","PBMC_Early"
"Endothelial cells","NK T","HLA-A","CD8A",0.340862191742781,3,"HLA-A_CD8A","HLA-A - CD8A","MHC-I","Cell-Cell Contact","KEGG: hsa04514","Endothelial cells -> NK T (PBMC_Early)",0.0531978695160347,"Endothelial cells -> NK T","PBMC_Early"
"Gamma Delta V1 T","NK T","HLA-A","CD8A",0.337590073460463,3,"HLA-A_CD8A","HLA-A - CD8A","MHC-I","Cell-Cell Contact","KEGG: hsa04514","Gamma Delta V1 T -> NK T (PBMC_Early)",0.0517064676554677,"Gamma Delta V1 T -> NK T","PBMC_Early"
"Gamma Delta V2 T","NK T","HLA-A","CD8A",0.341395345473478,3,"HLA-A_CD8A","HLA-A - CD8A","MHC-I","Cell-Cell Contact","KEGG: hsa04514","Gamma Delta V2 T -> NK T (PBMC_Early)",0.0534421594226513,"Gamma Delta V2 T -> NK T","PBMC_Early"
"GNG4 +CD8aa+T","NK T","HLA-A","CD8A",0.306885409276314,3,"HLA-A_CD8A","HLA-A - CD8A","MHC-I","Cell-Cell Contact","KEGG: hsa04514","GNG4 +CD8aa+T -> NK T (PBMC_Early)",0.0384442832643731,"GNG4 +CD8aa+T -> NK T","PBMC_Early"
"HSC_MPP","NK T","HLA-A","CD8A",0.264665621679171,3,"HLA-A_CD8A","HLA-A - CD8A","MHC-I","Cell-Cell Contact","KEGG: hsa04514","HSC_MPP -> NK T (PBMC_Early)",0.0228603239513982,"HSC_MPP -> NK T","PBMC_Early"
"ILC2/3","NK T","HLA-A","CD8A",0.319053968433588,3,"HLA-A_CD8A","HLA-A - CD8A","MHC-I","Cell-Cell Contact","KEGG: hsa04514","ILC2/3 -> NK T (PBMC_Early)",0.0435316951097446,"ILC2/3 -> NK T","PBMC_Early"
"Large pre-B","NK T","HLA-A","CD8A",0.270793156679826,3,"HLA-A_CD8A","HLA-A - CD8A","MHC-I","Cell-Cell Contact","KEGG: hsa04514","Large pre-B -> NK T (PBMC_Early)",0.0249007960197409,"Large pre-B -> NK T","PBMC_Early"
"Late_ERY","NK T","HLA-A","CD8A",0.190062719049294,3,"HLA-A_CD8A","HLA-A - CD8A","MHC-I","Cell-Cell Contact","KEGG: hsa04514","Late_ERY -> NK T (PBMC_Early)",0.00518792692369907,"Late_ERY -> NK T","PBMC_Early"
"Macrophages","NK T","HLA-A","CD8A",0.304424623316969,3,"HLA-A_CD8A","HLA-A - CD8A","MHC-I","Cell-Cell Contact","KEGG: hsa04514","Macrophages -> NK T (PBMC_Early)",0.0374448760960589,"Macrophages -> NK T","PBMC_Early"
"Megakaryocytes","NK T","HLA-A","CD8A",0.306501371488684,3,"HLA-A_CD8A","HLA-A - CD8A","MHC-I","Cell-Cell Contact","KEGG: hsa04514","Megakaryocytes -> NK T (PBMC_Early)",0.0382876403397344,"Megakaryocytes -> NK T","PBMC_Early"
"MEMP","NK T","HLA-A","CD8A",0.220014641181333,3,"HLA-A_CD8A","HLA-A - CD8A","MHC-I","Cell-Cell Contact","KEGG: hsa04514","MEMP -> NK T (PBMC_Early)",0.0106185579160413,"MEMP -> NK T","PBMC_Early"
"MEP","NK T","HLA-A","CD8A",0.21676125476824,3,"HLA-A_CD8A","HLA-A - CD8A","MHC-I","Cell-Cell Contact","KEGG: hsa04514","MEP -> NK T (PBMC_Early)",0.00991833117511193,"MEP -> NK T","PBMC_Early"
"Myeloid-CD177","NK T","HLA-A","CD8A",0.217951363629837,3,"HLA-A_CD8A","HLA-A - CD8A","MHC-I","Cell-Cell Contact","KEGG: hsa04514","Myeloid-CD177 -> NK T (PBMC_Early)",0.0101713574881232,"Myeloid-CD177 -> NK T","PBMC_Early"
"Naïve CD4 T","NK T","HLA-A","CD8A",0.335577039924866,3,"HLA-A_CD8A","HLA-A - CD8A","MHC-I","Cell-Cell Contact","KEGG: hsa04514","Naïve CD4 T -> NK T (PBMC_Early)",0.0507957974189367,"Naïve CD4 T -> NK T","PBMC_Early"
"Naïve CD8 T","NK T","HLA-A","CD8A",0.340804553263809,3,"HLA-A_CD8A","HLA-A - CD8A","MHC-I","Cell-Cell Contact","KEGG: hsa04514","Naïve CD8 T -> NK T (PBMC_Early)",0.0531714810105897,"Naïve CD8 T -> NK T","PBMC_Early"
"NK T","NK T","HLA-A","CD8A",0.34792503605177,3,"HLA-A_CD8A","HLA-A - CD8A","MHC-I","Cell-Cell Contact","KEGG: hsa04514","NK T -> NK T (PBMC_Early)",0.0564622866576771,"NK T -> NK T","PBMC_Early"
"Others","NK T","HLA-A","CD8A",0.301171546874235,3,"HLA-A_CD8A","HLA-A - CD8A","MHC-I","Cell-Cell Contact","KEGG: hsa04514","Others -> NK T (PBMC_Early)",0.0361395739685876,"Others -> NK T","PBMC_Early"
"pDC","NK T","HLA-A","CD8A",0.263716237221468,3,"HLA-A_CD8A","HLA-A - CD8A","MHC-I","Cell-Cell Contact","KEGG: hsa04514","pDC -> NK T (PBMC_Early)",0.0225514795221057,"pDC -> NK T","PBMC_Early"
"Pro-B","NK T","HLA-A","CD8A",0.2910947892832,3,"HLA-A_CD8A","HLA-A - CD8A","MHC-I","Cell-Cell Contact","KEGG: hsa04514","Pro-B -> NK T (PBMC_Early)",0.0322155149291943,"Pro-B -> NK T","PBMC_Early"
"Small pre-B","NK T","HLA-A","CD8A",0.300472718217795,3,"HLA-A_CD8A","HLA-A - CD8A","MHC-I","Cell-Cell Contact","KEGG: hsa04514","NA",0.0358615649195556,"Small pre-B -> NK T","PBMC_Early"
"Tem","NK T","HLA-A","CD8A",0.339812622650087,3,"HLA-A_CD8A","HLA-A - CD8A","MHC-I","Cell-Cell Contact","KEGG: hsa04514","Tem -> NK T (PBMC_Early)",0.0527180026391745,"Tem -> NK T","PBMC_Early"
"Th17like_INNATE_T","NK T","HLA-A","CD8A",0.346822483069522,3,"HLA-A_CD8A","HLA-A - CD8A","MHC-I","Cell-Cell Contact","KEGG: hsa04514","Th17like_INNATE_T -> NK T (PBMC_Early)",0.055948737016876,"Th17like_INNATE_T -> NK T","PBMC_Early"
"Treg","NK T","HLA-A","CD8A",0.350657742393209,3,"HLA-A_CD8A","HLA-A - CD8A","MHC-I","Cell-Cell Contact","KEGG: hsa04514","Treg -> NK T (PBMC_Early)",0.0577412415278542,"Treg -> NK T","PBMC_Early"
"abTentry","Naïve CD8 T","HLA-A","CD8A",0.431400541075763,3,"HLA-A_CD8A","HLA-A - CD8A","MHC-I","Cell-Cell Contact","KEGG: hsa04514","abTentry -> Naïve CD8 T (PBMC_Late)",0.0984672375775432,"abTentry -> Naïve CD8 T","PBMC_Late"
"CD14+PPBP+ Monocytes","Naïve CD8 T","HLA-A","CD8A",0.513717671244024,3,"HLA-A_CD8A","HLA-A - CD8A","MHC-I","Cell-Cell Contact","KEGG: hsa04514","CD14+PPBP+ Monocytes -> Naïve CD8 T (PBMC_Late)",0.142759410046332,"CD14+PPBP+ Monocytes -> Naïve CD8 T","PBMC_Late"
"CD56highCD16low NK","Naïve CD8 T","HLA-A","CD8A",0.470705491234607,3,"HLA-A_CD8A","HLA-A - CD8A","MHC-I","Cell-Cell Contact","KEGG: hsa04514","CD56highCD16low NK -> Naïve CD8 T (PBMC_Late)",0.119496207078668,"CD56highCD16low NK -> Naïve CD8 T","PBMC_Late"
"Classical Monocytes","Naïve CD8 T","HLA-A","CD8A",0.493383908156981,3,"HLA-A_CD8A","HLA-A - CD8A","MHC-I","Cell-Cell Contact","KEGG: hsa04514","Classical Monocytes -> Naïve CD8 T (PBMC_Late)",0.13175393240337,"Classical Monocytes -> Naïve CD8 T","PBMC_Late"
"CX3CR1+ NK","Naïve CD8 T","HLA-A","CD8A",0.584262478946822,3,"HLA-A_CD8A","HLA-A - CD8A","MHC-I","Cell-Cell Contact","KEGG: hsa04514","CX3CR1+ NK -> Naïve CD8 T (PBMC_Late)",0.18058395110291,"CX3CR1+ NK -> Naïve CD8 T","PBMC_Late"
"CXCR5- Naïve B","Naïve CD8 T","HLA-A","CD8A",0.495554272790068,3,"HLA-A_CD8A","HLA-A - CD8A","MHC-I","Cell-Cell Contact","KEGG: hsa04514","CXCR5- Naïve B -> Naïve CD8 T (PBMC_Late)",0.132928692220689,"CXCR5- Naïve B -> Naïve CD8 T","PBMC_Late"
"CXCR5+ Naïve B","Naïve CD8 T","HLA-A","CD8A",0.503241076189363,3,"HLA-A_CD8A","HLA-A - CD8A","MHC-I","Cell-Cell Contact","KEGG: hsa04514","CXCR5+ Naïve B -> Naïve CD8 T (PBMC_Late)",0.13708978667751,"CXCR5+ Naïve B -> Naïve CD8 T","PBMC_Late"
"CXCR6+ NK","Naïve CD8 T","HLA-A","CD8A",0.555540216557934,3,"HLA-A_CD8A","HLA-A - CD8A","MHC-I","Cell-Cell Contact","KEGG: hsa04514","CXCR6+ NK -> Naïve CD8 T (PBMC_Late)",0.165290673116526,"CXCR6+ NK -> Naïve CD8 T","PBMC_Late"
"Cycling Treg","Naïve CD8 T","HLA-A","CD8A",0.429775416913013,3,"HLA-A_CD8A","HLA-A - CD8A","MHC-I","Cell-Cell Contact","KEGG: hsa04514","Cycling Treg -> Naïve CD8 T (PBMC_Late)",0.097607919226153,"Cycling Treg -> Naïve CD8 T","PBMC_Late"
"DC1","Naïve CD8 T","HLA-A","CD8A",0.523484695662442,3,"HLA-A_CD8A","HLA-A - CD8A","MHC-I","Cell-Cell Contact","KEGG: hsa04514","DC1 -> Naïve CD8 T (PBMC_Late)",0.148039592886343,"DC1 -> Naïve CD8 T","PBMC_Late"
"DC2","Naïve CD8 T","HLA-A","CD8A",0.485772703479976,3,"HLA-A_CD8A","HLA-A - CD8A","MHC-I","Cell-Cell Contact","KEGG: hsa04514","DC2 -> Naïve CD8 T (PBMC_Late)",0.127635601210738,"DC2 -> Naïve CD8 T","PBMC_Late"
"DNQ T","Naïve CD8 T","HLA-A","CD8A",0.436833572074537,3,"HLA-A_CD8A","HLA-A - CD8A","MHC-I","Cell-Cell Contact","KEGG: hsa04514","DNQ T -> Naïve CD8 T (PBMC_Late)",0.101347371295306,"DNQ T -> Naïve CD8 T","PBMC_Late"
"Early_ERY","Naïve CD8 T","HLA-A","CD8A",0.224703045539168,3,"HLA-A_CD8A","HLA-A - CD8A","MHC-I","Cell-Cell Contact","KEGG: hsa04514","Early_ERY -> Naïve CD8 T (PBMC_Late)",0.0116748542034976,"Early_ERY -> Naïve CD8 T","PBMC_Late"
"Endothelial cells","Naïve CD8 T","HLA-A","CD8A",0.501537222367448,3,"HLA-A_CD8A","HLA-A - CD8A","MHC-I","Cell-Cell Contact","KEGG: hsa04514","Endothelial cells -> Naïve CD8 T (PBMC_Late)",0.136167442320721,"Endothelial cells -> Naïve CD8 T","PBMC_Late"
"Gamma Delta V1 T","Naïve CD8 T","HLA-A","CD8A",0.548704235039491,3,"HLA-A_CD8A","HLA-A - CD8A","MHC-I","Cell-Cell Contact","KEGG: hsa04514","Gamma Delta V1 T -> Naïve CD8 T (PBMC_Late)",0.161625159628147,"Gamma Delta V1 T -> Naïve CD8 T","PBMC_Late"
"Gamma Delta V2 T","Naïve CD8 T","HLA-A","CD8A",0.554927168288479,3,"HLA-A_CD8A","HLA-A - CD8A","MHC-I","Cell-Cell Contact","KEGG: hsa04514","Gamma Delta V2 T -> Naïve CD8 T (PBMC_Late)",0.164962305905407,"Gamma Delta V2 T -> Naïve CD8 T","PBMC_Late"
"GNG4 +CD8aa+T","Naïve CD8 T","HLA-A","CD8A",0.293855304555608,3,"HLA-A_CD8A","HLA-A - CD8A","MHC-I","Cell-Cell Contact","KEGG: hsa04514","GNG4 +CD8aa+T -> Naïve CD8 T (PBMC_Late)",0.0332721227654906,"GNG4 +CD8aa+T -> Naïve CD8 T","PBMC_Late"
"HSC_MPP","Naïve CD8 T","HLA-A","CD8A",0.42351715498368,3,"HLA-A_CD8A","HLA-A - CD8A","MHC-I","Cell-Cell Contact","KEGG: hsa04514","HSC_MPP -> Naïve CD8 T (PBMC_Late)",0.0943089255959494,"HSC_MPP -> Naïve CD8 T","PBMC_Late"
"ILC2/3","Naïve CD8 T","HLA-A","CD8A",0.537732666311602,3,"HLA-A_CD8A","HLA-A - CD8A","MHC-I","Cell-Cell Contact","KEGG: hsa04514","ILC2/3 -> Naïve CD8 T (PBMC_Late)",0.155725547856943,"ILC2/3 -> Naïve CD8 T","PBMC_Late"
"Large pre-B","Naïve CD8 T","HLA-A","CD8A",0.41719902480946,3,"HLA-A_CD8A","HLA-A - CD8A","MHC-I","Cell-Cell Contact","KEGG: hsa04514","Large pre-B -> Naïve CD8 T (PBMC_Late)",0.0909962001535358,"Large pre-B -> Naïve CD8 T","PBMC_Late"
"Macrophages","Naïve CD8 T","HLA-A","CD8A",0.340370655023083,3,"HLA-A_CD8A","HLA-A - CD8A","MHC-I","Cell-Cell Contact","KEGG: hsa04514","Macrophages -> Naïve CD8 T (PBMC_Late)",0.0529729642590105,"Macrophages -> Naïve CD8 T","PBMC_Late"
"Megakaryocytes","Naïve CD8 T","HLA-A","CD8A",0.543777952989981,3,"HLA-A_CD8A","HLA-A - CD8A","MHC-I","Cell-Cell Contact","KEGG: hsa04514","Megakaryocytes -> Naïve CD8 T (PBMC_Late)",0.158978561123558,"Megakaryocytes -> Naïve CD8 T","PBMC_Late"
"MEMP","Naïve CD8 T","HLA-A","CD8A",0.361178312332957,3,"HLA-A_CD8A","HLA-A - CD8A","MHC-I","Cell-Cell Contact","KEGG: hsa04514","MEMP -> Naïve CD8 T (PBMC_Late)",0.0627425443479423,"MEMP -> Naïve CD8 T","PBMC_Late"
"MEP","Naïve CD8 T","HLA-A","CD8A",0.39598174372958,3,"HLA-A_CD8A","HLA-A - CD8A","MHC-I","Cell-Cell Contact","KEGG: hsa04514","MEP -> Naïve CD8 T (PBMC_Late)",0.0800287807975906,"MEP -> Naïve CD8 T","PBMC_Late"
"Naïve CD4 T","Naïve CD8 T","HLA-A","CD8A",0.527267696024246,3,"HLA-A_CD8A","HLA-A - CD8A","MHC-I","Cell-Cell Contact","KEGG: hsa04514","Naïve CD4 T -> Naïve CD8 T (PBMC_Late)",0.150082547250435,"Naïve CD4 T -> Naïve CD8 T","PBMC_Late"
"Naïve CD8 T","Naïve CD8 T","HLA-A","CD8A",0.536279443855549,3,"HLA-A_CD8A","HLA-A - CD8A","MHC-I","Cell-Cell Contact","KEGG: hsa04514","Naïve CD8 T -> Naïve CD8 T (PBMC_Late)",0.154942766315735,"Naïve CD8 T -> Naïve CD8 T","PBMC_Late"
"NK T","Naïve CD8 T","HLA-A","CD8A",0.568972946495692,3,"HLA-A_CD8A","HLA-A - CD8A","MHC-I","Cell-Cell Contact","KEGG: hsa04514","NK T -> Naïve CD8 T (PBMC_Late)",0.172466406160865,"NK T -> Naïve CD8 T","PBMC_Late"
"Others","Naïve CD8 T","HLA-A","CD8A",0.535358511766073,3,"HLA-A_CD8A","HLA-A - CD8A","MHC-I","Cell-Cell Contact","KEGG: hsa04514","Others -> Naïve CD8 T (PBMC_Late)",0.154446554963904,"Others -> Naïve CD8 T","PBMC_Late"
"pDC","Naïve CD8 T","HLA-A","CD8A",0.458323556460578,3,"HLA-A_CD8A","HLA-A - CD8A","MHC-I","Cell-Cell Contact","KEGG: hsa04514","pDC -> Naïve CD8 T (PBMC_Late)",0.112830935801735,"pDC -> Naïve CD8 T","PBMC_Late"
"Pro-B","Naïve CD8 T","HLA-A","CD8A",0.483201130940243,3,"HLA-A_CD8A","HLA-A - CD8A","MHC-I","Cell-Cell Contact","KEGG: hsa04514","Pro-B -> Naïve CD8 T (PBMC_Late)",0.126244903487566,"Pro-B -> Naïve CD8 T","PBMC_Late"
"Tem","Naïve CD8 T","HLA-A","CD8A",0.541342206566433,3,"HLA-A_CD8A","HLA-A - CD8A","MHC-I","Cell-Cell Contact","KEGG: hsa04514","Tem -> Naïve CD8 T (PBMC_Late)",0.157668529985882,"Tem -> Naïve CD8 T","PBMC_Late"
"Th17like_INNATE_T","Naïve CD8 T","HLA-A","CD8A",0.541639935000157,3,"HLA-A_CD8A","HLA-A - CD8A","MHC-I","Cell-Cell Contact","KEGG: hsa04514","Th17like_INNATE_T -> Naïve CD8 T (PBMC_Late)",0.157828708136599,"Th17like_INNATE_T -> Naïve CD8 T","PBMC_Late"
"Treg","Naïve CD8 T","HLA-A","CD8A",0.552440501346463,3,"HLA-A_CD8A","HLA-A - CD8A","MHC-I","Cell-Cell Contact","KEGG: hsa04514","Treg -> Naïve CD8 T (PBMC_Late)",0.16362964191652,"Treg -> Naïve CD8 T","PBMC_Late"
"abTentry","NK T","HLA-A","CD8A",0.390830056009561,3,"HLA-A_CD8A","HLA-A - CD8A","MHC-I","Cell-Cell Contact","KEGG: hsa04514","abTentry -> NK T (PBMC_Late)",0.0774086420664987,"abTentry -> NK T","PBMC_Late"
"CD14+PPBP+ Monocytes","NK T","HLA-A","CD8A",0.459420054211701,3,"HLA-A_CD8A","HLA-A - CD8A","MHC-I","Cell-Cell Contact","KEGG: hsa04514","CD14+PPBP+ Monocytes -> NK T (PBMC_Late)",0.113420030457518,"CD14+PPBP+ Monocytes -> NK T","PBMC_Late"
"CD56highCD16low NK","NK T","HLA-A","CD8A",0.423711745427341,3,"HLA-A_CD8A","HLA-A - CD8A","MHC-I","Cell-Cell Contact","KEGG: hsa04514","CD56highCD16low NK -> NK T (PBMC_Late)",0.0944112474230691,"CD56highCD16low NK -> NK T","PBMC_Late"
"Classical Monocytes","NK T","HLA-A","CD8A",0.442572462056697,3,"HLA-A_CD8A","HLA-A - CD8A","MHC-I","Cell-Cell Contact","KEGG: hsa04514","Classical Monocytes -> NK T (PBMC_Late)",0.104400898625344,"Classical Monocytes -> NK T","PBMC_Late"
"CX3CR1+ NK","NK T","HLA-A","CD8A",0.517461002654634,3,"HLA-A_CD8A","HLA-A - CD8A","MHC-I","Cell-Cell Contact","KEGG: hsa04514","CX3CR1+ NK -> NK T (PBMC_Late)",0.144783931066036,"CX3CR1+ NK -> NK T","PBMC_Late"
"CXCR5- Naïve B","NK T","HLA-A","CD8A",0.444373491307516,3,"HLA-A_CD8A","HLA-A - CD8A","MHC-I","Cell-Cell Contact","KEGG: hsa04514","CXCR5- Naïve B -> NK T (PBMC_Late)",0.105361365889349,"CXCR5- Naïve B -> NK T","PBMC_Late"
"CXCR5+ Naïve B","NK T","HLA-A","CD8A",0.450746833258095,3,"HLA-A_CD8A","HLA-A - CD8A","MHC-I","Cell-Cell Contact","KEGG: hsa04514","CXCR5+ Naïve B -> NK T (PBMC_Late)",0.108767764847932,"CXCR5+ Naïve B -> NK T","PBMC_Late"
"CXCR6+ NK","NK T","HLA-A","CD8A",0.493901274673688,3,"HLA-A_CD8A","HLA-A - CD8A","MHC-I","Cell-Cell Contact","KEGG: hsa04514","CXCR6+ NK -> NK T (PBMC_Late)",0.132033958100194,"CXCR6+ NK -> NK T","PBMC_Late"
"Cycling Treg","NK T","HLA-A","CD8A",0.389464831627472,3,"HLA-A_CD8A","HLA-A - CD8A","MHC-I","Cell-Cell Contact","KEGG: hsa04514","Cycling Treg -> NK T (PBMC_Late)",0.0767174621225794,"Cycling Treg -> NK T","PBMC_Late"
"DC1","NK T","HLA-A","CD8A",0.467492533845363,3,"HLA-A_CD8A","HLA-A - CD8A","MHC-I","Cell-Cell Contact","KEGG: hsa04514","DC1 -> NK T (PBMC_Late)",0.117764125093316,"DC1 -> NK T","PBMC_Late"
"DC2","NK T","HLA-A","CD8A",0.436251078222649,3,"HLA-A_CD8A","HLA-A - CD8A","MHC-I","Cell-Cell Contact","KEGG: hsa04514","DC2 -> NK T (PBMC_Late)",0.101038065719053,"DC2 -> NK T","PBMC_Late"
"DNQ T","NK T","HLA-A","CD8A",0.395390798611411,3,"HLA-A_CD8A","HLA-A - CD8A","MHC-I","Cell-Cell Contact","KEGG: hsa04514","DNQ T -> NK T (PBMC_Late)",0.0797272912293858,"DNQ T -> NK T","PBMC_Late"
"Early_ERY","NK T","HLA-A","CD8A",0.212254584605335,3,"HLA-A_CD8A","HLA-A - CD8A","MHC-I","Cell-Cell Contact","KEGG: hsa04514","Early_ERY -> NK T (PBMC_Late)",0.00899286816924891,"Early_ERY -> NK T","PBMC_Late"
"Endothelial cells","NK T","HLA-A","CD8A",0.449334838344316,3,"HLA-A_CD8A","HLA-A - CD8A","MHC-I","Cell-Cell Contact","KEGG: hsa04514","Endothelial cells -> NK T (PBMC_Late)",0.108012120248057,"Endothelial cells -> NK T","PBMC_Late"
"Gamma Delta V1 T","NK T","HLA-A","CD8A",0.488280047324734,3,"HLA-A_CD8A","HLA-A - CD8A","MHC-I","Cell-Cell Contact","KEGG: hsa04514","Gamma Delta V1 T -> NK T (PBMC_Late)",0.128991980347977,"Gamma Delta V1 T -> NK T","PBMC_Late"
"Gamma Delta V2 T","NK T","HLA-A","CD8A",0.49339739081043,3,"HLA-A_CD8A","HLA-A - CD8A","MHC-I","Cell-Cell Contact","KEGG: hsa04514","Gamma Delta V2 T -> NK T (PBMC_Late)",0.131761229820228,"Gamma Delta V2 T -> NK T","PBMC_Late"
"GNG4 +CD8aa+T","NK T","HLA-A","CD8A",0.273298101630306,3,"HLA-A_CD8A","HLA-A - CD8A","MHC-I","Cell-Cell Contact","KEGG: hsa04514","GNG4 +CD8aa+T -> NK T (PBMC_Late)",0.0257580464130289,"GNG4 +CD8aa+T -> NK T","PBMC_Late"
"HSC_MPP","NK T","HLA-A","CD8A",0.384202979255663,3,"HLA-A_CD8A","HLA-A - CD8A","MHC-I","Cell-Cell Contact","KEGG: hsa04514","HSC_MPP -> NK T (PBMC_Late)",0.0740665805797835,"HSC_MPP -> NK T","PBMC_Late"
"ILC2/3","NK T","HLA-A","CD8A",0.479246351703092,3,"HLA-A_CD8A","HLA-A - CD8A","MHC-I","Cell-Cell Contact","KEGG: hsa04514","ILC2/3 -> NK T (PBMC_Late)",0.124107206266813,"ILC2/3 -> NK T","PBMC_Late"
"Large pre-B","NK T","HLA-A","CD8A",0.378883502253159,3,"HLA-A_CD8A","HLA-A - CD8A","MHC-I","Cell-Cell Contact","KEGG: hsa04514","Large pre-B -> NK T (PBMC_Late)",0.0714088326361915,"Large pre-B -> NK T","PBMC_Late"
"Macrophages","NK T","HLA-A","CD8A",0.313545133620133,3,"HLA-A_CD8A","HLA-A - CD8A","MHC-I","Cell-Cell Contact","KEGG: hsa04514","Macrophages -> NK T (PBMC_Late)",0.0411993209297636,"Macrophages -> NK T","PBMC_Late"
"Megakaryocytes","NK T","HLA-A","CD8A",0.484225696336909,3,"HLA-A_CD8A","HLA-A - CD8A","MHC-I","Cell-Cell Contact","KEGG: hsa04514","Megakaryocytes -> NK T (PBMC_Late)",0.126798927993169,"Megakaryocytes -> NK T","PBMC_Late"
"MEMP","NK T","HLA-A","CD8A",0.331369420440455,3,"HLA-A_CD8A","HLA-A - CD8A","MHC-I","Cell-Cell Contact","KEGG: hsa04514","MEMP -> NK T (PBMC_Late)",0.0489096788312037,"MEMP -> NK T","PBMC_Late"
"MEP","NK T","HLA-A","CD8A",0.360964063890453,3,"HLA-A_CD8A","HLA-A - CD8A","MHC-I","Cell-Cell Contact","KEGG: hsa04514","MEP -> NK T (PBMC_Late)",0.0626395205949982,"MEP -> NK T","PBMC_Late"
"Naïve CD4 T","NK T","HLA-A","CD8A",0.47061583609977,3,"HLA-A_CD8A","HLA-A - CD8A","MHC-I","Cell-Cell Contact","KEGG: hsa04514","Naïve CD4 T -> NK T (PBMC_Late)",0.119447853835893,"Naïve CD4 T -> NK T","PBMC_Late"
"Naïve CD8 T","NK T","HLA-A","CD8A",0.47804869629474,3,"HLA-A_CD8A","HLA-A - CD8A","MHC-I","Cell-Cell Contact","KEGG: hsa04514","Naïve CD8 T -> NK T (PBMC_Late)",0.123460118387337,"Naïve CD8 T -> NK T","PBMC_Late"
"NK T","NK T","HLA-A","CD8A",0.504931138015469,3,"HLA-A_CD8A","HLA-A - CD8A","MHC-I","Cell-Cell Contact","KEGG: hsa04514","NK T -> NK T (PBMC_Late)",0.138004625378287,"NK T -> NK T","PBMC_Late"
"Others","NK T","HLA-A","CD8A",0.477289584960276,3,"HLA-A_CD8A","HLA-A - CD8A","MHC-I","Cell-Cell Contact","KEGG: hsa04514","Others -> NK T (PBMC_Late)",0.123050050441125,"Others -> NK T","PBMC_Late"
"pDC","NK T","HLA-A","CD8A",0.413380812544979,3,"HLA-A_CD8A","HLA-A - CD8A","MHC-I","Cell-Cell Contact","KEGG: hsa04514","pDC -> NK T (PBMC_Late)",0.0890037334180867,"pDC -> NK T","PBMC_Late"
"Pro-B","NK T","HLA-A","CD8A",0.434113369572898,3,"HLA-A_CD8A","HLA-A - CD8A","MHC-I","Cell-Cell Contact","KEGG: hsa04514","Pro-B -> NK T (PBMC_Late)",0.0999039821532273,"Pro-B -> NK T","PBMC_Late"
"Tem","NK T","HLA-A","CD8A",0.482219976537063,3,"HLA-A_CD8A","HLA-A - CD8A","MHC-I","Cell-Cell Contact","KEGG: hsa04514","Tem -> NK T (PBMC_Late)",0.125714429576138,"Tem -> NK T","PBMC_Late"
"Th17like_INNATE_T","NK T","HLA-A","CD8A",0.482465180548925,3,"HLA-A_CD8A","HLA-A - CD8A","MHC-I","Cell-Cell Contact","KEGG: hsa04514","Th17like_INNATE_T -> NK T (PBMC_Late)",0.125846995043655,"Th17like_INNATE_T -> NK T","PBMC_Late"
"Treg","NK T","HLA-A","CD8A",0.491353065986418,3,"HLA-A_CD8A","HLA-A - CD8A","MHC-I","Cell-Cell Contact","KEGG: hsa04514","Treg -> NK T (PBMC_Late)",0.130654816990809,"Treg -> NK T","PBMC_Late"
"abTentry","Naïve CD8 T","HLA-A","CD8B",0.561043656659831,3,"HLA-A_CD8B","HLA-A - CD8B","MHC-I","Cell-Cell Contact","KEGG: hsa04514","abTentry -> Naïve CD8 T (PBMC_Early)",0.168235164503806,"abTentry -> Naïve CD8 T","PBMC_Early"
"CD14+PPBP+ Monocytes","Naïve CD8 T","HLA-A","CD8B",0.565116247331509,3,"HLA-A_CD8B","HLA-A - CD8B","MHC-I","Cell-Cell Contact","KEGG: hsa04514","CD14+PPBP+ Monocytes -> Naïve CD8 T (PBMC_Early)",0.170410094812404,"CD14+PPBP+ Monocytes -> Naïve CD8 T","PBMC_Early"
"CD56highCD16low NK","Naïve CD8 T","HLA-A","CD8B",0.508526763223038,3,"HLA-A_CD8B","HLA-A - CD8B","MHC-I","Cell-Cell Contact","KEGG: hsa04514","CD56highCD16low NK -> Naïve CD8 T (PBMC_Early)",0.139950730984873,"CD56highCD16low NK -> Naïve CD8 T","PBMC_Early"
"Classical Monocytes","Naïve CD8 T","HLA-A","CD8B",0.544718126770069,3,"HLA-A_CD8B","HLA-A - CD8B","MHC-I","Cell-Cell Contact","KEGG: hsa04514","Classical Monocytes -> Naïve CD8 T (PBMC_Early)",0.15948396980092,"Classical Monocytes -> Naïve CD8 T","PBMC_Early"
"CX3CR1+ NK","Naïve CD8 T","HLA-A","CD8B",0.66483956143246,3,"HLA-A_CD8B","HLA-A - CD8B","MHC-I","Cell-Cell Contact","KEGG: hsa04514","CX3CR1+ NK -> Naïve CD8 T (PBMC_Early)",0.222212247385608,"CX3CR1+ NK -> Naïve CD8 T","PBMC_Early"
"CXCR5- Naïve B","Naïve CD8 T","HLA-A","CD8B",0.559402079313956,3,"HLA-A_CD8B","HLA-A - CD8B","MHC-I","Cell-Cell Contact","KEGG: hsa04514","CXCR5- Naïve B -> Naïve CD8 T (PBMC_Early)",0.167357512987137,"CXCR5- Naïve B -> Naïve CD8 T","PBMC_Early"
"CXCR5+ Naïve B","Naïve CD8 T","HLA-A","CD8B",0.578273404918042,3,"HLA-A_CD8B","HLA-A - CD8B","MHC-I","Cell-Cell Contact","KEGG: hsa04514","CXCR5+ Naïve B -> Naïve CD8 T (PBMC_Early)",0.177411067929769,"CXCR5+ Naïve B -> Naïve CD8 T","PBMC_Early"
"CXCR6+ NK","Naïve CD8 T","HLA-A","CD8B",0.649357725142694,3,"HLA-A_CD8B","HLA-A - CD8B","MHC-I","Cell-Cell Contact","KEGG: hsa04514","CXCR6+ NK -> Naïve CD8 T (PBMC_Early)",0.214384698936165,"CXCR6+ NK -> Naïve CD8 T","PBMC_Early"
"Cycling Treg","Naïve CD8 T","HLA-A","CD8B",0.528260338611126,3,"HLA-A_CD8B","HLA-A - CD8B","MHC-I","Cell-Cell Contact","KEGG: hsa04514","Cycling Treg -> Naïve CD8 T (PBMC_Early)",0.150618366147191,"Cycling Treg -> Naïve CD8 T","PBMC_Early"
"DC1","Naïve CD8 T","HLA-A","CD8B",0.554742281192826,3,"HLA-A_CD8B","HLA-A - CD8B","MHC-I","Cell-Cell Contact","KEGG: hsa04514","DC1 -> Naïve CD8 T (PBMC_Early)",0.164863260655311,"DC1 -> Naïve CD8 T","PBMC_Early"
"DC2","Naïve CD8 T","HLA-A","CD8B",0.498976697944682,3,"HLA-A_CD8B","HLA-A - CD8B","MHC-I","Cell-Cell Contact","KEGG: hsa04514","DC2 -> Naïve CD8 T (PBMC_Early)",0.134781328517656,"DC2 -> Naïve CD8 T","PBMC_Early"
"DNQ T","Naïve CD8 T","HLA-A","CD8B",0.383583003762154,3,"HLA-A_CD8B","HLA-A - CD8B","MHC-I","Cell-Cell Contact","KEGG: hsa04514","DNQ T -> Naïve CD8 T (PBMC_Early)",0.0737556499160176,"DNQ T -> Naïve CD8 T","PBMC_Early"
"DPP T","Naïve CD8 T","HLA-A","CD8B",0.456234857162703,3,"HLA-A_CD8B","HLA-A - CD8B","MHC-I","Cell-Cell Contact","KEGG: hsa04514","NA",0.111709495333676,"DPP T -> Naïve CD8 T","PBMC_Early"
"Endothelial cells","Naïve CD8 T","HLA-A","CD8B",0.650470096079866,3,"HLA-A_CD8B","HLA-A - CD8B","MHC-I","Cell-Cell Contact","KEGG: hsa04514","Endothelial cells -> Naïve CD8 T (PBMC_Early)",0.214950031577197,"Endothelial cells -> Naïve CD8 T","PBMC_Early"
"Gamma Delta V1 T","Naïve CD8 T","HLA-A","CD8B",0.640621496889664,3,"HLA-A_CD8B","HLA-A - CD8B","MHC-I","Cell-Cell Contact","KEGG: hsa04514","Gamma Delta V1 T -> Naïve CD8 T (PBMC_Early)",0.209929368432288,"Gamma Delta V1 T -> Naïve CD8 T","PBMC_Early"
"Gamma Delta V2 T","Naïve CD8 T","HLA-A","CD8B",0.65208078870308,3,"HLA-A_CD8B","HLA-A - CD8B","MHC-I","Cell-Cell Contact","KEGG: hsa04514","Gamma Delta V2 T -> Naïve CD8 T (PBMC_Early)",0.215767830046161,"Gamma Delta V2 T -> Naïve CD8 T","PBMC_Early"
"GNG4 +CD8aa+T","Naïve CD8 T","HLA-A","CD8B",0.551383745691421,3,"HLA-A_CD8B","HLA-A - CD8B","MHC-I","Cell-Cell Contact","KEGG: hsa04514","GNG4 +CD8aa+T -> Naïve CD8 T (PBMC_Early)",0.163062953975506,"GNG4 +CD8aa+T -> Naïve CD8 T","PBMC_Early"
"HSC_MPP","Naïve CD8 T","HLA-A","CD8B",0.438700381485667,3,"HLA-A_CD8B","HLA-A - CD8B","MHC-I","Cell-Cell Contact","KEGG: hsa04514","HSC_MPP -> Naïve CD8 T (PBMC_Early)",0.102339448473413,"HSC_MPP -> Naïve CD8 T","PBMC_Early"
"ILC2/3","Naïve CD8 T","HLA-A","CD8B",0.58604808845722,3,"HLA-A_CD8B","HLA-A - CD8B","MHC-I","Cell-Cell Contact","KEGG: hsa04514","ILC2/3 -> Naïve CD8 T (PBMC_Early)",0.181528136505727,"ILC2/3 -> Naïve CD8 T","PBMC_Early"
"Large pre-B","Naïve CD8 T","HLA-A","CD8B",0.454298268858157,3,"HLA-A_CD8B","HLA-A - CD8B","MHC-I","Cell-Cell Contact","KEGG: hsa04514","Large pre-B -> Naïve CD8 T (PBMC_Early)",0.110670603045128,"Large pre-B -> Naïve CD8 T","PBMC_Early"
"Late_ERY","Naïve CD8 T","HLA-A","CD8B",0.270446773742743,3,"HLA-A_CD8B","HLA-A - CD8B","MHC-I","Cell-Cell Contact","KEGG: hsa04514","Late_ERY -> Naïve CD8 T (PBMC_Early)",0.0247832998831694,"Late_ERY -> Naïve CD8 T","PBMC_Early"
"Macrophages","Naïve CD8 T","HLA-A","CD8B",0.544489049796858,3,"HLA-A_CD8B","HLA-A - CD8B","MHC-I","Cell-Cell Contact","KEGG: hsa04514","Macrophages -> Naïve CD8 T (PBMC_Early)",0.159360838125043,"Macrophages -> Naïve CD8 T","PBMC_Early"
"Megakaryocytes","Naïve CD8 T","HLA-A","CD8B",0.550305156790243,3,"HLA-A_CD8B","HLA-A - CD8B","MHC-I","Cell-Cell Contact","KEGG: hsa04514","Megakaryocytes -> Naïve CD8 T (PBMC_Early)",0.162484349146188,"Megakaryocytes -> Naïve CD8 T","PBMC_Early"
"MEMP","Naïve CD8 T","HLA-A","CD8B",0.33314171289161,3,"HLA-A_CD8B","HLA-A - CD8B","MHC-I","Cell-Cell Contact","KEGG: hsa04514","MEMP -> Naïve CD8 T (PBMC_Early)",0.0497012310811242,"MEMP -> Naïve CD8 T","PBMC_Early"
"MEP","Naïve CD8 T","HLA-A","CD8B",0.326015821288695,3,"HLA-A_CD8B","HLA-A - CD8B","MHC-I","Cell-Cell Contact","KEGG: hsa04514","MEP -> Naïve CD8 T (PBMC_Early)",0.04654499499314,"MEP -> Naïve CD8 T","PBMC_Early"
"Myeloid-CD177","Naïve CD8 T","HLA-A","CD8B",0.328613555932264,3,"HLA-A_CD8B","HLA-A - CD8B","MHC-I","Cell-Cell Contact","KEGG: hsa04514","Myeloid-CD177 -> Naïve CD8 T (PBMC_Early)",0.0476873986485755,"Myeloid-CD177 -> Naïve CD8 T","PBMC_Early"
"Naïve CD4 T","Naïve CD8 T","HLA-A","CD8B",0.634594089429895,3,"HLA-A_CD8B","HLA-A - CD8B","MHC-I","Cell-Cell Contact","KEGG: hsa04514","Naïve CD4 T -> Naïve CD8 T (PBMC_Early)",0.206839850604152,"Naïve CD4 T -> Naïve CD8 T","PBMC_Early"
"Naïve CD8 T","Naïve CD8 T","HLA-A","CD8B",0.650296066435849,3,"HLA-A_CD8B","HLA-A - CD8B","MHC-I","Cell-Cell Contact","KEGG: hsa04514","Naïve CD8 T -> Naïve CD8 T (PBMC_Early)",0.214861615152993,"Naïve CD8 T -> Naïve CD8 T","PBMC_Early"
"NK T","Naïve CD8 T","HLA-A","CD8B",0.671941881424154,3,"HLA-A_CD8B","HLA-A - CD8B","MHC-I","Cell-Cell Contact","KEGG: hsa04514","NK T -> Naïve CD8 T (PBMC_Early)",0.225773284624373,"NK T -> Naïve CD8 T","PBMC_Early"
"Others","Naïve CD8 T","HLA-A","CD8B",0.535434922223616,3,"HLA-A_CD8B","HLA-A - CD8B","MHC-I","Cell-Cell Contact","KEGG: hsa04514","Others -> Naïve CD8 T (PBMC_Early)",0.154487730333415,"Others -> Naïve CD8 T","PBMC_Early"
"pDC","Naïve CD8 T","HLA-A","CD8B",0.436307269955101,3,"HLA-A_CD8B","HLA-A - CD8B","MHC-I","Cell-Cell Contact","KEGG: hsa04514","pDC -> Naïve CD8 T (PBMC_Early)",0.101067898421067,"pDC -> Naïve CD8 T","PBMC_Early"
"Pro-B","Naïve CD8 T","HLA-A","CD8B",0.507830976907319,3,"HLA-A_CD8B","HLA-A - CD8B","MHC-I","Cell-Cell Contact","KEGG: hsa04514","Pro-B -> Naïve CD8 T (PBMC_Early)",0.139574171902488,"Pro-B -> Naïve CD8 T","PBMC_Early"
"Small pre-B","Naïve CD8 T","HLA-A","CD8B",0.533498931896625,3,"HLA-A_CD8B","HLA-A - CD8B","MHC-I","Cell-Cell Contact","KEGG: hsa04514","NA",0.15344424568003,"Small pre-B -> Naïve CD8 T","PBMC_Early"
"Tem","Naïve CD8 T","HLA-A","CD8B",0.647304162063391,3,"HLA-A_CD8B","HLA-A - CD8B","MHC-I","Cell-Cell Contact","KEGG: hsa04514","Tem -> Naïve CD8 T (PBMC_Early)",0.213339860921729,"Tem -> Naïve CD8 T","PBMC_Early"
"Th17like_INNATE_T","Naïve CD8 T","HLA-A","CD8B",0.668570950625619,3,"HLA-A_CD8B","HLA-A - CD8B","MHC-I","Cell-Cell Contact","KEGG: hsa04514","Th17like_INNATE_T -> Naïve CD8 T (PBMC_Early)",0.224085508636149,"Th17like_INNATE_T -> Naïve CD8 T","PBMC_Early"
"Treg","Naïve CD8 T","HLA-A","CD8B",0.6803269042752,3,"HLA-A_CD8B","HLA-A - CD8B","MHC-I","Cell-Cell Contact","KEGG: hsa04514","Treg -> Naïve CD8 T (PBMC_Early)",0.229952709495569,"Treg -> Naïve CD8 T","PBMC_Early"
"abTentry","NK T","HLA-A","CD8B",0.295198759855483,3,"HLA-A_CD8B","HLA-A - CD8B","MHC-I","Cell-Cell Contact","KEGG: hsa04514","abTentry -> NK T (PBMC_Early)",0.0337914283916317,"abTentry -> NK T","PBMC_Early"
"CD14+PPBP+ Monocytes","NK T","HLA-A","CD8B",0.296506158616273,3,"HLA-A_CD8B","HLA-A - CD8B","MHC-I","Cell-Cell Contact","KEGG: hsa04514","CD14+PPBP+ Monocytes -> NK T (PBMC_Early)",0.0342999552682751,"CD14+PPBP+ Monocytes -> NK T","PBMC_Early"
"CD56highCD16low NK","NK T","HLA-A","CD8B",0.277898752988328,3,"HLA-A_CD8B","HLA-A - CD8B","MHC-I","Cell-Cell Contact","KEGG: hsa04514","CD56highCD16low NK -> NK T (PBMC_Early)",0.0273665765595253,"CD56highCD16low NK -> NK T","PBMC_Early"
"Classical Monocytes","NK T","HLA-A","CD8B",0.289910509191374,3,"HLA-A_CD8B","HLA-A - CD8B","MHC-I","Cell-Cell Contact","KEGG: hsa04514","Classical Monocytes -> NK T (PBMC_Early)",0.0317665861848562,"Classical Monocytes -> NK T","PBMC_Early"
"CX3CR1+ NK","NK T","HLA-A","CD8B",0.327222478009163,3,"HLA-A_CD8B","HLA-A - CD8B","MHC-I","Cell-Cell Contact","KEGG: hsa04514","CX3CR1+ NK -> NK T (PBMC_Early)",0.0470744552805622,"CX3CR1+ NK -> NK T","PBMC_Early"
"CXCR5- Naïve B","NK T","HLA-A","CD8B",0.294670461960633,3,"HLA-A_CD8B","HLA-A - CD8B","MHC-I","Cell-Cell Contact","KEGG: hsa04514","CXCR5- Naïve B -> NK T (PBMC_Early)",0.0335868234325571,"CXCR5- Naïve B -> NK T","PBMC_Early"
"CXCR5+ Naïve B","NK T","HLA-A","CD8B",0.30069885384693,3,"HLA-A_CD8B","HLA-A - CD8B","MHC-I","Cell-Cell Contact","KEGG: hsa04514","CXCR5+ Naïve B -> NK T (PBMC_Early)",0.0359514329056394,"CXCR5+ Naïve B -> NK T","PBMC_Early"
"CXCR6+ NK","NK T","HLA-A","CD8B",0.322602883334314,3,"HLA-A_CD8B","HLA-A - CD8B","MHC-I","Cell-Cell Contact","KEGG: hsa04514","CXCR6+ NK -> NK T (PBMC_Early)",0.0450588301714794,"CXCR6+ NK -> NK T","PBMC_Early"
"Cycling Treg","NK T","HLA-A","CD8B",0.284499405905072,3,"HLA-A_CD8B","HLA-A - CD8B","MHC-I","Cell-Cell Contact","KEGG: hsa04514","Cycling Treg -> NK T (PBMC_Early)",0.0297494144805155,"Cycling Treg -> NK T","PBMC_Early"
"DC1","NK T","HLA-A","CD8B",0.293166674300445,3,"HLA-A_CD8B","HLA-A - CD8B","MHC-I","Cell-Cell Contact","KEGG: hsa04514","DC1 -> NK T (PBMC_Early)",0.0330072216055014,"DC1 -> NK T","PBMC_Early"
"DC2","NK T","HLA-A","CD8B",0.274657877437101,3,"HLA-A_CD8B","HLA-A - CD8B","MHC-I","Cell-Cell Contact","KEGG: hsa04514","DC2 -> NK T (PBMC_Early)",0.0262289056775133,"DC2 -> NK T","PBMC_Early"
"DNQ T","NK T","HLA-A","CD8B",0.232610032162284,3,"HLA-A_CD8B","HLA-A - CD8B","MHC-I","Cell-Cell Contact","KEGG: hsa04514","DNQ T -> NK T (PBMC_Early)",0.0135815813130382,"DNQ T -> NK T","PBMC_Early"
"DPP T","NK T","HLA-A","CD8B",0.259747382656616,3,"HLA-A_CD8B","HLA-A - CD8B","MHC-I","Cell-Cell Contact","KEGG: hsa04514","NA",0.021281983197762,"DPP T -> NK T","PBMC_Early"
"Endothelial cells","NK T","HLA-A","CD8B",0.322936473859214,3,"HLA-A_CD8B","HLA-A - CD8B","MHC-I","Cell-Cell Contact","KEGG: hsa04514","Endothelial cells -> NK T (PBMC_Early)",0.0452033421269219,"Endothelial cells -> NK T","PBMC_Early"
"Gamma Delta V1 T","NK T","HLA-A","CD8B",0.319973744650711,3,"HLA-A_CD8B","HLA-A - CD8B","MHC-I","Cell-Cell Contact","KEGG: hsa04514","Gamma Delta V1 T -> NK T (PBMC_Early)",0.0439256687181815,"Gamma Delta V1 T -> NK T","PBMC_Early"
"Gamma Delta V2 T","NK T","HLA-A","CD8B",0.323419042156483,3,"HLA-A_CD8B","HLA-A - CD8B","MHC-I","Cell-Cell Contact","KEGG: hsa04514","Gamma Delta V2 T -> NK T (PBMC_Early)",0.0454126812173379,"Gamma Delta V2 T -> NK T","PBMC_Early"
"GNG4 +CD8aa+T","NK T","HLA-A","CD8B",0.292078971001458,3,"HLA-A_CD8B","HLA-A - CD8B","MHC-I","Cell-Cell Contact","KEGG: hsa04514","GNG4 +CD8aa+T -> NK T (PBMC_Early)",0.032590592994193,"GNG4 +CD8aa+T -> NK T","PBMC_Early"
"HSC_MPP","NK T","HLA-A","CD8B",0.253420962676298,3,"HLA-A_CD8B","HLA-A - CD8B","MHC-I","Cell-Cell Contact","KEGG: hsa04514","HSC_MPP -> NK T (PBMC_Early)",0.0193318075986089,"HSC_MPP -> NK T","PBMC_Early"
"ILC2/3","NK T","HLA-A","CD8B",0.303154653997079,3,"HLA-A_CD8B","HLA-A - CD8B","MHC-I","Cell-Cell Contact","KEGG: hsa04514","ILC2/3 -> NK T (PBMC_Early)",0.0369331272419755,"ILC2/3 -> NK T","PBMC_Early"
"Large pre-B","NK T","HLA-A","CD8B",0.259054997642407,3,"HLA-A_CD8B","HLA-A - CD8B","MHC-I","Cell-Cell Contact","KEGG: hsa04514","Large pre-B -> NK T (PBMC_Early)",0.0210641198729225,"Large pre-B -> NK T","PBMC_Early"
"Late_ERY","NK T","HLA-A","CD8B",0.18409900761095,3,"HLA-A_CD8B","HLA-A - CD8B","MHC-I","Cell-Cell Contact","KEGG: hsa04514","Late_ERY -> NK T (PBMC_Early)",0.00437495166484574,"Late_ERY -> NK T","PBMC_Early"
"Macrophages","NK T","HLA-A","CD8B",0.289835753379306,3,"HLA-A_CD8B","HLA-A - CD8B","MHC-I","Cell-Cell Contact","KEGG: hsa04514","Macrophages -> NK T (PBMC_Early)",0.0317383369676767,"Macrophages -> NK T","PBMC_Early"
"Megakaryocytes","NK T","HLA-A","CD8B",0.291728964912771,3,"HLA-A_CD8B","HLA-A - CD8B","MHC-I","Cell-Cell Contact","KEGG: hsa04514","Megakaryocytes -> NK T (PBMC_Early)",0.032456996101618,"Megakaryocytes -> NK T","PBMC_Early"
"MEMP","NK T","HLA-A","CD8B",0.212101000120757,3,"HLA-A_CD8B","HLA-A - CD8B","MHC-I","Cell-Cell Contact","KEGG: hsa04514","MEMP -> NK T (PBMC_Early)",0.00896224111804135,"MEMP -> NK T","PBMC_Early"
"MEP","NK T","HLA-A","CD8B",0.209071010489125,3,"HLA-A_CD8B","HLA-A - CD8B","MHC-I","Cell-Cell Contact","KEGG: hsa04514","MEP -> NK T (PBMC_Early)",0.0083703139470699,"MEP -> NK T","PBMC_Early"
"Myeloid-CD177","NK T","HLA-A","CD8B",0.210179718515239,3,"HLA-A_CD8B","HLA-A - CD8B","MHC-I","Cell-Cell Contact","KEGG: hsa04514","Myeloid-CD177 -> NK T (PBMC_Early)",0.00858419122704837,"Myeloid-CD177 -> NK T","PBMC_Early"
"Naïve CD4 T","NK T","HLA-A","CD8B",0.318150130508688,3,"HLA-A_CD8B","HLA-A - CD8B","MHC-I","Cell-Cell Contact","KEGG: hsa04514","Naïve CD4 T -> NK T (PBMC_Early)",0.0431458013128743,"Naïve CD4 T -> NK T","PBMC_Early"
"Naïve CD8 T","NK T","HLA-A","CD8B",0.322884301187888,3,"HLA-A_CD8B","HLA-A - CD8B","MHC-I","Cell-Cell Contact","KEGG: hsa04514","Naïve CD8 T -> NK T (PBMC_Early)",0.0451807300244743,"Naïve CD8 T -> NK T","PBMC_Early"
"NK T","NK T","HLA-A","CD8B",0.329325289920058,3,"HLA-A_CD8B","HLA-A - CD8B","MHC-I","Cell-Cell Contact","KEGG: hsa04514","NK T -> NK T (PBMC_Early)",0.0480020572963378,"NK T -> NK T","PBMC_Early"
"Others","NK T","HLA-A","CD8B",0.286868481554082,3,"HLA-A_CD8B","HLA-A - CD8B","MHC-I","Cell-Cell Contact","KEGG: hsa04514","Others -> NK T (PBMC_Early)",0.0306256315630825,"Others -> NK T","PBMC_Early"
"pDC","NK T","HLA-A","CD8B",0.252547291937439,3,"HLA-A_CD8B","HLA-A - CD8B","MHC-I","Cell-Cell Contact","KEGG: hsa04514","pDC -> NK T (PBMC_Early)",0.0190697033199213,"pDC -> NK T","PBMC_Early"
"Pro-B","NK T","HLA-A","CD8B",0.277663682608239,3,"HLA-A_CD8B","HLA-A - CD8B","MHC-I","Cell-Cell Contact","KEGG: hsa04514","Pro-B -> NK T (PBMC_Early)",0.0272833328649369,"Pro-B -> NK T","PBMC_Early"
"Small pre-B","NK T","HLA-A","CD8B",0.286230778200879,3,"HLA-A_CD8B","HLA-A - CD8B","MHC-I","Cell-Cell Contact","KEGG: hsa04514","NA",0.0303887020138485,"Small pre-B -> NK T","PBMC_Early"
"Tem","NK T","HLA-A","CD8B",0.32198634535422,3,"HLA-A_CD8B","HLA-A - CD8B","MHC-I","Cell-Cell Contact","KEGG: hsa04514","Tem -> NK T (PBMC_Early)",0.0447921775745757,"Tem -> NK T","PBMC_Early"
"Th17like_INNATE_T","NK T","HLA-A","CD8B",0.32832851010827,3,"HLA-A_CD8B","HLA-A - CD8B","MHC-I","Cell-Cell Contact","KEGG: hsa04514","Th17like_INNATE_T -> NK T (PBMC_Early)",0.0475615783580491,"Th17like_INNATE_T -> NK T","PBMC_Early"
"Treg","NK T","HLA-A","CD8B",0.331794962678149,3,"HLA-A_CD8B","HLA-A - CD8B","MHC-I","Cell-Cell Contact","KEGG: hsa04514","Treg -> NK T (PBMC_Early)",0.0490993476738591,"Treg -> NK T","PBMC_Early"
"abTentry","Naïve CD8 T","HLA-A","CD8B",0.484016718402672,3,"HLA-A_CD8B","HLA-A - CD8B","MHC-I","Cell-Cell Contact","KEGG: hsa04514","abTentry -> Naïve CD8 T (PBMC_Late)",0.126685918685449,"abTentry -> Naïve CD8 T","PBMC_Late"
"CD14+PPBP+ Monocytes","Naïve CD8 T","HLA-A","CD8B",0.585278310852643,3,"HLA-A_CD8B","HLA-A - CD8B","MHC-I","Cell-Cell Contact","KEGG: hsa04514","CD14+PPBP+ Monocytes -> Naïve CD8 T (PBMC_Late)",0.181121200331856,"CD14+PPBP+ Monocytes -> Naïve CD8 T","PBMC_Late"
"CD56highCD16low NK","Naïve CD8 T","HLA-A","CD8B",0.532156618865268,3,"HLA-A_CD8B","HLA-A - CD8B","MHC-I","Cell-Cell Contact","KEGG: hsa04514","CD56highCD16low NK -> Naïve CD8 T (PBMC_Late)",0.152720468118511,"CD56highCD16low NK -> Naïve CD8 T","PBMC_Late"
"Classical Monocytes","Naïve CD8 T","HLA-A","CD8B",0.560111824613408,3,"HLA-A_CD8B","HLA-A - CD8B","MHC-I","Cell-Cell Contact","KEGG: hsa04514","Classical Monocytes -> Naïve CD8 T (PBMC_Late)",0.167737038427062,"Classical Monocytes -> Naïve CD8 T","PBMC_Late"
"CX3CR1+ NK","Naïve CD8 T","HLA-A","CD8B",0.67324614712911,3,"HLA-A_CD8B","HLA-A - CD8B","MHC-I","Cell-Cell Contact","KEGG: hsa04514","CX3CR1+ NK -> Naïve CD8 T (PBMC_Late)",0.226425152001432,"CX3CR1+ NK -> Naïve CD8 T","PBMC_Late"
"CXCR5- Naïve B","Naïve CD8 T","HLA-A","CD8B",0.562793572833224,3,"HLA-A_CD8B","HLA-A - CD8B","MHC-I","Cell-Cell Contact","KEGG: hsa04514","CXCR5- Naïve B -> Naïve CD8 T (PBMC_Late)",0.169170122792613,"CXCR5- Naïve B -> Naïve CD8 T","PBMC_Late"
"CXCR5+ Naïve B","Naïve CD8 T","HLA-A","CD8B",0.572300195991368,3,"HLA-A_CD8B","HLA-A - CD8B","MHC-I","Cell-Cell Contact","KEGG: hsa04514","CXCR5+ Naïve B -> Naïve CD8 T (PBMC_Late)",0.174237718263324,"CXCR5+ Naïve B -> Naïve CD8 T","PBMC_Late"
"CXCR6+ NK","Naïve CD8 T","HLA-A","CD8B",0.637315314134276,3,"HLA-A_CD8B","HLA-A - CD8B","MHC-I","Cell-Cell Contact","KEGG: hsa04514","CXCR6+ NK -> Naïve CD8 T (PBMC_Late)",0.208236251515289,"CXCR6+ NK -> Naïve CD8 T","PBMC_Late"
"Cycling Treg","Naïve CD8 T","HLA-A","CD8B",0.482035410572899,3,"HLA-A_CD8B","HLA-A - CD8B","MHC-I","Cell-Cell Contact","KEGG: hsa04514","Cycling Treg -> Naïve CD8 T (PBMC_Late)",0.125614650334656,"Cycling Treg -> Naïve CD8 T","PBMC_Late"
"DC1","Naïve CD8 T","HLA-A","CD8B",0.597398809028641,3,"HLA-A_CD8B","HLA-A - CD8B","MHC-I","Cell-Cell Contact","KEGG: hsa04514","DC1 -> Naïve CD8 T (PBMC_Late)",0.187509895584786,"DC1 -> Naïve CD8 T","PBMC_Late"
"DC2","Naïve CD8 T","HLA-A","CD8B",0.550715924911092,3,"HLA-A_CD8B","HLA-A - CD8B","MHC-I","Cell-Cell Contact","KEGG: hsa04514","DC2 -> Naïve CD8 T (PBMC_Late)",0.162704728752082,"DC2 -> Naïve CD8 T","PBMC_Late"
"DNQ T","Naïve CD8 T","HLA-A","CD8B",0.490645981752887,3,"HLA-A_CD8B","HLA-A - CD8B","MHC-I","Cell-Cell Contact","KEGG: hsa04514","DNQ T -> Naïve CD8 T (PBMC_Late)",0.130272170328375,"DNQ T -> Naïve CD8 T","PBMC_Late"
"Early_ERY","Naïve CD8 T","HLA-A","CD8B",0.239787821429529,3,"HLA-A_CD8B","HLA-A - CD8B","MHC-I","Cell-Cell Contact","KEGG: hsa04514","Early_ERY -> Naïve CD8 T (PBMC_Late)",0.015446797449878,"Early_ERY -> Naïve CD8 T","PBMC_Late"
"Endothelial cells","Naïve CD8 T","HLA-A","CD8B",0.570191808874307,3,"HLA-A_CD8B","HLA-A - CD8B","MHC-I","Cell-Cell Contact","KEGG: hsa04514","Endothelial cells -> Naïve CD8 T (PBMC_Late)",0.173115582487412,"Endothelial cells -> Naïve CD8 T","PBMC_Late"
"Gamma Delta V1 T","Naïve CD8 T","HLA-A","CD8B",0.628786013187453,3,"HLA-A_CD8B","HLA-A - CD8B","MHC-I","Cell-Cell Contact","KEGG: hsa04514","Gamma Delta V1 T -> Naïve CD8 T (PBMC_Late)",0.203850955110987,"Gamma Delta V1 T -> Naïve CD8 T","PBMC_Late"
"Gamma Delta V2 T","Naïve CD8 T","HLA-A","CD8B",0.636550047745958,3,"HLA-A_CD8B","HLA-A - CD8B","MHC-I","Cell-Cell Contact","KEGG: hsa04514","Gamma Delta V2 T -> Naïve CD8 T (PBMC_Late)",0.207843812197284,"Gamma Delta V2 T -> Naïve CD8 T","PBMC_Late"
"GNG4 +CD8aa+T","Naïve CD8 T","HLA-A","CD8B",0.319477964952772,3,"HLA-A_CD8B","HLA-A - CD8B","MHC-I","Cell-Cell Contact","KEGG: hsa04514","GNG4 +CD8aa+T -> Naïve CD8 T (PBMC_Late)",0.0437131490404341,"GNG4 +CD8aa+T -> Naïve CD8 T","PBMC_Late"
"HSC_MPP","Naïve CD8 T","HLA-A","CD8B",0.474412635014125,3,"HLA-A_CD8B","HLA-A - CD8B","MHC-I","Cell-Cell Contact","KEGG: hsa04514","HSC_MPP -> Naïve CD8 T (PBMC_Late)",0.12149651974303,"HSC_MPP -> Naïve CD8 T","PBMC_Late"
"ILC2/3","Naïve CD8 T","HLA-A","CD8B",0.615115596637335,3,"HLA-A_CD8B","HLA-A - CD8B","MHC-I","Cell-Cell Contact","KEGG: hsa04514","ILC2/3 -> Naïve CD8 T (PBMC_Late)",0.19677178209445,"ILC2/3 -> Naïve CD8 T","PBMC_Late"
"Large pre-B","Naïve CD8 T","HLA-A","CD8B",0.466728609773847,3,"HLA-A_CD8B","HLA-A - CD8B","MHC-I","Cell-Cell Contact","KEGG: hsa04514","Large pre-B -> Naïve CD8 T (PBMC_Late)",0.117352535809957,"Large pre-B -> Naïve CD8 T","PBMC_Late"
"Macrophages","Naïve CD8 T","HLA-A","CD8B",0.374332860662088,3,"HLA-A_CD8B","HLA-A - CD8B","MHC-I","Cell-Cell Contact","KEGG: hsa04514","Macrophages -> Naïve CD8 T (PBMC_Late)",0.0691540106272258,"Macrophages -> Naïve CD8 T","PBMC_Late"
"Megakaryocytes","Naïve CD8 T","HLA-A","CD8B",0.622645020999827,3,"HLA-A_CD8B","HLA-A - CD8B","MHC-I","Cell-Cell Contact","KEGG: hsa04514","Megakaryocytes -> Naïve CD8 T (PBMC_Late)",0.200678420874375,"Megakaryocytes -> Naïve CD8 T","PBMC_Late"
"MEMP","Naïve CD8 T","HLA-A","CD8B",0.399152628494935,3,"HLA-A_CD8B","HLA-A - CD8B","MHC-I","Cell-Cell Contact","KEGG: hsa04514","MEMP -> Naïve CD8 T (PBMC_Late)",0.0816505016991579,"MEMP -> Naïve CD8 T","PBMC_Late"
"MEP","Naïve CD8 T","HLA-A","CD8B",0.441013667389608,3,"HLA-A_CD8B","HLA-A - CD8B","MHC-I","Cell-Cell Contact","KEGG: hsa04514","MEP -> Naïve CD8 T (PBMC_Late)",0.103570429223829,"MEP -> Naïve CD8 T","PBMC_Late"
"Naïve CD4 T","Naïve CD8 T","HLA-A","CD8B",0.602098761939363,3,"HLA-A_CD8B","HLA-A - CD8B","MHC-I","Cell-Cell Contact","KEGG: hsa04514","Naïve CD4 T -> Naïve CD8 T (PBMC_Late)",0.189976082959116,"Naïve CD4 T -> Naïve CD8 T","PBMC_Late"
"Naïve CD8 T","Naïve CD8 T","HLA-A","CD8B",0.613306684829077,3,"HLA-A_CD8B","HLA-A - CD8B","MHC-I","Cell-Cell Contact","KEGG: hsa04514","Naïve CD8 T -> Naïve CD8 T (PBMC_Late)",0.195830532105945,"Naïve CD8 T -> Naïve CD8 T","PBMC_Late"
"NK T","Naïve CD8 T","HLA-A","CD8B",0.654100859283392,3,"HLA-A_CD8B","HLA-A - CD8B","MHC-I","Cell-Cell Contact","KEGG: hsa04514","NK T -> Naïve CD8 T (PBMC_Late)",0.216792150744406,"NK T -> Naïve CD8 T","PBMC_Late"
"Others","Naïve CD8 T","HLA-A","CD8B",0.612160565291444,3,"HLA-A_CD8B","HLA-A - CD8B","MHC-I","Cell-Cell Contact","KEGG: hsa04514","Others -> Naïve CD8 T (PBMC_Late)",0.195233628020772,"Others -> Naïve CD8 T","PBMC_Late"
"pDC","Naïve CD8 T","HLA-A","CD8B",0.51694728873684,3,"HLA-A_CD8B","HLA-A - CD8B","MHC-I","Cell-Cell Contact","KEGG: hsa04514","pDC -> Naïve CD8 T (PBMC_Late)",0.144506151138568,"pDC -> Naïve CD8 T","PBMC_Late"
"Pro-B","Naïve CD8 T","HLA-A","CD8B",0.547544453806833,3,"HLA-A_CD8B","HLA-A - CD8B","MHC-I","Cell-Cell Contact","KEGG: hsa04514","Pro-B -> Naïve CD8 T (PBMC_Late)",0.161002444568896,"Pro-B -> Naïve CD8 T","PBMC_Late"
"Tem","Naïve CD8 T","HLA-A","CD8B",0.619610423101099,3,"HLA-A_CD8B","HLA-A - CD8B","MHC-I","Cell-Cell Contact","KEGG: hsa04514","Tem -> Naïve CD8 T (PBMC_Late)",0.199106119913199,"Tem -> Naïve CD8 T","PBMC_Late"
"Th17like_INNATE_T","Naïve CD8 T","HLA-A","CD8B",0.619981288351139,3,"HLA-A_CD8B","HLA-A - CD8B","MHC-I","Cell-Cell Contact","KEGG: hsa04514","Th17like_INNATE_T -> Naïve CD8 T (PBMC_Late)",0.199298434891554,"Th17like_INNATE_T -> Naïve CD8 T","PBMC_Late"
"Treg","Naïve CD8 T","HLA-A","CD8B",0.633446676720475,3,"HLA-A_CD8B","HLA-A - CD8B","MHC-I","Cell-Cell Contact","KEGG: hsa04514","Treg -> Naïve CD8 T (PBMC_Late)",0.206250290467528,"Treg -> Naïve CD8 T","PBMC_Late"
"abTentry","NK T","HLA-A","CD8B",0.370749931151416,3,"HLA-A_CD8B","HLA-A - CD8B","MHC-I","Cell-Cell Contact","KEGG: hsa04514","abTentry -> NK T (PBMC_Late)",0.0673915368708828,"abTentry -> NK T","PBMC_Late"
"CD14+PPBP+ Monocytes","NK T","HLA-A","CD8B",0.432868130047892,3,"HLA-A_CD8B","HLA-A - CD8B","MHC-I","Cell-Cell Contact","KEGG: hsa04514","CD14+PPBP+ Monocytes -> NK T (PBMC_Late)",0.0992441419714268,"CD14+PPBP+ Monocytes -> NK T","PBMC_Late"
"CD56highCD16low NK","NK T","HLA-A","CD8B",0.400595065555658,3,"HLA-A_CD8B","HLA-A - CD8B","MHC-I","Cell-Cell Contact","KEGG: hsa04514","CD56highCD16low NK -> NK T (PBMC_Late)",0.0823903990764327,"CD56highCD16low NK -> NK T","PBMC_Late"
"Classical Monocytes","NK T","HLA-A","CD8B",0.417658121218302,3,"HLA-A_CD8B","HLA-A - CD8B","MHC-I","Cell-Cell Contact","KEGG: hsa04514","Classical Monocytes -> NK T (PBMC_Late)",0.0912362686610246,"Classical Monocytes -> NK T","PBMC_Late"
"CX3CR1+ NK","NK T","HLA-A","CD8B",0.485060956885233,3,"HLA-A_CD8B","HLA-A - CD8B","MHC-I","Cell-Cell Contact","KEGG: hsa04514","CX3CR1+ NK -> NK T (PBMC_Late)",0.127250644366081,"CX3CR1+ NK -> NK T","PBMC_Late"
"CXCR5- Naïve B","NK T","HLA-A","CD8B",0.419285488784958,3,"HLA-A_CD8B","HLA-A - CD8B","MHC-I","Cell-Cell Contact","KEGG: hsa04514","CXCR5- Naïve B -> NK T (PBMC_Late)",0.0920880770567771,"CXCR5- Naïve B -> NK T","PBMC_Late"
"CXCR5+ Naïve B","NK T","HLA-A","CD8B",0.425041575605387,3,"HLA-A_CD8B","HLA-A - CD8B","MHC-I","Cell-Cell Contact","KEGG: hsa04514","CXCR5+ Naïve B -> NK T (PBMC_Late)",0.095110964407399,"CXCR5+ Naïve B -> NK T","PBMC_Late"
"CXCR6+ NK","NK T","HLA-A","CD8B",0.463911469291321,3,"HLA-A_CD8B","HLA-A - CD8B","MHC-I","Cell-Cell Contact","KEGG: hsa04514","CXCR6+ NK -> NK T (PBMC_Late)",0.115835558022527,"CXCR6+ NK -> NK T","PBMC_Late"
"Cycling Treg","NK T","HLA-A","CD8B",0.369507931239419,3,"HLA-A_CD8B","HLA-A - CD8B","MHC-I","Cell-Cell Contact","KEGG: hsa04514","Cycling Treg -> NK T (PBMC_Late)",0.0667833249782543,"Cycling Treg -> NK T","PBMC_Late"
"DC1","NK T","HLA-A","CD8B",0.440145859837771,3,"HLA-A_CD8B","HLA-A - CD8B","MHC-I","Cell-Cell Contact","KEGG: hsa04514","DC1 -> NK T (PBMC_Late)",0.103108431224853,"DC1 -> NK T","PBMC_Late"
"DC2","NK T","HLA-A","CD8B",0.41194354699425,3,"HLA-A_CD8B","HLA-A - CD8B","MHC-I","Cell-Cell Contact","KEGG: hsa04514","DC2 -> NK T (PBMC_Late)",0.0882556918007487,"DC2 -> NK T","PBMC_Late"
"DNQ T","NK T","HLA-A","CD8B",0.374897319626713,3,"HLA-A_CD8B","HLA-A - CD8B","MHC-I","Cell-Cell Contact","KEGG: hsa04514","DNQ T -> NK T (PBMC_Late)",0.0694327210164566,"DNQ T -> NK T","PBMC_Late"
"Early_ERY","NK T","HLA-A","CD8B",0.205784483174786,3,"HLA-A_CD8B","HLA-A - CD8B","MHC-I","Cell-Cell Contact","KEGG: hsa04514","Early_ERY -> NK T (PBMC_Late)",0.00775472547436829,"Early_ERY -> NK T","PBMC_Late"
"Endothelial cells","NK T","HLA-A","CD8B",0.423766693908919,3,"HLA-A_CD8B","HLA-A - CD8B","MHC-I","Cell-Cell Contact","KEGG: hsa04514","Endothelial cells -> NK T (PBMC_Late)",0.0944401441439442,"Endothelial cells -> NK T","PBMC_Late"
"Gamma Delta V1 T","NK T","HLA-A","CD8B",0.458858202444706,3,"HLA-A_CD8B","HLA-A - CD8B","MHC-I","Cell-Cell Contact","KEGG: hsa04514","Gamma Delta V1 T -> NK T (PBMC_Late)",0.113118143433991,"Gamma Delta V1 T -> NK T","PBMC_Late"
"Gamma Delta V2 T","NK T","HLA-A","CD8B",0.463458611902146,3,"HLA-A_CD8B","HLA-A - CD8B","MHC-I","Cell-Cell Contact","KEGG: hsa04514","Gamma Delta V2 T -> NK T (PBMC_Late)",0.115591833069446,"Gamma Delta V2 T -> NK T","PBMC_Late"
"GNG4 +CD8aa+T","NK T","HLA-A","CD8B",0.262825506313934,3,"HLA-A_CD8B","HLA-A - CD8B","MHC-I","Cell-Cell Contact","KEGG: hsa04514","GNG4 +CD8aa+T -> NK T (PBMC_Late)",0.0222635212377103,"GNG4 +CD8aa+T -> NK T","PBMC_Late"
"HSC_MPP","NK T","HLA-A","CD8B",0.364718783280316,3,"HLA-A_CD8B","HLA-A - CD8B","MHC-I","Cell-Cell Contact","KEGG: hsa04514","HSC_MPP -> NK T (PBMC_Late)",0.0644517436654168,"HSC_MPP -> NK T","PBMC_Late"
"ILC2/3","NK T","HLA-A","CD8B",0.450731269430445,3,"HLA-A_CD8B","HLA-A - CD8B","MHC-I","Cell-Cell Contact","KEGG: hsa04514","ILC2/3 -> NK T (PBMC_Late)",0.108759432841249,"ILC2/3 -> NK T","PBMC_Late"
"Large pre-B","NK T","HLA-A","CD8B",0.359873539846784,3,"HLA-A_CD8B","HLA-A - CD8B","MHC-I","Cell-Cell Contact","KEGG: hsa04514","Large pre-B -> NK T (PBMC_Late)",0.0621158621536983,"Large pre-B -> NK T","PBMC_Late"
"Macrophages","NK T","HLA-A","CD8B",0.300031941350516,3,"HLA-A_CD8B","HLA-A - CD8B","MHC-I","Cell-Cell Contact","KEGG: hsa04514","Macrophages -> NK T (PBMC_Late)",0.0356866550850352,"Macrophages -> NK T","PBMC_Late"
"Megakaryocytes","NK T","HLA-A","CD8B",0.455211732569115,3,"HLA-A_CD8B","HLA-A - CD8B","MHC-I","Cell-Cell Contact","KEGG: hsa04514","Megakaryocytes -> NK T (PBMC_Late)",0.111160526869929,"Megakaryocytes -> NK T","PBMC_Late"
"MEMP","NK T","HLA-A","CD8B",0.316420815804534,3,"HLA-A_CD8B","HLA-A - CD8B","MHC-I","Cell-Cell Contact","KEGG: hsa04514","MEMP -> NK T (PBMC_Late)",0.0424109650674363,"MEMP -> NK T","PBMC_Late"
"MEP","NK T","HLA-A","CD8B",0.343523702287454,3,"HLA-A_CD8B","HLA-A - CD8B","MHC-I","Cell-Cell Contact","KEGG: hsa04514","MEP -> NK T (PBMC_Late)",0.0544208848992624,"MEP -> NK T","PBMC_Late"
"Naïve CD4 T","NK T","HLA-A","CD8B",0.442959966682775,3,"HLA-A_CD8B","HLA-A - CD8B","MHC-I","Cell-Cell Contact","KEGG: hsa04514","Naïve CD4 T -> NK T (PBMC_Late)",0.104607465917292,"Naïve CD4 T -> NK T","PBMC_Late"
"Naïve CD8 T","NK T","HLA-A","CD8B",0.449653265104275,3,"HLA-A_CD8B","HLA-A - CD8B","MHC-I","Cell-Cell Contact","KEGG: hsa04514","Naïve CD8 T -> NK T (PBMC_Late)",0.108182483718716,"Naïve CD8 T -> NK T","PBMC_Late"
"NK T","NK T","HLA-A","CD8B",0.473818819812538,3,"HLA-A_CD8B","HLA-A - CD8B","MHC-I","Cell-Cell Contact","KEGG: hsa04514","NK T -> NK T (PBMC_Late)",0.12117598649472,"NK T -> NK T","PBMC_Late"
"Others","NK T","HLA-A","CD8B",0.448969923096329,3,"HLA-A_CD8B","HLA-A - CD8B","MHC-I","Cell-Cell Contact","KEGG: hsa04514","Others -> NK T (PBMC_Late)",0.107816918172037,"Others -> NK T","PBMC_Late"
"pDC","NK T","HLA-A","CD8B",0.391231981297059,3,"HLA-A_CD8B","HLA-A - CD8B","MHC-I","Cell-Cell Contact","KEGG: hsa04514","pDC -> NK T (PBMC_Late)",0.0776123853929535,"pDC -> NK T","PBMC_Late"
"Pro-B","NK T","HLA-A","CD8B",0.41001007399887,3,"HLA-A_CD8B","HLA-A - CD8B","MHC-I","Cell-Cell Contact","KEGG: hsa04514","Pro-B -> NK T (PBMC_Late)",0.0872511564881306,"Pro-B -> NK T","PBMC_Late"
"Tem","NK T","HLA-A","CD8B",0.453407240839188,3,"HLA-A_CD8B","HLA-A - CD8B","MHC-I","Cell-Cell Contact","KEGG: hsa04514","Tem -> NK T (PBMC_Late)",0.11019290318179,"Tem -> NK T","PBMC_Late"
"Th17like_INNATE_T","NK T","HLA-A","CD8B",0.453627864045473,3,"HLA-A_CD8B","HLA-A - CD8B","MHC-I","Cell-Cell Contact","KEGG: hsa04514","Th17like_INNATE_T -> NK T (PBMC_Late)",0.110311166371678,"Th17like_INNATE_T -> NK T","PBMC_Late"
"Treg","NK T","HLA-A","CD8B",0.4616210772558,3,"HLA-A_CD8B","HLA-A - CD8B","MHC-I","Cell-Cell Contact","KEGG: hsa04514","Treg -> NK T (PBMC_Late)",0.114603274572153,"Treg -> NK T","PBMC_Late"
"abTentry","Naïve CD8 T","HLA-B","CD8A",0.54026176215519,3,"HLA-B_CD8A","HLA-B - CD8A","MHC-I","Cell-Cell Contact","KEGG: hsa04514","abTentry -> Naïve CD8 T (PBMC_Early)",0.157087137550189,"abTentry -> Naïve CD8 T","PBMC_Early"
"CD14+PPBP+ Monocytes","Naïve CD8 T","HLA-B","CD8A",0.588785763113365,3,"HLA-B_CD8A","HLA-B - CD8A","MHC-I","Cell-Cell Contact","KEGG: hsa04514","CD14+PPBP+ Monocytes -> Naïve CD8 T (PBMC_Early)",0.182974106272896,"CD14+PPBP+ Monocytes -> Naïve CD8 T","PBMC_Early"
"CD56highCD16low NK","Naïve CD8 T","HLA-B","CD8A",0.502169224267416,3,"HLA-B_CD8A","HLA-B - CD8A","MHC-I","Cell-Cell Contact","KEGG: hsa04514","CD56highCD16low NK -> Naïve CD8 T (PBMC_Early)",0.136509566223481,"CD56highCD16low NK -> Naïve CD8 T","PBMC_Early"
"Classical Monocytes","Naïve CD8 T","HLA-B","CD8A",0.583525856475888,3,"HLA-B_CD8A","HLA-B - CD8A","MHC-I","Cell-Cell Contact","KEGG: hsa04514","Classical Monocytes -> Naïve CD8 T (PBMC_Early)",0.180194200383302,"Classical Monocytes -> Naïve CD8 T","PBMC_Early"
"CX3CR1+ NK","Naïve CD8 T","HLA-B","CD8A",0.669324059916016,3,"HLA-B_CD8A","HLA-B - CD8A","MHC-I","Cell-Cell Contact","KEGG: hsa04514","CX3CR1+ NK -> Naïve CD8 T (PBMC_Early)",0.224462953343149,"CX3CR1+ NK -> Naïve CD8 T","PBMC_Early"
"CXCR5- Naïve B","Naïve CD8 T","HLA-B","CD8A",0.636919474041763,3,"HLA-B_CD8A","HLA-B - CD8A","MHC-I","Cell-Cell Contact","KEGG: hsa04514","CXCR5- Naïve B -> Naïve CD8 T (PBMC_Early)",0.20803328448557,"CXCR5- Naïve B -> Naïve CD8 T","PBMC_Early"
"CXCR5+ Naïve B","Naïve CD8 T","HLA-B","CD8A",0.61792004478316,3,"HLA-B_CD8A","HLA-B - CD8A","MHC-I","Cell-Cell Contact","KEGG: hsa04514","CXCR5+ Naïve B -> Naïve CD8 T (PBMC_Early)",0.198228999603989,"CXCR5+ Naïve B -> Naïve CD8 T","PBMC_Early"
"CXCR6+ NK","Naïve CD8 T","HLA-B","CD8A",0.642310976055039,3,"HLA-B_CD8A","HLA-B - CD8A","MHC-I","Cell-Cell Contact","KEGG: hsa04514","CXCR6+ NK -> Naïve CD8 T (PBMC_Early)",0.210793084648094,"CXCR6+ NK -> Naïve CD8 T","PBMC_Early"
"Cycling Treg","Naïve CD8 T","HLA-B","CD8A",0.568013770866166,3,"HLA-B_CD8A","HLA-B - CD8A","MHC-I","Cell-Cell Contact","KEGG: hsa04514","Cycling Treg -> Naïve CD8 T (PBMC_Early)",0.171955303834107,"Cycling Treg -> Naïve CD8 T","PBMC_Early"
"DC1","Naïve CD8 T","HLA-B","CD8A",0.575747997417303,3,"HLA-B_CD8A","HLA-B - CD8A","MHC-I","Cell-Cell Contact","KEGG: hsa04514","DC1 -> Naïve CD8 T (PBMC_Early)",0.176070464082805,"DC1 -> Naïve CD8 T","PBMC_Early"
"DC2","Naïve CD8 T","HLA-B","CD8A",0.566197500839958,3,"HLA-B_CD8A","HLA-B - CD8A","MHC-I","Cell-Cell Contact","KEGG: hsa04514","DC2 -> Naïve CD8 T (PBMC_Early)",0.170986929156585,"DC2 -> Naïve CD8 T","PBMC_Early"
"DNQ T","Naïve CD8 T","HLA-B","CD8A",0.373811728179118,3,"HLA-B_CD8A","HLA-B - CD8A","MHC-I","Cell-Cell Contact","KEGG: hsa04514","DNQ T -> Naïve CD8 T (PBMC_Early)",0.0688969437134554,"DNQ T -> Naïve CD8 T","PBMC_Early"
"DPP T","Naïve CD8 T","HLA-B","CD8A",0.504062754378256,3,"HLA-B_CD8A","HLA-B - CD8A","MHC-I","Cell-Cell Contact","KEGG: hsa04514","NA",0.137534571283096,"DPP T -> Naïve CD8 T","PBMC_Early"
"Endothelial cells","Naïve CD8 T","HLA-B","CD8A",0.624855078979418,3,"HLA-B_CD8A","HLA-B - CD8A","MHC-I","Cell-Cell Contact","KEGG: hsa04514","Endothelial cells -> Naïve CD8 T (PBMC_Early)",0.201821611355174,"Endothelial cells -> Naïve CD8 T","PBMC_Early"
"Gamma Delta V1 T","Naïve CD8 T","HLA-B","CD8A",0.624516405295637,3,"HLA-B_CD8A","HLA-B - CD8A","MHC-I","Cell-Cell Contact","KEGG: hsa04514","Gamma Delta V1 T -> Naïve CD8 T (PBMC_Early)",0.201646530958494,"Gamma Delta V1 T -> Naïve CD8 T","PBMC_Early"
"Gamma Delta V2 T","Naïve CD8 T","HLA-B","CD8A",0.641384479202453,3,"HLA-B_CD8A","HLA-B - CD8A","MHC-I","Cell-Cell Contact","KEGG: hsa04514","Gamma Delta V2 T -> Naïve CD8 T (PBMC_Early)",0.210319553822622,"Gamma Delta V2 T -> Naïve CD8 T","PBMC_Early"
"GNG4 +CD8aa+T","Naïve CD8 T","HLA-B","CD8A",0.577960140169357,3,"HLA-B_CD8A","HLA-B - CD8A","MHC-I","Cell-Cell Contact","KEGG: hsa04514","GNG4 +CD8aa+T -> Naïve CD8 T (PBMC_Early)",0.177244857752379,"GNG4 +CD8aa+T -> Naïve CD8 T","PBMC_Early"
"HSC_MPP","Naïve CD8 T","HLA-B","CD8A",0.427679142428036,3,"HLA-B_CD8A","HLA-B - CD8A","MHC-I","Cell-Cell Contact","KEGG: hsa04514","HSC_MPP -> Naïve CD8 T (PBMC_Early)",0.0965010421573615,"HSC_MPP -> Naïve CD8 T","PBMC_Early"
"ILC2/3","Naïve CD8 T","HLA-B","CD8A",0.592803272510724,3,"HLA-B_CD8A","HLA-B - CD8A","MHC-I","Cell-Cell Contact","KEGG: hsa04514","ILC2/3 -> Naïve CD8 T (PBMC_Early)",0.185092372217749,"ILC2/3 -> Naïve CD8 T","PBMC_Early"
"Large pre-B","Naïve CD8 T","HLA-B","CD8A",0.499184819684713,3,"HLA-B_CD8A","HLA-B - CD8A","MHC-I","Cell-Cell Contact","KEGG: hsa04514","Large pre-B -> Naïve CD8 T (PBMC_Early)",0.134893992992812,"Large pre-B -> Naïve CD8 T","PBMC_Early"
"Macrophages","Naïve CD8 T","HLA-B","CD8A",0.546595827131973,3,"HLA-B_CD8A","HLA-B - CD8A","MHC-I","Cell-Cell Contact","KEGG: hsa04514","Macrophages -> Naïve CD8 T (PBMC_Early)",0.16049293304589,"Macrophages -> Naïve CD8 T","PBMC_Early"
"Megakaryocytes","Naïve CD8 T","HLA-B","CD8A",0.619373863086191,3,"HLA-B_CD8A","HLA-B - CD8A","MHC-I","Cell-Cell Contact","KEGG: hsa04514","Megakaryocytes -> Naïve CD8 T (PBMC_Early)",0.198983426707538,"Megakaryocytes -> Naïve CD8 T","PBMC_Early"
"MEMP","Naïve CD8 T","HLA-B","CD8A",0.318979776176515,3,"HLA-B_CD8A","HLA-B - CD8A","MHC-I","Cell-Cell Contact","KEGG: hsa04514","MEMP -> Naïve CD8 T (PBMC_Early)",0.0434999717942575,"MEMP -> Naïve CD8 T","PBMC_Early"
"MEP","Naïve CD8 T","HLA-B","CD8A",0.383202000673698,3,"HLA-B_CD8A","HLA-B - CD8A","MHC-I","Cell-Cell Contact","KEGG: hsa04514","MEP -> Naïve CD8 T (PBMC_Early)",0.0735647200206695,"MEP -> Naïve CD8 T","PBMC_Early"
"Myeloid-CD177","Naïve CD8 T","HLA-B","CD8A",0.466431199694262,3,"HLA-B_CD8A","HLA-B - CD8A","MHC-I","Cell-Cell Contact","KEGG: hsa04514","Myeloid-CD177 -> Naïve CD8 T (PBMC_Early)",0.117192322157972,"Myeloid-CD177 -> Naïve CD8 T","PBMC_Early"
"Naïve CD4 T","Naïve CD8 T","HLA-B","CD8A",0.613784676228971,3,"HLA-B_CD8A","HLA-B - CD8A","MHC-I","Cell-Cell Contact","KEGG: hsa04514","Naïve CD4 T -> Naïve CD8 T (PBMC_Early)",0.196079350512091,"Naïve CD4 T -> Naïve CD8 T","PBMC_Early"
"Naïve CD8 T","Naïve CD8 T","HLA-B","CD8A",0.617646015427376,3,"HLA-B_CD8A","HLA-B - CD8A","MHC-I","Cell-Cell Contact","KEGG: hsa04514","Naïve CD8 T -> Naïve CD8 T (PBMC_Early)",0.198086722030854,"Naïve CD8 T -> Naïve CD8 T","PBMC_Early"
"NK T","Naïve CD8 T","HLA-B","CD8A",0.660626136657511,3,"HLA-B_CD8A","HLA-B - CD8A","MHC-I","Cell-Cell Contact","KEGG: hsa04514","NK T -> Naïve CD8 T (PBMC_Early)",0.220090717457849,"NK T -> Naïve CD8 T","PBMC_Early"
"Others","Naïve CD8 T","HLA-B","CD8A",0.5471750417278,3,"HLA-B_CD8A","HLA-B - CD8A","MHC-I","Cell-Cell Contact","KEGG: hsa04514","Others -> Naïve CD8 T (PBMC_Early)",0.160804049816109,"Others -> Naïve CD8 T","PBMC_Early"
"pDC","Naïve CD8 T","HLA-B","CD8A",0.547233432718744,3,"HLA-B_CD8A","HLA-B - CD8A","MHC-I","Cell-Cell Contact","KEGG: hsa04514","pDC -> Naïve CD8 T (PBMC_Early)",0.160835410553903,"pDC -> Naïve CD8 T","PBMC_Early"
"Pro-B","Naïve CD8 T","HLA-B","CD8A",0.563351487781338,3,"HLA-B_CD8A","HLA-B - CD8A","MHC-I","Cell-Cell Contact","KEGG: hsa04514","Pro-B -> Naïve CD8 T (PBMC_Early)",0.169468074074405,"Pro-B -> Naïve CD8 T","PBMC_Early"
"Small pre-B","Naïve CD8 T","HLA-B","CD8A",0.595567283581664,3,"HLA-B_CD8A","HLA-B - CD8A","MHC-I","Cell-Cell Contact","KEGG: hsa04514","NA",0.186547120987313,"Small pre-B -> Naïve CD8 T","PBMC_Early"
"Tem","Naïve CD8 T","HLA-B","CD8A",0.652187124693461,3,"HLA-B_CD8A","HLA-B - CD8A","MHC-I","Cell-Cell Contact","KEGG: hsa04514","Tem -> Naïve CD8 T (PBMC_Early)",0.21582178702744,"Tem -> Naïve CD8 T","PBMC_Early"
"Th17like_INNATE_T","Naïve CD8 T","HLA-B","CD8A",0.647201349936928,3,"HLA-B_CD8A","HLA-B - CD8A","MHC-I","Cell-Cell Contact","KEGG: hsa04514","Th17like_INNATE_T -> Naïve CD8 T (PBMC_Early)",0.213287511095318,"Th17like_INNATE_T -> Naïve CD8 T","PBMC_Early"
"Treg","Naïve CD8 T","HLA-B","CD8A",0.639574672748616,3,"HLA-B_CD8A","HLA-B - CD8A","MHC-I","Cell-Cell Contact","KEGG: hsa04514","Treg -> Naïve CD8 T (PBMC_Early)",0.209393695769874,"Treg -> Naïve CD8 T","PBMC_Early"
"abTentry","NK T","HLA-B","CD8A",0.321980713064842,3,"HLA-B_CD8A","HLA-B - CD8A","MHC-I","Cell-Cell Contact","KEGG: hsa04514","abTentry -> NK T (PBMC_Early)",0.0447897442052635,"abTentry -> NK T","PBMC_Early"
"CD14+PPBP+ Monocytes","NK T","HLA-B","CD8A",0.341176664576986,3,"HLA-B_CD8A","HLA-B - CD8A","MHC-I","Cell-Cell Contact","KEGG: hsa04514","CD14+PPBP+ Monocytes -> NK T (PBMC_Early)",0.053341917288426,"CD14+PPBP+ Monocytes -> NK T","PBMC_Early"
"CD56highCD16low NK","NK T","HLA-B","CD8A",0.306421052604764,3,"HLA-B_CD8A","HLA-B - CD8A","MHC-I","Cell-Cell Contact","KEGG: hsa04514","CD56highCD16low NK -> NK T (PBMC_Early)",0.0382549108259389,"CD56highCD16low NK -> NK T","PBMC_Early"
"Classical Monocytes","NK T","HLA-B","CD8A",0.33912675325788,3,"HLA-B_CD8A","HLA-B - CD8A","MHC-I","Cell-Cell Contact","KEGG: hsa04514","Classical Monocytes -> NK T (PBMC_Early)",0.0524051736006004,"Classical Monocytes -> NK T","PBMC_Early"
"CX3CR1+ NK","NK T","HLA-B","CD8A",0.371743453892584,3,"HLA-B_CD8A","HLA-B - CD8A","MHC-I","Cell-Cell Contact","KEGG: hsa04514","CX3CR1+ NK -> NK T (PBMC_Early)",0.0678790934722737,"CX3CR1+ NK -> NK T","PBMC_Early"
"CXCR5- Naïve B","NK T","HLA-B","CD8A",0.359620374015205,3,"HLA-B_CD8A","HLA-B - CD8A","MHC-I","Cell-Cell Contact","KEGG: hsa04514","CXCR5- Naïve B -> NK T (PBMC_Early)",0.0619944705378401,"CXCR5- Naïve B -> NK T","PBMC_Early"
"CXCR5+ Naïve B","NK T","HLA-B","CD8A",0.352405744339251,3,"HLA-B_CD8A","HLA-B - CD8A","MHC-I","Cell-Cell Contact","KEGG: hsa04514","CXCR5+ Naïve B -> NK T (PBMC_Early)",0.0585638191212501,"CXCR5+ Naïve B -> NK T","PBMC_Early"
"CXCR6+ NK","NK T","HLA-B","CD8A",0.361652942736338,3,"HLA-B_CD8A","HLA-B - CD8A","MHC-I","Cell-Cell Contact","KEGG: hsa04514","CXCR6+ NK -> NK T (PBMC_Early)",0.0629709428687113,"CXCR6+ NK -> NK T","PBMC_Early"
"Cycling Treg","NK T","HLA-B","CD8A",0.333038890597919,3,"HLA-B_CD8A","HLA-B - CD8A","MHC-I","Cell-Cell Contact","KEGG: hsa04514","Cycling Treg -> NK T (PBMC_Early)",0.0496551917248992,"Cycling Treg -> NK T","PBMC_Early"
"DC1","NK T","HLA-B","CD8A",0.336082291986702,3,"HLA-B_CD8A","HLA-B - CD8A","MHC-I","Cell-Cell Contact","KEGG: hsa04514","DC1 -> NK T (PBMC_Early)",0.0510238689999466,"DC1 -> NK T","PBMC_Early"
"DC2","NK T","HLA-B","CD8A",0.332321832850644,3,"HLA-B_CD8A","HLA-B - CD8A","MHC-I","Cell-Cell Contact","KEGG: hsa04514","DC2 -> NK T (PBMC_Early)",0.0493345213368679,"DC2 -> NK T","PBMC_Early"
"DNQ T","NK T","HLA-B","CD8A",0.249869197296467,3,"HLA-B_CD8A","HLA-B - CD8A","MHC-I","Cell-Cell Contact","KEGG: hsa04514","DNQ T -> NK T (PBMC_Early)",0.0182773271864847,"DNQ T -> NK T","PBMC_Early"
"DPP T","NK T","HLA-B","CD8A",0.307205697568039,3,"HLA-B_CD8A","HLA-B - CD8A","MHC-I","Cell-Cell Contact","KEGG: hsa04514","NA",0.0385751126346609,"DPP T -> NK T","PBMC_Early"
"Endothelial cells","NK T","HLA-B","CD8A",0.355048718273425,3,"HLA-B_CD8A","HLA-B - CD8A","MHC-I","Cell-Cell Contact","KEGG: hsa04514","Endothelial cells -> NK T (PBMC_Early)",0.0598140386685978,"Endothelial cells -> NK T","PBMC_Early"
"Gamma Delta V1 T","NK T","HLA-B","CD8A",0.354919906107356,3,"HLA-B_CD8A","HLA-B - CD8A","MHC-I","Cell-Cell Contact","KEGG: hsa04514","Gamma Delta V1 T -> NK T (PBMC_Early)",0.0597529276175949,"Gamma Delta V1 T -> NK T","PBMC_Early"
"Gamma Delta V2 T","NK T","HLA-B","CD8A",0.361304111108094,3,"HLA-B_CD8A","HLA-B - CD8A","MHC-I","Cell-Cell Contact","KEGG: hsa04514","Gamma Delta V2 T -> NK T (PBMC_Early)",0.0628030579939434,"Gamma Delta V2 T -> NK T","PBMC_Early"
"GNG4 +CD8aa+T","NK T","HLA-B","CD8A",0.336949810109441,3,"HLA-B_CD8A","HLA-B - CD8A","MHC-I","Cell-Cell Contact","KEGG: hsa04514","GNG4 +CD8aa+T -> NK T (PBMC_Early)",0.0514162479093056,"GNG4 +CD8aa+T -> NK T","PBMC_Early"
"HSC_MPP","NK T","HLA-B","CD8A",0.274489291160114,3,"HLA-B_CD8A","HLA-B - CD8A","MHC-I","Cell-Cell Contact","KEGG: hsa04514","HSC_MPP -> NK T (PBMC_Early)",0.0261703189232565,"HSC_MPP -> NK T","PBMC_Early"
"ILC2/3","NK T","HLA-B","CD8A",0.342737603143465,3,"HLA-B_CD8A","HLA-B - CD8A","MHC-I","Cell-Cell Contact","KEGG: hsa04514","ILC2/3 -> NK T (PBMC_Early)",0.0540587457730503,"ILC2/3 -> NK T","PBMC_Early"
"Large pre-B","NK T","HLA-B","CD8A",0.305181876071876,3,"HLA-B_CD8A","HLA-B - CD8A","MHC-I","Cell-Cell Contact","KEGG: hsa04514","Large pre-B -> NK T (PBMC_Early)",0.0377513305082938,"Large pre-B -> NK T","PBMC_Early"
"Macrophages","NK T","HLA-B","CD8A",0.324524208451108,3,"HLA-B_CD8A","HLA-B - CD8A","MHC-I","Cell-Cell Contact","KEGG: hsa04514","Macrophages -> NK T (PBMC_Early)",0.0458933883713475,"Macrophages -> NK T","PBMC_Early"
"Megakaryocytes","NK T","HLA-B","CD8A",0.35296072619761,3,"HLA-B_CD8A","HLA-B - CD8A","MHC-I","Cell-Cell Contact","KEGG: hsa04514","Megakaryocytes -> NK T (PBMC_Early)",0.0588257025633421,"Megakaryocytes -> NK T","PBMC_Early"
"MEMP","NK T","HLA-B","CD8A",0.223125257107258,3,"HLA-B_CD8A","HLA-B - CD8A","MHC-I","Cell-Cell Contact","KEGG: hsa04514","MEMP -> NK T (PBMC_Early)",0.011313172177491,"MEMP -> NK T","PBMC_Early"
"MEP","NK T","HLA-B","CD8A",0.254268523648294,3,"HLA-B_CD8A","HLA-B - CD8A","MHC-I","Cell-Cell Contact","KEGG: hsa04514","MEP -> NK T (PBMC_Early)",0.0195877649558296,"MEP -> NK T","PBMC_Early"
"Myeloid-CD177","NK T","HLA-B","CD8A",0.291372291970409,3,"HLA-B_CD8A","HLA-B - CD8A","MHC-I","Cell-Cell Contact","KEGG: hsa04514","Myeloid-CD177 -> NK T (PBMC_Early)",0.032321089722827,"Myeloid-CD177 -> NK T","PBMC_Early"
"Naïve CD4 T","NK T","HLA-B","CD8A",0.350824392245457,3,"HLA-B_CD8A","HLA-B - CD8A","MHC-I","Cell-Cell Contact","KEGG: hsa04514","Naïve CD4 T -> NK T (PBMC_Early)",0.0578195145372284,"Naïve CD4 T -> NK T","PBMC_Early"
"Naïve CD8 T","NK T","HLA-B","CD8A",0.352301080778401,3,"HLA-B_CD8A","HLA-B - CD8A","MHC-I","Cell-Cell Contact","KEGG: hsa04514","Naïve CD8 T -> NK T (PBMC_Early)",0.0585144693782375,"Naïve CD8 T -> NK T","PBMC_Early"
"NK T","NK T","HLA-B","CD8A",0.368511006401017,3,"HLA-B_CD8A","HLA-B - CD8A","MHC-I","Cell-Cell Contact","KEGG: hsa04514","NK T -> NK T (PBMC_Early)",0.0662961697184451,"NK T -> NK T","PBMC_Early"
"Others","NK T","HLA-B","CD8A",0.324756204966307,3,"HLA-B_CD8A","HLA-B - CD8A","MHC-I","Cell-Cell Contact","KEGG: hsa04514","Others -> NK T (PBMC_Early)",0.0459945242191035,"Others -> NK T","PBMC_Early"
"pDC","NK T","HLA-B","CD8A",0.324779587222169,3,"HLA-B_CD8A","HLA-B - CD8A","MHC-I","Cell-Cell Contact","KEGG: hsa04514","pDC -> NK T (PBMC_Early)",0.0460047217374578,"pDC -> NK T","PBMC_Early"
"Pro-B","NK T","HLA-B","CD8A",0.331196406675836,3,"HLA-B_CD8A","HLA-B - CD8A","MHC-I","Cell-Cell Contact","KEGG: hsa04514","Pro-B -> NK T (PBMC_Early)",0.048832635483792,"Pro-B -> NK T","PBMC_Early"
"Small pre-B","NK T","HLA-B","CD8A",0.343809141015632,3,"HLA-B_CD8A","HLA-B - CD8A","MHC-I","Cell-Cell Contact","KEGG: hsa04514","NA",0.0545525677666485,"Small pre-B -> NK T","PBMC_Early"
"Tem","NK T","HLA-B","CD8A",0.365359863919887,3,"HLA-B_CD8A","HLA-B - CD8A","MHC-I","Cell-Cell Contact","KEGG: hsa04514","Tem -> NK T (PBMC_Early)",0.064762566900055,"Tem -> NK T","PBMC_Early"
"Th17like_INNATE_T","NK T","HLA-B","CD8A",0.363491114480904,3,"HLA-B_CD8A","HLA-B - CD8A","MHC-I","Cell-Cell Contact","KEGG: hsa04514","Th17like_INNATE_T -> NK T (PBMC_Early)",0.0638576503799024,"Th17like_INNATE_T -> NK T","PBMC_Early"
"Treg","NK T","HLA-B","CD8A",0.36062216730076,3,"HLA-B_CD8A","HLA-B - CD8A","MHC-I","Cell-Cell Contact","KEGG: hsa04514","Treg -> NK T (PBMC_Early)",0.0624752133953568,"Treg -> NK T","PBMC_Early"
"abTentry","Naïve CD8 T","HLA-B","CD8A",0.450028463780792,3,"HLA-B_CD8A","HLA-B - CD8A","MHC-I","Cell-Cell Contact","KEGG: hsa04514","abTentry -> Naïve CD8 T (PBMC_Late)",0.108383255742052,"abTentry -> Naïve CD8 T","PBMC_Late"
"CD14+PPBP+ Monocytes","Naïve CD8 T","HLA-B","CD8A",0.567772664544085,3,"HLA-B_CD8A","HLA-B - CD8A","MHC-I","Cell-Cell Contact","KEGG: hsa04514","CD14+PPBP+ Monocytes -> Naïve CD8 T (PBMC_Late)",0.171826796327169,"CD14+PPBP+ Monocytes -> Naïve CD8 T","PBMC_Late"
"CD56highCD16low NK","Naïve CD8 T","HLA-B","CD8A",0.472168724616458,3,"HLA-B_CD8A","HLA-B - CD8A","MHC-I","Cell-Cell Contact","KEGG: hsa04514","CD56highCD16low NK -> Naïve CD8 T (PBMC_Late)",0.120285524423468,"CD56highCD16low NK -> Naïve CD8 T","PBMC_Late"
"Classical Monocytes","Naïve CD8 T","HLA-B","CD8A",0.555556918198091,3,"HLA-B_CD8A","HLA-B - CD8A","MHC-I","Cell-Cell Contact","KEGG: hsa04514","Classical Monocytes -> Naïve CD8 T (PBMC_Late)",0.165299618009687,"Classical Monocytes -> Naïve CD8 T","PBMC_Late"
"CX3CR1+ NK","Naïve CD8 T","HLA-B","CD8A",0.618297994014296,3,"HLA-B_CD8A","HLA-B - CD8A","MHC-I","Cell-Cell Contact","KEGG: hsa04514","CX3CR1+ NK -> Naïve CD8 T (PBMC_Late)",0.198425193442248,"CX3CR1+ NK -> Naïve CD8 T","PBMC_Late"
"CXCR5- Naïve B","Naïve CD8 T","HLA-B","CD8A",0.585099741375987,3,"HLA-B_CD8A","HLA-B - CD8A","MHC-I","Cell-Cell Contact","KEGG: hsa04514","CXCR5- Naïve B -> Naïve CD8 T (PBMC_Late)",0.181026778820024,"CXCR5- Naïve B -> Naïve CD8 T","PBMC_Late"
"CXCR5+ Naïve B","Naïve CD8 T","HLA-B","CD8A",0.562702774330729,3,"HLA-B_CD8A","HLA-B - CD8A","MHC-I","Cell-Cell Contact","KEGG: hsa04514","CXCR5+ Naïve B -> Naïve CD8 T (PBMC_Late)",0.169121626123944,"CXCR5+ Naïve B -> Naïve CD8 T","PBMC_Late"
"CXCR6+ NK","Naïve CD8 T","HLA-B","CD8A",0.607513690086615,3,"HLA-B_CD8A","HLA-B - CD8A","MHC-I","Cell-Cell Contact","KEGG: hsa04514","CXCR6+ NK -> Naïve CD8 T (PBMC_Late)",0.192809342512566,"CXCR6+ NK -> Naïve CD8 T","PBMC_Late"
"Cycling Treg","Naïve CD8 T","HLA-B","CD8A",0.438911746902127,3,"HLA-B_CD8A","HLA-B - CD8A","MHC-I","Cell-Cell Contact","KEGG: hsa04514","Cycling Treg -> Naïve CD8 T (PBMC_Late)",0.102451849472761,"Cycling Treg -> Naïve CD8 T","PBMC_Late"
"DC1","Naïve CD8 T","HLA-B","CD8A",0.588270503297273,3,"HLA-B_CD8A","HLA-B - CD8A","MHC-I","Cell-Cell Contact","KEGG: hsa04514","DC1 -> Naïve CD8 T (PBMC_Late)",0.18270211276179,"DC1 -> Naïve CD8 T","PBMC_Late"
"DC2","Naïve CD8 T","HLA-B","CD8A",0.54413388967488,3,"HLA-B_CD8A","HLA-B - CD8A","MHC-I","Cell-Cell Contact","KEGG: hsa04514","DC2 -> Naïve CD8 T (PBMC_Late)",0.159169918489573,"DC2 -> Naïve CD8 T","PBMC_Late"
"DNQ T","Naïve CD8 T","HLA-B","CD8A",0.286401607346222,3,"HLA-B_CD8A","HLA-B - CD8A","MHC-I","Cell-Cell Contact","KEGG: hsa04514","DNQ T -> Naïve CD8 T (PBMC_Late)",0.0304520940820492,"DNQ T -> Naïve CD8 T","PBMC_Late"
"Endothelial cells","Naïve CD8 T","HLA-B","CD8A",0.558690347441325,3,"HLA-B_CD8A","HLA-B - CD8A","MHC-I","Cell-Cell Contact","KEGG: hsa04514","Endothelial cells -> Naïve CD8 T (PBMC_Late)",0.166976822550365,"Endothelial cells -> Naïve CD8 T","PBMC_Late"
"Gamma Delta V1 T","Naïve CD8 T","HLA-B","CD8A",0.581233315544461,3,"HLA-B_CD8A","HLA-B - CD8A","MHC-I","Cell-Cell Contact","KEGG: hsa04514","Gamma Delta V1 T -> Naïve CD8 T (PBMC_Late)",0.17898030754174,"Gamma Delta V1 T -> Naïve CD8 T","PBMC_Late"
"Gamma Delta V2 T","Naïve CD8 T","HLA-B","CD8A",0.585414431660264,3,"HLA-B_CD8A","HLA-B - CD8A","MHC-I","Cell-Cell Contact","KEGG: hsa04514","Gamma Delta V2 T -> Naïve CD8 T (PBMC_Late)",0.181193170782406,"Gamma Delta V2 T -> Naïve CD8 T","PBMC_Late"
"GNG4 +CD8aa+T","Naïve CD8 T","HLA-B","CD8A",0.307515984858241,3,"HLA-B_CD8A","HLA-B - CD8A","MHC-I","Cell-Cell Contact","KEGG: hsa04514","GNG4 +CD8aa+T -> Naïve CD8 T (PBMC_Late)",0.0387020202371213,"GNG4 +CD8aa+T -> Naïve CD8 T","PBMC_Late"
"HSC_MPP","Naïve CD8 T","HLA-B","CD8A",0.459457184318696,3,"HLA-B_CD8A","HLA-B - CD8A","MHC-I","Cell-Cell Contact","KEGG: hsa04514","HSC_MPP -> Naïve CD8 T (PBMC_Late)",0.113439983042168,"HSC_MPP -> Naïve CD8 T","PBMC_Late"
"ILC2/3","Naïve CD8 T","HLA-B","CD8A",0.57066971414992,3,"HLA-B_CD8A","HLA-B - CD8A","MHC-I","Cell-Cell Contact","KEGG: hsa04514","ILC2/3 -> Naïve CD8 T (PBMC_Late)",0.173370025865305,"ILC2/3 -> Naïve CD8 T","PBMC_Late"
"Large pre-B","Naïve CD8 T","HLA-B","CD8A",0.473936787865954,3,"HLA-B_CD8A","HLA-B - CD8A","MHC-I","Cell-Cell Contact","KEGG: hsa04514","Large pre-B -> Naïve CD8 T (PBMC_Late)",0.121239660523385,"Large pre-B -> Naïve CD8 T","PBMC_Late"
"Macrophages","Naïve CD8 T","HLA-B","CD8A",0.39613214489042,3,"HLA-B_CD8A","HLA-B - CD8A","MHC-I","Cell-Cell Contact","KEGG: hsa04514","Macrophages -> Naïve CD8 T (PBMC_Late)",0.0801055505890573,"Macrophages -> Naïve CD8 T","PBMC_Late"
"Megakaryocytes","Naïve CD8 T","HLA-B","CD8A",0.579475599925837,3,"HLA-B_CD8A","HLA-B - CD8A","MHC-I","Cell-Cell Contact","KEGG: hsa04514","Megakaryocytes -> Naïve CD8 T (PBMC_Late)",0.178048694685098,"Megakaryocytes -> Naïve CD8 T","PBMC_Late"
"MEMP","Naïve CD8 T","HLA-B","CD8A",0.383822564814601,3,"HLA-B_CD8A","HLA-B - CD8A","MHC-I","Cell-Cell Contact","KEGG: hsa04514","MEMP -> Naïve CD8 T (PBMC_Late)",0.0738757587707173,"MEMP -> Naïve CD8 T","PBMC_Late"
"MEP","Naïve CD8 T","HLA-B","CD8A",0.415843268709171,3,"HLA-B_CD8A","HLA-B - CD8A","MHC-I","Cell-Cell Contact","KEGG: hsa04514","MEP -> Naïve CD8 T (PBMC_Late)",0.0902878694895622,"MEP -> Naïve CD8 T","PBMC_Late"
"Myeloid-CD177","Naïve CD8 T","HLA-B","CD8A",0.302825777350906,3,"HLA-B_CD8A","HLA-B - CD8A","MHC-I","Cell-Cell Contact","KEGG: hsa04514","Myeloid-CD177 -> Naïve CD8 T (PBMC_Late)",0.0368010541463701,"Myeloid-CD177 -> Naïve CD8 T","PBMC_Late"
"Naïve CD4 T","Naïve CD8 T","HLA-B","CD8A",0.56036664794025,3,"HLA-B_CD8A","HLA-B - CD8A","MHC-I","Cell-Cell Contact","KEGG: hsa04514","Naïve CD4 T -> Naïve CD8 T (PBMC_Late)",0.167873276170486,"Naïve CD4 T -> Naïve CD8 T","PBMC_Late"
"Naïve CD8 T","Naïve CD8 T","HLA-B","CD8A",0.572608413202171,3,"HLA-B_CD8A","HLA-B - CD8A","MHC-I","Cell-Cell Contact","KEGG: hsa04514","Naïve CD8 T -> Naïve CD8 T (PBMC_Late)",0.17440167214095,"Naïve CD8 T -> Naïve CD8 T","PBMC_Late"
"NK T","Naïve CD8 T","HLA-B","CD8A",0.59476568470678,3,"HLA-B_CD8A","HLA-B - CD8A","MHC-I","Cell-Cell Contact","KEGG: hsa04514","NK T -> Naïve CD8 T (PBMC_Late)",0.186125446226987,"NK T -> Naïve CD8 T","PBMC_Late"
"Others","Naïve CD8 T","HLA-B","CD8A",0.579102513551171,3,"HLA-B_CD8A","HLA-B - CD8A","MHC-I","Cell-Cell Contact","KEGG: hsa04514","Others -> Naïve CD8 T (PBMC_Late)",0.177850853738426,"Others -> Naïve CD8 T","PBMC_Late"
"pDC","Naïve CD8 T","HLA-B","CD8A",0.536748459705209,3,"HLA-B_CD8A","HLA-B - CD8A","MHC-I","Cell-Cell Contact","KEGG: hsa04514","pDC -> Naïve CD8 T (PBMC_Late)",0.155195434601352,"pDC -> Naïve CD8 T","PBMC_Late"
"Pro-B","Naïve CD8 T","HLA-B","CD8A",0.539624049100524,3,"HLA-B_CD8A","HLA-B - CD8A","MHC-I","Cell-Cell Contact","KEGG: hsa04514","Pro-B -> Naïve CD8 T (PBMC_Late)",0.156743899438997,"Pro-B -> Naïve CD8 T","PBMC_Late"
"Tem","Naïve CD8 T","HLA-B","CD8A",0.582077861197301,3,"HLA-B_CD8A","HLA-B - CD8A","MHC-I","Cell-Cell Contact","KEGG: hsa04514","Tem -> Naïve CD8 T (PBMC_Late)",0.179427648816043,"Tem -> Naïve CD8 T","PBMC_Late"
"Th17like_INNATE_T","Naïve CD8 T","HLA-B","CD8A",0.58577579294962,3,"HLA-B_CD8A","HLA-B - CD8A","MHC-I","Cell-Cell Contact","KEGG: hsa04514","Th17like_INNATE_T -> Naïve CD8 T (PBMC_Late)",0.181384207765447,"Th17like_INNATE_T -> Naïve CD8 T","PBMC_Late"
"Treg","Naïve CD8 T","HLA-B","CD8A",0.583482304629615,3,"HLA-B_CD8A","HLA-B - CD8A","MHC-I","Cell-Cell Contact","KEGG: hsa04514","Treg -> Naïve CD8 T (PBMC_Late)",0.180171152459513,"Treg -> Naïve CD8 T","PBMC_Late"
"abTentry","NK T","HLA-B","CD8A",0.406445899548114,3,"HLA-B_CD8A","HLA-B - CD8A","MHC-I","Cell-Cell Contact","KEGG: hsa04514","abTentry -> NK T (PBMC_Late)",0.0854048793419872,"abTentry -> NK T","PBMC_Late"
"CD14+PPBP+ Monocytes","NK T","HLA-B","CD8A",0.50394640288967,3,"HLA-B_CD8A","HLA-B - CD8A","MHC-I","Cell-Cell Contact","KEGG: hsa04514","CD14+PPBP+ Monocytes -> NK T (PBMC_Late)",0.13747158943416,"CD14+PPBP+ Monocytes -> NK T","PBMC_Late"
"CD56highCD16low NK","NK T","HLA-B","CD8A",0.42493100634748,3,"HLA-B_CD8A","HLA-B - CD8A","MHC-I","Cell-Cell Contact","KEGG: hsa04514","CD56highCD16low NK -> NK T (PBMC_Late)",0.0950527564690429,"CD56highCD16low NK -> NK T","PBMC_Late"
"Classical Monocytes","NK T","HLA-B","CD8A",0.493915001665003,3,"HLA-B_CD8A","HLA-B - CD8A","MHC-I","Cell-Cell Contact","KEGG: hsa04514","Classical Monocytes -> NK T (PBMC_Late)",0.132041387964062,"Classical Monocytes -> NK T","PBMC_Late"
"CX3CR1+ NK","NK T","HLA-B","CD8A",0.545265008891058,3,"HLA-B_CD8A","HLA-B - CD8A","MHC-I","Cell-Cell Contact","KEGG: hsa04514","CX3CR1+ NK -> NK T (PBMC_Late)",0.159777891189985,"CX3CR1+ NK -> NK T","PBMC_Late"
"CXCR5- Naïve B","NK T","HLA-B","CD8A",0.518146409537683,3,"HLA-B_CD8A","HLA-B - CD8A","MHC-I","Cell-Cell Contact","KEGG: hsa04514","CXCR5- Naïve B -> NK T (PBMC_Late)",0.145154521262888,"CXCR5- Naïve B -> NK T","PBMC_Late"
"CXCR5+ Naïve B","NK T","HLA-B","CD8A",0.499785162470162,3,"HLA-B_CD8A","HLA-B - CD8A","MHC-I","Cell-Cell Contact","KEGG: hsa04514","CXCR5+ Naïve B -> NK T (PBMC_Late)",0.135218982851971,"CXCR5+ Naïve B -> NK T","PBMC_Late"
"CXCR6+ NK","NK T","HLA-B","CD8A",0.536467858142909,3,"HLA-B_CD8A","HLA-B - CD8A","MHC-I","Cell-Cell Contact","KEGG: hsa04514","CXCR6+ NK -> NK T (PBMC_Late)",0.155044272499236,"CXCR6+ NK -> NK T","PBMC_Late"
"Cycling Treg","NK T","HLA-B","CD8A",0.397133945427027,3,"HLA-B_CD8A","HLA-B - CD8A","MHC-I","Cell-Cell Contact","KEGG: hsa04514","Cycling Treg -> NK T (PBMC_Late)",0.0806172916967593,"Cycling Treg -> NK T","PBMC_Late"
"DC1","NK T","HLA-B","CD8A",0.520741407866575,3,"HLA-B_CD8A","HLA-B - CD8A","MHC-I","Cell-Cell Contact","KEGG: hsa04514","DC1 -> NK T (PBMC_Late)",0.146557280486434,"DC1 -> NK T","PBMC_Late"
"DC2","NK T","HLA-B","CD8A",0.484518732336845,3,"HLA-B_CD8A","HLA-B - CD8A","MHC-I","Cell-Cell Contact","KEGG: hsa04514","DC2 -> NK T (PBMC_Late)",0.126957398847711,"DC2 -> NK T","PBMC_Late"
"DNQ T","NK T","HLA-B","CD8A",0.266792456323583,3,"HLA-B_CD8A","HLA-B - CD8A","MHC-I","Cell-Cell Contact","KEGG: hsa04514","DNQ T -> NK T (PBMC_Late)",0.0235593639645559,"DNQ T -> NK T","PBMC_Late"
"Endothelial cells","NK T","HLA-B","CD8A",0.496489773492566,3,"HLA-B_CD8A","HLA-B - CD8A","MHC-I","Cell-Cell Contact","KEGG: hsa04514","Endothelial cells -> NK T (PBMC_Late)",0.133435084681001,"Endothelial cells -> NK T","PBMC_Late"
"Gamma Delta V1 T","NK T","HLA-B","CD8A",0.514980613991976,3,"HLA-B_CD8A","HLA-B - CD8A","MHC-I","Cell-Cell Contact","KEGG: hsa04514","Gamma Delta V1 T -> NK T (PBMC_Late)",0.143442550591108,"Gamma Delta V1 T -> NK T","PBMC_Late"
"Gamma Delta V2 T","NK T","HLA-B","CD8A",0.518404004582084,3,"HLA-B_CD8A","HLA-B - CD8A","MHC-I","Cell-Cell Contact","KEGG: hsa04514","Gamma Delta V2 T -> NK T (PBMC_Late)",0.145293790594301,"Gamma Delta V2 T -> NK T","PBMC_Late"
"GNG4 +CD8aa+T","NK T","HLA-B","CD8A",0.285179205781595,3,"HLA-B_CD8A","HLA-B - CD8A","MHC-I","Cell-Cell Contact","KEGG: hsa04514","GNG4 +CD8aa+T -> NK T (PBMC_Late)",0.0299997260876843,"GNG4 +CD8aa+T -> NK T","PBMC_Late"
"HSC_MPP","NK T","HLA-B","CD8A",0.414327680041587,3,"HLA-B_CD8A","HLA-B - CD8A","MHC-I","Cell-Cell Contact","KEGG: hsa04514","HSC_MPP -> NK T (PBMC_Late)",0.0894971391467078,"HSC_MPP -> NK T","PBMC_Late"
"ILC2/3","NK T","HLA-B","CD8A",0.506322923565311,3,"HLA-B_CD8A","HLA-B - CD8A","MHC-I","Cell-Cell Contact","KEGG: hsa04514","ILC2/3 -> NK T (PBMC_Late)",0.138757961674602,"ILC2/3 -> NK T","PBMC_Late"
"Large pre-B","NK T","HLA-B","CD8A",0.426403829306803,3,"HLA-B_CD8A","HLA-B - CD8A","MHC-I","Cell-Cell Contact","KEGG: hsa04514","Large pre-B -> NK T (PBMC_Late)",0.0958285426204274,"Large pre-B -> NK T","PBMC_Late"
"Macrophages","NK T","HLA-B","CD8A",0.361091400530773,3,"HLA-B_CD8A","HLA-B - CD8A","MHC-I","Cell-Cell Contact","KEGG: hsa04514","Macrophages -> NK T (PBMC_Late)",0.0627007461680143,"Macrophages -> NK T","PBMC_Late"
"Megakaryocytes","NK T","HLA-B","CD8A",0.513540878140912,3,"HLA-B_CD8A","HLA-B - CD8A","MHC-I","Cell-Cell Contact","KEGG: hsa04514","Megakaryocytes -> NK T (PBMC_Late)",0.142663773248208,"Megakaryocytes -> NK T","PBMC_Late"
"MEMP","NK T","HLA-B","CD8A",0.350654166056777,3,"HLA-B_CD8A","HLA-B - CD8A","MHC-I","Cell-Cell Contact","KEGG: hsa04514","MEMP -> NK T (PBMC_Late)",0.0577395621217272,"MEMP -> NK T","PBMC_Late"
"MEP","NK T","HLA-B","CD8A",0.377741068861392,3,"HLA-B_CD8A","HLA-B - CD8A","MHC-I","Cell-Cell Contact","KEGG: hsa04514","MEP -> NK T (PBMC_Late)",0.0708410910213424,"MEP -> NK T","PBMC_Late"
"Myeloid-CD177","NK T","HLA-B","CD8A",0.281106003503755,3,"HLA-B_CD8A","HLA-B - CD8A","MHC-I","Cell-Cell Contact","KEGG: hsa04514","Myeloid-CD177 -> NK T (PBMC_Late)",0.0285135208560563,"Myeloid-CD177 -> NK T","PBMC_Late"
"Naïve CD4 T","NK T","HLA-B","CD8A",0.497866738068019,3,"HLA-B_CD8A","HLA-B - CD8A","MHC-I","Cell-Cell Contact","KEGG: hsa04514","Naïve CD4 T -> NK T (PBMC_Late)",0.13418046784262,"Naïve CD4 T -> NK T","PBMC_Late"
"Naïve CD8 T","NK T","HLA-B","CD8A",0.507912760894749,3,"HLA-B_CD8A","HLA-B - CD8A","MHC-I","Cell-Cell Contact","KEGG: hsa04514","Naïve CD8 T -> NK T (PBMC_Late)",0.139618434192708,"Naïve CD8 T -> NK T","PBMC_Late"
"NK T","NK T","HLA-B","CD8A",0.526053848254063,3,"HLA-B_CD8A","HLA-B - CD8A","MHC-I","Cell-Cell Contact","KEGG: hsa04514","NK T -> NK T (PBMC_Late)",0.149427182460212,"NK T -> NK T","PBMC_Late"
"Others","NK T","HLA-B","CD8A",0.513235241814542,3,"HLA-B_CD8A","HLA-B - CD8A","MHC-I","Cell-Cell Contact","KEGG: hsa04514","Others -> NK T (PBMC_Late)",0.142498434210662,"Others -> NK T","PBMC_Late"
"pDC","NK T","HLA-B","CD8A",0.478435258708382,3,"HLA-B_CD8A","HLA-B - CD8A","MHC-I","Cell-Cell Contact","KEGG: hsa04514","pDC -> NK T (PBMC_Late)",0.123668960491216,"pDC -> NK T","PBMC_Late"
"Pro-B","NK T","HLA-B","CD8A",0.480804718499211,3,"HLA-B_CD8A","HLA-B - CD8A","MHC-I","Cell-Cell Contact","KEGG: hsa04514","Pro-B -> NK T (PBMC_Late)",0.124949393304743,"Pro-B -> NK T","PBMC_Late"
"Tem","NK T","HLA-B","CD8A",0.515672257976939,3,"HLA-B_CD8A","HLA-B - CD8A","MHC-I","Cell-Cell Contact","KEGG: hsa04514","Tem -> NK T (PBMC_Late)",0.143816628127253,"Tem -> NK T","PBMC_Late"
"Th17like_INNATE_T","NK T","HLA-B","CD8A",0.518699789919134,3,"HLA-B_CD8A","HLA-B - CD8A","MHC-I","Cell-Cell Contact","KEGG: hsa04514","Th17like_INNATE_T -> NK T (PBMC_Late)",0.145453701527979,"Th17like_INNATE_T -> NK T","PBMC_Late"
"Treg","NK T","HLA-B","CD8A",0.516822262095941,3,"HLA-B_CD8A","HLA-B - CD8A","MHC-I","Cell-Cell Contact","KEGG: hsa04514","Treg -> NK T (PBMC_Late)",0.144438542870795,"Treg -> NK T","PBMC_Late"
"abTentry","Naïve CD8 T","HLA-B","CD8B",0.594524805349794,3,"HLA-B_CD8B","HLA-B - CD8B","MHC-I","Cell-Cell Contact","KEGG: hsa04514","abTentry -> Naïve CD8 T (PBMC_Early)",0.185998698103991,"abTentry -> Naïve CD8 T","PBMC_Early"
"CD14+PPBP+ Monocytes","Naïve CD8 T","HLA-B","CD8B",0.651419937386931,3,"HLA-B_CD8B","HLA-B - CD8B","MHC-I","Cell-Cell Contact","KEGG: hsa04514","CD14+PPBP+ Monocytes -> Naïve CD8 T (PBMC_Early)",0.215432409071061,"CD14+PPBP+ Monocytes -> Naïve CD8 T","PBMC_Early"
"CD56highCD16low NK","Naïve CD8 T","HLA-B","CD8B",0.550079697802899,3,"HLA-B_CD8B","HLA-B - CD8B","MHC-I","Cell-Cell Contact","KEGG: hsa04514","CD56highCD16low NK -> Naïve CD8 T (PBMC_Early)",0.162363376225113,"CD56highCD16low NK -> Naïve CD8 T","PBMC_Early"
"Classical Monocytes","Naïve CD8 T","HLA-B","CD8B",0.645238803796154,3,"HLA-B_CD8B","HLA-B - CD8B","MHC-I","Cell-Cell Contact","KEGG: hsa04514","Classical Monocytes -> Naïve CD8 T (PBMC_Early)",0.212287498874854,"Classical Monocytes -> Naïve CD8 T","PBMC_Early"
"CX3CR1+ NK","Naïve CD8 T","HLA-B","CD8B",0.746430322213347,3,"HLA-B_CD8B","HLA-B - CD8B","MHC-I","Cell-Cell Contact","KEGG: hsa04514","CX3CR1+ NK -> Naïve CD8 T (PBMC_Early)",0.26192167342635,"CX3CR1+ NK -> Naïve CD8 T","PBMC_Early"
"CXCR5- Naïve B","Naïve CD8 T","HLA-B","CD8B",0.708124659723209,3,"HLA-B_CD8B","HLA-B - CD8B","MHC-I","Cell-Cell Contact","KEGG: hsa04514","CXCR5- Naïve B -> Naïve CD8 T (PBMC_Early)",0.243611452292876,"CXCR5- Naïve B -> Naïve CD8 T","PBMC_Early"
"CXCR5+ Naïve B","Naïve CD8 T","HLA-B","CD8B",0.685712815551001,3,"HLA-B_CD8B","HLA-B - CD8B","MHC-I","Cell-Cell Contact","KEGG: hsa04514","CXCR5+ Naïve B -> Naïve CD8 T (PBMC_Early)",0.232622930584262,"CXCR5+ Naïve B -> Naïve CD8 T","PBMC_Early"
"CXCR6+ NK","Naïve CD8 T","HLA-B","CD8B",0.714491080653779,3,"HLA-B_CD8B","HLA-B - CD8B","MHC-I","Cell-Cell Contact","KEGG: hsa04514","CXCR6+ NK -> Naïve CD8 T (PBMC_Early)",0.246696215116275,"CXCR6+ NK -> Naïve CD8 T","PBMC_Early"
"Cycling Treg","Naïve CD8 T","HLA-B","CD8B",0.627028885420672,3,"HLA-B_CD8B","HLA-B - CD8B","MHC-I","Cell-Cell Contact","KEGG: hsa04514","Cycling Treg -> Naïve CD8 T (PBMC_Early)",0.202944475015986,"Cycling Treg -> Naïve CD8 T","PBMC_Early"
"DC1","Naïve CD8 T","HLA-B","CD8B",0.636104642310371,3,"HLA-B_CD8B","HLA-B - CD8B","MHC-I","Cell-Cell Contact","KEGG: hsa04514","DC1 -> Naïve CD8 T (PBMC_Early)",0.207615308805413,"DC1 -> Naïve CD8 T","PBMC_Early"
"DC2","Naïve CD8 T","HLA-B","CD8B",0.624898631692341,3,"HLA-B_CD8B","HLA-B - CD8B","MHC-I","Cell-Cell Contact","KEGG: hsa04514","DC2 -> Naïve CD8 T (PBMC_Early)",0.201844123570007,"DC2 -> Naïve CD8 T","PBMC_Early"
"DNQ T","Naïve CD8 T","HLA-B","CD8B",0.40212959286051,3,"HLA-B_CD8B","HLA-B - CD8B","MHC-I","Cell-Cell Contact","KEGG: hsa04514","DNQ T -> Naïve CD8 T (PBMC_Early)",0.0831789863206794,"DNQ T -> Naïve CD8 T","PBMC_Early"
"DPP T","Naïve CD8 T","HLA-B","CD8B",0.552284019531457,3,"HLA-B_CD8B","HLA-B - CD8B","MHC-I","Cell-Cell Contact","KEGG: hsa04514","NA",0.163545741039355,"DPP T -> Naïve CD8 T","PBMC_Early"
"Endothelial cells","Naïve CD8 T","HLA-B","CD8B",0.69388916801722,3,"HLA-B_CD8B","HLA-B - CD8B","MHC-I","Cell-Cell Contact","KEGG: hsa04514","Endothelial cells -> Naïve CD8 T (PBMC_Early)",0.236654893977213,"Endothelial cells -> Naïve CD8 T","PBMC_Early"
"Gamma Delta V1 T","Naïve CD8 T","HLA-B","CD8B",0.693489759207886,3,"HLA-B_CD8B","HLA-B - CD8B","MHC-I","Cell-Cell Contact","KEGG: hsa04514","Gamma Delta V1 T -> Naïve CD8 T (PBMC_Early)",0.236458547666416,"Gamma Delta V1 T -> Naïve CD8 T","PBMC_Early"
"Gamma Delta V2 T","Naïve CD8 T","HLA-B","CD8B",0.713396848115959,3,"HLA-B_CD8B","HLA-B - CD8B","MHC-I","Cell-Cell Contact","KEGG: hsa04514","Gamma Delta V2 T -> Naïve CD8 T (PBMC_Early)",0.246167187875144,"Gamma Delta V2 T -> Naïve CD8 T","PBMC_Early"
"GNG4 +CD8aa+T","Naïve CD8 T","HLA-B","CD8B",0.638701810995216,3,"HLA-B_CD8B","HLA-B - CD8B","MHC-I","Cell-Cell Contact","KEGG: hsa04514","GNG4 +CD8aa+T -> Naïve CD8 T (PBMC_Early)",0.208946749052102,"GNG4 +CD8aa+T -> Naïve CD8 T","PBMC_Early"
"HSC_MPP","Naïve CD8 T","HLA-B","CD8B",0.463833647080035,3,"HLA-B_CD8B","HLA-B - CD8B","MHC-I","Cell-Cell Contact","KEGG: hsa04514","HSC_MPP -> Naïve CD8 T (PBMC_Early)",0.115793671956737,"HSC_MPP -> Naïve CD8 T","PBMC_Early"
"ILC2/3","Naïve CD8 T","HLA-B","CD8B",0.656143216198226,3,"HLA-B_CD8B","HLA-B - CD8B","MHC-I","Cell-Cell Contact","KEGG: hsa04514","ILC2/3 -> Naïve CD8 T (PBMC_Early)",0.217826257986364,"ILC2/3 -> Naïve CD8 T","PBMC_Early"
"Large pre-B","Naïve CD8 T","HLA-B","CD8B",0.54660656069225,3,"HLA-B_CD8B","HLA-B - CD8B","MHC-I","Cell-Cell Contact","KEGG: hsa04514","Large pre-B -> Naïve CD8 T (PBMC_Early)",0.160498698936022,"Large pre-B -> Naïve CD8 T","PBMC_Early"
"Macrophages","Naïve CD8 T","HLA-B","CD8B",0.601934714893738,3,"HLA-B_CD8B","HLA-B - CD8B","MHC-I","Cell-Cell Contact","KEGG: hsa04514","Macrophages -> Naïve CD8 T (PBMC_Early)",0.189890111968317,"Macrophages -> Naïve CD8 T","PBMC_Early"
"Megakaryocytes","Naïve CD8 T","HLA-B","CD8B",0.687426443438546,3,"HLA-B_CD8B","HLA-B - CD8B","MHC-I","Cell-Cell Contact","KEGG: hsa04514","Megakaryocytes -> Naïve CD8 T (PBMC_Early)",0.233470138865128,"Megakaryocytes -> Naïve CD8 T","PBMC_Early"
"MEMP","Naïve CD8 T","HLA-B","CD8B",0.340027133493885,3,"HLA-B_CD8B","HLA-B - CD8B","MHC-I","Cell-Cell Contact","KEGG: hsa04514","MEMP -> Naïve CD8 T (PBMC_Early)",0.0528159647906584,"MEMP -> Naïve CD8 T","PBMC_Early"
"MEP","Naïve CD8 T","HLA-B","CD8B",0.4128400768349,3,"HLA-B_CD8B","HLA-B - CD8B","MHC-I","Cell-Cell Contact","KEGG: hsa04514","MEP -> Naïve CD8 T (PBMC_Early)",0.0887221719229732,"MEP -> Naïve CD8 T","PBMC_Early"
"Myeloid-CD177","Naïve CD8 T","HLA-B","CD8B",0.508582116545931,3,"HLA-B_CD8B","HLA-B - CD8B","MHC-I","Cell-Cell Contact","KEGG: hsa04514","Myeloid-CD177 -> Naïve CD8 T (PBMC_Early)",0.139980687441726,"Myeloid-CD177 -> Naïve CD8 T","PBMC_Early"
"Naïve CD4 T","Naïve CD8 T","HLA-B","CD8B",0.680839632974239,3,"HLA-B_CD8B","HLA-B - CD8B","MHC-I","Cell-Cell Contact","KEGG: hsa04514","Naïve CD4 T -> Naïve CD8 T (PBMC_Early)",0.23020739491052,"Naïve CD4 T -> Naïve CD8 T","PBMC_Early"
"Naïve CD8 T","Naïve CD8 T","HLA-B","CD8B",0.685389839551695,3,"HLA-B_CD8B","HLA-B - CD8B","MHC-I","Cell-Cell Contact","KEGG: hsa04514","Naïve CD8 T -> Naïve CD8 T (PBMC_Early)",0.232463124383185,"Naïve CD8 T -> Naïve CD8 T","PBMC_Early"
"NK T","Naïve CD8 T","HLA-B","CD8B",0.736138853712726,3,"HLA-B_CD8B","HLA-B - CD8B","MHC-I","Cell-Cell Contact","KEGG: hsa04514","NK T -> Naïve CD8 T (PBMC_Early)",0.257061642415661,"NK T -> Naïve CD8 T","PBMC_Early"
"Others","Naïve CD8 T","HLA-B","CD8B",0.602612573832584,3,"HLA-B_CD8B","HLA-B - CD8B","MHC-I","Cell-Cell Contact","KEGG: hsa04514","Others -> Naïve CD8 T (PBMC_Early)",0.190245301334841,"Others -> Naïve CD8 T","PBMC_Early"
"pDC","Naïve CD8 T","HLA-B","CD8B",0.602680911662107,3,"HLA-B_CD8B","HLA-B - CD8B","MHC-I","Cell-Cell Contact","KEGG: hsa04514","pDC -> Naïve CD8 T (PBMC_Early)",0.190281101938903,"pDC -> Naïve CD8 T","PBMC_Early"
"Pro-B","Naïve CD8 T","HLA-B","CD8B",0.62156143824621,3,"HLA-B_CD8B","HLA-B - CD8B","MHC-I","Cell-Cell Contact","KEGG: hsa04514","Pro-B -> Naïve CD8 T (PBMC_Early)",0.200117333708549,"Pro-B -> Naïve CD8 T","PBMC_Early"
"Small pre-B","Naïve CD8 T","HLA-B","CD8B",0.659393851758235,3,"HLA-B_CD8B","HLA-B - CD8B","MHC-I","Cell-Cell Contact","KEGG: hsa04514","NA",0.219468992825159,"Small pre-B -> Naïve CD8 T","PBMC_Early"
"Tem","Naïve CD8 T","HLA-B","CD8B",0.726160360015707,3,"HLA-B_CD8B","HLA-B - CD8B","MHC-I","Cell-Cell Contact","KEGG: hsa04514","Tem -> Naïve CD8 T (PBMC_Early)",0.252307602520918,"Tem -> Naïve CD8 T","PBMC_Early"
"Th17like_INNATE_T","Naïve CD8 T","HLA-B","CD8B",0.720268195206873,3,"HLA-B_CD8B","HLA-B - CD8B","MHC-I","Cell-Cell Contact","KEGG: hsa04514","Th17like_INNATE_T -> Naïve CD8 T (PBMC_Early)",0.249481196923604,"Th17like_INNATE_T -> Naïve CD8 T","PBMC_Early"
"Treg","Naïve CD8 T","HLA-B","CD8B",0.711259629950113,3,"HLA-B_CD8B","HLA-B - CD8B","MHC-I","Cell-Cell Contact","KEGG: hsa04514","Treg -> Naïve CD8 T (PBMC_Early)",0.245132509505454,"Treg -> Naïve CD8 T","PBMC_Early"
"abTentry","NK T","HLA-B","CD8B",0.305814411003779,3,"HLA-B_CD8B","HLA-B - CD8B","MHC-I","Cell-Cell Contact","KEGG: hsa04514","abTentry -> NK T (PBMC_Early)",0.0380080581506354,"abTentry -> NK T","PBMC_Early"
"CD14+PPBP+ Monocytes","NK T","HLA-B","CD8B",0.323221115499486,3,"HLA-B_CD8B","HLA-B - CD8B","MHC-I","Cell-Cell Contact","KEGG: hsa04514","CD14+PPBP+ Monocytes -> NK T (PBMC_Early)",0.0453267788675989,"CD14+PPBP+ Monocytes -> NK T","PBMC_Early"
"CD56highCD16low NK","NK T","HLA-B","CD8B",0.291655759919421,3,"HLA-B_CD8B","HLA-B - CD8B","MHC-I","Cell-Cell Contact","KEGG: hsa04514","CD56highCD16low NK -> NK T (PBMC_Early)",0.0324290827424261,"CD56highCD16low NK -> NK T","PBMC_Early"
"Classical Monocytes","NK T","HLA-B","CD8B",0.321365355979086,3,"HLA-B_CD8B","HLA-B - CD8B","MHC-I","Cell-Cell Contact","KEGG: hsa04514","Classical Monocytes -> NK T (PBMC_Early)",0.044524169848924,"Classical Monocytes -> NK T","PBMC_Early"
"CX3CR1+ NK","NK T","HLA-B","CD8B",0.350810532436957,3,"HLA-B_CD8B","HLA-B - CD8B","MHC-I","Cell-Cell Contact","KEGG: hsa04514","CX3CR1+ NK -> NK T (PBMC_Early)",0.0578130035804618,"CX3CR1+ NK -> NK T","PBMC_Early"
"CXCR5- Naïve B","NK T","HLA-B","CD8B",0.339886317762729,3,"HLA-B_CD8B","HLA-B - CD8B","MHC-I","Cell-Cell Contact","KEGG: hsa04514","CXCR5- Naïve B -> NK T (PBMC_Early)",0.0527516509298248,"CXCR5- Naïve B -> NK T","PBMC_Early"
"CXCR5+ Naïve B","NK T","HLA-B","CD8B",0.333374065350143,3,"HLA-B_CD8B","HLA-B - CD8B","MHC-I","Cell-Cell Contact","KEGG: hsa04514","CXCR5+ Naïve B -> NK T (PBMC_Early)",0.0498053208322002,"CXCR5+ Naïve B -> NK T","PBMC_Early"
"CXCR6+ NK","NK T","HLA-B","CD8B",0.341719495016348,3,"HLA-B_CD8B","HLA-B - CD8B","MHC-I","Cell-Cell Contact","KEGG: hsa04514","CXCR6+ NK -> NK T (PBMC_Early)",0.0535908575687776,"CXCR6+ NK -> NK T","PBMC_Early"
"Cycling Treg","NK T","HLA-B","CD8B",0.31584980461048,3,"HLA-B_CD8B","HLA-B - CD8B","MHC-I","Cell-Cell Contact","KEGG: hsa04514","Cycling Treg -> NK T (PBMC_Early)",0.0421693427485489,"Cycling Treg -> NK T","PBMC_Early"
"DC1","NK T","HLA-B","CD8B",0.318607906325535,3,"HLA-B_CD8B","HLA-B - CD8B","MHC-I","Cell-Cell Contact","KEGG: hsa04514","DC1 -> NK T (PBMC_Early)",0.0433410930012976,"DC1 -> NK T","PBMC_Early"
"DC2","NK T","HLA-B","CD8B",0.315199729968951,3,"HLA-B_CD8B","HLA-B - CD8B","MHC-I","Cell-Cell Contact","KEGG: hsa04514","DC2 -> NK T (PBMC_Early)",0.0418948843900002,"DC2 -> NK T","PBMC_Early"
"DNQ T","NK T","HLA-B","CD8B",0.23978120569422,3,"HLA-B_CD8B","HLA-B - CD8B","MHC-I","Cell-Cell Contact","KEGG: hsa04514","DNQ T -> NK T (PBMC_Early)",0.015445020196592,"DNQ T -> NK T","PBMC_Early"
"DPP T","NK T","HLA-B","CD8B",0.292370854990032,3,"HLA-B_CD8B","HLA-B - CD8B","MHC-I","Cell-Cell Contact","KEGG: hsa04514","NA",0.0327021792214871,"DPP T -> NK T","PBMC_Early"
"Endothelial cells","NK T","HLA-B","CD8B",0.335760713123543,3,"HLA-B_CD8B","HLA-B - CD8B","MHC-I","Cell-Cell Contact","KEGG: hsa04514","Endothelial cells -> NK T (PBMC_Early)",0.0508786689727533,"Endothelial cells -> NK T","PBMC_Early"
"Gamma Delta V1 T","NK T","HLA-B","CD8B",0.335644420076581,3,"HLA-B_CD8B","HLA-B - CD8B","MHC-I","Cell-Cell Contact","KEGG: hsa04514","Gamma Delta V1 T -> NK T (PBMC_Early)",0.0508261935287327,"Gamma Delta V1 T -> NK T","PBMC_Early"
"Gamma Delta V2 T","NK T","HLA-B","CD8B",0.34140492989763,3,"HLA-B_CD8B","HLA-B - CD8B","MHC-I","Cell-Cell Contact","KEGG: hsa04514","Gamma Delta V2 T -> NK T (PBMC_Early)",0.0534465542366157,"Gamma Delta V2 T -> NK T","PBMC_Early"
"GNG4 +CD8aa+T","NK T","HLA-B","CD8B",0.31939380413493,3,"HLA-B_CD8B","HLA-B - CD8B","MHC-I","Cell-Cell Contact","KEGG: hsa04514","GNG4 +CD8aa+T -> NK T (PBMC_Early)",0.0436771098060617,"GNG4 +CD8aa+T -> NK T","PBMC_Early"
"HSC_MPP","NK T","HLA-B","CD8B",0.262449459861675,3,"HLA-B_CD8B","HLA-B - CD8B","MHC-I","Cell-Cell Contact","KEGG: hsa04514","HSC_MPP -> NK T (PBMC_Early)",0.0221424784595275,"HSC_MPP -> NK T","PBMC_Early"
"ILC2/3","NK T","HLA-B","CD8B",0.324633732252849,3,"HLA-B_CD8B","HLA-B - CD8B","MHC-I","Cell-Cell Contact","KEGG: hsa04514","ILC2/3 -> NK T (PBMC_Early)",0.0459411241110157,"ILC2/3 -> NK T","PBMC_Early"
"Large pre-B","NK T","HLA-B","CD8B",0.290526179519322,3,"HLA-B_CD8B","HLA-B - CD8B","MHC-I","Cell-Cell Contact","KEGG: hsa04514","Large pre-B -> NK T (PBMC_Early)",0.0319996408405798,"Large pre-B -> NK T","PBMC_Early"
"Macrophages","NK T","HLA-B","CD8B",0.308124605894486,3,"HLA-B_CD8B","HLA-B - CD8B","MHC-I","Cell-Cell Contact","KEGG: hsa04514","Macrophages -> NK T (PBMC_Early)",0.0389514119680371,"Macrophages -> NK T","PBMC_Early"
"Megakaryocytes","NK T","HLA-B","CD8B",0.333875317542665,3,"HLA-B_CD8B","HLA-B - CD8B","MHC-I","Cell-Cell Contact","KEGG: hsa04514","Megakaryocytes -> NK T (PBMC_Early)",0.0500301197256819,"Megakaryocytes -> NK T","PBMC_Early"
"MEMP","NK T","HLA-B","CD8B",0.214995463497532,3,"HLA-B_CD8B","HLA-B - CD8B","MHC-I","Cell-Cell Contact","KEGG: hsa04514","MEMP -> NK T (PBMC_Early)",0.00954955299532963,"MEMP -> NK T","PBMC_Early"
"MEP","NK T","HLA-B","CD8B",0.24384189608511,3,"HLA-B_CD8B","HLA-B - CD8B","MHC-I","Cell-Cell Contact","KEGG: hsa04514","MEP -> NK T (PBMC_Early)",0.0165558133420414,"MEP -> NK T","PBMC_Early"
"Myeloid-CD177","NK T","HLA-B","CD8B",0.277917447027578,3,"HLA-B_CD8B","HLA-B - CD8B","MHC-I","Cell-Cell Contact","KEGG: hsa04514","Myeloid-CD177 -> NK T (PBMC_Early)",0.0273732013748162,"Myeloid-CD177 -> NK T","PBMC_Early"
"Naïve CD4 T","NK T","HLA-B","CD8B",0.331945531827183,3,"HLA-B_CD8B","HLA-B - CD8B","MHC-I","Cell-Cell Contact","KEGG: hsa04514","Naïve CD4 T -> NK T (PBMC_Early)",0.0491665171556689,"Naïve CD4 T -> NK T","PBMC_Early"
"Naïve CD8 T","NK T","HLA-B","CD8B",0.333279528961423,3,"HLA-B_CD8B","HLA-B - CD8B","MHC-I","Cell-Cell Contact","KEGG: hsa04514","Naïve CD8 T -> NK T (PBMC_Early)",0.0497629614564359,"Naïve CD8 T -> NK T","PBMC_Early"
"NK T","NK T","HLA-B","CD8B",0.347899984996494,3,"HLA-B_CD8B","HLA-B - CD8B","MHC-I","Cell-Cell Contact","KEGG: hsa04514","NK T -> NK T (PBMC_Early)",0.0564506024449058,"NK T -> NK T","PBMC_Early"
"Others","NK T","HLA-B","CD8B",0.308335264111107,3,"HLA-B_CD8B","HLA-B - CD8B","MHC-I","Cell-Cell Contact","KEGG: hsa04514","Others -> NK T (PBMC_Early)",0.039037875625833,"Others -> NK T","PBMC_Early"
"pDC","NK T","HLA-B","CD8B",0.308356495200449,3,"HLA-B_CD8B","HLA-B - CD8B","MHC-I","Cell-Cell Contact","KEGG: hsa04514","pDC -> NK T (PBMC_Early)",0.0390465939024883,"pDC -> NK T","PBMC_Early"
"Pro-B","NK T","HLA-B","CD8B",0.314179251192576,3,"HLA-B_CD8B","HLA-B - CD8B","MHC-I","Cell-Cell Contact","KEGG: hsa04514","Pro-B -> NK T (PBMC_Early)",0.0414653816950078,"Pro-B -> NK T","PBMC_Early"
"Small pre-B","NK T","HLA-B","CD8B",0.325603211870754,3,"HLA-B_CD8B","HLA-B - CD8B","MHC-I","Cell-Cell Contact","KEGG: hsa04514","NA",0.0463644269068918,"Small pre-B -> NK T","PBMC_Early"
"Tem","NK T","HLA-B","CD8B",0.345061089072096,3,"HLA-B_CD8B","HLA-B - CD8B","MHC-I","Cell-Cell Contact","KEGG: hsa04514","Tem -> NK T (PBMC_Early)",0.0551313053064625,"Tem -> NK T","PBMC_Early"
"Th17like_INNATE_T","NK T","HLA-B","CD8B",0.343376780674795,3,"HLA-B_CD8B","HLA-B - CD8B","MHC-I","Cell-Cell Contact","KEGG: hsa04514","Th17like_INNATE_T -> NK T (PBMC_Early)",0.0543531436477524,"Th17like_INNATE_T -> NK T","PBMC_Early"
"Treg","NK T","HLA-B","CD8B",0.340789919091647,3,"HLA-B_CD8B","HLA-B - CD8B","MHC-I","Cell-Cell Contact","KEGG: hsa04514","Treg -> NK T (PBMC_Early)",0.0531647817414057,"Treg -> NK T","PBMC_Early"
"abTentry","Naïve CD8 T","HLA-B","CD8B",0.506780275474613,3,"HLA-B_CD8B","HLA-B - CD8B","MHC-I","Cell-Cell Contact","KEGG: hsa04514","abTentry -> Naïve CD8 T (PBMC_Late)",0.139005503285814,"abTentry -> Naïve CD8 T","PBMC_Late"
"CD14+PPBP+ Monocytes","Naïve CD8 T","HLA-B","CD8B",0.652599642902529,3,"HLA-B_CD8B","HLA-B - CD8B","MHC-I","Cell-Cell Contact","KEGG: hsa04514","CD14+PPBP+ Monocytes -> Naïve CD8 T (PBMC_Late)",0.216031068044134,"CD14+PPBP+ Monocytes -> Naïve CD8 T","PBMC_Late"
"CD56highCD16low NK","Naïve CD8 T","HLA-B","CD8B",0.533956541859979,3,"HLA-B_CD8B","HLA-B - CD8B","MHC-I","Cell-Cell Contact","KEGG: hsa04514","CD56highCD16low NK -> Naïve CD8 T (PBMC_Late)",0.153690937918679,"CD56highCD16low NK -> Naïve CD8 T","PBMC_Late"
"Classical Monocytes","Naïve CD8 T","HLA-B","CD8B",0.637336163733788,3,"HLA-B_CD8B","HLA-B - CD8B","MHC-I","Cell-Cell Contact","KEGG: hsa04514","Classical Monocytes -> Naïve CD8 T (PBMC_Late)",0.208246940643462,"Classical Monocytes -> Naïve CD8 T","PBMC_Late"
"CX3CR1+ NK","Naïve CD8 T","HLA-B","CD8B",0.7160060058339,3,"HLA-B_CD8B","HLA-B - CD8B","MHC-I","Cell-Cell Contact","KEGG: hsa04514","CX3CR1+ NK -> Naïve CD8 T (PBMC_Late)",0.247427831434753,"CX3CR1+ NK -> Naïve CD8 T","PBMC_Late"
"CXCR5- Naïve B","Naïve CD8 T","HLA-B","CD8B",0.674295728430058,3,"HLA-B_CD8B","HLA-B - CD8B","MHC-I","Cell-Cell Contact","KEGG: hsa04514","CXCR5- Naïve B -> Naïve CD8 T (PBMC_Late)",0.226949257376043,"CXCR5- Naïve B -> Naïve CD8 T","PBMC_Late"
"CXCR5+ Naïve B","Naïve CD8 T","HLA-B","CD8B",0.646261517241348,3,"HLA-B_CD8B","HLA-B - CD8B","MHC-I","Cell-Cell Contact","KEGG: hsa04514","CXCR5+ Naïve B -> Naïve CD8 T (PBMC_Late)",0.212808792356926,"CXCR5+ Naïve B -> Naïve CD8 T","PBMC_Late"
"CXCR6+ NK","Naïve CD8 T","HLA-B","CD8B",0.702437119575739,3,"HLA-B_CD8B","HLA-B - CD8B","MHC-I","Cell-Cell Contact","KEGG: hsa04514","CXCR6+ NK -> Naïve CD8 T (PBMC_Late)",0.240841805063205,"CXCR6+ NK -> Naïve CD8 T","PBMC_Late"
"Cycling Treg","Naïve CD8 T","HLA-B","CD8B",0.493183922757807,3,"HLA-B_CD8B","HLA-B - CD8B","MHC-I","Cell-Cell Contact","KEGG: hsa04514","Cycling Treg -> Naïve CD8 T (PBMC_Late)",0.13164569196836,"Cycling Treg -> Naïve CD8 T","PBMC_Late"
"DC1","Naïve CD8 T","HLA-B","CD8B",0.678271638320938,3,"HLA-B_CD8B","HLA-B - CD8B","MHC-I","Cell-Cell Contact","KEGG: hsa04514","DC1 -> Naïve CD8 T (PBMC_Late)",0.228930785848549,"DC1 -> Naïve CD8 T","PBMC_Late"
"DC2","Naïve CD8 T","HLA-B","CD8B",0.623088565497147,3,"HLA-B_CD8B","HLA-B - CD8B","MHC-I","Cell-Cell Contact","KEGG: hsa04514","DC2 -> Naïve CD8 T (PBMC_Late)",0.200907980680909,"DC2 -> Naïve CD8 T","PBMC_Late"
"DNQ T","Naïve CD8 T","HLA-B","CD8B",0.310775619082212,3,"HLA-B_CD8B","HLA-B - CD8B","MHC-I","Cell-Cell Contact","KEGG: hsa04514","DNQ T -> Naïve CD8 T (PBMC_Late)",0.0400448326390676,"DNQ T -> Naïve CD8 T","PBMC_Late"
"Endothelial cells","Naïve CD8 T","HLA-B","CD8B",0.641248725716019,3,"HLA-B_CD8B","HLA-B - CD8B","MHC-I","Cell-Cell Contact","KEGG: hsa04514","Endothelial cells -> Naïve CD8 T (PBMC_Late)",0.210250145106593,"Endothelial cells -> Naïve CD8 T","PBMC_Late"
"Gamma Delta V1 T","Naïve CD8 T","HLA-B","CD8B",0.669449833750382,3,"HLA-B_CD8B","HLA-B - CD8B","MHC-I","Cell-Cell Contact","KEGG: hsa04514","Gamma Delta V1 T -> Naïve CD8 T (PBMC_Late)",0.224525967982192,"Gamma Delta V1 T -> Naïve CD8 T","PBMC_Late"
"Gamma Delta V2 T","Naïve CD8 T","HLA-B","CD8B",0.674690251094909,3,"HLA-B_CD8B","HLA-B - CD8B","MHC-I","Cell-Cell Contact","KEGG: hsa04514","Gamma Delta V2 T -> Naïve CD8 T (PBMC_Late)",0.227146152156445,"Gamma Delta V2 T -> Naïve CD8 T","PBMC_Late"
"GNG4 +CD8aa+T","Naïve CD8 T","HLA-B","CD8B",0.335492174793745,3,"HLA-B_CD8B","HLA-B - CD8B","MHC-I","Cell-Cell Contact","KEGG: hsa04514","GNG4 +CD8aa+T -> Naïve CD8 T (PBMC_Late)",0.0507575221050849,"GNG4 +CD8aa+T -> Naïve CD8 T","PBMC_Late"
"HSC_MPP","Naïve CD8 T","HLA-B","CD8B",0.518338142297971,3,"HLA-B_CD8B","HLA-B - CD8B","MHC-I","Cell-Cell Contact","KEGG: hsa04514","HSC_MPP -> Naïve CD8 T (PBMC_Late)",0.14525818246949,"HSC_MPP -> Naïve CD8 T","PBMC_Late"
"ILC2/3","Naïve CD8 T","HLA-B","CD8B",0.656223482644188,3,"HLA-B_CD8B","HLA-B - CD8B","MHC-I","Cell-Cell Contact","KEGG: hsa04514","ILC2/3 -> Naïve CD8 T (PBMC_Late)",0.217866868112136,"ILC2/3 -> Naïve CD8 T","PBMC_Late"
"Large pre-B","Naïve CD8 T","HLA-B","CD8B",0.536132145911079,3,"HLA-B_CD8B","HLA-B - CD8B","MHC-I","Cell-Cell Contact","KEGG: hsa04514","Large pre-B -> Naïve CD8 T (PBMC_Late)",0.15486340776071,"Large pre-B -> Naïve CD8 T","PBMC_Late"
"Macrophages","Naïve CD8 T","HLA-B","CD8B",0.44119545137396,3,"HLA-B_CD8B","HLA-B - CD8B","MHC-I","Cell-Cell Contact","KEGG: hsa04514","Macrophages -> Naïve CD8 T (PBMC_Late)",0.103667237215158,"Macrophages -> Naïve CD8 T","PBMC_Late"
"Megakaryocytes","Naïve CD8 T","HLA-B","CD8B",0.667247695765376,3,"HLA-B_CD8B","HLA-B - CD8B","MHC-I","Cell-Cell Contact","KEGG: hsa04514","Megakaryocytes -> Naïve CD8 T (PBMC_Late)",0.223421798073788,"Megakaryocytes -> Naïve CD8 T","PBMC_Late"
"MEMP","Naïve CD8 T","HLA-B","CD8B",0.426341853389016,3,"HLA-B_CD8B","HLA-B - CD8B","MHC-I","Cell-Cell Contact","KEGG: hsa04514","MEMP -> Naïve CD8 T (PBMC_Late)",0.095795878967001,"MEMP -> Naïve CD8 T","PBMC_Late"
"MEP","Naïve CD8 T","HLA-B","CD8B",0.465081310241485,3,"HLA-B_CD8B","HLA-B - CD8B","MHC-I","Cell-Cell Contact","KEGG: hsa04514","MEP -> Naïve CD8 T (PBMC_Late)",0.116465328983382,"MEP -> Naïve CD8 T","PBMC_Late"
"Myeloid-CD177","Naïve CD8 T","HLA-B","CD8B",0.32998458458631,3,"HLA-B_CD8B","HLA-B - CD8B","MHC-I","Cell-Cell Contact","KEGG: hsa04514","Myeloid-CD177 -> Naïve CD8 T (PBMC_Late)",0.0482941621254196,"Myeloid-CD177 -> Naïve CD8 T","PBMC_Late"
"Naïve CD4 T","Naïve CD8 T","HLA-B","CD8B",0.643342593322252,3,"HLA-B_CD8B","HLA-B - CD8B","MHC-I","Cell-Cell Contact","KEGG: hsa04514","Naïve CD4 T -> Naïve CD8 T (PBMC_Late)",0.211319986267263,"Naïve CD4 T -> Naïve CD8 T","PBMC_Late"
"Naïve CD8 T","Naïve CD8 T","HLA-B","CD8B",0.658649388630076,3,"HLA-B_CD8B","HLA-B - CD8B","MHC-I","Cell-Cell Contact","KEGG: hsa04514","Naïve CD8 T -> Naïve CD8 T (PBMC_Late)",0.219093116466149,"Naïve CD8 T -> Naïve CD8 T","PBMC_Late"
"NK T","Naïve CD8 T","HLA-B","CD8B",0.686421429121384,3,"HLA-B_CD8B","HLA-B - CD8B","MHC-I","Cell-Cell Contact","KEGG: hsa04514","NK T -> Naïve CD8 T (PBMC_Late)",0.232973404613324,"NK T -> Naïve CD8 T","PBMC_Late"
"Others","Naïve CD8 T","HLA-B","CD8B",0.666780347013633,3,"HLA-B_CD8B","HLA-B - CD8B","MHC-I","Cell-Cell Contact","KEGG: hsa04514","Others -> Naïve CD8 T (PBMC_Late)",0.223187230121773,"Others -> Naïve CD8 T","PBMC_Late"
"pDC","Naïve CD8 T","HLA-B","CD8B",0.613890450384779,3,"HLA-B_CD8B","HLA-B - CD8B","MHC-I","Cell-Cell Contact","KEGG: hsa04514","pDC -> Naïve CD8 T (PBMC_Late)",0.196134401544407,"pDC -> Naïve CD8 T","PBMC_Late"
"Pro-B","Naïve CD8 T","HLA-B","CD8B",0.617470543196757,3,"HLA-B_CD8B","HLA-B - CD8B","MHC-I","Cell-Cell Contact","KEGG: hsa04514","Pro-B -> Naïve CD8 T (PBMC_Late)",0.197995603235739,"Pro-B -> Naïve CD8 T","PBMC_Late"
"Tem","Naïve CD8 T","HLA-B","CD8B",0.670508105521383,3,"HLA-B_CD8B","HLA-B - CD8B","MHC-I","Cell-Cell Contact","KEGG: hsa04514","Tem -> Naïve CD8 T (PBMC_Late)",0.225055941015131,"Tem -> Naïve CD8 T","PBMC_Late"
"Th17like_INNATE_T","Naïve CD8 T","HLA-B","CD8B",0.675143305391723,3,"HLA-B_CD8B","HLA-B - CD8B","MHC-I","Cell-Cell Contact","KEGG: hsa04514","Th17like_INNATE_T -> Naïve CD8 T (PBMC_Late)",0.227372184834529,"Th17like_INNATE_T -> Naïve CD8 T","PBMC_Late"
"Treg","Naïve CD8 T","HLA-B","CD8B",0.672268238925195,3,"HLA-B_CD8B","HLA-B - CD8B","MHC-I","Cell-Cell Contact","KEGG: hsa04514","Treg -> Naïve CD8 T (PBMC_Late)",0.225936457789297,"Treg -> Naïve CD8 T","PBMC_Late"
"abTentry","NK T","HLA-B","CD8B",0.384939796637399,3,"HLA-B_CD8B","HLA-B - CD8B","MHC-I","Cell-Cell Contact","KEGG: hsa04514","abTentry -> NK T (PBMC_Late)",0.0744365032096864,"abTentry -> NK T","PBMC_Late"
"CD14+PPBP+ Monocytes","NK T","HLA-B","CD8B",0.472934728678893,3,"HLA-B_CD8B","HLA-B - CD8B","MHC-I","Cell-Cell Contact","KEGG: hsa04514","CD14+PPBP+ Monocytes -> NK T (PBMC_Late)",0.120698848885802,"CD14+PPBP+ Monocytes -> NK T","PBMC_Late"
"CD56highCD16low NK","NK T","HLA-B","CD8B",0.401699298987499,3,"HLA-B_CD8B","HLA-B - CD8B","MHC-I","Cell-Cell Contact","KEGG: hsa04514","CD56highCD16low NK -> NK T (PBMC_Late)",0.0829577107986878,"CD56highCD16low NK -> NK T","PBMC_Late"
"Classical Monocytes","NK T","HLA-B","CD8B",0.463923805886164,3,"HLA-B_CD8B","HLA-B - CD8B","MHC-I","Cell-Cell Contact","KEGG: hsa04514","Classical Monocytes -> NK T (PBMC_Late)",0.115842198019417,"Classical Monocytes -> NK T","PBMC_Late"
"CX3CR1+ NK","NK T","HLA-B","CD8B",0.509962377999398,3,"HLA-B_CD8B","HLA-B - CD8B","MHC-I","Cell-Cell Contact","KEGG: hsa04514","CX3CR1+ NK -> NK T (PBMC_Late)",0.140727628607923,"CX3CR1+ NK -> NK T","PBMC_Late"
"CXCR5- Naïve B","NK T","HLA-B","CD8B",0.48567554757247,3,"HLA-B_CD8B","HLA-B - CD8B","MHC-I","Cell-Cell Contact","KEGG: hsa04514","CXCR5- Naïve B -> NK T (PBMC_Late)",0.127583051264448,"CXCR5- Naïve B -> NK T","PBMC_Late"
"CXCR5+ Naïve B","NK T","HLA-B","CD8B",0.469197865531936,3,"HLA-B_CD8B","HLA-B - CD8B","MHC-I","Cell-Cell Contact","KEGG: hsa04514","CXCR5+ Naïve B -> NK T (PBMC_Late)",0.118683262606801,"CXCR5+ Naïve B -> NK T","PBMC_Late"
"CXCR6+ NK","NK T","HLA-B","CD8B",0.502090095278917,3,"HLA-B_CD8B","HLA-B - CD8B","MHC-I","Cell-Cell Contact","KEGG: hsa04514","CXCR6+ NK -> NK T (PBMC_Late)",0.136466731220005,"CXCR6+ NK -> NK T","PBMC_Late"
"Cycling Treg","NK T","HLA-B","CD8B",0.376481793250662,3,"HLA-B_CD8B","HLA-B - CD8B","MHC-I","Cell-Cell Contact","KEGG: hsa04514","Cycling Treg -> NK T (PBMC_Late)",0.0702165708698872,"Cycling Treg -> NK T","PBMC_Late"
"DC1","NK T","HLA-B","CD8B",0.488002084425813,3,"HLA-B_CD8B","HLA-B - CD8B","MHC-I","Cell-Cell Contact","KEGG: hsa04514","DC1 -> NK T (PBMC_Late)",0.128841594972895,"DC1 -> NK T","PBMC_Late"
"DC2","NK T","HLA-B","CD8B",0.455475338282684,3,"HLA-B_CD8B","HLA-B - CD8B","MHC-I","Cell-Cell Contact","KEGG: hsa04514","DC2 -> NK T (PBMC_Late)",0.111301944387151,"DC2 -> NK T","PBMC_Late"
"DNQ T","NK T","HLA-B","CD8B",0.256783211889268,3,"HLA-B_CD8B","HLA-B - CD8B","MHC-I","Cell-Cell Contact","KEGG: hsa04514","DNQ T -> NK T (PBMC_Late)",0.0203568953590551,"DNQ T -> NK T","PBMC_Late"
"Endothelial cells","NK T","HLA-B","CD8B",0.466237487227112,3,"HLA-B_CD8B","HLA-B - CD8B","MHC-I","Cell-Cell Contact","KEGG: hsa04514","Endothelial cells -> NK T (PBMC_Late)",0.117087977904237,"Endothelial cells -> NK T","PBMC_Late"
"Gamma Delta V1 T","NK T","HLA-B","CD8B",0.482836520243694,3,"HLA-B_CD8B","HLA-B - CD8B","MHC-I","Cell-Cell Contact","KEGG: hsa04514","Gamma Delta V1 T -> NK T (PBMC_Late)",0.126047762968967,"Gamma Delta V1 T -> NK T","PBMC_Late"
"Gamma Delta V2 T","NK T","HLA-B","CD8B",0.485906518002681,3,"HLA-B_CD8B","HLA-B - CD8B","MHC-I","Cell-Cell Contact","KEGG: hsa04514","Gamma Delta V2 T -> NK T (PBMC_Late)",0.12770798017355,"Gamma Delta V2 T -> NK T","PBMC_Late"
"GNG4 +CD8aa+T","NK T","HLA-B","CD8B",0.273839530110863,3,"HLA-B_CD8B","HLA-B - CD8B","MHC-I","Cell-Cell Contact","KEGG: hsa04514","GNG4 +CD8aa+T -> NK T (PBMC_Late)",0.0259450686127082,"GNG4 +CD8aa+T -> NK T","PBMC_Late"
"HSC_MPP","NK T","HLA-B","CD8B",0.3920906540655,3,"HLA-B_CD8B","HLA-B - CD8B","MHC-I","Cell-Cell Contact","KEGG: hsa04514","HSC_MPP -> NK T (PBMC_Late)",0.0780480516920919,"HSC_MPP -> NK T","PBMC_Late"
"ILC2/3","NK T","HLA-B","CD8B",0.475068218268343,3,"HLA-B_CD8B","HLA-B - CD8B","MHC-I","Cell-Cell Contact","KEGG: hsa04514","ILC2/3 -> NK T (PBMC_Late)",0.121850444757603,"ILC2/3 -> NK T","PBMC_Late"
"Large pre-B","NK T","HLA-B","CD8B",0.403032950659651,3,"HLA-B_CD8B","HLA-B - CD8B","MHC-I","Cell-Cell Contact","KEGG: hsa04514","Large pre-B -> NK T (PBMC_Late)",0.0836439057929258,"Large pre-B -> NK T","PBMC_Late"
"Macrophages","NK T","HLA-B","CD8B",0.343640041424317,3,"HLA-B_CD8B","HLA-B - CD8B","MHC-I","Cell-Cell Contact","KEGG: hsa04514","Macrophages -> NK T (PBMC_Late)",0.0544745441972664,"Macrophages -> NK T","PBMC_Late"
"Megakaryocytes","NK T","HLA-B","CD8B",0.481545118836826,3,"HLA-B_CD8B","HLA-B - CD8B","MHC-I","Cell-Cell Contact","KEGG: hsa04514","Megakaryocytes -> NK T (PBMC_Late)",0.125349604881946,"Megakaryocytes -> NK T","PBMC_Late"
"MEMP","NK T","HLA-B","CD8B",0.334096552367445,3,"HLA-B_CD8B","HLA-B - CD8B","MHC-I","Cell-Cell Contact","KEGG: hsa04514","MEMP -> NK T (PBMC_Late)",0.0501294449312946,"MEMP -> NK T","PBMC_Late"
"MEP","NK T","HLA-B","CD8B",0.358832469729251,3,"HLA-B_CD8B","HLA-B - CD8B","MHC-I","Cell-Cell Contact","KEGG: hsa04514","MEP -> NK T (PBMC_Late)",0.0616171024004708,"MEP -> NK T","PBMC_Late"
"Myeloid-CD177","NK T","HLA-B","CD8B",0.270066578515883,3,"HLA-B_CD8B","HLA-B - CD8B","MHC-I","Cell-Cell Contact","KEGG: hsa04514","Myeloid-CD177 -> NK T (PBMC_Late)",0.0246546281066287,"Myeloid-CD177 -> NK T","PBMC_Late"
"Naïve CD4 T","NK T","HLA-B","CD8B",0.467474584164866,3,"HLA-B_CD8B","HLA-B - CD8B","MHC-I","Cell-Cell Contact","KEGG: hsa04514","Naïve CD4 T -> NK T (PBMC_Late)",0.117754453028146,"Naïve CD4 T -> NK T","PBMC_Late"
"Naïve CD8 T","NK T","HLA-B","CD8B",0.476495205750351,3,"HLA-B_CD8B","HLA-B - CD8B","MHC-I","Cell-Cell Contact","KEGG: hsa04514","Naïve CD8 T -> NK T (PBMC_Late)",0.122620997466157,"Naïve CD8 T -> NK T","PBMC_Late"
"NK T","NK T","HLA-B","CD8B",0.492763241229578,3,"HLA-B_CD8B","HLA-B - CD8B","MHC-I","Cell-Cell Contact","KEGG: hsa04514","NK T -> NK T (PBMC_Late)",0.131418005592102,"NK T -> NK T","PBMC_Late"
"Others","NK T","HLA-B","CD8B",0.481270949833924,3,"HLA-B_CD8B","HLA-B - CD8B","MHC-I","Cell-Cell Contact","KEGG: hsa04514","Others -> NK T (PBMC_Late)",0.125201401598657,"Others -> NK T","PBMC_Late"
"pDC","NK T","HLA-B","CD8B",0.45000122282016,3,"HLA-B_CD8B","HLA-B - CD8B","MHC-I","Cell-Cell Contact","KEGG: hsa04514","pDC -> NK T (PBMC_Late)",0.108368677615197,"pDC -> NK T","PBMC_Late"
"Pro-B","NK T","HLA-B","CD8B",0.452133749018088,3,"HLA-B_CD8B","HLA-B - CD8B","MHC-I","Cell-Cell Contact","KEGG: hsa04514","Pro-B -> NK T (PBMC_Late)",0.109510491961542,"Pro-B -> NK T","PBMC_Late"
"Tem","NK T","HLA-B","CD8B",0.483456844090702,3,"HLA-B_CD8B","HLA-B - CD8B","MHC-I","Cell-Cell Contact","KEGG: hsa04514","Tem -> NK T (PBMC_Late)",0.126383170627756,"Tem -> NK T","PBMC_Late"
"Th17like_INNATE_T","NK T","HLA-B","CD8B",0.486171724768739,3,"HLA-B_CD8B","HLA-B - CD8B","MHC-I","Cell-Cell Contact","KEGG: hsa04514","Th17like_INNATE_T -> NK T (PBMC_Late)",0.127851431317519,"Th17like_INNATE_T -> NK T","PBMC_Late"
"Treg","NK T","HLA-B","CD8B",0.484488176393582,3,"HLA-B_CD8B","HLA-B - CD8B","MHC-I","Cell-Cell Contact","KEGG: hsa04514","Treg -> NK T (PBMC_Late)",0.126940874219749,"Treg -> NK T","PBMC_Late"
"abTentry","Naïve CD8 T","HLA-C","CD8A",0.454437456291719,3,"HLA-C_CD8A","HLA-C - CD8A","MHC-I","Cell-Cell Contact","KEGG: hsa04514","abTentry -> Naïve CD8 T (PBMC_Early)",0.110745241649292,"abTentry -> Naïve CD8 T","PBMC_Early"
"CD14+PPBP+ Monocytes","Naïve CD8 T","HLA-C","CD8A",0.549397443562783,3,"HLA-C_CD8A","HLA-C - CD8A","MHC-I","Cell-Cell Contact","KEGG: hsa04514","CD14+PPBP+ Monocytes -> Naïve CD8 T (PBMC_Early)",0.161997249069523,"CD14+PPBP+ Monocytes -> Naïve CD8 T","PBMC_Early"
"CD56highCD16low NK","Naïve CD8 T","HLA-C","CD8A",0.473309683267873,3,"HLA-C_CD8A","HLA-C - CD8A","MHC-I","Cell-Cell Contact","KEGG: hsa04514","CD56highCD16low NK -> Naïve CD8 T (PBMC_Early)",0.120901196921223,"CD56highCD16low NK -> Naïve CD8 T","PBMC_Early"
"Classical Monocytes","Naïve CD8 T","HLA-C","CD8A",0.527524512907053,3,"HLA-C_CD8A","HLA-C - CD8A","MHC-I","Cell-Cell Contact","KEGG: hsa04514","Classical Monocytes -> Naïve CD8 T (PBMC_Early)",0.150221184669115,"Classical Monocytes -> Naïve CD8 T","PBMC_Early"
"CX3CR1+ NK","Naïve CD8 T","HLA-C","CD8A",0.60668287907601,3,"HLA-C_CD8A","HLA-C - CD8A","MHC-I","Cell-Cell Contact","KEGG: hsa04514","CX3CR1+ NK -> Naïve CD8 T (PBMC_Early)",0.192375209195306,"CX3CR1+ NK -> Naïve CD8 T","PBMC_Early"
"CXCR5- Naïve B","Naïve CD8 T","HLA-C","CD8A",0.545370519188597,3,"HLA-C_CD8A","HLA-C - CD8A","MHC-I","Cell-Cell Contact","KEGG: hsa04514","CXCR5- Naïve B -> Naïve CD8 T (PBMC_Early)",0.159834592004065,"CXCR5- Naïve B -> Naïve CD8 T","PBMC_Early"
"CXCR5+ Naïve B","Naïve CD8 T","HLA-C","CD8A",0.525765685043374,3,"HLA-C_CD8A","HLA-C - CD8A","MHC-I","Cell-Cell Contact","KEGG: hsa04514","CXCR5+ Naïve B -> Naïve CD8 T (PBMC_Early)",0.149271578917203,"CXCR5+ Naïve B -> Naïve CD8 T","PBMC_Early"
"CXCR6+ NK","Naïve CD8 T","HLA-C","CD8A",0.594697081628386,3,"HLA-C_CD8A","HLA-C - CD8A","MHC-I","Cell-Cell Contact","KEGG: hsa04514","CXCR6+ NK -> Naïve CD8 T (PBMC_Early)",0.18608934969083,"CXCR6+ NK -> Naïve CD8 T","PBMC_Early"
"Cycling Treg","Naïve CD8 T","HLA-C","CD8A",0.441015658937777,3,"HLA-C_CD8A","HLA-C - CD8A","MHC-I","Cell-Cell Contact","KEGG: hsa04514","Cycling Treg -> Naïve CD8 T (PBMC_Early)",0.103571489753334,"Cycling Treg -> Naïve CD8 T","PBMC_Early"
"DC1","Naïve CD8 T","HLA-C","CD8A",0.535651167128823,3,"HLA-C_CD8A","HLA-C - CD8A","MHC-I","Cell-Cell Contact","KEGG: hsa04514","DC1 -> Naïve CD8 T (PBMC_Early)",0.154604254193195,"DC1 -> Naïve CD8 T","PBMC_Early"
"DC2","Naïve CD8 T","HLA-C","CD8A",0.502192624185282,3,"HLA-C_CD8A","HLA-C - CD8A","MHC-I","Cell-Cell Contact","KEGG: hsa04514","DC2 -> Naïve CD8 T (PBMC_Early)",0.136522233321918,"DC2 -> Naïve CD8 T","PBMC_Early"
"DNQ T","Naïve CD8 T","HLA-C","CD8A",0.420302195847239,3,"HLA-C_CD8A","HLA-C - CD8A","MHC-I","Cell-Cell Contact","KEGG: hsa04514","DNQ T -> Naïve CD8 T (PBMC_Early)",0.0926208978283052,"DNQ T -> Naïve CD8 T","PBMC_Early"
"DPP T","Naïve CD8 T","HLA-C","CD8A",0.385903180248223,3,"HLA-C_CD8A","HLA-C - CD8A","MHC-I","Cell-Cell Contact","KEGG: hsa04514","NA",0.0749208127970631,"DPP T -> Naïve CD8 T","PBMC_Early"
"Early_ERY","Naïve CD8 T","HLA-C","CD8A",0.208857479560113,3,"HLA-C_CD8A","HLA-C - CD8A","MHC-I","Cell-Cell Contact","KEGG: hsa04514","Early_ERY -> Naïve CD8 T (PBMC_Early)",0.00832948226708699,"Early_ERY -> Naïve CD8 T","PBMC_Early"
"Endothelial cells","Naïve CD8 T","HLA-C","CD8A",0.599637528977237,3,"HLA-C_CD8A","HLA-C - CD8A","MHC-I","Cell-Cell Contact","KEGG: hsa04514","Endothelial cells -> Naïve CD8 T (PBMC_Early)",0.188685411668044,"Endothelial cells -> Naïve CD8 T","PBMC_Early"
"Gamma Delta V1 T","Naïve CD8 T","HLA-C","CD8A",0.563189226160606,3,"HLA-C_CD8A","HLA-C - CD8A","MHC-I","Cell-Cell Contact","KEGG: hsa04514","Gamma Delta V1 T -> Naïve CD8 T (PBMC_Early)",0.169381426009141,"Gamma Delta V1 T -> Naïve CD8 T","PBMC_Early"
"Gamma Delta V2 T","Naïve CD8 T","HLA-C","CD8A",0.576649060076015,3,"HLA-C_CD8A","HLA-C - CD8A","MHC-I","Cell-Cell Contact","KEGG: hsa04514","Gamma Delta V2 T -> Naïve CD8 T (PBMC_Early)",0.176548969599496,"Gamma Delta V2 T -> Naïve CD8 T","PBMC_Early"
"GNG4 +CD8aa+T","Naïve CD8 T","HLA-C","CD8A",0.497518044098036,3,"HLA-C_CD8A","HLA-C - CD8A","MHC-I","Cell-Cell Contact","KEGG: hsa04514","GNG4 +CD8aa+T -> Naïve CD8 T (PBMC_Early)",0.133991709507161,"GNG4 +CD8aa+T -> Naïve CD8 T","PBMC_Early"
"HSC_MPP","Naïve CD8 T","HLA-C","CD8A",0.413963611953527,3,"HLA-C_CD8A","HLA-C - CD8A","MHC-I","Cell-Cell Contact","KEGG: hsa04514","HSC_MPP -> Naïve CD8 T (PBMC_Early)",0.0893073703490132,"HSC_MPP -> Naïve CD8 T","PBMC_Early"
"ILC2/3","Naïve CD8 T","HLA-C","CD8A",0.520079105131312,3,"HLA-C_CD8A","HLA-C - CD8A","MHC-I","Cell-Cell Contact","KEGG: hsa04514","ILC2/3 -> Naïve CD8 T (PBMC_Early)",0.146199314711741,"ILC2/3 -> Naïve CD8 T","PBMC_Early"
"Large pre-B","Naïve CD8 T","HLA-C","CD8A",0.426060998644671,3,"HLA-C_CD8A","HLA-C - CD8A","MHC-I","Cell-Cell Contact","KEGG: hsa04514","Large pre-B -> Naïve CD8 T (PBMC_Early)",0.0956478784807834,"Large pre-B -> Naïve CD8 T","PBMC_Early"
"Macrophages","Naïve CD8 T","HLA-C","CD8A",0.484767043590259,3,"HLA-C_CD8A","HLA-C - CD8A","MHC-I","Cell-Cell Contact","KEGG: hsa04514","Macrophages -> Naïve CD8 T (PBMC_Early)",0.127091687818259,"Macrophages -> Naïve CD8 T","PBMC_Early"
"Megakaryocytes","Naïve CD8 T","HLA-C","CD8A",0.547739970173255,3,"HLA-C_CD8A","HLA-C - CD8A","MHC-I","Cell-Cell Contact","KEGG: hsa04514","Megakaryocytes -> Naïve CD8 T (PBMC_Early)",0.161107438292501,"Megakaryocytes -> Naïve CD8 T","PBMC_Early"
"MEMP","Naïve CD8 T","HLA-C","CD8A",0.355467948459342,3,"HLA-C_CD8A","HLA-C - CD8A","MHC-I","Cell-Cell Contact","KEGG: hsa04514","MEMP -> Naïve CD8 T (PBMC_Early)",0.0600130550290804,"MEMP -> Naïve CD8 T","PBMC_Early"
"MEP","Naïve CD8 T","HLA-C","CD8A",0.396050444623418,3,"HLA-C_CD8A","HLA-C - CD8A","MHC-I","Cell-Cell Contact","KEGG: hsa04514","MEP -> Naïve CD8 T (PBMC_Early)",0.0800638461369984,"MEP -> Naïve CD8 T","PBMC_Early"
"Myeloid-CD177","Naïve CD8 T","HLA-C","CD8A",0.313317405571439,3,"HLA-C_CD8A","HLA-C - CD8A","MHC-I","Cell-Cell Contact","KEGG: hsa04514","Myeloid-CD177 -> Naïve CD8 T (PBMC_Early)",0.0411039274426424,"Myeloid-CD177 -> Naïve CD8 T","PBMC_Early"
"Naïve CD4 T","Naïve CD8 T","HLA-C","CD8A",0.543437871252932,3,"HLA-C_CD8A","HLA-C - CD8A","MHC-I","Cell-Cell Contact","KEGG: hsa04514","Naïve CD4 T -> Naïve CD8 T (PBMC_Early)",0.158795708792869,"Naïve CD4 T -> Naïve CD8 T","PBMC_Early"
"Naïve CD8 T","Naïve CD8 T","HLA-C","CD8A",0.551556902927305,3,"HLA-C_CD8A","HLA-C - CD8A","MHC-I","Cell-Cell Contact","KEGG: hsa04514","Naïve CD8 T -> Naïve CD8 T (PBMC_Early)",0.163155823946506,"Naïve CD8 T -> Naïve CD8 T","PBMC_Early"
"NK T","Naïve CD8 T","HLA-C","CD8A",0.59028261556614,3,"HLA-C_CD8A","HLA-C - CD8A","MHC-I","Cell-Cell Contact","KEGG: hsa04514","NK T -> Naïve CD8 T (PBMC_Early)",0.183763851291382,"NK T -> Naïve CD8 T","PBMC_Early"
"Others","Naïve CD8 T","HLA-C","CD8A",0.44701583028097,3,"HLA-C_CD8A","HLA-C - CD8A","MHC-I","Cell-Cell Contact","KEGG: hsa04514","Others -> Naïve CD8 T (PBMC_Early)",0.106772247503172,"Others -> Naïve CD8 T","PBMC_Early"
"pDC","Naïve CD8 T","HLA-C","CD8A",0.469819971406029,3,"HLA-C_CD8A","HLA-C - CD8A","MHC-I","Cell-Cell Contact","KEGG: hsa04514","pDC -> Naïve CD8 T (PBMC_Early)",0.119018675102713,"pDC -> Naïve CD8 T","PBMC_Early"
"Pro-B","Naïve CD8 T","HLA-C","CD8A",0.490900865663901,3,"HLA-C_CD8A","HLA-C - CD8A","MHC-I","Cell-Cell Contact","KEGG: hsa04514","Pro-B -> Naïve CD8 T (PBMC_Early)",0.130410101313729,"Pro-B -> Naïve CD8 T","PBMC_Early"
"Small pre-B","Naïve CD8 T","HLA-C","CD8A",0.512591606694732,3,"HLA-C_CD8A","HLA-C - CD8A","MHC-I","Cell-Cell Contact","KEGG: hsa04514","NA",0.142150232649081,"Small pre-B -> Naïve CD8 T","PBMC_Early"
"Tem","Naïve CD8 T","HLA-C","CD8A",0.581804567797223,3,"HLA-C_CD8A","HLA-C - CD8A","MHC-I","Cell-Cell Contact","KEGG: hsa04514","Tem -> Naïve CD8 T (PBMC_Early)",0.179282909979652,"Tem -> Naïve CD8 T","PBMC_Early"
"Th17like_INNATE_T","Naïve CD8 T","HLA-C","CD8A",0.573728507452767,3,"HLA-C_CD8A","HLA-C - CD8A","MHC-I","Cell-Cell Contact","KEGG: hsa04514","Th17like_INNATE_T -> Naïve CD8 T (PBMC_Early)",0.174997309091604,"Th17like_INNATE_T -> Naïve CD8 T","PBMC_Early"
"Treg","Naïve CD8 T","HLA-C","CD8A",0.567072647198942,3,"HLA-C_CD8A","HLA-C - CD8A","MHC-I","Cell-Cell Contact","KEGG: hsa04514","Treg -> Naïve CD8 T (PBMC_Early)",0.171453619658791,"Treg -> Naïve CD8 T","PBMC_Early"
"abTentry","NK T","HLA-C","CD8A",0.28621359528122,3,"HLA-C_CD8A","HLA-C - CD8A","MHC-I","Cell-Cell Contact","KEGG: hsa04514","abTentry -> NK T (PBMC_Early)",0.0303823288222496,"abTentry -> NK T","PBMC_Early"
"CD14+PPBP+ Monocytes","NK T","HLA-C","CD8A",0.325645446804541,3,"HLA-C_CD8A","HLA-C - CD8A","MHC-I","Cell-Cell Contact","KEGG: hsa04514","CD14+PPBP+ Monocytes -> NK T (PBMC_Early)",0.0463828987198064,"CD14+PPBP+ Monocytes -> NK T","PBMC_Early"
"CD56highCD16low NK","NK T","HLA-C","CD8A",0.294305409568328,3,"HLA-C_CD8A","HLA-C - CD8A","MHC-I","Cell-Cell Contact","KEGG: hsa04514","CD56highCD16low NK -> NK T (PBMC_Early)",0.0334457401544872,"CD56highCD16low NK -> NK T","PBMC_Early"
"Classical Monocytes","NK T","HLA-C","CD8A",0.316829263763547,3,"HLA-C_CD8A","HLA-C - CD8A","MHC-I","Cell-Cell Contact","KEGG: hsa04514","Classical Monocytes -> NK T (PBMC_Early)",0.0425841099105205,"Classical Monocytes -> NK T","PBMC_Early"
"CX3CR1+ NK","NK T","HLA-C","CD8A",0.348099198213869,3,"HLA-C_CD8A","HLA-C - CD8A","MHC-I","Cell-Cell Contact","KEGG: hsa04514","CX3CR1+ NK -> NK T (PBMC_Early)",0.0565435389955654,"CX3CR1+ NK -> NK T","PBMC_Early"
"CXCR5- Naïve B","NK T","HLA-C","CD8A",0.324033103107384,3,"HLA-C_CD8A","HLA-C - CD8A","MHC-I","Cell-Cell Contact","KEGG: hsa04514","CXCR5- Naïve B -> NK T (PBMC_Early)",0.045679555448971,"CXCR5- Naïve B -> NK T","PBMC_Early"
"CXCR5+ Naïve B","NK T","HLA-C","CD8A",0.316113980304998,3,"HLA-C_CD8A","HLA-C - CD8A","MHC-I","Cell-Cell Contact","KEGG: hsa04514","CXCR5+ Naïve B -> NK T (PBMC_Early)",0.042281065093965,"CXCR5+ Naïve B -> NK T","PBMC_Early"
"CXCR6+ NK","NK T","HLA-C","CD8A",0.343471992956569,3,"HLA-C_CD8A","HLA-C - CD8A","MHC-I","Cell-Cell Contact","KEGG: hsa04514","CXCR6+ NK -> NK T (PBMC_Early)",0.054397040229143,"CXCR6+ NK -> NK T","PBMC_Early"
"Cycling Treg","NK T","HLA-C","CD8A",0.280371102961472,3,"HLA-C_CD8A","HLA-C - CD8A","MHC-I","Cell-Cell Contact","KEGG: hsa04514","Cycling Treg -> NK T (PBMC_Early)",0.0282488824757255,"Cycling Treg -> NK T","PBMC_Early"
"DC1","NK T","HLA-C","CD8A",0.320121736380057,3,"HLA-C_CD8A","HLA-C - CD8A","MHC-I","Cell-Cell Contact","KEGG: hsa04514","DC1 -> NK T (PBMC_Early)",0.0439891784225965,"DC1 -> NK T","PBMC_Early"
"DC2","NK T","HLA-C","CD8A",0.306430756578292,3,"HLA-C_CD8A","HLA-C - CD8A","MHC-I","Cell-Cell Contact","KEGG: hsa04514","DC2 -> NK T (PBMC_Early)",0.0382588645675664,"DC2 -> NK T","PBMC_Early"
"DNQ T","NK T","HLA-C","CD8A",0.271201633738552,3,"HLA-C_CD8A","HLA-C - CD8A","MHC-I","Cell-Cell Contact","KEGG: hsa04514","DNQ T -> NK T (PBMC_Early)",0.0250396822742642,"DNQ T -> NK T","PBMC_Early"
"DPP T","NK T","HLA-C","CD8A",0.255525131606223,3,"HLA-C_CD8A","HLA-C - CD8A","MHC-I","Cell-Cell Contact","KEGG: hsa04514","NA",0.0199702945412187,"DPP T -> NK T","PBMC_Early"
"Early_ERY","NK T","HLA-C","CD8A",0.162295768253205,3,"HLA-C_CD8A","HLA-C - CD8A","MHC-I","Cell-Cell Contact","KEGG: hsa04514","Early_ERY -> NK T (PBMC_Early)",0.00210889723295727,"Early_ERY -> NK T","PBMC_Early"
"Endothelial cells","NK T","HLA-C","CD8A",0.3453835896209,3,"HLA-C_CD8A","HLA-C - CD8A","MHC-I","Cell-Cell Contact","KEGG: hsa04514","Endothelial cells -> NK T (PBMC_Early)",0.0552806943632493,"Endothelial cells -> NK T","PBMC_Early"
"Gamma Delta V1 T","NK T","HLA-C","CD8A",0.331132174371187,3,"HLA-C_CD8A","HLA-C - CD8A","MHC-I","Cell-Cell Contact","KEGG: hsa04514","Gamma Delta V1 T -> NK T (PBMC_Early)",0.0488040431571339,"Gamma Delta V1 T -> NK T","PBMC_Early"
"Gamma Delta V2 T","NK T","HLA-C","CD8A",0.336435811648243,3,"HLA-C_CD8A","HLA-C - CD8A","MHC-I","Cell-Cell Contact","KEGG: hsa04514","Gamma Delta V2 T -> NK T (PBMC_Early)",0.0511836474525107,"Gamma Delta V2 T -> NK T","PBMC_Early"
"GNG4 +CD8aa+T","NK T","HLA-C","CD8A",0.30448846420463,3,"HLA-C_CD8A","HLA-C - CD8A","MHC-I","Cell-Cell Contact","KEGG: hsa04514","GNG4 +CD8aa+T -> NK T (PBMC_Early)",0.0374706743467084,"GNG4 +CD8aa+T -> NK T","PBMC_Early"
"HSC_MPP","NK T","HLA-C","CD8A",0.268356585192097,3,"HLA-C_CD8A","HLA-C - CD8A","MHC-I","Cell-Cell Contact","KEGG: hsa04514","HSC_MPP -> NK T (PBMC_Early)",0.0240797227457059,"HSC_MPP -> NK T","PBMC_Early"
"ILC2/3","NK T","HLA-C","CD8A",0.313794650740048,3,"HLA-C_CD8A","HLA-C - CD8A","MHC-I","Cell-Cell Contact","KEGG: hsa04514","ILC2/3 -> NK T (PBMC_Early)",0.0413039363285414,"ILC2/3 -> NK T","PBMC_Early"
"Large pre-B","NK T","HLA-C","CD8A",0.27377026503432,3,"HLA-C_CD8A","HLA-C - CD8A","MHC-I","Cell-Cell Contact","KEGG: hsa04514","Large pre-B -> NK T (PBMC_Early)",0.0259211086512774,"Large pre-B -> NK T","PBMC_Early"
"Macrophages","NK T","HLA-C","CD8A",0.299151406950194,3,"HLA-C_CD8A","HLA-C - CD8A","MHC-I","Cell-Cell Contact","KEGG: hsa04514","Macrophages -> NK T (PBMC_Early)",0.0353382655797428,"Macrophages -> NK T","PBMC_Early"
"Megakaryocytes","NK T","HLA-C","CD8A",0.324982384619689,3,"HLA-C_CD8A","HLA-C - CD8A","MHC-I","Cell-Cell Contact","KEGG: hsa04514","Megakaryocytes -> NK T (PBMC_Early)",0.0460931993772036,"Megakaryocytes -> NK T","PBMC_Early"
"MEMP","NK T","HLA-C","CD8A",0.241130655125939,3,"HLA-C_CD8A","HLA-C - CD8A","MHC-I","Cell-Cell Contact","KEGG: hsa04514","MEMP -> NK T (PBMC_Early)",0.015809736741984,"MEMP -> NK T","PBMC_Early"
"MEP","NK T","HLA-C","CD8A",0.26021129412975,3,"HLA-C_CD8A","HLA-C - CD8A","MHC-I","Cell-Cell Contact","KEGG: hsa04514","MEP -> NK T (PBMC_Early)",0.0214285586257212,"MEP -> NK T","PBMC_Early"
"Myeloid-CD177","NK T","HLA-C","CD8A",0.220249958357699,3,"HLA-C_CD8A","HLA-C - CD8A","MHC-I","Cell-Cell Contact","KEGG: hsa04514","Myeloid-CD177 -> NK T (PBMC_Early)",0.0106702479316356,"Myeloid-CD177 -> NK T","PBMC_Early"
"Naïve CD4 T","NK T","HLA-C","CD8A",0.3232575941313,3,"HLA-C_CD8A","HLA-C - CD8A","MHC-I","Cell-Cell Contact","KEGG: hsa04514","Naïve CD4 T -> NK T (PBMC_Early)",0.0453426066748365,"Naïve CD4 T -> NK T","PBMC_Early"
"Naïve CD8 T","NK T","HLA-C","CD8A",0.326508126867217,3,"HLA-C_CD8A","HLA-C - CD8A","MHC-I","Cell-Cell Contact","KEGG: hsa04514","Naïve CD8 T -> NK T (PBMC_Early)",0.0467607593701391,"Naïve CD8 T -> NK T","PBMC_Early"
"NK T","NK T","HLA-C","CD8A",0.341758723023537,3,"HLA-C_CD8A","HLA-C - CD8A","MHC-I","Cell-Cell Contact","KEGG: hsa04514","NK T -> NK T (PBMC_Early)",0.0536088616320304,"NK T -> NK T","PBMC_Early"
"Others","NK T","HLA-C","CD8A",0.282992275277712,3,"HLA-C_CD8A","HLA-C - CD8A","MHC-I","Cell-Cell Contact","KEGG: hsa04514","Others -> NK T (PBMC_Early)",0.0291976994446884,"Others -> NK T","PBMC_Early"
"pDC","NK T","HLA-C","CD8A",0.292819601822389,3,"HLA-C_CD8A","HLA-C - CD8A","MHC-I","Cell-Cell Contact","KEGG: hsa04514","pDC -> NK T (PBMC_Early)",0.0328740422939496,"pDC -> NK T","PBMC_Early"
"Pro-B","NK T","HLA-C","CD8A",0.301725999933092,3,"HLA-C_CD8A","HLA-C - CD8A","MHC-I","Cell-Cell Contact","KEGG: hsa04514","Pro-B -> NK T (PBMC_Early)",0.0363607544197788,"Pro-B -> NK T","PBMC_Early"
"Small pre-B","NK T","HLA-C","CD8A",0.310724917493657,3,"HLA-C_CD8A","HLA-C - CD8A","MHC-I","Cell-Cell Contact","KEGG: hsa04514","NA",0.0400238127209308,"Small pre-B -> NK T","PBMC_Early"
"Tem","NK T","HLA-C","CD8A",0.338454366609843,3,"HLA-C_CD8A","HLA-C - CD8A","MHC-I","Cell-Cell Contact","KEGG: hsa04514","Tem -> NK T (PBMC_Early)",0.0520990762140854,"Tem -> NK T","PBMC_Early"
"Th17like_INNATE_T","NK T","HLA-C","CD8A",0.335289184170935,3,"HLA-C_CD8A","HLA-C - CD8A","MHC-I","Cell-Cell Contact","KEGG: hsa04514","Th17like_INNATE_T -> NK T (PBMC_Early)",0.0506660091349993,"Th17like_INNATE_T -> NK T","PBMC_Early"
"Treg","NK T","HLA-C","CD8A",0.332667450984034,3,"HLA-C_CD8A","HLA-C - CD8A","MHC-I","Cell-Cell Contact","KEGG: hsa04514","Treg -> NK T (PBMC_Early)",0.0494889960129977,"Treg -> NK T","PBMC_Early"
"abTentry","Naïve CD8 T","HLA-C","CD8A",0.407707240984159,3,"HLA-C_CD8A","HLA-C - CD8A","MHC-I","Cell-Cell Contact","KEGG: hsa04514","abTentry -> Naïve CD8 T (PBMC_Late)",0.086057435785783,"abTentry -> Naïve CD8 T","PBMC_Late"
"CD14+PPBP+ Monocytes","Naïve CD8 T","HLA-C","CD8A",0.500343149059254,3,"HLA-C_CD8A","HLA-C - CD8A","MHC-I","Cell-Cell Contact","KEGG: hsa04514","CD14+PPBP+ Monocytes -> Naïve CD8 T (PBMC_Late)",0.135521043907974,"CD14+PPBP+ Monocytes -> Naïve CD8 T","PBMC_Late"
"CD56highCD16low NK","Naïve CD8 T","HLA-C","CD8A",0.454078826935409,3,"HLA-C_CD8A","HLA-C - CD8A","MHC-I","Cell-Cell Contact","KEGG: hsa04514","CD56highCD16low NK -> Naïve CD8 T (PBMC_Late)",0.110552937701188,"CD56highCD16low NK -> Naïve CD8 T","PBMC_Late"
"Classical Monocytes","Naïve CD8 T","HLA-C","CD8A",0.487434199484472,3,"HLA-C_CD8A","HLA-C - CD8A","MHC-I","Cell-Cell Contact","KEGG: hsa04514","Classical Monocytes -> Naïve CD8 T (PBMC_Late)",0.128534367209059,"Classical Monocytes -> Naïve CD8 T","PBMC_Late"
"CX3CR1+ NK","Naïve CD8 T","HLA-C","CD8A",0.573394630853688,3,"HLA-C_CD8A","HLA-C - CD8A","MHC-I","Cell-Cell Contact","KEGG: hsa04514","CX3CR1+ NK -> Naïve CD8 T (PBMC_Late)",0.174819793324055,"CX3CR1+ NK -> Naïve CD8 T","PBMC_Late"
"CXCR5- Naïve B","Naïve CD8 T","HLA-C","CD8A",0.503782075986281,3,"HLA-C_CD8A","HLA-C - CD8A","MHC-I","Cell-Cell Contact","KEGG: hsa04514","CXCR5- Naïve B -> Naïve CD8 T (PBMC_Late)",0.137382637781789,"CXCR5- Naïve B -> Naïve CD8 T","PBMC_Late"
"CXCR5+ Naïve B","Naïve CD8 T","HLA-C","CD8A",0.490129672668106,3,"HLA-C_CD8A","HLA-C - CD8A","MHC-I","Cell-Cell Contact","KEGG: hsa04514","CXCR5+ Naïve B -> Naïve CD8 T (PBMC_Late)",0.129992776992467,"CXCR5+ Naïve B -> Naïve CD8 T","PBMC_Late"
"CXCR6+ NK","Naïve CD8 T","HLA-C","CD8A",0.549691243840547,3,"HLA-C_CD8A","HLA-C - CD8A","MHC-I","Cell-Cell Contact","KEGG: hsa04514","CXCR6+ NK -> Naïve CD8 T (PBMC_Late)",0.162154925092642,"CXCR6+ NK -> Naïve CD8 T","PBMC_Late"
"Cycling Treg","Naïve CD8 T","HLA-C","CD8A",0.382643462927073,3,"HLA-C_CD8A","HLA-C - CD8A","MHC-I","Cell-Cell Contact","KEGG: hsa04514","Cycling Treg -> Naïve CD8 T (PBMC_Late)",0.0732850324540039,"Cycling Treg -> Naïve CD8 T","PBMC_Late"
"DC1","Naïve CD8 T","HLA-C","CD8A",0.528127259512597,3,"HLA-C_CD8A","HLA-C - CD8A","MHC-I","Cell-Cell Contact","KEGG: hsa04514","DC1 -> Naïve CD8 T (PBMC_Late)",0.150546537511674,"DC1 -> Naïve CD8 T","PBMC_Late"
"DC2","Naïve CD8 T","HLA-C","CD8A",0.481416032862346,3,"HLA-C_CD8A","HLA-C - CD8A","MHC-I","Cell-Cell Contact","KEGG: hsa04514","DC2 -> Naïve CD8 T (PBMC_Late)",0.125279826067882,"DC2 -> Naïve CD8 T","PBMC_Late"
"DNQ T","Naïve CD8 T","HLA-C","CD8A",0.378953216464187,3,"HLA-C_CD8A","HLA-C - CD8A","MHC-I","Cell-Cell Contact","KEGG: hsa04514","DNQ T -> Naïve CD8 T (PBMC_Late)",0.0714435132996015,"DNQ T -> Naïve CD8 T","PBMC_Late"
"Early_ERY","Naïve CD8 T","HLA-C","CD8A",0.228320457023146,3,"HLA-C_CD8A","HLA-C - CD8A","MHC-I","Cell-Cell Contact","KEGG: hsa04514","Early_ERY -> Naïve CD8 T (PBMC_Late)",0.0125277507845034,"Early_ERY -> Naïve CD8 T","PBMC_Late"
"Endothelial cells","Naïve CD8 T","HLA-C","CD8A",0.501649981700031,3,"HLA-C_CD8A","HLA-C - CD8A","MHC-I","Cell-Cell Contact","KEGG: hsa04514","Endothelial cells -> Naïve CD8 T (PBMC_Late)",0.136228482967872,"Endothelial cells -> Naïve CD8 T","PBMC_Late"
"Gamma Delta V1 T","Naïve CD8 T","HLA-C","CD8A",0.5056701935022,3,"HLA-C_CD8A","HLA-C - CD8A","MHC-I","Cell-Cell Contact","KEGG: hsa04514","Gamma Delta V1 T -> Naïve CD8 T (PBMC_Late)",0.138404662109109,"Gamma Delta V1 T -> Naïve CD8 T","PBMC_Late"
"Gamma Delta V2 T","Naïve CD8 T","HLA-C","CD8A",0.522079651711932,3,"HLA-C_CD8A","HLA-C - CD8A","MHC-I","Cell-Cell Contact","KEGG: hsa04514","Gamma Delta V2 T -> Naïve CD8 T (PBMC_Late)",0.147280471624151,"Gamma Delta V2 T -> Naïve CD8 T","PBMC_Late"
"GNG4 +CD8aa+T","Naïve CD8 T","HLA-C","CD8A",0.430095974548953,3,"HLA-C_CD8A","HLA-C - CD8A","MHC-I","Cell-Cell Contact","KEGG: hsa04514","GNG4 +CD8aa+T -> Naïve CD8 T (PBMC_Late)",0.0977773377386745,"GNG4 +CD8aa+T -> Naïve CD8 T","PBMC_Late"
"HSC_MPP","Naïve CD8 T","HLA-C","CD8A",0.404572044187294,3,"HLA-C_CD8A","HLA-C - CD8A","MHC-I","Cell-Cell Contact","KEGG: hsa04514","HSC_MPP -> Naïve CD8 T (PBMC_Late)",0.0844371632610198,"HSC_MPP -> Naïve CD8 T","PBMC_Late"
"ILC2/3","Naïve CD8 T","HLA-C","CD8A",0.503953281853582,3,"HLA-C_CD8A","HLA-C - CD8A","MHC-I","Cell-Cell Contact","KEGG: hsa04514","ILC2/3 -> Naïve CD8 T (PBMC_Late)",0.137475313070323,"ILC2/3 -> Naïve CD8 T","PBMC_Late"
"Large pre-B","Naïve CD8 T","HLA-C","CD8A",0.444541709002047,3,"HLA-C_CD8A","HLA-C - CD8A","MHC-I","Cell-Cell Contact","KEGG: hsa04514","Large pre-B -> Naïve CD8 T (PBMC_Late)",0.105451124750882,"Large pre-B -> Naïve CD8 T","PBMC_Late"
"Macrophages","Naïve CD8 T","HLA-C","CD8A",0.525141279485567,3,"HLA-C_CD8A","HLA-C - CD8A","MHC-I","Cell-Cell Contact","KEGG: hsa04514","Macrophages -> Naïve CD8 T (PBMC_Late)",0.148934381295399,"Macrophages -> Naïve CD8 T","PBMC_Late"
"Megakaryocytes","Naïve CD8 T","HLA-C","CD8A",0.46912420139033,3,"HLA-C_CD8A","HLA-C - CD8A","MHC-I","Cell-Cell Contact","KEGG: hsa04514","Megakaryocytes -> Naïve CD8 T (PBMC_Late)",0.11864354993805,"Megakaryocytes -> Naïve CD8 T","PBMC_Late"
"MEMP","Naïve CD8 T","HLA-C","CD8A",0.348399410984774,3,"HLA-C_CD8A","HLA-C - CD8A","MHC-I","Cell-Cell Contact","KEGG: hsa04514","MEMP -> Naïve CD8 T (PBMC_Late)",0.0566836813328033,"MEMP -> Naïve CD8 T","PBMC_Late"
"MEP","Naïve CD8 T","HLA-C","CD8A",0.376168633466512,3,"HLA-C_CD8A","HLA-C - CD8A","MHC-I","Cell-Cell Contact","KEGG: hsa04514","MEP -> Naïve CD8 T (PBMC_Late)",0.0700614754534183,"MEP -> Naïve CD8 T","PBMC_Late"
"Myeloid-CD177","Naïve CD8 T","HLA-C","CD8A",0.281039837116246,3,"HLA-C_CD8A","HLA-C - CD8A","MHC-I","Cell-Cell Contact","KEGG: hsa04514","Myeloid-CD177 -> Naïve CD8 T (PBMC_Late)",0.0284896499770575,"Myeloid-CD177 -> Naïve CD8 T","PBMC_Late"
"Naïve CD4 T","Naïve CD8 T","HLA-C","CD8A",0.493392680547593,3,"HLA-C_CD8A","HLA-C - CD8A","MHC-I","Cell-Cell Contact","KEGG: hsa04514","Naïve CD4 T -> Naïve CD8 T (PBMC_Late)",0.131758680414079,"Naïve CD4 T -> Naïve CD8 T","PBMC_Late"
"Naïve CD8 T","Naïve CD8 T","HLA-C","CD8A",0.497464806017701,3,"HLA-C_CD8A","HLA-C - CD8A","MHC-I","Cell-Cell Contact","KEGG: hsa04514","Naïve CD8 T -> Naïve CD8 T (PBMC_Late)",0.133962890274786,"Naïve CD8 T -> Naïve CD8 T","PBMC_Late"
"NK T","Naïve CD8 T","HLA-C","CD8A",0.528010436045966,3,"HLA-C_CD8A","HLA-C - CD8A","MHC-I","Cell-Cell Contact","KEGG: hsa04514","NK T -> Naïve CD8 T (PBMC_Late)",0.15048348116544,"NK T -> Naïve CD8 T","PBMC_Late"
"Others","Naïve CD8 T","HLA-C","CD8A",0.509016381752418,3,"HLA-C_CD8A","HLA-C - CD8A","MHC-I","Cell-Cell Contact","KEGG: hsa04514","Others -> Naïve CD8 T (PBMC_Late)",0.140215701925114,"Others -> Naïve CD8 T","PBMC_Late"
"pDC","Naïve CD8 T","HLA-C","CD8A",0.451691252595096,3,"HLA-C_CD8A","HLA-C - CD8A","MHC-I","Cell-Cell Contact","KEGG: hsa04514","pDC -> Naïve CD8 T (PBMC_Late)",0.109273471151541,"pDC -> Naïve CD8 T","PBMC_Late"
"Pro-B","Naïve CD8 T","HLA-C","CD8A",0.444348142237965,3,"HLA-C_CD8A","HLA-C - CD8A","MHC-I","Cell-Cell Contact","KEGG: hsa04514","Pro-B -> Naïve CD8 T (PBMC_Late)",0.105347840679064,"Pro-B -> Naïve CD8 T","PBMC_Late"
"Tem","Naïve CD8 T","HLA-C","CD8A",0.531748713271605,3,"HLA-C_CD8A","HLA-C - CD8A","MHC-I","Cell-Cell Contact","KEGG: hsa04514","Tem -> Naïve CD8 T (PBMC_Late)",0.152500480614548,"Tem -> Naïve CD8 T","PBMC_Late"
"Th17like_INNATE_T","Naïve CD8 T","HLA-C","CD8A",0.525116656478138,3,"HLA-C_CD8A","HLA-C - CD8A","MHC-I","Cell-Cell Contact","KEGG: hsa04514","Th17like_INNATE_T -> Naïve CD8 T (PBMC_Late)",0.148921083344642,"Th17like_INNATE_T -> Naïve CD8 T","PBMC_Late"
"Treg","Naïve CD8 T","HLA-C","CD8A",0.515374084184502,3,"HLA-C_CD8A","HLA-C - CD8A","MHC-I","Cell-Cell Contact","KEGG: hsa04514","Treg -> Naïve CD8 T (PBMC_Late)",0.143655363683863,"Treg -> Naïve CD8 T","PBMC_Late"
"abTentry","NK T","HLA-C","CD8A",0.370877874252048,3,"HLA-C_CD8A","HLA-C - CD8A","MHC-I","Cell-Cell Contact","KEGG: hsa04514","abTentry -> NK T (PBMC_Late)",0.0674542722163273,"abTentry -> NK T","PBMC_Late"
"CD14+PPBP+ Monocytes","NK T","HLA-C","CD8A",0.44834505963989,3,"HLA-C_CD8A","HLA-C - CD8A","MHC-I","Cell-Cell Contact","KEGG: hsa04514","CD14+PPBP+ Monocytes -> NK T (PBMC_Late)",0.107482747370185,"CD14+PPBP+ Monocytes -> NK T","PBMC_Late"
"CD56highCD16low NK","NK T","HLA-C","CD8A",0.409833524342187,3,"HLA-C_CD8A","HLA-C - CD8A","MHC-I","Cell-Cell Contact","KEGG: hsa04514","CD56highCD16low NK -> NK T (PBMC_Late)",0.0871595327657389,"CD56highCD16low NK -> NK T","PBMC_Late"
"Classical Monocytes","NK T","HLA-C","CD8A",0.437631734129241,3,"HLA-C_CD8A","HLA-C - CD8A","MHC-I","Cell-Cell Contact","KEGG: hsa04514","Classical Monocytes -> NK T (PBMC_Late)",0.101771390646247,"Classical Monocytes -> NK T","PBMC_Late"
"CX3CR1+ NK","NK T","HLA-C","CD8A",0.508557382338237,3,"HLA-C_CD8A","HLA-C - CD8A","MHC-I","Cell-Cell Contact","KEGG: hsa04514","CX3CR1+ NK -> NK T (PBMC_Late)",0.13996730164235,"CX3CR1+ NK -> NK T","PBMC_Late"
"CXCR5- Naïve B","NK T","HLA-C","CD8A",0.451195078659759,3,"HLA-C_CD8A","HLA-C - CD8A","MHC-I","Cell-Cell Contact","KEGG: hsa04514","CXCR5- Naïve B -> NK T (PBMC_Late)",0.109007757363038,"CXCR5- Naïve B -> NK T","PBMC_Late"
"CXCR5+ Naïve B","NK T","HLA-C","CD8A",0.439870733906255,3,"HLA-C_CD8A","HLA-C - CD8A","MHC-I","Cell-Cell Contact","KEGG: hsa04514","CXCR5+ Naïve B -> NK T (PBMC_Late)",0.102962012886007,"CXCR5+ Naïve B -> NK T","PBMC_Late"
"CXCR6+ NK","NK T","HLA-C","CD8A",0.489092008093859,3,"HLA-C_CD8A","HLA-C - CD8A","MHC-I","Cell-Cell Contact","KEGG: hsa04514","CXCR6+ NK -> NK T (PBMC_Late)",0.129431296039998,"CXCR6+ NK -> NK T","PBMC_Late"
"Cycling Treg","NK T","HLA-C","CD8A",0.349652751501313,3,"HLA-C_CD8A","HLA-C - CD8A","MHC-I","Cell-Cell Contact","KEGG: hsa04514","Cycling Treg -> NK T (PBMC_Late)",0.0572698853811714,"Cycling Treg -> NK T","PBMC_Late"
"DC1","NK T","HLA-C","CD8A",0.47132524718521,3,"HLA-C_CD8A","HLA-C - CD8A","MHC-I","Cell-Cell Contact","KEGG: hsa04514","DC1 -> NK T (PBMC_Late)",0.11983048800893,"DC1 -> NK T","PBMC_Late"
"DC2","NK T","HLA-C","CD8A",0.432628865952723,3,"HLA-C_CD8A","HLA-C - CD8A","MHC-I","Cell-Cell Contact","KEGG: hsa04514","DC2 -> NK T (PBMC_Late)",0.0991174252573106,"DC2 -> NK T","PBMC_Late"
"DNQ T","NK T","HLA-C","CD8A",0.346516700477789,3,"HLA-C_CD8A","HLA-C - CD8A","MHC-I","Cell-Cell Contact","KEGG: hsa04514","DNQ T -> NK T (PBMC_Late)",0.0558065633241139,"DNQ T -> NK T","PBMC_Late"
"Early_ERY","NK T","HLA-C","CD8A",0.21548862197061,3,"HLA-C_CD8A","HLA-C - CD8A","MHC-I","Cell-Cell Contact","KEGG: hsa04514","Early_ERY -> NK T (PBMC_Late)",0.00965174794096338,"Early_ERY -> NK T","PBMC_Late"
"Endothelial cells","NK T","HLA-C","CD8A",0.449428295290605,3,"HLA-C_CD8A","HLA-C - CD8A","MHC-I","Cell-Cell Contact","KEGG: hsa04514","Endothelial cells -> NK T (PBMC_Late)",0.108062118413674,"Endothelial cells -> NK T","PBMC_Late"
"Gamma Delta V1 T","NK T","HLA-C","CD8A",0.452759160086346,3,"HLA-C_CD8A","HLA-C - CD8A","MHC-I","Cell-Cell Contact","KEGG: hsa04514","Gamma Delta V1 T -> NK T (PBMC_Late)",0.109845573658513,"Gamma Delta V1 T -> NK T","PBMC_Late"
"Gamma Delta V2 T","NK T","HLA-C","CD8A",0.466332034808926,3,"HLA-C_CD8A","HLA-C - CD8A","MHC-I","Cell-Cell Contact","KEGG: hsa04514","Gamma Delta V2 T -> NK T (PBMC_Late)",0.117138905681669,"Gamma Delta V2 T -> NK T","PBMC_Late"
"GNG4 +CD8aa+T","NK T","HLA-C","CD8A",0.389734161155247,3,"HLA-C_CD8A","HLA-C - CD8A","MHC-I","Cell-Cell Contact","KEGG: hsa04514","GNG4 +CD8aa+T -> NK T (PBMC_Late)",0.0768537090869048,"GNG4 +CD8aa+T -> NK T","PBMC_Late"
"HSC_MPP","NK T","HLA-C","CD8A",0.368229751722183,3,"HLA-C_CD8A","HLA-C - CD8A","MHC-I","Cell-Cell Contact","KEGG: hsa04514","HSC_MPP -> NK T (PBMC_Late)",0.0661589018601281,"HSC_MPP -> NK T","PBMC_Late"
"ILC2/3","NK T","HLA-C","CD8A",0.451336922806073,3,"HLA-C_CD8A","HLA-C - CD8A","MHC-I","Cell-Cell Contact","KEGG: hsa04514","ILC2/3 -> NK T (PBMC_Late)",0.109083712100293,"ILC2/3 -> NK T","PBMC_Late"
"Large pre-B","NK T","HLA-C","CD8A",0.401852532731722,3,"HLA-C_CD8A","HLA-C - CD8A","MHC-I","Cell-Cell Contact","KEGG: hsa04514","Large pre-B -> NK T (PBMC_Late)",0.0830364968864196,"Large pre-B -> NK T","PBMC_Late"
"Macrophages","NK T","HLA-C","CD8A",0.468860462539093,3,"HLA-C_CD8A","HLA-C - CD8A","MHC-I","Cell-Cell Contact","KEGG: hsa04514","Macrophages -> NK T (PBMC_Late)",0.118501373887621,"Macrophages -> NK T","PBMC_Late"
"Megakaryocytes","NK T","HLA-C","CD8A",0.422393737719623,3,"HLA-C_CD8A","HLA-C - CD8A","MHC-I","Cell-Cell Contact","KEGG: hsa04514","Megakaryocytes -> NK T (PBMC_Late)",0.0937185308765227,"Megakaryocytes -> NK T","PBMC_Late"
"MEMP","NK T","HLA-C","CD8A",0.320435015284489,3,"HLA-C_CD8A","HLA-C - CD8A","MHC-I","Cell-Cell Contact","KEGG: hsa04514","MEMP -> NK T (PBMC_Late)",0.0441237288923071,"MEMP -> NK T","PBMC_Late"
"MEP","NK T","HLA-C","CD8A",0.344148363157345,3,"HLA-C_CD8A","HLA-C - CD8A","MHC-I","Cell-Cell Contact","KEGG: hsa04514","MEP -> NK T (PBMC_Late)",0.0547091920013778,"MEP -> NK T","PBMC_Late"
"Myeloid-CD177","NK T","HLA-C","CD8A",0.262102322017216,3,"HLA-C_CD8A","HLA-C - CD8A","MHC-I","Cell-Cell Contact","KEGG: hsa04514","Myeloid-CD177 -> NK T (PBMC_Late)",0.0220310191672676,"Myeloid-CD177 -> NK T","PBMC_Late"
"Naïve CD4 T","NK T","HLA-C","CD8A",0.442579742993622,3,"HLA-C_CD8A","HLA-C - CD8A","MHC-I","Cell-Cell Contact","KEGG: hsa04514","Naïve CD4 T -> NK T (PBMC_Late)",0.104404779446754,"Naïve CD4 T -> NK T","PBMC_Late"
"Naïve CD8 T","NK T","HLA-C","CD8A",0.445958347762288,3,"HLA-C_CD8A","HLA-C - CD8A","MHC-I","Cell-Cell Contact","KEGG: hsa04514","Naïve CD8 T -> NK T (PBMC_Late)",0.10620735865472,"Naïve CD8 T -> NK T","PBMC_Late"
"NK T","NK T","HLA-C","CD8A",0.471228836537031,3,"HLA-C_CD8A","HLA-C - CD8A","MHC-I","Cell-Cell Contact","KEGG: hsa04514","NK T -> NK T (PBMC_Late)",0.119778482959764,"NK T -> NK T","PBMC_Late"
"Others","NK T","HLA-C","CD8A",0.45552987201154,3,"HLA-C_CD8A","HLA-C - CD8A","MHC-I","Cell-Cell Contact","KEGG: hsa04514","Others -> NK T (PBMC_Late)",0.111331202296648,"Others -> NK T","PBMC_Late"
"pDC","NK T","HLA-C","CD8A",0.407836944976027,3,"HLA-C_CD8A","HLA-C - CD8A","MHC-I","Cell-Cell Contact","KEGG: hsa04514","pDC -> NK T (PBMC_Late)",0.0861245904449769,"pDC -> NK T","PBMC_Late"
"Pro-B","NK T","HLA-C","CD8A",0.401690390664775,3,"HLA-C_CD8A","HLA-C - CD8A","MHC-I","Cell-Cell Contact","KEGG: hsa04514","Pro-B -> NK T (PBMC_Late)",0.0829531309809316,"Pro-B -> NK T","PBMC_Late"
"Tem","NK T","HLA-C","CD8A",0.47431305138373,3,"HLA-C_CD8A","HLA-C - CD8A","MHC-I","Cell-Cell Contact","KEGG: hsa04514","Tem -> NK T (PBMC_Late)",0.121442762823444,"Tem -> NK T","PBMC_Late"
"Th17like_INNATE_T","NK T","HLA-C","CD8A",0.468840132630033,3,"HLA-C_CD8A","HLA-C - CD8A","MHC-I","Cell-Cell Contact","KEGG: hsa04514","Th17like_INNATE_T -> NK T (PBMC_Late)",0.118490414902251,"Th17like_INNATE_T -> NK T","PBMC_Late"
"Treg","NK T","HLA-C","CD8A",0.460789977641287,3,"HLA-C_CD8A","HLA-C - CD8A","MHC-I","Cell-Cell Contact","KEGG: hsa04514","Treg -> NK T (PBMC_Late)",0.114156371547324,"Treg -> NK T","PBMC_Late"
"abTentry","Naïve CD8 T","HLA-C","CD8B",0.494703298218357,3,"HLA-C_CD8B","HLA-C - CD8B","MHC-I","Cell-Cell Contact","KEGG: hsa04514","abTentry -> Naïve CD8 T (PBMC_Early)",0.132468069093885,"abTentry -> Naïve CD8 T","PBMC_Early"
"CD14+PPBP+ Monocytes","Naïve CD8 T","HLA-C","CD8B",0.605213873481596,3,"HLA-C_CD8B","HLA-C - CD8B","MHC-I","Cell-Cell Contact","KEGG: hsa04514","CD14+PPBP+ Monocytes -> Naïve CD8 T (PBMC_Early)",0.191607081444006,"CD14+PPBP+ Monocytes -> Naïve CD8 T","PBMC_Early"
"CD56highCD16low NK","Naïve CD8 T","HLA-C","CD8B",0.516552905360742,3,"HLA-C_CD8B","HLA-C - CD8B","MHC-I","Cell-Cell Contact","KEGG: hsa04514","CD56highCD16low NK -> Naïve CD8 T (PBMC_Early)",0.144292884367396,"CD56highCD16low NK -> Naïve CD8 T","PBMC_Early"
"Classical Monocytes","Naïve CD8 T","HLA-C","CD8B",0.579640517037323,3,"HLA-C_CD8B","HLA-C - CD8B","MHC-I","Cell-Cell Contact","KEGG: hsa04514","Classical Monocytes -> Naïve CD8 T (PBMC_Early)",0.178136136114019,"Classical Monocytes -> Naïve CD8 T","PBMC_Early"
"CX3CR1+ NK","Naïve CD8 T","HLA-C","CD8B",0.67247500243043,3,"HLA-C_CD8B","HLA-C - CD8B","MHC-I","Cell-Cell Contact","KEGG: hsa04514","CX3CR1+ NK -> Naïve CD8 T (PBMC_Early)",0.22603981499999,"CX3CR1+ NK -> Naïve CD8 T","PBMC_Early"
"CXCR5- Naïve B","Naïve CD8 T","HLA-C","CD8B",0.60050087353072,3,"HLA-C_CD8B","HLA-C - CD8B","MHC-I","Cell-Cell Contact","KEGG: hsa04514","CXCR5- Naïve B -> Naïve CD8 T (PBMC_Early)",0.189138351766495,"CXCR5- Naïve B -> Naïve CD8 T","PBMC_Early"
"CXCR5+ Naïve B","Naïve CD8 T","HLA-C","CD8B",0.577586974473479,3,"HLA-C_CD8B","HLA-C - CD8B","MHC-I","Cell-Cell Contact","KEGG: hsa04514","CXCR5+ Naïve B -> Naïve CD8 T (PBMC_Early)",0.177046833965139,"CXCR5+ Naïve B -> Naïve CD8 T","PBMC_Early"
"CXCR6+ NK","Naïve CD8 T","HLA-C","CD8B",0.658370351614801,3,"HLA-C_CD8B","HLA-C - CD8B","MHC-I","Cell-Cell Contact","KEGG: hsa04514","CXCR6+ NK -> Naïve CD8 T (PBMC_Early)",0.218952179061549,"CXCR6+ NK -> Naïve CD8 T","PBMC_Early"
"Cycling Treg","Naïve CD8 T","HLA-C","CD8B",0.479202523823425,3,"HLA-C_CD8B","HLA-C - CD8B","MHC-I","Cell-Cell Contact","KEGG: hsa04514","Cycling Treg -> Naïve CD8 T (PBMC_Early)",0.124083523736172,"Cycling Treg -> Naïve CD8 T","PBMC_Early"
"DC1","Naïve CD8 T","HLA-C","CD8B",0.589134472464506,3,"HLA-C_CD8B","HLA-C - CD8B","MHC-I","Cell-Cell Contact","KEGG: hsa04514","DC1 -> Naïve CD8 T (PBMC_Early)",0.183158141010769,"DC1 -> Naïve CD8 T","PBMC_Early"
"DC2","Naïve CD8 T","HLA-C","CD8B",0.55010693511017,3,"HLA-C_CD8B","HLA-C - CD8B","MHC-I","Cell-Cell Contact","KEGG: hsa04514","DC2 -> Naïve CD8 T (PBMC_Early)",0.162377991232961,"DC2 -> Naïve CD8 T","PBMC_Early"
"DNQ T","Naïve CD8 T","HLA-C","CD8B",0.455347398261002,3,"HLA-C_CD8B","HLA-C - CD8B","MHC-I","Cell-Cell Contact","KEGG: hsa04514","DNQ T -> Naïve CD8 T (PBMC_Early)",0.111233305932285,"DNQ T -> Naïve CD8 T","PBMC_Early"
"DPP T","Naïve CD8 T","HLA-C","CD8B",0.415924787390813,3,"HLA-C_CD8B","HLA-C - CD8B","MHC-I","Cell-Cell Contact","KEGG: hsa04514","NA",0.0903304336843998,"DPP T -> Naïve CD8 T","PBMC_Early"
"Early_ERY","Naïve CD8 T","HLA-C","CD8B",0.218055192478605,3,"HLA-C_CD8B","HLA-C - CD8B","MHC-I","Cell-Cell Contact","KEGG: hsa04514","Early_ERY -> Naïve CD8 T (PBMC_Early)",0.0101936031546152,"Early_ERY -> Naïve CD8 T","PBMC_Early"
"Endothelial cells","Naïve CD8 T","HLA-C","CD8B",0.66418225095263,3,"HLA-C_CD8B","HLA-C - CD8B","MHC-I","Cell-Cell Contact","KEGG: hsa04514","Endothelial cells -> Naïve CD8 T (PBMC_Early)",0.221881717120832,"Endothelial cells -> Naïve CD8 T","PBMC_Early"
"Gamma Delta V1 T","Naïve CD8 T","HLA-C","CD8B",0.621371202878298,3,"HLA-C_CD8B","HLA-C - CD8B","MHC-I","Cell-Cell Contact","KEGG: hsa04514","Gamma Delta V1 T -> Naïve CD8 T (PBMC_Early)",0.200018788881314,"Gamma Delta V1 T -> Naïve CD8 T","PBMC_Early"
"Gamma Delta V2 T","Naïve CD8 T","HLA-C","CD8B",0.637162465635626,3,"HLA-C_CD8B","HLA-C - CD8B","MHC-I","Cell-Cell Contact","KEGG: hsa04514","Gamma Delta V2 T -> Naïve CD8 T (PBMC_Early)",0.208157884872311,"Gamma Delta V2 T -> Naïve CD8 T","PBMC_Early"
"GNG4 +CD8aa+T","Naïve CD8 T","HLA-C","CD8B",0.544667424765471,3,"HLA-C_CD8B","HLA-C - CD8B","MHC-I","Cell-Cell Contact","KEGG: hsa04514","GNG4 +CD8aa+T -> Naïve CD8 T (PBMC_Early)",0.159456717584457,"GNG4 +CD8aa+T -> Naïve CD8 T","PBMC_Early"
"HSC_MPP","Naïve CD8 T","HLA-C","CD8B",0.448064385594214,3,"HLA-C_CD8B","HLA-C - CD8B","MHC-I","Cell-Cell Contact","KEGG: hsa04514","HSC_MPP -> Naïve CD8 T (PBMC_Early)",0.107332680493686,"HSC_MPP -> Naïve CD8 T","PBMC_Early"
"ILC2/3","Naïve CD8 T","HLA-C","CD8B",0.570950521687949,3,"HLA-C_CD8B","HLA-C - CD8B","MHC-I","Cell-Cell Contact","KEGG: hsa04514","ILC2/3 -> Naïve CD8 T (PBMC_Early)",0.173519507086091,"ILC2/3 -> Naïve CD8 T","PBMC_Early"
"Large pre-B","Naïve CD8 T","HLA-C","CD8B",0.46197125344039,3,"HLA-C_CD8B","HLA-C - CD8B","MHC-I","Cell-Cell Contact","KEGG: hsa04514","Large pre-B -> Naïve CD8 T (PBMC_Early)",0.114791613314639,"Large pre-B -> Naïve CD8 T","PBMC_Early"
"Macrophages","Naïve CD8 T","HLA-C","CD8B",0.529847215050904,3,"HLA-C_CD8B","HLA-C - CD8B","MHC-I","Cell-Cell Contact","KEGG: hsa04514","Macrophages -> Naïve CD8 T (PBMC_Early)",0.151474721625116,"Macrophages -> Naïve CD8 T","PBMC_Early"
"Megakaryocytes","Naïve CD8 T","HLA-C","CD8B",0.603273755922102,3,"HLA-C_CD8B","HLA-C - CD8B","MHC-I","Cell-Cell Contact","KEGG: hsa04514","Megakaryocytes -> Naïve CD8 T (PBMC_Early)",0.190591621189363,"Megakaryocytes -> Naïve CD8 T","PBMC_Early"
"MEMP","Naïve CD8 T","HLA-C","CD8B",0.38126750277964,3,"HLA-C_CD8B","HLA-C - CD8B","MHC-I","Cell-Cell Contact","KEGG: hsa04514","MEMP -> Naïve CD8 T (PBMC_Early)",0.0725970923423715,"MEMP -> Naïve CD8 T","PBMC_Early"
"MEP","Naïve CD8 T","HLA-C","CD8B",0.427527465700223,3,"HLA-C_CD8B","HLA-C - CD8B","MHC-I","Cell-Cell Contact","KEGG: hsa04514","MEP -> Naïve CD8 T (PBMC_Early)",0.0964210239636284,"MEP -> Naïve CD8 T","PBMC_Early"
"Myeloid-CD177","Naïve CD8 T","HLA-C","CD8B",0.333660123906078,3,"HLA-C_CD8B","HLA-C - CD8B","MHC-I","Cell-Cell Contact","KEGG: hsa04514","Myeloid-CD177 -> Naïve CD8 T (PBMC_Early)",0.0499335695764682,"Myeloid-CD177 -> Naïve CD8 T","PBMC_Early"
"Naïve CD4 T","Naïve CD8 T","HLA-C","CD8B",0.598239713388791,3,"HLA-C_CD8B","HLA-C - CD8B","MHC-I","Cell-Cell Contact","KEGG: hsa04514","Naïve CD4 T -> Naïve CD8 T (PBMC_Early)",0.18795161067295,"Naïve CD4 T -> Naïve CD8 T","PBMC_Early"
"Naïve CD8 T","Naïve CD8 T","HLA-C","CD8B",0.607742114884558,3,"HLA-C_CD8B","HLA-C - CD8B","MHC-I","Cell-Cell Contact","KEGG: hsa04514","Naïve CD8 T -> Naïve CD8 T (PBMC_Early)",0.19292866719119,"Naïve CD8 T -> Naïve CD8 T","PBMC_Early"
"NK T","Naïve CD8 T","HLA-C","CD8B",0.653179532117453,3,"HLA-C_CD8B","HLA-C - CD8B","MHC-I","Cell-Cell Contact","KEGG: hsa04514","NK T -> Naïve CD8 T (PBMC_Early)",0.216325156031459,"NK T -> Naïve CD8 T","PBMC_Early"
"Others","Naïve CD8 T","HLA-C","CD8B",0.486128018408902,3,"HLA-C_CD8B","HLA-C - CD8B","MHC-I","Cell-Cell Contact","KEGG: hsa04514","Others -> Naïve CD8 T (PBMC_Early)",0.127827790106179,"Others -> Naïve CD8 T","PBMC_Early"
"pDC","Naïve CD8 T","HLA-C","CD8B",0.512508023360339,3,"HLA-C_CD8B","HLA-C - CD8B","MHC-I","Cell-Cell Contact","KEGG: hsa04514","pDC -> Naïve CD8 T (PBMC_Early)",0.142105013121392,"pDC -> Naïve CD8 T","PBMC_Early"
"Pro-B","Naïve CD8 T","HLA-C","CD8B",0.536973219358655,3,"HLA-C_CD8B","HLA-C - CD8B","MHC-I","Cell-Cell Contact","KEGG: hsa04514","Pro-B -> Naïve CD8 T (PBMC_Early)",0.155316506459794,"Pro-B -> Naïve CD8 T","PBMC_Early"
"Small pre-B","Naïve CD8 T","HLA-C","CD8B",0.562219407358678,3,"HLA-C_CD8B","HLA-C - CD8B","MHC-I","Cell-Cell Contact","KEGG: hsa04514","NA",0.168863424188282,"Small pre-B -> Naïve CD8 T","PBMC_Early"
"Tem","Naïve CD8 T","HLA-C","CD8B",0.643216743594902,3,"HLA-C_CD8B","HLA-C - CD8B","MHC-I","Cell-Cell Contact","KEGG: hsa04514","Tem -> Naïve CD8 T (PBMC_Early)",0.211255728272608,"Tem -> Naïve CD8 T","PBMC_Early"
"Th17like_INNATE_T","Naïve CD8 T","HLA-C","CD8B",0.633734167989057,3,"HLA-C_CD8B","HLA-C - CD8B","MHC-I","Cell-Cell Contact","KEGG: hsa04514","Th17like_INNATE_T -> Naïve CD8 T (PBMC_Early)",0.206398050699314,"Th17like_INNATE_T -> Naïve CD8 T","PBMC_Early"
"Treg","Naïve CD8 T","HLA-C","CD8B",0.625925016496778,3,"HLA-C_CD8B","HLA-C - CD8B","MHC-I","Cell-Cell Contact","KEGG: hsa04514","Treg -> Naïve CD8 T (PBMC_Early)",0.202374475774664,"Treg -> Naïve CD8 T","PBMC_Early"
"abTentry","NK T","HLA-C","CD8B",0.273197451188751,3,"HLA-C_CD8B","HLA-C - CD8B","MHC-I","Cell-Cell Contact","KEGG: hsa04514","abTentry -> NK T (PBMC_Early)",0.0257233469577187,"abTentry -> NK T","PBMC_Early"
"CD14+PPBP+ Monocytes","NK T","HLA-C","CD8B",0.309142626036293,3,"HLA-C_CD8B","HLA-C - CD8B","MHC-I","Cell-Cell Contact","KEGG: hsa04514","CD14+PPBP+ Monocytes -> NK T (PBMC_Early)",0.0393699328233565,"CD14+PPBP+ Monocytes -> NK T","PBMC_Early"
"CD56highCD16low NK","NK T","HLA-C","CD8B",0.280598700175869,3,"HLA-C_CD8B","HLA-C - CD8B","MHC-I","Cell-Cell Contact","KEGG: hsa04514","CD56highCD16low NK -> NK T (PBMC_Early)",0.0283307247458023,"CD56highCD16low NK -> NK T","PBMC_Early"
"Classical Monocytes","NK T","HLA-C","CD8B",0.301131835238394,3,"HLA-C_CD8B","HLA-C - CD8B","MHC-I","Cell-Cell Contact","KEGG: hsa04514","Classical Monocytes -> NK T (PBMC_Early)",0.0361237529253967,"Classical Monocytes -> NK T","PBMC_Early"
"CX3CR1+ NK","NK T","HLA-C","CD8B",0.329482725317017,3,"HLA-C_CD8B","HLA-C - CD8B","MHC-I","Cell-Cell Contact","KEGG: hsa04514","CX3CR1+ NK -> NK T (PBMC_Early)",0.0480717551821075,"CX3CR1+ NK -> NK T","PBMC_Early"
"CXCR5- Naïve B","NK T","HLA-C","CD8B",0.307678638631708,3,"HLA-C_CD8B","HLA-C - CD8B","MHC-I","Cell-Cell Contact","KEGG: hsa04514","CXCR5- Naïve B -> NK T (PBMC_Early)",0.0387686097882619,"CXCR5- Naïve B -> NK T","PBMC_Early"
"CXCR5+ Naïve B","NK T","HLA-C","CD8B",0.300481266082111,3,"HLA-C_CD8B","HLA-C - CD8B","MHC-I","Cell-Cell Contact","KEGG: hsa04514","CXCR5+ Naïve B -> NK T (PBMC_Early)",0.0358649602728426,"CXCR5+ Naïve B -> NK T","PBMC_Early"
"CXCR6+ NK","NK T","HLA-C","CD8B",0.325298196347707,3,"HLA-C_CD8B","HLA-C - CD8B","MHC-I","Cell-Cell Contact","KEGG: hsa04514","CXCR6+ NK -> NK T (PBMC_Early)",0.046231101988167,"CXCR6+ NK -> NK T","PBMC_Early"
"Cycling Treg","NK T","HLA-C","CD8B",0.267845123959291,3,"HLA-C_CD8B","HLA-C - CD8B","MHC-I","Cell-Cell Contact","KEGG: hsa04514","Cycling Treg -> NK T (PBMC_Early)",0.0239089871922801,"Cycling Treg -> NK T","PBMC_Early"
"DC1","NK T","HLA-C","CD8B",0.304125199248564,3,"HLA-C_CD8B","HLA-C - CD8B","MHC-I","Cell-Cell Contact","KEGG: hsa04514","DC1 -> NK T (PBMC_Early)",0.0373239709370065,"DC1 -> NK T","PBMC_Early"
"DC2","NK T","HLA-C","CD8B",0.291664604472643,3,"HLA-C_CD8B","HLA-C - CD8B","MHC-I","Cell-Cell Contact","KEGG: hsa04514","DC2 -> NK T (PBMC_Early)",0.0324324546748055,"DC2 -> NK T","PBMC_Early"
"DNQ T","NK T","HLA-C","CD8B",0.2594302820604,3,"HLA-C_CD8B","HLA-C - CD8B","MHC-I","Cell-Cell Contact","KEGG: hsa04514","DNQ T -> NK T (PBMC_Early)",0.0211820716066405,"DNQ T -> NK T","PBMC_Early"
"DPP T","NK T","HLA-C","CD8B",0.245000950289697,3,"HLA-C_CD8B","HLA-C - CD8B","MHC-I","Cell-Cell Contact","KEGG: hsa04514","NA",0.0168801513848542,"DPP T -> NK T","PBMC_Early"
"Early_ERY","NK T","HLA-C","CD8B",0.157915173204441,3,"HLA-C_CD8B","HLA-C - CD8B","MHC-I","Cell-Cell Contact","KEGG: hsa04514","Early_ERY -> NK T (PBMC_Early)",0.00177755987088833,"Early_ERY -> NK T","PBMC_Early"
"Endothelial cells","NK T","HLA-C","CD8B",0.327027350378234,3,"HLA-C_CD8B","HLA-C - CD8B","MHC-I","Cell-Cell Contact","KEGG: hsa04514","Endothelial cells -> NK T (PBMC_Early)",0.046988696030352,"Endothelial cells -> NK T","PBMC_Early"
"Gamma Delta V1 T","NK T","HLA-C","CD8B",0.314121001872745,3,"HLA-C_CD8B","HLA-C - CD8B","MHC-I","Cell-Cell Contact","KEGG: hsa04514","Gamma Delta V1 T -> NK T (PBMC_Early)",0.0414409150797465,"Gamma Delta V1 T -> NK T","PBMC_Early"
"Gamma Delta V2 T","NK T","HLA-C","CD8B",0.318928180928755,3,"HLA-C_CD8B","HLA-C - CD8B","MHC-I","Cell-Cell Contact","KEGG: hsa04514","Gamma Delta V2 T -> NK T (PBMC_Early)",0.0434779155020425,"Gamma Delta V2 T -> NK T","PBMC_Early"
"GNG4 +CD8aa+T","NK T","HLA-C","CD8B",0.28989396469847,3,"HLA-C_CD8B","HLA-C - CD8B","MHC-I","Cell-Cell Contact","KEGG: hsa04514","GNG4 +CD8aa+T -> NK T (PBMC_Early)",0.0317603333331756,"GNG4 +CD8aa+T -> NK T","PBMC_Early"
"HSC_MPP","NK T","HLA-C","CD8B",0.256815658828793,3,"HLA-C_CD8B","HLA-C - CD8B","MHC-I","Cell-Cell Contact","KEGG: hsa04514","HSC_MPP -> NK T (PBMC_Early)",0.0203669138890368,"HSC_MPP -> NK T","PBMC_Early"
"ILC2/3","NK T","HLA-C","CD8B",0.298371115500735,3,"HLA-C_CD8B","HLA-C - CD8B","MHC-I","Cell-Cell Contact","KEGG: hsa04514","ILC2/3 -> NK T (PBMC_Early)",0.0350306861127577,"ILC2/3 -> NK T","PBMC_Early"
"Large pre-B","NK T","HLA-C","CD8B",0.261789352375509,3,"HLA-C_CD8B","HLA-C - CD8B","MHC-I","Cell-Cell Contact","KEGG: hsa04514","Large pre-B -> NK T (PBMC_Early)",0.0219307600497288,"Large pre-B -> NK T","PBMC_Early"
"Macrophages","NK T","HLA-C","CD8B",0.285024775646382,3,"HLA-C_CD8B","HLA-C - CD8B","MHC-I","Cell-Cell Contact","KEGG: hsa04514","Macrophages -> NK T (PBMC_Early)",0.0299427836074244,"Macrophages -> NK T","PBMC_Early"
"Megakaryocytes","NK T","HLA-C","CD8B",0.308540631090543,3,"HLA-C_CD8B","HLA-C - CD8B","MHC-I","Cell-Cell Contact","KEGG: hsa04514","Megakaryocytes -> NK T (PBMC_Early)",0.0391222382486839,"Megakaryocytes -> NK T","PBMC_Early"
"MEMP","NK T","HLA-C","CD8B",0.231701736855454,3,"HLA-C_CD8B","HLA-C - CD8B","MHC-I","Cell-Cell Contact","KEGG: hsa04514","MEMP -> NK T (PBMC_Early)",0.0133546129627671,"MEMP -> NK T","PBMC_Early"
"MEP","NK T","HLA-C","CD8B",0.249320110384258,3,"HLA-C_CD8B","HLA-C - CD8B","MHC-I","Cell-Cell Contact","KEGG: hsa04514","MEP -> NK T (PBMC_Early)",0.0181169394253441,"MEP -> NK T","PBMC_Early"
"Myeloid-CD177","NK T","HLA-C","CD8B",0.212320052588562,3,"HLA-C_CD8B","HLA-C - CD8B","MHC-I","Cell-Cell Contact","KEGG: hsa04514","Myeloid-CD177 -> NK T (PBMC_Early)",0.00900594175104078,"Myeloid-CD177 -> NK T","PBMC_Early"
"Naïve CD4 T","NK T","HLA-C","CD8B",0.306974318333093,3,"HLA-C_CD8B","HLA-C - CD8B","MHC-I","Cell-Cell Contact","KEGG: hsa04514","Naïve CD4 T -> NK T (PBMC_Early)",0.0384805830818343,"Naïve CD4 T -> NK T","PBMC_Early"
"Naïve CD8 T","NK T","HLA-C","CD8B",0.309925735414224,3,"HLA-C_CD8B","HLA-C - CD8B","MHC-I","Cell-Cell Contact","KEGG: hsa04514","Naïve CD8 T -> NK T (PBMC_Early)",0.0396930400111367,"Naïve CD8 T -> NK T","PBMC_Early"
"NK T","NK T","HLA-C","CD8B",0.323747914763695,3,"HLA-C_CD8B","HLA-C - CD8B","MHC-I","Cell-Cell Contact","KEGG: hsa04514","NK T -> NK T (PBMC_Early)",0.0455555424840891,"NK T -> NK T","PBMC_Early"
"Others","NK T","HLA-C","CD8B",0.270247275890053,3,"HLA-C_CD8B","HLA-C - CD8B","MHC-I","Cell-Cell Contact","KEGG: hsa04514","Others -> NK T (PBMC_Early)",0.0247157442385144,"Others -> NK T","PBMC_Early"
"pDC","NK T","HLA-C","CD8B",0.279240695932979,3,"HLA-C_CD8B","HLA-C - CD8B","MHC-I","Cell-Cell Contact","KEGG: hsa04514","pDC -> NK T (PBMC_Early)",0.0278439406419132,"pDC -> NK T","PBMC_Early"
"Pro-B","NK T","HLA-C","CD8B",0.287374369058274,3,"HLA-C_CD8B","HLA-C - CD8B","MHC-I","Cell-Cell Contact","KEGG: hsa04514","Pro-B -> NK T (PBMC_Early)",0.0308141445839497,"Pro-B -> NK T","PBMC_Early"
"Small pre-B","NK T","HLA-C","CD8B",0.295576678924131,3,"HLA-C_CD8B","HLA-C - CD8B","MHC-I","Cell-Cell Contact","KEGG: hsa04514","NA",0.033938105223986,"Small pre-B -> NK T","PBMC_Early"
"Tem","NK T","HLA-C","CD8B",0.320756495353489,3,"HLA-C_CD8B","HLA-C - CD8B","MHC-I","Cell-Cell Contact","KEGG: hsa04514","Tem -> NK T (PBMC_Early)",0.0442619550395498,"Tem -> NK T","PBMC_Early"
"Th17like_INNATE_T","NK T","HLA-C","CD8B",0.317889303360244,3,"HLA-C_CD8B","HLA-C - CD8B","MHC-I","Cell-Cell Contact","KEGG: hsa04514","Th17like_INNATE_T -> NK T (PBMC_Early)",0.0430346733333373,"Th17like_INNATE_T -> NK T","PBMC_Early"
"Treg","NK T","HLA-C","CD8B",0.315513073898427,3,"HLA-C_CD8B","HLA-C - CD8B","MHC-I","Cell-Cell Contact","KEGG: hsa04514","Treg -> NK T (PBMC_Early)",0.0420270941290321,"Treg -> NK T","PBMC_Early"
"abTentry","Naïve CD8 T","HLA-C","CD8B",0.455207439210687,3,"HLA-C_CD8B","HLA-C - CD8B","MHC-I","Cell-Cell Contact","KEGG: hsa04514","abTentry -> Naïve CD8 T (PBMC_Late)",0.111158223729354,"abTentry -> Naïve CD8 T","PBMC_Late"
"CD14+PPBP+ Monocytes","Naïve CD8 T","HLA-C","CD8B",0.568714624851931,3,"HLA-C_CD8B","HLA-C - CD8B","MHC-I","Cell-Cell Contact","KEGG: hsa04514","CD14+PPBP+ Monocytes -> Naïve CD8 T (PBMC_Late)",0.172328778428252,"CD14+PPBP+ Monocytes -> Naïve CD8 T","PBMC_Late"
"CD56highCD16low NK","Naïve CD8 T","HLA-C","CD8B",0.511742395091833,3,"HLA-C_CD8B","HLA-C - CD8B","MHC-I","Cell-Cell Contact","KEGG: hsa04514","CD56highCD16low NK -> Naïve CD8 T (PBMC_Late)",0.141690783122176,"CD56highCD16low NK -> Naïve CD8 T","PBMC_Late"
"Classical Monocytes","Naïve CD8 T","HLA-C","CD8B",0.552765851707896,3,"HLA-C_CD8B","HLA-C - CD8B","MHC-I","Cell-Cell Contact","KEGG: hsa04514","Classical Monocytes -> Naïve CD8 T (PBMC_Late)",0.163804070611926,"Classical Monocytes -> Naïve CD8 T","PBMC_Late"
"CX3CR1+ NK","Naïve CD8 T","HLA-C","CD8B",0.659633378523292,3,"HLA-C_CD8B","HLA-C - CD8B","MHC-I","Cell-Cell Contact","KEGG: hsa04514","CX3CR1+ NK -> Naïve CD8 T (PBMC_Late)",0.219589885305735,"CX3CR1+ NK -> Naïve CD8 T","PBMC_Late"
"CXCR5- Naïve B","Naïve CD8 T","HLA-C","CD8B",0.572969777402396,3,"HLA-C_CD8B","HLA-C - CD8B","MHC-I","Cell-Cell Contact","KEGG: hsa04514","CXCR5- Naïve B -> Naïve CD8 T (PBMC_Late)",0.174593868662957,"CXCR5- Naïve B -> Naïve CD8 T","PBMC_Late"
"CXCR5+ Naïve B","Naïve CD8 T","HLA-C","CD8B",0.556092867233951,3,"HLA-C_CD8B","HLA-C - CD8B","MHC-I","Cell-Cell Contact","KEGG: hsa04514","CXCR5+ Naïve B -> Naïve CD8 T (PBMC_Late)",0.165586627474705,"CXCR5+ Naïve B -> Naïve CD8 T","PBMC_Late"
"CXCR6+ NK","Naïve CD8 T","HLA-C","CD8B",0.630016960098825,3,"HLA-C_CD8B","HLA-C - CD8B","MHC-I","Cell-Cell Contact","KEGG: hsa04514","CXCR6+ NK -> Naïve CD8 T (PBMC_Late)",0.20448536782516,"CXCR6+ NK -> Naïve CD8 T","PBMC_Late"
"Cycling Treg","Naïve CD8 T","HLA-C","CD8B",0.42492171126583,3,"HLA-C_CD8B","HLA-C - CD8B","MHC-I","Cell-Cell Contact","KEGG: hsa04514","Cycling Treg -> Naïve CD8 T (PBMC_Late)",0.0950478634218702,"Cycling Treg -> Naïve CD8 T","PBMC_Late"
"DC1","Naïve CD8 T","HLA-C","CD8B",0.603167086424775,3,"HLA-C_CD8B","HLA-C - CD8B","MHC-I","Cell-Cell Contact","KEGG: hsa04514","DC1 -> Naïve CD8 T (PBMC_Late)",0.190535757665155,"DC1 -> Naïve CD8 T","PBMC_Late"
"DC2","Naïve CD8 T","HLA-C","CD8B",0.545343856892832,3,"HLA-C_CD8B","HLA-C - CD8B","MHC-I","Cell-Cell Contact","KEGG: hsa04514","DC2 -> Naïve CD8 T (PBMC_Late)",0.159820263964603,"DC2 -> Naïve CD8 T","PBMC_Late"
"DNQ T","Naïve CD8 T","HLA-C","CD8B",0.420480125838693,3,"HLA-C_CD8B","HLA-C - CD8B","MHC-I","Cell-Cell Contact","KEGG: hsa04514","DNQ T -> Naïve CD8 T (PBMC_Late)",0.0927141952524735,"DNQ T -> Naïve CD8 T","PBMC_Late"
"Early_ERY","Naïve CD8 T","HLA-C","CD8B",0.243895096982297,3,"HLA-C_CD8B","HLA-C - CD8B","MHC-I","Cell-Cell Contact","KEGG: hsa04514","Early_ERY -> Naïve CD8 T (PBMC_Late)",0.0165706300713281,"Early_ERY -> Naïve CD8 T","PBMC_Late"
"Endothelial cells","Naïve CD8 T","HLA-C","CD8B",0.570331319664061,3,"HLA-C_CD8B","HLA-C - CD8B","MHC-I","Cell-Cell Contact","KEGG: hsa04514","Endothelial cells -> Naïve CD8 T (PBMC_Late)",0.173189865399855,"Endothelial cells -> Naïve CD8 T","PBMC_Late"
"Gamma Delta V1 T","Naïve CD8 T","HLA-C","CD8B",0.575307162959902,3,"HLA-C_CD8B","HLA-C - CD8B","MHC-I","Cell-Cell Contact","KEGG: hsa04514","Gamma Delta V1 T -> Naïve CD8 T (PBMC_Late)",0.175836288905821,"Gamma Delta V1 T -> Naïve CD8 T","PBMC_Late"
"Gamma Delta V2 T","Naïve CD8 T","HLA-C","CD8B",0.595653960051579,3,"HLA-C_CD8B","HLA-C - CD8B","MHC-I","Cell-Cell Contact","KEGG: hsa04514","Gamma Delta V2 T -> Naïve CD8 T (PBMC_Late)",0.186592705567233,"Gamma Delta V2 T -> Naïve CD8 T","PBMC_Late"
"GNG4 +CD8aa+T","Naïve CD8 T","HLA-C","CD8B",0.482426165874913,3,"HLA-C_CD8B","HLA-C - CD8B","MHC-I","Cell-Cell Contact","KEGG: hsa04514","GNG4 +CD8aa+T -> Naïve CD8 T (PBMC_Late)",0.125825902080044,"GNG4 +CD8aa+T -> Naïve CD8 T","PBMC_Late"
"HSC_MPP","Naïve CD8 T","HLA-C","CD8B",0.451408018789287,3,"HLA-C_CD8B","HLA-C - CD8B","MHC-I","Cell-Cell Contact","KEGG: hsa04514","HSC_MPP -> Naïve CD8 T (PBMC_Late)",0.109121784532122,"HSC_MPP -> Naïve CD8 T","PBMC_Late"
"ILC2/3","Naïve CD8 T","HLA-C","CD8B",0.573181688086672,3,"HLA-C_CD8B","HLA-C - CD8B","MHC-I","Cell-Cell Contact","KEGG: hsa04514","ILC2/3 -> Naïve CD8 T (PBMC_Late)",0.174706561922917,"ILC2/3 -> Naïve CD8 T","PBMC_Late"
"Large pre-B","Naïve CD8 T","HLA-C","CD8B",0.500065453106269,3,"HLA-C_CD8B","HLA-C - CD8B","MHC-I","Cell-Cell Contact","KEGG: hsa04514","Large pre-B -> Naïve CD8 T (PBMC_Late)",0.135370715695113,"Large pre-B -> Naïve CD8 T","PBMC_Late"
"Macrophages","Naïve CD8 T","HLA-C","CD8B",0.59945656215273,3,"HLA-C_CD8B","HLA-C - CD8B","MHC-I","Cell-Cell Contact","KEGG: hsa04514","Macrophages -> Naïve CD8 T (PBMC_Late)",0.188590442759301,"Macrophages -> Naïve CD8 T","PBMC_Late"
"Megakaryocytes","Naïve CD8 T","HLA-C","CD8B",0.530212076149479,3,"HLA-C_CD8B","HLA-C - CD8B","MHC-I","Cell-Cell Contact","KEGG: hsa04514","Megakaryocytes -> Naïve CD8 T (PBMC_Late)",0.151671578009881,"Megakaryocytes -> Naïve CD8 T","PBMC_Late"
"MEMP","Naïve CD8 T","HLA-C","CD8B",0.3838903201726,3,"HLA-C_CD8B","HLA-C - CD8B","MHC-I","Cell-Cell Contact","KEGG: hsa04514","MEMP -> Naïve CD8 T (PBMC_Late)",0.0739097375514372,"MEMP -> Naïve CD8 T","PBMC_Late"
"MEP","Naïve CD8 T","HLA-C","CD8B",0.417131682273998,3,"HLA-C_CD8B","HLA-C - CD8B","MHC-I","Cell-Cell Contact","KEGG: hsa04514","MEP -> Naïve CD8 T (PBMC_Late)",0.090960994514366,"MEP -> Naïve CD8 T","PBMC_Late"
"Myeloid-CD177","Naïve CD8 T","HLA-C","CD8B",0.304531576711642,3,"HLA-C_CD8B","HLA-C - CD8B","MHC-I","Cell-Cell Contact","KEGG: hsa04514","Myeloid-CD177 -> Naïve CD8 T (PBMC_Late)",0.0374881001407761,"Myeloid-CD177 -> Naïve CD8 T","PBMC_Late"
"Naïve CD4 T","Naïve CD8 T","HLA-C","CD8B",0.560122661775812,3,"HLA-C_CD8B","HLA-C - CD8B","MHC-I","Cell-Cell Contact","KEGG: hsa04514","Naïve CD4 T -> Naïve CD8 T (PBMC_Late)",0.16774283263622,"Naïve CD4 T -> Naïve CD8 T","PBMC_Late"
"Naïve CD8 T","Naïve CD8 T","HLA-C","CD8B",0.565155163453196,3,"HLA-C_CD8B","HLA-C - CD8B","MHC-I","Cell-Cell Contact","KEGG: hsa04514","Naïve CD8 T -> Naïve CD8 T (PBMC_Late)",0.170430860477088,"Naïve CD8 T -> Naïve CD8 T","PBMC_Late"
"NK T","Naïve CD8 T","HLA-C","CD8B",0.603021881259749,3,"HLA-C_CD8B","HLA-C - CD8B","MHC-I","Cell-Cell Contact","KEGG: hsa04514","NK T -> Naïve CD8 T (PBMC_Late)",0.190459707324565,"NK T -> Naïve CD8 T","PBMC_Late"
"Others","Naïve CD8 T","HLA-C","CD8B",0.579451500595213,3,"HLA-C_CD8B","HLA-C - CD8B","MHC-I","Cell-Cell Contact","KEGG: hsa04514","Others -> Naïve CD8 T (PBMC_Late)",0.178035916300846,"Others -> Naïve CD8 T","PBMC_Late"
"pDC","Naïve CD8 T","HLA-C","CD8B",0.508816837320322,3,"HLA-C_CD8B","HLA-C - CD8B","MHC-I","Cell-Cell Contact","KEGG: hsa04514","pDC -> Naïve CD8 T (PBMC_Late)",0.140107713864965,"pDC -> Naïve CD8 T","PBMC_Late"
"Pro-B","Naïve CD8 T","HLA-C","CD8B",0.499828710764496,3,"HLA-C_CD8B","HLA-C - CD8B","MHC-I","Cell-Cell Contact","KEGG: hsa04514","Pro-B -> Naïve CD8 T (PBMC_Late)",0.135242557331432,"Pro-B -> Naïve CD8 T","PBMC_Late"
"Tem","Naïve CD8 T","HLA-C","CD8B",0.60766974356972,3,"HLA-C_CD8B","HLA-C - CD8B","MHC-I","Cell-Cell Contact","KEGG: hsa04514","Tem -> Naïve CD8 T (PBMC_Late)",0.192890863541633,"Tem -> Naïve CD8 T","PBMC_Late"
"Th17like_INNATE_T","Naïve CD8 T","HLA-C","CD8B",0.599425972088077,3,"HLA-C_CD8B","HLA-C - CD8B","MHC-I","Cell-Cell Contact","KEGG: hsa04514","Th17like_INNATE_T -> Naïve CD8 T (PBMC_Late)",0.188574388572416,"Th17like_INNATE_T -> Naïve CD8 T","PBMC_Late"
"Treg","Naïve CD8 T","HLA-C","CD8B",0.587332421931518,3,"HLA-C_CD8B","HLA-C - CD8B","MHC-I","Cell-Cell Contact","KEGG: hsa04514","Treg -> Naïve CD8 T (PBMC_Late)",0.182206738319944,"Treg -> Naïve CD8 T","PBMC_Late"
"abTentry","NK T","HLA-C","CD8B",0.352574548612528,3,"HLA-C_CD8B","HLA-C - CD8B","MHC-I","Cell-Cell Contact","KEGG: hsa04514","abTentry -> NK T (PBMC_Late)",0.0586434376114597,"abTentry -> NK T","PBMC_Late"
"CD14+PPBP+ Monocytes","NK T","HLA-C","CD8B",0.422872906343744,3,"HLA-C_CD8B","HLA-C - CD8B","MHC-I","Cell-Cell Contact","KEGG: hsa04514","CD14+PPBP+ Monocytes -> NK T (PBMC_Late)",0.0939702806970579,"CD14+PPBP+ Monocytes -> NK T","PBMC_Late"
"CD56highCD16low NK","NK T","HLA-C","CD8B",0.388014166649785,3,"HLA-C_CD8B","HLA-C - CD8B","MHC-I","Cell-Cell Contact","KEGG: hsa04514","CD56highCD16low NK -> NK T (PBMC_Late)",0.0759845318262047,"CD56highCD16low NK -> NK T","PBMC_Late"
"Classical Monocytes","NK T","HLA-C","CD8B",0.413192033697239,3,"HLA-C_CD8B","HLA-C - CD8B","MHC-I","Cell-Cell Contact","KEGG: hsa04514","Classical Monocytes -> NK T (PBMC_Late)",0.0889054185216229,"Classical Monocytes -> NK T","PBMC_Late"
"CX3CR1+ NK","NK T","HLA-C","CD8B",0.477073736650469,3,"HLA-C_CD8B","HLA-C - CD8B","MHC-I","Cell-Cell Contact","KEGG: hsa04514","CX3CR1+ NK -> NK T (PBMC_Late)",0.122933461554403,"CX3CR1+ NK -> NK T","PBMC_Late"
"CXCR5- Naïve B","NK T","HLA-C","CD8B",0.425446250905657,3,"HLA-C_CD8B","HLA-C - CD8B","MHC-I","Cell-Cell Contact","KEGG: hsa04514","CXCR5- Naïve B -> NK T (PBMC_Late)",0.0953240466222697,"CXCR5- Naïve B -> NK T","PBMC_Late"
"CXCR5+ Naïve B","NK T","HLA-C","CD8B",0.415216261425486,3,"HLA-C_CD8B","HLA-C - CD8B","MHC-I","Cell-Cell Contact","KEGG: hsa04514","CXCR5+ Naïve B -> NK T (PBMC_Late)",0.0899605968784024,"CXCR5+ Naïve B -> NK T","PBMC_Late"
"CXCR6+ NK","NK T","HLA-C","CD8B",0.459588298583399,3,"HLA-C_CD8B","HLA-C - CD8B","MHC-I","Cell-Cell Contact","KEGG: hsa04514","CXCR6+ NK -> NK T (PBMC_Late)",0.113510442115205,"CXCR6+ NK -> NK T","PBMC_Late"
"Cycling Treg","NK T","HLA-C","CD8B",0.333180061529573,3,"HLA-C_CD8B","HLA-C - CD8B","MHC-I","Cell-Cell Contact","KEGG: hsa04514","Cycling Treg -> NK T (PBMC_Late)",0.0497184055809065,"Cycling Treg -> NK T","PBMC_Late"
"DC1","NK T","HLA-C","CD8B",0.443599018229058,3,"HLA-C_CD8B","HLA-C - CD8B","MHC-I","Cell-Cell Contact","KEGG: hsa04514","DC1 -> NK T (PBMC_Late)",0.104948226946244,"DC1 -> NK T","PBMC_Late"
"DC2","NK T","HLA-C","CD8B",0.408667107416856,3,"HLA-C_CD8B","HLA-C - CD8B","MHC-I","Cell-Cell Contact","KEGG: hsa04514","DC2 -> NK T (PBMC_Late)",0.0865546375581806,"DC2 -> NK T","PBMC_Late"
"DNQ T","NK T","HLA-C","CD8B",0.330309005137191,3,"HLA-C_CD8B","HLA-C - CD8B","MHC-I","Cell-Cell Contact","KEGG: hsa04514","DNQ T -> NK T (PBMC_Late)",0.0484381199943509,"DNQ T -> NK T","PBMC_Late"
"Early_ERY","NK T","HLA-C","CD8B",0.20882694169301,3,"HLA-C_CD8B","HLA-C - CD8B","MHC-I","Cell-Cell Contact","KEGG: hsa04514","Early_ERY -> NK T (PBMC_Late)",0.0083236522729617,"Early_ERY -> NK T","PBMC_Late"
"Endothelial cells","NK T","HLA-C","CD8B",0.423851081956051,3,"HLA-C_CD8B","HLA-C - CD8B","MHC-I","Cell-Cell Contact","KEGG: hsa04514","Endothelial cells -> NK T (PBMC_Late)",0.0944845253896566,"Endothelial cells -> NK T","PBMC_Late"
"Gamma Delta V1 T","NK T","HLA-C","CD8B",0.426858140548479,3,"HLA-C_CD8B","HLA-C - CD8B","MHC-I","Cell-Cell Contact","KEGG: hsa04514","Gamma Delta V1 T -> NK T (PBMC_Late)",0.0960680317578703,"Gamma Delta V1 T -> NK T","PBMC_Late"
"Gamma Delta V2 T","NK T","HLA-C","CD8B",0.43910000603755,3,"HLA-C_CD8B","HLA-C - CD8B","MHC-I","Cell-Cell Contact","KEGG: hsa04514","Gamma Delta V2 T -> NK T (PBMC_Late)",0.102551975583441,"Gamma Delta V2 T -> NK T","PBMC_Late"
"GNG4 +CD8aa+T","NK T","HLA-C","CD8B",0.369752969951003,3,"HLA-C_CD8B","HLA-C - CD8B","MHC-I","Cell-Cell Contact","KEGG: hsa04514","GNG4 +CD8aa+T -> NK T (PBMC_Late)",0.0669032077601255,"GNG4 +CD8aa+T -> NK T","PBMC_Late"
"HSC_MPP","NK T","HLA-C","CD8B",0.35015826388282,3,"HLA-C_CD8B","HLA-C - CD8B","MHC-I","Cell-Cell Contact","KEGG: hsa04514","HSC_MPP -> NK T (PBMC_Late)",0.0575068337156326,"HSC_MPP -> NK T","PBMC_Late"
"ILC2/3","NK T","HLA-C","CD8B",0.425574303312383,3,"HLA-C_CD8B","HLA-C - CD8B","MHC-I","Cell-Cell Contact","KEGG: hsa04514","ILC2/3 -> NK T (PBMC_Late)",0.0953914875758777,"ILC2/3 -> NK T","PBMC_Late"
"Large pre-B","NK T","HLA-C","CD8B",0.380768982458558,3,"HLA-C_CD8B","HLA-C - CD8B","MHC-I","Cell-Cell Contact","KEGG: hsa04514","Large pre-B -> NK T (PBMC_Late)",0.0723482265046513,"Large pre-B -> NK T","PBMC_Late"
"Macrophages","NK T","HLA-C","CD8B",0.441378484169345,3,"HLA-C_CD8B","HLA-C - CD8B","MHC-I","Cell-Cell Contact","KEGG: hsa04514","Macrophages -> NK T (PBMC_Late)",0.103764720996527,"Macrophages -> NK T","PBMC_Late"
"Megakaryocytes","NK T","HLA-C","CD8B",0.399401212965474,3,"HLA-C_CD8B","HLA-C - CD8B","MHC-I","Cell-Cell Contact","KEGG: hsa04514","Megakaryocytes -> NK T (PBMC_Late)",0.0817779174498276,"Megakaryocytes -> NK T","PBMC_Late"
"MEMP","NK T","HLA-C","CD8B",0.30637308064541,3,"HLA-C_CD8B","HLA-C - CD8B","MHC-I","Cell-Cell Contact","KEGG: hsa04514","MEMP -> NK T (PBMC_Late)",0.0382353676793083,"MEMP -> NK T","PBMC_Late"
"MEP","NK T","HLA-C","CD8B",0.328139824777487,3,"HLA-C_CD8B","HLA-C - CD8B","MHC-I","Cell-Cell Contact","KEGG: hsa04514","MEP -> NK T (PBMC_Late)",0.0474783547356547,"MEP -> NK T","PBMC_Late"
"Myeloid-CD177","NK T","HLA-C","CD8B",0.25242197200467,3,"HLA-C_CD8B","HLA-C - CD8B","MHC-I","Cell-Cell Contact","KEGG: hsa04514","Myeloid-CD177 -> NK T (PBMC_Late)",0.0190322519757508,"Myeloid-CD177 -> NK T","PBMC_Late"
"Naïve CD4 T","NK T","HLA-C","CD8B",0.417664700788232,3,"HLA-C_CD8B","HLA-C - CD8B","MHC-I","Cell-Cell Contact","KEGG: hsa04514","Naïve CD4 T -> NK T (PBMC_Late)",0.0912397099766807,"Naïve CD4 T -> NK T","PBMC_Late"
"Naïve CD8 T","NK T","HLA-C","CD8B",0.420717246542658,3,"HLA-C_CD8B","HLA-C - CD8B","MHC-I","Cell-Cell Contact","KEGG: hsa04514","Naïve CD8 T -> NK T (PBMC_Late)",0.092838552475623,"Naïve CD8 T -> NK T","PBMC_Late"
"NK T","NK T","HLA-C","CD8B",0.443512172432591,3,"HLA-C_CD8B","HLA-C - CD8B","MHC-I","Cell-Cell Contact","KEGG: hsa04514","NK T -> NK T (PBMC_Late)",0.104901910850995,"NK T -> NK T","PBMC_Late"
"Others","NK T","HLA-C","CD8B",0.429358640149507,3,"HLA-C_CD8B","HLA-C - CD8B","MHC-I","Cell-Cell Contact","KEGG: hsa04514","Others -> NK T (PBMC_Late)",0.097387709540842,"Others -> NK T","PBMC_Late"
"pDC","NK T","HLA-C","CD8B",0.386202376941991,3,"HLA-C_CD8B","HLA-C - CD8B","MHC-I","Cell-Cell Contact","KEGG: hsa04514","pDC -> NK T (PBMC_Late)",0.0750713701513402,"pDC -> NK T","PBMC_Late"
"Pro-B","NK T","HLA-C","CD8B",0.380621709483928,3,"HLA-C_CD8B","HLA-C - CD8B","MHC-I","Cell-Cell Contact","KEGG: hsa04514","Pro-B -> NK T (PBMC_Late)",0.0722747454824987,"Pro-B -> NK T","PBMC_Late"
"Tem","NK T","HLA-C","CD8B",0.446289965473862,3,"HLA-C_CD8B","HLA-C - CD8B","MHC-I","Cell-Cell Contact","KEGG: hsa04514","Tem -> NK T (PBMC_Late)",0.106384468525656,"Tem -> NK T","PBMC_Late"
"Th17like_INNATE_T","NK T","HLA-C","CD8B",0.441360166450133,3,"HLA-C_CD8B","HLA-C - CD8B","MHC-I","Cell-Cell Contact","KEGG: hsa04514","Th17like_INNATE_T -> NK T (PBMC_Late)",0.10375496444352,"Th17like_INNATE_T -> NK T","PBMC_Late"
"Treg","NK T","HLA-C","CD8B",0.434103633750943,3,"HLA-C_CD8B","HLA-C - CD8B","MHC-I","Cell-Cell Contact","KEGG: hsa04514","Treg -> NK T (PBMC_Late)",0.099898820989673,"Treg -> NK T","PBMC_Late"
"abTentry","Naïve CD8 T","HLA-E","CD8A",0.458284343323088,3,"HLA-E_CD8A","HLA-E - CD8A","MHC-I","Cell-Cell Contact","KEGG: hsa04514","abTentry -> Naïve CD8 T (PBMC_Early)",0.112809873198654,"abTentry -> Naïve CD8 T","PBMC_Early"
"CD14+PPBP+ Monocytes","Naïve CD8 T","HLA-E","CD8A",0.525151716835538,3,"HLA-E_CD8A","HLA-E - CD8A","MHC-I","Cell-Cell Contact","KEGG: hsa04514","CD14+PPBP+ Monocytes -> Naïve CD8 T (PBMC_Early)",0.148940018093535,"CD14+PPBP+ Monocytes -> Naïve CD8 T","PBMC_Early"
"CD56highCD16low NK","Naïve CD8 T","HLA-E","CD8A",0.446191893405699,3,"HLA-E_CD8A","HLA-E - CD8A","MHC-I","Cell-Cell Contact","KEGG: hsa04514","CD56highCD16low NK -> Naïve CD8 T (PBMC_Early)",0.106332087038563,"CD56highCD16low NK -> Naïve CD8 T","PBMC_Early"
"Classical Monocytes","Naïve CD8 T","HLA-E","CD8A",0.453686007437752,3,"HLA-E_CD8A","HLA-E - CD8A","MHC-I","Cell-Cell Contact","KEGG: hsa04514","Classical Monocytes -> Naïve CD8 T (PBMC_Early)",0.110342335602428,"Classical Monocytes -> Naïve CD8 T","PBMC_Early"
"CX3CR1+ NK","Naïve CD8 T","HLA-E","CD8A",0.534902180107059,3,"HLA-E_CD8A","HLA-E - CD8A","MHC-I","Cell-Cell Contact","KEGG: hsa04514","CX3CR1+ NK -> Naïve CD8 T (PBMC_Early)",0.154200635015067,"CX3CR1+ NK -> Naïve CD8 T","PBMC_Early"
"CXCR5- Naïve B","Naïve CD8 T","HLA-E","CD8A",0.491764464184033,3,"HLA-E_CD8A","HLA-E - CD8A","MHC-I","Cell-Cell Contact","KEGG: hsa04514","CXCR5- Naïve B -> Naïve CD8 T (PBMC_Early)",0.130877458821375,"CXCR5- Naïve B -> Naïve CD8 T","PBMC_Early"
"CXCR5+ Naïve B","Naïve CD8 T","HLA-E","CD8A",0.482855281994001,3,"HLA-E_CD8A","HLA-E - CD8A","MHC-I","Cell-Cell Contact","KEGG: hsa04514","CXCR5+ Naïve B -> Naïve CD8 T (PBMC_Early)",0.126057906960341,"CXCR5+ Naïve B -> Naïve CD8 T","PBMC_Early"
"CXCR6+ NK","Naïve CD8 T","HLA-E","CD8A",0.516312966787763,3,"HLA-E_CD8A","HLA-E - CD8A","MHC-I","Cell-Cell Contact","KEGG: hsa04514","CXCR6+ NK -> Naïve CD8 T (PBMC_Early)",0.144163130053828,"CXCR6+ NK -> Naïve CD8 T","PBMC_Early"
"Cycling Treg","Naïve CD8 T","HLA-E","CD8A",0.41047845448778,3,"HLA-E_CD8A","HLA-E - CD8A","MHC-I","Cell-Cell Contact","KEGG: hsa04514","Cycling Treg -> Naïve CD8 T (PBMC_Early)",0.087494315044103,"Cycling Treg -> Naïve CD8 T","PBMC_Early"
"DC1","Naïve CD8 T","HLA-E","CD8A",0.400061753246708,3,"HLA-E_CD8A","HLA-E - CD8A","MHC-I","Cell-Cell Contact","KEGG: hsa04514","DC1 -> Naïve CD8 T (PBMC_Early)",0.082116681191138,"DC1 -> Naïve CD8 T","PBMC_Early"
"DC2","Naïve CD8 T","HLA-E","CD8A",0.414288196149305,3,"HLA-E_CD8A","HLA-E - CD8A","MHC-I","Cell-Cell Contact","KEGG: hsa04514","DC2 -> Naïve CD8 T (PBMC_Early)",0.0894765550101032,"DC2 -> Naïve CD8 T","PBMC_Early"
"DNQ T","Naïve CD8 T","HLA-E","CD8A",0.228190128527799,3,"HLA-E_CD8A","HLA-E - CD8A","MHC-I","Cell-Cell Contact","KEGG: hsa04514","DNQ T -> Naïve CD8 T (PBMC_Early)",0.0124964519812915,"DNQ T -> Naïve CD8 T","PBMC_Early"
"DPP T","Naïve CD8 T","HLA-E","CD8A",0.281604363640762,3,"HLA-E_CD8A","HLA-E - CD8A","MHC-I","Cell-Cell Contact","KEGG: hsa04514","NA",0.0286935954407476,"DPP T -> Naïve CD8 T","PBMC_Early"
"Endothelial cells","Naïve CD8 T","HLA-E","CD8A",0.539751424575177,3,"HLA-E_CD8A","HLA-E - CD8A","MHC-I","Cell-Cell Contact","KEGG: hsa04514","Endothelial cells -> Naïve CD8 T (PBMC_Early)",0.156812461890101,"Endothelial cells -> Naïve CD8 T","PBMC_Early"
"Gamma Delta V1 T","Naïve CD8 T","HLA-E","CD8A",0.510890613896426,3,"HLA-E_CD8A","HLA-E - CD8A","MHC-I","Cell-Cell Contact","KEGG: hsa04514","Gamma Delta V1 T -> Naïve CD8 T (PBMC_Early)",0.141229908220925,"Gamma Delta V1 T -> Naïve CD8 T","PBMC_Early"
"Gamma Delta V2 T","Naïve CD8 T","HLA-E","CD8A",0.520197629213671,3,"HLA-E_CD8A","HLA-E - CD8A","MHC-I","Cell-Cell Contact","KEGG: hsa04514","Gamma Delta V2 T -> Naïve CD8 T (PBMC_Early)",0.14626337801068,"Gamma Delta V2 T -> Naïve CD8 T","PBMC_Early"
"GNG4 +CD8aa+T","Naïve CD8 T","HLA-E","CD8A",0.449328770311925,3,"HLA-E_CD8A","HLA-E - CD8A","MHC-I","Cell-Cell Contact","KEGG: hsa04514","GNG4 +CD8aa+T -> Naïve CD8 T (PBMC_Early)",0.108008874016196,"GNG4 +CD8aa+T -> Naïve CD8 T","PBMC_Early"
"HSC_MPP","Naïve CD8 T","HLA-E","CD8A",0.379733807014286,3,"HLA-E_CD8A","HLA-E - CD8A","MHC-I","Cell-Cell Contact","KEGG: hsa04514","HSC_MPP -> Naïve CD8 T (PBMC_Early)",0.0718321105075283,"HSC_MPP -> Naïve CD8 T","PBMC_Early"
"ILC2/3","Naïve CD8 T","HLA-E","CD8A",0.488668575872627,3,"HLA-E_CD8A","HLA-E - CD8A","MHC-I","Cell-Cell Contact","KEGG: hsa04514","ILC2/3 -> Naïve CD8 T (PBMC_Early)",0.12920219156564,"ILC2/3 -> Naïve CD8 T","PBMC_Early"
"Large pre-B","Naïve CD8 T","HLA-E","CD8A",0.367211286511838,3,"HLA-E_CD8A","HLA-E - CD8A","MHC-I","Cell-Cell Contact","KEGG: hsa04514","Large pre-B -> Naïve CD8 T (PBMC_Early)",0.0656624638111552,"Large pre-B -> Naïve CD8 T","PBMC_Early"
"Macrophages","Naïve CD8 T","HLA-E","CD8A",0.514761145361215,3,"HLA-E_CD8A","HLA-E - CD8A","MHC-I","Cell-Cell Contact","KEGG: hsa04514","Macrophages -> Naïve CD8 T (PBMC_Early)",0.143323844213923,"Macrophages -> Naïve CD8 T","PBMC_Early"
"Megakaryocytes","Naïve CD8 T","HLA-E","CD8A",0.573090713295003,3,"HLA-E_CD8A","HLA-E - CD8A","MHC-I","Cell-Cell Contact","KEGG: hsa04514","Megakaryocytes -> Naïve CD8 T (PBMC_Early)",0.174658183192099,"Megakaryocytes -> Naïve CD8 T","PBMC_Early"
"MEMP","Naïve CD8 T","HLA-E","CD8A",0.316164534744351,3,"HLA-E_CD8A","HLA-E - CD8A","MHC-I","Cell-Cell Contact","KEGG: hsa04514","MEMP -> Naïve CD8 T (PBMC_Early)",0.0423024574297028,"MEMP -> Naïve CD8 T","PBMC_Early"
"MEP","Naïve CD8 T","HLA-E","CD8A",0.427992030936123,3,"HLA-E_CD8A","HLA-E - CD8A","MHC-I","Cell-Cell Contact","KEGG: hsa04514","MEP -> Naïve CD8 T (PBMC_Early)",0.096666139126449,"MEP -> Naïve CD8 T","PBMC_Early"
"Myeloid-CD177","Naïve CD8 T","HLA-E","CD8A",0.388303297107025,3,"HLA-E_CD8A","HLA-E - CD8A","MHC-I","Cell-Cell Contact","KEGG: hsa04514","Myeloid-CD177 -> Naïve CD8 T (PBMC_Early)",0.0761304862110713,"Myeloid-CD177 -> Naïve CD8 T","PBMC_Early"
"Naïve CD4 T","Naïve CD8 T","HLA-E","CD8A",0.524478196389675,3,"HLA-E_CD8A","HLA-E - CD8A","MHC-I","Cell-Cell Contact","KEGG: hsa04514","Naïve CD4 T -> Naïve CD8 T (PBMC_Early)",0.148576254636572,"Naïve CD4 T -> Naïve CD8 T","PBMC_Early"
"Naïve CD8 T","Naïve CD8 T","HLA-E","CD8A",0.522144573391475,3,"HLA-E_CD8A","HLA-E - CD8A","MHC-I","Cell-Cell Contact","KEGG: hsa04514","Naïve CD8 T -> Naïve CD8 T (PBMC_Early)",0.147315551584464,"Naïve CD8 T -> Naïve CD8 T","PBMC_Early"
"NK T","Naïve CD8 T","HLA-E","CD8A",0.532175307938732,3,"HLA-E_CD8A","HLA-E - CD8A","MHC-I","Cell-Cell Contact","KEGG: hsa04514","NK T -> Naïve CD8 T (PBMC_Early)",0.152730546833393,"NK T -> Naïve CD8 T","PBMC_Early"
"Others","Naïve CD8 T","HLA-E","CD8A",0.424117828898671,3,"HLA-E_CD8A","HLA-E - CD8A","MHC-I","Cell-Cell Contact","KEGG: hsa04514","Others -> Naïve CD8 T (PBMC_Early)",0.0946248334340543,"Others -> Naïve CD8 T","PBMC_Early"
"pDC","Naïve CD8 T","HLA-E","CD8A",0.39766115874394,3,"HLA-E_CD8A","HLA-E - CD8A","MHC-I","Cell-Cell Contact","KEGG: hsa04514","pDC -> Naïve CD8 T (PBMC_Early)",0.0808868728420342,"pDC -> Naïve CD8 T","PBMC_Early"
"Pro-B","Naïve CD8 T","HLA-E","CD8A",0.373815675054338,3,"HLA-E_CD8A","HLA-E - CD8A","MHC-I","Cell-Cell Contact","KEGG: hsa04514","Pro-B -> Naïve CD8 T (PBMC_Early)",0.0688988897413229,"Pro-B -> Naïve CD8 T","PBMC_Early"
"Small pre-B","Naïve CD8 T","HLA-E","CD8A",0.500199370422907,3,"HLA-E_CD8A","HLA-E - CD8A","MHC-I","Cell-Cell Contact","KEGG: hsa04514","NA",0.135443210641507,"Small pre-B -> Naïve CD8 T","PBMC_Early"
"Tem","Naïve CD8 T","HLA-E","CD8A",0.524942251147058,3,"HLA-E_CD8A","HLA-E - CD8A","MHC-I","Cell-Cell Contact","KEGG: hsa04514","Tem -> Naïve CD8 T (PBMC_Early)",0.148826891947409,"Tem -> Naïve CD8 T","PBMC_Early"
"Th17like_INNATE_T","Naïve CD8 T","HLA-E","CD8A",0.537537051151508,3,"HLA-E_CD8A","HLA-E - CD8A","MHC-I","Cell-Cell Contact","KEGG: hsa04514","Th17like_INNATE_T -> Naïve CD8 T (PBMC_Early)",0.15562019638532,"Th17like_INNATE_T -> Naïve CD8 T","PBMC_Early"
"Treg","Naïve CD8 T","HLA-E","CD8A",0.542761990051415,3,"HLA-E_CD8A","HLA-E - CD8A","MHC-I","Cell-Cell Contact","KEGG: hsa04514","Treg -> Naïve CD8 T (PBMC_Early)",0.158432252397358,"Treg -> Naïve CD8 T","PBMC_Early"
"abTentry","NK T","HLA-E","CD8A",0.28787445511708,3,"HLA-E_CD8A","HLA-E - CD8A","MHC-I","Cell-Cell Contact","KEGG: hsa04514","abTentry -> NK T (PBMC_Early)",0.0310009790572328,"abTentry -> NK T","PBMC_Early"
"CD14+PPBP+ Monocytes","NK T","HLA-E","CD8A",0.315864061329512,3,"HLA-E_CD8A","HLA-E - CD8A","MHC-I","Cell-Cell Contact","KEGG: hsa04514","CD14+PPBP+ Monocytes -> NK T (PBMC_Early)",0.0421753692688837,"CD14+PPBP+ Monocytes -> NK T","PBMC_Early"
"CD56highCD16low NK","NK T","HLA-E","CD8A",0.28263323929024,3,"HLA-E_CD8A","HLA-E - CD8A","MHC-I","Cell-Cell Contact","KEGG: hsa04514","CD56highCD16low NK -> NK T (PBMC_Early)",0.029066927551745,"CD56highCD16low NK -> NK T","PBMC_Early"
"Classical Monocytes","NK T","HLA-E","CD8A",0.285888463287619,3,"HLA-E_CD8A","HLA-E - CD8A","MHC-I","Cell-Cell Contact","KEGG: hsa04514","Classical Monocytes -> NK T (PBMC_Early)",0.0302618442807498,"Classical Monocytes -> NK T","PBMC_Early"
"CX3CR1+ NK","NK T","HLA-E","CD8A",0.31981913839275,3,"HLA-E_CD8A","HLA-E - CD8A","MHC-I","Cell-Cell Contact","KEGG: hsa04514","CX3CR1+ NK -> NK T (PBMC_Early)",0.0438593557248621,"CX3CR1+ NK -> NK T","PBMC_Early"
"CXCR5- Naïve B","NK T","HLA-E","CD8A",0.302087401823207,3,"HLA-E_CD8A","HLA-E - CD8A","MHC-I","Cell-Cell Contact","KEGG: hsa04514","CXCR5- Naïve B -> NK T (PBMC_Early)",0.0365052116331379,"CXCR5- Naïve B -> NK T","PBMC_Early"
"CXCR5+ Naïve B","NK T","HLA-E","CD8A",0.298346184688341,3,"HLA-E_CD8A","HLA-E - CD8A","MHC-I","Cell-Cell Contact","KEGG: hsa04514","CXCR5+ Naïve B -> NK T (PBMC_Early)",0.0350208766099946,"CXCR5+ Naïve B -> NK T","PBMC_Early"
"CXCR6+ NK","NK T","HLA-E","CD8A",0.312252885987679,3,"HLA-E_CD8A","HLA-E - CD8A","MHC-I","Cell-Cell Contact","KEGG: hsa04514","CXCR6+ NK -> NK T (PBMC_Early)",0.0406591063324306,"CXCR6+ NK -> NK T","PBMC_Early"
"Cycling Treg","NK T","HLA-E","CD8A",0.266784166977665,3,"HLA-E_CD8A","HLA-E - CD8A","MHC-I","Cell-Cell Contact","KEGG: hsa04514","Cycling Treg -> NK T (PBMC_Early)",0.0235566203383754,"Cycling Treg -> NK T","PBMC_Early"
"DC1","NK T","HLA-E","CD8A",0.262049126359656,3,"HLA-E_CD8A","HLA-E - CD8A","MHC-I","Cell-Cell Contact","KEGG: hsa04514","DC1 -> NK T (PBMC_Early)",0.0220139627027472,"DC1 -> NK T","PBMC_Early"
"DC2","NK T","HLA-E","CD8A",0.268502734104545,3,"HLA-E_CD8A","HLA-E - CD8A","MHC-I","Cell-Cell Contact","KEGG: hsa04514","DC2 -> NK T (PBMC_Early)",0.0241286134864679,"DC2 -> NK T","PBMC_Early"
"DNQ T","NK T","HLA-E","CD8A",0.173828287352979,3,"HLA-E_CD8A","HLA-E - CD8A","MHC-I","Cell-Cell Contact","KEGG: hsa04514","DNQ T -> NK T (PBMC_Early)",0.00317386999927266,"DNQ T -> NK T","PBMC_Early"
"DPP T","NK T","HLA-E","CD8A",0.203696576261441,3,"HLA-E_CD8A","HLA-E - CD8A","MHC-I","Cell-Cell Contact","KEGG: hsa04514","NA",0.00737792621475061,"DPP T -> NK T","PBMC_Early"
"Endothelial cells","NK T","HLA-E","CD8A",0.321775262313575,3,"HLA-E_CD8A","HLA-E - CD8A","MHC-I","Cell-Cell Contact","KEGG: hsa04514","Endothelial cells -> NK T (PBMC_Early)",0.0447010136354101,"Endothelial cells -> NK T","PBMC_Early"
"Gamma Delta V1 T","NK T","HLA-E","CD8A",0.310024982736776,3,"HLA-E_CD8A","HLA-E - CD8A","MHC-I","Cell-Cell Contact","KEGG: hsa04514","Gamma Delta V1 T -> NK T (PBMC_Early)",0.039734060718286,"Gamma Delta V1 T -> NK T","PBMC_Early"
"Gamma Delta V2 T","NK T","HLA-E","CD8A",0.313843097315002,3,"HLA-E_CD8A","HLA-E - CD8A","MHC-I","Cell-Cell Contact","KEGG: hsa04514","Gamma Delta V2 T -> NK T (PBMC_Early)",0.0413242600498279,"Gamma Delta V2 T -> NK T","PBMC_Early"
"GNG4 +CD8aa+T","NK T","HLA-E","CD8A",0.283998638511095,3,"HLA-E_CD8A","HLA-E - CD8A","MHC-I","Cell-Cell Contact","KEGG: hsa04514","GNG4 +CD8aa+T -> NK T (PBMC_Early)",0.0295656033944378,"GNG4 +CD8aa+T -> NK T","PBMC_Early"
"HSC_MPP","NK T","HLA-E","CD8A",0.252649319183214,3,"HLA-E_CD8A","HLA-E - CD8A","MHC-I","Cell-Cell Contact","KEGG: hsa04514","HSC_MPP -> NK T (PBMC_Early)",0.0191002206490444,"HSC_MPP -> NK T","PBMC_Early"
"ILC2/3","NK T","HLA-E","CD8A",0.300790590896115,3,"HLA-E_CD8A","HLA-E - CD8A","MHC-I","Cell-Cell Contact","KEGG: hsa04514","ILC2/3 -> NK T (PBMC_Early)",0.0359879154579297,"ILC2/3 -> NK T","PBMC_Early"
"Large pre-B","NK T","HLA-E","CD8A",0.246747416579426,3,"HLA-E_CD8A","HLA-E - CD8A","MHC-I","Cell-Cell Contact","KEGG: hsa04514","Large pre-B -> NK T (PBMC_Early)",0.0173749227262528,"Large pre-B -> NK T","PBMC_Early"
"Macrophages","NK T","HLA-E","CD8A",0.311616268580325,3,"HLA-E_CD8A","HLA-E - CD8A","MHC-I","Cell-Cell Contact","KEGG: hsa04514","Macrophages -> NK T (PBMC_Early)",0.0403939574405068,"Macrophages -> NK T","PBMC_Early"
"Megakaryocytes","NK T","HLA-E","CD8A",0.335038477896671,3,"HLA-E_CD8A","HLA-E - CD8A","MHC-I","Cell-Cell Contact","KEGG: hsa04514","Megakaryocytes -> NK T (PBMC_Early)",0.0505530599413941,"Megakaryocytes -> NK T","PBMC_Early"
"MEMP","NK T","HLA-E","CD8A",0.221698589656287,3,"HLA-E_CD8A","HLA-E - CD8A","MHC-I","Cell-Cell Contact","KEGG: hsa04514","MEMP -> NK T (PBMC_Early)",0.0109915486707915,"MEMP -> NK T","PBMC_Early"
"MEP","NK T","HLA-E","CD8A",0.274628187447905,3,"HLA-E_CD8A","HLA-E - CD8A","MHC-I","Cell-Cell Contact","KEGG: hsa04514","MEP -> NK T (PBMC_Early)",0.0262185835891879,"MEP -> NK T","PBMC_Early"
"Myeloid-CD177","NK T","HLA-E","CD8A",0.256638416610939,3,"HLA-E_CD8A","HLA-E - CD8A","MHC-I","Cell-Cell Contact","KEGG: hsa04514","Myeloid-CD177 -> NK T (PBMC_Early)",0.0203122166490224,"Myeloid-CD177 -> NK T","PBMC_Early"
"Naïve CD4 T","NK T","HLA-E","CD8A",0.315589764390663,3,"HLA-E_CD8A","HLA-E - CD8A","MHC-I","Cell-Cell Contact","KEGG: hsa04514","Naïve CD4 T -> NK T (PBMC_Early)",0.0420594756971141,"Naïve CD4 T -> NK T","PBMC_Early"
"Naïve CD8 T","NK T","HLA-E","CD8A",0.314638263963275,3,"HLA-E_CD8A","HLA-E - CD8A","MHC-I","Cell-Cell Contact","KEGG: hsa04514","Naïve CD8 T -> NK T (PBMC_Early)",0.0416583695990867,"Naïve CD8 T -> NK T","PBMC_Early"
"NK T","NK T","HLA-E","CD8A",0.318716004892651,3,"HLA-E_CD8A","HLA-E - CD8A","MHC-I","Cell-Cell Contact","KEGG: hsa04514","NK T -> NK T (PBMC_Early)",0.0433872556326268,"NK T -> NK T","PBMC_Early"
"Others","NK T","HLA-E","CD8A",0.272905241707598,3,"HLA-E_CD8A","HLA-E - CD8A","MHC-I","Cell-Cell Contact","KEGG: hsa04514","Others -> NK T (PBMC_Early)",0.0256227273832577,"Others -> NK T","PBMC_Early"
"pDC","NK T","HLA-E","CD8A",0.260950244994107,3,"HLA-E_CD8A","HLA-E - CD8A","MHC-I","Cell-Cell Contact","KEGG: hsa04514","pDC -> NK T (PBMC_Early)",0.0216630300566852,"pDC -> NK T","PBMC_Early"
"Pro-B","NK T","HLA-E","CD8A",0.249871056654576,3,"HLA-E_CD8A","HLA-E - CD8A","MHC-I","Cell-Cell Contact","KEGG: hsa04514","Pro-B -> NK T (PBMC_Early)",0.0182778715055177,"Pro-B -> NK T","PBMC_Early"
"Small pre-B","NK T","HLA-E","CD8A",0.305603478897331,3,"HLA-E_CD8A","HLA-E - CD8A","MHC-I","Cell-Cell Contact","KEGG: hsa04514","NA",0.0379223717051584,"Small pre-B -> NK T","PBMC_Early"
"Tem","NK T","HLA-E","CD8A",0.315778770005315,3,"HLA-E_CD8A","HLA-E - CD8A","MHC-I","Cell-Cell Contact","KEGG: hsa04514","Tem -> NK T (PBMC_Early)",0.0421393201266403,"Tem -> NK T","PBMC_Early"
"Th17like_INNATE_T","NK T","HLA-E","CD8A",0.320882895703676,3,"HLA-E_CD8A","HLA-E - CD8A","MHC-I","Cell-Cell Contact","KEGG: hsa04514","Th17like_INNATE_T -> NK T (PBMC_Early)",0.0443163456011754,"Th17like_INNATE_T -> NK T","PBMC_Early"
"Treg","NK T","HLA-E","CD8A",0.322986123624776,3,"HLA-E_CD8A","HLA-E - CD8A","MHC-I","Cell-Cell Contact","KEGG: hsa04514","Treg -> NK T (PBMC_Early)",0.0452248644998901,"Treg -> NK T","PBMC_Early"
"abTentry","Naïve CD8 T","HLA-E","CD8A",0.415110806538682,3,"HLA-E_CD8A","HLA-E - CD8A","MHC-I","Cell-Cell Contact","KEGG: hsa04514","abTentry -> Naïve CD8 T (PBMC_Late)",0.0899055734312158,"abTentry -> Naïve CD8 T","PBMC_Late"
"CD14+PPBP+ Monocytes","Naïve CD8 T","HLA-E","CD8A",0.503455732372103,3,"HLA-E_CD8A","HLA-E - CD8A","MHC-I","Cell-Cell Contact","KEGG: hsa04514","CD14+PPBP+ Monocytes -> Naïve CD8 T (PBMC_Late)",0.137205983731881,"CD14+PPBP+ Monocytes -> Naïve CD8 T","PBMC_Late"
"CD56highCD16low NK","Naïve CD8 T","HLA-E","CD8A",0.307881976448538,3,"HLA-E_CD8A","HLA-E - CD8A","MHC-I","Cell-Cell Contact","KEGG: hsa04514","CD56highCD16low NK -> Naïve CD8 T (PBMC_Late)",0.0388519170709763,"CD56highCD16low NK -> Naïve CD8 T","PBMC_Late"
"Classical Monocytes","Naïve CD8 T","HLA-E","CD8A",0.420085633376289,3,"HLA-E_CD8A","HLA-E - CD8A","MHC-I","Cell-Cell Contact","KEGG: hsa04514","Classical Monocytes -> Naïve CD8 T (PBMC_Late)",0.092507363712355,"Classical Monocytes -> Naïve CD8 T","PBMC_Late"
"CX3CR1+ NK","Naïve CD8 T","HLA-E","CD8A",0.51292957986918,3,"HLA-E_CD8A","HLA-E - CD8A","MHC-I","Cell-Cell Contact","KEGG: hsa04514","CX3CR1+ NK -> Naïve CD8 T (PBMC_Late)",0.142333076235213,"CX3CR1+ NK -> Naïve CD8 T","PBMC_Late"
"CXCR5- Naïve B","Naïve CD8 T","HLA-E","CD8A",0.455045503755428,3,"HLA-E_CD8A","HLA-E - CD8A","MHC-I","Cell-Cell Contact","KEGG: hsa04514","CXCR5- Naïve B -> Naïve CD8 T (PBMC_Late)",0.11107135777032,"CXCR5- Naïve B -> Naïve CD8 T","PBMC_Late"
"CXCR5+ Naïve B","Naïve CD8 T","HLA-E","CD8A",0.443265064882208,3,"HLA-E_CD8A","HLA-E - CD8A","MHC-I","Cell-Cell Contact","KEGG: hsa04514","CXCR5+ Naïve B -> Naïve CD8 T (PBMC_Late)",0.104770137541806,"CXCR5+ Naïve B -> Naïve CD8 T","PBMC_Late"
"CXCR6+ NK","Naïve CD8 T","HLA-E","CD8A",0.48123697114322,3,"HLA-E_CD8A","HLA-E - CD8A","MHC-I","Cell-Cell Contact","KEGG: hsa04514","CXCR6+ NK -> Naïve CD8 T (PBMC_Late)",0.125183034720658,"CXCR6+ NK -> Naïve CD8 T","PBMC_Late"
"Cycling Treg","Naïve CD8 T","HLA-E","CD8A",0.3881898863336,3,"HLA-E_CD8A","HLA-E - CD8A","MHC-I","Cell-Cell Contact","KEGG: hsa04514","Cycling Treg -> Naïve CD8 T (PBMC_Late)",0.0760732284643071,"Cycling Treg -> Naïve CD8 T","PBMC_Late"
"DC1","Naïve CD8 T","HLA-E","CD8A",0.407172304190334,3,"HLA-E_CD8A","HLA-E - CD8A","MHC-I","Cell-Cell Contact","KEGG: hsa04514","DC1 -> Naïve CD8 T (PBMC_Late)",0.0857805729416446,"DC1 -> Naïve CD8 T","PBMC_Late"
"DC2","Naïve CD8 T","HLA-E","CD8A",0.393980683840846,3,"HLA-E_CD8A","HLA-E - CD8A","MHC-I","Cell-Cell Contact","KEGG: hsa04514","DC2 -> Naïve CD8 T (PBMC_Late)",0.0790088424512606,"DC2 -> Naïve CD8 T","PBMC_Late"
"DNQ T","Naïve CD8 T","HLA-E","CD8A",0.282827372053192,3,"HLA-E_CD8A","HLA-E - CD8A","MHC-I","Cell-Cell Contact","KEGG: hsa04514","DNQ T -> Naïve CD8 T (PBMC_Late)",0.0291376049831544,"DNQ T -> Naïve CD8 T","PBMC_Late"
"Endothelial cells","Naïve CD8 T","HLA-E","CD8A",0.275659146728939,3,"HLA-E_CD8A","HLA-E - CD8A","MHC-I","Cell-Cell Contact","KEGG: hsa04514","Endothelial cells -> Naïve CD8 T (PBMC_Late)",0.0265780793390751,"Endothelial cells -> Naïve CD8 T","PBMC_Late"
"Gamma Delta V1 T","Naïve CD8 T","HLA-E","CD8A",0.481725413184867,3,"HLA-E_CD8A","HLA-E - CD8A","MHC-I","Cell-Cell Contact","KEGG: hsa04514","Gamma Delta V1 T -> Naïve CD8 T (PBMC_Late)",0.125447067331313,"Gamma Delta V1 T -> Naïve CD8 T","PBMC_Late"
"Gamma Delta V2 T","Naïve CD8 T","HLA-E","CD8A",0.485614359641277,3,"HLA-E_CD8A","HLA-E - CD8A","MHC-I","Cell-Cell Contact","KEGG: hsa04514","Gamma Delta V2 T -> Naïve CD8 T (PBMC_Late)",0.127549956091042,"Gamma Delta V2 T -> Naïve CD8 T","PBMC_Late"
"GNG4 +CD8aa+T","Naïve CD8 T","HLA-E","CD8A",0.426410857415177,3,"HLA-E_CD8A","HLA-E - CD8A","MHC-I","Cell-Cell Contact","KEGG: hsa04514","GNG4 +CD8aa+T -> Naïve CD8 T (PBMC_Late)",0.0958322468029315,"GNG4 +CD8aa+T -> Naïve CD8 T","PBMC_Late"
"HSC_MPP","Naïve CD8 T","HLA-E","CD8A",0.375515092457065,3,"HLA-E_CD8A","HLA-E - CD8A","MHC-I","Cell-Cell Contact","KEGG: hsa04514","HSC_MPP -> Naïve CD8 T (PBMC_Late)",0.0697380770440753,"HSC_MPP -> Naïve CD8 T","PBMC_Late"
"ILC2/3","Naïve CD8 T","HLA-E","CD8A",0.441901097564164,3,"HLA-E_CD8A","HLA-E - CD8A","MHC-I","Cell-Cell Contact","KEGG: hsa04514","ILC2/3 -> Naïve CD8 T (PBMC_Late)",0.104043125325269,"ILC2/3 -> Naïve CD8 T","PBMC_Late"
"Large pre-B","Naïve CD8 T","HLA-E","CD8A",0.3896384932786,3,"HLA-E_CD8A","HLA-E - CD8A","MHC-I","Cell-Cell Contact","KEGG: hsa04514","Large pre-B -> Naïve CD8 T (PBMC_Late)",0.0768053070271822,"Large pre-B -> Naïve CD8 T","PBMC_Late"
"Macrophages","Naïve CD8 T","HLA-E","CD8A",0.507415638934371,3,"HLA-E_CD8A","HLA-E - CD8A","MHC-I","Cell-Cell Contact","KEGG: hsa04514","Macrophages -> Naïve CD8 T (PBMC_Late)",0.139349383601445,"Macrophages -> Naïve CD8 T","PBMC_Late"
"Megakaryocytes","Naïve CD8 T","HLA-E","CD8A",0.57487203419296,3,"HLA-E_CD8A","HLA-E - CD8A","MHC-I","Cell-Cell Contact","KEGG: hsa04514","Megakaryocytes -> Naïve CD8 T (PBMC_Late)",0.1756050985682,"Megakaryocytes -> Naïve CD8 T","PBMC_Late"
"MEMP","Naïve CD8 T","HLA-E","CD8A",0.313724687445803,3,"HLA-E_CD8A","HLA-E - CD8A","MHC-I","Cell-Cell Contact","KEGG: hsa04514","MEMP -> Naïve CD8 T (PBMC_Late)",0.0412745927451688,"MEMP -> Naïve CD8 T","PBMC_Late"
"MEP","Naïve CD8 T","HLA-E","CD8A",0.339174167128671,3,"HLA-E_CD8A","HLA-E - CD8A","MHC-I","Cell-Cell Contact","KEGG: hsa04514","MEP -> Naïve CD8 T (PBMC_Late)",0.0524267800930575,"MEP -> Naïve CD8 T","PBMC_Late"
"Myeloid-CD177","Naïve CD8 T","HLA-E","CD8A",0.287379748841804,3,"HLA-E_CD8A","HLA-E - CD8A","MHC-I","Cell-Cell Contact","KEGG: hsa04514","Myeloid-CD177 -> Naïve CD8 T (PBMC_Late)",0.0308161519421241,"Myeloid-CD177 -> Naïve CD8 T","PBMC_Late"
"Naïve CD4 T","Naïve CD8 T","HLA-E","CD8A",0.481006158428786,3,"HLA-E_CD8A","HLA-E - CD8A","MHC-I","Cell-Cell Contact","KEGG: hsa04514","Naïve CD4 T -> Naïve CD8 T (PBMC_Late)",0.125058273654504,"Naïve CD4 T -> Naïve CD8 T","PBMC_Late"
"Naïve CD8 T","Naïve CD8 T","HLA-E","CD8A",0.480844909440819,3,"HLA-E_CD8A","HLA-E - CD8A","MHC-I","Cell-Cell Contact","KEGG: hsa04514","Naïve CD8 T -> Naïve CD8 T (PBMC_Late)",0.124971116631708,"Naïve CD8 T -> Naïve CD8 T","PBMC_Late"
"NK T","Naïve CD8 T","HLA-E","CD8A",0.502348257726711,3,"HLA-E_CD8A","HLA-E - CD8A","MHC-I","Cell-Cell Contact","KEGG: hsa04514","NK T -> Naïve CD8 T (PBMC_Late)",0.136606482432155,"NK T -> Naïve CD8 T","PBMC_Late"
"Others","Naïve CD8 T","HLA-E","CD8A",0.471545028387215,3,"HLA-E_CD8A","HLA-E - CD8A","MHC-I","Cell-Cell Contact","KEGG: hsa04514","Others -> Naïve CD8 T (PBMC_Late)",0.119949045431637,"Others -> Naïve CD8 T","PBMC_Late"
"pDC","Naïve CD8 T","HLA-E","CD8A",0.377222160480451,3,"HLA-E_CD8A","HLA-E - CD8A","MHC-I","Cell-Cell Contact","KEGG: hsa04514","pDC -> Naïve CD8 T (PBMC_Late)",0.0705835810876603,"pDC -> Naïve CD8 T","PBMC_Late"
"Pro-B","Naïve CD8 T","HLA-E","CD8A",0.321359831592194,3,"HLA-E_CD8A","HLA-E - CD8A","MHC-I","Cell-Cell Contact","KEGG: hsa04514","Pro-B -> Naïve CD8 T (PBMC_Late)",0.0445217882004928,"Pro-B -> Naïve CD8 T","PBMC_Late"
"Tem","Naïve CD8 T","HLA-E","CD8A",0.488029516255961,3,"HLA-E_CD8A","HLA-E - CD8A","MHC-I","Cell-Cell Contact","KEGG: hsa04514","Tem -> Naïve CD8 T (PBMC_Late)",0.128856436142259,"Tem -> Naïve CD8 T","PBMC_Late"
"Th17like_INNATE_T","Naïve CD8 T","HLA-E","CD8A",0.499224763132749,3,"HLA-E_CD8A","HLA-E - CD8A","MHC-I","Cell-Cell Contact","KEGG: hsa04514","Th17like_INNATE_T -> Naïve CD8 T (PBMC_Late)",0.134915615969404,"Th17like_INNATE_T -> Naïve CD8 T","PBMC_Late"
"Treg","Naïve CD8 T","HLA-E","CD8A",0.489278273717719,3,"HLA-E_CD8A","HLA-E - CD8A","MHC-I","Cell-Cell Contact","KEGG: hsa04514","Treg -> Naïve CD8 T (PBMC_Late)",0.129532080725597,"Treg -> Naïve CD8 T","PBMC_Late"
"abTentry","NK T","HLA-E","CD8A",0.377123712580084,3,"HLA-E_CD8A","HLA-E - CD8A","MHC-I","Cell-Cell Contact","KEGG: hsa04514","abTentry -> NK T (PBMC_Late)",0.0705347519736385,"abTentry -> NK T","PBMC_Late"
"CD14+PPBP+ Monocytes","NK T","HLA-E","CD8A",0.450924691521497,3,"HLA-E_CD8A","HLA-E - CD8A","MHC-I","Cell-Cell Contact","KEGG: hsa04514","CD14+PPBP+ Monocytes -> NK T (PBMC_Late)",0.108862984717217,"CD14+PPBP+ Monocytes -> NK T","PBMC_Late"
"CD56highCD16low NK","NK T","HLA-E","CD8A",0.28549679055105,3,"HLA-E_CD8A","HLA-E - CD8A","MHC-I","Cell-Cell Contact","KEGG: hsa04514","CD56highCD16low NK -> NK T (PBMC_Late)",0.030116974013397,"CD56highCD16low NK -> NK T","PBMC_Late"
"Classical Monocytes","NK T","HLA-E","CD8A",0.381314768141542,3,"HLA-E_CD8A","HLA-E - CD8A","MHC-I","Cell-Cell Contact","KEGG: hsa04514","Classical Monocytes -> NK T (PBMC_Late)",0.0726206981790075,"Classical Monocytes -> NK T","PBMC_Late"
"CX3CR1+ NK","NK T","HLA-E","CD8A",0.458768139912879,3,"HLA-E_CD8A","HLA-E - CD8A","MHC-I","Cell-Cell Contact","KEGG: hsa04514","CX3CR1+ NK -> NK T (PBMC_Late)",0.113069758319624,"CX3CR1+ NK -> NK T","PBMC_Late"
"CXCR5- Naïve B","NK T","HLA-E","CD8A",0.410641628276744,3,"HLA-E_CD8A","HLA-E - CD8A","MHC-I","Cell-Cell Contact","KEGG: hsa04514","CXCR5- Naïve B -> NK T (PBMC_Late)",0.0875790547826962,"CXCR5- Naïve B -> NK T","PBMC_Late"
"CXCR5+ Naïve B","NK T","HLA-E","CD8A",0.400783028110694,3,"HLA-E_CD8A","HLA-E - CD8A","MHC-I","Cell-Cell Contact","KEGG: hsa04514","CXCR5+ Naïve B -> NK T (PBMC_Late)",0.0824869124005923,"CXCR5+ Naïve B -> NK T","PBMC_Late"
"CXCR6+ NK","NK T","HLA-E","CD8A",0.432479930293474,3,"HLA-E_CD8A","HLA-E - CD8A","MHC-I","Cell-Cell Contact","KEGG: hsa04514","CXCR6+ NK -> NK T (PBMC_Late)",0.099038558422191,"CXCR6+ NK -> NK T","PBMC_Late"
"Cycling Treg","NK T","HLA-E","CD8A",0.354360792613347,3,"HLA-E_CD8A","HLA-E - CD8A","MHC-I","Cell-Cell Contact","KEGG: hsa04514","Cycling Treg -> NK T (PBMC_Late)",0.0594878835046665,"Cycling Treg -> NK T","PBMC_Late"
"DC1","NK T","HLA-E","CD8A",0.37042617911095,3,"HLA-E_CD8A","HLA-E - CD8A","MHC-I","Cell-Cell Contact","KEGG: hsa04514","DC1 -> NK T (PBMC_Late)",0.0672328564565998,"DC1 -> NK T","PBMC_Late"
"DC2","NK T","HLA-E","CD8A",0.359269436527758,3,"HLA-E_CD8A","HLA-E - CD8A","MHC-I","Cell-Cell Contact","KEGG: hsa04514","DC2 -> NK T (PBMC_Late)",0.061826308303178,"DC2 -> NK T","PBMC_Late"
"DNQ T","NK T","HLA-E","CD8A",0.263666917549794,3,"HLA-E_CD8A","HLA-E - CD8A","MHC-I","Cell-Cell Contact","KEGG: hsa04514","DNQ T -> NK T (PBMC_Late)",0.0225354895137262,"DNQ T -> NK T","PBMC_Late"
"Endothelial cells","NK T","HLA-E","CD8A",0.257386749285218,3,"HLA-E_CD8A","HLA-E - CD8A","MHC-I","Cell-Cell Contact","KEGG: hsa04514","Endothelial cells -> NK T (PBMC_Late)",0.0205436396563656,"Endothelial cells -> NK T","PBMC_Late"
"Gamma Delta V1 T","NK T","HLA-E","CD8A",0.432886183563429,3,"HLA-E_CD8A","HLA-E - CD8A","MHC-I","Cell-Cell Contact","KEGG: hsa04514","Gamma Delta V1 T -> NK T (PBMC_Late)",0.09925370418083,"Gamma Delta V1 T -> NK T","PBMC_Late"
"Gamma Delta V2 T","NK T","HLA-E","CD8A",0.436119477745495,3,"HLA-E_CD8A","HLA-E - CD8A","MHC-I","Cell-Cell Contact","KEGG: hsa04514","Gamma Delta V2 T -> NK T (PBMC_Late)",0.100968202225423,"Gamma Delta V2 T -> NK T","PBMC_Late"
"GNG4 +CD8aa+T","NK T","HLA-E","CD8A",0.38663684400074,3,"HLA-E_CD8A","HLA-E - CD8A","MHC-I","Cell-Cell Contact","KEGG: hsa04514","GNG4 +CD8aa+T -> NK T (PBMC_Late)",0.075290118603851,"GNG4 +CD8aa+T -> NK T","PBMC_Late"
"HSC_MPP","NK T","HLA-E","CD8A",0.343592271219638,3,"HLA-E_CD8A","HLA-E - CD8A","MHC-I","Cell-Cell Contact","KEGG: hsa04514","HSC_MPP -> NK T (PBMC_Late)",0.0544525090627206,"HSC_MPP -> NK T","PBMC_Late"
"ILC2/3","NK T","HLA-E","CD8A",0.39964006061929,3,"HLA-E_CD8A","HLA-E - CD8A","MHC-I","Cell-Cell Contact","KEGG: hsa04514","ILC2/3 -> NK T (PBMC_Late)",0.0819003800866909,"ILC2/3 -> NK T","PBMC_Late"
"Large pre-B","NK T","HLA-E","CD8A",0.355589372004662,3,"HLA-E_CD8A","HLA-E - CD8A","MHC-I","Cell-Cell Contact","KEGG: hsa04514","Large pre-B -> NK T (PBMC_Late)",0.0600707327430007,"Large pre-B -> NK T","PBMC_Late"
"Macrophages","NK T","HLA-E","CD8A",0.45420461635385,3,"HLA-E_CD8A","HLA-E - CD8A","MHC-I","Cell-Cell Contact","KEGG: hsa04514","Macrophages -> NK T (PBMC_Late)",0.110620384920069,"Macrophages -> NK T","PBMC_Late"
"Megakaryocytes","NK T","HLA-E","CD8A",0.509768522995455,3,"HLA-E_CD8A","HLA-E - CD8A","MHC-I","Cell-Cell Contact","KEGG: hsa04514","Megakaryocytes -> NK T (PBMC_Late)",0.14062272671738,"Megakaryocytes -> NK T","PBMC_Late"
"MEMP","NK T","HLA-E","CD8A",0.2905617030471,3,"HLA-E_CD8A","HLA-E - CD8A","MHC-I","Cell-Cell Contact","KEGG: hsa04514","MEMP -> NK T (PBMC_Late)",0.0320131096413532,"MEMP -> NK T","PBMC_Late"
"MEP","NK T","HLA-E","CD8A",0.312517010250223,3,"HLA-E_CD8A","HLA-E - CD8A","MHC-I","Cell-Cell Contact","KEGG: hsa04514","MEP -> NK T (PBMC_Late)",0.0407693043732075,"MEP -> NK T","PBMC_Late"
"Myeloid-CD177","NK T","HLA-E","CD8A",0.267647131720932,3,"HLA-E_CD8A","HLA-E - CD8A","MHC-I","Cell-Cell Contact","KEGG: hsa04514","Myeloid-CD177 -> NK T (PBMC_Late)",0.0238430449950093,"Myeloid-CD177 -> NK T","PBMC_Late"
"Naïve CD4 T","NK T","HLA-E","CD8A",0.432287943335236,3,"HLA-E_CD8A","HLA-E - CD8A","MHC-I","Cell-Cell Contact","KEGG: hsa04514","Naïve CD4 T -> NK T (PBMC_Late)",0.0989369068769289,"Naïve CD4 T -> NK T","PBMC_Late"
"Naïve CD8 T","NK T","HLA-E","CD8A",0.432153813816719,3,"HLA-E_CD8A","HLA-E - CD8A","MHC-I","Cell-Cell Contact","KEGG: hsa04514","Naïve CD8 T -> NK T (PBMC_Late)",0.0988658975619832,"Naïve CD8 T -> NK T","PBMC_Late"
"NK T","NK T","HLA-E","CD8A",0.450006999285801,3,"HLA-E_CD8A","HLA-E - CD8A","MHC-I","Cell-Cell Contact","KEGG: hsa04514","NK T -> NK T (PBMC_Late)",0.108371768901289,"NK T -> NK T","PBMC_Late"
"Others","NK T","HLA-E","CD8A",0.424411342830844,3,"HLA-E_CD8A","HLA-E - CD8A","MHC-I","Cell-Cell Contact","KEGG: hsa04514","Others -> NK T (PBMC_Late)",0.0947792573180867,"Others -> NK T","PBMC_Late"
"pDC","NK T","HLA-E","CD8A",0.345044603987466,3,"HLA-E_CD8A","HLA-E - CD8A","MHC-I","Cell-Cell Contact","KEGG: hsa04514","pDC -> NK T (PBMC_Late)",0.0551236724312581,"pDC -> NK T","PBMC_Late"
"Pro-B","NK T","HLA-E","CD8A",0.297166405801311,3,"HLA-E_CD8A","HLA-E - CD8A","MHC-I","Cell-Cell Contact","KEGG: hsa04514","Pro-B -> NK T (PBMC_Late)",0.0345579405011281,"Pro-B -> NK T","PBMC_Late"
"Tem","NK T","HLA-E","CD8A",0.438126326611166,3,"HLA-E_CD8A","HLA-E - CD8A","MHC-I","Cell-Cell Contact","KEGG: hsa04514","Tem -> NK T (PBMC_Late)",0.102034251139931,"Tem -> NK T","PBMC_Late"
"Th17like_INNATE_T","NK T","HLA-E","CD8A",0.447417837041423,3,"HLA-E_CD8A","HLA-E - CD8A","MHC-I","Cell-Cell Contact","KEGG: hsa04514","Th17like_INNATE_T -> NK T (PBMC_Late)",0.106987076096182,"Th17like_INNATE_T -> NK T","PBMC_Late"
"Treg","NK T","HLA-E","CD8A",0.439163632545745,3,"HLA-E_CD8A","HLA-E - CD8A","MHC-I","Cell-Cell Contact","KEGG: hsa04514","Treg -> NK T (PBMC_Late)",0.102585818201999,"Treg -> NK T","PBMC_Late"
"abTentry","Naïve CD8 T","HLA-E","CD8B",0.499152055003886,3,"HLA-E_CD8B","HLA-E - CD8B","MHC-I","Cell-Cell Contact","KEGG: hsa04514","abTentry -> Naïve CD8 T (PBMC_Early)",0.134876256172548,"abTentry -> Naïve CD8 T","PBMC_Early"
"CD14+PPBP+ Monocytes","Naïve CD8 T","HLA-E","CD8B",0.57687023007744,3,"HLA-E_CD8B","HLA-E - CD8B","MHC-I","Cell-Cell Contact","KEGG: hsa04514","CD14+PPBP+ Monocytes -> Naïve CD8 T (PBMC_Early)",0.176666390680621,"CD14+PPBP+ Monocytes -> Naïve CD8 T","PBMC_Early"
"CD56highCD16low NK","Naïve CD8 T","HLA-E","CD8B",0.485176623036373,3,"HLA-E_CD8B","HLA-E - CD8B","MHC-I","Cell-Cell Contact","KEGG: hsa04514","CD56highCD16low NK -> Naïve CD8 T (PBMC_Early)",0.127313201496237,"CD56highCD16low NK -> Naïve CD8 T","PBMC_Early"
"Classical Monocytes","Naïve CD8 T","HLA-E","CD8B",0.493834588232805,3,"HLA-E_CD8B","HLA-E - CD8B","MHC-I","Cell-Cell Contact","KEGG: hsa04514","Classical Monocytes -> Naïve CD8 T (PBMC_Early)",0.131997863506183,"Classical Monocytes -> Naïve CD8 T","PBMC_Early"
"CX3CR1+ NK","Naïve CD8 T","HLA-E","CD8B",0.588259089613223,3,"HLA-E_CD8B","HLA-E - CD8B","MHC-I","Cell-Cell Contact","KEGG: hsa04514","CX3CR1+ NK -> Naïve CD8 T (PBMC_Early)",0.182696086936517,"CX3CR1+ NK -> Naïve CD8 T","PBMC_Early"
"CXCR5- Naïve B","Naïve CD8 T","HLA-E","CD8B",0.537976990077648,3,"HLA-E_CD8B","HLA-E - CD8B","MHC-I","Cell-Cell Contact","KEGG: hsa04514","CXCR5- Naïve B -> Naïve CD8 T (PBMC_Early)",0.155857124520539,"CXCR5- Naïve B -> Naïve CD8 T","PBMC_Early"
"CXCR5+ Naïve B","Naïve CD8 T","HLA-E","CD8B",0.527627448707168,3,"HLA-E_CD8B","HLA-E - CD8B","MHC-I","Cell-Cell Contact","KEGG: hsa04514","CXCR5+ Naïve B -> Naïve CD8 T (PBMC_Early)",0.150276750512475,"CXCR5+ Naïve B -> Naïve CD8 T","PBMC_Early"
"CXCR6+ NK","Naïve CD8 T","HLA-E","CD8B",0.566557840492184,3,"HLA-E_CD8B","HLA-E - CD8B","MHC-I","Cell-Cell Contact","KEGG: hsa04514","CXCR6+ NK -> Naïve CD8 T (PBMC_Early)",0.171179108503073,"CXCR6+ NK -> Naïve CD8 T","PBMC_Early"
"Cycling Treg","Naïve CD8 T","HLA-E","CD8B",0.444063457795136,3,"HLA-E_CD8B","HLA-E - CD8B","MHC-I","Cell-Cell Contact","KEGG: hsa04514","Cycling Treg -> Naïve CD8 T (PBMC_Early)",0.105195958187316,"Cycling Treg -> Naïve CD8 T","PBMC_Early"
"DC1","Naïve CD8 T","HLA-E","CD8B",0.432120367552426,3,"HLA-E_CD8B","HLA-E - CD8B","MHC-I","Cell-Cell Contact","KEGG: hsa04514","DC1 -> Naïve CD8 T (PBMC_Early)",0.0988481919006659,"DC1 -> Naïve CD8 T","PBMC_Early"
"DC2","Naïve CD8 T","HLA-E","CD8B",0.448437132725237,3,"HLA-E_CD8B","HLA-E - CD8B","MHC-I","Cell-Cell Contact","KEGG: hsa04514","DC2 -> Naïve CD8 T (PBMC_Early)",0.10753198044343,"DC2 -> Naïve CD8 T","PBMC_Early"
"DNQ T","Naïve CD8 T","HLA-E","CD8B",0.239160562516412,3,"HLA-E_CD8B","HLA-E - CD8B","MHC-I","Cell-Cell Contact","KEGG: hsa04514","DNQ T -> Naïve CD8 T (PBMC_Early)",0.0152787640341738,"DNQ T -> Naïve CD8 T","PBMC_Early"
"DPP T","Naïve CD8 T","HLA-E","CD8B",0.298177468848205,3,"HLA-E_CD8B","HLA-E - CD8B","MHC-I","Cell-Cell Contact","KEGG: hsa04514","NA",0.0349545212824202,"DPP T -> Naïve CD8 T","PBMC_Early"
"Endothelial cells","Naïve CD8 T","HLA-E","CD8B",0.59392801916457,3,"HLA-E_CD8B","HLA-E - CD8B","MHC-I","Cell-Cell Contact","KEGG: hsa04514","Endothelial cells -> Naïve CD8 T (PBMC_Early)",0.185684605347336,"Endothelial cells -> Naïve CD8 T","PBMC_Early"
"Gamma Delta V1 T","Naïve CD8 T","HLA-E","CD8B",0.560237032901281,3,"HLA-E_CD8B","HLA-E - CD8B","MHC-I","Cell-Cell Contact","KEGG: hsa04514","Gamma Delta V1 T -> Naïve CD8 T (PBMC_Early)",0.167803980959951,"Gamma Delta V1 T -> Naïve CD8 T","PBMC_Early"
"Gamma Delta V2 T","Naïve CD8 T","HLA-E","CD8B",0.57108879679583,3,"HLA-E_CD8B","HLA-E - CD8B","MHC-I","Cell-Cell Contact","KEGG: hsa04514","Gamma Delta V2 T -> Naïve CD8 T (PBMC_Early)",0.173593107843977,"Gamma Delta V2 T -> Naïve CD8 T","PBMC_Early"
"GNG4 +CD8aa+T","Naïve CD8 T","HLA-E","CD8B",0.488799421667025,3,"HLA-E_CD8B","HLA-E - CD8B","MHC-I","Cell-Cell Contact","KEGG: hsa04514","GNG4 +CD8aa+T -> Naïve CD8 T (PBMC_Early)",0.129272986716172,"GNG4 +CD8aa+T -> Naïve CD8 T","PBMC_Early"
"HSC_MPP","Naïve CD8 T","HLA-E","CD8B",0.408881894658119,3,"HLA-E_CD8B","HLA-E - CD8B","MHC-I","Cell-Cell Contact","KEGG: hsa04514","HSC_MPP -> Naïve CD8 T (PBMC_Early)",0.0866659670971263,"HSC_MPP -> Naïve CD8 T","PBMC_Early"
"ILC2/3","Naïve CD8 T","HLA-E","CD8B",0.534379149202521,3,"HLA-E_CD8B","HLA-E - CD8B","MHC-I","Cell-Cell Contact","KEGG: hsa04514","ILC2/3 -> Naïve CD8 T (PBMC_Early)",0.153918736774223,"ILC2/3 -> Naïve CD8 T","PBMC_Early"
"Large pre-B","Naïve CD8 T","HLA-E","CD8B",0.394613595694792,3,"HLA-E_CD8B","HLA-E - CD8B","MHC-I","Cell-Cell Contact","KEGG: hsa04514","Large pre-B -> Naïve CD8 T (PBMC_Early)",0.0793311394427464,"Large pre-B -> Naïve CD8 T","PBMC_Early"
"Macrophages","Naïve CD8 T","HLA-E","CD8B",0.564748451675874,3,"HLA-E_CD8B","HLA-E - CD8B","MHC-I","Cell-Cell Contact","KEGG: hsa04514","Macrophages -> Naïve CD8 T (PBMC_Early)",0.170213822586352,"Macrophages -> Naïve CD8 T","PBMC_Early"
"Megakaryocytes","Naïve CD8 T","HLA-E","CD8B",0.632985627853721,3,"HLA-E_CD8B","HLA-E - CD8B","MHC-I","Cell-Cell Contact","KEGG: hsa04514","Megakaryocytes -> Naïve CD8 T (PBMC_Early)",0.206013268852796,"Megakaryocytes -> Naïve CD8 T","PBMC_Early"
"MEMP","Naïve CD8 T","HLA-E","CD8B",0.336860405452223,3,"HLA-E_CD8B","HLA-E - CD8B","MHC-I","Cell-Cell Contact","KEGG: hsa04514","MEMP -> Naïve CD8 T (PBMC_Early)",0.0513757647580695,"MEMP -> Naïve CD8 T","PBMC_Early"
"MEP","Naïve CD8 T","HLA-E","CD8B",0.464193823684077,3,"HLA-E_CD8B","HLA-E - CD8B","MHC-I","Cell-Cell Contact","KEGG: hsa04514","MEP -> Naïve CD8 T (PBMC_Early)",0.115987538122286,"MEP -> Naïve CD8 T","PBMC_Early"
"Myeloid-CD177","Naïve CD8 T","HLA-E","CD8B",0.418667075487969,3,"HLA-E_CD8B","HLA-E - CD8B","MHC-I","Cell-Cell Contact","KEGG: hsa04514","Myeloid-CD177 -> Naïve CD8 T (PBMC_Early)",0.0917642308462946,"Myeloid-CD177 -> Naïve CD8 T","PBMC_Early"
"Naïve CD4 T","Naïve CD8 T","HLA-E","CD8B",0.576084025666507,3,"HLA-E_CD8B","HLA-E - CD8B","MHC-I","Cell-Cell Contact","KEGG: hsa04514","Naïve CD4 T -> Naïve CD8 T (PBMC_Early)",0.176248933597364,"Naïve CD4 T -> Naïve CD8 T","PBMC_Early"
"Naïve CD8 T","Naïve CD8 T","HLA-E","CD8B",0.573360469859963,3,"HLA-E_CD8B","HLA-E - CD8B","MHC-I","Cell-Cell Contact","KEGG: hsa04514","Naïve CD8 T -> Naïve CD8 T (PBMC_Early)",0.174801629086812,"Naïve CD8 T -> Naïve CD8 T","PBMC_Early"
"NK T","Naïve CD8 T","HLA-E","CD8B",0.585072689898396,3,"HLA-E_CD8B","HLA-E - CD8B","MHC-I","Cell-Cell Contact","KEGG: hsa04514","NK T -> Naïve CD8 T (PBMC_Early)",0.181012474180323,"NK T -> Naïve CD8 T","PBMC_Early"
"Others","Naïve CD8 T","HLA-E","CD8B",0.459735455268891,3,"HLA-E_CD8B","HLA-E - CD8B","MHC-I","Cell-Cell Contact","KEGG: hsa04514","Others -> Naïve CD8 T (PBMC_Early)",0.113589526382829,"Others -> Naïve CD8 T","PBMC_Early"
"pDC","Naïve CD8 T","HLA-E","CD8B",0.429371294630647,3,"HLA-E_CD8B","HLA-E - CD8B","MHC-I","Cell-Cell Contact","KEGG: hsa04514","pDC -> Naïve CD8 T (PBMC_Early)",0.097394394675919,"pDC -> Naïve CD8 T","PBMC_Early"
"Pro-B","Naïve CD8 T","HLA-E","CD8B",0.402134090313193,3,"HLA-E_CD8B","HLA-E - CD8B","MHC-I","Cell-Cell Contact","KEGG: hsa04514","Pro-B -> Naïve CD8 T (PBMC_Early)",0.0831812997132693,"Pro-B -> Naïve CD8 T","PBMC_Early"
"Small pre-B","Naïve CD8 T","HLA-E","CD8B",0.547787103669382,3,"HLA-E_CD8B","HLA-E - CD8B","MHC-I","Cell-Cell Contact","KEGG: hsa04514","NA",0.161132748349382,"Small pre-B -> Naïve CD8 T","PBMC_Early"
"Tem","Naïve CD8 T","HLA-E","CD8B",0.57662571268565,3,"HLA-E_CD8B","HLA-E - CD8B","MHC-I","Cell-Cell Contact","KEGG: hsa04514","Tem -> Naïve CD8 T (PBMC_Early)",0.176536573567399,"Tem -> Naïve CD8 T","PBMC_Early"
"Th17like_INNATE_T","Naïve CD8 T","HLA-E","CD8B",0.591338947725358,3,"HLA-E_CD8B","HLA-E - CD8B","MHC-I","Cell-Cell Contact","KEGG: hsa04514","Th17like_INNATE_T -> Naïve CD8 T (PBMC_Early)",0.184320807968839,"Th17like_INNATE_T -> Naïve CD8 T","PBMC_Early"
"Treg","Naïve CD8 T","HLA-E","CD8B",0.597449062382778,3,"HLA-E_CD8B","HLA-E - CD8B","MHC-I","Cell-Cell Contact","KEGG: hsa04514","Treg -> Naïve CD8 T (PBMC_Early)",0.187536298664321,"Treg -> Naïve CD8 T","PBMC_Early"
"abTentry","NK T","HLA-E","CD8B",0.274717668869782,3,"HLA-E_CD8B","HLA-E - CD8B","MHC-I","Cell-Cell Contact","KEGG: hsa04514","abTentry -> NK T (PBMC_Early)",0.0262496984577841,"abTentry -> NK T","PBMC_Early"
"CD14+PPBP+ Monocytes","NK T","HLA-E","CD8B",0.300253935649943,3,"HLA-E_CD8B","HLA-E - CD8B","MHC-I","Cell-Cell Contact","KEGG: hsa04514","CD14+PPBP+ Monocytes -> NK T (PBMC_Early)",0.0357747045418211,"CD14+PPBP+ Monocytes -> NK T","PBMC_Early"
"CD56highCD16low NK","NK T","HLA-E","CD8B",0.269918325970527,3,"HLA-E_CD8B","HLA-E - CD8B","MHC-I","Cell-Cell Contact","KEGG: hsa04514","CD56highCD16low NK -> NK T (PBMC_Early)",0.0246045375508296,"CD56highCD16low NK -> NK T","PBMC_Early"
"Classical Monocytes","NK T","HLA-E","CD8B",0.272899784465417,3,"HLA-E_CD8B","HLA-E - CD8B","MHC-I","Cell-Cell Contact","KEGG: hsa04514","Classical Monocytes -> NK T (PBMC_Early)",0.0256208499366207,"Classical Monocytes -> NK T","PBMC_Early"
"CX3CR1+ NK","NK T","HLA-E","CD8B",0.303850174865752,3,"HLA-E_CD8B","HLA-E - CD8B","MHC-I","Cell-Cell Contact","KEGG: hsa04514","CX3CR1+ NK -> NK T (PBMC_Early)",0.0372130531911213,"CX3CR1+ NK -> NK T","PBMC_Early"
"CXCR5- Naïve B","NK T","HLA-E","CD8B",0.287704082517977,3,"HLA-E_CD8B","HLA-E - CD8B","MHC-I","Cell-Cell Contact","KEGG: hsa04514","CXCR5- Naïve B -> NK T (PBMC_Early)",0.0309372731957569,"CXCR5- Naïve B -> NK T","PBMC_Early"
"CXCR5+ Naïve B","NK T","HLA-E","CD8B",0.284289653888222,3,"HLA-E_CD8B","HLA-E - CD8B","MHC-I","Cell-Cell Contact","KEGG: hsa04514","CXCR5+ Naïve B -> NK T (PBMC_Early)",0.0296723633298309,"CXCR5+ Naïve B -> NK T","PBMC_Early"
"CXCR6+ NK","NK T","HLA-E","CD8B",0.296967840999128,3,"HLA-E_CD8B","HLA-E - CD8B","MHC-I","Cell-Cell Contact","KEGG: hsa04514","CXCR6+ NK -> NK T (PBMC_Early)",0.0344802706477596,"CXCR6+ NK -> NK T","PBMC_Early"
"Cycling Treg","NK T","HLA-E","CD8B",0.255369826502286,3,"HLA-E_CD8B","HLA-E - CD8B","MHC-I","Cell-Cell Contact","KEGG: hsa04514","Cycling Treg -> NK T (PBMC_Early)",0.0199228211471555,"Cycling Treg -> NK T","PBMC_Early"
"DC1","NK T","HLA-E","CD8B",0.251012643320955,3,"HLA-E_CD8B","HLA-E - CD8B","MHC-I","Cell-Cell Contact","KEGG: hsa04514","DC1 -> NK T (PBMC_Early)",0.0186135946387568,"DC1 -> NK T","PBMC_Early"
"DC2","NK T","HLA-E","CD8B",0.25695001435836,3,"HLA-E_CD8B","HLA-E - CD8B","MHC-I","Cell-Cell Contact","KEGG: hsa04514","DC2 -> NK T (PBMC_Early)",0.0204084238973239,"DC2 -> NK T","PBMC_Early"
"DNQ T","NK T","HLA-E","CD8B",0.168817413639871,3,"HLA-E_CD8B","HLA-E - CD8B","MHC-I","Cell-Cell Contact","KEGG: hsa04514","DNQ T -> NK T (PBMC_Early)",0.00267565910771939,"DNQ T -> NK T","PBMC_Early"
"DPP T","NK T","HLA-E","CD8B",0.196875338115371,3,"HLA-E_CD8B","HLA-E - CD8B","MHC-I","Cell-Cell Contact","KEGG: hsa04514","NA",0.00622391371159446,"DPP T -> NK T","PBMC_Early"
"Endothelial cells","NK T","HLA-E","CD8B",0.305627753539632,3,"HLA-E_CD8B","HLA-E - CD8B","MHC-I","Cell-Cell Contact","KEGG: hsa04514","Endothelial cells -> NK T (PBMC_Early)",0.0379322289077824,"Endothelial cells -> NK T","PBMC_Early"
"Gamma Delta V1 T","NK T","HLA-E","CD8B",0.29493926424826,3,"HLA-E_CD8B","HLA-E - CD8B","MHC-I","Cell-Cell Contact","KEGG: hsa04514","Gamma Delta V1 T -> NK T (PBMC_Early)",0.0336908644234188,"Gamma Delta V1 T -> NK T","PBMC_Early"
"Gamma Delta V2 T","NK T","HLA-E","CD8B",0.298415203048445,3,"HLA-E_CD8B","HLA-E - CD8B","MHC-I","Cell-Cell Contact","KEGG: hsa04514","Gamma Delta V2 T -> NK T (PBMC_Early)",0.0350480359093905,"Gamma Delta V2 T -> NK T","PBMC_Early"
"GNG4 +CD8aa+T","NK T","HLA-E","CD8B",0.27116916476442,3,"HLA-E_CD8B","HLA-E - CD8B","MHC-I","Cell-Cell Contact","KEGG: hsa04514","GNG4 +CD8aa+T -> NK T (PBMC_Early)",0.0250286295608839,"GNG4 +CD8aa+T -> NK T","PBMC_Early"
"HSC_MPP","NK T","HLA-E","CD8B",0.242347854534149,3,"HLA-E_CD8B","HLA-E - CD8B","MHC-I","Cell-Cell Contact","KEGG: hsa04514","HSC_MPP -> NK T (PBMC_Early)",0.0161424925111575,"HSC_MPP -> NK T","PBMC_Early"
"ILC2/3","NK T","HLA-E","CD8B",0.286520859075293,3,"HLA-E_CD8B","HLA-E - CD8B","MHC-I","Cell-Cell Contact","KEGG: hsa04514","ILC2/3 -> NK T (PBMC_Early)",0.0304963800105043,"ILC2/3 -> NK T","PBMC_Early"
"Large pre-B","NK T","HLA-E","CD8B",0.236896963977025,3,"HLA-E_CD8B","HLA-E - CD8B","MHC-I","Cell-Cell Contact","KEGG: hsa04514","Large pre-B -> NK T (PBMC_Early)",0.0146803638071812,"Large pre-B -> NK T","PBMC_Early"
"Macrophages","NK T","HLA-E","CD8B",0.296388276955181,3,"HLA-E_CD8B","HLA-E - CD8B","MHC-I","Cell-Cell Contact","KEGG: hsa04514","Macrophages -> NK T (PBMC_Early)",0.0342539768723136,"Macrophages -> NK T","PBMC_Early"
"Megakaryocytes","NK T","HLA-E","CD8B",0.317662125710208,3,"HLA-E_CD8B","HLA-E - CD8B","MHC-I","Cell-Cell Contact","KEGG: hsa04514","Megakaryocytes -> NK T (PBMC_Early)",0.0429379671291884,"Megakaryocytes -> NK T","PBMC_Early"
"MEMP","NK T","HLA-E","CD8B",0.213668242322436,3,"HLA-E_CD8B","HLA-E - CD8B","MHC-I","Cell-Cell Contact","KEGG: hsa04514","MEMP -> NK T (PBMC_Early)",0.00927759714234104,"MEMP -> NK T","PBMC_Early"
"MEP","NK T","HLA-E","CD8B",0.262576961760932,3,"HLA-E_CD8B","HLA-E - CD8B","MHC-I","Cell-Cell Contact","KEGG: hsa04514","MEP -> NK T (PBMC_Early)",0.0221834839873501,"MEP -> NK T","PBMC_Early"
"Myeloid-CD177","NK T","HLA-E","CD8B",0.246027503380039,3,"HLA-E_CD8B","HLA-E - CD8B","MHC-I","Cell-Cell Contact","KEGG: hsa04514","Myeloid-CD177 -> NK T (PBMC_Early)",0.0171700924433479,"Myeloid-CD177 -> NK T","PBMC_Early"
"Naïve CD4 T","NK T","HLA-E","CD8B",0.300004417164886,3,"HLA-E_CD8B","HLA-E - CD8B","MHC-I","Cell-Cell Contact","KEGG: hsa04514","Naïve CD4 T -> NK T (PBMC_Early)",0.0356757442301137,"Naïve CD4 T -> NK T","PBMC_Early"
"Naïve CD8 T","NK T","HLA-E","CD8B",0.299138760646586,3,"HLA-E_CD8B","HLA-E - CD8B","MHC-I","Cell-Cell Contact","KEGG: hsa04514","Naïve CD8 T -> NK T (PBMC_Early)",0.0353332719721931,"Naïve CD8 T -> NK T","PBMC_Early"
"NK T","NK T","HLA-E","CD8B",0.302847418895419,3,"HLA-E_CD8B","HLA-E - CD8B","MHC-I","Cell-Cell Contact","KEGG: hsa04514","NK T -> NK T (PBMC_Early)",0.0368097394106294,"NK T -> NK T","PBMC_Early"
"Others","NK T","HLA-E","CD8B",0.260995062284858,3,"HLA-E_CD8B","HLA-E - CD8B","MHC-I","Cell-Cell Contact","KEGG: hsa04514","Others -> NK T (PBMC_Early)",0.0216772899968181,"Others -> NK T","PBMC_Early"
"pDC","NK T","HLA-E","CD8B",0.250000731716942,3,"HLA-E_CD8B","HLA-E - CD8B","MHC-I","Cell-Cell Contact","KEGG: hsa04514","pDC -> NK T (PBMC_Early)",0.0183158533191743,"pDC -> NK T","PBMC_Early"
"Pro-B","NK T","HLA-E","CD8B",0.2397829228865,3,"HLA-E_CD8B","HLA-E - CD8B","MHC-I","Cell-Cell Contact","KEGG: hsa04514","Pro-B -> NK T (PBMC_Early)",0.0154454814934579,"Pro-B -> NK T","PBMC_Early"
"Small pre-B","NK T","HLA-E","CD8B",0.290910528087713,3,"HLA-E_CD8B","HLA-E - CD8B","MHC-I","Cell-Cell Contact","KEGG: hsa04514","NA",0.0321454932235181,"Small pre-B -> NK T","PBMC_Early"
"Tem","NK T","HLA-E","CD8B",0.300176350576697,3,"HLA-E_CD8B","HLA-E - CD8B","MHC-I","Cell-Cell Contact","KEGG: hsa04514","Tem -> NK T (PBMC_Early)",0.0357439221659735,"Tem -> NK T","PBMC_Early"
"Th17like_INNATE_T","NK T","HLA-E","CD8B",0.304816924960739,3,"HLA-E_CD8B","HLA-E - CD8B","MHC-I","Cell-Cell Contact","KEGG: hsa04514","Th17like_INNATE_T -> NK T (PBMC_Early)",0.0376035158477974,"Th17like_INNATE_T -> NK T","PBMC_Early"
"Treg","NK T","HLA-E","CD8B",0.306727741870768,3,"HLA-E_CD8B","HLA-E - CD8B","MHC-I","Cell-Cell Contact","KEGG: hsa04514","Treg -> NK T (PBMC_Early)",0.0383799433138143,"Treg -> NK T","PBMC_Early"
"abTentry","Naïve CD8 T","HLA-E","CD8B",0.464191569028047,3,"HLA-E_CD8B","HLA-E - CD8B","MHC-I","Cell-Cell Contact","KEGG: hsa04514","abTentry -> Naïve CD8 T (PBMC_Late)",0.115986324474277,"abTentry -> Naïve CD8 T","PBMC_Late"
"CD14+PPBP+ Monocytes","Naïve CD8 T","HLA-E","CD8B",0.572565862547118,3,"HLA-E_CD8B","HLA-E - CD8B","MHC-I","Cell-Cell Contact","KEGG: hsa04514","CD14+PPBP+ Monocytes -> Naïve CD8 T (PBMC_Late)",0.174379038963048,"CD14+PPBP+ Monocytes -> Naïve CD8 T","PBMC_Late"
"CD56highCD16low NK","Naïve CD8 T","HLA-E","CD8B",0.335922353628449,3,"HLA-E_CD8B","HLA-E - CD8B","MHC-I","Cell-Cell Contact","KEGG: hsa04514","CD56highCD16low NK -> Naïve CD8 T (PBMC_Late)",0.0509516362919951,"CD56highCD16low NK -> Naïve CD8 T","PBMC_Late"
"Classical Monocytes","Naïve CD8 T","HLA-E","CD8B",0.47023779315702,3,"HLA-E_CD8B","HLA-E - CD8B","MHC-I","Cell-Cell Contact","KEGG: hsa04514","Classical Monocytes -> Naïve CD8 T (PBMC_Late)",0.119243978577342,"Classical Monocytes -> Naïve CD8 T","PBMC_Late"
"CX3CR1+ NK","Naïve CD8 T","HLA-E","CD8B",0.584301209808485,3,"HLA-E_CD8B","HLA-E - CD8B","MHC-I","Cell-Cell Contact","KEGG: hsa04514","CX3CR1+ NK -> Naïve CD8 T (PBMC_Late)",0.180604439885943,"CX3CR1+ NK -> Naïve CD8 T","PBMC_Late"
"CXCR5- Naïve B","Naïve CD8 T","HLA-E","CD8B",0.512927319121895,3,"HLA-E_CD8B","HLA-E - CD8B","MHC-I","Cell-Cell Contact","KEGG: hsa04514","CXCR5- Naïve B -> Naïve CD8 T (PBMC_Late)",0.142331853190282,"CXCR5- Naïve B -> Naïve CD8 T","PBMC_Late"
"CXCR5+ Naïve B","Naïve CD8 T","HLA-E","CD8B",0.498504239375719,3,"HLA-E_CD8B","HLA-E - CD8B","MHC-I","Cell-Cell Contact","KEGG: hsa04514","CXCR5+ Naïve B -> Naïve CD8 T (PBMC_Late)",0.134525568908325,"CXCR5+ Naïve B -> Naïve CD8 T","PBMC_Late"
"CXCR6+ NK","Naïve CD8 T","HLA-E","CD8B",0.545123159115591,3,"HLA-E_CD8B","HLA-E - CD8B","MHC-I","Cell-Cell Contact","KEGG: hsa04514","CXCR6+ NK -> Naïve CD8 T (PBMC_Late)",0.159701658814862,"CXCR6+ NK -> Naïve CD8 T","PBMC_Late"
"Cycling Treg","Naïve CD8 T","HLA-E","CD8B",0.431606037476537,3,"HLA-E_CD8B","HLA-E - CD8B","MHC-I","Cell-Cell Contact","KEGG: hsa04514","Cycling Treg -> Naïve CD8 T (PBMC_Late)",0.0985759721012733,"Cycling Treg -> Naïve CD8 T","PBMC_Late"
"DC1","Naïve CD8 T","HLA-E","CD8B",0.454558953910027,3,"HLA-E_CD8B","HLA-E - CD8B","MHC-I","Cell-Cell Contact","KEGG: hsa04514","DC1 -> Naïve CD8 T (PBMC_Late)",0.110810397921427,"DC1 -> Naïve CD8 T","PBMC_Late"
"DC2","Naïve CD8 T","HLA-E","CD8B",0.438595761544679,3,"HLA-E_CD8B","HLA-E - CD8B","MHC-I","Cell-Cell Contact","KEGG: hsa04514","DC2 -> Naïve CD8 T (PBMC_Late)",0.102283818732593,"DC2 -> Naïve CD8 T","PBMC_Late"
"DNQ T","Naïve CD8 T","HLA-E","CD8B",0.306611749674925,3,"HLA-E_CD8B","HLA-E - CD8B","MHC-I","Cell-Cell Contact","KEGG: hsa04514","DNQ T -> Naïve CD8 T (PBMC_Late)",0.0383326365263324,"DNQ T -> Naïve CD8 T","PBMC_Late"
"Endothelial cells","Naïve CD8 T","HLA-E","CD8B",0.298279156301288,3,"HLA-E_CD8B","HLA-E - CD8B","MHC-I","Cell-Cell Contact","KEGG: hsa04514","Endothelial cells -> Naïve CD8 T (PBMC_Late)",0.0349945085098017,"Endothelial cells -> Naïve CD8 T","PBMC_Late"
"Gamma Delta V1 T","Naïve CD8 T","HLA-E","CD8B",0.545725193611515,3,"HLA-E_CD8B","HLA-E - CD8B","MHC-I","Cell-Cell Contact","KEGG: hsa04514","Gamma Delta V1 T -> Naïve CD8 T (PBMC_Late)",0.160025179228157,"Gamma Delta V1 T -> Naïve CD8 T","PBMC_Late"
"Gamma Delta V2 T","Naïve CD8 T","HLA-E","CD8B",0.550520596997214,3,"HLA-E_CD8B","HLA-E - CD8B","MHC-I","Cell-Cell Contact","KEGG: hsa04514","Gamma Delta V2 T -> Naïve CD8 T (PBMC_Late)",0.162599937896227,"Gamma Delta V2 T -> Naïve CD8 T","PBMC_Late"
"GNG4 +CD8aa+T","Naïve CD8 T","HLA-E","CD8B",0.477935847799944,3,"HLA-E_CD8B","HLA-E - CD8B","MHC-I","Cell-Cell Contact","KEGG: hsa04514","GNG4 +CD8aa+T -> Naïve CD8 T (PBMC_Late)",0.123399154385551,"GNG4 +CD8aa+T -> Naïve CD8 T","PBMC_Late"
"HSC_MPP","Naïve CD8 T","HLA-E","CD8B",0.416346190818819,3,"HLA-E_CD8B","HLA-E - CD8B","MHC-I","Cell-Cell Contact","KEGG: hsa04514","HSC_MPP -> Naïve CD8 T (PBMC_Late)",0.0905505191142724,"HSC_MPP -> Naïve CD8 T","PBMC_Late"
"ILC2/3","Naïve CD8 T","HLA-E","CD8B",0.49683673201644,3,"HLA-E_CD8B","HLA-E - CD8B","MHC-I","Cell-Cell Contact","KEGG: hsa04514","ILC2/3 -> Naïve CD8 T (PBMC_Late)",0.133622899154064,"ILC2/3 -> Naïve CD8 T","PBMC_Late"
"Large pre-B","Naïve CD8 T","HLA-E","CD8B",0.433353529129401,3,"HLA-E_CD8B","HLA-E - CD8B","MHC-I","Cell-Cell Contact","KEGG: hsa04514","Large pre-B -> Naïve CD8 T (PBMC_Late)",0.0995012809403697,"Large pre-B -> Naïve CD8 T","PBMC_Late"
"Macrophages","Naïve CD8 T","HLA-E","CD8B",0.577468632340304,3,"HLA-E_CD8B","HLA-E - CD8B","MHC-I","Cell-Cell Contact","KEGG: hsa04514","Macrophages -> Naïve CD8 T (PBMC_Late)",0.176984027445847,"Macrophages -> Naïve CD8 T","PBMC_Late"
"Megakaryocytes","Naïve CD8 T","HLA-E","CD8B",0.661482717860457,3,"HLA-E_CD8B","HLA-E - CD8B","MHC-I","Cell-Cell Contact","KEGG: hsa04514","Megakaryocytes -> Naïve CD8 T (PBMC_Late)",0.220522556324658,"Megakaryocytes -> Naïve CD8 T","PBMC_Late"
"MEMP","Naïve CD8 T","HLA-E","CD8B",0.342797587233749,3,"HLA-E_CD8B","HLA-E - CD8B","MHC-I","Cell-Cell Contact","KEGG: hsa04514","MEMP -> Naïve CD8 T (PBMC_Late)",0.0540863524033361,"MEMP -> Naïve CD8 T","PBMC_Late"
"MEP","Naïve CD8 T","HLA-E","CD8B",0.372910695610257,3,"HLA-E_CD8B","HLA-E - CD8B","MHC-I","Cell-Cell Contact","KEGG: hsa04514","MEP -> Naïve CD8 T (PBMC_Late)",0.0684530491154209,"MEP -> Naïve CD8 T","PBMC_Late"
"Myeloid-CD177","Naïve CD8 T","HLA-E","CD8B",0.311916160163085,3,"HLA-E_CD8B","HLA-E - CD8B","MHC-I","Cell-Cell Contact","KEGG: hsa04514","Myeloid-CD177 -> Naïve CD8 T (PBMC_Late)",0.0405187799275634,"Myeloid-CD177 -> Naïve CD8 T","PBMC_Late"
"Naïve CD4 T","Naïve CD8 T","HLA-E","CD8B",0.544838688423578,3,"HLA-E_CD8B","HLA-E - CD8B","MHC-I","Cell-Cell Contact","KEGG: hsa04514","Naïve CD4 T -> Naïve CD8 T (PBMC_Late)",0.159548769752419,"Naïve CD4 T -> Naïve CD8 T","PBMC_Late"
"Naïve CD8 T","Naïve CD8 T","HLA-E","CD8B",0.544639960847758,3,"HLA-E_CD8B","HLA-E - CD8B","MHC-I","Cell-Cell Contact","KEGG: hsa04514","Naïve CD8 T -> Naïve CD8 T (PBMC_Late)",0.159441955615057,"Naïve CD8 T -> Naïve CD8 T","PBMC_Late"
"NK T","Naïve CD8 T","HLA-E","CD8B",0.571195321044823,3,"HLA-E_CD8B","HLA-E - CD8B","MHC-I","Cell-Cell Contact","KEGG: hsa04514","NK T -> Naïve CD8 T (PBMC_Late)",0.173649805302337,"NK T -> Naïve CD8 T","PBMC_Late"
"Others","Naïve CD8 T","HLA-E","CD8B",0.533189268052321,3,"HLA-E_CD8B","HLA-E - CD8B","MHC-I","Cell-Cell Contact","KEGG: hsa04514","Others -> Naïve CD8 T (PBMC_Late)",0.153277294387796,"Others -> Naïve CD8 T","PBMC_Late"
"pDC","Naïve CD8 T","HLA-E","CD8B",0.418398227991482,3,"HLA-E_CD8B","HLA-E - CD8B","MHC-I","Cell-Cell Contact","KEGG: hsa04514","pDC -> Naïve CD8 T (PBMC_Late)",0.0916235005673166,"pDC -> Naïve CD8 T","PBMC_Late"
"Pro-B","Naïve CD8 T","HLA-E","CD8B",0.351803905871504,3,"HLA-E_CD8B","HLA-E - CD8B","MHC-I","Cell-Cell Contact","KEGG: hsa04514","Pro-B -> Naïve CD8 T (PBMC_Late)",0.0582802153491281,"Pro-B -> Naïve CD8 T","PBMC_Late"
"Tem","Naïve CD8 T","HLA-E","CD8B",0.553500502633966,3,"HLA-E_CD8B","HLA-E - CD8B","MHC-I","Cell-Cell Contact","KEGG: hsa04514","Tem -> Naïve CD8 T (PBMC_Late)",0.164197863624239,"Tem -> Naïve CD8 T","PBMC_Late"
"Th17like_INNATE_T","Naïve CD8 T","HLA-E","CD8B",0.567331365627755,3,"HLA-E_CD8B","HLA-E - CD8B","MHC-I","Cell-Cell Contact","KEGG: hsa04514","Th17like_INNATE_T -> Naïve CD8 T (PBMC_Late)",0.171591554241584,"Th17like_INNATE_T -> Naïve CD8 T","PBMC_Late"
"Treg","Naïve CD8 T","HLA-E","CD8B",0.555041803372178,3,"HLA-E_CD8B","HLA-E - CD8B","MHC-I","Cell-Cell Contact","KEGG: hsa04514","Treg -> Naïve CD8 T (PBMC_Late)",0.165023713404546,"Treg -> Naïve CD8 T","PBMC_Late"
"abTentry","NK T","HLA-E","CD8B",0.358269816854729,3,"HLA-E_CD8B","HLA-E - CD8B","MHC-I","Cell-Cell Contact","KEGG: hsa04514","abTentry -> NK T (PBMC_Late)",0.0613480171868997,"abTentry -> NK T","PBMC_Late"
"CD14+PPBP+ Monocytes","NK T","HLA-E","CD8B",0.425202148250544,3,"HLA-E_CD8B","HLA-E - CD8B","MHC-I","Cell-Cell Contact","KEGG: hsa04514","CD14+PPBP+ Monocytes -> NK T (PBMC_Late)",0.0951955055723817,"CD14+PPBP+ Monocytes -> NK T","PBMC_Late"
"CD56highCD16low NK","NK T","HLA-E","CD8B",0.274133575307865,3,"HLA-E_CD8B","HLA-E - CD8B","MHC-I","Cell-Cell Contact","KEGG: hsa04514","CD56highCD16low NK -> NK T (PBMC_Late)",0.0260468952471744,"CD56highCD16low NK -> NK T","PBMC_Late"
"Classical Monocytes","NK T","HLA-E","CD8B",0.362088516867676,3,"HLA-E_CD8B","HLA-E - CD8B","MHC-I","Cell-Cell Contact","KEGG: hsa04514","Classical Monocytes -> NK T (PBMC_Late)",0.0631807489184853,"Classical Monocytes -> NK T","PBMC_Late"
"CX3CR1+ NK","NK T","HLA-E","CD8B",0.432280117446613,3,"HLA-E_CD8B","HLA-E - CD8B","MHC-I","Cell-Cell Contact","KEGG: hsa04514","CX3CR1+ NK -> NK T (PBMC_Late)",0.0989327635947337,"CX3CR1+ NK -> NK T","PBMC_Late"
"CXCR5- Naïve B","NK T","HLA-E","CD8B",0.388747343807941,3,"HLA-E_CD8B","HLA-E - CD8B","MHC-I","Cell-Cell Contact","KEGG: hsa04514","CXCR5- Naïve B -> NK T (PBMC_Late)",0.0763547647224689,"CXCR5- Naïve B -> NK T","PBMC_Late"
"CXCR5+ Naïve B","NK T","HLA-E","CD8B",0.379797496667186,3,"HLA-E_CD8B","HLA-E - CD8B","MHC-I","Cell-Cell Contact","KEGG: hsa04514","CXCR5+ Naïve B -> NK T (PBMC_Late)",0.0718638391904886,"CXCR5+ Naïve B -> NK T","PBMC_Late"
"CXCR6+ NK","NK T","HLA-E","CD8B",0.408532358474691,3,"HLA-E_CD8B","HLA-E - CD8B","MHC-I","Cell-Cell Contact","KEGG: hsa04514","CXCR6+ NK -> NK T (PBMC_Late)",0.0864848071930297,"CXCR6+ NK -> NK T","PBMC_Late"
"Cycling Treg","NK T","HLA-E","CD8B",0.337487571628796,3,"HLA-E_CD8B","HLA-E - CD8B","MHC-I","Cell-Cell Contact","KEGG: hsa04514","Cycling Treg -> NK T (PBMC_Late)",0.0516599697171373,"Cycling Treg -> NK T","PBMC_Late"
"DC1","NK T","HLA-E","CD8B",0.352162466155254,3,"HLA-E_CD8B","HLA-E - CD8B","MHC-I","Cell-Cell Contact","KEGG: hsa04514","DC1 -> NK T (PBMC_Late)",0.0584491303469187,"DC1 -> NK T","PBMC_Late"
"DC2","NK T","HLA-E","CD8B",0.341975214534189,3,"HLA-E_CD8B","HLA-E - CD8B","MHC-I","Cell-Cell Contact","KEGG: hsa04514","DC2 -> NK T (PBMC_Late)",0.0537082568556803,"DC2 -> NK T","PBMC_Late"
"DNQ T","NK T","HLA-E","CD8B",0.253877335578736,3,"HLA-E_CD8B","HLA-E - CD8B","MHC-I","Cell-Cell Contact","KEGG: hsa04514","DNQ T -> NK T (PBMC_Late)",0.0194694230074871,"DNQ T -> NK T","PBMC_Late"
"Endothelial cells","NK T","HLA-E","CD8B",0.248032648641227,3,"HLA-E_CD8B","HLA-E - CD8B","MHC-I","Cell-Cell Contact","KEGG: hsa04514","Endothelial cells -> NK T (PBMC_Late)",0.0177436549122354,"Endothelial cells -> NK T","PBMC_Late"
"Gamma Delta V1 T","NK T","HLA-E","CD8B",0.408899908791778,3,"HLA-E_CD8B","HLA-E - CD8B","MHC-I","Cell-Cell Contact","KEGG: hsa04514","Gamma Delta V1 T -> NK T (PBMC_Late)",0.0866753054540917,"Gamma Delta V1 T -> NK T","PBMC_Late"
"Gamma Delta V2 T","NK T","HLA-E","CD8B",0.411824533827802,3,"HLA-E_CD8B","HLA-E - CD8B","MHC-I","Cell-Cell Contact","KEGG: hsa04514","Gamma Delta V2 T -> NK T (PBMC_Late)",0.0881937996623397,"Gamma Delta V2 T -> NK T","PBMC_Late"
"GNG4 +CD8aa+T","NK T","HLA-E","CD8B",0.366934440978909,3,"HLA-E_CD8B","HLA-E - CD8B","MHC-I","Cell-Cell Contact","KEGG: hsa04514","GNG4 +CD8aa+T -> NK T (PBMC_Late)",0.0655276904323839,"GNG4 +CD8aa+T -> NK T","PBMC_Late"
"HSC_MPP","NK T","HLA-E","CD8B",0.327630374007437,3,"HLA-E_CD8B","HLA-E - CD8B","MHC-I","Cell-Cell Contact","KEGG: hsa04514","HSC_MPP -> NK T (PBMC_Late)",0.0472539013320207,"HSC_MPP -> NK T","PBMC_Late"
"ILC2/3","NK T","HLA-E","CD8B",0.378759126334131,3,"HLA-E_CD8B","HLA-E - CD8B","MHC-I","Cell-Cell Contact","KEGG: hsa04514","ILC2/3 -> NK T (PBMC_Late)",0.0713469695976377,"ILC2/3 -> NK T","PBMC_Late"
"Large pre-B","NK T","HLA-E","CD8B",0.338611102824303,3,"HLA-E_CD8B","HLA-E - CD8B","MHC-I","Cell-Cell Contact","KEGG: hsa04514","Large pre-B -> NK T (PBMC_Late)",0.052170377123778,"Large pre-B -> NK T","PBMC_Late"
"Macrophages","NK T","HLA-E","CD8B",0.428162726395547,3,"HLA-E_CD8B","HLA-E - CD8B","MHC-I","Cell-Cell Contact","KEGG: hsa04514","Macrophages -> NK T (PBMC_Late)",0.0967562244593722,"Macrophages -> NK T","PBMC_Late"
"Megakaryocytes","NK T","HLA-E","CD8B",0.478160609183349,3,"HLA-E_CD8B","HLA-E - CD8B","MHC-I","Cell-Cell Contact","KEGG: hsa04514","Megakaryocytes -> NK T (PBMC_Late)",0.123520578253048,"Megakaryocytes -> NK T","PBMC_Late"
"MEMP","NK T","HLA-E","CD8B",0.278820574442163,3,"HLA-E_CD8B","HLA-E - CD8B","MHC-I","Cell-Cell Contact","KEGG: hsa04514","MEMP -> NK T (PBMC_Late)",0.0276940995704835,"MEMP -> NK T","PBMC_Late"
"MEP","NK T","HLA-E","CD8B",0.299085027519059,3,"HLA-E_CD8B","HLA-E - CD8B","MHC-I","Cell-Cell Contact","KEGG: hsa04514","MEP -> NK T (PBMC_Late)",0.0353120576967024,"MEP -> NK T","PBMC_Late"
"Myeloid-CD177","NK T","HLA-E","CD8B",0.257577485601753,3,"HLA-E_CD8B","HLA-E - CD8B","MHC-I","Cell-Cell Contact","KEGG: hsa04514","Myeloid-CD177 -> NK T (PBMC_Late)",0.0206028287346986,"Myeloid-CD177 -> NK T","PBMC_Late"
"Naïve CD4 T","NK T","HLA-E","CD8B",0.408358655467722,3,"HLA-E_CD8B","HLA-E - CD8B","MHC-I","Cell-Cell Contact","KEGG: hsa04514","Naïve CD4 T -> NK T (PBMC_Late)",0.0863948050490663,"Naïve CD4 T -> NK T","PBMC_Late"
"Naïve CD8 T","NK T","HLA-E","CD8B",0.408237297435166,3,"HLA-E_CD8B","HLA-E - CD8B","MHC-I","Cell-Cell Contact","KEGG: hsa04514","Naïve CD8 T -> NK T (PBMC_Late)",0.086331935022584,"Naïve CD8 T -> NK T","PBMC_Late"
"NK T","NK T","HLA-E","CD8B",0.424373609514113,3,"HLA-E_CD8B","HLA-E - CD8B","MHC-I","Cell-Cell Contact","KEGG: hsa04514","NK T -> NK T (PBMC_Late)",0.0947594028873662,"NK T -> NK T","PBMC_Late"
"Others","NK T","HLA-E","CD8B",0.401228681982086,3,"HLA-E_CD8B","HLA-E - CD8B","MHC-I","Cell-Cell Contact","KEGG: hsa04514","Others -> NK T (PBMC_Late)",0.0827158322095351,"Others -> NK T","PBMC_Late"
"pDC","NK T","HLA-E","CD8B",0.328960797735277,3,"HLA-E_CD8B","HLA-E - CD8B","MHC-I","Cell-Cell Contact","KEGG: hsa04514","pDC -> NK T (PBMC_Late)",0.0478408263294479,"pDC -> NK T","PBMC_Late"
"Pro-B","NK T","HLA-E","CD8B",0.284925506486328,3,"HLA-E_CD8B","HLA-E - CD8B","MHC-I","Cell-Cell Contact","KEGG: hsa04514","Pro-B -> NK T (PBMC_Late)",0.029906204999654,"Pro-B -> NK T","PBMC_Late"
"Tem","NK T","HLA-E","CD8B",0.413639229402679,3,"HLA-E_CD8B","HLA-E - CD8B","MHC-I","Cell-Cell Contact","KEGG: hsa04514","Tem -> NK T (PBMC_Late)",0.0891383458731822,"Tem -> NK T","PBMC_Late"
"Th17like_INNATE_T","NK T","HLA-E","CD8B",0.42203551621401,3,"HLA-E_CD8B","HLA-E - CD8B","MHC-I","Cell-Cell Contact","KEGG: hsa04514","Th17like_INNATE_T -> NK T (PBMC_Late)",0.093530393807352,"Th17like_INNATE_T -> NK T","PBMC_Late"
"Treg","NK T","HLA-E","CD8B",0.4145770453353,3,"HLA-E_CD8B","HLA-E - CD8B","MHC-I","Cell-Cell Contact","KEGG: hsa04514","Treg -> NK T (PBMC_Late)",0.0896271594694022,"Treg -> NK T","PBMC_Late"
"abTentry","NK T","HLA-E","CD94:NKG2C",0.271630193759448,3,"HLA-E_CD94:NKG2C","HLA-E - CD94:NKG2C","MHC-I","Cell-Cell Contact","PMID: 28484462","abTentry -> NK T (PBMC_Early)",0.0251857768206679,"abTentry -> NK T","PBMC_Early"
"CD14+PPBP+ Monocytes","NK T","HLA-E","CD94:NKG2C",0.296604523427286,3,"HLA-E_CD94:NKG2C","HLA-E - CD94:NKG2C","MHC-I","Cell-Cell Contact","PMID: 28484462","CD14+PPBP+ Monocytes -> NK T (PBMC_Early)",0.034338340549315,"CD14+PPBP+ Monocytes -> NK T","PBMC_Early"
"CD56highCD16low NK","NK T","HLA-E","CD94:NKG2C",0.266932321058859,3,"HLA-E_CD94:NKG2C","HLA-E - CD94:NKG2C","MHC-I","Cell-Cell Contact","PMID: 28484462","CD56highCD16low NK -> NK T (PBMC_Early)",0.0236056791726898,"CD56highCD16low NK -> NK T","PBMC_Early"
"Classical Monocytes","NK T","HLA-E","CD94:NKG2C",0.269850902919772,3,"HLA-E_CD94:NKG2C","HLA-E - CD94:NKG2C","MHC-I","Cell-Cell Contact","PMID: 28484462","Classical Monocytes -> NK T (PBMC_Early)",0.0245817726181845,"Classical Monocytes -> NK T","PBMC_Early"
"CX3CR1+ NK","NK T","HLA-E","CD94:NKG2C",0.300118757387537,3,"HLA-E_CD94:NKG2C","HLA-E - CD94:NKG2C","MHC-I","Cell-Cell Contact","PMID: 28484462","CX3CR1+ NK -> NK T (PBMC_Early)",0.0357210785470455,"CX3CR1+ NK -> NK T","PBMC_Early"
"CXCR5- Naïve B","NK T","HLA-E","CD94:NKG2C",0.284335379667502,3,"HLA-E_CD94:NKG2C","HLA-E - CD94:NKG2C","MHC-I","Cell-Cell Contact","PMID: 28484462","CXCR5- Naïve B -> NK T (PBMC_Early)",0.0296891530763003,"CXCR5- Naïve B -> NK T","PBMC_Early"
"CXCR5+ Naïve B","NK T","HLA-E","CD94:NKG2C",0.280995820025811,3,"HLA-E_CD94:NKG2C","HLA-E - CD94:NKG2C","MHC-I","Cell-Cell Contact","PMID: 28484462","CXCR5+ Naïve B -> NK T (PBMC_Early)",0.0284737747599877,"CXCR5+ Naïve B -> NK T","PBMC_Early"
"CXCR6+ NK","NK T","HLA-E","CD94:NKG2C",0.293392758211681,3,"HLA-E_CD94:NKG2C","HLA-E - CD94:NKG2C","MHC-I","Cell-Cell Contact","PMID: 28484462","CXCR6+ NK -> NK T (PBMC_Early)",0.0330940947476468,"CXCR6+ NK -> NK T","PBMC_Early"
"Cycling Treg","NK T","HLA-E","CD94:NKG2C",0.252683000549146,3,"HLA-E_CD94:NKG2C","HLA-E - CD94:NKG2C","MHC-I","Cell-Cell Contact","PMID: 28484462","Cycling Treg -> NK T (PBMC_Early)",0.019110300369595,"Cycling Treg -> NK T","PBMC_Early"
"DC1","NK T","HLA-E","CD94:NKG2C",0.248412893794106,3,"HLA-E_CD94:NKG2C","HLA-E - CD94:NKG2C","MHC-I","Cell-Cell Contact","PMID: 28484462","DC1 -> NK T (PBMC_Early)",0.0178534959346252,"DC1 -> NK T","PBMC_Early"
"DC2","NK T","HLA-E","CD94:NKG2C",0.254231317373848,3,"HLA-E_CD94:NKG2C","HLA-E - CD94:NKG2C","MHC-I","Cell-Cell Contact","PMID: 28484462","DC2 -> NK T (PBMC_Early)",0.0195764941636081,"DC2 -> NK T","PBMC_Early"
"DNQ T","NK T","HLA-E","CD94:NKG2C",0.1676188714012,3,"HLA-E_CD94:NKG2C","HLA-E - CD94:NKG2C","MHC-I","Cell-Cell Contact","PMID: 28484462","DNQ T -> NK T (PBMC_Early)",0.00256469590517783,"DNQ T -> NK T","PBMC_Early"
"DPP T","NK T","HLA-E","CD94:NKG2C",0.195252832384426,3,"HLA-E_CD94:NKG2C","HLA-E - CD94:NKG2C","MHC-I","Cell-Cell Contact","PMID: 28484462","NA",0.00596667994890269,"DPP T -> NK T","PBMC_Early"
"Endothelial cells","NK T","HLA-E","CD94:NKG2C",0.301855549419036,3,"HLA-E_CD94:NKG2C","HLA-E - CD94:NKG2C","MHC-I","Cell-Cell Contact","PMID: 28484462","Endothelial cells -> NK T (PBMC_Early)",0.0364125110018078,"Endothelial cells -> NK T","PBMC_Early"
"Gamma Delta V1 T","NK T","HLA-E","CD94:NKG2C",0.291409775938462,3,"HLA-E_CD94:NKG2C","HLA-E - CD94:NKG2C","MHC-I","Cell-Cell Contact","PMID: 28484462","Gamma Delta V1 T -> NK T (PBMC_Early)",0.0323353614012856,"Gamma Delta V1 T -> NK T","PBMC_Early"
"Gamma Delta V2 T","NK T","HLA-E","CD94:NKG2C",0.294807453291831,3,"HLA-E_CD94:NKG2C","HLA-E - CD94:NKG2C","MHC-I","Cell-Cell Contact","PMID: 28484462","Gamma Delta V2 T -> NK T (PBMC_Early)",0.033639829969241,"Gamma Delta V2 T -> NK T","PBMC_Early"
"GNG4 +CD8aa+T","NK T","HLA-E","CD94:NKG2C",0.268156844354603,3,"HLA-E_CD94:NKG2C","HLA-E - CD94:NKG2C","MHC-I","Cell-Cell Contact","PMID: 28484462","GNG4 +CD8aa+T -> NK T (PBMC_Early)",0.0240129783786792,"GNG4 +CD8aa+T -> NK T","PBMC_Early"
"HSC_MPP","NK T","HLA-E","CD94:NKG2C",0.239917705326799,3,"HLA-E_CD94:NKG2C","HLA-E - CD94:NKG2C","MHC-I","Cell-Cell Contact","PMID: 28484462","HSC_MPP -> NK T (PBMC_Early)",0.0154817110543434,"HSC_MPP -> NK T","PBMC_Early"
"ILC2/3","NK T","HLA-E","CD94:NKG2C",0.2831781749954,3,"HLA-E_CD94:NKG2C","HLA-E - CD94:NKG2C","MHC-I","Cell-Cell Contact","PMID: 28484462","ILC2/3 -> NK T (PBMC_Early)",0.0292655099269256,"ILC2/3 -> NK T","PBMC_Early"
"Large pre-B","NK T","HLA-E","CD94:NKG2C",0.234571032224967,3,"HLA-E_CD94:NKG2C","HLA-E - CD94:NKG2C","MHC-I","Cell-Cell Contact","PMID: 28484462","Large pre-B -> NK T (PBMC_Early)",0.0140785771047012,"Large pre-B -> NK T","PBMC_Early"
"Macrophages","NK T","HLA-E","CD94:NKG2C",0.292826243244731,3,"HLA-E_CD94:NKG2C","HLA-E - CD94:NKG2C","MHC-I","Cell-Cell Contact","PMID: 28484462","Macrophages -> NK T (PBMC_Early)",0.0328765886602972,"Macrophages -> NK T","PBMC_Early"
"Megakaryocytes","NK T","HLA-E","CD94:NKG2C",0.313609487250127,3,"HLA-E_CD94:NKG2C","HLA-E - CD94:NKG2C","MHC-I","Cell-Cell Contact","PMID: 28484462","Megakaryocytes -> NK T (PBMC_Early)",0.0412262931049662,"Megakaryocytes -> NK T","PBMC_Early"
"MEMP","NK T","HLA-E","CD94:NKG2C",0.211764179506411,3,"HLA-E_CD94:NKG2C","HLA-E - CD94:NKG2C","MHC-I","Cell-Cell Contact","PMID: 28484462","MEMP -> NK T (PBMC_Early)",0.00889528462457864,"MEMP -> NK T","PBMC_Early"
"MEP","NK T","HLA-E","CD94:NKG2C",0.259743528779112,3,"HLA-E_CD94:NKG2C","HLA-E - CD94:NKG2C","MHC-I","Cell-Cell Contact","PMID: 28484462","MEP -> NK T (PBMC_Early)",0.0212807675669985,"MEP -> NK T","PBMC_Early"
"Myeloid-CD177","NK T","HLA-E","CD94:NKG2C",0.243525915216837,3,"HLA-E_CD94:NKG2C","HLA-E - CD94:NKG2C","MHC-I","Cell-Cell Contact","PMID: 28484462","Myeloid-CD177 -> NK T (PBMC_Early)",0.016467950988339,"Myeloid-CD177 -> NK T","PBMC_Early"
"Naïve CD4 T","NK T","HLA-E","CD94:NKG2C",0.296360669206718,3,"HLA-E_CD94:NKG2C","HLA-E - CD94:NKG2C","MHC-I","Cell-Cell Contact","PMID: 28484462","Naïve CD4 T -> NK T (PBMC_Early)",0.0342432124146902,"Naïve CD4 T -> NK T","PBMC_Early"
"Naïve CD8 T","NK T","HLA-E","CD94:NKG2C",0.295514637954702,3,"HLA-E_CD94:NKG2C","HLA-E - CD94:NKG2C","MHC-I","Cell-Cell Contact","PMID: 28484462","Naïve CD8 T -> NK T (PBMC_Early)",0.0339140082350698,"Naïve CD8 T -> NK T","PBMC_Early"
"NK T","NK T","HLA-E","CD94:NKG2C",0.299138936259341,3,"HLA-E_CD94:NKG2C","HLA-E - CD94:NKG2C","MHC-I","Cell-Cell Contact","PMID: 28484462","NK T -> NK T (PBMC_Early)",0.0353333413139281,"NK T -> NK T","PBMC_Early"
"Others","NK T","HLA-E","CD94:NKG2C",0.258194080259171,3,"HLA-E_CD94:NKG2C","HLA-E - CD94:NKG2C","MHC-I","Cell-Cell Contact","PMID: 28484462","Others -> NK T (PBMC_Early)",0.0207947341566761,"Others -> NK T","PBMC_Early"
"pDC","NK T","HLA-E","CD94:NKG2C",0.247421034671716,3,"HLA-E_CD94:NKG2C","HLA-E - CD94:NKG2C","MHC-I","Cell-Cell Contact","PMID: 28484462","pDC -> NK T (PBMC_Early)",0.0175676954353883,"pDC -> NK T","PBMC_Early"
"Pro-B","NK T","HLA-E","CD94:NKG2C",0.237402054390036,3,"HLA-E_CD94:NKG2C","HLA-E - CD94:NKG2C","MHC-I","Cell-Cell Contact","PMID: 28484462","Pro-B -> NK T (PBMC_Early)",0.0148128021192237,"Pro-B -> NK T","PBMC_Early"
"Small pre-B","NK T","HLA-E","CD94:NKG2C",0.287470925021624,3,"HLA-E_CD94:NKG2C","HLA-E - CD94:NKG2C","MHC-I","Cell-Cell Contact","PMID: 28484462","NA",0.030850180957873,"Small pre-B -> NK T","PBMC_Early"
"Tem","NK T","HLA-E","CD94:NKG2C",0.296528699952058,3,"HLA-E_CD94:NKG2C","HLA-E - CD94:NKG2C","MHC-I","Cell-Cell Contact","PMID: 28484462","Tem -> NK T (PBMC_Early)",0.0343087501179965,"Tem -> NK T","PBMC_Early"
"Th17like_INNATE_T","NK T","HLA-E","CD94:NKG2C",0.301063345951613,3,"HLA-E_CD94:NKG2C","HLA-E - CD94:NKG2C","MHC-I","Cell-Cell Contact","PMID: 28484462","Th17like_INNATE_T -> NK T (PBMC_Early)",0.036096473393267,"Th17like_INNATE_T -> NK T","PBMC_Early"
"Treg","NK T","HLA-E","CD94:NKG2C",0.302930215438383,3,"HLA-E_CD94:NKG2C","HLA-E - CD94:NKG2C","MHC-I","Cell-Cell Contact","PMID: 28484462","Treg -> NK T (PBMC_Early)",0.0368429750827555,"Treg -> NK T","PBMC_Early"
"abTentry","NK T","HLA-E","CD94:NKG2C",0.299896930459923,3,"HLA-E_CD94:NKG2C","HLA-E - CD94:NKG2C","MHC-I","Cell-Cell Contact","PMID: 28484462","abTentry -> NK T (PBMC_Late)",0.0356331482393881,"abTentry -> NK T","PBMC_Late"
"CD14+PPBP+ Monocytes","NK T","HLA-E","CD94:NKG2C",0.347236840187439,3,"HLA-E_CD94:NKG2C","HLA-E - CD94:NKG2C","MHC-I","Cell-Cell Contact","PMID: 28484462","CD14+PPBP+ Monocytes -> NK T (PBMC_Late)",0.0561415691458668,"CD14+PPBP+ Monocytes -> NK T","PBMC_Late"
"CD56highCD16low NK","NK T","HLA-E","CD94:NKG2C",0.237711260709191,3,"HLA-E_CD94:NKG2C","HLA-E - CD94:NKG2C","MHC-I","Cell-Cell Contact","PMID: 28484462","CD56highCD16low NK -> NK T (PBMC_Late)",0.014894186615924,"CD56highCD16low NK -> NK T","PBMC_Late"
"Classical Monocytes","NK T","HLA-E","CD94:NKG2C",0.302642976204629,3,"HLA-E_CD94:NKG2C","HLA-E - CD94:NKG2C","MHC-I","Cell-Cell Contact","PMID: 28484462","Classical Monocytes -> NK T (PBMC_Late)",0.036727723977651,"Classical Monocytes -> NK T","PBMC_Late"
"CX3CR1+ NK","NK T","HLA-E","CD94:NKG2C",0.352152966940526,3,"HLA-E_CD94:NKG2C","HLA-E - CD94:NKG2C","MHC-I","Cell-Cell Contact","PMID: 28484462","CX3CR1+ NK -> NK T (PBMC_Late)",0.0584446534746081,"CX3CR1+ NK -> NK T","PBMC_Late"
"CXCR5- Naïve B","NK T","HLA-E","CD94:NKG2C",0.321654342872758,3,"HLA-E_CD94:NKG2C","HLA-E - CD94:NKG2C","MHC-I","Cell-Cell Contact","PMID: 28484462","CXCR5- Naïve B -> NK T (PBMC_Late)",0.0446488199743867,"CXCR5- Naïve B -> NK T","PBMC_Late"
"CXCR5+ Naïve B","NK T","HLA-E","CD94:NKG2C",0.315302090705427,3,"HLA-E_CD94:NKG2C","HLA-E - CD94:NKG2C","MHC-I","Cell-Cell Contact","PMID: 28484462","CXCR5+ Naïve B -> NK T (PBMC_Late)",0.041938056709593,"CXCR5+ Naïve B -> NK T","PBMC_Late"
"CXCR6+ NK","NK T","HLA-E","CD94:NKG2C",0.335594739513773,3,"HLA-E_CD94:NKG2C","HLA-E - CD94:NKG2C","MHC-I","Cell-Cell Contact","PMID: 28484462","CXCR6+ NK -> NK T (PBMC_Late)",0.0508037813670688,"CXCR6+ NK -> NK T","PBMC_Late"
"Cycling Treg","NK T","HLA-E","CD94:NKG2C",0.284845462279293,3,"HLA-E_CD94:NKG2C","HLA-E - CD94:NKG2C","MHC-I","Cell-Cell Contact","PMID: 28484462","Cycling Treg -> NK T (PBMC_Late)",0.0298767243918403,"Cycling Treg -> NK T","PBMC_Late"
"DC1","NK T","HLA-E","CD94:NKG2C",0.295492672359211,3,"HLA-E_CD94:NKG2C","HLA-E - CD94:NKG2C","MHC-I","Cell-Cell Contact","PMID: 28484462","DC1 -> NK T (PBMC_Late)",0.0339054783777288,"DC1 -> NK T","PBMC_Late"
"DC2","NK T","HLA-E","CD94:NKG2C",0.288111302075495,3,"HLA-E_CD94:NKG2C","HLA-E - CD94:NKG2C","MHC-I","Cell-Cell Contact","PMID: 28484462","DC2 -> NK T (PBMC_Late)",0.0310896334053443,"DC2 -> NK T","PBMC_Late"
"DNQ T","NK T","HLA-E","CD94:NKG2C",0.222186417139579,3,"HLA-E_CD94:NKG2C","HLA-E - CD94:NKG2C","MHC-I","Cell-Cell Contact","PMID: 28484462","DNQ T -> NK T (PBMC_Late)",0.0111009435500785,"DNQ T -> NK T","PBMC_Late"
"Endothelial cells","NK T","HLA-E","CD94:NKG2C",0.217661081269419,3,"HLA-E_CD94:NKG2C","HLA-E - CD94:NKG2C","MHC-I","Cell-Cell Contact","PMID: 28484462","Endothelial cells -> NK T (PBMC_Late)",0.0101093090083197,"Endothelial cells -> NK T","PBMC_Late"
"Gamma Delta V1 T","NK T","HLA-E","CD94:NKG2C",0.335852428504914,3,"HLA-E_CD94:NKG2C","HLA-E - CD94:NKG2C","MHC-I","Cell-Cell Contact","PMID: 28484462","Gamma Delta V1 T -> NK T (PBMC_Late)",0.0509200666685729,"Gamma Delta V1 T -> NK T","PBMC_Late"
"Gamma Delta V2 T","NK T","HLA-E","CD94:NKG2C",0.337901256015272,3,"HLA-E_CD94:NKG2C","HLA-E - CD94:NKG2C","MHC-I","Cell-Cell Contact","PMID: 28484462","Gamma Delta V2 T -> NK T (PBMC_Late)",0.051847712673454,"Gamma Delta V2 T -> NK T","PBMC_Late"
"GNG4 +CD8aa+T","NK T","HLA-E","CD94:NKG2C",0.306119253081927,3,"HLA-E_CD94:NKG2C","HLA-E - CD94:NKG2C","MHC-I","Cell-Cell Contact","PMID: 28484462","GNG4 +CD8aa+T -> NK T (PBMC_Late)",0.0381320260650998,"GNG4 +CD8aa+T -> NK T","PBMC_Late"
"HSC_MPP","NK T","HLA-E","CD94:NKG2C",0.277640445082248,3,"HLA-E_CD94:NKG2C","HLA-E - CD94:NKG2C","MHC-I","Cell-Cell Contact","PMID: 28484462","HSC_MPP -> NK T (PBMC_Late)",0.02727511005891,"HSC_MPP -> NK T","PBMC_Late"
"ILC2/3","NK T","HLA-E","CD94:NKG2C",0.314563160769527,3,"HLA-E_CD94:NKG2C","HLA-E - CD94:NKG2C","MHC-I","Cell-Cell Contact","PMID: 28484462","ILC2/3 -> NK T (PBMC_Late)",0.0416267703682175,"ILC2/3 -> NK T","PBMC_Late"
"Large pre-B","NK T","HLA-E","CD94:NKG2C",0.285663932568614,3,"HLA-E_CD94:NKG2C","HLA-E - CD94:NKG2C","MHC-I","Cell-Cell Contact","PMID: 28484462","Large pre-B -> NK T (PBMC_Late)",0.0301787593523148,"Large pre-B -> NK T","PBMC_Late"
"Macrophages","NK T","HLA-E","CD94:NKG2C",0.349295079590862,3,"HLA-E_CD94:NKG2C","HLA-E - CD94:NKG2C","MHC-I","Cell-Cell Contact","PMID: 28484462","Macrophages -> NK T (PBMC_Late)",0.057102411935848,"Macrophages -> NK T","PBMC_Late"
"Megakaryocytes","NK T","HLA-E","CD94:NKG2C",0.383659542475691,3,"HLA-E_CD94:NKG2C","HLA-E - CD94:NKG2C","MHC-I","Cell-Cell Contact","PMID: 28484462","Megakaryocytes -> NK T (PBMC_Late)",0.0737940192298459,"Megakaryocytes -> NK T","PBMC_Late"
"MEMP","NK T","HLA-E","CD94:NKG2C",0.241269711049232,3,"HLA-E_CD94:NKG2C","HLA-E - CD94:NKG2C","MHC-I","Cell-Cell Contact","PMID: 28484462","MEMP -> NK T (PBMC_Late)",0.0158475703735159,"MEMP -> NK T","PBMC_Late"
"MEP","NK T","HLA-E","CD94:NKG2C",0.256517017278398,3,"HLA-E_CD94:NKG2C","HLA-E - CD94:NKG2C","MHC-I","Cell-Cell Contact","PMID: 28484462","MEP -> NK T (PBMC_Late)",0.0202747939250444,"MEP -> NK T","PBMC_Late"
"Myeloid-CD177","NK T","HLA-E","CD94:NKG2C",0.225040478885107,3,"HLA-E_CD94:NKG2C","HLA-E - CD94:NKG2C","MHC-I","Cell-Cell Contact","PMID: 28484462","Myeloid-CD177 -> NK T (PBMC_Late)",0.0117530205263814,"Myeloid-CD177 -> NK T","PBMC_Late"
"Naïve CD4 T","NK T","HLA-E","CD94:NKG2C",0.335472940675128,3,"HLA-E_CD94:NKG2C","HLA-E - CD94:NKG2C","MHC-I","Cell-Cell Contact","PMID: 28484462","Naïve CD4 T -> NK T (PBMC_Late)",0.0507488485787226,"Naïve CD4 T -> NK T","PBMC_Late"
"Naïve CD8 T","NK T","HLA-E","CD94:NKG2C",0.335387839551302,3,"HLA-E_CD94:NKG2C","HLA-E - CD94:NKG2C","MHC-I","Cell-Cell Contact","PMID: 28484462","Naïve CD8 T -> NK T (PBMC_Late)",0.050710478521311,"Naïve CD8 T -> NK T","PBMC_Late"
"NK T","NK T","HLA-E","CD94:NKG2C",0.346660328544848,3,"HLA-E_CD94:NKG2C","HLA-E - CD94:NKG2C","MHC-I","Cell-Cell Contact","PMID: 28484462","NK T -> NK T (PBMC_Late)",0.0558733294138577,"NK T -> NK T","PBMC_Late"
"Others","NK T","HLA-E","CD94:NKG2C",0.330464575228894,3,"HLA-E_CD94:NKG2C","HLA-E - CD94:NKG2C","MHC-I","Cell-Cell Contact","PMID: 28484462","Others -> NK T (PBMC_Late)",0.0485072040109361,"Others -> NK T","PBMC_Late"
"pDC","NK T","HLA-E","CD94:NKG2C",0.278615477252583,3,"HLA-E_CD94:NKG2C","HLA-E - CD94:NKG2C","MHC-I","Cell-Cell Contact","PMID: 28484462","pDC -> NK T (PBMC_Late)",0.0276210792513967,"pDC -> NK T","PBMC_Late"
"Pro-B","NK T","HLA-E","CD94:NKG2C",0.24588639502562,3,"HLA-E_CD94:NKG2C","HLA-E - CD94:NKG2C","MHC-I","Cell-Cell Contact","PMID: 28484462","Pro-B -> NK T (PBMC_Late)",0.0171300886855862,"Pro-B -> NK T","PBMC_Late"
"Tem","NK T","HLA-E","CD94:NKG2C",0.339171088951002,3,"HLA-E_CD94:NKG2C","HLA-E - CD94:NKG2C","MHC-I","Cell-Cell Contact","PMID: 28484462","Tem -> NK T (PBMC_Late)",0.0524253772810803,"Tem -> NK T","PBMC_Late"
"Th17like_INNATE_T","NK T","HLA-E","CD94:NKG2C",0.345032257546217,3,"HLA-E_CD94:NKG2C","HLA-E - CD94:NKG2C","MHC-I","Cell-Cell Contact","PMID: 28484462","Th17like_INNATE_T -> NK T (PBMC_Late)",0.0551179560329999,"Th17like_INNATE_T -> NK T","PBMC_Late"
"Treg","NK T","HLA-E","CD94:NKG2C",0.339826896130639,3,"HLA-E_CD94:NKG2C","HLA-E - CD94:NKG2C","MHC-I","Cell-Cell Contact","PMID: 28484462","Treg -> NK T (PBMC_Late)",0.0527245191994966,"Treg -> NK T","PBMC_Late"
"abTentry","NK T","HLA-E","CD94:NKG2E",0.253155493556293,3,"HLA-E_CD94:NKG2E","HLA-E - CD94:NKG2E","MHC-I","Cell-Cell Contact","PMID: 28484462","abTentry -> NK T (PBMC_Late)",0.0192519790286259,"abTentry -> NK T","PBMC_Late"
"CD14+PPBP+ Monocytes","NK T","HLA-E","CD94:NKG2E",0.286885048060157,3,"HLA-E_CD94:NKG2E","HLA-E - CD94:NKG2E","MHC-I","Cell-Cell Contact","PMID: 28484462","CD14+PPBP+ Monocytes -> NK T (PBMC_Late)",0.0306317970721514,"CD14+PPBP+ Monocytes -> NK T","PBMC_Late"
"CD56highCD16low NK","NK T","HLA-E","CD94:NKG2E",0.20694145534599,3,"HLA-E_CD94:NKG2E","HLA-E - CD94:NKG2E","MHC-I","Cell-Cell Contact","PMID: 28484462","CD56highCD16low NK -> NK T (PBMC_Late)",0.00796829638520641,"CD56highCD16low NK -> NK T","PBMC_Late"
"Classical Monocytes","NK T","HLA-E","CD94:NKG2E",0.255143440715221,3,"HLA-E_CD94:NKG2E","HLA-E - CD94:NKG2E","MHC-I","Cell-Cell Contact","PMID: 28484462","Classical Monocytes -> NK T (PBMC_Late)",0.0198537189685327,"Classical Monocytes -> NK T","PBMC_Late"
"CX3CR1+ NK","NK T","HLA-E","CD94:NKG2E",0.29032601866197,3,"HLA-E_CD94:NKG2E","HLA-E - CD94:NKG2E","MHC-I","Cell-Cell Contact","PMID: 28484462","CX3CR1+ NK -> NK T (PBMC_Late)",0.0319237939424645,"CX3CR1+ NK -> NK T","PBMC_Late"
"CXCR5- Naïve B","NK T","HLA-E","CD94:NKG2E",0.268796769393092,3,"HLA-E_CD94:NKG2E","HLA-E - CD94:NKG2E","MHC-I","Cell-Cell Contact","PMID: 28484462","CXCR5- Naïve B -> NK T (PBMC_Late)",0.0242271152564601,"CXCR5- Naïve B -> NK T","PBMC_Late"
"CXCR5+ Naïve B","NK T","HLA-E","CD94:NKG2E",0.264255670925648,3,"HLA-E_CD94:NKG2E","HLA-E - CD94:NKG2E","MHC-I","Cell-Cell Contact","PMID: 28484462","CXCR5+ Naïve B -> NK T (PBMC_Late)",0.0227267197761363,"CXCR5+ Naïve B -> NK T","PBMC_Late"
"CXCR6+ NK","NK T","HLA-E","CD94:NKG2E",0.278692136381993,3,"HLA-E_CD94:NKG2E","HLA-E - CD94:NKG2E","MHC-I","Cell-Cell Contact","PMID: 28484462","CXCR6+ NK -> NK T (PBMC_Late)",0.0276483620535434,"CXCR6+ NK -> NK T","PBMC_Late"
"Cycling Treg","NK T","HLA-E","CD94:NKG2E",0.242184795183957,3,"HLA-E_CD94:NKG2E","HLA-E - CD94:NKG2E","MHC-I","Cell-Cell Contact","PMID: 28484462","Cycling Treg -> NK T (PBMC_Late)",0.0160977080746386,"Cycling Treg -> NK T","PBMC_Late"
"DC1","NK T","HLA-E","CD94:NKG2E",0.249958482278697,3,"HLA-E_CD94:NKG2E","HLA-E - CD94:NKG2E","MHC-I","Cell-Cell Contact","PMID: 28484462","DC1 -> NK T (PBMC_Late)",0.0183034741319397,"DC1 -> NK T","PBMC_Late"
"DC2","NK T","HLA-E","CD94:NKG2E",0.244576103808112,3,"HLA-E_CD94:NKG2E","HLA-E - CD94:NKG2E","MHC-I","Cell-Cell Contact","PMID: 28484462","DC2 -> NK T (PBMC_Late)",0.016760893282778,"DC2 -> NK T","PBMC_Late"
"DNQ T","NK T","HLA-E","CD94:NKG2E",0.195007253487533,3,"HLA-E_CD94:NKG2E","HLA-E - CD94:NKG2E","MHC-I","Cell-Cell Contact","PMID: 28484462","DNQ T -> NK T (PBMC_Late)",0.0059283201884723,"DNQ T -> NK T","PBMC_Late"
"Endothelial cells","NK T","HLA-E","CD94:NKG2E",0.191495495549269,3,"HLA-E_CD94:NKG2E","HLA-E - CD94:NKG2E","MHC-I","Cell-Cell Contact","PMID: 28484462","Endothelial cells -> NK T (PBMC_Late)",0.00539622875700311,"Endothelial cells -> NK T","PBMC_Late"
"Gamma Delta V1 T","NK T","HLA-E","CD94:NKG2E",0.27887416710747,3,"HLA-E_CD94:NKG2E","HLA-E - CD94:NKG2E","MHC-I","Cell-Cell Contact","PMID: 28484462","Gamma Delta V1 T -> NK T (PBMC_Late)",0.027713194109475,"Gamma Delta V1 T -> NK T","PBMC_Late"
"Gamma Delta V2 T","NK T","HLA-E","CD94:NKG2E",0.280320332759146,3,"HLA-E_CD94:NKG2E","HLA-E - CD94:NKG2E","MHC-I","Cell-Cell Contact","PMID: 28484462","Gamma Delta V2 T -> NK T (PBMC_Late)",0.0282306400725458,"Gamma Delta V2 T -> NK T","PBMC_Late"
"GNG4 +CD8aa+T","NK T","HLA-E","CD94:NKG2E",0.257654177117249,3,"HLA-E_CD94:NKG2E","HLA-E - CD94:NKG2E","MHC-I","Cell-Cell Contact","PMID: 28484462","GNG4 +CD8aa+T -> NK T (PBMC_Late)",0.0206266508346034,"GNG4 +CD8aa+T -> NK T","PBMC_Late"
"HSC_MPP","NK T","HLA-E","CD94:NKG2E",0.236887137638481,3,"HLA-E_CD94:NKG2E","HLA-E - CD94:NKG2E","MHC-I","Cell-Cell Contact","PMID: 28484462","HSC_MPP -> NK T (PBMC_Late)",0.014677793473285,"HSC_MPP -> NK T","PBMC_Late"
"ILC2/3","NK T","HLA-E","CD94:NKG2E",0.263726085489914,3,"HLA-E_CD94:NKG2E","HLA-E - CD94:NKG2E","MHC-I","Cell-Cell Contact","PMID: 28484462","ILC2/3 -> NK T (PBMC_Late)",0.0225546730867215,"ILC2/3 -> NK T","PBMC_Late"
"Large pre-B","NK T","HLA-E","CD94:NKG2E",0.242784672610091,3,"HLA-E_CD94:NKG2E","HLA-E - CD94:NKG2E","MHC-I","Cell-Cell Contact","PMID: 28484462","Large pre-B -> NK T (PBMC_Late)",0.0162627809412638,"Large pre-B -> NK T","PBMC_Late"
"Macrophages","NK T","HLA-E","CD94:NKG2E",0.288327007193526,3,"HLA-E_CD94:NKG2E","HLA-E - CD94:NKG2E","MHC-I","Cell-Cell Contact","PMID: 28484462","Macrophages -> NK T (PBMC_Late)",0.0311704674687701,"Macrophages -> NK T","PBMC_Late"
"Megakaryocytes","NK T","HLA-E","CD94:NKG2E",0.312131183757715,3,"HLA-E_CD94:NKG2E","HLA-E - CD94:NKG2E","MHC-I","Cell-Cell Contact","PMID: 28484462","Megakaryocytes -> NK T (PBMC_Late)",0.0406083673652404,"Megakaryocytes -> NK T","PBMC_Late"
"MEMP","NK T","HLA-E","CD94:NKG2E",0.20965287077577,3,"HLA-E_CD94:NKG2E","HLA-E - CD94:NKG2E","MHC-I","Cell-Cell Contact","PMID: 28484462","MEMP -> NK T (PBMC_Late)",0.00848216796297348,"MEMP -> NK T","PBMC_Late"
"MEP","NK T","HLA-E","CD94:NKG2E",0.221173661125649,3,"HLA-E_CD94:NKG2E","HLA-E - CD94:NKG2E","MHC-I","Cell-Cell Contact","PMID: 28484462","MEP -> NK T (PBMC_Late)",0.0108745070981177,"MEP -> NK T","PBMC_Late"
"Myeloid-CD177","NK T","HLA-E","CD94:NKG2E",0.197214272913493,3,"HLA-E_CD94:NKG2E","HLA-E - CD94:NKG2E","MHC-I","Cell-Cell Contact","PMID: 28484462","Myeloid-CD177 -> NK T (PBMC_Late)",0.00627848283987837,"Myeloid-CD177 -> NK T","PBMC_Late"
"Naïve CD4 T","NK T","HLA-E","CD94:NKG2E",0.27860608706162,3,"HLA-E_CD94:NKG2E","HLA-E - CD94:NKG2E","MHC-I","Cell-Cell Contact","PMID: 28484462","Naïve CD4 T -> NK T (PBMC_Late)",0.0276177381245705,"Naïve CD4 T -> NK T","PBMC_Late"
"Naïve CD8 T","NK T","HLA-E","CD94:NKG2E",0.278545960018565,3,"HLA-E_CD94:NKG2E","HLA-E - CD94:NKG2E","MHC-I","Cell-Cell Contact","PMID: 28484462","Naïve CD8 T -> NK T (PBMC_Late)",0.0275963485445657,"Naïve CD8 T -> NK T","PBMC_Late"
"NK T","NK T","HLA-E","CD94:NKG2E",0.2864808116358,3,"HLA-E_CD94:NKG2E","HLA-E - CD94:NKG2E","MHC-I","Cell-Cell Contact","PMID: 28484462","NK T -> NK T (PBMC_Late)",0.0304815047246025,"NK T -> NK T","PBMC_Late"
"Others","NK T","HLA-E","CD94:NKG2E",0.27506158962633,3,"HLA-E_CD94:NKG2E","HLA-E - CD94:NKG2E","MHC-I","Cell-Cell Contact","PMID: 28484462","Others -> NK T (PBMC_Late)",0.0263694427597802,"Others -> NK T","PBMC_Late"
"pDC","NK T","HLA-E","CD94:NKG2E",0.237605847195103,3,"HLA-E_CD94:NKG2E","HLA-E - CD94:NKG2E","MHC-I","Cell-Cell Contact","PMID: 28484462","pDC -> NK T (PBMC_Late)",0.0148664150098246,"pDC -> NK T","PBMC_Late"
"Pro-B","NK T","HLA-E","CD94:NKG2E",0.213157665763139,3,"HLA-E_CD94:NKG2E","HLA-E - CD94:NKG2E","MHC-I","Cell-Cell Contact","PMID: 28484462","Pro-B -> NK T (PBMC_Late)",0.00917417264405498,"Pro-B -> NK T","PBMC_Late"
"Tem","NK T","HLA-E","CD94:NKG2E",0.281215650737475,3,"HLA-E_CD94:NKG2E","HLA-E - CD94:NKG2E","MHC-I","Cell-Cell Contact","PMID: 28484462","Tem -> NK T (PBMC_Late)",0.0285530976076353,"Tem -> NK T","PBMC_Late"
"Th17like_INNATE_T","NK T","HLA-E","CD94:NKG2E",0.285338427904725,3,"HLA-E_CD94:NKG2E","HLA-E - CD94:NKG2E","MHC-I","Cell-Cell Contact","PMID: 28484462","Th17like_INNATE_T -> NK T (PBMC_Late)",0.0300584841605003,"Th17like_INNATE_T -> NK T","PBMC_Late"
"Treg","NK T","HLA-E","CD94:NKG2E",0.281677742733049,3,"HLA-E_CD94:NKG2E","HLA-E - CD94:NKG2E","MHC-I","Cell-Cell Contact","PMID: 28484462","Treg -> NK T (PBMC_Late)",0.0287201516626244,"Treg -> NK T","PBMC_Late"
"abTentry","NK T","HLA-E","KLRC2",0.287975312875529,3,"HLA-E_KLRC2","HLA-E - KLRC2","MHC-I","Cell-Cell Contact","PMID: 26697006","abTentry -> NK T (PBMC_Early)",0.0310387180707571,"abTentry -> NK T","PBMC_Early"
"CD14+PPBP+ Monocytes","NK T","HLA-E","KLRC2",0.315984087504676,3,"HLA-E_KLRC2","HLA-E - KLRC2","MHC-I","Cell-Cell Contact","PMID: 26697006","CD14+PPBP+ Monocytes -> NK T (PBMC_Early)",0.0422261186316843,"CD14+PPBP+ Monocytes -> NK T","PBMC_Early"
"CD56highCD16low NK","NK T","HLA-E","KLRC2",0.282730651531979,3,"HLA-E_KLRC2","HLA-E - KLRC2","MHC-I","Cell-Cell Contact","PMID: 26697006","CD56highCD16low NK -> NK T (PBMC_Early)",0.0291023828606648,"CD56highCD16low NK -> NK T","PBMC_Early"
"Classical Monocytes","NK T","HLA-E","KLRC2",0.285988009955438,3,"HLA-E_KLRC2","HLA-E - KLRC2","MHC-I","Cell-Cell Contact","PMID: 26697006","Classical Monocytes -> NK T (PBMC_Early)",0.0302987116437549,"Classical Monocytes -> NK T","PBMC_Early"
"CX3CR1+ NK","NK T","HLA-E","KLRC2",0.319941973222014,3,"HLA-E_KLRC2","HLA-E - KLRC2","MHC-I","Cell-Cell Contact","PMID: 26697006","CX3CR1+ NK -> NK T (PBMC_Early)",0.0439120385198954,"CX3CR1+ NK -> NK T","PBMC_Early"
"CXCR5- Naïve B","NK T","HLA-E","KLRC2",0.302197834962213,3,"HLA-E_KLRC2","HLA-E - KLRC2","MHC-I","Cell-Cell Contact","PMID: 26697006","CXCR5- Naïve B -> NK T (PBMC_Early)",0.03654939848217,"CXCR5- Naïve B -> NK T","PBMC_Early"
"CXCR5+ Naïve B","NK T","HLA-E","KLRC2",0.298454065050089,3,"HLA-E_KLRC2","HLA-E - KLRC2","MHC-I","Cell-Cell Contact","PMID: 26697006","CXCR5+ Naïve B -> NK T (PBMC_Early)",0.0350633321660235,"CXCR5+ Naïve B -> NK T","PBMC_Early"
"CXCR6+ NK","NK T","HLA-E","KLRC2",0.3123703687638,3,"HLA-E_KLRC2","HLA-E - KLRC2","MHC-I","Cell-Cell Contact","PMID: 26697006","CXCR6+ NK -> NK T (PBMC_Early)",0.040708108728093,"CXCR6+ NK -> NK T","PBMC_Early"
"Cycling Treg","NK T","HLA-E","KLRC2",0.266871451823935,3,"HLA-E_KLRC2","HLA-E - KLRC2","MHC-I","Cell-Cell Contact","PMID: 26697006","Cycling Treg -> NK T (PBMC_Early)",0.0235855175477867,"Cycling Treg -> NK T","PBMC_Early"
"DC1","NK T","HLA-E","KLRC2",0.262133473019504,3,"HLA-E_KLRC2","HLA-E - KLRC2","MHC-I","Cell-Cell Contact","PMID: 26697006","DC1 -> NK T (PBMC_Early)",0.0220410102308009,"DC1 -> NK T","PBMC_Early"
"DC2","NK T","HLA-E","KLRC2",0.268591095459607,3,"HLA-E_KLRC2","HLA-E - KLRC2","MHC-I","Cell-Cell Contact","PMID: 26697006","DC2 -> NK T (PBMC_Early)",0.0241581950071793,"DC2 -> NK T","PBMC_Early"
"DNQ T","NK T","HLA-E","KLRC2",0.173866113315373,3,"HLA-E_KLRC2","HLA-E - KLRC2","MHC-I","Cell-Cell Contact","PMID: 26697006","DNQ T -> NK T (PBMC_Early)",0.00317784480151848,"DNQ T -> NK T","PBMC_Early"
"DPP T","NK T","HLA-E","KLRC2",0.203748300687745,3,"HLA-E_KLRC2","HLA-E - KLRC2","MHC-I","Cell-Cell Contact","PMID: 26697006","NA",0.00738712695820013,"DPP T -> NK T","PBMC_Early"
"Endothelial cells","NK T","HLA-E","KLRC2",0.321899495068091,3,"HLA-E_KLRC2","HLA-E - KLRC2","MHC-I","Cell-Cell Contact","PMID: 26697006","Endothelial cells -> NK T (PBMC_Early)",0.0447546600880091,"Endothelial cells -> NK T","PBMC_Early"
"Gamma Delta V1 T","NK T","HLA-E","KLRC2",0.310140906500356,3,"HLA-E_KLRC2","HLA-E - KLRC2","MHC-I","Cell-Cell Contact","PMID: 26697006","Gamma Delta V1 T -> NK T (PBMC_Early)",0.0397819944793609,"Gamma Delta V1 T -> NK T","PBMC_Early"
"Gamma Delta V2 T","NK T","HLA-E","KLRC2",0.313961697606756,3,"HLA-E_KLRC2","HLA-E - KLRC2","MHC-I","Cell-Cell Contact","PMID: 26697006","Gamma Delta V2 T -> NK T (PBMC_Early)",0.0413740295164719,"Gamma Delta V2 T -> NK T","PBMC_Early"
"GNG4 +CD8aa+T","NK T","HLA-E","KLRC2",0.284096943821457,3,"HLA-E_KLRC2","HLA-E - KLRC2","MHC-I","Cell-Cell Contact","PMID: 26697006","GNG4 +CD8aa+T -> NK T (PBMC_Early)",0.0296016484340595,"GNG4 +CD8aa+T -> NK T","PBMC_Early"
"HSC_MPP","NK T","HLA-E","KLRC2",0.252727956174019,3,"HLA-E_KLRC2","HLA-E - KLRC2","MHC-I","Cell-Cell Contact","PMID: 26697006","HSC_MPP -> NK T (PBMC_Early)",0.019123758201999,"HSC_MPP -> NK T","PBMC_Early"
"ILC2/3","NK T","HLA-E","KLRC2",0.300900136596276,3,"HLA-E_KLRC2","HLA-E - KLRC2","MHC-I","Cell-Cell Contact","PMID: 26697006","ILC2/3 -> NK T (PBMC_Early)",0.036031499574214,"ILC2/3 -> NK T","PBMC_Early"
"Large pre-B","NK T","HLA-E","KLRC2",0.246822554055385,3,"HLA-E_KLRC2","HLA-E - KLRC2","MHC-I","Cell-Cell Contact","PMID: 26697006","Large pre-B -> NK T (PBMC_Early)",0.0173963718697883,"Large pre-B -> NK T","PBMC_Early"
"Macrophages","NK T","HLA-E","KLRC2",0.31173330508011,3,"HLA-E_KLRC2","HLA-E - KLRC2","MHC-I","Cell-Cell Contact","PMID: 26697006","Macrophages -> NK T (PBMC_Early)",0.0404426537499601,"Macrophages -> NK T","PBMC_Early"
"Megakaryocytes","NK T","HLA-E","KLRC2",0.335172339434485,3,"HLA-E_KLRC2","HLA-E - KLRC2","MHC-I","Cell-Cell Contact","PMID: 26697006","Megakaryocytes -> NK T (PBMC_Early)",0.0506133574371609,"Megakaryocytes -> NK T","PBMC_Early"
"MEMP","NK T","HLA-E","KLRC2",0.221759638646059,3,"HLA-E_KLRC2","HLA-E - KLRC2","MHC-I","Cell-Cell Contact","PMID: 26697006","MEMP -> NK T (PBMC_Early)",0.0110052058687104,"MEMP -> NK T","PBMC_Early"
"MEP","NK T","HLA-E","KLRC2",0.274720428965371,3,"HLA-E_KLRC2","HLA-E - KLRC2","MHC-I","Cell-Cell Contact","PMID: 26697006","MEP -> NK T (PBMC_Early)",0.0262506584745879,"MEP -> NK T","PBMC_Early"
"Myeloid-CD177","NK T","HLA-E","KLRC2",0.256719456464074,3,"HLA-E_KLRC2","HLA-E - KLRC2","MHC-I","Cell-Cell Contact","PMID: 26697006","Myeloid-CD177 -> NK T (PBMC_Early)",0.0203372168005038,"Myeloid-CD177 -> NK T","PBMC_Early"
"Naïve CD4 T","NK T","HLA-E","KLRC2",0.315709596666674,3,"HLA-E_KLRC2","HLA-E - KLRC2","MHC-I","Cell-Cell Contact","PMID: 26697006","Naïve CD4 T -> NK T (PBMC_Early)",0.0421100917368905,"Naïve CD4 T -> NK T","PBMC_Early"
"Naïve CD8 T","NK T","HLA-E","KLRC2",0.314757424528239,3,"HLA-E_KLRC2","HLA-E - KLRC2","MHC-I","Cell-Cell Contact","PMID: 26697006","Naïve CD8 T -> NK T (PBMC_Early)",0.0417085239488474,"Naïve CD8 T -> NK T","PBMC_Early"
"NK T","NK T","HLA-E","KLRC2",0.318838053939617,3,"HLA-E_KLRC2","HLA-E - KLRC2","MHC-I","Cell-Cell Contact","PMID: 26697006","NK T -> NK T (PBMC_Early)",0.0434393971158411,"NK T -> NK T","PBMC_Early"
"Others","NK T","HLA-E","KLRC2",0.272996385054355,3,"HLA-E_KLRC2","HLA-E - KLRC2","MHC-I","Cell-Cell Contact","PMID: 26697006","Others -> NK T (PBMC_Early)",0.0256540925233423,"Others -> NK T","PBMC_Early"
"pDC","NK T","HLA-E","KLRC2",0.261033915663774,3,"HLA-E_KLRC2","HLA-E - KLRC2","MHC-I","Cell-Cell Contact","PMID: 26697006","pDC -> NK T (PBMC_Early)",0.0216896559727202,"pDC -> NK T","PBMC_Early"
"Pro-B","NK T","HLA-E","KLRC2",0.2499480379689,3,"HLA-E_KLRC2","HLA-E - KLRC2","MHC-I","Cell-Cell Contact","PMID: 26697006","Pro-B -> NK T (PBMC_Early)",0.0183004145691966,"Pro-B -> NK T","PBMC_Early"
"Small pre-B","NK T","HLA-E","KLRC2",0.305716331803567,3,"HLA-E_KLRC2","HLA-E - KLRC2","MHC-I","Cell-Cell Contact","PMID: 26697006","NA",0.037968206324211,"Small pre-B -> NK T","PBMC_Early"
"Tem","NK T","HLA-E","KLRC2",0.315898735876041,3,"HLA-E_KLRC2","HLA-E - KLRC2","MHC-I","Cell-Cell Contact","PMID: 26697006","Tem -> NK T (PBMC_Early)",0.0421900280224205,"Tem -> NK T","PBMC_Early"
"Th17like_INNATE_T","NK T","HLA-E","KLRC2",0.321006490018226,3,"HLA-E_KLRC2","HLA-E - KLRC2","MHC-I","Cell-Cell Contact","PMID: 26697006","Th17like_INNATE_T -> NK T (PBMC_Early)",0.0443695518485883,"Th17like_INNATE_T -> NK T","PBMC_Early"
"Treg","NK T","HLA-E","KLRC2",0.323111224606074,3,"HLA-E_KLRC2","HLA-E - KLRC2","MHC-I","Cell-Cell Contact","PMID: 26697006","Treg -> NK T (PBMC_Early)",0.0452791098367011,"Treg -> NK T","PBMC_Early"
"abTentry","NK T","HLA-E","KLRC2",0.365618830326707,3,"HLA-E_KLRC2","HLA-E - KLRC2","MHC-I","Cell-Cell Contact","PMID: 26697006","abTentry -> NK T (PBMC_Late)",0.0648882390741715,"abTentry -> NK T","PBMC_Late"
"CD14+PPBP+ Monocytes","NK T","HLA-E","KLRC2",0.435199312192233,3,"HLA-E_KLRC2","HLA-E - KLRC2","MHC-I","Cell-Cell Contact","PMID: 26697006","CD14+PPBP+ Monocytes -> NK T (PBMC_Late)",0.100479882145293,"CD14+PPBP+ Monocytes -> NK T","PBMC_Late"
"CD56highCD16low NK","NK T","HLA-E","KLRC2",0.278584082673219,3,"HLA-E_KLRC2","HLA-E - KLRC2","MHC-I","Cell-Cell Contact","PMID: 26697006","CD56highCD16low NK -> NK T (PBMC_Late)",0.0276099094372289,"CD56highCD16low NK -> NK T","PBMC_Late"
"Classical Monocytes","NK T","HLA-E","KLRC2",0.369581279090754,3,"HLA-E_KLRC2","HLA-E - KLRC2","MHC-I","Cell-Cell Contact","PMID: 26697006","Classical Monocytes -> NK T (PBMC_Late)",0.0668192038138027,"Classical Monocytes -> NK T","PBMC_Late"
"CX3CR1+ NK","NK T","HLA-E","KLRC2",0.442572015792818,3,"HLA-E_KLRC2","HLA-E - KLRC2","MHC-I","Cell-Cell Contact","PMID: 26697006","CX3CR1+ NK -> NK T (PBMC_Late)",0.104400660762208,"CX3CR1+ NK -> NK T","PBMC_Late"
"CXCR5- Naïve B","NK T","HLA-E","KLRC2",0.397269412528238,3,"HLA-E_KLRC2","HLA-E - KLRC2","MHC-I","Cell-Cell Contact","PMID: 26697006","CXCR5- Naïve B -> NK T (PBMC_Late)",0.0806865427476313,"CXCR5- Naïve B -> NK T","PBMC_Late"
"CXCR5+ Naïve B","NK T","HLA-E","KLRC2",0.387969105401367,3,"HLA-E_KLRC2","HLA-E - KLRC2","MHC-I","Cell-Cell Contact","PMID: 26697006","CXCR5+ Naïve B -> NK T (PBMC_Late)",0.0759617903481552,"CXCR5+ Naïve B -> NK T","PBMC_Late"
"CXCR6+ NK","NK T","HLA-E","KLRC2",0.417845833470934,3,"HLA-E_KLRC2","HLA-E - KLRC2","MHC-I","Cell-Cell Contact","PMID: 26697006","CXCR6+ NK -> NK T (PBMC_Late)",0.0913344562774714,"CXCR6+ NK -> NK T","PBMC_Late"
"Cycling Treg","NK T","HLA-E","KLRC2",0.344071489068884,3,"HLA-E_KLRC2","HLA-E - KLRC2","MHC-I","Cell-Cell Contact","PMID: 26697006","Cycling Treg -> NK T (PBMC_Late)",0.0546736857422775,"Cycling Treg -> NK T","PBMC_Late"
"DC1","NK T","HLA-E","KLRC2",0.359283585051609,3,"HLA-E_KLRC2","HLA-E - KLRC2","MHC-I","Cell-Cell Contact","PMID: 26697006","DC1 -> NK T (PBMC_Late)",0.0618330855078245,"DC1 -> NK T","PBMC_Late"
"DC2","NK T","HLA-E","KLRC2",0.348721823352931,3,"HLA-E_KLRC2","HLA-E - KLRC2","MHC-I","Cell-Cell Contact","PMID: 26697006","DC2 -> NK T (PBMC_Late)",0.0568343037378834,"DC2 -> NK T","PBMC_Late"
"DNQ T","NK T","HLA-E","KLRC2",0.257716775450143,3,"HLA-E_KLRC2","HLA-E - KLRC2","MHC-I","Cell-Cell Contact","PMID: 26697006","DNQ T -> NK T (PBMC_Late)",0.0206461051670463,"DNQ T -> NK T","PBMC_Late"
"Endothelial cells","NK T","HLA-E","KLRC2",0.251702806412047,3,"HLA-E_KLRC2","HLA-E - KLRC2","MHC-I","Cell-Cell Contact","PMID: 26697006","Endothelial cells -> NK T (PBMC_Late)",0.0188180377720403,"Endothelial cells -> NK T","PBMC_Late"
"Gamma Delta V1 T","NK T","HLA-E","KLRC2",0.41822829570911,3,"HLA-E_KLRC2","HLA-E - KLRC2","MHC-I","Cell-Cell Contact","PMID: 26697006","Gamma Delta V1 T -> NK T (PBMC_Late)",0.0915345663958604,"Gamma Delta V1 T -> NK T","PBMC_Late"
"Gamma Delta V2 T","NK T","HLA-E","KLRC2",0.421271841454146,3,"HLA-E_KLRC2","HLA-E - KLRC2","MHC-I","Cell-Cell Contact","PMID: 26697006","Gamma Delta V2 T -> NK T (PBMC_Late)",0.0931295110450338,"Gamma Delta V2 T -> NK T","PBMC_Late"
"GNG4 +CD8aa+T","NK T","HLA-E","KLRC2",0.374610986295441,3,"HLA-E_KLRC2","HLA-E - KLRC2","MHC-I","Cell-Cell Contact","PMID: 26697006","GNG4 +CD8aa+T -> NK T (PBMC_Late)",0.0692913043495883,"GNG4 +CD8aa+T -> NK T","PBMC_Late"
"HSC_MPP","NK T","HLA-E","KLRC2",0.333861986488129,3,"HLA-E_KLRC2","HLA-E - KLRC2","MHC-I","Cell-Cell Contact","PMID: 26697006","HSC_MPP -> NK T (PBMC_Late)",0.0500241367286059,"HSC_MPP -> NK T","PBMC_Late"
"ILC2/3","NK T","HLA-E","KLRC2",0.386890388973025,3,"HLA-E_KLRC2","HLA-E - KLRC2","MHC-I","Cell-Cell Contact","PMID: 26697006","ILC2/3 -> NK T (PBMC_Late)",0.0754178418410997,"ILC2/3 -> NK T","PBMC_Late"
"Large pre-B","NK T","HLA-E","KLRC2",0.345235618577336,3,"HLA-E_KLRC2","HLA-E - KLRC2","MHC-I","Cell-Cell Contact","PMID: 26697006","Large pre-B -> NK T (PBMC_Late)",0.0552121355191571,"Large pre-B -> NK T","PBMC_Late"
"Macrophages","NK T","HLA-E","KLRC2",0.438282857277586,3,"HLA-E_KLRC2","HLA-E - KLRC2","MHC-I","Cell-Cell Contact","PMID: 26697006","Macrophages -> NK T (PBMC_Late)",0.102117459814453,"Macrophages -> NK T","PBMC_Late"
"Megakaryocytes","NK T","HLA-E","KLRC2",0.490422302836178,3,"HLA-E_KLRC2","HLA-E - KLRC2","MHC-I","Cell-Cell Contact","PMID: 26697006","Megakaryocytes -> NK T (PBMC_Late)",0.130151128242104,"Megakaryocytes -> NK T","PBMC_Late"
"MEMP","NK T","HLA-E","KLRC2",0.283417694281285,3,"HLA-E_KLRC2","HLA-E - KLRC2","MHC-I","Cell-Cell Contact","PMID: 26697006","MEMP -> NK T (PBMC_Late)",0.0293529797111791,"MEMP -> NK T","PBMC_Late"
"MEP","NK T","HLA-E","KLRC2",0.304337542199798,3,"HLA-E_KLRC2","HLA-E - KLRC2","MHC-I","Cell-Cell Contact","PMID: 26697006","MEP -> NK T (PBMC_Late)",0.0374096976218003,"MEP -> NK T","PBMC_Late"
"Myeloid-CD177","NK T","HLA-E","KLRC2",0.261525750560288,3,"HLA-E_KLRC2","HLA-E - KLRC2","MHC-I","Cell-Cell Contact","PMID: 26697006","Myeloid-CD177 -> NK T (PBMC_Late)",0.0218464848375968,"Myeloid-CD177 -> NK T","PBMC_Late"
"Naïve CD4 T","NK T","HLA-E","KLRC2",0.417665085744191,3,"HLA-E_KLRC2","HLA-E - KLRC2","MHC-I","Cell-Cell Contact","PMID: 26697006","Naïve CD4 T -> NK T (PBMC_Late)",0.0912399113210446,"Naïve CD4 T -> NK T","PBMC_Late"
"Naïve CD8 T","NK T","HLA-E","KLRC2",0.417538806892824,3,"HLA-E_KLRC2","HLA-E - KLRC2","MHC-I","Cell-Cell Contact","PMID: 26697006","Naïve CD8 T -> NK T (PBMC_Late)",0.0911738673421864,"Naïve CD8 T -> NK T","PBMC_Late"
"NK T","NK T","HLA-E","KLRC2",0.434336442102914,3,"HLA-E_KLRC2","HLA-E - KLRC2","MHC-I","Cell-Cell Contact","PMID: 26697006","NK T -> NK T (PBMC_Late)",0.100022247195435,"NK T -> NK T","PBMC_Late"
"Others","NK T","HLA-E","KLRC2",0.410247402654322,3,"HLA-E_KLRC2","HLA-E - KLRC2","MHC-I","Cell-Cell Contact","PMID: 26697006","Others -> NK T (PBMC_Late)",0.0873743498825931,"Others -> NK T","PBMC_Late"
"pDC","NK T","HLA-E","KLRC2",0.335239549475284,3,"HLA-E_KLRC2","HLA-E - KLRC2","MHC-I","Cell-Cell Contact","PMID: 26697006","pDC -> NK T (PBMC_Late)",0.0506436409171762,"pDC -> NK T","PBMC_Late"
"Pro-B","NK T","HLA-E","KLRC2",0.289716438579154,3,"HLA-E_KLRC2","HLA-E - KLRC2","MHC-I","Cell-Cell Contact","PMID: 26697006","Pro-B -> NK T (PBMC_Late)",0.0316932713967809,"Pro-B -> NK T","PBMC_Late"
"Tem","NK T","HLA-E","KLRC2",0.423160561642445,3,"HLA-E_KLRC2","HLA-E - KLRC2","MHC-I","Cell-Cell Contact","PMID: 26697006","Tem -> NK T (PBMC_Late)",0.094121461613266,"Tem -> NK T","PBMC_Late"
"Th17like_INNATE_T","NK T","HLA-E","KLRC2",0.431901661830801,3,"HLA-E_KLRC2","HLA-E - KLRC2","MHC-I","Cell-Cell Contact","PMID: 26697006","Th17like_INNATE_T -> NK T (PBMC_Late)",0.0987324248885687,"Th17like_INNATE_T -> NK T","PBMC_Late"
"Treg","NK T","HLA-E","KLRC2",0.424136703010465,3,"HLA-E_KLRC2","HLA-E - KLRC2","MHC-I","Cell-Cell Contact","PMID: 26697006","Treg -> NK T (PBMC_Late)",0.0946347623549258,"Treg -> NK T","PBMC_Late"
"abTentry","Naïve CD8 T","HLA-E","KLRK1",0.371358766712753,3,"HLA-E_KLRK1","HLA-E - KLRK1","MHC-I","Cell-Cell Contact","PMID: 28484462","abTentry -> Naïve CD8 T (PBMC_Early)",0.0676902065980382,"abTentry -> Naïve CD8 T","PBMC_Early"
"CD14+PPBP+ Monocytes","Naïve CD8 T","HLA-E","KLRK1",0.416918257819692,3,"HLA-E_KLRK1","HLA-E - KLRK1","MHC-I","Cell-Cell Contact","PMID: 28484462","CD14+PPBP+ Monocytes -> Naïve CD8 T (PBMC_Early)",0.0908494344311094,"CD14+PPBP+ Monocytes -> Naïve CD8 T","PBMC_Early"
"CD56highCD16low NK","Naïve CD8 T","HLA-E","KLRK1",0.362993984290511,3,"HLA-E_KLRK1","HLA-E - KLRK1","MHC-I","Cell-Cell Contact","PMID: 28484462","CD56highCD16low NK -> Naïve CD8 T (PBMC_Early)",0.0636175062603558,"CD56highCD16low NK -> Naïve CD8 T","PBMC_Early"
"Classical Monocytes","Naïve CD8 T","HLA-E","KLRK1",0.368182852697714,3,"HLA-E_KLRK1","HLA-E - KLRK1","MHC-I","Cell-Cell Contact","PMID: 28484462","Classical Monocytes -> Naïve CD8 T (PBMC_Early)",0.0661360198301992,"Classical Monocytes -> Naïve CD8 T","PBMC_Early"
"CX3CR1+ NK","Naïve CD8 T","HLA-E","KLRK1",0.423472751150563,3,"HLA-E_KLRK1","HLA-E - KLRK1","MHC-I","Cell-Cell Contact","PMID: 28484462","CX3CR1+ NK -> Naïve CD8 T (PBMC_Early)",0.0942855790293722,"CX3CR1+ NK -> Naïve CD8 T","PBMC_Early"
"CXCR5- Naïve B","Naïve CD8 T","HLA-E","KLRK1",0.394309698807445,3,"HLA-E_KLRK1","HLA-E - KLRK1","MHC-I","Cell-Cell Contact","PMID: 28484462","CXCR5- Naïve B -> Naïve CD8 T (PBMC_Early)",0.0791763517571049,"CXCR5- Naïve B -> Naïve CD8 T","PBMC_Early"
"CXCR5+ Naïve B","Naïve CD8 T","HLA-E","KLRK1",0.388231027717358,3,"HLA-E_KLRK1","HLA-E - KLRK1","MHC-I","Cell-Cell Contact","PMID: 28484462","CXCR5+ Naïve B -> Naïve CD8 T (PBMC_Early)",0.0760939984197334,"CXCR5+ Naïve B -> Naïve CD8 T","PBMC_Early"
"CXCR6+ NK","Naïve CD8 T","HLA-E","KLRK1",0.410958345452795,3,"HLA-E_KLRK1","HLA-E - KLRK1","MHC-I","Cell-Cell Contact","PMID: 28484462","CXCR6+ NK -> Naïve CD8 T (PBMC_Early)",0.0877435747791729,"CXCR6+ NK -> Naïve CD8 T","PBMC_Early"
"Cycling Treg","Naïve CD8 T","HLA-E","KLRK1",0.338032902394932,3,"HLA-E_KLRK1","HLA-E - KLRK1","MHC-I","Cell-Cell Contact","PMID: 28484462","Cycling Treg -> Naïve CD8 T (PBMC_Early)",0.0519075042546937,"Cycling Treg -> Naïve CD8 T","PBMC_Early"
"DC1","Naïve CD8 T","HLA-E","KLRK1",0.330674854523542,3,"HLA-E_KLRK1","HLA-E - KLRK1","MHC-I","Cell-Cell Contact","PMID: 28484462","DC1 -> Naïve CD8 T (PBMC_Early)",0.0486006357844361,"DC1 -> Naïve CD8 T","PBMC_Early"
"DC2","Naïve CD8 T","HLA-E","KLRK1",0.34071490410992,3,"HLA-E_KLRK1","HLA-E - KLRK1","MHC-I","Cell-Cell Contact","PMID: 28484462","DC2 -> Naïve CD8 T (PBMC_Early)",0.0531304454101293,"DC2 -> Naïve CD8 T","PBMC_Early"
"DNQ T","Naïve CD8 T","HLA-E","KLRK1",0.202539714221042,3,"HLA-E_KLRK1","HLA-E - KLRK1","MHC-I","Cell-Cell Contact","PMID: 28484462","DNQ T -> Naïve CD8 T (PBMC_Early)",0.00717391819485954,"DNQ T -> Naïve CD8 T","PBMC_Early"
"DPP T","Naïve CD8 T","HLA-E","KLRK1",0.243958159074335,3,"HLA-E_KLRK1","HLA-E - KLRK1","MHC-I","Cell-Cell Contact","PMID: 28484462","NA",0.0165882019884251,"DPP T -> Naïve CD8 T","PBMC_Early"
"Endothelial cells","Naïve CD8 T","HLA-E","KLRK1",0.426724845875879,3,"HLA-E_KLRK1","HLA-E - KLRK1","MHC-I","Cell-Cell Contact","PMID: 28484462","Endothelial cells -> Naïve CD8 T (PBMC_Early)",0.0959977566870034,"Endothelial cells -> Naïve CD8 T","PBMC_Early"
"Gamma Delta V1 T","Naïve CD8 T","HLA-E","KLRK1",0.407293246723806,3,"HLA-E_KLRK1","HLA-E - KLRK1","MHC-I","Cell-Cell Contact","PMID: 28484462","Gamma Delta V1 T -> Naïve CD8 T (PBMC_Early)",0.0858431537165026,"Gamma Delta V1 T -> Naïve CD8 T","PBMC_Early"
"Gamma Delta V2 T","Naïve CD8 T","HLA-E","KLRK1",0.413579926015744,3,"HLA-E_KLRK1","HLA-E - KLRK1","MHC-I","Cell-Cell Contact","PMID: 28484462","Gamma Delta V2 T -> Naïve CD8 T (PBMC_Early)",0.0891074509141635,"Gamma Delta V2 T -> Naïve CD8 T","PBMC_Early"
"GNG4 +CD8aa+T","Naïve CD8 T","HLA-E","KLRK1",0.365167906595591,3,"HLA-E_KLRK1","HLA-E - KLRK1","MHC-I","Cell-Cell Contact","PMID: 28484462","GNG4 +CD8aa+T -> Naïve CD8 T (PBMC_Early)",0.0646694554874331,"GNG4 +CD8aa+T -> Naïve CD8 T","PBMC_Early"
"HSC_MPP","Naïve CD8 T","HLA-E","KLRK1",0.316206431558932,3,"HLA-E_KLRK1","HLA-E - KLRK1","MHC-I","Cell-Cell Contact","PMID: 28484462","HSC_MPP -> Naïve CD8 T (PBMC_Early)",0.0423201892677483,"HSC_MPP -> Naïve CD8 T","PBMC_Early"
"ILC2/3","Naïve CD8 T","HLA-E","KLRK1",0.392199670817579,3,"HLA-E_KLRK1","HLA-E - KLRK1","MHC-I","Cell-Cell Contact","PMID: 28484462","ILC2/3 -> Naïve CD8 T (PBMC_Early)",0.0781034014263204,"ILC2/3 -> Naïve CD8 T","PBMC_Early"
"Large pre-B","Naïve CD8 T","HLA-E","KLRK1",0.30721754766258,3,"HLA-E_KLRK1","HLA-E - KLRK1","MHC-I","Cell-Cell Contact","PMID: 28484462","Large pre-B -> Naïve CD8 T (PBMC_Early)",0.0385799563766193,"Large pre-B -> Naïve CD8 T","PBMC_Early"
"Macrophages","Naïve CD8 T","HLA-E","KLRK1",0.409910126671253,3,"HLA-E_KLRK1","HLA-E - KLRK1","MHC-I","Cell-Cell Contact","PMID: 28484462","Macrophages -> Naïve CD8 T (PBMC_Early)",0.0871992848366225,"Macrophages -> Naïve CD8 T","PBMC_Early"
"Megakaryocytes","Naïve CD8 T","HLA-E","KLRK1",0.448952258541638,3,"HLA-E_KLRK1","HLA-E - KLRK1","MHC-I","Cell-Cell Contact","PMID: 28484462","Megakaryocytes -> Naïve CD8 T (PBMC_Early)",0.107807469883038,"Megakaryocytes -> Naïve CD8 T","PBMC_Early"
"MEMP","Naïve CD8 T","HLA-E","KLRK1",0.269908169955307,3,"HLA-E_KLRK1","HLA-E - KLRK1","MHC-I","Cell-Cell Contact","PMID: 28484462","MEMP -> Naïve CD8 T (PBMC_Early)",0.0246011078212687,"MEMP -> Naïve CD8 T","PBMC_Early"
"MEP","Naïve CD8 T","HLA-E","KLRK1",0.350323313565712,3,"HLA-E_KLRK1","HLA-E - KLRK1","MHC-I","Cell-Cell Contact","PMID: 28484462","MEP -> Naïve CD8 T (PBMC_Early)",0.0575842608048846,"MEP -> Naïve CD8 T","PBMC_Early"
"Myeloid-CD177","Naïve CD8 T","HLA-E","KLRK1",0.322323891070733,3,"HLA-E_KLRK1","HLA-E - KLRK1","MHC-I","Cell-Cell Contact","PMID: 28484462","Myeloid-CD177 -> Naïve CD8 T (PBMC_Early)",0.0449380963795936,"Myeloid-CD177 -> Naïve CD8 T","PBMC_Early"
"Naïve CD4 T","Naïve CD8 T","HLA-E","KLRK1",0.416464726665323,3,"HLA-E_KLRK1","HLA-E - KLRK1","MHC-I","Cell-Cell Contact","PMID: 28484462","Naïve CD4 T -> Naïve CD8 T (PBMC_Early)",0.0906124427269912,"Naïve CD4 T -> Naïve CD8 T","PBMC_Early"
"Naïve CD8 T","Naïve CD8 T","HLA-E","KLRK1",0.414892540381628,3,"HLA-E_KLRK1","HLA-E - KLRK1","MHC-I","Cell-Cell Contact","PMID: 28484462","Naïve CD8 T -> Naïve CD8 T (PBMC_Early)",0.0897917063508355,"Naïve CD8 T -> Naïve CD8 T","PBMC_Early"
"NK T","Naïve CD8 T","HLA-E","KLRK1",0.421641778387758,3,"HLA-E_KLRK1","HLA-E - KLRK1","MHC-I","Cell-Cell Contact","PMID: 28484462","NK T -> Naïve CD8 T (PBMC_Early)",0.0933236717201559,"NK T -> Naïve CD8 T","PBMC_Early"
"Others","Naïve CD8 T","HLA-E","KLRK1",0.347612995126581,3,"HLA-E_KLRK1","HLA-E - KLRK1","MHC-I","Cell-Cell Contact","PMID: 28484462","Others -> Naïve CD8 T (PBMC_Early)",0.0563167983130975,"Others -> Naïve CD8 T","PBMC_Early"
"pDC","Naïve CD8 T","HLA-E","KLRK1",0.328973881016357,3,"HLA-E_KLRK1","HLA-E - KLRK1","MHC-I","Cell-Cell Contact","PMID: 28484462","pDC -> Naïve CD8 T (PBMC_Early)",0.0478466104326358,"pDC -> Naïve CD8 T","PBMC_Early"
"Pro-B","Naïve CD8 T","HLA-E","KLRK1",0.311965751183562,3,"HLA-E_KLRK1","HLA-E - KLRK1","MHC-I","Cell-Cell Contact","PMID: 28484462","Pro-B -> Naïve CD8 T (PBMC_Early)",0.0405394349314629,"Pro-B -> Naïve CD8 T","PBMC_Early"
"Small pre-B","Naïve CD8 T","HLA-E","KLRK1",0.400046526855652,3,"HLA-E_KLRK1","HLA-E - KLRK1","MHC-I","Cell-Cell Contact","PMID: 28484462","NA",0.0821088690483788,"Small pre-B -> Naïve CD8 T","PBMC_Early"
"Tem","Naïve CD8 T","HLA-E","KLRK1",0.416777219915179,3,"HLA-E_KLRK1","HLA-E - KLRK1","MHC-I","Cell-Cell Contact","PMID: 28484462","Tem -> Naïve CD8 T (PBMC_Early)",0.0907757243402569,"Tem -> Naïve CD8 T","PBMC_Early"
"Th17like_INNATE_T","Naïve CD8 T","HLA-E","KLRK1",0.425240424298441,3,"HLA-E_KLRK1","HLA-E - KLRK1","MHC-I","Cell-Cell Contact","PMID: 28484462","Th17like_INNATE_T -> Naïve CD8 T (PBMC_Early)",0.0952156594914191,"Th17like_INNATE_T -> Naïve CD8 T","PBMC_Early"
"Treg","Naïve CD8 T","HLA-E","KLRK1",0.428741330963973,3,"HLA-E_KLRK1","HLA-E - KLRK1","MHC-I","Cell-Cell Contact","PMID: 28484462","Treg -> Naïve CD8 T (PBMC_Early)",0.0970616751961624,"Treg -> Naïve CD8 T","PBMC_Early"
"abTentry","NK T","HLA-E","KLRK1",0.281569912999374,3,"HLA-E_KLRK1","HLA-E - KLRK1","MHC-I","Cell-Cell Contact","PMID: 28484462","abTentry -> NK T (PBMC_Early)",0.0286811313009145,"abTentry -> NK T","PBMC_Early"
"CD14+PPBP+ Monocytes","NK T","HLA-E","KLRK1",0.308372159149054,3,"HLA-E_KLRK1","HLA-E - KLRK1","MHC-I","Cell-Cell Contact","PMID: 28484462","CD14+PPBP+ Monocytes -> NK T (PBMC_Early)",0.0390530265819905,"CD14+PPBP+ Monocytes -> NK T","PBMC_Early"
"CD56highCD16low NK","NK T","HLA-E","KLRK1",0.276542329973073,3,"HLA-E_KLRK1","HLA-E - KLRK1","MHC-I","Cell-Cell Contact","PMID: 28484462","CD56highCD16low NK -> NK T (PBMC_Early)",0.026887791735975,"CD56highCD16low NK -> NK T","PBMC_Early"
"Classical Monocytes","NK T","HLA-E","KLRK1",0.279665204920648,3,"HLA-E_KLRK1","HLA-E - KLRK1","MHC-I","Cell-Cell Contact","PMID: 28484462","Classical Monocytes -> NK T (PBMC_Early)",0.0279957090440069,"Classical Monocytes -> NK T","PBMC_Early"
"CX3CR1+ NK","NK T","HLA-E","KLRK1",0.312153405985817,3,"HLA-E_KLRK1","HLA-E - KLRK1","MHC-I","Cell-Cell Contact","PMID: 28484462","CX3CR1+ NK -> NK T (PBMC_Early)",0.0406176302747273,"CX3CR1+ NK -> NK T","PBMC_Early"
"CXCR5- Naïve B","NK T","HLA-E","KLRK1",0.295189496397718,3,"HLA-E_KLRK1","HLA-E - KLRK1","MHC-I","Cell-Cell Contact","PMID: 28484462","CXCR5- Naïve B -> NK T (PBMC_Early)",0.0337878363516391,"CXCR5- Naïve B -> NK T","PBMC_Early"
"CXCR5+ Naïve B","NK T","HLA-E","KLRK1",0.291606421766629,3,"HLA-E_KLRK1","HLA-E - KLRK1","MHC-I","Cell-Cell Contact","PMID: 28484462","CXCR5+ Naïve B -> NK T (PBMC_Early)",0.032410275551032,"CXCR5+ Naïve B -> NK T","PBMC_Early"
"CXCR6+ NK","NK T","HLA-E","KLRK1",0.304918427795171,3,"HLA-E_KLRK1","HLA-E - KLRK1","MHC-I","Cell-Cell Contact","PMID: 28484462","CXCR6+ NK -> NK T (PBMC_Early)",0.037644604418786,"CXCR6+ NK -> NK T","PBMC_Early"
"Cycling Treg","NK T","HLA-E","KLRK1",0.261321599229601,3,"HLA-E_KLRK1","HLA-E - KLRK1","MHC-I","Cell-Cell Contact","PMID: 28484462","Cycling Treg -> NK T (PBMC_Early)",0.0217813226703382,"Cycling Treg -> NK T","PBMC_Early"
"DC1","NK T","HLA-E","KLRK1",0.256768977772969,3,"HLA-E_KLRK1","HLA-E - KLRK1","MHC-I","Cell-Cell Contact","PMID: 28484462","DC1 -> NK T (PBMC_Early)",0.0203525010965494,"DC1 -> NK T","PBMC_Early"
"DC2","NK T","HLA-E","KLRK1",0.262973345016942,3,"HLA-E_KLRK1","HLA-E - KLRK1","MHC-I","Cell-Cell Contact","PMID: 28484462","DC2 -> NK T (PBMC_Early)",0.0223111936706398,"DC2 -> NK T","PBMC_Early"
"DNQ T","NK T","HLA-E","KLRK1",0.171446315681027,3,"HLA-E_KLRK1","HLA-E - KLRK1","MHC-I","Cell-Cell Contact","PMID: 28484462","DNQ T -> NK T (PBMC_Early)",0.00293006814558314,"DNQ T -> NK T","PBMC_Early"
"DPP T","NK T","HLA-E","KLRK1",0.20044640832142,3,"HLA-E_KLRK1","HLA-E - KLRK1","MHC-I","Cell-Cell Contact","PMID: 28484462","NA",0.00681339571498634,"DPP T -> NK T","PBMC_Early"
"Endothelial cells","NK T","HLA-E","KLRK1",0.314023023933559,3,"HLA-E_KLRK1","HLA-E - KLRK1","MHC-I","Cell-Cell Contact","PMID: 28484462","Endothelial cells -> NK T (PBMC_Early)",0.0413997732594703,"Endothelial cells -> NK T","PBMC_Early"
"Gamma Delta V1 T","NK T","HLA-E","KLRK1",0.302787046827947,3,"HLA-E_KLRK1","HLA-E - KLRK1","MHC-I","Cell-Cell Contact","PMID: 28484462","Gamma Delta V1 T -> NK T (PBMC_Early)",0.0367855126880687,"Gamma Delta V1 T -> NK T","PBMC_Early"
"Gamma Delta V2 T","NK T","HLA-E","KLRK1",0.306439457929832,3,"HLA-E_KLRK1","HLA-E - KLRK1","MHC-I","Cell-Cell Contact","PMID: 28484462","Gamma Delta V2 T -> NK T (PBMC_Early)",0.0382624099400911,"Gamma Delta V2 T -> NK T","PBMC_Early"
"GNG4 +CD8aa+T","NK T","HLA-E","KLRK1",0.277852349629374,3,"HLA-E_KLRK1","HLA-E - KLRK1","MHC-I","Cell-Cell Contact","PMID: 28484462","GNG4 +CD8aa+T -> NK T (PBMC_Early)",0.0273501351620721,"GNG4 +CD8aa+T -> NK T","PBMC_Early"
"HSC_MPP","NK T","HLA-E","KLRK1",0.247723830608593,3,"HLA-E_KLRK1","HLA-E - KLRK1","MHC-I","Cell-Cell Contact","PMID: 28484462","HSC_MPP -> NK T (PBMC_Early)",0.0176546983148455,"HSC_MPP -> NK T","PBMC_Early"
"ILC2/3","NK T","HLA-E","KLRK1",0.293947657850313,3,"HLA-E_KLRK1","HLA-E - KLRK1","MHC-I","Cell-Cell Contact","PMID: 28484462","ILC2/3 -> NK T (PBMC_Early)",0.0333077155162545,"ILC2/3 -> NK T","PBMC_Early"
"Large pre-B","NK T","HLA-E","KLRK1",0.24203942106702,3,"HLA-E_KLRK1","HLA-E - KLRK1","MHC-I","Cell-Cell Contact","PMID: 28484462","Large pre-B -> NK T (PBMC_Early)",0.016057834998608,"Large pre-B -> NK T","PBMC_Early"
"Macrophages","NK T","HLA-E","KLRK1",0.304309439290403,3,"HLA-E_KLRK1","HLA-E - KLRK1","MHC-I","Cell-Cell Contact","PMID: 28484462","Macrophages -> NK T (PBMC_Early)",0.0373983475492486,"Macrophages -> NK T","PBMC_Early"
"Megakaryocytes","NK T","HLA-E","KLRK1",0.326690616727852,3,"HLA-E_KLRK1","HLA-E - KLRK1","MHC-I","Cell-Cell Contact","PMID: 28484462","Megakaryocytes -> NK T (PBMC_Early)",0.0468408277783393,"Megakaryocytes -> NK T","PBMC_Early"
"MEMP","NK T","HLA-E","KLRK1",0.21786720325232,3,"HLA-E_KLRK1","HLA-E - KLRK1","MHC-I","Cell-Cell Contact","PMID: 28484462","MEMP -> NK T (PBMC_Early)",0.0101533459693774,"MEMP -> NK T","PBMC_Early"
"MEP","NK T","HLA-E","KLRK1",0.268858009796138,3,"HLA-E_KLRK1","HLA-E - KLRK1","MHC-I","Cell-Cell Contact","PMID: 28484462","MEP -> NK T (PBMC_Early)",0.024247654135922,"MEP -> NK T","PBMC_Early"
"Myeloid-CD177","NK T","HLA-E","KLRK1",0.251563644205833,3,"HLA-E_KLRK1","HLA-E - KLRK1","MHC-I","Cell-Cell Contact","PMID: 28484462","Myeloid-CD177 -> NK T (PBMC_Early)",0.0187767251699334,"Myeloid-CD177 -> NK T","PBMC_Early"
"Naïve CD4 T","NK T","HLA-E","KLRK1",0.308109864109738,3,"HLA-E_KLRK1","HLA-E - KLRK1","MHC-I","Cell-Cell Contact","PMID: 28484462","Naïve CD4 T -> NK T (PBMC_Early)",0.038945364026716,"Naïve CD4 T -> NK T","PBMC_Early"
"Naïve CD8 T","NK T","HLA-E","KLRK1",0.307199942324242,3,"HLA-E_KLRK1","HLA-E - KLRK1","MHC-I","Cell-Cell Contact","PMID: 28484462","Naïve CD8 T -> NK T (PBMC_Early)",0.0385727602556811,"Naïve CD8 T -> NK T","PBMC_Early"
"NK T","NK T","HLA-E","KLRK1",0.311098901765408,3,"HLA-E_KLRK1","HLA-E - KLRK1","MHC-I","Cell-Cell Contact","PMID: 28484462","NK T -> NK T (PBMC_Early)",0.0401789576593123,"NK T -> NK T","PBMC_Early"
"Others","NK T","HLA-E","KLRK1",0.267203202804504,3,"HLA-E_KLRK1","HLA-E - KLRK1","MHC-I","Cell-Cell Contact","PMID: 28484462","Others -> NK T (PBMC_Early)",0.0236955002727127,"Others -> NK T","PBMC_Early"
"pDC","NK T","HLA-E","KLRK1",0.25571207398691,3,"HLA-E_KLRK1","HLA-E - KLRK1","MHC-I","Cell-Cell Contact","PMID: 28484462","pDC -> NK T (PBMC_Early)",0.0200275120306032,"pDC -> NK T","PBMC_Early"
"Pro-B","NK T","HLA-E","KLRK1",0.24504845594141,3,"HLA-E_KLRK1","HLA-E - KLRK1","MHC-I","Cell-Cell Contact","PMID: 28484462","Pro-B -> NK T (PBMC_Early)",0.0168935134539163,"Pro-B -> NK T","PBMC_Early"
"Small pre-B","NK T","HLA-E","KLRK1",0.298555700950394,3,"HLA-E_KLRK1","HLA-E - KLRK1","MHC-I","Cell-Cell Contact","PMID: 28484462","NA",0.0351033492248218,"Small pre-B -> NK T","PBMC_Early"
"Tem","NK T","HLA-E","KLRK1",0.308290600508952,3,"HLA-E_KLRK1","HLA-E - KLRK1","MHC-I","Cell-Cell Contact","PMID: 28484462","Tem -> NK T (PBMC_Early)",0.0390195375224858,"Tem -> NK T","PBMC_Early"
"Th17like_INNATE_T","NK T","HLA-E","KLRK1",0.313170164013209,3,"HLA-E_KLRK1","HLA-E - KLRK1","MHC-I","Cell-Cell Contact","PMID: 28484462","Th17like_INNATE_T -> NK T (PBMC_Early)",0.0410422930653044,"Th17like_INNATE_T -> NK T","PBMC_Early"
"Treg","NK T","HLA-E","KLRK1",0.315180162155672,3,"HLA-E_KLRK1","HLA-E - KLRK1","MHC-I","Cell-Cell Contact","PMID: 28484462","Treg -> NK T (PBMC_Early)",0.0418866332147773,"Treg -> NK T","PBMC_Early"
"abTentry","Naïve CD8 T","HLA-E","KLRK1",0.338509518227707,3,"HLA-E_KLRK1","HLA-E - KLRK1","MHC-I","Cell-Cell Contact","PMID: 28484462","abTentry -> Naïve CD8 T (PBMC_Late)",0.0521241616589809,"abTentry -> Naïve CD8 T","PBMC_Late"
"CD14+PPBP+ Monocytes","Naïve CD8 T","HLA-E","KLRK1",0.398514279279335,3,"HLA-E_KLRK1","HLA-E - KLRK1","MHC-I","Cell-Cell Contact","PMID: 28484462","CD14+PPBP+ Monocytes -> Naïve CD8 T (PBMC_Late)",0.0813234900884972,"CD14+PPBP+ Monocytes -> Naïve CD8 T","PBMC_Late"
"CD56highCD16low NK","Naïve CD8 T","HLA-E","KLRK1",0.262025012268199,3,"HLA-E_KLRK1","HLA-E - KLRK1","MHC-I","Cell-Cell Contact","PMID: 28484462","CD56highCD16low NK -> Naïve CD8 T (PBMC_Late)",0.0220062329179035,"CD56highCD16low NK -> Naïve CD8 T","PBMC_Late"
"Classical Monocytes","Naïve CD8 T","HLA-E","KLRK1",0.341950921164705,3,"HLA-E_KLRK1","HLA-E - KLRK1","MHC-I","Cell-Cell Contact","PMID: 28484462","Classical Monocytes -> Naïve CD8 T (PBMC_Late)",0.0536971004244242,"Classical Monocytes -> Naïve CD8 T","PBMC_Late"
"CX3CR1+ NK","Naïve CD8 T","HLA-E","KLRK1",0.404823789188378,3,"HLA-E_KLRK1","HLA-E - KLRK1","MHC-I","Cell-Cell Contact","PMID: 28484462","CX3CR1+ NK -> Naïve CD8 T (PBMC_Late)",0.084567050478081,"CX3CR1+ NK -> Naïve CD8 T","PBMC_Late"
"CXCR5- Naïve B","Naïve CD8 T","HLA-E","KLRK1",0.365912682778211,3,"HLA-E_KLRK1","HLA-E - KLRK1","MHC-I","Cell-Cell Contact","PMID: 28484462","CXCR5- Naïve B -> Naïve CD8 T (PBMC_Late)",0.0650309201356578,"CXCR5- Naïve B -> Naïve CD8 T","PBMC_Late"
"CXCR5+ Naïve B","Naïve CD8 T","HLA-E","KLRK1",0.357880284040273,3,"HLA-E_KLRK1","HLA-E - KLRK1","MHC-I","Cell-Cell Contact","PMID: 28484462","CXCR5+ Naïve B -> Naïve CD8 T (PBMC_Late)",0.0611619211839064,"CXCR5+ Naïve B -> Naïve CD8 T","PBMC_Late"
"CXCR6+ NK","Naïve CD8 T","HLA-E","KLRK1",0.383628832329916,3,"HLA-E_KLRK1","HLA-E - KLRK1","MHC-I","Cell-Cell Contact","PMID: 28484462","CXCR6+ NK -> Naïve CD8 T (PBMC_Late)",0.0737786234925862,"CXCR6+ NK -> Naïve CD8 T","PBMC_Late"
"Cycling Treg","Naïve CD8 T","HLA-E","KLRK1",0.319738381663665,3,"HLA-E_KLRK1","HLA-E - KLRK1","MHC-I","Cell-Cell Contact","PMID: 28484462","Cycling Treg -> Naïve CD8 T (PBMC_Late)",0.0438247322804745,"Cycling Treg -> Naïve CD8 T","PBMC_Late"
"DC1","Naïve CD8 T","HLA-E","KLRK1",0.333000670224073,3,"HLA-E_KLRK1","HLA-E - KLRK1","MHC-I","Cell-Cell Contact","PMID: 28484462","DC1 -> Naïve CD8 T (PBMC_Late)",0.0496380819340234,"DC1 -> Naïve CD8 T","PBMC_Late"
"DC2","Naïve CD8 T","HLA-E","KLRK1",0.323797940475851,3,"HLA-E_KLRK1","HLA-E - KLRK1","MHC-I","Cell-Cell Contact","PMID: 28484462","DC2 -> Naïve CD8 T (PBMC_Late)",0.0455772873668372,"DC2 -> Naïve CD8 T","PBMC_Late"
"DNQ T","Naïve CD8 T","HLA-E","KLRK1",0.243396053600329,3,"HLA-E_KLRK1","HLA-E - KLRK1","MHC-I","Cell-Cell Contact","PMID: 28484462","DNQ T -> Naïve CD8 T (PBMC_Late)",0.0164319108878379,"DNQ T -> Naïve CD8 T","PBMC_Late"
"Endothelial cells","Naïve CD8 T","HLA-E","KLRK1",0.23800333458802,3,"HLA-E_KLRK1","HLA-E - KLRK1","MHC-I","Cell-Cell Contact","PMID: 28484462","Endothelial cells -> Naïve CD8 T (PBMC_Late)",0.0149712766462659,"Endothelial cells -> Naïve CD8 T","PBMC_Late"
"Gamma Delta V1 T","Naïve CD8 T","HLA-E","KLRK1",0.383957436693558,3,"HLA-E_KLRK1","HLA-E - KLRK1","MHC-I","Cell-Cell Contact","PMID: 28484462","Gamma Delta V1 T -> Naïve CD8 T (PBMC_Late)",0.0739433995371805,"Gamma Delta V1 T -> Naïve CD8 T","PBMC_Late"
"Gamma Delta V2 T","Naïve CD8 T","HLA-E","KLRK1",0.386571518148833,3,"HLA-E_KLRK1","HLA-E - KLRK1","MHC-I","Cell-Cell Contact","PMID: 28484462","Gamma Delta V2 T -> Naïve CD8 T (PBMC_Late)",0.0752572186667255,"Gamma Delta V2 T -> Naïve CD8 T","PBMC_Late"
"GNG4 +CD8aa+T","Naïve CD8 T","HLA-E","KLRK1",0.346314709051348,3,"HLA-E_KLRK1","HLA-E - KLRK1","MHC-I","Cell-Cell Contact","PMID: 28484462","GNG4 +CD8aa+T -> Naïve CD8 T (PBMC_Late)",0.0557127082722823,"GNG4 +CD8aa+T -> Naïve CD8 T","PBMC_Late"
"HSC_MPP","Naïve CD8 T","HLA-E","KLRK1",0.310809066494364,3,"HLA-E_KLRK1","HLA-E - KLRK1","MHC-I","Cell-Cell Contact","PMID: 28484462","HSC_MPP -> Naïve CD8 T (PBMC_Late)",0.0400587015890033,"HSC_MPP -> Naïve CD8 T","PBMC_Late"
"ILC2/3","Naïve CD8 T","HLA-E","KLRK1",0.356947587715541,3,"HLA-E_KLRK1","HLA-E - KLRK1","MHC-I","Cell-Cell Contact","PMID: 28484462","ILC2/3 -> Naïve CD8 T (PBMC_Late)",0.0607169881255083,"ILC2/3 -> Naïve CD8 T","PBMC_Late"
"Large pre-B","Naïve CD8 T","HLA-E","KLRK1",0.320755064689172,3,"HLA-E_KLRK1","HLA-E - KLRK1","MHC-I","Cell-Cell Contact","PMID: 28484462","Large pre-B -> Naïve CD8 T (PBMC_Late)",0.044261339556161,"Large pre-B -> Naïve CD8 T","PBMC_Late"
"Macrophages","Naïve CD8 T","HLA-E","KLRK1",0.401154193084644,3,"HLA-E_KLRK1","HLA-E - KLRK1","MHC-I","Cell-Cell Contact","PMID: 28484462","Macrophages -> Naïve CD8 T (PBMC_Late)",0.0826775606295559,"Macrophages -> Naïve CD8 T","PBMC_Late"
"Megakaryocytes","Naïve CD8 T","HLA-E","KLRK1",0.445578577452294,3,"HLA-E_KLRK1","HLA-E - KLRK1","MHC-I","Cell-Cell Contact","PMID: 28484462","Megakaryocytes -> Naïve CD8 T (PBMC_Late)",0.106004570737494,"Megakaryocytes -> Naïve CD8 T","PBMC_Late"
"MEMP","Naïve CD8 T","HLA-E","KLRK1",0.266322482149252,3,"HLA-E_KLRK1","HLA-E - KLRK1","MHC-I","Cell-Cell Contact","PMID: 28484462","MEMP -> Naïve CD8 T (PBMC_Late)",0.0234040463665345,"MEMP -> Naïve CD8 T","PBMC_Late"
"MEP","Naïve CD8 T","HLA-E","KLRK1",0.284849417066843,3,"HLA-E_KLRK1","HLA-E - KLRK1","MHC-I","Cell-Cell Contact","PMID: 28484462","MEP -> Naïve CD8 T (PBMC_Late)",0.0298781806624438,"MEP -> Naïve CD8 T","PBMC_Late"
"Myeloid-CD177","Naïve CD8 T","HLA-E","KLRK1",0.246805930554961,3,"HLA-E_KLRK1","HLA-E - KLRK1","MHC-I","Cell-Cell Contact","PMID: 28484462","Myeloid-CD177 -> Naïve CD8 T (PBMC_Late)",0.0173916252824861,"Myeloid-CD177 -> Naïve CD8 T","PBMC_Late"
"Naïve CD4 T","Naïve CD8 T","HLA-E","KLRK1",0.38347352869465,3,"HLA-E_KLRK1","HLA-E - KLRK1","MHC-I","Cell-Cell Contact","PMID: 28484462","Naïve CD4 T -> Naïve CD8 T (PBMC_Late)",0.0737007774892,"Naïve CD4 T -> Naïve CD8 T","PBMC_Late"
"Naïve CD8 T","Naïve CD8 T","HLA-E","KLRK1",0.383365023007546,3,"HLA-E_KLRK1","HLA-E - KLRK1","MHC-I","Cell-Cell Contact","PMID: 28484462","Naïve CD8 T -> Naïve CD8 T (PBMC_Late)",0.073646400340462,"Naïve CD8 T -> Naïve CD8 T","PBMC_Late"
"NK T","Naïve CD8 T","HLA-E","KLRK1",0.397775281254253,3,"HLA-E_KLRK1","HLA-E - KLRK1","MHC-I","Cell-Cell Contact","PMID: 28484462","NK T -> Naïve CD8 T (PBMC_Late)",0.0809452516296987,"NK T -> Naïve CD8 T","PBMC_Late"
"Others","Naïve CD8 T","HLA-E","KLRK1",0.377095242802423,3,"HLA-E_KLRK1","HLA-E - KLRK1","MHC-I","Cell-Cell Contact","PMID: 28484462","Others -> Naïve CD8 T (PBMC_Late)",0.0705206328138215,"Others -> Naïve CD8 T","PBMC_Late"
"pDC","Naïve CD8 T","HLA-E","KLRK1",0.312015265662629,3,"HLA-E_KLRK1","HLA-E - KLRK1","MHC-I","Cell-Cell Contact","PMID: 28484462","pDC -> Naïve CD8 T (PBMC_Late)",0.0405600620046062,"pDC -> Naïve CD8 T","PBMC_Late"
"Pro-B","Naïve CD8 T","HLA-E","KLRK1",0.271912973853868,3,"HLA-E_KLRK1","HLA-E - KLRK1","MHC-I","Cell-Cell Contact","PMID: 28484462","Pro-B -> Naïve CD8 T (PBMC_Late)",0.0252823881036479,"Pro-B -> Naïve CD8 T","PBMC_Late"
"Tem","Naïve CD8 T","HLA-E","KLRK1",0.388192949958652,3,"HLA-E_KLRK1","HLA-E - KLRK1","MHC-I","Cell-Cell Contact","PMID: 28484462","Tem -> Naïve CD8 T (PBMC_Late)",0.0760747750714595,"Tem -> Naïve CD8 T","PBMC_Late"
"Th17like_INNATE_T","Naïve CD8 T","HLA-E","KLRK1",0.395689393369745,3,"HLA-E_KLRK1","HLA-E - KLRK1","MHC-I","Cell-Cell Contact","PMID: 28484462","Th17like_INNATE_T -> Naïve CD8 T (PBMC_Late)",0.0798795992315147,"Th17like_INNATE_T -> Naïve CD8 T","PBMC_Late"
"Treg","Naïve CD8 T","HLA-E","KLRK1",0.389030717713772,3,"HLA-E_KLRK1","HLA-E - KLRK1","MHC-I","Cell-Cell Contact","PMID: 28484462","Treg -> Naïve CD8 T (PBMC_Late)",0.0764979675557803,"Treg -> Naïve CD8 T","PBMC_Late"
"abTentry","NK T","HLA-E","KLRK1",0.343197288349841,3,"HLA-E_KLRK1","HLA-E - KLRK1","MHC-I","Cell-Cell Contact","PMID: 28484462","abTentry -> NK T (PBMC_Late)",0.0542704208753245,"abTentry -> NK T","PBMC_Late"
"CD14+PPBP+ Monocytes","NK T","HLA-E","KLRK1",0.404819416115215,3,"HLA-E_KLRK1","HLA-E - KLRK1","MHC-I","Cell-Cell Contact","PMID: 28484462","CD14+PPBP+ Monocytes -> NK T (PBMC_Late)",0.0845647938770995,"CD14+PPBP+ Monocytes -> NK T","PBMC_Late"
"CD56highCD16low NK","NK T","HLA-E","KLRK1",0.264916829558421,3,"HLA-E_KLRK1","HLA-E - KLRK1","MHC-I","Cell-Cell Contact","PMID: 28484462","CD56highCD16low NK -> NK T (PBMC_Late)",0.0229423755014072,"CD56highCD16low NK -> NK T","PBMC_Late"
"Classical Monocytes","NK T","HLA-E","KLRK1",0.346726949909272,3,"HLA-E_KLRK1","HLA-E - KLRK1","MHC-I","Cell-Cell Contact","PMID: 28484462","Classical Monocytes -> NK T (PBMC_Late)",0.0559043069373094,"Classical Monocytes -> NK T","PBMC_Late"
"CX3CR1+ NK","NK T","HLA-E","KLRK1",0.411307983656584,3,"HLA-E_KLRK1","HLA-E - KLRK1","MHC-I","Cell-Cell Contact","PMID: 28484462","CX3CR1+ NK -> NK T (PBMC_Late)",0.0879252595417779,"CX3CR1+ NK -> NK T","PBMC_Late"
"CXCR5- Naïve B","NK T","HLA-E","KLRK1",0.371318994674213,3,"HLA-E_KLRK1","HLA-E - KLRK1","MHC-I","Cell-Cell Contact","PMID: 28484462","CXCR5- Naïve B -> NK T (PBMC_Late)",0.0676706856810496,"CXCR5- Naïve B -> NK T","PBMC_Late"
"CXCR5+ Naïve B","NK T","HLA-E","KLRK1",0.363072312406041,3,"HLA-E_KLRK1","HLA-E - KLRK1","MHC-I","Cell-Cell Contact","PMID: 28484462","CXCR5+ Naïve B -> NK T (PBMC_Late)",0.0636553270701206,"CXCR5+ Naïve B -> NK T","PBMC_Late"
"CXCR6+ NK","NK T","HLA-E","KLRK1",0.389517958167521,3,"HLA-E_KLRK1","HLA-E - KLRK1","MHC-I","Cell-Cell Contact","PMID: 28484462","CXCR6+ NK -> NK T (PBMC_Late)",0.0767443332615559,"CXCR6+ NK -> NK T","PBMC_Late"
"Cycling Treg","NK T","HLA-E","KLRK1",0.323955300703948,3,"HLA-E_KLRK1","HLA-E - KLRK1","MHC-I","Cell-Cell Contact","PMID: 28484462","Cycling Treg -> NK T (PBMC_Late)",0.0456457116210434,"Cycling Treg -> NK T","PBMC_Late"
"DC1","NK T","HLA-E","KLRK1",0.337548388865016,3,"HLA-E_KLRK1","HLA-E - KLRK1","MHC-I","Cell-Cell Contact","PMID: 28484462","DC1 -> NK T (PBMC_Late)",0.0516875566194353,"DC1 -> NK T","PBMC_Late"
"DC2","NK T","HLA-E","KLRK1",0.328115144701777,3,"HLA-E_KLRK1","HLA-E - KLRK1","MHC-I","Cell-Cell Contact","PMID: 28484462","DC2 -> NK T (PBMC_Late)",0.0474674727748886,"DC2 -> NK T","PBMC_Late"
"DNQ T","NK T","HLA-E","KLRK1",0.245904000350665,3,"HLA-E_KLRK1","HLA-E - KLRK1","MHC-I","Cell-Cell Contact","PMID: 28484462","DNQ T -> NK T (PBMC_Late)",0.0171350771490242,"DNQ T -> NK T","PBMC_Late"
"Endothelial cells","NK T","HLA-E","KLRK1",0.240404505074949,3,"HLA-E_KLRK1","HLA-E - KLRK1","MHC-I","Cell-Cell Contact","PMID: 28484462","Endothelial cells -> NK T (PBMC_Late)",0.0156129305686812,"Endothelial cells -> NK T","PBMC_Late"
"Gamma Delta V1 T","NK T","HLA-E","KLRK1",0.389855646414854,3,"HLA-E_KLRK1","HLA-E - KLRK1","MHC-I","Cell-Cell Contact","PMID: 28484462","Gamma Delta V1 T -> NK T (PBMC_Late)",0.0769151828429091,"Gamma Delta V1 T -> NK T","PBMC_Late"
"Gamma Delta V2 T","NK T","HLA-E","KLRK1",0.392542153812458,3,"HLA-E_KLRK1","HLA-E - KLRK1","MHC-I","Cell-Cell Contact","PMID: 28484462","Gamma Delta V2 T -> NK T (PBMC_Late)",0.0782773410726897,"Gamma Delta V2 T -> NK T","PBMC_Late"
"GNG4 +CD8aa+T","NK T","HLA-E","KLRK1",0.351203488035029,3,"HLA-E_KLRK1","HLA-E - KLRK1","MHC-I","Cell-Cell Contact","PMID: 28484462","GNG4 +CD8aa+T -> NK T (PBMC_Late)",0.0579976880291062,"GNG4 +CD8aa+T -> NK T","PBMC_Late"
"HSC_MPP","NK T","HLA-E","KLRK1",0.314808495498823,3,"HLA-E_KLRK1","HLA-E - KLRK1","MHC-I","Cell-Cell Contact","PMID: 28484462","HSC_MPP -> NK T (PBMC_Late)",0.0417300264227668,"HSC_MPP -> NK T","PBMC_Late"
"ILC2/3","NK T","HLA-E","KLRK1",0.362114926900955,3,"HLA-E_KLRK1","HLA-E - KLRK1","MHC-I","Cell-Cell Contact","PMID: 28484462","ILC2/3 -> NK T (PBMC_Late)",0.063193476218382,"ILC2/3 -> NK T","PBMC_Late"
"Large pre-B","NK T","HLA-E","KLRK1",0.324997017709644,3,"HLA-E_KLRK1","HLA-E - KLRK1","MHC-I","Cell-Cell Contact","PMID: 28484462","Large pre-B -> NK T (PBMC_Late)",0.0460995858899751,"Large pre-B -> NK T","PBMC_Late"
"Macrophages","NK T","HLA-E","KLRK1",0.407534054846435,3,"HLA-E_KLRK1","HLA-E - KLRK1","MHC-I","Cell-Cell Contact","PMID: 28484462","Macrophages -> NK T (PBMC_Late)",0.085967783187426,"Macrophages -> NK T","PBMC_Late"
"Megakaryocytes","NK T","HLA-E","KLRK1",0.453255703288489,3,"HLA-E_KLRK1","HLA-E - KLRK1","MHC-I","Cell-Cell Contact","PMID: 28484462","Megakaryocytes -> NK T (PBMC_Late)",0.110111679616159,"Megakaryocytes -> NK T","PBMC_Late"
"MEMP","NK T","HLA-E","KLRK1",0.269306065943351,3,"HLA-E_KLRK1","HLA-E - KLRK1","MHC-I","Cell-Cell Contact","PMID: 28484462","MEMP -> NK T (PBMC_Late)",0.0243981683426312,"MEMP -> NK T","PBMC_Late"
"MEP","NK T","HLA-E","KLRK1",0.288241818475382,3,"HLA-E_KLRK1","HLA-E - KLRK1","MHC-I","Cell-Cell Contact","PMID: 28484462","MEP -> NK T (PBMC_Late)",0.031138532939361,"MEP -> NK T","PBMC_Late"
"Myeloid-CD177","NK T","HLA-E","KLRK1",0.249382415631745,3,"HLA-E_KLRK1","HLA-E - KLRK1","MHC-I","Cell-Cell Contact","PMID: 28484462","Myeloid-CD177 -> NK T (PBMC_Late)",0.0181351031092899,"Myeloid-CD177 -> NK T","PBMC_Late"
"Naïve CD4 T","NK T","HLA-E","KLRK1",0.389358362940157,3,"HLA-E_KLRK1","HLA-E - KLRK1","MHC-I","Cell-Cell Contact","PMID: 28484462","Naïve CD4 T -> NK T (PBMC_Late)",0.076663617055717,"Naïve CD4 T -> NK T","PBMC_Late"
"Naïve CD8 T","NK T","HLA-E","KLRK1",0.389246859462905,3,"HLA-E_KLRK1","HLA-E - KLRK1","MHC-I","Cell-Cell Contact","PMID: 28484462","Naïve CD8 T -> NK T (PBMC_Late)",0.076607234683775,"Naïve CD8 T -> NK T","PBMC_Late"
"NK T","NK T","HLA-E","KLRK1",0.404059550357117,3,"HLA-E_KLRK1","HLA-E - KLRK1","MHC-I","Cell-Cell Contact","PMID: 28484462","NK T -> NK T (PBMC_Late)",0.0841728612695343,"NK T -> NK T","PBMC_Late"
"Others","NK T","HLA-E","KLRK1",0.382804714148238,3,"HLA-E_KLRK1","HLA-E - KLRK1","MHC-I","Cell-Cell Contact","PMID: 28484462","Others -> NK T (PBMC_Late)",0.0733657533160858,"Others -> NK T","PBMC_Late"
"pDC","NK T","HLA-E","KLRK1",0.316043821930335,3,"HLA-E_KLRK1","HLA-E - KLRK1","MHC-I","Cell-Cell Contact","PMID: 28484462","pDC -> NK T (PBMC_Late)",0.0422513838602625,"pDC -> NK T","PBMC_Late"
"Pro-B","NK T","HLA-E","KLRK1",0.275017684283051,3,"HLA-E_KLRK1","HLA-E - KLRK1","MHC-I","Cell-Cell Contact","PMID: 28484462","Pro-B -> NK T (PBMC_Late)",0.0263541423967976,"Pro-B -> NK T","PBMC_Late"
"Tem","NK T","HLA-E","KLRK1",0.394208653631418,3,"HLA-E_KLRK1","HLA-E - KLRK1","MHC-I","Cell-Cell Contact","PMID: 28484462","Tem -> NK T (PBMC_Late)",0.0791248992776709,"Tem -> NK T","PBMC_Late"
"Th17like_INNATE_T","NK T","HLA-E","KLRK1",0.401914880682256,3,"HLA-E_KLRK1","HLA-E - KLRK1","MHC-I","Cell-Cell Contact","PMID: 28484462","Th17like_INNATE_T -> NK T (PBMC_Late)",0.0830685576774505,"Th17like_INNATE_T -> NK T","PBMC_Late"
"Treg","NK T","HLA-E","KLRK1",0.395069750393378,3,"HLA-E_KLRK1","HLA-E - KLRK1","MHC-I","Cell-Cell Contact","PMID: 28484462","Treg -> NK T (PBMC_Late)",0.079563598000433,"Treg -> NK T","PBMC_Late"
"CX3CR1+ NK","Naïve CD8 T","HLA-F","CD8A",0.283125241731052,3,"HLA-F_CD8A","HLA-F - CD8A","MHC-I","Cell-Cell Contact","KEGG: hsa04514","CX3CR1+ NK -> Naïve CD8 T (PBMC_Early)",0.0292461945562566,"CX3CR1+ NK -> Naïve CD8 T","PBMC_Early"
"CXCR5- Naïve B","Naïve CD8 T","HLA-F","CD8A",0.256271301918524,3,"HLA-F_CD8A","HLA-F - CD8A","MHC-I","Cell-Cell Contact","KEGG: hsa04514","CXCR5- Naïve B -> Naïve CD8 T (PBMC_Early)",0.0201991522395992,"CXCR5- Naïve B -> Naïve CD8 T","PBMC_Early"
"CXCR5+ Naïve B","Naïve CD8 T","HLA-F","CD8A",0.252233282361091,3,"HLA-F_CD8A","HLA-F - CD8A","MHC-I","Cell-Cell Contact","KEGG: hsa04514","CXCR5+ Naïve B -> Naïve CD8 T (PBMC_Early)",0.0189759316291025,"CXCR5+ Naïve B -> Naïve CD8 T","PBMC_Early"
"CXCR6+ NK","Naïve CD8 T","HLA-F","CD8A",0.342511465013468,3,"HLA-F_CD8A","HLA-F - CD8A","MHC-I","Cell-Cell Contact","KEGG: hsa04514","CXCR6+ NK -> Naïve CD8 T (PBMC_Early)",0.0539547095308302,"CXCR6+ NK -> Naïve CD8 T","PBMC_Early"
"Cycling Treg","Naïve CD8 T","HLA-F","CD8A",0.247565012596381,3,"HLA-F_CD8A","HLA-F - CD8A","MHC-I","Cell-Cell Contact","KEGG: hsa04514","Cycling Treg -> Naïve CD8 T (PBMC_Early)",0.0176090378018886,"Cycling Treg -> Naïve CD8 T","PBMC_Early"
"Endothelial cells","Naïve CD8 T","HLA-F","CD8A",0.372318581020315,3,"HLA-F_CD8A","HLA-F - CD8A","MHC-I","Cell-Cell Contact","KEGG: hsa04514","Endothelial cells -> Naïve CD8 T (PBMC_Early)",0.0681617405357101,"Endothelial cells -> Naïve CD8 T","PBMC_Early"
"Gamma Delta V1 T","Naïve CD8 T","HLA-F","CD8A",0.262835613222295,3,"HLA-F_CD8A","HLA-F - CD8A","MHC-I","Cell-Cell Contact","KEGG: hsa04514","Gamma Delta V1 T -> Naïve CD8 T (PBMC_Early)",0.0222667787962809,"Gamma Delta V1 T -> Naïve CD8 T","PBMC_Early"
"Gamma Delta V2 T","Naïve CD8 T","HLA-F","CD8A",0.265216163915708,3,"HLA-F_CD8A","HLA-F - CD8A","MHC-I","Cell-Cell Contact","KEGG: hsa04514","Gamma Delta V2 T -> Naïve CD8 T (PBMC_Early)",0.0230403269512396,"Gamma Delta V2 T -> Naïve CD8 T","PBMC_Early"
"Naïve CD4 T","Naïve CD8 T","HLA-F","CD8A",0.257351949917602,3,"HLA-F_CD8A","HLA-F - CD8A","MHC-I","Cell-Cell Contact","KEGG: hsa04514","Naïve CD4 T -> Naïve CD8 T (PBMC_Early)",0.020532849666994,"Naïve CD4 T -> Naïve CD8 T","PBMC_Early"
"Naïve CD8 T","Naïve CD8 T","HLA-F","CD8A",0.316375112861109,3,"HLA-F_CD8A","HLA-F - CD8A","MHC-I","Cell-Cell Contact","KEGG: hsa04514","Naïve CD8 T -> Naïve CD8 T (PBMC_Early)",0.0423916072747318,"Naïve CD8 T -> Naïve CD8 T","PBMC_Early"
"NK T","Naïve CD8 T","HLA-F","CD8A",0.267691521037535,3,"HLA-F_CD8A","HLA-F - CD8A","MHC-I","Cell-Cell Contact","KEGG: hsa04514","NK T -> Naïve CD8 T (PBMC_Early)",0.0238578216968483,"NK T -> Naïve CD8 T","PBMC_Early"
"Small pre-B","Naïve CD8 T","HLA-F","CD8A",0.266317337769073,3,"HLA-F_CD8A","HLA-F - CD8A","MHC-I","Cell-Cell Contact","KEGG: hsa04514","NA",0.0234023489009199,"Small pre-B -> Naïve CD8 T","PBMC_Early"
"Tem","Naïve CD8 T","HLA-F","CD8A",0.312571287706303,3,"HLA-F_CD8A","HLA-F - CD8A","MHC-I","Cell-Cell Contact","KEGG: hsa04514","Tem -> Naïve CD8 T (PBMC_Early)",0.0407919638931767,"Tem -> Naïve CD8 T","PBMC_Early"
"Th17like_INNATE_T","Naïve CD8 T","HLA-F","CD8A",0.26331446101076,3,"HLA-F_CD8A","HLA-F - CD8A","MHC-I","Cell-Cell Contact","KEGG: hsa04514","Th17like_INNATE_T -> Naïve CD8 T (PBMC_Early)",0.0224213751517078,"Th17like_INNATE_T -> Naïve CD8 T","PBMC_Early"
"Treg","Naïve CD8 T","HLA-F","CD8A",0.268143362719448,3,"HLA-F_CD8A","HLA-F - CD8A","MHC-I","Cell-Cell Contact","KEGG: hsa04514","Treg -> Naïve CD8 T (PBMC_Early)",0.0240084765190535,"Treg -> Naïve CD8 T","PBMC_Early"
"CX3CR1+ NK","NK T","HLA-F","CD8A",0.204508829404756,3,"HLA-F_CD8A","HLA-F - CD8A","MHC-I","Cell-Cell Contact","KEGG: hsa04514","CX3CR1+ NK -> NK T (PBMC_Early)",0.00752319449211155,"CX3CR1+ NK -> NK T","PBMC_Early"
"CXCR5- Naïve B","NK T","HLA-F","CD8A",0.189869632114395,3,"HLA-F_CD8A","HLA-F - CD8A","MHC-I","Cell-Cell Contact","KEGG: hsa04514","CXCR5- Naïve B -> NK T (PBMC_Early)",0.00516024266192598,"CXCR5- Naïve B -> NK T","PBMC_Early"
"CXCR5+ Naïve B","NK T","HLA-F","CD8A",0.187611278400653,3,"HLA-F_CD8A","HLA-F - CD8A","MHC-I","Cell-Cell Contact","KEGG: hsa04514","CXCR5+ Naïve B -> NK T (PBMC_Early)",0.00484324679151367,"CXCR5+ Naïve B -> NK T","PBMC_Early"
"CXCR6+ NK","NK T","HLA-F","CD8A",0.23483646676325,3,"HLA-F_CD8A","HLA-F - CD8A","MHC-I","Cell-Cell Contact","KEGG: hsa04514","CXCR6+ NK -> NK T (PBMC_Early)",0.0141465793163271,"CXCR6+ NK -> NK T","PBMC_Early"
"Cycling Treg","NK T","HLA-F","CD8A",0.184980806396467,3,"HLA-F_CD8A","HLA-F - CD8A","MHC-I","Cell-Cell Contact","KEGG: hsa04514","Cycling Treg -> NK T (PBMC_Early)",0.00448971402799542,"Cycling Treg -> NK T","PBMC_Early"
"Endothelial cells","NK T","HLA-F","CD8A",0.249165153130875,3,"HLA-F_CD8A","HLA-F - CD8A","MHC-I","Cell-Cell Contact","KEGG: hsa04514","Endothelial cells -> NK T (PBMC_Early)",0.0180718047226068,"Endothelial cells -> NK T","PBMC_Early"
"Gamma Delta V1 T","NK T","HLA-F","CD8A",0.193508033967773,3,"HLA-F_CD8A","HLA-F - CD8A","MHC-I","Cell-Cell Contact","KEGG: hsa04514","Gamma Delta V1 T -> NK T (PBMC_Early)",0.00569740713824723,"Gamma Delta V1 T -> NK T","PBMC_Early"
"Gamma Delta V2 T","NK T","HLA-F","CD8A",0.194817655760156,3,"HLA-F_CD8A","HLA-F - CD8A","MHC-I","Cell-Cell Contact","KEGG: hsa04514","Gamma Delta V2 T -> NK T (PBMC_Early)",0.0058988079295278,"Gamma Delta V2 T -> NK T","PBMC_Early"
"Naïve CD4 T","NK T","HLA-F","CD8A",0.190471376829631,3,"HLA-F_CD8A","HLA-F - CD8A","MHC-I","Cell-Cell Contact","KEGG: hsa04514","Naïve CD4 T -> NK T (PBMC_Early)",0.00524682220732193,"Naïve CD4 T -> NK T","PBMC_Early"
"Naïve CD8 T","NK T","HLA-F","CD8A",0.22180549996902,3,"HLA-F_CD8A","HLA-F - CD8A","MHC-I","Cell-Cell Contact","KEGG: hsa04514","Naïve CD8 T -> NK T (PBMC_Early)",0.0110154716595752,"Naïve CD8 T -> NK T","PBMC_Early"
"NK T","NK T","HLA-F","CD8A",0.196173973214247,3,"HLA-F_CD8A","HLA-F - CD8A","MHC-I","Cell-Cell Contact","KEGG: hsa04514","NK T -> NK T (PBMC_Early)",0.00611190868825522,"NK T -> NK T","PBMC_Early"
"Small pre-B","NK T","HLA-F","CD8A",0.195421703470411,3,"HLA-F_CD8A","HLA-F - CD8A","MHC-I","Cell-Cell Contact","KEGG: hsa04514","NA",0.00599314539946766,"Small pre-B -> NK T","PBMC_Early"
"Tem","NK T","HLA-F","CD8A",0.219869355945425,3,"HLA-F_CD8A","HLA-F - CD8A","MHC-I","Cell-Cell Contact","KEGG: hsa04514","Tem -> NK T (PBMC_Early)",0.0105867145674248,"Tem -> NK T","PBMC_Early"
"Th17like_INNATE_T","NK T","HLA-F","CD8A",0.193771880895669,3,"HLA-F_CD8A","HLA-F - CD8A","MHC-I","Cell-Cell Contact","KEGG: hsa04514","Th17like_INNATE_T -> NK T (PBMC_Early)",0.00573763884101018,"Th17like_INNATE_T -> NK T","PBMC_Early"
"Treg","NK T","HLA-F","CD8A",0.196420953984382,3,"HLA-F_CD8A","HLA-F - CD8A","MHC-I","Cell-Cell Contact","KEGG: hsa04514","Treg -> NK T (PBMC_Early)",0.0061512096676812,"Treg -> NK T","PBMC_Early"
"CD14+PPBP+ Monocytes","Naïve CD8 T","HLA-F","CD8A",0.279129632435788,3,"HLA-F_CD8A","HLA-F - CD8A","MHC-I","Cell-Cell Contact","KEGG: hsa04514","CD14+PPBP+ Monocytes -> Naïve CD8 T (PBMC_Late)",0.0278042938537462,"CD14+PPBP+ Monocytes -> Naïve CD8 T","PBMC_Late"
"CD56highCD16low NK","Naïve CD8 T","HLA-F","CD8A",0.283295265153254,3,"HLA-F_CD8A","HLA-F - CD8A","MHC-I","Cell-Cell Contact","KEGG: hsa04514","CD56highCD16low NK -> Naïve CD8 T (PBMC_Late)",0.0293082558175506,"CD56highCD16low NK -> Naïve CD8 T","PBMC_Late"
"Classical Monocytes","Naïve CD8 T","HLA-F","CD8A",0.23072847344061,3,"HLA-F_CD8A","HLA-F - CD8A","MHC-I","Cell-Cell Contact","KEGG: hsa04514","Classical Monocytes -> Naïve CD8 T (PBMC_Late)",0.0131136867962379,"Classical Monocytes -> Naïve CD8 T","PBMC_Late"
"CX3CR1+ NK","Naïve CD8 T","HLA-F","CD8A",0.367534333887151,3,"HLA-F_CD8A","HLA-F - CD8A","MHC-I","Cell-Cell Contact","KEGG: hsa04514","CX3CR1+ NK -> Naïve CD8 T (PBMC_Late)",0.0658198219906962,"CX3CR1+ NK -> Naïve CD8 T","PBMC_Late"
"CXCR5- Naïve B","Naïve CD8 T","HLA-F","CD8A",0.252818066303977,3,"HLA-F_CD8A","HLA-F - CD8A","MHC-I","Cell-Cell Contact","KEGG: hsa04514","CXCR5- Naïve B -> Naïve CD8 T (PBMC_Late)",0.0191507475099506,"CXCR5- Naïve B -> Naïve CD8 T","PBMC_Late"
"CXCR5+ Naïve B","Naïve CD8 T","HLA-F","CD8A",0.245929283603124,3,"HLA-F_CD8A","HLA-F - CD8A","MHC-I","Cell-Cell Contact","KEGG: hsa04514","CXCR5+ Naïve B -> Naïve CD8 T (PBMC_Late)",0.0171422424420298,"CXCR5+ Naïve B -> Naïve CD8 T","PBMC_Late"
"CXCR6+ NK","Naïve CD8 T","HLA-F","CD8A",0.325740271167794,3,"HLA-F_CD8A","HLA-F - CD8A","MHC-I","Cell-Cell Contact","KEGG: hsa04514","CXCR6+ NK -> Naïve CD8 T (PBMC_Late)",0.0464243803186028,"CXCR6+ NK -> Naïve CD8 T","PBMC_Late"
"DC1","Naïve CD8 T","HLA-F","CD8A",0.28734302729696,3,"HLA-F_CD8A","HLA-F - CD8A","MHC-I","Cell-Cell Contact","KEGG: hsa04514","DC1 -> Naïve CD8 T (PBMC_Late)",0.0308024511409112,"DC1 -> Naïve CD8 T","PBMC_Late"
"DC2","Naïve CD8 T","HLA-F","CD8A",0.219803148002697,3,"HLA-F_CD8A","HLA-F - CD8A","MHC-I","Cell-Cell Contact","KEGG: hsa04514","DC2 -> Naïve CD8 T (PBMC_Late)",0.0105722210020593,"DC2 -> Naïve CD8 T","PBMC_Late"
"Gamma Delta V1 T","Naïve CD8 T","HLA-F","CD8A",0.260825300032588,3,"HLA-F_CD8A","HLA-F - CD8A","MHC-I","Cell-Cell Contact","KEGG: hsa04514","Gamma Delta V1 T -> Naïve CD8 T (PBMC_Late)",0.0216232988312451,"Gamma Delta V1 T -> Naïve CD8 T","PBMC_Late"
"Gamma Delta V2 T","Naïve CD8 T","HLA-F","CD8A",0.264574007257087,3,"HLA-F_CD8A","HLA-F - CD8A","MHC-I","Cell-Cell Contact","KEGG: hsa04514","Gamma Delta V2 T -> Naïve CD8 T (PBMC_Late)",0.0228304345341216,"Gamma Delta V2 T -> Naïve CD8 T","PBMC_Late"
"GNG4 +CD8aa+T","Naïve CD8 T","HLA-F","CD8A",0.230016732142009,3,"HLA-F_CD8A","HLA-F - CD8A","MHC-I","Cell-Cell Contact","KEGG: hsa04514","GNG4 +CD8aa+T -> Naïve CD8 T (PBMC_Late)",0.0129389930163557,"GNG4 +CD8aa+T -> Naïve CD8 T","PBMC_Late"
"ILC2/3","Naïve CD8 T","HLA-F","CD8A",0.247811666129045,3,"HLA-F_CD8A","HLA-F - CD8A","MHC-I","Cell-Cell Contact","KEGG: hsa04514","ILC2/3 -> Naïve CD8 T (PBMC_Late)",0.0176799768368362,"ILC2/3 -> Naïve CD8 T","PBMC_Late"
"Large pre-B","Naïve CD8 T","HLA-F","CD8A",0.267144789909664,3,"HLA-F_CD8A","HLA-F - CD8A","MHC-I","Cell-Cell Contact","KEGG: hsa04514","Large pre-B -> Naïve CD8 T (PBMC_Late)",0.0236761178276758,"Large pre-B -> Naïve CD8 T","PBMC_Late"
"Macrophages","Naïve CD8 T","HLA-F","CD8A",0.325454046210522,3,"HLA-F_CD8A","HLA-F - CD8A","MHC-I","Cell-Cell Contact","KEGG: hsa04514","Macrophages -> Naïve CD8 T (PBMC_Late)",0.0462992085629701,"Macrophages -> Naïve CD8 T","PBMC_Late"
"Naïve CD4 T","Naïve CD8 T","HLA-F","CD8A",0.250419711264022,3,"HLA-F_CD8A","HLA-F - CD8A","MHC-I","Cell-Cell Contact","KEGG: hsa04514","Naïve CD4 T -> Naïve CD8 T (PBMC_Late)",0.0184388417442053,"Naïve CD4 T -> Naïve CD8 T","PBMC_Late"
"Naïve CD8 T","Naïve CD8 T","HLA-F","CD8A",0.3212397397848,3,"HLA-F_CD8A","HLA-F - CD8A","MHC-I","Cell-Cell Contact","KEGG: hsa04514","Naïve CD8 T -> Naïve CD8 T (PBMC_Late)",0.0444700260226688,"Naïve CD8 T -> Naïve CD8 T","PBMC_Late"
"NK T","Naïve CD8 T","HLA-F","CD8A",0.347209957800631,3,"HLA-F_CD8A","HLA-F - CD8A","MHC-I","Cell-Cell Contact","KEGG: hsa04514","NK T -> Naïve CD8 T (PBMC_Late)",0.0561290525569653,"NK T -> Naïve CD8 T","PBMC_Late"
"Others","Naïve CD8 T","HLA-F","CD8A",0.208752159678695,3,"HLA-F_CD8A","HLA-F - CD8A","MHC-I","Cell-Cell Contact","KEGG: hsa04514","Others -> Naïve CD8 T (PBMC_Late)",0.00830938565179599,"Others -> Naïve CD8 T","PBMC_Late"
"Tem","Naïve CD8 T","HLA-F","CD8A",0.261880877988614,3,"HLA-F_CD8A","HLA-F - CD8A","MHC-I","Cell-Cell Contact","KEGG: hsa04514","Tem -> Naïve CD8 T (PBMC_Late)",0.0219600575448441,"Tem -> Naïve CD8 T","PBMC_Late"
"Th17like_INNATE_T","Naïve CD8 T","HLA-F","CD8A",0.306085256890564,3,"HLA-F_CD8A","HLA-F - CD8A","MHC-I","Cell-Cell Contact","KEGG: hsa04514","Th17like_INNATE_T -> Naïve CD8 T (PBMC_Late)",0.0381181933221778,"Th17like_INNATE_T -> Naïve CD8 T","PBMC_Late"
"Treg","Naïve CD8 T","HLA-F","CD8A",0.262779732644671,3,"HLA-F_CD8A","HLA-F - CD8A","MHC-I","Cell-Cell Contact","KEGG: hsa04514","Treg -> Naïve CD8 T (PBMC_Late)",0.022248770752829,"Treg -> Naïve CD8 T","PBMC_Late"
"CD14+PPBP+ Monocytes","NK T","HLA-F","CD8A",0.260429269708263,3,"HLA-F_CD8A","HLA-F - CD8A","MHC-I","Cell-Cell Contact","KEGG: hsa04514","CD14+PPBP+ Monocytes -> NK T (PBMC_Late)",0.0214975958811275,"CD14+PPBP+ Monocytes -> NK T","PBMC_Late"
"CD56highCD16low NK","NK T","HLA-F","CD8A",0.264076294045202,3,"HLA-F_CD8A","HLA-F - CD8A","MHC-I","Cell-Cell Contact","KEGG: hsa04514","CD56highCD16low NK -> NK T (PBMC_Late)",0.0226683764156557,"CD56highCD16low NK -> NK T","PBMC_Late"
"Classical Monocytes","NK T","HLA-F","CD8A",0.217638760339558,3,"HLA-F_CD8A","HLA-F - CD8A","MHC-I","Cell-Cell Contact","KEGG: hsa04514","Classical Monocytes -> NK T (PBMC_Late)",0.0101045467339234,"Classical Monocytes -> NK T","PBMC_Late"
"CX3CR1+ NK","NK T","HLA-F","CD8A",0.336793940441166,3,"HLA-F_CD8A","HLA-F - CD8A","MHC-I","Cell-Cell Contact","KEGG: hsa04514","CX3CR1+ NK -> NK T (PBMC_Late)",0.0513456756068088,"CX3CR1+ NK -> NK T","PBMC_Late"
"CXCR5- Naïve B","NK T","HLA-F","CD8A",0.237265947163991,3,"HLA-F_CD8A","HLA-F - CD8A","MHC-I","Cell-Cell Contact","KEGG: hsa04514","CXCR5- Naïve B -> NK T (PBMC_Late)",0.0147770522942874,"CXCR5- Naïve B -> NK T","PBMC_Late"
"CXCR5+ Naïve B","NK T","HLA-F","CD8A",0.231163450332045,3,"HLA-F_CD8A","HLA-F - CD8A","MHC-I","Cell-Cell Contact","KEGG: hsa04514","CXCR5+ Naïve B -> NK T (PBMC_Late)",0.0132210715831771,"CXCR5+ Naïve B -> NK T","PBMC_Late"
"CXCR6+ NK","NK T","HLA-F","CD8A",0.300948638826619,3,"HLA-F_CD8A","HLA-F - CD8A","MHC-I","Cell-Cell Contact","KEGG: hsa04514","CXCR6+ NK -> NK T (PBMC_Late)",0.0360508034977951,"CXCR6+ NK -> NK T","PBMC_Late"
"DC1","NK T","HLA-F","CD8A",0.267615050562808,3,"HLA-F_CD8A","HLA-F - CD8A","MHC-I","Cell-Cell Contact","KEGG: hsa04514","DC1 -> NK T (PBMC_Late)",0.0238323681884919,"DC1 -> NK T","PBMC_Late"
"DC2","NK T","HLA-F","CD8A",0.207866192354078,3,"HLA-F_CD8A","HLA-F - CD8A","MHC-I","Cell-Cell Contact","KEGG: hsa04514","DC2 -> NK T (PBMC_Late)",0.00814144891142867,"DC2 -> NK T","PBMC_Late"
"Gamma Delta V1 T","NK T","HLA-F","CD8A",0.244339012648127,3,"HLA-F_CD8A","HLA-F - CD8A","MHC-I","Cell-Cell Contact","KEGG: hsa04514","Gamma Delta V1 T -> NK T (PBMC_Late)",0.0166945274642143,"Gamma Delta V1 T -> NK T","PBMC_Late"
"Gamma Delta V2 T","NK T","HLA-F","CD8A",0.247643061722188,3,"HLA-F_CD8A","HLA-F - CD8A","MHC-I","Cell-Cell Contact","KEGG: hsa04514","Gamma Delta V2 T -> NK T (PBMC_Late)",0.0176314696321345,"Gamma Delta V2 T -> NK T","PBMC_Late"
"GNG4 +CD8aa+T","NK T","HLA-F","CD8A",0.217003461862814,3,"HLA-F_CD8A","HLA-F - CD8A","MHC-I","Cell-Cell Contact","KEGG: hsa04514","GNG4 +CD8aa+T -> NK T (PBMC_Late)",0.00996953421648581,"GNG4 +CD8aa+T -> NK T","PBMC_Late"
"ILC2/3","NK T","HLA-F","CD8A",0.232832599226784,3,"HLA-F_CD8A","HLA-F - CD8A","MHC-I","Cell-Cell Contact","KEGG: hsa04514","ILC2/3 -> NK T (PBMC_Late)",0.0136375096208918,"ILC2/3 -> NK T","PBMC_Late"
"Large pre-B","NK T","HLA-F","CD8A",0.249906255905557,3,"HLA-F_CD8A","HLA-F - CD8A","MHC-I","Cell-Cell Contact","KEGG: hsa04514","Large pre-B -> NK T (PBMC_Late)",0.0182881774635618,"Large pre-B -> NK T","PBMC_Late"
"Macrophages","NK T","HLA-F","CD8A",0.300701655743317,3,"HLA-F_CD8A","HLA-F - CD8A","MHC-I","Cell-Cell Contact","KEGG: hsa04514","Macrophages -> NK T (PBMC_Late)",0.0359525469626415,"Macrophages -> NK T","PBMC_Late"
"Naïve CD4 T","NK T","HLA-F","CD8A",0.235143188087254,3,"HLA-F_CD8A","HLA-F - CD8A","MHC-I","Cell-Cell Contact","KEGG: hsa04514","Naïve CD4 T -> NK T (PBMC_Late)",0.0142253753169667,"Naïve CD4 T -> NK T","PBMC_Late"
"Naïve CD8 T","NK T","HLA-F","CD8A",0.297062642669831,3,"HLA-F_CD8A","HLA-F - CD8A","MHC-I","Cell-Cell Contact","KEGG: hsa04514","Naïve CD8 T -> NK T (PBMC_Late)",0.0345173440607297,"Naïve CD8 T -> NK T","PBMC_Late"
"NK T","NK T","HLA-F","CD8A",0.319415275375187,3,"HLA-F_CD8A","HLA-F - CD8A","MHC-I","Cell-Cell Contact","KEGG: hsa04514","NK T -> NK T (PBMC_Late)",0.0436863031722194,"NK T -> NK T","PBMC_Late"
"Others","NK T","HLA-F","CD8A",0.197935256850402,3,"HLA-F_CD8A","HLA-F - CD8A","MHC-I","Cell-Cell Contact","KEGG: hsa04514","Others -> NK T (PBMC_Late)",0.00639552320164117,"Others -> NK T","PBMC_Late"
"Tem","NK T","HLA-F","CD8A",0.245269848566842,3,"HLA-F_CD8A","HLA-F - CD8A","MHC-I","Cell-Cell Contact","KEGG: hsa04514","Tem -> NK T (PBMC_Late)",0.0169558563708287,"Tem -> NK T","PBMC_Late"
"Th17like_INNATE_T","NK T","HLA-F","CD8A",0.283937349214197,3,"HLA-F_CD8A","HLA-F - CD8A","MHC-I","Cell-Cell Contact","KEGG: hsa04514","Th17like_INNATE_T -> NK T (PBMC_Late)",0.0295431404040779,"Th17like_INNATE_T -> NK T","PBMC_Late"
"Treg","NK T","HLA-F","CD8A",0.246062192752013,3,"HLA-F_CD8A","HLA-F - CD8A","MHC-I","Cell-Cell Contact","KEGG: hsa04514","Treg -> NK T (PBMC_Late)",0.0171799340262791,"Treg -> NK T","PBMC_Late"
"CX3CR1+ NK","Naïve CD8 T","HLA-F","CD8B",0.299872008925763,3,"HLA-F_CD8B","HLA-F - CD8B","MHC-I","Cell-Cell Contact","KEGG: hsa04514","CX3CR1+ NK -> Naïve CD8 T (PBMC_Early)",0.0356232749732372,"CX3CR1+ NK -> Naïve CD8 T","PBMC_Early"
"CXCR5- Naïve B","Naïve CD8 T","HLA-F","CD8B",0.270063656834632,3,"HLA-F_CD8B","HLA-F - CD8B","MHC-I","Cell-Cell Contact","KEGG: hsa04514","CXCR5- Naïve B -> Naïve CD8 T (PBMC_Early)",0.0246536404963425,"CXCR5- Naïve B -> Naïve CD8 T","PBMC_Early"
"CXCR5+ Naïve B","Naïve CD8 T","HLA-F","CD8B",0.265602516847228,3,"HLA-F_CD8B","HLA-F - CD8B","MHC-I","Cell-Cell Contact","KEGG: hsa04514","CXCR5+ Naïve B -> Naïve CD8 T (PBMC_Early)",0.0231670431696436,"CXCR5+ Naïve B -> Naïve CD8 T","PBMC_Early"
"CXCR6+ NK","Naïve CD8 T","HLA-F","CD8B",0.366583002576629,3,"HLA-F_CD8B","HLA-F - CD8B","MHC-I","Cell-Cell Contact","KEGG: hsa04514","CXCR6+ NK -> Naïve CD8 T (PBMC_Early)",0.0653567101380929,"CXCR6+ NK -> Naïve CD8 T","PBMC_Early"
"Cycling Treg","Naïve CD8 T","HLA-F","CD8B",0.260452213244067,3,"HLA-F_CD8B","HLA-F - CD8B","MHC-I","Cell-Cell Contact","KEGG: hsa04514","Cycling Treg -> Naïve CD8 T (PBMC_Early)",0.0215048687515419,"Cycling Treg -> Naïve CD8 T","PBMC_Early"
"Endothelial cells","Naïve CD8 T","HLA-F","CD8B",0.400428420483315,3,"HLA-F_CD8B","HLA-F - CD8B","MHC-I","Cell-Cell Contact","KEGG: hsa04514","Endothelial cells -> Naïve CD8 T (PBMC_Early)",0.0823048504532213,"Endothelial cells -> Naïve CD8 T","PBMC_Early"
"Gamma Delta V1 T","Naïve CD8 T","HLA-F","CD8B",0.277327830946904,3,"HLA-F_CD8B","HLA-F - CD8B","MHC-I","Cell-Cell Contact","KEGG: hsa04514","Gamma Delta V1 T -> Naïve CD8 T (PBMC_Early)",0.0271645959811672,"Gamma Delta V1 T -> Naïve CD8 T","PBMC_Early"
"Gamma Delta V2 T","Naïve CD8 T","HLA-F","CD8B",0.279965820847413,3,"HLA-F_CD8B","HLA-F - CD8B","MHC-I","Cell-Cell Contact","KEGG: hsa04514","Gamma Delta V2 T -> Naïve CD8 T (PBMC_Early)",0.0281034036615889,"Gamma Delta V2 T -> Naïve CD8 T","PBMC_Early"
"Naïve CD4 T","Naïve CD8 T","HLA-F","CD8B",0.271258500562678,3,"HLA-F_CD8B","HLA-F - CD8B","MHC-I","Cell-Cell Contact","KEGG: hsa04514","Naïve CD4 T -> Naïve CD8 T (PBMC_Early)",0.0250590456020536,"Naïve CD4 T -> Naïve CD8 T","PBMC_Early"
"Naïve CD8 T","Naïve CD8 T","HLA-F","CD8B",0.337097196014083,3,"HLA-F_CD8B","HLA-F - CD8B","MHC-I","Cell-Cell Contact","KEGG: hsa04514","Naïve CD8 T -> Naïve CD8 T (PBMC_Early)",0.0514830081315326,"Naïve CD8 T -> Naïve CD8 T","PBMC_Early"
"NK T","Naïve CD8 T","HLA-F","CD8B",0.282710897991467,3,"HLA-F_CD8B","HLA-F - CD8B","MHC-I","Cell-Cell Contact","KEGG: hsa04514","NK T -> Naïve CD8 T (PBMC_Early)",0.0290951916106125,"NK T -> Naïve CD8 T","PBMC_Early"
"Small pre-B","Naïve CD8 T","HLA-F","CD8B",0.281186726429263,3,"HLA-F_CD8B","HLA-F - CD8B","MHC-I","Cell-Cell Contact","KEGG: hsa04514","NA",0.0285426551558098,"Small pre-B -> Naïve CD8 T","PBMC_Early"
"Tem","Naïve CD8 T","HLA-F","CD8B",0.332821846816892,3,"HLA-F_CD8B","HLA-F - CD8B","MHC-I","Cell-Cell Contact","KEGG: hsa04514","Tem -> Naïve CD8 T (PBMC_Early)",0.049558055750733,"Tem -> Naïve CD8 T","PBMC_Early"
"Th17like_INNATE_T","Naïve CD8 T","HLA-F","CD8B",0.277858308313878,3,"HLA-F_CD8B","HLA-F - CD8B","MHC-I","Cell-Cell Contact","KEGG: hsa04514","Th17like_INNATE_T -> Naïve CD8 T (PBMC_Early)",0.0273522461666112,"Th17like_INNATE_T -> Naïve CD8 T","PBMC_Early"
"Treg","Naïve CD8 T","HLA-F","CD8B",0.283212195272652,3,"HLA-F_CD8B","HLA-F - CD8B","MHC-I","Cell-Cell Contact","KEGG: hsa04514","Treg -> Naïve CD8 T (PBMC_Early)",0.0292779268597501,"Treg -> Naïve CD8 T","PBMC_Early"
"CX3CR1+ NK","NK T","HLA-F","CD8B",0.197634894676853,3,"HLA-F_CD8B","HLA-F - CD8B","MHC-I","Cell-Cell Contact","KEGG: hsa04514","CX3CR1+ NK -> NK T (PBMC_Early)",0.00634660524562972,"CX3CR1+ NK -> NK T","PBMC_Early"
"CXCR5- Naïve B","NK T","HLA-F","CD8B",0.183917694494634,3,"HLA-F_CD8B","HLA-F - CD8B","MHC-I","Cell-Cell Contact","KEGG: hsa04514","CXCR5- Naïve B -> NK T (PBMC_Early)",0.00435158669475704,"CXCR5- Naïve B -> NK T","PBMC_Early"
"CXCR5+ Naïve B","NK T","HLA-F","CD8B",0.181796268398555,3,"HLA-F_CD8B","HLA-F - CD8B","MHC-I","Cell-Cell Contact","KEGG: hsa04514","CXCR5+ Naïve B -> NK T (PBMC_Early)",0.00408406296691714,"CXCR5+ Naïve B -> NK T","PBMC_Early"
"CXCR6+ NK","NK T","HLA-F","CD8B",0.22587084181841,3,"HLA-F_CD8B","HLA-F - CD8B","MHC-I","Cell-Cell Contact","KEGG: hsa04514","CXCR6+ NK -> NK T (PBMC_Early)",0.0119465953147917,"CXCR6+ NK -> NK T","PBMC_Early"
"Cycling Treg","NK T","HLA-F","CD8B",0.179323467732244,3,"HLA-F_CD8B","HLA-F - CD8B","MHC-I","Cell-Cell Contact","KEGG: hsa04514","Cycling Treg -> NK T (PBMC_Early)",0.00378573600732027,"Cycling Treg -> NK T","PBMC_Early"
"Endothelial cells","NK T","HLA-F","CD8B",0.239130933966929,3,"HLA-F_CD8B","HLA-F - CD8B","MHC-I","Cell-Cell Contact","KEGG: hsa04514","Endothelial cells -> NK T (PBMC_Early)",0.0152708506764949,"Endothelial cells -> NK T","PBMC_Early"
"Gamma Delta V1 T","NK T","HLA-F","CD8B",0.187332482135492,3,"HLA-F_CD8B","HLA-F - CD8B","MHC-I","Cell-Cell Contact","KEGG: hsa04514","Gamma Delta V1 T -> NK T (PBMC_Early)",0.0048049792889775,"Gamma Delta V1 T -> NK T","PBMC_Early"
"Gamma Delta V2 T","NK T","HLA-F","CD8B",0.188560711133514,3,"HLA-F_CD8B","HLA-F - CD8B","MHC-I","Cell-Cell Contact","KEGG: hsa04514","Gamma Delta V2 T -> NK T (PBMC_Early)",0.00497499100035205,"Gamma Delta V2 T -> NK T","PBMC_Early"
"Naïve CD4 T","NK T","HLA-F","CD8B",0.184482712217111,3,"HLA-F_CD8B","HLA-F - CD8B","MHC-I","Cell-Cell Contact","KEGG: hsa04514","Naïve CD4 T -> NK T (PBMC_Early)",0.00442465879877762,"Naïve CD4 T -> NK T","PBMC_Early"
"Naïve CD8 T","NK T","HLA-F","CD8B",0.213767718538739,3,"HLA-F_CD8B","HLA-F - CD8B","MHC-I","Cell-Cell Contact","KEGG: hsa04514","Naïve CD8 T -> NK T (PBMC_Early)",0.00929782480390595,"Naïve CD8 T -> NK T","PBMC_Early"
"NK T","NK T","HLA-F","CD8B",0.189832231905837,3,"HLA-F_CD8B","HLA-F - CD8B","MHC-I","Cell-Cell Contact","KEGG: hsa04514","NK T -> NK T (PBMC_Early)",0.00515489094191653,"NK T -> NK T","PBMC_Early"
"Small pre-B","NK T","HLA-F","CD8B",0.189127056858733,3,"HLA-F_CD8B","HLA-F - CD8B","MHC-I","Cell-Cell Contact","KEGG: hsa04514","NA",0.00505462932681037,"Small pre-B -> NK T","PBMC_Early"
"Tem","NK T","HLA-F","CD8B",0.211965749597286,3,"HLA-F_CD8B","HLA-F - CD8B","MHC-I","Cell-Cell Contact","KEGG: hsa04514","Tem -> NK T (PBMC_Early)",0.00893531993899136,"Tem -> NK T","PBMC_Early"
"Th17like_INNATE_T","NK T","HLA-F","CD8B",0.187579969386502,3,"HLA-F_CD8B","HLA-F - CD8B","MHC-I","Cell-Cell Contact","KEGG: hsa04514","Th17like_INNATE_T -> NK T (PBMC_Early)",0.00483893986545317,"Th17like_INNATE_T -> NK T","PBMC_Early"
"Treg","NK T","HLA-F","CD8B",0.19006371668128,3,"HLA-F_CD8B","HLA-F - CD8B","MHC-I","Cell-Cell Contact","KEGG: hsa04514","Treg -> NK T (PBMC_Early)",0.00518807019989962,"Treg -> NK T","PBMC_Early"
"CD14+PPBP+ Monocytes","Naïve CD8 T","HLA-F","CD8B",0.302310320568735,3,"HLA-F_CD8B","HLA-F - CD8B","MHC-I","Cell-Cell Contact","KEGG: hsa04514","CD14+PPBP+ Monocytes -> Naïve CD8 T (PBMC_Late)",0.0365944283072323,"CD14+PPBP+ Monocytes -> Naïve CD8 T","PBMC_Late"
"CD56highCD16low NK","Naïve CD8 T","HLA-F","CD8B",0.307156490019259,3,"HLA-F_CD8B","HLA-F - CD8B","MHC-I","Cell-Cell Contact","KEGG: hsa04514","CD56highCD16low NK -> Naïve CD8 T (PBMC_Late)",0.0385550014924056,"CD56highCD16low NK -> Naïve CD8 T","PBMC_Late"
"Classical Monocytes","Naïve CD8 T","HLA-F","CD8B",0.246633169799675,3,"HLA-F_CD8B","HLA-F - CD8B","MHC-I","Cell-Cell Contact","KEGG: hsa04514","Classical Monocytes -> Naïve CD8 T (PBMC_Late)",0.0173423349175842,"Classical Monocytes -> Naïve CD8 T","PBMC_Late"
"CX3CR1+ NK","Naïve CD8 T","HLA-F","CD8B",0.406766150675006,3,"HLA-F_CD8B","HLA-F - CD8B","MHC-I","Cell-Cell Contact","KEGG: hsa04514","CX3CR1+ NK -> Naïve CD8 T (PBMC_Late)",0.0855704740650125,"CX3CR1+ NK -> Naïve CD8 T","PBMC_Late"
"CXCR5- Naïve B","Naïve CD8 T","HLA-F","CD8B",0.2718950245351,3,"HLA-F_CD8B","HLA-F - CD8B","MHC-I","Cell-Cell Contact","KEGG: hsa04514","CXCR5- Naïve B -> Naïve CD8 T (PBMC_Late)",0.0252762507357736,"CXCR5- Naïve B -> Naïve CD8 T","PBMC_Late"
"CXCR5+ Naïve B","Naïve CD8 T","HLA-F","CD8B",0.263989402205544,3,"HLA-F_CD8B","HLA-F - CD8B","MHC-I","Cell-Cell Contact","KEGG: hsa04514","CXCR5+ Naïve B -> Naïve CD8 T (PBMC_Late)",0.0226401397851506,"CXCR5+ Naïve B -> Naïve CD8 T","PBMC_Late"
"CXCR6+ NK","Naïve CD8 T","HLA-F","CD8B",0.356981999211494,3,"HLA-F_CD8B","HLA-F - CD8B","MHC-I","Cell-Cell Contact","KEGG: hsa04514","CXCR6+ NK -> Naïve CD8 T (PBMC_Late)",0.0607333872871827,"CXCR6+ NK -> Naïve CD8 T","PBMC_Late"
"DC1","Naïve CD8 T","HLA-F","CD8B",0.311873333768361,3,"HLA-F_CD8B","HLA-F - CD8B","MHC-I","Cell-Cell Contact","KEGG: hsa04514","DC1 -> Naïve CD8 T (PBMC_Late)",0.0405009456236974,"DC1 -> Naïve CD8 T","PBMC_Late"
"DC2","Naïve CD8 T","HLA-F","CD8B",0.234235895996869,3,"HLA-F_CD8B","HLA-F - CD8B","MHC-I","Cell-Cell Contact","KEGG: hsa04514","DC2 -> Naïve CD8 T (PBMC_Late)",0.0139929663160818,"DC2 -> Naïve CD8 T","PBMC_Late"
"Gamma Delta V1 T","Naïve CD8 T","HLA-F","CD8B",0.281114736498529,3,"HLA-F_CD8B","HLA-F - CD8B","MHC-I","Cell-Cell Contact","KEGG: hsa04514","Gamma Delta V1 T -> Naïve CD8 T (PBMC_Late)",0.0285166721166003,"Gamma Delta V1 T -> Naïve CD8 T","PBMC_Late"
"Gamma Delta V2 T","Naïve CD8 T","HLA-F","CD8B",0.285442176093747,3,"HLA-F_CD8B","HLA-F - CD8B","MHC-I","Cell-Cell Contact","KEGG: hsa04514","Gamma Delta V2 T -> Naïve CD8 T (PBMC_Late)",0.0300967971309316,"Gamma Delta V2 T -> Naïve CD8 T","PBMC_Late"
"GNG4 +CD8aa+T","Naïve CD8 T","HLA-F","CD8B",0.245823544541048,3,"HLA-F_CD8B","HLA-F - CD8B","MHC-I","Cell-Cell Contact","KEGG: hsa04514","GNG4 +CD8aa+T -> Naïve CD8 T (PBMC_Late)",0.0171122860420923,"GNG4 +CD8aa+T -> Naïve CD8 T","PBMC_Late"
"ILC2/3","Naïve CD8 T","HLA-F","CD8B",0.266147197316661,3,"HLA-F_CD8B","HLA-F - CD8B","MHC-I","Cell-Cell Contact","KEGG: hsa04514","ILC2/3 -> Naïve CD8 T (PBMC_Late)",0.0233462409309208,"ILC2/3 -> Naïve CD8 T","PBMC_Late"
"Large pre-B","Naïve CD8 T","HLA-F","CD8B",0.288413874885017,3,"HLA-F_CD8B","HLA-F - CD8B","MHC-I","Cell-Cell Contact","KEGG: hsa04514","Large pre-B -> Naïve CD8 T (PBMC_Late)",0.0312030456607066,"Large pre-B -> Naïve CD8 T","PBMC_Late"
"Macrophages","Naïve CD8 T","HLA-F","CD8B",0.356643412873083,3,"HLA-F_CD8B","HLA-F - CD8B","MHC-I","Cell-Cell Contact","KEGG: hsa04514","Macrophages -> Naïve CD8 T (PBMC_Late)",0.0605720855481355,"Macrophages -> Naïve CD8 T","PBMC_Late"
"Naïve CD4 T","Naïve CD8 T","HLA-F","CD8B",0.269139868673915,3,"HLA-F_CD8B","HLA-F - CD8B","MHC-I","Cell-Cell Contact","KEGG: hsa04514","Naïve CD4 T -> Naïve CD8 T (PBMC_Late)",0.0243422879926648,"Naïve CD4 T -> Naïve CD8 T","PBMC_Late"
"Naïve CD8 T","Naïve CD8 T","HLA-F","CD8B",0.351662057864865,3,"HLA-F_CD8B","HLA-F - CD8B","MHC-I","Cell-Cell Contact","KEGG: hsa04514","Naïve CD8 T -> Naïve CD8 T (PBMC_Late)",0.0582134318352397,"Naïve CD8 T -> Naïve CD8 T","PBMC_Late"
"NK T","Naïve CD8 T","HLA-F","CD8B",0.382472829025669,3,"HLA-F_CD8B","HLA-F - CD8B","MHC-I","Cell-Cell Contact","KEGG: hsa04514","NK T -> Naïve CD8 T (PBMC_Late)",0.0731996374297806,"NK T -> Naïve CD8 T","PBMC_Late"
"Others","Naïve CD8 T","HLA-F","CD8B",0.221763691511859,3,"HLA-F_CD8B","HLA-F - CD8B","MHC-I","Cell-Cell Contact","KEGG: hsa04514","Others -> Naïve CD8 T (PBMC_Late)",0.0110061128646496,"Others -> Naïve CD8 T","PBMC_Late"
"Tem","Naïve CD8 T","HLA-F","CD8B",0.282332567100021,3,"HLA-F_CD8B","HLA-F - CD8B","MHC-I","Cell-Cell Contact","KEGG: hsa04514","Tem -> Naïve CD8 T (PBMC_Late)",0.0289576099171417,"Tem -> Naïve CD8 T","PBMC_Late"
"Th17like_INNATE_T","Naïve CD8 T","HLA-F","CD8B",0.333811086850198,3,"HLA-F_CD8B","HLA-F - CD8B","MHC-I","Cell-Cell Contact","KEGG: hsa04514","Th17like_INNATE_T -> Naïve CD8 T (PBMC_Late)",0.0500012950826959,"Th17like_INNATE_T -> Naïve CD8 T","PBMC_Late"
"Treg","Naïve CD8 T","HLA-F","CD8B",0.283370023653233,3,"HLA-F_CD8B","HLA-F - CD8B","MHC-I","Cell-Cell Contact","KEGG: hsa04514","Treg -> Naïve CD8 T (PBMC_Late)",0.0293355619105161,"Treg -> Naïve CD8 T","PBMC_Late"
"CD14+PPBP+ Monocytes","NK T","HLA-F","CD8B",0.250865182606516,3,"HLA-F_CD8B","HLA-F - CD8B","MHC-I","Cell-Cell Contact","KEGG: hsa04514","CD14+PPBP+ Monocytes -> NK T (PBMC_Late)",0.0185700572685119,"CD14+PPBP+ Monocytes -> NK T","PBMC_Late"
"CD56highCD16low NK","NK T","HLA-F","CD8B",0.254258051155946,3,"HLA-F_CD8B","HLA-F - CD8B","MHC-I","Cell-Cell Contact","KEGG: hsa04514","CD56highCD16low NK -> NK T (PBMC_Late)",0.0195845922307201,"CD56highCD16low NK -> NK T","PBMC_Late"
"Classical Monocytes","NK T","HLA-F","CD8B",0.2108483691916,3,"HLA-F_CD8B","HLA-F - CD8B","MHC-I","Cell-Cell Contact","KEGG: hsa04514","Classical Monocytes -> NK T (PBMC_Late)",0.00871469350911623,"Classical Monocytes -> NK T","PBMC_Late"
"CX3CR1+ NK","NK T","HLA-F","CD8B",0.321398463711302,3,"HLA-F_CD8B","HLA-F - CD8B","MHC-I","Cell-Cell Contact","KEGG: hsa04514","CX3CR1+ NK -> NK T (PBMC_Late)",0.0445384440568362,"CX3CR1+ NK -> NK T","PBMC_Late"
"CXCR5- Naïve B","NK T","HLA-F","CD8B",0.229252355519635,3,"HLA-F_CD8B","HLA-F - CD8B","MHC-I","Cell-Cell Contact","KEGG: hsa04514","CXCR5- Naïve B -> NK T (PBMC_Late)",0.0127527882574061,"CXCR5- Naïve B -> NK T","PBMC_Late"
"CXCR5+ Naïve B","NK T","HLA-F","CD8B",0.223539354095217,3,"HLA-F_CD8B","HLA-F - CD8B","MHC-I","Cell-Cell Contact","KEGG: hsa04514","CXCR5+ Naïve B -> NK T (PBMC_Late)",0.0114074887077423,"CXCR5+ Naïve B -> NK T","PBMC_Late"
"CXCR6+ NK","NK T","HLA-F","CD8B",0.288418054246796,3,"HLA-F_CD8B","HLA-F - CD8B","MHC-I","Cell-Cell Contact","KEGG: hsa04514","CXCR6+ NK -> NK T (PBMC_Late)",0.0312046134195938,"CXCR6+ NK -> NK T","PBMC_Late"
"DC1","NK T","HLA-F","CD8B",0.257547674274541,3,"HLA-F_CD8B","HLA-F - CD8B","MHC-I","Cell-Cell Contact","KEGG: hsa04514","DC1 -> NK T (PBMC_Late)",0.0205935722720393,"DC1 -> NK T","PBMC_Late"
"DC2","NK T","HLA-F","CD8B",0.20165214254413,3,"HLA-F_CD8B","HLA-F - CD8B","MHC-I","Cell-Cell Contact","KEGG: hsa04514","DC2 -> NK T (PBMC_Late)",0.0070196997126651,"DC2 -> NK T","PBMC_Late"
"Gamma Delta V1 T","NK T","HLA-F","CD8B",0.235863898903048,3,"HLA-F_CD8B","HLA-F - CD8B","MHC-I","Cell-Cell Contact","KEGG: hsa04514","Gamma Delta V1 T -> NK T (PBMC_Late)",0.0144114364762344,"Gamma Delta V1 T -> NK T","PBMC_Late"
"Gamma Delta V2 T","NK T","HLA-F","CD8B",0.238948712433916,3,"HLA-F_CD8B","HLA-F - CD8B","MHC-I","Cell-Cell Contact","KEGG: hsa04514","Gamma Delta V2 T -> NK T (PBMC_Late)",0.015222228973547,"Gamma Delta V2 T -> NK T","PBMC_Late"
"GNG4 +CD8aa+T","NK T","HLA-F","CD8B",0.210251211654214,3,"HLA-F_CD8B","HLA-F - CD8B","MHC-I","Cell-Cell Contact","KEGG: hsa04514","GNG4 +CD8aa+T -> NK T (PBMC_Late)",0.00859809029865581,"GNG4 +CD8aa+T -> NK T","PBMC_Late"
"ILC2/3","NK T","HLA-F","CD8B",0.225102778646087,3,"HLA-F_CD8B","HLA-F - CD8B","MHC-I","Cell-Cell Contact","KEGG: hsa04514","ILC2/3 -> NK T (PBMC_Late)",0.0117674836286553,"ILC2/3 -> NK T","PBMC_Late"
"Large pre-B","NK T","HLA-F","CD8B",0.241060414426571,3,"HLA-F_CD8B","HLA-F - CD8B","MHC-I","Cell-Cell Contact","KEGG: hsa04514","Large pre-B -> NK T (PBMC_Late)",0.0157906438038101,"Large pre-B -> NK T","PBMC_Late"
"Macrophages","NK T","HLA-F","CD8B",0.288190064460459,3,"HLA-F_CD8B","HLA-F - CD8B","MHC-I","Cell-Cell Contact","KEGG: hsa04514","Macrophages -> NK T (PBMC_Late)",0.0311191387818268,"Macrophages -> NK T","PBMC_Late"
"Naïve CD4 T","NK T","HLA-F","CD8B",0.227266005344531,3,"HLA-F_CD8B","HLA-F - CD8B","MHC-I","Cell-Cell Contact","KEGG: hsa04514","Naïve CD4 T -> NK T (PBMC_Late)",0.0122757422293639,"Naïve CD4 T -> NK T","PBMC_Late"
"Naïve CD8 T","NK T","HLA-F","CD8B",0.284829655158483,3,"HLA-F_CD8B","HLA-F - CD8B","MHC-I","Cell-Cell Contact","KEGG: hsa04514","Naïve CD8 T -> NK T (PBMC_Late)",0.0298709040440337,"Naïve CD8 T -> NK T","PBMC_Late"
"NK T","NK T","HLA-F","CD8B",0.30543504987945,3,"HLA-F_CD8B","HLA-F - CD8B","MHC-I","Cell-Cell Contact","KEGG: hsa04514","NK T -> NK T (PBMC_Late)",0.0378540051853411,"NK T -> NK T","PBMC_Late"
"Others","NK T","HLA-F","CD8B",0.192283758220673,3,"HLA-F_CD8B","HLA-F - CD8B","MHC-I","Cell-Cell Contact","KEGG: hsa04514","Others -> NK T (PBMC_Late)",0.00551299493413747,"Others -> NK T","PBMC_Late"
"Tem","NK T","HLA-F","CD8B",0.236733203297266,3,"HLA-F_CD8B","HLA-F - CD8B","MHC-I","Cell-Cell Contact","KEGG: hsa04514","Tem -> NK T (PBMC_Late)",0.0146375588710258,"Tem -> NK T","PBMC_Late"
"Th17like_INNATE_T","NK T","HLA-F","CD8B",0.272689541800919,3,"HLA-F_CD8B","HLA-F - CD8B","MHC-I","Cell-Cell Contact","KEGG: hsa04514","Th17like_INNATE_T -> NK T (PBMC_Late)",0.0255485680682385,"Th17like_INNATE_T -> NK T","PBMC_Late"
"Treg","NK T","HLA-F","CD8B",0.237473026625196,3,"HLA-F_CD8B","HLA-F - CD8B","MHC-I","Cell-Cell Contact","KEGG: hsa04514","Treg -> NK T (PBMC_Late)",0.0148314616336602,"Treg -> NK T","PBMC_Late"
"DC1","Naïve CD8 T","ICAM1","ITGAL_ITGB2",0.201282621389543,3,"ICAM1_ITGAL_ITGB2","ICAM1 - (ITGAL+ITGB2)","ICAM","Cell-Cell Contact","KEGG: hsa04514","DC1 -> Naïve CD8 T (PBMC_Early)",0.0069560826927993,"DC1 -> Naïve CD8 T","PBMC_Early"
"DC2","Naïve CD8 T","ICAM1","ITGAL_ITGB2",0.166292719365143,3,"ICAM1_ITGAL_ITGB2","ICAM1 - (ITGAL+ITGB2)","ICAM","Cell-Cell Contact","KEGG: hsa04514","DC2 -> Naïve CD8 T (PBMC_Early)",0.00244553253149385,"DC2 -> Naïve CD8 T","PBMC_Early"
"Macrophages","Naïve CD8 T","ICAM1","ITGAL_ITGB2",0.185169975251143,3,"ICAM1_ITGAL_ITGB2","ICAM1 - (ITGAL+ITGB2)","ICAM","Cell-Cell Contact","KEGG: hsa04514","Macrophages -> Naïve CD8 T (PBMC_Early)",0.00451457802075533,"Macrophages -> Naïve CD8 T","PBMC_Early"
"DC1","NK T","ICAM1","ITGAL_ITGB2",0.222746417093666,3,"ICAM1_ITGAL_ITGB2","ICAM1 - (ITGAL+ITGB2)","ICAM","Cell-Cell Contact","KEGG: hsa04514","DC1 -> NK T (PBMC_Early)",0.0112272655579144,"DC1 -> NK T","PBMC_Early"
"DC2","NK T","ICAM1","ITGAL_ITGB2",0.180767405716899,3,"ICAM1_ITGAL_ITGB2","ICAM1 - (ITGAL+ITGB2)","ICAM","Cell-Cell Contact","KEGG: hsa04514","DC2 -> NK T (PBMC_Early)",0.00395818083414382,"DC2 -> NK T","PBMC_Early"
"Macrophages","NK T","ICAM1","ITGAL_ITGB2",0.203243604514072,3,"ICAM1_ITGAL_ITGB2","ICAM1 - (ITGAL+ITGB2)","ICAM","Cell-Cell Contact","KEGG: hsa04514","Macrophages -> NK T (PBMC_Early)",0.00729764182891533,"Macrophages -> NK T","PBMC_Early"
"DC1","NK T","ICAM1","ITGAL_ITGB2",0.221153097296055,3,"ICAM1_ITGAL_ITGB2","ICAM1 - (ITGAL+ITGB2)","ICAM","Cell-Cell Contact","KEGG: hsa04514","DC1 -> NK T (PBMC_Late)",0.0108699362598392,"DC1 -> NK T","PBMC_Late"
"Endothelial cells","NK T","ICAM1","ITGAL_ITGB2",0.296657698476051,3,"ICAM1_ITGAL_ITGB2","ICAM1 - (ITGAL+ITGB2)","ICAM","Cell-Cell Contact","KEGG: hsa04514","Endothelial cells -> NK T (PBMC_Late)",0.0343590985270824,"Endothelial cells -> NK T","PBMC_Late"
"Macrophages","NK T","ICAM1","ITGAL_ITGB2",0.307109298279193,3,"ICAM1_ITGAL_ITGB2","ICAM1 - (ITGAL+ITGB2)","ICAM","Cell-Cell Contact","KEGG: hsa04514","Macrophages -> NK T (PBMC_Late)",0.0385357180118796,"Macrophages -> NK T","PBMC_Late"
"DC1","Naïve CD8 T","ICAM1","ITGAL",0.173298090671971,3,"ICAM1_ITGAL","ICAM1 - ITGAL","ICAM","Cell-Cell Contact","PMID: 23602662","DC1 -> Naïve CD8 T (PBMC_Early)",0.00311849730762043,"DC1 -> Naïve CD8 T","PBMC_Early"
"DC2","Naïve CD8 T","ICAM1","ITGAL",0.146664978070917,3,"ICAM1_ITGAL","ICAM1 - ITGAL","ICAM","Cell-Cell Contact","PMID: 23602662","DC2 -> Naïve CD8 T (PBMC_Early)",0.00109362182267722,"DC2 -> Naïve CD8 T","PBMC_Early"
"Macrophages","Naïve CD8 T","ICAM1","ITGAL",0.16118466205492,3,"ICAM1_ITGAL","ICAM1 - ITGAL","ICAM","Cell-Cell Contact","PMID: 23602662","Macrophages -> Naïve CD8 T (PBMC_Early)",0.00202119925511659,"Macrophages -> Naïve CD8 T","PBMC_Early"
"DC1","NK T","ICAM1","ITGAL",0.184457039586938,3,"ICAM1_ITGAL","ICAM1 - ITGAL","ICAM","Cell-Cell Contact","PMID: 23602662","DC1 -> NK T (PBMC_Early)",0.00442132195841935,"DC1 -> NK T","PBMC_Early"
"DC2","NK T","ICAM1","ITGAL",0.154599555793994,3,"ICAM1_ITGAL","ICAM1 - ITGAL","ICAM","Cell-Cell Contact","PMID: 23602662","DC2 -> NK T (PBMC_Early)",0.00155182458430284,"DC2 -> NK T","PBMC_Early"
"Macrophages","NK T","ICAM1","ITGAL",0.170808289183908,3,"ICAM1_ITGAL","ICAM1 - ITGAL","ICAM","Cell-Cell Contact","PMID: 23602662","Macrophages -> NK T (PBMC_Early)",0.00286692053910647,"Macrophages -> NK T","PBMC_Early"
"DC1","NK T","ICAM1","ITGAL",0.180188850978463,3,"ICAM1_ITGAL","ICAM1 - ITGAL","ICAM","Cell-Cell Contact","PMID: 23602662","DC1 -> NK T (PBMC_Late)",0.00388849560304696,"DC1 -> NK T","PBMC_Late"
"Endothelial cells","NK T","ICAM1","ITGAL",0.228128353401745,3,"ICAM1_ITGAL","ICAM1 - ITGAL","ICAM","Cell-Cell Contact","PMID: 23602662","Endothelial cells -> NK T (PBMC_Late)",0.0124816313540245,"Endothelial cells -> NK T","PBMC_Late"
"Macrophages","NK T","ICAM1","ITGAL",0.234410488671148,3,"ICAM1_ITGAL","ICAM1 - ITGAL","ICAM","Cell-Cell Contact","PMID: 23602662","Macrophages -> NK T (PBMC_Late)",0.0140375315280357,"Macrophages -> NK T","PBMC_Late"
"DC1","Naïve CD8 T","ICAM1","SPN",0.176797444604462,3,"ICAM1_SPN","ICAM1 - SPN","ICAM","Cell-Cell Contact","PMID: 1683685","DC1 -> Naïve CD8 T (PBMC_Early)",0.00349580937398466,"DC1 -> Naïve CD8 T","PBMC_Early"
"DC2","Naïve CD8 T","ICAM1","SPN",0.149169108988345,3,"ICAM1_SPN","ICAM1 - SPN","ICAM","Cell-Cell Contact","PMID: 1683685","DC2 -> Naïve CD8 T (PBMC_Early)",0.00122624226803135,"DC2 -> Naïve CD8 T","PBMC_Early"
"Macrophages","Naïve CD8 T","ICAM1","SPN",0.164211232818275,3,"ICAM1_SPN","ICAM1 - SPN","ICAM","Cell-Cell Contact","PMID: 1683685","Macrophages -> Naïve CD8 T (PBMC_Early)",0.00226604923425316,"Macrophages -> Naïve CD8 T","PBMC_Early"
"DC1","NK T","ICAM1","SPN",0.190244426680254,3,"ICAM1_SPN","ICAM1 - SPN","ICAM","Cell-Cell Contact","PMID: 1683685","DC1 -> NK T (PBMC_Early)",0.00521406356804976,"DC1 -> NK T","PBMC_Early"
"DC2","NK T","ICAM1","SPN",0.158657473447087,3,"ICAM1_SPN","ICAM1 - SPN","ICAM","Cell-Cell Contact","PMID: 1683685","DC2 -> NK T (PBMC_Early)",0.00183101247421253,"DC2 -> NK T","PBMC_Early"
"Macrophages","NK T","ICAM1","SPN",0.175768051892909,3,"ICAM1_SPN","ICAM1 - SPN","ICAM","Cell-Cell Contact","PMID: 1683685","Macrophages -> NK T (PBMC_Early)",0.00338190520784368,"Macrophages -> NK T","PBMC_Early"
"DC1","NK T","ICAM1","SPN",0.191542428222823,3,"ICAM1_SPN","ICAM1 - SPN","ICAM","Cell-Cell Contact","PMID: 1683685","DC1 -> NK T (PBMC_Late)",0.00540313783303834,"DC1 -> NK T","PBMC_Late"
"Endothelial cells","NK T","ICAM1","SPN",0.246433229436608,3,"ICAM1_SPN","ICAM1 - SPN","ICAM","Cell-Cell Contact","PMID: 1683685","Endothelial cells -> NK T (PBMC_Late)",0.0172853784364713,"Endothelial cells -> NK T","PBMC_Late"
"Macrophages","NK T","ICAM1","SPN",0.253741158717174,3,"ICAM1_SPN","ICAM1 - SPN","ICAM","Cell-Cell Contact","PMID: 1683685","Macrophages -> NK T (PBMC_Late)",0.0194283096825749,"Macrophages -> NK T","PBMC_Late"
"CD14+PPBP+ Monocytes","Naïve CD8 T","ICAM2","ITGAL_ITGB2",0.237024472819214,3,"ICAM2_ITGAL_ITGB2","ICAM2 - (ITGAL+ITGB2)","ICAM","Cell-Cell Contact","KEGG: hsa04514","CD14+PPBP+ Monocytes -> Naïve CD8 T (PBMC_Early)",0.014713738527698,"CD14+PPBP+ Monocytes -> Naïve CD8 T","PBMC_Early"
"CX3CR1+ NK","Naïve CD8 T","ICAM2","ITGAL_ITGB2",0.197967108841848,3,"ICAM2_ITGAL_ITGB2","ICAM2 - (ITGAL+ITGB2)","ICAM","Cell-Cell Contact","KEGG: hsa04514","CX3CR1+ NK -> Naïve CD8 T (PBMC_Early)",0.00640072403566011,"CX3CR1+ NK -> Naïve CD8 T","PBMC_Early"
"CXCR5- Naïve B","Naïve CD8 T","ICAM2","ITGAL_ITGB2",0.187452371653934,3,"ICAM2_ITGAL_ITGB2","ICAM2 - (ITGAL+ITGB2)","ICAM","Cell-Cell Contact","KEGG: hsa04514","CXCR5- Naïve B -> Naïve CD8 T (PBMC_Early)",0.00482141204032505,"CXCR5- Naïve B -> Naïve CD8 T","PBMC_Early"
"CXCR5+ Naïve B","Naïve CD8 T","ICAM2","ITGAL_ITGB2",0.187053994400303,3,"ICAM2_ITGAL_ITGB2","ICAM2 - (ITGAL+ITGB2)","ICAM","Cell-Cell Contact","KEGG: hsa04514","CXCR5+ Naïve B -> Naïve CD8 T (PBMC_Early)",0.00476694345856095,"CXCR5+ Naïve B -> Naïve CD8 T","PBMC_Early"
"CXCR6+ NK","Naïve CD8 T","ICAM2","ITGAL_ITGB2",0.194693114932995,3,"ICAM2_ITGAL_ITGB2","ICAM2 - (ITGAL+ITGB2)","ICAM","Cell-Cell Contact","KEGG: hsa04514","CXCR6+ NK -> Naïve CD8 T (PBMC_Early)",0.00587947114341303,"CXCR6+ NK -> Naïve CD8 T","PBMC_Early"
"DC2","Naïve CD8 T","ICAM2","ITGAL_ITGB2",0.17013328756604,3,"ICAM2_ITGAL_ITGB2","ICAM2 - (ITGAL+ITGB2)","ICAM","Cell-Cell Contact","KEGG: hsa04514","DC2 -> Naïve CD8 T (PBMC_Early)",0.00280109594943098,"DC2 -> Naïve CD8 T","PBMC_Early"
"DNQ T","Naïve CD8 T","ICAM2","ITGAL_ITGB2",0.191280551943316,3,"ICAM2_ITGAL_ITGB2","ICAM2 - (ITGAL+ITGB2)","ICAM","Cell-Cell Contact","KEGG: hsa04514","DNQ T -> Naïve CD8 T (PBMC_Early)",0.00536465604473667,"DNQ T -> Naïve CD8 T","PBMC_Early"
"DPP T","Naïve CD8 T","ICAM2","ITGAL_ITGB2",0.231073954722156,3,"ICAM2_ITGAL_ITGB2","ICAM2 - (ITGAL+ITGB2)","ICAM","Cell-Cell Contact","KEGG: hsa04514","NA",0.0131989388802523,"DPP T -> Naïve CD8 T","PBMC_Early"
"Endothelial cells","Naïve CD8 T","ICAM2","ITGAL_ITGB2",0.224907536680246,3,"ICAM2_ITGAL_ITGB2","ICAM2 - (ITGAL+ITGB2)","ICAM","Cell-Cell Contact","KEGG: hsa04514","Endothelial cells -> Naïve CD8 T (PBMC_Early)",0.0117221902456038,"Endothelial cells -> Naïve CD8 T","PBMC_Early"
"Gamma Delta V1 T","Naïve CD8 T","ICAM2","ITGAL_ITGB2",0.194464312794851,3,"ICAM2_ITGAL_ITGB2","ICAM2 - (ITGAL+ITGB2)","ICAM","Cell-Cell Contact","KEGG: hsa04514","Gamma Delta V1 T -> Naïve CD8 T (PBMC_Early)",0.00584404725559949,"Gamma Delta V1 T -> Naïve CD8 T","PBMC_Early"
"Gamma Delta V2 T","Naïve CD8 T","ICAM2","ITGAL_ITGB2",0.195011317594621,3,"ICAM2_ITGAL_ITGB2","ICAM2 - (ITGAL+ITGB2)","ICAM","Cell-Cell Contact","KEGG: hsa04514","Gamma Delta V2 T -> Naïve CD8 T (PBMC_Early)",0.00592895378008442,"Gamma Delta V2 T -> Naïve CD8 T","PBMC_Early"
"GNG4 +CD8aa+T","Naïve CD8 T","ICAM2","ITGAL_ITGB2",0.169599465750663,3,"ICAM2_ITGAL_ITGB2","ICAM2 - (ITGAL+ITGB2)","ICAM","Cell-Cell Contact","KEGG: hsa04514","GNG4 +CD8aa+T -> Naïve CD8 T (PBMC_Early)",0.0027497508027522,"GNG4 +CD8aa+T -> Naïve CD8 T","PBMC_Early"
"HSC_MPP","Naïve CD8 T","ICAM2","ITGAL_ITGB2",0.206669230306829,3,"ICAM2_ITGAL_ITGB2","ICAM2 - (ITGAL+ITGB2)","ICAM","Cell-Cell Contact","KEGG: hsa04514","HSC_MPP -> Naïve CD8 T (PBMC_Early)",0.00791773851178868,"HSC_MPP -> Naïve CD8 T","PBMC_Early"
"ILC2/3","Naïve CD8 T","ICAM2","ITGAL_ITGB2",0.20234319324667,3,"ICAM2_ITGAL_ITGB2","ICAM2 - (ITGAL+ITGB2)","ICAM","Cell-Cell Contact","KEGG: hsa04514","ILC2/3 -> Naïve CD8 T (PBMC_Early)",0.00713959990168687,"ILC2/3 -> Naïve CD8 T","PBMC_Early"
"Large pre-B","Naïve CD8 T","ICAM2","ITGAL_ITGB2",0.165820084473687,3,"ICAM2_ITGAL_ITGB2","ICAM2 - (ITGAL+ITGB2)","ICAM","Cell-Cell Contact","KEGG: hsa04514","Large pre-B -> Naïve CD8 T (PBMC_Early)",0.00240397284817333,"Large pre-B -> Naïve CD8 T","PBMC_Early"
"Macrophages","Naïve CD8 T","ICAM2","ITGAL_ITGB2",0.18871992477078,3,"ICAM2_ITGAL_ITGB2","ICAM2 - (ITGAL+ITGB2)","ICAM","Cell-Cell Contact","KEGG: hsa04514","Macrophages -> Naïve CD8 T (PBMC_Early)",0.00499729976462773,"Macrophages -> Naïve CD8 T","PBMC_Early"
"Megakaryocytes","Naïve CD8 T","ICAM2","ITGAL_ITGB2",0.222236179677475,3,"ICAM2_ITGAL_ITGB2","ICAM2 - (ITGAL+ITGB2)","ICAM","Cell-Cell Contact","KEGG: hsa04514","Megakaryocytes -> Naïve CD8 T (PBMC_Early)",0.0111121366145233,"Megakaryocytes -> Naïve CD8 T","PBMC_Early"
"MEMP","Naïve CD8 T","ICAM2","ITGAL_ITGB2",0.210318169463906,3,"ICAM2_ITGAL_ITGB2","ICAM2 - (ITGAL+ITGB2)","ICAM","Cell-Cell Contact","KEGG: hsa04514","MEMP -> Naïve CD8 T (PBMC_Early)",0.00861111946977574,"MEMP -> Naïve CD8 T","PBMC_Early"
"MEP","Naïve CD8 T","ICAM2","ITGAL_ITGB2",0.254942524111835,3,"ICAM2_ITGAL_ITGB2","ICAM2 - (ITGAL+ITGB2)","ICAM","Cell-Cell Contact","KEGG: hsa04514","MEP -> Naïve CD8 T (PBMC_Early)",0.0197924895045253,"MEP -> Naïve CD8 T","PBMC_Early"
"Naïve CD4 T","Naïve CD8 T","ICAM2","ITGAL_ITGB2",0.192034187040293,3,"ICAM2_ITGAL_ITGB2","ICAM2 - (ITGAL+ITGB2)","ICAM","Cell-Cell Contact","KEGG: hsa04514","Naïve CD4 T -> Naïve CD8 T (PBMC_Early)",0.00547585902736929,"Naïve CD4 T -> Naïve CD8 T","PBMC_Early"
"Naïve CD8 T","Naïve CD8 T","ICAM2","ITGAL_ITGB2",0.185378508824363,3,"ICAM2_ITGAL_ITGB2","ICAM2 - (ITGAL+ITGB2)","ICAM","Cell-Cell Contact","KEGG: hsa04514","Naïve CD8 T -> Naïve CD8 T (PBMC_Early)",0.004542087541945,"Naïve CD8 T -> Naïve CD8 T","PBMC_Early"
"NK T","Naïve CD8 T","ICAM2","ITGAL_ITGB2",0.197642293566631,3,"ICAM2_ITGAL_ITGB2","ICAM2 - (ITGAL+ITGB2)","ICAM","Cell-Cell Contact","KEGG: hsa04514","NK T -> Naïve CD8 T (PBMC_Early)",0.00634780752574601,"NK T -> Naïve CD8 T","PBMC_Early"
"Tem","Naïve CD8 T","ICAM2","ITGAL_ITGB2",0.2460809422132,3,"ICAM2_ITGAL_ITGB2","ICAM2 - (ITGAL+ITGB2)","ICAM","Cell-Cell Contact","KEGG: hsa04514","Tem -> Naïve CD8 T (PBMC_Early)",0.0171852545533003,"Tem -> Naïve CD8 T","PBMC_Early"
"Th17like_INNATE_T","Naïve CD8 T","ICAM2","ITGAL_ITGB2",0.240659408410755,3,"ICAM2_ITGAL_ITGB2","ICAM2 - (ITGAL+ITGB2)","ICAM","Cell-Cell Contact","KEGG: hsa04514","Th17like_INNATE_T -> Naïve CD8 T (PBMC_Early)",0.0156818706150021,"Th17like_INNATE_T -> Naïve CD8 T","PBMC_Early"
"Treg","Naïve CD8 T","ICAM2","ITGAL_ITGB2",0.198119221684353,3,"ICAM2_ITGAL_ITGB2","ICAM2 - (ITGAL+ITGB2)","ICAM","Cell-Cell Contact","KEGG: hsa04514","Treg -> Naïve CD8 T (PBMC_Early)",0.00642559644033654,"Treg -> Naïve CD8 T","PBMC_Early"
"CD14+PPBP+ Monocytes","NK T","ICAM2","ITGAL_ITGB2",0.267020548481222,3,"ICAM2_ITGAL_ITGB2","ICAM2 - (ITGAL+ITGB2)","ICAM","Cell-Cell Contact","KEGG: hsa04514","CD14+PPBP+ Monocytes -> NK T (PBMC_Early)",0.0236349168630256,"CD14+PPBP+ Monocytes -> NK T","PBMC_Early"
"CX3CR1+ NK","NK T","ICAM2","ITGAL_ITGB2",0.218709650247417,3,"ICAM2_ITGAL_ITGB2","ICAM2 - (ITGAL+ITGB2)","ICAM","Cell-Cell Contact","KEGG: hsa04514","CX3CR1+ NK -> NK T (PBMC_Early)",0.0103344536171546,"CX3CR1+ NK -> NK T","PBMC_Early"
"CXCR5- Naïve B","NK T","ICAM2","ITGAL_ITGB2",0.205988544591492,3,"ICAM2_ITGAL_ITGB2","ICAM2 - (ITGAL+ITGB2)","ICAM","Cell-Cell Contact","KEGG: hsa04514","CXCR5- Naïve B -> NK T (PBMC_Early)",0.00779214664729503,"CXCR5- Naïve B -> NK T","PBMC_Early"
"CXCR5+ Naïve B","NK T","ICAM2","ITGAL_ITGB2",0.205509010466494,3,"ICAM2_ITGAL_ITGB2","ICAM2 - (ITGAL+ITGB2)","ICAM","Cell-Cell Contact","KEGG: hsa04514","CXCR5+ Naïve B -> NK T (PBMC_Early)",0.00770437682485606,"CXCR5+ Naïve B -> NK T","PBMC_Early"
"CXCR6+ NK","NK T","ICAM2","ITGAL_ITGB2",0.214735410680489,3,"ICAM2_ITGAL_ITGB2","ICAM2 - (ITGAL+ITGB2)","ICAM","Cell-Cell Contact","KEGG: hsa04514","CXCR6+ NK -> NK T (PBMC_Early)",0.00949591295969855,"CXCR6+ NK -> NK T","PBMC_Early"
"DC2","NK T","ICAM2","ITGAL_ITGB2",0.18530723606749,3,"ICAM2_ITGAL_ITGB2","ICAM2 - (ITGAL+ITGB2)","ICAM","Cell-Cell Contact","KEGG: hsa04514","DC2 -> NK T (PBMC_Early)",0.00453267348457018,"DC2 -> NK T","PBMC_Early"
"DNQ T","NK T","ICAM2","ITGAL_ITGB2",0.210605691681714,3,"ICAM2_ITGAL_ITGB2","ICAM2 - (ITGAL+ITGB2)","ICAM","Cell-Cell Contact","KEGG: hsa04514","DNQ T -> NK T (PBMC_Early)",0.00866719771744069,"DNQ T -> NK T","PBMC_Early"
"DPP T","NK T","ICAM2","ITGAL_ITGB2",0.259555352043238,3,"ICAM2_ITGAL_ITGB2","ICAM2 - (ITGAL+ITGB2)","ICAM","Cell-Cell Contact","KEGG: hsa04514","NA",0.0212214514745178,"DPP T -> NK T","PBMC_Early"
"Endothelial cells","NK T","ICAM2","ITGAL_ITGB2",0.25185836667007,3,"ICAM2_ITGAL_ITGB2","ICAM2 - (ITGAL+ITGB2)","ICAM","Cell-Cell Contact","KEGG: hsa04514","Endothelial cells -> NK T (PBMC_Early)",0.0188642717768309,"Endothelial cells -> NK T","PBMC_Early"
"Gamma Delta V1 T","NK T","ICAM2","ITGAL_ITGB2",0.214458118435236,3,"ICAM2_ITGAL_ITGB2","ICAM2 - (ITGAL+ITGB2)","ICAM","Cell-Cell Contact","KEGG: hsa04514","Gamma Delta V1 T -> NK T (PBMC_Early)",0.00943890684602908,"Gamma Delta V1 T -> NK T","PBMC_Early"
"Gamma Delta V2 T","NK T","ICAM2","ITGAL_ITGB2",0.215121147203053,3,"ICAM2_ITGAL_ITGB2","ICAM2 - (ITGAL+ITGB2)","ICAM","Cell-Cell Contact","KEGG: hsa04514","Gamma Delta V2 T -> NK T (PBMC_Early)",0.00957553901994158,"Gamma Delta V2 T -> NK T","PBMC_Early"
"GNG4 +CD8aa+T","NK T","ICAM2","ITGAL_ITGB2",0.184675209008507,3,"ICAM2_ITGAL_ITGB2","ICAM2 - (ITGAL+ITGB2)","ICAM","Cell-Cell Contact","KEGG: hsa04514","GNG4 +CD8aa+T -> NK T (PBMC_Early)",0.00444972950092022,"GNG4 +CD8aa+T -> NK T","PBMC_Early"
"HSC_MPP","NK T","ICAM2","ITGAL_ITGB2",0.229330692345891,3,"ICAM2_ITGAL_ITGB2","ICAM2 - (ITGAL+ITGB2)","ICAM","Cell-Cell Contact","KEGG: hsa04514","HSC_MPP -> NK T (PBMC_Early)",0.0127718042379736,"HSC_MPP -> NK T","PBMC_Early"
"ILC2/3","NK T","ICAM2","ITGAL_ITGB2",0.224040271865574,3,"ICAM2_ITGAL_ITGB2","ICAM2 - (ITGAL+ITGB2)","ICAM","Cell-Cell Contact","KEGG: hsa04514","ILC2/3 -> NK T (PBMC_Early)",0.0115221587884411,"ILC2/3 -> NK T","PBMC_Early"
"Large pre-B","NK T","ICAM2","ITGAL_ITGB2",0.180209885379286,3,"ICAM2_ITGAL_ITGB2","ICAM2 - (ITGAL+ITGB2)","ICAM","Cell-Cell Contact","KEGG: hsa04514","Large pre-B -> NK T (PBMC_Early)",0.00389101528602014,"Large pre-B -> NK T","PBMC_Early"
"Macrophages","NK T","ICAM2","ITGAL_ITGB2",0.207515510133481,3,"ICAM2_ITGAL_ITGB2","ICAM2 - (ITGAL+ITGB2)","ICAM","Cell-Cell Contact","KEGG: hsa04514","Macrophages -> NK T (PBMC_Early)",0.00807552896263715,"Macrophages -> NK T","PBMC_Early"
"Megakaryocytes","NK T","ICAM2","ITGAL_ITGB2",0.248536424671066,3,"ICAM2_ITGAL_ITGB2","ICAM2 - (ITGAL+ITGB2)","ICAM","Cell-Cell Contact","KEGG: hsa04514","Megakaryocytes -> NK T (PBMC_Early)",0.01788925360045,"Megakaryocytes -> NK T","PBMC_Early"
"MEMP","NK T","ICAM2","ITGAL_ITGB2",0.233809017123392,3,"ICAM2_ITGAL_ITGB2","ICAM2 - (ITGAL+ITGB2)","ICAM","Cell-Cell Contact","KEGG: hsa04514","MEMP -> NK T (PBMC_Early)",0.0138843216817247,"MEMP -> NK T","PBMC_Early"
"MEP","NK T","ICAM2","ITGAL_ITGB2",0.289718218307027,3,"ICAM2_ITGAL_ITGB2","ICAM2 - (ITGAL+ITGB2)","ICAM","Cell-Cell Contact","KEGG: hsa04514","MEP -> NK T (PBMC_Early)",0.031693943407704,"MEP -> NK T","PBMC_Early"
"Naïve CD4 T","NK T","ICAM2","ITGAL_ITGB2",0.21151658385552,3,"ICAM2_ITGAL_ITGB2","ICAM2 - (ITGAL+ITGB2)","ICAM","Cell-Cell Contact","KEGG: hsa04514","Naïve CD4 T -> NK T (PBMC_Early)",0.00884624962670526,"Naïve CD4 T -> NK T","PBMC_Early"
"Naïve CD8 T","NK T","ICAM2","ITGAL_ITGB2",0.203494155037042,3,"ICAM2_ITGAL_ITGB2","ICAM2 - (ITGAL+ITGB2)","ICAM","Cell-Cell Contact","KEGG: hsa04514","Naïve CD8 T -> NK T (PBMC_Early)",0.00734198483828012,"Naïve CD8 T -> NK T","PBMC_Early"
"NK T","NK T","ICAM2","ITGAL_ITGB2",0.218314830372814,3,"ICAM2_ITGAL_ITGB2","ICAM2 - (ITGAL+ITGB2)","ICAM","Cell-Cell Contact","KEGG: hsa04514","NK T -> NK T (PBMC_Early)",0.0102493513735396,"NK T -> NK T","PBMC_Early"
"Tem","NK T","ICAM2","ITGAL_ITGB2",0.278452266238637,3,"ICAM2_ITGAL_ITGB2","ICAM2 - (ITGAL+ITGB2)","ICAM","Cell-Cell Contact","KEGG: hsa04514","Tem -> NK T (PBMC_Early)",0.0275630325735329,"Tem -> NK T","PBMC_Early"
"Th17like_INNATE_T","NK T","ICAM2","ITGAL_ITGB2",0.271598750875367,3,"ICAM2_ITGAL_ITGB2","ICAM2 - (ITGAL+ITGB2)","ICAM","Cell-Cell Contact","KEGG: hsa04514","Th17like_INNATE_T -> NK T (PBMC_Early)",0.0251750448526926,"Th17like_INNATE_T -> NK T","PBMC_Early"
"Treg","NK T","ICAM2","ITGAL_ITGB2",0.218894586921366,3,"ICAM2_ITGAL_ITGB2","ICAM2 - (ITGAL+ITGB2)","ICAM","Cell-Cell Contact","KEGG: hsa04514","Treg -> NK T (PBMC_Early)",0.010374452392619,"Treg -> NK T","PBMC_Early"
"CD14+PPBP+ Monocytes","NK T","ICAM2","ITGAL_ITGB2",0.234055055069202,3,"ICAM2_ITGAL_ITGB2","ICAM2 - (ITGAL+ITGB2)","ICAM","Cell-Cell Contact","KEGG: hsa04514","CD14+PPBP+ Monocytes -> NK T (PBMC_Late)",0.0139468856273485,"CD14+PPBP+ Monocytes -> NK T","PBMC_Late"
"CX3CR1+ NK","NK T","ICAM2","ITGAL_ITGB2",0.21069517926384,3,"ICAM2_ITGAL_ITGB2","ICAM2 - (ITGAL+ITGB2)","ICAM","Cell-Cell Contact","KEGG: hsa04514","CX3CR1+ NK -> NK T (PBMC_Late)",0.00868469436187057,"CX3CR1+ NK -> NK T","PBMC_Late"
"CXCR5- Naïve B","NK T","ICAM2","ITGAL_ITGB2",0.18806857295056,3,"ICAM2_ITGAL_ITGB2","ICAM2 - (ITGAL+ITGB2)","ICAM","Cell-Cell Contact","KEGG: hsa04514","CXCR5- Naïve B -> NK T (PBMC_Late)",0.00490642609350068,"CXCR5- Naïve B -> NK T","PBMC_Late"
"CXCR5+ Naïve B","NK T","ICAM2","ITGAL_ITGB2",0.176799931654045,3,"ICAM2_ITGAL_ITGB2","ICAM2 - (ITGAL+ITGB2)","ICAM","Cell-Cell Contact","KEGG: hsa04514","CXCR5+ Naïve B -> NK T (PBMC_Late)",0.00349608753187738,"CXCR5+ Naïve B -> NK T","PBMC_Late"
"CXCR6+ NK","NK T","ICAM2","ITGAL_ITGB2",0.23126280528132,3,"ICAM2_ITGAL_ITGB2","ICAM2 - (ITGAL+ITGB2)","ICAM","Cell-Cell Contact","KEGG: hsa04514","CXCR6+ NK -> NK T (PBMC_Late)",0.0132456659042053,"CXCR6+ NK -> NK T","PBMC_Late"
"DC2","NK T","ICAM2","ITGAL_ITGB2",0.184230023052437,3,"ICAM2_ITGAL_ITGB2","ICAM2 - (ITGAL+ITGB2)","ICAM","Cell-Cell Contact","KEGG: hsa04514","DC2 -> NK T (PBMC_Late)",0.00439188423846925,"DC2 -> NK T","PBMC_Late"
"DNQ T","NK T","ICAM2","ITGAL_ITGB2",0.282705286192242,3,"ICAM2_ITGAL_ITGB2","ICAM2 - (ITGAL+ITGB2)","ICAM","Cell-Cell Contact","KEGG: hsa04514","DNQ T -> NK T (PBMC_Late)",0.0290931487834667,"DNQ T -> NK T","PBMC_Late"
"Endothelial cells","NK T","ICAM2","ITGAL_ITGB2",0.301975902169312,3,"ICAM2_ITGAL_ITGB2","ICAM2 - (ITGAL+ITGB2)","ICAM","Cell-Cell Contact","KEGG: hsa04514","Endothelial cells -> NK T (PBMC_Late)",0.0364606195149894,"Endothelial cells -> NK T","PBMC_Late"
"Gamma Delta V1 T","NK T","ICAM2","ITGAL_ITGB2",0.202000287415729,3,"ICAM2_ITGAL_ITGB2","ICAM2 - (ITGAL+ITGB2)","ICAM","Cell-Cell Contact","KEGG: hsa04514","Gamma Delta V1 T -> NK T (PBMC_Late)",0.00707995302842058,"Gamma Delta V1 T -> NK T","PBMC_Late"
"Gamma Delta V2 T","NK T","ICAM2","ITGAL_ITGB2",0.202381159399741,3,"ICAM2_ITGAL_ITGB2","ICAM2 - (ITGAL+ITGB2)","ICAM","Cell-Cell Contact","KEGG: hsa04514","Gamma Delta V2 T -> NK T (PBMC_Late)",0.00714622226690808,"Gamma Delta V2 T -> NK T","PBMC_Late"
"HSC_MPP","NK T","ICAM2","ITGAL_ITGB2",0.209798033572731,3,"ICAM2_ITGAL_ITGB2","ICAM2 - (ITGAL+ITGB2)","ICAM","Cell-Cell Contact","KEGG: hsa04514","HSC_MPP -> NK T (PBMC_Late)",0.00851020788595057,"HSC_MPP -> NK T","PBMC_Late"
"ILC2/3","NK T","ICAM2","ITGAL_ITGB2",0.20648651836046,3,"ICAM2_ITGAL_ITGB2","ICAM2 - (ITGAL+ITGB2)","ICAM","Cell-Cell Contact","KEGG: hsa04514","ILC2/3 -> NK T (PBMC_Late)",0.00788391091201777,"ILC2/3 -> NK T","PBMC_Late"
"Large pre-B","NK T","ICAM2","ITGAL_ITGB2",0.209042380857045,3,"ICAM2_ITGAL_ITGB2","ICAM2 - (ITGAL+ITGB2)","ICAM","Cell-Cell Contact","KEGG: hsa04514","Large pre-B -> NK T (PBMC_Late)",0.00836483260236738,"Large pre-B -> NK T","PBMC_Late"
"Megakaryocytes","NK T","ICAM2","ITGAL_ITGB2",0.225620349463755,3,"ICAM2_ITGAL_ITGB2","ICAM2 - (ITGAL+ITGB2)","ICAM","Cell-Cell Contact","KEGG: hsa04514","Megakaryocytes -> NK T (PBMC_Late)",0.0118880174862953,"Megakaryocytes -> NK T","PBMC_Late"
"MEMP","NK T","ICAM2","ITGAL_ITGB2",0.224541764697228,3,"ICAM2_ITGAL_ITGB2","ICAM2 - (ITGAL+ITGB2)","ICAM","Cell-Cell Contact","KEGG: hsa04514","MEMP -> NK T (PBMC_Late)",0.0116375949432515,"MEMP -> NK T","PBMC_Late"
"MEP","NK T","ICAM2","ITGAL_ITGB2",0.247729038452447,3,"ICAM2_ITGAL_ITGB2","ICAM2 - (ITGAL+ITGB2)","ICAM","Cell-Cell Contact","KEGG: hsa04514","MEP -> NK T (PBMC_Late)",0.0176561965913833,"MEP -> NK T","PBMC_Late"
"Naïve CD4 T","NK T","ICAM2","ITGAL_ITGB2",0.196121024806637,3,"ICAM2_ITGAL_ITGB2","ICAM2 - (ITGAL+ITGB2)","ICAM","Cell-Cell Contact","KEGG: hsa04514","Naïve CD4 T -> NK T (PBMC_Late)",0.00610350315228629,"Naïve CD4 T -> NK T","PBMC_Late"
"Naïve CD8 T","NK T","ICAM2","ITGAL_ITGB2",0.190442401570373,3,"ICAM2_ITGAL_ITGB2","ICAM2 - (ITGAL+ITGB2)","ICAM","Cell-Cell Contact","KEGG: hsa04514","Naïve CD8 T -> NK T (PBMC_Late)",0.00524263275874646,"Naïve CD8 T -> NK T","PBMC_Late"
"NK T","NK T","ICAM2","ITGAL_ITGB2",0.201983535289242,3,"ICAM2_ITGAL_ITGB2","ICAM2 - (ITGAL+ITGB2)","ICAM","Cell-Cell Contact","KEGG: hsa04514","NK T -> NK T (PBMC_Late)",0.00707704670990277,"NK T -> NK T","PBMC_Late"
"Others","NK T","ICAM2","ITGAL_ITGB2",0.176133120863527,3,"ICAM2_ITGAL_ITGB2","ICAM2 - (ITGAL+ITGB2)","ICAM","Cell-Cell Contact","KEGG: hsa04514","Others -> NK T (PBMC_Late)",0.00342202129229308,"Others -> NK T","PBMC_Late"
"Tem","NK T","ICAM2","ITGAL_ITGB2",0.206728594722381,3,"ICAM2_ITGAL_ITGB2","ICAM2 - (ITGAL+ITGB2)","ICAM","Cell-Cell Contact","KEGG: hsa04514","Tem -> NK T (PBMC_Late)",0.00792874763498762,"Tem -> NK T","PBMC_Late"
"Th17like_INNATE_T","NK T","ICAM2","ITGAL_ITGB2",0.252070753932658,3,"ICAM2_ITGAL_ITGB2","ICAM2 - (ITGAL+ITGB2)","ICAM","Cell-Cell Contact","KEGG: hsa04514","Th17like_INNATE_T -> NK T (PBMC_Late)",0.0189274862202809,"Th17like_INNATE_T -> NK T","PBMC_Late"
"Treg","NK T","ICAM2","ITGAL_ITGB2",0.194079822428552,3,"ICAM2_ITGAL_ITGB2","ICAM2 - (ITGAL+ITGB2)","ICAM","Cell-Cell Contact","KEGG: hsa04514","Treg -> NK T (PBMC_Late)",0.00578481359325534,"Treg -> NK T","PBMC_Late"
"abTentry","Naïve CD8 T","ITGB2","CD226",0.177713967524755,3,"ITGB2_CD226","ITGB2 - CD226","ITGB2","Cell-Cell Contact","KEGG: hsa04514","abTentry -> Naïve CD8 T (PBMC_Early)",0.00359928623500849,"abTentry -> Naïve CD8 T","PBMC_Early"
"CD14+PPBP+ Monocytes","Naïve CD8 T","ITGB2","CD226",0.230419435068218,3,"ITGB2_CD226","ITGB2 - CD226","ITGB2","Cell-Cell Contact","KEGG: hsa04514","CD14+PPBP+ Monocytes -> Naïve CD8 T (PBMC_Early)",0.0130376795019169,"CD14+PPBP+ Monocytes -> Naïve CD8 T","PBMC_Early"
"CD56highCD16low NK","Naïve CD8 T","ITGB2","CD226",0.224313915899354,3,"ITGB2_CD226","ITGB2 - CD226","ITGB2","Cell-Cell Contact","KEGG: hsa04514","CD56highCD16low NK -> Naïve CD8 T (PBMC_Early)",0.011585068899334,"CD56highCD16low NK -> Naïve CD8 T","PBMC_Early"
"Classical Monocytes","Naïve CD8 T","ITGB2","CD226",0.245130672185925,3,"ITGB2_CD226","ITGB2 - CD226","ITGB2","Cell-Cell Contact","KEGG: hsa04514","Classical Monocytes -> Naïve CD8 T (PBMC_Early)",0.0169166514228602,"Classical Monocytes -> Naïve CD8 T","PBMC_Early"
"CX3CR1+ NK","Naïve CD8 T","ITGB2","CD226",0.252242655896127,3,"ITGB2_CD226","ITGB2 - CD226","ITGB2","Cell-Cell Contact","KEGG: hsa04514","CX3CR1+ NK -> Naïve CD8 T (PBMC_Early)",0.0189787275030288,"CX3CR1+ NK -> Naïve CD8 T","PBMC_Early"
"CXCR5- Naïve B","Naïve CD8 T","ITGB2","CD226",0.16186188501659,3,"ITGB2_CD226","ITGB2 - CD226","ITGB2","Cell-Cell Contact","KEGG: hsa04514","CXCR5- Naïve B -> Naïve CD8 T (PBMC_Early)",0.00207435146137901,"CXCR5- Naïve B -> Naïve CD8 T","PBMC_Early"
"CXCR5+ Naïve B","Naïve CD8 T","ITGB2","CD226",0.164847081299048,3,"ITGB2_CD226","ITGB2 - CD226","ITGB2","Cell-Cell Contact","KEGG: hsa04514","CXCR5+ Naïve B -> Naïve CD8 T (PBMC_Early)",0.00231990714099603,"CXCR5+ Naïve B -> Naïve CD8 T","PBMC_Early"
"CXCR6+ NK","Naïve CD8 T","ITGB2","CD226",0.240205171375272,3,"ITGB2_CD226","ITGB2 - CD226","ITGB2","Cell-Cell Contact","KEGG: hsa04514","CXCR6+ NK -> Naïve CD8 T (PBMC_Early)",0.0155591295064786,"CXCR6+ NK -> Naïve CD8 T","PBMC_Early"
"Cycling Treg","Naïve CD8 T","ITGB2","CD226",0.210556563078635,3,"ITGB2_CD226","ITGB2 - CD226","ITGB2","Cell-Cell Contact","KEGG: hsa04514","Cycling Treg -> Naïve CD8 T (PBMC_Early)",0.00865760075754184,"Cycling Treg -> Naïve CD8 T","PBMC_Early"
"DC1","Naïve CD8 T","ITGB2","CD226",0.230537621614674,3,"ITGB2_CD226","ITGB2 - CD226","ITGB2","Cell-Cell Contact","KEGG: hsa04514","DC1 -> Naïve CD8 T (PBMC_Early)",0.0130667191028499,"DC1 -> Naïve CD8 T","PBMC_Early"
"DC2","Naïve CD8 T","ITGB2","CD226",0.243976704271234,3,"ITGB2_CD226","ITGB2 - CD226","ITGB2","Cell-Cell Contact","KEGG: hsa04514","DC2 -> Naïve CD8 T (PBMC_Early)",0.0165933713238816,"DC2 -> Naïve CD8 T","PBMC_Early"
"DNQ T","Naïve CD8 T","ITGB2","CD226",0.172758166555581,3,"ITGB2_CD226","ITGB2 - CD226","ITGB2","Cell-Cell Contact","KEGG: hsa04514","DNQ T -> Naïve CD8 T (PBMC_Early)",0.00306276134417918,"DNQ T -> Naïve CD8 T","PBMC_Early"
"DPP T","Naïve CD8 T","ITGB2","CD226",0.203301579197409,3,"ITGB2_CD226","ITGB2 - CD226","ITGB2","Cell-Cell Contact","KEGG: hsa04514","NA",0.00730788815087435,"DPP T -> Naïve CD8 T","PBMC_Early"
"Gamma Delta V1 T","Naïve CD8 T","ITGB2","CD226",0.232582281571233,3,"ITGB2_CD226","ITGB2 - CD226","ITGB2","Cell-Cell Contact","KEGG: hsa04514","Gamma Delta V1 T -> Naïve CD8 T (PBMC_Early)",0.0135746165534679,"Gamma Delta V1 T -> Naïve CD8 T","PBMC_Early"
"Gamma Delta V2 T","Naïve CD8 T","ITGB2","CD226",0.234011685111986,3,"ITGB2_CD226","ITGB2 - CD226","ITGB2","Cell-Cell Contact","KEGG: hsa04514","Gamma Delta V2 T -> Naïve CD8 T (PBMC_Early)",0.0139358463986439,"Gamma Delta V2 T -> Naïve CD8 T","PBMC_Early"
"GNG4 +CD8aa+T","Naïve CD8 T","ITGB2","CD226",0.207160126145908,3,"ITGB2_CD226","ITGB2 - CD226","ITGB2","Cell-Cell Contact","KEGG: hsa04514","GNG4 +CD8aa+T -> Naïve CD8 T (PBMC_Early)",0.00800904479826436,"GNG4 +CD8aa+T -> Naïve CD8 T","PBMC_Early"
"HSC_MPP","Naïve CD8 T","ITGB2","CD226",0.179870353272044,3,"ITGB2_CD226","ITGB2 - CD226","ITGB2","Cell-Cell Contact","KEGG: hsa04514","HSC_MPP -> Naïve CD8 T (PBMC_Early)",0.00385047068646317,"HSC_MPP -> Naïve CD8 T","PBMC_Early"
"ILC2/3","Naïve CD8 T","ITGB2","CD226",0.217321006881175,3,"ITGB2_CD226","ITGB2 - CD226","ITGB2","Cell-Cell Contact","KEGG: hsa04514","ILC2/3 -> Naïve CD8 T (PBMC_Early)",0.0100368899809502,"ILC2/3 -> Naïve CD8 T","PBMC_Early"
"Large pre-B","Naïve CD8 T","ITGB2","CD226",0.135243965792492,3,"ITGB2_CD226","ITGB2 - CD226","ITGB2","Cell-Cell Contact","KEGG: hsa04514","Large pre-B -> Naïve CD8 T (PBMC_Early)",0.000614903490271737,"Large pre-B -> Naïve CD8 T","PBMC_Early"
"Macrophages","Naïve CD8 T","ITGB2","CD226",0.240613467148743,3,"ITGB2_CD226","ITGB2 - CD226","ITGB2","Cell-Cell Contact","KEGG: hsa04514","Macrophages -> Naïve CD8 T (PBMC_Early)",0.015669433898257,"Macrophages -> Naïve CD8 T","PBMC_Early"
"MEMP","Naïve CD8 T","ITGB2","CD226",0.169988992864034,3,"ITGB2_CD226","ITGB2 - CD226","ITGB2","Cell-Cell Contact","KEGG: hsa04514","MEMP -> Naïve CD8 T (PBMC_Early)",0.00278715522597311,"MEMP -> Naïve CD8 T","PBMC_Early"
"MEP","Naïve CD8 T","ITGB2","CD226",0.143997756269284,3,"ITGB2_CD226","ITGB2 - CD226","ITGB2","Cell-Cell Contact","KEGG: hsa04514","MEP -> Naïve CD8 T (PBMC_Early)",0.000963871423138247,"MEP -> Naïve CD8 T","PBMC_Early"
"Myeloid-CD177","Naïve CD8 T","ITGB2","CD226",0.221084909358366,3,"ITGB2_CD226","ITGB2 - CD226","ITGB2","Cell-Cell Contact","KEGG: hsa04514","Myeloid-CD177 -> Naïve CD8 T (PBMC_Early)",0.0108547874112569,"Myeloid-CD177 -> Naïve CD8 T","PBMC_Early"
"Naïve CD4 T","Naïve CD8 T","ITGB2","CD226",0.21086114665063,3,"ITGB2_CD226","ITGB2 - CD226","ITGB2","Cell-Cell Contact","KEGG: hsa04514","Naïve CD4 T -> Naïve CD8 T (PBMC_Early)",0.00871719841961523,"Naïve CD4 T -> Naïve CD8 T","PBMC_Early"
"Naïve CD8 T","Naïve CD8 T","ITGB2","CD226",0.205131340005148,3,"ITGB2_CD226","ITGB2 - CD226","ITGB2","Cell-Cell Contact","KEGG: hsa04514","Naïve CD8 T -> Naïve CD8 T (PBMC_Early)",0.00763566306351162,"Naïve CD8 T -> Naïve CD8 T","PBMC_Early"
"NK T","Naïve CD8 T","ITGB2","CD226",0.234427080246133,3,"ITGB2_CD226","ITGB2 - CD226","ITGB2","Cell-Cell Contact","KEGG: hsa04514","NK T -> Naïve CD8 T (PBMC_Early)",0.0140417704859473,"NK T -> Naïve CD8 T","PBMC_Early"
"Others","Naïve CD8 T","ITGB2","CD226",0.217263210747302,3,"ITGB2_CD226","ITGB2 - CD226","ITGB2","Cell-Cell Contact","KEGG: hsa04514","Others -> Naïve CD8 T (PBMC_Early)",0.0100246115104528,"Others -> Naïve CD8 T","PBMC_Early"
"pDC","Naïve CD8 T","ITGB2","CD226",0.19166749559194,3,"ITGB2_CD226","ITGB2 - CD226","ITGB2","Cell-Cell Contact","KEGG: hsa04514","pDC -> Naïve CD8 T (PBMC_Early)",0.00542157594991397,"pDC -> Naïve CD8 T","PBMC_Early"
"Small pre-B","Naïve CD8 T","ITGB2","CD226",0.123526760822305,3,"ITGB2_CD226","ITGB2 - CD226","ITGB2","Cell-Cell Contact","KEGG: hsa04514","NA",0.000304935029263727,"Small pre-B -> Naïve CD8 T","PBMC_Early"
"Tem","Naïve CD8 T","ITGB2","CD226",0.224197621117731,3,"ITGB2_CD226","ITGB2 - CD226","ITGB2","Cell-Cell Contact","KEGG: hsa04514","Tem -> Naïve CD8 T (PBMC_Early)",0.0115583099174689,"Tem -> Naïve CD8 T","PBMC_Early"
"Th17like_INNATE_T","Naïve CD8 T","ITGB2","CD226",0.23120945343639,3,"ITGB2_CD226","ITGB2 - CD226","ITGB2","Cell-Cell Contact","KEGG: hsa04514","Th17like_INNATE_T -> Naïve CD8 T (PBMC_Early)",0.0132324561355007,"Th17like_INNATE_T -> Naïve CD8 T","PBMC_Early"
"Treg","Naïve CD8 T","ITGB2","CD226",0.215126331128222,3,"ITGB2_CD226","ITGB2 - CD226","ITGB2","Cell-Cell Contact","KEGG: hsa04514","Treg -> Naïve CD8 T (PBMC_Early)",0.0095766116985072,"Treg -> Naïve CD8 T","PBMC_Early"
"abTentry","Naïve CD8 T","ITGB2","ICAM2",0.187103606245437,3,"ITGB2_ICAM2","ITGB2 - ICAM2","ITGB2","Cell-Cell Contact","KEGG: hsa04514","abTentry -> Naïve CD8 T (PBMC_Early)",0.00477370559745824,"abTentry -> Naïve CD8 T","PBMC_Early"
"CD14+PPBP+ Monocytes","Naïve CD8 T","ITGB2","ICAM2",0.246268392131728,3,"ITGB2_ICAM2","ITGB2 - ICAM2","ITGB2","Cell-Cell Contact","KEGG: hsa04514","CD14+PPBP+ Monocytes -> Naïve CD8 T (PBMC_Early)",0.0172384931265177,"CD14+PPBP+ Monocytes -> Naïve CD8 T","PBMC_Early"
"CD56highCD16low NK","Naïve CD8 T","ITGB2","ICAM2",0.239333929544901,3,"ITGB2_ICAM2","ITGB2 - ICAM2","ITGB2","Cell-Cell Contact","KEGG: hsa04514","CD56highCD16low NK -> Naïve CD8 T (PBMC_Early)",0.0153251107277129,"CD56highCD16low NK -> Naïve CD8 T","PBMC_Early"
"Classical Monocytes","Naïve CD8 T","ITGB2","ICAM2",0.263059516088133,3,"ITGB2_ICAM2","ITGB2 - ICAM2","ITGB2","Cell-Cell Contact","KEGG: hsa04514","Classical Monocytes -> Naïve CD8 T (PBMC_Early)",0.0223390029072756,"Classical Monocytes -> Naïve CD8 T","PBMC_Early"
"CX3CR1+ NK","Naïve CD8 T","ITGB2","ICAM2",0.271217853238643,3,"ITGB2_ICAM2","ITGB2 - ICAM2","ITGB2","Cell-Cell Contact","KEGG: hsa04514","CX3CR1+ NK -> Naïve CD8 T (PBMC_Early)",0.0250452043656138,"CX3CR1+ NK -> Naïve CD8 T","PBMC_Early"
"CXCR5+ Naïve B","Naïve CD8 T","ITGB2","ICAM2",0.172908018720116,2,"ITGB2_ICAM2","ITGB2 - ICAM2","ITGB2","Cell-Cell Contact","KEGG: hsa04514","CXCR5+ Naïve B -> Naïve CD8 T (PBMC_Early)",0.00307816459022244,"CXCR5+ Naïve B -> Naïve CD8 T","PBMC_Early"
"CXCR6+ NK","Naïve CD8 T","ITGB2","ICAM2",0.257424823247355,3,"ITGB2_ICAM2","ITGB2 - ICAM2","ITGB2","Cell-Cell Contact","KEGG: hsa04514","CXCR6+ NK -> Naïve CD8 T (PBMC_Early)",0.0205554481266353,"CXCR6+ NK -> Naïve CD8 T","PBMC_Early"
"Cycling Treg","Naïve CD8 T","ITGB2","ICAM2",0.223784465359439,3,"ITGB2_ICAM2","ITGB2 - ICAM2","ITGB2","Cell-Cell Contact","KEGG: hsa04514","Cycling Treg -> Naïve CD8 T (PBMC_Early)",0.0114635204085278,"Cycling Treg -> Naïve CD8 T","PBMC_Early"
"DC1","Naïve CD8 T","ITGB2","ICAM2",0.24640282547262,3,"ITGB2_ICAM2","ITGB2 - ICAM2","ITGB2","Cell-Cell Contact","KEGG: hsa04514","DC1 -> Naïve CD8 T (PBMC_Early)",0.017276725661154,"DC1 -> Naïve CD8 T","PBMC_Early"
"DC2","Naïve CD8 T","ITGB2","ICAM2",0.261738251354057,3,"ITGB2_ICAM2","ITGB2 - ICAM2","ITGB2","Cell-Cell Contact","KEGG: hsa04514","DC2 -> Naïve CD8 T (PBMC_Early)",0.0219144106370817,"DC2 -> Naïve CD8 T","PBMC_Early"
"Gamma Delta V1 T","Naïve CD8 T","ITGB2","ICAM2",0.24872975784456,3,"ITGB2_ICAM2","ITGB2 - ICAM2","ITGB2","Cell-Cell Contact","KEGG: hsa04514","Gamma Delta V1 T -> Naïve CD8 T (PBMC_Early)",0.0179452886936115,"Gamma Delta V1 T -> Naïve CD8 T","PBMC_Early"
"Gamma Delta V2 T","Naïve CD8 T","ITGB2","ICAM2",0.250357837223119,3,"ITGB2_ICAM2","ITGB2 - ICAM2","ITGB2","Cell-Cell Contact","KEGG: hsa04514","Gamma Delta V2 T -> Naïve CD8 T (PBMC_Early)",0.0184206531921393,"Gamma Delta V2 T -> Naïve CD8 T","PBMC_Early"
"GNG4 +CD8aa+T","Naïve CD8 T","ITGB2","ICAM2",0.219962014663525,3,"ITGB2_ICAM2","ITGB2 - ICAM2","ITGB2","Cell-Cell Contact","KEGG: hsa04514","GNG4 +CD8aa+T -> Naïve CD8 T (PBMC_Early)",0.0106070171459284,"GNG4 +CD8aa+T -> Naïve CD8 T","PBMC_Early"
"HSC_MPP","Naïve CD8 T","ITGB2","ICAM2",0.189492459904782,3,"ITGB2_ICAM2","ITGB2 - ICAM2","ITGB2","Cell-Cell Contact","KEGG: hsa04514","HSC_MPP -> Naïve CD8 T (PBMC_Early)",0.00510642956730868,"HSC_MPP -> Naïve CD8 T","PBMC_Early"
"ILC2/3","Naïve CD8 T","ITGB2","ICAM2",0.23141684630318,3,"ITGB2_ICAM2","ITGB2 - ICAM2","ITGB2","Cell-Cell Contact","KEGG: hsa04514","ILC2/3 -> Naïve CD8 T (PBMC_Early)",0.0132838457870559,"ILC2/3 -> Naïve CD8 T","PBMC_Early"
"Macrophages","Naïve CD8 T","ITGB2","ICAM2",0.257891420667427,3,"ITGB2_ICAM2","ITGB2 - ICAM2","ITGB2","Cell-Cell Contact","KEGG: hsa04514","Macrophages -> Naïve CD8 T (PBMC_Early)",0.0207004284456315,"Macrophages -> Naïve CD8 T","PBMC_Early"
"MEMP","Naïve CD8 T","ITGB2","ICAM2",0.17856886003248,3,"ITGB2_ICAM2","ITGB2 - ICAM2","ITGB2","Cell-Cell Contact","KEGG: hsa04514","MEMP -> Naïve CD8 T (PBMC_Early)",0.0036975658635598,"MEMP -> Naïve CD8 T","PBMC_Early"
"Myeloid-CD177","Naïve CD8 T","ITGB2","ICAM2",0.235674806897674,3,"ITGB2_ICAM2","ITGB2 - ICAM2","ITGB2","Cell-Cell Contact","KEGG: hsa04514","Myeloid-CD177 -> Naïve CD8 T (PBMC_Early)",0.014362496095732,"Myeloid-CD177 -> Naïve CD8 T","PBMC_Early"
"Naïve CD4 T","Naïve CD8 T","ITGB2","ICAM2",0.224127573598551,3,"ITGB2_ICAM2","ITGB2 - ICAM2","ITGB2","Cell-Cell Contact","KEGG: hsa04514","Naïve CD4 T -> Naïve CD8 T (PBMC_Early)",0.0115422087215799,"Naïve CD4 T -> Naïve CD8 T","PBMC_Early"
"Naïve CD8 T","Naïve CD8 T","ITGB2","ICAM2",0.217681903924012,3,"ITGB2_ICAM2","ITGB2 - ICAM2","ITGB2","Cell-Cell Contact","KEGG: hsa04514","Naïve CD8 T -> Naïve CD8 T (PBMC_Early)",0.0101137527611147,"Naïve CD8 T -> Naïve CD8 T","PBMC_Early"
"NK T","Naïve CD8 T","ITGB2","ICAM2",0.250831175396453,3,"ITGB2_ICAM2","ITGB2 - ICAM2","ITGB2","Cell-Cell Contact","KEGG: hsa04514","NK T -> Naïve CD8 T (PBMC_Early)",0.0185600239408918,"NK T -> Naïve CD8 T","PBMC_Early"
"Others","Naïve CD8 T","ITGB2","ICAM2",0.231351525378623,3,"ITGB2_ICAM2","ITGB2 - ICAM2","ITGB2","Cell-Cell Contact","KEGG: hsa04514","Others -> Naïve CD8 T (PBMC_Early)",0.0132676484394632,"Others -> Naïve CD8 T","PBMC_Early"
"pDC","Naïve CD8 T","ITGB2","ICAM2",0.202610514559908,3,"ITGB2_ICAM2","ITGB2 - ICAM2","ITGB2","Cell-Cell Contact","KEGG: hsa04514","pDC -> Naïve CD8 T (PBMC_Early)",0.00718630599758789,"pDC -> Naïve CD8 T","PBMC_Early"
"Tem","Naïve CD8 T","ITGB2","ICAM2",0.239202043868166,3,"ITGB2_ICAM2","ITGB2 - ICAM2","ITGB2","Cell-Cell Contact","KEGG: hsa04514","Tem -> Naïve CD8 T (PBMC_Early)",0.0152898466973603,"Tem -> Naïve CD8 T","PBMC_Early"
"Th17like_INNATE_T","Naïve CD8 T","ITGB2","ICAM2",0.24716715624168,3,"ITGB2_ICAM2","ITGB2 - ICAM2","ITGB2","Cell-Cell Contact","KEGG: hsa04514","Th17like_INNATE_T -> Naïve CD8 T (PBMC_Early)",0.0174949154344428,"Th17like_INNATE_T -> Naïve CD8 T","PBMC_Early"
"Treg","Naïve CD8 T","ITGB2","ICAM2",0.228937748782155,3,"ITGB2_ICAM2","ITGB2 - ICAM2","ITGB2","Cell-Cell Contact","KEGG: hsa04514","Treg -> Naïve CD8 T (PBMC_Early)",0.0126765731681047,"Treg -> Naïve CD8 T","PBMC_Early"
"abTentry","NK T","ITGB2","ICAM2",0.199600712635355,3,"ITGB2_ICAM2","ITGB2 - ICAM2","ITGB2","Cell-Cell Contact","KEGG: hsa04514","abTentry -> NK T (PBMC_Early)",0.00667088894526852,"abTentry -> NK T","PBMC_Early"
"CD14+PPBP+ Monocytes","NK T","ITGB2","ICAM2",0.268028582764452,3,"ITGB2_ICAM2","ITGB2 - ICAM2","ITGB2","Cell-Cell Contact","KEGG: hsa04514","CD14+PPBP+ Monocytes -> NK T (PBMC_Early)",0.0239701644380119,"CD14+PPBP+ Monocytes -> NK T","PBMC_Early"
"CD56highCD16low NK","NK T","ITGB2","ICAM2",0.259886272389178,3,"ITGB2_ICAM2","ITGB2 - ICAM2","ITGB2","Cell-Cell Contact","KEGG: hsa04514","CD56highCD16low NK -> NK T (PBMC_Early)",0.0213258155290921,"CD56highCD16low NK -> NK T","PBMC_Early"
"Classical Monocytes","NK T","ITGB2","ICAM2",0.287870790519093,3,"ITGB2_ICAM2","ITGB2 - ICAM2","ITGB2","Cell-Cell Contact","KEGG: hsa04514","Classical Monocytes -> NK T (PBMC_Early)",0.03099960820256,"Classical Monocytes -> NK T","PBMC_Early"
"CX3CR1+ NK","NK T","ITGB2","ICAM2",0.297574316628828,3,"ITGB2_ICAM2","ITGB2 - ICAM2","ITGB2","Cell-Cell Contact","KEGG: hsa04514","CX3CR1+ NK -> NK T (PBMC_Early)",0.0347177196060101,"CX3CR1+ NK -> NK T","PBMC_Early"
"CXCR5- Naïve B","NK T","ITGB2","ICAM2",0.179863159776297,2,"ITGB2_ICAM2","ITGB2 - ICAM2","ITGB2","Cell-Cell Contact","KEGG: hsa04514","CXCR5- Naïve B -> NK T (PBMC_Early)",0.00384961462741014,"CXCR5- Naïve B -> NK T","PBMC_Early"
"CXCR5+ Naïve B","NK T","ITGB2","ICAM2",0.18354975030687,3,"ITGB2_ICAM2","ITGB2 - ICAM2","ITGB2","Cell-Cell Contact","KEGG: hsa04514","CXCR5+ Naïve B -> NK T (PBMC_Early)",0.00430441433099247,"CXCR5+ Naïve B -> NK T","PBMC_Early"
"CXCR6+ NK","NK T","ITGB2","ICAM2",0.281192601365436,3,"ITGB2_ICAM2","ITGB2 - ICAM2","ITGB2","Cell-Cell Contact","KEGG: hsa04514","CXCR6+ NK -> NK T (PBMC_Early)",0.028544776030223,"CXCR6+ NK -> NK T","PBMC_Early"
"Cycling Treg","NK T","ITGB2","ICAM2",0.24174308151117,3,"ITGB2_ICAM2","ITGB2 - ICAM2","ITGB2","Cell-Cell Contact","KEGG: hsa04514","Cycling Treg -> NK T (PBMC_Early)",0.0159767132792761,"Cycling Treg -> NK T","PBMC_Early"
"DC1","NK T","ITGB2","ICAM2",0.268186737681602,3,"ITGB2_ICAM2","ITGB2 - ICAM2","ITGB2","Cell-Cell Contact","KEGG: hsa04514","DC1 -> NK T (PBMC_Early)",0.0240229619141114,"DC1 -> NK T","PBMC_Early"
"DC2","NK T","ITGB2","ICAM2",0.286303084588852,3,"ITGB2_ICAM2","ITGB2 - ICAM2","ITGB2","Cell-Cell Contact","KEGG: hsa04514","DC2 -> NK T (PBMC_Early)",0.0304155269112966,"DC2 -> NK T","PBMC_Early"
"Gamma Delta V1 T","NK T","ITGB2","ICAM2",0.270926100257964,3,"ITGB2_ICAM2","ITGB2 - ICAM2","ITGB2","Cell-Cell Contact","KEGG: hsa04514","Gamma Delta V1 T -> NK T (PBMC_Early)",0.0249459593140121,"Gamma Delta V1 T -> NK T","PBMC_Early"
"Gamma Delta V2 T","NK T","ITGB2","ICAM2",0.272844792557066,3,"ITGB2_ICAM2","ITGB2 - ICAM2","ITGB2","Cell-Cell Contact","KEGG: hsa04514","Gamma Delta V2 T -> NK T (PBMC_Early)",0.0256019346425515,"Gamma Delta V2 T -> NK T","PBMC_Early"
"GNG4 +CD8aa+T","NK T","ITGB2","ICAM2",0.237307831457726,3,"ITGB2_ICAM2","ITGB2 - ICAM2","ITGB2","Cell-Cell Contact","KEGG: hsa04514","GNG4 +CD8aa+T -> NK T (PBMC_Early)",0.0147880487585211,"GNG4 +CD8aa+T -> NK T","PBMC_Early"
"HSC_MPP","NK T","ITGB2","ICAM2",0.202316220343404,3,"ITGB2_ICAM2","ITGB2 - ICAM2","ITGB2","Cell-Cell Contact","KEGG: hsa04514","HSC_MPP -> NK T (PBMC_Early)",0.00713489728911526,"HSC_MPP -> NK T","PBMC_Early"
"ILC2/3","NK T","ITGB2","ICAM2",0.250628519405055,3,"ITGB2_ICAM2","ITGB2 - ICAM2","ITGB2","Cell-Cell Contact","KEGG: hsa04514","ILC2/3 -> NK T (PBMC_Early)",0.0185002893133282,"ILC2/3 -> NK T","PBMC_Early"
"Macrophages","NK T","ITGB2","ICAM2",0.281744863627326,3,"ITGB2_ICAM2","ITGB2 - ICAM2","ITGB2","Cell-Cell Contact","KEGG: hsa04514","Macrophages -> NK T (PBMC_Early)",0.0287444524078496,"Macrophages -> NK T","PBMC_Early"
"MEMP","NK T","ITGB2","ICAM2",0.189932785349229,3,"ITGB2_ICAM2","ITGB2 - ICAM2","ITGB2","Cell-Cell Contact","KEGG: hsa04514","MEMP -> NK T (PBMC_Early)",0.00516928728780218,"MEMP -> NK T","PBMC_Early"
"Myeloid-CD177","NK T","ITGB2","ICAM2",0.255602394369565,3,"ITGB2_ICAM2","ITGB2 - ICAM2","ITGB2","Cell-Cell Contact","KEGG: hsa04514","Myeloid-CD177 -> NK T (PBMC_Early)",0.0199939326687571,"Myeloid-CD177 -> NK T","PBMC_Early"
"Naïve CD4 T","NK T","ITGB2","ICAM2",0.242141679776972,3,"ITGB2_ICAM2","ITGB2 - ICAM2","ITGB2","Cell-Cell Contact","KEGG: hsa04514","Naïve CD4 T -> NK T (PBMC_Early)",0.0160858771014034,"Naïve CD4 T -> NK T","PBMC_Early"
"Naïve CD8 T","NK T","ITGB2","ICAM2",0.234666920671718,3,"ITGB2_ICAM2","ITGB2 - ICAM2","ITGB2","Cell-Cell Contact","KEGG: hsa04514","Naïve CD8 T -> NK T (PBMC_Early)",0.0141031229002408,"Naïve CD8 T -> NK T","PBMC_Early"
"NK T","NK T","ITGB2","ICAM2",0.273402937080582,3,"ITGB2_ICAM2","ITGB2 - ICAM2","ITGB2","Cell-Cell Contact","KEGG: hsa04514","NK T -> NK T (PBMC_Early)",0.0257942112070768,"NK T -> NK T","PBMC_Early"
"Others","NK T","ITGB2","ICAM2",0.25055230918409,3,"ITGB2_ICAM2","ITGB2 - ICAM2","ITGB2","Cell-Cell Contact","KEGG: hsa04514","Others -> NK T (PBMC_Early)",0.0184778505284934,"Others -> NK T","PBMC_Early"
"pDC","NK T","ITGB2","ICAM2",0.217301044091776,3,"ITGB2_ICAM2","ITGB2 - ICAM2","ITGB2","Cell-Cell Contact","KEGG: hsa04514","pDC -> NK T (PBMC_Early)",0.0100326480355235,"pDC -> NK T","PBMC_Early"
"Tem","NK T","ITGB2","ICAM2",0.259731716657151,3,"ITGB2_ICAM2","ITGB2 - ICAM2","ITGB2","Cell-Cell Contact","KEGG: hsa04514","Tem -> NK T (PBMC_Early)",0.0212770418705403,"Tem -> NK T","PBMC_Early"
"Th17like_INNATE_T","NK T","ITGB2","ICAM2",0.269086158897607,3,"ITGB2_ICAM2","ITGB2 - ICAM2","ITGB2","Cell-Cell Contact","KEGG: hsa04514","Th17like_INNATE_T -> NK T (PBMC_Early)",0.0243242418530644,"Th17like_INNATE_T -> NK T","PBMC_Early"
"Treg","NK T","ITGB2","ICAM2",0.247738136238285,3,"ITGB2_ICAM2","ITGB2 - ICAM2","ITGB2","Cell-Cell Contact","KEGG: hsa04514","Treg -> NK T (PBMC_Early)",0.0176588141431083,"Treg -> NK T","PBMC_Early"
"CD14+PPBP+ Monocytes","Naïve CD8 T","ITGB2","ICAM2",0.241530919396815,3,"ITGB2_ICAM2","ITGB2 - ICAM2","ITGB2","Cell-Cell Contact","KEGG: hsa04514","CD14+PPBP+ Monocytes -> Naïve CD8 T (PBMC_Late)",0.0159187651135588,"CD14+PPBP+ Monocytes -> Naïve CD8 T","PBMC_Late"
"Classical Monocytes","Naïve CD8 T","ITGB2","ICAM2",0.246439819071845,3,"ITGB2_ICAM2","ITGB2 - ICAM2","ITGB2","Cell-Cell Contact","KEGG: hsa04514","Classical Monocytes -> Naïve CD8 T (PBMC_Late)",0.0172872540945832,"Classical Monocytes -> Naïve CD8 T","PBMC_Late"
"CX3CR1+ NK","Naïve CD8 T","ITGB2","ICAM2",0.253752681857125,3,"ITGB2_ICAM2","ITGB2 - ICAM2","ITGB2","Cell-Cell Contact","KEGG: hsa04514","CX3CR1+ NK -> Naïve CD8 T (PBMC_Late)",0.0194317869905508,"CX3CR1+ NK -> Naïve CD8 T","PBMC_Late"
"CXCR6+ NK","Naïve CD8 T","ITGB2","ICAM2",0.244130785638957,3,"ITGB2_ICAM2","ITGB2 - ICAM2","ITGB2","Cell-Cell Contact","KEGG: hsa04514","CXCR6+ NK -> Naïve CD8 T (PBMC_Late)",0.0166363522437916,"CXCR6+ NK -> Naïve CD8 T","PBMC_Late"
"DC1","Naïve CD8 T","ITGB2","ICAM2",0.22893330222981,3,"ITGB2_ICAM2","ITGB2 - ICAM2","ITGB2","Cell-Cell Contact","KEGG: hsa04514","DC1 -> Naïve CD8 T (PBMC_Late)",0.0126754977422496,"DC1 -> Naïve CD8 T","PBMC_Late"
"DC2","Naïve CD8 T","ITGB2","ICAM2",0.244064698892299,3,"ITGB2_ICAM2","ITGB2 - ICAM2","ITGB2","Cell-Cell Contact","KEGG: hsa04514","DC2 -> Naïve CD8 T (PBMC_Late)",0.0166179104085308,"DC2 -> Naïve CD8 T","PBMC_Late"
"Gamma Delta V1 T","Naïve CD8 T","ITGB2","ICAM2",0.22037771263988,3,"ITGB2_ICAM2","ITGB2 - ICAM2","ITGB2","Cell-Cell Contact","KEGG: hsa04514","Gamma Delta V1 T -> Naïve CD8 T (PBMC_Late)",0.0106983694091952,"Gamma Delta V1 T -> Naïve CD8 T","PBMC_Late"
"Gamma Delta V2 T","Naïve CD8 T","ITGB2","ICAM2",0.233670891201673,3,"ITGB2_ICAM2","ITGB2 - ICAM2","ITGB2","Cell-Cell Contact","KEGG: hsa04514","Gamma Delta V2 T -> Naïve CD8 T (PBMC_Late)",0.0138492638451841,"Gamma Delta V2 T -> Naïve CD8 T","PBMC_Late"
"ILC2/3","Naïve CD8 T","ITGB2","ICAM2",0.213105508956212,3,"ITGB2_ICAM2","ITGB2 - ICAM2","ITGB2","Cell-Cell Contact","KEGG: hsa04514","ILC2/3 -> Naïve CD8 T (PBMC_Late)",0.00916364495695418,"ILC2/3 -> Naïve CD8 T","PBMC_Late"
"Naïve CD4 T","Naïve CD8 T","ITGB2","ICAM2",0.206319359160703,2,"ITGB2_ICAM2","ITGB2 - ICAM2","ITGB2","Cell-Cell Contact","KEGG: hsa04514","Naïve CD4 T -> Naïve CD8 T (PBMC_Late)",0.00785303722037698,"Naïve CD4 T -> Naïve CD8 T","PBMC_Late"
"NK T","Naïve CD8 T","ITGB2","ICAM2",0.23666450366671,3,"ITGB2_ICAM2","ITGB2 - ICAM2","ITGB2","Cell-Cell Contact","KEGG: hsa04514","NK T -> Naïve CD8 T (PBMC_Late)",0.0146196212634905,"NK T -> Naïve CD8 T","PBMC_Late"
"Others","Naïve CD8 T","ITGB2","ICAM2",0.239838239189639,3,"ITGB2_ICAM2","ITGB2 - ICAM2","ITGB2","Cell-Cell Contact","KEGG: hsa04514","Others -> Naïve CD8 T (PBMC_Late)",0.0154603451891962,"Others -> Naïve CD8 T","PBMC_Late"
"Tem","Naïve CD8 T","ITGB2","ICAM2",0.226903606463706,3,"ITGB2_ICAM2","ITGB2 - ICAM2","ITGB2","Cell-Cell Contact","KEGG: hsa04514","Tem -> Naïve CD8 T (PBMC_Late)",0.0121897748699766,"Tem -> Naïve CD8 T","PBMC_Late"
"Th17like_INNATE_T","Naïve CD8 T","ITGB2","ICAM2",0.216271172347247,3,"ITGB2_ICAM2","ITGB2 - ICAM2","ITGB2","Cell-Cell Contact","KEGG: hsa04514","Th17like_INNATE_T -> Naïve CD8 T (PBMC_Late)",0.00981518352777771,"Th17like_INNATE_T -> Naïve CD8 T","PBMC_Late"
"Treg","Naïve CD8 T","ITGB2","ICAM2",0.207367680715517,2,"ITGB2_ICAM2","ITGB2 - ICAM2","ITGB2","Cell-Cell Contact","KEGG: hsa04514","Treg -> Naïve CD8 T (PBMC_Late)",0.00804783440368823,"Treg -> Naïve CD8 T","PBMC_Late"
"CD14+PPBP+ Monocytes","NK T","ITGB2","ICAM2",0.260147572830311,3,"ITGB2_ICAM2","ITGB2 - ICAM2","ITGB2","Cell-Cell Contact","KEGG: hsa04514","CD14+PPBP+ Monocytes -> NK T (PBMC_Late)",0.0214083969199519,"CD14+PPBP+ Monocytes -> NK T","PBMC_Late"
"Classical Monocytes","NK T","ITGB2","ICAM2",0.265817423405942,3,"ITGB2_ICAM2","ITGB2 - ICAM2","ITGB2","Cell-Cell Contact","KEGG: hsa04514","Classical Monocytes -> NK T (PBMC_Late)",0.0232376693624067,"Classical Monocytes -> NK T","PBMC_Late"
"CX3CR1+ NK","NK T","ITGB2","ICAM2",0.274288918020168,3,"ITGB2_ICAM2","ITGB2 - ICAM2","ITGB2","Cell-Cell Contact","KEGG: hsa04514","CX3CR1+ NK -> NK T (PBMC_Late)",0.0261007625274339,"CX3CR1+ NK -> NK T","PBMC_Late"
"CXCR6+ NK","NK T","ITGB2","ICAM2",0.263148760581696,3,"ITGB2_ICAM2","ITGB2 - ICAM2","ITGB2","Cell-Cell Contact","KEGG: hsa04514","CXCR6+ NK -> NK T (PBMC_Late)",0.022367821306165,"CXCR6+ NK -> NK T","PBMC_Late"
"DC1","NK T","ITGB2","ICAM2",0.245660248555887,3,"ITGB2_ICAM2","ITGB2 - ICAM2","ITGB2","Cell-Cell Contact","KEGG: hsa04514","DC1 -> NK T (PBMC_Late)",0.0170660758124325,"DC1 -> NK T","PBMC_Late"
"DC2","NK T","ITGB2","ICAM2",0.26307242513444,3,"ITGB2_ICAM2","ITGB2 - ICAM2","ITGB2","Cell-Cell Contact","KEGG: hsa04514","DC2 -> NK T (PBMC_Late)",0.0223431703448657,"DC2 -> NK T","PBMC_Late"
"Gamma Delta V1 T","NK T","ITGB2","ICAM2",0.23587418721762,3,"ITGB2_ICAM2","ITGB2 - ICAM2","ITGB2","Cell-Cell Contact","KEGG: hsa04514","Gamma Delta V1 T -> NK T (PBMC_Late)",0.0144141017987841,"Gamma Delta V1 T -> NK T","PBMC_Late"
"Gamma Delta V2 T","NK T","ITGB2","ICAM2",0.25109773001835,3,"ITGB2_ICAM2","ITGB2 - ICAM2","ITGB2","Cell-Cell Contact","KEGG: hsa04514","Gamma Delta V2 T -> NK T (PBMC_Late)",0.0186387393533048,"Gamma Delta V2 T -> NK T","PBMC_Late"
"ILC2/3","NK T","ITGB2","ICAM2",0.227590493711669,3,"ITGB2_ICAM2","ITGB2 - ICAM2","ITGB2","Cell-Cell Contact","KEGG: hsa04514","ILC2/3 -> NK T (PBMC_Late)",0.0123529962841827,"ILC2/3 -> NK T","PBMC_Late"
"Naïve CD4 T","NK T","ITGB2","ICAM2",0.219889448580705,3,"ITGB2_ICAM2","ITGB2 - ICAM2","ITGB2","Cell-Cell Contact","KEGG: hsa04514","Naïve CD4 T -> NK T (PBMC_Late)",0.0105911152420444,"Naïve CD4 T -> NK T","PBMC_Late"
"NK T","NK T","ITGB2","ICAM2",0.254540315100209,3,"ITGB2_ICAM2","ITGB2 - ICAM2","ITGB2","Cell-Cell Contact","KEGG: hsa04514","NK T -> NK T (PBMC_Late)",0.0196701946530888,"NK T -> NK T","PBMC_Late"
"Others","NK T","ITGB2","ICAM2",0.258195670518112,3,"ITGB2_ICAM2","ITGB2 - ICAM2","ITGB2","Cell-Cell Contact","KEGG: hsa04514","Others -> NK T (PBMC_Late)",0.020795230213196,"Others -> NK T","PBMC_Late"
"Tem","NK T","ITGB2","ICAM2",0.243334722541211,3,"ITGB2_ICAM2","ITGB2 - ICAM2","ITGB2","Cell-Cell Contact","KEGG: hsa04514","Tem -> NK T (PBMC_Late)",0.0164149039519221,"Tem -> NK T","PBMC_Late"
"Th17like_INNATE_T","NK T","ITGB2","ICAM2",0.231192546420564,3,"ITGB2_ICAM2","ITGB2 - ICAM2","ITGB2","Cell-Cell Contact","KEGG: hsa04514","Th17like_INNATE_T -> NK T (PBMC_Late)",0.013228271483701,"Th17like_INNATE_T -> NK T","PBMC_Late"
"Treg","NK T","ITGB2","ICAM2",0.221077258424562,3,"ITGB2_ICAM2","ITGB2 - ICAM2","ITGB2","Cell-Cell Contact","KEGG: hsa04514","Treg -> NK T (PBMC_Late)",0.0108530883908078,"Treg -> NK T","PBMC_Late"
"CD14+PPBP+ Monocytes","Naïve CD8 T","F11R","ITGAL_ITGB2",0.189915820564927,3,"JAM1_ITGAL_ITGB2","JAM1 - (ITGAL+ITGB2)","JAM","Cell-Cell Contact","PMID: 11812992","CD14+PPBP+ Monocytes -> Naïve CD8 T (PBMC_Early)",0.0051668566748567,"CD14+PPBP+ Monocytes -> Naïve CD8 T","PBMC_Early"
"Cycling Treg","Naïve CD8 T","F11R","ITGAL_ITGB2",0.19330048527255,3,"JAM1_ITGAL_ITGB2","JAM1 - (ITGAL+ITGB2)","JAM","Cell-Cell Contact","PMID: 11812992","Cycling Treg -> Naïve CD8 T (PBMC_Early)",0.00566588170969316,"Cycling Treg -> Naïve CD8 T","PBMC_Early"
"DC1","Naïve CD8 T","F11R","ITGAL_ITGB2",0.188233904732523,3,"JAM1_ITGAL_ITGB2","JAM1 - (ITGAL+ITGB2)","JAM","Cell-Cell Contact","PMID: 11812992","DC1 -> Naïve CD8 T (PBMC_Early)",0.00492939403424563,"DC1 -> Naïve CD8 T","PBMC_Early"
"DC2","Naïve CD8 T","F11R","ITGAL_ITGB2",0.165627738970988,3,"JAM1_ITGAL_ITGB2","JAM1 - (ITGAL+ITGB2)","JAM","Cell-Cell Contact","PMID: 11812992","DC2 -> Naïve CD8 T (PBMC_Early)",0.00238719557029589,"DC2 -> Naïve CD8 T","PBMC_Early"
"DNQ T","Naïve CD8 T","F11R","ITGAL_ITGB2",0.176236104901415,3,"JAM1_ITGAL_ITGB2","JAM1 - (ITGAL+ITGB2)","JAM","Cell-Cell Contact","PMID: 11812992","DNQ T -> Naïve CD8 T (PBMC_Early)",0.00343339330485899,"DNQ T -> Naïve CD8 T","PBMC_Early"
"DPP T","Naïve CD8 T","F11R","ITGAL_ITGB2",0.205601821051627,3,"JAM1_ITGAL_ITGB2","JAM1 - (ITGAL+ITGB2)","JAM","Cell-Cell Contact","PMID: 11812992","NA",0.00772131841856685,"DPP T -> Naïve CD8 T","PBMC_Early"
"HSC_MPP","Naïve CD8 T","F11R","ITGAL_ITGB2",0.162027216649219,3,"JAM1_ITGAL_ITGB2","JAM1 - (ITGAL+ITGB2)","JAM","Cell-Cell Contact","PMID: 11812992","HSC_MPP -> Naïve CD8 T (PBMC_Early)",0.00208746969523094,"HSC_MPP -> Naïve CD8 T","PBMC_Early"
"Megakaryocytes","Naïve CD8 T","F11R","ITGAL_ITGB2",0.200492667707135,3,"JAM1_ITGAL_ITGB2","JAM1 - (ITGAL+ITGB2)","JAM","Cell-Cell Contact","PMID: 11812992","Megakaryocytes -> Naïve CD8 T (PBMC_Early)",0.00682124295033043,"Megakaryocytes -> Naïve CD8 T","PBMC_Early"
"MEMP","Naïve CD8 T","F11R","ITGAL_ITGB2",0.156458370457926,3,"JAM1_ITGAL_ITGB2","JAM1 - (ITGAL+ITGB2)","JAM","Cell-Cell Contact","PMID: 11812992","MEMP -> Naïve CD8 T (PBMC_Early)",0.00167578006323807,"MEMP -> Naïve CD8 T","PBMC_Early"
"MEP","Naïve CD8 T","F11R","ITGAL_ITGB2",0.173966883279015,3,"JAM1_ITGAL_ITGB2","JAM1 - (ITGAL+ITGB2)","JAM","Cell-Cell Contact","PMID: 11812992","MEP -> Naïve CD8 T (PBMC_Early)",0.00318844968496559,"MEP -> Naïve CD8 T","PBMC_Early"
"Small pre-B","Naïve CD8 T","F11R","ITGAL_ITGB2",0.208183334307504,3,"JAM1_ITGAL_ITGB2","JAM1 - (ITGAL+ITGB2)","JAM","Cell-Cell Contact","PMID: 11812992","NA",0.00820133389650658,"Small pre-B -> Naïve CD8 T","PBMC_Early"
"CD14+PPBP+ Monocytes","NK T","F11R","ITGAL_ITGB2",0.208957809083328,3,"JAM1_ITGAL_ITGB2","JAM1 - (ITGAL+ITGB2)","JAM","Cell-Cell Contact","PMID: 11812992","CD14+PPBP+ Monocytes -> NK T (PBMC_Early)",0.00834865294245522,"CD14+PPBP+ Monocytes -> NK T","PBMC_Early"
"Cycling Treg","NK T","F11R","ITGAL_ITGB2",0.213048545210758,3,"JAM1_ITGAL_ITGB2","JAM1 - (ITGAL+ITGB2)","JAM","Cell-Cell Contact","PMID: 11812992","Cycling Treg -> NK T (PBMC_Early)",0.00915215492796007,"Cycling Treg -> NK T","PBMC_Early"
"DC1","NK T","F11R","ITGAL_ITGB2",0.206929809512875,3,"JAM1_ITGAL_ITGB2","JAM1 - (ITGAL+ITGB2)","JAM","Cell-Cell Contact","PMID: 11812992","DC1 -> NK T (PBMC_Early)",0.00796612964704872,"DC1 -> NK T","PBMC_Early"
"DC2","NK T","F11R","ITGAL_ITGB2",0.179983067910295,3,"JAM1_ITGAL_ITGB2","JAM1 - (ITGAL+ITGB2)","JAM","Cell-Cell Contact","PMID: 11812992","DC2 -> NK T (PBMC_Early)",0.00386390016538822,"DC2 -> NK T","PBMC_Early"
"DNQ T","NK T","F11R","ITGAL_ITGB2",0.192555907556772,3,"JAM1_ITGAL_ITGB2","JAM1 - (ITGAL+ITGB2)","JAM","Cell-Cell Contact","PMID: 11812992","DNQ T -> NK T (PBMC_Early)",0.00555366665129812,"DNQ T -> NK T","PBMC_Early"
"DPP T","NK T","F11R","ITGAL_ITGB2",0.228023419751383,3,"JAM1_ITGAL_ITGB2","JAM1 - (ITGAL+ITGB2)","JAM","Cell-Cell Contact","PMID: 11812992","NA",0.0124564783738117,"DPP T -> NK T","PBMC_Early"
"HSC_MPP","NK T","F11R","ITGAL_ITGB2",0.175745103796551,3,"JAM1_ITGAL_ITGB2","JAM1 - (ITGAL+ITGB2)","JAM","Cell-Cell Contact","PMID: 11812992","HSC_MPP -> NK T (PBMC_Early)",0.00337939376316965,"HSC_MPP -> NK T","PBMC_Early"
"Megakaryocytes","NK T","F11R","ITGAL_ITGB2",0.2217835130071,3,"JAM1_ITGAL_ITGB2","JAM1 - (ITGAL+ITGB2)","JAM","Cell-Cell Contact","PMID: 11812992","Megakaryocytes -> NK T (PBMC_Early)",0.0110105493411921,"Megakaryocytes -> NK T","PBMC_Early"
"MEMP","NK T","F11R","ITGAL_ITGB2",0.169219698885511,3,"JAM1_ITGAL_ITGB2","JAM1 - (ITGAL+ITGB2)","JAM","Cell-Cell Contact","PMID: 11812992","MEMP -> NK T (PBMC_Early)",0.00271360442536535,"MEMP -> NK T","PBMC_Early"
"MEP","NK T","F11R","ITGAL_ITGB2",0.189855656031322,3,"JAM1_ITGAL_ITGB2","JAM1 - (ITGAL+ITGB2)","JAM","Cell-Cell Contact","PMID: 11812992","MEP -> NK T (PBMC_Early)",0.00515824237469655,"MEP -> NK T","PBMC_Early"
"Small pre-B","NK T","F11R","ITGAL_ITGB2",0.23118717925159,3,"JAM1_ITGAL_ITGB2","JAM1 - (ITGAL+ITGB2)","JAM","Cell-Cell Contact","PMID: 11812992","NA",0.013226943205675,"Small pre-B -> NK T","PBMC_Early"
"CD14+PPBP+ Monocytes","NK T","F11R","ITGAL_ITGB2",0.194730239991263,3,"JAM1_ITGAL_ITGB2","JAM1 - (ITGAL+ITGB2)","JAM","Cell-Cell Contact","PMID: 11812992","CD14+PPBP+ Monocytes -> NK T (PBMC_Late)",0.00588523129706262,"CD14+PPBP+ Monocytes -> NK T","PBMC_Late"
"DC1","NK T","F11R","ITGAL_ITGB2",0.186167213244679,3,"JAM1_ITGAL_ITGB2","JAM1 - (ITGAL+ITGB2)","JAM","Cell-Cell Contact","PMID: 11812992","DC1 -> NK T (PBMC_Late)",0.00464708510191227,"DC1 -> NK T","PBMC_Late"
"HSC_MPP","NK T","F11R","ITGAL_ITGB2",0.170450710488229,3,"JAM1_ITGAL_ITGB2","JAM1 - (ITGAL+ITGB2)","JAM","Cell-Cell Contact","PMID: 11812992","HSC_MPP -> NK T (PBMC_Late)",0.00283192479014697,"HSC_MPP -> NK T","PBMC_Late"
"Large pre-B","NK T","F11R","ITGAL_ITGB2",0.160518676078226,3,"JAM1_ITGAL_ITGB2","JAM1 - (ITGAL+ITGB2)","JAM","Cell-Cell Contact","PMID: 11812992","Large pre-B -> NK T (PBMC_Late)",0.0019698366009214,"Large pre-B -> NK T","PBMC_Late"
"Macrophages","NK T","F11R","ITGAL_ITGB2",0.215740528854112,3,"JAM1_ITGAL_ITGB2","JAM1 - (ITGAL+ITGB2)","JAM","Cell-Cell Contact","PMID: 11812992","Macrophages -> NK T (PBMC_Late)",0.00970418847195973,"Macrophages -> NK T","PBMC_Late"
"Megakaryocytes","NK T","F11R","ITGAL_ITGB2",0.208655785798497,3,"JAM1_ITGAL_ITGB2","JAM1 - (ITGAL+ITGB2)","JAM","Cell-Cell Contact","PMID: 11812992","Megakaryocytes -> NK T (PBMC_Late)",0.00829102083984298,"Megakaryocytes -> NK T","PBMC_Late"
"MEMP","NK T","F11R","ITGAL_ITGB2",0.154959724667509,3,"JAM1_ITGAL_ITGB2","JAM1 - (ITGAL+ITGB2)","JAM","Cell-Cell Contact","PMID: 11812992","MEMP -> NK T (PBMC_Late)",0.00157533121819727,"MEMP -> NK T","PBMC_Late"
"MEP","NK T","F11R","ITGAL_ITGB2",0.151925870634198,3,"JAM1_ITGAL_ITGB2","JAM1 - (ITGAL+ITGB2)","JAM","Cell-Cell Contact","PMID: 11812992","MEP -> NK T (PBMC_Late)",0.00138485831831523,"MEP -> NK T","PBMC_Late"
"abTentry","Naïve CD8 T","LCK","CD8 receptor",0.29631198583919,3,"LCK_CD8A_CD8B1","LCK - (CD8A+CD8B1)","LCK","Cell-Cell Contact","PMID: 25427562","abTentry -> Naïve CD8 T (PBMC_Early)",0.0342242337807954,"abTentry -> Naïve CD8 T","PBMC_Early"
"CX3CR1+ NK","Naïve CD8 T","LCK","CD8 receptor",0.425677827744571,3,"LCK_CD8A_CD8B1","LCK - (CD8A+CD8B1)","LCK","Cell-Cell Contact","PMID: 25427562","CX3CR1+ NK -> Naïve CD8 T (PBMC_Early)",0.0954460156487388,"CX3CR1+ NK -> Naïve CD8 T","PBMC_Early"
"CXCR6+ NK","Naïve CD8 T","LCK","CD8 receptor",0.420122583384017,3,"LCK_CD8A_CD8B1","LCK - (CD8A+CD8B1)","LCK","Cell-Cell Contact","PMID: 25427562","CXCR6+ NK -> Naïve CD8 T (PBMC_Early)",0.0925267333923123,"CXCR6+ NK -> Naïve CD8 T","PBMC_Early"
"Cycling Treg","Naïve CD8 T","LCK","CD8 receptor",0.375698777671549,3,"LCK_CD8A_CD8B1","LCK - (CD8A+CD8B1)","LCK","Cell-Cell Contact","PMID: 25427562","Cycling Treg -> Naïve CD8 T (PBMC_Early)",0.0698289343265135,"Cycling Treg -> Naïve CD8 T","PBMC_Early"
"DNQ T","Naïve CD8 T","LCK","CD8 receptor",0.370481827051314,3,"LCK_CD8A_CD8B1","LCK - (CD8A+CD8B1)","LCK","Cell-Cell Contact","PMID: 25427562","DNQ T -> Naïve CD8 T (PBMC_Early)",0.0672601242585109,"DNQ T -> Naïve CD8 T","PBMC_Early"
"DPP T","Naïve CD8 T","LCK","CD8 receptor",0.340940412396963,3,"LCK_CD8A_CD8B1","LCK - (CD8A+CD8B1)","LCK","Cell-Cell Contact","PMID: 25427562","NA",0.0532336877801186,"DPP T -> Naïve CD8 T","PBMC_Early"
"Gamma Delta V1 T","Naïve CD8 T","LCK","CD8 receptor",0.502151508378157,3,"LCK_CD8A_CD8B1","LCK - (CD8A+CD8B1)","LCK","Cell-Cell Contact","PMID: 25427562","Gamma Delta V1 T -> Naïve CD8 T (PBMC_Early)",0.13649997606193,"Gamma Delta V1 T -> Naïve CD8 T","PBMC_Early"
"Gamma Delta V2 T","Naïve CD8 T","LCK","CD8 receptor",0.473043366267615,3,"LCK_CD8A_CD8B1","LCK - (CD8A+CD8B1)","LCK","Cell-Cell Contact","PMID: 25427562","Gamma Delta V2 T -> Naïve CD8 T (PBMC_Early)",0.120757474382286,"Gamma Delta V2 T -> Naïve CD8 T","PBMC_Early"
"GNG4 +CD8aa+T","Naïve CD8 T","LCK","CD8 receptor",0.299796404550948,3,"LCK_CD8A_CD8B1","LCK - (CD8A+CD8B1)","LCK","Cell-Cell Contact","PMID: 25427562","GNG4 +CD8aa+T -> Naïve CD8 T (PBMC_Early)",0.0355933291803025,"GNG4 +CD8aa+T -> Naïve CD8 T","PBMC_Early"
"ILC2/3","Naïve CD8 T","LCK","CD8 receptor",0.373076271704885,3,"LCK_CD8A_CD8B1","LCK - (CD8A+CD8B1)","LCK","Cell-Cell Contact","PMID: 25427562","ILC2/3 -> Naïve CD8 T (PBMC_Early)",0.0685345657843287,"ILC2/3 -> Naïve CD8 T","PBMC_Early"
"Naïve CD4 T","Naïve CD8 T","LCK","CD8 receptor",0.469870251672183,3,"LCK_CD8A_CD8B1","LCK - (CD8A+CD8B1)","LCK","Cell-Cell Contact","PMID: 25427562","Naïve CD4 T -> Naïve CD8 T (PBMC_Early)",0.119045786550803,"Naïve CD4 T -> Naïve CD8 T","PBMC_Early"
"Naïve CD8 T","Naïve CD8 T","LCK","CD8 receptor",0.4742247552775,3,"LCK_CD8A_CD8B1","LCK - (CD8A+CD8B1)","LCK","Cell-Cell Contact","PMID: 25427562","Naïve CD8 T -> Naïve CD8 T (PBMC_Early)",0.121395100121654,"Naïve CD8 T -> Naïve CD8 T","PBMC_Early"
"NK T","Naïve CD8 T","LCK","CD8 receptor",0.479564781032993,3,"LCK_CD8A_CD8B1","LCK - (CD8A+CD8B1)","LCK","Cell-Cell Contact","PMID: 25427562","NK T -> Naïve CD8 T (PBMC_Early)",0.124279276147758,"NK T -> Naïve CD8 T","PBMC_Early"
"Others","Naïve CD8 T","LCK","CD8 receptor",0.258872161014963,3,"LCK_CD8A_CD8B1","LCK - (CD8A+CD8B1)","LCK","Cell-Cell Contact","PMID: 25427562","Others -> Naïve CD8 T (PBMC_Early)",0.0210067693602462,"Others -> Naïve CD8 T","PBMC_Early"
"Tem","Naïve CD8 T","LCK","CD8 receptor",0.477412522726723,3,"LCK_CD8A_CD8B1","LCK - (CD8A+CD8B1)","LCK","Cell-Cell Contact","PMID: 25427562","Tem -> Naïve CD8 T (PBMC_Early)",0.123116456623148,"Tem -> Naïve CD8 T","PBMC_Early"
"Th17like_INNATE_T","Naïve CD8 T","LCK","CD8 receptor",0.469978315992566,3,"LCK_CD8A_CD8B1","LCK - (CD8A+CD8B1)","LCK","Cell-Cell Contact","PMID: 25427562","Th17like_INNATE_T -> Naïve CD8 T (PBMC_Early)",0.119104056796816,"Th17like_INNATE_T -> Naïve CD8 T","PBMC_Early"
"Treg","Naïve CD8 T","LCK","CD8 receptor",0.473625777321821,3,"LCK_CD8A_CD8B1","LCK - (CD8A+CD8B1)","LCK","Cell-Cell Contact","PMID: 25427562","Treg -> Naïve CD8 T (PBMC_Early)",0.121071794330388,"Treg -> Naïve CD8 T","PBMC_Early"
"abTentry","NK T","LCK","CD8 receptor",0.203467103154758,3,"LCK_CD8A_CD8B1","LCK - (CD8A+CD8B1)","LCK","Cell-Cell Contact","PMID: 25427562","abTentry -> NK T (PBMC_Early)",0.00733718945898679,"abTentry -> NK T","PBMC_Early"
"CX3CR1+ NK","NK T","LCK","CD8 receptor",0.260546353661774,3,"LCK_CD8A_CD8B1","LCK - (CD8A+CD8B1)","LCK","Cell-Cell Contact","PMID: 25427562","CX3CR1+ NK -> NK T (PBMC_Early)",0.0215347226563369,"CX3CR1+ NK -> NK T","PBMC_Early"
"CXCR6+ NK","NK T","LCK","CD8 receptor",0.258287951622721,3,"LCK_CD8A_CD8B1","LCK - (CD8A+CD8B1)","LCK","Cell-Cell Contact","PMID: 25427562","CXCR6+ NK -> NK T (PBMC_Early)",0.0208240256669737,"CXCR6+ NK -> NK T","PBMC_Early"
"Cycling Treg","NK T","LCK","CD8 receptor",0.239676276535568,3,"LCK_CD8A_CD8B1","LCK - (CD8A+CD8B1)","LCK","Cell-Cell Contact","PMID: 25427562","Cycling Treg -> NK T (PBMC_Early)",0.0154168462249783,"Cycling Treg -> NK T","PBMC_Early"
"DNQ T","NK T","LCK","CD8 receptor",0.237421132701967,3,"LCK_CD8A_CD8B1","LCK - (CD8A+CD8B1)","LCK","Cell-Cell Contact","PMID: 25427562","DNQ T -> NK T (PBMC_Early)",0.0148178168407787,"DNQ T -> NK T","PBMC_Early"
"DPP T","NK T","LCK","CD8 receptor",0.224343119493493,3,"LCK_CD8A_CD8B1","LCK - (CD8A+CD8B1)","LCK","Cell-Cell Contact","PMID: 25427562","NA",0.0115917938944705,"DPP T -> NK T","PBMC_Early"
"Gamma Delta V1 T","NK T","LCK","CD8 receptor",0.290313960515872,3,"LCK_CD8A_CD8B1","LCK - (CD8A+CD8B1)","LCK","Cell-Cell Contact","PMID: 25427562","Gamma Delta V1 T -> NK T (PBMC_Early)",0.0319192271624049,"Gamma Delta V1 T -> NK T","PBMC_Early"
"Gamma Delta V2 T","NK T","LCK","CD8 receptor",0.279254865532093,3,"LCK_CD8A_CD8B1","LCK - (CD8A+CD8B1)","LCK","Cell-Cell Contact","PMID: 25427562","Gamma Delta V2 T -> NK T (PBMC_Early)",0.0278490006156258,"Gamma Delta V2 T -> NK T","PBMC_Early"
"GNG4 +CD8aa+T","NK T","LCK","CD8 receptor",0.205150893939415,3,"LCK_CD8A_CD8B1","LCK - (CD8A+CD8B1)","LCK","Cell-Cell Contact","PMID: 25427562","GNG4 +CD8aa+T -> NK T (PBMC_Early)",0.00763921182146075,"GNG4 +CD8aa+T -> NK T","PBMC_Early"
"ILC2/3","NK T","LCK","CD8 receptor",0.238544587307816,3,"LCK_CD8A_CD8B1","LCK - (CD8A+CD8B1)","LCK","Cell-Cell Contact","PMID: 25427562","ILC2/3 -> NK T (PBMC_Early)",0.0151146862095468,"ILC2/3 -> NK T","PBMC_Early"
"Naïve CD4 T","NK T","LCK","CD8 receptor",0.278030252494426,3,"LCK_CD8A_CD8B1","LCK - (CD8A+CD8B1)","LCK","Cell-Cell Contact","PMID: 25427562","Naïve CD4 T -> NK T (PBMC_Early)",0.0274131926198451,"Naïve CD4 T -> NK T","PBMC_Early"
"Naïve CD8 T","NK T","LCK","CD8 receptor",0.279709814122748,3,"LCK_CD8A_CD8B1","LCK - (CD8A+CD8B1)","LCK","Cell-Cell Contact","PMID: 25427562","Naïve CD8 T -> NK T (PBMC_Early)",0.0280116786287608,"Naïve CD8 T -> NK T","PBMC_Early"
"NK T","NK T","LCK","CD8 receptor",0.281759618903744,3,"LCK_CD8A_CD8B1","LCK - (CD8A+CD8B1)","LCK","Cell-Cell Contact","PMID: 25427562","NK T -> NK T (PBMC_Early)",0.0287497956762855,"NK T -> NK T","PBMC_Early"
"Others","NK T","LCK","CD8 receptor",0.184720542059003,3,"LCK_CD8A_CD8B1","LCK - (CD8A+CD8B1)","LCK","Cell-Cell Contact","PMID: 25427562","Others -> NK T (PBMC_Early)",0.00445564666155965,"Others -> NK T","PBMC_Early"
"Tem","NK T","LCK","CD8 receptor",0.280934757208097,3,"LCK_CD8A_CD8B1","LCK - (CD8A+CD8B1)","LCK","Cell-Cell Contact","PMID: 25427562","Tem -> NK T (PBMC_Early)",0.0284517582439406,"Tem -> NK T","PBMC_Early"
"Th17like_INNATE_T","NK T","LCK","CD8 receptor",0.278072022256107,3,"LCK_CD8A_CD8B1","LCK - (CD8A+CD8B1)","LCK","Cell-Cell Contact","PMID: 25427562","Th17like_INNATE_T -> NK T (PBMC_Early)",0.0274280072082388,"Th17like_INNATE_T -> NK T","PBMC_Early"
"Treg","NK T","LCK","CD8 receptor",0.279479216700692,3,"LCK_CD8A_CD8B1","LCK - (CD8A+CD8B1)","LCK","Cell-Cell Contact","PMID: 25427562","Treg -> NK T (PBMC_Early)",0.0279291706457259,"Treg -> NK T","PBMC_Early"
"abTentry","Naïve CD8 T","LCK","CD8 receptor",0.272791416947952,3,"LCK_CD8A_CD8B1","LCK - (CD8A+CD8B1)","LCK","Cell-Cell Contact","PMID: 25427562","abTentry -> Naïve CD8 T (PBMC_Late)",0.025583581368704,"abTentry -> Naïve CD8 T","PBMC_Late"
"CX3CR1+ NK","Naïve CD8 T","LCK","CD8 receptor",0.390299195989039,3,"LCK_CD8A_CD8B1","LCK - (CD8A+CD8B1)","LCK","Cell-Cell Contact","PMID: 25427562","CX3CR1+ NK -> Naïve CD8 T (PBMC_Late)",0.0771397188003003,"CX3CR1+ NK -> Naïve CD8 T","PBMC_Late"
"CXCR6+ NK","Naïve CD8 T","LCK","CD8 receptor",0.347204974846409,3,"LCK_CD8A_CD8B1","LCK - (CD8A+CD8B1)","LCK","Cell-Cell Contact","PMID: 25427562","CXCR6+ NK -> Naïve CD8 T (PBMC_Late)",0.0561267325594375,"CXCR6+ NK -> Naïve CD8 T","PBMC_Late"
"Cycling Treg","Naïve CD8 T","LCK","CD8 receptor",0.253426401953621,3,"LCK_CD8A_CD8B1","LCK - (CD8A+CD8B1)","LCK","Cell-Cell Contact","PMID: 25427562","Cycling Treg -> Naïve CD8 T (PBMC_Late)",0.0193334449340522,"Cycling Treg -> Naïve CD8 T","PBMC_Late"
"DNQ T","Naïve CD8 T","LCK","CD8 receptor",0.336710449194838,3,"LCK_CD8A_CD8B1","LCK - (CD8A+CD8B1)","LCK","Cell-Cell Contact","PMID: 25427562","DNQ T -> Naïve CD8 T (PBMC_Late)",0.0513078867206952,"DNQ T -> Naïve CD8 T","PBMC_Late"
"Gamma Delta V1 T","Naïve CD8 T","LCK","CD8 receptor",0.457564261454225,3,"LCK_CD8A_CD8B1","LCK - (CD8A+CD8B1)","LCK","Cell-Cell Contact","PMID: 25427562","Gamma Delta V1 T -> Naïve CD8 T (PBMC_Late)",0.112423153397563,"Gamma Delta V1 T -> Naïve CD8 T","PBMC_Late"
"Gamma Delta V2 T","Naïve CD8 T","LCK","CD8 receptor",0.439247499416043,3,"LCK_CD8A_CD8B1","LCK - (CD8A+CD8B1)","LCK","Cell-Cell Contact","PMID: 25427562","Gamma Delta V2 T -> Naïve CD8 T (PBMC_Late)",0.102630428642142,"Gamma Delta V2 T -> Naïve CD8 T","PBMC_Late"
"GNG4 +CD8aa+T","Naïve CD8 T","LCK","CD8 receptor",0.406097600978697,3,"LCK_CD8A_CD8B1","LCK - (CD8A+CD8B1)","LCK","Cell-Cell Contact","PMID: 25427562","GNG4 +CD8aa+T -> Naïve CD8 T (PBMC_Late)",0.0852248500947482,"GNG4 +CD8aa+T -> Naïve CD8 T","PBMC_Late"
"ILC2/3","Naïve CD8 T","LCK","CD8 receptor",0.265513362183244,3,"LCK_CD8A_CD8B1","LCK - (CD8A+CD8B1)","LCK","Cell-Cell Contact","PMID: 25427562","ILC2/3 -> Naïve CD8 T (PBMC_Late)",0.0231377732444549,"ILC2/3 -> Naïve CD8 T","PBMC_Late"
"Large pre-B","Naïve CD8 T","LCK","CD8 receptor",0.194060603197375,3,"LCK_CD8A_CD8B1","LCK - (CD8A+CD8B1)","LCK","Cell-Cell Contact","PMID: 25427562","Large pre-B -> Naïve CD8 T (PBMC_Late)",0.00578186240568597,"Large pre-B -> Naïve CD8 T","PBMC_Late"
"Naïve CD4 T","Naïve CD8 T","LCK","CD8 receptor",0.388049919006672,3,"LCK_CD8A_CD8B1","LCK - (CD8A+CD8B1)","LCK","Cell-Cell Contact","PMID: 25427562","Naïve CD4 T -> Naïve CD8 T (PBMC_Late)",0.0760025763843395,"Naïve CD4 T -> Naïve CD8 T","PBMC_Late"
"Naïve CD8 T","Naïve CD8 T","LCK","CD8 receptor",0.426208332600282,3,"LCK_CD8A_CD8B1","LCK - (CD8A+CD8B1)","LCK","Cell-Cell Contact","PMID: 25427562","Naïve CD8 T -> Naïve CD8 T (PBMC_Late)",0.095725514036863,"Naïve CD8 T -> Naïve CD8 T","PBMC_Late"
"NK T","Naïve CD8 T","LCK","CD8 receptor",0.442307960637733,3,"LCK_CD8A_CD8B1","LCK - (CD8A+CD8B1)","LCK","Cell-Cell Contact","PMID: 25427562","NK T -> Naïve CD8 T (PBMC_Late)",0.104259927643723,"NK T -> Naïve CD8 T","PBMC_Late"
"Others","Naïve CD8 T","LCK","CD8 receptor",0.230602866332093,3,"LCK_CD8A_CD8B1","LCK - (CD8A+CD8B1)","LCK","Cell-Cell Contact","PMID: 25427562","Others -> Naïve CD8 T (PBMC_Late)",0.013082765292649,"Others -> Naïve CD8 T","PBMC_Late"
"Tem","Naïve CD8 T","LCK","CD8 receptor",0.377038001541929,3,"LCK_CD8A_CD8B1","LCK - (CD8A+CD8B1)","LCK","Cell-Cell Contact","PMID: 25427562","Tem -> Naïve CD8 T (PBMC_Late)",0.0704922469712013,"Tem -> Naïve CD8 T","PBMC_Late"
"Th17like_INNATE_T","Naïve CD8 T","LCK","CD8 receptor",0.390044466691662,3,"LCK_CD8A_CD8B1","LCK - (CD8A+CD8B1)","LCK","Cell-Cell Contact","PMID: 25427562","Th17like_INNATE_T -> Naïve CD8 T (PBMC_Late)",0.0770107508270221,"Th17like_INNATE_T -> Naïve CD8 T","PBMC_Late"
"Treg","Naïve CD8 T","LCK","CD8 receptor",0.393852498898632,3,"LCK_CD8A_CD8B1","LCK - (CD8A+CD8B1)","LCK","Cell-Cell Contact","PMID: 25427562","Treg -> Naïve CD8 T (PBMC_Late)",0.078943600820991,"Treg -> Naïve CD8 T","PBMC_Late"
"abTentry","NK T","LCK","CD8 receptor",0.24176210505868,3,"LCK_CD8A_CD8B1","LCK - (CD8A+CD8B1)","LCK","Cell-Cell Contact","PMID: 25427562","abTentry -> NK T (PBMC_Late)",0.0159819145247334,"abTentry -> NK T","PBMC_Late"
"CX3CR1+ NK","NK T","LCK","CD8 receptor",0.331942177251205,3,"LCK_CD8A_CD8B1","LCK - (CD8A+CD8B1)","LCK","Cell-Cell Contact","PMID: 25427562","CX3CR1+ NK -> NK T (PBMC_Late)",0.049165020330072,"CX3CR1+ NK -> NK T","PBMC_Late"
"CXCR6+ NK","NK T","LCK","CD8 receptor",0.299508591557358,3,"LCK_CD8A_CD8B1","LCK - (CD8A+CD8B1)","LCK","Cell-Cell Contact","PMID: 25427562","CXCR6+ NK -> NK T (PBMC_Late)",0.0354794229558001,"CXCR6+ NK -> NK T","PBMC_Late"
"Cycling Treg","NK T","LCK","CD8 receptor",0.226304952459218,3,"LCK_CD8A_CD8B1","LCK - (CD8A+CD8B1)","LCK","Cell-Cell Contact","PMID: 25427562","Cycling Treg -> NK T (PBMC_Late)",0.0120484863156795,"Cycling Treg -> NK T","PBMC_Late"
"DNQ T","NK T","LCK","CD8 receptor",0.291507244222029,3,"LCK_CD8A_CD8B1","LCK - (CD8A+CD8B1)","LCK","Cell-Cell Contact","PMID: 25427562","DNQ T -> NK T (PBMC_Late)",0.0323724838609709,"DNQ T -> NK T","PBMC_Late"
"Gamma Delta V1 T","NK T","LCK","CD8 receptor",0.381394190431304,3,"LCK_CD8A_CD8B1","LCK - (CD8A+CD8B1)","LCK","Cell-Cell Contact","PMID: 25427562","Gamma Delta V1 T -> NK T (PBMC_Late)",0.0726603683175832,"Gamma Delta V1 T -> NK T","PBMC_Late"
"Gamma Delta V2 T","NK T","LCK","CD8 receptor",0.36805444722415,3,"LCK_CD8A_CD8B1","LCK - (CD8A+CD8B1)","LCK","Cell-Cell Contact","PMID: 25427562","Gamma Delta V2 T -> NK T (PBMC_Late)",0.0660733814931551,"Gamma Delta V2 T -> NK T","PBMC_Late"
"GNG4 +CD8aa+T","NK T","LCK","CD8 receptor",0.343676162964275,3,"LCK_CD8A_CD8B1","LCK - (CD8A+CD8B1)","LCK","Cell-Cell Contact","PMID: 25427562","GNG4 +CD8aa+T -> NK T (PBMC_Late)",0.0544912079612341,"GNG4 +CD8aa+T -> NK T","PBMC_Late"
"ILC2/3","NK T","LCK","CD8 receptor",0.235975758512384,3,"LCK_CD8A_CD8B1","LCK - (CD8A+CD8B1)","LCK","Cell-Cell Contact","PMID: 25427562","ILC2/3 -> NK T (PBMC_Late)",0.0144404291449523,"ILC2/3 -> NK T","PBMC_Late"
"Large pre-B","NK T","LCK","CD8 receptor",0.177584554120012,3,"LCK_CD8A_CD8B1","LCK - (CD8A+CD8B1)","LCK","Cell-Cell Contact","PMID: 25427562","Large pre-B -> NK T (PBMC_Late)",0.00358455704866369,"Large pre-B -> NK T","PBMC_Late"
"Naïve CD4 T","NK T","LCK","CD8 receptor",0.330265093550216,3,"LCK_CD8A_CD8B1","LCK - (CD8A+CD8B1)","LCK","Cell-Cell Contact","PMID: 25427562","Naïve CD4 T -> NK T (PBMC_Late)",0.0484186262207348,"Naïve CD4 T -> NK T","PBMC_Late"
"Naïve CD8 T","NK T","LCK","CD8 receptor",0.358503121632493,3,"LCK_CD8A_CD8B1","LCK - (CD8A+CD8B1)","LCK","Cell-Cell Contact","PMID: 25427562","Naïve CD8 T -> NK T (PBMC_Late)",0.0614595532969772,"Naïve CD8 T -> NK T","PBMC_Late"
"NK T","NK T","LCK","CD8 receptor",0.370289500252954,3,"LCK_CD8A_CD8B1","LCK - (CD8A+CD8B1)","LCK","Cell-Cell Contact","PMID: 25427562","NK T -> NK T (PBMC_Late)",0.0671658952184794,"NK T -> NK T","PBMC_Late"
"Others","NK T","LCK","CD8 receptor",0.207824343433442,3,"LCK_CD8A_CD8B1","LCK - (CD8A+CD8B1)","LCK","Cell-Cell Contact","PMID: 25427562","Others -> NK T (PBMC_Late)",0.0081335658421272,"Others -> NK T","PBMC_Late"
"Tem","NK T","LCK","CD8 receptor",0.322030362168135,3,"LCK_CD8A_CD8B1","LCK - (CD8A+CD8B1)","LCK","Cell-Cell Contact","PMID: 25427562","Tem -> NK T (PBMC_Late)",0.0448111961808789,"Tem -> NK T","PBMC_Late"
"Th17like_INNATE_T","NK T","LCK","CD8 receptor",0.331752331129743,3,"LCK_CD8A_CD8B1","LCK - (CD8A+CD8B1)","LCK","Cell-Cell Contact","PMID: 25427562","Th17like_INNATE_T -> NK T (PBMC_Late)",0.0490803351855887,"Th17like_INNATE_T -> NK T","PBMC_Late"
"Treg","NK T","LCK","CD8 receptor",0.334588218602518,3,"LCK_CD8A_CD8B1","LCK - (CD8A+CD8B1)","LCK","Cell-Cell Contact","PMID: 25427562","Treg -> NK T (PBMC_Late)",0.0503504163360585,"Treg -> NK T","PBMC_Late"
"Small pre-B","Naïve CD8 T","NECTIN1","CD96",0.16835649240939,3,"NECTIN1_CD96","NECTIN1 - CD96","NECTIN","Cell-Cell Contact","PMID: 23027581","NA",0.00263261699392797,"Small pre-B -> Naïve CD8 T","PBMC_Early"
"Small pre-B","NK T","NECTIN1","CD96",0.159437275639816,3,"NECTIN1_CD96","NECTIN1 - CD96","NECTIN","Cell-Cell Contact","PMID: 23027581","NA",0.00188833648824603,"Small pre-B -> NK T","PBMC_Early"
"DC1","Naïve CD8 T","NECTIN2","CD226",0.127720544239876,3,"NECTIN2_CD226","NECTIN2 - CD226","NECTIN","Cell-Cell Contact","KEGG: hsa04514","DC1 -> Naïve CD8 T (PBMC_Early)",0.000397786970367483,"DC1 -> Naïve CD8 T","PBMC_Early"
"DPP T","Naïve CD8 T","NECTIN2","CD226",0.174243158771162,3,"NECTIN2_CD226","NECTIN2 - CD226","NECTIN","Cell-Cell Contact","KEGG: hsa04514","NA",0.00321764278692658,"DPP T -> Naïve CD8 T","PBMC_Early"
"Endothelial cells","Naïve CD8 T","NECTIN2","CD226",0.206733199948389,3,"NECTIN2_CD226","NECTIN2 - CD226","NECTIN","Cell-Cell Contact","KEGG: hsa04514","Endothelial cells -> Naïve CD8 T (PBMC_Early)",0.00792960204860849,"Endothelial cells -> Naïve CD8 T","PBMC_Early"
"HSC_MPP","Naïve CD8 T","NECTIN2","CD226",0.138384420722374,3,"NECTIN2_CD226","NECTIN2 - CD226","NECTIN","Cell-Cell Contact","KEGG: hsa04514","HSC_MPP -> Naïve CD8 T (PBMC_Early)",0.000727245125538509,"HSC_MPP -> Naïve CD8 T","PBMC_Early"
"Macrophages","Naïve CD8 T","NECTIN2","CD226",0.137395481867527,3,"NECTIN2_CD226","NECTIN2 - CD226","NECTIN","Cell-Cell Contact","KEGG: hsa04514","Macrophages -> Naïve CD8 T (PBMC_Early)",0.000690385990742592,"Macrophages -> Naïve CD8 T","PBMC_Early"
"MEP","Naïve CD8 T","NECTIN2","CD226",0.188129506751005,3,"NECTIN2_CD226","NECTIN2 - CD226","NECTIN","Cell-Cell Contact","KEGG: hsa04514","MEP -> Naïve CD8 T (PBMC_Early)",0.00491488325077876,"MEP -> Naïve CD8 T","PBMC_Early"
"CD14+PPBP+ Monocytes","Naïve CD8 T","PECAM1","PECAM1",0.296433866131429,3,"PECAM1_PECAM1","PECAM1 - PECAM1","PECAM1","Cell-Cell Contact","KEGG: hsa04514","CD14+PPBP+ Monocytes -> Naïve CD8 T (PBMC_Early)",0.0342717554324369,"CD14+PPBP+ Monocytes -> Naïve CD8 T","PBMC_Early"
"Classical Monocytes","Naïve CD8 T","PECAM1","PECAM1",0.269452204561833,3,"PECAM1_PECAM1","PECAM1 - PECAM1","PECAM1","Cell-Cell Contact","KEGG: hsa04514","Classical Monocytes -> Naïve CD8 T (PBMC_Early)",0.0244473532354676,"Classical Monocytes -> Naïve CD8 T","PBMC_Early"
"DC1","Naïve CD8 T","PECAM1","PECAM1",0.179269882365442,3,"PECAM1_PECAM1","PECAM1 - PECAM1","PECAM1","Cell-Cell Contact","KEGG: hsa04514","DC1 -> Naïve CD8 T (PBMC_Early)",0.00377943093364609,"DC1 -> Naïve CD8 T","PBMC_Early"
"DC2","Naïve CD8 T","PECAM1","PECAM1",0.224932578201735,3,"PECAM1_PECAM1","PECAM1 - PECAM1","PECAM1","Cell-Cell Contact","KEGG: hsa04514","DC2 -> Naïve CD8 T (PBMC_Early)",0.0117279941546768,"DC2 -> Naïve CD8 T","PBMC_Early"
"DNQ T","Naïve CD8 T","PECAM1","PECAM1",0.265815369077091,3,"PECAM1_PECAM1","PECAM1 - PECAM1","PECAM1","Cell-Cell Contact","KEGG: hsa04514","DNQ T -> Naïve CD8 T (PBMC_Early)",0.0232369937576657,"DNQ T -> Naïve CD8 T","PBMC_Early"
"Endothelial cells","Naïve CD8 T","PECAM1","PECAM1",0.396860265300464,3,"PECAM1_PECAM1","PECAM1 - PECAM1","PECAM1","Cell-Cell Contact","KEGG: hsa04514","Endothelial cells -> Naïve CD8 T (PBMC_Early)",0.0804774232277718,"Endothelial cells -> Naïve CD8 T","PBMC_Early"
"HSC_MPP","Naïve CD8 T","PECAM1","PECAM1",0.244230951924979,3,"PECAM1_PECAM1","PECAM1 - PECAM1","PECAM1","Cell-Cell Contact","KEGG: hsa04514","HSC_MPP -> Naïve CD8 T (PBMC_Early)",0.0166643240993348,"HSC_MPP -> Naïve CD8 T","PBMC_Early"
"Macrophages","Naïve CD8 T","PECAM1","PECAM1",0.204704298911682,3,"PECAM1_PECAM1","PECAM1 - PECAM1","PECAM1","Cell-Cell Contact","KEGG: hsa04514","Macrophages -> Naïve CD8 T (PBMC_Early)",0.00755840372584226,"Macrophages -> Naïve CD8 T","PBMC_Early"
"Megakaryocytes","Naïve CD8 T","PECAM1","PECAM1",0.239761820289625,3,"PECAM1_PECAM1","PECAM1 - PECAM1","PECAM1","Cell-Cell Contact","KEGG: hsa04514","Megakaryocytes -> Naïve CD8 T (PBMC_Early)",0.0154398131080236,"Megakaryocytes -> Naïve CD8 T","PBMC_Early"
"MEMP","Naïve CD8 T","PECAM1","PECAM1",0.185564855838757,3,"PECAM1_PECAM1","PECAM1 - PECAM1","PECAM1","Cell-Cell Contact","KEGG: hsa04514","MEMP -> Naïve CD8 T (PBMC_Early)",0.00456675927554561,"MEMP -> Naïve CD8 T","PBMC_Early"
"MEP","Naïve CD8 T","PECAM1","PECAM1",0.299212179543679,3,"PECAM1_PECAM1","PECAM1 - PECAM1","PECAM1","Cell-Cell Contact","KEGG: hsa04514","MEP -> Naïve CD8 T (PBMC_Early)",0.0353622666232176,"MEP -> Naïve CD8 T","PBMC_Early"
"Myeloid-CD177","Naïve CD8 T","PECAM1","PECAM1",0.240285586589711,3,"PECAM1_PECAM1","PECAM1 - PECAM1","PECAM1","Cell-Cell Contact","KEGG: hsa04514","Myeloid-CD177 -> Naïve CD8 T (PBMC_Early)",0.015580822326907,"Myeloid-CD177 -> Naïve CD8 T","PBMC_Early"
"Naïve CD8 T","Naïve CD8 T","PECAM1","PECAM1",0.252797225420494,3,"PECAM1_PECAM1","PECAM1 - PECAM1","PECAM1","Cell-Cell Contact","KEGG: hsa04514","Naïve CD8 T -> Naïve CD8 T (PBMC_Early)",0.0191445036861287,"Naïve CD8 T -> Naïve CD8 T","PBMC_Early"
"Others","Naïve CD8 T","PECAM1","PECAM1",0.216920200575691,3,"PECAM1_PECAM1","PECAM1 - PECAM1","PECAM1","Cell-Cell Contact","KEGG: hsa04514","Others -> Naïve CD8 T (PBMC_Early)",0.00995191578274215,"Others -> Naïve CD8 T","PBMC_Early"
"Pro-B","Naïve CD8 T","PECAM1","PECAM1",0.255760213943158,3,"PECAM1_PECAM1","PECAM1 - PECAM1","PECAM1","Cell-Cell Contact","KEGG: hsa04514","Pro-B -> Naïve CD8 T (PBMC_Early)",0.02004225918807,"Pro-B -> Naïve CD8 T","PBMC_Early"
"CD14+PPBP+ Monocytes","Naïve CD8 T","PECAM1","PECAM1",0.233472678243806,3,"PECAM1_PECAM1","PECAM1 - PECAM1","PECAM1","Cell-Cell Contact","KEGG: hsa04514","CD14+PPBP+ Monocytes -> Naïve CD8 T (PBMC_Late)",0.0137990377578864,"CD14+PPBP+ Monocytes -> Naïve CD8 T","PBMC_Late"
"Classical Monocytes","Naïve CD8 T","PECAM1","PECAM1",0.21534982860063,3,"PECAM1_PECAM1","PECAM1 - PECAM1","PECAM1","Cell-Cell Contact","KEGG: hsa04514","Classical Monocytes -> Naïve CD8 T (PBMC_Late)",0.00962292379042118,"Classical Monocytes -> Naïve CD8 T","PBMC_Late"
"DC1","Naïve CD8 T","PECAM1","PECAM1",0.195982211873748,3,"PECAM1_PECAM1","PECAM1 - PECAM1","PECAM1","Cell-Cell Contact","KEGG: hsa04514","DC1 -> Naïve CD8 T (PBMC_Late)",0.00608150003059361,"DC1 -> Naïve CD8 T","PBMC_Late"
"DNQ T","Naïve CD8 T","PECAM1","PECAM1",0.247578899971343,3,"PECAM1_PECAM1","PECAM1 - PECAM1","PECAM1","Cell-Cell Contact","KEGG: hsa04514","DNQ T -> Naïve CD8 T (PBMC_Late)",0.017613028070139,"DNQ T -> Naïve CD8 T","PBMC_Late"
"Endothelial cells","Naïve CD8 T","PECAM1","PECAM1",0.222075210432332,3,"PECAM1_PECAM1","PECAM1 - PECAM1","PECAM1","Cell-Cell Contact","KEGG: hsa04514","Endothelial cells -> Naïve CD8 T (PBMC_Late)",0.0110759525304525,"Endothelial cells -> Naïve CD8 T","PBMC_Late"
"HSC_MPP","Naïve CD8 T","PECAM1","PECAM1",0.196288549535453,3,"PECAM1_PECAM1","PECAM1 - PECAM1","PECAM1","Cell-Cell Contact","KEGG: hsa04514","HSC_MPP -> Naïve CD8 T (PBMC_Late)",0.00613012169535363,"HSC_MPP -> Naïve CD8 T","PBMC_Late"
"Megakaryocytes","Naïve CD8 T","PECAM1","PECAM1",0.190021786056352,3,"PECAM1_PECAM1","PECAM1 - PECAM1","PECAM1","Cell-Cell Contact","KEGG: hsa04514","Megakaryocytes -> Naïve CD8 T (PBMC_Late)",0.00518205039405783,"Megakaryocytes -> Naïve CD8 T","PBMC_Late"
"MEP","Naïve CD8 T","PECAM1","PECAM1",0.209234731150161,3,"PECAM1_PECAM1","PECAM1 - PECAM1","PECAM1","Cell-Cell Contact","KEGG: hsa04514","MEP -> Naïve CD8 T (PBMC_Late)",0.00840169955872289,"MEP -> Naïve CD8 T","PBMC_Late"
"Myeloid-CD177","Naïve CD8 T","PECAM1","PECAM1",0.187179315029093,3,"PECAM1_PECAM1","PECAM1 - PECAM1","PECAM1","Cell-Cell Contact","KEGG: hsa04514","Myeloid-CD177 -> Naïve CD8 T (PBMC_Late)",0.0047840363365237,"Myeloid-CD177 -> Naïve CD8 T","PBMC_Late"
"Naïve CD8 T","Naïve CD8 T","PECAM1","PECAM1",0.173108813129362,3,"PECAM1_PECAM1","PECAM1 - PECAM1","PECAM1","Cell-Cell Contact","KEGG: hsa04514","Naïve CD8 T -> Naïve CD8 T (PBMC_Late)",0.00309888348861669,"Naïve CD8 T -> Naïve CD8 T","PBMC_Late"
"Pro-B","Naïve CD8 T","PECAM1","PECAM1",0.188491738371998,2,"PECAM1_PECAM1","PECAM1 - PECAM1","PECAM1","Cell-Cell Contact","KEGG: hsa04514","Pro-B -> Naïve CD8 T (PBMC_Late)",0.00496534593752564,"Pro-B -> Naïve CD8 T","PBMC_Late"
"CD14+PPBP+ Monocytes","NK T","PECAM1","PECAM1",0.226757502001307,3,"PECAM1_PECAM1","PECAM1 - PECAM1","PECAM1","Cell-Cell Contact","KEGG: hsa04514","CD14+PPBP+ Monocytes -> NK T (PBMC_Late)",0.0121552096255297,"CD14+PPBP+ Monocytes -> NK T","PBMC_Late"
"Classical Monocytes","NK T","PECAM1","PECAM1",0.209601753225509,3,"PECAM1_PECAM1","PECAM1 - PECAM1","PECAM1","Cell-Cell Contact","KEGG: hsa04514","Classical Monocytes -> NK T (PBMC_Late)",0.00847230678939547,"Classical Monocytes -> NK T","PBMC_Late"
"DC1","NK T","PECAM1","PECAM1",0.191194473609622,3,"PECAM1_PECAM1","PECAM1 - PECAM1","PECAM1","Cell-Cell Contact","KEGG: hsa04514","DC1 -> NK T (PBMC_Late)",0.00535204420082365,"DC1 -> NK T","PBMC_Late"
"DNQ T","NK T","PECAM1","PECAM1",0.240067413735109,3,"PECAM1_PECAM1","PECAM1 - PECAM1","PECAM1","Cell-Cell Contact","KEGG: hsa04514","DNQ T -> NK T (PBMC_Late)",0.0155220044792391,"DNQ T -> NK T","PBMC_Late"
"Endothelial cells","NK T","PECAM1","PECAM1",0.215975778262988,2,"PECAM1_PECAM1","PECAM1 - PECAM1","PECAM1","Cell-Cell Contact","KEGG: hsa04514","Endothelial cells -> NK T (PBMC_Late)",0.00975330727557568,"Endothelial cells -> NK T","PBMC_Late"
"HSC_MPP","NK T","PECAM1","PECAM1",0.191486230788249,3,"PECAM1_PECAM1","PECAM1 - PECAM1","PECAM1","Cell-Cell Contact","KEGG: hsa04514","HSC_MPP -> NK T (PBMC_Late)",0.00539486551299784,"HSC_MPP -> NK T","PBMC_Late"
"Megakaryocytes","NK T","PECAM1","PECAM1",0.185513757124721,3,"PECAM1_PECAM1","PECAM1 - PECAM1","PECAM1","Cell-Cell Contact","KEGG: hsa04514","Megakaryocytes -> NK T (PBMC_Late)",0.00455998560676551,"Megakaryocytes -> NK T","PBMC_Late"
"MEP","NK T","PECAM1","PECAM1",0.203798227409514,3,"PECAM1_PECAM1","PECAM1 - PECAM1","PECAM1","Cell-Cell Contact","KEGG: hsa04514","MEP -> NK T (PBMC_Late)",0.00739601437062106,"MEP -> NK T","PBMC_Late"
"Myeloid-CD177","NK T","PECAM1","PECAM1",0.182801987784224,3,"PECAM1_PECAM1","PECAM1 - PECAM1","PECAM1","Cell-Cell Contact","KEGG: hsa04514","Myeloid-CD177 -> NK T (PBMC_Late)",0.00420954786324014,"Myeloid-CD177 -> NK T","PBMC_Late"
"Pro-B","NK T","PECAM1","PECAM1",0.184054280789691,2,"PECAM1_PECAM1","PECAM1 - PECAM1","PECAM1","Cell-Cell Contact","KEGG: hsa04514","Pro-B -> NK T (PBMC_Late)",0.00436918058182216,"Pro-B -> NK T","PBMC_Late"
"Endothelial cells","Naïve CD8 T","PVR","CD226",0.206733199948389,3,"PVR_CD226","PVR - CD226","PVR","Cell-Cell Contact","KEGG: hsa04514","Endothelial cells -> Naïve CD8 T (PBMC_Early)",0.00792960204860849,"Endothelial cells -> Naïve CD8 T","PBMC_Early"
"Endothelial cells","Naïve CD8 T","SELE","CD44",0.189441201854484,3,"SELE_CD44","SELE - CD44","SELE","Cell-Cell Contact","PMC4571854","Endothelial cells -> Naïve CD8 T (PBMC_Late)",0.00509914333474754,"Endothelial cells -> Naïve CD8 T","PBMC_Late"
"Endothelial cells","NK T","SELE","CD44",0.19239729641263,3,"SELE_CD44","SELE - CD44","SELE","Cell-Cell Contact","PMC4571854","Endothelial cells -> NK T (PBMC_Late)",0.00552994044246531,"Endothelial cells -> NK T","PBMC_Late"
"Endothelial cells","Naïve CD8 T","SELE","GLG1",0.151009208843498,3,"SELE_GLG1","SELE - GLG1","SELE","Cell-Cell Contact","PMID: 11404363","Endothelial cells -> Naïve CD8 T (PBMC_Late)",0.00133061677719728,"Endothelial cells -> Naïve CD8 T","PBMC_Late"
"Endothelial cells","NK T","SELE","GLG1",0.151939050515827,3,"SELE_GLG1","SELE - GLG1","SELE","Cell-Cell Contact","PMID: 11404363","Endothelial cells -> NK T (PBMC_Late)",0.00138564925132537,"Endothelial cells -> NK T","PBMC_Late"
"abTentry","Naïve CD8 T","SELPLG","SELL",0.303064371398441,3,"SELPLG_SELL","SELPLG - SELL","SELPLG","Cell-Cell Contact","PMC2431087; PMID:  8892633,PMID:  8896607","abTentry -> Naïve CD8 T (PBMC_Early)",0.0368968522232744,"abTentry -> Naïve CD8 T","PBMC_Early"
"CD14+PPBP+ Monocytes","Naïve CD8 T","SELPLG","SELL",0.259951147050608,3,"SELPLG_SELL","SELPLG - SELL","SELPLG","Cell-Cell Contact","PMC2431087; PMID:  8892633,PMID:  8896607","CD14+PPBP+ Monocytes -> Naïve CD8 T (PBMC_Early)",0.0213463042201685,"CD14+PPBP+ Monocytes -> Naïve CD8 T","PBMC_Early"
"Classical Monocytes","Naïve CD8 T","SELPLG","SELL",0.27660710589754,3,"SELPLG_SELL","SELPLG - SELL","SELPLG","Cell-Cell Contact","PMC2431087; PMID:  8892633,PMID:  8896607","Classical Monocytes -> Naïve CD8 T (PBMC_Early)",0.0269105703712919,"Classical Monocytes -> Naïve CD8 T","PBMC_Early"
"CX3CR1+ NK","Naïve CD8 T","SELPLG","SELL",0.433650902568966,3,"SELPLG_SELL","SELPLG - SELL","SELPLG","Cell-Cell Contact","PMC2431087; PMID:  8892633,PMID:  8896607","CX3CR1+ NK -> Naïve CD8 T (PBMC_Early)",0.0996588576099185,"CX3CR1+ NK -> Naïve CD8 T","PBMC_Early"
"Cycling Treg","Naïve CD8 T","SELPLG","SELL",0.302756536328781,3,"SELPLG_SELL","SELPLG - SELL","SELPLG","Cell-Cell Contact","PMC2431087; PMID:  8892633,PMID:  8896607","Cycling Treg -> Naïve CD8 T (PBMC_Early)",0.0367732715150734,"Cycling Treg -> Naïve CD8 T","PBMC_Early"
"DC1","Naïve CD8 T","SELPLG","SELL",0.438044080267714,3,"SELPLG_SELL","SELPLG - SELL","SELPLG","Cell-Cell Contact","PMC2431087; PMID:  8892633,PMID:  8896607","DC1 -> Naïve CD8 T (PBMC_Early)",0.101990533937791,"DC1 -> Naïve CD8 T","PBMC_Early"
"DC2","Naïve CD8 T","SELPLG","SELL",0.344817653055345,3,"SELPLG_SELL","SELPLG - SELL","SELPLG","Cell-Cell Contact","PMC2431087; PMID:  8892633,PMID:  8896607","DC2 -> Naïve CD8 T (PBMC_Early)",0.05501862359699,"DC2 -> Naïve CD8 T","PBMC_Early"
"DNQ T","Naïve CD8 T","SELPLG","SELL",0.261715967723999,2,"SELPLG_SELL","SELPLG - SELL","SELPLG","Cell-Cell Contact","PMC2431087; PMID:  8892633,PMID:  8896607","DNQ T -> Naïve CD8 T (PBMC_Early)",0.0219072829654902,"DNQ T -> Naïve CD8 T","PBMC_Early"
"Gamma Delta V1 T","Naïve CD8 T","SELPLG","SELL",0.396638984313601,3,"SELPLG_SELL","SELPLG - SELL","SELPLG","Cell-Cell Contact","PMC2431087; PMID:  8892633,PMID:  8896607","Gamma Delta V1 T -> Naïve CD8 T (PBMC_Early)",0.0803643707916273,"Gamma Delta V1 T -> Naïve CD8 T","PBMC_Early"
"Gamma Delta V2 T","Naïve CD8 T","SELPLG","SELL",0.396275669851826,3,"SELPLG_SELL","SELPLG - SELL","SELPLG","Cell-Cell Contact","PMC2431087; PMID:  8892633,PMID:  8896607","Gamma Delta V2 T -> Naïve CD8 T (PBMC_Early)",0.0801788247927982,"Gamma Delta V2 T -> Naïve CD8 T","PBMC_Early"
"GNG4 +CD8aa+T","Naïve CD8 T","SELPLG","SELL",0.267544366236117,3,"SELPLG_SELL","SELPLG - SELL","SELPLG","Cell-Cell Contact","PMC2431087; PMID:  8892633,PMID:  8896607","GNG4 +CD8aa+T -> Naïve CD8 T (PBMC_Early)",0.0238088518542299,"GNG4 +CD8aa+T -> Naïve CD8 T","PBMC_Early"
"HSC_MPP","Naïve CD8 T","SELPLG","SELL",0.239521429380224,3,"SELPLG_SELL","SELPLG - SELL","SELPLG","Cell-Cell Contact","PMC2431087; PMID:  8892633,PMID:  8896607","HSC_MPP -> Naïve CD8 T (PBMC_Early)",0.0153753179623477,"HSC_MPP -> Naïve CD8 T","PBMC_Early"
"ILC2/3","Naïve CD8 T","SELPLG","SELL",0.383309701968676,3,"SELPLG_SELL","SELPLG - SELL","SELPLG","Cell-Cell Contact","PMC2431087; PMID:  8892633,PMID:  8896607","ILC2/3 -> Naïve CD8 T (PBMC_Early)",0.0736186800480906,"ILC2/3 -> Naïve CD8 T","PBMC_Early"
"Macrophages","Naïve CD8 T","SELPLG","SELL",0.243684607580446,3,"SELPLG_SELL","SELPLG - SELL","SELPLG","Cell-Cell Contact","PMC2431087; PMID:  8892633,PMID:  8896607","Macrophages -> Naïve CD8 T (PBMC_Early)",0.0165120473870043,"Macrophages -> Naïve CD8 T","PBMC_Early"
"MEMP","Naïve CD8 T","SELPLG","SELL",0.307486064705708,3,"SELPLG_SELL","SELPLG - SELL","SELPLG","Cell-Cell Contact","PMC2431087; PMID:  8892633,PMID:  8896607","MEMP -> Naïve CD8 T (PBMC_Early)",0.038689775891045,"MEMP -> Naïve CD8 T","PBMC_Early"
"MEP","Naïve CD8 T","SELPLG","SELL",0.239679524951991,3,"SELPLG_SELL","SELPLG - SELL","SELPLG","Cell-Cell Contact","PMC2431087; PMID:  8892633,PMID:  8896607","MEP -> Naïve CD8 T (PBMC_Early)",0.0154177180383642,"MEP -> Naïve CD8 T","PBMC_Early"
"Naïve CD4 T","Naïve CD8 T","SELPLG","SELL",0.400812293801693,3,"SELPLG_SELL","SELPLG - SELL","SELPLG","Cell-Cell Contact","PMC2431087; PMID:  8892633,PMID:  8896607","Naïve CD4 T -> Naïve CD8 T (PBMC_Early)",0.0825019415027173,"Naïve CD4 T -> Naïve CD8 T","PBMC_Early"
"Naïve CD8 T","Naïve CD8 T","SELPLG","SELL",0.399912037115694,3,"SELPLG_SELL","SELPLG - SELL","SELPLG","Cell-Cell Contact","PMC2431087; PMID:  8892633,PMID:  8896607","Naïve CD8 T -> Naïve CD8 T (PBMC_Early)",0.0820398733981439,"Naïve CD8 T -> Naïve CD8 T","PBMC_Early"
"NK T","Naïve CD8 T","SELPLG","SELL",0.418493245901628,3,"SELPLG_SELL","SELPLG - SELL","SELPLG","Cell-Cell Contact","PMC2431087; PMID:  8892633,PMID:  8896607","NK T -> Naïve CD8 T (PBMC_Early)",0.0916732343974943,"NK T -> Naïve CD8 T","PBMC_Early"
"Others","Naïve CD8 T","SELPLG","SELL",0.294091245617506,3,"SELPLG_SELL","SELPLG - SELL","SELPLG","Cell-Cell Contact","PMC2431087; PMID:  8892633,PMID:  8896607","Others -> Naïve CD8 T (PBMC_Early)",0.0333630850563051,"Others -> Naïve CD8 T","PBMC_Early"
"pDC","Naïve CD8 T","SELPLG","SELL",0.481059972809836,3,"SELPLG_SELL","SELPLG - SELL","SELPLG","Cell-Cell Contact","PMC2431087; PMID:  8892633,PMID:  8896607","pDC -> Naïve CD8 T (PBMC_Early)",0.125087361491106,"pDC -> Naïve CD8 T","PBMC_Early"
"Tem","Naïve CD8 T","SELPLG","SELL",0.422568698849224,3,"SELPLG_SELL","SELPLG - SELL","SELPLG","Cell-Cell Contact","PMC2431087; PMID:  8892633,PMID:  8896607","Tem -> Naïve CD8 T (PBMC_Early)",0.0938104413750993,"Tem -> Naïve CD8 T","PBMC_Early"
"Th17like_INNATE_T","Naïve CD8 T","SELPLG","SELL",0.423980804461059,3,"SELPLG_SELL","SELPLG - SELL","SELPLG","Cell-Cell Contact","PMC2431087; PMID:  8892633,PMID:  8896607","Th17like_INNATE_T -> Naïve CD8 T (PBMC_Early)",0.0945527550614392,"Th17like_INNATE_T -> Naïve CD8 T","PBMC_Early"
"Treg","Naïve CD8 T","SELPLG","SELL",0.445813993743492,3,"SELPLG_SELL","SELPLG - SELL","SELPLG","Cell-Cell Contact","PMC2431087; PMID:  8892633,PMID:  8896607","Treg -> Naïve CD8 T (PBMC_Early)",0.1061302722417,"Treg -> Naïve CD8 T","PBMC_Early"
"abTentry","NK T","SELPLG","SELL",0.249392670758449,3,"SELPLG_SELL","SELPLG - SELL","SELPLG","Cell-Cell Contact","PMC2431087; PMID:  8892633,PMID:  8896607","abTentry -> NK T (PBMC_Early)",0.0181380936337009,"abTentry -> NK T","PBMC_Early"
"CD14+PPBP+ Monocytes","NK T","SELPLG","SELL",0.219050181167599,3,"SELPLG_SELL","SELPLG - SELL","SELPLG","Cell-Cell Contact","PMC2431087; PMID:  8892633,PMID:  8896607","CD14+PPBP+ Monocytes -> NK T (PBMC_Early)",0.0104081721864131,"CD14+PPBP+ Monocytes -> NK T","PBMC_Early"
"Classical Monocytes","NK T","SELPLG","SELL",0.230914575102712,3,"SELPLG_SELL","SELPLG - SELL","SELPLG","Cell-Cell Contact","PMC2431087; PMID:  8892633,PMID:  8896607","Classical Monocytes -> NK T (PBMC_Early)",0.0131595729054723,"Classical Monocytes -> NK T","PBMC_Early"
"CX3CR1+ NK","NK T","SELPLG","SELL",0.335297995667397,3,"SELPLG_SELL","SELPLG - SELL","SELPLG","Cell-Cell Contact","PMC2431087; PMID:  8892633,PMID:  8896607","CX3CR1+ NK -> NK T (PBMC_Early)",0.0506699804367454,"CX3CR1+ NK -> NK T","PBMC_Early"
"Cycling Treg","NK T","SELPLG","SELL",0.249180126094687,3,"SELPLG_SELL","SELPLG - SELL","SELPLG","Cell-Cell Contact","PMC2431087; PMID:  8892633,PMID:  8896607","Cycling Treg -> NK T (PBMC_Early)",0.0180761634625976,"Cycling Treg -> NK T","PBMC_Early"
"DC1","NK T","SELPLG","SELL",0.338063893168588,3,"SELPLG_SELL","SELPLG - SELL","SELPLG","Cell-Cell Contact","PMC2431087; PMID:  8892633,PMID:  8896607","DC1 -> NK T (PBMC_Early)",0.0519215829915971,"DC1 -> NK T","PBMC_Early"
"DC2","NK T","SELPLG","SELL",0.277732791677713,3,"SELPLG_SELL","SELPLG - SELL","SELPLG","Cell-Cell Contact","PMC2431087; PMID:  8892633,PMID:  8896607","DC2 -> NK T (PBMC_Early)",0.0273077942386526,"DC2 -> NK T","PBMC_Early"
"Gamma Delta V1 T","NK T","SELPLG","SELL",0.311712643416712,3,"SELPLG_SELL","SELPLG - SELL","SELPLG","Cell-Cell Contact","PMC2431087; PMID:  8892633,PMID:  8896607","Gamma Delta V1 T -> NK T (PBMC_Early)",0.0404340552808853,"Gamma Delta V1 T -> NK T","PBMC_Early"
"Gamma Delta V2 T","NK T","SELPLG","SELL",0.311478485086326,3,"SELPLG_SELL","SELPLG - SELL","SELPLG","Cell-Cell Contact","PMC2431087; PMID:  8892633,PMID:  8896607","Gamma Delta V2 T -> NK T (PBMC_Early)",0.0403366570994568,"Gamma Delta V2 T -> NK T","PBMC_Early"
"GNG4 +CD8aa+T","NK T","SELPLG","SELL",0.224482260796021,2,"SELPLG_SELL","SELPLG - SELL","SELPLG","Cell-Cell Contact","PMC2431087; PMID:  8892633,PMID:  8896607","GNG4 +CD8aa+T -> NK T (PBMC_Early)",0.0116238648590451,"GNG4 +CD8aa+T -> NK T","PBMC_Early"
"HSC_MPP","NK T","SELPLG","SELL",0.204231655685373,3,"SELPLG_SELL","SELPLG - SELL","SELPLG","Cell-Cell Contact","PMC2431087; PMID:  8892633,PMID:  8896607","HSC_MPP -> NK T (PBMC_Early)",0.00747343465031125,"HSC_MPP -> NK T","PBMC_Early"
"ILC2/3","NK T","SELPLG","SELL",0.303086052413713,3,"SELPLG_SELL","SELPLG - SELL","SELPLG","Cell-Cell Contact","PMC2431087; PMID:  8892633,PMID:  8896607","ILC2/3 -> NK T (PBMC_Early)",0.0369055622473091,"ILC2/3 -> NK T","PBMC_Early"
"Macrophages","NK T","SELPLG","SELL",0.207276210566576,2,"SELPLG_SELL","SELPLG - SELL","SELPLG","Cell-Cell Contact","PMC2431087; PMID:  8892633,PMID:  8896607","Macrophages -> NK T (PBMC_Early)",0.00803072614291253,"Macrophages -> NK T","PBMC_Early"
"MEMP","NK T","SELPLG","SELL",0.252439519618763,3,"SELPLG_SELL","SELPLG - SELL","SELPLG","Cell-Cell Contact","PMC2431087; PMID:  8892633,PMID:  8896607","MEMP -> NK T (PBMC_Early)",0.0190374938132446,"MEMP -> NK T","PBMC_Early"
"MEP","NK T","SELPLG","SELL",0.204347510217938,3,"SELPLG_SELL","SELPLG - SELL","SELPLG","Cell-Cell Contact","PMC2431087; PMID:  8892633,PMID:  8896607","MEP -> NK T (PBMC_Early)",0.00749420978287521,"MEP -> NK T","PBMC_Early"
"Naïve CD4 T","NK T","SELPLG","SELL",0.314398531623666,3,"SELPLG_SELL","SELPLG - SELL","SELPLG","Cell-Cell Contact","PMC2431087; PMID:  8892633,PMID:  8896607","Naïve CD4 T -> NK T (PBMC_Early)",0.0415575347374827,"Naïve CD4 T -> NK T","PBMC_Early"
"Naïve CD8 T","NK T","SELPLG","SELL",0.31381973208421,3,"SELPLG_SELL","SELPLG - SELL","SELPLG","Cell-Cell Contact","PMC2431087; PMID:  8892633,PMID:  8896607","Naïve CD8 T -> NK T (PBMC_Early)",0.0413144576859793,"Naïve CD8 T -> NK T","PBMC_Early"
"NK T","NK T","SELPLG","SELL",0.325701643128418,3,"SELPLG_SELL","SELPLG - SELL","SELPLG","Cell-Cell Contact","PMC2431087; PMID:  8892633,PMID:  8896607","NK T -> NK T (PBMC_Early)",0.0464074806449326,"NK T -> NK T","PBMC_Early"
"pDC","NK T","SELPLG","SELL",0.364806193335118,3,"SELPLG_SELL","SELPLG - SELL","SELPLG","Cell-Cell Contact","PMC2431087; PMID:  8892633,PMID:  8896607","pDC -> NK T (PBMC_Early)",0.0644941000025236,"pDC -> NK T","PBMC_Early"
"Tem","NK T","SELPLG","SELL",0.328290094393795,3,"SELPLG_SELL","SELPLG - SELL","SELPLG","Cell-Cell Contact","PMC2431087; PMID:  8892633,PMID:  8896607","Tem -> NK T (PBMC_Early)",0.0475446302427946,"Tem -> NK T","PBMC_Early"
"Th17like_INNATE_T","NK T","SELPLG","SELL",0.329185532114982,3,"SELPLG_SELL","SELPLG - SELL","SELPLG","Cell-Cell Contact","PMC2431087; PMID:  8892633,PMID:  8896607","Th17like_INNATE_T -> NK T (PBMC_Early)",0.0479402143474107,"Th17like_INNATE_T -> NK T","PBMC_Early"
"Treg","NK T","SELPLG","SELL",0.342939320770135,3,"SELPLG_SELL","SELPLG - SELL","SELPLG","Cell-Cell Contact","PMC2431087; PMID:  8892633,PMID:  8896607","Treg -> NK T (PBMC_Early)",0.0541516003883934,"Treg -> NK T","PBMC_Early"
"CD14+PPBP+ Monocytes","Naïve CD8 T","SELPLG","SELL",0.33405522586427,3,"SELPLG_SELL","SELPLG - SELL","SELPLG","Cell-Cell Contact","PMC2431087; PMID:  8892633,PMID:  8896607","CD14+PPBP+ Monocytes -> Naïve CD8 T (PBMC_Late)",0.050110886088778,"CD14+PPBP+ Monocytes -> Naïve CD8 T","PBMC_Late"
"Classical Monocytes","Naïve CD8 T","SELPLG","SELL",0.27232350042275,3,"SELPLG_SELL","SELPLG - SELL","SELPLG","Cell-Cell Contact","PMC2431087; PMID:  8892633,PMID:  8896607","Classical Monocytes -> Naïve CD8 T (PBMC_Late)",0.0254229438940037,"Classical Monocytes -> Naïve CD8 T","PBMC_Late"
"CX3CR1+ NK","Naïve CD8 T","SELPLG","SELL",0.418417565621729,3,"SELPLG_SELL","SELPLG - SELL","SELPLG","Cell-Cell Contact","PMC2431087; PMID:  8892633,PMID:  8896607","CX3CR1+ NK -> Naïve CD8 T (PBMC_Late)",0.0916336218224737,"CX3CR1+ NK -> Naïve CD8 T","PBMC_Late"
"CXCR6+ NK","Naïve CD8 T","SELPLG","SELL",0.330932134789475,3,"SELPLG_SELL","SELPLG - SELL","SELPLG","Cell-Cell Contact","PMC2431087; PMID:  8892633,PMID:  8896607","CXCR6+ NK -> Naïve CD8 T (PBMC_Late)",0.0487150339193276,"CXCR6+ NK -> Naïve CD8 T","PBMC_Late"
"DC1","Naïve CD8 T","SELPLG","SELL",0.416806997321193,3,"SELPLG_SELL","SELPLG - SELL","SELPLG","Cell-Cell Contact","PMC2431087; PMID:  8892633,PMID:  8896607","DC1 -> Naïve CD8 T (PBMC_Late)",0.0907912859612469,"DC1 -> Naïve CD8 T","PBMC_Late"
"DC2","Naïve CD8 T","SELPLG","SELL",0.339669148515533,3,"SELPLG_SELL","SELPLG - SELL","SELPLG","Cell-Cell Contact","PMC2431087; PMID:  8892633,PMID:  8896607","DC2 -> Naïve CD8 T (PBMC_Late)",0.0526525138348525,"DC2 -> Naïve CD8 T","PBMC_Late"
"Gamma Delta V1 T","Naïve CD8 T","SELPLG","SELL",0.283163987765033,3,"SELPLG_SELL","SELPLG - SELL","SELPLG","Cell-Cell Contact","PMC2431087; PMID:  8892633,PMID:  8896607","Gamma Delta V1 T -> Naïve CD8 T (PBMC_Late)",0.0292603324580244,"Gamma Delta V1 T -> Naïve CD8 T","PBMC_Late"
"Gamma Delta V2 T","Naïve CD8 T","SELPLG","SELL",0.278681173457881,3,"SELPLG_SELL","SELPLG - SELL","SELPLG","Cell-Cell Contact","PMC2431087; PMID:  8892633,PMID:  8896607","Gamma Delta V2 T -> Naïve CD8 T (PBMC_Late)",0.0276444596442297,"Gamma Delta V2 T -> Naïve CD8 T","PBMC_Late"
"ILC2/3","Naïve CD8 T","SELPLG","SELL",0.29608412600309,3,"SELPLG_SELL","SELPLG - SELL","SELPLG","Cell-Cell Contact","PMC2431087; PMID:  8892633,PMID:  8896607","ILC2/3 -> Naïve CD8 T (PBMC_Late)",0.0341354623292945,"ILC2/3 -> Naïve CD8 T","PBMC_Late"
"Naïve CD4 T","Naïve CD8 T","SELPLG","SELL",0.285901164065157,3,"SELPLG_SELL","SELPLG - SELL","SELPLG","Cell-Cell Contact","PMC2431087; PMID:  8892633,PMID:  8896607","Naïve CD4 T -> Naïve CD8 T (PBMC_Late)",0.0302665469765852,"Naïve CD4 T -> Naïve CD8 T","PBMC_Late"
"Naïve CD8 T","Naïve CD8 T","SELPLG","SELL",0.369348573783218,3,"SELPLG_SELL","SELPLG - SELL","SELPLG","Cell-Cell Contact","PMC2431087; PMID:  8892633,PMID:  8896607","Naïve CD8 T -> Naïve CD8 T (PBMC_Late)",0.0667053910247245,"Naïve CD8 T -> Naïve CD8 T","PBMC_Late"
"NK T","Naïve CD8 T","SELPLG","SELL",0.288010701972108,3,"SELPLG_SELL","SELPLG - SELL","SELPLG","Cell-Cell Contact","PMC2431087; PMID:  8892633,PMID:  8896607","NK T -> Naïve CD8 T (PBMC_Late)",0.0310519645976066,"NK T -> Naïve CD8 T","PBMC_Late"
"Others","Naïve CD8 T","SELPLG","SELL",0.272776675725677,2,"SELPLG_SELL","SELPLG - SELL","SELPLG","Cell-Cell Contact","PMC2431087; PMID:  8892633,PMID:  8896607","Others -> Naïve CD8 T (PBMC_Late)",0.0255785136338612,"Others -> Naïve CD8 T","PBMC_Late"
"pDC","Naïve CD8 T","SELPLG","SELL",0.466879113055222,3,"SELPLG_SELL","SELPLG - SELL","SELPLG","Cell-Cell Contact","PMC2431087; PMID:  8892633,PMID:  8896607","pDC -> Naïve CD8 T (PBMC_Late)",0.117433616897783,"pDC -> Naïve CD8 T","PBMC_Late"
"Tem","Naïve CD8 T","SELPLG","SELL",0.384665615351834,3,"SELPLG_SELL","SELPLG - SELL","SELPLG","Cell-Cell Contact","PMC2431087; PMID:  8892633,PMID:  8896607","Tem -> Naïve CD8 T (PBMC_Late)",0.074298799522021,"Tem -> Naïve CD8 T","PBMC_Late"
"Th17like_INNATE_T","Naïve CD8 T","SELPLG","SELL",0.382795605486231,3,"SELPLG_SELL","SELPLG - SELL","SELPLG","Cell-Cell Contact","PMC2431087; PMID:  8892633,PMID:  8896607","Th17like_INNATE_T -> Naïve CD8 T (PBMC_Late)",0.0733611930493089,"Th17like_INNATE_T -> Naïve CD8 T","PBMC_Late"
"Treg","Naïve CD8 T","SELPLG","SELL",0.374130257605819,3,"SELPLG_SELL","SELPLG - SELL","SELPLG","Cell-Cell Contact","PMC2431087; PMID:  8892633,PMID:  8896607","Treg -> Naïve CD8 T (PBMC_Late)",0.0690540409064302,"Treg -> Naïve CD8 T","PBMC_Late"
"CD14+PPBP+ Monocytes","NK T","SELPLG","SELL",0.266623841587847,3,"SELPLG_SELL","SELPLG - SELL","SELPLG","Cell-Cell Contact","PMC2431087; PMID:  8892633,PMID:  8896607","CD14+PPBP+ Monocytes -> NK T (PBMC_Late)",0.0235035848090329,"CD14+PPBP+ Monocytes -> NK T","PBMC_Late"
"CX3CR1+ NK","NK T","SELPLG","SELL",0.320147689659844,3,"SELPLG_SELL","SELPLG - SELL","SELPLG","Cell-Cell Contact","PMC2431087; PMID:  8892633,PMID:  8896607","CX3CR1+ NK -> NK T (PBMC_Late)",0.0440003195093059,"CX3CR1+ NK -> NK T","PBMC_Late"
"CXCR6+ NK","NK T","SELPLG","SELL",0.264575962200564,3,"SELPLG_SELL","SELPLG - SELL","SELPLG","Cell-Cell Contact","PMC2431087; PMID:  8892633,PMID:  8896607","CXCR6+ NK -> NK T (PBMC_Late)",0.0228310721467175,"CXCR6+ NK -> NK T","PBMC_Late"
"DC1","NK T","SELPLG","SELL",0.319154852680323,2,"SELPLG_SELL","SELPLG - SELL","SELPLG","Cell-Cell Contact","PMC2431087; PMID:  8892633,PMID:  8896607","DC1 -> NK T (PBMC_Late)",0.0435748448796983,"DC1 -> NK T","PBMC_Late"
"DC2","NK T","SELPLG","SELL",0.270291828990047,3,"SELPLG_SELL","SELPLG - SELL","SELPLG","Cell-Cell Contact","PMC2431087; PMID:  8892633,PMID:  8896607","DC2 -> NK T (PBMC_Late)",0.0247308238388214,"DC2 -> NK T","PBMC_Late"
"Naïve CD8 T","NK T","SELPLG","SELL",0.289415869661245,3,"SELPLG_SELL","SELPLG - SELL","SELPLG","Cell-Cell Contact","PMC2431087; PMID:  8892633,PMID:  8896607","Naïve CD8 T -> NK T (PBMC_Late)",0.0315798650160159,"Naïve CD8 T -> NK T","PBMC_Late"
"pDC","NK T","SELPLG","SELL",0.34957591242414,3,"SELPLG_SELL","SELPLG - SELL","SELPLG","Cell-Cell Contact","PMC2431087; PMID:  8892633,PMID:  8896607","pDC -> NK T (PBMC_Late)",0.0572338944151566,"pDC -> NK T","PBMC_Late"
"Tem","NK T","SELPLG","SELL",0.299120613473396,3,"SELPLG_SELL","SELPLG - SELL","SELPLG","Cell-Cell Contact","PMC2431087; PMID:  8892633,PMID:  8896607","Tem -> NK T (PBMC_Late)",0.0353261067482489,"Tem -> NK T","PBMC_Late"
"Th17like_INNATE_T","NK T","SELPLG","SELL",0.297941474469319,3,"SELPLG_SELL","SELPLG - SELL","SELPLG","Cell-Cell Contact","PMC2431087; PMID:  8892633,PMID:  8896607","Th17like_INNATE_T -> NK T (PBMC_Late)",0.0348617907986633,"Th17like_INNATE_T -> NK T","PBMC_Late"
"Treg","NK T","SELPLG","SELL",0.292457015757713,3,"SELPLG_SELL","SELPLG - SELL","SELPLG","Cell-Cell Contact","PMC2431087; PMID:  8892633,PMID:  8896607","Treg -> NK T (PBMC_Late)",0.0327351484633787,"Treg -> NK T","PBMC_Late"
"Macrophages","Naïve CD8 T","SIGLEC1","SPN",0.167985097514393,3,"SIGLEC1_SPN","SIGLEC1 - SPN","SN","Cell-Cell Contact","KEGG: hsa04514; PMID: 11238599","Macrophages -> Naïve CD8 T (PBMC_Early)",0.00259827112569099,"Macrophages -> Naïve CD8 T","PBMC_Early"
"Macrophages","NK T","SIGLEC1","SPN",0.180093487819161,3,"SIGLEC1_SPN","SIGLEC1 - SPN","SN","Cell-Cell Contact","KEGG: hsa04514; PMID: 11238599","Macrophages -> NK T (PBMC_Early)",0.00387708526938649,"Macrophages -> NK T","PBMC_Early"
"Macrophages","NK T","SIGLEC1","SPN",0.253741158717174,3,"SIGLEC1_SPN","SIGLEC1 - SPN","SN","Cell-Cell Contact","KEGG: hsa04514; PMID: 11238599","Macrophages -> NK T (PBMC_Late)",0.0194283096825749,"Macrophages -> NK T","PBMC_Late"
