"source","target","ligand","receptor","prob","pval","interaction_name","interaction_name_2","pathway_name","annotation","evidence","source.target","prob.original","group.names","dataset"
"CD14+PPBP+ Monocytes","Naïve CD8 T","HLA-A","CD8A",0.515076609455184,"p<0.01","HLA-A_CD8A","HLA-A - CD8A","MHC-I","Cell-Cell Contact","KEGG: hsa04514","CD14+PPBP+ Monocytes -> Naïve CD8 T (PBMC_Early)",0.14349447177498,"CD14+PPBP+ Monocytes -> Naïve CD8 T","PBMC_Early:Naïve CD8 T"
"CD56highCD16low NK","Naïve CD8 T","HLA-A","CD8A",0.466383407590501,"p<0.01","HLA-A_CD8A","HLA-A - CD8A","MHC-I","Cell-Cell Contact","KEGG: hsa04514","CD56highCD16low NK -> Naïve CD8 T (PBMC_Early)",0.117166578105133,"CD56highCD16low NK -> Naïve CD8 T","PBMC_Early:Naïve CD8 T"
"Classical Monocytes","Naïve CD8 T","HLA-A","CD8A",0.497561629465403,"p<0.01","HLA-A_CD8A","HLA-A - CD8A","MHC-I","Cell-Cell Contact","KEGG: hsa04514","Classical Monocytes -> Naïve CD8 T (PBMC_Early)",0.13401530348432,"Classical Monocytes -> Naïve CD8 T","PBMC_Early:Naïve CD8 T"
"CX3CR1+ NK","Naïve CD8 T","HLA-A","CD8A",0.600196135367581,"p<0.01","HLA-A_CD8A","HLA-A - CD8A","MHC-I","Cell-Cell Contact","KEGG: hsa04514","CX3CR1+ NK -> Naïve CD8 T (PBMC_Early)",0.188978500522801,"CX3CR1+ NK -> Naïve CD8 T","PBMC_Early:Naïve CD8 T"
"CXCR5- Naïve B","Naïve CD8 T","HLA-A","CD8A",0.510174065435971,"p<0.01","HLA-A_CD8A","HLA-A - CD8A","MHC-I","Cell-Cell Contact","KEGG: hsa04514","CXCR5- Naïve B -> Naïve CD8 T (PBMC_Early)",0.140842178486281,"CXCR5- Naïve B -> Naïve CD8 T","PBMC_Early:Naïve CD8 T"
"CXCR5+ Naïve B","Naïve CD8 T","HLA-A","CD8A",0.526353643569846,"p<0.01","HLA-A_CD8A","HLA-A - CD8A","MHC-I","Cell-Cell Contact","KEGG: hsa04514","CXCR5+ Naïve B -> Naïve CD8 T (PBMC_Early)",0.149589058192572,"CXCR5+ Naïve B -> Naïve CD8 T","PBMC_Early:Naïve CD8 T"
"CXCR6+ NK","Naïve CD8 T","HLA-A","CD8A",0.58703120190359,"p<0.01","HLA-A_CD8A","HLA-A - CD8A","MHC-I","Cell-Cell Contact","KEGG: hsa04514","CXCR6+ NK -> Naïve CD8 T (PBMC_Early)",0.182047622478424,"CXCR6+ NK -> Naïve CD8 T","PBMC_Early:Naïve CD8 T"
"DC2","Naïve CD8 T","HLA-A","CD8A",0.458132753146995,"p<0.01","HLA-A_CD8A","HLA-A - CD8A","MHC-I","Cell-Cell Contact","KEGG: hsa04514","DC2 -> Naïve CD8 T (PBMC_Early)",0.112728452460983,"DC2 -> Naïve CD8 T","PBMC_Early:Naïve CD8 T"
"Gamma Delta V1 T","Naïve CD8 T","HLA-A","CD8A",0.579594918062945,"p<0.01","HLA-A_CD8A","HLA-A - CD8A","MHC-I","Cell-Cell Contact","KEGG: hsa04514","Gamma Delta V1 T -> Naïve CD8 T (PBMC_Early)",0.178111959564094,"Gamma Delta V1 T -> Naïve CD8 T","PBMC_Early:Naïve CD8 T"
"Gamma Delta V2 T","Naïve CD8 T","HLA-A","CD8A",0.589347961809221,"p<0.01","HLA-A_CD8A","HLA-A - CD8A","MHC-I","Cell-Cell Contact","KEGG: hsa04514","Gamma Delta V2 T -> Naïve CD8 T (PBMC_Early)",0.183270795819818,"Gamma Delta V2 T -> Naïve CD8 T","PBMC_Early:Naïve CD8 T"
"HSC_MPP","Naïve CD8 T","HLA-A","CD8A",0.405803285235119,"p<0.01","HLA-A_CD8A","HLA-A - CD8A","MHC-I","Cell-Cell Contact","KEGG: hsa04514","HSC_MPP -> Naïve CD8 T (PBMC_Early)",0.0850727792344823,"HSC_MPP -> Naïve CD8 T","PBMC_Early:Naïve CD8 T"
"ILC2/3","Naïve CD8 T","HLA-A","CD8A",0.533010131751747,"p<0.01","HLA-A_CD8A","HLA-A - CD8A","MHC-I","Cell-Cell Contact","KEGG: hsa04514","ILC2/3 -> Naïve CD8 T (PBMC_Early)",0.1531807098299,"ILC2/3 -> Naïve CD8 T","PBMC_Early:Naïve CD8 T"
"Late_ERY","Naïve CD8 T","HLA-A","CD8A",0.256617842699602,"p<0.01","HLA-A_CD8A","HLA-A - CD8A","MHC-I","Cell-Cell Contact","KEGG: hsa04514","Late_ERY -> Naïve CD8 T (PBMC_Early)",0.0203058721427289,"Late_ERY -> Naïve CD8 T","PBMC_Early:Naïve CD8 T"
"Megakaryocytes","Naïve CD8 T","HLA-A","CD8A",0.502362916803578,"p<0.01","HLA-A_CD8A","HLA-A - CD8A","MHC-I","Cell-Cell Contact","KEGG: hsa04514","Megakaryocytes -> Naïve CD8 T (PBMC_Early)",0.136614417818405,"Megakaryocytes -> Naïve CD8 T","PBMC_Early:Naïve CD8 T"
"MEMP","Naïve CD8 T","HLA-A","CD8A",0.312856005044971,"p<0.01","HLA-A_CD8A","HLA-A - CD8A","MHC-I","Cell-Cell Contact","KEGG: hsa04514","MEMP -> Naïve CD8 T (PBMC_Early)",0.0409109037292346,"MEMP -> Naïve CD8 T","PBMC_Early:Naïve CD8 T"
"MEP","Naïve CD8 T","HLA-A","CD8A",0.306508136974137,"p<0.01","HLA-A_CD8A","HLA-A - CD8A","MHC-I","Cell-Cell Contact","KEGG: hsa04514","MEP -> Naïve CD8 T (PBMC_Early)",0.038290397733401,"MEP -> Naïve CD8 T","PBMC_Early:Naïve CD8 T"
"Myeloid-CD177","Naïve CD8 T","HLA-A","CD8A",0.308823465617081,"p<0.01","HLA-A_CD8A","HLA-A - CD8A","MHC-I","Cell-Cell Contact","KEGG: hsa04514","Myeloid-CD177 -> Naïve CD8 T (PBMC_Early)",0.0392385378383333,"Myeloid-CD177 -> Naïve CD8 T","PBMC_Early:Naïve CD8 T"
"Naïve CD4 T","Naïve CD8 T","HLA-A","CD8A",0.574461152725006,"p<0.01","HLA-A_CD8A","HLA-A - CD8A","MHC-I","Cell-Cell Contact","KEGG: hsa04514","Naïve CD4 T -> Naïve CD8 T (PBMC_Early)",0.175386749328371,"Naïve CD4 T -> Naïve CD8 T","PBMC_Early:Naïve CD8 T"
"Naïve CD8 T","Naïve CD8 T","HLA-A","CD8A",0.587829594102513,"p<0.01","HLA-A_CD8A","HLA-A - CD8A","MHC-I","Cell-Cell Contact","KEGG: hsa04514","Naïve CD8 T -> Naïve CD8 T (PBMC_Early)",0.182469310408653,"Naïve CD8 T -> Naïve CD8 T","PBMC_Early:Naïve CD8 T"
"NK T","Naïve CD8 T","HLA-A","CD8A",0.606230088844767,"p<0.01","HLA-A_CD8A","HLA-A - CD8A","MHC-I","Cell-Cell Contact","KEGG: hsa04514","NK T -> Naïve CD8 T (PBMC_Early)",0.192138519352353,"NK T -> Naïve CD8 T","PBMC_Early:Naïve CD8 T"
"pDC","Naïve CD8 T","HLA-A","CD8A",0.403715834528041,"p<0.01","HLA-A_CD8A","HLA-A - CD8A","MHC-I","Cell-Cell Contact","KEGG: hsa04514","pDC -> Naïve CD8 T (PBMC_Early)",0.0839956901211989,"pDC -> Naïve CD8 T","PBMC_Early:Naïve CD8 T"
"Pro-B","Naïve CD8 T","HLA-A","CD8A",0.465782636236795,"p<0.01","HLA-A_CD8A","HLA-A - CD8A","MHC-I","Cell-Cell Contact","KEGG: hsa04514","Pro-B -> Naïve CD8 T (PBMC_Early)",0.116842994743991,"Pro-B -> Naïve CD8 T","PBMC_Early:Naïve CD8 T"
"Tem","Naïve CD8 T","HLA-A","CD8A",0.585283699652895,"p<0.01","HLA-A_CD8A","HLA-A - CD8A","MHC-I","Cell-Cell Contact","KEGG: hsa04514","Tem -> Naïve CD8 T (PBMC_Early)",0.181124049617108,"Tem -> Naïve CD8 T","PBMC_Early:Naïve CD8 T"
"Th17like_INNATE_T","Naïve CD8 T","HLA-A","CD8A",0.603366652300139,"p<0.01","HLA-A_CD8A","HLA-A - CD8A","MHC-I","Cell-Cell Contact","KEGG: hsa04514","Th17like_INNATE_T -> Naïve CD8 T (PBMC_Early)",0.1906402688846,"Th17like_INNATE_T -> Naïve CD8 T","PBMC_Early:Naïve CD8 T"
"Treg","Naïve CD8 T","HLA-A","CD8A",0.613349487141182,"p<0.01","HLA-A_CD8A","HLA-A - CD8A","MHC-I","Cell-Cell Contact","KEGG: hsa04514","Treg -> Naïve CD8 T (PBMC_Early)",0.195852815771757,"Treg -> Naïve CD8 T","PBMC_Early:Naïve CD8 T"
"CD14+PPBP+ Monocytes","Naïve CD8 T","HLA-A","CD8A",0.513717671244024,"p<0.01","HLA-A_CD8A","HLA-A - CD8A","MHC-I","Cell-Cell Contact","KEGG: hsa04514","CD14+PPBP+ Monocytes -> Naïve CD8 T (PBMC_Late)",0.142759410046332,"CD14+PPBP+ Monocytes -> Naïve CD8 T","PBMC_Late:Naïve CD8 T"
"CD56highCD16low NK","Naïve CD8 T","HLA-A","CD8A",0.470705491234607,"p<0.01","HLA-A_CD8A","HLA-A - CD8A","MHC-I","Cell-Cell Contact","KEGG: hsa04514","CD56highCD16low NK -> Naïve CD8 T (PBMC_Late)",0.119496207078668,"CD56highCD16low NK -> Naïve CD8 T","PBMC_Late:Naïve CD8 T"
"Classical Monocytes","Naïve CD8 T","HLA-A","CD8A",0.493383908156981,"p<0.01","HLA-A_CD8A","HLA-A - CD8A","MHC-I","Cell-Cell Contact","KEGG: hsa04514","Classical Monocytes -> Naïve CD8 T (PBMC_Late)",0.13175393240337,"Classical Monocytes -> Naïve CD8 T","PBMC_Late:Naïve CD8 T"
"CX3CR1+ NK","Naïve CD8 T","HLA-A","CD8A",0.584262478946822,"p<0.01","HLA-A_CD8A","HLA-A - CD8A","MHC-I","Cell-Cell Contact","KEGG: hsa04514","CX3CR1+ NK -> Naïve CD8 T (PBMC_Late)",0.18058395110291,"CX3CR1+ NK -> Naïve CD8 T","PBMC_Late:Naïve CD8 T"
"CXCR5- Naïve B","Naïve CD8 T","HLA-A","CD8A",0.495554272790068,"p<0.01","HLA-A_CD8A","HLA-A - CD8A","MHC-I","Cell-Cell Contact","KEGG: hsa04514","CXCR5- Naïve B -> Naïve CD8 T (PBMC_Late)",0.132928692220689,"CXCR5- Naïve B -> Naïve CD8 T","PBMC_Late:Naïve CD8 T"
"CXCR5+ Naïve B","Naïve CD8 T","HLA-A","CD8A",0.503241076189363,"p<0.01","HLA-A_CD8A","HLA-A - CD8A","MHC-I","Cell-Cell Contact","KEGG: hsa04514","CXCR5+ Naïve B -> Naïve CD8 T (PBMC_Late)",0.13708978667751,"CXCR5+ Naïve B -> Naïve CD8 T","PBMC_Late:Naïve CD8 T"
"CXCR6+ NK","Naïve CD8 T","HLA-A","CD8A",0.555540216557934,"p<0.01","HLA-A_CD8A","HLA-A - CD8A","MHC-I","Cell-Cell Contact","KEGG: hsa04514","CXCR6+ NK -> Naïve CD8 T (PBMC_Late)",0.165290673116526,"CXCR6+ NK -> Naïve CD8 T","PBMC_Late:Naïve CD8 T"
"DC2","Naïve CD8 T","HLA-A","CD8A",0.485772703479976,"p<0.01","HLA-A_CD8A","HLA-A - CD8A","MHC-I","Cell-Cell Contact","KEGG: hsa04514","DC2 -> Naïve CD8 T (PBMC_Late)",0.127635601210738,"DC2 -> Naïve CD8 T","PBMC_Late:Naïve CD8 T"
"Early_ERY","Naïve CD8 T","HLA-A","CD8A",0.224703045539168,"p<0.01","HLA-A_CD8A","HLA-A - CD8A","MHC-I","Cell-Cell Contact","KEGG: hsa04514","Early_ERY -> Naïve CD8 T (PBMC_Late)",0.0116748542034976,"Early_ERY -> Naïve CD8 T","PBMC_Late:Naïve CD8 T"
"Gamma Delta V1 T","Naïve CD8 T","HLA-A","CD8A",0.548704235039491,"p<0.01","HLA-A_CD8A","HLA-A - CD8A","MHC-I","Cell-Cell Contact","KEGG: hsa04514","Gamma Delta V1 T -> Naïve CD8 T (PBMC_Late)",0.161625159628147,"Gamma Delta V1 T -> Naïve CD8 T","PBMC_Late:Naïve CD8 T"
"Gamma Delta V2 T","Naïve CD8 T","HLA-A","CD8A",0.554927168288479,"p<0.01","HLA-A_CD8A","HLA-A - CD8A","MHC-I","Cell-Cell Contact","KEGG: hsa04514","Gamma Delta V2 T -> Naïve CD8 T (PBMC_Late)",0.164962305905407,"Gamma Delta V2 T -> Naïve CD8 T","PBMC_Late:Naïve CD8 T"
"HSC_MPP","Naïve CD8 T","HLA-A","CD8A",0.42351715498368,"p<0.01","HLA-A_CD8A","HLA-A - CD8A","MHC-I","Cell-Cell Contact","KEGG: hsa04514","HSC_MPP -> Naïve CD8 T (PBMC_Late)",0.0943089255959494,"HSC_MPP -> Naïve CD8 T","PBMC_Late:Naïve CD8 T"
"ILC2/3","Naïve CD8 T","HLA-A","CD8A",0.537732666311602,"p<0.01","HLA-A_CD8A","HLA-A - CD8A","MHC-I","Cell-Cell Contact","KEGG: hsa04514","ILC2/3 -> Naïve CD8 T (PBMC_Late)",0.155725547856943,"ILC2/3 -> Naïve CD8 T","PBMC_Late:Naïve CD8 T"
"Megakaryocytes","Naïve CD8 T","HLA-A","CD8A",0.543777952989981,"p<0.01","HLA-A_CD8A","HLA-A - CD8A","MHC-I","Cell-Cell Contact","KEGG: hsa04514","Megakaryocytes -> Naïve CD8 T (PBMC_Late)",0.158978561123558,"Megakaryocytes -> Naïve CD8 T","PBMC_Late:Naïve CD8 T"
"MEMP","Naïve CD8 T","HLA-A","CD8A",0.361178312332957,"p<0.01","HLA-A_CD8A","HLA-A - CD8A","MHC-I","Cell-Cell Contact","KEGG: hsa04514","MEMP -> Naïve CD8 T (PBMC_Late)",0.0627425443479423,"MEMP -> Naïve CD8 T","PBMC_Late:Naïve CD8 T"
"MEP","Naïve CD8 T","HLA-A","CD8A",0.39598174372958,"p<0.01","HLA-A_CD8A","HLA-A - CD8A","MHC-I","Cell-Cell Contact","KEGG: hsa04514","MEP -> Naïve CD8 T (PBMC_Late)",0.0800287807975906,"MEP -> Naïve CD8 T","PBMC_Late:Naïve CD8 T"
"Naïve CD4 T","Naïve CD8 T","HLA-A","CD8A",0.527267696024246,"p<0.01","HLA-A_CD8A","HLA-A - CD8A","MHC-I","Cell-Cell Contact","KEGG: hsa04514","Naïve CD4 T -> Naïve CD8 T (PBMC_Late)",0.150082547250435,"Naïve CD4 T -> Naïve CD8 T","PBMC_Late:Naïve CD8 T"
"Naïve CD8 T","Naïve CD8 T","HLA-A","CD8A",0.536279443855549,"p<0.01","HLA-A_CD8A","HLA-A - CD8A","MHC-I","Cell-Cell Contact","KEGG: hsa04514","Naïve CD8 T -> Naïve CD8 T (PBMC_Late)",0.154942766315735,"Naïve CD8 T -> Naïve CD8 T","PBMC_Late:Naïve CD8 T"
"NK T","Naïve CD8 T","HLA-A","CD8A",0.568972946495692,"p<0.01","HLA-A_CD8A","HLA-A - CD8A","MHC-I","Cell-Cell Contact","KEGG: hsa04514","NK T -> Naïve CD8 T (PBMC_Late)",0.172466406160865,"NK T -> Naïve CD8 T","PBMC_Late:Naïve CD8 T"
"pDC","Naïve CD8 T","HLA-A","CD8A",0.458323556460578,"p<0.01","HLA-A_CD8A","HLA-A - CD8A","MHC-I","Cell-Cell Contact","KEGG: hsa04514","pDC -> Naïve CD8 T (PBMC_Late)",0.112830935801735,"pDC -> Naïve CD8 T","PBMC_Late:Naïve CD8 T"
"Pro-B","Naïve CD8 T","HLA-A","CD8A",0.483201130940243,"p<0.01","HLA-A_CD8A","HLA-A - CD8A","MHC-I","Cell-Cell Contact","KEGG: hsa04514","Pro-B -> Naïve CD8 T (PBMC_Late)",0.126244903487566,"Pro-B -> Naïve CD8 T","PBMC_Late:Naïve CD8 T"
"Tem","Naïve CD8 T","HLA-A","CD8A",0.541342206566433,"p<0.01","HLA-A_CD8A","HLA-A - CD8A","MHC-I","Cell-Cell Contact","KEGG: hsa04514","Tem -> Naïve CD8 T (PBMC_Late)",0.157668529985882,"Tem -> Naïve CD8 T","PBMC_Late:Naïve CD8 T"
"Th17like_INNATE_T","Naïve CD8 T","HLA-A","CD8A",0.541639935000157,"p<0.01","HLA-A_CD8A","HLA-A - CD8A","MHC-I","Cell-Cell Contact","KEGG: hsa04514","Th17like_INNATE_T -> Naïve CD8 T (PBMC_Late)",0.157828708136599,"Th17like_INNATE_T -> Naïve CD8 T","PBMC_Late:Naïve CD8 T"
"Treg","Naïve CD8 T","HLA-A","CD8A",0.552440501346463,"p<0.01","HLA-A_CD8A","HLA-A - CD8A","MHC-I","Cell-Cell Contact","KEGG: hsa04514","Treg -> Naïve CD8 T (PBMC_Late)",0.16362964191652,"Treg -> Naïve CD8 T","PBMC_Late:Naïve CD8 T"
"CD14+PPBP+ Monocytes","Naïve CD8 T","HLA-A","CD8B",0.565116247331509,"p<0.01","HLA-A_CD8B","HLA-A - CD8B","MHC-I","Cell-Cell Contact","KEGG: hsa04514","CD14+PPBP+ Monocytes -> Naïve CD8 T (PBMC_Early)",0.170410094812404,"CD14+PPBP+ Monocytes -> Naïve CD8 T","PBMC_Early:Naïve CD8 T"
"CD56highCD16low NK","Naïve CD8 T","HLA-A","CD8B",0.508526763223038,"p<0.01","HLA-A_CD8B","HLA-A - CD8B","MHC-I","Cell-Cell Contact","KEGG: hsa04514","CD56highCD16low NK -> Naïve CD8 T (PBMC_Early)",0.139950730984873,"CD56highCD16low NK -> Naïve CD8 T","PBMC_Early:Naïve CD8 T"
"Classical Monocytes","Naïve CD8 T","HLA-A","CD8B",0.544718126770069,"p<0.01","HLA-A_CD8B","HLA-A - CD8B","MHC-I","Cell-Cell Contact","KEGG: hsa04514","Classical Monocytes -> Naïve CD8 T (PBMC_Early)",0.15948396980092,"Classical Monocytes -> Naïve CD8 T","PBMC_Early:Naïve CD8 T"
"CX3CR1+ NK","Naïve CD8 T","HLA-A","CD8B",0.66483956143246,"p<0.01","HLA-A_CD8B","HLA-A - CD8B","MHC-I","Cell-Cell Contact","KEGG: hsa04514","CX3CR1+ NK -> Naïve CD8 T (PBMC_Early)",0.222212247385608,"CX3CR1+ NK -> Naïve CD8 T","PBMC_Early:Naïve CD8 T"
"CXCR5- Naïve B","Naïve CD8 T","HLA-A","CD8B",0.559402079313956,"p<0.01","HLA-A_CD8B","HLA-A - CD8B","MHC-I","Cell-Cell Contact","KEGG: hsa04514","CXCR5- Naïve B -> Naïve CD8 T (PBMC_Early)",0.167357512987137,"CXCR5- Naïve B -> Naïve CD8 T","PBMC_Early:Naïve CD8 T"
"CXCR5+ Naïve B","Naïve CD8 T","HLA-A","CD8B",0.578273404918042,"p<0.01","HLA-A_CD8B","HLA-A - CD8B","MHC-I","Cell-Cell Contact","KEGG: hsa04514","CXCR5+ Naïve B -> Naïve CD8 T (PBMC_Early)",0.177411067929769,"CXCR5+ Naïve B -> Naïve CD8 T","PBMC_Early:Naïve CD8 T"
"CXCR6+ NK","Naïve CD8 T","HLA-A","CD8B",0.649357725142694,"p<0.01","HLA-A_CD8B","HLA-A - CD8B","MHC-I","Cell-Cell Contact","KEGG: hsa04514","CXCR6+ NK -> Naïve CD8 T (PBMC_Early)",0.214384698936165,"CXCR6+ NK -> Naïve CD8 T","PBMC_Early:Naïve CD8 T"
"DC2","Naïve CD8 T","HLA-A","CD8B",0.498976697944682,"p<0.01","HLA-A_CD8B","HLA-A - CD8B","MHC-I","Cell-Cell Contact","KEGG: hsa04514","DC2 -> Naïve CD8 T (PBMC_Early)",0.134781328517656,"DC2 -> Naïve CD8 T","PBMC_Early:Naïve CD8 T"
"Gamma Delta V1 T","Naïve CD8 T","HLA-A","CD8B",0.640621496889664,"p<0.01","HLA-A_CD8B","HLA-A - CD8B","MHC-I","Cell-Cell Contact","KEGG: hsa04514","Gamma Delta V1 T -> Naïve CD8 T (PBMC_Early)",0.209929368432288,"Gamma Delta V1 T -> Naïve CD8 T","PBMC_Early:Naïve CD8 T"
"Gamma Delta V2 T","Naïve CD8 T","HLA-A","CD8B",0.65208078870308,"p<0.01","HLA-A_CD8B","HLA-A - CD8B","MHC-I","Cell-Cell Contact","KEGG: hsa04514","Gamma Delta V2 T -> Naïve CD8 T (PBMC_Early)",0.215767830046161,"Gamma Delta V2 T -> Naïve CD8 T","PBMC_Early:Naïve CD8 T"
"HSC_MPP","Naïve CD8 T","HLA-A","CD8B",0.438700381485667,"p<0.01","HLA-A_CD8B","HLA-A - CD8B","MHC-I","Cell-Cell Contact","KEGG: hsa04514","HSC_MPP -> Naïve CD8 T (PBMC_Early)",0.102339448473413,"HSC_MPP -> Naïve CD8 T","PBMC_Early:Naïve CD8 T"
"ILC2/3","Naïve CD8 T","HLA-A","CD8B",0.58604808845722,"p<0.01","HLA-A_CD8B","HLA-A - CD8B","MHC-I","Cell-Cell Contact","KEGG: hsa04514","ILC2/3 -> Naïve CD8 T (PBMC_Early)",0.181528136505727,"ILC2/3 -> Naïve CD8 T","PBMC_Early:Naïve CD8 T"
"Late_ERY","Naïve CD8 T","HLA-A","CD8B",0.270446773742743,"p<0.01","HLA-A_CD8B","HLA-A - CD8B","MHC-I","Cell-Cell Contact","KEGG: hsa04514","Late_ERY -> Naïve CD8 T (PBMC_Early)",0.0247832998831694,"Late_ERY -> Naïve CD8 T","PBMC_Early:Naïve CD8 T"
"Megakaryocytes","Naïve CD8 T","HLA-A","CD8B",0.550305156790243,"p<0.01","HLA-A_CD8B","HLA-A - CD8B","MHC-I","Cell-Cell Contact","KEGG: hsa04514","Megakaryocytes -> Naïve CD8 T (PBMC_Early)",0.162484349146188,"Megakaryocytes -> Naïve CD8 T","PBMC_Early:Naïve CD8 T"
"MEMP","Naïve CD8 T","HLA-A","CD8B",0.33314171289161,"p<0.01","HLA-A_CD8B","HLA-A - CD8B","MHC-I","Cell-Cell Contact","KEGG: hsa04514","MEMP -> Naïve CD8 T (PBMC_Early)",0.0497012310811242,"MEMP -> Naïve CD8 T","PBMC_Early:Naïve CD8 T"
"MEP","Naïve CD8 T","HLA-A","CD8B",0.326015821288695,"p<0.01","HLA-A_CD8B","HLA-A - CD8B","MHC-I","Cell-Cell Contact","KEGG: hsa04514","MEP -> Naïve CD8 T (PBMC_Early)",0.04654499499314,"MEP -> Naïve CD8 T","PBMC_Early:Naïve CD8 T"
"Myeloid-CD177","Naïve CD8 T","HLA-A","CD8B",0.328613555932264,"p<0.01","HLA-A_CD8B","HLA-A - CD8B","MHC-I","Cell-Cell Contact","KEGG: hsa04514","Myeloid-CD177 -> Naïve CD8 T (PBMC_Early)",0.0476873986485755,"Myeloid-CD177 -> Naïve CD8 T","PBMC_Early:Naïve CD8 T"
"Naïve CD4 T","Naïve CD8 T","HLA-A","CD8B",0.634594089429895,"p<0.01","HLA-A_CD8B","HLA-A - CD8B","MHC-I","Cell-Cell Contact","KEGG: hsa04514","Naïve CD4 T -> Naïve CD8 T (PBMC_Early)",0.206839850604152,"Naïve CD4 T -> Naïve CD8 T","PBMC_Early:Naïve CD8 T"
"Naïve CD8 T","Naïve CD8 T","HLA-A","CD8B",0.650296066435849,"p<0.01","HLA-A_CD8B","HLA-A - CD8B","MHC-I","Cell-Cell Contact","KEGG: hsa04514","Naïve CD8 T -> Naïve CD8 T (PBMC_Early)",0.214861615152993,"Naïve CD8 T -> Naïve CD8 T","PBMC_Early:Naïve CD8 T"
"NK T","Naïve CD8 T","HLA-A","CD8B",0.671941881424154,"p<0.01","HLA-A_CD8B","HLA-A - CD8B","MHC-I","Cell-Cell Contact","KEGG: hsa04514","NK T -> Naïve CD8 T (PBMC_Early)",0.225773284624373,"NK T -> Naïve CD8 T","PBMC_Early:Naïve CD8 T"
"pDC","Naïve CD8 T","HLA-A","CD8B",0.436307269955101,"p<0.01","HLA-A_CD8B","HLA-A - CD8B","MHC-I","Cell-Cell Contact","KEGG: hsa04514","pDC -> Naïve CD8 T (PBMC_Early)",0.101067898421067,"pDC -> Naïve CD8 T","PBMC_Early:Naïve CD8 T"
"Pro-B","Naïve CD8 T","HLA-A","CD8B",0.507830976907319,"p<0.01","HLA-A_CD8B","HLA-A - CD8B","MHC-I","Cell-Cell Contact","KEGG: hsa04514","Pro-B -> Naïve CD8 T (PBMC_Early)",0.139574171902488,"Pro-B -> Naïve CD8 T","PBMC_Early:Naïve CD8 T"
"Tem","Naïve CD8 T","HLA-A","CD8B",0.647304162063391,"p<0.01","HLA-A_CD8B","HLA-A - CD8B","MHC-I","Cell-Cell Contact","KEGG: hsa04514","Tem -> Naïve CD8 T (PBMC_Early)",0.213339860921729,"Tem -> Naïve CD8 T","PBMC_Early:Naïve CD8 T"
"Th17like_INNATE_T","Naïve CD8 T","HLA-A","CD8B",0.668570950625619,"p<0.01","HLA-A_CD8B","HLA-A - CD8B","MHC-I","Cell-Cell Contact","KEGG: hsa04514","Th17like_INNATE_T -> Naïve CD8 T (PBMC_Early)",0.224085508636149,"Th17like_INNATE_T -> Naïve CD8 T","PBMC_Early:Naïve CD8 T"
"Treg","Naïve CD8 T","HLA-A","CD8B",0.6803269042752,"p<0.01","HLA-A_CD8B","HLA-A - CD8B","MHC-I","Cell-Cell Contact","KEGG: hsa04514","Treg -> Naïve CD8 T (PBMC_Early)",0.229952709495569,"Treg -> Naïve CD8 T","PBMC_Early:Naïve CD8 T"
"CD14+PPBP+ Monocytes","Naïve CD8 T","HLA-A","CD8B",0.585278310852643,"p<0.01","HLA-A_CD8B","HLA-A - CD8B","MHC-I","Cell-Cell Contact","KEGG: hsa04514","CD14+PPBP+ Monocytes -> Naïve CD8 T (PBMC_Late)",0.181121200331856,"CD14+PPBP+ Monocytes -> Naïve CD8 T","PBMC_Late:Naïve CD8 T"
"CD56highCD16low NK","Naïve CD8 T","HLA-A","CD8B",0.532156618865268,"p<0.01","HLA-A_CD8B","HLA-A - CD8B","MHC-I","Cell-Cell Contact","KEGG: hsa04514","CD56highCD16low NK -> Naïve CD8 T (PBMC_Late)",0.152720468118511,"CD56highCD16low NK -> Naïve CD8 T","PBMC_Late:Naïve CD8 T"
"Classical Monocytes","Naïve CD8 T","HLA-A","CD8B",0.560111824613408,"p<0.01","HLA-A_CD8B","HLA-A - CD8B","MHC-I","Cell-Cell Contact","KEGG: hsa04514","Classical Monocytes -> Naïve CD8 T (PBMC_Late)",0.167737038427062,"Classical Monocytes -> Naïve CD8 T","PBMC_Late:Naïve CD8 T"
"CX3CR1+ NK","Naïve CD8 T","HLA-A","CD8B",0.67324614712911,"p<0.01","HLA-A_CD8B","HLA-A - CD8B","MHC-I","Cell-Cell Contact","KEGG: hsa04514","CX3CR1+ NK -> Naïve CD8 T (PBMC_Late)",0.226425152001432,"CX3CR1+ NK -> Naïve CD8 T","PBMC_Late:Naïve CD8 T"
"CXCR5- Naïve B","Naïve CD8 T","HLA-A","CD8B",0.562793572833224,"p<0.01","HLA-A_CD8B","HLA-A - CD8B","MHC-I","Cell-Cell Contact","KEGG: hsa04514","CXCR5- Naïve B -> Naïve CD8 T (PBMC_Late)",0.169170122792613,"CXCR5- Naïve B -> Naïve CD8 T","PBMC_Late:Naïve CD8 T"
"CXCR5+ Naïve B","Naïve CD8 T","HLA-A","CD8B",0.572300195991368,"p<0.01","HLA-A_CD8B","HLA-A - CD8B","MHC-I","Cell-Cell Contact","KEGG: hsa04514","CXCR5+ Naïve B -> Naïve CD8 T (PBMC_Late)",0.174237718263324,"CXCR5+ Naïve B -> Naïve CD8 T","PBMC_Late:Naïve CD8 T"
"CXCR6+ NK","Naïve CD8 T","HLA-A","CD8B",0.637315314134276,"p<0.01","HLA-A_CD8B","HLA-A - CD8B","MHC-I","Cell-Cell Contact","KEGG: hsa04514","CXCR6+ NK -> Naïve CD8 T (PBMC_Late)",0.208236251515289,"CXCR6+ NK -> Naïve CD8 T","PBMC_Late:Naïve CD8 T"
"DC2","Naïve CD8 T","HLA-A","CD8B",0.550715924911092,"p<0.01","HLA-A_CD8B","HLA-A - CD8B","MHC-I","Cell-Cell Contact","KEGG: hsa04514","DC2 -> Naïve CD8 T (PBMC_Late)",0.162704728752082,"DC2 -> Naïve CD8 T","PBMC_Late:Naïve CD8 T"
"Early_ERY","Naïve CD8 T","HLA-A","CD8B",0.239787821429529,"p<0.01","HLA-A_CD8B","HLA-A - CD8B","MHC-I","Cell-Cell Contact","KEGG: hsa04514","Early_ERY -> Naïve CD8 T (PBMC_Late)",0.015446797449878,"Early_ERY -> Naïve CD8 T","PBMC_Late:Naïve CD8 T"
"Gamma Delta V1 T","Naïve CD8 T","HLA-A","CD8B",0.628786013187453,"p<0.01","HLA-A_CD8B","HLA-A - CD8B","MHC-I","Cell-Cell Contact","KEGG: hsa04514","Gamma Delta V1 T -> Naïve CD8 T (PBMC_Late)",0.203850955110987,"Gamma Delta V1 T -> Naïve CD8 T","PBMC_Late:Naïve CD8 T"
"Gamma Delta V2 T","Naïve CD8 T","HLA-A","CD8B",0.636550047745958,"p<0.01","HLA-A_CD8B","HLA-A - CD8B","MHC-I","Cell-Cell Contact","KEGG: hsa04514","Gamma Delta V2 T -> Naïve CD8 T (PBMC_Late)",0.207843812197284,"Gamma Delta V2 T -> Naïve CD8 T","PBMC_Late:Naïve CD8 T"
"HSC_MPP","Naïve CD8 T","HLA-A","CD8B",0.474412635014125,"p<0.01","HLA-A_CD8B","HLA-A - CD8B","MHC-I","Cell-Cell Contact","KEGG: hsa04514","HSC_MPP -> Naïve CD8 T (PBMC_Late)",0.12149651974303,"HSC_MPP -> Naïve CD8 T","PBMC_Late:Naïve CD8 T"
"ILC2/3","Naïve CD8 T","HLA-A","CD8B",0.615115596637335,"p<0.01","HLA-A_CD8B","HLA-A - CD8B","MHC-I","Cell-Cell Contact","KEGG: hsa04514","ILC2/3 -> Naïve CD8 T (PBMC_Late)",0.19677178209445,"ILC2/3 -> Naïve CD8 T","PBMC_Late:Naïve CD8 T"
"Megakaryocytes","Naïve CD8 T","HLA-A","CD8B",0.622645020999827,"p<0.01","HLA-A_CD8B","HLA-A - CD8B","MHC-I","Cell-Cell Contact","KEGG: hsa04514","Megakaryocytes -> Naïve CD8 T (PBMC_Late)",0.200678420874375,"Megakaryocytes -> Naïve CD8 T","PBMC_Late:Naïve CD8 T"
"MEMP","Naïve CD8 T","HLA-A","CD8B",0.399152628494935,"p<0.01","HLA-A_CD8B","HLA-A - CD8B","MHC-I","Cell-Cell Contact","KEGG: hsa04514","MEMP -> Naïve CD8 T (PBMC_Late)",0.0816505016991579,"MEMP -> Naïve CD8 T","PBMC_Late:Naïve CD8 T"
"MEP","Naïve CD8 T","HLA-A","CD8B",0.441013667389608,"p<0.01","HLA-A_CD8B","HLA-A - CD8B","MHC-I","Cell-Cell Contact","KEGG: hsa04514","MEP -> Naïve CD8 T (PBMC_Late)",0.103570429223829,"MEP -> Naïve CD8 T","PBMC_Late:Naïve CD8 T"
"Naïve CD4 T","Naïve CD8 T","HLA-A","CD8B",0.602098761939363,"p<0.01","HLA-A_CD8B","HLA-A - CD8B","MHC-I","Cell-Cell Contact","KEGG: hsa04514","Naïve CD4 T -> Naïve CD8 T (PBMC_Late)",0.189976082959116,"Naïve CD4 T -> Naïve CD8 T","PBMC_Late:Naïve CD8 T"
"Naïve CD8 T","Naïve CD8 T","HLA-A","CD8B",0.613306684829077,"p<0.01","HLA-A_CD8B","HLA-A - CD8B","MHC-I","Cell-Cell Contact","KEGG: hsa04514","Naïve CD8 T -> Naïve CD8 T (PBMC_Late)",0.195830532105945,"Naïve CD8 T -> Naïve CD8 T","PBMC_Late:Naïve CD8 T"
"NK T","Naïve CD8 T","HLA-A","CD8B",0.654100859283392,"p<0.01","HLA-A_CD8B","HLA-A - CD8B","MHC-I","Cell-Cell Contact","KEGG: hsa04514","NK T -> Naïve CD8 T (PBMC_Late)",0.216792150744406,"NK T -> Naïve CD8 T","PBMC_Late:Naïve CD8 T"
"pDC","Naïve CD8 T","HLA-A","CD8B",0.51694728873684,"p<0.01","HLA-A_CD8B","HLA-A - CD8B","MHC-I","Cell-Cell Contact","KEGG: hsa04514","pDC -> Naïve CD8 T (PBMC_Late)",0.144506151138568,"pDC -> Naïve CD8 T","PBMC_Late:Naïve CD8 T"
"Pro-B","Naïve CD8 T","HLA-A","CD8B",0.547544453806833,"p<0.01","HLA-A_CD8B","HLA-A - CD8B","MHC-I","Cell-Cell Contact","KEGG: hsa04514","Pro-B -> Naïve CD8 T (PBMC_Late)",0.161002444568896,"Pro-B -> Naïve CD8 T","PBMC_Late:Naïve CD8 T"
"Tem","Naïve CD8 T","HLA-A","CD8B",0.619610423101099,"p<0.01","HLA-A_CD8B","HLA-A - CD8B","MHC-I","Cell-Cell Contact","KEGG: hsa04514","Tem -> Naïve CD8 T (PBMC_Late)",0.199106119913199,"Tem -> Naïve CD8 T","PBMC_Late:Naïve CD8 T"
"Th17like_INNATE_T","Naïve CD8 T","HLA-A","CD8B",0.619981288351139,"p<0.01","HLA-A_CD8B","HLA-A - CD8B","MHC-I","Cell-Cell Contact","KEGG: hsa04514","Th17like_INNATE_T -> Naïve CD8 T (PBMC_Late)",0.199298434891554,"Th17like_INNATE_T -> Naïve CD8 T","PBMC_Late:Naïve CD8 T"
"Treg","Naïve CD8 T","HLA-A","CD8B",0.633446676720475,"p<0.01","HLA-A_CD8B","HLA-A - CD8B","MHC-I","Cell-Cell Contact","KEGG: hsa04514","Treg -> Naïve CD8 T (PBMC_Late)",0.206250290467528,"Treg -> Naïve CD8 T","PBMC_Late:Naïve CD8 T"
"CD14+PPBP+ Monocytes","Naïve CD8 T","HLA-B","CD8A",0.588785763113365,"p<0.01","HLA-B_CD8A","HLA-B - CD8A","MHC-I","Cell-Cell Contact","KEGG: hsa04514","CD14+PPBP+ Monocytes -> Naïve CD8 T (PBMC_Early)",0.182974106272896,"CD14+PPBP+ Monocytes -> Naïve CD8 T","PBMC_Early:Naïve CD8 T"
"CD56highCD16low NK","Naïve CD8 T","HLA-B","CD8A",0.502169224267416,"p<0.01","HLA-B_CD8A","HLA-B - CD8A","MHC-I","Cell-Cell Contact","KEGG: hsa04514","CD56highCD16low NK -> Naïve CD8 T (PBMC_Early)",0.136509566223481,"CD56highCD16low NK -> Naïve CD8 T","PBMC_Early:Naïve CD8 T"
"Classical Monocytes","Naïve CD8 T","HLA-B","CD8A",0.583525856475888,"p<0.01","HLA-B_CD8A","HLA-B - CD8A","MHC-I","Cell-Cell Contact","KEGG: hsa04514","Classical Monocytes -> Naïve CD8 T (PBMC_Early)",0.180194200383302,"Classical Monocytes -> Naïve CD8 T","PBMC_Early:Naïve CD8 T"
"CX3CR1+ NK","Naïve CD8 T","HLA-B","CD8A",0.669324059916016,"p<0.01","HLA-B_CD8A","HLA-B - CD8A","MHC-I","Cell-Cell Contact","KEGG: hsa04514","CX3CR1+ NK -> Naïve CD8 T (PBMC_Early)",0.224462953343149,"CX3CR1+ NK -> Naïve CD8 T","PBMC_Early:Naïve CD8 T"
"CXCR5- Naïve B","Naïve CD8 T","HLA-B","CD8A",0.636919474041763,"p<0.01","HLA-B_CD8A","HLA-B - CD8A","MHC-I","Cell-Cell Contact","KEGG: hsa04514","CXCR5- Naïve B -> Naïve CD8 T (PBMC_Early)",0.20803328448557,"CXCR5- Naïve B -> Naïve CD8 T","PBMC_Early:Naïve CD8 T"
"CXCR5+ Naïve B","Naïve CD8 T","HLA-B","CD8A",0.61792004478316,"p<0.01","HLA-B_CD8A","HLA-B - CD8A","MHC-I","Cell-Cell Contact","KEGG: hsa04514","CXCR5+ Naïve B -> Naïve CD8 T (PBMC_Early)",0.198228999603989,"CXCR5+ Naïve B -> Naïve CD8 T","PBMC_Early:Naïve CD8 T"
"CXCR6+ NK","Naïve CD8 T","HLA-B","CD8A",0.642310976055039,"p<0.01","HLA-B_CD8A","HLA-B - CD8A","MHC-I","Cell-Cell Contact","KEGG: hsa04514","CXCR6+ NK -> Naïve CD8 T (PBMC_Early)",0.210793084648094,"CXCR6+ NK -> Naïve CD8 T","PBMC_Early:Naïve CD8 T"
"DC2","Naïve CD8 T","HLA-B","CD8A",0.566197500839958,"p<0.01","HLA-B_CD8A","HLA-B - CD8A","MHC-I","Cell-Cell Contact","KEGG: hsa04514","DC2 -> Naïve CD8 T (PBMC_Early)",0.170986929156585,"DC2 -> Naïve CD8 T","PBMC_Early:Naïve CD8 T"
"Gamma Delta V1 T","Naïve CD8 T","HLA-B","CD8A",0.624516405295637,"p<0.01","HLA-B_CD8A","HLA-B - CD8A","MHC-I","Cell-Cell Contact","KEGG: hsa04514","Gamma Delta V1 T -> Naïve CD8 T (PBMC_Early)",0.201646530958494,"Gamma Delta V1 T -> Naïve CD8 T","PBMC_Early:Naïve CD8 T"
"Gamma Delta V2 T","Naïve CD8 T","HLA-B","CD8A",0.641384479202453,"p<0.01","HLA-B_CD8A","HLA-B - CD8A","MHC-I","Cell-Cell Contact","KEGG: hsa04514","Gamma Delta V2 T -> Naïve CD8 T (PBMC_Early)",0.210319553822622,"Gamma Delta V2 T -> Naïve CD8 T","PBMC_Early:Naïve CD8 T"
"HSC_MPP","Naïve CD8 T","HLA-B","CD8A",0.427679142428036,"p<0.01","HLA-B_CD8A","HLA-B - CD8A","MHC-I","Cell-Cell Contact","KEGG: hsa04514","HSC_MPP -> Naïve CD8 T (PBMC_Early)",0.0965010421573615,"HSC_MPP -> Naïve CD8 T","PBMC_Early:Naïve CD8 T"
"ILC2/3","Naïve CD8 T","HLA-B","CD8A",0.592803272510724,"p<0.01","HLA-B_CD8A","HLA-B - CD8A","MHC-I","Cell-Cell Contact","KEGG: hsa04514","ILC2/3 -> Naïve CD8 T (PBMC_Early)",0.185092372217749,"ILC2/3 -> Naïve CD8 T","PBMC_Early:Naïve CD8 T"
"Megakaryocytes","Naïve CD8 T","HLA-B","CD8A",0.619373863086191,"p<0.01","HLA-B_CD8A","HLA-B - CD8A","MHC-I","Cell-Cell Contact","KEGG: hsa04514","Megakaryocytes -> Naïve CD8 T (PBMC_Early)",0.198983426707538,"Megakaryocytes -> Naïve CD8 T","PBMC_Early:Naïve CD8 T"
"MEMP","Naïve CD8 T","HLA-B","CD8A",0.318979776176515,"p<0.01","HLA-B_CD8A","HLA-B - CD8A","MHC-I","Cell-Cell Contact","KEGG: hsa04514","MEMP -> Naïve CD8 T (PBMC_Early)",0.0434999717942575,"MEMP -> Naïve CD8 T","PBMC_Early:Naïve CD8 T"
"MEP","Naïve CD8 T","HLA-B","CD8A",0.383202000673698,"p<0.01","HLA-B_CD8A","HLA-B - CD8A","MHC-I","Cell-Cell Contact","KEGG: hsa04514","MEP -> Naïve CD8 T (PBMC_Early)",0.0735647200206695,"MEP -> Naïve CD8 T","PBMC_Early:Naïve CD8 T"
"Myeloid-CD177","Naïve CD8 T","HLA-B","CD8A",0.466431199694262,"p<0.01","HLA-B_CD8A","HLA-B - CD8A","MHC-I","Cell-Cell Contact","KEGG: hsa04514","Myeloid-CD177 -> Naïve CD8 T (PBMC_Early)",0.117192322157972,"Myeloid-CD177 -> Naïve CD8 T","PBMC_Early:Naïve CD8 T"
"Naïve CD4 T","Naïve CD8 T","HLA-B","CD8A",0.613784676228971,"p<0.01","HLA-B_CD8A","HLA-B - CD8A","MHC-I","Cell-Cell Contact","KEGG: hsa04514","Naïve CD4 T -> Naïve CD8 T (PBMC_Early)",0.196079350512091,"Naïve CD4 T -> Naïve CD8 T","PBMC_Early:Naïve CD8 T"
"Naïve CD8 T","Naïve CD8 T","HLA-B","CD8A",0.617646015427376,"p<0.01","HLA-B_CD8A","HLA-B - CD8A","MHC-I","Cell-Cell Contact","KEGG: hsa04514","Naïve CD8 T -> Naïve CD8 T (PBMC_Early)",0.198086722030854,"Naïve CD8 T -> Naïve CD8 T","PBMC_Early:Naïve CD8 T"
"NK T","Naïve CD8 T","HLA-B","CD8A",0.660626136657511,"p<0.01","HLA-B_CD8A","HLA-B - CD8A","MHC-I","Cell-Cell Contact","KEGG: hsa04514","NK T -> Naïve CD8 T (PBMC_Early)",0.220090717457849,"NK T -> Naïve CD8 T","PBMC_Early:Naïve CD8 T"
"pDC","Naïve CD8 T","HLA-B","CD8A",0.547233432718744,"p<0.01","HLA-B_CD8A","HLA-B - CD8A","MHC-I","Cell-Cell Contact","KEGG: hsa04514","pDC -> Naïve CD8 T (PBMC_Early)",0.160835410553903,"pDC -> Naïve CD8 T","PBMC_Early:Naïve CD8 T"
"Pro-B","Naïve CD8 T","HLA-B","CD8A",0.563351487781338,"p<0.01","HLA-B_CD8A","HLA-B - CD8A","MHC-I","Cell-Cell Contact","KEGG: hsa04514","Pro-B -> Naïve CD8 T (PBMC_Early)",0.169468074074405,"Pro-B -> Naïve CD8 T","PBMC_Early:Naïve CD8 T"
"Tem","Naïve CD8 T","HLA-B","CD8A",0.652187124693461,"p<0.01","HLA-B_CD8A","HLA-B - CD8A","MHC-I","Cell-Cell Contact","KEGG: hsa04514","Tem -> Naïve CD8 T (PBMC_Early)",0.21582178702744,"Tem -> Naïve CD8 T","PBMC_Early:Naïve CD8 T"
"Th17like_INNATE_T","Naïve CD8 T","HLA-B","CD8A",0.647201349936928,"p<0.01","HLA-B_CD8A","HLA-B - CD8A","MHC-I","Cell-Cell Contact","KEGG: hsa04514","Th17like_INNATE_T -> Naïve CD8 T (PBMC_Early)",0.213287511095318,"Th17like_INNATE_T -> Naïve CD8 T","PBMC_Early:Naïve CD8 T"
"Treg","Naïve CD8 T","HLA-B","CD8A",0.639574672748616,"p<0.01","HLA-B_CD8A","HLA-B - CD8A","MHC-I","Cell-Cell Contact","KEGG: hsa04514","Treg -> Naïve CD8 T (PBMC_Early)",0.209393695769874,"Treg -> Naïve CD8 T","PBMC_Early:Naïve CD8 T"
"CD14+PPBP+ Monocytes","Naïve CD8 T","HLA-B","CD8A",0.567772664544085,"p<0.01","HLA-B_CD8A","HLA-B - CD8A","MHC-I","Cell-Cell Contact","KEGG: hsa04514","CD14+PPBP+ Monocytes -> Naïve CD8 T (PBMC_Late)",0.171826796327169,"CD14+PPBP+ Monocytes -> Naïve CD8 T","PBMC_Late:Naïve CD8 T"
"CD56highCD16low NK","Naïve CD8 T","HLA-B","CD8A",0.472168724616458,"p<0.01","HLA-B_CD8A","HLA-B - CD8A","MHC-I","Cell-Cell Contact","KEGG: hsa04514","CD56highCD16low NK -> Naïve CD8 T (PBMC_Late)",0.120285524423468,"CD56highCD16low NK -> Naïve CD8 T","PBMC_Late:Naïve CD8 T"
"Classical Monocytes","Naïve CD8 T","HLA-B","CD8A",0.555556918198091,"p<0.01","HLA-B_CD8A","HLA-B - CD8A","MHC-I","Cell-Cell Contact","KEGG: hsa04514","Classical Monocytes -> Naïve CD8 T (PBMC_Late)",0.165299618009687,"Classical Monocytes -> Naïve CD8 T","PBMC_Late:Naïve CD8 T"
"CX3CR1+ NK","Naïve CD8 T","HLA-B","CD8A",0.618297994014296,"p<0.01","HLA-B_CD8A","HLA-B - CD8A","MHC-I","Cell-Cell Contact","KEGG: hsa04514","CX3CR1+ NK -> Naïve CD8 T (PBMC_Late)",0.198425193442248,"CX3CR1+ NK -> Naïve CD8 T","PBMC_Late:Naïve CD8 T"
"CXCR5- Naïve B","Naïve CD8 T","HLA-B","CD8A",0.585099741375987,"p<0.01","HLA-B_CD8A","HLA-B - CD8A","MHC-I","Cell-Cell Contact","KEGG: hsa04514","CXCR5- Naïve B -> Naïve CD8 T (PBMC_Late)",0.181026778820024,"CXCR5- Naïve B -> Naïve CD8 T","PBMC_Late:Naïve CD8 T"
"CXCR5+ Naïve B","Naïve CD8 T","HLA-B","CD8A",0.562702774330729,"p<0.01","HLA-B_CD8A","HLA-B - CD8A","MHC-I","Cell-Cell Contact","KEGG: hsa04514","CXCR5+ Naïve B -> Naïve CD8 T (PBMC_Late)",0.169121626123944,"CXCR5+ Naïve B -> Naïve CD8 T","PBMC_Late:Naïve CD8 T"
"CXCR6+ NK","Naïve CD8 T","HLA-B","CD8A",0.607513690086615,"p<0.01","HLA-B_CD8A","HLA-B - CD8A","MHC-I","Cell-Cell Contact","KEGG: hsa04514","CXCR6+ NK -> Naïve CD8 T (PBMC_Late)",0.192809342512566,"CXCR6+ NK -> Naïve CD8 T","PBMC_Late:Naïve CD8 T"
"DC2","Naïve CD8 T","HLA-B","CD8A",0.54413388967488,"p<0.01","HLA-B_CD8A","HLA-B - CD8A","MHC-I","Cell-Cell Contact","KEGG: hsa04514","DC2 -> Naïve CD8 T (PBMC_Late)",0.159169918489573,"DC2 -> Naïve CD8 T","PBMC_Late:Naïve CD8 T"
"Gamma Delta V1 T","Naïve CD8 T","HLA-B","CD8A",0.581233315544461,"p<0.01","HLA-B_CD8A","HLA-B - CD8A","MHC-I","Cell-Cell Contact","KEGG: hsa04514","Gamma Delta V1 T -> Naïve CD8 T (PBMC_Late)",0.17898030754174,"Gamma Delta V1 T -> Naïve CD8 T","PBMC_Late:Naïve CD8 T"
"Gamma Delta V2 T","Naïve CD8 T","HLA-B","CD8A",0.585414431660264,"p<0.01","HLA-B_CD8A","HLA-B - CD8A","MHC-I","Cell-Cell Contact","KEGG: hsa04514","Gamma Delta V2 T -> Naïve CD8 T (PBMC_Late)",0.181193170782406,"Gamma Delta V2 T -> Naïve CD8 T","PBMC_Late:Naïve CD8 T"
"HSC_MPP","Naïve CD8 T","HLA-B","CD8A",0.459457184318696,"p<0.01","HLA-B_CD8A","HLA-B - CD8A","MHC-I","Cell-Cell Contact","KEGG: hsa04514","HSC_MPP -> Naïve CD8 T (PBMC_Late)",0.113439983042168,"HSC_MPP -> Naïve CD8 T","PBMC_Late:Naïve CD8 T"
"ILC2/3","Naïve CD8 T","HLA-B","CD8A",0.57066971414992,"p<0.01","HLA-B_CD8A","HLA-B - CD8A","MHC-I","Cell-Cell Contact","KEGG: hsa04514","ILC2/3 -> Naïve CD8 T (PBMC_Late)",0.173370025865305,"ILC2/3 -> Naïve CD8 T","PBMC_Late:Naïve CD8 T"
"Megakaryocytes","Naïve CD8 T","HLA-B","CD8A",0.579475599925837,"p<0.01","HLA-B_CD8A","HLA-B - CD8A","MHC-I","Cell-Cell Contact","KEGG: hsa04514","Megakaryocytes -> Naïve CD8 T (PBMC_Late)",0.178048694685098,"Megakaryocytes -> Naïve CD8 T","PBMC_Late:Naïve CD8 T"
"MEMP","Naïve CD8 T","HLA-B","CD8A",0.383822564814601,"p<0.01","HLA-B_CD8A","HLA-B - CD8A","MHC-I","Cell-Cell Contact","KEGG: hsa04514","MEMP -> Naïve CD8 T (PBMC_Late)",0.0738757587707173,"MEMP -> Naïve CD8 T","PBMC_Late:Naïve CD8 T"
"MEP","Naïve CD8 T","HLA-B","CD8A",0.415843268709171,"p<0.01","HLA-B_CD8A","HLA-B - CD8A","MHC-I","Cell-Cell Contact","KEGG: hsa04514","MEP -> Naïve CD8 T (PBMC_Late)",0.0902878694895622,"MEP -> Naïve CD8 T","PBMC_Late:Naïve CD8 T"
"Myeloid-CD177","Naïve CD8 T","HLA-B","CD8A",0.302825777350906,"p<0.01","HLA-B_CD8A","HLA-B - CD8A","MHC-I","Cell-Cell Contact","KEGG: hsa04514","Myeloid-CD177 -> Naïve CD8 T (PBMC_Late)",0.0368010541463701,"Myeloid-CD177 -> Naïve CD8 T","PBMC_Late:Naïve CD8 T"
"Naïve CD4 T","Naïve CD8 T","HLA-B","CD8A",0.56036664794025,"p<0.01","HLA-B_CD8A","HLA-B - CD8A","MHC-I","Cell-Cell Contact","KEGG: hsa04514","Naïve CD4 T -> Naïve CD8 T (PBMC_Late)",0.167873276170486,"Naïve CD4 T -> Naïve CD8 T","PBMC_Late:Naïve CD8 T"
"Naïve CD8 T","Naïve CD8 T","HLA-B","CD8A",0.572608413202171,"p<0.01","HLA-B_CD8A","HLA-B - CD8A","MHC-I","Cell-Cell Contact","KEGG: hsa04514","Naïve CD8 T -> Naïve CD8 T (PBMC_Late)",0.17440167214095,"Naïve CD8 T -> Naïve CD8 T","PBMC_Late:Naïve CD8 T"
"NK T","Naïve CD8 T","HLA-B","CD8A",0.59476568470678,"p<0.01","HLA-B_CD8A","HLA-B - CD8A","MHC-I","Cell-Cell Contact","KEGG: hsa04514","NK T -> Naïve CD8 T (PBMC_Late)",0.186125446226987,"NK T -> Naïve CD8 T","PBMC_Late:Naïve CD8 T"
"pDC","Naïve CD8 T","HLA-B","CD8A",0.536748459705209,"p<0.01","HLA-B_CD8A","HLA-B - CD8A","MHC-I","Cell-Cell Contact","KEGG: hsa04514","pDC -> Naïve CD8 T (PBMC_Late)",0.155195434601352,"pDC -> Naïve CD8 T","PBMC_Late:Naïve CD8 T"
"Pro-B","Naïve CD8 T","HLA-B","CD8A",0.539624049100524,"p<0.01","HLA-B_CD8A","HLA-B - CD8A","MHC-I","Cell-Cell Contact","KEGG: hsa04514","Pro-B -> Naïve CD8 T (PBMC_Late)",0.156743899438997,"Pro-B -> Naïve CD8 T","PBMC_Late:Naïve CD8 T"
"Tem","Naïve CD8 T","HLA-B","CD8A",0.582077861197301,"p<0.01","HLA-B_CD8A","HLA-B - CD8A","MHC-I","Cell-Cell Contact","KEGG: hsa04514","Tem -> Naïve CD8 T (PBMC_Late)",0.179427648816043,"Tem -> Naïve CD8 T","PBMC_Late:Naïve CD8 T"
"Th17like_INNATE_T","Naïve CD8 T","HLA-B","CD8A",0.58577579294962,"p<0.01","HLA-B_CD8A","HLA-B - CD8A","MHC-I","Cell-Cell Contact","KEGG: hsa04514","Th17like_INNATE_T -> Naïve CD8 T (PBMC_Late)",0.181384207765447,"Th17like_INNATE_T -> Naïve CD8 T","PBMC_Late:Naïve CD8 T"
"Treg","Naïve CD8 T","HLA-B","CD8A",0.583482304629615,"p<0.01","HLA-B_CD8A","HLA-B - CD8A","MHC-I","Cell-Cell Contact","KEGG: hsa04514","Treg -> Naïve CD8 T (PBMC_Late)",0.180171152459513,"Treg -> Naïve CD8 T","PBMC_Late:Naïve CD8 T"
"CD14+PPBP+ Monocytes","Naïve CD8 T","HLA-B","CD8B",0.651419937386931,"p<0.01","HLA-B_CD8B","HLA-B - CD8B","MHC-I","Cell-Cell Contact","KEGG: hsa04514","CD14+PPBP+ Monocytes -> Naïve CD8 T (PBMC_Early)",0.215432409071061,"CD14+PPBP+ Monocytes -> Naïve CD8 T","PBMC_Early:Naïve CD8 T"
"CD56highCD16low NK","Naïve CD8 T","HLA-B","CD8B",0.550079697802899,"p<0.01","HLA-B_CD8B","HLA-B - CD8B","MHC-I","Cell-Cell Contact","KEGG: hsa04514","CD56highCD16low NK -> Naïve CD8 T (PBMC_Early)",0.162363376225113,"CD56highCD16low NK -> Naïve CD8 T","PBMC_Early:Naïve CD8 T"
"Classical Monocytes","Naïve CD8 T","HLA-B","CD8B",0.645238803796154,"p<0.01","HLA-B_CD8B","HLA-B - CD8B","MHC-I","Cell-Cell Contact","KEGG: hsa04514","Classical Monocytes -> Naïve CD8 T (PBMC_Early)",0.212287498874854,"Classical Monocytes -> Naïve CD8 T","PBMC_Early:Naïve CD8 T"
"CX3CR1+ NK","Naïve CD8 T","HLA-B","CD8B",0.746430322213347,"p<0.01","HLA-B_CD8B","HLA-B - CD8B","MHC-I","Cell-Cell Contact","KEGG: hsa04514","CX3CR1+ NK -> Naïve CD8 T (PBMC_Early)",0.26192167342635,"CX3CR1+ NK -> Naïve CD8 T","PBMC_Early:Naïve CD8 T"
"CXCR5- Naïve B","Naïve CD8 T","HLA-B","CD8B",0.708124659723209,"p<0.01","HLA-B_CD8B","HLA-B - CD8B","MHC-I","Cell-Cell Contact","KEGG: hsa04514","CXCR5- Naïve B -> Naïve CD8 T (PBMC_Early)",0.243611452292876,"CXCR5- Naïve B -> Naïve CD8 T","PBMC_Early:Naïve CD8 T"
"CXCR5+ Naïve B","Naïve CD8 T","HLA-B","CD8B",0.685712815551001,"p<0.01","HLA-B_CD8B","HLA-B - CD8B","MHC-I","Cell-Cell Contact","KEGG: hsa04514","CXCR5+ Naïve B -> Naïve CD8 T (PBMC_Early)",0.232622930584262,"CXCR5+ Naïve B -> Naïve CD8 T","PBMC_Early:Naïve CD8 T"
"CXCR6+ NK","Naïve CD8 T","HLA-B","CD8B",0.714491080653779,"p<0.01","HLA-B_CD8B","HLA-B - CD8B","MHC-I","Cell-Cell Contact","KEGG: hsa04514","CXCR6+ NK -> Naïve CD8 T (PBMC_Early)",0.246696215116275,"CXCR6+ NK -> Naïve CD8 T","PBMC_Early:Naïve CD8 T"
"DC2","Naïve CD8 T","HLA-B","CD8B",0.624898631692341,"p<0.01","HLA-B_CD8B","HLA-B - CD8B","MHC-I","Cell-Cell Contact","KEGG: hsa04514","DC2 -> Naïve CD8 T (PBMC_Early)",0.201844123570007,"DC2 -> Naïve CD8 T","PBMC_Early:Naïve CD8 T"
"Gamma Delta V1 T","Naïve CD8 T","HLA-B","CD8B",0.693489759207886,"p<0.01","HLA-B_CD8B","HLA-B - CD8B","MHC-I","Cell-Cell Contact","KEGG: hsa04514","Gamma Delta V1 T -> Naïve CD8 T (PBMC_Early)",0.236458547666416,"Gamma Delta V1 T -> Naïve CD8 T","PBMC_Early:Naïve CD8 T"
"Gamma Delta V2 T","Naïve CD8 T","HLA-B","CD8B",0.713396848115959,"p<0.01","HLA-B_CD8B","HLA-B - CD8B","MHC-I","Cell-Cell Contact","KEGG: hsa04514","Gamma Delta V2 T -> Naïve CD8 T (PBMC_Early)",0.246167187875144,"Gamma Delta V2 T -> Naïve CD8 T","PBMC_Early:Naïve CD8 T"
"HSC_MPP","Naïve CD8 T","HLA-B","CD8B",0.463833647080035,"p<0.01","HLA-B_CD8B","HLA-B - CD8B","MHC-I","Cell-Cell Contact","KEGG: hsa04514","HSC_MPP -> Naïve CD8 T (PBMC_Early)",0.115793671956737,"HSC_MPP -> Naïve CD8 T","PBMC_Early:Naïve CD8 T"
"ILC2/3","Naïve CD8 T","HLA-B","CD8B",0.656143216198226,"p<0.01","HLA-B_CD8B","HLA-B - CD8B","MHC-I","Cell-Cell Contact","KEGG: hsa04514","ILC2/3 -> Naïve CD8 T (PBMC_Early)",0.217826257986364,"ILC2/3 -> Naïve CD8 T","PBMC_Early:Naïve CD8 T"
"Megakaryocytes","Naïve CD8 T","HLA-B","CD8B",0.687426443438546,"p<0.01","HLA-B_CD8B","HLA-B - CD8B","MHC-I","Cell-Cell Contact","KEGG: hsa04514","Megakaryocytes -> Naïve CD8 T (PBMC_Early)",0.233470138865128,"Megakaryocytes -> Naïve CD8 T","PBMC_Early:Naïve CD8 T"
"MEMP","Naïve CD8 T","HLA-B","CD8B",0.340027133493885,"p<0.01","HLA-B_CD8B","HLA-B - CD8B","MHC-I","Cell-Cell Contact","KEGG: hsa04514","MEMP -> Naïve CD8 T (PBMC_Early)",0.0528159647906584,"MEMP -> Naïve CD8 T","PBMC_Early:Naïve CD8 T"
"MEP","Naïve CD8 T","HLA-B","CD8B",0.4128400768349,"p<0.01","HLA-B_CD8B","HLA-B - CD8B","MHC-I","Cell-Cell Contact","KEGG: hsa04514","MEP -> Naïve CD8 T (PBMC_Early)",0.0887221719229732,"MEP -> Naïve CD8 T","PBMC_Early:Naïve CD8 T"
"Myeloid-CD177","Naïve CD8 T","HLA-B","CD8B",0.508582116545931,"p<0.01","HLA-B_CD8B","HLA-B - CD8B","MHC-I","Cell-Cell Contact","KEGG: hsa04514","Myeloid-CD177 -> Naïve CD8 T (PBMC_Early)",0.139980687441726,"Myeloid-CD177 -> Naïve CD8 T","PBMC_Early:Naïve CD8 T"
"Naïve CD4 T","Naïve CD8 T","HLA-B","CD8B",0.680839632974239,"p<0.01","HLA-B_CD8B","HLA-B - CD8B","MHC-I","Cell-Cell Contact","KEGG: hsa04514","Naïve CD4 T -> Naïve CD8 T (PBMC_Early)",0.23020739491052,"Naïve CD4 T -> Naïve CD8 T","PBMC_Early:Naïve CD8 T"
"Naïve CD8 T","Naïve CD8 T","HLA-B","CD8B",0.685389839551695,"p<0.01","HLA-B_CD8B","HLA-B - CD8B","MHC-I","Cell-Cell Contact","KEGG: hsa04514","Naïve CD8 T -> Naïve CD8 T (PBMC_Early)",0.232463124383185,"Naïve CD8 T -> Naïve CD8 T","PBMC_Early:Naïve CD8 T"
"NK T","Naïve CD8 T","HLA-B","CD8B",0.736138853712726,"p<0.01","HLA-B_CD8B","HLA-B - CD8B","MHC-I","Cell-Cell Contact","KEGG: hsa04514","NK T -> Naïve CD8 T (PBMC_Early)",0.257061642415661,"NK T -> Naïve CD8 T","PBMC_Early:Naïve CD8 T"
"pDC","Naïve CD8 T","HLA-B","CD8B",0.602680911662107,"p<0.01","HLA-B_CD8B","HLA-B - CD8B","MHC-I","Cell-Cell Contact","KEGG: hsa04514","pDC -> Naïve CD8 T (PBMC_Early)",0.190281101938903,"pDC -> Naïve CD8 T","PBMC_Early:Naïve CD8 T"
"Pro-B","Naïve CD8 T","HLA-B","CD8B",0.62156143824621,"p<0.01","HLA-B_CD8B","HLA-B - CD8B","MHC-I","Cell-Cell Contact","KEGG: hsa04514","Pro-B -> Naïve CD8 T (PBMC_Early)",0.200117333708549,"Pro-B -> Naïve CD8 T","PBMC_Early:Naïve CD8 T"
"Tem","Naïve CD8 T","HLA-B","CD8B",0.726160360015707,"p<0.01","HLA-B_CD8B","HLA-B - CD8B","MHC-I","Cell-Cell Contact","KEGG: hsa04514","Tem -> Naïve CD8 T (PBMC_Early)",0.252307602520918,"Tem -> Naïve CD8 T","PBMC_Early:Naïve CD8 T"
"Th17like_INNATE_T","Naïve CD8 T","HLA-B","CD8B",0.720268195206873,"p<0.01","HLA-B_CD8B","HLA-B - CD8B","MHC-I","Cell-Cell Contact","KEGG: hsa04514","Th17like_INNATE_T -> Naïve CD8 T (PBMC_Early)",0.249481196923604,"Th17like_INNATE_T -> Naïve CD8 T","PBMC_Early:Naïve CD8 T"
"Treg","Naïve CD8 T","HLA-B","CD8B",0.711259629950113,"p<0.01","HLA-B_CD8B","HLA-B - CD8B","MHC-I","Cell-Cell Contact","KEGG: hsa04514","Treg -> Naïve CD8 T (PBMC_Early)",0.245132509505454,"Treg -> Naïve CD8 T","PBMC_Early:Naïve CD8 T"
"CD14+PPBP+ Monocytes","Naïve CD8 T","HLA-B","CD8B",0.652599642902529,"p<0.01","HLA-B_CD8B","HLA-B - CD8B","MHC-I","Cell-Cell Contact","KEGG: hsa04514","CD14+PPBP+ Monocytes -> Naïve CD8 T (PBMC_Late)",0.216031068044134,"CD14+PPBP+ Monocytes -> Naïve CD8 T","PBMC_Late:Naïve CD8 T"
"CD56highCD16low NK","Naïve CD8 T","HLA-B","CD8B",0.533956541859979,"p<0.01","HLA-B_CD8B","HLA-B - CD8B","MHC-I","Cell-Cell Contact","KEGG: hsa04514","CD56highCD16low NK -> Naïve CD8 T (PBMC_Late)",0.153690937918679,"CD56highCD16low NK -> Naïve CD8 T","PBMC_Late:Naïve CD8 T"
"Classical Monocytes","Naïve CD8 T","HLA-B","CD8B",0.637336163733788,"p<0.01","HLA-B_CD8B","HLA-B - CD8B","MHC-I","Cell-Cell Contact","KEGG: hsa04514","Classical Monocytes -> Naïve CD8 T (PBMC_Late)",0.208246940643462,"Classical Monocytes -> Naïve CD8 T","PBMC_Late:Naïve CD8 T"
"CX3CR1+ NK","Naïve CD8 T","HLA-B","CD8B",0.7160060058339,"p<0.01","HLA-B_CD8B","HLA-B - CD8B","MHC-I","Cell-Cell Contact","KEGG: hsa04514","CX3CR1+ NK -> Naïve CD8 T (PBMC_Late)",0.247427831434753,"CX3CR1+ NK -> Naïve CD8 T","PBMC_Late:Naïve CD8 T"
"CXCR5- Naïve B","Naïve CD8 T","HLA-B","CD8B",0.674295728430058,"p<0.01","HLA-B_CD8B","HLA-B - CD8B","MHC-I","Cell-Cell Contact","KEGG: hsa04514","CXCR5- Naïve B -> Naïve CD8 T (PBMC_Late)",0.226949257376043,"CXCR5- Naïve B -> Naïve CD8 T","PBMC_Late:Naïve CD8 T"
"CXCR5+ Naïve B","Naïve CD8 T","HLA-B","CD8B",0.646261517241348,"p<0.01","HLA-B_CD8B","HLA-B - CD8B","MHC-I","Cell-Cell Contact","KEGG: hsa04514","CXCR5+ Naïve B -> Naïve CD8 T (PBMC_Late)",0.212808792356926,"CXCR5+ Naïve B -> Naïve CD8 T","PBMC_Late:Naïve CD8 T"
"CXCR6+ NK","Naïve CD8 T","HLA-B","CD8B",0.702437119575739,"p<0.01","HLA-B_CD8B","HLA-B - CD8B","MHC-I","Cell-Cell Contact","KEGG: hsa04514","CXCR6+ NK -> Naïve CD8 T (PBMC_Late)",0.240841805063205,"CXCR6+ NK -> Naïve CD8 T","PBMC_Late:Naïve CD8 T"
"DC2","Naïve CD8 T","HLA-B","CD8B",0.623088565497147,"p<0.01","HLA-B_CD8B","HLA-B - CD8B","MHC-I","Cell-Cell Contact","KEGG: hsa04514","DC2 -> Naïve CD8 T (PBMC_Late)",0.200907980680909,"DC2 -> Naïve CD8 T","PBMC_Late:Naïve CD8 T"
"Gamma Delta V1 T","Naïve CD8 T","HLA-B","CD8B",0.669449833750382,"p<0.01","HLA-B_CD8B","HLA-B - CD8B","MHC-I","Cell-Cell Contact","KEGG: hsa04514","Gamma Delta V1 T -> Naïve CD8 T (PBMC_Late)",0.224525967982192,"Gamma Delta V1 T -> Naïve CD8 T","PBMC_Late:Naïve CD8 T"
"Gamma Delta V2 T","Naïve CD8 T","HLA-B","CD8B",0.674690251094909,"p<0.01","HLA-B_CD8B","HLA-B - CD8B","MHC-I","Cell-Cell Contact","KEGG: hsa04514","Gamma Delta V2 T -> Naïve CD8 T (PBMC_Late)",0.227146152156445,"Gamma Delta V2 T -> Naïve CD8 T","PBMC_Late:Naïve CD8 T"
"HSC_MPP","Naïve CD8 T","HLA-B","CD8B",0.518338142297971,"p<0.01","HLA-B_CD8B","HLA-B - CD8B","MHC-I","Cell-Cell Contact","KEGG: hsa04514","HSC_MPP -> Naïve CD8 T (PBMC_Late)",0.14525818246949,"HSC_MPP -> Naïve CD8 T","PBMC_Late:Naïve CD8 T"
"ILC2/3","Naïve CD8 T","HLA-B","CD8B",0.656223482644188,"p<0.01","HLA-B_CD8B","HLA-B - CD8B","MHC-I","Cell-Cell Contact","KEGG: hsa04514","ILC2/3 -> Naïve CD8 T (PBMC_Late)",0.217866868112136,"ILC2/3 -> Naïve CD8 T","PBMC_Late:Naïve CD8 T"
"Megakaryocytes","Naïve CD8 T","HLA-B","CD8B",0.667247695765376,"p<0.01","HLA-B_CD8B","HLA-B - CD8B","MHC-I","Cell-Cell Contact","KEGG: hsa04514","Megakaryocytes -> Naïve CD8 T (PBMC_Late)",0.223421798073788,"Megakaryocytes -> Naïve CD8 T","PBMC_Late:Naïve CD8 T"
"MEMP","Naïve CD8 T","HLA-B","CD8B",0.426341853389016,"p<0.01","HLA-B_CD8B","HLA-B - CD8B","MHC-I","Cell-Cell Contact","KEGG: hsa04514","MEMP -> Naïve CD8 T (PBMC_Late)",0.095795878967001,"MEMP -> Naïve CD8 T","PBMC_Late:Naïve CD8 T"
"MEP","Naïve CD8 T","HLA-B","CD8B",0.465081310241485,"p<0.01","HLA-B_CD8B","HLA-B - CD8B","MHC-I","Cell-Cell Contact","KEGG: hsa04514","MEP -> Naïve CD8 T (PBMC_Late)",0.116465328983382,"MEP -> Naïve CD8 T","PBMC_Late:Naïve CD8 T"
"Myeloid-CD177","Naïve CD8 T","HLA-B","CD8B",0.32998458458631,"p<0.01","HLA-B_CD8B","HLA-B - CD8B","MHC-I","Cell-Cell Contact","KEGG: hsa04514","Myeloid-CD177 -> Naïve CD8 T (PBMC_Late)",0.0482941621254196,"Myeloid-CD177 -> Naïve CD8 T","PBMC_Late:Naïve CD8 T"
"Naïve CD4 T","Naïve CD8 T","HLA-B","CD8B",0.643342593322252,"p<0.01","HLA-B_CD8B","HLA-B - CD8B","MHC-I","Cell-Cell Contact","KEGG: hsa04514","Naïve CD4 T -> Naïve CD8 T (PBMC_Late)",0.211319986267263,"Naïve CD4 T -> Naïve CD8 T","PBMC_Late:Naïve CD8 T"
"Naïve CD8 T","Naïve CD8 T","HLA-B","CD8B",0.658649388630076,"p<0.01","HLA-B_CD8B","HLA-B - CD8B","MHC-I","Cell-Cell Contact","KEGG: hsa04514","Naïve CD8 T -> Naïve CD8 T (PBMC_Late)",0.219093116466149,"Naïve CD8 T -> Naïve CD8 T","PBMC_Late:Naïve CD8 T"
"NK T","Naïve CD8 T","HLA-B","CD8B",0.686421429121384,"p<0.01","HLA-B_CD8B","HLA-B - CD8B","MHC-I","Cell-Cell Contact","KEGG: hsa04514","NK T -> Naïve CD8 T (PBMC_Late)",0.232973404613324,"NK T -> Naïve CD8 T","PBMC_Late:Naïve CD8 T"
"pDC","Naïve CD8 T","HLA-B","CD8B",0.613890450384779,"p<0.01","HLA-B_CD8B","HLA-B - CD8B","MHC-I","Cell-Cell Contact","KEGG: hsa04514","pDC -> Naïve CD8 T (PBMC_Late)",0.196134401544407,"pDC -> Naïve CD8 T","PBMC_Late:Naïve CD8 T"
"Pro-B","Naïve CD8 T","HLA-B","CD8B",0.617470543196757,"p<0.01","HLA-B_CD8B","HLA-B - CD8B","MHC-I","Cell-Cell Contact","KEGG: hsa04514","Pro-B -> Naïve CD8 T (PBMC_Late)",0.197995603235739,"Pro-B -> Naïve CD8 T","PBMC_Late:Naïve CD8 T"
"Tem","Naïve CD8 T","HLA-B","CD8B",0.670508105521383,"p<0.01","HLA-B_CD8B","HLA-B - CD8B","MHC-I","Cell-Cell Contact","KEGG: hsa04514","Tem -> Naïve CD8 T (PBMC_Late)",0.225055941015131,"Tem -> Naïve CD8 T","PBMC_Late:Naïve CD8 T"
"Th17like_INNATE_T","Naïve CD8 T","HLA-B","CD8B",0.675143305391723,"p<0.01","HLA-B_CD8B","HLA-B - CD8B","MHC-I","Cell-Cell Contact","KEGG: hsa04514","Th17like_INNATE_T -> Naïve CD8 T (PBMC_Late)",0.227372184834529,"Th17like_INNATE_T -> Naïve CD8 T","PBMC_Late:Naïve CD8 T"
"Treg","Naïve CD8 T","HLA-B","CD8B",0.672268238925195,"p<0.01","HLA-B_CD8B","HLA-B - CD8B","MHC-I","Cell-Cell Contact","KEGG: hsa04514","Treg -> Naïve CD8 T (PBMC_Late)",0.225936457789297,"Treg -> Naïve CD8 T","PBMC_Late:Naïve CD8 T"
"CD14+PPBP+ Monocytes","Naïve CD8 T","HLA-C","CD8A",0.549397443562783,"p<0.01","HLA-C_CD8A","HLA-C - CD8A","MHC-I","Cell-Cell Contact","KEGG: hsa04514","CD14+PPBP+ Monocytes -> Naïve CD8 T (PBMC_Early)",0.161997249069523,"CD14+PPBP+ Monocytes -> Naïve CD8 T","PBMC_Early:Naïve CD8 T"
"CD56highCD16low NK","Naïve CD8 T","HLA-C","CD8A",0.473309683267873,"p<0.01","HLA-C_CD8A","HLA-C - CD8A","MHC-I","Cell-Cell Contact","KEGG: hsa04514","CD56highCD16low NK -> Naïve CD8 T (PBMC_Early)",0.120901196921223,"CD56highCD16low NK -> Naïve CD8 T","PBMC_Early:Naïve CD8 T"
"Classical Monocytes","Naïve CD8 T","HLA-C","CD8A",0.527524512907053,"p<0.01","HLA-C_CD8A","HLA-C - CD8A","MHC-I","Cell-Cell Contact","KEGG: hsa04514","Classical Monocytes -> Naïve CD8 T (PBMC_Early)",0.150221184669115,"Classical Monocytes -> Naïve CD8 T","PBMC_Early:Naïve CD8 T"
"CX3CR1+ NK","Naïve CD8 T","HLA-C","CD8A",0.60668287907601,"p<0.01","HLA-C_CD8A","HLA-C - CD8A","MHC-I","Cell-Cell Contact","KEGG: hsa04514","CX3CR1+ NK -> Naïve CD8 T (PBMC_Early)",0.192375209195306,"CX3CR1+ NK -> Naïve CD8 T","PBMC_Early:Naïve CD8 T"
"CXCR5- Naïve B","Naïve CD8 T","HLA-C","CD8A",0.545370519188597,"p<0.01","HLA-C_CD8A","HLA-C - CD8A","MHC-I","Cell-Cell Contact","KEGG: hsa04514","CXCR5- Naïve B -> Naïve CD8 T (PBMC_Early)",0.159834592004065,"CXCR5- Naïve B -> Naïve CD8 T","PBMC_Early:Naïve CD8 T"
"CXCR5+ Naïve B","Naïve CD8 T","HLA-C","CD8A",0.525765685043374,"p<0.01","HLA-C_CD8A","HLA-C - CD8A","MHC-I","Cell-Cell Contact","KEGG: hsa04514","CXCR5+ Naïve B -> Naïve CD8 T (PBMC_Early)",0.149271578917203,"CXCR5+ Naïve B -> Naïve CD8 T","PBMC_Early:Naïve CD8 T"
"CXCR6+ NK","Naïve CD8 T","HLA-C","CD8A",0.594697081628386,"p<0.01","HLA-C_CD8A","HLA-C - CD8A","MHC-I","Cell-Cell Contact","KEGG: hsa04514","CXCR6+ NK -> Naïve CD8 T (PBMC_Early)",0.18608934969083,"CXCR6+ NK -> Naïve CD8 T","PBMC_Early:Naïve CD8 T"
"DC2","Naïve CD8 T","HLA-C","CD8A",0.502192624185282,"p<0.01","HLA-C_CD8A","HLA-C - CD8A","MHC-I","Cell-Cell Contact","KEGG: hsa04514","DC2 -> Naïve CD8 T (PBMC_Early)",0.136522233321918,"DC2 -> Naïve CD8 T","PBMC_Early:Naïve CD8 T"
"Early_ERY","Naïve CD8 T","HLA-C","CD8A",0.208857479560113,"p<0.01","HLA-C_CD8A","HLA-C - CD8A","MHC-I","Cell-Cell Contact","KEGG: hsa04514","Early_ERY -> Naïve CD8 T (PBMC_Early)",0.00832948226708699,"Early_ERY -> Naïve CD8 T","PBMC_Early:Naïve CD8 T"
"Gamma Delta V1 T","Naïve CD8 T","HLA-C","CD8A",0.563189226160606,"p<0.01","HLA-C_CD8A","HLA-C - CD8A","MHC-I","Cell-Cell Contact","KEGG: hsa04514","Gamma Delta V1 T -> Naïve CD8 T (PBMC_Early)",0.169381426009141,"Gamma Delta V1 T -> Naïve CD8 T","PBMC_Early:Naïve CD8 T"
"Gamma Delta V2 T","Naïve CD8 T","HLA-C","CD8A",0.576649060076015,"p<0.01","HLA-C_CD8A","HLA-C - CD8A","MHC-I","Cell-Cell Contact","KEGG: hsa04514","Gamma Delta V2 T -> Naïve CD8 T (PBMC_Early)",0.176548969599496,"Gamma Delta V2 T -> Naïve CD8 T","PBMC_Early:Naïve CD8 T"
"HSC_MPP","Naïve CD8 T","HLA-C","CD8A",0.413963611953527,"p<0.01","HLA-C_CD8A","HLA-C - CD8A","MHC-I","Cell-Cell Contact","KEGG: hsa04514","HSC_MPP -> Naïve CD8 T (PBMC_Early)",0.0893073703490132,"HSC_MPP -> Naïve CD8 T","PBMC_Early:Naïve CD8 T"
"ILC2/3","Naïve CD8 T","HLA-C","CD8A",0.520079105131312,"p<0.01","HLA-C_CD8A","HLA-C - CD8A","MHC-I","Cell-Cell Contact","KEGG: hsa04514","ILC2/3 -> Naïve CD8 T (PBMC_Early)",0.146199314711741,"ILC2/3 -> Naïve CD8 T","PBMC_Early:Naïve CD8 T"
"Megakaryocytes","Naïve CD8 T","HLA-C","CD8A",0.547739970173255,"p<0.01","HLA-C_CD8A","HLA-C - CD8A","MHC-I","Cell-Cell Contact","KEGG: hsa04514","Megakaryocytes -> Naïve CD8 T (PBMC_Early)",0.161107438292501,"Megakaryocytes -> Naïve CD8 T","PBMC_Early:Naïve CD8 T"
"MEMP","Naïve CD8 T","HLA-C","CD8A",0.355467948459342,"p<0.01","HLA-C_CD8A","HLA-C - CD8A","MHC-I","Cell-Cell Contact","KEGG: hsa04514","MEMP -> Naïve CD8 T (PBMC_Early)",0.0600130550290804,"MEMP -> Naïve CD8 T","PBMC_Early:Naïve CD8 T"
"MEP","Naïve CD8 T","HLA-C","CD8A",0.396050444623418,"p<0.01","HLA-C_CD8A","HLA-C - CD8A","MHC-I","Cell-Cell Contact","KEGG: hsa04514","MEP -> Naïve CD8 T (PBMC_Early)",0.0800638461369984,"MEP -> Naïve CD8 T","PBMC_Early:Naïve CD8 T"
"Myeloid-CD177","Naïve CD8 T","HLA-C","CD8A",0.313317405571439,"p<0.01","HLA-C_CD8A","HLA-C - CD8A","MHC-I","Cell-Cell Contact","KEGG: hsa04514","Myeloid-CD177 -> Naïve CD8 T (PBMC_Early)",0.0411039274426424,"Myeloid-CD177 -> Naïve CD8 T","PBMC_Early:Naïve CD8 T"
"Naïve CD4 T","Naïve CD8 T","HLA-C","CD8A",0.543437871252932,"p<0.01","HLA-C_CD8A","HLA-C - CD8A","MHC-I","Cell-Cell Contact","KEGG: hsa04514","Naïve CD4 T -> Naïve CD8 T (PBMC_Early)",0.158795708792869,"Naïve CD4 T -> Naïve CD8 T","PBMC_Early:Naïve CD8 T"
"Naïve CD8 T","Naïve CD8 T","HLA-C","CD8A",0.551556902927305,"p<0.01","HLA-C_CD8A","HLA-C - CD8A","MHC-I","Cell-Cell Contact","KEGG: hsa04514","Naïve CD8 T -> Naïve CD8 T (PBMC_Early)",0.163155823946506,"Naïve CD8 T -> Naïve CD8 T","PBMC_Early:Naïve CD8 T"
"NK T","Naïve CD8 T","HLA-C","CD8A",0.59028261556614,"p<0.01","HLA-C_CD8A","HLA-C - CD8A","MHC-I","Cell-Cell Contact","KEGG: hsa04514","NK T -> Naïve CD8 T (PBMC_Early)",0.183763851291382,"NK T -> Naïve CD8 T","PBMC_Early:Naïve CD8 T"
"pDC","Naïve CD8 T","HLA-C","CD8A",0.469819971406029,"p<0.01","HLA-C_CD8A","HLA-C - CD8A","MHC-I","Cell-Cell Contact","KEGG: hsa04514","pDC -> Naïve CD8 T (PBMC_Early)",0.119018675102713,"pDC -> Naïve CD8 T","PBMC_Early:Naïve CD8 T"
"Pro-B","Naïve CD8 T","HLA-C","CD8A",0.490900865663901,"p<0.01","HLA-C_CD8A","HLA-C - CD8A","MHC-I","Cell-Cell Contact","KEGG: hsa04514","Pro-B -> Naïve CD8 T (PBMC_Early)",0.130410101313729,"Pro-B -> Naïve CD8 T","PBMC_Early:Naïve CD8 T"
"Tem","Naïve CD8 T","HLA-C","CD8A",0.581804567797223,"p<0.01","HLA-C_CD8A","HLA-C - CD8A","MHC-I","Cell-Cell Contact","KEGG: hsa04514","Tem -> Naïve CD8 T (PBMC_Early)",0.179282909979652,"Tem -> Naïve CD8 T","PBMC_Early:Naïve CD8 T"
"Th17like_INNATE_T","Naïve CD8 T","HLA-C","CD8A",0.573728507452767,"p<0.01","HLA-C_CD8A","HLA-C - CD8A","MHC-I","Cell-Cell Contact","KEGG: hsa04514","Th17like_INNATE_T -> Naïve CD8 T (PBMC_Early)",0.174997309091604,"Th17like_INNATE_T -> Naïve CD8 T","PBMC_Early:Naïve CD8 T"
"Treg","Naïve CD8 T","HLA-C","CD8A",0.567072647198942,"p<0.01","HLA-C_CD8A","HLA-C - CD8A","MHC-I","Cell-Cell Contact","KEGG: hsa04514","Treg -> Naïve CD8 T (PBMC_Early)",0.171453619658791,"Treg -> Naïve CD8 T","PBMC_Early:Naïve CD8 T"
"CD14+PPBP+ Monocytes","Naïve CD8 T","HLA-C","CD8A",0.500343149059254,"p<0.01","HLA-C_CD8A","HLA-C - CD8A","MHC-I","Cell-Cell Contact","KEGG: hsa04514","CD14+PPBP+ Monocytes -> Naïve CD8 T (PBMC_Late)",0.135521043907974,"CD14+PPBP+ Monocytes -> Naïve CD8 T","PBMC_Late:Naïve CD8 T"
"CD56highCD16low NK","Naïve CD8 T","HLA-C","CD8A",0.454078826935409,"p<0.01","HLA-C_CD8A","HLA-C - CD8A","MHC-I","Cell-Cell Contact","KEGG: hsa04514","CD56highCD16low NK -> Naïve CD8 T (PBMC_Late)",0.110552937701188,"CD56highCD16low NK -> Naïve CD8 T","PBMC_Late:Naïve CD8 T"
"Classical Monocytes","Naïve CD8 T","HLA-C","CD8A",0.487434199484472,"p<0.01","HLA-C_CD8A","HLA-C - CD8A","MHC-I","Cell-Cell Contact","KEGG: hsa04514","Classical Monocytes -> Naïve CD8 T (PBMC_Late)",0.128534367209059,"Classical Monocytes -> Naïve CD8 T","PBMC_Late:Naïve CD8 T"
"CX3CR1+ NK","Naïve CD8 T","HLA-C","CD8A",0.573394630853688,"p<0.01","HLA-C_CD8A","HLA-C - CD8A","MHC-I","Cell-Cell Contact","KEGG: hsa04514","CX3CR1+ NK -> Naïve CD8 T (PBMC_Late)",0.174819793324055,"CX3CR1+ NK -> Naïve CD8 T","PBMC_Late:Naïve CD8 T"
"CXCR5- Naïve B","Naïve CD8 T","HLA-C","CD8A",0.503782075986281,"p<0.01","HLA-C_CD8A","HLA-C - CD8A","MHC-I","Cell-Cell Contact","KEGG: hsa04514","CXCR5- Naïve B -> Naïve CD8 T (PBMC_Late)",0.137382637781789,"CXCR5- Naïve B -> Naïve CD8 T","PBMC_Late:Naïve CD8 T"
"CXCR5+ Naïve B","Naïve CD8 T","HLA-C","CD8A",0.490129672668106,"p<0.01","HLA-C_CD8A","HLA-C - CD8A","MHC-I","Cell-Cell Contact","KEGG: hsa04514","CXCR5+ Naïve B -> Naïve CD8 T (PBMC_Late)",0.129992776992467,"CXCR5+ Naïve B -> Naïve CD8 T","PBMC_Late:Naïve CD8 T"
"CXCR6+ NK","Naïve CD8 T","HLA-C","CD8A",0.549691243840547,"p<0.01","HLA-C_CD8A","HLA-C - CD8A","MHC-I","Cell-Cell Contact","KEGG: hsa04514","CXCR6+ NK -> Naïve CD8 T (PBMC_Late)",0.162154925092642,"CXCR6+ NK -> Naïve CD8 T","PBMC_Late:Naïve CD8 T"
"DC2","Naïve CD8 T","HLA-C","CD8A",0.481416032862346,"p<0.01","HLA-C_CD8A","HLA-C - CD8A","MHC-I","Cell-Cell Contact","KEGG: hsa04514","DC2 -> Naïve CD8 T (PBMC_Late)",0.125279826067882,"DC2 -> Naïve CD8 T","PBMC_Late:Naïve CD8 T"
"Early_ERY","Naïve CD8 T","HLA-C","CD8A",0.228320457023146,"p<0.01","HLA-C_CD8A","HLA-C - CD8A","MHC-I","Cell-Cell Contact","KEGG: hsa04514","Early_ERY -> Naïve CD8 T (PBMC_Late)",0.0125277507845034,"Early_ERY -> Naïve CD8 T","PBMC_Late:Naïve CD8 T"
"Gamma Delta V1 T","Naïve CD8 T","HLA-C","CD8A",0.5056701935022,"p<0.01","HLA-C_CD8A","HLA-C - CD8A","MHC-I","Cell-Cell Contact","KEGG: hsa04514","Gamma Delta V1 T -> Naïve CD8 T (PBMC_Late)",0.138404662109109,"Gamma Delta V1 T -> Naïve CD8 T","PBMC_Late:Naïve CD8 T"
"Gamma Delta V2 T","Naïve CD8 T","HLA-C","CD8A",0.522079651711932,"p<0.01","HLA-C_CD8A","HLA-C - CD8A","MHC-I","Cell-Cell Contact","KEGG: hsa04514","Gamma Delta V2 T -> Naïve CD8 T (PBMC_Late)",0.147280471624151,"Gamma Delta V2 T -> Naïve CD8 T","PBMC_Late:Naïve CD8 T"
"HSC_MPP","Naïve CD8 T","HLA-C","CD8A",0.404572044187294,"p<0.01","HLA-C_CD8A","HLA-C - CD8A","MHC-I","Cell-Cell Contact","KEGG: hsa04514","HSC_MPP -> Naïve CD8 T (PBMC_Late)",0.0844371632610198,"HSC_MPP -> Naïve CD8 T","PBMC_Late:Naïve CD8 T"
"ILC2/3","Naïve CD8 T","HLA-C","CD8A",0.503953281853582,"p<0.01","HLA-C_CD8A","HLA-C - CD8A","MHC-I","Cell-Cell Contact","KEGG: hsa04514","ILC2/3 -> Naïve CD8 T (PBMC_Late)",0.137475313070323,"ILC2/3 -> Naïve CD8 T","PBMC_Late:Naïve CD8 T"
"Megakaryocytes","Naïve CD8 T","HLA-C","CD8A",0.46912420139033,"p<0.01","HLA-C_CD8A","HLA-C - CD8A","MHC-I","Cell-Cell Contact","KEGG: hsa04514","Megakaryocytes -> Naïve CD8 T (PBMC_Late)",0.11864354993805,"Megakaryocytes -> Naïve CD8 T","PBMC_Late:Naïve CD8 T"
"MEMP","Naïve CD8 T","HLA-C","CD8A",0.348399410984774,"p<0.01","HLA-C_CD8A","HLA-C - CD8A","MHC-I","Cell-Cell Contact","KEGG: hsa04514","MEMP -> Naïve CD8 T (PBMC_Late)",0.0566836813328033,"MEMP -> Naïve CD8 T","PBMC_Late:Naïve CD8 T"
"MEP","Naïve CD8 T","HLA-C","CD8A",0.376168633466512,"p<0.01","HLA-C_CD8A","HLA-C - CD8A","MHC-I","Cell-Cell Contact","KEGG: hsa04514","MEP -> Naïve CD8 T (PBMC_Late)",0.0700614754534183,"MEP -> Naïve CD8 T","PBMC_Late:Naïve CD8 T"
"Myeloid-CD177","Naïve CD8 T","HLA-C","CD8A",0.281039837116246,"p<0.01","HLA-C_CD8A","HLA-C - CD8A","MHC-I","Cell-Cell Contact","KEGG: hsa04514","Myeloid-CD177 -> Naïve CD8 T (PBMC_Late)",0.0284896499770575,"Myeloid-CD177 -> Naïve CD8 T","PBMC_Late:Naïve CD8 T"
"Naïve CD4 T","Naïve CD8 T","HLA-C","CD8A",0.493392680547593,"p<0.01","HLA-C_CD8A","HLA-C - CD8A","MHC-I","Cell-Cell Contact","KEGG: hsa04514","Naïve CD4 T -> Naïve CD8 T (PBMC_Late)",0.131758680414079,"Naïve CD4 T -> Naïve CD8 T","PBMC_Late:Naïve CD8 T"
"Naïve CD8 T","Naïve CD8 T","HLA-C","CD8A",0.497464806017701,"p<0.01","HLA-C_CD8A","HLA-C - CD8A","MHC-I","Cell-Cell Contact","KEGG: hsa04514","Naïve CD8 T -> Naïve CD8 T (PBMC_Late)",0.133962890274786,"Naïve CD8 T -> Naïve CD8 T","PBMC_Late:Naïve CD8 T"
"NK T","Naïve CD8 T","HLA-C","CD8A",0.528010436045966,"p<0.01","HLA-C_CD8A","HLA-C - CD8A","MHC-I","Cell-Cell Contact","KEGG: hsa04514","NK T -> Naïve CD8 T (PBMC_Late)",0.15048348116544,"NK T -> Naïve CD8 T","PBMC_Late:Naïve CD8 T"
"pDC","Naïve CD8 T","HLA-C","CD8A",0.451691252595096,"p<0.01","HLA-C_CD8A","HLA-C - CD8A","MHC-I","Cell-Cell Contact","KEGG: hsa04514","pDC -> Naïve CD8 T (PBMC_Late)",0.109273471151541,"pDC -> Naïve CD8 T","PBMC_Late:Naïve CD8 T"
"Pro-B","Naïve CD8 T","HLA-C","CD8A",0.444348142237965,"p<0.01","HLA-C_CD8A","HLA-C - CD8A","MHC-I","Cell-Cell Contact","KEGG: hsa04514","Pro-B -> Naïve CD8 T (PBMC_Late)",0.105347840679064,"Pro-B -> Naïve CD8 T","PBMC_Late:Naïve CD8 T"
"Tem","Naïve CD8 T","HLA-C","CD8A",0.531748713271605,"p<0.01","HLA-C_CD8A","HLA-C - CD8A","MHC-I","Cell-Cell Contact","KEGG: hsa04514","Tem -> Naïve CD8 T (PBMC_Late)",0.152500480614548,"Tem -> Naïve CD8 T","PBMC_Late:Naïve CD8 T"
"Th17like_INNATE_T","Naïve CD8 T","HLA-C","CD8A",0.525116656478138,"p<0.01","HLA-C_CD8A","HLA-C - CD8A","MHC-I","Cell-Cell Contact","KEGG: hsa04514","Th17like_INNATE_T -> Naïve CD8 T (PBMC_Late)",0.148921083344642,"Th17like_INNATE_T -> Naïve CD8 T","PBMC_Late:Naïve CD8 T"
"Treg","Naïve CD8 T","HLA-C","CD8A",0.515374084184502,"p<0.01","HLA-C_CD8A","HLA-C - CD8A","MHC-I","Cell-Cell Contact","KEGG: hsa04514","Treg -> Naïve CD8 T (PBMC_Late)",0.143655363683863,"Treg -> Naïve CD8 T","PBMC_Late:Naïve CD8 T"
"CD14+PPBP+ Monocytes","Naïve CD8 T","HLA-C","CD8B",0.605213873481596,"p<0.01","HLA-C_CD8B","HLA-C - CD8B","MHC-I","Cell-Cell Contact","KEGG: hsa04514","CD14+PPBP+ Monocytes -> Naïve CD8 T (PBMC_Early)",0.191607081444006,"CD14+PPBP+ Monocytes -> Naïve CD8 T","PBMC_Early:Naïve CD8 T"
"CD56highCD16low NK","Naïve CD8 T","HLA-C","CD8B",0.516552905360742,"p<0.01","HLA-C_CD8B","HLA-C - CD8B","MHC-I","Cell-Cell Contact","KEGG: hsa04514","CD56highCD16low NK -> Naïve CD8 T (PBMC_Early)",0.144292884367396,"CD56highCD16low NK -> Naïve CD8 T","PBMC_Early:Naïve CD8 T"
"Classical Monocytes","Naïve CD8 T","HLA-C","CD8B",0.579640517037323,"p<0.01","HLA-C_CD8B","HLA-C - CD8B","MHC-I","Cell-Cell Contact","KEGG: hsa04514","Classical Monocytes -> Naïve CD8 T (PBMC_Early)",0.178136136114019,"Classical Monocytes -> Naïve CD8 T","PBMC_Early:Naïve CD8 T"
"CX3CR1+ NK","Naïve CD8 T","HLA-C","CD8B",0.67247500243043,"p<0.01","HLA-C_CD8B","HLA-C - CD8B","MHC-I","Cell-Cell Contact","KEGG: hsa04514","CX3CR1+ NK -> Naïve CD8 T (PBMC_Early)",0.22603981499999,"CX3CR1+ NK -> Naïve CD8 T","PBMC_Early:Naïve CD8 T"
"CXCR5- Naïve B","Naïve CD8 T","HLA-C","CD8B",0.60050087353072,"p<0.01","HLA-C_CD8B","HLA-C - CD8B","MHC-I","Cell-Cell Contact","KEGG: hsa04514","CXCR5- Naïve B -> Naïve CD8 T (PBMC_Early)",0.189138351766495,"CXCR5- Naïve B -> Naïve CD8 T","PBMC_Early:Naïve CD8 T"
"CXCR5+ Naïve B","Naïve CD8 T","HLA-C","CD8B",0.577586974473479,"p<0.01","HLA-C_CD8B","HLA-C - CD8B","MHC-I","Cell-Cell Contact","KEGG: hsa04514","CXCR5+ Naïve B -> Naïve CD8 T (PBMC_Early)",0.177046833965139,"CXCR5+ Naïve B -> Naïve CD8 T","PBMC_Early:Naïve CD8 T"
"CXCR6+ NK","Naïve CD8 T","HLA-C","CD8B",0.658370351614801,"p<0.01","HLA-C_CD8B","HLA-C - CD8B","MHC-I","Cell-Cell Contact","KEGG: hsa04514","CXCR6+ NK -> Naïve CD8 T (PBMC_Early)",0.218952179061549,"CXCR6+ NK -> Naïve CD8 T","PBMC_Early:Naïve CD8 T"
"DC2","Naïve CD8 T","HLA-C","CD8B",0.55010693511017,"p<0.01","HLA-C_CD8B","HLA-C - CD8B","MHC-I","Cell-Cell Contact","KEGG: hsa04514","DC2 -> Naïve CD8 T (PBMC_Early)",0.162377991232961,"DC2 -> Naïve CD8 T","PBMC_Early:Naïve CD8 T"
"Early_ERY","Naïve CD8 T","HLA-C","CD8B",0.218055192478605,"p<0.01","HLA-C_CD8B","HLA-C - CD8B","MHC-I","Cell-Cell Contact","KEGG: hsa04514","Early_ERY -> Naïve CD8 T (PBMC_Early)",0.0101936031546152,"Early_ERY -> Naïve CD8 T","PBMC_Early:Naïve CD8 T"
"Gamma Delta V1 T","Naïve CD8 T","HLA-C","CD8B",0.621371202878298,"p<0.01","HLA-C_CD8B","HLA-C - CD8B","MHC-I","Cell-Cell Contact","KEGG: hsa04514","Gamma Delta V1 T -> Naïve CD8 T (PBMC_Early)",0.200018788881314,"Gamma Delta V1 T -> Naïve CD8 T","PBMC_Early:Naïve CD8 T"
"Gamma Delta V2 T","Naïve CD8 T","HLA-C","CD8B",0.637162465635626,"p<0.01","HLA-C_CD8B","HLA-C - CD8B","MHC-I","Cell-Cell Contact","KEGG: hsa04514","Gamma Delta V2 T -> Naïve CD8 T (PBMC_Early)",0.208157884872311,"Gamma Delta V2 T -> Naïve CD8 T","PBMC_Early:Naïve CD8 T"
"HSC_MPP","Naïve CD8 T","HLA-C","CD8B",0.448064385594214,"p<0.01","HLA-C_CD8B","HLA-C - CD8B","MHC-I","Cell-Cell Contact","KEGG: hsa04514","HSC_MPP -> Naïve CD8 T (PBMC_Early)",0.107332680493686,"HSC_MPP -> Naïve CD8 T","PBMC_Early:Naïve CD8 T"
"ILC2/3","Naïve CD8 T","HLA-C","CD8B",0.570950521687949,"p<0.01","HLA-C_CD8B","HLA-C - CD8B","MHC-I","Cell-Cell Contact","KEGG: hsa04514","ILC2/3 -> Naïve CD8 T (PBMC_Early)",0.173519507086091,"ILC2/3 -> Naïve CD8 T","PBMC_Early:Naïve CD8 T"
"Megakaryocytes","Naïve CD8 T","HLA-C","CD8B",0.603273755922102,"p<0.01","HLA-C_CD8B","HLA-C - CD8B","MHC-I","Cell-Cell Contact","KEGG: hsa04514","Megakaryocytes -> Naïve CD8 T (PBMC_Early)",0.190591621189363,"Megakaryocytes -> Naïve CD8 T","PBMC_Early:Naïve CD8 T"
"MEMP","Naïve CD8 T","HLA-C","CD8B",0.38126750277964,"p<0.01","HLA-C_CD8B","HLA-C - CD8B","MHC-I","Cell-Cell Contact","KEGG: hsa04514","MEMP -> Naïve CD8 T (PBMC_Early)",0.0725970923423715,"MEMP -> Naïve CD8 T","PBMC_Early:Naïve CD8 T"
"MEP","Naïve CD8 T","HLA-C","CD8B",0.427527465700223,"p<0.01","HLA-C_CD8B","HLA-C - CD8B","MHC-I","Cell-Cell Contact","KEGG: hsa04514","MEP -> Naïve CD8 T (PBMC_Early)",0.0964210239636284,"MEP -> Naïve CD8 T","PBMC_Early:Naïve CD8 T"
"Myeloid-CD177","Naïve CD8 T","HLA-C","CD8B",0.333660123906078,"p<0.01","HLA-C_CD8B","HLA-C - CD8B","MHC-I","Cell-Cell Contact","KEGG: hsa04514","Myeloid-CD177 -> Naïve CD8 T (PBMC_Early)",0.0499335695764682,"Myeloid-CD177 -> Naïve CD8 T","PBMC_Early:Naïve CD8 T"
"Naïve CD4 T","Naïve CD8 T","HLA-C","CD8B",0.598239713388791,"p<0.01","HLA-C_CD8B","HLA-C - CD8B","MHC-I","Cell-Cell Contact","KEGG: hsa04514","Naïve CD4 T -> Naïve CD8 T (PBMC_Early)",0.18795161067295,"Naïve CD4 T -> Naïve CD8 T","PBMC_Early:Naïve CD8 T"
"Naïve CD8 T","Naïve CD8 T","HLA-C","CD8B",0.607742114884558,"p<0.01","HLA-C_CD8B","HLA-C - CD8B","MHC-I","Cell-Cell Contact","KEGG: hsa04514","Naïve CD8 T -> Naïve CD8 T (PBMC_Early)",0.19292866719119,"Naïve CD8 T -> Naïve CD8 T","PBMC_Early:Naïve CD8 T"
"NK T","Naïve CD8 T","HLA-C","CD8B",0.653179532117453,"p<0.01","HLA-C_CD8B","HLA-C - CD8B","MHC-I","Cell-Cell Contact","KEGG: hsa04514","NK T -> Naïve CD8 T (PBMC_Early)",0.216325156031459,"NK T -> Naïve CD8 T","PBMC_Early:Naïve CD8 T"
"pDC","Naïve CD8 T","HLA-C","CD8B",0.512508023360339,"p<0.01","HLA-C_CD8B","HLA-C - CD8B","MHC-I","Cell-Cell Contact","KEGG: hsa04514","pDC -> Naïve CD8 T (PBMC_Early)",0.142105013121392,"pDC -> Naïve CD8 T","PBMC_Early:Naïve CD8 T"
"Pro-B","Naïve CD8 T","HLA-C","CD8B",0.536973219358655,"p<0.01","HLA-C_CD8B","HLA-C - CD8B","MHC-I","Cell-Cell Contact","KEGG: hsa04514","Pro-B -> Naïve CD8 T (PBMC_Early)",0.155316506459794,"Pro-B -> Naïve CD8 T","PBMC_Early:Naïve CD8 T"
"Tem","Naïve CD8 T","HLA-C","CD8B",0.643216743594902,"p<0.01","HLA-C_CD8B","HLA-C - CD8B","MHC-I","Cell-Cell Contact","KEGG: hsa04514","Tem -> Naïve CD8 T (PBMC_Early)",0.211255728272608,"Tem -> Naïve CD8 T","PBMC_Early:Naïve CD8 T"
"Th17like_INNATE_T","Naïve CD8 T","HLA-C","CD8B",0.633734167989057,"p<0.01","HLA-C_CD8B","HLA-C - CD8B","MHC-I","Cell-Cell Contact","KEGG: hsa04514","Th17like_INNATE_T -> Naïve CD8 T (PBMC_Early)",0.206398050699314,"Th17like_INNATE_T -> Naïve CD8 T","PBMC_Early:Naïve CD8 T"
"Treg","Naïve CD8 T","HLA-C","CD8B",0.625925016496778,"p<0.01","HLA-C_CD8B","HLA-C - CD8B","MHC-I","Cell-Cell Contact","KEGG: hsa04514","Treg -> Naïve CD8 T (PBMC_Early)",0.202374475774664,"Treg -> Naïve CD8 T","PBMC_Early:Naïve CD8 T"
"CD14+PPBP+ Monocytes","Naïve CD8 T","HLA-C","CD8B",0.568714624851931,"p<0.01","HLA-C_CD8B","HLA-C - CD8B","MHC-I","Cell-Cell Contact","KEGG: hsa04514","CD14+PPBP+ Monocytes -> Naïve CD8 T (PBMC_Late)",0.172328778428252,"CD14+PPBP+ Monocytes -> Naïve CD8 T","PBMC_Late:Naïve CD8 T"
"CD56highCD16low NK","Naïve CD8 T","HLA-C","CD8B",0.511742395091833,"p<0.01","HLA-C_CD8B","HLA-C - CD8B","MHC-I","Cell-Cell Contact","KEGG: hsa04514","CD56highCD16low NK -> Naïve CD8 T (PBMC_Late)",0.141690783122176,"CD56highCD16low NK -> Naïve CD8 T","PBMC_Late:Naïve CD8 T"
"Classical Monocytes","Naïve CD8 T","HLA-C","CD8B",0.552765851707896,"p<0.01","HLA-C_CD8B","HLA-C - CD8B","MHC-I","Cell-Cell Contact","KEGG: hsa04514","Classical Monocytes -> Naïve CD8 T (PBMC_Late)",0.163804070611926,"Classical Monocytes -> Naïve CD8 T","PBMC_Late:Naïve CD8 T"
"CX3CR1+ NK","Naïve CD8 T","HLA-C","CD8B",0.659633378523292,"p<0.01","HLA-C_CD8B","HLA-C - CD8B","MHC-I","Cell-Cell Contact","KEGG: hsa04514","CX3CR1+ NK -> Naïve CD8 T (PBMC_Late)",0.219589885305735,"CX3CR1+ NK -> Naïve CD8 T","PBMC_Late:Naïve CD8 T"
"CXCR5- Naïve B","Naïve CD8 T","HLA-C","CD8B",0.572969777402396,"p<0.01","HLA-C_CD8B","HLA-C - CD8B","MHC-I","Cell-Cell Contact","KEGG: hsa04514","CXCR5- Naïve B -> Naïve CD8 T (PBMC_Late)",0.174593868662957,"CXCR5- Naïve B -> Naïve CD8 T","PBMC_Late:Naïve CD8 T"
"CXCR5+ Naïve B","Naïve CD8 T","HLA-C","CD8B",0.556092867233951,"p<0.01","HLA-C_CD8B","HLA-C - CD8B","MHC-I","Cell-Cell Contact","KEGG: hsa04514","CXCR5+ Naïve B -> Naïve CD8 T (PBMC_Late)",0.165586627474705,"CXCR5+ Naïve B -> Naïve CD8 T","PBMC_Late:Naïve CD8 T"
"CXCR6+ NK","Naïve CD8 T","HLA-C","CD8B",0.630016960098825,"p<0.01","HLA-C_CD8B","HLA-C - CD8B","MHC-I","Cell-Cell Contact","KEGG: hsa04514","CXCR6+ NK -> Naïve CD8 T (PBMC_Late)",0.20448536782516,"CXCR6+ NK -> Naïve CD8 T","PBMC_Late:Naïve CD8 T"
"DC2","Naïve CD8 T","HLA-C","CD8B",0.545343856892832,"p<0.01","HLA-C_CD8B","HLA-C - CD8B","MHC-I","Cell-Cell Contact","KEGG: hsa04514","DC2 -> Naïve CD8 T (PBMC_Late)",0.159820263964603,"DC2 -> Naïve CD8 T","PBMC_Late:Naïve CD8 T"
"Early_ERY","Naïve CD8 T","HLA-C","CD8B",0.243895096982297,"p<0.01","HLA-C_CD8B","HLA-C - CD8B","MHC-I","Cell-Cell Contact","KEGG: hsa04514","Early_ERY -> Naïve CD8 T (PBMC_Late)",0.0165706300713281,"Early_ERY -> Naïve CD8 T","PBMC_Late:Naïve CD8 T"
"Gamma Delta V1 T","Naïve CD8 T","HLA-C","CD8B",0.575307162959902,"p<0.01","HLA-C_CD8B","HLA-C - CD8B","MHC-I","Cell-Cell Contact","KEGG: hsa04514","Gamma Delta V1 T -> Naïve CD8 T (PBMC_Late)",0.175836288905821,"Gamma Delta V1 T -> Naïve CD8 T","PBMC_Late:Naïve CD8 T"
"Gamma Delta V2 T","Naïve CD8 T","HLA-C","CD8B",0.595653960051579,"p<0.01","HLA-C_CD8B","HLA-C - CD8B","MHC-I","Cell-Cell Contact","KEGG: hsa04514","Gamma Delta V2 T -> Naïve CD8 T (PBMC_Late)",0.186592705567233,"Gamma Delta V2 T -> Naïve CD8 T","PBMC_Late:Naïve CD8 T"
"HSC_MPP","Naïve CD8 T","HLA-C","CD8B",0.451408018789287,"p<0.01","HLA-C_CD8B","HLA-C - CD8B","MHC-I","Cell-Cell Contact","KEGG: hsa04514","HSC_MPP -> Naïve CD8 T (PBMC_Late)",0.109121784532122,"HSC_MPP -> Naïve CD8 T","PBMC_Late:Naïve CD8 T"
"ILC2/3","Naïve CD8 T","HLA-C","CD8B",0.573181688086672,"p<0.01","HLA-C_CD8B","HLA-C - CD8B","MHC-I","Cell-Cell Contact","KEGG: hsa04514","ILC2/3 -> Naïve CD8 T (PBMC_Late)",0.174706561922917,"ILC2/3 -> Naïve CD8 T","PBMC_Late:Naïve CD8 T"
"Megakaryocytes","Naïve CD8 T","HLA-C","CD8B",0.530212076149479,"p<0.01","HLA-C_CD8B","HLA-C - CD8B","MHC-I","Cell-Cell Contact","KEGG: hsa04514","Megakaryocytes -> Naïve CD8 T (PBMC_Late)",0.151671578009881,"Megakaryocytes -> Naïve CD8 T","PBMC_Late:Naïve CD8 T"
"MEMP","Naïve CD8 T","HLA-C","CD8B",0.3838903201726,"p<0.01","HLA-C_CD8B","HLA-C - CD8B","MHC-I","Cell-Cell Contact","KEGG: hsa04514","MEMP -> Naïve CD8 T (PBMC_Late)",0.0739097375514372,"MEMP -> Naïve CD8 T","PBMC_Late:Naïve CD8 T"
"MEP","Naïve CD8 T","HLA-C","CD8B",0.417131682273998,"p<0.01","HLA-C_CD8B","HLA-C - CD8B","MHC-I","Cell-Cell Contact","KEGG: hsa04514","MEP -> Naïve CD8 T (PBMC_Late)",0.090960994514366,"MEP -> Naïve CD8 T","PBMC_Late:Naïve CD8 T"
"Myeloid-CD177","Naïve CD8 T","HLA-C","CD8B",0.304531576711642,"p<0.01","HLA-C_CD8B","HLA-C - CD8B","MHC-I","Cell-Cell Contact","KEGG: hsa04514","Myeloid-CD177 -> Naïve CD8 T (PBMC_Late)",0.0374881001407761,"Myeloid-CD177 -> Naïve CD8 T","PBMC_Late:Naïve CD8 T"
"Naïve CD4 T","Naïve CD8 T","HLA-C","CD8B",0.560122661775812,"p<0.01","HLA-C_CD8B","HLA-C - CD8B","MHC-I","Cell-Cell Contact","KEGG: hsa04514","Naïve CD4 T -> Naïve CD8 T (PBMC_Late)",0.16774283263622,"Naïve CD4 T -> Naïve CD8 T","PBMC_Late:Naïve CD8 T"
"Naïve CD8 T","Naïve CD8 T","HLA-C","CD8B",0.565155163453196,"p<0.01","HLA-C_CD8B","HLA-C - CD8B","MHC-I","Cell-Cell Contact","KEGG: hsa04514","Naïve CD8 T -> Naïve CD8 T (PBMC_Late)",0.170430860477088,"Naïve CD8 T -> Naïve CD8 T","PBMC_Late:Naïve CD8 T"
"NK T","Naïve CD8 T","HLA-C","CD8B",0.603021881259749,"p<0.01","HLA-C_CD8B","HLA-C - CD8B","MHC-I","Cell-Cell Contact","KEGG: hsa04514","NK T -> Naïve CD8 T (PBMC_Late)",0.190459707324565,"NK T -> Naïve CD8 T","PBMC_Late:Naïve CD8 T"
"pDC","Naïve CD8 T","HLA-C","CD8B",0.508816837320322,"p<0.01","HLA-C_CD8B","HLA-C - CD8B","MHC-I","Cell-Cell Contact","KEGG: hsa04514","pDC -> Naïve CD8 T (PBMC_Late)",0.140107713864965,"pDC -> Naïve CD8 T","PBMC_Late:Naïve CD8 T"
"Pro-B","Naïve CD8 T","HLA-C","CD8B",0.499828710764496,"p<0.01","HLA-C_CD8B","HLA-C - CD8B","MHC-I","Cell-Cell Contact","KEGG: hsa04514","Pro-B -> Naïve CD8 T (PBMC_Late)",0.135242557331432,"Pro-B -> Naïve CD8 T","PBMC_Late:Naïve CD8 T"
"Tem","Naïve CD8 T","HLA-C","CD8B",0.60766974356972,"p<0.01","HLA-C_CD8B","HLA-C - CD8B","MHC-I","Cell-Cell Contact","KEGG: hsa04514","Tem -> Naïve CD8 T (PBMC_Late)",0.192890863541633,"Tem -> Naïve CD8 T","PBMC_Late:Naïve CD8 T"
"Th17like_INNATE_T","Naïve CD8 T","HLA-C","CD8B",0.599425972088077,"p<0.01","HLA-C_CD8B","HLA-C - CD8B","MHC-I","Cell-Cell Contact","KEGG: hsa04514","Th17like_INNATE_T -> Naïve CD8 T (PBMC_Late)",0.188574388572416,"Th17like_INNATE_T -> Naïve CD8 T","PBMC_Late:Naïve CD8 T"
"Treg","Naïve CD8 T","HLA-C","CD8B",0.587332421931518,"p<0.01","HLA-C_CD8B","HLA-C - CD8B","MHC-I","Cell-Cell Contact","KEGG: hsa04514","Treg -> Naïve CD8 T (PBMC_Late)",0.182206738319944,"Treg -> Naïve CD8 T","PBMC_Late:Naïve CD8 T"
"CD14+PPBP+ Monocytes","Naïve CD8 T","HLA-E","CD8A",0.525151716835538,"p<0.01","HLA-E_CD8A","HLA-E - CD8A","MHC-I","Cell-Cell Contact","KEGG: hsa04514","CD14+PPBP+ Monocytes -> Naïve CD8 T (PBMC_Early)",0.148940018093535,"CD14+PPBP+ Monocytes -> Naïve CD8 T","PBMC_Early:Naïve CD8 T"
"CD56highCD16low NK","Naïve CD8 T","HLA-E","CD8A",0.446191893405699,"p<0.01","HLA-E_CD8A","HLA-E - CD8A","MHC-I","Cell-Cell Contact","KEGG: hsa04514","CD56highCD16low NK -> Naïve CD8 T (PBMC_Early)",0.106332087038563,"CD56highCD16low NK -> Naïve CD8 T","PBMC_Early:Naïve CD8 T"
"Classical Monocytes","Naïve CD8 T","HLA-E","CD8A",0.453686007437752,"p<0.01","HLA-E_CD8A","HLA-E - CD8A","MHC-I","Cell-Cell Contact","KEGG: hsa04514","Classical Monocytes -> Naïve CD8 T (PBMC_Early)",0.110342335602428,"Classical Monocytes -> Naïve CD8 T","PBMC_Early:Naïve CD8 T"
"CX3CR1+ NK","Naïve CD8 T","HLA-E","CD8A",0.534902180107059,"p<0.01","HLA-E_CD8A","HLA-E - CD8A","MHC-I","Cell-Cell Contact","KEGG: hsa04514","CX3CR1+ NK -> Naïve CD8 T (PBMC_Early)",0.154200635015067,"CX3CR1+ NK -> Naïve CD8 T","PBMC_Early:Naïve CD8 T"
"CXCR5- Naïve B","Naïve CD8 T","HLA-E","CD8A",0.491764464184033,"p<0.01","HLA-E_CD8A","HLA-E - CD8A","MHC-I","Cell-Cell Contact","KEGG: hsa04514","CXCR5- Naïve B -> Naïve CD8 T (PBMC_Early)",0.130877458821375,"CXCR5- Naïve B -> Naïve CD8 T","PBMC_Early:Naïve CD8 T"
"CXCR5+ Naïve B","Naïve CD8 T","HLA-E","CD8A",0.482855281994001,"p<0.01","HLA-E_CD8A","HLA-E - CD8A","MHC-I","Cell-Cell Contact","KEGG: hsa04514","CXCR5+ Naïve B -> Naïve CD8 T (PBMC_Early)",0.126057906960341,"CXCR5+ Naïve B -> Naïve CD8 T","PBMC_Early:Naïve CD8 T"
"CXCR6+ NK","Naïve CD8 T","HLA-E","CD8A",0.516312966787763,"p<0.01","HLA-E_CD8A","HLA-E - CD8A","MHC-I","Cell-Cell Contact","KEGG: hsa04514","CXCR6+ NK -> Naïve CD8 T (PBMC_Early)",0.144163130053828,"CXCR6+ NK -> Naïve CD8 T","PBMC_Early:Naïve CD8 T"
"DC2","Naïve CD8 T","HLA-E","CD8A",0.414288196149305,"p<0.01","HLA-E_CD8A","HLA-E - CD8A","MHC-I","Cell-Cell Contact","KEGG: hsa04514","DC2 -> Naïve CD8 T (PBMC_Early)",0.0894765550101032,"DC2 -> Naïve CD8 T","PBMC_Early:Naïve CD8 T"
"Gamma Delta V1 T","Naïve CD8 T","HLA-E","CD8A",0.510890613896426,"p<0.01","HLA-E_CD8A","HLA-E - CD8A","MHC-I","Cell-Cell Contact","KEGG: hsa04514","Gamma Delta V1 T -> Naïve CD8 T (PBMC_Early)",0.141229908220925,"Gamma Delta V1 T -> Naïve CD8 T","PBMC_Early:Naïve CD8 T"
"Gamma Delta V2 T","Naïve CD8 T","HLA-E","CD8A",0.520197629213671,"p<0.01","HLA-E_CD8A","HLA-E - CD8A","MHC-I","Cell-Cell Contact","KEGG: hsa04514","Gamma Delta V2 T -> Naïve CD8 T (PBMC_Early)",0.14626337801068,"Gamma Delta V2 T -> Naïve CD8 T","PBMC_Early:Naïve CD8 T"
"HSC_MPP","Naïve CD8 T","HLA-E","CD8A",0.379733807014286,"p<0.01","HLA-E_CD8A","HLA-E - CD8A","MHC-I","Cell-Cell Contact","KEGG: hsa04514","HSC_MPP -> Naïve CD8 T (PBMC_Early)",0.0718321105075283,"HSC_MPP -> Naïve CD8 T","PBMC_Early:Naïve CD8 T"
"ILC2/3","Naïve CD8 T","HLA-E","CD8A",0.488668575872627,"p<0.01","HLA-E_CD8A","HLA-E - CD8A","MHC-I","Cell-Cell Contact","KEGG: hsa04514","ILC2/3 -> Naïve CD8 T (PBMC_Early)",0.12920219156564,"ILC2/3 -> Naïve CD8 T","PBMC_Early:Naïve CD8 T"
"Megakaryocytes","Naïve CD8 T","HLA-E","CD8A",0.573090713295003,"p<0.01","HLA-E_CD8A","HLA-E - CD8A","MHC-I","Cell-Cell Contact","KEGG: hsa04514","Megakaryocytes -> Naïve CD8 T (PBMC_Early)",0.174658183192099,"Megakaryocytes -> Naïve CD8 T","PBMC_Early:Naïve CD8 T"
"MEMP","Naïve CD8 T","HLA-E","CD8A",0.316164534744351,"p<0.01","HLA-E_CD8A","HLA-E - CD8A","MHC-I","Cell-Cell Contact","KEGG: hsa04514","MEMP -> Naïve CD8 T (PBMC_Early)",0.0423024574297028,"MEMP -> Naïve CD8 T","PBMC_Early:Naïve CD8 T"
"MEP","Naïve CD8 T","HLA-E","CD8A",0.427992030936123,"p<0.01","HLA-E_CD8A","HLA-E - CD8A","MHC-I","Cell-Cell Contact","KEGG: hsa04514","MEP -> Naïve CD8 T (PBMC_Early)",0.096666139126449,"MEP -> Naïve CD8 T","PBMC_Early:Naïve CD8 T"
"Myeloid-CD177","Naïve CD8 T","HLA-E","CD8A",0.388303297107025,"p<0.01","HLA-E_CD8A","HLA-E - CD8A","MHC-I","Cell-Cell Contact","KEGG: hsa04514","Myeloid-CD177 -> Naïve CD8 T (PBMC_Early)",0.0761304862110713,"Myeloid-CD177 -> Naïve CD8 T","PBMC_Early:Naïve CD8 T"
"Naïve CD4 T","Naïve CD8 T","HLA-E","CD8A",0.524478196389675,"p<0.01","HLA-E_CD8A","HLA-E - CD8A","MHC-I","Cell-Cell Contact","KEGG: hsa04514","Naïve CD4 T -> Naïve CD8 T (PBMC_Early)",0.148576254636572,"Naïve CD4 T -> Naïve CD8 T","PBMC_Early:Naïve CD8 T"
"Naïve CD8 T","Naïve CD8 T","HLA-E","CD8A",0.522144573391475,"p<0.01","HLA-E_CD8A","HLA-E - CD8A","MHC-I","Cell-Cell Contact","KEGG: hsa04514","Naïve CD8 T -> Naïve CD8 T (PBMC_Early)",0.147315551584464,"Naïve CD8 T -> Naïve CD8 T","PBMC_Early:Naïve CD8 T"
"NK T","Naïve CD8 T","HLA-E","CD8A",0.532175307938732,"p<0.01","HLA-E_CD8A","HLA-E - CD8A","MHC-I","Cell-Cell Contact","KEGG: hsa04514","NK T -> Naïve CD8 T (PBMC_Early)",0.152730546833393,"NK T -> Naïve CD8 T","PBMC_Early:Naïve CD8 T"
"pDC","Naïve CD8 T","HLA-E","CD8A",0.39766115874394,"p<0.01","HLA-E_CD8A","HLA-E - CD8A","MHC-I","Cell-Cell Contact","KEGG: hsa04514","pDC -> Naïve CD8 T (PBMC_Early)",0.0808868728420342,"pDC -> Naïve CD8 T","PBMC_Early:Naïve CD8 T"
"Pro-B","Naïve CD8 T","HLA-E","CD8A",0.373815675054338,"p<0.01","HLA-E_CD8A","HLA-E - CD8A","MHC-I","Cell-Cell Contact","KEGG: hsa04514","Pro-B -> Naïve CD8 T (PBMC_Early)",0.0688988897413229,"Pro-B -> Naïve CD8 T","PBMC_Early:Naïve CD8 T"
"Tem","Naïve CD8 T","HLA-E","CD8A",0.524942251147058,"p<0.01","HLA-E_CD8A","HLA-E - CD8A","MHC-I","Cell-Cell Contact","KEGG: hsa04514","Tem -> Naïve CD8 T (PBMC_Early)",0.148826891947409,"Tem -> Naïve CD8 T","PBMC_Early:Naïve CD8 T"
"Th17like_INNATE_T","Naïve CD8 T","HLA-E","CD8A",0.537537051151508,"p<0.01","HLA-E_CD8A","HLA-E - CD8A","MHC-I","Cell-Cell Contact","KEGG: hsa04514","Th17like_INNATE_T -> Naïve CD8 T (PBMC_Early)",0.15562019638532,"Th17like_INNATE_T -> Naïve CD8 T","PBMC_Early:Naïve CD8 T"
"Treg","Naïve CD8 T","HLA-E","CD8A",0.542761990051415,"p<0.01","HLA-E_CD8A","HLA-E - CD8A","MHC-I","Cell-Cell Contact","KEGG: hsa04514","Treg -> Naïve CD8 T (PBMC_Early)",0.158432252397358,"Treg -> Naïve CD8 T","PBMC_Early:Naïve CD8 T"
"CD14+PPBP+ Monocytes","Naïve CD8 T","HLA-E","CD8A",0.503455732372103,"p<0.01","HLA-E_CD8A","HLA-E - CD8A","MHC-I","Cell-Cell Contact","KEGG: hsa04514","CD14+PPBP+ Monocytes -> Naïve CD8 T (PBMC_Late)",0.137205983731881,"CD14+PPBP+ Monocytes -> Naïve CD8 T","PBMC_Late:Naïve CD8 T"
"CD56highCD16low NK","Naïve CD8 T","HLA-E","CD8A",0.307881976448538,"p<0.01","HLA-E_CD8A","HLA-E - CD8A","MHC-I","Cell-Cell Contact","KEGG: hsa04514","CD56highCD16low NK -> Naïve CD8 T (PBMC_Late)",0.0388519170709763,"CD56highCD16low NK -> Naïve CD8 T","PBMC_Late:Naïve CD8 T"
"Classical Monocytes","Naïve CD8 T","HLA-E","CD8A",0.420085633376289,"p<0.01","HLA-E_CD8A","HLA-E - CD8A","MHC-I","Cell-Cell Contact","KEGG: hsa04514","Classical Monocytes -> Naïve CD8 T (PBMC_Late)",0.092507363712355,"Classical Monocytes -> Naïve CD8 T","PBMC_Late:Naïve CD8 T"
"CX3CR1+ NK","Naïve CD8 T","HLA-E","CD8A",0.51292957986918,"p<0.01","HLA-E_CD8A","HLA-E - CD8A","MHC-I","Cell-Cell Contact","KEGG: hsa04514","CX3CR1+ NK -> Naïve CD8 T (PBMC_Late)",0.142333076235213,"CX3CR1+ NK -> Naïve CD8 T","PBMC_Late:Naïve CD8 T"
"CXCR5- Naïve B","Naïve CD8 T","HLA-E","CD8A",0.455045503755428,"p<0.01","HLA-E_CD8A","HLA-E - CD8A","MHC-I","Cell-Cell Contact","KEGG: hsa04514","CXCR5- Naïve B -> Naïve CD8 T (PBMC_Late)",0.11107135777032,"CXCR5- Naïve B -> Naïve CD8 T","PBMC_Late:Naïve CD8 T"
"CXCR5+ Naïve B","Naïve CD8 T","HLA-E","CD8A",0.443265064882208,"p<0.01","HLA-E_CD8A","HLA-E - CD8A","MHC-I","Cell-Cell Contact","KEGG: hsa04514","CXCR5+ Naïve B -> Naïve CD8 T (PBMC_Late)",0.104770137541806,"CXCR5+ Naïve B -> Naïve CD8 T","PBMC_Late:Naïve CD8 T"
"CXCR6+ NK","Naïve CD8 T","HLA-E","CD8A",0.48123697114322,"p<0.01","HLA-E_CD8A","HLA-E - CD8A","MHC-I","Cell-Cell Contact","KEGG: hsa04514","CXCR6+ NK -> Naïve CD8 T (PBMC_Late)",0.125183034720658,"CXCR6+ NK -> Naïve CD8 T","PBMC_Late:Naïve CD8 T"
"DC2","Naïve CD8 T","HLA-E","CD8A",0.393980683840846,"p<0.01","HLA-E_CD8A","HLA-E - CD8A","MHC-I","Cell-Cell Contact","KEGG: hsa04514","DC2 -> Naïve CD8 T (PBMC_Late)",0.0790088424512606,"DC2 -> Naïve CD8 T","PBMC_Late:Naïve CD8 T"
"Gamma Delta V1 T","Naïve CD8 T","HLA-E","CD8A",0.481725413184867,"p<0.01","HLA-E_CD8A","HLA-E - CD8A","MHC-I","Cell-Cell Contact","KEGG: hsa04514","Gamma Delta V1 T -> Naïve CD8 T (PBMC_Late)",0.125447067331313,"Gamma Delta V1 T -> Naïve CD8 T","PBMC_Late:Naïve CD8 T"
"Gamma Delta V2 T","Naïve CD8 T","HLA-E","CD8A",0.485614359641277,"p<0.01","HLA-E_CD8A","HLA-E - CD8A","MHC-I","Cell-Cell Contact","KEGG: hsa04514","Gamma Delta V2 T -> Naïve CD8 T (PBMC_Late)",0.127549956091042,"Gamma Delta V2 T -> Naïve CD8 T","PBMC_Late:Naïve CD8 T"
"HSC_MPP","Naïve CD8 T","HLA-E","CD8A",0.375515092457065,"p<0.01","HLA-E_CD8A","HLA-E - CD8A","MHC-I","Cell-Cell Contact","KEGG: hsa04514","HSC_MPP -> Naïve CD8 T (PBMC_Late)",0.0697380770440753,"HSC_MPP -> Naïve CD8 T","PBMC_Late:Naïve CD8 T"
"ILC2/3","Naïve CD8 T","HLA-E","CD8A",0.441901097564164,"p<0.01","HLA-E_CD8A","HLA-E - CD8A","MHC-I","Cell-Cell Contact","KEGG: hsa04514","ILC2/3 -> Naïve CD8 T (PBMC_Late)",0.104043125325269,"ILC2/3 -> Naïve CD8 T","PBMC_Late:Naïve CD8 T"
"Megakaryocytes","Naïve CD8 T","HLA-E","CD8A",0.57487203419296,"p<0.01","HLA-E_CD8A","HLA-E - CD8A","MHC-I","Cell-Cell Contact","KEGG: hsa04514","Megakaryocytes -> Naïve CD8 T (PBMC_Late)",0.1756050985682,"Megakaryocytes -> Naïve CD8 T","PBMC_Late:Naïve CD8 T"
"MEMP","Naïve CD8 T","HLA-E","CD8A",0.313724687445803,"p<0.01","HLA-E_CD8A","HLA-E - CD8A","MHC-I","Cell-Cell Contact","KEGG: hsa04514","MEMP -> Naïve CD8 T (PBMC_Late)",0.0412745927451688,"MEMP -> Naïve CD8 T","PBMC_Late:Naïve CD8 T"
"MEP","Naïve CD8 T","HLA-E","CD8A",0.339174167128671,"p<0.01","HLA-E_CD8A","HLA-E - CD8A","MHC-I","Cell-Cell Contact","KEGG: hsa04514","MEP -> Naïve CD8 T (PBMC_Late)",0.0524267800930575,"MEP -> Naïve CD8 T","PBMC_Late:Naïve CD8 T"
"Myeloid-CD177","Naïve CD8 T","HLA-E","CD8A",0.287379748841804,"p<0.01","HLA-E_CD8A","HLA-E - CD8A","MHC-I","Cell-Cell Contact","KEGG: hsa04514","Myeloid-CD177 -> Naïve CD8 T (PBMC_Late)",0.0308161519421241,"Myeloid-CD177 -> Naïve CD8 T","PBMC_Late:Naïve CD8 T"
"Naïve CD4 T","Naïve CD8 T","HLA-E","CD8A",0.481006158428786,"p<0.01","HLA-E_CD8A","HLA-E - CD8A","MHC-I","Cell-Cell Contact","KEGG: hsa04514","Naïve CD4 T -> Naïve CD8 T (PBMC_Late)",0.125058273654504,"Naïve CD4 T -> Naïve CD8 T","PBMC_Late:Naïve CD8 T"
"Naïve CD8 T","Naïve CD8 T","HLA-E","CD8A",0.480844909440819,"p<0.01","HLA-E_CD8A","HLA-E - CD8A","MHC-I","Cell-Cell Contact","KEGG: hsa04514","Naïve CD8 T -> Naïve CD8 T (PBMC_Late)",0.124971116631708,"Naïve CD8 T -> Naïve CD8 T","PBMC_Late:Naïve CD8 T"
"NK T","Naïve CD8 T","HLA-E","CD8A",0.502348257726711,"p<0.01","HLA-E_CD8A","HLA-E - CD8A","MHC-I","Cell-Cell Contact","KEGG: hsa04514","NK T -> Naïve CD8 T (PBMC_Late)",0.136606482432155,"NK T -> Naïve CD8 T","PBMC_Late:Naïve CD8 T"
"pDC","Naïve CD8 T","HLA-E","CD8A",0.377222160480451,"p<0.01","HLA-E_CD8A","HLA-E - CD8A","MHC-I","Cell-Cell Contact","KEGG: hsa04514","pDC -> Naïve CD8 T (PBMC_Late)",0.0705835810876603,"pDC -> Naïve CD8 T","PBMC_Late:Naïve CD8 T"
"Pro-B","Naïve CD8 T","HLA-E","CD8A",0.321359831592194,"p<0.01","HLA-E_CD8A","HLA-E - CD8A","MHC-I","Cell-Cell Contact","KEGG: hsa04514","Pro-B -> Naïve CD8 T (PBMC_Late)",0.0445217882004928,"Pro-B -> Naïve CD8 T","PBMC_Late:Naïve CD8 T"
"Tem","Naïve CD8 T","HLA-E","CD8A",0.488029516255961,"p<0.01","HLA-E_CD8A","HLA-E - CD8A","MHC-I","Cell-Cell Contact","KEGG: hsa04514","Tem -> Naïve CD8 T (PBMC_Late)",0.128856436142259,"Tem -> Naïve CD8 T","PBMC_Late:Naïve CD8 T"
"Th17like_INNATE_T","Naïve CD8 T","HLA-E","CD8A",0.499224763132749,"p<0.01","HLA-E_CD8A","HLA-E - CD8A","MHC-I","Cell-Cell Contact","KEGG: hsa04514","Th17like_INNATE_T -> Naïve CD8 T (PBMC_Late)",0.134915615969404,"Th17like_INNATE_T -> Naïve CD8 T","PBMC_Late:Naïve CD8 T"
"Treg","Naïve CD8 T","HLA-E","CD8A",0.489278273717719,"p<0.01","HLA-E_CD8A","HLA-E - CD8A","MHC-I","Cell-Cell Contact","KEGG: hsa04514","Treg -> Naïve CD8 T (PBMC_Late)",0.129532080725597,"Treg -> Naïve CD8 T","PBMC_Late:Naïve CD8 T"
"CD14+PPBP+ Monocytes","Naïve CD8 T","HLA-E","CD8B",0.57687023007744,"p<0.01","HLA-E_CD8B","HLA-E - CD8B","MHC-I","Cell-Cell Contact","KEGG: hsa04514","CD14+PPBP+ Monocytes -> Naïve CD8 T (PBMC_Early)",0.176666390680621,"CD14+PPBP+ Monocytes -> Naïve CD8 T","PBMC_Early:Naïve CD8 T"
"CD56highCD16low NK","Naïve CD8 T","HLA-E","CD8B",0.485176623036373,"p<0.01","HLA-E_CD8B","HLA-E - CD8B","MHC-I","Cell-Cell Contact","KEGG: hsa04514","CD56highCD16low NK -> Naïve CD8 T (PBMC_Early)",0.127313201496237,"CD56highCD16low NK -> Naïve CD8 T","PBMC_Early:Naïve CD8 T"
"Classical Monocytes","Naïve CD8 T","HLA-E","CD8B",0.493834588232805,"p<0.01","HLA-E_CD8B","HLA-E - CD8B","MHC-I","Cell-Cell Contact","KEGG: hsa04514","Classical Monocytes -> Naïve CD8 T (PBMC_Early)",0.131997863506183,"Classical Monocytes -> Naïve CD8 T","PBMC_Early:Naïve CD8 T"
"CX3CR1+ NK","Naïve CD8 T","HLA-E","CD8B",0.588259089613223,"p<0.01","HLA-E_CD8B","HLA-E - CD8B","MHC-I","Cell-Cell Contact","KEGG: hsa04514","CX3CR1+ NK -> Naïve CD8 T (PBMC_Early)",0.182696086936517,"CX3CR1+ NK -> Naïve CD8 T","PBMC_Early:Naïve CD8 T"
"CXCR5- Naïve B","Naïve CD8 T","HLA-E","CD8B",0.537976990077648,"p<0.01","HLA-E_CD8B","HLA-E - CD8B","MHC-I","Cell-Cell Contact","KEGG: hsa04514","CXCR5- Naïve B -> Naïve CD8 T (PBMC_Early)",0.155857124520539,"CXCR5- Naïve B -> Naïve CD8 T","PBMC_Early:Naïve CD8 T"
"CXCR5+ Naïve B","Naïve CD8 T","HLA-E","CD8B",0.527627448707168,"p<0.01","HLA-E_CD8B","HLA-E - CD8B","MHC-I","Cell-Cell Contact","KEGG: hsa04514","CXCR5+ Naïve B -> Naïve CD8 T (PBMC_Early)",0.150276750512475,"CXCR5+ Naïve B -> Naïve CD8 T","PBMC_Early:Naïve CD8 T"
"CXCR6+ NK","Naïve CD8 T","HLA-E","CD8B",0.566557840492184,"p<0.01","HLA-E_CD8B","HLA-E - CD8B","MHC-I","Cell-Cell Contact","KEGG: hsa04514","CXCR6+ NK -> Naïve CD8 T (PBMC_Early)",0.171179108503073,"CXCR6+ NK -> Naïve CD8 T","PBMC_Early:Naïve CD8 T"
"DC2","Naïve CD8 T","HLA-E","CD8B",0.448437132725237,"p<0.01","HLA-E_CD8B","HLA-E - CD8B","MHC-I","Cell-Cell Contact","KEGG: hsa04514","DC2 -> Naïve CD8 T (PBMC_Early)",0.10753198044343,"DC2 -> Naïve CD8 T","PBMC_Early:Naïve CD8 T"
"Gamma Delta V1 T","Naïve CD8 T","HLA-E","CD8B",0.560237032901281,"p<0.01","HLA-E_CD8B","HLA-E - CD8B","MHC-I","Cell-Cell Contact","KEGG: hsa04514","Gamma Delta V1 T -> Naïve CD8 T (PBMC_Early)",0.167803980959951,"Gamma Delta V1 T -> Naïve CD8 T","PBMC_Early:Naïve CD8 T"
"Gamma Delta V2 T","Naïve CD8 T","HLA-E","CD8B",0.57108879679583,"p<0.01","HLA-E_CD8B","HLA-E - CD8B","MHC-I","Cell-Cell Contact","KEGG: hsa04514","Gamma Delta V2 T -> Naïve CD8 T (PBMC_Early)",0.173593107843977,"Gamma Delta V2 T -> Naïve CD8 T","PBMC_Early:Naïve CD8 T"
"HSC_MPP","Naïve CD8 T","HLA-E","CD8B",0.408881894658119,"p<0.01","HLA-E_CD8B","HLA-E - CD8B","MHC-I","Cell-Cell Contact","KEGG: hsa04514","HSC_MPP -> Naïve CD8 T (PBMC_Early)",0.0866659670971263,"HSC_MPP -> Naïve CD8 T","PBMC_Early:Naïve CD8 T"
"ILC2/3","Naïve CD8 T","HLA-E","CD8B",0.534379149202521,"p<0.01","HLA-E_CD8B","HLA-E - CD8B","MHC-I","Cell-Cell Contact","KEGG: hsa04514","ILC2/3 -> Naïve CD8 T (PBMC_Early)",0.153918736774223,"ILC2/3 -> Naïve CD8 T","PBMC_Early:Naïve CD8 T"
"Megakaryocytes","Naïve CD8 T","HLA-E","CD8B",0.632985627853721,"p<0.01","HLA-E_CD8B","HLA-E - CD8B","MHC-I","Cell-Cell Contact","KEGG: hsa04514","Megakaryocytes -> Naïve CD8 T (PBMC_Early)",0.206013268852796,"Megakaryocytes -> Naïve CD8 T","PBMC_Early:Naïve CD8 T"
"MEMP","Naïve CD8 T","HLA-E","CD8B",0.336860405452223,"p<0.01","HLA-E_CD8B","HLA-E - CD8B","MHC-I","Cell-Cell Contact","KEGG: hsa04514","MEMP -> Naïve CD8 T (PBMC_Early)",0.0513757647580695,"MEMP -> Naïve CD8 T","PBMC_Early:Naïve CD8 T"
"MEP","Naïve CD8 T","HLA-E","CD8B",0.464193823684077,"p<0.01","HLA-E_CD8B","HLA-E - CD8B","MHC-I","Cell-Cell Contact","KEGG: hsa04514","MEP -> Naïve CD8 T (PBMC_Early)",0.115987538122286,"MEP -> Naïve CD8 T","PBMC_Early:Naïve CD8 T"
"Myeloid-CD177","Naïve CD8 T","HLA-E","CD8B",0.418667075487969,"p<0.01","HLA-E_CD8B","HLA-E - CD8B","MHC-I","Cell-Cell Contact","KEGG: hsa04514","Myeloid-CD177 -> Naïve CD8 T (PBMC_Early)",0.0917642308462946,"Myeloid-CD177 -> Naïve CD8 T","PBMC_Early:Naïve CD8 T"
"Naïve CD4 T","Naïve CD8 T","HLA-E","CD8B",0.576084025666507,"p<0.01","HLA-E_CD8B","HLA-E - CD8B","MHC-I","Cell-Cell Contact","KEGG: hsa04514","Naïve CD4 T -> Naïve CD8 T (PBMC_Early)",0.176248933597364,"Naïve CD4 T -> Naïve CD8 T","PBMC_Early:Naïve CD8 T"
"Naïve CD8 T","Naïve CD8 T","HLA-E","CD8B",0.573360469859963,"p<0.01","HLA-E_CD8B","HLA-E - CD8B","MHC-I","Cell-Cell Contact","KEGG: hsa04514","Naïve CD8 T -> Naïve CD8 T (PBMC_Early)",0.174801629086812,"Naïve CD8 T -> Naïve CD8 T","PBMC_Early:Naïve CD8 T"
"NK T","Naïve CD8 T","HLA-E","CD8B",0.585072689898396,"p<0.01","HLA-E_CD8B","HLA-E - CD8B","MHC-I","Cell-Cell Contact","KEGG: hsa04514","NK T -> Naïve CD8 T (PBMC_Early)",0.181012474180323,"NK T -> Naïve CD8 T","PBMC_Early:Naïve CD8 T"
"pDC","Naïve CD8 T","HLA-E","CD8B",0.429371294630647,"p<0.01","HLA-E_CD8B","HLA-E - CD8B","MHC-I","Cell-Cell Contact","KEGG: hsa04514","pDC -> Naïve CD8 T (PBMC_Early)",0.097394394675919,"pDC -> Naïve CD8 T","PBMC_Early:Naïve CD8 T"
"Pro-B","Naïve CD8 T","HLA-E","CD8B",0.402134090313193,"p<0.01","HLA-E_CD8B","HLA-E - CD8B","MHC-I","Cell-Cell Contact","KEGG: hsa04514","Pro-B -> Naïve CD8 T (PBMC_Early)",0.0831812997132693,"Pro-B -> Naïve CD8 T","PBMC_Early:Naïve CD8 T"
"Tem","Naïve CD8 T","HLA-E","CD8B",0.57662571268565,"p<0.01","HLA-E_CD8B","HLA-E - CD8B","MHC-I","Cell-Cell Contact","KEGG: hsa04514","Tem -> Naïve CD8 T (PBMC_Early)",0.176536573567399,"Tem -> Naïve CD8 T","PBMC_Early:Naïve CD8 T"
"Th17like_INNATE_T","Naïve CD8 T","HLA-E","CD8B",0.591338947725358,"p<0.01","HLA-E_CD8B","HLA-E - CD8B","MHC-I","Cell-Cell Contact","KEGG: hsa04514","Th17like_INNATE_T -> Naïve CD8 T (PBMC_Early)",0.184320807968839,"Th17like_INNATE_T -> Naïve CD8 T","PBMC_Early:Naïve CD8 T"
"Treg","Naïve CD8 T","HLA-E","CD8B",0.597449062382778,"p<0.01","HLA-E_CD8B","HLA-E - CD8B","MHC-I","Cell-Cell Contact","KEGG: hsa04514","Treg -> Naïve CD8 T (PBMC_Early)",0.187536298664321,"Treg -> Naïve CD8 T","PBMC_Early:Naïve CD8 T"
"CD14+PPBP+ Monocytes","Naïve CD8 T","HLA-E","CD8B",0.572565862547118,"p<0.01","HLA-E_CD8B","HLA-E - CD8B","MHC-I","Cell-Cell Contact","KEGG: hsa04514","CD14+PPBP+ Monocytes -> Naïve CD8 T (PBMC_Late)",0.174379038963048,"CD14+PPBP+ Monocytes -> Naïve CD8 T","PBMC_Late:Naïve CD8 T"
"CD56highCD16low NK","Naïve CD8 T","HLA-E","CD8B",0.335922353628449,"p<0.01","HLA-E_CD8B","HLA-E - CD8B","MHC-I","Cell-Cell Contact","KEGG: hsa04514","CD56highCD16low NK -> Naïve CD8 T (PBMC_Late)",0.0509516362919951,"CD56highCD16low NK -> Naïve CD8 T","PBMC_Late:Naïve CD8 T"
"Classical Monocytes","Naïve CD8 T","HLA-E","CD8B",0.47023779315702,"p<0.01","HLA-E_CD8B","HLA-E - CD8B","MHC-I","Cell-Cell Contact","KEGG: hsa04514","Classical Monocytes -> Naïve CD8 T (PBMC_Late)",0.119243978577342,"Classical Monocytes -> Naïve CD8 T","PBMC_Late:Naïve CD8 T"
"CX3CR1+ NK","Naïve CD8 T","HLA-E","CD8B",0.584301209808485,"p<0.01","HLA-E_CD8B","HLA-E - CD8B","MHC-I","Cell-Cell Contact","KEGG: hsa04514","CX3CR1+ NK -> Naïve CD8 T (PBMC_Late)",0.180604439885943,"CX3CR1+ NK -> Naïve CD8 T","PBMC_Late:Naïve CD8 T"
"CXCR5- Naïve B","Naïve CD8 T","HLA-E","CD8B",0.512927319121895,"p<0.01","HLA-E_CD8B","HLA-E - CD8B","MHC-I","Cell-Cell Contact","KEGG: hsa04514","CXCR5- Naïve B -> Naïve CD8 T (PBMC_Late)",0.142331853190282,"CXCR5- Naïve B -> Naïve CD8 T","PBMC_Late:Naïve CD8 T"
"CXCR5+ Naïve B","Naïve CD8 T","HLA-E","CD8B",0.498504239375719,"p<0.01","HLA-E_CD8B","HLA-E - CD8B","MHC-I","Cell-Cell Contact","KEGG: hsa04514","CXCR5+ Naïve B -> Naïve CD8 T (PBMC_Late)",0.134525568908325,"CXCR5+ Naïve B -> Naïve CD8 T","PBMC_Late:Naïve CD8 T"
"CXCR6+ NK","Naïve CD8 T","HLA-E","CD8B",0.545123159115591,"p<0.01","HLA-E_CD8B","HLA-E - CD8B","MHC-I","Cell-Cell Contact","KEGG: hsa04514","CXCR6+ NK -> Naïve CD8 T (PBMC_Late)",0.159701658814862,"CXCR6+ NK -> Naïve CD8 T","PBMC_Late:Naïve CD8 T"
"DC2","Naïve CD8 T","HLA-E","CD8B",0.438595761544679,"p<0.01","HLA-E_CD8B","HLA-E - CD8B","MHC-I","Cell-Cell Contact","KEGG: hsa04514","DC2 -> Naïve CD8 T (PBMC_Late)",0.102283818732593,"DC2 -> Naïve CD8 T","PBMC_Late:Naïve CD8 T"
"Gamma Delta V1 T","Naïve CD8 T","HLA-E","CD8B",0.545725193611515,"p<0.01","HLA-E_CD8B","HLA-E - CD8B","MHC-I","Cell-Cell Contact","KEGG: hsa04514","Gamma Delta V1 T -> Naïve CD8 T (PBMC_Late)",0.160025179228157,"Gamma Delta V1 T -> Naïve CD8 T","PBMC_Late:Naïve CD8 T"
"Gamma Delta V2 T","Naïve CD8 T","HLA-E","CD8B",0.550520596997214,"p<0.01","HLA-E_CD8B","HLA-E - CD8B","MHC-I","Cell-Cell Contact","KEGG: hsa04514","Gamma Delta V2 T -> Naïve CD8 T (PBMC_Late)",0.162599937896227,"Gamma Delta V2 T -> Naïve CD8 T","PBMC_Late:Naïve CD8 T"
"HSC_MPP","Naïve CD8 T","HLA-E","CD8B",0.416346190818819,"p<0.01","HLA-E_CD8B","HLA-E - CD8B","MHC-I","Cell-Cell Contact","KEGG: hsa04514","HSC_MPP -> Naïve CD8 T (PBMC_Late)",0.0905505191142724,"HSC_MPP -> Naïve CD8 T","PBMC_Late:Naïve CD8 T"
"ILC2/3","Naïve CD8 T","HLA-E","CD8B",0.49683673201644,"p<0.01","HLA-E_CD8B","HLA-E - CD8B","MHC-I","Cell-Cell Contact","KEGG: hsa04514","ILC2/3 -> Naïve CD8 T (PBMC_Late)",0.133622899154064,"ILC2/3 -> Naïve CD8 T","PBMC_Late:Naïve CD8 T"
"Megakaryocytes","Naïve CD8 T","HLA-E","CD8B",0.661482717860457,"p<0.01","HLA-E_CD8B","HLA-E - CD8B","MHC-I","Cell-Cell Contact","KEGG: hsa04514","Megakaryocytes -> Naïve CD8 T (PBMC_Late)",0.220522556324658,"Megakaryocytes -> Naïve CD8 T","PBMC_Late:Naïve CD8 T"
"MEMP","Naïve CD8 T","HLA-E","CD8B",0.342797587233749,"p<0.01","HLA-E_CD8B","HLA-E - CD8B","MHC-I","Cell-Cell Contact","KEGG: hsa04514","MEMP -> Naïve CD8 T (PBMC_Late)",0.0540863524033361,"MEMP -> Naïve CD8 T","PBMC_Late:Naïve CD8 T"
"MEP","Naïve CD8 T","HLA-E","CD8B",0.372910695610257,"p<0.01","HLA-E_CD8B","HLA-E - CD8B","MHC-I","Cell-Cell Contact","KEGG: hsa04514","MEP -> Naïve CD8 T (PBMC_Late)",0.0684530491154209,"MEP -> Naïve CD8 T","PBMC_Late:Naïve CD8 T"
"Myeloid-CD177","Naïve CD8 T","HLA-E","CD8B",0.311916160163085,"p<0.01","HLA-E_CD8B","HLA-E - CD8B","MHC-I","Cell-Cell Contact","KEGG: hsa04514","Myeloid-CD177 -> Naïve CD8 T (PBMC_Late)",0.0405187799275634,"Myeloid-CD177 -> Naïve CD8 T","PBMC_Late:Naïve CD8 T"
"Naïve CD4 T","Naïve CD8 T","HLA-E","CD8B",0.544838688423578,"p<0.01","HLA-E_CD8B","HLA-E - CD8B","MHC-I","Cell-Cell Contact","KEGG: hsa04514","Naïve CD4 T -> Naïve CD8 T (PBMC_Late)",0.159548769752419,"Naïve CD4 T -> Naïve CD8 T","PBMC_Late:Naïve CD8 T"
"Naïve CD8 T","Naïve CD8 T","HLA-E","CD8B",0.544639960847758,"p<0.01","HLA-E_CD8B","HLA-E - CD8B","MHC-I","Cell-Cell Contact","KEGG: hsa04514","Naïve CD8 T -> Naïve CD8 T (PBMC_Late)",0.159441955615057,"Naïve CD8 T -> Naïve CD8 T","PBMC_Late:Naïve CD8 T"
"NK T","Naïve CD8 T","HLA-E","CD8B",0.571195321044823,"p<0.01","HLA-E_CD8B","HLA-E - CD8B","MHC-I","Cell-Cell Contact","KEGG: hsa04514","NK T -> Naïve CD8 T (PBMC_Late)",0.173649805302337,"NK T -> Naïve CD8 T","PBMC_Late:Naïve CD8 T"
"pDC","Naïve CD8 T","HLA-E","CD8B",0.418398227991482,"p<0.01","HLA-E_CD8B","HLA-E - CD8B","MHC-I","Cell-Cell Contact","KEGG: hsa04514","pDC -> Naïve CD8 T (PBMC_Late)",0.0916235005673166,"pDC -> Naïve CD8 T","PBMC_Late:Naïve CD8 T"
"Pro-B","Naïve CD8 T","HLA-E","CD8B",0.351803905871504,"p<0.01","HLA-E_CD8B","HLA-E - CD8B","MHC-I","Cell-Cell Contact","KEGG: hsa04514","Pro-B -> Naïve CD8 T (PBMC_Late)",0.0582802153491281,"Pro-B -> Naïve CD8 T","PBMC_Late:Naïve CD8 T"
"Tem","Naïve CD8 T","HLA-E","CD8B",0.553500502633966,"p<0.01","HLA-E_CD8B","HLA-E - CD8B","MHC-I","Cell-Cell Contact","KEGG: hsa04514","Tem -> Naïve CD8 T (PBMC_Late)",0.164197863624239,"Tem -> Naïve CD8 T","PBMC_Late:Naïve CD8 T"
"Th17like_INNATE_T","Naïve CD8 T","HLA-E","CD8B",0.567331365627755,"p<0.01","HLA-E_CD8B","HLA-E - CD8B","MHC-I","Cell-Cell Contact","KEGG: hsa04514","Th17like_INNATE_T -> Naïve CD8 T (PBMC_Late)",0.171591554241584,"Th17like_INNATE_T -> Naïve CD8 T","PBMC_Late:Naïve CD8 T"
"Treg","Naïve CD8 T","HLA-E","CD8B",0.555041803372178,"p<0.01","HLA-E_CD8B","HLA-E - CD8B","MHC-I","Cell-Cell Contact","KEGG: hsa04514","Treg -> Naïve CD8 T (PBMC_Late)",0.165023713404546,"Treg -> Naïve CD8 T","PBMC_Late:Naïve CD8 T"
"CD14+PPBP+ Monocytes","Naïve CD8 T","HLA-E","KLRK1",0.416918257819692,"p<0.01","HLA-E_KLRK1","HLA-E - KLRK1","MHC-I","Cell-Cell Contact","PMID: 28484462","CD14+PPBP+ Monocytes -> Naïve CD8 T (PBMC_Early)",0.0908494344311094,"CD14+PPBP+ Monocytes -> Naïve CD8 T","PBMC_Early:Naïve CD8 T"
"CD56highCD16low NK","Naïve CD8 T","HLA-E","KLRK1",0.362993984290511,"p<0.01","HLA-E_KLRK1","HLA-E - KLRK1","MHC-I","Cell-Cell Contact","PMID: 28484462","CD56highCD16low NK -> Naïve CD8 T (PBMC_Early)",0.0636175062603558,"CD56highCD16low NK -> Naïve CD8 T","PBMC_Early:Naïve CD8 T"
"Classical Monocytes","Naïve CD8 T","HLA-E","KLRK1",0.368182852697714,"p<0.01","HLA-E_KLRK1","HLA-E - KLRK1","MHC-I","Cell-Cell Contact","PMID: 28484462","Classical Monocytes -> Naïve CD8 T (PBMC_Early)",0.0661360198301992,"Classical Monocytes -> Naïve CD8 T","PBMC_Early:Naïve CD8 T"
"CX3CR1+ NK","Naïve CD8 T","HLA-E","KLRK1",0.423472751150563,"p<0.01","HLA-E_KLRK1","HLA-E - KLRK1","MHC-I","Cell-Cell Contact","PMID: 28484462","CX3CR1+ NK -> Naïve CD8 T (PBMC_Early)",0.0942855790293722,"CX3CR1+ NK -> Naïve CD8 T","PBMC_Early:Naïve CD8 T"
"CXCR5- Naïve B","Naïve CD8 T","HLA-E","KLRK1",0.394309698807445,"p<0.01","HLA-E_KLRK1","HLA-E - KLRK1","MHC-I","Cell-Cell Contact","PMID: 28484462","CXCR5- Naïve B -> Naïve CD8 T (PBMC_Early)",0.0791763517571049,"CXCR5- Naïve B -> Naïve CD8 T","PBMC_Early:Naïve CD8 T"
"CXCR5+ Naïve B","Naïve CD8 T","HLA-E","KLRK1",0.388231027717358,"p<0.01","HLA-E_KLRK1","HLA-E - KLRK1","MHC-I","Cell-Cell Contact","PMID: 28484462","CXCR5+ Naïve B -> Naïve CD8 T (PBMC_Early)",0.0760939984197334,"CXCR5+ Naïve B -> Naïve CD8 T","PBMC_Early:Naïve CD8 T"
"CXCR6+ NK","Naïve CD8 T","HLA-E","KLRK1",0.410958345452795,"p<0.01","HLA-E_KLRK1","HLA-E - KLRK1","MHC-I","Cell-Cell Contact","PMID: 28484462","CXCR6+ NK -> Naïve CD8 T (PBMC_Early)",0.0877435747791729,"CXCR6+ NK -> Naïve CD8 T","PBMC_Early:Naïve CD8 T"
"DC2","Naïve CD8 T","HLA-E","KLRK1",0.34071490410992,"p<0.01","HLA-E_KLRK1","HLA-E - KLRK1","MHC-I","Cell-Cell Contact","PMID: 28484462","DC2 -> Naïve CD8 T (PBMC_Early)",0.0531304454101293,"DC2 -> Naïve CD8 T","PBMC_Early:Naïve CD8 T"
"Gamma Delta V1 T","Naïve CD8 T","HLA-E","KLRK1",0.407293246723806,"p<0.01","HLA-E_KLRK1","HLA-E - KLRK1","MHC-I","Cell-Cell Contact","PMID: 28484462","Gamma Delta V1 T -> Naïve CD8 T (PBMC_Early)",0.0858431537165026,"Gamma Delta V1 T -> Naïve CD8 T","PBMC_Early:Naïve CD8 T"
"Gamma Delta V2 T","Naïve CD8 T","HLA-E","KLRK1",0.413579926015744,"p<0.01","HLA-E_KLRK1","HLA-E - KLRK1","MHC-I","Cell-Cell Contact","PMID: 28484462","Gamma Delta V2 T -> Naïve CD8 T (PBMC_Early)",0.0891074509141635,"Gamma Delta V2 T -> Naïve CD8 T","PBMC_Early:Naïve CD8 T"
"HSC_MPP","Naïve CD8 T","HLA-E","KLRK1",0.316206431558932,"p<0.01","HLA-E_KLRK1","HLA-E - KLRK1","MHC-I","Cell-Cell Contact","PMID: 28484462","HSC_MPP -> Naïve CD8 T (PBMC_Early)",0.0423201892677483,"HSC_MPP -> Naïve CD8 T","PBMC_Early:Naïve CD8 T"
"ILC2/3","Naïve CD8 T","HLA-E","KLRK1",0.392199670817579,"p<0.01","HLA-E_KLRK1","HLA-E - KLRK1","MHC-I","Cell-Cell Contact","PMID: 28484462","ILC2/3 -> Naïve CD8 T (PBMC_Early)",0.0781034014263204,"ILC2/3 -> Naïve CD8 T","PBMC_Early:Naïve CD8 T"
"Megakaryocytes","Naïve CD8 T","HLA-E","KLRK1",0.448952258541638,"p<0.01","HLA-E_KLRK1","HLA-E - KLRK1","MHC-I","Cell-Cell Contact","PMID: 28484462","Megakaryocytes -> Naïve CD8 T (PBMC_Early)",0.107807469883038,"Megakaryocytes -> Naïve CD8 T","PBMC_Early:Naïve CD8 T"
"MEMP","Naïve CD8 T","HLA-E","KLRK1",0.269908169955307,"p<0.01","HLA-E_KLRK1","HLA-E - KLRK1","MHC-I","Cell-Cell Contact","PMID: 28484462","MEMP -> Naïve CD8 T (PBMC_Early)",0.0246011078212687,"MEMP -> Naïve CD8 T","PBMC_Early:Naïve CD8 T"
"MEP","Naïve CD8 T","HLA-E","KLRK1",0.350323313565712,"p<0.01","HLA-E_KLRK1","HLA-E - KLRK1","MHC-I","Cell-Cell Contact","PMID: 28484462","MEP -> Naïve CD8 T (PBMC_Early)",0.0575842608048846,"MEP -> Naïve CD8 T","PBMC_Early:Naïve CD8 T"
"Myeloid-CD177","Naïve CD8 T","HLA-E","KLRK1",0.322323891070733,"p<0.01","HLA-E_KLRK1","HLA-E - KLRK1","MHC-I","Cell-Cell Contact","PMID: 28484462","Myeloid-CD177 -> Naïve CD8 T (PBMC_Early)",0.0449380963795936,"Myeloid-CD177 -> Naïve CD8 T","PBMC_Early:Naïve CD8 T"
"Naïve CD4 T","Naïve CD8 T","HLA-E","KLRK1",0.416464726665323,"p<0.01","HLA-E_KLRK1","HLA-E - KLRK1","MHC-I","Cell-Cell Contact","PMID: 28484462","Naïve CD4 T -> Naïve CD8 T (PBMC_Early)",0.0906124427269912,"Naïve CD4 T -> Naïve CD8 T","PBMC_Early:Naïve CD8 T"
"Naïve CD8 T","Naïve CD8 T","HLA-E","KLRK1",0.414892540381628,"p<0.01","HLA-E_KLRK1","HLA-E - KLRK1","MHC-I","Cell-Cell Contact","PMID: 28484462","Naïve CD8 T -> Naïve CD8 T (PBMC_Early)",0.0897917063508355,"Naïve CD8 T -> Naïve CD8 T","PBMC_Early:Naïve CD8 T"
"NK T","Naïve CD8 T","HLA-E","KLRK1",0.421641778387758,"p<0.01","HLA-E_KLRK1","HLA-E - KLRK1","MHC-I","Cell-Cell Contact","PMID: 28484462","NK T -> Naïve CD8 T (PBMC_Early)",0.0933236717201559,"NK T -> Naïve CD8 T","PBMC_Early:Naïve CD8 T"
"pDC","Naïve CD8 T","HLA-E","KLRK1",0.328973881016357,"p<0.01","HLA-E_KLRK1","HLA-E - KLRK1","MHC-I","Cell-Cell Contact","PMID: 28484462","pDC -> Naïve CD8 T (PBMC_Early)",0.0478466104326358,"pDC -> Naïve CD8 T","PBMC_Early:Naïve CD8 T"
"Pro-B","Naïve CD8 T","HLA-E","KLRK1",0.311965751183562,"p<0.01","HLA-E_KLRK1","HLA-E - KLRK1","MHC-I","Cell-Cell Contact","PMID: 28484462","Pro-B -> Naïve CD8 T (PBMC_Early)",0.0405394349314629,"Pro-B -> Naïve CD8 T","PBMC_Early:Naïve CD8 T"
"Tem","Naïve CD8 T","HLA-E","KLRK1",0.416777219915179,"p<0.01","HLA-E_KLRK1","HLA-E - KLRK1","MHC-I","Cell-Cell Contact","PMID: 28484462","Tem -> Naïve CD8 T (PBMC_Early)",0.0907757243402569,"Tem -> Naïve CD8 T","PBMC_Early:Naïve CD8 T"
"Th17like_INNATE_T","Naïve CD8 T","HLA-E","KLRK1",0.425240424298441,"p<0.01","HLA-E_KLRK1","HLA-E - KLRK1","MHC-I","Cell-Cell Contact","PMID: 28484462","Th17like_INNATE_T -> Naïve CD8 T (PBMC_Early)",0.0952156594914191,"Th17like_INNATE_T -> Naïve CD8 T","PBMC_Early:Naïve CD8 T"
"Treg","Naïve CD8 T","HLA-E","KLRK1",0.428741330963973,"p<0.01","HLA-E_KLRK1","HLA-E - KLRK1","MHC-I","Cell-Cell Contact","PMID: 28484462","Treg -> Naïve CD8 T (PBMC_Early)",0.0970616751961624,"Treg -> Naïve CD8 T","PBMC_Early:Naïve CD8 T"
"CD14+PPBP+ Monocytes","Naïve CD8 T","HLA-E","KLRK1",0.398514279279335,"p<0.01","HLA-E_KLRK1","HLA-E - KLRK1","MHC-I","Cell-Cell Contact","PMID: 28484462","CD14+PPBP+ Monocytes -> Naïve CD8 T (PBMC_Late)",0.0813234900884972,"CD14+PPBP+ Monocytes -> Naïve CD8 T","PBMC_Late:Naïve CD8 T"
"CD56highCD16low NK","Naïve CD8 T","HLA-E","KLRK1",0.262025012268199,"p<0.01","HLA-E_KLRK1","HLA-E - KLRK1","MHC-I","Cell-Cell Contact","PMID: 28484462","CD56highCD16low NK -> Naïve CD8 T (PBMC_Late)",0.0220062329179035,"CD56highCD16low NK -> Naïve CD8 T","PBMC_Late:Naïve CD8 T"
"Classical Monocytes","Naïve CD8 T","HLA-E","KLRK1",0.341950921164705,"p<0.01","HLA-E_KLRK1","HLA-E - KLRK1","MHC-I","Cell-Cell Contact","PMID: 28484462","Classical Monocytes -> Naïve CD8 T (PBMC_Late)",0.0536971004244242,"Classical Monocytes -> Naïve CD8 T","PBMC_Late:Naïve CD8 T"
"CX3CR1+ NK","Naïve CD8 T","HLA-E","KLRK1",0.404823789188378,"p<0.01","HLA-E_KLRK1","HLA-E - KLRK1","MHC-I","Cell-Cell Contact","PMID: 28484462","CX3CR1+ NK -> Naïve CD8 T (PBMC_Late)",0.084567050478081,"CX3CR1+ NK -> Naïve CD8 T","PBMC_Late:Naïve CD8 T"
"CXCR5- Naïve B","Naïve CD8 T","HLA-E","KLRK1",0.365912682778211,"p<0.01","HLA-E_KLRK1","HLA-E - KLRK1","MHC-I","Cell-Cell Contact","PMID: 28484462","CXCR5- Naïve B -> Naïve CD8 T (PBMC_Late)",0.0650309201356578,"CXCR5- Naïve B -> Naïve CD8 T","PBMC_Late:Naïve CD8 T"
"CXCR5+ Naïve B","Naïve CD8 T","HLA-E","KLRK1",0.357880284040273,"p<0.01","HLA-E_KLRK1","HLA-E - KLRK1","MHC-I","Cell-Cell Contact","PMID: 28484462","CXCR5+ Naïve B -> Naïve CD8 T (PBMC_Late)",0.0611619211839064,"CXCR5+ Naïve B -> Naïve CD8 T","PBMC_Late:Naïve CD8 T"
"CXCR6+ NK","Naïve CD8 T","HLA-E","KLRK1",0.383628832329916,"p<0.01","HLA-E_KLRK1","HLA-E - KLRK1","MHC-I","Cell-Cell Contact","PMID: 28484462","CXCR6+ NK -> Naïve CD8 T (PBMC_Late)",0.0737786234925862,"CXCR6+ NK -> Naïve CD8 T","PBMC_Late:Naïve CD8 T"
"DC2","Naïve CD8 T","HLA-E","KLRK1",0.323797940475851,"p<0.01","HLA-E_KLRK1","HLA-E - KLRK1","MHC-I","Cell-Cell Contact","PMID: 28484462","DC2 -> Naïve CD8 T (PBMC_Late)",0.0455772873668372,"DC2 -> Naïve CD8 T","PBMC_Late:Naïve CD8 T"
"Gamma Delta V1 T","Naïve CD8 T","HLA-E","KLRK1",0.383957436693558,"p<0.01","HLA-E_KLRK1","HLA-E - KLRK1","MHC-I","Cell-Cell Contact","PMID: 28484462","Gamma Delta V1 T -> Naïve CD8 T (PBMC_Late)",0.0739433995371805,"Gamma Delta V1 T -> Naïve CD8 T","PBMC_Late:Naïve CD8 T"
"Gamma Delta V2 T","Naïve CD8 T","HLA-E","KLRK1",0.386571518148833,"p<0.01","HLA-E_KLRK1","HLA-E - KLRK1","MHC-I","Cell-Cell Contact","PMID: 28484462","Gamma Delta V2 T -> Naïve CD8 T (PBMC_Late)",0.0752572186667255,"Gamma Delta V2 T -> Naïve CD8 T","PBMC_Late:Naïve CD8 T"
"HSC_MPP","Naïve CD8 T","HLA-E","KLRK1",0.310809066494364,"p<0.01","HLA-E_KLRK1","HLA-E - KLRK1","MHC-I","Cell-Cell Contact","PMID: 28484462","HSC_MPP -> Naïve CD8 T (PBMC_Late)",0.0400587015890033,"HSC_MPP -> Naïve CD8 T","PBMC_Late:Naïve CD8 T"
"ILC2/3","Naïve CD8 T","HLA-E","KLRK1",0.356947587715541,"p<0.01","HLA-E_KLRK1","HLA-E - KLRK1","MHC-I","Cell-Cell Contact","PMID: 28484462","ILC2/3 -> Naïve CD8 T (PBMC_Late)",0.0607169881255083,"ILC2/3 -> Naïve CD8 T","PBMC_Late:Naïve CD8 T"
"Megakaryocytes","Naïve CD8 T","HLA-E","KLRK1",0.445578577452294,"p<0.01","HLA-E_KLRK1","HLA-E - KLRK1","MHC-I","Cell-Cell Contact","PMID: 28484462","Megakaryocytes -> Naïve CD8 T (PBMC_Late)",0.106004570737494,"Megakaryocytes -> Naïve CD8 T","PBMC_Late:Naïve CD8 T"
"MEMP","Naïve CD8 T","HLA-E","KLRK1",0.266322482149252,"p<0.01","HLA-E_KLRK1","HLA-E - KLRK1","MHC-I","Cell-Cell Contact","PMID: 28484462","MEMP -> Naïve CD8 T (PBMC_Late)",0.0234040463665345,"MEMP -> Naïve CD8 T","PBMC_Late:Naïve CD8 T"
"MEP","Naïve CD8 T","HLA-E","KLRK1",0.284849417066843,"p<0.01","HLA-E_KLRK1","HLA-E - KLRK1","MHC-I","Cell-Cell Contact","PMID: 28484462","MEP -> Naïve CD8 T (PBMC_Late)",0.0298781806624438,"MEP -> Naïve CD8 T","PBMC_Late:Naïve CD8 T"
"Myeloid-CD177","Naïve CD8 T","HLA-E","KLRK1",0.246805930554961,"p<0.01","HLA-E_KLRK1","HLA-E - KLRK1","MHC-I","Cell-Cell Contact","PMID: 28484462","Myeloid-CD177 -> Naïve CD8 T (PBMC_Late)",0.0173916252824861,"Myeloid-CD177 -> Naïve CD8 T","PBMC_Late:Naïve CD8 T"
"Naïve CD4 T","Naïve CD8 T","HLA-E","KLRK1",0.38347352869465,"p<0.01","HLA-E_KLRK1","HLA-E - KLRK1","MHC-I","Cell-Cell Contact","PMID: 28484462","Naïve CD4 T -> Naïve CD8 T (PBMC_Late)",0.0737007774892,"Naïve CD4 T -> Naïve CD8 T","PBMC_Late:Naïve CD8 T"
"Naïve CD8 T","Naïve CD8 T","HLA-E","KLRK1",0.383365023007546,"p<0.01","HLA-E_KLRK1","HLA-E - KLRK1","MHC-I","Cell-Cell Contact","PMID: 28484462","Naïve CD8 T -> Naïve CD8 T (PBMC_Late)",0.073646400340462,"Naïve CD8 T -> Naïve CD8 T","PBMC_Late:Naïve CD8 T"
"NK T","Naïve CD8 T","HLA-E","KLRK1",0.397775281254253,"p<0.01","HLA-E_KLRK1","HLA-E - KLRK1","MHC-I","Cell-Cell Contact","PMID: 28484462","NK T -> Naïve CD8 T (PBMC_Late)",0.0809452516296987,"NK T -> Naïve CD8 T","PBMC_Late:Naïve CD8 T"
"pDC","Naïve CD8 T","HLA-E","KLRK1",0.312015265662629,"p<0.01","HLA-E_KLRK1","HLA-E - KLRK1","MHC-I","Cell-Cell Contact","PMID: 28484462","pDC -> Naïve CD8 T (PBMC_Late)",0.0405600620046062,"pDC -> Naïve CD8 T","PBMC_Late:Naïve CD8 T"
"Pro-B","Naïve CD8 T","HLA-E","KLRK1",0.271912973853868,"p<0.01","HLA-E_KLRK1","HLA-E - KLRK1","MHC-I","Cell-Cell Contact","PMID: 28484462","Pro-B -> Naïve CD8 T (PBMC_Late)",0.0252823881036479,"Pro-B -> Naïve CD8 T","PBMC_Late:Naïve CD8 T"
"Tem","Naïve CD8 T","HLA-E","KLRK1",0.388192949958652,"p<0.01","HLA-E_KLRK1","HLA-E - KLRK1","MHC-I","Cell-Cell Contact","PMID: 28484462","Tem -> Naïve CD8 T (PBMC_Late)",0.0760747750714595,"Tem -> Naïve CD8 T","PBMC_Late:Naïve CD8 T"
"Th17like_INNATE_T","Naïve CD8 T","HLA-E","KLRK1",0.395689393369745,"p<0.01","HLA-E_KLRK1","HLA-E - KLRK1","MHC-I","Cell-Cell Contact","PMID: 28484462","Th17like_INNATE_T -> Naïve CD8 T (PBMC_Late)",0.0798795992315147,"Th17like_INNATE_T -> Naïve CD8 T","PBMC_Late:Naïve CD8 T"
"Treg","Naïve CD8 T","HLA-E","KLRK1",0.389030717713772,"p<0.01","HLA-E_KLRK1","HLA-E - KLRK1","MHC-I","Cell-Cell Contact","PMID: 28484462","Treg -> Naïve CD8 T (PBMC_Late)",0.0764979675557803,"Treg -> Naïve CD8 T","PBMC_Late:Naïve CD8 T"
"CX3CR1+ NK","Naïve CD8 T","HLA-F","CD8A",0.283125241731052,"p<0.01","HLA-F_CD8A","HLA-F - CD8A","MHC-I","Cell-Cell Contact","KEGG: hsa04514","CX3CR1+ NK -> Naïve CD8 T (PBMC_Early)",0.0292461945562566,"CX3CR1+ NK -> Naïve CD8 T","PBMC_Early:Naïve CD8 T"
"CXCR5- Naïve B","Naïve CD8 T","HLA-F","CD8A",0.256271301918524,"p<0.01","HLA-F_CD8A","HLA-F - CD8A","MHC-I","Cell-Cell Contact","KEGG: hsa04514","CXCR5- Naïve B -> Naïve CD8 T (PBMC_Early)",0.0201991522395992,"CXCR5- Naïve B -> Naïve CD8 T","PBMC_Early:Naïve CD8 T"
"CXCR5+ Naïve B","Naïve CD8 T","HLA-F","CD8A",0.252233282361091,"p<0.01","HLA-F_CD8A","HLA-F - CD8A","MHC-I","Cell-Cell Contact","KEGG: hsa04514","CXCR5+ Naïve B -> Naïve CD8 T (PBMC_Early)",0.0189759316291025,"CXCR5+ Naïve B -> Naïve CD8 T","PBMC_Early:Naïve CD8 T"
"CXCR6+ NK","Naïve CD8 T","HLA-F","CD8A",0.342511465013468,"p<0.01","HLA-F_CD8A","HLA-F - CD8A","MHC-I","Cell-Cell Contact","KEGG: hsa04514","CXCR6+ NK -> Naïve CD8 T (PBMC_Early)",0.0539547095308302,"CXCR6+ NK -> Naïve CD8 T","PBMC_Early:Naïve CD8 T"
"Gamma Delta V1 T","Naïve CD8 T","HLA-F","CD8A",0.262835613222295,"p<0.01","HLA-F_CD8A","HLA-F - CD8A","MHC-I","Cell-Cell Contact","KEGG: hsa04514","Gamma Delta V1 T -> Naïve CD8 T (PBMC_Early)",0.0222667787962809,"Gamma Delta V1 T -> Naïve CD8 T","PBMC_Early:Naïve CD8 T"
"Gamma Delta V2 T","Naïve CD8 T","HLA-F","CD8A",0.265216163915708,"p<0.01","HLA-F_CD8A","HLA-F - CD8A","MHC-I","Cell-Cell Contact","KEGG: hsa04514","Gamma Delta V2 T -> Naïve CD8 T (PBMC_Early)",0.0230403269512396,"Gamma Delta V2 T -> Naïve CD8 T","PBMC_Early:Naïve CD8 T"
"Naïve CD4 T","Naïve CD8 T","HLA-F","CD8A",0.257351949917602,"p<0.01","HLA-F_CD8A","HLA-F - CD8A","MHC-I","Cell-Cell Contact","KEGG: hsa04514","Naïve CD4 T -> Naïve CD8 T (PBMC_Early)",0.020532849666994,"Naïve CD4 T -> Naïve CD8 T","PBMC_Early:Naïve CD8 T"
"Naïve CD8 T","Naïve CD8 T","HLA-F","CD8A",0.316375112861109,"p<0.01","HLA-F_CD8A","HLA-F - CD8A","MHC-I","Cell-Cell Contact","KEGG: hsa04514","Naïve CD8 T -> Naïve CD8 T (PBMC_Early)",0.0423916072747318,"Naïve CD8 T -> Naïve CD8 T","PBMC_Early:Naïve CD8 T"
"NK T","Naïve CD8 T","HLA-F","CD8A",0.267691521037535,"p<0.01","HLA-F_CD8A","HLA-F - CD8A","MHC-I","Cell-Cell Contact","KEGG: hsa04514","NK T -> Naïve CD8 T (PBMC_Early)",0.0238578216968483,"NK T -> Naïve CD8 T","PBMC_Early:Naïve CD8 T"
"Tem","Naïve CD8 T","HLA-F","CD8A",0.312571287706303,"p<0.01","HLA-F_CD8A","HLA-F - CD8A","MHC-I","Cell-Cell Contact","KEGG: hsa04514","Tem -> Naïve CD8 T (PBMC_Early)",0.0407919638931767,"Tem -> Naïve CD8 T","PBMC_Early:Naïve CD8 T"
"Th17like_INNATE_T","Naïve CD8 T","HLA-F","CD8A",0.26331446101076,"p<0.01","HLA-F_CD8A","HLA-F - CD8A","MHC-I","Cell-Cell Contact","KEGG: hsa04514","Th17like_INNATE_T -> Naïve CD8 T (PBMC_Early)",0.0224213751517078,"Th17like_INNATE_T -> Naïve CD8 T","PBMC_Early:Naïve CD8 T"
"Treg","Naïve CD8 T","HLA-F","CD8A",0.268143362719448,"p<0.01","HLA-F_CD8A","HLA-F - CD8A","MHC-I","Cell-Cell Contact","KEGG: hsa04514","Treg -> Naïve CD8 T (PBMC_Early)",0.0240084765190535,"Treg -> Naïve CD8 T","PBMC_Early:Naïve CD8 T"
"CD14+PPBP+ Monocytes","Naïve CD8 T","HLA-F","CD8A",0.279129632435788,"p<0.01","HLA-F_CD8A","HLA-F - CD8A","MHC-I","Cell-Cell Contact","KEGG: hsa04514","CD14+PPBP+ Monocytes -> Naïve CD8 T (PBMC_Late)",0.0278042938537462,"CD14+PPBP+ Monocytes -> Naïve CD8 T","PBMC_Late:Naïve CD8 T"
"CD56highCD16low NK","Naïve CD8 T","HLA-F","CD8A",0.283295265153254,"p<0.01","HLA-F_CD8A","HLA-F - CD8A","MHC-I","Cell-Cell Contact","KEGG: hsa04514","CD56highCD16low NK -> Naïve CD8 T (PBMC_Late)",0.0293082558175506,"CD56highCD16low NK -> Naïve CD8 T","PBMC_Late:Naïve CD8 T"
"Classical Monocytes","Naïve CD8 T","HLA-F","CD8A",0.23072847344061,"p<0.01","HLA-F_CD8A","HLA-F - CD8A","MHC-I","Cell-Cell Contact","KEGG: hsa04514","Classical Monocytes -> Naïve CD8 T (PBMC_Late)",0.0131136867962379,"Classical Monocytes -> Naïve CD8 T","PBMC_Late:Naïve CD8 T"
"CX3CR1+ NK","Naïve CD8 T","HLA-F","CD8A",0.367534333887151,"p<0.01","HLA-F_CD8A","HLA-F - CD8A","MHC-I","Cell-Cell Contact","KEGG: hsa04514","CX3CR1+ NK -> Naïve CD8 T (PBMC_Late)",0.0658198219906962,"CX3CR1+ NK -> Naïve CD8 T","PBMC_Late:Naïve CD8 T"
"CXCR5- Naïve B","Naïve CD8 T","HLA-F","CD8A",0.252818066303977,"p<0.01","HLA-F_CD8A","HLA-F - CD8A","MHC-I","Cell-Cell Contact","KEGG: hsa04514","CXCR5- Naïve B -> Naïve CD8 T (PBMC_Late)",0.0191507475099506,"CXCR5- Naïve B -> Naïve CD8 T","PBMC_Late:Naïve CD8 T"
"CXCR5+ Naïve B","Naïve CD8 T","HLA-F","CD8A",0.245929283603124,"p<0.01","HLA-F_CD8A","HLA-F - CD8A","MHC-I","Cell-Cell Contact","KEGG: hsa04514","CXCR5+ Naïve B -> Naïve CD8 T (PBMC_Late)",0.0171422424420298,"CXCR5+ Naïve B -> Naïve CD8 T","PBMC_Late:Naïve CD8 T"
"CXCR6+ NK","Naïve CD8 T","HLA-F","CD8A",0.325740271167794,"p<0.01","HLA-F_CD8A","HLA-F - CD8A","MHC-I","Cell-Cell Contact","KEGG: hsa04514","CXCR6+ NK -> Naïve CD8 T (PBMC_Late)",0.0464243803186028,"CXCR6+ NK -> Naïve CD8 T","PBMC_Late:Naïve CD8 T"
"DC2","Naïve CD8 T","HLA-F","CD8A",0.219803148002697,"p<0.01","HLA-F_CD8A","HLA-F - CD8A","MHC-I","Cell-Cell Contact","KEGG: hsa04514","DC2 -> Naïve CD8 T (PBMC_Late)",0.0105722210020593,"DC2 -> Naïve CD8 T","PBMC_Late:Naïve CD8 T"
"Gamma Delta V1 T","Naïve CD8 T","HLA-F","CD8A",0.260825300032588,"p<0.01","HLA-F_CD8A","HLA-F - CD8A","MHC-I","Cell-Cell Contact","KEGG: hsa04514","Gamma Delta V1 T -> Naïve CD8 T (PBMC_Late)",0.0216232988312451,"Gamma Delta V1 T -> Naïve CD8 T","PBMC_Late:Naïve CD8 T"
"Gamma Delta V2 T","Naïve CD8 T","HLA-F","CD8A",0.264574007257087,"p<0.01","HLA-F_CD8A","HLA-F - CD8A","MHC-I","Cell-Cell Contact","KEGG: hsa04514","Gamma Delta V2 T -> Naïve CD8 T (PBMC_Late)",0.0228304345341216,"Gamma Delta V2 T -> Naïve CD8 T","PBMC_Late:Naïve CD8 T"
"ILC2/3","Naïve CD8 T","HLA-F","CD8A",0.247811666129045,"p<0.01","HLA-F_CD8A","HLA-F - CD8A","MHC-I","Cell-Cell Contact","KEGG: hsa04514","ILC2/3 -> Naïve CD8 T (PBMC_Late)",0.0176799768368362,"ILC2/3 -> Naïve CD8 T","PBMC_Late:Naïve CD8 T"
"Naïve CD4 T","Naïve CD8 T","HLA-F","CD8A",0.250419711264022,"p<0.01","HLA-F_CD8A","HLA-F - CD8A","MHC-I","Cell-Cell Contact","KEGG: hsa04514","Naïve CD4 T -> Naïve CD8 T (PBMC_Late)",0.0184388417442053,"Naïve CD4 T -> Naïve CD8 T","PBMC_Late:Naïve CD8 T"
"Naïve CD8 T","Naïve CD8 T","HLA-F","CD8A",0.3212397397848,"p<0.01","HLA-F_CD8A","HLA-F - CD8A","MHC-I","Cell-Cell Contact","KEGG: hsa04514","Naïve CD8 T -> Naïve CD8 T (PBMC_Late)",0.0444700260226688,"Naïve CD8 T -> Naïve CD8 T","PBMC_Late:Naïve CD8 T"
"NK T","Naïve CD8 T","HLA-F","CD8A",0.347209957800631,"p<0.01","HLA-F_CD8A","HLA-F - CD8A","MHC-I","Cell-Cell Contact","KEGG: hsa04514","NK T -> Naïve CD8 T (PBMC_Late)",0.0561290525569653,"NK T -> Naïve CD8 T","PBMC_Late:Naïve CD8 T"
"Tem","Naïve CD8 T","HLA-F","CD8A",0.261880877988614,"p<0.01","HLA-F_CD8A","HLA-F - CD8A","MHC-I","Cell-Cell Contact","KEGG: hsa04514","Tem -> Naïve CD8 T (PBMC_Late)",0.0219600575448441,"Tem -> Naïve CD8 T","PBMC_Late:Naïve CD8 T"
"Th17like_INNATE_T","Naïve CD8 T","HLA-F","CD8A",0.306085256890564,"p<0.01","HLA-F_CD8A","HLA-F - CD8A","MHC-I","Cell-Cell Contact","KEGG: hsa04514","Th17like_INNATE_T -> Naïve CD8 T (PBMC_Late)",0.0381181933221778,"Th17like_INNATE_T -> Naïve CD8 T","PBMC_Late:Naïve CD8 T"
"Treg","Naïve CD8 T","HLA-F","CD8A",0.262779732644671,"p<0.01","HLA-F_CD8A","HLA-F - CD8A","MHC-I","Cell-Cell Contact","KEGG: hsa04514","Treg -> Naïve CD8 T (PBMC_Late)",0.022248770752829,"Treg -> Naïve CD8 T","PBMC_Late:Naïve CD8 T"
"CX3CR1+ NK","Naïve CD8 T","HLA-F","CD8B",0.299872008925763,"p<0.01","HLA-F_CD8B","HLA-F - CD8B","MHC-I","Cell-Cell Contact","KEGG: hsa04514","CX3CR1+ NK -> Naïve CD8 T (PBMC_Early)",0.0356232749732372,"CX3CR1+ NK -> Naïve CD8 T","PBMC_Early:Naïve CD8 T"
"CXCR5- Naïve B","Naïve CD8 T","HLA-F","CD8B",0.270063656834632,"p<0.01","HLA-F_CD8B","HLA-F - CD8B","MHC-I","Cell-Cell Contact","KEGG: hsa04514","CXCR5- Naïve B -> Naïve CD8 T (PBMC_Early)",0.0246536404963425,"CXCR5- Naïve B -> Naïve CD8 T","PBMC_Early:Naïve CD8 T"
"CXCR5+ Naïve B","Naïve CD8 T","HLA-F","CD8B",0.265602516847228,"p<0.01","HLA-F_CD8B","HLA-F - CD8B","MHC-I","Cell-Cell Contact","KEGG: hsa04514","CXCR5+ Naïve B -> Naïve CD8 T (PBMC_Early)",0.0231670431696436,"CXCR5+ Naïve B -> Naïve CD8 T","PBMC_Early:Naïve CD8 T"
"CXCR6+ NK","Naïve CD8 T","HLA-F","CD8B",0.366583002576629,"p<0.01","HLA-F_CD8B","HLA-F - CD8B","MHC-I","Cell-Cell Contact","KEGG: hsa04514","CXCR6+ NK -> Naïve CD8 T (PBMC_Early)",0.0653567101380929,"CXCR6+ NK -> Naïve CD8 T","PBMC_Early:Naïve CD8 T"
"Gamma Delta V1 T","Naïve CD8 T","HLA-F","CD8B",0.277327830946904,"p<0.01","HLA-F_CD8B","HLA-F - CD8B","MHC-I","Cell-Cell Contact","KEGG: hsa04514","Gamma Delta V1 T -> Naïve CD8 T (PBMC_Early)",0.0271645959811672,"Gamma Delta V1 T -> Naïve CD8 T","PBMC_Early:Naïve CD8 T"
"Gamma Delta V2 T","Naïve CD8 T","HLA-F","CD8B",0.279965820847413,"p<0.01","HLA-F_CD8B","HLA-F - CD8B","MHC-I","Cell-Cell Contact","KEGG: hsa04514","Gamma Delta V2 T -> Naïve CD8 T (PBMC_Early)",0.0281034036615889,"Gamma Delta V2 T -> Naïve CD8 T","PBMC_Early:Naïve CD8 T"
"Naïve CD4 T","Naïve CD8 T","HLA-F","CD8B",0.271258500562678,"p<0.01","HLA-F_CD8B","HLA-F - CD8B","MHC-I","Cell-Cell Contact","KEGG: hsa04514","Naïve CD4 T -> Naïve CD8 T (PBMC_Early)",0.0250590456020536,"Naïve CD4 T -> Naïve CD8 T","PBMC_Early:Naïve CD8 T"
"Naïve CD8 T","Naïve CD8 T","HLA-F","CD8B",0.337097196014083,"p<0.01","HLA-F_CD8B","HLA-F - CD8B","MHC-I","Cell-Cell Contact","KEGG: hsa04514","Naïve CD8 T -> Naïve CD8 T (PBMC_Early)",0.0514830081315326,"Naïve CD8 T -> Naïve CD8 T","PBMC_Early:Naïve CD8 T"
"NK T","Naïve CD8 T","HLA-F","CD8B",0.282710897991467,"p<0.01","HLA-F_CD8B","HLA-F - CD8B","MHC-I","Cell-Cell Contact","KEGG: hsa04514","NK T -> Naïve CD8 T (PBMC_Early)",0.0290951916106125,"NK T -> Naïve CD8 T","PBMC_Early:Naïve CD8 T"
"Tem","Naïve CD8 T","HLA-F","CD8B",0.332821846816892,"p<0.01","HLA-F_CD8B","HLA-F - CD8B","MHC-I","Cell-Cell Contact","KEGG: hsa04514","Tem -> Naïve CD8 T (PBMC_Early)",0.049558055750733,"Tem -> Naïve CD8 T","PBMC_Early:Naïve CD8 T"
"Th17like_INNATE_T","Naïve CD8 T","HLA-F","CD8B",0.277858308313878,"p<0.01","HLA-F_CD8B","HLA-F - CD8B","MHC-I","Cell-Cell Contact","KEGG: hsa04514","Th17like_INNATE_T -> Naïve CD8 T (PBMC_Early)",0.0273522461666112,"Th17like_INNATE_T -> Naïve CD8 T","PBMC_Early:Naïve CD8 T"
"Treg","Naïve CD8 T","HLA-F","CD8B",0.283212195272652,"p<0.01","HLA-F_CD8B","HLA-F - CD8B","MHC-I","Cell-Cell Contact","KEGG: hsa04514","Treg -> Naïve CD8 T (PBMC_Early)",0.0292779268597501,"Treg -> Naïve CD8 T","PBMC_Early:Naïve CD8 T"
"CD14+PPBP+ Monocytes","Naïve CD8 T","HLA-F","CD8B",0.302310320568735,"p<0.01","HLA-F_CD8B","HLA-F - CD8B","MHC-I","Cell-Cell Contact","KEGG: hsa04514","CD14+PPBP+ Monocytes -> Naïve CD8 T (PBMC_Late)",0.0365944283072323,"CD14+PPBP+ Monocytes -> Naïve CD8 T","PBMC_Late:Naïve CD8 T"
"CD56highCD16low NK","Naïve CD8 T","HLA-F","CD8B",0.307156490019259,"p<0.01","HLA-F_CD8B","HLA-F - CD8B","MHC-I","Cell-Cell Contact","KEGG: hsa04514","CD56highCD16low NK -> Naïve CD8 T (PBMC_Late)",0.0385550014924056,"CD56highCD16low NK -> Naïve CD8 T","PBMC_Late:Naïve CD8 T"
"Classical Monocytes","Naïve CD8 T","HLA-F","CD8B",0.246633169799675,"p<0.01","HLA-F_CD8B","HLA-F - CD8B","MHC-I","Cell-Cell Contact","KEGG: hsa04514","Classical Monocytes -> Naïve CD8 T (PBMC_Late)",0.0173423349175842,"Classical Monocytes -> Naïve CD8 T","PBMC_Late:Naïve CD8 T"
"CX3CR1+ NK","Naïve CD8 T","HLA-F","CD8B",0.406766150675006,"p<0.01","HLA-F_CD8B","HLA-F - CD8B","MHC-I","Cell-Cell Contact","KEGG: hsa04514","CX3CR1+ NK -> Naïve CD8 T (PBMC_Late)",0.0855704740650125,"CX3CR1+ NK -> Naïve CD8 T","PBMC_Late:Naïve CD8 T"
"CXCR5- Naïve B","Naïve CD8 T","HLA-F","CD8B",0.2718950245351,"p<0.01","HLA-F_CD8B","HLA-F - CD8B","MHC-I","Cell-Cell Contact","KEGG: hsa04514","CXCR5- Naïve B -> Naïve CD8 T (PBMC_Late)",0.0252762507357736,"CXCR5- Naïve B -> Naïve CD8 T","PBMC_Late:Naïve CD8 T"
"CXCR5+ Naïve B","Naïve CD8 T","HLA-F","CD8B",0.263989402205544,"p<0.01","HLA-F_CD8B","HLA-F - CD8B","MHC-I","Cell-Cell Contact","KEGG: hsa04514","CXCR5+ Naïve B -> Naïve CD8 T (PBMC_Late)",0.0226401397851506,"CXCR5+ Naïve B -> Naïve CD8 T","PBMC_Late:Naïve CD8 T"
"CXCR6+ NK","Naïve CD8 T","HLA-F","CD8B",0.356981999211494,"p<0.01","HLA-F_CD8B","HLA-F - CD8B","MHC-I","Cell-Cell Contact","KEGG: hsa04514","CXCR6+ NK -> Naïve CD8 T (PBMC_Late)",0.0607333872871827,"CXCR6+ NK -> Naïve CD8 T","PBMC_Late:Naïve CD8 T"
"DC2","Naïve CD8 T","HLA-F","CD8B",0.234235895996869,"p<0.01","HLA-F_CD8B","HLA-F - CD8B","MHC-I","Cell-Cell Contact","KEGG: hsa04514","DC2 -> Naïve CD8 T (PBMC_Late)",0.0139929663160818,"DC2 -> Naïve CD8 T","PBMC_Late:Naïve CD8 T"
"Gamma Delta V1 T","Naïve CD8 T","HLA-F","CD8B",0.281114736498529,"p<0.01","HLA-F_CD8B","HLA-F - CD8B","MHC-I","Cell-Cell Contact","KEGG: hsa04514","Gamma Delta V1 T -> Naïve CD8 T (PBMC_Late)",0.0285166721166003,"Gamma Delta V1 T -> Naïve CD8 T","PBMC_Late:Naïve CD8 T"
"Gamma Delta V2 T","Naïve CD8 T","HLA-F","CD8B",0.285442176093747,"p<0.01","HLA-F_CD8B","HLA-F - CD8B","MHC-I","Cell-Cell Contact","KEGG: hsa04514","Gamma Delta V2 T -> Naïve CD8 T (PBMC_Late)",0.0300967971309316,"Gamma Delta V2 T -> Naïve CD8 T","PBMC_Late:Naïve CD8 T"
"ILC2/3","Naïve CD8 T","HLA-F","CD8B",0.266147197316661,"p<0.01","HLA-F_CD8B","HLA-F - CD8B","MHC-I","Cell-Cell Contact","KEGG: hsa04514","ILC2/3 -> Naïve CD8 T (PBMC_Late)",0.0233462409309208,"ILC2/3 -> Naïve CD8 T","PBMC_Late:Naïve CD8 T"
"Naïve CD4 T","Naïve CD8 T","HLA-F","CD8B",0.269139868673915,"p<0.01","HLA-F_CD8B","HLA-F - CD8B","MHC-I","Cell-Cell Contact","KEGG: hsa04514","Naïve CD4 T -> Naïve CD8 T (PBMC_Late)",0.0243422879926648,"Naïve CD4 T -> Naïve CD8 T","PBMC_Late:Naïve CD8 T"
"Naïve CD8 T","Naïve CD8 T","HLA-F","CD8B",0.351662057864865,"p<0.01","HLA-F_CD8B","HLA-F - CD8B","MHC-I","Cell-Cell Contact","KEGG: hsa04514","Naïve CD8 T -> Naïve CD8 T (PBMC_Late)",0.0582134318352397,"Naïve CD8 T -> Naïve CD8 T","PBMC_Late:Naïve CD8 T"
"NK T","Naïve CD8 T","HLA-F","CD8B",0.382472829025669,"p<0.01","HLA-F_CD8B","HLA-F - CD8B","MHC-I","Cell-Cell Contact","KEGG: hsa04514","NK T -> Naïve CD8 T (PBMC_Late)",0.0731996374297806,"NK T -> Naïve CD8 T","PBMC_Late:Naïve CD8 T"
"Tem","Naïve CD8 T","HLA-F","CD8B",0.282332567100021,"p<0.01","HLA-F_CD8B","HLA-F - CD8B","MHC-I","Cell-Cell Contact","KEGG: hsa04514","Tem -> Naïve CD8 T (PBMC_Late)",0.0289576099171417,"Tem -> Naïve CD8 T","PBMC_Late:Naïve CD8 T"
"Th17like_INNATE_T","Naïve CD8 T","HLA-F","CD8B",0.333811086850198,"p<0.01","HLA-F_CD8B","HLA-F - CD8B","MHC-I","Cell-Cell Contact","KEGG: hsa04514","Th17like_INNATE_T -> Naïve CD8 T (PBMC_Late)",0.0500012950826959,"Th17like_INNATE_T -> Naïve CD8 T","PBMC_Late:Naïve CD8 T"
"Treg","Naïve CD8 T","HLA-F","CD8B",0.283370023653233,"p<0.01","HLA-F_CD8B","HLA-F - CD8B","MHC-I","Cell-Cell Contact","KEGG: hsa04514","Treg -> Naïve CD8 T (PBMC_Late)",0.0293355619105161,"Treg -> Naïve CD8 T","PBMC_Late:Naïve CD8 T"
"CD14+PPBP+ Monocytes","Naïve CD8 T","ITGB2","CD226",0.230419435068218,"p<0.01","ITGB2_CD226","ITGB2 - CD226","ITGB2","Cell-Cell Contact","KEGG: hsa04514","CD14+PPBP+ Monocytes -> Naïve CD8 T (PBMC_Early)",0.0130376795019169,"CD14+PPBP+ Monocytes -> Naïve CD8 T","PBMC_Early:Naïve CD8 T"
"CD56highCD16low NK","Naïve CD8 T","ITGB2","CD226",0.224313915899354,"p<0.01","ITGB2_CD226","ITGB2 - CD226","ITGB2","Cell-Cell Contact","KEGG: hsa04514","CD56highCD16low NK -> Naïve CD8 T (PBMC_Early)",0.011585068899334,"CD56highCD16low NK -> Naïve CD8 T","PBMC_Early:Naïve CD8 T"
"Classical Monocytes","Naïve CD8 T","ITGB2","CD226",0.245130672185925,"p<0.01","ITGB2_CD226","ITGB2 - CD226","ITGB2","Cell-Cell Contact","KEGG: hsa04514","Classical Monocytes -> Naïve CD8 T (PBMC_Early)",0.0169166514228602,"Classical Monocytes -> Naïve CD8 T","PBMC_Early:Naïve CD8 T"
"CX3CR1+ NK","Naïve CD8 T","ITGB2","CD226",0.252242655896127,"p<0.01","ITGB2_CD226","ITGB2 - CD226","ITGB2","Cell-Cell Contact","KEGG: hsa04514","CX3CR1+ NK -> Naïve CD8 T (PBMC_Early)",0.0189787275030288,"CX3CR1+ NK -> Naïve CD8 T","PBMC_Early:Naïve CD8 T"
"CXCR5- Naïve B","Naïve CD8 T","ITGB2","CD226",0.16186188501659,"p<0.01","ITGB2_CD226","ITGB2 - CD226","ITGB2","Cell-Cell Contact","KEGG: hsa04514","CXCR5- Naïve B -> Naïve CD8 T (PBMC_Early)",0.00207435146137901,"CXCR5- Naïve B -> Naïve CD8 T","PBMC_Early:Naïve CD8 T"
"CXCR5+ Naïve B","Naïve CD8 T","ITGB2","CD226",0.164847081299048,"p<0.01","ITGB2_CD226","ITGB2 - CD226","ITGB2","Cell-Cell Contact","KEGG: hsa04514","CXCR5+ Naïve B -> Naïve CD8 T (PBMC_Early)",0.00231990714099603,"CXCR5+ Naïve B -> Naïve CD8 T","PBMC_Early:Naïve CD8 T"
"CXCR6+ NK","Naïve CD8 T","ITGB2","CD226",0.240205171375272,"p<0.01","ITGB2_CD226","ITGB2 - CD226","ITGB2","Cell-Cell Contact","KEGG: hsa04514","CXCR6+ NK -> Naïve CD8 T (PBMC_Early)",0.0155591295064786,"CXCR6+ NK -> Naïve CD8 T","PBMC_Early:Naïve CD8 T"
"DC2","Naïve CD8 T","ITGB2","CD226",0.243976704271234,"p<0.01","ITGB2_CD226","ITGB2 - CD226","ITGB2","Cell-Cell Contact","KEGG: hsa04514","DC2 -> Naïve CD8 T (PBMC_Early)",0.0165933713238816,"DC2 -> Naïve CD8 T","PBMC_Early:Naïve CD8 T"
"Gamma Delta V1 T","Naïve CD8 T","ITGB2","CD226",0.232582281571233,"p<0.01","ITGB2_CD226","ITGB2 - CD226","ITGB2","Cell-Cell Contact","KEGG: hsa04514","Gamma Delta V1 T -> Naïve CD8 T (PBMC_Early)",0.0135746165534679,"Gamma Delta V1 T -> Naïve CD8 T","PBMC_Early:Naïve CD8 T"
"Gamma Delta V2 T","Naïve CD8 T","ITGB2","CD226",0.234011685111986,"p<0.01","ITGB2_CD226","ITGB2 - CD226","ITGB2","Cell-Cell Contact","KEGG: hsa04514","Gamma Delta V2 T -> Naïve CD8 T (PBMC_Early)",0.0139358463986439,"Gamma Delta V2 T -> Naïve CD8 T","PBMC_Early:Naïve CD8 T"
"HSC_MPP","Naïve CD8 T","ITGB2","CD226",0.179870353272044,"p<0.01","ITGB2_CD226","ITGB2 - CD226","ITGB2","Cell-Cell Contact","KEGG: hsa04514","HSC_MPP -> Naïve CD8 T (PBMC_Early)",0.00385047068646317,"HSC_MPP -> Naïve CD8 T","PBMC_Early:Naïve CD8 T"
"ILC2/3","Naïve CD8 T","ITGB2","CD226",0.217321006881175,"p<0.01","ITGB2_CD226","ITGB2 - CD226","ITGB2","Cell-Cell Contact","KEGG: hsa04514","ILC2/3 -> Naïve CD8 T (PBMC_Early)",0.0100368899809502,"ILC2/3 -> Naïve CD8 T","PBMC_Early:Naïve CD8 T"
"MEMP","Naïve CD8 T","ITGB2","CD226",0.169988992864034,"p<0.01","ITGB2_CD226","ITGB2 - CD226","ITGB2","Cell-Cell Contact","KEGG: hsa04514","MEMP -> Naïve CD8 T (PBMC_Early)",0.00278715522597311,"MEMP -> Naïve CD8 T","PBMC_Early:Naïve CD8 T"
"MEP","Naïve CD8 T","ITGB2","CD226",0.143997756269284,"p<0.01","ITGB2_CD226","ITGB2 - CD226","ITGB2","Cell-Cell Contact","KEGG: hsa04514","MEP -> Naïve CD8 T (PBMC_Early)",0.000963871423138247,"MEP -> Naïve CD8 T","PBMC_Early:Naïve CD8 T"
"Myeloid-CD177","Naïve CD8 T","ITGB2","CD226",0.221084909358366,"p<0.01","ITGB2_CD226","ITGB2 - CD226","ITGB2","Cell-Cell Contact","KEGG: hsa04514","Myeloid-CD177 -> Naïve CD8 T (PBMC_Early)",0.0108547874112569,"Myeloid-CD177 -> Naïve CD8 T","PBMC_Early:Naïve CD8 T"
"Naïve CD4 T","Naïve CD8 T","ITGB2","CD226",0.21086114665063,"p<0.01","ITGB2_CD226","ITGB2 - CD226","ITGB2","Cell-Cell Contact","KEGG: hsa04514","Naïve CD4 T -> Naïve CD8 T (PBMC_Early)",0.00871719841961523,"Naïve CD4 T -> Naïve CD8 T","PBMC_Early:Naïve CD8 T"
"Naïve CD8 T","Naïve CD8 T","ITGB2","CD226",0.205131340005148,"p<0.01","ITGB2_CD226","ITGB2 - CD226","ITGB2","Cell-Cell Contact","KEGG: hsa04514","Naïve CD8 T -> Naïve CD8 T (PBMC_Early)",0.00763566306351162,"Naïve CD8 T -> Naïve CD8 T","PBMC_Early:Naïve CD8 T"
"NK T","Naïve CD8 T","ITGB2","CD226",0.234427080246133,"p<0.01","ITGB2_CD226","ITGB2 - CD226","ITGB2","Cell-Cell Contact","KEGG: hsa04514","NK T -> Naïve CD8 T (PBMC_Early)",0.0140417704859473,"NK T -> Naïve CD8 T","PBMC_Early:Naïve CD8 T"
"pDC","Naïve CD8 T","ITGB2","CD226",0.19166749559194,"p<0.01","ITGB2_CD226","ITGB2 - CD226","ITGB2","Cell-Cell Contact","KEGG: hsa04514","pDC -> Naïve CD8 T (PBMC_Early)",0.00542157594991397,"pDC -> Naïve CD8 T","PBMC_Early:Naïve CD8 T"
"Tem","Naïve CD8 T","ITGB2","CD226",0.224197621117731,"p<0.01","ITGB2_CD226","ITGB2 - CD226","ITGB2","Cell-Cell Contact","KEGG: hsa04514","Tem -> Naïve CD8 T (PBMC_Early)",0.0115583099174689,"Tem -> Naïve CD8 T","PBMC_Early:Naïve CD8 T"
"Th17like_INNATE_T","Naïve CD8 T","ITGB2","CD226",0.23120945343639,"p<0.01","ITGB2_CD226","ITGB2 - CD226","ITGB2","Cell-Cell Contact","KEGG: hsa04514","Th17like_INNATE_T -> Naïve CD8 T (PBMC_Early)",0.0132324561355007,"Th17like_INNATE_T -> Naïve CD8 T","PBMC_Early:Naïve CD8 T"
"Treg","Naïve CD8 T","ITGB2","CD226",0.215126331128222,"p<0.01","ITGB2_CD226","ITGB2 - CD226","ITGB2","Cell-Cell Contact","KEGG: hsa04514","Treg -> Naïve CD8 T (PBMC_Early)",0.0095766116985072,"Treg -> Naïve CD8 T","PBMC_Early:Naïve CD8 T"
"CD14+PPBP+ Monocytes","Naïve CD8 T","ITGB2","ICAM2",0.246268392131728,"p<0.01","ITGB2_ICAM2","ITGB2 - ICAM2","ITGB2","Cell-Cell Contact","KEGG: hsa04514","CD14+PPBP+ Monocytes -> Naïve CD8 T (PBMC_Early)",0.0172384931265177,"CD14+PPBP+ Monocytes -> Naïve CD8 T","PBMC_Early:Naïve CD8 T"
"CD56highCD16low NK","Naïve CD8 T","ITGB2","ICAM2",0.239333929544901,"p<0.01","ITGB2_ICAM2","ITGB2 - ICAM2","ITGB2","Cell-Cell Contact","KEGG: hsa04514","CD56highCD16low NK -> Naïve CD8 T (PBMC_Early)",0.0153251107277129,"CD56highCD16low NK -> Naïve CD8 T","PBMC_Early:Naïve CD8 T"
"Classical Monocytes","Naïve CD8 T","ITGB2","ICAM2",0.263059516088133,"p<0.01","ITGB2_ICAM2","ITGB2 - ICAM2","ITGB2","Cell-Cell Contact","KEGG: hsa04514","Classical Monocytes -> Naïve CD8 T (PBMC_Early)",0.0223390029072756,"Classical Monocytes -> Naïve CD8 T","PBMC_Early:Naïve CD8 T"
"CX3CR1+ NK","Naïve CD8 T","ITGB2","ICAM2",0.271217853238643,"p<0.01","ITGB2_ICAM2","ITGB2 - ICAM2","ITGB2","Cell-Cell Contact","KEGG: hsa04514","CX3CR1+ NK -> Naïve CD8 T (PBMC_Early)",0.0250452043656138,"CX3CR1+ NK -> Naïve CD8 T","PBMC_Early:Naïve CD8 T"
"CXCR5+ Naïve B","Naïve CD8 T","ITGB2","ICAM2",0.172908018720116,"0.05<p<0.01","ITGB2_ICAM2","ITGB2 - ICAM2","ITGB2","Cell-Cell Contact","KEGG: hsa04514","CXCR5+ Naïve B -> Naïve CD8 T (PBMC_Early)",0.00307816459022244,"CXCR5+ Naïve B -> Naïve CD8 T","PBMC_Early:Naïve CD8 T"
"CXCR6+ NK","Naïve CD8 T","ITGB2","ICAM2",0.257424823247355,"p<0.01","ITGB2_ICAM2","ITGB2 - ICAM2","ITGB2","Cell-Cell Contact","KEGG: hsa04514","CXCR6+ NK -> Naïve CD8 T (PBMC_Early)",0.0205554481266353,"CXCR6+ NK -> Naïve CD8 T","PBMC_Early:Naïve CD8 T"
"DC2","Naïve CD8 T","ITGB2","ICAM2",0.261738251354057,"p<0.01","ITGB2_ICAM2","ITGB2 - ICAM2","ITGB2","Cell-Cell Contact","KEGG: hsa04514","DC2 -> Naïve CD8 T (PBMC_Early)",0.0219144106370817,"DC2 -> Naïve CD8 T","PBMC_Early:Naïve CD8 T"
"Gamma Delta V1 T","Naïve CD8 T","ITGB2","ICAM2",0.24872975784456,"p<0.01","ITGB2_ICAM2","ITGB2 - ICAM2","ITGB2","Cell-Cell Contact","KEGG: hsa04514","Gamma Delta V1 T -> Naïve CD8 T (PBMC_Early)",0.0179452886936115,"Gamma Delta V1 T -> Naïve CD8 T","PBMC_Early:Naïve CD8 T"
"Gamma Delta V2 T","Naïve CD8 T","ITGB2","ICAM2",0.250357837223119,"p<0.01","ITGB2_ICAM2","ITGB2 - ICAM2","ITGB2","Cell-Cell Contact","KEGG: hsa04514","Gamma Delta V2 T -> Naïve CD8 T (PBMC_Early)",0.0184206531921393,"Gamma Delta V2 T -> Naïve CD8 T","PBMC_Early:Naïve CD8 T"
"HSC_MPP","Naïve CD8 T","ITGB2","ICAM2",0.189492459904782,"p<0.01","ITGB2_ICAM2","ITGB2 - ICAM2","ITGB2","Cell-Cell Contact","KEGG: hsa04514","HSC_MPP -> Naïve CD8 T (PBMC_Early)",0.00510642956730868,"HSC_MPP -> Naïve CD8 T","PBMC_Early:Naïve CD8 T"
"ILC2/3","Naïve CD8 T","ITGB2","ICAM2",0.23141684630318,"p<0.01","ITGB2_ICAM2","ITGB2 - ICAM2","ITGB2","Cell-Cell Contact","KEGG: hsa04514","ILC2/3 -> Naïve CD8 T (PBMC_Early)",0.0132838457870559,"ILC2/3 -> Naïve CD8 T","PBMC_Early:Naïve CD8 T"
"MEMP","Naïve CD8 T","ITGB2","ICAM2",0.17856886003248,"p<0.01","ITGB2_ICAM2","ITGB2 - ICAM2","ITGB2","Cell-Cell Contact","KEGG: hsa04514","MEMP -> Naïve CD8 T (PBMC_Early)",0.0036975658635598,"MEMP -> Naïve CD8 T","PBMC_Early:Naïve CD8 T"
"Myeloid-CD177","Naïve CD8 T","ITGB2","ICAM2",0.235674806897674,"p<0.01","ITGB2_ICAM2","ITGB2 - ICAM2","ITGB2","Cell-Cell Contact","KEGG: hsa04514","Myeloid-CD177 -> Naïve CD8 T (PBMC_Early)",0.014362496095732,"Myeloid-CD177 -> Naïve CD8 T","PBMC_Early:Naïve CD8 T"
"Naïve CD4 T","Naïve CD8 T","ITGB2","ICAM2",0.224127573598551,"p<0.01","ITGB2_ICAM2","ITGB2 - ICAM2","ITGB2","Cell-Cell Contact","KEGG: hsa04514","Naïve CD4 T -> Naïve CD8 T (PBMC_Early)",0.0115422087215799,"Naïve CD4 T -> Naïve CD8 T","PBMC_Early:Naïve CD8 T"
"Naïve CD8 T","Naïve CD8 T","ITGB2","ICAM2",0.217681903924012,"p<0.01","ITGB2_ICAM2","ITGB2 - ICAM2","ITGB2","Cell-Cell Contact","KEGG: hsa04514","Naïve CD8 T -> Naïve CD8 T (PBMC_Early)",0.0101137527611147,"Naïve CD8 T -> Naïve CD8 T","PBMC_Early:Naïve CD8 T"
"NK T","Naïve CD8 T","ITGB2","ICAM2",0.250831175396453,"p<0.01","ITGB2_ICAM2","ITGB2 - ICAM2","ITGB2","Cell-Cell Contact","KEGG: hsa04514","NK T -> Naïve CD8 T (PBMC_Early)",0.0185600239408918,"NK T -> Naïve CD8 T","PBMC_Early:Naïve CD8 T"
"pDC","Naïve CD8 T","ITGB2","ICAM2",0.202610514559908,"p<0.01","ITGB2_ICAM2","ITGB2 - ICAM2","ITGB2","Cell-Cell Contact","KEGG: hsa04514","pDC -> Naïve CD8 T (PBMC_Early)",0.00718630599758789,"pDC -> Naïve CD8 T","PBMC_Early:Naïve CD8 T"
"Tem","Naïve CD8 T","ITGB2","ICAM2",0.239202043868166,"p<0.01","ITGB2_ICAM2","ITGB2 - ICAM2","ITGB2","Cell-Cell Contact","KEGG: hsa04514","Tem -> Naïve CD8 T (PBMC_Early)",0.0152898466973603,"Tem -> Naïve CD8 T","PBMC_Early:Naïve CD8 T"
"Th17like_INNATE_T","Naïve CD8 T","ITGB2","ICAM2",0.24716715624168,"p<0.01","ITGB2_ICAM2","ITGB2 - ICAM2","ITGB2","Cell-Cell Contact","KEGG: hsa04514","Th17like_INNATE_T -> Naïve CD8 T (PBMC_Early)",0.0174949154344428,"Th17like_INNATE_T -> Naïve CD8 T","PBMC_Early:Naïve CD8 T"
"Treg","Naïve CD8 T","ITGB2","ICAM2",0.228937748782155,"p<0.01","ITGB2_ICAM2","ITGB2 - ICAM2","ITGB2","Cell-Cell Contact","KEGG: hsa04514","Treg -> Naïve CD8 T (PBMC_Early)",0.0126765731681047,"Treg -> Naïve CD8 T","PBMC_Early:Naïve CD8 T"
"CD14+PPBP+ Monocytes","Naïve CD8 T","ITGB2","ICAM2",0.241530919396815,"p<0.01","ITGB2_ICAM2","ITGB2 - ICAM2","ITGB2","Cell-Cell Contact","KEGG: hsa04514","CD14+PPBP+ Monocytes -> Naïve CD8 T (PBMC_Late)",0.0159187651135588,"CD14+PPBP+ Monocytes -> Naïve CD8 T","PBMC_Late:Naïve CD8 T"
"Classical Monocytes","Naïve CD8 T","ITGB2","ICAM2",0.246439819071845,"p<0.01","ITGB2_ICAM2","ITGB2 - ICAM2","ITGB2","Cell-Cell Contact","KEGG: hsa04514","Classical Monocytes -> Naïve CD8 T (PBMC_Late)",0.0172872540945832,"Classical Monocytes -> Naïve CD8 T","PBMC_Late:Naïve CD8 T"
"CX3CR1+ NK","Naïve CD8 T","ITGB2","ICAM2",0.253752681857125,"p<0.01","ITGB2_ICAM2","ITGB2 - ICAM2","ITGB2","Cell-Cell Contact","KEGG: hsa04514","CX3CR1+ NK -> Naïve CD8 T (PBMC_Late)",0.0194317869905508,"CX3CR1+ NK -> Naïve CD8 T","PBMC_Late:Naïve CD8 T"
"CXCR6+ NK","Naïve CD8 T","ITGB2","ICAM2",0.244130785638957,"p<0.01","ITGB2_ICAM2","ITGB2 - ICAM2","ITGB2","Cell-Cell Contact","KEGG: hsa04514","CXCR6+ NK -> Naïve CD8 T (PBMC_Late)",0.0166363522437916,"CXCR6+ NK -> Naïve CD8 T","PBMC_Late:Naïve CD8 T"
"DC2","Naïve CD8 T","ITGB2","ICAM2",0.244064698892299,"p<0.01","ITGB2_ICAM2","ITGB2 - ICAM2","ITGB2","Cell-Cell Contact","KEGG: hsa04514","DC2 -> Naïve CD8 T (PBMC_Late)",0.0166179104085308,"DC2 -> Naïve CD8 T","PBMC_Late:Naïve CD8 T"
"Gamma Delta V1 T","Naïve CD8 T","ITGB2","ICAM2",0.22037771263988,"p<0.01","ITGB2_ICAM2","ITGB2 - ICAM2","ITGB2","Cell-Cell Contact","KEGG: hsa04514","Gamma Delta V1 T -> Naïve CD8 T (PBMC_Late)",0.0106983694091952,"Gamma Delta V1 T -> Naïve CD8 T","PBMC_Late:Naïve CD8 T"
"Gamma Delta V2 T","Naïve CD8 T","ITGB2","ICAM2",0.233670891201673,"p<0.01","ITGB2_ICAM2","ITGB2 - ICAM2","ITGB2","Cell-Cell Contact","KEGG: hsa04514","Gamma Delta V2 T -> Naïve CD8 T (PBMC_Late)",0.0138492638451841,"Gamma Delta V2 T -> Naïve CD8 T","PBMC_Late:Naïve CD8 T"
"ILC2/3","Naïve CD8 T","ITGB2","ICAM2",0.213105508956212,"p<0.01","ITGB2_ICAM2","ITGB2 - ICAM2","ITGB2","Cell-Cell Contact","KEGG: hsa04514","ILC2/3 -> Naïve CD8 T (PBMC_Late)",0.00916364495695418,"ILC2/3 -> Naïve CD8 T","PBMC_Late:Naïve CD8 T"
"Naïve CD4 T","Naïve CD8 T","ITGB2","ICAM2",0.206319359160703,"0.05<p<0.01","ITGB2_ICAM2","ITGB2 - ICAM2","ITGB2","Cell-Cell Contact","KEGG: hsa04514","Naïve CD4 T -> Naïve CD8 T (PBMC_Late)",0.00785303722037698,"Naïve CD4 T -> Naïve CD8 T","PBMC_Late:Naïve CD8 T"
"NK T","Naïve CD8 T","ITGB2","ICAM2",0.23666450366671,"p<0.01","ITGB2_ICAM2","ITGB2 - ICAM2","ITGB2","Cell-Cell Contact","KEGG: hsa04514","NK T -> Naïve CD8 T (PBMC_Late)",0.0146196212634905,"NK T -> Naïve CD8 T","PBMC_Late:Naïve CD8 T"
"Tem","Naïve CD8 T","ITGB2","ICAM2",0.226903606463706,"p<0.01","ITGB2_ICAM2","ITGB2 - ICAM2","ITGB2","Cell-Cell Contact","KEGG: hsa04514","Tem -> Naïve CD8 T (PBMC_Late)",0.0121897748699766,"Tem -> Naïve CD8 T","PBMC_Late:Naïve CD8 T"
"Th17like_INNATE_T","Naïve CD8 T","ITGB2","ICAM2",0.216271172347247,"p<0.01","ITGB2_ICAM2","ITGB2 - ICAM2","ITGB2","Cell-Cell Contact","KEGG: hsa04514","Th17like_INNATE_T -> Naïve CD8 T (PBMC_Late)",0.00981518352777771,"Th17like_INNATE_T -> Naïve CD8 T","PBMC_Late:Naïve CD8 T"
"Treg","Naïve CD8 T","ITGB2","ICAM2",0.207367680715517,"0.05<p<0.01","ITGB2_ICAM2","ITGB2 - ICAM2","ITGB2","Cell-Cell Contact","KEGG: hsa04514","Treg -> Naïve CD8 T (PBMC_Late)",0.00804783440368823,"Treg -> Naïve CD8 T","PBMC_Late:Naïve CD8 T"
"CX3CR1+ NK","Naïve CD8 T","LCK","CD8 receptor",0.425677827744571,"p<0.01","LCK_CD8A_CD8B1","LCK - (CD8A+CD8B1)","LCK","Cell-Cell Contact","PMID: 25427562","CX3CR1+ NK -> Naïve CD8 T (PBMC_Early)",0.0954460156487388,"CX3CR1+ NK -> Naïve CD8 T","PBMC_Early:Naïve CD8 T"
"CXCR6+ NK","Naïve CD8 T","LCK","CD8 receptor",0.420122583384017,"p<0.01","LCK_CD8A_CD8B1","LCK - (CD8A+CD8B1)","LCK","Cell-Cell Contact","PMID: 25427562","CXCR6+ NK -> Naïve CD8 T (PBMC_Early)",0.0925267333923123,"CXCR6+ NK -> Naïve CD8 T","PBMC_Early:Naïve CD8 T"
"Gamma Delta V1 T","Naïve CD8 T","LCK","CD8 receptor",0.502151508378157,"p<0.01","LCK_CD8A_CD8B1","LCK - (CD8A+CD8B1)","LCK","Cell-Cell Contact","PMID: 25427562","Gamma Delta V1 T -> Naïve CD8 T (PBMC_Early)",0.13649997606193,"Gamma Delta V1 T -> Naïve CD8 T","PBMC_Early:Naïve CD8 T"
"Gamma Delta V2 T","Naïve CD8 T","LCK","CD8 receptor",0.473043366267615,"p<0.01","LCK_CD8A_CD8B1","LCK - (CD8A+CD8B1)","LCK","Cell-Cell Contact","PMID: 25427562","Gamma Delta V2 T -> Naïve CD8 T (PBMC_Early)",0.120757474382286,"Gamma Delta V2 T -> Naïve CD8 T","PBMC_Early:Naïve CD8 T"
"ILC2/3","Naïve CD8 T","LCK","CD8 receptor",0.373076271704885,"p<0.01","LCK_CD8A_CD8B1","LCK - (CD8A+CD8B1)","LCK","Cell-Cell Contact","PMID: 25427562","ILC2/3 -> Naïve CD8 T (PBMC_Early)",0.0685345657843287,"ILC2/3 -> Naïve CD8 T","PBMC_Early:Naïve CD8 T"
"Naïve CD4 T","Naïve CD8 T","LCK","CD8 receptor",0.469870251672183,"p<0.01","LCK_CD8A_CD8B1","LCK - (CD8A+CD8B1)","LCK","Cell-Cell Contact","PMID: 25427562","Naïve CD4 T -> Naïve CD8 T (PBMC_Early)",0.119045786550803,"Naïve CD4 T -> Naïve CD8 T","PBMC_Early:Naïve CD8 T"
"Naïve CD8 T","Naïve CD8 T","LCK","CD8 receptor",0.4742247552775,"p<0.01","LCK_CD8A_CD8B1","LCK - (CD8A+CD8B1)","LCK","Cell-Cell Contact","PMID: 25427562","Naïve CD8 T -> Naïve CD8 T (PBMC_Early)",0.121395100121654,"Naïve CD8 T -> Naïve CD8 T","PBMC_Early:Naïve CD8 T"
"NK T","Naïve CD8 T","LCK","CD8 receptor",0.479564781032993,"p<0.01","LCK_CD8A_CD8B1","LCK - (CD8A+CD8B1)","LCK","Cell-Cell Contact","PMID: 25427562","NK T -> Naïve CD8 T (PBMC_Early)",0.124279276147758,"NK T -> Naïve CD8 T","PBMC_Early:Naïve CD8 T"
"Tem","Naïve CD8 T","LCK","CD8 receptor",0.477412522726723,"p<0.01","LCK_CD8A_CD8B1","LCK - (CD8A+CD8B1)","LCK","Cell-Cell Contact","PMID: 25427562","Tem -> Naïve CD8 T (PBMC_Early)",0.123116456623148,"Tem -> Naïve CD8 T","PBMC_Early:Naïve CD8 T"
"Th17like_INNATE_T","Naïve CD8 T","LCK","CD8 receptor",0.469978315992566,"p<0.01","LCK_CD8A_CD8B1","LCK - (CD8A+CD8B1)","LCK","Cell-Cell Contact","PMID: 25427562","Th17like_INNATE_T -> Naïve CD8 T (PBMC_Early)",0.119104056796816,"Th17like_INNATE_T -> Naïve CD8 T","PBMC_Early:Naïve CD8 T"
"Treg","Naïve CD8 T","LCK","CD8 receptor",0.473625777321821,"p<0.01","LCK_CD8A_CD8B1","LCK - (CD8A+CD8B1)","LCK","Cell-Cell Contact","PMID: 25427562","Treg -> Naïve CD8 T (PBMC_Early)",0.121071794330388,"Treg -> Naïve CD8 T","PBMC_Early:Naïve CD8 T"
"CX3CR1+ NK","Naïve CD8 T","LCK","CD8 receptor",0.390299195989039,"p<0.01","LCK_CD8A_CD8B1","LCK - (CD8A+CD8B1)","LCK","Cell-Cell Contact","PMID: 25427562","CX3CR1+ NK -> Naïve CD8 T (PBMC_Late)",0.0771397188003003,"CX3CR1+ NK -> Naïve CD8 T","PBMC_Late:Naïve CD8 T"
"CXCR6+ NK","Naïve CD8 T","LCK","CD8 receptor",0.347204974846409,"p<0.01","LCK_CD8A_CD8B1","LCK - (CD8A+CD8B1)","LCK","Cell-Cell Contact","PMID: 25427562","CXCR6+ NK -> Naïve CD8 T (PBMC_Late)",0.0561267325594375,"CXCR6+ NK -> Naïve CD8 T","PBMC_Late:Naïve CD8 T"
"Gamma Delta V1 T","Naïve CD8 T","LCK","CD8 receptor",0.457564261454225,"p<0.01","LCK_CD8A_CD8B1","LCK - (CD8A+CD8B1)","LCK","Cell-Cell Contact","PMID: 25427562","Gamma Delta V1 T -> Naïve CD8 T (PBMC_Late)",0.112423153397563,"Gamma Delta V1 T -> Naïve CD8 T","PBMC_Late:Naïve CD8 T"
"Gamma Delta V2 T","Naïve CD8 T","LCK","CD8 receptor",0.439247499416043,"p<0.01","LCK_CD8A_CD8B1","LCK - (CD8A+CD8B1)","LCK","Cell-Cell Contact","PMID: 25427562","Gamma Delta V2 T -> Naïve CD8 T (PBMC_Late)",0.102630428642142,"Gamma Delta V2 T -> Naïve CD8 T","PBMC_Late:Naïve CD8 T"
"ILC2/3","Naïve CD8 T","LCK","CD8 receptor",0.265513362183244,"p<0.01","LCK_CD8A_CD8B1","LCK - (CD8A+CD8B1)","LCK","Cell-Cell Contact","PMID: 25427562","ILC2/3 -> Naïve CD8 T (PBMC_Late)",0.0231377732444549,"ILC2/3 -> Naïve CD8 T","PBMC_Late:Naïve CD8 T"
"Naïve CD4 T","Naïve CD8 T","LCK","CD8 receptor",0.388049919006672,"p<0.01","LCK_CD8A_CD8B1","LCK - (CD8A+CD8B1)","LCK","Cell-Cell Contact","PMID: 25427562","Naïve CD4 T -> Naïve CD8 T (PBMC_Late)",0.0760025763843395,"Naïve CD4 T -> Naïve CD8 T","PBMC_Late:Naïve CD8 T"
"Naïve CD8 T","Naïve CD8 T","LCK","CD8 receptor",0.426208332600282,"p<0.01","LCK_CD8A_CD8B1","LCK - (CD8A+CD8B1)","LCK","Cell-Cell Contact","PMID: 25427562","Naïve CD8 T -> Naïve CD8 T (PBMC_Late)",0.095725514036863,"Naïve CD8 T -> Naïve CD8 T","PBMC_Late:Naïve CD8 T"
"NK T","Naïve CD8 T","LCK","CD8 receptor",0.442307960637733,"p<0.01","LCK_CD8A_CD8B1","LCK - (CD8A+CD8B1)","LCK","Cell-Cell Contact","PMID: 25427562","NK T -> Naïve CD8 T (PBMC_Late)",0.104259927643723,"NK T -> Naïve CD8 T","PBMC_Late:Naïve CD8 T"
"Tem","Naïve CD8 T","LCK","CD8 receptor",0.377038001541929,"p<0.01","LCK_CD8A_CD8B1","LCK - (CD8A+CD8B1)","LCK","Cell-Cell Contact","PMID: 25427562","Tem -> Naïve CD8 T (PBMC_Late)",0.0704922469712013,"Tem -> Naïve CD8 T","PBMC_Late:Naïve CD8 T"
"Th17like_INNATE_T","Naïve CD8 T","LCK","CD8 receptor",0.390044466691662,"p<0.01","LCK_CD8A_CD8B1","LCK - (CD8A+CD8B1)","LCK","Cell-Cell Contact","PMID: 25427562","Th17like_INNATE_T -> Naïve CD8 T (PBMC_Late)",0.0770107508270221,"Th17like_INNATE_T -> Naïve CD8 T","PBMC_Late:Naïve CD8 T"
"Treg","Naïve CD8 T","LCK","CD8 receptor",0.393852498898632,"p<0.01","LCK_CD8A_CD8B1","LCK - (CD8A+CD8B1)","LCK","Cell-Cell Contact","PMID: 25427562","Treg -> Naïve CD8 T (PBMC_Late)",0.078943600820991,"Treg -> Naïve CD8 T","PBMC_Late:Naïve CD8 T"
"CD14+PPBP+ Monocytes","Naïve CD8 T","SELPLG","SELL",0.259951147050608,"p<0.01","SELPLG_SELL","SELPLG - SELL","SELPLG","Cell-Cell Contact","PMC2431087; PMID:  8892633,PMID:  8896607","CD14+PPBP+ Monocytes -> Naïve CD8 T (PBMC_Early)",0.0213463042201685,"CD14+PPBP+ Monocytes -> Naïve CD8 T","PBMC_Early:Naïve CD8 T"
"Classical Monocytes","Naïve CD8 T","SELPLG","SELL",0.27660710589754,"p<0.01","SELPLG_SELL","SELPLG - SELL","SELPLG","Cell-Cell Contact","PMC2431087; PMID:  8892633,PMID:  8896607","Classical Monocytes -> Naïve CD8 T (PBMC_Early)",0.0269105703712919,"Classical Monocytes -> Naïve CD8 T","PBMC_Early:Naïve CD8 T"
"CX3CR1+ NK","Naïve CD8 T","SELPLG","SELL",0.433650902568966,"p<0.01","SELPLG_SELL","SELPLG - SELL","SELPLG","Cell-Cell Contact","PMC2431087; PMID:  8892633,PMID:  8896607","CX3CR1+ NK -> Naïve CD8 T (PBMC_Early)",0.0996588576099185,"CX3CR1+ NK -> Naïve CD8 T","PBMC_Early:Naïve CD8 T"
"DC2","Naïve CD8 T","SELPLG","SELL",0.344817653055345,"p<0.01","SELPLG_SELL","SELPLG - SELL","SELPLG","Cell-Cell Contact","PMC2431087; PMID:  8892633,PMID:  8896607","DC2 -> Naïve CD8 T (PBMC_Early)",0.05501862359699,"DC2 -> Naïve CD8 T","PBMC_Early:Naïve CD8 T"
"Gamma Delta V1 T","Naïve CD8 T","SELPLG","SELL",0.396638984313601,"p<0.01","SELPLG_SELL","SELPLG - SELL","SELPLG","Cell-Cell Contact","PMC2431087; PMID:  8892633,PMID:  8896607","Gamma Delta V1 T -> Naïve CD8 T (PBMC_Early)",0.0803643707916273,"Gamma Delta V1 T -> Naïve CD8 T","PBMC_Early:Naïve CD8 T"
"Gamma Delta V2 T","Naïve CD8 T","SELPLG","SELL",0.396275669851826,"p<0.01","SELPLG_SELL","SELPLG - SELL","SELPLG","Cell-Cell Contact","PMC2431087; PMID:  8892633,PMID:  8896607","Gamma Delta V2 T -> Naïve CD8 T (PBMC_Early)",0.0801788247927982,"Gamma Delta V2 T -> Naïve CD8 T","PBMC_Early:Naïve CD8 T"
"HSC_MPP","Naïve CD8 T","SELPLG","SELL",0.239521429380224,"p<0.01","SELPLG_SELL","SELPLG - SELL","SELPLG","Cell-Cell Contact","PMC2431087; PMID:  8892633,PMID:  8896607","HSC_MPP -> Naïve CD8 T (PBMC_Early)",0.0153753179623477,"HSC_MPP -> Naïve CD8 T","PBMC_Early:Naïve CD8 T"
"ILC2/3","Naïve CD8 T","SELPLG","SELL",0.383309701968676,"p<0.01","SELPLG_SELL","SELPLG - SELL","SELPLG","Cell-Cell Contact","PMC2431087; PMID:  8892633,PMID:  8896607","ILC2/3 -> Naïve CD8 T (PBMC_Early)",0.0736186800480906,"ILC2/3 -> Naïve CD8 T","PBMC_Early:Naïve CD8 T"
"MEMP","Naïve CD8 T","SELPLG","SELL",0.307486064705708,"p<0.01","SELPLG_SELL","SELPLG - SELL","SELPLG","Cell-Cell Contact","PMC2431087; PMID:  8892633,PMID:  8896607","MEMP -> Naïve CD8 T (PBMC_Early)",0.038689775891045,"MEMP -> Naïve CD8 T","PBMC_Early:Naïve CD8 T"
"MEP","Naïve CD8 T","SELPLG","SELL",0.239679524951991,"p<0.01","SELPLG_SELL","SELPLG - SELL","SELPLG","Cell-Cell Contact","PMC2431087; PMID:  8892633,PMID:  8896607","MEP -> Naïve CD8 T (PBMC_Early)",0.0154177180383642,"MEP -> Naïve CD8 T","PBMC_Early:Naïve CD8 T"
"Naïve CD4 T","Naïve CD8 T","SELPLG","SELL",0.400812293801693,"p<0.01","SELPLG_SELL","SELPLG - SELL","SELPLG","Cell-Cell Contact","PMC2431087; PMID:  8892633,PMID:  8896607","Naïve CD4 T -> Naïve CD8 T (PBMC_Early)",0.0825019415027173,"Naïve CD4 T -> Naïve CD8 T","PBMC_Early:Naïve CD8 T"
"Naïve CD8 T","Naïve CD8 T","SELPLG","SELL",0.399912037115694,"p<0.01","SELPLG_SELL","SELPLG - SELL","SELPLG","Cell-Cell Contact","PMC2431087; PMID:  8892633,PMID:  8896607","Naïve CD8 T -> Naïve CD8 T (PBMC_Early)",0.0820398733981439,"Naïve CD8 T -> Naïve CD8 T","PBMC_Early:Naïve CD8 T"
"NK T","Naïve CD8 T","SELPLG","SELL",0.418493245901628,"p<0.01","SELPLG_SELL","SELPLG - SELL","SELPLG","Cell-Cell Contact","PMC2431087; PMID:  8892633,PMID:  8896607","NK T -> Naïve CD8 T (PBMC_Early)",0.0916732343974943,"NK T -> Naïve CD8 T","PBMC_Early:Naïve CD8 T"
"pDC","Naïve CD8 T","SELPLG","SELL",0.481059972809836,"p<0.01","SELPLG_SELL","SELPLG - SELL","SELPLG","Cell-Cell Contact","PMC2431087; PMID:  8892633,PMID:  8896607","pDC -> Naïve CD8 T (PBMC_Early)",0.125087361491106,"pDC -> Naïve CD8 T","PBMC_Early:Naïve CD8 T"
"Tem","Naïve CD8 T","SELPLG","SELL",0.422568698849224,"p<0.01","SELPLG_SELL","SELPLG - SELL","SELPLG","Cell-Cell Contact","PMC2431087; PMID:  8892633,PMID:  8896607","Tem -> Naïve CD8 T (PBMC_Early)",0.0938104413750993,"Tem -> Naïve CD8 T","PBMC_Early:Naïve CD8 T"
"Th17like_INNATE_T","Naïve CD8 T","SELPLG","SELL",0.423980804461059,"p<0.01","SELPLG_SELL","SELPLG - SELL","SELPLG","Cell-Cell Contact","PMC2431087; PMID:  8892633,PMID:  8896607","Th17like_INNATE_T -> Naïve CD8 T (PBMC_Early)",0.0945527550614392,"Th17like_INNATE_T -> Naïve CD8 T","PBMC_Early:Naïve CD8 T"
"Treg","Naïve CD8 T","SELPLG","SELL",0.445813993743492,"p<0.01","SELPLG_SELL","SELPLG - SELL","SELPLG","Cell-Cell Contact","PMC2431087; PMID:  8892633,PMID:  8896607","Treg -> Naïve CD8 T (PBMC_Early)",0.1061302722417,"Treg -> Naïve CD8 T","PBMC_Early:Naïve CD8 T"
"CD14+PPBP+ Monocytes","Naïve CD8 T","SELPLG","SELL",0.33405522586427,"p<0.01","SELPLG_SELL","SELPLG - SELL","SELPLG","Cell-Cell Contact","PMC2431087; PMID:  8892633,PMID:  8896607","CD14+PPBP+ Monocytes -> Naïve CD8 T (PBMC_Late)",0.050110886088778,"CD14+PPBP+ Monocytes -> Naïve CD8 T","PBMC_Late:Naïve CD8 T"
"Classical Monocytes","Naïve CD8 T","SELPLG","SELL",0.27232350042275,"p<0.01","SELPLG_SELL","SELPLG - SELL","SELPLG","Cell-Cell Contact","PMC2431087; PMID:  8892633,PMID:  8896607","Classical Monocytes -> Naïve CD8 T (PBMC_Late)",0.0254229438940037,"Classical Monocytes -> Naïve CD8 T","PBMC_Late:Naïve CD8 T"
"CX3CR1+ NK","Naïve CD8 T","SELPLG","SELL",0.418417565621729,"p<0.01","SELPLG_SELL","SELPLG - SELL","SELPLG","Cell-Cell Contact","PMC2431087; PMID:  8892633,PMID:  8896607","CX3CR1+ NK -> Naïve CD8 T (PBMC_Late)",0.0916336218224737,"CX3CR1+ NK -> Naïve CD8 T","PBMC_Late:Naïve CD8 T"
"CXCR6+ NK","Naïve CD8 T","SELPLG","SELL",0.330932134789475,"p<0.01","SELPLG_SELL","SELPLG - SELL","SELPLG","Cell-Cell Contact","PMC2431087; PMID:  8892633,PMID:  8896607","CXCR6+ NK -> Naïve CD8 T (PBMC_Late)",0.0487150339193276,"CXCR6+ NK -> Naïve CD8 T","PBMC_Late:Naïve CD8 T"
"DC2","Naïve CD8 T","SELPLG","SELL",0.339669148515533,"p<0.01","SELPLG_SELL","SELPLG - SELL","SELPLG","Cell-Cell Contact","PMC2431087; PMID:  8892633,PMID:  8896607","DC2 -> Naïve CD8 T (PBMC_Late)",0.0526525138348525,"DC2 -> Naïve CD8 T","PBMC_Late:Naïve CD8 T"
"Gamma Delta V1 T","Naïve CD8 T","SELPLG","SELL",0.283163987765033,"p<0.01","SELPLG_SELL","SELPLG - SELL","SELPLG","Cell-Cell Contact","PMC2431087; PMID:  8892633,PMID:  8896607","Gamma Delta V1 T -> Naïve CD8 T (PBMC_Late)",0.0292603324580244,"Gamma Delta V1 T -> Naïve CD8 T","PBMC_Late:Naïve CD8 T"
"Gamma Delta V2 T","Naïve CD8 T","SELPLG","SELL",0.278681173457881,"p<0.01","SELPLG_SELL","SELPLG - SELL","SELPLG","Cell-Cell Contact","PMC2431087; PMID:  8892633,PMID:  8896607","Gamma Delta V2 T -> Naïve CD8 T (PBMC_Late)",0.0276444596442297,"Gamma Delta V2 T -> Naïve CD8 T","PBMC_Late:Naïve CD8 T"
"ILC2/3","Naïve CD8 T","SELPLG","SELL",0.29608412600309,"p<0.01","SELPLG_SELL","SELPLG - SELL","SELPLG","Cell-Cell Contact","PMC2431087; PMID:  8892633,PMID:  8896607","ILC2/3 -> Naïve CD8 T (PBMC_Late)",0.0341354623292945,"ILC2/3 -> Naïve CD8 T","PBMC_Late:Naïve CD8 T"
"Naïve CD4 T","Naïve CD8 T","SELPLG","SELL",0.285901164065157,"p<0.01","SELPLG_SELL","SELPLG - SELL","SELPLG","Cell-Cell Contact","PMC2431087; PMID:  8892633,PMID:  8896607","Naïve CD4 T -> Naïve CD8 T (PBMC_Late)",0.0302665469765852,"Naïve CD4 T -> Naïve CD8 T","PBMC_Late:Naïve CD8 T"
"Naïve CD8 T","Naïve CD8 T","SELPLG","SELL",0.369348573783218,"p<0.01","SELPLG_SELL","SELPLG - SELL","SELPLG","Cell-Cell Contact","PMC2431087; PMID:  8892633,PMID:  8896607","Naïve CD8 T -> Naïve CD8 T (PBMC_Late)",0.0667053910247245,"Naïve CD8 T -> Naïve CD8 T","PBMC_Late:Naïve CD8 T"
"NK T","Naïve CD8 T","SELPLG","SELL",0.288010701972108,"p<0.01","SELPLG_SELL","SELPLG - SELL","SELPLG","Cell-Cell Contact","PMC2431087; PMID:  8892633,PMID:  8896607","NK T -> Naïve CD8 T (PBMC_Late)",0.0310519645976066,"NK T -> Naïve CD8 T","PBMC_Late:Naïve CD8 T"
"pDC","Naïve CD8 T","SELPLG","SELL",0.466879113055222,"p<0.01","SELPLG_SELL","SELPLG - SELL","SELPLG","Cell-Cell Contact","PMC2431087; PMID:  8892633,PMID:  8896607","pDC -> Naïve CD8 T (PBMC_Late)",0.117433616897783,"pDC -> Naïve CD8 T","PBMC_Late:Naïve CD8 T"
"Tem","Naïve CD8 T","SELPLG","SELL",0.384665615351834,"p<0.01","SELPLG_SELL","SELPLG - SELL","SELPLG","Cell-Cell Contact","PMC2431087; PMID:  8892633,PMID:  8896607","Tem -> Naïve CD8 T (PBMC_Late)",0.074298799522021,"Tem -> Naïve CD8 T","PBMC_Late:Naïve CD8 T"
"Th17like_INNATE_T","Naïve CD8 T","SELPLG","SELL",0.382795605486231,"p<0.01","SELPLG_SELL","SELPLG - SELL","SELPLG","Cell-Cell Contact","PMC2431087; PMID:  8892633,PMID:  8896607","Th17like_INNATE_T -> Naïve CD8 T (PBMC_Late)",0.0733611930493089,"Th17like_INNATE_T -> Naïve CD8 T","PBMC_Late:Naïve CD8 T"
"Treg","Naïve CD8 T","SELPLG","SELL",0.374130257605819,"p<0.01","SELPLG_SELL","SELPLG - SELL","SELPLG","Cell-Cell Contact","PMC2431087; PMID:  8892633,PMID:  8896607","Treg -> Naïve CD8 T (PBMC_Late)",0.0690540409064302,"Treg -> Naïve CD8 T","PBMC_Late:Naïve CD8 T"
